# RedwoodSnag_1 -- generated by tools/bake-trees.mjs from @dgreenheck/ez-tree (MIT).
# Do not edit by hand: re-run the baker.
mtllib RedwoodSnag_1.mtl
o RedwoodSnag_1
v 3.9000 0.0000 0.0000
v 3.1552 0.0000 2.2924
v 1.2052 0.0000 3.7091
v -1.2052 0.0000 3.7091
v -3.1552 0.0000 2.2924
v -3.9000 0.0000 0.0000
v -3.1552 0.0000 -2.2924
v -1.2052 0.0000 -3.7091
v 1.2052 0.0000 -3.7091
v 3.1552 0.0000 -2.2924
v 3.9000 0.0000 0.0000
v 3.0588 2.5000 0.0000
v 2.4746 2.5000 1.7979
v 0.9452 2.5000 2.9091
v -0.9452 2.5000 2.9091
v -2.4746 2.5000 1.7979
v -3.0588 2.5000 0.0000
v -2.4746 2.5000 -1.7979
v -0.9452 2.5000 -2.9091
v 0.9452 2.5000 -2.9091
v 2.4746 2.5000 -1.7979
v 3.0588 2.5000 0.0000
v 2.5709 4.9989 0.0000
v 2.0799 4.9992 1.5111
v 0.7944 4.9998 2.4450
v -0.7944 5.0005 2.4449
v -2.0798 5.0010 1.5110
v -2.5707 5.0011 -0.0000
v -2.0798 5.0008 -1.5110
v -0.7944 5.0002 -2.4450
v 0.7944 4.9995 -2.4450
v 2.0799 4.9990 -1.5111
v 2.5709 4.9989 0.0000
v 2.4061 7.5017 -0.0001
v 1.9468 7.4994 1.4135
v 0.7443 7.4973 2.2872
v -0.7421 7.4963 2.2872
v -1.9446 7.4967 1.4135
v -2.4039 7.4983 -0.0001
v -1.9446 7.5006 -1.4138
v -0.7421 7.5027 -2.2874
v 0.7443 7.5037 -2.2874
v 1.9468 7.5033 -1.4137
v 2.4061 7.5017 -0.0001
v 2.3394 10.0000 0.0034
v 1.8925 10.0000 1.3788
v 0.7225 10.0000 2.2289
v -0.7237 10.0000 2.2289
v -1.8937 10.0000 1.3788
v -2.3406 10.0000 0.0034
v -1.8937 10.0000 -1.3720
v -0.7237 10.0000 -2.2221
v 0.7225 10.0000 -2.2221
v 1.8925 10.0000 -1.3720
v 2.3394 10.0000 0.0034
v 2.2744 12.5014 0.0034
v 1.8399 12.5005 1.3406
v 0.7024 12.4994 2.1670
v -0.7036 12.4985 2.1670
v -1.8411 12.4982 1.3406
v -2.2756 12.4986 0.0034
v -1.8411 12.4995 -1.3338
v -0.7036 12.5006 -2.1603
v 0.7024 12.5015 -2.1603
v 1.8399 12.5018 -1.3338
v 2.2744 12.5014 0.0034
v 2.2079 15.0032 0.0046
v 1.7858 15.0041 1.3036
v 0.6808 15.0034 2.1064
v -0.6850 15.0014 2.1064
v -1.7900 14.9989 1.3036
v -2.2121 14.9968 0.0046
v -1.7900 14.9959 -1.2944
v -0.6850 14.9966 -2.0972
v 0.6808 14.9986 -2.0972
v 1.7858 15.0011 -1.2944
v 2.2079 15.0032 0.0046
v 2.1393 17.5019 0.0017
v 1.7296 17.5031 1.2625
v 0.6571 17.5032 2.0417
v -0.6686 17.5020 2.0417
v -1.7411 17.5000 1.2625
v -2.1507 17.4981 0.0017
v -1.7411 17.4968 -1.2591
v -0.6686 17.4968 -2.0383
v 0.6571 17.4980 -2.0383
v 1.7296 17.4999 -1.2591
v 2.1393 17.5019 0.0017
v 2.0720 19.9998 -0.0014
v 1.6748 20.0004 1.2211
v 0.6348 20.0008 1.9768
v -0.6507 20.0010 1.9768
v -1.6907 20.0007 1.2211
v -2.0880 20.0002 -0.0014
v -1.6907 19.9996 -1.2240
v -0.6507 19.9992 -1.9796
v 0.6348 19.9990 -1.9796
v 1.6748 19.9992 -1.2240
v 2.0720 19.9998 -0.0014
v 2.0073 22.5014 -0.0026
v 1.6225 22.5016 1.1818
v 0.6150 22.5012 1.9138
v -0.6303 22.5003 1.9138
v -1.6378 22.4993 1.1818
v -2.0227 22.4986 -0.0026
v -1.6379 22.4984 -1.1870
v -0.6304 22.4988 -1.9190
v 0.6150 22.4997 -1.9190
v 1.6225 22.5007 -1.1870
v 2.0073 22.5014 -0.0026
v 1.9406 25.0000 -0.0036
v 1.5682 25.0000 1.1426
v 0.5932 25.0000 1.8510
v -0.6120 25.0000 1.8510
v -1.5870 25.0000 1.1426
v -1.9594 25.0000 -0.0036
v -1.5870 25.0000 -1.1497
v -0.6120 25.0000 -1.8581
v 0.5932 25.0000 -1.8581
v 1.5682 25.0000 -1.1497
v 1.9406 25.0000 -0.0036
v 1.8756 27.4987 -0.0036
v 1.5156 27.5000 1.1044
v 0.5731 27.5012 1.7892
v -0.5919 27.5020 1.7892
v -1.5344 27.5020 1.1044
v -1.8944 27.5013 -0.0036
v -1.5344 27.5000 -1.1115
v -0.5919 27.4987 -1.7963
v 0.5731 27.4979 -1.7963
v 1.5156 27.4979 -1.1115
v 1.8756 27.4987 -0.0036
v 1.8123 30.0000 -0.0059
v 1.4647 30.0000 1.0639
v 0.5547 30.0000 1.7251
v -0.5701 30.0000 1.7251
v -1.4801 30.0000 1.0639
v -1.8277 30.0000 -0.0059
v -1.4801 30.0000 -1.0756
v -0.5701 30.0000 -1.7368
v 0.5547 30.0000 -1.7368
v 1.4647 30.0000 -1.0756
v 1.8123 30.0000 -0.0059
v 1.7473 32.5008 -0.0059
v 1.4121 32.5008 1.0257
v 0.5346 32.5006 1.6632
v -0.5500 32.5001 1.6632
v -1.4275 32.4996 1.0257
v -1.7627 32.4992 -0.0059
v -1.4275 32.4991 -1.0374
v -0.5500 32.4994 -1.6750
v 0.5346 32.4998 -1.6750
v 1.4121 32.5004 -1.0374
v 1.7473 32.5008 -0.0059
v 1.6812 35.0000 -0.0064
v 1.3584 35.0000 0.9869
v 0.5134 35.0000 1.6009
v -0.5311 35.0000 1.6009
v -1.3761 35.0000 0.9869
v -1.6988 35.0000 -0.0064
v -1.3761 35.0000 -0.9998
v -0.5311 35.0000 -1.6137
v 0.5134 35.0000 -1.6137
v 1.3584 35.0000 -0.9998
v 1.6812 35.0000 -0.0064
v 1.6162 37.4982 -0.0064
v 1.3058 37.4975 0.9487
v 0.4933 37.4977 1.5390
v -0.5110 37.4988 1.5390
v -1.3235 37.5004 0.9487
v -1.6338 37.5018 -0.0064
v -1.3235 37.5025 -0.9616
v -0.5110 37.5023 -1.5519
v 0.4933 37.5012 -1.5519
v 1.3058 37.4996 -0.9616
v 1.6162 37.4982 -0.0064
v 1.5539 40.0010 -0.0036
v 1.2560 39.9999 0.9133
v 0.4760 39.9989 1.4800
v -0.4881 39.9982 1.4800
v -1.2681 39.9983 0.9133
v -1.5661 39.9990 -0.0036
v -1.2681 40.0000 -0.9206
v -0.4881 40.0011 -1.4873
v 0.4760 40.0017 -1.4873
v 1.2560 40.0017 -0.9206
v 1.5539 40.0010 -0.0036
v 1.4873 42.5000 -0.0012
v 1.2018 42.5000 0.8775
v 0.4543 42.5000 1.4206
v -0.4697 42.5000 1.4206
v -1.2172 42.5000 0.8775
v -1.5027 42.5000 -0.0012
v -1.2172 42.5000 -0.8799
v -0.4697 42.5000 -1.4230
v 0.4543 42.5000 -1.4230
v 1.2018 42.5000 -0.8799
v 1.4873 42.5000 -0.0012
v 1.4223 45.0000 -0.0012
v 1.1492 45.0000 0.8393
v 0.4342 45.0000 1.3588
v -0.4496 45.0000 1.3588
v -1.1646 45.0000 0.8393
v -1.4377 45.0000 -0.0012
v -1.1646 45.0000 -0.8417
v -0.4496 45.0000 -1.3612
v 0.4342 45.0000 -1.3612
v 1.1492 45.0000 -0.8417
v 1.4223 45.0000 -0.0012
v 1.3573 47.5000 -0.0012
v 1.0966 47.5000 0.8011
v 0.4141 47.5000 1.2970
v -0.4295 47.5000 1.2970
v -1.1120 47.5000 0.8011
v -1.3727 47.5000 -0.0012
v -1.1120 47.5000 -0.8035
v -0.4295 47.5000 -1.2994
v 0.4141 47.5000 -1.2994
v 1.0966 47.5000 -0.8035
v 1.3573 47.5000 -0.0012
v 1.2923 50.0000 -0.0012
v 1.0440 50.0000 0.7629
v 0.3940 50.0000 1.2352
v -0.4094 50.0000 1.2352
v -1.0594 50.0000 0.7629
v -1.3077 50.0000 -0.0012
v -1.0594 50.0000 -0.7653
v -0.4094 50.0000 -1.2376
v 0.3940 50.0000 -1.2376
v 1.0440 50.0000 -0.7653
v 1.2923 50.0000 -0.0012
v 1.2273 52.5000 -0.0012
v 0.9914 52.5000 0.7247
v 0.3739 52.5000 1.1734
v -0.3893 52.5000 1.1734
v -1.0068 52.5000 0.7247
v -1.2427 52.5000 -0.0012
v -1.0068 52.5000 -0.7271
v -0.3893 52.5000 -1.1758
v 0.3739 52.5000 -1.1758
v 0.9914 52.5000 -0.7271
v 1.2273 52.5000 -0.0012
v 1.1623 55.0000 -0.0012
v 0.9389 55.0000 0.6865
v 0.3539 55.0000 1.1115
v -0.3692 55.0000 1.1115
v -0.9542 55.0000 0.6865
v -1.1777 55.0000 -0.0012
v -0.9542 55.0000 -0.6889
v -0.3692 55.0000 -1.1139
v 0.3539 55.0000 -1.1139
v 0.9389 55.0000 -0.6889
v 1.1623 55.0000 -0.0012
v 1.0973 57.5000 -0.0012
v 0.8863 57.5000 0.6483
v 0.3338 57.5000 1.0497
v -0.3492 57.5000 1.0497
v -0.9017 57.5000 0.6483
v -1.1127 57.5000 -0.0012
v -0.9017 57.5000 -0.6507
v -0.3492 57.5000 -1.0521
v 0.3338 57.5000 -1.0521
v 0.8863 57.5000 -0.6507
v 1.0973 57.5000 -0.0012
v 1.0323 60.0000 -0.0012
v 0.8337 60.0000 0.6101
v 0.3137 60.0000 0.9879
v -0.3291 60.0000 0.9879
v -0.8491 60.0000 0.6101
v -1.0477 60.0000 -0.0012
v -0.8491 60.0000 -0.6125
v -0.3291 60.0000 -0.9903
v 0.3137 60.0000 -0.9903
v 0.8337 60.0000 -0.6125
v 1.0323 60.0000 -0.0012
v 0.9673 62.5000 -0.0012
v 0.7811 62.5000 0.5719
v 0.2936 62.5000 0.9261
v -0.3090 62.5000 0.9261
v -0.7965 62.5000 0.5719
v -0.9827 62.5000 -0.0012
v -0.7965 62.5000 -0.5743
v -0.3090 62.5000 -0.9285
v 0.2936 62.5000 -0.9285
v 0.7811 62.5000 -0.5743
v 0.9673 62.5000 -0.0012
v 0.9023 65.0000 -0.0012
v 0.7285 65.0000 0.5337
v 0.2735 65.0000 0.8643
v -0.2889 65.0000 0.8643
v -0.7439 65.0000 0.5337
v -0.9177 65.0000 -0.0012
v -0.7439 65.0000 -0.5361
v -0.2889 65.0000 -0.8667
v 0.2735 65.0000 -0.8667
v 0.7285 65.0000 -0.5361
v 0.9023 65.0000 -0.0012
v 0.8373 67.5000 -0.0012
v 0.6759 67.5000 0.4955
v 0.2534 67.5000 0.8024
v -0.2688 67.5000 0.8024
v -0.6913 67.5000 0.4955
v -0.8527 67.5000 -0.0012
v -0.6913 67.5000 -0.4979
v -0.2688 67.5000 -0.8048
v 0.2534 67.5000 -0.8048
v 0.6759 67.5000 -0.4979
v 0.8373 67.5000 -0.0012
v 0.7723 70.0000 -0.0012
v 0.6233 70.0000 0.4573
v 0.2333 70.0000 0.7406
v -0.2487 70.0000 0.7406
v -0.6387 70.0000 0.4573
v -0.7877 70.0000 -0.0012
v -0.6387 70.0000 -0.4597
v -0.2487 70.0000 -0.7430
v 0.2333 70.0000 -0.7430
v 0.6233 70.0000 -0.4597
v 0.7723 70.0000 -0.0012
v 0.7073 72.5000 -0.0012
v 0.5708 72.5000 0.4191
v 0.2133 72.5000 0.6788
v -0.2286 72.5000 0.6788
v -0.5861 72.5000 0.4191
v -0.7227 72.5000 -0.0012
v -0.5861 72.5000 -0.4215
v -0.2286 72.5000 -0.6812
v 0.2133 72.5000 -0.6812
v 0.5708 72.5000 -0.4215
v 0.7073 72.5000 -0.0012
v 0.6423 75.0000 -0.0012
v 0.5182 75.0000 0.3809
v 0.1932 75.0000 0.6170
v -0.2086 75.0000 0.6170
v -0.5336 75.0000 0.3809
v -0.6577 75.0000 -0.0012
v -0.5336 75.0000 -0.3833
v -0.2086 75.0000 -0.6194
v 0.1932 75.0000 -0.6194
v 0.5182 75.0000 -0.3833
v 0.6423 75.0000 -0.0012
v 0.5773 77.5000 -0.0012
v 0.4656 77.5000 0.3427
v 0.1731 77.5000 0.5552
v -0.1885 77.5000 0.5552
v -0.4810 77.5000 0.3427
v -0.5927 77.5000 -0.0012
v -0.4810 77.5000 -0.3451
v -0.1885 77.5000 -0.5576
v 0.1731 77.5000 -0.5576
v 0.4656 77.5000 -0.3451
v 0.5773 77.5000 -0.0012
v 0.5123 80.0000 -0.0012
v 0.4130 80.0000 0.3044
v 0.1530 80.0000 0.4933
v -0.1684 80.0000 0.4933
v -0.4284 80.0000 0.3044
v -0.5277 80.0000 -0.0012
v -0.4284 80.0000 -0.3069
v -0.1684 80.0000 -0.4958
v 0.1530 80.0000 -0.4958
v 0.4130 80.0000 -0.3069
v 0.5123 80.0000 -0.0012
v 0.4473 82.5000 -0.0012
v 0.3604 82.5000 0.2662
v 0.1329 82.5000 0.4315
v -0.1483 82.5000 0.4315
v -0.3758 82.5000 0.2662
v -0.4627 82.5000 -0.0012
v -0.3758 82.5000 -0.2686
v -0.1483 82.5000 -0.4339
v 0.1329 82.5000 -0.4339
v 0.3604 82.5000 -0.2686
v 0.4473 82.5000 -0.0012
v 0.3823 85.0000 -0.0012
v 0.3078 85.0000 0.2280
v 0.1128 85.0000 0.3697
v -0.1282 85.0000 0.3697
v -0.3232 85.0000 0.2280
v -0.3977 85.0000 -0.0012
v -0.3232 85.0000 -0.2304
v -0.1282 85.0000 -0.3721
v 0.1128 85.0000 -0.3721
v 0.3078 85.0000 -0.2304
v 0.3823 85.0000 -0.0012
v 0.3173 87.5000 -0.0012
v 0.2552 87.5000 0.1898
v 0.0927 87.5000 0.3079
v -0.1081 87.5000 0.3079
v -0.2706 87.5000 0.1898
v -0.3327 87.5000 -0.0012
v -0.2706 87.5000 -0.1922
v -0.1081 87.5000 -0.3103
v 0.0927 87.5000 -0.3103
v 0.2552 87.5000 -0.1922
v 0.3173 87.5000 -0.0012
v 0.2523 90.0000 -0.0012
v 0.2027 90.0000 0.1516
v 0.0727 90.0000 0.2461
v -0.0880 90.0000 0.2461
v -0.2180 90.0000 0.1516
v -0.2677 90.0000 -0.0012
v -0.2180 90.0000 -0.1540
v -0.0880 90.0000 -0.2485
v 0.0727 90.0000 -0.2485
v 0.2027 90.0000 -0.1540
v 0.2523 90.0000 -0.0012
v 0.1873 92.5000 -0.0012
v 0.1501 92.5000 0.1134
v 0.0526 92.5000 0.1843
v -0.0680 92.5000 0.1843
v -0.1655 92.5000 0.1134
v -0.2027 92.5000 -0.0012
v -0.1655 92.5000 -0.1158
v -0.0680 92.5000 -0.1867
v 0.0526 92.5000 -0.1867
v 0.1501 92.5000 -0.1158
v 0.1873 92.5000 -0.0012
v 0.1223 95.0000 -0.0012
v 0.0975 95.0000 0.0752
v 0.0325 95.0000 0.1224
v -0.0479 95.0000 0.1224
v -0.1129 95.0000 0.0752
v -0.1377 95.0000 -0.0012
v -0.1129 95.0000 -0.0776
v -0.0479 95.0000 -0.1248
v 0.0325 95.0000 -0.1248
v 0.0975 95.0000 -0.0776
v 0.1223 95.0000 -0.0012
v 0.0573 97.5000 -0.0012
v 0.0449 97.5000 0.0370
v 0.0124 97.5000 0.0606
v -0.0278 97.5000 0.0606
v -0.0603 97.5000 0.0370
v -0.0727 97.5000 -0.0012
v -0.0603 97.5000 -0.0394
v -0.0278 97.5000 -0.0630
v 0.0124 97.5000 -0.0630
v 0.0449 97.5000 -0.0394
v 0.0573 97.5000 -0.0012
v -0.0077 100.0000 -0.0012
v -0.0077 100.0000 -0.0012
v -0.0077 100.0000 -0.0012
v -0.0077 100.0000 -0.0012
v -0.0077 100.0000 -0.0012
v -0.0077 100.0000 -0.0012
v -0.0077 100.0000 -0.0012
v -0.0077 100.0000 -0.0012
v -0.0077 100.0000 -0.0012
v -0.0077 100.0000 -0.0012
v -0.0077 100.0000 -0.0012
v -0.3473 73.6074 -0.0503
v -0.1078 73.2829 -0.0501
v 0.2700 73.4068 0.0176
v 0.2640 73.8080 0.0594
v -0.1175 73.9319 0.0174
v -0.3473 73.6074 -0.0503
v -0.1898 73.6169 -0.6369
v -0.0039 73.3898 -0.4731
v 0.2806 73.5397 -0.3751
v 0.2704 73.8594 -0.4784
v -0.0203 73.9071 -0.6402
v -0.1898 73.6169 -0.6369
v 0.1200 73.5074 -1.1186
v 0.2537 73.3012 -1.0093
v 0.4477 73.4018 -0.8526
v 0.4339 73.6700 -0.8650
v 0.2313 73.7353 -1.0294
v 0.1200 73.5074 -1.1186
v 0.6075 73.5002 -1.5540
v 0.6348 73.3531 -1.4187
v 0.6549 73.4384 -1.2371
v 0.6400 73.6382 -1.2600
v 0.6108 73.6764 -1.4559
v 0.6075 73.5002 -1.5540
v 1.1946 73.6294 -1.5293
v 1.1760 73.4988 -1.5555
v 1.1237 73.4415 -1.4458
v 1.1100 73.5365 -1.3517
v 1.1539 73.6527 -1.4033
v 1.1946 73.6294 -1.5293
v 1.6668 73.4961 -1.2786
v 1.6544 73.4596 -1.3336
v 1.6191 73.4054 -1.3152
v 1.6097 73.4084 -1.2487
v 1.6391 73.4645 -1.2261
v 1.6668 73.4961 -1.2786
v 2.0870 73.1801 -1.2046
v 2.0870 73.1801 -1.2046
v 2.0870 73.1801 -1.2046
v 2.0870 73.1801 -1.2046
v 2.0870 73.1801 -1.2046
v 2.0870 73.1801 -1.2046
v -0.1741 85.9299 0.0747
v -0.0667 85.7569 0.0057
v 0.1223 85.8230 -0.0728
v 0.1316 86.0368 -0.0524
v -0.0516 86.1029 0.0388
v -0.1741 85.9299 0.0747
v -0.2755 85.9643 -0.2425
v -0.1837 85.8755 -0.3682
v -0.0091 85.9025 -0.3386
v 0.0071 86.0080 -0.1946
v -0.1576 86.0461 -0.1352
v -0.2755 85.9643 -0.2425
v -0.2472 86.2229 -0.4173
v -0.1839 86.1556 -0.5269
v -0.0473 86.1312 -0.4908
v -0.0262 86.1834 -0.3590
v -0.1497 86.2401 -0.3136
v -0.2472 86.2229 -0.4173
v -0.0984 86.4637 -0.6082
v -0.0781 86.3614 -0.5819
v -0.0292 86.3608 -0.4862
v -0.0192 86.4626 -0.4533
v -0.0619 86.5263 -0.5287
v -0.0984 86.4637 -0.6082
v 0.1731 86.4317 -0.7135
v 0.1844 86.3914 -0.6553
v 0.2074 86.4344 -0.6027
v 0.2102 86.5012 -0.6284
v 0.1890 86.4996 -0.6969
v 0.1731 86.4317 -0.7135
v 0.4337 86.3952 -0.7513
v 0.4513 86.3870 -0.7212
v 0.4792 86.4093 -0.7182
v 0.4789 86.4313 -0.7465
v 0.4508 86.4226 -0.7670
v 0.4337 86.3952 -0.7513
v 0.6190 86.2272 -0.8838
v 0.6190 86.2272 -0.8838
v 0.6190 86.2272 -0.8838
v 0.6190 86.2272 -0.8838
v 0.6190 86.2272 -0.8838
v 0.6190 86.2272 -0.8838
v -0.3264 54.7029 0.4940
v -0.1554 54.1459 0.1201
v 0.2197 54.3587 -0.4214
v 0.2806 55.0471 -0.3822
v -0.0570 55.2599 0.1835
v -0.3264 54.7029 0.4940
v -1.0378 54.9190 -0.0992
v -0.8946 54.3836 -0.2593
v -0.5728 54.4203 -0.7366
v -0.5170 54.9784 -0.8715
v -0.8044 55.2866 -0.4776
v -1.0378 54.9190 -0.0992
v -1.8386 54.8999 -0.8362
v -1.6533 54.4886 -0.7392
v -1.2750 54.4378 -0.9986
v -1.2266 54.8178 -1.2560
v -1.5749 55.1034 -1.1557
v -1.8386 54.8999 -0.8362
v -2.2668 54.4438 -1.5209
v -2.1245 54.1283 -1.5255
v -1.8282 54.1471 -1.7035
v -1.7874 54.4743 -1.8089
v -2.0584 54.6576 -1.6961
v -2.2668 54.4438 -1.5209
v -2.6378 54.2091 -2.3374
v -2.5409 54.0042 -2.3809
v -2.3324 54.0420 -2.4722
v -2.3004 54.2701 -2.4852
v -2.4892 54.3734 -2.4019
v -2.6378 54.2091 -2.3374
v -2.9197 54.2058 -3.2466
v -2.8680 54.1334 -3.1732
v -2.7556 54.1306 -3.1992
v -2.7379 54.2011 -3.2887
v -2.8394 54.2476 -3.3180
v -2.9197 54.2058 -3.2466
v -2.9741 53.4967 -3.8163
v -2.9741 53.4967 -3.8163
v -2.9741 53.4967 -3.8163
v -2.9741 53.4967 -3.8163
v -2.9741 53.4967 -3.8163
v -2.9741 53.4967 -3.8163
v -0.0079 76.5585 0.3035
v -0.0381 76.2703 0.0929
v -0.0262 76.3804 -0.2478
v 0.0112 76.7367 -0.2477
v 0.0225 76.8468 0.0930
v -0.0079 76.5585 0.3035
v -0.3657 76.7463 0.1816
v -0.4679 76.4672 0.2100
v -0.5784 76.3821 -0.0539
v -0.5446 76.6085 -0.2455
v -0.4132 76.8336 -0.0999
v -0.3657 76.7463 0.1816
v -0.7202 76.8742 0.1485
v -0.8617 76.7888 0.3209
v -1.0489 76.6829 0.2171
v -1.0231 76.7028 -0.0195
v -0.8200 76.8211 -0.0619
v -0.7202 76.8742 0.1485
v -1.0949 77.2784 0.2407
v -1.1362 77.1055 0.2625
v -1.1679 77.0354 0.1007
v -1.1462 77.1649 -0.0210
v -1.1010 77.3151 0.0655
v -1.0949 77.2784 0.2407
v -1.5287 77.3350 0.2448
v -1.5792 77.2268 0.2461
v -1.6342 77.2104 0.1413
v -1.6176 77.3085 0.0753
v -1.5524 77.3855 0.1392
v -1.5287 77.3350 0.2448
v -1.9536 77.4748 0.3921
v -1.9769 77.4299 0.3604
v -1.9976 77.4524 0.3091
v -1.9871 77.5112 0.3091
v -1.9599 77.5250 0.3604
v -1.9536 77.4748 0.3921
v -2.3919 77.5535 0.5472
v -2.3919 77.5535 0.5472
v -2.3919 77.5535 0.5472
v -2.3919 77.5535 0.5472
v -2.3919 77.5535 0.5472
v -2.3919 77.5535 0.5472
v 0.1855 72.4849 0.2998
v 0.0221 72.1466 0.1110
v -0.1825 72.2758 -0.2329
v -0.1455 72.6940 -0.2566
v 0.0819 72.8232 0.0726
v 0.1855 72.4849 0.2998
v -0.4507 72.6324 0.5780
v -0.4912 72.3019 0.4689
v -0.5001 72.3037 0.1186
v -0.4651 72.6354 0.0112
v -0.4345 72.8386 0.2951
v -0.4507 72.6324 0.5780
v -0.9025 72.7627 0.4474
v -1.0043 72.5146 0.5291
v -1.1208 72.3910 0.3061
v -1.0909 72.5627 0.0865
v -0.9560 72.7924 0.1738
v -0.9025 72.7627 0.4474
v -1.3998 72.9191 0.5577
v -1.4867 72.7278 0.5659
v -1.5874 72.6944 0.3843
v -1.5627 72.8650 0.2640
v -1.4467 73.0039 0.3711
v -1.3998 72.9191 0.5577
v -1.8532 73.1204 0.6565
v -1.9357 73.0733 0.7595
v -2.0444 73.0070 0.7011
v -2.0291 73.0130 0.5619
v -1.9109 73.0832 0.5343
v -1.8532 73.1204 0.6565
v -2.2223 73.5878 0.6447
v -2.2389 73.5383 0.6914
v -2.2533 73.4793 0.6563
v -2.2455 73.4924 0.5879
v -2.2263 73.5595 0.5807
v -2.2223 73.5878 0.6447
v -2.7663 73.6795 0.6002
v -2.7663 73.6795 0.6002
v -2.7663 73.6795 0.6002
v -2.7663 73.6795 0.6002
v -2.7663 73.6795 0.6002
v -2.7663 73.6795 0.6002
v 0.0190 97.7380 0.0110
v -0.0006 97.7102 0.0052
v -0.0301 97.7209 -0.0095
v -0.0286 97.7552 -0.0127
v 0.0018 97.7659 -0.0001
v 0.0190 97.7380 0.0110
v -0.0461 97.7314 0.0306
v -0.0268 97.7466 0.0155
v -0.0070 97.7565 0.0339
v -0.0140 97.7474 0.0603
v -0.0382 97.7319 0.0582
v -0.0461 97.7314 0.0306
v -0.0318 97.7760 0.0458
v -0.0410 97.7971 0.0458
v -0.0639 97.7949 0.0461
v -0.0689 97.7724 0.0463
v -0.0491 97.7607 0.0461
v -0.0318 97.7760 0.0458
v -0.0375 97.7841 0.0009
v -0.0464 97.7780 0.0144
v -0.0625 97.7746 0.0091
v -0.0636 97.7787 -0.0077
v -0.0481 97.7846 -0.0127
v -0.0375 97.7841 0.0009
v -0.0654 97.8182 0.0208
v -0.0670 97.8292 0.0179
v -0.0646 97.8303 0.0067
v -0.0615 97.8200 0.0026
v -0.0620 97.8125 0.0113
v -0.0654 97.8182 0.0208
v -0.0161 97.8313 0.0222
v -0.0197 97.8309 0.0267
v -0.0250 97.8307 0.0247
v -0.0248 97.8311 0.0190
v -0.0192 97.8315 0.0174
v -0.0161 97.8313 0.0222
v -0.0231 97.8762 0.0246
v -0.0231 97.8762 0.0246
v -0.0231 97.8762 0.0246
v -0.0231 97.8762 0.0246
v -0.0231 97.8762 0.0246
v -0.0231 97.8762 0.0246
v 0.1913 84.5363 -0.0297
v 0.0566 84.3462 0.0098
v -0.1669 84.4188 0.0341
v -0.1704 84.6538 0.0096
v 0.0510 84.7265 -0.0298
v 0.1913 84.5363 -0.0297
v 0.2018 84.5745 0.2813
v 0.0899 84.4125 0.2759
v -0.0967 84.4663 0.3084
v -0.1001 84.6616 0.3338
v 0.0844 84.7284 0.3171
v 0.2018 84.5745 0.2813
v 0.1977 84.5155 0.5496
v 0.1183 84.4036 0.6271
v -0.0174 84.4660 0.6772
v -0.0219 84.6165 0.6306
v 0.1110 84.6470 0.5518
v 0.1977 84.5155 0.5496
v 0.2978 84.6585 0.9068
v 0.2412 84.5665 0.9546
v 0.1473 84.5422 0.8870
v 0.1460 84.6193 0.7974
v 0.2389 84.6912 0.8097
v 0.2978 84.6585 0.9068
v 0.1063 84.7981 1.0238
v 0.0636 84.7554 1.0744
v -0.0085 84.7869 1.0779
v -0.0104 84.8490 1.0295
v 0.0606 84.8559 0.9960
v 0.1063 84.7981 1.0238
v 0.1572 84.9832 1.2501
v 0.1431 84.9612 1.2795
v 0.1159 84.9825 1.2985
v 0.1133 85.0176 1.2809
v 0.1389 85.0180 1.2509
v 0.1572 84.9832 1.2501
v 0.3525 85.1036 1.4602
v 0.3525 85.1036 1.4602
v 0.3525 85.1036 1.4602
v 0.3525 85.1036 1.4602
v 0.3525 85.1036 1.4602
v 0.3525 85.1036 1.4602
v 0.1144 87.5819 -0.1068
v 0.0405 87.4292 -0.0217
v -0.1000 87.4876 0.0918
v -0.1129 87.6763 0.0768
v 0.0195 87.7346 -0.0460
v 0.1144 87.5819 -0.1068
v 0.2862 87.6184 0.1636
v 0.2039 87.4837 0.1728
v 0.0525 87.5206 0.1996
v 0.0412 87.6782 0.2071
v 0.1857 87.7386 0.1848
v 0.2862 87.6184 0.1636
v 0.2810 87.5944 0.4952
v 0.2268 87.4966 0.4361
v 0.1290 87.5407 0.3690
v 0.1228 87.6658 0.3867
v 0.2167 87.6990 0.4647
v 0.2810 87.5944 0.4952
v 0.1241 87.5819 0.6197
v 0.0743 87.5287 0.5589
v -0.0153 87.5248 0.5900
v -0.0208 87.5755 0.6700
v 0.0654 87.6108 0.6883
v 0.1241 87.5819 0.6197
v 0.1538 87.3645 0.7518
v 0.1200 87.3114 0.7586
v 0.0592 87.3276 0.7644
v 0.0553 87.3907 0.7612
v 0.1138 87.4135 0.7534
v 0.1538 87.3645 0.7518
v 0.1352 87.3784 1.0300
v 0.1293 87.3512 1.0150
v 0.1211 87.3580 0.9853
v 0.1219 87.3894 0.9818
v 0.1306 87.4021 1.0095
v 0.1352 87.3784 1.0300
v -0.1106 87.3896 1.0733
v -0.1106 87.3896 1.0733
v -0.1106 87.3896 1.0733
v -0.1106 87.3896 1.0733
v -0.1106 87.3896 1.0733
v -0.1106 87.3896 1.0733
v 0.0844 74.9281 -0.3139
v 0.0518 74.6198 -0.0887
v -0.0629 74.7376 0.2574
v -0.1014 75.1186 0.2461
v -0.0103 75.2364 -0.1070
v 0.0844 74.9281 -0.3139
v 0.6550 74.8626 -0.0213
v 0.5552 74.7529 0.2615
v 0.3386 74.9578 0.3758
v 0.3046 75.1940 0.1637
v 0.5002 75.1352 -0.0817
v 0.6550 74.8626 -0.0213
v 0.8572 75.1269 0.1829
v 0.8666 75.0292 0.4188
v 0.8324 75.2203 0.5848
v 0.8019 75.4361 0.4516
v 0.8172 75.3784 0.2032
v 0.8572 75.1269 0.1829
v 1.4588 75.2302 0.3287
v 1.3887 75.2310 0.5070
v 1.2379 75.3491 0.5108
v 1.2148 75.4214 0.3349
v 1.3513 75.3479 0.2223
v 1.4588 75.2302 0.3287
v 1.7406 75.7004 0.4853
v 1.6776 75.6472 0.5828
v 1.5526 75.6646 0.5631
v 1.5384 75.7285 0.4534
v 1.6547 75.7506 0.4053
v 1.7406 75.7004 0.4853
v 1.7059 76.1230 0.7355
v 1.6755 76.1020 0.7876
v 1.6153 76.1229 0.7852
v 1.6083 76.1569 0.7315
v 1.6643 76.1569 0.7008
v 1.7059 76.1230 0.7355
v 1.7884 76.5482 0.9940
v 1.7884 76.5482 0.9940
v 1.7884 76.5482 0.9940
v 1.7884 76.5482 0.9940
v 1.7884 76.5482 0.9940
v 1.7884 76.5482 0.9940
v -0.1293 66.7146 -0.4165
v -0.0040 66.3053 -0.1416
v 0.1162 66.4617 0.3273
v 0.0652 66.9676 0.3422
v -0.0866 67.1239 -0.1174
v -0.1293 66.7146 -0.4165
v 0.5321 66.5923 -0.4772
v 0.6356 66.4351 -0.0974
v 0.7282 66.7603 0.1582
v 0.6819 67.1186 -0.0636
v 0.5607 67.0147 -0.4563
v 0.5321 66.5923 -0.4772
v 1.2862 66.7419 -0.6627
v 1.3055 66.4756 -0.4536
v 1.2694 66.5889 -0.1361
v 1.2278 66.9253 -0.1489
v 1.2383 67.0198 -0.4744
v 1.2862 66.7419 -0.6627
v 2.0125 66.9616 -0.4802
v 1.9800 66.7101 -0.4987
v 1.8707 66.6289 -0.2838
v 1.8356 66.8304 -0.1326
v 1.9232 67.0360 -0.2540
v 2.0125 66.9616 -0.4802
v 2.4890 66.8027 -0.1834
v 2.5372 66.6408 -0.1683
v 2.5691 66.6107 -0.0045
v 2.5407 66.7540 0.0816
v 2.4912 66.8727 -0.0290
v 2.4890 66.8027 -0.1834
v 3.1273 66.9195 -0.2159
v 3.1641 66.8511 -0.1818
v 3.1949 66.8731 -0.1059
v 3.1772 66.9550 -0.0931
v 3.1354 66.9837 -0.1611
v 3.1273 66.9195 -0.2159
v 3.7376 67.0858 -0.4355
v 3.7376 67.0858 -0.4355
v 3.7376 67.0858 -0.4355
v 3.7376 67.0858 -0.4355
v 3.7376 67.0858 -0.4355
v 3.7376 67.0858 -0.4355
v -0.1885 81.5822 -0.1581
v -0.0480 81.3557 -0.0677
v 0.1483 81.4422 0.1146
v 0.1290 81.7222 0.1369
v -0.0792 81.8087 -0.0317
v -0.1885 81.5822 -0.1581
v 0.1663 81.6148 -0.4661
v 0.2294 81.4299 -0.3362
v 0.2967 81.5087 -0.1258
v 0.2751 81.7423 -0.1255
v 0.1945 81.8078 -0.3358
v 0.1663 81.6148 -0.4661
v 0.4434 81.6500 -0.4858
v 0.5556 81.5034 -0.4521
v 0.6992 81.5632 -0.3471
v 0.6756 81.7468 -0.3158
v 0.5176 81.8004 -0.4016
v 0.4434 81.6500 -0.4858
v 0.6527 81.7075 -0.7181
v 0.7540 81.6691 -0.8080
v 0.8771 81.7139 -0.7564
v 0.8519 81.7799 -0.6347
v 0.7132 81.7759 -0.6111
v 0.6527 81.7075 -0.7181
v 0.6900 82.0158 -0.8253
v 0.7268 81.9686 -0.8975
v 0.7679 82.0307 -0.9547
v 0.7564 82.1161 -0.9178
v 0.7083 82.1069 -0.8378
v 0.6900 82.0158 -0.8253
v 0.4163 82.0535 -1.0486
v 0.4165 82.0531 -1.0955
v 0.4133 82.0975 -1.1105
v 0.4112 82.1253 -1.0728
v 0.4130 82.0982 -1.0346
v 0.4163 82.0535 -1.0486
v 0.0467 82.0591 -1.0738
v 0.0467 82.0591 -1.0738
v 0.0467 82.0591 -1.0738
v 0.0467 82.0591 -1.0738
v 0.0467 82.0591 -1.0738
v 0.0467 82.0591 -1.0738
v 0.8457 73.5214 -1.3528
v 0.8118 73.5674 -1.4518
v 0.9130 73.5148 -1.4449
v 0.8457 73.5214 -1.3528
v 1.0967 74.0224 -1.2285
v 1.0718 74.0446 -1.2970
v 1.1419 74.0157 -1.2896
v 1.0967 74.0224 -1.2285
v 1.3092 74.5637 -1.1592
v 1.2909 74.5480 -1.1887
v 1.3275 74.5397 -1.1824
v 1.3092 74.5637 -1.1592
v 1.4663 74.9892 -1.5066
v 1.4650 74.9881 -1.5060
v 1.4667 74.9877 -1.5058
v 1.4663 74.9892 -1.5066
v 1.0125 73.5397 -1.4961
v 0.9665 73.5219 -1.4078
v 1.0558 73.5692 -1.4096
v 1.0125 73.5397 -1.4961
v 1.2424 73.1310 -1.4266
v 1.2181 73.0736 -1.4008
v 1.2810 73.0931 -1.3864
v 1.2424 73.1310 -1.4266
v 1.4200 72.8574 -1.8222
v 1.4006 72.8395 -1.8012
v 1.4335 72.8434 -1.7947
v 1.4200 72.8574 -1.8222
v 1.5197 72.4286 -2.0698
v 1.5186 72.4285 -2.0684
v 1.5201 72.4294 -2.0683
v 1.5197 72.4286 -2.0698
v 0.2521 86.4203 -0.6721
v 0.2588 86.4609 -0.6681
v 0.2736 86.4407 -0.7010
v 0.2521 86.4203 -0.6721
v 0.5807 86.3534 -0.4875
v 0.5880 86.3775 -0.4761
v 0.5988 86.3698 -0.5003
v 0.5807 86.3534 -0.4875
v 0.8854 86.1882 -0.2975
v 0.8739 86.1957 -0.2993
v 0.8793 86.1886 -0.3099
v 0.8854 86.1882 -0.2975
v 1.0969 86.4980 -0.3963
v 1.0957 86.4982 -0.3950
v 1.0956 86.4969 -0.3962
v 1.0969 86.4980 -0.3963
v -0.0719 86.3363 -0.4407
v -0.1368 86.3017 -0.4780
v -0.0674 86.3155 -0.5204
v -0.0719 86.3363 -0.4407
v -0.3448 87.0479 -0.6825
v -0.3757 87.0096 -0.6579
v -0.3330 86.9946 -0.6891
v -0.3448 87.0479 -0.6825
v -0.8089 87.0039 -1.3036
v -0.8235 86.9935 -1.2828
v -0.8055 86.9776 -1.2963
v -0.8089 87.0039 -1.3036
v -1.3680 86.7838 -1.7872
v -1.3684 86.7821 -1.7869
v -1.3673 86.7826 -1.7882
v -1.3680 86.7838 -1.7872
v -2.3293 54.3390 -2.1946
v -2.3170 54.1997 -2.0869
v -2.3227 54.1759 -2.2616
v -2.3293 54.3390 -2.1946
v -2.8559 54.2621 -2.1969
v -2.8202 54.2167 -2.0944
v -2.8270 54.1483 -2.1899
v -2.8559 54.2621 -2.1969
v -3.3458 54.1088 -2.0582
v -3.3033 54.1088 -2.0175
v -3.3101 54.0624 -2.0530
v -3.3458 54.1088 -2.0582
v -3.6431 53.8829 -1.7065
v -3.6432 53.8839 -1.7051
v -3.6436 53.8822 -1.7050
v -3.6431 53.8829 -1.7065
v -2.8638 53.9714 -3.3803
v -2.8637 54.0236 -3.3983
v -2.8700 53.9821 -3.4341
v -2.8638 53.9714 -3.3803
v -2.7078 53.9803 -3.4033
v -2.7073 54.0056 -3.4300
v -2.7056 53.9699 -3.4385
v -2.7078 53.9803 -3.4033
v -2.5426 53.9956 -3.4073
v -2.5515 53.9967 -3.4234
v -2.5466 53.9803 -3.4167
v -2.5426 53.9956 -3.4073
v -2.4064 54.0014 -3.4920
v -2.4073 54.0010 -3.4934
v -2.4061 53.9999 -3.4929
v -2.4064 54.0014 -3.4920
v -1.2004 77.2578 0.1101
v -1.1675 77.1615 0.1552
v -1.2760 77.1845 0.1461
v -1.2004 77.2578 0.1101
v -1.1928 77.5056 0.6842
v -1.1767 77.4433 0.7210
v -1.2465 77.4570 0.7001
v -1.1928 77.5056 0.6842
v -1.2987 77.7654 1.2256
v -1.2984 77.7558 1.2614
v -1.3306 77.7633 1.2444
v -1.2987 77.7654 1.2256
v -1.2530 78.3637 1.4040
v -1.2532 78.3620 1.4044
v -1.2543 78.3628 1.4034
v -1.2530 78.3637 1.4040
v -2.1040 77.4890 0.3965
v -2.0844 77.5070 0.4045
v -2.1091 77.5068 0.4172
v -2.1040 77.4890 0.3965
v -2.1508 77.5965 0.2975
v -2.1445 77.6118 0.3058
v -2.1626 77.6079 0.3062
v -2.1508 77.5965 0.2975
v -2.1693 77.6851 0.1664
v -2.1708 77.6857 0.1756
v -2.1780 77.6848 0.1697
v -2.1693 77.6851 0.1664
v -2.1812 77.8404 0.1578
v -2.1827 77.8404 0.1586
v -2.1827 77.8404 0.1569
v -2.1812 77.8404 0.1578
v -1.5695 72.8730 0.3825
v -1.4998 72.8398 0.4906
v -1.6146 72.9053 0.5032
v -1.5695 72.8730 0.3825
v -1.2554 73.4049 0.3813
v -1.2073 73.4153 0.4550
v -1.2856 73.4558 0.4471
v -1.2554 73.4049 0.3813
v -0.9691 73.9051 0.1670
v -0.9389 73.9356 0.1778
v -0.9787 73.9481 0.1628
v -0.9691 73.9051 0.1670
v -0.7400 73.9193 -0.4261
v -0.7398 73.9208 -0.4254
v -0.7411 73.9206 -0.4264
v -0.7400 73.9193 -0.4261
v -2.0089 73.1551 0.6889
v -1.9818 73.1153 0.6200
v -2.0358 73.1793 0.6130
v -2.0089 73.1551 0.6889
v -2.2994 72.9082 0.6905
v -2.3102 72.8630 0.6594
v -2.3415 72.9091 0.6535
v -2.2994 72.9082 0.6905
v -2.5590 72.7717 0.9533
v -2.5677 72.7460 0.9602
v -2.5795 72.7595 0.9387
v -2.5590 72.7717 0.9533
v -2.8404 72.9199 1.2003
v -2.8405 72.9182 1.2000
v -2.8408 72.9192 1.1987
v -2.8404 72.9199 1.2003
v -0.0542 97.7815 0.0410
v -0.0513 97.7726 0.0303
v -0.0479 97.7864 0.0292
v -0.0542 97.7815 0.0410
v -0.7893 97.9340 -0.2964
v -0.7984 97.9366 -0.2973
v -0.7962 97.9279 -0.2943
v -0.7893 97.9340 -0.2964
v -0.7918 97.6593 -1.0752
v -0.7962 97.6580 -1.0761
v -0.7937 97.6603 -1.0794
v -0.7918 97.6593 -1.0752
v -1.0662 98.3817 -0.7803
v -1.0677 98.3817 -0.7794
v -1.0677 98.3817 -0.7811
v -1.0662 98.3817 -0.7803
v -0.0223 97.8610 0.0230
v -0.0223 97.8603 0.0241
v -0.0226 97.8615 0.0241
v -0.0223 97.8610 0.0230
v 0.0504 97.8793 0.0335
v 0.0497 97.8793 0.0339
v 0.0497 97.8793 0.0330
v 0.0504 97.8793 0.0335
v 0.0502 97.9546 0.0335
v 0.0498 97.9546 0.0337
v 0.0498 97.9546 0.0332
v 0.0502 97.9546 0.0335
v 0.0509 98.0299 0.0335
v 0.0494 98.0299 0.0343
v 0.0494 98.0299 0.0326
v 0.0509 98.0299 0.0335
v 0.0512 84.7970 1.0709
v 0.0247 84.8300 1.0437
v 0.0715 84.8412 1.0581
v 0.0512 84.7970 1.0709
v -0.0961 84.9791 1.4179
v -0.1224 84.9997 1.4156
v -0.0915 85.0123 1.4186
v -0.0961 84.9791 1.4179
v -0.1389 84.9880 1.8502
v -0.1525 84.9931 1.8418
v -0.1375 84.9998 1.8384
v -0.1389 84.9880 1.8502
v -0.2111 85.2939 2.1407
v -0.2128 85.2941 2.1403
v -0.2115 85.2948 2.1393
v -0.2111 85.2939 2.1407
v 0.2089 85.0320 1.3285
v 0.2124 85.0229 1.3423
v 0.2105 85.0397 1.3436
v 0.2089 85.0320 1.3285
v 0.3547 85.0442 1.3115
v 0.3514 85.0499 1.3207
v 0.3486 85.0537 1.3104
v 0.3547 85.0442 1.3115
v 0.4752 85.1267 1.3124
v 0.4708 85.1245 1.3096
v 0.4728 85.1296 1.3082
v 0.4752 85.1267 1.3124
v 0.3823 85.1867 1.4039
v 0.3808 85.1867 1.4048
v 0.3808 85.1867 1.4031
v 0.3823 85.1867 1.4039
v 0.1550 87.5624 0.3851
v 0.1888 87.6349 0.3493
v 0.2198 87.6052 0.4257
v 0.1550 87.5624 0.3851
v -0.4661 88.1117 0.8563
v -0.4376 88.1258 0.8073
v -0.4077 88.1130 0.8558
v -0.4661 88.1117 0.8563
v -0.4661 88.9999 1.0904
v -0.4590 89.0256 1.0785
v -0.4386 89.0095 1.0918
v -0.4661 88.9999 1.0904
v -0.6436 89.4382 1.8905
v -0.6447 89.4389 1.8893
v -0.6433 89.4380 1.8888
v -0.6436 89.4382 1.8905
v 0.1161 87.3816 0.8309
v 0.1196 87.3510 0.8112
v 0.0864 87.3631 0.8204
v 0.1161 87.3816 0.8309
v 0.1263 87.1435 1.1442
v 0.1307 87.1672 1.1476
v 0.1080 87.1586 1.1498
v 0.1263 87.1435 1.1442
v 0.0632 87.2284 0.7727
v 0.0656 87.2173 0.7681
v 0.0541 87.2211 0.7691
v 0.0632 87.2284 0.7727
v 0.0419 87.0698 1.1256
v 0.0407 87.0697 1.1268
v 0.0403 87.0699 1.1252
v 0.0419 87.0698 1.1256
v 1.6778 76.0949 0.7191
v 1.6402 76.0692 0.7268
v 1.6379 76.1152 0.7306
v 1.6778 76.0949 0.7191
v 1.7195 76.0890 0.9509
v 1.7101 76.0598 0.9534
v 1.7034 76.0801 0.9755
v 1.7195 76.0890 0.9509
v 1.9132 76.0176 1.0662
v 1.9233 76.0139 1.0773
v 1.9149 76.0268 1.0784
v 1.9132 76.0176 1.0662
v 2.0905 76.1427 0.9561
v 2.0895 76.1419 0.9572
v 2.0888 76.1429 0.9560
v 2.0905 76.1427 0.9561
v 1.2392 75.3388 0.4459
v 1.1990 75.2965 0.3258
v 1.3252 75.2768 0.3648
v 1.2392 75.3388 0.4459
v 1.4355 75.9621 0.1315
v 1.3948 75.9058 0.0759
v 1.4809 75.8945 0.0954
v 1.4355 75.9621 0.1315
v 1.6169 76.3519 -0.4309
v 1.5897 76.3212 -0.4481
v 1.6331 76.3126 -0.4440
v 1.6169 76.3519 -0.4309
v 1.7245 76.5904 -1.0811
v 1.7232 76.5895 -1.0818
v 1.7248 76.5890 -1.0821
v 1.7245 76.5904 -1.0811
v 2.4716 66.7952 -0.0388
v 2.4478 66.7391 -0.1381
v 2.5261 66.6953 -0.0638
v 2.4716 66.7952 -0.0388
v 2.8177 67.0124 -0.2639
v 2.7860 66.9803 -0.3272
v 2.8426 66.9432 -0.2890
v 2.8177 67.0124 -0.2639
v 3.1230 67.1944 -0.5369
v 3.1175 67.1910 -0.5752
v 3.1498 67.1769 -0.5589
v 3.1230 67.1944 -0.5369
v 3.3406 67.5928 -0.6220
v 3.3394 67.5919 -0.6229
v 3.3410 67.5912 -0.6226
v 3.3406 67.5928 -0.6220
v 1.3729 66.6584 -0.4378
v 1.2401 66.7962 -0.3353
v 1.4545 66.8306 -0.3337
v 1.3729 66.6584 -0.4378
v 1.4369 66.2338 0.2929
v 1.3481 66.3111 0.3772
v 1.4898 66.3407 0.3749
v 1.4369 66.2338 0.2929
v 1.5623 65.7002 0.9980
v 1.5108 65.7506 0.9915
v 1.5803 65.7684 0.9820
v 1.5623 65.7002 0.9980
v 1.6196 65.9175 1.8273
v 1.6182 65.9186 1.8274
v 1.6199 65.9192 1.8273
v 1.6196 65.9175 1.8273
v 0.6033 82.0668 -0.9922
v 0.6158 82.0718 -0.9449
v 0.5725 82.0520 -0.9569
v 0.6033 82.0668 -0.9922
v 0.4604 82.3669 -0.9626
v 0.4580 82.3988 -0.9557
v 0.4310 82.3807 -0.9587
v 0.4604 82.3669 -0.9626
v 0.4439 82.4485 -1.3048
v 0.4399 82.4606 -1.2946
v 0.4301 82.4569 -1.3071
v 0.4439 82.4485 -1.3048
v 0.6125 82.6825 -1.5057
v 0.6113 82.6837 -1.5050
v 0.6108 82.6824 -1.5061
v 0.6125 82.6825 -1.5057
v 0.7276 82.0368 -0.8543
v 0.7555 82.0426 -0.9093
v 0.6981 82.0645 -0.9012
v 0.7276 82.0368 -0.8543
v 0.5688 81.6638 -0.9927
v 0.5746 81.6456 -1.0294
v 0.5387 81.6641 -1.0210
v 0.5688 81.6638 -0.9927
v 0.4104 81.2868 -0.8538
v 0.4061 81.2688 -0.8447
v 0.3914 81.2788 -0.8552
v 0.4104 81.2868 -0.8538
v 0.2853 81.4939 -0.4834
v 0.2851 81.4930 -0.4820
v 0.2841 81.4927 -0.4834
v 0.2853 81.4939 -0.4834
vt 0.0000 0.0000
vt 1.4322 0.0000
vt 2.8645 0.0000
vt 4.2967 0.0000
vt 5.7289 0.0000
vt 7.1612 0.0000
vt 8.5934 0.0000
vt 10.0256 0.0000
vt 11.4579 0.0000
vt 12.8901 0.0000
vt 14.3223 0.0000
vt 0.0000 1.4713
vt 1.1233 1.4713
vt 2.2466 1.4713
vt 3.3699 1.4713
vt 4.4933 1.4713
vt 5.6166 1.4713
vt 6.7399 1.4713
vt 7.8632 1.4713
vt 8.9865 1.4713
vt 10.1098 1.4713
vt 11.2332 1.4713
vt 0.0000 2.9420
vt 0.9441 2.9420
vt 1.8882 2.9420
vt 2.8323 2.9420
vt 3.7764 2.9420
vt 4.7205 2.9420
vt 5.6646 2.9420
vt 6.6087 2.9420
vt 7.5529 2.9420
vt 8.4970 2.9420
vt 9.4411 2.9420
vt 0.0000 4.4128
vt 0.8832 4.4128
vt 1.7664 4.4128
vt 2.6496 4.4128
vt 3.5328 4.4128
vt 4.4161 4.4128
vt 5.2993 4.4128
vt 6.1825 4.4128
vt 7.0657 4.4128
vt 7.9489 4.4128
vt 8.8321 4.4128
vt 0.0000 5.8833
vt 0.8593 5.8833
vt 1.7187 5.8833
vt 2.5780 5.8833
vt 3.4374 5.8833
vt 4.2967 5.8833
vt 5.1560 5.8833
vt 6.0154 5.8833
vt 6.8747 5.8833
vt 7.7341 5.8833
vt 8.5934 5.8833
vt 0.0000 7.3540
vt 0.8355 7.3540
vt 1.6709 7.3540
vt 2.5064 7.3540
vt 3.3419 7.3540
vt 4.1773 7.3540
vt 5.0128 7.3540
vt 5.8483 7.3540
vt 6.6838 7.3540
vt 7.5192 7.3540
vt 8.3547 7.3540
vt 0.0000 8.8247
vt 0.8116 8.8247
vt 1.6232 8.8247
vt 2.4348 8.8247
vt 3.2464 8.8247
vt 4.0580 8.8247
vt 4.8696 8.8247
vt 5.6812 8.8247
vt 6.4928 8.8247
vt 7.3044 8.8247
vt 8.1160 8.8247
vt 0.0000 10.2952
vt 0.7877 10.2952
vt 1.5755 10.2952
vt 2.3632 10.2952
vt 3.1509 10.2952
vt 3.9386 10.2952
vt 4.7264 10.2952
vt 5.5141 10.2952
vt 6.3018 10.2952
vt 7.0896 10.2952
vt 7.8773 10.2952
vt 0.0000 11.7657
vt 0.7639 11.7657
vt 1.5277 11.7657
vt 2.2916 11.7657
vt 3.0554 11.7657
vt 3.8193 11.7657
vt 4.5831 11.7657
vt 5.3470 11.7657
vt 6.1109 11.7657
vt 6.8747 11.7657
vt 7.6386 11.7657
vt 0.0000 13.2363
vt 0.7400 13.2363
vt 1.4800 13.2363
vt 2.2200 13.2363
vt 2.9599 13.2363
vt 3.6999 13.2363
vt 4.4399 13.2363
vt 5.1799 13.2363
vt 5.9199 13.2363
vt 6.6599 13.2363
vt 7.3999 13.2363
vt 0.0000 14.7069
vt 0.7161 14.7069
vt 1.4322 14.7069
vt 2.1483 14.7069
vt 2.8645 14.7069
vt 3.5806 14.7069
vt 4.2967 14.7069
vt 5.0128 14.7069
vt 5.7289 14.7069
vt 6.4450 14.7069
vt 7.1612 14.7069
vt 0.0000 16.1774
vt 0.6922 16.1774
vt 1.3845 16.1774
vt 2.0767 16.1774
vt 2.7690 16.1774
vt 3.4612 16.1774
vt 4.1535 16.1774
vt 4.8457 16.1774
vt 5.5380 16.1774
vt 6.2302 16.1774
vt 6.9225 16.1774
vt 0.0000 17.6481
vt 0.6684 17.6481
vt 1.3368 17.6481
vt 2.0051 17.6481
vt 2.6735 17.6481
vt 3.3419 17.6481
vt 4.0103 17.6481
vt 4.6786 17.6481
vt 5.3470 17.6481
vt 6.0154 17.6481
vt 6.6838 17.6481
vt 0.0000 19.1187
vt 0.6445 19.1187
vt 1.2890 19.1187
vt 1.9335 19.1187
vt 2.5780 19.1187
vt 3.2225 19.1187
vt 3.8670 19.1187
vt 4.5115 19.1187
vt 5.1560 19.1187
vt 5.8005 19.1187
vt 6.4450 19.1187
vt 0.0000 20.5892
vt 0.6206 20.5892
vt 1.2413 20.5892
vt 1.8619 20.5892
vt 2.4825 20.5892
vt 3.1032 20.5892
vt 3.7238 20.5892
vt 4.3444 20.5892
vt 4.9651 20.5892
vt 5.5857 20.5892
vt 6.2063 20.5892
vt 0.0000 22.0597
vt 0.5968 22.0597
vt 1.1935 22.0597
vt 1.7903 22.0597
vt 2.3871 22.0597
vt 2.9838 22.0597
vt 3.5806 22.0597
vt 4.1773 22.0597
vt 4.7741 22.0597
vt 5.3709 22.0597
vt 5.9676 22.0597
vt 0.0000 23.5305
vt 0.5729 23.5305
vt 1.1458 23.5305
vt 1.7187 23.5305
vt 2.2916 23.5305
vt 2.8645 23.5305
vt 3.4374 23.5305
vt 4.0103 23.5305
vt 4.5831 23.5305
vt 5.1560 23.5305
vt 5.7289 23.5305
vt 0.0000 25.0010
vt 0.5490 25.0010
vt 1.0980 25.0010
vt 1.6471 25.0010
vt 2.1961 25.0010
vt 2.7451 25.0010
vt 3.2941 25.0010
vt 3.8432 25.0010
vt 4.3922 25.0010
vt 4.9412 25.0010
vt 5.4902 25.0010
vt 0.0000 26.4716
vt 0.5252 26.4716
vt 1.0503 26.4716
vt 1.5755 26.4716
vt 2.1006 26.4716
vt 2.6258 26.4716
vt 3.1509 26.4716
vt 3.6761 26.4716
vt 4.2012 26.4716
vt 4.7264 26.4716
vt 5.2515 26.4716
vt 0.0000 27.9422
vt 0.5013 27.9422
vt 1.0026 27.9422
vt 1.5038 27.9422
vt 2.0051 27.9422
vt 2.5064 27.9422
vt 3.0077 27.9422
vt 3.5090 27.9422
vt 4.0103 27.9422
vt 4.5115 27.9422
vt 5.0128 27.9422
vt 0.0000 29.4128
vt 0.4774 29.4128
vt 0.9548 29.4128
vt 1.4322 29.4128
vt 1.9096 29.4128
vt 2.3871 29.4128
vt 2.8645 29.4128
vt 3.3419 29.4128
vt 3.8193 29.4128
vt 4.2967 29.4128
vt 4.7741 29.4128
vt 0.0000 30.8834
vt 0.4535 30.8834
vt 0.9071 30.8834
vt 1.3606 30.8834
vt 1.8142 30.8834
vt 2.2677 30.8834
vt 2.7212 30.8834
vt 3.1748 30.8834
vt 3.6283 30.8834
vt 4.0819 30.8834
vt 4.5354 30.8834
vt 0.0000 32.3540
vt 0.4297 32.3540
vt 0.8593 32.3540
vt 1.2890 32.3540
vt 1.7187 32.3540
vt 2.1483 32.3540
vt 2.5780 32.3540
vt 3.0077 32.3540
vt 3.4374 32.3540
vt 3.8670 32.3540
vt 4.2967 32.3540
vt 0.0000 33.8246
vt 0.4058 33.8246
vt 0.8116 33.8246
vt 1.2174 33.8246
vt 1.6232 33.8246
vt 2.0290 33.8246
vt 2.4348 33.8246
vt 2.8406 33.8246
vt 3.2464 33.8246
vt 3.6522 33.8246
vt 4.0580 33.8246
vt 0.0000 35.2952
vt 0.3819 35.2952
vt 0.7639 35.2952
vt 1.1458 35.2952
vt 1.5277 35.2952
vt 1.9096 35.2952
vt 2.2916 35.2952
vt 2.6735 35.2952
vt 3.0554 35.2952
vt 3.4374 35.2952
vt 3.8193 35.2952
vt 0.0000 36.7658
vt 0.3581 36.7658
vt 0.7161 36.7658
vt 1.0742 36.7658
vt 1.4322 36.7658
vt 1.7903 36.7658
vt 2.1483 36.7658
vt 2.5064 36.7658
vt 2.8645 36.7658
vt 3.2225 36.7658
vt 3.5806 36.7658
vt 0.0000 38.2363
vt 0.3342 38.2363
vt 0.6684 38.2363
vt 1.0026 38.2363
vt 1.3368 38.2363
vt 1.6709 38.2363
vt 2.0051 38.2363
vt 2.3393 38.2363
vt 2.6735 38.2363
vt 3.0077 38.2363
vt 3.3419 38.2363
vt 0.0000 39.7069
vt 0.3103 39.7069
vt 0.6206 39.7069
vt 0.9310 39.7069
vt 1.2413 39.7069
vt 1.5516 39.7069
vt 1.8619 39.7069
vt 2.1722 39.7069
vt 2.4825 39.7069
vt 2.7929 39.7069
vt 3.1032 39.7069
vt 0.0000 41.1775
vt 0.2864 41.1775
vt 0.5729 41.1775
vt 0.8593 41.1775
vt 1.1458 41.1775
vt 1.4322 41.1775
vt 1.7187 41.1775
vt 2.0051 41.1775
vt 2.2916 41.1775
vt 2.5780 41.1775
vt 2.8645 41.1775
vt 0.0000 42.6481
vt 0.2626 42.6481
vt 0.5252 42.6481
vt 0.7877 42.6481
vt 1.0503 42.6481
vt 1.3129 42.6481
vt 1.5755 42.6481
vt 1.8380 42.6481
vt 2.1006 42.6481
vt 2.3632 42.6481
vt 2.6258 42.6481
vt 0.0000 44.1187
vt 0.2387 44.1187
vt 0.4774 44.1187
vt 0.7161 44.1187
vt 0.9548 44.1187
vt 1.1935 44.1187
vt 1.4322 44.1187
vt 1.6709 44.1187
vt 1.9096 44.1187
vt 2.1483 44.1187
vt 2.3871 44.1187
vt 0.0000 45.5893
vt 0.2148 45.5893
vt 0.4297 45.5893
vt 0.6445 45.5893
vt 0.8593 45.5893
vt 1.0742 45.5893
vt 1.2890 45.5893
vt 1.5038 45.5893
vt 1.7187 45.5893
vt 1.9335 45.5893
vt 2.1483 45.5893
vt 0.0000 47.0599
vt 0.1910 47.0599
vt 0.3819 47.0599
vt 0.5729 47.0599
vt 0.7639 47.0599
vt 0.9548 47.0599
vt 1.1458 47.0599
vt 1.3368 47.0599
vt 1.5277 47.0599
vt 1.7187 47.0599
vt 1.9096 47.0599
vt 0.0000 48.5305
vt 0.1671 48.5305
vt 0.3342 48.5305
vt 0.5013 48.5305
vt 0.6684 48.5305
vt 0.8355 48.5305
vt 1.0026 48.5305
vt 1.1697 48.5305
vt 1.3368 48.5305
vt 1.5038 48.5305
vt 1.6709 48.5305
vt 0.0000 50.0011
vt 0.1432 50.0011
vt 0.2864 50.0011
vt 0.4297 50.0011
vt 0.5729 50.0011
vt 0.7161 50.0011
vt 0.8593 50.0011
vt 1.0026 50.0011
vt 1.1458 50.0011
vt 1.2890 50.0011
vt 1.4322 50.0011
vt 0.0000 51.4717
vt 0.1194 51.4717
vt 0.2387 51.4717
vt 0.3581 51.4717
vt 0.4774 51.4717
vt 0.5968 51.4717
vt 0.7161 51.4717
vt 0.8355 51.4717
vt 0.9548 51.4717
vt 1.0742 51.4717
vt 1.1935 51.4717
vt 0.0000 52.9423
vt 0.0955 52.9423
vt 0.1910 52.9423
vt 0.2864 52.9423
vt 0.3819 52.9423
vt 0.4774 52.9423
vt 0.5729 52.9423
vt 0.6684 52.9423
vt 0.7639 52.9423
vt 0.8593 52.9423
vt 0.9548 52.9423
vt 0.0000 54.4129
vt 0.0716 54.4129
vt 0.1432 54.4129
vt 0.2148 54.4129
vt 0.2864 54.4129
vt 0.3581 54.4129
vt 0.4297 54.4129
vt 0.5013 54.4129
vt 0.5729 54.4129
vt 0.6445 54.4129
vt 0.7161 54.4129
vt 0.0000 55.8834
vt 0.0477 55.8834
vt 0.0955 55.8834
vt 0.1432 55.8834
vt 0.1910 55.8834
vt 0.2387 55.8834
vt 0.2864 55.8834
vt 0.3342 55.8834
vt 0.3819 55.8834
vt 0.4297 55.8834
vt 0.4774 55.8834
vt 0.0000 57.3540
vt 0.0239 57.3540
vt 0.0477 57.3540
vt 0.0716 57.3540
vt 0.0955 57.3540
vt 0.1194 57.3540
vt 0.1432 57.3540
vt 0.1671 57.3540
vt 0.1910 57.3540
vt 0.2148 57.3540
vt 0.2387 57.3540
vt 0.0000 58.8246
vt 0.0040 58.8246
vt 0.0080 58.8246
vt 0.0120 58.8246
vt 0.0160 58.8246
vt 0.0200 58.8246
vt 0.0240 58.8246
vt 0.0280 58.8246
vt 0.0320 58.8246
vt 0.0360 58.8246
vt 0.0400 58.8246
vt 0.0000 0.0000
vt 0.2480 0.0000
vt 0.4961 0.0000
vt 0.7441 0.0000
vt 0.9922 0.0000
vt 1.2402 0.0000
vt 0.0000 0.3178
vt 0.2067 0.3178
vt 0.4134 0.3178
vt 0.6201 0.3178
vt 0.8268 0.3178
vt 1.0335 0.3178
vt 0.0000 0.6333
vt 0.1654 0.6333
vt 0.3307 0.6333
vt 0.4961 0.6333
vt 0.6615 0.6333
vt 0.8268 0.6333
vt 0.0000 0.9555
vt 0.1240 0.9555
vt 0.2480 0.9555
vt 0.3721 0.9555
vt 0.4961 0.9555
vt 0.6201 0.9555
vt 0.0000 1.2719
vt 0.0827 1.2719
vt 0.1654 1.2719
vt 0.2480 1.2719
vt 0.3307 1.2719
vt 0.4134 1.2719
vt 0.0000 1.5842
vt 0.0413 1.5842
vt 0.0827 1.5842
vt 0.1240 1.5842
vt 0.1654 1.5842
vt 0.2067 1.5842
vt 0.0000 1.8947
vt 0.0080 1.8947
vt 0.0160 1.8947
vt 0.0240 1.8947
vt 0.0320 1.8947
vt 0.0400 1.8947
vt 0.0000 0.0000
vt 0.1322 0.0000
vt 0.2645 0.0000
vt 0.3967 0.0000
vt 0.5289 0.0000
vt 0.6612 0.0000
vt 0.0000 0.1706
vt 0.1102 0.1706
vt 0.2204 0.1706
vt 0.3306 0.1706
vt 0.4408 0.1706
vt 0.5510 0.1706
vt 0.0000 0.3391
vt 0.0882 0.3391
vt 0.1763 0.3391
vt 0.2645 0.3391
vt 0.3526 0.3391
vt 0.4408 0.3391
vt 0.0000 0.5093
vt 0.0661 0.5093
vt 0.1322 0.5093
vt 0.1983 0.5093
vt 0.2645 0.5093
vt 0.3306 0.5093
vt 0.0000 0.6755
vt 0.0441 0.6755
vt 0.0882 0.6755
vt 0.1322 0.6755
vt 0.1763 0.6755
vt 0.2204 0.6755
vt 0.0000 0.8392
vt 0.0220 0.8392
vt 0.0441 0.8392
vt 0.0661 0.8392
vt 0.0882 0.8392
vt 0.1102 0.8392
vt 0.0000 1.0048
vt 0.0080 1.0048
vt 0.0160 1.0048
vt 0.0240 1.0048
vt 0.0320 1.0048
vt 0.0400 1.0048
vt 0.0000 0.0000
vt 0.4257 0.0000
vt 0.8514 0.0000
vt 1.2771 0.0000
vt 1.7029 0.0000
vt 2.1286 0.0000
vt 0.0000 0.5362
vt 0.3548 0.5362
vt 0.7095 0.5362
vt 1.0643 0.5362
vt 1.4191 0.5362
vt 1.7738 0.5362
vt 0.0000 1.0860
vt 0.2838 1.0860
vt 0.5676 1.0860
vt 0.8514 1.0860
vt 1.1352 1.0860
vt 1.4191 1.0860
vt 0.0000 1.6205
vt 0.2129 1.6205
vt 0.4257 1.6205
vt 0.6386 1.6205
vt 0.8514 1.6205
vt 1.0643 1.6205
vt 0.0000 2.1550
vt 0.1419 2.1550
vt 0.2838 2.1550
vt 0.4257 2.1550
vt 0.5676 2.1550
vt 0.7095 2.1550
vt 0.0000 2.6919
vt 0.0710 2.6919
vt 0.1419 2.6919
vt 0.2129 2.6919
vt 0.2838 2.6919
vt 0.3548 2.6919
vt 0.0000 3.2249
vt 0.0080 3.2249
vt 0.0160 3.2249
vt 0.0240 3.2249
vt 0.0320 3.2249
vt 0.0400 3.2249
vt 0.0000 0.0000
vt 0.2203 0.0000
vt 0.4406 0.0000
vt 0.6609 0.0000
vt 0.8812 0.0000
vt 1.1015 0.0000
vt 0.0000 0.2673
vt 0.1836 0.2673
vt 0.3672 0.2673
vt 0.5508 0.2673
vt 0.7344 0.2673
vt 0.9180 0.2673
vt 0.0000 0.5322
vt 0.1469 0.5322
vt 0.2937 0.5322
vt 0.4406 0.5322
vt 0.5875 0.5322
vt 0.7344 0.5322
vt 0.0000 0.8153
vt 0.1102 0.8153
vt 0.2203 0.8153
vt 0.3305 0.8153
vt 0.4406 0.8153
vt 0.5508 0.8153
vt 0.0000 1.0876
vt 0.0734 1.0876
vt 0.1469 1.0876
vt 0.2203 1.0876
vt 0.2937 1.0876
vt 0.3672 1.0876
vt 0.0000 1.3633
vt 0.0367 1.3633
vt 0.0734 1.3633
vt 0.1102 1.3633
vt 0.1469 1.3633
vt 0.1836 1.3633
vt 0.0000 1.6391
vt 0.0080 1.6391
vt 0.0160 1.6391
vt 0.0240 1.6391
vt 0.0320 1.6391
vt 0.0400 1.6391
vt 0.0000 0.0000
vt 0.2586 0.0000
vt 0.5172 0.0000
vt 0.7758 0.0000
vt 1.0344 0.0000
vt 1.2930 0.0000
vt 0.0000 0.3384
vt 0.2155 0.3384
vt 0.4310 0.3384
vt 0.6465 0.3384
vt 0.8620 0.3384
vt 1.0775 0.3384
vt 0.0000 0.6536
vt 0.1724 0.6536
vt 0.3448 0.6536
vt 0.5172 0.6536
vt 0.6896 0.6536
vt 0.8620 0.6536
vt 0.0000 0.9751
vt 0.1293 0.9751
vt 0.2586 0.9751
vt 0.3879 0.9751
vt 0.5172 0.9751
vt 0.6465 0.9751
vt 0.0000 1.2936
vt 0.0862 1.2936
vt 0.1724 1.2936
vt 0.2586 1.2936
vt 0.3448 1.2936
vt 0.4310 1.2936
vt 0.0000 1.6214
vt 0.0431 1.6214
vt 0.0862 1.6214
vt 0.1293 1.6214
vt 0.1724 1.6214
vt 0.2155 1.6214
vt 0.0000 1.9451
vt 0.0080 1.9451
vt 0.0160 1.9451
vt 0.0240 1.9451
vt 0.0320 1.9451
vt 0.0400 1.9451
vt 0.0000 0.0000
vt 0.0213 0.0000
vt 0.0425 0.0000
vt 0.0638 0.0000
vt 0.0850 0.0000
vt 0.1063 0.0000
vt 0.0000 0.0270
vt 0.0177 0.0270
vt 0.0354 0.0270
vt 0.0531 0.0270
vt 0.0709 0.0270
vt 0.0886 0.0270
vt 0.0000 0.0525
vt 0.0142 0.0525
vt 0.0283 0.0525
vt 0.0425 0.0525
vt 0.0567 0.0525
vt 0.0709 0.0525
vt 0.0000 0.0791
vt 0.0106 0.0791
vt 0.0213 0.0791
vt 0.0319 0.0791
vt 0.0425 0.0791
vt 0.0531 0.0791
vt 0.0000 0.1057
vt 0.0080 0.1057
vt 0.0160 0.1057
vt 0.0240 0.1057
vt 0.0320 0.1057
vt 0.0400 0.1057
vt 0.0000 0.1328
vt 0.0080 0.1328
vt 0.0160 0.1328
vt 0.0240 0.1328
vt 0.0320 0.1328
vt 0.0400 0.1328
vt 0.0000 0.1594
vt 0.0080 0.1594
vt 0.0160 0.1594
vt 0.0240 0.1594
vt 0.0320 0.1594
vt 0.0400 0.1594
vt 0.0000 0.0000
vt 0.1453 0.0000
vt 0.2907 0.0000
vt 0.4360 0.0000
vt 0.5813 0.0000
vt 0.7267 0.0000
vt 0.0000 0.1822
vt 0.1211 0.1822
vt 0.2422 0.1822
vt 0.3633 0.1822
vt 0.4844 0.1822
vt 0.6056 0.1822
vt 0.0000 0.3604
vt 0.0969 0.3604
vt 0.1938 0.3604
vt 0.2907 0.3604
vt 0.3876 0.3604
vt 0.4844 0.3604
vt 0.0000 0.5503
vt 0.0727 0.5503
vt 0.1453 0.5503
vt 0.2180 0.5503
vt 0.2907 0.5503
vt 0.3633 0.5503
vt 0.0000 0.7272
vt 0.0484 0.7272
vt 0.0969 0.7272
vt 0.1453 0.7272
vt 0.1938 0.7272
vt 0.2422 0.7272
vt 0.0000 0.9077
vt 0.0242 0.9077
vt 0.0484 0.9077
vt 0.0727 0.9077
vt 0.0969 0.9077
vt 0.1211 0.9077
vt 0.0000 1.0897
vt 0.0080 1.0897
vt 0.0160 1.0897
vt 0.0240 1.0897
vt 0.0320 1.0897
vt 0.0400 1.0897
vt 0.0000 0.0000
vt 0.1167 0.0000
vt 0.2334 0.0000
vt 0.3501 0.0000
vt 0.4668 0.0000
vt 0.5835 0.0000
vt 0.0000 0.1531
vt 0.0973 0.1531
vt 0.1945 0.1531
vt 0.2918 0.1531
vt 0.3890 0.1531
vt 0.4863 0.1531
vt 0.0000 0.3070
vt 0.0778 0.3070
vt 0.1556 0.3070
vt 0.2334 0.3070
vt 0.3112 0.3070
vt 0.3890 0.3070
vt 0.0000 0.4478
vt 0.0584 0.4478
vt 0.1167 0.4478
vt 0.1751 0.4478
vt 0.2334 0.4478
vt 0.2918 0.4478
vt 0.0000 0.5946
vt 0.0389 0.5946
vt 0.0778 0.5946
vt 0.1167 0.5946
vt 0.1556 0.5946
vt 0.1945 0.5946
vt 0.0000 0.7433
vt 0.0195 0.7433
vt 0.0389 0.7433
vt 0.0584 0.7433
vt 0.0778 0.7433
vt 0.0973 0.7433
vt 0.0000 0.8895
vt 0.0080 0.8895
vt 0.0160 0.8895
vt 0.0240 0.8895
vt 0.0320 0.8895
vt 0.0400 0.8895
vt 0.0000 0.0000
vt 0.2356 0.0000
vt 0.4713 0.0000
vt 0.7069 0.0000
vt 0.9425 0.0000
vt 1.1782 0.0000
vt 0.0000 0.3071
vt 0.1964 0.3071
vt 0.3927 0.3071
vt 0.5891 0.3071
vt 0.7854 0.3071
vt 0.9818 0.3071
vt 0.0000 0.5899
vt 0.1571 0.5899
vt 0.3142 0.5899
vt 0.4713 0.5899
vt 0.6284 0.5899
vt 0.7854 0.5899
vt 0.0000 0.8961
vt 0.1178 0.8961
vt 0.2356 0.8961
vt 0.3534 0.8961
vt 0.4713 0.8961
vt 0.5891 0.8961
vt 0.0000 1.1974
vt 0.0785 1.1974
vt 0.1571 1.1974
vt 0.2356 1.1974
vt 0.3142 1.1974
vt 0.3927 1.1974
vt 0.0000 1.4913
vt 0.0393 1.4913
vt 0.0785 1.4913
vt 0.1178 1.4913
vt 0.1571 1.4913
vt 0.1964 1.4913
vt 0.0000 1.7863
vt 0.0080 1.7863
vt 0.0160 1.7863
vt 0.0240 1.7863
vt 0.0320 1.7863
vt 0.0400 1.7863
vt 0.0000 0.0000
vt 0.3128 0.0000
vt 0.6257 0.0000
vt 0.9385 0.0000
vt 1.2513 0.0000
vt 1.5641 0.0000
vt 0.0000 0.3893
vt 0.2607 0.3893
vt 0.5214 0.3893
vt 0.7821 0.3893
vt 1.0428 0.3893
vt 1.3034 0.3893
vt 0.0000 0.7913
vt 0.2086 0.7913
vt 0.4171 0.7913
vt 0.6257 0.7913
vt 0.8342 0.7913
vt 1.0428 0.7913
vt 0.0000 1.1924
vt 0.1564 1.1924
vt 0.3128 1.1924
vt 0.4692 1.1924
vt 0.6257 1.1924
vt 0.7821 1.1924
vt 0.0000 1.5751
vt 0.1043 1.5751
vt 0.2085 1.5751
vt 0.3128 1.5751
vt 0.4171 1.5751
vt 0.5214 1.5751
vt 0.0000 1.9646
vt 0.0521 1.9646
vt 0.1043 1.9646
vt 0.1564 1.9646
vt 0.2086 1.9646
vt 0.2607 1.9646
vt 0.0000 2.3563
vt 0.0080 2.3563
vt 0.0160 2.3563
vt 0.0240 2.3563
vt 0.0320 2.3563
vt 0.0400 2.3563
vt 0.0000 0.0000
vt 0.1731 0.0000
vt 0.3462 0.0000
vt 0.5193 0.0000
vt 0.6924 0.0000
vt 0.8655 0.0000
vt 0.0000 0.2263
vt 0.1442 0.2263
vt 0.2885 0.2263
vt 0.4327 0.2263
vt 0.5770 0.2263
vt 0.7212 0.2263
vt 0.0000 0.4335
vt 0.1154 0.4335
vt 0.2308 0.4335
vt 0.3462 0.4335
vt 0.4616 0.4335
vt 0.5770 0.4335
vt 0.0000 0.6449
vt 0.0865 0.6449
vt 0.1731 0.6449
vt 0.2596 0.6449
vt 0.3462 0.6449
vt 0.4327 0.6449
vt 0.0000 0.8565
vt 0.0577 0.8565
vt 0.1154 0.8565
vt 0.1731 0.8565
vt 0.2308 0.8565
vt 0.2885 0.8565
vt 0.0000 1.0716
vt 0.0288 1.0716
vt 0.0577 1.0716
vt 0.0865 1.0716
vt 0.1154 1.0716
vt 0.1442 1.0716
vt 0.0000 1.2883
vt 0.0080 1.2883
vt 0.0160 1.2883
vt 0.0240 1.2883
vt 0.0320 1.2883
vt 0.0400 1.2883
vt 0.0000 0.0000
vt 0.0771 0.0000
vt 0.1541 0.0000
vt 0.2312 0.0000
vt 0.0000 0.3358
vt 0.0514 0.3358
vt 0.1028 0.3358
vt 0.1541 0.3358
vt 0.0000 0.6733
vt 0.0257 0.6733
vt 0.0514 0.6733
vt 0.0771 0.6733
vt 0.0000 1.0087
vt 0.0133 1.0087
vt 0.0267 1.0087
vt 0.0400 1.0087
vt 0.0000 1.9008
vt 0.0682 1.9008
vt 0.1363 1.9008
vt 0.2045 1.9008
vt 0.0000 2.1927
vt 0.0454 2.1927
vt 0.0909 2.1927
vt 0.1363 2.1927
vt 0.0000 2.4904
vt 0.0227 2.4904
vt 0.0454 2.4904
vt 0.0682 2.4904
vt 0.0000 2.7870
vt 0.0133 2.7870
vt 0.0267 2.7870
vt 0.0400 2.7870
vt 0.0000 0.0000
vt 0.0279 0.0000
vt 0.0558 0.0000
vt 0.0837 0.0000
vt 0.0000 0.2271
vt 0.0186 0.2271
vt 0.0372 0.2271
vt 0.0558 0.2271
vt 0.0000 0.4559
vt 0.0133 0.4559
vt 0.0267 0.4559
vt 0.0400 0.4559
vt 0.0000 0.6837
vt 0.0133 0.6837
vt 0.0267 0.6837
vt 0.0400 0.6837
vt 0.0000 1.3887
vt 0.0556 1.3887
vt 0.1112 1.3887
vt 0.1668 1.3887
vt 0.0000 1.8466
vt 0.0371 1.8466
vt 0.0742 1.8466
vt 0.1112 1.8466
vt 0.0000 2.3011
vt 0.0185 2.3011
vt 0.0371 2.3011
vt 0.0556 2.3011
vt 0.0000 2.7549
vt 0.0133 2.7549
vt 0.0267 2.7549
vt 0.0400 2.7549
vt 0.0000 0.0000
vt 0.1190 0.0000
vt 0.2379 0.0000
vt 0.3569 0.0000
vt 0.0000 0.3041
vt 0.0793 0.3041
vt 0.1586 0.3041
vt 0.2379 0.3041
vt 0.0000 0.6083
vt 0.0397 0.6083
vt 0.0793 0.6083
vt 0.1190 0.6083
vt 0.0000 0.9098
vt 0.0133 0.9098
vt 0.0267 0.9098
vt 0.0400 0.9098
vt 0.0000 2.0072
vt 0.0372 2.0072
vt 0.0744 2.0072
vt 0.1116 2.0072
vt 0.0000 2.1010
vt 0.0248 2.1010
vt 0.0496 2.1010
vt 0.0744 2.1010
vt 0.0000 2.1961
vt 0.0133 2.1961
vt 0.0267 2.1961
vt 0.0400 2.1961
vt 0.0000 2.2904
vt 0.0133 2.2904
vt 0.0267 2.2904
vt 0.0400 2.2904
vt 0.0000 0.0000
vt 0.0750 0.0000
vt 0.1501 0.0000
vt 0.2251 0.0000
vt 0.0000 0.3676
vt 0.0500 0.3676
vt 0.1001 0.3676
vt 0.1501 0.3676
vt 0.0000 0.7328
vt 0.0250 0.7328
vt 0.0500 0.7328
vt 0.0750 0.7328
vt 0.0000 1.1005
vt 0.0133 1.1005
vt 0.0267 1.1005
vt 0.0400 1.1005
vt 0.0000 2.0243
vt 0.0187 2.0243
vt 0.0375 2.0243
vt 0.0562 2.0243
vt 0.0000 2.1156
vt 0.0133 2.1156
vt 0.0267 2.1156
vt 0.0400 2.1156
vt 0.0000 2.2079
vt 0.0133 2.2079
vt 0.0267 2.2079
vt 0.0400 2.2079
vt 0.0000 2.2997
vt 0.0133 2.2997
vt 0.0267 2.2997
vt 0.0400 2.2997
vt 0.0000 0.0000
vt 0.0896 0.0000
vt 0.1791 0.0000
vt 0.2687 0.0000
vt 0.0000 0.3710
vt 0.0597 0.3710
vt 0.1194 0.3710
vt 0.1791 0.3710
vt 0.0000 0.7416
vt 0.0299 0.7416
vt 0.0597 0.7416
vt 0.0896 0.7416
vt 0.0000 1.1154
vt 0.0133 1.1154
vt 0.0267 1.1154
vt 0.0400 1.1154
vt 0.0000 2.1943
vt 0.0566 2.1943
vt 0.1133 2.1943
vt 0.1699 2.1943
vt 0.0000 2.4275
vt 0.0378 2.4275
vt 0.0755 2.4275
vt 0.1133 2.4275
vt 0.0000 2.6627
vt 0.0189 2.6627
vt 0.0378 2.6627
vt 0.0566 2.6627
vt 0.0000 2.8992
vt 0.0133 2.8992
vt 0.0267 2.8992
vt 0.0400 2.8992
vt 0.0000 0.0000
vt 0.0133 0.0000
vt 0.0267 0.0000
vt 0.0400 0.0000
vt 0.0000 0.4861
vt 0.0133 0.4861
vt 0.0267 0.4861
vt 0.0400 0.4861
vt 0.0000 0.9726
vt 0.0133 0.9726
vt 0.0267 0.9726
vt 0.0400 0.9726
vt 0.0000 1.4593
vt 0.0133 1.4593
vt 0.0267 1.4593
vt 0.0400 1.4593
vt 0.0000 2.2929
vt 0.0133 2.2929
vt 0.0267 2.2929
vt 0.0400 2.2929
vt 0.0000 2.3373
vt 0.0133 2.3373
vt 0.0267 2.3373
vt 0.0400 2.3373
vt 0.0000 2.3816
vt 0.0133 2.3816
vt 0.0267 2.3816
vt 0.0400 2.3816
vt 0.0000 2.4258
vt 0.0133 2.4258
vt 0.0267 2.4258
vt 0.0400 2.4258
vt 0.0000 0.0000
vt 0.0339 0.0000
vt 0.0678 0.0000
vt 0.1017 0.0000
vt 0.0000 0.2503
vt 0.0226 0.2503
vt 0.0452 0.2503
vt 0.0678 0.2503
vt 0.0000 0.5030
vt 0.0133 0.5030
vt 0.0267 0.5030
vt 0.0400 0.5030
vt 0.0000 0.7547
vt 0.0133 0.7547
vt 0.0267 0.7547
vt 0.0400 0.7547
vt 0.0000 1.3109
vt 0.0133 1.3109
vt 0.0267 1.3109
vt 0.0400 1.3109
vt 0.0000 1.3961
vt 0.0133 1.3961
vt 0.0267 1.3961
vt 0.0400 1.3961
vt 0.0000 1.4811
vt 0.0133 1.4811
vt 0.0267 1.4811
vt 0.0400 1.4811
vt 0.0000 1.5658
vt 0.0133 1.5658
vt 0.0267 1.5658
vt 0.0400 1.5658
vt 0.0000 0.0000
vt 0.0591 0.0000
vt 0.1181 0.0000
vt 0.1772 0.0000
vt 0.0000 0.5498
vt 0.0394 0.5498
vt 0.0788 0.5498
vt 0.1181 0.5498
vt 0.0000 1.0945
vt 0.0197 1.0945
vt 0.0394 1.0945
vt 0.0591 1.0945
vt 0.0000 1.6408
vt 0.0133 1.6408
vt 0.0267 1.6408
vt 0.0400 1.6408
vt 0.0000 3.0799
vt 0.0247 3.0799
vt 0.0493 3.0799
vt 0.0740 3.0799
vt 0.0000 3.3087
vt 0.0164 3.3087
vt 0.0329 3.3087
vt 0.0493 3.3087
vt 0.0000 3.5365
vt 0.0133 3.5365
vt 0.0267 3.5365
vt 0.0400 3.5365
vt 0.0000 3.7645
vt 0.0133 3.7645
vt 0.0267 3.7645
vt 0.0400 3.7645
vt 0.0000 0.0000
vt 0.0311 0.0000
vt 0.0623 0.0000
vt 0.0934 0.0000
vt 0.0000 0.1415
vt 0.0208 0.1415
vt 0.0415 0.1415
vt 0.0623 0.1415
vt 0.0000 0.2831
vt 0.0133 0.2831
vt 0.0267 0.2831
vt 0.0400 0.2831
vt 0.0000 0.4258
vt 0.0133 0.4258
vt 0.0267 0.4258
vt 0.0400 0.4258
vt 0.0000 1.1944
vt 0.0900 1.1944
vt 0.1800 1.1944
vt 0.2700 1.1944
vt 0.0000 1.6101
vt 0.0600 1.6101
vt 0.1200 1.6101
vt 0.1800 1.6101
vt 0.0000 2.0232
vt 0.0300 2.0232
vt 0.0600 2.0232
vt 0.0900 2.0232
vt 0.0000 2.4354
vt 0.0133 2.4354
vt 0.0267 2.4354
vt 0.0400 2.4354
vt 0.0000 0.0000
vt 0.0785 0.0000
vt 0.1571 0.0000
vt 0.2356 0.0000
vt 0.0000 0.2717
vt 0.0524 0.2717
vt 0.1047 0.2717
vt 0.1571 0.2717
vt 0.0000 0.5407
vt 0.0262 0.5407
vt 0.0524 0.5407
vt 0.0785 0.5407
vt 0.0000 0.8118
vt 0.0133 0.8118
vt 0.0267 0.8118
vt 0.0400 0.8118
vt 0.0000 2.0885
vt 0.1464 2.0885
vt 0.2928 2.0885
vt 0.4392 2.0885
vt 0.0000 2.5917
vt 0.0976 2.5917
vt 0.1952 2.5917
vt 0.2928 2.5917
vt 0.0000 3.1016
vt 0.0488 3.1016
vt 0.0976 3.1016
vt 0.1464 3.1016
vt 0.0000 3.6065
vt 0.0133 3.6065
vt 0.0267 3.6065
vt 0.0400 3.6065
vt 0.0000 0.0000
vt 0.0331 0.0000
vt 0.0663 0.0000
vt 0.0994 0.0000
vt 0.0000 0.2039
vt 0.0221 0.2039
vt 0.0442 0.2039
vt 0.0663 0.2039
vt 0.0000 0.4105
vt 0.0133 0.4105
vt 0.0267 0.4105
vt 0.0400 0.4105
vt 0.0000 0.6171
vt 0.0133 0.6171
vt 0.0267 0.6171
vt 0.0400 0.6171
vt 0.0000 1.1470
vt 0.0418 1.1470
vt 0.0835 1.1470
vt 0.1253 1.1470
vt 0.0000 1.4052
vt 0.0278 1.4052
vt 0.0557 1.4052
vt 0.0835 1.4052
vt 0.0000 1.6638
vt 0.0139 1.6638
vt 0.0278 1.6638
vt 0.0418 1.6638
vt 0.0000 1.9241
vt 0.0133 1.9241
vt 0.0267 1.9241
vt 0.0400 1.9241
vn 0.9058 0.3048 0.2943
vn 0.8147 0.3177 0.4851
vn 0.3740 0.3177 0.8713
vn -0.2096 0.3177 0.9247
vn -0.7131 0.3177 0.6249
vn -0.9442 0.3177 0.0864
vn -0.8147 0.3177 -0.4851
vn -0.3740 0.3177 -0.8713
vn 0.2096 0.3177 -0.9247
vn 0.7131 0.3177 -0.6249
vn 0.9058 0.3048 -0.2943
vn 0.9161 0.2687 0.2976
vn 0.7676 0.2614 0.5852
vn 0.2770 0.2614 0.9246
vn -0.3194 0.2614 0.9109
vn -0.7938 0.2613 0.5492
vn -0.9650 0.2613 -0.0223
vn -0.7676 0.2613 -0.5852
vn -0.2770 0.2614 -0.9246
vn 0.3194 0.2614 -0.9109
vn 0.7938 0.2614 -0.5492
vn 0.9263 0.2269 -0.3010
vn 0.9409 0.1455 0.3057
vn 0.7940 0.1321 0.5934
vn 0.2935 0.1322 0.9468
vn -0.3191 0.1324 0.9384
vn -0.8097 0.1325 0.5716
vn -0.9911 0.1325 -0.0135
vn -0.7939 0.1324 -0.5934
vn -0.2936 0.1323 -0.9467
vn 0.3189 0.1321 -0.9385
vn 0.8097 0.1320 -0.5719
vn 0.9459 0.1039 -0.3073
vn 0.9498 0.0503 0.3087
vn 0.8051 0.0463 0.5913
vn 0.3039 0.0459 0.9516
vn -0.3135 0.0458 0.9485
vn -0.8111 0.0459 0.5831
vn -0.9989 0.0462 -0.0050
vn -0.8051 0.0466 -0.5913
vn -0.3037 0.0469 -0.9516
vn 0.3137 0.0471 -0.9484
vn 0.8112 0.0470 -0.5828
vn 0.9504 0.0382 -0.3088
vn 0.9508 0.0249 0.3089
vn 0.8070 0.0258 0.5901
vn 0.3060 0.0253 0.9517
vn -0.3119 0.0252 0.9498
vn -0.8106 0.0253 0.5851
vn -0.9997 0.0257 -0.0030
vn -0.8070 0.0262 -0.5900
vn -0.3061 0.0266 -0.9516
vn 0.3117 0.0268 -0.9498
vn 0.8105 0.0267 -0.5852
vn 0.9508 0.0251 -0.3089
vn 0.9508 0.0248 0.3089
vn 0.8069 0.0261 0.5900
vn 0.3061 0.0259 0.9517
vn -0.3117 0.0257 0.9498
vn -0.8105 0.0256 0.5852
vn -0.9997 0.0257 -0.0031
vn -0.8069 0.0259 -0.5901
vn -0.3059 0.0261 -0.9517
vn 0.3120 0.0263 -0.9497
vn 0.8106 0.0264 -0.5850
vn 0.9508 0.0252 -0.3089
vn 0.9507 0.0256 0.3089
vn 0.8068 0.0269 0.5902
vn 0.3058 0.0266 0.9517
vn -0.3120 0.0260 0.9497
vn -0.8106 0.0255 0.5850
vn -0.9997 0.0251 -0.0031
vn -0.8070 0.0250 -0.5901
vn -0.3060 0.0254 -0.9517
vn 0.3119 0.0259 -0.9498
vn 0.8106 0.0265 -0.5850
vn 0.9507 0.0256 -0.3090
vn 0.9507 0.0263 0.3089
vn 0.8068 0.0276 0.5902
vn 0.3057 0.0275 0.9517
vn -0.3121 0.0267 0.9497
vn -0.8107 0.0257 0.5849
vn -0.9997 0.0248 -0.0033
vn -0.8069 0.0243 -0.5902
vn -0.3059 0.0245 -0.9518
vn 0.3119 0.0252 -0.9498
vn 0.8106 0.0263 -0.5850
vn 0.9507 0.0254 -0.3089
vn 0.9508 0.0256 0.3089
vn 0.8068 0.0268 0.5902
vn 0.3057 0.0269 0.9517
vn -0.3121 0.0266 0.9497
vn -0.8108 0.0261 0.5848
vn -0.9997 0.0255 -0.0035
vn -0.8067 0.0252 -0.5904
vn -0.3057 0.0251 -0.9518
vn 0.3121 0.0254 -0.9497
vn 0.8107 0.0259 -0.5849
vn 0.9508 0.0247 -0.3089
vn 0.9508 0.0250 0.3089
vn 0.8067 0.0265 0.5904
vn 0.3056 0.0265 0.9518
vn -0.3122 0.0264 0.9496
vn -0.8108 0.0260 0.5848
vn -0.9997 0.0257 -0.0035
vn -0.8067 0.0255 -0.5904
vn -0.3056 0.0255 -0.9518
vn 0.3122 0.0256 -0.9497
vn 0.8108 0.0259 -0.5847
vn 0.9508 0.0250 -0.3089
vn 0.9508 0.0253 0.3089
vn 0.8066 0.0264 0.5905
vn 0.3055 0.0263 0.9518
vn -0.3123 0.0260 0.9496
vn -0.8109 0.0258 0.5847
vn -0.9997 0.0256 -0.0036
vn -0.8066 0.0256 -0.5905
vn -0.3055 0.0257 -0.9519
vn 0.3124 0.0260 -0.9496
vn 0.8109 0.0262 -0.5847
vn 0.9508 0.0249 -0.3089
vn 0.9508 0.0246 0.3089
vn 0.8066 0.0259 0.5906
vn 0.3053 0.0263 0.9519
vn -0.3125 0.0265 0.9495
vn -0.8110 0.0265 0.5845
vn -0.9996 0.0264 -0.0038
vn -0.8065 0.0261 -0.5906
vn -0.3054 0.0257 -0.9519
vn 0.3124 0.0255 -0.9496
vn 0.8109 0.0254 -0.5846
vn 0.9508 0.0241 -0.3089
vn 0.9508 0.0245 0.3089
vn 0.8065 0.0261 0.5907
vn 0.3053 0.0264 0.9519
vn -0.3125 0.0266 0.9495
vn -0.8110 0.0265 0.5845
vn -0.9996 0.0263 -0.0039
vn -0.8064 0.0259 -0.5908
vn -0.3052 0.0256 -0.9520
vn 0.3126 0.0254 -0.9495
vn 0.8110 0.0254 -0.5844
vn 0.9508 0.0244 -0.3089
vn 0.9508 0.0249 0.3089
vn 0.8064 0.0262 0.5908
vn 0.3051 0.0262 0.9520
vn -0.3127 0.0261 0.9495
vn -0.8111 0.0259 0.5843
vn -0.9997 0.0258 -0.0040
vn -0.8064 0.0257 -0.5908
vn -0.3051 0.0258 -0.9520
vn 0.3127 0.0259 -0.9495
vn 0.8111 0.0261 -0.5843
vn 0.9508 0.0249 -0.3089
vn 0.9508 0.0251 0.3089
vn 0.8063 0.0262 0.5910
vn 0.3049 0.0262 0.9520
vn -0.3129 0.0260 0.9494
vn -0.8112 0.0259 0.5842
vn -0.9997 0.0257 -0.0042
vn -0.8063 0.0257 -0.5909
vn -0.3050 0.0258 -0.9520
vn 0.3128 0.0260 -0.9495
vn 0.8112 0.0261 -0.5842
vn 0.9508 0.0248 -0.3089
vn 0.9508 0.0243 0.3089
vn 0.8063 0.0252 0.5910
vn 0.3049 0.0253 0.9521
vn -0.3130 0.0256 0.9494
vn -0.8113 0.0260 0.5841
vn -0.9996 0.0265 -0.0044
vn -0.8061 0.0267 -0.5912
vn -0.3047 0.0267 -0.9521
vn 0.3131 0.0264 -0.9494
vn 0.8113 0.0260 -0.5841
vn 0.9508 0.0242 -0.3089
vn 0.9508 0.0239 0.3090
vn 0.8061 0.0252 0.5913
vn 0.3046 0.0250 0.9521
vn -0.3131 0.0252 0.9494
vn -0.8113 0.0256 0.5840
vn -0.9996 0.0262 -0.0044
vn -0.8061 0.0268 -0.5912
vn -0.3046 0.0270 -0.9521
vn 0.3133 0.0268 -0.9493
vn 0.8114 0.0263 -0.5838
vn 0.9508 0.0251 -0.3089
vn 0.9508 0.0249 0.3089
vn 0.8060 0.0259 0.5914
vn 0.3044 0.0256 0.9522
vn -0.3134 0.0254 0.9493
vn -0.8115 0.0254 0.5838
vn -0.9997 0.0257 -0.0047
vn -0.8060 0.0261 -0.5914
vn -0.3045 0.0264 -0.9522
vn 0.3133 0.0266 -0.9493
vn 0.8115 0.0265 -0.5838
vn 0.9508 0.0250 -0.3089
vn 0.9508 0.0247 0.3089
vn 0.8058 0.0260 0.5916
vn 0.3042 0.0260 0.9522
vn -0.3136 0.0260 0.9492
vn -0.8116 0.0260 0.5836
vn -0.9997 0.0260 -0.0049
vn -0.8058 0.0260 -0.5916
vn -0.3042 0.0260 -0.9522
vn 0.3136 0.0260 -0.9492
vn 0.8116 0.0260 -0.5836
vn 0.9508 0.0247 -0.3089
vn 0.9508 0.0247 0.3089
vn 0.8057 0.0260 0.5917
vn 0.3040 0.0260 0.9523
vn -0.3138 0.0260 0.9491
vn -0.8118 0.0260 0.5834
vn -0.9996 0.0260 -0.0052
vn -0.8057 0.0260 -0.5917
vn -0.3040 0.0260 -0.9523
vn 0.3138 0.0260 -0.9491
vn 0.8118 0.0260 -0.5834
vn 0.9508 0.0247 -0.3089
vn 0.9508 0.0247 0.3089
vn 0.8055 0.0260 0.5920
vn 0.3038 0.0260 0.9524
vn -0.3141 0.0260 0.9490
vn -0.8119 0.0260 0.5832
vn -0.9996 0.0260 -0.0054
vn -0.8055 0.0260 -0.5920
vn -0.3038 0.0260 -0.9524
vn 0.3141 0.0260 -0.9490
vn 0.8119 0.0260 -0.5832
vn 0.9508 0.0247 -0.3089
vn 0.9508 0.0247 0.3089
vn 0.8054 0.0260 0.5922
vn 0.3035 0.0260 0.9525
vn -0.3143 0.0260 0.9490
vn -0.8121 0.0260 0.5830
vn -0.9996 0.0260 -0.0057
vn -0.8054 0.0260 -0.5922
vn -0.3035 0.0260 -0.9525
vn 0.3143 0.0260 -0.9490
vn 0.8121 0.0260 -0.5830
vn 0.9508 0.0247 -0.3089
vn 0.9508 0.0247 0.3089
vn 0.8052 0.0260 0.5924
vn 0.3032 0.0260 0.9526
vn -0.3146 0.0260 0.9489
vn -0.8123 0.0260 0.5827
vn -0.9996 0.0260 -0.0060
vn -0.8052 0.0260 -0.5924
vn -0.3032 0.0260 -0.9526
vn 0.3146 0.0260 -0.9489
vn 0.8123 0.0260 -0.5827
vn 0.9508 0.0247 -0.3089
vn 0.9508 0.0247 0.3089
vn 0.8050 0.0260 0.5927
vn 0.3028 0.0260 0.9527
vn -0.3150 0.0260 0.9487
vn -0.8125 0.0260 0.5824
vn -0.9996 0.0260 -0.0064
vn -0.8050 0.0260 -0.5927
vn -0.3028 0.0260 -0.9527
vn 0.3150 0.0260 -0.9487
vn 0.8125 0.0260 -0.5824
vn 0.9508 0.0247 -0.3089
vn 0.9508 0.0247 0.3089
vn 0.8047 0.0260 0.5930
vn 0.3025 0.0260 0.9528
vn -0.3153 0.0260 0.9486
vn -0.8127 0.0260 0.5821
vn -0.9996 0.0260 -0.0068
vn -0.8047 0.0260 -0.5930
vn -0.3025 0.0260 -0.9528
vn 0.3153 0.0260 -0.9486
vn 0.8127 0.0260 -0.5821
vn 0.9508 0.0247 -0.3089
vn 0.9508 0.0247 0.3089
vn 0.8045 0.0260 0.5934
vn 0.3020 0.0260 0.9529
vn -0.3158 0.0260 0.9485
vn -0.8130 0.0260 0.5817
vn -0.9996 0.0260 -0.0072
vn -0.8045 0.0260 -0.5934
vn -0.3020 0.0260 -0.9529
vn 0.3158 0.0260 -0.9485
vn 0.8130 0.0260 -0.5817
vn 0.9508 0.0247 -0.3089
vn 0.9508 0.0247 0.3089
vn 0.8042 0.0260 0.5938
vn 0.3015 0.0260 0.9531
vn -0.3163 0.0260 0.9483
vn -0.8133 0.0260 0.5813
vn -0.9996 0.0260 -0.0077
vn -0.8042 0.0260 -0.5938
vn -0.3015 0.0260 -0.9531
vn 0.3163 0.0260 -0.9483
vn 0.8133 0.0260 -0.5813
vn 0.9508 0.0247 -0.3089
vn 0.9508 0.0247 0.3089
vn 0.8038 0.0260 0.5943
vn 0.3010 0.0260 0.9533
vn -0.3168 0.0260 0.9481
vn -0.8136 0.0260 0.5808
vn -0.9996 0.0260 -0.0083
vn -0.8038 0.0260 -0.5943
vn -0.3010 0.0260 -0.9533
vn 0.3168 0.0260 -0.9481
vn 0.8136 0.0260 -0.5808
vn 0.9508 0.0247 -0.3089
vn 0.9508 0.0247 0.3089
vn 0.8034 0.0260 0.5949
vn 0.3003 0.0260 0.9535
vn -0.3175 0.0260 0.9479
vn -0.8140 0.0260 0.5803
vn -0.9996 0.0260 -0.0090
vn -0.8034 0.0260 -0.5949
vn -0.3003 0.0260 -0.9535
vn 0.3175 0.0260 -0.9479
vn 0.8140 0.0260 -0.5803
vn 0.9508 0.0247 -0.3089
vn 0.9508 0.0247 0.3089
vn 0.8029 0.0260 0.5955
vn 0.2995 0.0260 0.9537
vn -0.3183 0.0260 0.9476
vn -0.8145 0.0260 0.5796
vn -0.9996 0.0260 -0.0098
vn -0.8029 0.0260 -0.5955
vn -0.2995 0.0260 -0.9537
vn 0.3183 0.0260 -0.9476
vn 0.8145 0.0260 -0.5796
vn 0.9508 0.0247 -0.3089
vn 0.9508 0.0247 0.3089
vn 0.8023 0.0260 0.5963
vn 0.2986 0.0260 0.9540
vn -0.3192 0.0260 0.9473
vn -0.8151 0.0260 0.5788
vn -0.9996 0.0260 -0.0108
vn -0.8023 0.0260 -0.5963
vn -0.2986 0.0260 -0.9540
vn 0.3192 0.0260 -0.9473
vn 0.8151 0.0260 -0.5788
vn 0.9508 0.0247 -0.3089
vn 0.9508 0.0247 0.3089
vn 0.8016 0.0260 0.5973
vn 0.2974 0.0260 0.9544
vn -0.3203 0.0260 0.9469
vn -0.8158 0.0260 0.5778
vn -0.9996 0.0260 -0.0120
vn -0.8016 0.0260 -0.5973
vn -0.2974 0.0260 -0.9544
vn 0.3203 0.0260 -0.9469
vn 0.8158 0.0260 -0.5778
vn 0.9508 0.0247 -0.3089
vn 0.9508 0.0247 0.3089
vn 0.8007 0.0260 0.5985
vn 0.2960 0.0260 0.9548
vn -0.3218 0.0260 0.9465
vn -0.8166 0.0260 0.5766
vn -0.9996 0.0260 -0.0135
vn -0.8007 0.0260 -0.5985
vn -0.2960 0.0260 -0.9548
vn 0.3218 0.0260 -0.9465
vn 0.8166 0.0260 -0.5766
vn 0.9508 0.0247 -0.3089
vn 0.9508 0.0247 0.3089
vn 0.7996 0.0260 0.6000
vn 0.2942 0.0260 0.9554
vn -0.3236 0.0260 0.9458
vn -0.8177 0.0260 0.5750
vn -0.9995 0.0260 -0.0155
vn -0.7996 0.0260 -0.6000
vn -0.2942 0.0260 -0.9554
vn 0.3236 0.0260 -0.9458
vn 0.8177 0.0260 -0.5750
vn 0.9508 0.0247 -0.3089
vn 0.9508 0.0247 0.3089
vn 0.7980 0.0260 0.6021
vn 0.2917 0.0260 0.9562
vn -0.3260 0.0260 0.9450
vn -0.8192 0.0260 0.5729
vn -0.9995 0.0260 -0.0180
vn -0.7980 0.0260 -0.6021
vn -0.2917 0.0260 -0.9562
vn 0.3260 0.0260 -0.9450
vn 0.8192 0.0260 -0.5729
vn 0.9508 0.0247 -0.3089
vn 0.9508 0.0247 0.3089
vn 0.7958 0.0260 0.6050
vn 0.2883 0.0260 0.9572
vn -0.3294 0.0260 0.9438
vn -0.8213 0.0260 0.5699
vn -0.9994 0.0260 -0.0216
vn -0.7958 0.0260 -0.6050
vn -0.2883 0.0260 -0.9572
vn 0.3294 0.0260 -0.9438
vn 0.8213 0.0260 -0.5699
vn 0.9508 0.0247 -0.3089
vn 0.9508 0.0247 0.3089
vn 0.7925 0.0260 0.6093
vn 0.2831 0.0260 0.9587
vn -0.3345 0.0260 0.9420
vn -0.8244 0.0260 0.5655
vn -0.9993 0.0260 -0.0271
vn -0.7925 0.0260 -0.6093
vn -0.2831 0.0260 -0.9587
vn 0.3345 0.0260 -0.9420
vn 0.8244 0.0260 -0.5655
vn 0.9508 0.0247 -0.3089
vn 0.9508 0.0247 0.3089
vn 0.7870 0.0260 0.6164
vn 0.2744 0.0260 0.9613
vn -0.3430 0.0260 0.9390
vn -0.8294 0.0260 0.5580
vn -0.9990 0.0260 -0.0361
vn -0.7870 0.0260 -0.6164
vn -0.2744 0.0260 -0.9613
vn 0.3430 0.0260 -0.9390
vn 0.8294 0.0260 -0.5580
vn 0.9508 0.0247 -0.3089
vn 0.9508 0.0247 0.3089
vn 0.7758 0.0260 0.6305
vn 0.2571 0.0260 0.9660
vn -0.3599 0.0260 0.9326
vn -0.8393 0.0260 0.5430
vn -0.9982 0.0260 -0.0541
vn -0.7758 0.0260 -0.6305
vn -0.2571 0.0260 -0.9660
vn 0.3599 0.0260 -0.9326
vn 0.8393 0.0260 -0.5430
vn 0.9508 0.0247 -0.3089
vn 0.9508 0.0247 0.3089
vn 0.7408 0.0258 0.6713
vn 0.2047 0.0258 0.9785
vn -0.4095 0.0258 0.9119
vn -0.8673 0.0258 0.4971
vn -0.9939 0.0258 -0.1076
vn -0.7408 0.0258 -0.6713
vn -0.2047 0.0258 -0.9785
vn 0.4095 0.0258 -0.9119
vn 0.8673 0.0258 -0.4971
vn 0.9508 0.0247 -0.3089
vn 0.9508 0.0247 0.3089
vn 0.5876 0.0247 0.8088
vn 0.0000 0.0247 0.9997
vn -0.5876 0.0247 0.8088
vn -0.9508 0.0247 0.3089
vn -0.9508 0.0247 -0.3089
vn -0.5876 0.0247 -0.8088
vn 0.0000 0.0247 -0.9997
vn 0.5876 0.0247 -0.8088
vn 0.9508 0.0247 -0.3089
vn 0.0000 0.0000 0.0000
vn -0.7848 -0.5794 -0.2200
vn -0.4444 -0.8560 -0.2641
vn 0.7203 -0.6787 -0.1435
vn 0.8776 0.4753 0.0623
vn -0.1924 0.9807 -0.0334
vn -0.8174 0.5491 -0.1740
vn -0.7001 -0.6653 -0.2594
vn -0.1508 -0.9746 -0.1655
vn 0.8568 -0.4874 0.1681
vn 0.7059 0.7038 0.0796
vn -0.3967 0.8744 -0.2794
vn -0.7527 0.4813 -0.4493
vn -0.6454 -0.6714 -0.3643
vn -0.1615 -0.9830 -0.0868
vn 0.8087 -0.4383 0.3923
vn 0.7202 0.6804 0.1355
vn -0.2997 0.8519 -0.4294
vn -0.6227 0.4923 -0.6083
vn -0.3278 -0.6760 -0.6600
vn 0.1677 -0.9418 -0.2913
vn 0.7291 -0.3889 0.5632
vn 0.5022 0.6860 0.5265
vn -0.2448 0.8801 -0.4069
vn -0.2867 0.6343 -0.7179
vn 0.1541 -0.2348 -0.9598
vn 0.2547 -0.6724 -0.6950
vn 0.1272 -0.8847 0.4484
vn -0.0523 0.1270 0.9905
vn -0.0027 0.9862 0.1653
vn 0.0640 0.9977 -0.0227
vn 0.5024 0.4039 -0.7645
vn 0.3275 -0.3106 -0.8923
vn -0.2182 -0.9703 -0.1044
vn -0.3458 -0.3456 0.8723
vn 0.1278 0.7201 0.6820
vn 0.1895 0.7940 0.5776
vn 0.5643 0.6241 -0.5405
vn 0.0513 -0.3521 -0.9345
vn -0.4299 -0.9026 -0.0198
vn -0.2144 -0.2667 0.9396
vn 0.4001 0.6769 0.6179
vn 0.0000 0.0000 0.0000
vn -0.7972 -0.5721 0.1928
vn -0.4660 -0.8805 -0.0872
vn 0.5008 -0.7338 -0.4591
vn 0.7049 0.4934 -0.5096
vn -0.2184 0.9637 -0.1534
vn -0.7359 0.6152 0.2828
vn -0.8291 -0.5547 -0.0699
vn -0.3557 -0.7885 -0.5017
vn 0.6664 -0.3254 -0.6708
vn 0.6913 0.7075 -0.1467
vn -0.3077 0.8402 0.4466
vn -0.7236 0.5214 0.4523
vn -0.8736 -0.1245 -0.4704
vn -0.3033 -0.3585 -0.8829
vn 0.8351 -0.1781 -0.5204
vn 0.8129 0.3605 0.4575
vn -0.3391 0.5888 0.7337
vn -0.7412 0.5410 0.3974
vn -0.6008 -0.1052 -0.7925
vn 0.1472 -0.5849 -0.7976
vn 0.8531 -0.5090 0.1145
vn 0.4739 0.3598 0.8038
vn -0.4454 0.8552 0.2650
vn -0.5933 0.6569 -0.4652
vn -0.2521 -0.6274 -0.7368
vn 0.0870 -0.9951 -0.0467
vn 0.4681 -0.3121 0.8268
vn 0.3525 0.7983 0.4883
vn -0.1063 0.8090 -0.5782
vn -0.2444 0.1715 -0.9544
vn -0.2909 -0.9087 -0.2993
vn 0.0290 -0.8498 0.5263
vn 0.5363 0.1810 0.8244
vn 0.4239 0.9016 -0.0857
vn -0.1505 0.3140 -0.9374
vn -0.4365 -0.2265 -0.8707
vn -0.6077 -0.7815 0.1414
vn 0.3112 -0.4977 0.8096
vn 0.8687 0.3959 0.2977
vn 0.2943 0.6644 -0.6870
vn -0.6181 -0.0633 -0.7836
vn 0.0000 0.0000 0.0000
vn -0.6248 -0.5582 0.5459
vn -0.5097 -0.7880 0.3454
vn 0.1159 -0.7621 -0.6370
vn 0.4045 0.3519 -0.8442
vn -0.0531 0.9986 0.0053
vn -0.4112 0.6778 0.6095
vn -0.6010 -0.4455 0.6636
vn -0.4020 -0.8583 0.3190
vn 0.2647 -0.6921 -0.6715
vn 0.4180 0.4607 -0.7829
vn -0.1485 0.9855 0.0821
vn -0.3798 0.8129 0.4416
vn -0.6563 -0.2426 0.7144
vn -0.4102 -0.7768 0.4777
vn 0.4344 -0.8386 -0.3286
vn 0.5823 0.2607 -0.7700
vn -0.1865 0.9632 -0.1936
vn -0.5458 0.8298 0.1163
vn -0.7692 -0.2944 0.5671
vn -0.3141 -0.8445 0.4337
vn 0.6090 -0.7478 -0.2644
vn 0.6080 0.3318 -0.7213
vn -0.3203 0.8992 -0.2980
vn -0.6999 0.7110 0.0674
vn -0.8108 -0.4226 0.4049
vn -0.3058 -0.9380 0.1633
vn 0.6424 -0.6414 -0.4195
vn 0.6415 0.5116 -0.5716
vn -0.3271 0.9411 -0.0853
vn -0.6503 0.7460 0.1436
vn -0.8718 -0.3807 0.3082
vn -0.2631 -0.9459 0.1901
vn 0.7604 -0.6301 -0.1577
vn 0.7310 0.5144 -0.4483
vn -0.3741 0.8956 -0.2407
vn -0.6028 0.7637 -0.2308
vn -0.8893 -0.2431 0.3874
vn 0.1403 -0.7151 0.6848
vn 0.9561 -0.2904 -0.0402
vn 0.4306 0.4441 -0.7857
vn -0.7099 0.4734 -0.5215
vn 0.0000 0.0000 0.0000
vn -0.4973 -0.4773 0.7245
vn -0.3679 -0.6842 0.6297
vn -0.3429 -0.7864 -0.5138
vn -0.2231 0.2264 -0.9481
vn -0.1830 0.9787 -0.0930
vn -0.0665 0.7920 0.6069
vn -0.1142 -0.1575 0.9809
vn -0.0774 -0.6715 0.7370
vn -0.3515 -0.8758 -0.3308
vn -0.2925 0.0581 -0.9545
vn -0.0360 0.9837 -0.1764
vn 0.2416 0.9660 0.0919
vn 0.4108 0.3518 0.8411
vn 0.0439 -0.2386 0.9701
vn -0.6799 -0.7177 0.1506
vn -0.5615 -0.1733 -0.8091
vn 0.3066 0.6684 -0.6776
vn 0.6632 0.6939 -0.2803
vn 0.3060 0.2777 0.9106
vn -0.3471 -0.2312 0.9089
vn -0.7417 -0.6655 -0.0832
vn -0.2469 -0.0765 -0.9660
vn 0.4661 0.7358 -0.4913
vn 0.4348 0.8735 0.2187
vn 0.0888 0.0207 0.9958
vn -0.1596 -0.6824 0.7133
vn -0.4535 -0.7875 -0.4173
vn -0.2542 0.2401 -0.9369
vn 0.1611 0.9783 -0.1306
vn 0.3357 0.8299 0.4456
vn 0.1807 -0.3719 0.9105
vn -0.2972 -0.8850 0.3584
vn -0.5978 -0.4371 -0.6720
vn -0.2022 0.6651 -0.7189
vn 0.3453 0.8921 0.2915
vn 0.3967 0.5250 0.7530
vn 0.1589 -0.6235 0.7655
vn -0.3750 -0.8952 -0.2409
vn -0.4979 0.0896 -0.8626
vn -0.0400 0.9698 -0.2406
vn 0.3659 0.5291 0.7656
vn 0.0000 0.0000 0.0000
vn 0.2219 -0.5547 0.8019
vn 0.1094 -0.7823 0.6132
vn -0.5452 -0.7585 -0.3569
vn -0.6833 0.3527 -0.6393
vn -0.0346 0.9957 0.0861
vn 0.3745 0.6653 0.6459
vn 0.1711 -0.4345 0.8843
vn -0.1402 -0.8054 0.5759
vn -0.5112 -0.7133 -0.4794
vn -0.3592 0.3561 -0.8626
vn 0.1039 0.9911 0.0833
vn 0.1804 0.8586 0.4798
vn 0.0340 0.0479 0.9983
vn -0.0474 -0.5597 0.8273
vn -0.3307 -0.9084 -0.2559
vn -0.2461 -0.0194 -0.9690
vn 0.0984 0.9203 -0.3785
vn 0.3470 0.9307 0.1154
vn 0.1919 0.0698 0.9789
vn -0.1462 -0.5259 0.8379
vn -0.5944 -0.7845 -0.1771
vn -0.4064 0.1175 -0.9061
vn 0.1640 0.9490 -0.2691
vn 0.3245 0.9332 0.1545
vn 0.4574 0.2610 0.8501
vn 0.0781 -0.2693 0.9599
vn -0.7155 -0.6770 0.1722
vn -0.6291 -0.0597 -0.7751
vn 0.2576 0.7231 -0.6409
vn 0.5849 0.6842 -0.4356
vn 0.4526 0.5354 0.7131
vn -0.2282 0.0404 0.9728
vn -0.7949 -0.5846 0.1625
vn -0.3879 -0.3216 -0.8638
vn 0.4568 0.5073 -0.7307
vn 0.5004 0.7795 -0.3768
vn 0.0537 0.6755 0.7354
vn -0.2669 -0.4444 0.8551
vn -0.3346 -0.9178 -0.2139
vn -0.0559 -0.0903 -0.9943
vn 0.1840 0.8944 -0.4077
vn 0.0000 0.0000 0.0000
vn 0.3003 -0.3937 0.8688
vn -0.3364 -0.7223 0.6043
vn -0.8856 -0.0484 0.4619
vn -0.7873 0.4952 0.3674
vn 0.4399 0.6515 0.6181
vn 0.6343 -0.2237 0.7400
vn -0.9146 -0.4007 -0.0552
vn -0.6314 0.2010 -0.7490
vn 0.4273 0.8308 0.3566
vn 0.2749 0.3400 0.8994
vn 0.3209 -0.5995 0.7332
vn -0.4067 -0.8994 -0.1605
vn -0.5803 0.6300 -0.5161
vn 0.2314 0.9259 -0.2987
vn -0.0207 0.7725 0.6347
vn -0.6894 -0.2232 0.6892
vn -0.1953 -0.8634 -0.4652
vn 0.4293 -0.6710 -0.6045
vn 0.7312 0.6527 0.1981
vn -0.2374 0.9527 0.1898
vn -0.9540 0.2658 0.1390
vn -0.5988 -0.6391 -0.4826
vn 0.6081 -0.5531 -0.5695
vn 0.8206 0.2857 -0.4950
vn 0.3413 0.2752 0.8988
vn -0.6802 0.1119 0.7245
vn -0.8379 0.4215 -0.3467
vn 0.2938 0.2893 -0.9110
vn 0.9787 0.0691 -0.1935
vn 0.6316 -0.7011 0.3310
vn 0.2164 -0.1098 0.9701
vn 0.1708 0.5775 0.7983
vn -0.4554 0.8275 -0.3284
vn -0.3280 0.0476 -0.9435
vn 0.5194 -0.7765 -0.3567
vn 0.7209 -0.4919 -0.4882
vn 0.7740 0.0887 0.6269
vn -0.3534 0.0160 0.9354
vn -0.9983 0.0415 -0.0418
vn -0.2695 0.1300 -0.9542
vn 0.8258 0.1592 -0.5410
vn 0.0000 0.0000 0.0000
vn 0.8194 -0.5716 0.0424
vn 0.5384 -0.8308 0.1408
vn -0.6199 -0.7255 0.2990
vn -0.8859 0.4203 0.1964
vn 0.1001 0.9950 -0.0072
vn 0.7926 0.6032 -0.0897
vn 0.8220 -0.5694 -0.0043
vn 0.2669 -0.9606 0.0782
vn -0.8028 -0.5622 0.1985
vn -0.7726 0.6061 0.1889
vn 0.3742 0.9248 0.0683
vn 0.8060 0.5909 0.0334
vn 0.8097 -0.5839 -0.0585
vn 0.2674 -0.9578 0.1052
vn -0.7972 -0.4628 0.3877
vn -0.5667 0.7264 0.3889
vn 0.4525 0.8894 0.0641
vn 0.8325 0.5020 -0.2343
vn 0.8618 -0.4698 0.1911
vn 0.3282 -0.6894 0.6457
vn -0.8015 -0.3024 0.5159
vn -0.8147 0.5354 -0.2229
vn 0.2954 0.7958 -0.5286
vn 0.7500 0.6465 -0.1397
vn 0.7342 -0.0841 0.6737
vn 0.2307 -0.6398 0.7331
vn -0.8552 -0.4687 0.2215
vn -0.7664 0.4492 -0.4592
vn 0.3265 0.8608 -0.3905
vn 0.8089 0.5238 -0.2673
vn 0.8176 -0.5681 0.0938
vn 0.1899 -0.8061 0.5605
vn -0.7608 -0.1075 0.6400
vn -0.5847 0.8086 -0.0660
vn 0.4680 0.6756 -0.5697
vn 0.6733 0.3711 -0.6395
vn 0.6675 -0.7140 -0.2112
vn -0.0922 -0.7276 0.6798
vn -0.6392 0.3077 0.7048
vn -0.2175 0.9610 -0.1708
vn 0.5902 0.3296 -0.7369
vn 0.0000 0.0000 0.0000
vn 0.7277 -0.5671 -0.3859
vn 0.5472 -0.8131 -0.1984
vn -0.3182 -0.7146 0.6230
vn -0.5687 0.3983 0.7197
vn 0.1235 0.9898 -0.0709
vn 0.6389 0.6016 -0.4794
vn 0.7892 -0.5418 -0.2892
vn 0.4302 -0.9010 0.0563
vn -0.6161 -0.5285 0.5841
vn -0.6558 0.5989 0.4597
vn 0.3318 0.9315 -0.1493
vn 0.7662 0.6203 -0.1681
vn 0.8204 -0.5595 0.1182
vn 0.1362 -0.9652 0.2232
vn -0.8689 -0.4926 0.0479
vn -0.7517 0.6595 -0.0043
vn 0.3082 0.9279 0.2097
vn 0.7832 0.4903 0.3824
vn 0.7036 -0.6747 0.2230
vn 0.2207 -0.8944 -0.3889
vn -0.7739 -0.3834 -0.5041
vn -0.7540 0.6217 0.2118
vn 0.2640 0.5958 0.7585
vn 0.7378 0.2493 0.6274
vn 0.8312 -0.3968 -0.3895
vn 0.2198 -0.8483 -0.4818
vn -0.8430 -0.5356 0.0505
vn -0.6085 0.3829 0.6951
vn 0.4465 0.7157 0.5371
vn 0.8139 0.5356 0.2250
vn 0.7994 -0.5236 0.2945
vn -0.0156 -0.9568 0.2903
vn -0.9537 -0.2939 -0.0630
vn -0.6476 0.7333 -0.2072
vn 0.5182 0.8492 0.1019
vn 0.6601 0.5614 0.4991
vn 0.1282 -0.4989 0.8571
vn -0.1952 -0.9665 -0.1667
vn -0.3645 -0.0918 -0.9267
vn -0.1458 0.9165 -0.3725
vn 0.1587 0.6648 0.7299
vn 0.0000 0.0000 0.0000
vn 0.3176 -0.5810 -0.7494
vn 0.2737 -0.9275 -0.2546
vn -0.0898 -0.6132 0.7848
vn -0.1606 0.5906 0.7908
vn 0.0968 0.9498 -0.2973
vn 0.3137 0.3567 -0.8800
vn 0.4851 -0.7665 -0.4209
vn 0.3344 -0.8818 0.3327
vn -0.1917 -0.0578 0.9798
vn -0.2927 0.8799 0.3743
vn 0.1792 0.7017 -0.6895
vn 0.5393 0.1210 -0.8334
vn 0.5807 -0.7787 -0.2377
vn 0.2730 -0.8753 0.3991
vn -0.2698 0.0665 0.9606
vn -0.2954 0.9358 0.1924
vn 0.2004 0.5827 -0.7876
vn 0.2756 -0.0848 -0.9575
vn 0.4650 -0.8846 -0.0353
vn 0.3862 -0.6047 0.6965
vn -0.1343 0.4480 0.8839
vn -0.2854 0.9531 -0.1002
vn 0.1190 0.2264 -0.9667
vn 0.5202 -0.2639 -0.8122
vn 0.8171 -0.4764 0.3245
vn 0.3506 -0.3150 0.8820
vn -0.6840 0.1886 0.7047
vn -0.7327 0.5595 -0.3874
vn 0.3055 0.2953 -0.9053
vn 0.7260 0.1701 -0.6663
vn 0.8725 -0.2428 0.4240
vn 0.2001 -0.4346 0.8781
vn -0.8549 -0.0744 0.5135
vn -0.7058 0.5122 -0.4893
vn 0.4386 0.5125 -0.7382
vn 0.7458 0.3114 -0.5890
vn 0.8584 -0.3777 0.3471
vn -0.1684 -0.3784 0.9102
vn -0.9301 0.2438 0.2746
vn -0.3741 0.6292 -0.6813
vn 0.7313 0.2451 -0.6365
vn 0.0000 0.0000 0.0000
vn -0.1809 -0.5859 -0.7899
vn 0.0664 -0.9282 -0.3662
vn 0.3465 -0.5881 0.7308
vn 0.2277 0.5813 0.7812
vn -0.1179 0.9582 -0.2606
vn -0.2118 0.3666 -0.9059
vn 0.0285 -0.8241 -0.5657
vn 0.2212 -0.9748 0.0305
vn 0.4347 -0.1859 0.8812
vn 0.2660 0.8722 0.4105
vn -0.0458 0.7223 -0.6901
vn -0.1365 0.2017 -0.9699
vn 0.0454 -0.7611 -0.6471
vn 0.1976 -0.9584 -0.2060
vn 0.3533 -0.4167 0.8376
vn 0.1976 0.7140 0.6717
vn -0.0514 0.8807 -0.4708
vn -0.0869 0.6829 -0.7253
vn 0.2969 -0.2567 -0.9198
vn 0.3191 -0.7264 -0.6087
vn -0.0203 -0.8543 0.5193
vn -0.2256 0.1761 0.9582
vn -0.0205 0.9966 0.0795
vn 0.1467 0.9378 -0.3148
vn 0.3669 -0.0133 -0.9302
vn 0.2005 -0.7337 -0.6493
vn 0.0042 -0.8573 0.5149
vn -0.0503 0.2003 0.9784
vn 0.1155 0.9859 0.1212
vn 0.0436 0.8679 -0.4949
vn -0.0304 -0.2863 -0.9577
vn 0.2637 -0.8824 -0.3897
vn 0.4382 -0.5394 0.7191
vn 0.1433 0.5918 0.7932
vn -0.2105 0.9397 -0.2697
vn -0.2889 0.6423 -0.7099
vn -0.1648 -0.5099 -0.8443
vn 0.4124 -0.9061 0.0945
vn 0.5245 -0.0194 0.8512
vn 0.0165 0.9248 0.3801
vn -0.4096 0.6216 -0.6677
vn 0.0000 0.0000 0.0000
vn -0.5069 -0.5721 -0.6447
vn -0.2544 -0.8411 -0.4774
vn 0.6526 -0.7039 0.2804
vn 0.7601 0.4387 0.4794
vn -0.1261 0.9850 -0.1176
vn -0.5958 0.5522 -0.5832
vn -0.3831 -0.5990 -0.7032
vn 0.1109 -0.9305 -0.3492
vn 0.6704 -0.4835 0.5628
vn 0.4705 0.6221 0.6258
vn -0.2566 0.9149 -0.3115
vn -0.3618 0.5500 -0.7527
vn -0.2535 -0.5233 -0.8136
vn 0.0227 -0.9547 -0.2967
vn 0.6594 -0.5395 0.5235
vn 0.5493 0.6006 0.5810
vn -0.1184 0.9007 -0.4181
vn -0.4213 0.6843 -0.5952
vn -0.6399 -0.4073 -0.6517
vn -0.0094 -0.8037 -0.5949
vn 0.9309 -0.3539 -0.0901
vn 0.6446 0.6934 0.3221
vn -0.4066 0.8897 0.2077
vn -0.8328 0.5396 0.1240
vn -0.8110 -0.4663 -0.3533
vn -0.1733 -0.7671 -0.6177
vn 0.7742 -0.0354 -0.6319
vn 0.5737 0.8049 0.1517
vn -0.4577 0.6378 0.6194
vn -0.6406 0.0782 0.7639
vn -0.2765 -0.9430 0.1854
vn 0.0913 -0.7788 -0.6206
vn 0.2532 0.3501 -0.9019
vn -0.0771 0.9968 0.0203
vn -0.4439 0.2604 0.8574
vn -0.3610 -0.3042 0.8815
vn -0.0156 -0.9998 0.0094
vn -0.0607 -0.3222 -0.9447
vn -0.1423 0.7921 -0.5936
vn -0.1476 0.8030 0.5774
vn -0.0692 -0.3044 0.9500
vn 0.0000 0.0000 0.0000
vn -0.8435 0.3146 0.4353
vn -0.8435 0.5108 -0.1663
vn 0.6844 -0.0896 -0.7236
vn 0.6861 -0.4809 0.5458
vn -0.8518 0.3105 0.4220
vn -0.4554 0.4474 -0.7697
vn 0.9174 -0.3711 -0.1436
vn 0.6800 -0.4097 0.6081
vn -0.8637 0.3503 0.3625
vn -0.2765 0.1625 -0.9472
vn 0.8925 -0.4173 0.1712
vn 0.7321 -0.0807 0.6764
vn -0.8200 0.5113 0.2572
vn -0.0001 -0.5850 -0.8110
vn 0.8481 0.1118 0.5179
vn 0.3720 0.5008 0.7815
vn -0.7281 -0.4908 -0.4785
vn -0.8408 -0.5369 0.0692
vn 0.4936 0.2503 0.8329
vn 0.7948 0.3574 -0.4906
vn -0.7357 -0.2440 -0.6318
vn -0.6748 -0.3197 0.6652
vn 0.9582 0.0357 0.2839
vn 0.7908 0.5840 -0.1833
vn -0.8337 0.1755 -0.5235
vn -0.4202 -0.8103 0.4084
vn 0.9359 0.2474 0.2506
vn 0.8535 0.4915 -0.1731
vn -0.7888 0.1595 -0.5936
vn -0.1165 -0.5655 0.8165
vn 0.9127 0.3400 -0.2266
vn 0.7629 0.4470 -0.4672
vn -0.4908 -0.0060 0.8713
vn -0.3139 0.5255 0.7908
vn 0.5463 0.4586 -0.7008
vn 0.1609 -0.8107 -0.5629
vn -0.5358 -0.1227 0.8353
vn 0.0922 0.9349 0.3426
vn 0.5513 -0.1733 -0.8161
vn 0.0459 -0.7835 -0.6197
vn -0.4643 -0.1311 0.8759
vn 0.3078 0.9483 0.0767
vn 0.1025 -0.4502 -0.8870
vn 0.2979 -0.9341 -0.1969
vn 0.0984 0.2373 0.9664
vn -0.7368 0.3577 -0.5737
vn 0.6614 -0.5934 -0.4588
vn 0.3682 -0.5011 -0.7832
vn -0.5301 0.0835 0.8438
vn -0.8315 -0.0906 0.5480
vn 0.0779 -0.1978 -0.9771
vn 0.9374 0.3313 -0.1074
vn -0.3977 0.3848 0.8329
vn -0.9534 -0.2138 -0.2128
vn 0.7536 -0.4219 -0.5041
vn 0.8226 0.1683 -0.5432
vn -0.4993 0.8187 0.2834
vn -0.6234 -0.5629 0.5427
vn 0.7488 -0.4331 -0.5017
vn 0.7372 -0.0671 -0.6723
vn -0.4777 0.8645 0.1564
vn -0.2475 -0.7701 0.5879
vn 0.6765 -0.1252 -0.7257
vn 0.2942 0.6946 -0.6565
vn -0.0917 0.6041 0.7916
vn -0.0933 0.1811 0.9790
vn -0.0835 -0.9408 -0.3285
vn -0.0860 0.2005 -0.9759
vn -0.0808 0.7930 0.6038
vn 0.0524 -0.3736 0.9261
vn 0.0329 -0.6248 -0.7801
vn -0.1318 -0.1232 -0.9836
vn -0.1991 0.9103 0.3628
vn 0.3568 -0.3051 0.8829
vn -0.0360 -0.6535 -0.7561
vn -0.3541 -0.3746 -0.8569
vn -0.3207 0.8978 0.3018
vn 0.7470 -0.4608 0.4792
vn -0.4885 -0.4888 -0.7228
vn 0.3335 -0.8959 -0.2936
vn 0.1202 0.3237 0.9385
vn 0.1181 0.9118 0.3934
vn -0.1000 -0.1169 -0.9881
vn -0.0106 -0.9999 -0.0024
vn 0.1011 0.5691 0.8161
vn 0.0317 0.8941 -0.4467
vn 0.0305 -0.8251 -0.5642
vn 0.0642 -0.9078 0.4145
vn -0.0157 0.9092 0.4161
vn -0.0244 0.4153 -0.9093
vn 0.0820 -0.9928 0.0870
vn 0.2805 -0.5451 0.7901
vn -0.0097 0.9989 0.0464
vn -0.3913 -0.3869 -0.8350
vn 0.4464 -0.5977 0.6659
vn 0.5057 -0.3467 0.7899
vn 0.9554 0.2663 -0.1276
vn 0.9312 -0.3230 0.1690
vn -0.7748 -0.5530 0.3064
vn -0.7155 0.6430 -0.2732
vn 0.9655 0.2523 -0.0648
vn 0.4257 -0.7712 0.4733
vn -0.9993 0.0302 -0.0208
vn -0.6307 0.6752 -0.3825
vn 0.9823 0.1844 0.0343
vn 0.0697 -0.7691 0.6353
vn -0.9084 0.3460 -0.2346
vn -0.4397 0.5519 -0.7086
vn 0.9973 -0.0688 -0.0246
vn -0.4829 -0.1661 0.8597
vn -0.5194 0.2815 -0.8068
vn 0.2340 0.2614 -0.9364
vn 0.6202 -0.3679 -0.6929
vn 0.9326 0.2230 -0.2839
vn -0.4542 0.5109 0.7299
vn -0.8826 -0.4681 -0.0432
vn 0.7980 -0.2423 -0.5518
vn 0.6117 0.7023 0.3642
vn -0.9555 0.0283 0.2935
vn -0.6684 -0.6661 -0.3311
vn 0.9941 -0.0233 -0.1058
vn 0.0632 0.7262 0.6846
vn -0.8898 -0.4003 -0.2193
vn -0.2298 -0.4777 -0.8479
vn 0.9553 0.0961 0.2795
vn -0.6130 0.0466 0.7887
vn -0.3778 -0.0803 -0.9224
vn 0.5000 -0.0102 -0.8660
vn 0.7008 -0.4152 -0.5801
vn 0.8830 -0.4575 0.1055
vn -0.4661 0.3421 0.8159
vn -0.7579 0.4241 -0.4957
vn 0.7346 -0.4677 -0.4916
vn 0.6080 -0.1907 0.7707
vn -0.7766 0.6054 0.1741
vn -0.7239 0.2354 -0.6485
vn 0.7306 -0.6446 -0.2251
vn 0.4673 0.3665 0.8046
vn -0.8040 0.4847 -0.3444
vn -0.7504 -0.2393 -0.6161
vn 0.6609 -0.7120 0.2369
vn 0.2941 0.9530 0.0727
vn -0.9083 -0.2176 -0.3573
vn -0.6950 -0.6604 -0.2843
vn 0.5335 -0.6240 0.5709
vn 0.5924 -0.7998 -0.0972
vn -0.4101 0.3353 -0.8482
vn -0.5521 0.6763 0.4876
vn 0.5934 -0.5754 0.5629
vn 0.2915 -0.6447 -0.7067
vn -0.8059 0.5613 -0.1886
vn -0.4061 0.8451 0.3477
vn 0.7459 -0.2944 0.5975
vn -0.1986 -0.9488 -0.2455
vn -0.6491 0.7217 -0.2404
vn -0.2833 0.8983 -0.3358
vn 0.6513 -0.0258 0.7584
vn -0.6042 -0.7878 -0.1198
vn -0.1074 0.7961 -0.5955
vn 0.1290 0.9083 -0.3980
vn -0.3969 -0.7534 0.5243
vn 0.0376 -0.8547 -0.5178
vn 0.1918 0.9814 -0.0124
vn 0.2544 0.9561 -0.1457
vn -0.4612 0.1465 0.8751
vn -0.2502 0.7690 -0.5882
vn -0.0115 -0.0632 0.9979
vn 0.4181 -0.8722 -0.2539
vn 0.1352 0.9907 -0.0178
vn -0.9395 -0.2344 0.2497
vn 0.5515 -0.8325 -0.0531
vn 0.7282 0.3256 -0.6031
vn 0.0706 -0.3548 0.9323
vn -0.9180 -0.2071 -0.3383
vn 0.6766 0.4847 -0.5542
vn 0.4393 0.4775 -0.7609
vn 0.2788 -0.8228 -0.4953
vn 0.1670 -0.8782 0.4481
vn -0.2695 0.9119 0.3094
vn -0.0753 0.6891 -0.7207
vn 0.4901 -0.8574 0.1572
vn -0.1789 0.1072 0.9780
vn -0.4546 0.6394 -0.6201
vn 0.4897 -0.2024 -0.8481
vn 0.5000 -0.0000 0.8660
vn -0.1871 -0.0044 0.9823
vn -0.7572 -0.0044 -0.6532
vn 0.5000 -0.0039 -0.8660
vn 0.5000 -0.0050 0.8660
vn -0.6541 -0.0098 0.7563
vn -0.3279 -0.0098 -0.9447
vn 0.5000 -0.0050 -0.8660
vn -0.7790 -0.6270 -0.0016
vn -0.9454 -0.1365 -0.2960
vn 0.4207 0.8819 -0.2128
vn 0.8560 -0.2018 0.4760
vn -0.6921 -0.7216 0.0156
vn -0.7885 0.4380 -0.4318
vn 0.7886 0.5581 0.2582
vn 0.9628 -0.1188 0.2429
vn -0.5631 -0.8195 0.1070
vn -0.8117 0.5815 -0.0552
vn 0.9059 0.4120 -0.0980
vn 0.9901 0.0420 0.1339
vn -0.5401 -0.6439 0.5420
vn -0.5058 0.5532 -0.6619
vn 0.9850 0.1313 0.1117
vn 0.9435 0.3164 -0.0988
vn 0.0051 -0.8329 -0.5534
vn 0.1964 -0.8580 0.4746
vn -0.0215 0.8780 0.4783
vn -0.1929 0.5896 -0.7843
vn 0.2491 -0.9633 0.1002
vn 0.0967 0.1284 0.9870
vn -0.2552 0.8582 -0.4453
vn 0.0703 -0.2439 -0.9672
vn 0.2599 -0.6585 0.7063
vn -0.6827 0.5089 0.5243
vn 0.0769 0.0135 -0.9969
vn 0.8351 0.2982 -0.4622
vn 0.0921 -0.7893 0.6071
vn -0.7677 -0.1990 -0.6091
vn 0.5719 0.8188 0.0503
vn 0.2155 0.9024 -0.3732
vn -0.6442 -0.0755 -0.7611
vn -0.3418 0.3920 -0.8541
vn 0.7189 0.4731 0.5093
vn -0.0109 -0.6562 0.7545
vn -0.7574 -0.0998 -0.6453
vn 0.2387 0.7537 -0.6124
vn 0.6774 -0.2685 0.6848
vn 0.0219 -0.3967 0.9177
vn -0.9080 0.1197 -0.4015
vn 0.4432 0.4529 -0.7736
vn 0.5337 -0.2104 0.8191
vn 0.1794 -0.5886 0.7882
vn -0.9604 0.0898 -0.2639
vn 0.6719 0.7105 -0.2089
vn 0.3101 -0.8022 0.5102
vn 0.9811 0.0626 0.1833
vn 0.9952 0.0904 0.0365
vn -0.0104 -0.8899 -0.4560
vn -0.7511 -0.5981 -0.2796
vn -0.1154 0.8155 0.5672
vn 0.9958 0.0891 -0.0185
vn -0.5822 -0.6264 -0.5183
vn -0.4302 0.7869 0.4423
vn 0.4837 -0.7606 0.4331
vn 0.9778 -0.1978 -0.0691
vn -0.3456 0.9241 0.1633
vn -0.6452 -0.7440 -0.1738
vn -0.2307 0.8939 0.3843
vn 0.9924 0.0754 0.0968
vn -0.2715 -0.8827 -0.3837
vn -0.5995 0.7438 0.2955
vn -0.0936 0.9103 0.4033
vn 0.5435 -0.8309 -0.1190
vn 0.1663 -0.9859 -0.0188
vn -0.8061 0.4950 0.3242
vn 0.2204 0.9748 0.0341
vn 0.6957 -0.5735 -0.4324
vn -0.5705 -0.8209 -0.0258
vn -0.3840 0.7005 0.6015
vn 0.0307 0.9952 0.0931
vn 0.3708 -0.5188 -0.7703
vn -0.1789 -0.7967 0.5773
vn 0.0075 0.9105 0.4135
vn -0.1113 0.7627 -0.6371
vn 0.2692 -0.8221 -0.5017
vn 0.4297 0.2612 0.8644
vn -0.6774 0.6354 -0.3707
vn -0.0456 -0.6229 -0.7810
vn -0.9110 0.3742 0.1731
vn -0.9103 0.1406 -0.3894
vn 0.7200 -0.4173 -0.5545
vn 0.7225 0.1157 0.6816
vn -0.8896 0.4239 0.1701
vn -0.5210 -0.2350 -0.8206
vn 0.9324 -0.3423 0.1158
vn 0.8045 0.2161 0.5533
vn -0.8149 0.5681 0.1149
vn -0.5168 -0.6126 -0.5981
vn 0.9685 -0.1776 0.1748
vn 0.9036 0.2541 0.3450
vn -0.7675 0.6323 0.1055
vn -0.1741 -0.8933 -0.4144
vn 0.9327 0.2618 0.2479
vn 0.9739 0.1069 0.2003
vn -0.6295 0.7315 -0.2621
vn -0.6208 0.3677 -0.6923
vn 0.5362 -0.8212 -0.1950
vn 0.5551 0.0144 0.8317
vn -0.6138 0.7700 -0.1741
vn -0.4006 -0.2161 -0.8904
vn 0.6981 -0.6109 0.3734
vn 0.6314 -0.0401 0.7744
vn -0.6601 0.7502 -0.0372
vn -0.3429 -0.3824 -0.8580
vn 0.8415 -0.3729 0.3909
vn 0.6090 -0.0628 0.7907
vn -0.8655 0.4918 0.0951
vn 0.3051 -0.2783 -0.9107
vn 0.5947 -0.1533 0.7892
vn 0.5809 -0.1463 0.8007
vn -0.7846 -0.5635 -0.2587
vn -0.9916 -0.0873 0.0951
vn 0.4721 0.7343 0.4878
vn 0.9272 -0.2839 -0.2444
vn -0.7756 -0.5687 -0.2739
vn -0.7699 0.4445 0.4579
vn 0.9273 0.3094 0.2105
vn 0.9184 -0.2532 -0.3039
vn -0.7443 -0.6392 -0.1936
vn -0.5690 0.5967 0.5659
vn 0.9600 0.2449 -0.1356
vn 0.9426 -0.2874 -0.1697
vn -0.6942 -0.6832 0.2268
vn -0.2852 0.9461 -0.1537
vn 0.9720 -0.2348 -0.0038
vn 0.9874 -0.1556 -0.0275
vn 0.8578 0.4353 -0.2732
vn 0.7524 0.4100 0.5156
vn -0.6820 -0.2792 0.6759
vn -0.5314 -0.2041 -0.8222
vn 0.9091 0.2961 -0.2931
vn 0.2513 0.3720 0.8936
vn -0.9622 -0.1008 -0.2528
vn -0.4341 -0.7418 -0.5111
vn 0.9895 0.0721 0.1255
vn -0.1135 0.9081 0.4032
vn -0.7952 -0.5303 -0.2942
vn -0.3445 -0.7593 -0.5520
vn 0.8296 -0.1280 0.5435
vn -0.5905 0.7465 0.3065
vn -0.2450 -0.5218 -0.8172
vn 0.1974 -0.7164 -0.6691
vn 0.8038 -0.4751 0.3580
vn 0.8959 -0.3134 -0.3149
vn -0.5831 0.4396 -0.6832
vn -0.7617 0.0997 0.6402
vn 0.8418 -0.4193 0.3400
vn 0.3848 -0.0536 -0.9214
vn -0.9794 0.1977 -0.0401
vn -0.5929 0.3171 0.7402
vn 0.9176 -0.1752 0.3568
vn -0.0462 -0.6712 -0.7399
vn -0.8587 0.3695 0.3551
vn -0.4120 0.9098 0.0499
vn 0.9404 -0.0379 0.3380
vn -0.5972 -0.7564 0.2669
vn -0.3535 0.7622 -0.5422
vn -0.6144 0.5817 -0.5330
usemtl Tree_Bark
f 1/1/1 12/12/12 2/2/2
f 2/2/2 12/12/12 13/13/13
f 2/2/2 13/13/13 3/3/3
f 3/3/3 13/13/13 14/14/14
f 3/3/3 14/14/14 4/4/4
f 4/4/4 14/14/14 15/15/15
f 4/4/4 15/15/15 5/5/5
f 5/5/5 15/15/15 16/16/16
f 5/5/5 16/16/16 6/6/6
f 6/6/6 16/16/16 17/17/17
f 6/6/6 17/17/17 7/7/7
f 7/7/7 17/17/17 18/18/18
f 7/7/7 18/18/18 8/8/8
f 8/8/8 18/18/18 19/19/19
f 8/8/8 19/19/19 9/9/9
f 9/9/9 19/19/19 20/20/20
f 9/9/9 20/20/20 10/10/10
f 10/10/10 20/20/20 21/21/21
f 10/10/10 21/21/21 11/11/11
f 11/11/11 21/21/21 22/22/22
f 12/12/12 23/23/23 13/13/13
f 13/13/13 23/23/23 24/24/24
f 13/13/13 24/24/24 14/14/14
f 14/14/14 24/24/24 25/25/25
f 14/14/14 25/25/25 15/15/15
f 15/15/15 25/25/25 26/26/26
f 15/15/15 26/26/26 16/16/16
f 16/16/16 26/26/26 27/27/27
f 16/16/16 27/27/27 17/17/17
f 17/17/17 27/27/27 28/28/28
f 17/17/17 28/28/28 18/18/18
f 18/18/18 28/28/28 29/29/29
f 18/18/18 29/29/29 19/19/19
f 19/19/19 29/29/29 30/30/30
f 19/19/19 30/30/30 20/20/20
f 20/20/20 30/30/30 31/31/31
f 20/20/20 31/31/31 21/21/21
f 21/21/21 31/31/31 32/32/32
f 21/21/21 32/32/32 22/22/22
f 22/22/22 32/32/32 33/33/33
f 23/23/23 34/34/34 24/24/24
f 24/24/24 34/34/34 35/35/35
f 24/24/24 35/35/35 25/25/25
f 25/25/25 35/35/35 36/36/36
f 25/25/25 36/36/36 26/26/26
f 26/26/26 36/36/36 37/37/37
f 26/26/26 37/37/37 27/27/27
f 27/27/27 37/37/37 38/38/38
f 27/27/27 38/38/38 28/28/28
f 28/28/28 38/38/38 39/39/39
f 28/28/28 39/39/39 29/29/29
f 29/29/29 39/39/39 40/40/40
f 29/29/29 40/40/40 30/30/30
f 30/30/30 40/40/40 41/41/41
f 30/30/30 41/41/41 31/31/31
f 31/31/31 41/41/41 42/42/42
f 31/31/31 42/42/42 32/32/32
f 32/32/32 42/42/42 43/43/43
f 32/32/32 43/43/43 33/33/33
f 33/33/33 43/43/43 44/44/44
f 34/34/34 45/45/45 35/35/35
f 35/35/35 45/45/45 46/46/46
f 35/35/35 46/46/46 36/36/36
f 36/36/36 46/46/46 47/47/47
f 36/36/36 47/47/47 37/37/37
f 37/37/37 47/47/47 48/48/48
f 37/37/37 48/48/48 38/38/38
f 38/38/38 48/48/48 49/49/49
f 38/38/38 49/49/49 39/39/39
f 39/39/39 49/49/49 50/50/50
f 39/39/39 50/50/50 40/40/40
f 40/40/40 50/50/50 51/51/51
f 40/40/40 51/51/51 41/41/41
f 41/41/41 51/51/51 52/52/52
f 41/41/41 52/52/52 42/42/42
f 42/42/42 52/52/52 53/53/53
f 42/42/42 53/53/53 43/43/43
f 43/43/43 53/53/53 54/54/54
f 43/43/43 54/54/54 44/44/44
f 44/44/44 54/54/54 55/55/55
f 45/45/45 56/56/56 46/46/46
f 46/46/46 56/56/56 57/57/57
f 46/46/46 57/57/57 47/47/47
f 47/47/47 57/57/57 58/58/58
f 47/47/47 58/58/58 48/48/48
f 48/48/48 58/58/58 59/59/59
f 48/48/48 59/59/59 49/49/49
f 49/49/49 59/59/59 60/60/60
f 49/49/49 60/60/60 50/50/50
f 50/50/50 60/60/60 61/61/61
f 50/50/50 61/61/61 51/51/51
f 51/51/51 61/61/61 62/62/62
f 51/51/51 62/62/62 52/52/52
f 52/52/52 62/62/62 63/63/63
f 52/52/52 63/63/63 53/53/53
f 53/53/53 63/63/63 64/64/64
f 53/53/53 64/64/64 54/54/54
f 54/54/54 64/64/64 65/65/65
f 54/54/54 65/65/65 55/55/55
f 55/55/55 65/65/65 66/66/66
f 56/56/56 67/67/67 57/57/57
f 57/57/57 67/67/67 68/68/68
f 57/57/57 68/68/68 58/58/58
f 58/58/58 68/68/68 69/69/69
f 58/58/58 69/69/69 59/59/59
f 59/59/59 69/69/69 70/70/70
f 59/59/59 70/70/70 60/60/60
f 60/60/60 70/70/70 71/71/71
f 60/60/60 71/71/71 61/61/61
f 61/61/61 71/71/71 72/72/72
f 61/61/61 72/72/72 62/62/62
f 62/62/62 72/72/72 73/73/73
f 62/62/62 73/73/73 63/63/63
f 63/63/63 73/73/73 74/74/74
f 63/63/63 74/74/74 64/64/64
f 64/64/64 74/74/74 75/75/75
f 64/64/64 75/75/75 65/65/65
f 65/65/65 75/75/75 76/76/76
f 65/65/65 76/76/76 66/66/66
f 66/66/66 76/76/76 77/77/77
f 67/67/67 78/78/78 68/68/68
f 68/68/68 78/78/78 79/79/79
f 68/68/68 79/79/79 69/69/69
f 69/69/69 79/79/79 80/80/80
f 69/69/69 80/80/80 70/70/70
f 70/70/70 80/80/80 81/81/81
f 70/70/70 81/81/81 71/71/71
f 71/71/71 81/81/81 82/82/82
f 71/71/71 82/82/82 72/72/72
f 72/72/72 82/82/82 83/83/83
f 72/72/72 83/83/83 73/73/73
f 73/73/73 83/83/83 84/84/84
f 73/73/73 84/84/84 74/74/74
f 74/74/74 84/84/84 85/85/85
f 74/74/74 85/85/85 75/75/75
f 75/75/75 85/85/85 86/86/86
f 75/75/75 86/86/86 76/76/76
f 76/76/76 86/86/86 87/87/87
f 76/76/76 87/87/87 77/77/77
f 77/77/77 87/87/87 88/88/88
f 78/78/78 89/89/89 79/79/79
f 79/79/79 89/89/89 90/90/90
f 79/79/79 90/90/90 80/80/80
f 80/80/80 90/90/90 91/91/91
f 80/80/80 91/91/91 81/81/81
f 81/81/81 91/91/91 92/92/92
f 81/81/81 92/92/92 82/82/82
f 82/82/82 92/92/92 93/93/93
f 82/82/82 93/93/93 83/83/83
f 83/83/83 93/93/93 94/94/94
f 83/83/83 94/94/94 84/84/84
f 84/84/84 94/94/94 95/95/95
f 84/84/84 95/95/95 85/85/85
f 85/85/85 95/95/95 96/96/96
f 85/85/85 96/96/96 86/86/86
f 86/86/86 96/96/96 97/97/97
f 86/86/86 97/97/97 87/87/87
f 87/87/87 97/97/97 98/98/98
f 87/87/87 98/98/98 88/88/88
f 88/88/88 98/98/98 99/99/99
f 89/89/89 100/100/100 90/90/90
f 90/90/90 100/100/100 101/101/101
f 90/90/90 101/101/101 91/91/91
f 91/91/91 101/101/101 102/102/102
f 91/91/91 102/102/102 92/92/92
f 92/92/92 102/102/102 103/103/103
f 92/92/92 103/103/103 93/93/93
f 93/93/93 103/103/103 104/104/104
f 93/93/93 104/104/104 94/94/94
f 94/94/94 104/104/104 105/105/105
f 94/94/94 105/105/105 95/95/95
f 95/95/95 105/105/105 106/106/106
f 95/95/95 106/106/106 96/96/96
f 96/96/96 106/106/106 107/107/107
f 96/96/96 107/107/107 97/97/97
f 97/97/97 107/107/107 108/108/108
f 97/97/97 108/108/108 98/98/98
f 98/98/98 108/108/108 109/109/109
f 98/98/98 109/109/109 99/99/99
f 99/99/99 109/109/109 110/110/110
f 100/100/100 111/111/111 101/101/101
f 101/101/101 111/111/111 112/112/112
f 101/101/101 112/112/112 102/102/102
f 102/102/102 112/112/112 113/113/113
f 102/102/102 113/113/113 103/103/103
f 103/103/103 113/113/113 114/114/114
f 103/103/103 114/114/114 104/104/104
f 104/104/104 114/114/114 115/115/115
f 104/104/104 115/115/115 105/105/105
f 105/105/105 115/115/115 116/116/116
f 105/105/105 116/116/116 106/106/106
f 106/106/106 116/116/116 117/117/117
f 106/106/106 117/117/117 107/107/107
f 107/107/107 117/117/117 118/118/118
f 107/107/107 118/118/118 108/108/108
f 108/108/108 118/118/118 119/119/119
f 108/108/108 119/119/119 109/109/109
f 109/109/109 119/119/119 120/120/120
f 109/109/109 120/120/120 110/110/110
f 110/110/110 120/120/120 121/121/121
f 111/111/111 122/122/122 112/112/112
f 112/112/112 122/122/122 123/123/123
f 112/112/112 123/123/123 113/113/113
f 113/113/113 123/123/123 124/124/124
f 113/113/113 124/124/124 114/114/114
f 114/114/114 124/124/124 125/125/125
f 114/114/114 125/125/125 115/115/115
f 115/115/115 125/125/125 126/126/126
f 115/115/115 126/126/126 116/116/116
f 116/116/116 126/126/126 127/127/127
f 116/116/116 127/127/127 117/117/117
f 117/117/117 127/127/127 128/128/128
f 117/117/117 128/128/128 118/118/118
f 118/118/118 128/128/128 129/129/129
f 118/118/118 129/129/129 119/119/119
f 119/119/119 129/129/129 130/130/130
f 119/119/119 130/130/130 120/120/120
f 120/120/120 130/130/130 131/131/131
f 120/120/120 131/131/131 121/121/121
f 121/121/121 131/131/131 132/132/132
f 122/122/122 133/133/133 123/123/123
f 123/123/123 133/133/133 134/134/134
f 123/123/123 134/134/134 124/124/124
f 124/124/124 134/134/134 135/135/135
f 124/124/124 135/135/135 125/125/125
f 125/125/125 135/135/135 136/136/136
f 125/125/125 136/136/136 126/126/126
f 126/126/126 136/136/136 137/137/137
f 126/126/126 137/137/137 127/127/127
f 127/127/127 137/137/137 138/138/138
f 127/127/127 138/138/138 128/128/128
f 128/128/128 138/138/138 139/139/139
f 128/128/128 139/139/139 129/129/129
f 129/129/129 139/139/139 140/140/140
f 129/129/129 140/140/140 130/130/130
f 130/130/130 140/140/140 141/141/141
f 130/130/130 141/141/141 131/131/131
f 131/131/131 141/141/141 142/142/142
f 131/131/131 142/142/142 132/132/132
f 132/132/132 142/142/142 143/143/143
f 133/133/133 144/144/144 134/134/134
f 134/134/134 144/144/144 145/145/145
f 134/134/134 145/145/145 135/135/135
f 135/135/135 145/145/145 146/146/146
f 135/135/135 146/146/146 136/136/136
f 136/136/136 146/146/146 147/147/147
f 136/136/136 147/147/147 137/137/137
f 137/137/137 147/147/147 148/148/148
f 137/137/137 148/148/148 138/138/138
f 138/138/138 148/148/148 149/149/149
f 138/138/138 149/149/149 139/139/139
f 139/139/139 149/149/149 150/150/150
f 139/139/139 150/150/150 140/140/140
f 140/140/140 150/150/150 151/151/151
f 140/140/140 151/151/151 141/141/141
f 141/141/141 151/151/151 152/152/152
f 141/141/141 152/152/152 142/142/142
f 142/142/142 152/152/152 153/153/153
f 142/142/142 153/153/153 143/143/143
f 143/143/143 153/153/153 154/154/154
f 144/144/144 155/155/155 145/145/145
f 145/145/145 155/155/155 156/156/156
f 145/145/145 156/156/156 146/146/146
f 146/146/146 156/156/156 157/157/157
f 146/146/146 157/157/157 147/147/147
f 147/147/147 157/157/157 158/158/158
f 147/147/147 158/158/158 148/148/148
f 148/148/148 158/158/158 159/159/159
f 148/148/148 159/159/159 149/149/149
f 149/149/149 159/159/159 160/160/160
f 149/149/149 160/160/160 150/150/150
f 150/150/150 160/160/160 161/161/161
f 150/150/150 161/161/161 151/151/151
f 151/151/151 161/161/161 162/162/162
f 151/151/151 162/162/162 152/152/152
f 152/152/152 162/162/162 163/163/163
f 152/152/152 163/163/163 153/153/153
f 153/153/153 163/163/163 164/164/164
f 153/153/153 164/164/164 154/154/154
f 154/154/154 164/164/164 165/165/165
f 155/155/155 166/166/166 156/156/156
f 156/156/156 166/166/166 167/167/167
f 156/156/156 167/167/167 157/157/157
f 157/157/157 167/167/167 168/168/168
f 157/157/157 168/168/168 158/158/158
f 158/158/158 168/168/168 169/169/169
f 158/158/158 169/169/169 159/159/159
f 159/159/159 169/169/169 170/170/170
f 159/159/159 170/170/170 160/160/160
f 160/160/160 170/170/170 171/171/171
f 160/160/160 171/171/171 161/161/161
f 161/161/161 171/171/171 172/172/172
f 161/161/161 172/172/172 162/162/162
f 162/162/162 172/172/172 173/173/173
f 162/162/162 173/173/173 163/163/163
f 163/163/163 173/173/173 174/174/174
f 163/163/163 174/174/174 164/164/164
f 164/164/164 174/174/174 175/175/175
f 164/164/164 175/175/175 165/165/165
f 165/165/165 175/175/175 176/176/176
f 166/166/166 177/177/177 167/167/167
f 167/167/167 177/177/177 178/178/178
f 167/167/167 178/178/178 168/168/168
f 168/168/168 178/178/178 179/179/179
f 168/168/168 179/179/179 169/169/169
f 169/169/169 179/179/179 180/180/180
f 169/169/169 180/180/180 170/170/170
f 170/170/170 180/180/180 181/181/181
f 170/170/170 181/181/181 171/171/171
f 171/171/171 181/181/181 182/182/182
f 171/171/171 182/182/182 172/172/172
f 172/172/172 182/182/182 183/183/183
f 172/172/172 183/183/183 173/173/173
f 173/173/173 183/183/183 184/184/184
f 173/173/173 184/184/184 174/174/174
f 174/174/174 184/184/184 185/185/185
f 174/174/174 185/185/185 175/175/175
f 175/175/175 185/185/185 186/186/186
f 175/175/175 186/186/186 176/176/176
f 176/176/176 186/186/186 187/187/187
f 177/177/177 188/188/188 178/178/178
f 178/178/178 188/188/188 189/189/189
f 178/178/178 189/189/189 179/179/179
f 179/179/179 189/189/189 190/190/190
f 179/179/179 190/190/190 180/180/180
f 180/180/180 190/190/190 191/191/191
f 180/180/180 191/191/191 181/181/181
f 181/181/181 191/191/191 192/192/192
f 181/181/181 192/192/192 182/182/182
f 182/182/182 192/192/192 193/193/193
f 182/182/182 193/193/193 183/183/183
f 183/183/183 193/193/193 194/194/194
f 183/183/183 194/194/194 184/184/184
f 184/184/184 194/194/194 195/195/195
f 184/184/184 195/195/195 185/185/185
f 185/185/185 195/195/195 196/196/196
f 185/185/185 196/196/196 186/186/186
f 186/186/186 196/196/196 197/197/197
f 186/186/186 197/197/197 187/187/187
f 187/187/187 197/197/197 198/198/198
f 188/188/188 199/199/199 189/189/189
f 189/189/189 199/199/199 200/200/200
f 189/189/189 200/200/200 190/190/190
f 190/190/190 200/200/200 201/201/201
f 190/190/190 201/201/201 191/191/191
f 191/191/191 201/201/201 202/202/202
f 191/191/191 202/202/202 192/192/192
f 192/192/192 202/202/202 203/203/203
f 192/192/192 203/203/203 193/193/193
f 193/193/193 203/203/203 204/204/204
f 193/193/193 204/204/204 194/194/194
f 194/194/194 204/204/204 205/205/205
f 194/194/194 205/205/205 195/195/195
f 195/195/195 205/205/205 206/206/206
f 195/195/195 206/206/206 196/196/196
f 196/196/196 206/206/206 207/207/207
f 196/196/196 207/207/207 197/197/197
f 197/197/197 207/207/207 208/208/208
f 197/197/197 208/208/208 198/198/198
f 198/198/198 208/208/208 209/209/209
f 199/199/199 210/210/210 200/200/200
f 200/200/200 210/210/210 211/211/211
f 200/200/200 211/211/211 201/201/201
f 201/201/201 211/211/211 212/212/212
f 201/201/201 212/212/212 202/202/202
f 202/202/202 212/212/212 213/213/213
f 202/202/202 213/213/213 203/203/203
f 203/203/203 213/213/213 214/214/214
f 203/203/203 214/214/214 204/204/204
f 204/204/204 214/214/214 215/215/215
f 204/204/204 215/215/215 205/205/205
f 205/205/205 215/215/215 216/216/216
f 205/205/205 216/216/216 206/206/206
f 206/206/206 216/216/216 217/217/217
f 206/206/206 217/217/217 207/207/207
f 207/207/207 217/217/217 218/218/218
f 207/207/207 218/218/218 208/208/208
f 208/208/208 218/218/218 219/219/219
f 208/208/208 219/219/219 209/209/209
f 209/209/209 219/219/219 220/220/220
f 210/210/210 221/221/221 211/211/211
f 211/211/211 221/221/221 222/222/222
f 211/211/211 222/222/222 212/212/212
f 212/212/212 222/222/222 223/223/223
f 212/212/212 223/223/223 213/213/213
f 213/213/213 223/223/223 224/224/224
f 213/213/213 224/224/224 214/214/214
f 214/214/214 224/224/224 225/225/225
f 214/214/214 225/225/225 215/215/215
f 215/215/215 225/225/225 226/226/226
f 215/215/215 226/226/226 216/216/216
f 216/216/216 226/226/226 227/227/227
f 216/216/216 227/227/227 217/217/217
f 217/217/217 227/227/227 228/228/228
f 217/217/217 228/228/228 218/218/218
f 218/218/218 228/228/228 229/229/229
f 218/218/218 229/229/229 219/219/219
f 219/219/219 229/229/229 230/230/230
f 219/219/219 230/230/230 220/220/220
f 220/220/220 230/230/230 231/231/231
f 221/221/221 232/232/232 222/222/222
f 222/222/222 232/232/232 233/233/233
f 222/222/222 233/233/233 223/223/223
f 223/223/223 233/233/233 234/234/234
f 223/223/223 234/234/234 224/224/224
f 224/224/224 234/234/234 235/235/235
f 224/224/224 235/235/235 225/225/225
f 225/225/225 235/235/235 236/236/236
f 225/225/225 236/236/236 226/226/226
f 226/226/226 236/236/236 237/237/237
f 226/226/226 237/237/237 227/227/227
f 227/227/227 237/237/237 238/238/238
f 227/227/227 238/238/238 228/228/228
f 228/228/228 238/238/238 239/239/239
f 228/228/228 239/239/239 229/229/229
f 229/229/229 239/239/239 240/240/240
f 229/229/229 240/240/240 230/230/230
f 230/230/230 240/240/240 241/241/241
f 230/230/230 241/241/241 231/231/231
f 231/231/231 241/241/241 242/242/242
f 232/232/232 243/243/243 233/233/233
f 233/233/233 243/243/243 244/244/244
f 233/233/233 244/244/244 234/234/234
f 234/234/234 244/244/244 245/245/245
f 234/234/234 245/245/245 235/235/235
f 235/235/235 245/245/245 246/246/246
f 235/235/235 246/246/246 236/236/236
f 236/236/236 246/246/246 247/247/247
f 236/236/236 247/247/247 237/237/237
f 237/237/237 247/247/247 248/248/248
f 237/237/237 248/248/248 238/238/238
f 238/238/238 248/248/248 249/249/249
f 238/238/238 249/249/249 239/239/239
f 239/239/239 249/249/249 250/250/250
f 239/239/239 250/250/250 240/240/240
f 240/240/240 250/250/250 251/251/251
f 240/240/240 251/251/251 241/241/241
f 241/241/241 251/251/251 252/252/252
f 241/241/241 252/252/252 242/242/242
f 242/242/242 252/252/252 253/253/253
f 243/243/243 254/254/254 244/244/244
f 244/244/244 254/254/254 255/255/255
f 244/244/244 255/255/255 245/245/245
f 245/245/245 255/255/255 256/256/256
f 245/245/245 256/256/256 246/246/246
f 246/246/246 256/256/256 257/257/257
f 246/246/246 257/257/257 247/247/247
f 247/247/247 257/257/257 258/258/258
f 247/247/247 258/258/258 248/248/248
f 248/248/248 258/258/258 259/259/259
f 248/248/248 259/259/259 249/249/249
f 249/249/249 259/259/259 260/260/260
f 249/249/249 260/260/260 250/250/250
f 250/250/250 260/260/260 261/261/261
f 250/250/250 261/261/261 251/251/251
f 251/251/251 261/261/261 262/262/262
f 251/251/251 262/262/262 252/252/252
f 252/252/252 262/262/262 263/263/263
f 252/252/252 263/263/263 253/253/253
f 253/253/253 263/263/263 264/264/264
f 254/254/254 265/265/265 255/255/255
f 255/255/255 265/265/265 266/266/266
f 255/255/255 266/266/266 256/256/256
f 256/256/256 266/266/266 267/267/267
f 256/256/256 267/267/267 257/257/257
f 257/257/257 267/267/267 268/268/268
f 257/257/257 268/268/268 258/258/258
f 258/258/258 268/268/268 269/269/269
f 258/258/258 269/269/269 259/259/259
f 259/259/259 269/269/269 270/270/270
f 259/259/259 270/270/270 260/260/260
f 260/260/260 270/270/270 271/271/271
f 260/260/260 271/271/271 261/261/261
f 261/261/261 271/271/271 272/272/272
f 261/261/261 272/272/272 262/262/262
f 262/262/262 272/272/272 273/273/273
f 262/262/262 273/273/273 263/263/263
f 263/263/263 273/273/273 274/274/274
f 263/263/263 274/274/274 264/264/264
f 264/264/264 274/274/274 275/275/275
f 265/265/265 276/276/276 266/266/266
f 266/266/266 276/276/276 277/277/277
f 266/266/266 277/277/277 267/267/267
f 267/267/267 277/277/277 278/278/278
f 267/267/267 278/278/278 268/268/268
f 268/268/268 278/278/278 279/279/279
f 268/268/268 279/279/279 269/269/269
f 269/269/269 279/279/279 280/280/280
f 269/269/269 280/280/280 270/270/270
f 270/270/270 280/280/280 281/281/281
f 270/270/270 281/281/281 271/271/271
f 271/271/271 281/281/281 282/282/282
f 271/271/271 282/282/282 272/272/272
f 272/272/272 282/282/282 283/283/283
f 272/272/272 283/283/283 273/273/273
f 273/273/273 283/283/283 284/284/284
f 273/273/273 284/284/284 274/274/274
f 274/274/274 284/284/284 285/285/285
f 274/274/274 285/285/285 275/275/275
f 275/275/275 285/285/285 286/286/286
f 276/276/276 287/287/287 277/277/277
f 277/277/277 287/287/287 288/288/288
f 277/277/277 288/288/288 278/278/278
f 278/278/278 288/288/288 289/289/289
f 278/278/278 289/289/289 279/279/279
f 279/279/279 289/289/289 290/290/290
f 279/279/279 290/290/290 280/280/280
f 280/280/280 290/290/290 291/291/291
f 280/280/280 291/291/291 281/281/281
f 281/281/281 291/291/291 292/292/292
f 281/281/281 292/292/292 282/282/282
f 282/282/282 292/292/292 293/293/293
f 282/282/282 293/293/293 283/283/283
f 283/283/283 293/293/293 294/294/294
f 283/283/283 294/294/294 284/284/284
f 284/284/284 294/294/294 295/295/295
f 284/284/284 295/295/295 285/285/285
f 285/285/285 295/295/295 296/296/296
f 285/285/285 296/296/296 286/286/286
f 286/286/286 296/296/296 297/297/297
f 287/287/287 298/298/298 288/288/288
f 288/288/288 298/298/298 299/299/299
f 288/288/288 299/299/299 289/289/289
f 289/289/289 299/299/299 300/300/300
f 289/289/289 300/300/300 290/290/290
f 290/290/290 300/300/300 301/301/301
f 290/290/290 301/301/301 291/291/291
f 291/291/291 301/301/301 302/302/302
f 291/291/291 302/302/302 292/292/292
f 292/292/292 302/302/302 303/303/303
f 292/292/292 303/303/303 293/293/293
f 293/293/293 303/303/303 304/304/304
f 293/293/293 304/304/304 294/294/294
f 294/294/294 304/304/304 305/305/305
f 294/294/294 305/305/305 295/295/295
f 295/295/295 305/305/305 306/306/306
f 295/295/295 306/306/306 296/296/296
f 296/296/296 306/306/306 307/307/307
f 296/296/296 307/307/307 297/297/297
f 297/297/297 307/307/307 308/308/308
f 298/298/298 309/309/309 299/299/299
f 299/299/299 309/309/309 310/310/310
f 299/299/299 310/310/310 300/300/300
f 300/300/300 310/310/310 311/311/311
f 300/300/300 311/311/311 301/301/301
f 301/301/301 311/311/311 312/312/312
f 301/301/301 312/312/312 302/302/302
f 302/302/302 312/312/312 313/313/313
f 302/302/302 313/313/313 303/303/303
f 303/303/303 313/313/313 314/314/314
f 303/303/303 314/314/314 304/304/304
f 304/304/304 314/314/314 315/315/315
f 304/304/304 315/315/315 305/305/305
f 305/305/305 315/315/315 316/316/316
f 305/305/305 316/316/316 306/306/306
f 306/306/306 316/316/316 317/317/317
f 306/306/306 317/317/317 307/307/307
f 307/307/307 317/317/317 318/318/318
f 307/307/307 318/318/318 308/308/308
f 308/308/308 318/318/318 319/319/319
f 309/309/309 320/320/320 310/310/310
f 310/310/310 320/320/320 321/321/321
f 310/310/310 321/321/321 311/311/311
f 311/311/311 321/321/321 322/322/322
f 311/311/311 322/322/322 312/312/312
f 312/312/312 322/322/322 323/323/323
f 312/312/312 323/323/323 313/313/313
f 313/313/313 323/323/323 324/324/324
f 313/313/313 324/324/324 314/314/314
f 314/314/314 324/324/324 325/325/325
f 314/314/314 325/325/325 315/315/315
f 315/315/315 325/325/325 326/326/326
f 315/315/315 326/326/326 316/316/316
f 316/316/316 326/326/326 327/327/327
f 316/316/316 327/327/327 317/317/317
f 317/317/317 327/327/327 328/328/328
f 317/317/317 328/328/328 318/318/318
f 318/318/318 328/328/328 329/329/329
f 318/318/318 329/329/329 319/319/319
f 319/319/319 329/329/329 330/330/330
f 320/320/320 331/331/331 321/321/321
f 321/321/321 331/331/331 332/332/332
f 321/321/321 332/332/332 322/322/322
f 322/322/322 332/332/332 333/333/333
f 322/322/322 333/333/333 323/323/323
f 323/323/323 333/333/333 334/334/334
f 323/323/323 334/334/334 324/324/324
f 324/324/324 334/334/334 335/335/335
f 324/324/324 335/335/335 325/325/325
f 325/325/325 335/335/335 336/336/336
f 325/325/325 336/336/336 326/326/326
f 326/326/326 336/336/336 337/337/337
f 326/326/326 337/337/337 327/327/327
f 327/327/327 337/337/337 338/338/338
f 327/327/327 338/338/338 328/328/328
f 328/328/328 338/338/338 339/339/339
f 328/328/328 339/339/339 329/329/329
f 329/329/329 339/339/339 340/340/340
f 329/329/329 340/340/340 330/330/330
f 330/330/330 340/340/340 341/341/341
f 331/331/331 342/342/342 332/332/332
f 332/332/332 342/342/342 343/343/343
f 332/332/332 343/343/343 333/333/333
f 333/333/333 343/343/343 344/344/344
f 333/333/333 344/344/344 334/334/334
f 334/334/334 344/344/344 345/345/345
f 334/334/334 345/345/345 335/335/335
f 335/335/335 345/345/345 346/346/346
f 335/335/335 346/346/346 336/336/336
f 336/336/336 346/346/346 347/347/347
f 336/336/336 347/347/347 337/337/337
f 337/337/337 347/347/347 348/348/348
f 337/337/337 348/348/348 338/338/338
f 338/338/338 348/348/348 349/349/349
f 338/338/338 349/349/349 339/339/339
f 339/339/339 349/349/349 350/350/350
f 339/339/339 350/350/350 340/340/340
f 340/340/340 350/350/350 351/351/351
f 340/340/340 351/351/351 341/341/341
f 341/341/341 351/351/351 352/352/352
f 342/342/342 353/353/353 343/343/343
f 343/343/343 353/353/353 354/354/354
f 343/343/343 354/354/354 344/344/344
f 344/344/344 354/354/354 355/355/355
f 344/344/344 355/355/355 345/345/345
f 345/345/345 355/355/355 356/356/356
f 345/345/345 356/356/356 346/346/346
f 346/346/346 356/356/356 357/357/357
f 346/346/346 357/357/357 347/347/347
f 347/347/347 357/357/357 358/358/358
f 347/347/347 358/358/358 348/348/348
f 348/348/348 358/358/358 359/359/359
f 348/348/348 359/359/359 349/349/349
f 349/349/349 359/359/359 360/360/360
f 349/349/349 360/360/360 350/350/350
f 350/350/350 360/360/360 361/361/361
f 350/350/350 361/361/361 351/351/351
f 351/351/351 361/361/361 362/362/362
f 351/351/351 362/362/362 352/352/352
f 352/352/352 362/362/362 363/363/363
f 353/353/353 364/364/364 354/354/354
f 354/354/354 364/364/364 365/365/365
f 354/354/354 365/365/365 355/355/355
f 355/355/355 365/365/365 366/366/366
f 355/355/355 366/366/366 356/356/356
f 356/356/356 366/366/366 367/367/367
f 356/356/356 367/367/367 357/357/357
f 357/357/357 367/367/367 368/368/368
f 357/357/357 368/368/368 358/358/358
f 358/358/358 368/368/368 369/369/369
f 358/358/358 369/369/369 359/359/359
f 359/359/359 369/369/369 370/370/370
f 359/359/359 370/370/370 360/360/360
f 360/360/360 370/370/370 371/371/371
f 360/360/360 371/371/371 361/361/361
f 361/361/361 371/371/371 372/372/372
f 361/361/361 372/372/372 362/362/362
f 362/362/362 372/372/372 373/373/373
f 362/362/362 373/373/373 363/363/363
f 363/363/363 373/373/373 374/374/374
f 364/364/364 375/375/375 365/365/365
f 365/365/365 375/375/375 376/376/376
f 365/365/365 376/376/376 366/366/366
f 366/366/366 376/376/376 377/377/377
f 366/366/366 377/377/377 367/367/367
f 367/367/367 377/377/377 378/378/378
f 367/367/367 378/378/378 368/368/368
f 368/368/368 378/378/378 379/379/379
f 368/368/368 379/379/379 369/369/369
f 369/369/369 379/379/379 380/380/380
f 369/369/369 380/380/380 370/370/370
f 370/370/370 380/380/380 381/381/381
f 370/370/370 381/381/381 371/371/371
f 371/371/371 381/381/381 382/382/382
f 371/371/371 382/382/382 372/372/372
f 372/372/372 382/382/382 383/383/383
f 372/372/372 383/383/383 373/373/373
f 373/373/373 383/383/383 384/384/384
f 373/373/373 384/384/384 374/374/374
f 374/374/374 384/384/384 385/385/385
f 375/375/375 386/386/386 376/376/376
f 376/376/376 386/386/386 387/387/387
f 376/376/376 387/387/387 377/377/377
f 377/377/377 387/387/387 388/388/388
f 377/377/377 388/388/388 378/378/378
f 378/378/378 388/388/388 389/389/389
f 378/378/378 389/389/389 379/379/379
f 379/379/379 389/389/389 390/390/390
f 379/379/379 390/390/390 380/380/380
f 380/380/380 390/390/390 391/391/391
f 380/380/380 391/391/391 381/381/381
f 381/381/381 391/391/391 392/392/392
f 381/381/381 392/392/392 382/382/382
f 382/382/382 392/392/392 393/393/393
f 382/382/382 393/393/393 383/383/383
f 383/383/383 393/393/393 394/394/394
f 383/383/383 394/394/394 384/384/384
f 384/384/384 394/394/394 395/395/395
f 384/384/384 395/395/395 385/385/385
f 385/385/385 395/395/395 396/396/396
f 386/386/386 397/397/397 387/387/387
f 387/387/387 397/397/397 398/398/398
f 387/387/387 398/398/398 388/388/388
f 388/388/388 398/398/398 399/399/399
f 388/388/388 399/399/399 389/389/389
f 389/389/389 399/399/399 400/400/400
f 389/389/389 400/400/400 390/390/390
f 390/390/390 400/400/400 401/401/401
f 390/390/390 401/401/401 391/391/391
f 391/391/391 401/401/401 402/402/402
f 391/391/391 402/402/402 392/392/392
f 392/392/392 402/402/402 403/403/403
f 392/392/392 403/403/403 393/393/393
f 393/393/393 403/403/403 404/404/404
f 393/393/393 404/404/404 394/394/394
f 394/394/394 404/404/404 405/405/405
f 394/394/394 405/405/405 395/395/395
f 395/395/395 405/405/405 406/406/406
f 395/395/395 406/406/406 396/396/396
f 396/396/396 406/406/406 407/407/407
f 397/397/397 408/408/408 398/398/398
f 398/398/398 408/408/408 409/409/409
f 398/398/398 409/409/409 399/399/399
f 399/399/399 409/409/409 410/410/410
f 399/399/399 410/410/410 400/400/400
f 400/400/400 410/410/410 411/411/411
f 400/400/400 411/411/411 401/401/401
f 401/401/401 411/411/411 412/412/412
f 401/401/401 412/412/412 402/402/402
f 402/402/402 412/412/412 413/413/413
f 402/402/402 413/413/413 403/403/403
f 403/403/403 413/413/413 414/414/414
f 403/403/403 414/414/414 404/404/404
f 404/404/404 414/414/414 415/415/415
f 404/404/404 415/415/415 405/405/405
f 405/405/405 415/415/415 416/416/416
f 405/405/405 416/416/416 406/406/406
f 406/406/406 416/416/416 417/417/417
f 406/406/406 417/417/417 407/407/407
f 407/407/407 417/417/417 418/418/418
f 408/408/408 419/419/419 409/409/409
f 409/409/409 419/419/419 420/420/420
f 409/409/409 420/420/420 410/410/410
f 410/410/410 420/420/420 421/421/421
f 410/410/410 421/421/421 411/411/411
f 411/411/411 421/421/421 422/422/422
f 411/411/411 422/422/422 412/412/412
f 412/412/412 422/422/422 423/423/423
f 412/412/412 423/423/423 413/413/413
f 413/413/413 423/423/423 424/424/424
f 413/413/413 424/424/424 414/414/414
f 414/414/414 424/424/424 425/425/425
f 414/414/414 425/425/425 415/415/415
f 415/415/415 425/425/425 426/426/426
f 415/415/415 426/426/426 416/416/416
f 416/416/416 426/426/426 427/427/427
f 416/416/416 427/427/427 417/417/417
f 417/417/417 427/427/427 428/428/428
f 417/417/417 428/428/428 418/418/418
f 418/418/418 428/428/428 429/429/429
f 419/419/419 430/430/430 420/420/420
f 420/420/420 430/430/430 431/431/431
f 420/420/420 431/431/431 421/421/421
f 421/421/421 431/431/431 432/432/432
f 421/421/421 432/432/432 422/422/422
f 422/422/422 432/432/432 433/433/433
f 422/422/422 433/433/433 423/423/423
f 423/423/423 433/433/433 434/434/434
f 423/423/423 434/434/434 424/424/424
f 424/424/424 434/434/434 435/435/435
f 424/424/424 435/435/435 425/425/425
f 425/425/425 435/435/435 436/436/436
f 425/425/425 436/436/436 426/426/426
f 426/426/426 436/436/436 437/437/437
f 426/426/426 437/437/437 427/427/427
f 427/427/427 437/437/437 438/438/438
f 427/427/427 438/438/438 428/428/428
f 428/428/428 438/438/438 439/439/439
f 428/428/428 439/439/439 429/429/429
f 429/429/429 439/439/439 440/440/440
f 430/430/430 441/441/441 431/431/431
f 431/431/431 441/441/441 442/442/442
f 431/431/431 442/442/442 432/432/432
f 432/432/432 442/442/442 443/443/443
f 432/432/432 443/443/443 433/433/433
f 433/433/433 443/443/443 444/444/444
f 433/433/433 444/444/444 434/434/434
f 434/434/434 444/444/444 445/445/445
f 434/434/434 445/445/445 435/435/435
f 435/435/435 445/445/445 446/446/446
f 435/435/435 446/446/446 436/436/436
f 436/436/436 446/446/446 447/447/447
f 436/436/436 447/447/447 437/437/437
f 437/437/437 447/447/447 448/448/448
f 437/437/437 448/448/448 438/438/438
f 438/438/438 448/448/448 449/449/449
f 438/438/438 449/449/449 439/439/439
f 439/439/439 449/449/449 450/450/450
f 439/439/439 450/450/450 440/440/440
f 440/440/440 450/450/450 451/451/451
f 452/452/452 458/458/458 453/453/453
f 453/453/453 458/458/458 459/459/459
f 453/453/453 459/459/459 454/454/454
f 454/454/454 459/459/459 460/460/460
f 454/454/454 460/460/460 455/455/455
f 455/455/455 460/460/460 461/461/461
f 455/455/455 461/461/461 456/456/456
f 456/456/456 461/461/461 462/462/462
f 456/456/456 462/462/462 457/457/457
f 457/457/457 462/462/462 463/463/463
f 458/458/458 464/464/464 459/459/459
f 459/459/459 464/464/464 465/465/465
f 459/459/459 465/465/465 460/460/460
f 460/460/460 465/465/465 466/466/466
f 460/460/460 466/466/466 461/461/461
f 461/461/461 466/466/466 467/467/467
f 461/461/461 467/467/467 462/462/462
f 462/462/462 467/467/467 468/468/468
f 462/462/462 468/468/468 463/463/463
f 463/463/463 468/468/468 469/469/469
f 464/464/464 470/470/470 465/465/465
f 465/465/465 470/470/470 471/471/471
f 465/465/465 471/471/471 466/466/466
f 466/466/466 471/471/471 472/472/472
f 466/466/466 472/472/472 467/467/467
f 467/467/467 472/472/472 473/473/473
f 467/467/467 473/473/473 468/468/468
f 468/468/468 473/473/473 474/474/474
f 468/468/468 474/474/474 469/469/469
f 469/469/469 474/474/474 475/475/475
f 470/470/470 476/476/476 471/471/471
f 471/471/471 476/476/476 477/477/477
f 471/471/471 477/477/477 472/472/472
f 472/472/472 477/477/477 478/478/478
f 472/472/472 478/478/478 473/473/473
f 473/473/473 478/478/478 479/479/479
f 473/473/473 479/479/479 474/474/474
f 474/474/474 479/479/479 480/480/480
f 474/474/474 480/480/480 475/475/475
f 475/475/475 480/480/480 481/481/481
f 476/476/476 482/482/482 477/477/477
f 477/477/477 482/482/482 483/483/483
f 477/477/477 483/483/483 478/478/478
f 478/478/478 483/483/483 484/484/484
f 478/478/478 484/484/484 479/479/479
f 479/479/479 484/484/484 485/485/485
f 479/479/479 485/485/485 480/480/480
f 480/480/480 485/485/485 486/486/486
f 480/480/480 486/486/486 481/481/481
f 481/481/481 486/486/486 487/487/487
f 482/482/482 488/488/488 483/483/483
f 483/483/483 488/488/488 489/489/489
f 483/483/483 489/489/489 484/484/484
f 484/484/484 489/489/489 490/490/490
f 484/484/484 490/490/490 485/485/485
f 485/485/485 490/490/490 491/491/491
f 485/485/485 491/491/491 486/486/486
f 486/486/486 491/491/491 492/492/492
f 486/486/486 492/492/492 487/487/487
f 487/487/487 492/492/492 493/493/493
f 494/494/494 500/500/500 495/495/495
f 495/495/495 500/500/500 501/501/501
f 495/495/495 501/501/501 496/496/496
f 496/496/496 501/501/501 502/502/502
f 496/496/496 502/502/502 497/497/497
f 497/497/497 502/502/502 503/503/503
f 497/497/497 503/503/503 498/498/498
f 498/498/498 503/503/503 504/504/504
f 498/498/498 504/504/504 499/499/499
f 499/499/499 504/504/504 505/505/505
f 500/500/500 506/506/506 501/501/501
f 501/501/501 506/506/506 507/507/507
f 501/501/501 507/507/507 502/502/502
f 502/502/502 507/507/507 508/508/508
f 502/502/502 508/508/508 503/503/503
f 503/503/503 508/508/508 509/509/509
f 503/503/503 509/509/509 504/504/504
f 504/504/504 509/509/509 510/510/510
f 504/504/504 510/510/510 505/505/505
f 505/505/505 510/510/510 511/511/511
f 506/506/506 512/512/512 507/507/507
f 507/507/507 512/512/512 513/513/513
f 507/507/507 513/513/513 508/508/508
f 508/508/508 513/513/513 514/514/514
f 508/508/508 514/514/514 509/509/509
f 509/509/509 514/514/514 515/515/515
f 509/509/509 515/515/515 510/510/510
f 510/510/510 515/515/515 516/516/516
f 510/510/510 516/516/516 511/511/511
f 511/511/511 516/516/516 517/517/517
f 512/512/512 518/518/518 513/513/513
f 513/513/513 518/518/518 519/519/519
f 513/513/513 519/519/519 514/514/514
f 514/514/514 519/519/519 520/520/520
f 514/514/514 520/520/520 515/515/515
f 515/515/515 520/520/520 521/521/521
f 515/515/515 521/521/521 516/516/516
f 516/516/516 521/521/521 522/522/522
f 516/516/516 522/522/522 517/517/517
f 517/517/517 522/522/522 523/523/523
f 518/518/518 524/524/524 519/519/519
f 519/519/519 524/524/524 525/525/525
f 519/519/519 525/525/525 520/520/520
f 520/520/520 525/525/525 526/526/526
f 520/520/520 526/526/526 521/521/521
f 521/521/521 526/526/526 527/527/527
f 521/521/521 527/527/527 522/522/522
f 522/522/522 527/527/527 528/528/528
f 522/522/522 528/528/528 523/523/523
f 523/523/523 528/528/528 529/529/529
f 524/524/524 530/530/530 525/525/525
f 525/525/525 530/530/530 531/531/531
f 525/525/525 531/531/531 526/526/526
f 526/526/526 531/531/531 532/532/532
f 526/526/526 532/532/532 527/527/527
f 527/527/527 532/532/532 533/533/533
f 527/527/527 533/533/533 528/528/528
f 528/528/528 533/533/533 534/534/534
f 528/528/528 534/534/534 529/529/529
f 529/529/529 534/534/534 535/535/535
f 536/536/536 542/542/542 537/537/537
f 537/537/537 542/542/542 543/543/543
f 537/537/537 543/543/543 538/538/538
f 538/538/538 543/543/543 544/544/544
f 538/538/538 544/544/544 539/539/539
f 539/539/539 544/544/544 545/545/545
f 539/539/539 545/545/545 540/540/540
f 540/540/540 545/545/545 546/546/546
f 540/540/540 546/546/546 541/541/541
f 541/541/541 546/546/546 547/547/547
f 542/542/542 548/548/548 543/543/543
f 543/543/543 548/548/548 549/549/549
f 543/543/543 549/549/549 544/544/544
f 544/544/544 549/549/549 550/550/550
f 544/544/544 550/550/550 545/545/545
f 545/545/545 550/550/550 551/551/551
f 545/545/545 551/551/551 546/546/546
f 546/546/546 551/551/551 552/552/552
f 546/546/546 552/552/552 547/547/547
f 547/547/547 552/552/552 553/553/553
f 548/548/548 554/554/554 549/549/549
f 549/549/549 554/554/554 555/555/555
f 549/549/549 555/555/555 550/550/550
f 550/550/550 555/555/555 556/556/556
f 550/550/550 556/556/556 551/551/551
f 551/551/551 556/556/556 557/557/557
f 551/551/551 557/557/557 552/552/552
f 552/552/552 557/557/557 558/558/558
f 552/552/552 558/558/558 553/553/553
f 553/553/553 558/558/558 559/559/559
f 554/554/554 560/560/560 555/555/555
f 555/555/555 560/560/560 561/561/561
f 555/555/555 561/561/561 556/556/556
f 556/556/556 561/561/561 562/562/562
f 556/556/556 562/562/562 557/557/557
f 557/557/557 562/562/562 563/563/563
f 557/557/557 563/563/563 558/558/558
f 558/558/558 563/563/563 564/564/564
f 558/558/558 564/564/564 559/559/559
f 559/559/559 564/564/564 565/565/565
f 560/560/560 566/566/566 561/561/561
f 561/561/561 566/566/566 567/567/567
f 561/561/561 567/567/567 562/562/562
f 562/562/562 567/567/567 568/568/568
f 562/562/562 568/568/568 563/563/563
f 563/563/563 568/568/568 569/569/569
f 563/563/563 569/569/569 564/564/564
f 564/564/564 569/569/569 570/570/570
f 564/564/564 570/570/570 565/565/565
f 565/565/565 570/570/570 571/571/571
f 566/566/566 572/572/572 567/567/567
f 567/567/567 572/572/572 573/573/573
f 567/567/567 573/573/573 568/568/568
f 568/568/568 573/573/573 574/574/574
f 568/568/568 574/574/574 569/569/569
f 569/569/569 574/574/574 575/575/575
f 569/569/569 575/575/575 570/570/570
f 570/570/570 575/575/575 576/576/576
f 570/570/570 576/576/576 571/571/571
f 571/571/571 576/576/576 577/577/577
f 578/578/578 584/584/584 579/579/579
f 579/579/579 584/584/584 585/585/585
f 579/579/579 585/585/585 580/580/580
f 580/580/580 585/585/585 586/586/586
f 580/580/580 586/586/586 581/581/581
f 581/581/581 586/586/586 587/587/587
f 581/581/581 587/587/587 582/582/582
f 582/582/582 587/587/587 588/588/588
f 582/582/582 588/588/588 583/583/583
f 583/583/583 588/588/588 589/589/589
f 584/584/584 590/590/590 585/585/585
f 585/585/585 590/590/590 591/591/591
f 585/585/585 591/591/591 586/586/586
f 586/586/586 591/591/591 592/592/592
f 586/586/586 592/592/592 587/587/587
f 587/587/587 592/592/592 593/593/593
f 587/587/587 593/593/593 588/588/588
f 588/588/588 593/593/593 594/594/594
f 588/588/588 594/594/594 589/589/589
f 589/589/589 594/594/594 595/595/595
f 590/590/590 596/596/596 591/591/591
f 591/591/591 596/596/596 597/597/597
f 591/591/591 597/597/597 592/592/592
f 592/592/592 597/597/597 598/598/598
f 592/592/592 598/598/598 593/593/593
f 593/593/593 598/598/598 599/599/599
f 593/593/593 599/599/599 594/594/594
f 594/594/594 599/599/599 600/600/600
f 594/594/594 600/600/600 595/595/595
f 595/595/595 600/600/600 601/601/601
f 596/596/596 602/602/602 597/597/597
f 597/597/597 602/602/602 603/603/603
f 597/597/597 603/603/603 598/598/598
f 598/598/598 603/603/603 604/604/604
f 598/598/598 604/604/604 599/599/599
f 599/599/599 604/604/604 605/605/605
f 599/599/599 605/605/605 600/600/600
f 600/600/600 605/605/605 606/606/606
f 600/600/600 606/606/606 601/601/601
f 601/601/601 606/606/606 607/607/607
f 602/602/602 608/608/608 603/603/603
f 603/603/603 608/608/608 609/609/609
f 603/603/603 609/609/609 604/604/604
f 604/604/604 609/609/609 610/610/610
f 604/604/604 610/610/610 605/605/605
f 605/605/605 610/610/610 611/611/611
f 605/605/605 611/611/611 606/606/606
f 606/606/606 611/611/611 612/612/612
f 606/606/606 612/612/612 607/607/607
f 607/607/607 612/612/612 613/613/613
f 608/608/608 614/614/614 609/609/609
f 609/609/609 614/614/614 615/615/615
f 609/609/609 615/615/615 610/610/610
f 610/610/610 615/615/615 616/616/616
f 610/610/610 616/616/616 611/611/611
f 611/611/611 616/616/616 617/617/617
f 611/611/611 617/617/617 612/612/612
f 612/612/612 617/617/617 618/618/618
f 612/612/612 618/618/618 613/613/613
f 613/613/613 618/618/618 619/619/619
f 620/620/620 626/626/626 621/621/621
f 621/621/621 626/626/626 627/627/627
f 621/621/621 627/627/627 622/622/622
f 622/622/622 627/627/627 628/628/628
f 622/622/622 628/628/628 623/623/623
f 623/623/623 628/628/628 629/629/629
f 623/623/623 629/629/629 624/624/624
f 624/624/624 629/629/629 630/630/630
f 624/624/624 630/630/630 625/625/625
f 625/625/625 630/630/630 631/631/631
f 626/626/626 632/632/632 627/627/627
f 627/627/627 632/632/632 633/633/633
f 627/627/627 633/633/633 628/628/628
f 628/628/628 633/633/633 634/634/634
f 628/628/628 634/634/634 629/629/629
f 629/629/629 634/634/634 635/635/635
f 629/629/629 635/635/635 630/630/630
f 630/630/630 635/635/635 636/636/636
f 630/630/630 636/636/636 631/631/631
f 631/631/631 636/636/636 637/637/637
f 632/632/632 638/638/638 633/633/633
f 633/633/633 638/638/638 639/639/639
f 633/633/633 639/639/639 634/634/634
f 634/634/634 639/639/639 640/640/640
f 634/634/634 640/640/640 635/635/635
f 635/635/635 640/640/640 641/641/641
f 635/635/635 641/641/641 636/636/636
f 636/636/636 641/641/641 642/642/642
f 636/636/636 642/642/642 637/637/637
f 637/637/637 642/642/642 643/643/643
f 638/638/638 644/644/644 639/639/639
f 639/639/639 644/644/644 645/645/645
f 639/639/639 645/645/645 640/640/640
f 640/640/640 645/645/645 646/646/646
f 640/640/640 646/646/646 641/641/641
f 641/641/641 646/646/646 647/647/647
f 641/641/641 647/647/647 642/642/642
f 642/642/642 647/647/647 648/648/648
f 642/642/642 648/648/648 643/643/643
f 643/643/643 648/648/648 649/649/649
f 644/644/644 650/650/650 645/645/645
f 645/645/645 650/650/650 651/651/651
f 645/645/645 651/651/651 646/646/646
f 646/646/646 651/651/651 652/652/652
f 646/646/646 652/652/652 647/647/647
f 647/647/647 652/652/652 653/653/653
f 647/647/647 653/653/653 648/648/648
f 648/648/648 653/653/653 654/654/654
f 648/648/648 654/654/654 649/649/649
f 649/649/649 654/654/654 655/655/655
f 650/650/650 656/656/656 651/651/651
f 651/651/651 656/656/656 657/657/657
f 651/651/651 657/657/657 652/652/652
f 652/652/652 657/657/657 658/658/658
f 652/652/652 658/658/658 653/653/653
f 653/653/653 658/658/658 659/659/659
f 653/653/653 659/659/659 654/654/654
f 654/654/654 659/659/659 660/660/660
f 654/654/654 660/660/660 655/655/655
f 655/655/655 660/660/660 661/661/661
f 662/662/662 668/668/668 663/663/663
f 663/663/663 668/668/668 669/669/669
f 663/663/663 669/669/669 664/664/664
f 664/664/664 669/669/669 670/670/670
f 664/664/664 670/670/670 665/665/665
f 665/665/665 670/670/670 671/671/671
f 665/665/665 671/671/671 666/666/666
f 666/666/666 671/671/671 672/672/672
f 666/666/666 672/672/672 667/667/667
f 667/667/667 672/672/672 673/673/673
f 668/668/668 674/674/674 669/669/669
f 669/669/669 674/674/674 675/675/675
f 669/669/669 675/675/675 670/670/670
f 670/670/670 675/675/675 676/676/676
f 670/670/670 676/676/676 671/671/671
f 671/671/671 676/676/676 677/677/677
f 671/671/671 677/677/677 672/672/672
f 672/672/672 677/677/677 678/678/678
f 672/672/672 678/678/678 673/673/673
f 673/673/673 678/678/678 679/679/679
f 674/674/674 680/680/680 675/675/675
f 675/675/675 680/680/680 681/681/681
f 675/675/675 681/681/681 676/676/676
f 676/676/676 681/681/681 682/682/682
f 676/676/676 682/682/682 677/677/677
f 677/677/677 682/682/682 683/683/683
f 677/677/677 683/683/683 678/678/678
f 678/678/678 683/683/683 684/684/684
f 678/678/678 684/684/684 679/679/679
f 679/679/679 684/684/684 685/685/685
f 680/680/680 686/686/686 681/681/681
f 681/681/681 686/686/686 687/687/687
f 681/681/681 687/687/687 682/682/682
f 682/682/682 687/687/687 688/688/688
f 682/682/682 688/688/688 683/683/683
f 683/683/683 688/688/688 689/689/689
f 683/683/683 689/689/689 684/684/684
f 684/684/684 689/689/689 690/690/690
f 684/684/684 690/690/690 685/685/685
f 685/685/685 690/690/690 691/691/691
f 686/686/686 692/692/692 687/687/687
f 687/687/687 692/692/692 693/693/693
f 687/687/687 693/693/693 688/688/688
f 688/688/688 693/693/693 694/694/694
f 688/688/688 694/694/694 689/689/689
f 689/689/689 694/694/694 695/695/695
f 689/689/689 695/695/695 690/690/690
f 690/690/690 695/695/695 696/696/696
f 690/690/690 696/696/696 691/691/691
f 691/691/691 696/696/696 697/697/697
f 692/692/692 698/698/698 693/693/693
f 693/693/693 698/698/698 699/699/699
f 693/693/693 699/699/699 694/694/694
f 694/694/694 699/699/699 700/700/700
f 694/694/694 700/700/700 695/695/695
f 695/695/695 700/700/700 701/701/701
f 695/695/695 701/701/701 696/696/696
f 696/696/696 701/701/701 702/702/702
f 696/696/696 702/702/702 697/697/697
f 697/697/697 702/702/702 703/703/703
f 704/704/704 710/710/710 705/705/705
f 705/705/705 710/710/710 711/711/711
f 705/705/705 711/711/711 706/706/706
f 706/706/706 711/711/711 712/712/712
f 706/706/706 712/712/712 707/707/707
f 707/707/707 712/712/712 713/713/713
f 707/707/707 713/713/713 708/708/708
f 708/708/708 713/713/713 714/714/714
f 708/708/708 714/714/714 709/709/709
f 709/709/709 714/714/714 715/715/715
f 710/710/710 716/716/716 711/711/711
f 711/711/711 716/716/716 717/717/717
f 711/711/711 717/717/717 712/712/712
f 712/712/712 717/717/717 718/718/718
f 712/712/712 718/718/718 713/713/713
f 713/713/713 718/718/718 719/719/719
f 713/713/713 719/719/719 714/714/714
f 714/714/714 719/719/719 720/720/720
f 714/714/714 720/720/720 715/715/715
f 715/715/715 720/720/720 721/721/721
f 716/716/716 722/722/722 717/717/717
f 717/717/717 722/722/722 723/723/723
f 717/717/717 723/723/723 718/718/718
f 718/718/718 723/723/723 724/724/724
f 718/718/718 724/724/724 719/719/719
f 719/719/719 724/724/724 725/725/725
f 719/719/719 725/725/725 720/720/720
f 720/720/720 725/725/725 726/726/726
f 720/720/720 726/726/726 721/721/721
f 721/721/721 726/726/726 727/727/727
f 722/722/722 728/728/728 723/723/723
f 723/723/723 728/728/728 729/729/729
f 723/723/723 729/729/729 724/724/724
f 724/724/724 729/729/729 730/730/730
f 724/724/724 730/730/730 725/725/725
f 725/725/725 730/730/730 731/731/731
f 725/725/725 731/731/731 726/726/726
f 726/726/726 731/731/731 732/732/732
f 726/726/726 732/732/732 727/727/727
f 727/727/727 732/732/732 733/733/733
f 728/728/728 734/734/734 729/729/729
f 729/729/729 734/734/734 735/735/735
f 729/729/729 735/735/735 730/730/730
f 730/730/730 735/735/735 736/736/736
f 730/730/730 736/736/736 731/731/731
f 731/731/731 736/736/736 737/737/737
f 731/731/731 737/737/737 732/732/732
f 732/732/732 737/737/737 738/738/738
f 732/732/732 738/738/738 733/733/733
f 733/733/733 738/738/738 739/739/739
f 734/734/734 740/740/740 735/735/735
f 735/735/735 740/740/740 741/741/741
f 735/735/735 741/741/741 736/736/736
f 736/736/736 741/741/741 742/742/742
f 736/736/736 742/742/742 737/737/737
f 737/737/737 742/742/742 743/743/743
f 737/737/737 743/743/743 738/738/738
f 738/738/738 743/743/743 744/744/744
f 738/738/738 744/744/744 739/739/739
f 739/739/739 744/744/744 745/745/745
f 746/746/746 752/752/752 747/747/747
f 747/747/747 752/752/752 753/753/753
f 747/747/747 753/753/753 748/748/748
f 748/748/748 753/753/753 754/754/754
f 748/748/748 754/754/754 749/749/749
f 749/749/749 754/754/754 755/755/755
f 749/749/749 755/755/755 750/750/750
f 750/750/750 755/755/755 756/756/756
f 750/750/750 756/756/756 751/751/751
f 751/751/751 756/756/756 757/757/757
f 752/752/752 758/758/758 753/753/753
f 753/753/753 758/758/758 759/759/759
f 753/753/753 759/759/759 754/754/754
f 754/754/754 759/759/759 760/760/760
f 754/754/754 760/760/760 755/755/755
f 755/755/755 760/760/760 761/761/761
f 755/755/755 761/761/761 756/756/756
f 756/756/756 761/761/761 762/762/762
f 756/756/756 762/762/762 757/757/757
f 757/757/757 762/762/762 763/763/763
f 758/758/758 764/764/764 759/759/759
f 759/759/759 764/764/764 765/765/765
f 759/759/759 765/765/765 760/760/760
f 760/760/760 765/765/765 766/766/766
f 760/760/760 766/766/766 761/761/761
f 761/761/761 766/766/766 767/767/767
f 761/761/761 767/767/767 762/762/762
f 762/762/762 767/767/767 768/768/768
f 762/762/762 768/768/768 763/763/763
f 763/763/763 768/768/768 769/769/769
f 764/764/764 770/770/770 765/765/765
f 765/765/765 770/770/770 771/771/771
f 765/765/765 771/771/771 766/766/766
f 766/766/766 771/771/771 772/772/772
f 766/766/766 772/772/772 767/767/767
f 767/767/767 772/772/772 773/773/773
f 767/767/767 773/773/773 768/768/768
f 768/768/768 773/773/773 774/774/774
f 768/768/768 774/774/774 769/769/769
f 769/769/769 774/774/774 775/775/775
f 770/770/770 776/776/776 771/771/771
f 771/771/771 776/776/776 777/777/777
f 771/771/771 777/777/777 772/772/772
f 772/772/772 777/777/777 778/778/778
f 772/772/772 778/778/778 773/773/773
f 773/773/773 778/778/778 779/779/779
f 773/773/773 779/779/779 774/774/774
f 774/774/774 779/779/779 780/780/780
f 774/774/774 780/780/780 775/775/775
f 775/775/775 780/780/780 781/781/781
f 776/776/776 782/782/782 777/777/777
f 777/777/777 782/782/782 783/783/783
f 777/777/777 783/783/783 778/778/778
f 778/778/778 783/783/783 784/784/784
f 778/778/778 784/784/784 779/779/779
f 779/779/779 784/784/784 785/785/785
f 779/779/779 785/785/785 780/780/780
f 780/780/780 785/785/785 786/786/786
f 780/780/780 786/786/786 781/781/781
f 781/781/781 786/786/786 787/787/787
f 788/788/788 794/794/794 789/789/789
f 789/789/789 794/794/794 795/795/795
f 789/789/789 795/795/795 790/790/790
f 790/790/790 795/795/795 796/796/796
f 790/790/790 796/796/796 791/791/791
f 791/791/791 796/796/796 797/797/797
f 791/791/791 797/797/797 792/792/792
f 792/792/792 797/797/797 798/798/798
f 792/792/792 798/798/798 793/793/793
f 793/793/793 798/798/798 799/799/799
f 794/794/794 800/800/800 795/795/795
f 795/795/795 800/800/800 801/801/801
f 795/795/795 801/801/801 796/796/796
f 796/796/796 801/801/801 802/802/802
f 796/796/796 802/802/802 797/797/797
f 797/797/797 802/802/802 803/803/803
f 797/797/797 803/803/803 798/798/798
f 798/798/798 803/803/803 804/804/804
f 798/798/798 804/804/804 799/799/799
f 799/799/799 804/804/804 805/805/805
f 800/800/800 806/806/806 801/801/801
f 801/801/801 806/806/806 807/807/807
f 801/801/801 807/807/807 802/802/802
f 802/802/802 807/807/807 808/808/808
f 802/802/802 808/808/808 803/803/803
f 803/803/803 808/808/808 809/809/809
f 803/803/803 809/809/809 804/804/804
f 804/804/804 809/809/809 810/810/810
f 804/804/804 810/810/810 805/805/805
f 805/805/805 810/810/810 811/811/811
f 806/806/806 812/812/812 807/807/807
f 807/807/807 812/812/812 813/813/813
f 807/807/807 813/813/813 808/808/808
f 808/808/808 813/813/813 814/814/814
f 808/808/808 814/814/814 809/809/809
f 809/809/809 814/814/814 815/815/815
f 809/809/809 815/815/815 810/810/810
f 810/810/810 815/815/815 816/816/816
f 810/810/810 816/816/816 811/811/811
f 811/811/811 816/816/816 817/817/817
f 812/812/812 818/818/818 813/813/813
f 813/813/813 818/818/818 819/819/819
f 813/813/813 819/819/819 814/814/814
f 814/814/814 819/819/819 820/820/820
f 814/814/814 820/820/820 815/815/815
f 815/815/815 820/820/820 821/821/821
f 815/815/815 821/821/821 816/816/816
f 816/816/816 821/821/821 822/822/822
f 816/816/816 822/822/822 817/817/817
f 817/817/817 822/822/822 823/823/823
f 818/818/818 824/824/824 819/819/819
f 819/819/819 824/824/824 825/825/825
f 819/819/819 825/825/825 820/820/820
f 820/820/820 825/825/825 826/826/826
f 820/820/820 826/826/826 821/821/821
f 821/821/821 826/826/826 827/827/827
f 821/821/821 827/827/827 822/822/822
f 822/822/822 827/827/827 828/828/828
f 822/822/822 828/828/828 823/823/823
f 823/823/823 828/828/828 829/829/829
f 830/830/830 836/836/836 831/831/831
f 831/831/831 836/836/836 837/837/837
f 831/831/831 837/837/837 832/832/832
f 832/832/832 837/837/837 838/838/838
f 832/832/832 838/838/838 833/833/833
f 833/833/833 838/838/838 839/839/839
f 833/833/833 839/839/839 834/834/834
f 834/834/834 839/839/839 840/840/840
f 834/834/834 840/840/840 835/835/835
f 835/835/835 840/840/840 841/841/841
f 836/836/836 842/842/842 837/837/837
f 837/837/837 842/842/842 843/843/843
f 837/837/837 843/843/843 838/838/838
f 838/838/838 843/843/843 844/844/844
f 838/838/838 844/844/844 839/839/839
f 839/839/839 844/844/844 845/845/845
f 839/839/839 845/845/845 840/840/840
f 840/840/840 845/845/845 846/846/846
f 840/840/840 846/846/846 841/841/841
f 841/841/841 846/846/846 847/847/847
f 842/842/842 848/848/848 843/843/843
f 843/843/843 848/848/848 849/849/849
f 843/843/843 849/849/849 844/844/844
f 844/844/844 849/849/849 850/850/850
f 844/844/844 850/850/850 845/845/845
f 845/845/845 850/850/850 851/851/851
f 845/845/845 851/851/851 846/846/846
f 846/846/846 851/851/851 852/852/852
f 846/846/846 852/852/852 847/847/847
f 847/847/847 852/852/852 853/853/853
f 848/848/848 854/854/854 849/849/849
f 849/849/849 854/854/854 855/855/855
f 849/849/849 855/855/855 850/850/850
f 850/850/850 855/855/855 856/856/856
f 850/850/850 856/856/856 851/851/851
f 851/851/851 856/856/856 857/857/857
f 851/851/851 857/857/857 852/852/852
f 852/852/852 857/857/857 858/858/858
f 852/852/852 858/858/858 853/853/853
f 853/853/853 858/858/858 859/859/859
f 854/854/854 860/860/860 855/855/855
f 855/855/855 860/860/860 861/861/861
f 855/855/855 861/861/861 856/856/856
f 856/856/856 861/861/861 862/862/862
f 856/856/856 862/862/862 857/857/857
f 857/857/857 862/862/862 863/863/863
f 857/857/857 863/863/863 858/858/858
f 858/858/858 863/863/863 864/864/864
f 858/858/858 864/864/864 859/859/859
f 859/859/859 864/864/864 865/865/865
f 860/860/860 866/866/866 861/861/861
f 861/861/861 866/866/866 867/867/867
f 861/861/861 867/867/867 862/862/862
f 862/862/862 867/867/867 868/868/868
f 862/862/862 868/868/868 863/863/863
f 863/863/863 868/868/868 869/869/869
f 863/863/863 869/869/869 864/864/864
f 864/864/864 869/869/869 870/870/870
f 864/864/864 870/870/870 865/865/865
f 865/865/865 870/870/870 871/871/871
f 872/872/872 878/878/878 873/873/873
f 873/873/873 878/878/878 879/879/879
f 873/873/873 879/879/879 874/874/874
f 874/874/874 879/879/879 880/880/880
f 874/874/874 880/880/880 875/875/875
f 875/875/875 880/880/880 881/881/881
f 875/875/875 881/881/881 876/876/876
f 876/876/876 881/881/881 882/882/882
f 876/876/876 882/882/882 877/877/877
f 877/877/877 882/882/882 883/883/883
f 878/878/878 884/884/884 879/879/879
f 879/879/879 884/884/884 885/885/885
f 879/879/879 885/885/885 880/880/880
f 880/880/880 885/885/885 886/886/886
f 880/880/880 886/886/886 881/881/881
f 881/881/881 886/886/886 887/887/887
f 881/881/881 887/887/887 882/882/882
f 882/882/882 887/887/887 888/888/888
f 882/882/882 888/888/888 883/883/883
f 883/883/883 888/888/888 889/889/889
f 884/884/884 890/890/890 885/885/885
f 885/885/885 890/890/890 891/891/891
f 885/885/885 891/891/891 886/886/886
f 886/886/886 891/891/891 892/892/892
f 886/886/886 892/892/892 887/887/887
f 887/887/887 892/892/892 893/893/893
f 887/887/887 893/893/893 888/888/888
f 888/888/888 893/893/893 894/894/894
f 888/888/888 894/894/894 889/889/889
f 889/889/889 894/894/894 895/895/895
f 890/890/890 896/896/896 891/891/891
f 891/891/891 896/896/896 897/897/897
f 891/891/891 897/897/897 892/892/892
f 892/892/892 897/897/897 898/898/898
f 892/892/892 898/898/898 893/893/893
f 893/893/893 898/898/898 899/899/899
f 893/893/893 899/899/899 894/894/894
f 894/894/894 899/899/899 900/900/900
f 894/894/894 900/900/900 895/895/895
f 895/895/895 900/900/900 901/901/901
f 896/896/896 902/902/902 897/897/897
f 897/897/897 902/902/902 903/903/903
f 897/897/897 903/903/903 898/898/898
f 898/898/898 903/903/903 904/904/904
f 898/898/898 904/904/904 899/899/899
f 899/899/899 904/904/904 905/905/905
f 899/899/899 905/905/905 900/900/900
f 900/900/900 905/905/905 906/906/906
f 900/900/900 906/906/906 901/901/901
f 901/901/901 906/906/906 907/907/907
f 902/902/902 908/908/908 903/903/903
f 903/903/903 908/908/908 909/909/909
f 903/903/903 909/909/909 904/904/904
f 904/904/904 909/909/909 910/910/910
f 904/904/904 910/910/910 905/905/905
f 905/905/905 910/910/910 911/911/911
f 905/905/905 911/911/911 906/906/906
f 906/906/906 911/911/911 912/912/912
f 906/906/906 912/912/912 907/907/907
f 907/907/907 912/912/912 913/913/913
f 914/914/914 918/918/918 915/915/915
f 915/915/915 918/918/918 919/919/919
f 915/915/915 919/919/919 916/916/916
f 916/916/916 919/919/919 920/920/920
f 916/916/916 920/920/920 917/917/917
f 917/917/917 920/920/920 921/921/921
f 918/918/918 922/922/922 919/919/919
f 919/919/919 922/922/922 923/923/923
f 919/919/919 923/923/923 920/920/920
f 920/920/920 923/923/923 924/924/924
f 920/920/920 924/924/924 921/921/921
f 921/921/921 924/924/924 925/925/925
f 922/922/922 926/926/926 923/923/923
f 923/923/923 926/926/926 927/927/927
f 923/923/923 927/927/927 924/924/924
f 924/924/924 927/927/927 928/928/928
f 924/924/924 928/928/928 925/925/925
f 925/925/925 928/928/928 929/929/929
f 930/930/930 934/934/934 931/931/931
f 931/931/931 934/934/934 935/935/935
f 931/931/931 935/935/935 932/932/932
f 932/932/932 935/935/935 936/936/936
f 932/932/932 936/936/936 933/933/933
f 933/933/933 936/936/936 937/937/937
f 934/934/934 938/938/938 935/935/935
f 935/935/935 938/938/938 939/939/939
f 935/935/935 939/939/939 936/936/936
f 936/936/936 939/939/939 940/940/940
f 936/936/936 940/940/940 937/937/937
f 937/937/937 940/940/940 941/941/941
f 938/938/938 942/942/942 939/939/939
f 939/939/939 942/942/942 943/943/943
f 939/939/939 943/943/943 940/940/940
f 940/940/940 943/943/943 944/944/944
f 940/940/940 944/944/944 941/941/941
f 941/941/941 944/944/944 945/945/945
f 946/946/946 950/950/950 947/947/947
f 947/947/947 950/950/950 951/951/951
f 947/947/947 951/951/951 948/948/948
f 948/948/948 951/951/951 952/952/952
f 948/948/948 952/952/952 949/949/949
f 949/949/949 952/952/952 953/953/953
f 950/950/950 954/954/954 951/951/951
f 951/951/951 954/954/954 955/955/955
f 951/951/951 955/955/955 952/952/952
f 952/952/952 955/955/955 956/956/956
f 952/952/952 956/956/956 953/953/953
f 953/953/953 956/956/956 957/957/957
f 954/954/954 958/958/958 955/955/955
f 955/955/955 958/958/958 959/959/959
f 955/955/955 959/959/959 956/956/956
f 956/956/956 959/959/959 960/960/960
f 956/956/956 960/960/960 957/957/957
f 957/957/957 960/960/960 961/961/961
f 962/962/962 966/966/966 963/963/963
f 963/963/963 966/966/966 967/967/967
f 963/963/963 967/967/967 964/964/964
f 964/964/964 967/967/967 968/968/968
f 964/964/964 968/968/968 965/965/965
f 965/965/965 968/968/968 969/969/969
f 966/966/966 970/970/970 967/967/967
f 967/967/967 970/970/970 971/971/971
f 967/967/967 971/971/971 968/968/968
f 968/968/968 971/971/971 972/972/972
f 968/968/968 972/972/972 969/969/969
f 969/969/969 972/972/972 973/973/973
f 970/970/970 974/974/974 971/971/971
f 971/971/971 974/974/974 975/975/975
f 971/971/971 975/975/975 972/972/972
f 972/972/972 975/975/975 976/976/976
f 972/972/972 976/976/976 973/973/973
f 973/973/973 976/976/976 977/977/977
f 978/978/978 982/982/982 979/979/979
f 979/979/979 982/982/982 983/983/983
f 979/979/979 983/983/983 980/980/980
f 980/980/980 983/983/983 984/984/984
f 980/980/980 984/984/984 981/981/981
f 981/981/981 984/984/984 985/985/985
f 982/982/982 986/986/986 983/983/983
f 983/983/983 986/986/986 987/987/987
f 983/983/983 987/987/987 984/984/984
f 984/984/984 987/987/987 988/988/988
f 984/984/984 988/988/988 985/985/985
f 985/985/985 988/988/988 989/989/989
f 986/986/986 990/990/990 987/987/987
f 987/987/987 990/990/990 991/991/991
f 987/987/987 991/991/991 988/988/988
f 988/988/988 991/991/991 992/992/992
f 988/988/988 992/992/992 989/989/989
f 989/989/989 992/992/992 993/993/993
f 994/994/994 998/998/998 995/995/995
f 995/995/995 998/998/998 999/999/999
f 995/995/995 999/999/999 996/996/996
f 996/996/996 999/999/999 1000/1000/1000
f 996/996/996 1000/1000/1000 997/997/997
f 997/997/997 1000/1000/1000 1001/1001/1001
f 998/998/998 1002/1002/1002 999/999/999
f 999/999/999 1002/1002/1002 1003/1003/1003
f 999/999/999 1003/1003/1003 1000/1000/1000
f 1000/1000/1000 1003/1003/1003 1004/1004/1004
f 1000/1000/1000 1004/1004/1004 1001/1001/1001
f 1001/1001/1001 1004/1004/1004 1005/1005/1005
f 1002/1002/1002 1006/1006/1006 1003/1003/1003
f 1003/1003/1003 1006/1006/1006 1007/1007/1007
f 1003/1003/1003 1007/1007/1007 1004/1004/1004
f 1004/1004/1004 1007/1007/1007 1008/1008/1008
f 1004/1004/1004 1008/1008/1008 1005/1005/1005
f 1005/1005/1005 1008/1008/1008 1009/1009/1009
f 1010/1010/1010 1014/1014/1014 1011/1011/1011
f 1011/1011/1011 1014/1014/1014 1015/1015/1015
f 1011/1011/1011 1015/1015/1015 1012/1012/1012
f 1012/1012/1012 1015/1015/1015 1016/1016/1016
f 1012/1012/1012 1016/1016/1016 1013/1013/1013
f 1013/1013/1013 1016/1016/1016 1017/1017/1017
f 1014/1014/1014 1018/1018/1018 1015/1015/1015
f 1015/1015/1015 1018/1018/1018 1019/1019/1019
f 1015/1015/1015 1019/1019/1019 1016/1016/1016
f 1016/1016/1016 1019/1019/1019 1020/1020/1020
f 1016/1016/1016 1020/1020/1020 1017/1017/1017
f 1017/1017/1017 1020/1020/1020 1021/1021/1021
f 1018/1018/1018 1022/1022/1022 1019/1019/1019
f 1019/1019/1019 1022/1022/1022 1023/1023/1023
f 1019/1019/1019 1023/1023/1023 1020/1020/1020
f 1020/1020/1020 1023/1023/1023 1024/1024/1024
f 1020/1020/1020 1024/1024/1024 1021/1021/1021
f 1021/1021/1021 1024/1024/1024 1025/1025/1025
f 1026/1026/1026 1030/1030/1030 1027/1027/1027
f 1027/1027/1027 1030/1030/1030 1031/1031/1031
f 1027/1027/1027 1031/1031/1031 1028/1028/1028
f 1028/1028/1028 1031/1031/1031 1032/1032/1032
f 1028/1028/1028 1032/1032/1032 1029/1029/1029
f 1029/1029/1029 1032/1032/1032 1033/1033/1033
f 1030/1030/1030 1034/1034/1034 1031/1031/1031
f 1031/1031/1031 1034/1034/1034 1035/1035/1035
f 1031/1031/1031 1035/1035/1035 1032/1032/1032
f 1032/1032/1032 1035/1035/1035 1036/1036/1036
f 1032/1032/1032 1036/1036/1036 1033/1033/1033
f 1033/1033/1033 1036/1036/1036 1037/1037/1037
f 1034/1034/1034 1038/1038/1038 1035/1035/1035
f 1035/1035/1035 1038/1038/1038 1039/1039/1039
f 1035/1035/1035 1039/1039/1039 1036/1036/1036
f 1036/1036/1036 1039/1039/1039 1040/1040/1040
f 1036/1036/1036 1040/1040/1040 1037/1037/1037
f 1037/1037/1037 1040/1040/1040 1041/1041/1041
f 1042/1042/1042 1046/1046/1046 1043/1043/1043
f 1043/1043/1043 1046/1046/1046 1047/1047/1047
f 1043/1043/1043 1047/1047/1047 1044/1044/1044
f 1044/1044/1044 1047/1047/1047 1048/1048/1048
f 1044/1044/1044 1048/1048/1048 1045/1045/1045
f 1045/1045/1045 1048/1048/1048 1049/1049/1049
f 1046/1046/1046 1050/1050/1050 1047/1047/1047
f 1047/1047/1047 1050/1050/1050 1051/1051/1051
f 1047/1047/1047 1051/1051/1051 1048/1048/1048
f 1048/1048/1048 1051/1051/1051 1052/1052/1052
f 1048/1048/1048 1052/1052/1052 1049/1049/1049
f 1049/1049/1049 1052/1052/1052 1053/1053/1053
f 1050/1050/1050 1054/1054/1054 1051/1051/1051
f 1051/1051/1051 1054/1054/1054 1055/1055/1055
f 1051/1051/1051 1055/1055/1055 1052/1052/1052
f 1052/1052/1052 1055/1055/1055 1056/1056/1056
f 1052/1052/1052 1056/1056/1056 1053/1053/1053
f 1053/1053/1053 1056/1056/1056 1057/1057/1057
f 1058/1058/1058 1062/1062/1062 1059/1059/1059
f 1059/1059/1059 1062/1062/1062 1063/1063/1063
f 1059/1059/1059 1063/1063/1063 1060/1060/1060
f 1060/1060/1060 1063/1063/1063 1064/1064/1064
f 1060/1060/1060 1064/1064/1064 1061/1061/1061
f 1061/1061/1061 1064/1064/1064 1065/1065/1065
f 1062/1062/1062 1066/1066/1066 1063/1063/1063
f 1063/1063/1063 1066/1066/1066 1067/1067/1067
f 1063/1063/1063 1067/1067/1067 1064/1064/1064
f 1064/1064/1064 1067/1067/1067 1068/1068/1068
f 1064/1064/1064 1068/1068/1068 1065/1065/1065
f 1065/1065/1065 1068/1068/1068 1069/1069/1069
f 1066/1066/1066 1070/1070/1070 1067/1067/1067
f 1067/1067/1067 1070/1070/1070 1071/1071/1071
f 1067/1067/1067 1071/1071/1071 1068/1068/1068
f 1068/1068/1068 1071/1071/1071 1072/1072/1072
f 1068/1068/1068 1072/1072/1072 1069/1069/1069
f 1069/1069/1069 1072/1072/1072 1073/1073/1073
f 1074/1074/1074 1078/1078/1078 1075/1075/1075
f 1075/1075/1075 1078/1078/1078 1079/1079/1079
f 1075/1075/1075 1079/1079/1079 1076/1076/1076
f 1076/1076/1076 1079/1079/1079 1080/1080/1080
f 1076/1076/1076 1080/1080/1080 1077/1077/1077
f 1077/1077/1077 1080/1080/1080 1081/1081/1081
f 1078/1078/1078 1082/1082/1082 1079/1079/1079
f 1079/1079/1079 1082/1082/1082 1083/1083/1083
f 1079/1079/1079 1083/1083/1083 1080/1080/1080
f 1080/1080/1080 1083/1083/1083 1084/1084/1084
f 1080/1080/1080 1084/1084/1084 1081/1081/1081
f 1081/1081/1081 1084/1084/1084 1085/1085/1085
f 1082/1082/1082 1086/1086/1086 1083/1083/1083
f 1083/1083/1083 1086/1086/1086 1087/1087/1087
f 1083/1083/1083 1087/1087/1087 1084/1084/1084
f 1084/1084/1084 1087/1087/1087 1088/1088/1088
f 1084/1084/1084 1088/1088/1088 1085/1085/1085
f 1085/1085/1085 1088/1088/1088 1089/1089/1089
f 1090/1090/1090 1094/1094/1094 1091/1091/1091
f 1091/1091/1091 1094/1094/1094 1095/1095/1095
f 1091/1091/1091 1095/1095/1095 1092/1092/1092
f 1092/1092/1092 1095/1095/1095 1096/1096/1096
f 1092/1092/1092 1096/1096/1096 1093/1093/1093
f 1093/1093/1093 1096/1096/1096 1097/1097/1097
f 1094/1094/1094 1098/1098/1098 1095/1095/1095
f 1095/1095/1095 1098/1098/1098 1099/1099/1099
f 1095/1095/1095 1099/1099/1099 1096/1096/1096
f 1096/1096/1096 1099/1099/1099 1100/1100/1100
f 1096/1096/1096 1100/1100/1100 1097/1097/1097
f 1097/1097/1097 1100/1100/1100 1101/1101/1101
f 1098/1098/1098 1102/1102/1102 1099/1099/1099
f 1099/1099/1099 1102/1102/1102 1103/1103/1103
f 1099/1099/1099 1103/1103/1103 1100/1100/1100
f 1100/1100/1100 1103/1103/1103 1104/1104/1104
f 1100/1100/1100 1104/1104/1104 1101/1101/1101
f 1101/1101/1101 1104/1104/1104 1105/1105/1105
f 1106/1106/1106 1110/1110/1110 1107/1107/1107
f 1107/1107/1107 1110/1110/1110 1111/1111/1111
f 1107/1107/1107 1111/1111/1111 1108/1108/1108
f 1108/1108/1108 1111/1111/1111 1112/1112/1112
f 1108/1108/1108 1112/1112/1112 1109/1109/1109
f 1109/1109/1109 1112/1112/1112 1113/1113/1113
f 1110/1110/1110 1114/1114/1114 1111/1111/1111
f 1111/1111/1111 1114/1114/1114 1115/1115/1115
f 1111/1111/1111 1115/1115/1115 1112/1112/1112
f 1112/1112/1112 1115/1115/1115 1116/1116/1116
f 1112/1112/1112 1116/1116/1116 1113/1113/1113
f 1113/1113/1113 1116/1116/1116 1117/1117/1117
f 1114/1114/1114 1118/1118/1118 1115/1115/1115
f 1115/1115/1115 1118/1118/1118 1119/1119/1119
f 1115/1115/1115 1119/1119/1119 1116/1116/1116
f 1116/1116/1116 1119/1119/1119 1120/1120/1120
f 1116/1116/1116 1120/1120/1120 1117/1117/1117
f 1117/1117/1117 1120/1120/1120 1121/1121/1121
f 1122/1122/1122 1126/1126/1126 1123/1123/1123
f 1123/1123/1123 1126/1126/1126 1127/1127/1127
f 1123/1123/1123 1127/1127/1127 1124/1124/1124
f 1124/1124/1124 1127/1127/1127 1128/1128/1128
f 1124/1124/1124 1128/1128/1128 1125/1125/1125
f 1125/1125/1125 1128/1128/1128 1129/1129/1129
f 1126/1126/1126 1130/1130/1130 1127/1127/1127
f 1127/1127/1127 1130/1130/1130 1131/1131/1131
f 1127/1127/1127 1131/1131/1131 1128/1128/1128
f 1128/1128/1128 1131/1131/1131 1132/1132/1132
f 1128/1128/1128 1132/1132/1132 1129/1129/1129
f 1129/1129/1129 1132/1132/1132 1133/1133/1133
f 1130/1130/1130 1134/1134/1134 1131/1131/1131
f 1131/1131/1131 1134/1134/1134 1135/1135/1135
f 1131/1131/1131 1135/1135/1135 1132/1132/1132
f 1132/1132/1132 1135/1135/1135 1136/1136/1136
f 1132/1132/1132 1136/1136/1136 1133/1133/1133
f 1133/1133/1133 1136/1136/1136 1137/1137/1137
f 1138/1138/1138 1142/1142/1142 1139/1139/1139
f 1139/1139/1139 1142/1142/1142 1143/1143/1143
f 1139/1139/1139 1143/1143/1143 1140/1140/1140
f 1140/1140/1140 1143/1143/1143 1144/1144/1144
f 1140/1140/1140 1144/1144/1144 1141/1141/1141
f 1141/1141/1141 1144/1144/1144 1145/1145/1145
f 1142/1142/1142 1146/1146/1146 1143/1143/1143
f 1143/1143/1143 1146/1146/1146 1147/1147/1147
f 1143/1143/1143 1147/1147/1147 1144/1144/1144
f 1144/1144/1144 1147/1147/1147 1148/1148/1148
f 1144/1144/1144 1148/1148/1148 1145/1145/1145
f 1145/1145/1145 1148/1148/1148 1149/1149/1149
f 1146/1146/1146 1150/1150/1150 1147/1147/1147
f 1147/1147/1147 1150/1150/1150 1151/1151/1151
f 1147/1147/1147 1151/1151/1151 1148/1148/1148
f 1148/1148/1148 1151/1151/1151 1152/1152/1152
f 1148/1148/1148 1152/1152/1152 1149/1149/1149
f 1149/1149/1149 1152/1152/1152 1153/1153/1153
f 1154/1154/1154 1158/1158/1158 1155/1155/1155
f 1155/1155/1155 1158/1158/1158 1159/1159/1159
f 1155/1155/1155 1159/1159/1159 1156/1156/1156
f 1156/1156/1156 1159/1159/1159 1160/1160/1160
f 1156/1156/1156 1160/1160/1160 1157/1157/1157
f 1157/1157/1157 1160/1160/1160 1161/1161/1161
f 1158/1158/1158 1162/1162/1162 1159/1159/1159
f 1159/1159/1159 1162/1162/1162 1163/1163/1163
f 1159/1159/1159 1163/1163/1163 1160/1160/1160
f 1160/1160/1160 1163/1163/1163 1164/1164/1164
f 1160/1160/1160 1164/1164/1164 1161/1161/1161
f 1161/1161/1161 1164/1164/1164 1165/1165/1165
f 1162/1162/1162 1166/1166/1166 1163/1163/1163
f 1163/1163/1163 1166/1166/1166 1167/1167/1167
f 1163/1163/1163 1167/1167/1167 1164/1164/1164
f 1164/1164/1164 1167/1167/1167 1168/1168/1168
f 1164/1164/1164 1168/1168/1168 1165/1165/1165
f 1165/1165/1165 1168/1168/1168 1169/1169/1169
f 1170/1170/1170 1174/1174/1174 1171/1171/1171
f 1171/1171/1171 1174/1174/1174 1175/1175/1175
f 1171/1171/1171 1175/1175/1175 1172/1172/1172
f 1172/1172/1172 1175/1175/1175 1176/1176/1176
f 1172/1172/1172 1176/1176/1176 1173/1173/1173
f 1173/1173/1173 1176/1176/1176 1177/1177/1177
f 1174/1174/1174 1178/1178/1178 1175/1175/1175
f 1175/1175/1175 1178/1178/1178 1179/1179/1179
f 1175/1175/1175 1179/1179/1179 1176/1176/1176
f 1176/1176/1176 1179/1179/1179 1180/1180/1180
f 1176/1176/1176 1180/1180/1180 1177/1177/1177
f 1177/1177/1177 1180/1180/1180 1181/1181/1181
f 1178/1178/1178 1182/1182/1182 1179/1179/1179
f 1179/1179/1179 1182/1182/1182 1183/1183/1183
f 1179/1179/1179 1183/1183/1183 1180/1180/1180
f 1180/1180/1180 1183/1183/1183 1184/1184/1184
f 1180/1180/1180 1184/1184/1184 1181/1181/1181
f 1181/1181/1181 1184/1184/1184 1185/1185/1185
f 1186/1186/1186 1190/1190/1190 1187/1187/1187
f 1187/1187/1187 1190/1190/1190 1191/1191/1191
f 1187/1187/1187 1191/1191/1191 1188/1188/1188
f 1188/1188/1188 1191/1191/1191 1192/1192/1192
f 1188/1188/1188 1192/1192/1192 1189/1189/1189
f 1189/1189/1189 1192/1192/1192 1193/1193/1193
f 1190/1190/1190 1194/1194/1194 1191/1191/1191
f 1191/1191/1191 1194/1194/1194 1195/1195/1195
f 1191/1191/1191 1195/1195/1195 1192/1192/1192
f 1192/1192/1192 1195/1195/1195 1196/1196/1196
f 1192/1192/1192 1196/1196/1196 1193/1193/1193
f 1193/1193/1193 1196/1196/1196 1197/1197/1197
f 1194/1194/1194 1198/1198/1198 1195/1195/1195
f 1195/1195/1195 1198/1198/1198 1199/1199/1199
f 1195/1195/1195 1199/1199/1199 1196/1196/1196
f 1196/1196/1196 1199/1199/1199 1200/1200/1200
f 1196/1196/1196 1200/1200/1200 1197/1197/1197
f 1197/1197/1197 1200/1200/1200 1201/1201/1201
f 1202/1202/1202 1206/1206/1206 1203/1203/1203
f 1203/1203/1203 1206/1206/1206 1207/1207/1207
f 1203/1203/1203 1207/1207/1207 1204/1204/1204
f 1204/1204/1204 1207/1207/1207 1208/1208/1208
f 1204/1204/1204 1208/1208/1208 1205/1205/1205
f 1205/1205/1205 1208/1208/1208 1209/1209/1209
f 1206/1206/1206 1210/1210/1210 1207/1207/1207
f 1207/1207/1207 1210/1210/1210 1211/1211/1211
f 1207/1207/1207 1211/1211/1211 1208/1208/1208
f 1208/1208/1208 1211/1211/1211 1212/1212/1212
f 1208/1208/1208 1212/1212/1212 1209/1209/1209
f 1209/1209/1209 1212/1212/1212 1213/1213/1213
f 1210/1210/1210 1214/1214/1214 1211/1211/1211
f 1211/1211/1211 1214/1214/1214 1215/1215/1215
f 1211/1211/1211 1215/1215/1215 1212/1212/1212
f 1212/1212/1212 1215/1215/1215 1216/1216/1216
f 1212/1212/1212 1216/1216/1216 1213/1213/1213
f 1213/1213/1213 1216/1216/1216 1217/1217/1217
f 1218/1218/1218 1222/1222/1222 1219/1219/1219
f 1219/1219/1219 1222/1222/1222 1223/1223/1223
f 1219/1219/1219 1223/1223/1223 1220/1220/1220
f 1220/1220/1220 1223/1223/1223 1224/1224/1224
f 1220/1220/1220 1224/1224/1224 1221/1221/1221
f 1221/1221/1221 1224/1224/1224 1225/1225/1225
f 1222/1222/1222 1226/1226/1226 1223/1223/1223
f 1223/1223/1223 1226/1226/1226 1227/1227/1227
f 1223/1223/1223 1227/1227/1227 1224/1224/1224
f 1224/1224/1224 1227/1227/1227 1228/1228/1228
f 1224/1224/1224 1228/1228/1228 1225/1225/1225
f 1225/1225/1225 1228/1228/1228 1229/1229/1229
f 1226/1226/1226 1230/1230/1230 1227/1227/1227
f 1227/1227/1227 1230/1230/1230 1231/1231/1231
f 1227/1227/1227 1231/1231/1231 1228/1228/1228
f 1228/1228/1228 1231/1231/1231 1232/1232/1232
f 1228/1228/1228 1232/1232/1232 1229/1229/1229
f 1229/1229/1229 1232/1232/1232 1233/1233/1233
f 1234/1234/1234 1238/1238/1238 1235/1235/1235
f 1235/1235/1235 1238/1238/1238 1239/1239/1239
f 1235/1235/1235 1239/1239/1239 1236/1236/1236
f 1236/1236/1236 1239/1239/1239 1240/1240/1240
f 1236/1236/1236 1240/1240/1240 1237/1237/1237
f 1237/1237/1237 1240/1240/1240 1241/1241/1241
f 1238/1238/1238 1242/1242/1242 1239/1239/1239
f 1239/1239/1239 1242/1242/1242 1243/1243/1243
f 1239/1239/1239 1243/1243/1243 1240/1240/1240
f 1240/1240/1240 1243/1243/1243 1244/1244/1244
f 1240/1240/1240 1244/1244/1244 1241/1241/1241
f 1241/1241/1241 1244/1244/1244 1245/1245/1245
f 1242/1242/1242 1246/1246/1246 1243/1243/1243
f 1243/1243/1243 1246/1246/1246 1247/1247/1247
f 1243/1243/1243 1247/1247/1247 1244/1244/1244
f 1244/1244/1244 1247/1247/1247 1248/1248/1248
f 1244/1244/1244 1248/1248/1248 1245/1245/1245
f 1245/1245/1245 1248/1248/1248 1249/1249/1249
f 1250/1250/1250 1254/1254/1254 1251/1251/1251
f 1251/1251/1251 1254/1254/1254 1255/1255/1255
f 1251/1251/1251 1255/1255/1255 1252/1252/1252
f 1252/1252/1252 1255/1255/1255 1256/1256/1256
f 1252/1252/1252 1256/1256/1256 1253/1253/1253
f 1253/1253/1253 1256/1256/1256 1257/1257/1257
f 1254/1254/1254 1258/1258/1258 1255/1255/1255
f 1255/1255/1255 1258/1258/1258 1259/1259/1259
f 1255/1255/1255 1259/1259/1259 1256/1256/1256
f 1256/1256/1256 1259/1259/1259 1260/1260/1260
f 1256/1256/1256 1260/1260/1260 1257/1257/1257
f 1257/1257/1257 1260/1260/1260 1261/1261/1261
f 1258/1258/1258 1262/1262/1262 1259/1259/1259
f 1259/1259/1259 1262/1262/1262 1263/1263/1263
f 1259/1259/1259 1263/1263/1263 1260/1260/1260
f 1260/1260/1260 1263/1263/1263 1264/1264/1264
f 1260/1260/1260 1264/1264/1264 1261/1261/1261
f 1261/1261/1261 1264/1264/1264 1265/1265/1265
