# DouglasFir_C -- composed by tools/bake-assets.mjs from the CC0 packs in vendor/.
# Geometry is theirs; the arrangement is ours. Do not edit by hand.
mtllib DouglasFir_C.mtl
o DouglasFir_C
v 0.00546 0.14772 -0.01612
v 0.01124 0.14855 -0.01174
v 0.01271 0.05368 -0.01429
v 0.00601 0.05352 -0.01928
v 0.00546 0.14772 -0.01612
v 0.00601 0.05352 -0.01928
v -0.00235 0.05356 -0.01922
v -0.00180 0.14782 -0.01600
v 0.00546 0.14772 -0.01612
v -0.00180 0.14782 -0.01600
v -0.00148 0.24722 -0.01402
v 0.00498 0.24687 -0.01422
v 0.00546 0.14772 -0.01612
v 0.00498 0.24687 -0.01422
v 0.01005 0.24866 -0.01024
v 0.01124 0.14855 -0.01174
v -0.00613 0.14884 -0.00998
v -0.00180 0.14782 -0.01600
v -0.00235 0.05356 -0.01922
v -0.00734 0.05378 -0.01246
v -0.00613 0.14884 -0.00998
v -0.00734 0.05378 -0.01246
v -0.00732 0.05407 -0.00405
v -0.00615 0.15022 -0.00254
v -0.00613 0.14884 -0.00998
v -0.00615 0.15022 -0.00254
v -0.00604 0.26408 0.00048
v -0.00535 0.24985 -0.00842
v -0.00613 0.14884 -0.00998
v -0.00535 0.24985 -0.00842
v -0.00148 0.24722 -0.01402
v -0.00180 0.14782 -0.01600
v -0.00047 0.15141 0.00185
v -0.00615 0.15022 -0.00254
v -0.00732 0.05407 -0.00405
v -0.00064 0.05433 0.00095
v -0.00047 0.15141 0.00185
v -0.00064 0.05433 0.00095
v 0.00770 0.05438 0.00090
v 0.00670 0.15168 0.00175
v -0.00047 0.15141 0.00185
v 0.00670 0.15168 0.00175
v 0.00600 0.26698 0.00466
v -0.00038 0.25057 0.00476
v -0.00047 0.15141 0.00185
v -0.00038 0.25057 0.00476
v -0.00604 0.26408 0.00048
v -0.00615 0.15022 -0.00254
v 0.01113 0.15029 -0.00428
v 0.00670 0.15168 0.00175
v 0.00770 0.05438 0.00090
v 0.01271 0.05407 -0.00587
v 0.01113 0.15029 -0.00428
v 0.01271 0.05407 -0.00587
v 0.01271 0.05368 -0.01429
v 0.01124 0.14855 -0.01174
v 0.01113 0.15029 -0.00428
v 0.01124 0.14855 -0.01174
v 0.01005 0.24866 -0.01024
v 0.00977 0.25246 -0.00333
v 0.01113 0.15029 -0.00428
v 0.00977 0.25246 -0.00333
v 0.00600 0.26698 0.00466
v 0.00670 0.15168 0.00175
v 0.00316 0.00319 -0.01132
v -0.00882 0.00239 -0.01529
v -0.00278 0.00177 -0.02317
v 0.00710 0.00239 -0.02334
v 0.00316 0.00319 -0.01132
v 0.00710 0.00239 -0.02334
v 0.01496 0.00177 -0.01735
v 0.01516 0.00239 -0.00742
v 0.00316 0.00319 -0.01132
v 0.01516 0.00239 -0.00742
v 0.00914 0.00177 0.00040
v -0.00077 0.00239 0.00063
v 0.00316 0.00319 -0.01132
v -0.00077 0.00239 0.00063
v -0.00861 0.00177 -0.00543
v -0.00882 0.00239 -0.01529
v -0.00091 0.42392 -0.02748
v -0.00102 0.37916 -0.00685
v 0.00390 0.36584 -0.00408
v 0.00328 0.42362 -0.02778
v -0.00091 0.42392 -0.02748
v 0.00328 0.42362 -0.02778
v 0.00343 0.47885 -0.04667
v -0.00059 0.47761 -0.04643
v -0.00091 0.42392 -0.02748
v -0.00059 0.47761 -0.04643
v -0.00371 0.47632 -0.04916
v -0.00404 0.42153 -0.03049
v -0.00091 0.42392 -0.02748
v -0.00404 0.42153 -0.03049
v -0.00524 0.36383 -0.00782
v -0.00102 0.37916 -0.00685
v 0.01605 0.01192 -0.00666
v 0.00960 0.01189 0.00203
v 0.01085 0.00138 0.00375
v 0.01839 0.00138 -0.00641
v 0.01605 0.01192 -0.00666
v 0.01839 0.00138 -0.00641
v 0.01833 0.00140 -0.01907
v 0.01600 0.01196 -0.01748
v 0.01605 0.01192 -0.00666
v 0.01600 0.01196 -0.01748
v 0.01271 0.05368 -0.01429
v 0.01271 0.05407 -0.00587
v 0.01605 0.01192 -0.00666
v 0.01271 0.05407 -0.00587
v 0.00770 0.05438 0.00090
v 0.00960 0.01189 0.00203
v -0.00122 0.01190 0.00207
v -0.00990 0.01194 -0.00438
v -0.01197 0.00139 -0.00374
v -0.00181 0.00138 0.00381
v -0.00122 0.01190 0.00207
v -0.00181 0.00138 0.00381
v 0.01085 0.00138 0.00375
v 0.00960 0.01189 0.00203
v -0.00122 0.01190 0.00207
v 0.00960 0.01189 0.00203
v 0.00770 0.05438 0.00090
v -0.00064 0.05433 0.00095
v -0.00122 0.01190 0.00207
v -0.00064 0.05433 0.00095
v -0.00732 0.05407 -0.00405
v -0.00990 0.01194 -0.00438
v -0.00995 0.01198 -0.01519
v -0.00350 0.01201 -0.02387
v -0.00448 0.00141 -0.02655
v -0.01203 0.00140 -0.01640
v -0.00995 0.01198 -0.01519
v -0.01203 0.00140 -0.01640
v -0.01197 0.00139 -0.00374
v -0.00990 0.01194 -0.00438
v -0.00995 0.01198 -0.01519
v -0.00990 0.01194 -0.00438
v -0.00732 0.05407 -0.00405
v -0.00734 0.05378 -0.01246
v -0.00995 0.01198 -0.01519
v -0.00734 0.05378 -0.01246
v -0.00235 0.05356 -0.01922
v -0.00350 0.01201 -0.02387
v 0.00731 0.01200 -0.02392
v 0.01600 0.01196 -0.01748
v 0.01833 0.00140 -0.01907
v 0.00817 0.00141 -0.02661
v 0.00731 0.01200 -0.02392
v 0.00817 0.00141 -0.02661
v -0.00448 0.00141 -0.02655
v -0.00350 0.01201 -0.02387
v 0.00731 0.01200 -0.02392
v -0.00350 0.01201 -0.02387
v -0.00235 0.05356 -0.01922
v 0.00601 0.05352 -0.01928
v 0.00731 0.01200 -0.02392
v 0.00601 0.05352 -0.01928
v 0.01271 0.05368 -0.01429
v 0.01600 0.01196 -0.01748
v 0.00845 0.00000 -0.02748
v 0.01914 0.00000 -0.01954
v 0.01496 0.00177 -0.01735
v 0.00710 0.00239 -0.02334
v 0.00845 0.00000 -0.02748
v 0.00710 0.00239 -0.02334
v -0.00278 0.00177 -0.02317
v -0.00486 0.00000 -0.02741
v 0.00845 0.00000 -0.02748
v -0.00486 0.00000 -0.02741
v -0.00448 0.00141 -0.02655
v 0.00817 0.00141 -0.02661
v 0.00845 0.00000 -0.02748
v 0.00817 0.00141 -0.02661
v 0.01833 0.00140 -0.01907
v 0.01914 0.00000 -0.01954
v -0.01280 0.00000 -0.01673
v -0.00486 0.00000 -0.02741
v -0.00278 0.00177 -0.02317
v -0.00882 0.00239 -0.01529
v -0.01280 0.00000 -0.01673
v -0.00882 0.00239 -0.01529
v -0.00861 0.00177 -0.00543
v -0.01274 0.00000 -0.00341
v -0.01280 0.00000 -0.01673
v -0.01274 0.00000 -0.00341
v -0.01197 0.00139 -0.00374
v -0.01203 0.00140 -0.01640
v -0.01280 0.00000 -0.01673
v -0.01203 0.00140 -0.01640
v -0.00448 0.00141 -0.02655
v -0.00486 0.00000 -0.02741
v -0.00205 0.00000 0.00453
v -0.01274 0.00000 -0.00341
v -0.00861 0.00177 -0.00543
v -0.00077 0.00239 0.00063
v -0.00205 0.00000 0.00453
v -0.00077 0.00239 0.00063
v 0.00914 0.00177 0.00040
v 0.01126 0.00000 0.00447
v -0.00205 0.00000 0.00453
v 0.01126 0.00000 0.00447
v 0.01085 0.00138 0.00375
v -0.00181 0.00138 0.00381
v -0.00205 0.00000 0.00453
v -0.00181 0.00138 0.00381
v -0.01197 0.00139 -0.00374
v -0.01274 0.00000 -0.00341
v 0.01920 0.00000 -0.00622
v 0.01126 0.00000 0.00447
v 0.00914 0.00177 0.00040
v 0.01516 0.00239 -0.00742
v 0.01920 0.00000 -0.00622
v 0.01516 0.00239 -0.00742
v 0.01496 0.00177 -0.01735
v 0.01914 0.00000 -0.01954
v 0.01920 0.00000 -0.00622
v 0.01914 0.00000 -0.01954
v 0.01833 0.00140 -0.01907
v 0.01839 0.00138 -0.00641
v 0.01920 0.00000 -0.00622
v 0.01839 0.00138 -0.00641
v 0.01085 0.00138 0.00375
v 0.01126 0.00000 0.00447
v 0.00697 0.51946 -0.05693
v 0.00590 0.47919 -0.05075
v 0.00603 0.47869 -0.05563
v 0.00686 0.52133 -0.06213
v 0.00697 0.51946 -0.05693
v 0.00686 0.52133 -0.06213
v 0.00999 0.55420 -0.06324
v 0.01020 0.54472 -0.05610
v 0.00697 0.51946 -0.05693
v 0.01020 0.54472 -0.05610
v 0.00663 0.54478 -0.05085
v 0.00426 0.51651 -0.05283
v 0.00697 0.51946 -0.05693
v 0.00426 0.51651 -0.05283
v 0.00343 0.47885 -0.04667
v 0.00590 0.47919 -0.05075
v 0.00335 0.41315 -0.04068
v 0.00387 0.34822 -0.02286
v -0.00114 0.34943 -0.02246
v -0.00086 0.41340 -0.04025
v 0.00335 0.41315 -0.04068
v -0.00086 0.41340 -0.04025
v -0.00084 0.47625 -0.05801
v 0.00305 0.47745 -0.05831
v 0.00335 0.41315 -0.04068
v 0.00305 0.47745 -0.05831
v 0.00603 0.47869 -0.05563
v 0.00650 0.41560 -0.03781
v 0.00335 0.41315 -0.04068
v 0.00650 0.41560 -0.03781
v 0.00764 0.35157 -0.01950
v 0.00387 0.34822 -0.02286
v 0.00611 0.41997 -0.03236
v 0.00711 0.35874 -0.01327
v 0.00764 0.35157 -0.01950
v 0.00650 0.41560 -0.03781
v 0.00611 0.41997 -0.03236
v 0.00650 0.41560 -0.03781
v 0.00603 0.47869 -0.05563
v 0.00590 0.47919 -0.05075
v 0.00611 0.41997 -0.03236
v 0.00590 0.47919 -0.05075
v 0.00343 0.47885 -0.04667
v 0.00328 0.42362 -0.02778
v 0.00611 0.41997 -0.03236
v 0.00328 0.42362 -0.02778
v 0.00390 0.36584 -0.00408
v 0.00711 0.35874 -0.01327
v -0.00367 0.41711 -0.03580
v -0.00435 0.35595 -0.01744
v -0.00524 0.36383 -0.00782
v -0.00404 0.42153 -0.03049
v -0.00367 0.41711 -0.03580
v -0.00404 0.42153 -0.03049
v -0.00371 0.47632 -0.04916
v -0.00345 0.47587 -0.05399
v -0.00367 0.41711 -0.03580
v -0.00345 0.47587 -0.05399
v -0.00084 0.47625 -0.05801
v -0.00086 0.41340 -0.04025
v -0.00367 0.41711 -0.03580
v -0.00086 0.41340 -0.04025
v -0.00114 0.34943 -0.02246
v -0.00435 0.35595 -0.01744
v 0.00393 0.71389 -0.10124
v 0.00288 0.68763 -0.09637
v 0.00298 0.70484 -0.09519
v 0.00335 0.72638 -0.09908
v 0.00393 0.71389 -0.10124
v 0.00335 0.72638 -0.09908
v 0.00443 0.74793 -0.10216
v 0.00459 0.74069 -0.10469
v 0.00393 0.71389 -0.10124
v 0.00459 0.74069 -0.10469
v 0.00573 0.73221 -0.10571
v 0.00510 0.70480 -0.10223
v 0.00393 0.71389 -0.10124
v 0.00510 0.70480 -0.10223
v 0.00407 0.67856 -0.09735
v 0.00288 0.68763 -0.09637
v -0.00430 0.51510 -0.06132
v -0.00345 0.47587 -0.05399
v -0.00371 0.47632 -0.04916
v -0.00432 0.51319 -0.05611
v -0.00430 0.51510 -0.06132
v -0.00432 0.51319 -0.05611
v -0.00599 0.53917 -0.05647
v -0.00537 0.54051 -0.06262
v -0.00430 0.51510 -0.06132
v -0.00537 0.54051 -0.06262
v -0.00270 0.54786 -0.06845
v -0.00147 0.51809 -0.06544
v -0.00430 0.51510 -0.06132
v -0.00147 0.51809 -0.06544
v -0.00084 0.47625 -0.05801
v -0.00345 0.47587 -0.05399
v -0.00048 0.51404 -0.05291
v -0.00059 0.47761 -0.04643
v 0.00343 0.47885 -0.04667
v 0.00426 0.51651 -0.05283
v -0.00048 0.51404 -0.05291
v 0.00426 0.51651 -0.05283
v 0.00663 0.54478 -0.05085
v -0.00080 0.53667 -0.05257
v -0.00048 0.51404 -0.05291
v -0.00080 0.53667 -0.05257
v -0.00599 0.53917 -0.05647
v -0.00432 0.51319 -0.05611
v -0.00048 0.51404 -0.05291
v -0.00432 0.51319 -0.05611
v -0.00371 0.47632 -0.04916
v -0.00059 0.47761 -0.04643
v 0.03344 0.58690 -0.04088
v 0.03291 0.59926 -0.04278
v 0.02273 0.58629 -0.04713
v 0.02298 0.57506 -0.04496
v 0.03344 0.58690 -0.04088
v 0.02298 0.57506 -0.04496
v 0.02381 0.56695 -0.04516
v 0.03451 0.57819 -0.04125
v 0.03344 0.58690 -0.04088
v 0.03451 0.57819 -0.04125
v 0.04425 0.59176 -0.03749
v 0.04283 0.60055 -0.03700
v 0.03344 0.58690 -0.04088
v 0.04283 0.60055 -0.03700
v 0.04185 0.61342 -0.03868
v 0.03291 0.59926 -0.04278
v -0.00575 0.55784 -0.06268
v -0.00537 0.54051 -0.06262
v -0.00599 0.53917 -0.05647
v -0.00671 0.55519 -0.05838
v -0.00575 0.55784 -0.06268
v -0.00671 0.55519 -0.05838
v -0.00737 0.57268 -0.05938
v -0.00930 0.58016 -0.06350
v -0.00575 0.55784 -0.06268
v -0.00930 0.58016 -0.06350
v -0.00575 0.58290 -0.06543
v -0.00439 0.56346 -0.06720
v -0.00575 0.55784 -0.06268
v -0.00439 0.56346 -0.06720
v -0.00270 0.54786 -0.06845
v -0.00537 0.54051 -0.06262
v -0.00177 0.54893 -0.05104
v -0.00080 0.53667 -0.05257
v 0.00663 0.54478 -0.05085
v 0.00254 0.55324 -0.04926
v -0.00177 0.54893 -0.05104
v 0.00254 0.55324 -0.04926
v -0.00107 0.56155 -0.04581
v -0.00456 0.55791 -0.04749
v -0.00177 0.54893 -0.05104
v -0.00456 0.55791 -0.04749
v -0.00758 0.55900 -0.05004
v -0.00580 0.55016 -0.05362
v -0.00177 0.54893 -0.05104
v -0.00580 0.55016 -0.05362
v -0.00599 0.53917 -0.05647
v -0.00080 0.53667 -0.05257
v -0.04289 0.72641 -0.07113
v -0.03310 0.68878 -0.06897
v -0.03258 0.69271 -0.07143
v -0.04244 0.72763 -0.07349
v -0.04289 0.72641 -0.07113
v -0.04244 0.72763 -0.07349
v -0.04904 0.75788 -0.07474
v -0.04939 0.75995 -0.07249
v -0.04289 0.72641 -0.07113
v -0.04939 0.75995 -0.07249
v -0.05069 0.75771 -0.07089
v -0.04377 0.72073 -0.06936
v -0.04289 0.72641 -0.07113
v -0.04377 0.72073 -0.06936
v -0.03361 0.67946 -0.06705
v -0.03310 0.68878 -0.06897
v -0.00170 0.57988 -0.05661
v -0.00060 0.57155 -0.05599
v 0.00609 0.57155 -0.05374
v 0.00034 0.58680 -0.05632
v -0.00170 0.57988 -0.05661
v 0.00034 0.58680 -0.05632
v -0.00752 0.60758 -0.05870
v -0.00845 0.59423 -0.05893
v -0.00170 0.57988 -0.05661
v -0.00845 0.59423 -0.05893
v -0.00737 0.57268 -0.05938
v -0.00060 0.57155 -0.05599
v -0.00013 0.59245 -0.06233
v 0.00121 0.58282 -0.06332
v -0.00575 0.58290 -0.06543
v -0.00703 0.60866 -0.06472
v -0.00013 0.59245 -0.06233
v -0.00703 0.60866 -0.06472
v -0.00652 0.61945 -0.06313
v 0.00150 0.59681 -0.06063
v -0.00013 0.59245 -0.06233
v 0.00150 0.59681 -0.06063
v 0.00782 0.58130 -0.05993
v 0.00121 0.58282 -0.06332
v -0.05292 0.78559 -0.07420
v -0.04939 0.75995 -0.07249
v -0.04904 0.75788 -0.07474
v -0.05256 0.78255 -0.07640
v -0.05292 0.78559 -0.07420
v -0.05256 0.78255 -0.07640
v -0.05361 0.81277 -0.07841
v -0.05400 0.81555 -0.07628
v -0.05292 0.78559 -0.07420
v -0.05400 0.81555 -0.07628
v -0.05548 0.81399 -0.07485
v -0.05439 0.78422 -0.07269
v -0.05292 0.78559 -0.07420
v -0.05439 0.78422 -0.07269
v -0.05069 0.75771 -0.07089
v -0.04939 0.75995 -0.07249
v -0.04470 0.71240 -0.06961
v -0.04515 0.70661 -0.07120
v -0.03355 0.66274 -0.06883
v -0.03375 0.66880 -0.06723
v -0.04470 0.71240 -0.06961
v -0.03375 0.66880 -0.06723
v -0.03361 0.67946 -0.06705
v -0.04377 0.72073 -0.06936
v -0.04470 0.71240 -0.06961
v -0.04377 0.72073 -0.06936
v -0.05069 0.75771 -0.07089
v -0.05254 0.75086 -0.07121
v -0.04470 0.71240 -0.06961
v -0.05254 0.75086 -0.07121
v -0.05375 0.74425 -0.07283
v -0.04515 0.70661 -0.07120
v -0.04279 0.72254 -0.07502
v -0.04244 0.72763 -0.07349
v -0.03258 0.69271 -0.07143
v -0.03239 0.68720 -0.07291
v -0.04279 0.72254 -0.07502
v -0.03239 0.68720 -0.07291
v -0.03255 0.67708 -0.07297
v -0.04362 0.71492 -0.07520
v -0.04279 0.72254 -0.07502
v -0.04362 0.71492 -0.07520
v -0.05162 0.74546 -0.07669
v -0.05001 0.75179 -0.07636
v -0.04279 0.72254 -0.07502
v -0.05001 0.75179 -0.07636
v -0.04904 0.75788 -0.07474
v -0.04244 0.72763 -0.07349
v -0.05032 0.95462 -0.08632
v -0.05200 0.90753 -0.08439
v -0.05360 0.90374 -0.08487
v -0.05185 0.95246 -0.08686
v -0.05032 0.95462 -0.08632
v -0.05185 0.95246 -0.08686
v -0.05084 0.97829 -0.08738
v -0.04939 0.98792 -0.08732
v -0.05032 0.95462 -0.08632
v -0.04939 0.98792 -0.08732
v -0.04898 0.98095 -0.08593
v -0.04936 0.95730 -0.08496
v -0.05032 0.95462 -0.08632
v -0.04936 0.95730 -0.08496
v -0.05100 0.91168 -0.08298
v -0.05200 0.90753 -0.08439
v -0.05655 0.77761 -0.07308
v -0.05254 0.75086 -0.07121
v -0.05069 0.75771 -0.07089
v -0.05439 0.78422 -0.07269
v -0.05655 0.77761 -0.07308
v -0.05439 0.78422 -0.07269
v -0.05548 0.81399 -0.07485
v -0.05759 0.80745 -0.07529
v -0.05655 0.77761 -0.07308
v -0.05759 0.80745 -0.07529
v -0.05899 0.80062 -0.07692
v -0.05801 0.77058 -0.07472
v -0.05655 0.77761 -0.07308
v -0.05801 0.77058 -0.07472
v -0.05375 0.74425 -0.07283
v -0.05254 0.75086 -0.07121
v -0.05374 0.77595 -0.07807
v -0.05001 0.75179 -0.07636
v -0.05162 0.74546 -0.07669
v -0.05561 0.76976 -0.07848
v -0.05374 0.77595 -0.07807
v -0.05561 0.76976 -0.07848
v -0.05659 0.80012 -0.08051
v -0.05475 0.80630 -0.08006
v -0.05374 0.77595 -0.07807
v -0.05475 0.80630 -0.08006
v -0.05361 0.81277 -0.07841
v -0.05256 0.78255 -0.07640
v -0.05374 0.77595 -0.07807
v -0.05256 0.78255 -0.07640
v -0.04904 0.75788 -0.07474
v -0.05001 0.75179 -0.07636
v -0.05737 0.76797 -0.07694
v -0.05316 0.74270 -0.07508
v -0.05375 0.74425 -0.07283
v -0.05801 0.77058 -0.07472
v -0.05737 0.76797 -0.07694
v -0.05801 0.77058 -0.07472
v -0.05899 0.80062 -0.07692
v -0.05833 0.79820 -0.07907
v -0.05737 0.76797 -0.07694
v -0.05833 0.79820 -0.07907
v -0.05659 0.80012 -0.08051
v -0.05561 0.76976 -0.07848
v -0.05737 0.76797 -0.07694
v -0.05561 0.76976 -0.07848
v -0.05162 0.74546 -0.07669
v -0.05316 0.74270 -0.07508
v -0.04979 1.00000 -0.08665
v -0.05149 0.98752 -0.08716
v -0.05213 0.97957 -0.08562
v -0.05102 0.98990 -0.08498
v -0.04979 1.00000 -0.08665
v -0.05102 0.98990 -0.08498
v -0.05014 0.98235 -0.08412
v -0.04891 0.99031 -0.08514
v -0.04979 1.00000 -0.08665
v -0.04891 0.99031 -0.08514
v -0.04898 0.98095 -0.08593
v -0.04939 0.98792 -0.08732
v -0.04979 1.00000 -0.08665
v -0.04939 0.98792 -0.08732
v -0.05084 0.97829 -0.08738
v -0.05149 0.98752 -0.08716
v -0.05320 0.95234 -0.08596
v -0.05504 0.90280 -0.08381
v -0.05557 0.90458 -0.08210
v -0.05367 0.95388 -0.08441
v -0.05320 0.95234 -0.08596
v -0.05367 0.95388 -0.08441
v -0.05213 0.97957 -0.08562
v -0.05149 0.98752 -0.08716
v -0.05320 0.95234 -0.08596
v -0.05149 0.98752 -0.08716
v -0.05084 0.97829 -0.08738
v -0.05185 0.95246 -0.08686
v -0.05320 0.95234 -0.08596
v -0.05185 0.95246 -0.08686
v -0.05360 0.90374 -0.08487
v -0.05504 0.90280 -0.08381
v -0.04969 0.95898 -0.08335
v -0.05135 0.91367 -0.08123
v -0.05100 0.91168 -0.08298
v -0.04936 0.95730 -0.08496
v -0.04969 0.95898 -0.08335
v -0.04936 0.95730 -0.08496
v -0.04898 0.98095 -0.08593
v -0.04891 0.99031 -0.08514
v -0.04969 0.95898 -0.08335
v -0.04891 0.99031 -0.08514
v -0.05014 0.98235 -0.08412
v -0.05090 0.95900 -0.08239
v -0.04969 0.95898 -0.08335
v -0.05090 0.95900 -0.08239
v -0.05263 0.91295 -0.08013
v -0.05135 0.91367 -0.08123
v -0.05257 0.95670 -0.08299
v -0.05440 0.90894 -0.08065
v -0.05263 0.91295 -0.08013
v -0.05090 0.95900 -0.08239
v -0.05257 0.95670 -0.08299
v -0.05090 0.95900 -0.08239
v -0.05014 0.98235 -0.08412
v -0.05102 0.98990 -0.08498
v -0.05257 0.95670 -0.08299
v -0.05102 0.98990 -0.08498
v -0.05213 0.97957 -0.08562
v -0.05367 0.95388 -0.08441
v -0.05257 0.95670 -0.08299
v -0.05367 0.95388 -0.08441
v -0.05557 0.90458 -0.08210
v -0.05440 0.90894 -0.08065
v -0.04460 0.70853 -0.07350
v -0.04362 0.71492 -0.07520
v -0.03255 0.67708 -0.07297
v -0.03304 0.66722 -0.07118
v -0.04460 0.70853 -0.07350
v -0.03304 0.66722 -0.07118
v -0.03355 0.66274 -0.06883
v -0.04515 0.70661 -0.07120
v -0.04460 0.70853 -0.07350
v -0.04515 0.70661 -0.07120
v -0.05375 0.74425 -0.07283
v -0.05316 0.74270 -0.07508
v -0.04460 0.70853 -0.07350
v -0.05316 0.74270 -0.07508
v -0.05162 0.74546 -0.07669
v -0.04362 0.71492 -0.07520
v -0.01983 0.62052 -0.06709
v -0.01933 0.63092 -0.06892
v -0.00575 0.58290 -0.06543
v -0.00930 0.58016 -0.06350
v -0.01983 0.62052 -0.06709
v -0.00930 0.58016 -0.06350
v -0.00737 0.57268 -0.05938
v -0.02030 0.61771 -0.06471
v -0.01983 0.62052 -0.06709
v -0.02030 0.61771 -0.06471
v -0.03355 0.66274 -0.06883
v -0.03304 0.66722 -0.07118
v -0.01983 0.62052 -0.06709
v -0.03304 0.66722 -0.07118
v -0.03255 0.67708 -0.07297
v -0.01933 0.63092 -0.06892
v -0.01913 0.64474 -0.06886
v -0.01924 0.65404 -0.06736
v -0.00652 0.61945 -0.06313
v -0.00703 0.60866 -0.06472
v -0.01913 0.64474 -0.06886
v -0.00703 0.60866 -0.06472
v -0.00575 0.58290 -0.06543
v -0.01933 0.63092 -0.06892
v -0.01913 0.64474 -0.06886
v -0.01933 0.63092 -0.06892
v -0.03255 0.67708 -0.07297
v -0.03239 0.68720 -0.07291
v -0.01913 0.64474 -0.06886
v -0.03239 0.68720 -0.07291
v -0.03258 0.69271 -0.07143
v -0.01924 0.65404 -0.06736
v -0.02040 0.62664 -0.06307
v -0.02030 0.61771 -0.06471
v -0.00737 0.57268 -0.05938
v -0.00845 0.59423 -0.05893
v -0.02040 0.62664 -0.06307
v -0.00845 0.59423 -0.05893
v -0.00752 0.60758 -0.05870
v -0.02018 0.64011 -0.06289
v -0.02040 0.62664 -0.06307
v -0.02018 0.64011 -0.06289
v -0.03361 0.67946 -0.06705
v -0.03375 0.66880 -0.06723
v -0.02040 0.62664 -0.06307
v -0.03375 0.66880 -0.06723
v -0.03355 0.66274 -0.06883
v -0.02030 0.61771 -0.06471
v -0.01969 0.65086 -0.06484
v -0.00678 0.61754 -0.06061
v -0.00652 0.61945 -0.06313
v -0.01924 0.65404 -0.06736
v -0.01969 0.65086 -0.06484
v -0.01924 0.65404 -0.06736
v -0.03258 0.69271 -0.07143
v -0.03310 0.68878 -0.06897
v -0.01969 0.65086 -0.06484
v -0.03310 0.68878 -0.06897
v -0.03361 0.67946 -0.06705
v -0.02018 0.64011 -0.06289
v -0.01969 0.65086 -0.06484
v -0.02018 0.64011 -0.06289
v -0.00752 0.60758 -0.05870
v -0.00678 0.61754 -0.06061
v -0.05647 0.85521 -0.07795
v -0.05759 0.80745 -0.07529
v -0.05548 0.81399 -0.07485
v -0.05452 0.86076 -0.07747
v -0.05647 0.85521 -0.07795
v -0.05452 0.86076 -0.07747
v -0.05263 0.91295 -0.08013
v -0.05440 0.90894 -0.08065
v -0.05647 0.85521 -0.07795
v -0.05440 0.90894 -0.08065
v -0.05557 0.90458 -0.08210
v -0.05776 0.84939 -0.07950
v -0.05647 0.85521 -0.07795
v -0.05776 0.84939 -0.07950
v -0.05899 0.80062 -0.07692
v -0.05759 0.80745 -0.07529
v -0.05313 0.86205 -0.07875
v -0.05400 0.81555 -0.07628
v -0.05361 0.81277 -0.07841
v -0.05275 0.85966 -0.08070
v -0.05313 0.86205 -0.07875
v -0.05275 0.85966 -0.08070
v -0.05100 0.91168 -0.08298
v -0.05135 0.91367 -0.08123
v -0.05313 0.86205 -0.07875
v -0.05135 0.91367 -0.08123
v -0.05263 0.91295 -0.08013
v -0.05452 0.86076 -0.07747
v -0.05313 0.86205 -0.07875
v -0.05452 0.86076 -0.07747
v -0.05548 0.81399 -0.07485
v -0.05400 0.81555 -0.07628
v -0.05716 0.84729 -0.08143
v -0.05833 0.79820 -0.07907
v -0.05899 0.80062 -0.07692
v -0.05776 0.84939 -0.07950
v -0.05716 0.84729 -0.08143
v -0.05776 0.84939 -0.07950
v -0.05557 0.90458 -0.08210
v -0.05504 0.90280 -0.08381
v -0.05716 0.84729 -0.08143
v -0.05504 0.90280 -0.08381
v -0.05360 0.90374 -0.08487
v -0.05555 0.84887 -0.08270
v -0.05716 0.84729 -0.08143
v -0.05555 0.84887 -0.08270
v -0.05659 0.80012 -0.08051
v -0.05833 0.79820 -0.07907
v -0.05382 0.85413 -0.08223
v -0.05475 0.80630 -0.08006
v -0.05659 0.80012 -0.08051
v -0.05555 0.84887 -0.08270
v -0.05382 0.85413 -0.08223
v -0.05555 0.84887 -0.08270
v -0.05360 0.90374 -0.08487
v -0.05200 0.90753 -0.08439
v -0.05382 0.85413 -0.08223
v -0.05200 0.90753 -0.08439
v -0.05100 0.91168 -0.08298
v -0.05275 0.85966 -0.08070
v -0.05382 0.85413 -0.08223
v -0.05275 0.85966 -0.08070
v -0.05361 0.81277 -0.07841
v -0.05475 0.80630 -0.08006
v 0.00635 0.86723 -0.11809
v 0.00628 0.84291 -0.11557
v 0.00655 0.84856 -0.11433
v 0.00660 0.87185 -0.11686
v 0.00635 0.86723 -0.11809
v 0.00660 0.87185 -0.11686
v 0.00689 0.87680 -0.11772
v 0.00666 0.87575 -0.11885
v 0.00635 0.86723 -0.11809
v 0.00666 0.87575 -0.11885
v 0.00734 0.87065 -0.11939
v 0.00717 0.86295 -0.11909
v 0.00635 0.86723 -0.11809
v 0.00717 0.86295 -0.11909
v 0.00716 0.83758 -0.11653
v 0.00628 0.84291 -0.11557
v 0.01006 0.71511 -0.09938
v 0.00918 0.68878 -0.09446
v 0.00906 0.67953 -0.09581
v 0.00998 0.70581 -0.10074
v 0.01006 0.71511 -0.09938
v 0.00998 0.70581 -0.10074
v 0.01044 0.73321 -0.10430
v 0.01052 0.74192 -0.10294
v 0.01006 0.71511 -0.09938
v 0.01052 0.74192 -0.10294
v 0.00904 0.74883 -0.10080
v 0.00894 0.72744 -0.09741
v 0.01006 0.71511 -0.09938
v 0.00894 0.72744 -0.09741
v 0.00780 0.70568 -0.09376
v 0.00918 0.68878 -0.09446
v 0.00772 0.70224 -0.10188
v 0.00674 0.67599 -0.09697
v 0.00407 0.67856 -0.09735
v 0.00510 0.70480 -0.10223
v 0.00772 0.70224 -0.10188
v 0.00510 0.70480 -0.10223
v 0.00573 0.73221 -0.10571
v 0.00826 0.72985 -0.10540
v 0.00772 0.70224 -0.10188
v 0.00826 0.72985 -0.10540
v 0.01044 0.73321 -0.10430
v 0.00998 0.70581 -0.10074
v 0.00772 0.70224 -0.10188
v 0.00998 0.70581 -0.10074
v 0.00906 0.67953 -0.09581
v 0.00674 0.67599 -0.09697
v 0.00310 0.77150 -0.08996
v 0.00437 0.77028 -0.08906
v 0.00588 0.75905 -0.09261
v 0.00432 0.76080 -0.09362
v 0.00310 0.77150 -0.08996
v 0.00432 0.76080 -0.09362
v 0.00251 0.75844 -0.09362
v 0.00157 0.76979 -0.08990
v 0.00310 0.77150 -0.08996
v 0.00157 0.76979 -0.08990
v 0.00064 0.79476 -0.08690
v 0.00192 0.79596 -0.08701
v 0.00310 0.77150 -0.08996
v 0.00192 0.79596 -0.08701
v 0.00295 0.79516 -0.08620
v 0.00437 0.77028 -0.08906
v 0.00810 0.87906 -0.11887
v 0.00854 0.87233 -0.11969
v 0.00734 0.87065 -0.11939
v 0.00666 0.87575 -0.11885
v 0.00810 0.87906 -0.11887
v 0.00666 0.87575 -0.11885
v 0.00689 0.87680 -0.11772
v 0.00786 0.88022 -0.11743
v 0.00810 0.87906 -0.11887
v 0.00786 0.88022 -0.11743
v 0.00914 0.87756 -0.11728
v 0.00973 0.87680 -0.11827
v 0.00810 0.87906 -0.11887
v 0.00973 0.87680 -0.11827
v 0.00971 0.87142 -0.11892
v 0.00854 0.87233 -0.11969
v 0.00802 0.87383 -0.11619
v 0.00809 0.85087 -0.11358
v 0.00988 0.84953 -0.11356
v 0.00967 0.87286 -0.11625
v 0.00802 0.87383 -0.11619
v 0.00967 0.87286 -0.11625
v 0.00914 0.87756 -0.11728
v 0.00786 0.88022 -0.11743
v 0.00802 0.87383 -0.11619
v 0.00786 0.88022 -0.11743
v 0.00689 0.87680 -0.11772
v 0.00660 0.87185 -0.11686
v 0.00802 0.87383 -0.11619
v 0.00660 0.87185 -0.11686
v 0.00655 0.84856 -0.11433
v 0.00809 0.85087 -0.11358
v 0.00895 0.86198 -0.11911
v 0.00911 0.83625 -0.11646
v 0.00716 0.83758 -0.11653
v 0.00717 0.86295 -0.11909
v 0.00895 0.86198 -0.11911
v 0.00717 0.86295 -0.11909
v 0.00734 0.87065 -0.11939
v 0.00854 0.87233 -0.11969
v 0.00895 0.86198 -0.11911
v 0.00854 0.87233 -0.11969
v 0.00971 0.87142 -0.11892
v 0.01049 0.86398 -0.11840
v 0.00895 0.86198 -0.11911
v 0.01049 0.86398 -0.11840
v 0.01081 0.83858 -0.11567
v 0.00911 0.83625 -0.11646
v 0.01061 0.86859 -0.11722
v 0.01093 0.84422 -0.11448
v 0.01081 0.83858 -0.11567
v 0.01049 0.86398 -0.11840
v 0.01061 0.86859 -0.11722
v 0.01049 0.86398 -0.11840
v 0.00971 0.87142 -0.11892
v 0.00973 0.87680 -0.11827
v 0.01061 0.86859 -0.11722
v 0.00973 0.87680 -0.11827
v 0.00914 0.87756 -0.11728
v 0.00967 0.87286 -0.11625
v 0.01061 0.86859 -0.11722
v 0.00967 0.87286 -0.11625
v 0.00988 0.84953 -0.11356
v 0.01093 0.84422 -0.11448
v 0.00347 0.64989 -0.08386
v 0.00182 0.60177 -0.07329
v 0.00491 0.59925 -0.07278
v 0.00606 0.64722 -0.08354
v 0.00347 0.64989 -0.08386
v 0.00606 0.64722 -0.08354
v 0.00780 0.70568 -0.09376
v 0.00488 0.70087 -0.09242
v 0.00347 0.64989 -0.08386
v 0.00488 0.70087 -0.09242
v 0.00298 0.70484 -0.09519
v 0.00122 0.64672 -0.08500
v 0.00347 0.64989 -0.08386
v 0.00122 0.64672 -0.08500
v -0.00092 0.59864 -0.07471
v 0.00182 0.60177 -0.07329
v 0.00486 0.62653 -0.08713
v 0.00322 0.57918 -0.07692
v -0.00011 0.58147 -0.07756
v 0.00201 0.62905 -0.08756
v 0.00486 0.62653 -0.08713
v 0.00201 0.62905 -0.08756
v 0.00407 0.67856 -0.09735
v 0.00674 0.67599 -0.09697
v 0.00486 0.62653 -0.08713
v 0.00674 0.67599 -0.09697
v 0.00906 0.67953 -0.09581
v 0.00735 0.62985 -0.08588
v 0.00486 0.62653 -0.08713
v 0.00735 0.62985 -0.08588
v 0.00620 0.58253 -0.07539
v 0.00322 0.57918 -0.07692
v 0.00756 0.63865 -0.08445
v 0.00657 0.59103 -0.07374
v 0.00620 0.58253 -0.07539
v 0.00735 0.62985 -0.08588
v 0.00756 0.63865 -0.08445
v 0.00735 0.62985 -0.08588
v 0.00906 0.67953 -0.09581
v 0.00918 0.68878 -0.09446
v 0.00756 0.63865 -0.08445
v 0.00918 0.68878 -0.09446
v 0.00780 0.70568 -0.09376
v 0.00606 0.64722 -0.08354
v 0.00756 0.63865 -0.08445
v 0.00606 0.64722 -0.08354
v 0.00491 0.59925 -0.07278
v 0.00657 0.59103 -0.07374
v 0.00077 0.63778 -0.08654
v -0.00152 0.58991 -0.07647
v -0.00092 0.59864 -0.07471
v 0.00122 0.64672 -0.08500
v 0.00077 0.63778 -0.08654
v 0.00122 0.64672 -0.08500
v 0.00298 0.70484 -0.09519
v 0.00288 0.68763 -0.09637
v 0.00077 0.63778 -0.08654
v 0.00288 0.68763 -0.09637
v 0.00407 0.67856 -0.09735
v 0.00201 0.62905 -0.08756
v 0.00077 0.63778 -0.08654
v 0.00201 0.62905 -0.08756
v -0.00011 0.58147 -0.07756
v -0.00152 0.58991 -0.07647
v 0.01085 0.79348 -0.10885
v 0.01052 0.74192 -0.10294
v 0.01044 0.73321 -0.10430
v 0.01075 0.78623 -0.11012
v 0.01085 0.79348 -0.10885
v 0.01075 0.78623 -0.11012
v 0.01081 0.83858 -0.11567
v 0.01093 0.84422 -0.11448
v 0.01085 0.79348 -0.10885
v 0.01093 0.84422 -0.11448
v 0.00988 0.84953 -0.11356
v 0.00962 0.80041 -0.10793
v 0.01085 0.79348 -0.10885
v 0.00962 0.80041 -0.10793
v 0.00904 0.74883 -0.10080
v 0.01052 0.74192 -0.10294
v 0.00880 0.78336 -0.11108
v 0.00826 0.72985 -0.10540
v 0.00573 0.73221 -0.10571
v 0.00654 0.78524 -0.11127
v 0.00880 0.78336 -0.11108
v 0.00654 0.78524 -0.11127
v 0.00716 0.83758 -0.11653
v 0.00911 0.83625 -0.11646
v 0.00880 0.78336 -0.11108
v 0.00911 0.83625 -0.11646
v 0.01081 0.83858 -0.11567
v 0.01075 0.78623 -0.11012
v 0.00880 0.78336 -0.11108
v 0.01075 0.78623 -0.11012
v 0.01044 0.73321 -0.10430
v 0.00826 0.72985 -0.10540
v 0.00758 0.80233 -0.10806
v 0.00667 0.75876 -0.10189
v 0.00904 0.74883 -0.10080
v 0.00962 0.80041 -0.10793
v 0.00758 0.80233 -0.10806
v 0.00962 0.80041 -0.10793
v 0.00988 0.84953 -0.11356
v 0.00809 0.85087 -0.11358
v 0.00758 0.80233 -0.10806
v 0.00809 0.85087 -0.11358
v 0.00655 0.84856 -0.11433
v 0.00585 0.79951 -0.10894
v 0.00758 0.80233 -0.10806
v 0.00585 0.79951 -0.10894
v 0.00443 0.74793 -0.10216
v 0.00667 0.75876 -0.10189
v 0.00553 0.79221 -0.11028
v 0.00459 0.74069 -0.10469
v 0.00443 0.74793 -0.10216
v 0.00585 0.79951 -0.10894
v 0.00553 0.79221 -0.11028
v 0.00585 0.79951 -0.10894
v 0.00655 0.84856 -0.11433
v 0.00628 0.84291 -0.11557
v 0.00553 0.79221 -0.11028
v 0.00628 0.84291 -0.11557
v 0.00716 0.83758 -0.11653
v 0.00654 0.78524 -0.11127
v 0.00553 0.79221 -0.11028
v 0.00654 0.78524 -0.11127
v 0.00573 0.73221 -0.10571
v 0.00459 0.74069 -0.10469
v -0.00311 0.56964 -0.07091
v -0.00439 0.56346 -0.06720
v -0.00575 0.58290 -0.06543
v -0.00223 0.57894 -0.06873
v -0.00311 0.56964 -0.07091
v -0.00223 0.57894 -0.06873
v -0.00092 0.59864 -0.07471
v -0.00152 0.58991 -0.07647
v -0.00311 0.56964 -0.07091
v -0.00152 0.58991 -0.07647
v -0.00011 0.58147 -0.07756
v -0.00133 0.56100 -0.07206
v -0.00311 0.56964 -0.07091
v -0.00133 0.56100 -0.07206
v -0.00270 0.54786 -0.06845
v -0.00439 0.56346 -0.06720
v 0.00756 0.57224 -0.06674
v 0.01090 0.57122 -0.06203
v 0.00999 0.55420 -0.06324
v 0.00691 0.56331 -0.06877
v 0.00756 0.57224 -0.06674
v 0.00691 0.56331 -0.06877
v 0.00620 0.58253 -0.07539
v 0.00657 0.59103 -0.07374
v 0.00756 0.57224 -0.06674
v 0.00657 0.59103 -0.07374
v 0.00491 0.59925 -0.07278
v 0.00554 0.58053 -0.06575
v 0.00756 0.57224 -0.06674
v 0.00554 0.58053 -0.06575
v 0.00782 0.58130 -0.05993
v 0.01090 0.57122 -0.06203
v 0.00298 0.55922 -0.07094
v 0.00325 0.54642 -0.06761
v -0.00270 0.54786 -0.06845
v -0.00133 0.56100 -0.07206
v 0.00298 0.55922 -0.07094
v -0.00133 0.56100 -0.07206
v -0.00011 0.58147 -0.07756
v 0.00322 0.57918 -0.07692
v 0.00298 0.55922 -0.07094
v 0.00322 0.57918 -0.07692
v 0.00620 0.58253 -0.07539
v 0.00691 0.56331 -0.06877
v 0.00298 0.55922 -0.07094
v 0.00691 0.56331 -0.06877
v 0.00999 0.55420 -0.06324
v 0.00325 0.54642 -0.06761
v 0.00146 0.58267 -0.06671
v 0.00121 0.58282 -0.06332
v 0.00782 0.58130 -0.05993
v 0.00554 0.58053 -0.06575
v 0.00146 0.58267 -0.06671
v 0.00554 0.58053 -0.06575
v 0.00491 0.59925 -0.07278
v 0.00182 0.60177 -0.07329
v 0.00146 0.58267 -0.06671
v 0.00182 0.60177 -0.07329
v -0.00092 0.59864 -0.07471
v -0.00223 0.57894 -0.06873
v 0.00146 0.58267 -0.06671
v -0.00223 0.57894 -0.06873
v -0.00575 0.58290 -0.06543
v 0.00121 0.58282 -0.06332
v -0.02957 0.71855 -0.01467
v -0.02710 0.69096 -0.01843
v -0.02465 0.69226 -0.01782
v -0.02726 0.71912 -0.01421
v -0.02957 0.71855 -0.01467
v -0.02726 0.71912 -0.01421
v -0.02921 0.74020 -0.01229
v -0.03144 0.73988 -0.01269
v -0.02957 0.71855 -0.01467
v -0.03144 0.73988 -0.01269
v -0.03292 0.73860 -0.01437
v -0.03111 0.71723 -0.01644
v -0.02957 0.71855 -0.01467
v -0.03111 0.71723 -0.01644
v -0.02878 0.68994 -0.02038
v -0.02710 0.69096 -0.01843
v -0.01804 0.64857 -0.02587
v -0.02282 0.69296 -0.01941
v -0.02465 0.69226 -0.01782
v -0.02002 0.64550 -0.02427
v -0.01804 0.64857 -0.02587
v -0.02002 0.64550 -0.02427
v -0.01399 0.59930 -0.03204
v -0.01189 0.60470 -0.03356
v -0.01804 0.64857 -0.02587
v -0.01189 0.60470 -0.03356
v -0.01152 0.60912 -0.03628
v -0.01759 0.65078 -0.02851
v -0.01804 0.64857 -0.02587
v -0.01759 0.65078 -0.02851
v -0.02222 0.69804 -0.02179
v -0.02282 0.69296 -0.01941
v -0.02417 0.64510 -0.03002
v -0.02470 0.64271 -0.02739
v -0.02878 0.68994 -0.02038
v -0.02827 0.69008 -0.02279
v -0.02417 0.64510 -0.03002
v -0.02827 0.69008 -0.02279
v -0.02670 0.69590 -0.02455
v -0.02210 0.64836 -0.03162
v -0.02417 0.64510 -0.03002
v -0.02210 0.64836 -0.03162
v -0.01665 0.60626 -0.03986
v -0.01881 0.60078 -0.03841
v -0.02417 0.64510 -0.03002
v -0.01881 0.60078 -0.03841
v -0.01925 0.59628 -0.03574
v -0.02470 0.64271 -0.02739
v -0.03665 0.84844 -0.00773
v -0.03338 0.80722 -0.01060
v -0.03313 0.80888 -0.01257
v -0.03647 0.85188 -0.00964
v -0.03665 0.84844 -0.00773
v -0.03647 0.85188 -0.00964
v -0.03902 0.87518 -0.00759
v -0.03977 0.88052 -0.00551
v -0.03665 0.84844 -0.00773
v -0.03977 0.88052 -0.00551
v -0.04016 0.86877 -0.00526
v -0.03804 0.84453 -0.00648
v -0.03665 0.84844 -0.00773
v -0.03804 0.84453 -0.00648
v -0.03482 0.80507 -0.00928
v -0.03338 0.80722 -0.01060
v -0.04244 0.89065 -0.00566
v -0.04342 0.87921 -0.00751
v -0.04286 0.86777 -0.00674
v -0.04236 0.87510 -0.00494
v -0.04244 0.89065 -0.00566
v -0.04236 0.87510 -0.00494
v -0.04016 0.86877 -0.00526
v -0.03977 0.88052 -0.00551
v -0.04244 0.89065 -0.00566
v -0.03977 0.88052 -0.00551
v -0.03902 0.87518 -0.00759
v -0.04084 0.88464 -0.00808
v -0.04244 0.89065 -0.00566
v -0.04084 0.88464 -0.00808
v -0.04172 0.87419 -0.00907
v -0.04342 0.87921 -0.00751
v -0.04148 0.84658 -0.01037
v -0.03817 0.80525 -0.01322
v -0.03843 0.80358 -0.01127
v -0.04166 0.84313 -0.00846
v -0.04148 0.84658 -0.01037
v -0.04166 0.84313 -0.00846
v -0.04286 0.86777 -0.00674
v -0.04342 0.87921 -0.00751
v -0.04148 0.84658 -0.01037
v -0.04342 0.87921 -0.00751
v -0.04172 0.87419 -0.00907
v -0.04009 0.85049 -0.01162
v -0.04148 0.84658 -0.01037
v -0.04009 0.85049 -0.01162
v -0.03671 0.80741 -0.01452
v -0.03817 0.80525 -0.01322
v -0.04011 0.84261 -0.00694
v -0.03691 0.80369 -0.00973
v -0.03482 0.80507 -0.00928
v -0.03804 0.84453 -0.00648
v -0.04011 0.84261 -0.00694
v -0.03804 0.84453 -0.00648
v -0.04016 0.86877 -0.00526
v -0.04236 0.87510 -0.00494
v -0.04011 0.84261 -0.00694
v -0.04236 0.87510 -0.00494
v -0.04286 0.86777 -0.00674
v -0.04166 0.84313 -0.00846
v -0.04011 0.84261 -0.00694
v -0.04166 0.84313 -0.00846
v -0.03843 0.80358 -0.01127
v -0.03691 0.80369 -0.00973
v -0.03802 0.85241 -0.01115
v -0.03464 0.80878 -0.01409
v -0.03671 0.80741 -0.01452
v -0.04009 0.85049 -0.01162
v -0.03802 0.85241 -0.01115
v -0.04009 0.85049 -0.01162
v -0.04172 0.87419 -0.00907
v -0.04084 0.88464 -0.00808
v -0.03802 0.85241 -0.01115
v -0.04084 0.88464 -0.00808
v -0.03902 0.87518 -0.00759
v -0.03647 0.85188 -0.00964
v -0.03802 0.85241 -0.01115
v -0.03647 0.85188 -0.00964
v -0.03313 0.80888 -0.01257
v -0.03464 0.80878 -0.01409
v -0.00510 0.58096 -0.04083
v 0.00081 0.56941 -0.04663
v 0.00047 0.57625 -0.04875
v -0.00499 0.58679 -0.04328
v -0.00510 0.58096 -0.04083
v -0.00499 0.58679 -0.04328
v -0.01152 0.60912 -0.03628
v -0.01189 0.60470 -0.03356
v -0.00510 0.58096 -0.04083
v -0.01189 0.60470 -0.03356
v -0.01399 0.59930 -0.03204
v -0.00712 0.57411 -0.03964
v -0.00510 0.58096 -0.04083
v -0.00712 0.57411 -0.03964
v -0.00107 0.56155 -0.04581
v 0.00081 0.56941 -0.04663
v -0.00756 0.58720 -0.04562
v -0.00269 0.57686 -0.05092
v -0.00633 0.57273 -0.05223
v -0.01081 0.58348 -0.04684
v -0.00756 0.58720 -0.04562
v -0.01081 0.58348 -0.04684
v -0.01665 0.60626 -0.03986
v -0.01367 0.60934 -0.03877
v -0.00756 0.58720 -0.04562
v -0.01367 0.60934 -0.03877
v -0.01152 0.60912 -0.03628
v -0.00499 0.58679 -0.04328
v -0.00756 0.58720 -0.04562
v -0.00499 0.58679 -0.04328
v 0.00047 0.57625 -0.04875
v -0.00269 0.57686 -0.05092
v -0.01031 0.57068 -0.04110
v -0.00456 0.55791 -0.04749
v -0.00107 0.56155 -0.04581
v -0.00712 0.57411 -0.03964
v -0.01031 0.57068 -0.04110
v -0.00712 0.57411 -0.03964
v -0.01399 0.59930 -0.03204
v -0.01704 0.59614 -0.03319
v -0.01031 0.57068 -0.04110
v -0.01704 0.59614 -0.03319
v -0.01925 0.59628 -0.03574
v -0.01280 0.57137 -0.04368
v -0.01031 0.57068 -0.04110
v -0.01280 0.57137 -0.04368
v -0.00758 0.55900 -0.05004
v -0.00456 0.55791 -0.04749
v -0.01276 0.57692 -0.04590
v -0.00806 0.56536 -0.05178
v -0.00758 0.55900 -0.05004
v -0.01280 0.57137 -0.04368
v -0.01276 0.57692 -0.04590
v -0.01280 0.57137 -0.04368
v -0.01925 0.59628 -0.03574
v -0.01881 0.60078 -0.03841
v -0.01276 0.57692 -0.04590
v -0.01881 0.60078 -0.03841
v -0.01665 0.60626 -0.03986
v -0.01081 0.58348 -0.04684
v -0.01276 0.57692 -0.04590
v -0.01081 0.58348 -0.04684
v -0.00633 0.57273 -0.05223
v -0.00806 0.56536 -0.05178
v -0.02056 0.75470 -0.02817
v -0.02198 0.76122 -0.02703
v -0.02347 0.74657 -0.02257
v -0.02177 0.73823 -0.02384
v -0.02056 0.75470 -0.02817
v -0.02177 0.73823 -0.02384
v -0.02135 0.72952 -0.02585
v -0.02019 0.74797 -0.02992
v -0.02056 0.75470 -0.02817
v -0.02019 0.74797 -0.02992
v -0.01895 0.77822 -0.03402
v -0.01926 0.78296 -0.03255
v -0.02056 0.75470 -0.02817
v -0.01926 0.78296 -0.03255
v -0.02038 0.78766 -0.03154
v -0.02198 0.76122 -0.02703
v -0.01943 0.65048 -0.03077
v -0.01367 0.60934 -0.03877
v -0.01665 0.60626 -0.03986
v -0.02210 0.64836 -0.03162
v -0.01943 0.65048 -0.03077
v -0.02210 0.64836 -0.03162
v -0.02670 0.69590 -0.02455
v -0.02338 0.69124 -0.02496
v -0.01943 0.65048 -0.03077
v -0.02338 0.69124 -0.02496
v -0.02222 0.69804 -0.02179
v -0.01759 0.65078 -0.02851
v -0.01943 0.65048 -0.03077
v -0.01759 0.65078 -0.02851
v -0.01152 0.60912 -0.03628
v -0.01367 0.60934 -0.03877
v -0.03132 0.76856 -0.01610
v -0.02859 0.74179 -0.01785
v -0.03043 0.73482 -0.01885
v -0.03344 0.76787 -0.01648
v -0.03132 0.76856 -0.01610
v -0.03344 0.76787 -0.01648
v -0.03671 0.80741 -0.01452
v -0.03464 0.80878 -0.01409
v -0.03132 0.76856 -0.01610
v -0.03464 0.80878 -0.01409
v -0.03313 0.80888 -0.01257
v -0.02985 0.76932 -0.01453
v -0.03132 0.76856 -0.01610
v -0.02985 0.76932 -0.01453
v -0.02634 0.73640 -0.01660
v -0.02859 0.74179 -0.01785
v -0.03395 0.76885 -0.01134
v -0.03144 0.73988 -0.01269
v -0.02921 0.74020 -0.01229
v -0.03180 0.76957 -0.01093
v -0.03395 0.76885 -0.01134
v -0.03180 0.76957 -0.01093
v -0.03482 0.80507 -0.00928
v -0.03691 0.80369 -0.00973
v -0.03395 0.76885 -0.01134
v -0.03691 0.80369 -0.00973
v -0.03843 0.80358 -0.01127
v -0.03544 0.76806 -0.01294
v -0.03395 0.76885 -0.01134
v -0.03544 0.76806 -0.01294
v -0.03292 0.73860 -0.01437
v -0.03144 0.73988 -0.01269
v -0.03504 0.76772 -0.01504
v -0.03241 0.73694 -0.01662
v -0.03292 0.73860 -0.01437
v -0.03544 0.76806 -0.01294
v -0.03504 0.76772 -0.01504
v -0.03544 0.76806 -0.01294
v -0.03843 0.80358 -0.01127
v -0.03817 0.80525 -0.01322
v -0.03504 0.76772 -0.01504
v -0.03817 0.80525 -0.01322
v -0.03671 0.80741 -0.01452
v -0.03344 0.76787 -0.01648
v -0.03504 0.76772 -0.01504
v -0.03344 0.76787 -0.01648
v -0.03043 0.73482 -0.01885
v -0.03241 0.73694 -0.01662
v -0.01849 0.82595 -0.03805
v -0.01762 0.82687 -0.03704
v -0.01895 0.77822 -0.03402
v -0.01999 0.77660 -0.03521
v -0.01849 0.82595 -0.03805
v -0.01999 0.77660 -0.03521
v -0.02147 0.77812 -0.03553
v -0.01974 0.82728 -0.03826
v -0.01849 0.82595 -0.03805
v -0.01974 0.82728 -0.03826
v -0.01872 0.86016 -0.03908
v -0.01756 0.87055 -0.03944
v -0.01849 0.82595 -0.03805
v -0.01756 0.87055 -0.03944
v -0.01724 0.85975 -0.03826
v -0.01762 0.82687 -0.03704
v -0.02278 0.64320 -0.02512
v -0.01704 0.59614 -0.03319
v -0.01399 0.59930 -0.03204
v -0.02002 0.64550 -0.02427
v -0.02278 0.64320 -0.02512
v -0.02002 0.64550 -0.02427
v -0.02465 0.69226 -0.01782
v -0.02710 0.69096 -0.01843
v -0.02278 0.64320 -0.02512
v -0.02710 0.69096 -0.01843
v -0.02878 0.68994 -0.02038
v -0.02470 0.64271 -0.02739
v -0.02278 0.64320 -0.02512
v -0.02470 0.64271 -0.02739
v -0.01925 0.59628 -0.03574
v -0.01704 0.59614 -0.03319
v -0.02551 0.71826 -0.01582
v -0.02750 0.73899 -0.01389
v -0.02921 0.74020 -0.01229
v -0.02726 0.71912 -0.01421
v -0.02551 0.71826 -0.01582
v -0.02726 0.71912 -0.01421
v -0.02465 0.69226 -0.01782
v -0.02282 0.69296 -0.01941
v -0.02551 0.71826 -0.01582
v -0.02282 0.69296 -0.01941
v -0.02222 0.69804 -0.02179
v -0.02412 0.71948 -0.01840
v -0.02551 0.71826 -0.01582
v -0.02412 0.71948 -0.01840
v -0.02634 0.73640 -0.01660
v -0.02750 0.73899 -0.01389
v -0.03059 0.71588 -0.01876
v -0.03111 0.71723 -0.01644
v -0.03292 0.73860 -0.01437
v -0.03241 0.73694 -0.01662
v -0.03059 0.71588 -0.01876
v -0.03241 0.73694 -0.01662
v -0.03043 0.73482 -0.01885
v -0.02920 0.71732 -0.02133
v -0.03059 0.71588 -0.01876
v -0.02920 0.71732 -0.02133
v -0.02670 0.69590 -0.02455
v -0.02827 0.69008 -0.02279
v -0.03059 0.71588 -0.01876
v -0.02827 0.69008 -0.02279
v -0.02878 0.68994 -0.02038
v -0.03111 0.71723 -0.01644
v -0.00676 0.55790 -0.05534
v -0.00671 0.55519 -0.05838
v -0.00599 0.53917 -0.05647
v -0.00580 0.55016 -0.05362
v -0.00676 0.55790 -0.05534
v -0.00580 0.55016 -0.05362
v -0.00758 0.55900 -0.05004
v -0.00806 0.56536 -0.05178
v -0.00676 0.55790 -0.05534
v -0.00806 0.56536 -0.05178
v -0.00633 0.57273 -0.05223
v -0.00494 0.56670 -0.05571
v -0.00676 0.55790 -0.05534
v -0.00494 0.56670 -0.05571
v -0.00737 0.57268 -0.05938
v -0.00671 0.55519 -0.05838
v 0.00434 0.56212 -0.04993
v 0.00801 0.56037 -0.05061
v 0.00609 0.57155 -0.05374
v 0.00336 0.56994 -0.05196
v 0.00434 0.56212 -0.04993
v 0.00336 0.56994 -0.05196
v 0.00047 0.57625 -0.04875
v 0.00081 0.56941 -0.04663
v 0.00434 0.56212 -0.04993
v 0.00081 0.56941 -0.04663
v -0.00107 0.56155 -0.04581
v 0.00254 0.55324 -0.04926
v 0.00434 0.56212 -0.04993
v 0.00254 0.55324 -0.04926
v 0.00663 0.54478 -0.05085
v 0.00801 0.56037 -0.05061
v -0.00065 0.57109 -0.05423
v -0.00060 0.57155 -0.05599
v -0.00737 0.57268 -0.05938
v -0.00494 0.56670 -0.05571
v -0.00065 0.57109 -0.05423
v -0.00494 0.56670 -0.05571
v -0.00633 0.57273 -0.05223
v -0.00269 0.57686 -0.05092
v -0.00065 0.57109 -0.05423
v -0.00269 0.57686 -0.05092
v 0.00047 0.57625 -0.04875
v 0.00336 0.56994 -0.05196
v -0.00065 0.57109 -0.05423
v 0.00336 0.56994 -0.05196
v 0.00609 0.57155 -0.05374
v -0.00060 0.57155 -0.05599
v -0.00483 0.30954 -0.00961
v -0.00535 0.24985 -0.00842
v -0.00604 0.26408 0.00048
v -0.00625 0.31929 -0.00198
v -0.00483 0.30954 -0.00961
v -0.00625 0.31929 -0.00198
v -0.00524 0.36383 -0.00782
v -0.00435 0.35595 -0.01744
v -0.00483 0.30954 -0.00961
v -0.00435 0.35595 -0.01744
v -0.00114 0.34943 -0.02246
v -0.00130 0.30423 -0.01495
v -0.00483 0.30954 -0.00961
v -0.00130 0.30423 -0.01495
v -0.00148 0.24722 -0.01402
v -0.00535 0.24985 -0.00842
v 0.00838 0.31242 -0.00496
v 0.00977 0.25246 -0.00333
v 0.01005 0.24866 -0.01024
v 0.00883 0.30613 -0.01157
v 0.00838 0.31242 -0.00496
v 0.00883 0.30613 -0.01157
v 0.00764 0.35157 -0.01950
v 0.00711 0.35874 -0.01327
v 0.00838 0.31242 -0.00496
v 0.00711 0.35874 -0.01327
v 0.00390 0.36584 -0.00408
v 0.00608 0.32211 0.00266
v 0.00838 0.31242 -0.00496
v 0.00608 0.32211 0.00266
v 0.00600 0.26698 0.00466
v 0.00977 0.25246 -0.00333
v 0.00443 0.30325 -0.01525
v 0.00498 0.24687 -0.01422
v -0.00148 0.24722 -0.01402
v -0.00130 0.30423 -0.01495
v 0.00443 0.30325 -0.01525
v -0.00130 0.30423 -0.01495
v -0.00114 0.34943 -0.02246
v 0.00387 0.34822 -0.02286
v 0.00443 0.30325 -0.01525
v 0.00387 0.34822 -0.02286
v 0.00764 0.35157 -0.01950
v 0.00883 0.30613 -0.01157
v 0.00443 0.30325 -0.01525
v 0.00883 0.30613 -0.01157
v 0.01005 0.24866 -0.01024
v 0.00498 0.24687 -0.01422
v 0.00569 0.43772 0.04423
v 0.00617 0.44990 0.04204
v 0.00626 0.49659 0.05504
v 0.00508 0.48676 0.05756
v 0.00569 0.43772 0.04423
v 0.00508 0.48676 0.05756
v 0.00241 0.48049 0.05961
v 0.00325 0.42823 0.04592
v 0.00569 0.43772 0.04423
v 0.00325 0.42823 0.04592
v 0.00397 0.37657 0.03218
v 0.00608 0.38966 0.03082
v 0.00569 0.43772 0.04423
v 0.00608 0.38966 0.03082
v 0.00580 0.40433 0.02877
v 0.00617 0.44990 0.04204
v 0.00153 0.59368 -0.05814
v 0.00786 0.58156 -0.05614
v 0.00782 0.58130 -0.05993
v 0.00150 0.59681 -0.06063
v 0.00153 0.59368 -0.05814
v 0.00150 0.59681 -0.06063
v -0.00652 0.61945 -0.06313
v -0.00678 0.61754 -0.06061
v 0.00153 0.59368 -0.05814
v -0.00678 0.61754 -0.06061
v -0.00752 0.60758 -0.05870
v 0.00034 0.58680 -0.05632
v 0.00153 0.59368 -0.05814
v 0.00034 0.58680 -0.05632
v 0.00609 0.57155 -0.05374
v 0.00786 0.58156 -0.05614
v 0.04612 0.63572 -0.03835
v 0.04648 0.64328 -0.04175
v 0.04367 0.62885 -0.04431
v 0.04190 0.62266 -0.04115
v 0.04612 0.63572 -0.03835
v 0.04190 0.62266 -0.04115
v 0.04185 0.61342 -0.03868
v 0.04652 0.62713 -0.03576
v 0.04612 0.63572 -0.03835
v 0.04652 0.62713 -0.03576
v 0.04885 0.65462 -0.03246
v 0.04805 0.66186 -0.03506
v 0.04612 0.63572 -0.03835
v 0.04805 0.66186 -0.03506
v 0.04861 0.66224 -0.03889
v 0.04648 0.64328 -0.04175
v 0.03556 0.60147 -0.04993
v 0.03648 0.58957 -0.04976
v 0.02604 0.57655 -0.05426
v 0.02531 0.58754 -0.05443
v 0.03556 0.60147 -0.04993
v 0.02531 0.58754 -0.05443
v 0.02400 0.59541 -0.05225
v 0.03410 0.60973 -0.04784
v 0.03556 0.60147 -0.04993
v 0.03410 0.60973 -0.04784
v 0.04367 0.62885 -0.04431
v 0.04415 0.61628 -0.04738
v 0.03556 0.60147 -0.04993
v 0.04415 0.61628 -0.04738
v 0.04699 0.60626 -0.04662
v 0.03648 0.58957 -0.04976
v 0.03583 0.58044 -0.04554
v 0.03451 0.57819 -0.04125
v 0.02381 0.56695 -0.04516
v 0.02519 0.56857 -0.04971
v 0.03583 0.58044 -0.04554
v 0.02519 0.56857 -0.04971
v 0.02604 0.57655 -0.05426
v 0.03648 0.58957 -0.04976
v 0.03583 0.58044 -0.04554
v 0.03648 0.58957 -0.04976
v 0.04699 0.60626 -0.04662
v 0.04551 0.59481 -0.04152
v 0.03583 0.58044 -0.04554
v 0.04551 0.59481 -0.04152
v 0.04425 0.59176 -0.03749
v 0.03451 0.57819 -0.04125
v 0.03317 0.60793 -0.04528
v 0.03410 0.60973 -0.04784
v 0.02400 0.59541 -0.05225
v 0.02310 0.59403 -0.04968
v 0.03317 0.60793 -0.04528
v 0.02310 0.59403 -0.04968
v 0.02273 0.58629 -0.04713
v 0.03291 0.59926 -0.04278
v 0.03317 0.60793 -0.04528
v 0.03291 0.59926 -0.04278
v 0.04185 0.61342 -0.03868
v 0.04190 0.62266 -0.04115
v 0.03317 0.60793 -0.04528
v 0.04190 0.62266 -0.04115
v 0.04367 0.62885 -0.04431
v 0.03410 0.60973 -0.04784
v 0.05677 0.80451 -0.01928
v 0.05614 0.80161 -0.01703
v 0.05560 0.76129 -0.02051
v 0.05630 0.76441 -0.02300
v 0.05677 0.80451 -0.01928
v 0.05630 0.76441 -0.02300
v 0.05577 0.76983 -0.02567
v 0.05624 0.80913 -0.02170
v 0.05677 0.80451 -0.01928
v 0.05624 0.80913 -0.02170
v 0.05599 0.82467 -0.01952
v 0.05653 0.82718 -0.01732
v 0.05677 0.80451 -0.01928
v 0.05653 0.82718 -0.01732
v 0.05599 0.81947 -0.01633
v 0.05614 0.80161 -0.01703
v 0.05137 0.61195 -0.03826
v 0.05018 0.60811 -0.03431
v 0.04425 0.59176 -0.03749
v 0.04551 0.59481 -0.04152
v 0.05137 0.61195 -0.03826
v 0.04551 0.59481 -0.04152
v 0.04699 0.60626 -0.04662
v 0.05202 0.62181 -0.04369
v 0.05137 0.61195 -0.03826
v 0.05202 0.62181 -0.04369
v 0.05452 0.64938 -0.04013
v 0.05445 0.64393 -0.03443
v 0.05137 0.61195 -0.03826
v 0.05445 0.64393 -0.03443
v 0.05337 0.63971 -0.03068
v 0.05018 0.60811 -0.03431
v 0.05265 0.65491 -0.05731
v 0.05365 0.66422 -0.05528
v 0.05372 0.65484 -0.05079
v 0.05253 0.64357 -0.05291
v 0.05265 0.65491 -0.05731
v 0.05253 0.64357 -0.05291
v 0.05015 0.63658 -0.05444
v 0.05061 0.64925 -0.05880
v 0.05265 0.65491 -0.05731
v 0.05061 0.64925 -0.05880
v 0.05187 0.66881 -0.06304
v 0.05367 0.67360 -0.06159
v 0.05265 0.65491 -0.05731
v 0.05367 0.67360 -0.06159
v 0.05456 0.68158 -0.05962
v 0.05365 0.66422 -0.05528
v 0.04822 0.61555 -0.03394
v 0.04652 0.62713 -0.03576
v 0.04185 0.61342 -0.03868
v 0.04283 0.60055 -0.03700
v 0.04822 0.61555 -0.03394
v 0.04283 0.60055 -0.03700
v 0.04425 0.59176 -0.03749
v 0.05018 0.60811 -0.03431
v 0.04822 0.61555 -0.03394
v 0.05018 0.60811 -0.03431
v 0.05337 0.63971 -0.03068
v 0.05106 0.64526 -0.03051
v 0.04822 0.61555 -0.03394
v 0.05106 0.64526 -0.03051
v 0.04885 0.65462 -0.03246
v 0.04652 0.62713 -0.03576
v 0.01486 0.58346 -0.05331
v 0.01578 0.58460 -0.05591
v 0.00782 0.58130 -0.05993
v 0.00786 0.58156 -0.05614
v 0.01486 0.58346 -0.05331
v 0.00786 0.58156 -0.05614
v 0.00609 0.57155 -0.05374
v 0.01434 0.57617 -0.05076
v 0.01486 0.58346 -0.05331
v 0.01434 0.57617 -0.05076
v 0.02273 0.58629 -0.04713
v 0.02310 0.59403 -0.04968
v 0.01486 0.58346 -0.05331
v 0.02310 0.59403 -0.04968
v 0.02400 0.59541 -0.05225
v 0.01578 0.58460 -0.05591
v 0.01646 0.55887 -0.05346
v 0.01503 0.55759 -0.04881
v 0.00663 0.54478 -0.05085
v 0.01020 0.54472 -0.05610
v 0.01646 0.55887 -0.05346
v 0.01020 0.54472 -0.05610
v 0.00999 0.55420 -0.06324
v 0.01749 0.56631 -0.05808
v 0.01646 0.55887 -0.05346
v 0.01749 0.56631 -0.05808
v 0.02604 0.57655 -0.05426
v 0.02519 0.56857 -0.04971
v 0.01646 0.55887 -0.05346
v 0.02519 0.56857 -0.04971
v 0.02381 0.56695 -0.04516
v 0.01503 0.55759 -0.04881
v 0.01696 0.57688 -0.05820
v 0.01749 0.56631 -0.05808
v 0.00999 0.55420 -0.06324
v 0.01090 0.57122 -0.06203
v 0.01696 0.57688 -0.05820
v 0.01090 0.57122 -0.06203
v 0.00782 0.58130 -0.05993
v 0.01578 0.58460 -0.05591
v 0.01696 0.57688 -0.05820
v 0.01578 0.58460 -0.05591
v 0.02400 0.59541 -0.05225
v 0.02531 0.58754 -0.05443
v 0.01696 0.57688 -0.05820
v 0.02531 0.58754 -0.05443
v 0.02604 0.57655 -0.05426
v 0.01749 0.56631 -0.05808
v 0.01436 0.56545 -0.04858
v 0.01434 0.57617 -0.05076
v 0.00609 0.57155 -0.05374
v 0.00801 0.56037 -0.05061
v 0.01436 0.56545 -0.04858
v 0.00801 0.56037 -0.05061
v 0.00663 0.54478 -0.05085
v 0.01503 0.55759 -0.04881
v 0.01436 0.56545 -0.04858
v 0.01503 0.55759 -0.04881
v 0.02381 0.56695 -0.04516
v 0.02298 0.57506 -0.04496
v 0.01436 0.56545 -0.04858
v 0.02298 0.57506 -0.04496
v 0.02273 0.58629 -0.04713
v 0.01434 0.57617 -0.05076
v 0.05489 0.83648 -0.01694
v 0.05653 0.82718 -0.01732
v 0.05599 0.82467 -0.01952
v 0.05471 0.83254 -0.01951
v 0.05489 0.83648 -0.01694
v 0.05471 0.83254 -0.01951
v 0.05330 0.82772 -0.01957
v 0.05303 0.83152 -0.01790
v 0.05489 0.83648 -0.01694
v 0.05303 0.83152 -0.01790
v 0.05350 0.82334 -0.01712
v 0.05485 0.82616 -0.01572
v 0.05489 0.83648 -0.01694
v 0.05485 0.82616 -0.01572
v 0.05599 0.81947 -0.01633
v 0.05653 0.82718 -0.01732
v 0.05437 0.81235 -0.02219
v 0.05624 0.80913 -0.02170
v 0.05577 0.76983 -0.02567
v 0.05379 0.77402 -0.02617
v 0.05437 0.81235 -0.02219
v 0.05379 0.77402 -0.02617
v 0.05182 0.77571 -0.02526
v 0.05254 0.81338 -0.02141
v 0.05437 0.81235 -0.02219
v 0.05254 0.81338 -0.02141
v 0.05330 0.82772 -0.01957
v 0.05471 0.83254 -0.01951
v 0.05437 0.81235 -0.02219
v 0.05471 0.83254 -0.01951
v 0.05599 0.82467 -0.01952
v 0.05624 0.80913 -0.02170
v 0.05453 0.80354 -0.01708
v 0.05288 0.80768 -0.01840
v 0.05212 0.76926 -0.02194
v 0.05387 0.76403 -0.02052
v 0.05453 0.80354 -0.01708
v 0.05387 0.76403 -0.02052
v 0.05560 0.76129 -0.02051
v 0.05614 0.80161 -0.01703
v 0.05453 0.80354 -0.01708
v 0.05614 0.80161 -0.01703
v 0.05599 0.81947 -0.01633
v 0.05485 0.82616 -0.01572
v 0.05453 0.80354 -0.01708
v 0.05485 0.82616 -0.01572
v 0.05350 0.82334 -0.01712
v 0.05288 0.80768 -0.01840
v 0.05213 0.81139 -0.02000
v 0.05254 0.81338 -0.02141
v 0.05182 0.77571 -0.02526
v 0.05135 0.77363 -0.02368
v 0.05213 0.81139 -0.02000
v 0.05135 0.77363 -0.02368
v 0.05212 0.76926 -0.02194
v 0.05288 0.80768 -0.01840
v 0.05213 0.81139 -0.02000
v 0.05288 0.80768 -0.01840
v 0.05350 0.82334 -0.01712
v 0.05303 0.83152 -0.01790
v 0.05213 0.81139 -0.02000
v 0.05303 0.83152 -0.01790
v 0.05330 0.82772 -0.01957
v 0.05254 0.81338 -0.02141
v 0.04989 0.71581 -0.02944
v 0.05052 0.71826 -0.03144
v 0.04861 0.66224 -0.03889
v 0.04805 0.66186 -0.03506
v 0.04989 0.71581 -0.02944
v 0.04805 0.66186 -0.03506
v 0.04885 0.65462 -0.03246
v 0.05075 0.71012 -0.02724
v 0.04989 0.71581 -0.02944
v 0.05075 0.71012 -0.02724
v 0.05212 0.76926 -0.02194
v 0.05135 0.77363 -0.02368
v 0.04989 0.71581 -0.02944
v 0.05135 0.77363 -0.02368
v 0.05182 0.77571 -0.02526
v 0.05052 0.71826 -0.03144
v 0.05283 0.70301 -0.02552
v 0.05075 0.71012 -0.02724
v 0.04885 0.65462 -0.03246
v 0.05106 0.64526 -0.03051
v 0.05283 0.70301 -0.02552
v 0.05106 0.64526 -0.03051
v 0.05337 0.63971 -0.03068
v 0.05493 0.69905 -0.02557
v 0.05283 0.70301 -0.02552
v 0.05493 0.69905 -0.02557
v 0.05560 0.76129 -0.02051
v 0.05387 0.76403 -0.02052
v 0.05283 0.70301 -0.02552
v 0.05387 0.76403 -0.02052
v 0.05212 0.76926 -0.02194
v 0.05075 0.71012 -0.02724
v 0.05288 0.71563 -0.03261
v 0.05522 0.70984 -0.03201
v 0.05452 0.64938 -0.04013
v 0.05209 0.66617 -0.03954
v 0.05288 0.71563 -0.03261
v 0.05209 0.66617 -0.03954
v 0.04861 0.66224 -0.03889
v 0.05052 0.71826 -0.03144
v 0.05288 0.71563 -0.03261
v 0.05052 0.71826 -0.03144
v 0.05182 0.77571 -0.02526
v 0.05379 0.77402 -0.02617
v 0.05288 0.71563 -0.03261
v 0.05379 0.77402 -0.02617
v 0.05577 0.76983 -0.02567
v 0.05522 0.70984 -0.03201
v 0.05581 0.70282 -0.02870
v 0.05493 0.69905 -0.02557
v 0.05337 0.63971 -0.03068
v 0.05445 0.64393 -0.03443
v 0.05581 0.70282 -0.02870
v 0.05445 0.64393 -0.03443
v 0.05452 0.64938 -0.04013
v 0.05522 0.70984 -0.03201
v 0.05581 0.70282 -0.02870
v 0.05522 0.70984 -0.03201
v 0.05577 0.76983 -0.02567
v 0.05630 0.76441 -0.02300
v 0.05581 0.70282 -0.02870
v 0.05630 0.76441 -0.02300
v 0.05560 0.76129 -0.02051
v 0.05493 0.69905 -0.02557
v 0.05657 0.70680 -0.06568
v 0.05745 0.71443 -0.06375
v 0.05456 0.68158 -0.05962
v 0.05367 0.67360 -0.06159
v 0.05657 0.70680 -0.06568
v 0.05367 0.67360 -0.06159
v 0.05187 0.66881 -0.06304
v 0.05481 0.70222 -0.06710
v 0.05657 0.70680 -0.06568
v 0.05481 0.70222 -0.06710
v 0.05700 0.72775 -0.06861
v 0.05899 0.73868 -0.06842
v 0.05657 0.70680 -0.06568
v 0.05899 0.73868 -0.06842
v 0.05879 0.73629 -0.06628
v 0.05745 0.71443 -0.06375
v 0.04905 0.65399 -0.05825
v 0.05061 0.64925 -0.05880
v 0.05015 0.63658 -0.05444
v 0.04833 0.64195 -0.05388
v 0.04905 0.65399 -0.05825
v 0.04833 0.64195 -0.05388
v 0.04742 0.65241 -0.05225
v 0.04825 0.66284 -0.05670
v 0.04905 0.65399 -0.05825
v 0.04825 0.66284 -0.05670
v 0.04979 0.68063 -0.06101
v 0.05049 0.67297 -0.06251
v 0.04905 0.65399 -0.05825
v 0.05049 0.67297 -0.06251
v 0.05187 0.66881 -0.06304
v 0.05061 0.64925 -0.05880
v 0.04852 0.66955 -0.05515
v 0.04825 0.66284 -0.05670
v 0.04742 0.65241 -0.05225
v 0.04776 0.66071 -0.05058
v 0.04852 0.66955 -0.05515
v 0.04776 0.66071 -0.05058
v 0.04929 0.66472 -0.04949
v 0.04982 0.67260 -0.05413
v 0.04852 0.66955 -0.05515
v 0.04982 0.67260 -0.05413
v 0.05119 0.68883 -0.05859
v 0.05003 0.68632 -0.05954
v 0.04852 0.66955 -0.05515
v 0.05003 0.68632 -0.05954
v 0.04979 0.68063 -0.06101
v 0.04825 0.66284 -0.05670
v 0.05212 0.67047 -0.05420
v 0.04982 0.67260 -0.05413
v 0.04929 0.66472 -0.04949
v 0.05196 0.66233 -0.04961
v 0.05212 0.67047 -0.05420
v 0.05196 0.66233 -0.04961
v 0.05372 0.65484 -0.05079
v 0.05365 0.66422 -0.05528
v 0.05212 0.67047 -0.05420
v 0.05365 0.66422 -0.05528
v 0.05456 0.68158 -0.05962
v 0.05322 0.68695 -0.05862
v 0.05212 0.67047 -0.05420
v 0.05322 0.68695 -0.05862
v 0.05119 0.68883 -0.05859
v 0.04982 0.67260 -0.05413
v 0.05857 0.75347 -0.06865
v 0.05899 0.73868 -0.06842
v 0.05700 0.72775 -0.06861
v 0.05660 0.73814 -0.06908
v 0.05857 0.75347 -0.06865
v 0.05660 0.73814 -0.06908
v 0.05528 0.73552 -0.06726
v 0.05627 0.74797 -0.06689
v 0.05857 0.75347 -0.06865
v 0.05627 0.74797 -0.06689
v 0.05651 0.74220 -0.06536
v 0.05866 0.74851 -0.06623
v 0.05857 0.75347 -0.06865
v 0.05866 0.74851 -0.06623
v 0.05879 0.73629 -0.06628
v 0.05899 0.73868 -0.06842
v 0.05614 0.71965 -0.06276
v 0.05416 0.72150 -0.06272
v 0.05119 0.68883 -0.05859
v 0.05322 0.68695 -0.05862
v 0.05614 0.71965 -0.06276
v 0.05322 0.68695 -0.05862
v 0.05456 0.68158 -0.05962
v 0.05745 0.71443 -0.06375
v 0.05614 0.71965 -0.06276
v 0.05745 0.71443 -0.06375
v 0.05879 0.73629 -0.06628
v 0.05866 0.74851 -0.06623
v 0.05614 0.71965 -0.06276
v 0.05866 0.74851 -0.06623
v 0.05651 0.74220 -0.06536
v 0.05416 0.72150 -0.06272
v 0.05302 0.71902 -0.06365
v 0.05278 0.71348 -0.06510
v 0.04979 0.68063 -0.06101
v 0.05003 0.68632 -0.05954
v 0.05302 0.71902 -0.06365
v 0.05003 0.68632 -0.05954
v 0.05119 0.68883 -0.05859
v 0.05416 0.72150 -0.06272
v 0.05302 0.71902 -0.06365
v 0.05416 0.72150 -0.06272
v 0.05651 0.74220 -0.06536
v 0.05627 0.74797 -0.06689
v 0.05302 0.71902 -0.06365
v 0.05627 0.74797 -0.06689
v 0.05528 0.73552 -0.06726
v 0.05278 0.71348 -0.06510
v 0.05346 0.70617 -0.06658
v 0.05481 0.70222 -0.06710
v 0.05187 0.66881 -0.06304
v 0.05049 0.67297 -0.06251
v 0.05346 0.70617 -0.06658
v 0.05049 0.67297 -0.06251
v 0.04979 0.68063 -0.06101
v 0.05278 0.71348 -0.06510
v 0.05346 0.70617 -0.06658
v 0.05278 0.71348 -0.06510
v 0.05528 0.73552 -0.06726
v 0.05660 0.73814 -0.06908
v 0.05346 0.70617 -0.06658
v 0.05660 0.73814 -0.06908
v 0.05700 0.72775 -0.06861
v 0.05481 0.70222 -0.06710
v 0.05187 0.65465 -0.04496
v 0.04887 0.65712 -0.04480
v 0.04861 0.66224 -0.03889
v 0.05209 0.66617 -0.03954
v 0.05187 0.65465 -0.04496
v 0.05209 0.66617 -0.03954
v 0.05452 0.64938 -0.04013
v 0.05379 0.64592 -0.04626
v 0.05187 0.65465 -0.04496
v 0.05379 0.64592 -0.04626
v 0.05372 0.65484 -0.05079
v 0.05196 0.66233 -0.04961
v 0.05187 0.65465 -0.04496
v 0.05196 0.66233 -0.04961
v 0.04929 0.66472 -0.04949
v 0.04887 0.65712 -0.04480
v 0.04705 0.65178 -0.04597
v 0.04657 0.64161 -0.04777
v 0.04367 0.62885 -0.04431
v 0.04648 0.64328 -0.04175
v 0.04705 0.65178 -0.04597
v 0.04648 0.64328 -0.04175
v 0.04861 0.66224 -0.03889
v 0.04887 0.65712 -0.04480
v 0.04705 0.65178 -0.04597
v 0.04887 0.65712 -0.04480
v 0.04929 0.66472 -0.04949
v 0.04776 0.66071 -0.05058
v 0.04705 0.65178 -0.04597
v 0.04776 0.66071 -0.05058
v 0.04742 0.65241 -0.05225
v 0.04657 0.64161 -0.04777
v 0.04755 0.62958 -0.04947
v 0.04962 0.62381 -0.05005
v 0.04699 0.60626 -0.04662
v 0.04415 0.61628 -0.04738
v 0.04755 0.62958 -0.04947
v 0.04415 0.61628 -0.04738
v 0.04367 0.62885 -0.04431
v 0.04657 0.64161 -0.04777
v 0.04755 0.62958 -0.04947
v 0.04657 0.64161 -0.04777
v 0.04742 0.65241 -0.05225
v 0.04833 0.64195 -0.05388
v 0.04755 0.62958 -0.04947
v 0.04833 0.64195 -0.05388
v 0.05015 0.63658 -0.05444
v 0.04962 0.62381 -0.05005
v 0.05237 0.63244 -0.04847
v 0.05379 0.64592 -0.04626
v 0.05452 0.64938 -0.04013
v 0.05202 0.62181 -0.04369
v 0.05237 0.63244 -0.04847
v 0.05202 0.62181 -0.04369
v 0.04699 0.60626 -0.04662
v 0.04962 0.62381 -0.05005
v 0.05237 0.63244 -0.04847
v 0.04962 0.62381 -0.05005
v 0.05015 0.63658 -0.05444
v 0.05253 0.64357 -0.05291
v 0.05237 0.63244 -0.04847
v 0.05253 0.64357 -0.05291
v 0.05372 0.65484 -0.05079
v 0.05379 0.64592 -0.04626
v -0.03022 0.76969 -0.01240
v -0.02750 0.73899 -0.01389
v -0.02634 0.73640 -0.01660
v -0.02985 0.76932 -0.01453
v -0.03022 0.76969 -0.01240
v -0.02985 0.76932 -0.01453
v -0.03313 0.80888 -0.01257
v -0.03338 0.80722 -0.01060
v -0.03022 0.76969 -0.01240
v -0.03338 0.80722 -0.01060
v -0.03482 0.80507 -0.00928
v -0.03180 0.76957 -0.01093
v -0.03022 0.76969 -0.01240
v -0.03180 0.76957 -0.01093
v -0.02921 0.74020 -0.01229
v -0.02750 0.73899 -0.01389
v -0.02155 0.74541 -0.03141
v -0.02019 0.74797 -0.02992
v -0.02135 0.72952 -0.02585
v -0.02297 0.72606 -0.02759
v -0.02155 0.74541 -0.03141
v -0.02297 0.72606 -0.02759
v -0.02527 0.72831 -0.02820
v -0.02346 0.74729 -0.03189
v -0.02155 0.74541 -0.03141
v -0.02346 0.74729 -0.03189
v -0.02147 0.77812 -0.03553
v -0.01999 0.77660 -0.03521
v -0.02155 0.74541 -0.03141
v -0.01999 0.77660 -0.03521
v -0.01895 0.77822 -0.03402
v -0.02019 0.74797 -0.02992
v -0.02380 0.76314 -0.02738
v -0.02505 0.76062 -0.02873
v -0.02722 0.74553 -0.02466
v -0.02568 0.74890 -0.02305
v -0.02380 0.76314 -0.02738
v -0.02568 0.74890 -0.02305
v -0.02347 0.74657 -0.02257
v -0.02198 0.76122 -0.02703
v -0.02380 0.76314 -0.02738
v -0.02198 0.76122 -0.02703
v -0.02038 0.78766 -0.03154
v -0.02176 0.78918 -0.03173
v -0.02380 0.76314 -0.02738
v -0.02176 0.78918 -0.03173
v -0.02269 0.78755 -0.03278
v -0.02505 0.76062 -0.02873
v -0.02479 0.75385 -0.03062
v -0.02346 0.74729 -0.03189
v -0.02527 0.72831 -0.02820
v -0.02688 0.73673 -0.02680
v -0.02479 0.75385 -0.03062
v -0.02688 0.73673 -0.02680
v -0.02722 0.74553 -0.02466
v -0.02505 0.76062 -0.02873
v -0.02479 0.75385 -0.03062
v -0.02505 0.76062 -0.02873
v -0.02269 0.78755 -0.03278
v -0.02248 0.78282 -0.03438
v -0.02479 0.75385 -0.03062
v -0.02248 0.78282 -0.03438
v -0.02147 0.77812 -0.03553
v -0.02346 0.74729 -0.03189
v -0.01768 0.88751 -0.03886
v -0.01756 0.87055 -0.03944
v -0.01872 0.86016 -0.03908
v -0.01902 0.87356 -0.03875
v -0.01768 0.88751 -0.03886
v -0.01902 0.87356 -0.03875
v -0.01947 0.86454 -0.03726
v -0.01858 0.87594 -0.03707
v -0.01768 0.88751 -0.03886
v -0.01858 0.87594 -0.03707
v -0.01806 0.86417 -0.03654
v -0.01712 0.87293 -0.03776
v -0.01768 0.88751 -0.03886
v -0.01712 0.87293 -0.03776
v -0.01724 0.85975 -0.03826
v -0.01756 0.87055 -0.03944
v -0.01788 0.83022 -0.03570
v -0.01882 0.83369 -0.03473
v -0.02038 0.78766 -0.03154
v -0.01926 0.78296 -0.03255
v -0.01788 0.83022 -0.03570
v -0.01926 0.78296 -0.03255
v -0.01895 0.77822 -0.03402
v -0.01762 0.82687 -0.03704
v -0.01788 0.83022 -0.03570
v -0.01762 0.82687 -0.03704
v -0.01724 0.85975 -0.03826
v -0.01712 0.87293 -0.03776
v -0.01788 0.83022 -0.03570
v -0.01712 0.87293 -0.03776
v -0.01806 0.86417 -0.03654
v -0.01882 0.83369 -0.03473
v -0.02059 0.83070 -0.03718
v -0.01974 0.82728 -0.03826
v -0.02147 0.77812 -0.03553
v -0.02248 0.78282 -0.03438
v -0.02059 0.83070 -0.03718
v -0.02248 0.78282 -0.03438
v -0.02269 0.78755 -0.03278
v -0.02077 0.83400 -0.03573
v -0.02059 0.83070 -0.03718
v -0.02077 0.83400 -0.03573
v -0.01947 0.86454 -0.03726
v -0.01902 0.87356 -0.03875
v -0.02059 0.83070 -0.03718
v -0.01902 0.87356 -0.03875
v -0.01872 0.86016 -0.03908
v -0.01974 0.82728 -0.03826
v -0.01998 0.83497 -0.03482
v -0.02077 0.83400 -0.03573
v -0.02269 0.78755 -0.03278
v -0.02176 0.78918 -0.03173
v -0.01998 0.83497 -0.03482
v -0.02176 0.78918 -0.03173
v -0.02038 0.78766 -0.03154
v -0.01882 0.83369 -0.03473
v -0.01998 0.83497 -0.03482
v -0.01882 0.83369 -0.03473
v -0.01806 0.86417 -0.03654
v -0.01858 0.87594 -0.03707
v -0.01998 0.83497 -0.03482
v -0.01858 0.87594 -0.03707
v -0.01947 0.86454 -0.03726
v -0.02077 0.83400 -0.03573
v -0.02816 0.72441 -0.02386
v -0.02645 0.71472 -0.02529
v -0.02670 0.69590 -0.02455
v -0.02920 0.71732 -0.02133
v -0.02816 0.72441 -0.02386
v -0.02920 0.71732 -0.02133
v -0.03043 0.73482 -0.01885
v -0.02855 0.73458 -0.02167
v -0.02816 0.72441 -0.02386
v -0.02855 0.73458 -0.02167
v -0.02722 0.74553 -0.02466
v -0.02688 0.73673 -0.02680
v -0.02816 0.72441 -0.02386
v -0.02688 0.73673 -0.02680
v -0.02527 0.72831 -0.02820
v -0.02645 0.71472 -0.02529
v -0.02700 0.73851 -0.02002
v -0.02855 0.73458 -0.02167
v -0.03043 0.73482 -0.01885
v -0.02859 0.74179 -0.01785
v -0.02700 0.73851 -0.02002
v -0.02859 0.74179 -0.01785
v -0.02634 0.73640 -0.01660
v -0.02471 0.73587 -0.01953
v -0.02700 0.73851 -0.02002
v -0.02471 0.73587 -0.01953
v -0.02347 0.74657 -0.02257
v -0.02568 0.74890 -0.02305
v -0.02700 0.73851 -0.02002
v -0.02568 0.74890 -0.02305
v -0.02722 0.74553 -0.02466
v -0.02855 0.73458 -0.02167
v -0.02408 0.71222 -0.02467
v -0.02243 0.71628 -0.02288
v -0.02222 0.69804 -0.02179
v -0.02338 0.69124 -0.02496
v -0.02408 0.71222 -0.02467
v -0.02338 0.69124 -0.02496
v -0.02670 0.69590 -0.02455
v -0.02645 0.71472 -0.02529
v -0.02408 0.71222 -0.02467
v -0.02645 0.71472 -0.02529
v -0.02527 0.72831 -0.02820
v -0.02297 0.72606 -0.02759
v -0.02408 0.71222 -0.02467
v -0.02297 0.72606 -0.02759
v -0.02135 0.72952 -0.02585
v -0.02243 0.71628 -0.02288
v -0.02291 0.72631 -0.02082
v -0.02471 0.73587 -0.01953
v -0.02634 0.73640 -0.01660
v -0.02412 0.71948 -0.01840
v -0.02291 0.72631 -0.02082
v -0.02412 0.71948 -0.01840
v -0.02222 0.69804 -0.02179
v -0.02243 0.71628 -0.02288
v -0.02291 0.72631 -0.02082
v -0.02243 0.71628 -0.02288
v -0.02135 0.72952 -0.02585
v -0.02177 0.73823 -0.02384
v -0.02291 0.72631 -0.02082
v -0.02177 0.73823 -0.02384
v -0.02347 0.74657 -0.02257
v -0.02471 0.73587 -0.01953
v -0.00023 0.84214 -0.08177
v -0.00125 0.84260 -0.08258
v -0.00023 0.78874 -0.08415
v 0.00089 0.78795 -0.08331
v -0.00023 0.84214 -0.08177
v 0.00089 0.78795 -0.08331
v 0.00227 0.78915 -0.08339
v 0.00105 0.84296 -0.08188
v -0.00023 0.84214 -0.08177
v 0.00105 0.84296 -0.08188
v 0.00023 0.88034 -0.08183
v -0.00092 0.89287 -0.08156
v -0.00023 0.84214 -0.08177
v -0.00092 0.89287 -0.08156
v -0.00143 0.88008 -0.08234
v -0.00125 0.84260 -0.08258
v 0.00209 0.75975 -0.08613
v 0.00075 0.76096 -0.08705
v 0.00173 0.74609 -0.09060
v 0.00331 0.74434 -0.08958
v 0.00209 0.75975 -0.08613
v 0.00331 0.74434 -0.08958
v 0.00515 0.74671 -0.08958
v 0.00368 0.76147 -0.08617
v 0.00209 0.75975 -0.08613
v 0.00368 0.76147 -0.08617
v 0.00227 0.78915 -0.08339
v 0.00089 0.78795 -0.08331
v 0.00209 0.75975 -0.08613
v 0.00089 0.78795 -0.08331
v -0.00023 0.78874 -0.08415
v 0.00075 0.76096 -0.08705
v 0.00450 0.76596 -0.08747
v 0.00368 0.76147 -0.08617
v 0.00515 0.74671 -0.08958
v 0.00608 0.75298 -0.09093
v 0.00450 0.76596 -0.08747
v 0.00608 0.75298 -0.09093
v 0.00588 0.75905 -0.09261
v 0.00437 0.77028 -0.08906
v 0.00450 0.76596 -0.08747
v 0.00437 0.77028 -0.08906
v 0.00295 0.79516 -0.08620
v 0.00301 0.79222 -0.08467
v 0.00450 0.76596 -0.08747
v 0.00301 0.79222 -0.08467
v 0.00227 0.78915 -0.08339
v 0.00368 0.76147 -0.08617
v 0.00069 0.76529 -0.08862
v 0.00157 0.76979 -0.08990
v 0.00251 0.75844 -0.09362
v 0.00155 0.75216 -0.09228
v 0.00069 0.76529 -0.08862
v 0.00155 0.75216 -0.09228
v 0.00173 0.74609 -0.09060
v 0.00075 0.76096 -0.08705
v 0.00069 0.76529 -0.08862
v 0.00075 0.76096 -0.08705
v -0.00023 0.78874 -0.08415
v -0.00020 0.79169 -0.08565
v 0.00069 0.76529 -0.08862
v -0.00020 0.79169 -0.08565
v 0.00064 0.79476 -0.08690
v 0.00157 0.76979 -0.08990
v -0.00078 0.91070 -0.08271
v -0.00092 0.89287 -0.08156
v 0.00023 0.88034 -0.08183
v 0.00059 0.89437 -0.08259
v -0.00078 0.91070 -0.08271
v 0.00059 0.89437 -0.08259
v 0.00080 0.88267 -0.08387
v -0.00010 0.89554 -0.08430
v -0.00078 0.91070 -0.08271
v -0.00010 0.89554 -0.08430
v -0.00080 0.88242 -0.08437
v -0.00161 0.89404 -0.08327
v -0.00078 0.91070 -0.08271
v -0.00161 0.89404 -0.08327
v -0.00143 0.88008 -0.08234
v -0.00092 0.89287 -0.08156
v 0.00178 0.84495 -0.08315
v 0.00105 0.84296 -0.08188
v 0.00227 0.78915 -0.08339
v 0.00301 0.79222 -0.08467
v 0.00178 0.84495 -0.08315
v 0.00301 0.79222 -0.08467
v 0.00295 0.79516 -0.08620
v 0.00177 0.84683 -0.08464
v 0.00178 0.84495 -0.08315
v 0.00177 0.84683 -0.08464
v 0.00080 0.88267 -0.08387
v 0.00059 0.89437 -0.08259
v 0.00178 0.84495 -0.08315
v 0.00059 0.89437 -0.08259
v 0.00023 0.88034 -0.08183
v 0.00105 0.84296 -0.08188
v -0.00119 0.84449 -0.08406
v -0.00038 0.84648 -0.08530
v 0.00064 0.79476 -0.08690
v -0.00020 0.79169 -0.08565
v -0.00119 0.84449 -0.08406
v -0.00020 0.79169 -0.08565
v -0.00023 0.78874 -0.08415
v -0.00125 0.84260 -0.08258
v -0.00119 0.84449 -0.08406
v -0.00125 0.84260 -0.08258
v -0.00143 0.88008 -0.08234
v -0.00161 0.89404 -0.08327
v -0.00119 0.84449 -0.08406
v -0.00161 0.89404 -0.08327
v -0.00080 0.88242 -0.08437
v -0.00038 0.84648 -0.08530
v 0.00083 0.84730 -0.08543
v 0.00177 0.84683 -0.08464
v 0.00295 0.79516 -0.08620
v 0.00192 0.79596 -0.08701
v 0.00083 0.84730 -0.08543
v 0.00192 0.79596 -0.08701
v 0.00064 0.79476 -0.08690
v -0.00038 0.84648 -0.08530
v 0.00083 0.84730 -0.08543
v -0.00038 0.84648 -0.08530
v -0.00080 0.88242 -0.08437
v -0.00010 0.89554 -0.08430
v 0.00083 0.84730 -0.08543
v -0.00010 0.89554 -0.08430
v 0.00080 0.88267 -0.08387
v 0.00177 0.84683 -0.08464
v 0.00250 0.73917 -0.09593
v 0.00352 0.74761 -0.09736
v 0.00443 0.74793 -0.10216
v 0.00335 0.72638 -0.09908
v 0.00250 0.73917 -0.09593
v 0.00335 0.72638 -0.09908
v 0.00298 0.70484 -0.09519
v 0.00275 0.73096 -0.09411
v 0.00250 0.73917 -0.09593
v 0.00275 0.73096 -0.09411
v 0.00173 0.74609 -0.09060
v 0.00155 0.75216 -0.09228
v 0.00250 0.73917 -0.09593
v 0.00155 0.75216 -0.09228
v 0.00251 0.75844 -0.09362
v 0.00352 0.74761 -0.09736
v 0.00758 0.74010 -0.09442
v 0.00658 0.73166 -0.09298
v 0.00780 0.70568 -0.09376
v 0.00894 0.72744 -0.09741
v 0.00758 0.74010 -0.09442
v 0.00894 0.72744 -0.09741
v 0.00904 0.74883 -0.10080
v 0.00732 0.74831 -0.09623
v 0.00758 0.74010 -0.09442
v 0.00732 0.74831 -0.09623
v 0.00588 0.75905 -0.09261
v 0.00608 0.75298 -0.09093
v 0.00758 0.74010 -0.09442
v 0.00608 0.75298 -0.09093
v 0.00515 0.74671 -0.08958
v 0.00658 0.73166 -0.09298
v 0.00454 0.72853 -0.09301
v 0.00275 0.73096 -0.09411
v 0.00298 0.70484 -0.09519
v 0.00488 0.70087 -0.09242
v 0.00454 0.72853 -0.09301
v 0.00488 0.70087 -0.09242
v 0.00780 0.70568 -0.09376
v 0.00658 0.73166 -0.09298
v 0.00454 0.72853 -0.09301
v 0.00658 0.73166 -0.09298
v 0.00515 0.74671 -0.08958
v 0.00331 0.74434 -0.08958
v 0.00454 0.72853 -0.09301
v 0.00331 0.74434 -0.08958
v 0.00173 0.74609 -0.09060
v 0.00275 0.73096 -0.09411
v 0.00555 0.75074 -0.09734
v 0.00732 0.74831 -0.09623
v 0.00904 0.74883 -0.10080
v 0.00667 0.75876 -0.10189
v 0.00555 0.75074 -0.09734
v 0.00667 0.75876 -0.10189
v 0.00443 0.74793 -0.10216
v 0.00352 0.74761 -0.09736
v 0.00555 0.75074 -0.09734
v 0.00352 0.74761 -0.09736
v 0.00251 0.75844 -0.09362
v 0.00432 0.76080 -0.09362
v 0.00555 0.75074 -0.09734
v 0.00432 0.76080 -0.09362
v 0.00588 0.75905 -0.09261
v 0.00732 0.74831 -0.09623
v -0.02100 0.68133 0.05196
v -0.02028 0.68995 0.05361
v -0.01785 0.67378 0.05508
v -0.01759 0.66185 0.05364
v -0.02100 0.68133 0.05196
v -0.01759 0.66185 0.05364
v -0.01835 0.65470 0.05308
v -0.02177 0.67431 0.05137
v -0.02100 0.68133 0.05196
v -0.02177 0.67431 0.05137
v -0.02439 0.69396 0.05049
v -0.02361 0.70052 0.05108
v -0.02100 0.68133 0.05196
v -0.02361 0.70052 0.05108
v -0.02284 0.70502 0.05290
v -0.02028 0.68995 0.05361
v -0.01644 0.57057 0.09490
v -0.01043 0.55837 0.08841
v -0.01058 0.56945 0.08757
v -0.01638 0.58159 0.09387
v -0.01644 0.57057 0.09490
v -0.01638 0.58159 0.09387
v -0.02108 0.59436 0.09940
v -0.02135 0.58389 0.10064
v -0.01644 0.57057 0.09490
v -0.02135 0.58389 0.10064
v -0.02251 0.57698 0.10062
v -0.01741 0.56307 0.09471
v -0.01644 0.57057 0.09490
v -0.01741 0.56307 0.09471
v -0.01125 0.55069 0.08809
v -0.01043 0.55837 0.08841
v 0.00502 0.55733 0.06646
v 0.00712 0.55353 0.06841
v 0.00743 0.53867 0.06779
v 0.00511 0.54435 0.06454
v 0.00502 0.55733 0.06646
v 0.00511 0.54435 0.06454
v 0.00162 0.55102 0.06330
v 0.00250 0.56381 0.06467
v 0.00502 0.55733 0.06646
v 0.00250 0.56381 0.06467
v 0.00313 0.58098 0.06595
v 0.00613 0.57944 0.06577
v 0.00502 0.55733 0.06646
v 0.00613 0.57944 0.06577
v 0.00679 0.57032 0.06866
v 0.00712 0.55353 0.06841
v 0.00703 0.54031 0.07396
v 0.00498 0.54041 0.07668
v 0.00144 0.53103 0.07574
v 0.00561 0.53054 0.07108
v 0.00703 0.54031 0.07396
v 0.00561 0.53054 0.07108
v 0.00743 0.53867 0.06779
v 0.00849 0.54582 0.07126
v 0.00703 0.54031 0.07396
v 0.00849 0.54582 0.07126
v 0.01085 0.55453 0.07364
v 0.01002 0.55004 0.07609
v 0.00703 0.54031 0.07396
v 0.01002 0.55004 0.07609
v 0.00840 0.55024 0.07842
v 0.00498 0.54041 0.07668
v 0.01823 0.69940 0.05710
v 0.01705 0.70055 0.05582
v 0.01316 0.68222 0.05784
v 0.01452 0.67923 0.05906
v 0.01823 0.69940 0.05710
v 0.01452 0.67923 0.05906
v 0.01587 0.67237 0.05972
v 0.01962 0.69563 0.05769
v 0.01823 0.69940 0.05710
v 0.01962 0.69563 0.05769
v 0.02183 0.71275 0.05708
v 0.02037 0.71373 0.05660
v 0.01823 0.69940 0.05710
v 0.02037 0.71373 0.05660
v 0.01939 0.71262 0.05523
v 0.01705 0.70055 0.05582
v 0.00405 0.57224 0.07261
v 0.00260 0.57682 0.07375
v 0.00057 0.55812 0.07658
v 0.00400 0.56354 0.07300
v 0.00405 0.57224 0.07261
v 0.00400 0.56354 0.07300
v 0.00679 0.57032 0.06866
v 0.00672 0.58999 0.06950
v 0.00405 0.57224 0.07261
v 0.00672 0.58999 0.06950
v 0.00563 0.60100 0.07050
v 0.00260 0.57682 0.07375
v 0.00039 0.58425 0.07014
v 0.00309 0.60291 0.06698
v 0.00313 0.58098 0.06595
v -0.00037 0.57552 0.06958
v 0.00039 0.58425 0.07014
v -0.00037 0.57552 0.06958
v -0.00317 0.56843 0.07384
v -0.00016 0.58610 0.07190
v 0.00039 0.58425 0.07014
v -0.00016 0.58610 0.07190
v 0.00289 0.61119 0.06856
v 0.00309 0.60291 0.06698
v 0.02095 0.73006 0.05575
v 0.02003 0.72825 0.05437
v 0.01939 0.71262 0.05523
v 0.02037 0.71373 0.05660
v 0.02095 0.73006 0.05575
v 0.02037 0.71373 0.05660
v 0.02183 0.71275 0.05708
v 0.02246 0.72985 0.05615
v 0.02095 0.73006 0.05575
v 0.02246 0.72985 0.05615
v 0.02216 0.74637 0.05558
v 0.02067 0.74669 0.05524
v 0.02095 0.73006 0.05575
v 0.02067 0.74669 0.05524
v 0.01974 0.74502 0.05392
v 0.02003 0.72825 0.05437
v 0.02040 0.69061 0.05689
v 0.01629 0.66464 0.05913
v 0.01581 0.66035 0.05795
v 0.02029 0.68735 0.05550
v 0.02040 0.69061 0.05689
v 0.02029 0.68735 0.05550
v 0.02348 0.70629 0.05428
v 0.02309 0.70951 0.05597
v 0.02040 0.69061 0.05689
v 0.02309 0.70951 0.05597
v 0.02183 0.71275 0.05708
v 0.01962 0.69563 0.05769
v 0.02040 0.69061 0.05689
v 0.01962 0.69563 0.05769
v 0.01587 0.67237 0.05972
v 0.01629 0.66464 0.05913
v 0.01687 0.69768 0.05453
v 0.01271 0.67834 0.05676
v 0.01316 0.68222 0.05784
v 0.01705 0.70055 0.05582
v 0.01687 0.69768 0.05453
v 0.01705 0.70055 0.05582
v 0.01939 0.71262 0.05523
v 0.01961 0.70957 0.05364
v 0.01687 0.69768 0.05453
v 0.01961 0.70957 0.05364
v 0.02070 0.70651 0.05263
v 0.01758 0.69305 0.05384
v 0.01687 0.69768 0.05453
v 0.01758 0.69305 0.05384
v 0.01315 0.67103 0.05627
v 0.01271 0.67834 0.05676
v 0.01548 0.80099 0.05667
v 0.01630 0.80083 0.05574
v 0.01927 0.77520 0.05359
v 0.01833 0.77646 0.05459
v 0.01548 0.80099 0.05667
v 0.01833 0.77646 0.05459
v 0.01809 0.77818 0.05598
v 0.01530 0.80172 0.05797
v 0.01548 0.80099 0.05667
v 0.01530 0.80172 0.05797
v 0.01364 0.81687 0.05909
v 0.01305 0.82198 0.05859
v 0.01548 0.80099 0.05667
v 0.01305 0.82198 0.05859
v 0.01435 0.81689 0.05744
v 0.01630 0.80083 0.05574
v 0.02388 0.72704 0.05491
v 0.02246 0.72985 0.05615
v 0.02183 0.71275 0.05708
v 0.02309 0.70951 0.05597
v 0.02388 0.72704 0.05491
v 0.02309 0.70951 0.05597
v 0.02348 0.70629 0.05428
v 0.02442 0.72373 0.05311
v 0.02388 0.72704 0.05491
v 0.02442 0.72373 0.05311
v 0.02403 0.74037 0.05255
v 0.02353 0.74359 0.05432
v 0.02388 0.72704 0.05491
v 0.02353 0.74359 0.05432
v 0.02216 0.74637 0.05558
v 0.02246 0.72985 0.05615
v 0.02036 0.72502 0.05267
v 0.02158 0.72229 0.05152
v 0.02070 0.70651 0.05263
v 0.01961 0.70957 0.05364
v 0.02036 0.72502 0.05267
v 0.01961 0.70957 0.05364
v 0.01939 0.71262 0.05523
v 0.02003 0.72825 0.05437
v 0.02036 0.72502 0.05267
v 0.02003 0.72825 0.05437
v 0.01974 0.74502 0.05392
v 0.02006 0.74184 0.05225
v 0.02036 0.72502 0.05267
v 0.02006 0.74184 0.05225
v 0.02125 0.73911 0.05109
v 0.02158 0.72229 0.05152
v 0.02329 0.72200 0.05182
v 0.02442 0.72373 0.05311
v 0.02348 0.70629 0.05428
v 0.02233 0.70535 0.05301
v 0.02329 0.72200 0.05182
v 0.02233 0.70535 0.05301
v 0.02070 0.70651 0.05263
v 0.02158 0.72229 0.05152
v 0.02329 0.72200 0.05182
v 0.02158 0.72229 0.05152
v 0.02125 0.73911 0.05109
v 0.02292 0.73875 0.05133
v 0.02329 0.72200 0.05182
v 0.02292 0.73875 0.05133
v 0.02403 0.74037 0.05255
v 0.02442 0.72373 0.05311
v 0.01302 0.82995 0.05965
v 0.01485 0.82402 0.05958
v 0.01575 0.81833 0.05815
v 0.01443 0.82333 0.05796
v 0.01302 0.82995 0.05965
v 0.01443 0.82333 0.05796
v 0.01435 0.81689 0.05744
v 0.01305 0.82198 0.05859
v 0.01302 0.82995 0.05965
v 0.01305 0.82198 0.05859
v 0.01364 0.81687 0.05909
v 0.01348 0.82267 0.06021
v 0.01302 0.82995 0.05965
v 0.01348 0.82267 0.06021
v 0.01498 0.81828 0.05988
v 0.01485 0.82402 0.05958
v 0.01747 0.80158 0.05583
v 0.01828 0.80261 0.05671
v 0.02147 0.77659 0.05469
v 0.02059 0.77540 0.05373
v 0.01747 0.80158 0.05583
v 0.02059 0.77540 0.05373
v 0.01927 0.77520 0.05359
v 0.01630 0.80083 0.05574
v 0.01747 0.80158 0.05583
v 0.01630 0.80083 0.05574
v 0.01435 0.81689 0.05744
v 0.01443 0.82333 0.05796
v 0.01747 0.80158 0.05583
v 0.01443 0.82333 0.05796
v 0.01575 0.81833 0.05815
v 0.01828 0.80261 0.05671
v 0.01604 0.80272 0.05893
v 0.01530 0.80172 0.05797
v 0.01809 0.77818 0.05598
v 0.01888 0.77937 0.05703
v 0.01604 0.80272 0.05893
v 0.01888 0.77937 0.05703
v 0.02010 0.77958 0.05727
v 0.01713 0.80343 0.05912
v 0.01604 0.80272 0.05893
v 0.01713 0.80343 0.05912
v 0.01498 0.81828 0.05988
v 0.01348 0.82267 0.06021
v 0.01604 0.80272 0.05893
v 0.01348 0.82267 0.06021
v 0.01364 0.81687 0.05909
v 0.01530 0.80172 0.05797
v 0.01802 0.80331 0.05809
v 0.01713 0.80343 0.05912
v 0.02010 0.77958 0.05727
v 0.02114 0.77832 0.05618
v 0.01802 0.80331 0.05809
v 0.02114 0.77832 0.05618
v 0.02147 0.77659 0.05469
v 0.01828 0.80261 0.05671
v 0.01802 0.80331 0.05809
v 0.01828 0.80261 0.05671
v 0.01575 0.81833 0.05815
v 0.01485 0.82402 0.05958
v 0.01802 0.80331 0.05809
v 0.01485 0.82402 0.05958
v 0.01498 0.81828 0.05988
v 0.01713 0.80343 0.05912
v 0.01904 0.68889 0.05432
v 0.01448 0.66375 0.05683
v 0.01315 0.67103 0.05627
v 0.01758 0.69305 0.05384
v 0.01904 0.68889 0.05432
v 0.01758 0.69305 0.05384
v 0.02070 0.70651 0.05263
v 0.02233 0.70535 0.05301
v 0.01904 0.68889 0.05432
v 0.02233 0.70535 0.05301
v 0.02348 0.70629 0.05428
v 0.02029 0.68735 0.05550
v 0.01904 0.68889 0.05432
v 0.02029 0.68735 0.05550
v 0.01581 0.66035 0.05795
v 0.01448 0.66375 0.05683
v 0.00973 0.62109 0.06160
v 0.00613 0.57944 0.06577
v 0.00313 0.58098 0.06595
v 0.00833 0.62955 0.06105
v 0.00973 0.62109 0.06160
v 0.00833 0.62955 0.06105
v 0.01315 0.67103 0.05627
v 0.01448 0.66375 0.05683
v 0.00973 0.62109 0.06160
v 0.01448 0.66375 0.05683
v 0.01581 0.66035 0.05795
v 0.01099 0.61870 0.06282
v 0.00973 0.62109 0.06160
v 0.01099 0.61870 0.06282
v 0.00679 0.57032 0.06866
v 0.00613 0.57944 0.06577
v 0.00766 0.64051 0.06171
v 0.00309 0.60291 0.06698
v 0.00289 0.61119 0.06856
v 0.00788 0.64783 0.06298
v 0.00766 0.64051 0.06171
v 0.00788 0.64783 0.06298
v 0.01316 0.68222 0.05784
v 0.01271 0.67834 0.05676
v 0.00766 0.64051 0.06171
v 0.01271 0.67834 0.05676
v 0.01315 0.67103 0.05627
v 0.00833 0.62955 0.06105
v 0.00766 0.64051 0.06171
v 0.00833 0.62955 0.06105
v 0.00313 0.58098 0.06595
v 0.00309 0.60291 0.06698
v 0.01126 0.62595 0.06417
v 0.00672 0.58999 0.06950
v 0.00679 0.57032 0.06866
v 0.01099 0.61870 0.06282
v 0.01126 0.62595 0.06417
v 0.01099 0.61870 0.06282
v 0.01581 0.66035 0.05795
v 0.01629 0.66464 0.05913
v 0.01126 0.62595 0.06417
v 0.01629 0.66464 0.05913
v 0.01587 0.67237 0.05972
v 0.01063 0.63683 0.06490
v 0.01126 0.62595 0.06417
v 0.01063 0.63683 0.06490
v 0.00563 0.60100 0.07050
v 0.00672 0.58999 0.06950
v 0.00919 0.64537 0.06428
v 0.00788 0.64783 0.06298
v 0.00289 0.61119 0.06856
v 0.00405 0.60931 0.06996
v 0.00919 0.64537 0.06428
v 0.00405 0.60931 0.06996
v 0.00563 0.60100 0.07050
v 0.01063 0.63683 0.06490
v 0.00919 0.64537 0.06428
v 0.01063 0.63683 0.06490
v 0.01587 0.67237 0.05972
v 0.01452 0.67923 0.05906
v 0.00919 0.64537 0.06428
v 0.01452 0.67923 0.05906
v 0.01316 0.68222 0.05784
v 0.00788 0.64783 0.06298
v 0.02279 0.75955 0.05483
v 0.02157 0.76175 0.05602
v 0.02216 0.74637 0.05558
v 0.02353 0.74359 0.05432
v 0.02279 0.75955 0.05483
v 0.02353 0.74359 0.05432
v 0.02403 0.74037 0.05255
v 0.02322 0.75692 0.05319
v 0.02279 0.75955 0.05483
v 0.02322 0.75692 0.05319
v 0.02147 0.77659 0.05469
v 0.02114 0.77832 0.05618
v 0.02279 0.75955 0.05483
v 0.02114 0.77832 0.05618
v 0.02010 0.77958 0.05727
v 0.02157 0.76175 0.05602
v 0.02020 0.76191 0.05573
v 0.01933 0.76047 0.05454
v 0.01974 0.74502 0.05392
v 0.02067 0.74669 0.05524
v 0.02020 0.76191 0.05573
v 0.02067 0.74669 0.05524
v 0.02216 0.74637 0.05558
v 0.02157 0.76175 0.05602
v 0.02020 0.76191 0.05573
v 0.02157 0.76175 0.05602
v 0.02010 0.77958 0.05727
v 0.01888 0.77937 0.05703
v 0.02020 0.76191 0.05573
v 0.01888 0.77937 0.05703
v 0.01809 0.77818 0.05598
v 0.01933 0.76047 0.05454
v 0.02221 0.75550 0.05210
v 0.02322 0.75692 0.05319
v 0.02403 0.74037 0.05255
v 0.02292 0.73875 0.05133
v 0.02221 0.75550 0.05210
v 0.02292 0.73875 0.05133
v 0.02125 0.73911 0.05109
v 0.02070 0.75569 0.05191
v 0.02221 0.75550 0.05210
v 0.02070 0.75569 0.05191
v 0.01927 0.77520 0.05359
v 0.02059 0.77540 0.05373
v 0.02221 0.75550 0.05210
v 0.02059 0.77540 0.05373
v 0.02147 0.77659 0.05469
v 0.02322 0.75692 0.05319
v 0.01962 0.75787 0.05300
v 0.02070 0.75569 0.05191
v 0.02125 0.73911 0.05109
v 0.02006 0.74184 0.05225
v 0.01962 0.75787 0.05300
v 0.02006 0.74184 0.05225
v 0.01974 0.74502 0.05392
v 0.01933 0.76047 0.05454
v 0.01962 0.75787 0.05300
v 0.01933 0.76047 0.05454
v 0.01809 0.77818 0.05598
v 0.01833 0.77646 0.05459
v 0.01962 0.75787 0.05300
v 0.01833 0.77646 0.05459
v 0.01927 0.77520 0.05359
v 0.02070 0.75569 0.05191
v -0.03404 0.79140 0.04829
v -0.03390 0.79411 0.04933
v -0.03213 0.77714 0.04998
v -0.03222 0.77374 0.04888
v -0.03404 0.79140 0.04829
v -0.03222 0.77374 0.04888
v -0.03293 0.76958 0.04836
v -0.03476 0.78803 0.04777
v -0.03404 0.79140 0.04829
v -0.03476 0.78803 0.04777
v -0.03525 0.79337 0.04795
v -0.03481 0.79734 0.04825
v -0.03404 0.79140 0.04829
v -0.03481 0.79734 0.04825
v -0.03457 0.79758 0.04909
v -0.03390 0.79411 0.04933
v -0.02414 0.67681 0.05525
v -0.02426 0.67073 0.05400
v -0.02089 0.65094 0.05576
v -0.02080 0.65709 0.05701
v -0.02414 0.67681 0.05525
v -0.02080 0.65709 0.05701
v -0.02032 0.67015 0.05764
v -0.02315 0.68579 0.05660
v -0.02414 0.67681 0.05525
v -0.02315 0.68579 0.05660
v -0.02521 0.70161 0.05535
v -0.02666 0.69620 0.05424
v -0.02414 0.67681 0.05525
v -0.02666 0.69620 0.05424
v -0.02681 0.69053 0.05301
v -0.02426 0.67073 0.05400
v -0.02317 0.67034 0.05238
v -0.02177 0.67431 0.05137
v -0.01835 0.65470 0.05308
v -0.01976 0.65060 0.05412
v -0.02317 0.67034 0.05238
v -0.01976 0.65060 0.05412
v -0.02089 0.65094 0.05576
v -0.02426 0.67073 0.05400
v -0.02317 0.67034 0.05238
v -0.02426 0.67073 0.05400
v -0.02681 0.69053 0.05301
v -0.02576 0.69021 0.05145
v -0.02317 0.67034 0.05238
v -0.02576 0.69021 0.05145
v -0.02439 0.69396 0.05049
v -0.02177 0.67431 0.05137
v -0.01834 0.71923 0.06104
v -0.02007 0.71177 0.05873
v -0.02060 0.70903 0.05983
v -0.01875 0.71711 0.06199
v -0.01834 0.71923 0.06104
v -0.01875 0.71711 0.06199
v -0.01769 0.73487 0.06430
v -0.01738 0.73647 0.06347
v -0.01834 0.71923 0.06104
v -0.01738 0.73647 0.06347
v -0.01651 0.73662 0.06305
v -0.01732 0.71922 0.06049
v -0.01834 0.71923 0.06104
v -0.01732 0.71922 0.06049
v -0.01887 0.71156 0.05803
v -0.02007 0.71177 0.05873
v -0.03582 0.79852 0.04887
v -0.03481 0.79734 0.04825
v -0.03525 0.79337 0.04795
v -0.03615 0.79368 0.04823
v -0.03582 0.79852 0.04887
v -0.03615 0.79368 0.04823
v -0.03656 0.79190 0.04907
v -0.03652 0.79547 0.04970
v -0.03582 0.79852 0.04887
v -0.03652 0.79547 0.04970
v -0.03582 0.79620 0.05015
v -0.03518 0.79913 0.04973
v -0.03582 0.79852 0.04887
v -0.03518 0.79913 0.04973
v -0.03457 0.79758 0.04909
v -0.03481 0.79734 0.04825
v -0.03460 0.79419 0.05031
v -0.03560 0.79221 0.05080
v -0.03393 0.77497 0.05163
v -0.03288 0.77734 0.05106
v -0.03460 0.79419 0.05031
v -0.03288 0.77734 0.05106
v -0.03213 0.77714 0.04998
v -0.03390 0.79411 0.04933
v -0.03460 0.79419 0.05031
v -0.03390 0.79411 0.04933
v -0.03457 0.79758 0.04909
v -0.03518 0.79913 0.04973
v -0.03460 0.79419 0.05031
v -0.03518 0.79913 0.04973
v -0.03582 0.79620 0.05015
v -0.03560 0.79221 0.05080
v -0.03583 0.78595 0.04832
v -0.03476 0.78803 0.04777
v -0.03293 0.76958 0.04836
v -0.03406 0.76708 0.04902
v -0.03583 0.78595 0.04832
v -0.03406 0.76708 0.04902
v -0.03490 0.76714 0.05018
v -0.03659 0.78593 0.04937
v -0.03583 0.78595 0.04832
v -0.03659 0.78593 0.04937
v -0.03656 0.79190 0.04907
v -0.03615 0.79368 0.04823
v -0.03583 0.78595 0.04832
v -0.03615 0.79368 0.04823
v -0.03525 0.79337 0.04795
v -0.03476 0.78803 0.04777
v -0.03639 0.78874 0.05034
v -0.03659 0.78593 0.04937
v -0.03490 0.76714 0.05018
v -0.03473 0.77067 0.05120
v -0.03639 0.78874 0.05034
v -0.03473 0.77067 0.05120
v -0.03393 0.77497 0.05163
v -0.03560 0.79221 0.05080
v -0.03639 0.78874 0.05034
v -0.03560 0.79221 0.05080
v -0.03582 0.79620 0.05015
v -0.03652 0.79547 0.04970
v -0.03639 0.78874 0.05034
v -0.03652 0.79547 0.04970
v -0.03656 0.79190 0.04907
v -0.03659 0.78593 0.04937
v -0.01195 0.63037 0.06018
v -0.01330 0.62615 0.06116
v -0.00680 0.58864 0.06560
v -0.00523 0.59337 0.06433
v -0.01195 0.63037 0.06018
v -0.00523 0.59337 0.06433
v -0.00394 0.59343 0.06244
v -0.01086 0.63010 0.05860
v -0.01195 0.63037 0.06018
v -0.01086 0.63010 0.05860
v -0.01785 0.67378 0.05508
v -0.01785 0.66860 0.05730
v -0.01195 0.63037 0.06018
v -0.01785 0.66860 0.05730
v -0.02032 0.67015 0.05764
v -0.01330 0.62615 0.06116
v -0.01302 0.61240 0.05778
v -0.01155 0.61683 0.05666
v -0.00465 0.57959 0.06045
v -0.00632 0.57465 0.06184
v -0.01302 0.61240 0.05778
v -0.00632 0.57465 0.06184
v -0.00772 0.57440 0.06384
v -0.01423 0.61247 0.05950
v -0.01302 0.61240 0.05778
v -0.01423 0.61247 0.05950
v -0.02089 0.65094 0.05576
v -0.01976 0.65060 0.05412
v -0.01302 0.61240 0.05778
v -0.01976 0.65060 0.05412
v -0.01835 0.65470 0.05308
v -0.01155 0.61683 0.05666
v -0.01419 0.61862 0.06078
v -0.01423 0.61247 0.05950
v -0.00772 0.57440 0.06384
v -0.00776 0.58069 0.06527
v -0.01419 0.61862 0.06078
v -0.00776 0.58069 0.06527
v -0.00680 0.58864 0.06560
v -0.01330 0.62615 0.06116
v -0.01419 0.61862 0.06078
v -0.01330 0.62615 0.06116
v -0.02032 0.67015 0.05764
v -0.02080 0.65709 0.05701
v -0.01419 0.61862 0.06078
v -0.02080 0.65709 0.05701
v -0.02089 0.65094 0.05576
v -0.01423 0.61247 0.05950
v -0.01078 0.62415 0.05718
v -0.01086 0.63010 0.05860
v -0.00394 0.59343 0.06244
v -0.00380 0.58734 0.06090
v -0.01078 0.62415 0.05718
v -0.00380 0.58734 0.06090
v -0.00465 0.57959 0.06045
v -0.01155 0.61683 0.05666
v -0.01078 0.62415 0.05718
v -0.01155 0.61683 0.05666
v -0.01835 0.65470 0.05308
v -0.01759 0.66185 0.05364
v -0.01078 0.62415 0.05718
v -0.01759 0.66185 0.05364
v -0.01785 0.67378 0.05508
v -0.01086 0.63010 0.05860
v -0.03084 0.73365 0.05269
v -0.03100 0.72901 0.05157
v -0.02681 0.69053 0.05301
v -0.02666 0.69620 0.05424
v -0.03084 0.73365 0.05269
v -0.02666 0.69620 0.05424
v -0.02521 0.70161 0.05535
v -0.02998 0.73924 0.05312
v -0.03084 0.73365 0.05269
v -0.02998 0.73924 0.05312
v -0.03393 0.77497 0.05163
v -0.03473 0.77067 0.05120
v -0.03084 0.73365 0.05269
v -0.03473 0.77067 0.05120
v -0.03490 0.76714 0.05018
v -0.03100 0.72901 0.05157
v -0.03004 0.72881 0.05019
v -0.02879 0.73197 0.04938
v -0.02439 0.69396 0.05049
v -0.02576 0.69021 0.05145
v -0.03004 0.72881 0.05019
v -0.02576 0.69021 0.05145
v -0.02681 0.69053 0.05301
v -0.03100 0.72901 0.05157
v -0.03004 0.72881 0.05019
v -0.03100 0.72901 0.05157
v -0.03490 0.76714 0.05018
v -0.03406 0.76708 0.04902
v -0.03004 0.72881 0.05019
v -0.03406 0.76708 0.04902
v -0.03293 0.76958 0.04836
v -0.02879 0.73197 0.04938
v -0.02884 0.74223 0.05243
v -0.02998 0.73924 0.05312
v -0.02521 0.70161 0.05535
v -0.02449 0.71075 0.05426
v -0.02884 0.74223 0.05243
v -0.02449 0.71075 0.05426
v -0.02284 0.70502 0.05290
v -0.02800 0.74187 0.05117
v -0.02884 0.74223 0.05243
v -0.02800 0.74187 0.05117
v -0.03213 0.77714 0.04998
v -0.03288 0.77734 0.05106
v -0.02884 0.74223 0.05243
v -0.03288 0.77734 0.05106
v -0.03393 0.77497 0.05163
v -0.02998 0.73924 0.05312
v -0.02805 0.73739 0.04993
v -0.02800 0.74187 0.05117
v -0.02284 0.70502 0.05290
v -0.02361 0.70052 0.05108
v -0.02805 0.73739 0.04993
v -0.02361 0.70052 0.05108
v -0.02439 0.69396 0.05049
v -0.02879 0.73197 0.04938
v -0.02805 0.73739 0.04993
v -0.02879 0.73197 0.04938
v -0.03293 0.76958 0.04836
v -0.03222 0.77374 0.04888
v -0.02805 0.73739 0.04993
v -0.03222 0.77374 0.04888
v -0.03213 0.77714 0.04998
v -0.02800 0.74187 0.05117
v 0.00010 0.57052 0.06311
v -0.00012 0.57716 0.06497
v 0.00313 0.58098 0.06595
v 0.00250 0.56381 0.06467
v 0.00010 0.57052 0.06311
v 0.00250 0.56381 0.06467
v 0.00162 0.55102 0.06330
v -0.00095 0.56189 0.06276
v 0.00010 0.57052 0.06311
v -0.00095 0.56189 0.06276
v -0.00465 0.57959 0.06045
v -0.00380 0.58734 0.06090
v 0.00010 0.57052 0.06311
v -0.00380 0.58734 0.06090
v -0.00394 0.59343 0.06244
v -0.00012 0.57716 0.06497
v -0.00494 0.56256 0.06918
v -0.00480 0.55577 0.06741
v -0.00455 0.54356 0.07097
v -0.00544 0.55840 0.07322
v -0.00494 0.56256 0.06918
v -0.00544 0.55840 0.07322
v -0.00317 0.56843 0.07384
v -0.00381 0.57134 0.06943
v -0.00494 0.56256 0.06918
v -0.00381 0.57134 0.06943
v -0.00680 0.58864 0.06560
v -0.00776 0.58069 0.06527
v -0.00494 0.56256 0.06918
v -0.00776 0.58069 0.06527
v -0.00772 0.57440 0.06384
v -0.00480 0.55577 0.06741
v -0.00303 0.55626 0.06473
v -0.00095 0.56189 0.06276
v 0.00162 0.55102 0.06330
v -0.00170 0.54537 0.06544
v -0.00303 0.55626 0.06473
v -0.00170 0.54537 0.06544
v -0.00455 0.54356 0.07097
v -0.00480 0.55577 0.06741
v -0.00303 0.55626 0.06473
v -0.00480 0.55577 0.06741
v -0.00772 0.57440 0.06384
v -0.00632 0.57465 0.06184
v -0.00303 0.55626 0.06473
v -0.00632 0.57465 0.06184
v -0.00465 0.57959 0.06045
v -0.00095 0.56189 0.06276
v -0.00181 0.57682 0.06756
v -0.00381 0.57134 0.06943
v -0.00317 0.56843 0.07384
v -0.00037 0.57552 0.06958
v -0.00181 0.57682 0.06756
v -0.00037 0.57552 0.06958
v 0.00313 0.58098 0.06595
v -0.00012 0.57716 0.06497
v -0.00181 0.57682 0.06756
v -0.00012 0.57716 0.06497
v -0.00394 0.59343 0.06244
v -0.00523 0.59337 0.06433
v -0.00181 0.57682 0.06756
v -0.00523 0.59337 0.06433
v -0.00680 0.58864 0.06560
v -0.00381 0.57134 0.06943
v 0.03136 0.68737 0.09512
v 0.03009 0.68582 0.09622
v 0.02809 0.66519 0.09374
v 0.02943 0.66633 0.09247
v 0.03136 0.68737 0.09512
v 0.02943 0.66633 0.09247
v 0.02978 0.66750 0.09064
v 0.03171 0.68817 0.09343
v 0.03136 0.68737 0.09512
v 0.03171 0.68817 0.09343
v 0.03284 0.70399 0.09497
v 0.03250 0.70324 0.09658
v 0.03136 0.68737 0.09512
v 0.03250 0.70324 0.09658
v 0.03126 0.70159 0.09760
v 0.03009 0.68582 0.09622
v 0.02262 0.62993 0.08912
v 0.02454 0.62835 0.08930
v 0.02809 0.66519 0.09374
v 0.02636 0.66481 0.09339
v 0.02262 0.62993 0.08912
v 0.02636 0.66481 0.09339
v 0.02493 0.66884 0.09232
v 0.02129 0.63235 0.08773
v 0.02262 0.62993 0.08912
v 0.02129 0.63235 0.08773
v 0.01623 0.59847 0.08318
v 0.01764 0.59386 0.08453
v 0.02262 0.62993 0.08912
v 0.01764 0.59386 0.08453
v 0.01969 0.59017 0.08451
v 0.02454 0.62835 0.08930
v 0.02498 0.63327 0.08432
v 0.02857 0.66799 0.08931
v 0.02978 0.66750 0.09064
v 0.02636 0.63076 0.08567
v 0.02498 0.63327 0.08432
v 0.02636 0.63076 0.08567
v 0.02165 0.59289 0.08034
v 0.02023 0.59750 0.07904
v 0.02498 0.63327 0.08432
v 0.02023 0.59750 0.07904
v 0.01816 0.60121 0.07912
v 0.02301 0.63496 0.08417
v 0.02498 0.63327 0.08432
v 0.02301 0.63496 0.08417
v 0.02675 0.67163 0.08899
v 0.02857 0.66799 0.08931
v 0.03376 0.78203 0.10224
v 0.03282 0.78482 0.10123
v 0.03118 0.75287 0.09882
v 0.03212 0.75136 0.09991
v 0.03376 0.78203 0.10224
v 0.03212 0.75136 0.09991
v 0.03357 0.75064 0.10016
v 0.03521 0.78005 0.10240
v 0.03376 0.78203 0.10224
v 0.03521 0.78005 0.10240
v 0.03612 0.79837 0.10340
v 0.03538 0.80636 0.10385
v 0.03376 0.78203 0.10224
v 0.03538 0.80636 0.10385
v 0.03434 0.80260 0.10258
v 0.03282 0.78482 0.10123
v 0.03661 0.81561 0.10325
v 0.03737 0.80446 0.10311
v 0.03727 0.80022 0.10152
v 0.03694 0.80889 0.10130
v 0.03661 0.81561 0.10325
v 0.03694 0.80889 0.10130
v 0.03549 0.80445 0.10070
v 0.03495 0.81079 0.10203
v 0.03661 0.81561 0.10325
v 0.03495 0.81079 0.10203
v 0.03434 0.80260 0.10258
v 0.03538 0.80636 0.10385
v 0.03661 0.81561 0.10325
v 0.03538 0.80636 0.10385
v 0.03612 0.79837 0.10340
v 0.03737 0.80446 0.10311
v 0.03583 0.78529 0.09886
v 0.03676 0.78250 0.09986
v 0.03511 0.75301 0.09763
v 0.03417 0.75451 0.09655
v 0.03583 0.78529 0.09886
v 0.03417 0.75451 0.09655
v 0.03272 0.75522 0.09632
v 0.03437 0.78727 0.09871
v 0.03583 0.78529 0.09886
v 0.03437 0.78727 0.09871
v 0.03549 0.80445 0.10070
v 0.03694 0.80889 0.10130
v 0.03583 0.78529 0.09886
v 0.03694 0.80889 0.10130
v 0.03727 0.80022 0.10152
v 0.03676 0.78250 0.09986
v 0.03638 0.78048 0.10132
v 0.03521 0.78005 0.10240
v 0.03357 0.75064 0.10016
v 0.03474 0.75145 0.09911
v 0.03638 0.78048 0.10132
v 0.03474 0.75145 0.09911
v 0.03511 0.75301 0.09763
v 0.03676 0.78250 0.09986
v 0.03638 0.78048 0.10132
v 0.03676 0.78250 0.09986
v 0.03727 0.80022 0.10152
v 0.03737 0.80446 0.10311
v 0.03638 0.78048 0.10132
v 0.03737 0.80446 0.10311
v 0.03612 0.79837 0.10340
v 0.03521 0.78005 0.10240
v 0.03320 0.78684 0.09978
v 0.03437 0.78727 0.09871
v 0.03272 0.75522 0.09632
v 0.03155 0.75441 0.09735
v 0.03320 0.78684 0.09978
v 0.03155 0.75441 0.09735
v 0.03118 0.75287 0.09882
v 0.03282 0.78482 0.10123
v 0.03320 0.78684 0.09978
v 0.03282 0.78482 0.10123
v 0.03434 0.80260 0.10258
v 0.03495 0.81079 0.10203
v 0.03320 0.78684 0.09978
v 0.03495 0.81079 0.10203
v 0.03549 0.80445 0.10070
v 0.03437 0.78727 0.09871
v 0.01183 0.57085 0.08124
v 0.01059 0.57724 0.08006
v 0.00575 0.56488 0.07799
v 0.00662 0.55694 0.07898
v 0.01183 0.57085 0.08124
v 0.00662 0.55694 0.07898
v 0.00840 0.55024 0.07842
v 0.01381 0.56547 0.08096
v 0.01183 0.57085 0.08124
v 0.01381 0.56547 0.08096
v 0.01969 0.59017 0.08451
v 0.01764 0.59386 0.08453
v 0.01183 0.57085 0.08124
v 0.01764 0.59386 0.08453
v 0.01623 0.59847 0.08318
v 0.01059 0.57724 0.08006
v 0.01127 0.58049 0.07778
v 0.01296 0.57993 0.07578
v 0.00874 0.56801 0.07346
v 0.00685 0.56879 0.07567
v 0.01127 0.58049 0.07778
v 0.00685 0.56879 0.07567
v 0.00575 0.56488 0.07799
v 0.01059 0.57724 0.08006
v 0.01127 0.58049 0.07778
v 0.01059 0.57724 0.08006
v 0.01623 0.59847 0.08318
v 0.01662 0.60123 0.08094
v 0.01127 0.58049 0.07778
v 0.01662 0.60123 0.08094
v 0.01816 0.60121 0.07912
v 0.01296 0.57993 0.07578
v 0.01534 0.56526 0.07887
v 0.01381 0.56547 0.08096
v 0.00840 0.55024 0.07842
v 0.01002 0.55004 0.07609
v 0.01534 0.56526 0.07887
v 0.01002 0.55004 0.07609
v 0.01085 0.55453 0.07364
v 0.01586 0.56885 0.07650
v 0.01534 0.56526 0.07887
v 0.01586 0.56885 0.07650
v 0.02165 0.59289 0.08034
v 0.02125 0.59014 0.08264
v 0.01534 0.56526 0.07887
v 0.02125 0.59014 0.08264
v 0.01969 0.59017 0.08451
v 0.01381 0.56547 0.08096
v 0.01478 0.57490 0.07541
v 0.01586 0.56885 0.07650
v 0.01085 0.55453 0.07364
v 0.01025 0.56189 0.07277
v 0.01478 0.57490 0.07541
v 0.01025 0.56189 0.07277
v 0.00874 0.56801 0.07346
v 0.01296 0.57993 0.07578
v 0.01478 0.57490 0.07541
v 0.01296 0.57993 0.07578
v 0.01816 0.60121 0.07912
v 0.02023 0.59750 0.07904
v 0.01478 0.57490 0.07541
v 0.02023 0.59750 0.07904
v 0.02165 0.59289 0.08034
v 0.01586 0.56885 0.07650
v 0.01957 0.70925 0.09114
v 0.02249 0.69748 0.09280
v 0.02371 0.70432 0.09335
v 0.02064 0.71462 0.09163
v 0.01957 0.70925 0.09114
v 0.02064 0.71462 0.09163
v 0.01708 0.73311 0.09039
v 0.01618 0.72920 0.08995
v 0.01957 0.70925 0.09114
v 0.01618 0.72920 0.08995
v 0.01561 0.72604 0.08895
v 0.01894 0.70472 0.08990
v 0.01957 0.70925 0.09114
v 0.01894 0.70472 0.08990
v 0.02180 0.69161 0.09133
v 0.02249 0.69748 0.09280
v 0.02160 0.63433 0.08569
v 0.02301 0.63496 0.08417
v 0.01816 0.60121 0.07912
v 0.01662 0.60123 0.08094
v 0.02160 0.63433 0.08569
v 0.01662 0.60123 0.08094
v 0.01623 0.59847 0.08318
v 0.02129 0.63235 0.08773
v 0.02160 0.63433 0.08569
v 0.02129 0.63235 0.08773
v 0.02493 0.66884 0.09232
v 0.02472 0.66573 0.08966
v 0.02160 0.63433 0.08569
v 0.02472 0.66573 0.08966
v 0.02675 0.67163 0.08899
v 0.02301 0.63496 0.08417
v 0.03017 0.72417 0.09562
v 0.03136 0.72548 0.09463
v 0.02979 0.70060 0.09285
v 0.02878 0.70374 0.09438
v 0.03017 0.72417 0.09562
v 0.02878 0.70374 0.09438
v 0.02804 0.69784 0.09572
v 0.02982 0.72311 0.09713
v 0.03017 0.72417 0.09562
v 0.02982 0.72311 0.09713
v 0.03118 0.75287 0.09882
v 0.03155 0.75441 0.09735
v 0.03017 0.72417 0.09562
v 0.03155 0.75441 0.09735
v 0.03272 0.75522 0.09632
v 0.03136 0.72548 0.09463
v 0.03353 0.72515 0.09772
v 0.03234 0.72384 0.09874
v 0.03126 0.70159 0.09760
v 0.03250 0.70324 0.09658
v 0.03353 0.72515 0.09772
v 0.03250 0.70324 0.09658
v 0.03284 0.70399 0.09497
v 0.03389 0.72622 0.09618
v 0.03353 0.72515 0.09772
v 0.03389 0.72622 0.09618
v 0.03511 0.75301 0.09763
v 0.03474 0.75145 0.09911
v 0.03353 0.72515 0.09772
v 0.03474 0.75145 0.09911
v 0.03357 0.75064 0.10016
v 0.03234 0.72384 0.09874
v 0.03288 0.72625 0.09498
v 0.03389 0.72622 0.09618
v 0.03284 0.70399 0.09497
v 0.03175 0.70304 0.09366
v 0.03288 0.72625 0.09498
v 0.03175 0.70304 0.09366
v 0.02979 0.70060 0.09285
v 0.03136 0.72548 0.09463
v 0.03288 0.72625 0.09498
v 0.03136 0.72548 0.09463
v 0.03272 0.75522 0.09632
v 0.03417 0.75451 0.09655
v 0.03288 0.72625 0.09498
v 0.03417 0.75451 0.09655
v 0.03511 0.75301 0.09763
v 0.03389 0.72622 0.09618
v 0.01218 0.76021 0.08847
v 0.01587 0.72606 0.08779
v 0.01561 0.72604 0.08895
v 0.01199 0.75988 0.08944
v 0.01218 0.76021 0.08847
v 0.01199 0.75988 0.08944
v 0.01016 0.78293 0.09011
v 0.00954 0.79108 0.08968
v 0.01218 0.76021 0.08847
v 0.00954 0.79108 0.08968
v 0.01076 0.78463 0.08910
v 0.01283 0.76219 0.08797
v 0.01218 0.76021 0.08847
v 0.01283 0.76219 0.08797
v 0.01661 0.72839 0.08714
v 0.01587 0.72606 0.08779
v 0.02600 0.62887 0.08774
v 0.02454 0.62835 0.08930
v 0.01969 0.59017 0.08451
v 0.02125 0.59014 0.08264
v 0.02600 0.62887 0.08774
v 0.02125 0.59014 0.08264
v 0.02165 0.59289 0.08034
v 0.02636 0.63076 0.08567
v 0.02600 0.62887 0.08774
v 0.02636 0.63076 0.08567
v 0.02978 0.66750 0.09064
v 0.02943 0.66633 0.09247
v 0.02600 0.62887 0.08774
v 0.02943 0.66633 0.09247
v 0.02809 0.66519 0.09374
v 0.02454 0.62835 0.08930
v 0.02844 0.68426 0.09577
v 0.03009 0.68582 0.09622
v 0.03126 0.70159 0.09760
v 0.02966 0.69983 0.09713
v 0.02844 0.68426 0.09577
v 0.02966 0.69983 0.09713
v 0.02804 0.69784 0.09572
v 0.02660 0.68472 0.09467
v 0.02844 0.68426 0.09577
v 0.02660 0.68472 0.09467
v 0.02493 0.66884 0.09232
v 0.02636 0.66481 0.09339
v 0.02844 0.68426 0.09577
v 0.02636 0.66481 0.09339
v 0.02809 0.66519 0.09374
v 0.03009 0.68582 0.09622
v 0.03057 0.68743 0.09210
v 0.03175 0.70304 0.09366
v 0.03284 0.70399 0.09497
v 0.03171 0.68817 0.09343
v 0.03057 0.68743 0.09210
v 0.03171 0.68817 0.09343
v 0.02978 0.66750 0.09064
v 0.02857 0.66799 0.08931
v 0.03057 0.68743 0.09210
v 0.02857 0.66799 0.08931
v 0.02675 0.67163 0.08899
v 0.02872 0.68805 0.09102
v 0.03057 0.68743 0.09210
v 0.02872 0.68805 0.09102
v 0.02979 0.70060 0.09285
v 0.03175 0.70304 0.09366
v 0.00828 0.55491 0.07048
v 0.00849 0.54582 0.07126
v 0.00743 0.53867 0.06779
v 0.00712 0.55353 0.06841
v 0.00828 0.55491 0.07048
v 0.00712 0.55353 0.06841
v 0.00679 0.57032 0.06866
v 0.00686 0.56231 0.07146
v 0.00828 0.55491 0.07048
v 0.00686 0.56231 0.07146
v 0.00874 0.56801 0.07346
v 0.01025 0.56189 0.07277
v 0.00828 0.55491 0.07048
v 0.01025 0.56189 0.07277
v 0.01085 0.55453 0.07364
v 0.00849 0.54582 0.07126
v 0.00343 0.54816 0.07753
v 0.00309 0.55760 0.07662
v 0.00057 0.55812 0.07658
v 0.00034 0.54536 0.07821
v 0.00343 0.54816 0.07753
v 0.00034 0.54536 0.07821
v 0.00144 0.53103 0.07574
v 0.00498 0.54041 0.07668
v 0.00343 0.54816 0.07753
v 0.00498 0.54041 0.07668
v 0.00840 0.55024 0.07842
v 0.00662 0.55694 0.07898
v 0.00343 0.54816 0.07753
v 0.00662 0.55694 0.07898
v 0.00575 0.56488 0.07799
v 0.00309 0.55760 0.07662
v 0.00468 0.56276 0.07405
v 0.00686 0.56231 0.07146
v 0.00679 0.57032 0.06866
v 0.00400 0.56354 0.07300
v 0.00468 0.56276 0.07405
v 0.00400 0.56354 0.07300
v 0.00057 0.55812 0.07658
v 0.00309 0.55760 0.07662
v 0.00468 0.56276 0.07405
v 0.00309 0.55760 0.07662
v 0.00575 0.56488 0.07799
v 0.00685 0.56879 0.07567
v 0.00468 0.56276 0.07405
v 0.00685 0.56879 0.07567
v 0.00874 0.56801 0.07346
v 0.00686 0.56231 0.07146
v 0.00089 0.58253 0.07331
v -0.00016 0.58610 0.07190
v -0.00317 0.56843 0.07384
v -0.00198 0.56783 0.07625
v 0.00089 0.58253 0.07331
v -0.00198 0.56783 0.07625
v 0.00057 0.55812 0.07658
v 0.00260 0.57682 0.07375
v 0.00089 0.58253 0.07331
v 0.00260 0.57682 0.07375
v 0.00563 0.60100 0.07050
v 0.00405 0.60931 0.06996
v 0.00089 0.58253 0.07331
v 0.00405 0.60931 0.06996
v 0.00289 0.61119 0.06856
v -0.00016 0.58610 0.07190
v -0.02370 0.61190 0.10102
v -0.02177 0.60183 0.09784
v -0.02384 0.60708 0.09627
v -0.02488 0.61786 0.09888
v -0.02370 0.61190 0.10102
v -0.02488 0.61786 0.09888
v -0.02534 0.63152 0.10151
v -0.02384 0.63075 0.10392
v -0.02370 0.61190 0.10102
v -0.02384 0.63075 0.10392
v -0.02367 0.62517 0.10585
v -0.02326 0.60521 0.10282
v -0.02370 0.61190 0.10102
v -0.02326 0.60521 0.10282
v -0.02108 0.59436 0.09940
v -0.02177 0.60183 0.09784
v -0.02014 0.58467 0.09002
v -0.01432 0.57195 0.08375
v -0.01481 0.56177 0.08380
v -0.02081 0.57466 0.09024
v -0.02014 0.58467 0.09002
v -0.02081 0.57466 0.09024
v -0.02688 0.59049 0.09556
v -0.02512 0.59784 0.09430
v -0.02014 0.58467 0.09002
v -0.02512 0.59784 0.09430
v -0.02384 0.60708 0.09627
v -0.01854 0.59115 0.09102
v -0.02014 0.58467 0.09002
v -0.01854 0.59115 0.09102
v -0.01286 0.57874 0.08486
v -0.01432 0.57195 0.08375
v -0.01939 0.56595 0.09248
v -0.01324 0.55325 0.08590
v -0.01125 0.55069 0.08809
v -0.01741 0.56307 0.09471
v -0.01939 0.56595 0.09248
v -0.01741 0.56307 0.09471
v -0.02251 0.57698 0.10062
v -0.02448 0.58019 0.09837
v -0.01939 0.56595 0.09248
v -0.02448 0.58019 0.09837
v -0.02688 0.59049 0.09556
v -0.02081 0.57466 0.09024
v -0.01939 0.56595 0.09248
v -0.02081 0.57466 0.09024
v -0.01481 0.56177 0.08380
v -0.01324 0.55325 0.08590
v -0.01719 0.58929 0.09244
v -0.01150 0.57707 0.08626
v -0.01286 0.57874 0.08486
v -0.01854 0.59115 0.09102
v -0.01719 0.58929 0.09244
v -0.01854 0.59115 0.09102
v -0.02384 0.60708 0.09627
v -0.02177 0.60183 0.09784
v -0.01719 0.58929 0.09244
v -0.02177 0.60183 0.09784
v -0.02108 0.59436 0.09940
v -0.01638 0.58159 0.09387
v -0.01719 0.58929 0.09244
v -0.01638 0.58159 0.09387
v -0.01058 0.56945 0.08757
v -0.01150 0.57707 0.08626
v -0.02404 0.73368 0.11776
v -0.02510 0.70480 0.11493
v -0.02393 0.70218 0.11637
v -0.02298 0.73125 0.11906
v -0.02404 0.73368 0.11776
v -0.02298 0.73125 0.11906
v -0.02255 0.74420 0.11958
v -0.02315 0.74998 0.11911
v -0.02404 0.73368 0.11776
v -0.02315 0.74998 0.11911
v -0.02345 0.74838 0.11747
v -0.02436 0.73730 0.11601
v -0.02404 0.73368 0.11776
v -0.02436 0.73730 0.11601
v -0.02549 0.70904 0.11301
v -0.02510 0.70480 0.11493
v -0.02732 0.59432 0.10247
v -0.02448 0.58019 0.09837
v -0.02251 0.57698 0.10062
v -0.02538 0.59075 0.10474
v -0.02732 0.59432 0.10247
v -0.02538 0.59075 0.10474
v -0.02627 0.61423 0.10829
v -0.02806 0.61789 0.10612
v -0.02732 0.59432 0.10247
v -0.02806 0.61789 0.10612
v -0.02975 0.62267 0.10236
v -0.02930 0.60257 0.09909
v -0.02732 0.59432 0.10247
v -0.02930 0.60257 0.09909
v -0.02688 0.59049 0.09556
v -0.02448 0.58019 0.09837
v -0.03348 0.62865 0.09034
v -0.03220 0.61982 0.09319
v -0.03229 0.62790 0.09501
v -0.03349 0.63528 0.09204
v -0.03348 0.62865 0.09034
v -0.03349 0.63528 0.09204
v -0.03525 0.64855 0.08948
v -0.03528 0.64289 0.08787
v -0.03348 0.62865 0.09034
v -0.03528 0.64289 0.08787
v -0.03454 0.63943 0.08634
v -0.03259 0.62456 0.08871
v -0.03348 0.62865 0.09034
v -0.03259 0.62456 0.08871
v -0.03110 0.61472 0.09143
v -0.03220 0.61982 0.09319
v -0.02393 0.59627 0.10446
v -0.02135 0.58389 0.10064
v -0.02108 0.59436 0.09940
v -0.02326 0.60521 0.10282
v -0.02393 0.59627 0.10446
v -0.02326 0.60521 0.10282
v -0.02367 0.62517 0.10585
v -0.02464 0.61816 0.10775
v -0.02393 0.59627 0.10446
v -0.02464 0.61816 0.10775
v -0.02627 0.61423 0.10829
v -0.02538 0.59075 0.10474
v -0.02393 0.59627 0.10446
v -0.02538 0.59075 0.10474
v -0.02251 0.57698 0.10062
v -0.02135 0.58389 0.10064
v -0.00628 0.56796 0.08071
v -0.00198 0.56783 0.07625
v -0.00317 0.56843 0.07384
v -0.00773 0.56941 0.07938
v -0.00628 0.56796 0.08071
v -0.00773 0.56941 0.07938
v -0.01286 0.57874 0.08486
v -0.01150 0.57707 0.08626
v -0.00628 0.56796 0.08071
v -0.01150 0.57707 0.08626
v -0.01058 0.56945 0.08757
v -0.00507 0.56046 0.08180
v -0.00628 0.56796 0.08071
v -0.00507 0.56046 0.08180
v 0.00057 0.55812 0.07658
v -0.00198 0.56783 0.07625
v -0.00728 0.54377 0.07974
v -0.00276 0.53270 0.07385
v 0.00144 0.53103 0.07574
v -0.00515 0.54152 0.08183
v -0.00728 0.54377 0.07974
v -0.00515 0.54152 0.08183
v -0.01125 0.55069 0.08809
v -0.01324 0.55325 0.08590
v -0.00728 0.54377 0.07974
v -0.01324 0.55325 0.08590
v -0.01481 0.56177 0.08380
v -0.00915 0.55207 0.07790
v -0.00728 0.54377 0.07974
v -0.00915 0.55207 0.07790
v -0.00455 0.54356 0.07097
v -0.00276 0.53270 0.07385
v -0.00900 0.56236 0.07811
v -0.00544 0.55840 0.07322
v -0.00455 0.54356 0.07097
v -0.00915 0.55207 0.07790
v -0.00900 0.56236 0.07811
v -0.00915 0.55207 0.07790
v -0.01481 0.56177 0.08380
v -0.01432 0.57195 0.08375
v -0.00900 0.56236 0.07811
v -0.01432 0.57195 0.08375
v -0.01286 0.57874 0.08486
v -0.00773 0.56941 0.07938
v -0.00900 0.56236 0.07811
v -0.00773 0.56941 0.07938
v -0.00317 0.56843 0.07384
v -0.00544 0.55840 0.07322
v -0.00456 0.54937 0.08234
v 0.00034 0.54536 0.07821
v 0.00057 0.55812 0.07658
v -0.00507 0.56046 0.08180
v -0.00456 0.54937 0.08234
v -0.00507 0.56046 0.08180
v -0.01058 0.56945 0.08757
v -0.01043 0.55837 0.08841
v -0.00456 0.54937 0.08234
v -0.01043 0.55837 0.08841
v -0.01125 0.55069 0.08809
v -0.00515 0.54152 0.08183
v -0.00456 0.54937 0.08234
v -0.00515 0.54152 0.08183
v 0.00144 0.53103 0.07574
v 0.00034 0.54536 0.07821
v -0.02187 0.75662 0.11894
v -0.02253 0.75403 0.11714
v -0.02345 0.74838 0.11747
v -0.02315 0.74998 0.11911
v -0.02187 0.75662 0.11894
v -0.02315 0.74998 0.11911
v -0.02255 0.74420 0.11958
v -0.02156 0.74893 0.11969
v -0.02187 0.75662 0.11894
v -0.02156 0.74893 0.11969
v -0.02109 0.74694 0.11834
v -0.02094 0.75297 0.11772
v -0.02187 0.75662 0.11894
v -0.02094 0.75297 0.11772
v -0.02164 0.75042 0.11666
v -0.02253 0.75403 0.11714
v -0.02323 0.73958 0.11514
v -0.02428 0.71202 0.11212
v -0.02549 0.70904 0.11301
v -0.02436 0.73730 0.11601
v -0.02323 0.73958 0.11514
v -0.02436 0.73730 0.11601
v -0.02345 0.74838 0.11747
v -0.02253 0.75403 0.11714
v -0.02323 0.73958 0.11514
v -0.02253 0.75403 0.11714
v -0.02164 0.75042 0.11666
v -0.02177 0.74010 0.11514
v -0.02323 0.73958 0.11514
v -0.02177 0.74010 0.11514
v -0.02269 0.71300 0.11216
v -0.02428 0.71202 0.11212
v -0.02190 0.73255 0.11857
v -0.02275 0.70405 0.11587
v -0.02196 0.70791 0.11443
v -0.02116 0.73561 0.11722
v -0.02190 0.73255 0.11857
v -0.02116 0.73561 0.11722
v -0.02109 0.74694 0.11834
v -0.02156 0.74893 0.11969
v -0.02190 0.73255 0.11857
v -0.02156 0.74893 0.11969
v -0.02255 0.74420 0.11958
v -0.02298 0.73125 0.11906
v -0.02190 0.73255 0.11857
v -0.02298 0.73125 0.11906
v -0.02393 0.70218 0.11637
v -0.02275 0.70405 0.11587
v -0.02109 0.73845 0.11595
v -0.02192 0.71126 0.11306
v -0.02269 0.71300 0.11216
v -0.02177 0.74010 0.11514
v -0.02109 0.73845 0.11595
v -0.02177 0.74010 0.11514
v -0.02164 0.75042 0.11666
v -0.02094 0.75297 0.11772
v -0.02109 0.73845 0.11595
v -0.02094 0.75297 0.11772
v -0.02109 0.74694 0.11834
v -0.02116 0.73561 0.11722
v -0.02109 0.73845 0.11595
v -0.02116 0.73561 0.11722
v -0.02196 0.70791 0.11443
v -0.02192 0.71126 0.11306
v -0.02304 0.66961 0.10849
v -0.02384 0.63075 0.10392
v -0.02534 0.63152 0.10151
v -0.02404 0.67169 0.10735
v -0.02304 0.66961 0.10849
v -0.02404 0.67169 0.10735
v -0.02269 0.71300 0.11216
v -0.02192 0.71126 0.11306
v -0.02304 0.66961 0.10849
v -0.02192 0.71126 0.11306
v -0.02196 0.70791 0.11443
v -0.02301 0.66525 0.11018
v -0.02304 0.66961 0.10849
v -0.02301 0.66525 0.11018
v -0.02367 0.62517 0.10585
v -0.02384 0.63075 0.10392
v -0.02396 0.66001 0.11191
v -0.02464 0.61816 0.10775
v -0.02367 0.62517 0.10585
v -0.02301 0.66525 0.11018
v -0.02396 0.66001 0.11191
v -0.02301 0.66525 0.11018
v -0.02196 0.70791 0.11443
v -0.02275 0.70405 0.11587
v -0.02396 0.66001 0.11191
v -0.02275 0.70405 0.11587
v -0.02393 0.70218 0.11637
v -0.02540 0.65728 0.11248
v -0.02396 0.66001 0.11191
v -0.02540 0.65728 0.11248
v -0.02627 0.61423 0.10829
v -0.02464 0.61816 0.10775
v -0.02597 0.67007 0.10724
v -0.02783 0.63472 0.10212
v -0.02975 0.62267 0.10236
v -0.02741 0.66594 0.10830
v -0.02597 0.67007 0.10724
v -0.02741 0.66594 0.10830
v -0.02549 0.70904 0.11301
v -0.02428 0.71202 0.11212
v -0.02597 0.67007 0.10724
v -0.02428 0.71202 0.11212
v -0.02269 0.71300 0.11216
v -0.02404 0.67169 0.10735
v -0.02597 0.67007 0.10724
v -0.02404 0.67169 0.10735
v -0.02534 0.63152 0.10151
v -0.02783 0.63472 0.10212
v -0.02689 0.66046 0.11066
v -0.02806 0.61789 0.10612
v -0.02627 0.61423 0.10829
v -0.02540 0.65728 0.11248
v -0.02689 0.66046 0.11066
v -0.02540 0.65728 0.11248
v -0.02393 0.70218 0.11637
v -0.02510 0.70480 0.11493
v -0.02689 0.66046 0.11066
v -0.02510 0.70480 0.11493
v -0.02549 0.70904 0.11301
v -0.02741 0.66594 0.10830
v -0.02689 0.66046 0.11066
v -0.02741 0.66594 0.10830
v -0.02975 0.62267 0.10236
v -0.02806 0.61789 0.10612
v -0.03818 0.66783 0.08614
v -0.03528 0.64289 0.08787
v -0.03525 0.64855 0.08948
v -0.03815 0.67324 0.08773
v -0.03818 0.66783 0.08614
v -0.03815 0.67324 0.08773
v -0.03963 0.68960 0.08654
v -0.04038 0.69162 0.08518
v -0.03818 0.66783 0.08614
v -0.04038 0.69162 0.08518
v -0.03918 0.68352 0.08441
v -0.03745 0.66453 0.08465
v -0.03818 0.66783 0.08614
v -0.03745 0.66453 0.08465
v -0.03454 0.63943 0.08634
v -0.03528 0.64289 0.08787
v -0.03135 0.62784 0.08864
v -0.02968 0.61845 0.09130
v -0.03110 0.61472 0.09143
v -0.03259 0.62456 0.08871
v -0.03135 0.62784 0.08864
v -0.03259 0.62456 0.08871
v -0.03454 0.63943 0.08634
v -0.03343 0.64231 0.08631
v -0.03135 0.62784 0.08864
v -0.03343 0.64231 0.08631
v -0.03246 0.64768 0.08715
v -0.03030 0.63406 0.08949
v -0.03135 0.62784 0.08864
v -0.03030 0.63406 0.08949
v -0.02852 0.62585 0.09218
v -0.02968 0.61845 0.09130
v -0.02998 0.63879 0.09065
v -0.02820 0.63174 0.09344
v -0.02852 0.62585 0.09218
v -0.03030 0.63406 0.08949
v -0.02998 0.63879 0.09065
v -0.03030 0.63406 0.08949
v -0.03246 0.64768 0.08715
v -0.03216 0.65167 0.08823
v -0.02998 0.63879 0.09065
v -0.03216 0.65167 0.08823
v -0.03264 0.65348 0.08922
v -0.03053 0.64099 0.09172
v -0.02998 0.63879 0.09065
v -0.03053 0.64099 0.09172
v -0.02888 0.63465 0.09464
v -0.02820 0.63174 0.09344
v -0.03210 0.63961 0.09234
v -0.03071 0.63310 0.09533
v -0.02888 0.63465 0.09464
v -0.03053 0.64099 0.09172
v -0.03210 0.63961 0.09234
v -0.03053 0.64099 0.09172
v -0.03264 0.65348 0.08922
v -0.03402 0.65225 0.08979
v -0.03210 0.63961 0.09234
v -0.03402 0.65225 0.08979
v -0.03525 0.64855 0.08948
v -0.03349 0.63528 0.09204
v -0.03210 0.63961 0.09234
v -0.03349 0.63528 0.09204
v -0.03229 0.62790 0.09501
v -0.03071 0.63310 0.09533
v -0.04006 0.70242 0.08498
v -0.03898 0.69113 0.08403
v -0.03918 0.68352 0.08441
v -0.04038 0.69162 0.08518
v -0.04006 0.70242 0.08498
v -0.04038 0.69162 0.08518
v -0.03963 0.68960 0.08654
v -0.03944 0.69852 0.08660
v -0.04006 0.70242 0.08498
v -0.03944 0.69852 0.08660
v -0.03780 0.69365 0.08652
v -0.03804 0.69803 0.08546
v -0.04006 0.70242 0.08498
v -0.03804 0.69803 0.08546
v -0.03758 0.68891 0.08485
v -0.03898 0.69113 0.08403
v -0.03695 0.67684 0.08804
v -0.03402 0.65225 0.08979
v -0.03264 0.65348 0.08922
v -0.03560 0.67805 0.08749
v -0.03695 0.67684 0.08804
v -0.03560 0.67805 0.08749
v -0.03780 0.69365 0.08652
v -0.03944 0.69852 0.08660
v -0.03695 0.67684 0.08804
v -0.03944 0.69852 0.08660
v -0.03963 0.68960 0.08654
v -0.03815 0.67324 0.08773
v -0.03695 0.67684 0.08804
v -0.03815 0.67324 0.08773
v -0.03525 0.64855 0.08948
v -0.03402 0.65225 0.08979
v -0.03513 0.67626 0.08652
v -0.03216 0.65167 0.08823
v -0.03246 0.64768 0.08715
v -0.03543 0.67237 0.08546
v -0.03513 0.67626 0.08652
v -0.03543 0.67237 0.08546
v -0.03758 0.68891 0.08485
v -0.03804 0.69803 0.08546
v -0.03513 0.67626 0.08652
v -0.03804 0.69803 0.08546
v -0.03780 0.69365 0.08652
v -0.03560 0.67805 0.08749
v -0.03513 0.67626 0.08652
v -0.03560 0.67805 0.08749
v -0.03264 0.65348 0.08922
v -0.03216 0.65167 0.08823
v -0.03637 0.66725 0.08463
v -0.03343 0.64231 0.08631
v -0.03454 0.63943 0.08634
v -0.03745 0.66453 0.08465
v -0.03637 0.66725 0.08463
v -0.03745 0.66453 0.08465
v -0.03918 0.68352 0.08441
v -0.03898 0.69113 0.08403
v -0.03637 0.66725 0.08463
v -0.03898 0.69113 0.08403
v -0.03758 0.68891 0.08485
v -0.03543 0.67237 0.08546
v -0.03637 0.66725 0.08463
v -0.03543 0.67237 0.08546
v -0.03246 0.64768 0.08715
v -0.03343 0.64231 0.08631
v -0.02935 0.62694 0.09837
v -0.02783 0.63472 0.10212
v -0.02534 0.63152 0.10151
v -0.02727 0.62850 0.09761
v -0.02935 0.62694 0.09837
v -0.02727 0.62850 0.09761
v -0.02888 0.63465 0.09464
v -0.03071 0.63310 0.09533
v -0.02935 0.62694 0.09837
v -0.03071 0.63310 0.09533
v -0.03229 0.62790 0.09501
v -0.03107 0.62083 0.09802
v -0.02935 0.62694 0.09837
v -0.03107 0.62083 0.09802
v -0.02975 0.62267 0.10236
v -0.02783 0.63472 0.10212
v -0.02644 0.62462 0.09627
v -0.02488 0.61786 0.09888
v -0.02384 0.60708 0.09627
v -0.02671 0.61735 0.09487
v -0.02644 0.62462 0.09627
v -0.02671 0.61735 0.09487
v -0.02852 0.62585 0.09218
v -0.02820 0.63174 0.09344
v -0.02644 0.62462 0.09627
v -0.02820 0.63174 0.09344
v -0.02888 0.63465 0.09464
v -0.02727 0.62850 0.09761
v -0.02644 0.62462 0.09627
v -0.02727 0.62850 0.09761
v -0.02534 0.63152 0.10151
v -0.02488 0.61786 0.09888
v -0.02795 0.60878 0.09396
v -0.02512 0.59784 0.09430
v -0.02688 0.59049 0.09556
v -0.02954 0.60474 0.09414
v -0.02795 0.60878 0.09396
v -0.02954 0.60474 0.09414
v -0.03110 0.61472 0.09143
v -0.02968 0.61845 0.09130
v -0.02795 0.60878 0.09396
v -0.02968 0.61845 0.09130
v -0.02852 0.62585 0.09218
v -0.02671 0.61735 0.09487
v -0.02795 0.60878 0.09396
v -0.02671 0.61735 0.09487
v -0.02384 0.60708 0.09627
v -0.02512 0.59784 0.09430
v -0.03086 0.61110 0.09605
v -0.02930 0.60257 0.09909
v -0.02975 0.62267 0.10236
v -0.03107 0.62083 0.09802
v -0.03086 0.61110 0.09605
v -0.03107 0.62083 0.09802
v -0.03229 0.62790 0.09501
v -0.03220 0.61982 0.09319
v -0.03086 0.61110 0.09605
v -0.03220 0.61982 0.09319
v -0.03110 0.61472 0.09143
v -0.02954 0.60474 0.09414
v -0.03086 0.61110 0.09605
v -0.02954 0.60474 0.09414
v -0.02688 0.59049 0.09556
v -0.02930 0.60257 0.09909
v 0.03082 0.72308 0.09836
v 0.02982 0.72311 0.09713
v 0.02804 0.69784 0.09572
v 0.02966 0.69983 0.09713
v 0.03082 0.72308 0.09836
v 0.02966 0.69983 0.09713
v 0.03126 0.70159 0.09760
v 0.03234 0.72384 0.09874
v 0.03082 0.72308 0.09836
v 0.03234 0.72384 0.09874
v 0.03357 0.75064 0.10016
v 0.03212 0.75136 0.09991
v 0.03082 0.72308 0.09836
v 0.03212 0.75136 0.09991
v 0.03118 0.75287 0.09882
v 0.02982 0.72311 0.09713
v 0.01932 0.70442 0.08840
v 0.02228 0.69095 0.08955
v 0.02180 0.69161 0.09133
v 0.01894 0.70472 0.08990
v 0.01932 0.70442 0.08840
v 0.01894 0.70472 0.08990
v 0.01561 0.72604 0.08895
v 0.01587 0.72606 0.08779
v 0.01932 0.70442 0.08840
v 0.01587 0.72606 0.08779
v 0.01661 0.72839 0.08714
v 0.02025 0.70738 0.08752
v 0.01932 0.70442 0.08840
v 0.02025 0.70738 0.08752
v 0.02339 0.69451 0.08847
v 0.02228 0.69095 0.08955
v 0.02157 0.71750 0.09088
v 0.02482 0.70784 0.09239
v 0.02529 0.70714 0.09072
v 0.02194 0.71711 0.08950
v 0.02157 0.71750 0.09088
v 0.02194 0.71711 0.08950
v 0.01805 0.73521 0.08883
v 0.01781 0.73532 0.08987
v 0.02157 0.71750 0.09088
v 0.01781 0.73532 0.08987
v 0.01708 0.73311 0.09039
v 0.02064 0.71462 0.09163
v 0.02157 0.71750 0.09088
v 0.02064 0.71462 0.09163
v 0.02371 0.70432 0.09335
v 0.02482 0.70784 0.09239
v 0.02131 0.71268 0.08814
v 0.02460 0.70130 0.08914
v 0.02339 0.69451 0.08847
v 0.02025 0.70738 0.08752
v 0.02131 0.71268 0.08814
v 0.02025 0.70738 0.08752
v 0.01661 0.72839 0.08714
v 0.01750 0.73217 0.08770
v 0.02131 0.71268 0.08814
v 0.01750 0.73217 0.08770
v 0.01805 0.73521 0.08883
v 0.02194 0.71711 0.08950
v 0.02131 0.71268 0.08814
v 0.02194 0.71711 0.08950
v 0.02529 0.70714 0.09072
v 0.02460 0.70130 0.08914
v 0.00924 0.80289 0.09068
v 0.01059 0.79416 0.08974
v 0.01076 0.78463 0.08910
v 0.00954 0.79108 0.08968
v 0.00924 0.80289 0.09068
v 0.00954 0.79108 0.08968
v 0.01016 0.78293 0.09011
v 0.00981 0.79193 0.09099
v 0.00924 0.80289 0.09068
v 0.00981 0.79193 0.09099
v 0.01114 0.78621 0.09109
v 0.01086 0.79501 0.09104
v 0.00924 0.80289 0.09068
v 0.01086 0.79501 0.09104
v 0.01173 0.78778 0.09017
v 0.01059 0.79416 0.08974
v 0.01252 0.76207 0.09032
v 0.01618 0.72920 0.08995
v 0.01708 0.73311 0.09039
v 0.01334 0.76498 0.09075
v 0.01252 0.76207 0.09032
v 0.01334 0.76498 0.09075
v 0.01114 0.78621 0.09109
v 0.00981 0.79193 0.09099
v 0.01252 0.76207 0.09032
v 0.00981 0.79193 0.09099
v 0.01016 0.78293 0.09011
v 0.01199 0.75988 0.08944
v 0.01252 0.76207 0.09032
v 0.01199 0.75988 0.08944
v 0.01561 0.72604 0.08895
v 0.01618 0.72920 0.08995
v 0.01363 0.76496 0.08849
v 0.01750 0.73217 0.08770
v 0.01661 0.72839 0.08714
v 0.01283 0.76219 0.08797
v 0.01363 0.76496 0.08849
v 0.01283 0.76219 0.08797
v 0.01076 0.78463 0.08910
v 0.01059 0.79416 0.08974
v 0.01363 0.76496 0.08849
v 0.01059 0.79416 0.08974
v 0.01173 0.78778 0.09017
v 0.01416 0.76701 0.08948
v 0.01363 0.76496 0.08849
v 0.01416 0.76701 0.08948
v 0.01805 0.73521 0.08883
v 0.01750 0.73217 0.08770
v 0.01397 0.76682 0.09035
v 0.01781 0.73532 0.08987
v 0.01805 0.73521 0.08883
v 0.01416 0.76701 0.08948
v 0.01397 0.76682 0.09035
v 0.01416 0.76701 0.08948
v 0.01173 0.78778 0.09017
v 0.01086 0.79501 0.09104
v 0.01397 0.76682 0.09035
v 0.01086 0.79501 0.09104
v 0.01114 0.78621 0.09109
v 0.01334 0.76498 0.09075
v 0.01397 0.76682 0.09035
v 0.01334 0.76498 0.09075
v 0.01708 0.73311 0.09039
v 0.01781 0.73532 0.08987
v 0.02690 0.69289 0.09007
v 0.02872 0.68805 0.09102
v 0.02675 0.67163 0.08899
v 0.02566 0.68514 0.08936
v 0.02690 0.69289 0.09007
v 0.02566 0.68514 0.08936
v 0.02339 0.69451 0.08847
v 0.02460 0.70130 0.08914
v 0.02690 0.69289 0.09007
v 0.02460 0.70130 0.08914
v 0.02529 0.70714 0.09072
v 0.02760 0.69971 0.09171
v 0.02690 0.69289 0.09007
v 0.02760 0.69971 0.09171
v 0.02979 0.70060 0.09285
v 0.02872 0.68805 0.09102
v 0.02711 0.70078 0.09343
v 0.02878 0.70374 0.09438
v 0.02979 0.70060 0.09285
v 0.02760 0.69971 0.09171
v 0.02711 0.70078 0.09343
v 0.02760 0.69971 0.09171
v 0.02529 0.70714 0.09072
v 0.02482 0.70784 0.09239
v 0.02711 0.70078 0.09343
v 0.02482 0.70784 0.09239
v 0.02371 0.70432 0.09335
v 0.02597 0.69698 0.09441
v 0.02711 0.70078 0.09343
v 0.02597 0.69698 0.09441
v 0.02804 0.69784 0.09572
v 0.02878 0.70374 0.09438
v 0.02451 0.68133 0.09046
v 0.02472 0.66573 0.08966
v 0.02493 0.66884 0.09232
v 0.02402 0.68238 0.09230
v 0.02451 0.68133 0.09046
v 0.02402 0.68238 0.09230
v 0.02180 0.69161 0.09133
v 0.02228 0.69095 0.08955
v 0.02451 0.68133 0.09046
v 0.02228 0.69095 0.08955
v 0.02339 0.69451 0.08847
v 0.02566 0.68514 0.08936
v 0.02451 0.68133 0.09046
v 0.02566 0.68514 0.08936
v 0.02675 0.67163 0.08899
v 0.02472 0.66573 0.08966
v 0.02472 0.68922 0.09383
v 0.02660 0.68472 0.09467
v 0.02804 0.69784 0.09572
v 0.02597 0.69698 0.09441
v 0.02472 0.68922 0.09383
v 0.02597 0.69698 0.09441
v 0.02371 0.70432 0.09335
v 0.02249 0.69748 0.09280
v 0.02472 0.68922 0.09383
v 0.02249 0.69748 0.09280
v 0.02180 0.69161 0.09133
v 0.02402 0.68238 0.09230
v 0.02472 0.68922 0.09383
v 0.02402 0.68238 0.09230
v 0.02493 0.66884 0.09232
v 0.02660 0.68472 0.09467
v -0.01573 0.76908 0.06786
v -0.01510 0.73066 0.06512
v -0.01475 0.73234 0.06425
v -0.01542 0.77043 0.06703
v -0.01573 0.76908 0.06786
v -0.01542 0.77043 0.06703
v -0.01653 0.79675 0.06860
v -0.01700 0.80508 0.06978
v -0.01573 0.76908 0.06786
v -0.01700 0.80508 0.06978
v -0.01737 0.79547 0.06950
v -0.01659 0.76866 0.06826
v -0.01573 0.76908 0.06786
v -0.01659 0.76866 0.06826
v -0.01603 0.73043 0.06559
v -0.01510 0.73066 0.06512
v -0.01590 0.71075 0.06264
v -0.01739 0.69993 0.06027
v -0.01685 0.70269 0.05917
v -0.01545 0.71291 0.06166
v -0.01590 0.71075 0.06264
v -0.01545 0.71291 0.06166
v -0.01475 0.73234 0.06425
v -0.01510 0.73066 0.06512
v -0.01590 0.71075 0.06264
v -0.01510 0.73066 0.06512
v -0.01603 0.73043 0.06559
v -0.01695 0.71070 0.06322
v -0.01590 0.71075 0.06264
v -0.01695 0.71070 0.06322
v -0.01860 0.70014 0.06099
v -0.01739 0.69993 0.06027
v -0.01810 0.71355 0.06286
v -0.01989 0.70416 0.06071
v -0.01860 0.70014 0.06099
v -0.01695 0.71070 0.06322
v -0.01810 0.71355 0.06286
v -0.01695 0.71070 0.06322
v -0.01603 0.73043 0.06559
v -0.01706 0.73235 0.06516
v -0.01810 0.71355 0.06286
v -0.01706 0.73235 0.06516
v -0.01769 0.73487 0.06430
v -0.01875 0.71711 0.06199
v -0.01810 0.71355 0.06286
v -0.01875 0.71711 0.06199
v -0.02060 0.70903 0.05983
v -0.01989 0.70416 0.06071
v -0.01614 0.71642 0.06082
v -0.01757 0.70755 0.05830
v -0.01887 0.71156 0.05803
v -0.01732 0.71922 0.06049
v -0.01614 0.71642 0.06082
v -0.01732 0.71922 0.06049
v -0.01651 0.73662 0.06305
v -0.01542 0.73479 0.06343
v -0.01614 0.71642 0.06082
v -0.01542 0.73479 0.06343
v -0.01475 0.73234 0.06425
v -0.01545 0.71291 0.06166
v -0.01614 0.71642 0.06082
v -0.01545 0.71291 0.06166
v -0.01685 0.70269 0.05917
v -0.01757 0.70755 0.05830
v -0.01813 0.81777 0.06981
v -0.01836 0.80522 0.06970
v -0.01737 0.79547 0.06950
v -0.01700 0.80508 0.06978
v -0.01813 0.81777 0.06981
v -0.01700 0.80508 0.06978
v -0.01653 0.79675 0.06860
v -0.01725 0.80692 0.06852
v -0.01813 0.81777 0.06981
v -0.01725 0.80692 0.06852
v -0.01774 0.79845 0.06764
v -0.01861 0.80706 0.06844
v -0.01813 0.81777 0.06981
v -0.01861 0.80706 0.06844
v -0.01856 0.79721 0.06850
v -0.01836 0.80522 0.06970
v -0.01758 0.76983 0.06779
v -0.01706 0.73235 0.06516
v -0.01603 0.73043 0.06559
v -0.01659 0.76866 0.06826
v -0.01758 0.76983 0.06779
v -0.01659 0.76866 0.06826
v -0.01737 0.79547 0.06950
v -0.01836 0.80522 0.06970
v -0.01758 0.76983 0.06779
v -0.01836 0.80522 0.06970
v -0.01856 0.79721 0.06850
v -0.01819 0.77156 0.06692
v -0.01758 0.76983 0.06779
v -0.01819 0.77156 0.06692
v -0.01769 0.73487 0.06430
v -0.01706 0.73235 0.06516
v -0.01607 0.77211 0.06619
v -0.01542 0.73479 0.06343
v -0.01651 0.73662 0.06305
v -0.01709 0.77321 0.06576
v -0.01607 0.77211 0.06619
v -0.01709 0.77321 0.06576
v -0.01774 0.79845 0.06764
v -0.01725 0.80692 0.06852
v -0.01607 0.77211 0.06619
v -0.01725 0.80692 0.06852
v -0.01653 0.79675 0.06860
v -0.01542 0.77043 0.06703
v -0.01607 0.77211 0.06619
v -0.01542 0.77043 0.06703
v -0.01475 0.73234 0.06425
v -0.01542 0.73479 0.06343
v -0.01791 0.77286 0.06613
v -0.01738 0.73647 0.06347
v -0.01769 0.73487 0.06430
v -0.01819 0.77156 0.06692
v -0.01791 0.77286 0.06613
v -0.01819 0.77156 0.06692
v -0.01856 0.79721 0.06850
v -0.01861 0.80706 0.06844
v -0.01791 0.77286 0.06613
v -0.01861 0.80706 0.06844
v -0.01774 0.79845 0.06764
v -0.01709 0.77321 0.06576
v -0.01791 0.77286 0.06613
v -0.01709 0.77321 0.06576
v -0.01651 0.73662 0.06305
v -0.01738 0.73647 0.06347
v -0.01904 0.69870 0.05581
v -0.02028 0.68995 0.05361
v -0.02284 0.70502 0.05290
v -0.02049 0.70420 0.05559
v -0.01904 0.69870 0.05581
v -0.02049 0.70420 0.05559
v -0.01887 0.71156 0.05803
v -0.01757 0.70755 0.05830
v -0.01904 0.69870 0.05581
v -0.01757 0.70755 0.05830
v -0.01685 0.70269 0.05917
v -0.01824 0.69226 0.05671
v -0.01904 0.69870 0.05581
v -0.01824 0.69226 0.05671
v -0.01785 0.67378 0.05508
v -0.02028 0.68995 0.05361
v -0.02165 0.69491 0.05852
v -0.02315 0.68579 0.05660
v -0.02032 0.67015 0.05764
v -0.02021 0.68940 0.05874
v -0.02165 0.69491 0.05852
v -0.02021 0.68940 0.05874
v -0.01860 0.70014 0.06099
v -0.01989 0.70416 0.06071
v -0.02165 0.69491 0.05852
v -0.01989 0.70416 0.06071
v -0.02060 0.70903 0.05983
v -0.02244 0.70136 0.05762
v -0.02165 0.69491 0.05852
v -0.02244 0.70136 0.05762
v -0.02521 0.70161 0.05535
v -0.02315 0.68579 0.05660
v -0.01885 0.68884 0.05791
v -0.01785 0.66860 0.05730
v -0.01785 0.67378 0.05508
v -0.01824 0.69226 0.05671
v -0.01885 0.68884 0.05791
v -0.01824 0.69226 0.05671
v -0.01685 0.70269 0.05917
v -0.01739 0.69993 0.06027
v -0.01885 0.68884 0.05791
v -0.01739 0.69993 0.06027
v -0.01860 0.70014 0.06099
v -0.02021 0.68940 0.05874
v -0.01885 0.68884 0.05791
v -0.02021 0.68940 0.05874
v -0.02032 0.67015 0.05764
v -0.01785 0.66860 0.05730
v -0.02184 0.70477 0.05642
v -0.02449 0.71075 0.05426
v -0.02521 0.70161 0.05535
v -0.02244 0.70136 0.05762
v -0.02184 0.70477 0.05642
v -0.02244 0.70136 0.05762
v -0.02060 0.70903 0.05983
v -0.02007 0.71177 0.05873
v -0.02184 0.70477 0.05642
v -0.02007 0.71177 0.05873
v -0.01887 0.71156 0.05803
v -0.02049 0.70420 0.05559
v -0.02184 0.70477 0.05642
v -0.02049 0.70420 0.05559
v -0.02284 0.70502 0.05290
v -0.02449 0.71075 0.05426
v -0.00099 0.51524 0.06808
v 0.00204 0.51146 0.06837
v 0.00144 0.53103 0.07574
v -0.00276 0.53270 0.07385
v -0.00099 0.51524 0.06808
v -0.00276 0.53270 0.07385
v -0.00455 0.54356 0.07097
v -0.00248 0.52274 0.06600
v -0.00099 0.51524 0.06808
v -0.00248 0.52274 0.06600
v -0.00234 0.49149 0.05818
v -0.00065 0.48336 0.05965
v -0.00099 0.51524 0.06808
v -0.00065 0.48336 0.05965
v 0.00241 0.48049 0.05961
v 0.00204 0.51146 0.06837
v 0.00501 0.51519 0.06606
v 0.00650 0.52266 0.06297
v 0.00743 0.53867 0.06779
v 0.00561 0.53054 0.07108
v 0.00501 0.51519 0.06606
v 0.00561 0.53054 0.07108
v 0.00144 0.53103 0.07574
v 0.00204 0.51146 0.06837
v 0.00501 0.51519 0.06606
v 0.00204 0.51146 0.06837
v 0.00241 0.48049 0.05961
v 0.00508 0.48676 0.05756
v 0.00501 0.51519 0.06606
v 0.00508 0.48676 0.05756
v 0.00626 0.49659 0.05504
v 0.00650 0.52266 0.06297
v -0.00087 0.53014 0.06293
v -0.00248 0.52274 0.06600
v -0.00455 0.54356 0.07097
v -0.00170 0.54537 0.06544
v -0.00087 0.53014 0.06293
v -0.00170 0.54537 0.06544
v 0.00162 0.55102 0.06330
v 0.00220 0.53381 0.06064
v -0.00087 0.53014 0.06293
v 0.00220 0.53381 0.06064
v 0.00203 0.50698 0.05367
v -0.00091 0.50102 0.05569
v -0.00087 0.53014 0.06293
v -0.00091 0.50102 0.05569
v -0.00234 0.49149 0.05818
v -0.00248 0.52274 0.06600
v 0.00512 0.53009 0.06091
v 0.00220 0.53381 0.06064
v 0.00162 0.55102 0.06330
v 0.00511 0.54435 0.06454
v 0.00512 0.53009 0.06091
v 0.00511 0.54435 0.06454
v 0.00743 0.53867 0.06779
v 0.00650 0.52266 0.06297
v 0.00512 0.53009 0.06091
v 0.00650 0.52266 0.06297
v 0.00626 0.49659 0.05504
v 0.00483 0.50442 0.05360
v 0.00512 0.53009 0.06091
v 0.00483 0.50442 0.05360
v 0.00203 0.50698 0.05367
v 0.00220 0.53381 0.06064
v -0.00566 0.33356 0.00521
v -0.00459 0.30727 0.00763
v -0.00380 0.32908 0.01423
v -0.00445 0.35021 0.01212
v -0.00566 0.33356 0.00521
v -0.00445 0.35021 0.01212
v -0.00277 0.37124 0.01089
v -0.00407 0.36024 0.00382
v -0.00566 0.33356 0.00521
v -0.00407 0.36024 0.00382
v -0.00524 0.36383 -0.00782
v -0.00625 0.31929 -0.00198
v -0.00566 0.33356 0.00521
v -0.00625 0.31929 -0.00198
v -0.00604 0.26408 0.00048
v -0.00459 0.30727 0.00763
v -0.00050 0.36947 0.00469
v -0.00407 0.36024 0.00382
v -0.00277 0.37124 0.01089
v 0.00046 0.37809 0.01160
v -0.00050 0.36947 0.00469
v 0.00046 0.37809 0.01160
v 0.00356 0.37090 0.01345
v 0.00315 0.36115 0.00686
v -0.00050 0.36947 0.00469
v 0.00315 0.36115 0.00686
v 0.00390 0.36584 -0.00408
v -0.00102 0.37916 -0.00685
v -0.00050 0.36947 0.00469
v -0.00102 0.37916 -0.00685
v -0.00524 0.36383 -0.00782
v -0.00407 0.36024 0.00382
v -0.00018 0.29924 0.00986
v 0.00415 0.30877 0.01080
v 0.00384 0.32877 0.01692
v -0.00004 0.32190 0.01615
v -0.00018 0.29924 0.00986
v -0.00004 0.32190 0.01615
v -0.00380 0.32908 0.01423
v -0.00459 0.30727 0.00763
v -0.00018 0.29924 0.00986
v -0.00459 0.30727 0.00763
v -0.00604 0.26408 0.00048
v -0.00038 0.25057 0.00476
v -0.00018 0.29924 0.00986
v -0.00038 0.25057 0.00476
v 0.00600 0.26698 0.00466
v 0.00415 0.30877 0.01080
v 0.00498 0.33516 0.00934
v 0.00315 0.36115 0.00686
v 0.00356 0.37090 0.01345
v 0.00486 0.34978 0.01562
v 0.00498 0.33516 0.00934
v 0.00486 0.34978 0.01562
v 0.00384 0.32877 0.01692
v 0.00415 0.30877 0.01080
v 0.00498 0.33516 0.00934
v 0.00415 0.30877 0.01080
v 0.00600 0.26698 0.00466
v 0.00608 0.32211 0.00266
v 0.00498 0.33516 0.00934
v 0.00608 0.32211 0.00266
v 0.00390 0.36584 -0.00408
v 0.00315 0.36115 0.00686
v -0.00048 0.42898 0.04577
v 0.00325 0.42823 0.04592
v 0.00241 0.48049 0.05961
v -0.00065 0.48336 0.05965
v -0.00048 0.42898 0.04577
v -0.00065 0.48336 0.05965
v -0.00234 0.49149 0.05818
v -0.00308 0.43678 0.04435
v -0.00048 0.42898 0.04577
v -0.00308 0.43678 0.04435
v -0.00385 0.38185 0.03007
v -0.00035 0.37468 0.03169
v -0.00048 0.42898 0.04577
v -0.00035 0.37468 0.03169
v 0.00397 0.37657 0.03218
v 0.00325 0.42823 0.04592
v 0.00403 0.45719 0.04068
v 0.00076 0.45743 0.04059
v 0.00203 0.50698 0.05367
v 0.00483 0.50442 0.05360
v 0.00403 0.45719 0.04068
v 0.00483 0.50442 0.05360
v 0.00626 0.49659 0.05504
v 0.00617 0.44990 0.04204
v 0.00403 0.45719 0.04068
v 0.00617 0.44990 0.04204
v 0.00580 0.40433 0.02877
v 0.00291 0.41095 0.02723
v 0.00403 0.45719 0.04068
v 0.00291 0.41095 0.02723
v -0.00079 0.40850 0.02680
v 0.00076 0.45743 0.04059
v -0.00214 0.44844 0.04222
v -0.00308 0.43678 0.04435
v -0.00234 0.49149 0.05818
v -0.00091 0.50102 0.05569
v -0.00214 0.44844 0.04222
v -0.00091 0.50102 0.05569
v 0.00203 0.50698 0.05367
v 0.00076 0.45743 0.04059
v -0.00214 0.44844 0.04222
v 0.00076 0.45743 0.04059
v -0.00079 0.40850 0.02680
v -0.00352 0.39596 0.02810
v -0.00214 0.44844 0.04222
v -0.00352 0.39596 0.02810
v -0.00385 0.38185 0.03007
v -0.00308 0.43678 0.04435
v 0.00315 0.52052 -0.06534
v 0.00305 0.47745 -0.05831
v -0.00084 0.47625 -0.05801
v -0.00147 0.51809 -0.06544
v 0.00315 0.52052 -0.06534
v -0.00147 0.51809 -0.06544
v -0.00270 0.54786 -0.06845
v 0.00325 0.54642 -0.06761
v 0.00315 0.52052 -0.06534
v 0.00325 0.54642 -0.06761
v 0.00999 0.55420 -0.06324
v 0.00686 0.52133 -0.06213
v 0.00315 0.52052 -0.06534
v 0.00686 0.52133 -0.06213
v 0.00603 0.47869 -0.05563
v 0.00305 0.47745 -0.05831
v 0.00552 0.36415 0.02203
v 0.00468 0.38164 0.02000
v 0.00580 0.40433 0.02877
v 0.00608 0.38966 0.03082
v 0.00552 0.36415 0.02203
v 0.00608 0.38966 0.03082
v 0.00397 0.37657 0.03218
v 0.00397 0.34739 0.02328
v 0.00552 0.36415 0.02203
v 0.00397 0.34739 0.02328
v 0.00384 0.32877 0.01692
v 0.00486 0.34978 0.01562
v 0.00552 0.36415 0.02203
v 0.00486 0.34978 0.01562
v 0.00356 0.37090 0.01345
v 0.00468 0.38164 0.02000
v -0.00015 0.34301 0.02262
v 0.00397 0.34739 0.02328
v 0.00397 0.37657 0.03218
v -0.00035 0.37468 0.03169
v -0.00015 0.34301 0.02262
v -0.00035 0.37468 0.03169
v -0.00385 0.38185 0.03007
v -0.00382 0.34994 0.02087
v -0.00015 0.34301 0.02262
v -0.00382 0.34994 0.02087
v -0.00380 0.32908 0.01423
v -0.00004 0.32190 0.01615
v -0.00015 0.34301 0.02262
v -0.00004 0.32190 0.01615
v 0.00384 0.32877 0.01692
v 0.00397 0.34739 0.02328
v 0.00166 0.38825 0.01832
v -0.00182 0.38355 0.01772
v -0.00079 0.40850 0.02680
v 0.00291 0.41095 0.02723
v 0.00166 0.38825 0.01832
v 0.00291 0.41095 0.02723
v 0.00580 0.40433 0.02877
v 0.00468 0.38164 0.02000
v 0.00166 0.38825 0.01832
v 0.00468 0.38164 0.02000
v 0.00356 0.37090 0.01345
v 0.00046 0.37809 0.01160
v 0.00166 0.38825 0.01832
v 0.00046 0.37809 0.01160
v -0.00277 0.37124 0.01089
v -0.00182 0.38355 0.01772
v -0.00401 0.36711 0.01891
v -0.00382 0.34994 0.02087
v -0.00385 0.38185 0.03007
v -0.00352 0.39596 0.02810
v -0.00401 0.36711 0.01891
v -0.00352 0.39596 0.02810
v -0.00079 0.40850 0.02680
v -0.00182 0.38355 0.01772
v -0.00401 0.36711 0.01891
v -0.00182 0.38355 0.01772
v -0.00277 0.37124 0.01089
v -0.00445 0.35021 0.01212
v -0.00401 0.36711 0.01891
v -0.00445 0.35021 0.01212
v -0.00380 0.32908 0.01423
v -0.00382 0.34994 0.02087
vn 0.5952 0.1134 -0.7955
vn 0.5952 0.1134 -0.7955
vn 0.5952 0.1134 -0.7955
vn 0.5952 0.1134 -0.7955
vn -0.0109 0.1261 -0.9920
vn -0.0109 0.1261 -0.9920
vn -0.0109 0.1261 -0.9920
vn -0.0109 0.1261 -0.9920
vn -0.0216 0.0777 -0.9967
vn -0.0216 0.0777 -0.9967
vn -0.0216 0.0777 -0.9967
vn -0.0216 0.0777 -0.9967
vn 0.6055 0.0743 -0.7923
vn 0.6055 0.0743 -0.7923
vn 0.6055 0.0743 -0.7923
vn 0.6055 0.0743 -0.7923
vn -0.8032 0.0949 -0.5882
vn -0.8032 0.0949 -0.5882
vn -0.8032 0.0949 -0.5882
vn -0.8032 0.0949 -0.5882
vn -0.9989 0.0467 -0.0007
vn -0.9989 0.0467 -0.0007
vn -0.9989 0.0467 -0.0007
vn -0.9989 0.0467 -0.0007
vn -0.9986 0.0207 -0.0479
vn -0.9986 0.0207 -0.0479
vn -0.9986 0.0207 -0.0479
vn -0.9986 0.0207 -0.0479
vn -0.8134 0.0588 -0.5787
vn -0.8134 0.0588 -0.5787
vn -0.8134 0.0588 -0.5787
vn -0.8134 0.0588 -0.5787
vn -0.6045 -0.0234 0.7963
vn -0.6045 -0.0234 0.7963
vn -0.6045 -0.0234 0.7963
vn -0.6045 -0.0234 0.7963
vn 0.0101 -0.0361 0.9993
vn 0.0101 -0.0361 0.9993
vn 0.0101 -0.0361 0.9993
vn 0.0101 -0.0361 0.9993
vn 0.0480 -0.1069 0.9931
vn 0.0480 -0.1069 0.9931
vn 0.0480 -0.1069 0.9931
vn 0.0480 -0.1069 0.9931
vn -0.6195 -0.0844 0.7805
vn -0.6195 -0.0844 0.7805
vn -0.6195 -0.0844 0.7805
vn -0.6195 -0.0844 0.7805
vn 0.8049 0.0104 0.5933
vn 0.8049 0.0104 0.5933
vn 0.8049 0.0104 0.5933
vn 0.8049 0.0104 0.5933
vn 0.9983 0.0580 0.0050
vn 0.9983 0.0580 0.0050
vn 0.9983 0.0580 0.0050
vn 0.9983 0.0580 0.0050
vn 0.9985 0.0493 0.0225
vn 0.9985 0.0493 0.0225
vn 0.9985 0.0493 0.0225
vn 0.9985 0.0493 0.0225
vn 0.8628 -0.0032 0.5055
vn 0.8628 -0.0032 0.5055
vn 0.8628 -0.0032 0.5055
vn 0.8628 -0.0032 0.5055
vn 0.0142 -0.9995 0.0281
vn 0.0142 -0.9995 0.0281
vn 0.0142 -0.9995 0.0281
vn 0.0142 -0.9995 0.0281
vn -0.0281 -0.9995 0.0142
vn -0.0281 -0.9995 0.0142
vn -0.0281 -0.9995 0.0142
vn -0.0281 -0.9995 0.0142
vn -0.0142 -0.9995 -0.0281
vn -0.0142 -0.9995 -0.0281
vn -0.0142 -0.9995 -0.0281
vn -0.0142 -0.9995 -0.0281
vn 0.0281 -0.9995 -0.0142
vn 0.0281 -0.9995 -0.0142
vn 0.0281 -0.9995 -0.0142
vn 0.0281 -0.9995 -0.0142
vn 0.1858 0.8508 0.4915
vn 0.1858 0.8508 0.4915
vn 0.1858 0.8508 0.4915
vn 0.1858 0.8508 0.4915
vn 0.0148 0.8107 0.5852
vn 0.0148 0.8107 0.5852
vn 0.0148 0.8107 0.5852
vn 0.0148 0.8107 0.5852
vn -0.5457 0.6835 0.4848
vn -0.5457 0.6835 0.4848
vn -0.5457 0.6835 0.4848
vn -0.5457 0.6835 0.4848
vn -0.6209 0.6822 0.3860
vn -0.6209 0.6822 0.3860
vn -0.6209 0.6822 0.3860
vn -0.6209 0.6822 0.3860
vn 0.7094 0.4680 0.5270
vn 0.7094 0.4680 0.5270
vn 0.7094 0.4680 0.5270
vn 0.7094 0.4680 0.5270
vn 0.8839 0.4677 -0.0039
vn 0.8839 0.4677 -0.0039
vn 0.8839 0.4677 -0.0039
vn 0.8839 0.4677 -0.0039
vn 0.9876 0.1570 -0.0036
vn 0.9876 0.1570 -0.0036
vn 0.9876 0.1570 -0.0036
vn 0.9876 0.1570 -0.0036
vn 0.7978 0.1201 0.5908
vn 0.7978 0.1201 0.5908
vn 0.7978 0.1201 0.5908
vn 0.7978 0.1201 0.5908
vn -0.5268 0.4680 0.7096
vn -0.5268 0.4680 0.7096
vn -0.5268 0.4680 0.7096
vn -0.5268 0.4680 0.7096
vn 0.0040 0.4682 0.8836
vn 0.0040 0.4682 0.8836
vn 0.0040 0.4682 0.8836
vn 0.0040 0.4682 0.8836
vn 0.0051 0.0849 0.9964
vn 0.0051 0.0849 0.9964
vn 0.0051 0.0849 0.9964
vn 0.0051 0.0849 0.9964
vn -0.5954 0.0948 0.7978
vn -0.5954 0.0948 0.7978
vn -0.5954 0.0948 0.7978
vn -0.5954 0.0948 0.7978
vn -0.7101 0.4663 -0.5275
vn -0.7101 0.4663 -0.5275
vn -0.7101 0.4663 -0.5275
vn -0.7101 0.4663 -0.5275
vn -0.8845 0.4666 0.0043
vn -0.8845 0.4666 0.0043
vn -0.8845 0.4666 0.0043
vn -0.8845 0.4666 0.0043
vn -0.9890 0.1477 0.0032
vn -0.9890 0.1477 0.0032
vn -0.9890 0.1477 0.0032
vn -0.9890 0.1477 0.0032
vn -0.7894 0.1844 -0.5856
vn -0.7894 0.1844 -0.5856
vn -0.7894 0.1844 -0.5856
vn -0.7894 0.1844 -0.5856
vn 0.5276 0.4665 -0.7100
vn 0.5276 0.4665 -0.7100
vn 0.5276 0.4665 -0.7100
vn 0.5276 0.4665 -0.7100
vn -0.0042 0.4663 -0.8846
vn -0.0042 0.4663 -0.8846
vn -0.0042 0.4663 -0.8846
vn -0.0042 0.4663 -0.8846
vn -0.0059 0.2070 -0.9783
vn -0.0059 0.2070 -0.9783
vn -0.0059 0.2070 -0.9783
vn -0.0059 0.2070 -0.9783
vn 0.5848 0.1977 -0.7867
vn 0.5848 0.1977 -0.7867
vn 0.5848 0.1977 -0.7867
vn 0.5848 0.1977 -0.7867
vn -0.0980 -0.9883 0.1167
vn -0.0980 -0.9883 0.1167
vn -0.0980 -0.9883 0.1167
vn -0.0980 -0.9883 0.1167
vn 0.0097 -0.9883 0.1521
vn 0.0097 -0.9883 0.1521
vn 0.0097 -0.9883 0.1521
vn 0.0097 -0.9883 0.1521
vn -0.0024 0.8590 -0.5120
vn -0.0024 0.8590 -0.5120
vn -0.0024 0.8590 -0.5120
vn -0.0024 0.8590 -0.5120
vn 0.3045 0.8599 -0.4098
vn 0.3045 0.8599 -0.4098
vn 0.3045 0.8599 -0.4098
vn 0.3045 0.8599 -0.4098
vn 0.1167 -0.9883 0.0980
vn 0.1167 -0.9883 0.0980
vn 0.1167 -0.9883 0.0980
vn 0.1167 -0.9883 0.0980
vn 0.1521 -0.9883 -0.0098
vn 0.1521 -0.9883 -0.0098
vn 0.1521 -0.9883 -0.0098
vn 0.1521 -0.9883 -0.0098
vn -0.5098 0.8603 0.0025
vn -0.5098 0.8603 0.0025
vn -0.5098 0.8603 0.0025
vn -0.5098 0.8603 0.0025
vn -0.4108 0.8592 -0.3051
vn -0.4108 0.8592 -0.3051
vn -0.4108 0.8592 -0.3051
vn -0.4108 0.8592 -0.3051
vn 0.0980 -0.9883 -0.1167
vn 0.0980 -0.9883 -0.1167
vn 0.0980 -0.9883 -0.1167
vn 0.0980 -0.9883 -0.1167
vn -0.0098 -0.9883 -0.1521
vn -0.0098 -0.9883 -0.1521
vn -0.0098 -0.9883 -0.1521
vn -0.0098 -0.9883 -0.1521
vn 0.0024 0.8629 0.5054
vn 0.0024 0.8629 0.5054
vn 0.0024 0.8629 0.5054
vn 0.0024 0.8629 0.5054
vn -0.3021 0.8621 0.4069
vn -0.3021 0.8621 0.4069
vn -0.3021 0.8621 0.4069
vn -0.3021 0.8621 0.4069
vn -0.1168 -0.9883 -0.0980
vn -0.1168 -0.9883 -0.0980
vn -0.1168 -0.9883 -0.0980
vn -0.1168 -0.9883 -0.0980
vn -0.1521 -0.9883 0.0097
vn -0.1521 -0.9883 0.0097
vn -0.1521 -0.9883 0.0097
vn -0.1521 -0.9883 0.0097
vn 0.5076 0.8616 -0.0023
vn 0.5076 0.8616 -0.0023
vn 0.5076 0.8616 -0.0023
vn 0.5076 0.8616 -0.0023
vn 0.4060 0.8626 0.3016
vn 0.4060 0.8626 0.3016
vn 0.4060 0.8626 0.3016
vn 0.4060 0.8626 0.3016
vn 0.9958 -0.0920 -0.0014
vn 0.9958 -0.0920 -0.0014
vn 0.9958 -0.0920 -0.0014
vn 0.9958 -0.0920 -0.0014
vn 0.9097 -0.3989 -0.1158
vn 0.9097 -0.3989 -0.1158
vn 0.9097 -0.3989 -0.1158
vn 0.9097 -0.3989 -0.1158
vn 0.7678 -0.4211 0.4829
vn 0.7678 -0.4211 0.4829
vn 0.7678 -0.4211 0.4829
vn 0.7678 -0.4211 0.4829
vn 0.8040 0.2595 0.5349
vn 0.8040 0.2595 0.5349
vn 0.8040 0.2595 0.5349
vn 0.8040 0.2595 0.5349
vn -0.0888 -0.7378 -0.6691
vn -0.0888 -0.7378 -0.6691
vn -0.0888 -0.7378 -0.6691
vn -0.0888 -0.7378 -0.6691
vn -0.0378 -0.7426 -0.6687
vn -0.0378 -0.7426 -0.6687
vn -0.0378 -0.7426 -0.6687
vn -0.0378 -0.7426 -0.6687
vn 0.5869 -0.5951 -0.5490
vn 0.5869 -0.5951 -0.5490
vn 0.5869 -0.5951 -0.5490
vn 0.5869 -0.5951 -0.5490
vn 0.6109 -0.5757 -0.5435
vn 0.6109 -0.5757 -0.5435
vn 0.6109 -0.5757 -0.5435
vn 0.6109 -0.5757 -0.5435
vn 0.9912 0.1237 0.0472
vn 0.9912 0.1237 0.0472
vn 0.9912 0.1237 0.0472
vn 0.9912 0.1237 0.0472
vn 0.9967 0.0706 0.0410
vn 0.9967 0.0706 0.0410
vn 0.9967 0.0706 0.0410
vn 0.9967 0.0706 0.0410
vn 0.7462 0.5282 0.4053
vn 0.7462 0.5282 0.4053
vn 0.7462 0.5282 0.4053
vn 0.7462 0.5282 0.4053
vn 0.8465 0.4510 0.2827
vn 0.8465 0.4510 0.2827
vn 0.8465 0.4510 0.2827
vn 0.8465 0.4510 0.2827
vn -0.9963 -0.0415 -0.0757
vn -0.9963 -0.0415 -0.0757
vn -0.9963 -0.0415 -0.0757
vn -0.9963 -0.0415 -0.0757
vn -0.9970 -0.0532 -0.0560
vn -0.9970 -0.0532 -0.0560
vn -0.9970 -0.0532 -0.0560
vn -0.9970 -0.0532 -0.0560
vn -0.7505 -0.5014 -0.4304
vn -0.7505 -0.5014 -0.4304
vn -0.7505 -0.5014 -0.4304
vn -0.7505 -0.5014 -0.4304
vn -0.8094 -0.4327 -0.3971
vn -0.8094 -0.4327 -0.3971
vn -0.8094 -0.4327 -0.3971
vn -0.8094 -0.4327 -0.3971
vn -0.9883 0.0052 -0.1526
vn -0.9883 0.0052 -0.1526
vn -0.9883 0.0052 -0.1526
vn -0.9883 0.0052 -0.1526
vn -0.9804 0.0370 -0.1937
vn -0.9804 0.0370 -0.1937
vn -0.9804 0.0370 -0.1937
vn -0.9804 0.0370 -0.1937
vn -0.8264 -0.1918 -0.5294
vn -0.8264 -0.1918 -0.5294
vn -0.8264 -0.1918 -0.5294
vn -0.8264 -0.1918 -0.5294
vn -0.8434 -0.2271 -0.4870
vn -0.8434 -0.2271 -0.4870
vn -0.8434 -0.2271 -0.4870
vn -0.8434 -0.2271 -0.4870
vn -0.9945 -0.0995 -0.0312
vn -0.9945 -0.0995 -0.0312
vn -0.9945 -0.0995 -0.0312
vn -0.9945 -0.0995 -0.0312
vn -0.9740 -0.2155 -0.0694
vn -0.9740 -0.2155 -0.0694
vn -0.9740 -0.2155 -0.0694
vn -0.9740 -0.2155 -0.0694
vn -0.8022 -0.2940 -0.5196
vn -0.8022 -0.2940 -0.5196
vn -0.8022 -0.2940 -0.5196
vn -0.8022 -0.2940 -0.5196
vn -0.7259 -0.4383 -0.5300
vn -0.7259 -0.4383 -0.5300
vn -0.7259 -0.4383 -0.5300
vn -0.7259 -0.4383 -0.5300
vn -0.0451 0.5634 0.8250
vn -0.0451 0.5634 0.8250
vn -0.0451 0.5634 0.8250
vn -0.0451 0.5634 0.8250
vn -0.1109 -0.1610 0.9807
vn -0.1109 -0.1610 0.9807
vn -0.1109 -0.1610 0.9807
vn -0.1109 -0.1610 0.9807
vn -0.6175 -0.0994 0.7803
vn -0.6175 -0.0994 0.7803
vn -0.6175 -0.0994 0.7803
vn -0.6175 -0.0994 0.7803
vn -0.5945 0.4640 0.6567
vn -0.5945 0.4640 0.6567
vn -0.5945 0.4640 0.6567
vn -0.5945 0.4640 0.6567
vn -0.4508 0.4643 0.7624
vn -0.4508 0.4643 0.7624
vn -0.4508 0.4643 0.7624
vn -0.4508 0.4643 0.7624
vn -0.2813 -0.2503 0.9264
vn -0.2813 -0.2503 0.9264
vn -0.2813 -0.2503 0.9264
vn -0.2813 -0.2503 0.9264
vn -0.2512 -0.3196 0.9136
vn -0.2512 -0.3196 0.9136
vn -0.2512 -0.3196 0.9136
vn -0.2512 -0.3196 0.9136
vn -0.4817 0.3408 0.8073
vn -0.4817 0.3408 0.8073
vn -0.4817 0.3408 0.8073
vn -0.4817 0.3408 0.8073
vn -0.9725 -0.1669 -0.1624
vn -0.9725 -0.1669 -0.1624
vn -0.9725 -0.1669 -0.1624
vn -0.9725 -0.1669 -0.1624
vn -0.9204 -0.3907 -0.0121
vn -0.9204 -0.3907 -0.0121
vn -0.9204 -0.3907 -0.0121
vn -0.9204 -0.3907 -0.0121
vn -0.7184 -0.2795 -0.6370
vn -0.7184 -0.2795 -0.6370
vn -0.7184 -0.2795 -0.6370
vn -0.7184 -0.2795 -0.6370
vn -0.8997 -0.1681 -0.4027
vn -0.8997 -0.1681 -0.4027
vn -0.8997 -0.1681 -0.4027
vn -0.8997 -0.1681 -0.4027
vn -0.0903 -0.5756 0.8128
vn -0.0903 -0.5756 0.8128
vn -0.0903 -0.5756 0.8128
vn -0.0903 -0.5756 0.8128
vn -0.0121 -0.8550 0.5184
vn -0.0121 -0.8550 0.5184
vn -0.0121 -0.8550 0.5184
vn -0.0121 -0.8550 0.5184
vn -0.3235 -0.8812 0.3448
vn -0.3235 -0.8812 0.3448
vn -0.3235 -0.8812 0.3448
vn -0.3235 -0.8812 0.3448
vn -0.5142 -0.5583 0.6511
vn -0.5142 -0.5583 0.6511
vn -0.5142 -0.5583 0.6511
vn -0.5142 -0.5583 0.6511
vn 0.6069 0.7290 0.3166
vn 0.6069 0.7290 0.3166
vn 0.6069 0.7290 0.3166
vn 0.6069 0.7290 0.3166
vn 0.7616 0.6399 0.1028
vn 0.7616 0.6399 0.1028
vn 0.7616 0.6399 0.1028
vn 0.7616 0.6399 0.1028
vn 0.5446 0.5204 0.6578
vn 0.5446 0.5204 0.6578
vn 0.5446 0.5204 0.6578
vn 0.5446 0.5204 0.6578
vn 0.3966 0.5637 0.7245
vn 0.3966 0.5637 0.7245
vn 0.3966 0.5637 0.7245
vn 0.3966 0.5637 0.7245
vn -0.3046 0.1549 0.9398
vn -0.3046 0.1549 0.9398
vn -0.3046 0.1549 0.9398
vn -0.3046 0.1549 0.9398
vn -0.2726 0.0602 0.9603
vn -0.2726 0.0602 0.9603
vn -0.2726 0.0602 0.9603
vn -0.2726 0.0602 0.9603
vn -0.4106 -0.0985 0.9065
vn -0.4106 -0.0985 0.9065
vn -0.4106 -0.0985 0.9065
vn -0.4106 -0.0985 0.9065
vn 0.3701 0.2797 -0.8859
vn 0.3701 0.2797 -0.8859
vn 0.3701 0.2797 -0.8859
vn 0.3701 0.2797 -0.8859
vn 0.5046 0.3851 -0.7728
vn 0.5046 0.3851 -0.7728
vn 0.5046 0.3851 -0.7728
vn 0.5046 0.3851 -0.7728
vn 0.4114 0.5329 -0.7394
vn 0.4114 0.5329 -0.7394
vn 0.4114 0.5329 -0.7394
vn 0.4114 0.5329 -0.7394
vn 0.8727 0.4883 -0.0007
vn 0.8727 0.4883 -0.0007
vn 0.8727 0.4883 -0.0007
vn 0.8727 0.4883 -0.0007
vn 0.9792 0.1684 0.1131
vn 0.9792 0.1684 0.1131
vn 0.9792 0.1684 0.1131
vn 0.9792 0.1684 0.1131
vn 0.6388 0.2938 0.7111
vn 0.6388 0.2938 0.7111
vn 0.6388 0.2938 0.7111
vn 0.6388 0.2938 0.7111
vn 0.5745 0.4935 0.6529
vn 0.5745 0.4935 0.6529
vn 0.5745 0.4935 0.6529
vn 0.5745 0.4935 0.6529
vn -0.6388 -0.5377 0.5503
vn -0.6388 -0.5377 0.5503
vn -0.6388 -0.5377 0.5503
vn -0.6388 -0.5377 0.5503
vn -0.2465 -0.0312 0.9686
vn -0.2465 -0.0312 0.9686
vn -0.2465 -0.0312 0.9686
vn -0.2465 -0.0312 0.9686
vn -0.2045 0.0026 0.9789
vn -0.2045 0.0026 0.9789
vn -0.2045 0.0026 0.9789
vn -0.2045 0.0026 0.9789
vn -0.5979 -0.3972 0.6963
vn -0.5979 -0.3972 0.6963
vn -0.5979 -0.3972 0.6963
vn -0.5979 -0.3972 0.6963
vn 0.6123 0.5761 -0.5414
vn 0.6123 0.5761 -0.5414
vn 0.6123 0.5761 -0.5414
vn 0.6123 0.5761 -0.5414
vn 0.2043 0.0072 -0.9789
vn 0.2043 0.0072 -0.9789
vn 0.2043 0.0072 -0.9789
vn 0.2043 0.0072 -0.9789
vn 0.1915 0.0102 -0.9814
vn 0.1915 0.0102 -0.9814
vn 0.1915 0.0102 -0.9814
vn 0.1915 0.0102 -0.9814
vn 0.6076 0.4491 -0.6551
vn 0.6076 0.4491 -0.6551
vn 0.6076 0.4491 -0.6551
vn 0.6076 0.4491 -0.6551
vn 0.3871 -0.2022 -0.8996
vn 0.3871 -0.2022 -0.8996
vn 0.3871 -0.2022 -0.8996
vn 0.3871 -0.2022 -0.8996
vn 0.3225 -0.1376 -0.9365
vn 0.3225 -0.1376 -0.9365
vn 0.3225 -0.1376 -0.9365
vn 0.3225 -0.1376 -0.9365
vn 0.8618 -0.1459 -0.4857
vn 0.8618 -0.1459 -0.4857
vn 0.8618 -0.1459 -0.4857
vn 0.8618 -0.1459 -0.4857
vn 0.8541 -0.2026 -0.4790
vn 0.8541 -0.2026 -0.4790
vn 0.8541 -0.2026 -0.4790
vn 0.8541 -0.2026 -0.4790
vn -0.2643 0.1100 0.9582
vn -0.2643 0.1100 0.9582
vn -0.2643 0.1100 0.9582
vn -0.2643 0.1100 0.9582
vn -0.3461 0.2183 0.9125
vn -0.3461 0.2183 0.9125
vn -0.3461 0.2183 0.9125
vn -0.3461 0.2183 0.9125
vn -0.7887 0.0741 0.6103
vn -0.7887 0.0741 0.6103
vn -0.7887 0.0741 0.6103
vn -0.7887 0.0741 0.6103
vn -0.6473 -0.1944 0.7370
vn -0.6473 -0.1944 0.7370
vn -0.6473 -0.1944 0.7370
vn -0.6473 -0.1944 0.7370
vn 0.2880 -0.0923 -0.9532
vn 0.2880 -0.0923 -0.9532
vn 0.2880 -0.0923 -0.9532
vn 0.2880 -0.0923 -0.9532
vn 0.3724 -0.1913 -0.9082
vn 0.3724 -0.1913 -0.9082
vn 0.3724 -0.1913 -0.9082
vn 0.3724 -0.1913 -0.9082
vn 0.8346 -0.0320 -0.5500
vn 0.8346 -0.0320 -0.5500
vn 0.8346 -0.0320 -0.5500
vn 0.8346 -0.0320 -0.5500
vn 0.6991 0.2272 -0.6780
vn 0.6991 0.2272 -0.6780
vn 0.6991 0.2272 -0.6780
vn 0.6991 0.2272 -0.6780
vn -0.8201 -0.5641 -0.0954
vn -0.8201 -0.5641 -0.0954
vn -0.8201 -0.5641 -0.0954
vn -0.8201 -0.5641 -0.0954
vn -0.9550 -0.1883 -0.2293
vn -0.9550 -0.1883 -0.2293
vn -0.9550 -0.1883 -0.2293
vn -0.9550 -0.1883 -0.2293
vn -0.5792 -0.2831 -0.7644
vn -0.5792 -0.2831 -0.7644
vn -0.5792 -0.2831 -0.7644
vn -0.5792 -0.2831 -0.7644
vn -0.4853 -0.5260 -0.6984
vn -0.4853 -0.5260 -0.6984
vn -0.4853 -0.5260 -0.6984
vn -0.4853 -0.5260 -0.6984
vn -0.9004 0.4278 0.0790
vn -0.9004 0.4278 0.0790
vn -0.9004 0.4278 0.0790
vn -0.9004 0.4278 0.0790
vn 0.0424 0.4928 0.8691
vn 0.0424 0.4928 0.8691
vn 0.0424 0.4928 0.8691
vn 0.0424 0.4928 0.8691
vn 0.9615 0.1259 -0.2444
vn 0.9615 0.1259 -0.2444
vn 0.9615 0.1259 -0.2444
vn 0.9615 0.1259 -0.2444
vn -0.0820 0.1480 -0.9856
vn -0.0820 0.1480 -0.9856
vn -0.0820 0.1480 -0.9856
vn -0.0820 0.1480 -0.9856
vn -0.9461 0.0863 -0.3123
vn -0.9461 0.0863 -0.3123
vn -0.9461 0.0863 -0.3123
vn -0.9461 0.0863 -0.3123
vn -0.9521 0.1618 -0.2594
vn -0.9521 0.1618 -0.2594
vn -0.9521 0.1618 -0.2594
vn -0.9521 0.1618 -0.2594
vn -0.4953 -0.0095 -0.8687
vn -0.4953 -0.0095 -0.8687
vn -0.4953 -0.0095 -0.8687
vn -0.4953 -0.0095 -0.8687
vn -0.5682 -0.0554 -0.8210
vn -0.5682 -0.0554 -0.8210
vn -0.5682 -0.0554 -0.8210
vn -0.5682 -0.0554 -0.8210
vn 0.9691 -0.1000 0.2255
vn 0.9691 -0.1000 0.2255
vn 0.9691 -0.1000 0.2255
vn 0.9691 -0.1000 0.2255
vn 0.9849 -0.0491 0.1659
vn 0.9849 -0.0491 0.1659
vn 0.9849 -0.0491 0.1659
vn 0.9849 -0.0491 0.1659
vn 0.5446 0.1508 0.8250
vn 0.5446 0.1508 0.8250
vn 0.5446 0.1508 0.8250
vn 0.5446 0.1508 0.8250
vn 0.6344 0.0537 0.7711
vn 0.6344 0.0537 0.7711
vn 0.6344 0.0537 0.7711
vn 0.6344 0.0537 0.7711
vn -0.3951 0.2338 0.8884
vn -0.3951 0.2338 0.8884
vn -0.3951 0.2338 0.8884
vn -0.3951 0.2338 0.8884
vn -0.3564 0.2910 0.8879
vn -0.3564 0.2910 0.8879
vn -0.3564 0.2910 0.8879
vn -0.3564 0.2910 0.8879
vn -0.8421 0.2767 0.4628
vn -0.8421 0.2767 0.4628
vn -0.8421 0.2767 0.4628
vn -0.8421 0.2767 0.4628
vn -0.8281 0.2248 0.5136
vn -0.8281 0.2248 0.5136
vn -0.8281 0.2248 0.5136
vn -0.8281 0.2248 0.5136
vn -0.3230 -0.5458 -0.7731
vn -0.3230 -0.5458 -0.7731
vn -0.3230 -0.5458 -0.7731
vn -0.3230 -0.5458 -0.7731
vn -0.5838 -0.7167 -0.3815
vn -0.5838 -0.7167 -0.3815
vn -0.5838 -0.7167 -0.3815
vn -0.5838 -0.7167 -0.3815
vn -0.6938 -0.6948 -0.1894
vn -0.6938 -0.6948 -0.1894
vn -0.6938 -0.6948 -0.1894
vn -0.6938 -0.6948 -0.1894
vn -0.4208 -0.5635 -0.7109
vn -0.4208 -0.5635 -0.7109
vn -0.4208 -0.5635 -0.7109
vn -0.4208 -0.5635 -0.7109
vn -0.2780 -0.5530 -0.7855
vn -0.2780 -0.5530 -0.7855
vn -0.2780 -0.5530 -0.7855
vn -0.2780 -0.5530 -0.7855
vn -0.6315 -0.7587 -0.1600
vn -0.6315 -0.7587 -0.1600
vn -0.6315 -0.7587 -0.1600
vn -0.6315 -0.7587 -0.1600
vn -0.5278 -0.7497 -0.3992
vn -0.5278 -0.7497 -0.3992
vn -0.5278 -0.7497 -0.3992
vn -0.5278 -0.7497 -0.3992
vn -0.2213 -0.5359 -0.8148
vn -0.2213 -0.5359 -0.8148
vn -0.2213 -0.5359 -0.8148
vn -0.2213 -0.5359 -0.8148
vn 0.5402 0.4094 -0.7352
vn 0.5402 0.4094 -0.7352
vn 0.5402 0.4094 -0.7352
vn 0.5402 0.4094 -0.7352
vn 0.3662 0.1118 -0.9238
vn 0.3662 0.1118 -0.9238
vn 0.3662 0.1118 -0.9238
vn 0.3662 0.1118 -0.9238
vn 0.2933 0.0009 -0.9560
vn 0.2933 0.0009 -0.9560
vn 0.2933 0.0009 -0.9560
vn 0.2933 0.0009 -0.9560
vn 0.5924 0.5333 -0.6039
vn 0.5924 0.5333 -0.6039
vn 0.5924 0.5333 -0.6039
vn 0.5924 0.5333 -0.6039
vn -0.5334 -0.2974 0.7918
vn -0.5334 -0.2974 0.7918
vn -0.5334 -0.2974 0.7918
vn -0.5334 -0.2974 0.7918
vn -0.3226 -0.0035 0.9465
vn -0.3226 -0.0035 0.9465
vn -0.3226 -0.0035 0.9465
vn -0.3226 -0.0035 0.9465
vn -0.3232 -0.0383 0.9456
vn -0.3232 -0.0383 0.9456
vn -0.3232 -0.0383 0.9456
vn -0.3232 -0.0383 0.9456
vn -0.6205 -0.5389 0.5697
vn -0.6205 -0.5389 0.5697
vn -0.6205 -0.5389 0.5697
vn -0.6205 -0.5389 0.5697
vn 0.4660 0.8399 0.2783
vn 0.4660 0.8399 0.2783
vn 0.4660 0.8399 0.2783
vn 0.4660 0.8399 0.2783
vn 0.4612 0.8033 0.3768
vn 0.4612 0.8033 0.3768
vn 0.4612 0.8033 0.3768
vn 0.4612 0.8033 0.3768
vn 0.1717 0.5789 0.7971
vn 0.1717 0.5789 0.7971
vn 0.1717 0.5789 0.7971
vn 0.1717 0.5789 0.7971
vn 0.1064 0.5773 0.8095
vn 0.1064 0.5773 0.8095
vn 0.1064 0.5773 0.8095
vn 0.1064 0.5773 0.8095
vn -0.3759 0.2326 0.8970
vn -0.3759 0.2326 0.8970
vn -0.3759 0.2326 0.8970
vn -0.3759 0.2326 0.8970
vn -0.3913 0.2376 0.8891
vn -0.3913 0.2376 0.8891
vn -0.3913 0.2376 0.8891
vn -0.3913 0.2376 0.8891
vn -0.8395 0.2269 0.4938
vn -0.8395 0.2269 0.4938
vn -0.8395 0.2269 0.4938
vn -0.8395 0.2269 0.4938
vn -0.8356 0.1923 0.5146
vn -0.8356 0.1923 0.5146
vn -0.8356 0.1923 0.5146
vn -0.8356 0.1923 0.5146
vn 0.9801 -0.0324 0.1961
vn 0.9801 -0.0324 0.1961
vn 0.9801 -0.0324 0.1961
vn 0.9801 -0.0324 0.1961
vn 0.9711 -0.0918 0.2202
vn 0.9711 -0.0918 0.2202
vn 0.9711 -0.0918 0.2202
vn 0.9711 -0.0918 0.2202
vn 0.6601 0.0546 0.7492
vn 0.6601 0.0546 0.7492
vn 0.6601 0.0546 0.7492
vn 0.6601 0.0546 0.7492
vn 0.6696 0.1076 0.7349
vn 0.6696 0.1076 0.7349
vn 0.6696 0.1076 0.7349
vn 0.6696 0.1076 0.7349
vn -0.9526 0.0326 -0.3023
vn -0.9526 0.0326 -0.3023
vn -0.9526 0.0326 -0.3023
vn -0.9526 0.0326 -0.3023
vn -0.9446 0.0896 -0.3157
vn -0.9446 0.0896 -0.3157
vn -0.9446 0.0896 -0.3157
vn -0.9446 0.0896 -0.3157
vn -0.5997 -0.0431 -0.7990
vn -0.5997 -0.0431 -0.7990
vn -0.5997 -0.0431 -0.7990
vn -0.5997 -0.0431 -0.7990
vn -0.6133 -0.0899 -0.7847
vn -0.6133 -0.0899 -0.7847
vn -0.6133 -0.0899 -0.7847
vn -0.6133 -0.0899 -0.7847
vn 0.3867 -0.1937 -0.9016
vn 0.3867 -0.1937 -0.9016
vn 0.3867 -0.1937 -0.9016
vn 0.3867 -0.1937 -0.9016
vn 0.3883 -0.1974 -0.9002
vn 0.3883 -0.1974 -0.9002
vn 0.3883 -0.1974 -0.9002
vn 0.3883 -0.1974 -0.9002
vn 0.8709 -0.1936 -0.4517
vn 0.8709 -0.1936 -0.4517
vn 0.8709 -0.1936 -0.4517
vn 0.8709 -0.1936 -0.4517
vn 0.8740 -0.1524 -0.4614
vn 0.8740 -0.1524 -0.4614
vn 0.8740 -0.1524 -0.4614
vn 0.8740 -0.1524 -0.4614
vn -0.9880 0.0688 0.1383
vn -0.9880 0.0688 0.1383
vn -0.9880 0.0688 0.1383
vn -0.9880 0.0688 0.1383
vn -0.9758 0.2070 0.0709
vn -0.9758 0.2070 0.0709
vn -0.9758 0.2070 0.0709
vn -0.9758 0.2070 0.0709
vn -0.7689 -0.0744 -0.6350
vn -0.7689 -0.0744 -0.6350
vn -0.7689 -0.0744 -0.6350
vn -0.7689 -0.0744 -0.6350
vn -0.8475 -0.1950 -0.4937
vn -0.8475 -0.1950 -0.4937
vn -0.8475 -0.1950 -0.4937
vn -0.8475 -0.1950 -0.4937
vn 0.9940 -0.0838 0.0702
vn 0.9940 -0.0838 0.0702
vn 0.9940 -0.0838 0.0702
vn 0.9940 -0.0838 0.0702
vn 0.9982 -0.0522 0.0290
vn 0.9982 -0.0522 0.0290
vn 0.9982 -0.0522 0.0290
vn 0.9982 -0.0522 0.0290
vn 0.9116 0.1722 0.3732
vn 0.9116 0.1722 0.3732
vn 0.9116 0.1722 0.3732
vn 0.9116 0.1722 0.3732
vn 0.8935 0.1507 0.4229
vn 0.8935 0.1507 0.4229
vn 0.8935 0.1507 0.4229
vn 0.8935 0.1507 0.4229
vn -0.0326 -0.5933 -0.8043
vn -0.0326 -0.5933 -0.8043
vn -0.0326 -0.5933 -0.8043
vn -0.0326 -0.5933 -0.8043
vn 0.0063 -0.4525 -0.8917
vn 0.0063 -0.4525 -0.8917
vn 0.0063 -0.4525 -0.8917
vn 0.0063 -0.4525 -0.8917
vn 0.5341 -0.4162 -0.7359
vn 0.5341 -0.4162 -0.7359
vn 0.5341 -0.4162 -0.7359
vn 0.5341 -0.4162 -0.7359
vn 0.5361 -0.5535 -0.6374
vn 0.5361 -0.5535 -0.6374
vn 0.5361 -0.5535 -0.6374
vn 0.5361 -0.5535 -0.6374
vn 0.4803 0.7756 -0.4096
vn 0.4803 0.7756 -0.4096
vn 0.4803 0.7756 -0.4096
vn 0.4803 0.7756 -0.4096
vn -0.2390 0.7425 -0.6258
vn -0.2390 0.7425 -0.6258
vn -0.2390 0.7425 -0.6258
vn -0.2390 0.7425 -0.6258
vn -0.1598 0.4052 -0.9002
vn -0.1598 0.4052 -0.9002
vn -0.1598 0.4052 -0.9002
vn -0.1598 0.4052 -0.9002
vn 0.5969 0.4406 -0.6705
vn 0.5969 0.4406 -0.6705
vn 0.5969 0.4406 -0.6705
vn 0.5969 0.4406 -0.6705
vn -0.2624 0.3183 -0.9109
vn -0.2624 0.3183 -0.9109
vn -0.2624 0.3183 -0.9109
vn -0.2624 0.3183 -0.9109
vn -0.5519 0.8144 -0.1794
vn -0.5519 0.8144 -0.1794
vn -0.5519 0.8144 -0.1794
vn -0.5519 0.8144 -0.1794
vn 0.3994 0.9157 -0.0444
vn 0.3994 0.9157 -0.0444
vn 0.3994 0.9157 -0.0444
vn 0.3994 0.9157 -0.0444
vn 0.4908 0.4328 -0.7561
vn 0.4908 0.4328 -0.7561
vn 0.4908 0.4328 -0.7561
vn 0.4908 0.4328 -0.7561
vn 0.0787 0.4156 0.9061
vn 0.0787 0.4156 0.9061
vn 0.0787 0.4156 0.9061
vn 0.0787 0.4156 0.9061
vn 0.1784 0.6498 0.7388
vn 0.1784 0.6498 0.7388
vn 0.1784 0.6498 0.7388
vn 0.1784 0.6498 0.7388
vn -0.5541 0.5104 0.6576
vn -0.5541 0.5104 0.6576
vn -0.5541 0.5104 0.6576
vn -0.5541 0.5104 0.6576
vn -0.5063 0.3488 0.7887
vn -0.5063 0.3488 0.7887
vn -0.5063 0.3488 0.7887
vn -0.5063 0.3488 0.7887
vn -0.0458 -0.3766 -0.9253
vn -0.0458 -0.3766 -0.9253
vn -0.0458 -0.3766 -0.9253
vn -0.0458 -0.3766 -0.9253
vn -0.0958 -0.1935 -0.9764
vn -0.0958 -0.1935 -0.9764
vn -0.0958 -0.1935 -0.9764
vn -0.0958 -0.1935 -0.9764
vn 0.4835 -0.0846 -0.8712
vn 0.4835 -0.0846 -0.8712
vn 0.4835 -0.0846 -0.8712
vn 0.4835 -0.0846 -0.8712
vn 0.4845 -0.3231 -0.8129
vn 0.4845 -0.3231 -0.8129
vn 0.4845 -0.3231 -0.8129
vn 0.4845 -0.3231 -0.8129
vn 0.9946 0.0045 -0.1037
vn 0.9946 0.0045 -0.1037
vn 0.9946 0.0045 -0.1037
vn 0.9946 0.0045 -0.1037
vn 0.8965 0.2276 -0.3802
vn 0.8965 0.2276 -0.3802
vn 0.8965 0.2276 -0.3802
vn 0.8965 0.2276 -0.3802
vn 0.7988 0.5304 0.2839
vn 0.7988 0.5304 0.2839
vn 0.7988 0.5304 0.2839
vn 0.7988 0.5304 0.2839
vn 0.8139 0.2694 0.5148
vn 0.8139 0.2694 0.5148
vn 0.8139 0.2694 0.5148
vn 0.8139 0.2694 0.5148
vn 0.0410 0.6593 0.7507
vn 0.0410 0.6593 0.7507
vn 0.0410 0.6593 0.7507
vn 0.0410 0.6593 0.7507
vn 0.0981 0.5545 0.8264
vn 0.0981 0.5545 0.8264
vn 0.0981 0.5545 0.8264
vn 0.0981 0.5545 0.8264
vn -0.5785 0.5059 0.6399
vn -0.5785 0.5059 0.6399
vn -0.5785 0.5059 0.6399
vn -0.5785 0.5059 0.6399
vn -0.5062 0.6080 0.6116
vn -0.5062 0.6080 0.6116
vn -0.5062 0.6080 0.6116
vn -0.5062 0.6080 0.6116
vn 0.0045 -0.6474 -0.7622
vn 0.0045 -0.6474 -0.7622
vn 0.0045 -0.6474 -0.7622
vn 0.0045 -0.6474 -0.7622
vn -0.0276 -0.6176 -0.7860
vn -0.0276 -0.6176 -0.7860
vn -0.0276 -0.6176 -0.7860
vn -0.0276 -0.6176 -0.7860
vn 0.5207 -0.5763 -0.6300
vn 0.5207 -0.5763 -0.6300
vn 0.5207 -0.5763 -0.6300
vn 0.5207 -0.5763 -0.6300
vn 0.5006 -0.6015 -0.6225
vn 0.5006 -0.6015 -0.6225
vn 0.5006 -0.6015 -0.6225
vn 0.5006 -0.6015 -0.6225
vn 0.9933 -0.1123 -0.0254
vn 0.9933 -0.1123 -0.0254
vn 0.9933 -0.1123 -0.0254
vn 0.9933 -0.1123 -0.0254
vn 0.9943 -0.0975 0.0432
vn 0.9943 -0.0975 0.0432
vn 0.9943 -0.0975 0.0432
vn 0.9943 -0.0975 0.0432
vn 0.8378 0.2554 0.4825
vn 0.8378 0.2554 0.4825
vn 0.8378 0.2554 0.4825
vn 0.8378 0.2554 0.4825
vn 0.7874 0.3705 0.4927
vn 0.7874 0.3705 0.4927
vn 0.7874 0.3705 0.4927
vn 0.7874 0.3705 0.4927
vn -0.9775 0.2083 0.0336
vn -0.9775 0.2083 0.0336
vn -0.9775 0.2083 0.0336
vn -0.9775 0.2083 0.0336
vn -0.9932 0.1053 -0.0499
vn -0.9932 0.1053 -0.0499
vn -0.9932 0.1053 -0.0499
vn -0.9932 0.1053 -0.0499
vn -0.8403 -0.2417 -0.4854
vn -0.8403 -0.2417 -0.4854
vn -0.8403 -0.2417 -0.4854
vn -0.8403 -0.2417 -0.4854
vn -0.8245 -0.2665 -0.4992
vn -0.8245 -0.2665 -0.4992
vn -0.8245 -0.2665 -0.4992
vn -0.8245 -0.2665 -0.4992
vn 0.9994 -0.0320 -0.0165
vn 0.9994 -0.0320 -0.0165
vn 0.9994 -0.0320 -0.0165
vn 0.9994 -0.0320 -0.0165
vn 0.9984 -0.0269 -0.0506
vn 0.9984 -0.0269 -0.0506
vn 0.9984 -0.0269 -0.0506
vn 0.9984 -0.0269 -0.0506
vn 0.7865 0.2443 0.5673
vn 0.7865 0.2443 0.5673
vn 0.7865 0.2443 0.5673
vn 0.7865 0.2443 0.5673
vn 0.8407 0.2199 0.4948
vn 0.8407 0.2199 0.4948
vn 0.8407 0.2199 0.4948
vn 0.8407 0.2199 0.4948
vn 0.0111 -0.3884 -0.9214
vn 0.0111 -0.3884 -0.9214
vn 0.0111 -0.3884 -0.9214
vn 0.0111 -0.3884 -0.9214
vn -0.0123 -0.3738 -0.9274
vn -0.0123 -0.3738 -0.9274
vn -0.0123 -0.3738 -0.9274
vn -0.0123 -0.3738 -0.9274
vn 0.5011 -0.3372 -0.7970
vn 0.5011 -0.3372 -0.7970
vn 0.5011 -0.3372 -0.7970
vn 0.5011 -0.3372 -0.7970
vn 0.5194 -0.3519 -0.7787
vn 0.5194 -0.3519 -0.7787
vn 0.5194 -0.3519 -0.7787
vn 0.5194 -0.3519 -0.7787
vn 0.0846 0.4811 0.8726
vn 0.0846 0.4811 0.8726
vn 0.0846 0.4811 0.8726
vn 0.0846 0.4811 0.8726
vn 0.0520 0.4124 0.9095
vn 0.0520 0.4124 0.9095
vn 0.0520 0.4124 0.9095
vn 0.0520 0.4124 0.9095
vn -0.5267 0.3679 0.7663
vn -0.5267 0.3679 0.7663
vn -0.5267 0.3679 0.7663
vn -0.5267 0.3679 0.7663
vn -0.5756 0.4327 0.6939
vn -0.5756 0.4327 0.6939
vn -0.5756 0.4327 0.6939
vn -0.5756 0.4327 0.6939
vn -0.9966 0.0760 -0.0306
vn -0.9966 0.0760 -0.0306
vn -0.9966 0.0760 -0.0306
vn -0.9966 0.0760 -0.0306
vn -0.9898 0.1006 0.1012
vn -0.9898 0.1006 0.1012
vn -0.9898 0.1006 0.1012
vn -0.9898 0.1006 0.1012
vn -0.8291 -0.1732 -0.5316
vn -0.8291 -0.1732 -0.5316
vn -0.8291 -0.1732 -0.5316
vn -0.8291 -0.1732 -0.5316
vn -0.8218 -0.1756 -0.5421
vn -0.8218 -0.1756 -0.5421
vn -0.8218 -0.1756 -0.5421
vn -0.8218 -0.1756 -0.5421
vn -0.8097 0.2395 -0.5357
vn -0.8097 0.2395 -0.5357
vn -0.8097 0.2395 -0.5357
vn -0.8097 0.2395 -0.5357
vn -0.9545 0.2977 0.0186
vn -0.9545 0.2977 0.0186
vn -0.9545 0.2977 0.0186
vn -0.9545 0.2977 0.0186
vn -0.7955 -0.3310 -0.5076
vn -0.7955 -0.3310 -0.5076
vn -0.7955 -0.3310 -0.5076
vn -0.7955 -0.3310 -0.5076
vn -0.8272 -0.2815 -0.4862
vn -0.8272 -0.2815 -0.4862
vn -0.8272 -0.2815 -0.4862
vn -0.8272 -0.2815 -0.4862
vn 0.8521 0.0550 -0.5205
vn 0.8521 0.0550 -0.5205
vn 0.8521 0.0550 -0.5205
vn 0.8521 0.0550 -0.5205
vn 0.9810 -0.0783 -0.1776
vn 0.9810 -0.0783 -0.1776
vn 0.9810 -0.0783 -0.1776
vn 0.9810 -0.0783 -0.1776
vn 0.7793 0.5585 0.2843
vn 0.7793 0.5585 0.2843
vn 0.7793 0.5585 0.2843
vn 0.7793 0.5585 0.2843
vn 0.5417 0.7911 -0.2841
vn 0.5417 0.7911 -0.2841
vn 0.5417 0.7911 -0.2841
vn 0.5417 0.7911 -0.2841
vn 0.0715 -0.7335 -0.6759
vn 0.0715 -0.7335 -0.6759
vn 0.0715 -0.7335 -0.6759
vn 0.0715 -0.7335 -0.6759
vn 0.0500 -0.7518 -0.6575
vn 0.0500 -0.7518 -0.6575
vn 0.0500 -0.7518 -0.6575
vn 0.0500 -0.7518 -0.6575
vn 0.4804 -0.6827 -0.5505
vn 0.4804 -0.6827 -0.5505
vn 0.4804 -0.6827 -0.5505
vn 0.4804 -0.6827 -0.5505
vn 0.5292 -0.6172 -0.5823
vn 0.5292 -0.6172 -0.5823
vn 0.5292 -0.6172 -0.5823
vn 0.5292 -0.6172 -0.5823
vn 0.1048 0.9933 -0.0479
vn 0.1048 0.9933 -0.0479
vn 0.1048 0.9933 -0.0479
vn 0.1048 0.9933 -0.0479
vn 0.0167 0.8205 0.5714
vn 0.0167 0.8205 0.5714
vn 0.0167 0.8205 0.5714
vn 0.0167 0.8205 0.5714
vn -0.4634 0.7294 0.5032
vn -0.4634 0.7294 0.5032
vn -0.4634 0.7294 0.5032
vn -0.4634 0.7294 0.5032
vn -0.0208 0.9863 -0.1639
vn -0.0208 0.9863 -0.1639
vn -0.0208 0.9863 -0.1639
vn -0.0208 0.9863 -0.1639
vn -0.1404 -0.5105 0.8483
vn -0.1404 -0.5105 0.8483
vn -0.1404 -0.5105 0.8483
vn -0.1404 -0.5105 0.8483
vn -0.1533 -0.3883 0.9087
vn -0.1533 -0.3883 0.9087
vn -0.1533 -0.3883 0.9087
vn -0.1533 -0.3883 0.9087
vn -0.6252 -0.4547 0.6343
vn -0.6252 -0.4547 0.6343
vn -0.6252 -0.4547 0.6343
vn -0.6252 -0.4547 0.6343
vn -0.5912 -0.5407 0.5984
vn -0.5912 -0.5407 0.5984
vn -0.5912 -0.5407 0.5984
vn -0.5912 -0.5407 0.5984
vn 0.6565 -0.1474 0.7398
vn 0.6565 -0.1474 0.7398
vn 0.6565 -0.1474 0.7398
vn 0.6565 -0.1474 0.7398
vn 0.6498 -0.1582 0.7435
vn 0.6498 -0.1582 0.7435
vn 0.6498 -0.1582 0.7435
vn 0.6498 -0.1582 0.7435
vn 0.9077 0.3412 0.2441
vn 0.9077 0.3412 0.2441
vn 0.9077 0.3412 0.2441
vn 0.9077 0.3412 0.2441
vn 0.9343 0.2233 0.2780
vn 0.9343 0.2233 0.2780
vn 0.9343 0.2233 0.2780
vn 0.9343 0.2233 0.2780
vn -0.9540 -0.2011 -0.2222
vn -0.9540 -0.2011 -0.2222
vn -0.9540 -0.2011 -0.2222
vn -0.9540 -0.2011 -0.2222
vn -0.7187 0.1491 -0.6791
vn -0.7187 0.1491 -0.6791
vn -0.7187 0.1491 -0.6791
vn -0.7187 0.1491 -0.6791
vn -0.6461 0.2351 -0.7261
vn -0.6461 0.2351 -0.7261
vn -0.6461 0.2351 -0.7261
vn -0.6461 0.2351 -0.7261
vn -0.9327 -0.2568 -0.2531
vn -0.9327 -0.2568 -0.2531
vn -0.9327 -0.2568 -0.2531
vn -0.9327 -0.2568 -0.2531
vn 0.9510 0.2472 0.1860
vn 0.9510 0.2472 0.1860
vn 0.9510 0.2472 0.1860
vn 0.9510 0.2472 0.1860
vn 0.9291 0.3247 0.1769
vn 0.9291 0.3247 0.1769
vn 0.9291 0.3247 0.1769
vn 0.9291 0.3247 0.1769
vn 0.6040 0.0302 0.7964
vn 0.6040 0.0302 0.7964
vn 0.6040 0.0302 0.7964
vn 0.6040 0.0302 0.7964
vn 0.6698 0.0067 0.7425
vn 0.6698 0.0067 0.7425
vn 0.6698 0.0067 0.7425
vn 0.6698 0.0067 0.7425
vn -0.9244 -0.0043 0.3814
vn -0.9244 -0.0043 0.3814
vn -0.9244 -0.0043 0.3814
vn -0.9244 -0.0043 0.3814
vn 0.1468 0.1320 0.9803
vn 0.1468 0.1320 0.9803
vn 0.1468 0.1320 0.9803
vn 0.1468 0.1320 0.9803
vn 0.7407 0.6708 -0.0376
vn 0.7407 0.6708 -0.0376
vn 0.7407 0.6708 -0.0376
vn 0.7407 0.6708 -0.0376
vn -0.4377 0.5258 -0.7294
vn -0.4377 0.5258 -0.7294
vn -0.4377 0.5258 -0.7294
vn -0.4377 0.5258 -0.7294
vn -0.9484 -0.2520 -0.1926
vn -0.9484 -0.2520 -0.1926
vn -0.9484 -0.2520 -0.1926
vn -0.9484 -0.2520 -0.1926
vn -0.9778 -0.1783 -0.1098
vn -0.9778 -0.1783 -0.1098
vn -0.9778 -0.1783 -0.1098
vn -0.9778 -0.1783 -0.1098
vn -0.6617 0.1168 -0.7406
vn -0.6617 0.1168 -0.7406
vn -0.6617 0.1168 -0.7406
vn -0.6617 0.1168 -0.7406
vn -0.6640 -0.0064 -0.7477
vn -0.6640 -0.0064 -0.7477
vn -0.6640 -0.0064 -0.7477
vn -0.6640 -0.0064 -0.7477
vn -0.1442 -0.3141 0.9384
vn -0.1442 -0.3141 0.9384
vn -0.1442 -0.3141 0.9384
vn -0.1442 -0.3141 0.9384
vn -0.0968 -0.2481 0.9639
vn -0.0968 -0.2481 0.9639
vn -0.0968 -0.2481 0.9639
vn -0.0968 -0.2481 0.9639
vn -0.7171 -0.3317 0.6130
vn -0.7171 -0.3317 0.6130
vn -0.7171 -0.3317 0.6130
vn -0.7171 -0.3317 0.6130
vn -0.6548 -0.3968 0.6433
vn -0.6548 -0.3968 0.6433
vn -0.6548 -0.3968 0.6433
vn -0.6548 -0.3968 0.6433
vn 0.1430 0.2983 -0.9437
vn 0.1430 0.2983 -0.9437
vn 0.1430 0.2983 -0.9437
vn 0.1430 0.2983 -0.9437
vn 0.0488 0.3851 -0.9216
vn 0.0488 0.3851 -0.9216
vn 0.0488 0.3851 -0.9216
vn 0.0488 0.3851 -0.9216
vn 0.6823 0.4691 -0.5607
vn 0.6823 0.4691 -0.5607
vn 0.6823 0.4691 -0.5607
vn 0.6823 0.4691 -0.5607
vn 0.6584 0.3798 -0.6498
vn 0.6584 0.3798 -0.6498
vn 0.6584 0.3798 -0.6498
vn 0.6584 0.3798 -0.6498
vn 0.6866 0.6122 0.3921
vn 0.6866 0.6122 0.3921
vn 0.6866 0.6122 0.3921
vn 0.6866 0.6122 0.3921
vn 0.7944 0.5118 0.3270
vn 0.7944 0.5118 0.3270
vn 0.7944 0.5118 0.3270
vn 0.7944 0.5118 0.3270
vn 0.6355 -0.1977 0.7464
vn 0.6355 -0.1977 0.7464
vn 0.6355 -0.1977 0.7464
vn 0.6355 -0.1977 0.7464
vn 0.6189 -0.2495 0.7448
vn 0.6189 -0.2495 0.7448
vn 0.6189 -0.2495 0.7448
vn 0.6189 -0.2495 0.7448
vn -0.0683 0.8689 -0.4902
vn -0.0683 0.8689 -0.4902
vn -0.0683 0.8689 -0.4902
vn -0.0683 0.8689 -0.4902
vn 0.0167 0.7823 -0.6226
vn 0.0167 0.7823 -0.6226
vn 0.0167 0.7823 -0.6226
vn 0.0167 0.7823 -0.6226
vn 0.3813 0.8584 -0.3433
vn 0.3813 0.8584 -0.3433
vn 0.3813 0.8584 -0.3433
vn 0.3813 0.8584 -0.3433
vn 0.2299 0.9436 -0.2384
vn 0.2299 0.9436 -0.2384
vn 0.2299 0.9436 -0.2384
vn 0.2299 0.9436 -0.2384
vn 0.0171 -0.8856 0.4640
vn 0.0171 -0.8856 0.4640
vn 0.0171 -0.8856 0.4640
vn 0.0171 -0.8856 0.4640
vn -0.0446 -0.7916 0.6094
vn -0.0446 -0.7916 0.6094
vn -0.0446 -0.7916 0.6094
vn -0.0446 -0.7916 0.6094
vn -0.4067 -0.8487 0.3381
vn -0.4067 -0.8487 0.3381
vn -0.4067 -0.8487 0.3381
vn -0.4067 -0.8487 0.3381
vn -0.2809 -0.9341 0.2203
vn -0.2809 -0.9341 0.2203
vn -0.2809 -0.9341 0.2203
vn -0.2809 -0.9341 0.2203
vn -0.7561 -0.5604 -0.3381
vn -0.7561 -0.5604 -0.3381
vn -0.7561 -0.5604 -0.3381
vn -0.7561 -0.5604 -0.3381
vn -0.8333 -0.4548 -0.3144
vn -0.8333 -0.4548 -0.3144
vn -0.8333 -0.4548 -0.3144
vn -0.8333 -0.4548 -0.3144
vn -0.6254 0.2697 -0.7322
vn -0.6254 0.2697 -0.7322
vn -0.6254 0.2697 -0.7322
vn -0.6254 0.2697 -0.7322
vn -0.6180 0.3761 -0.6904
vn -0.6180 0.3761 -0.6904
vn -0.6180 0.3761 -0.6904
vn -0.6180 0.3761 -0.6904
vn 0.7882 0.3198 0.5259
vn 0.7882 0.3198 0.5259
vn 0.7882 0.3198 0.5259
vn 0.7882 0.3198 0.5259
vn 0.9707 -0.0349 0.2379
vn 0.9707 -0.0349 0.2379
vn 0.9707 -0.0349 0.2379
vn 0.9707 -0.0349 0.2379
vn 0.9715 -0.0327 0.2346
vn 0.9715 -0.0327 0.2346
vn 0.9715 -0.0327 0.2346
vn 0.9715 -0.0327 0.2346
vn 0.7639 0.2299 0.6030
vn 0.7639 0.2299 0.6030
vn 0.7639 0.2299 0.6030
vn 0.7639 0.2299 0.6030
vn 0.1099 0.6466 -0.7549
vn 0.1099 0.6466 -0.7549
vn 0.1099 0.6466 -0.7549
vn 0.1099 0.6466 -0.7549
vn 0.1181 0.5331 -0.8378
vn 0.1181 0.5331 -0.8378
vn 0.1181 0.5331 -0.8378
vn 0.1181 0.5331 -0.8378
vn 0.6392 0.5524 -0.5350
vn 0.6392 0.5524 -0.5350
vn 0.6392 0.5524 -0.5350
vn 0.6392 0.5524 -0.5350
vn 0.5610 0.6792 -0.4734
vn 0.5610 0.6792 -0.4734
vn 0.5610 0.6792 -0.4734
vn 0.5610 0.6792 -0.4734
vn 0.1708 0.3212 -0.9315
vn 0.1708 0.3212 -0.9315
vn 0.1708 0.3212 -0.9315
vn 0.1708 0.3212 -0.9315
vn 0.1550 0.2408 -0.9581
vn 0.1550 0.2408 -0.9581
vn 0.1550 0.2408 -0.9581
vn 0.1550 0.2408 -0.9581
vn 0.6629 0.3496 -0.6621
vn 0.6629 0.3496 -0.6621
vn 0.6629 0.3496 -0.6621
vn 0.6629 0.3496 -0.6621
vn 0.6272 0.4273 -0.6512
vn 0.6272 0.4273 -0.6512
vn 0.6272 0.4273 -0.6512
vn 0.6272 0.4273 -0.6512
vn -0.1634 -0.2341 0.9584
vn -0.1634 -0.2341 0.9584
vn -0.1634 -0.2341 0.9584
vn -0.1634 -0.2341 0.9584
vn -0.1653 -0.2335 0.9582
vn -0.1653 -0.2335 0.9582
vn -0.1653 -0.2335 0.9582
vn -0.1653 -0.2335 0.9582
vn -0.6641 -0.3474 0.6620
vn -0.6641 -0.3474 0.6620
vn -0.6641 -0.3474 0.6620
vn -0.6641 -0.3474 0.6620
vn -0.6644 -0.3530 0.6588
vn -0.6644 -0.3530 0.6588
vn -0.6644 -0.3530 0.6588
vn -0.6644 -0.3530 0.6588
vn -0.9430 -0.2887 -0.1653
vn -0.9430 -0.2887 -0.1653
vn -0.9430 -0.2887 -0.1653
vn -0.9430 -0.2887 -0.1653
vn -0.9431 -0.2814 -0.1770
vn -0.9431 -0.2814 -0.1770
vn -0.9431 -0.2814 -0.1770
vn -0.9431 -0.2814 -0.1770
vn -0.6567 -0.0710 -0.7508
vn -0.6567 -0.0710 -0.7508
vn -0.6567 -0.0710 -0.7508
vn -0.6567 -0.0710 -0.7508
vn -0.7192 -0.0828 -0.6899
vn -0.7192 -0.0828 -0.6899
vn -0.7192 -0.0828 -0.6899
vn -0.7192 -0.0828 -0.6899
vn 0.7661 -0.2311 -0.5997
vn 0.7661 -0.2311 -0.5997
vn 0.7661 -0.2311 -0.5997
vn 0.7661 -0.2311 -0.5997
vn 0.1236 -0.2339 -0.9644
vn 0.1236 -0.2339 -0.9644
vn 0.1236 -0.2339 -0.9644
vn 0.1236 -0.2339 -0.9644
vn 0.0462 -0.1173 -0.9920
vn 0.0462 -0.1173 -0.9920
vn 0.0462 -0.1173 -0.9920
vn 0.0462 -0.1173 -0.9920
vn 0.7989 -0.1328 -0.5866
vn 0.7989 -0.1328 -0.5866
vn 0.7989 -0.1328 -0.5866
vn 0.7989 -0.1328 -0.5866
vn -0.1308 -0.6004 0.7889
vn -0.1308 -0.6004 0.7889
vn -0.1308 -0.6004 0.7889
vn -0.1308 -0.6004 0.7889
vn -0.1458 -0.5210 0.8410
vn -0.1458 -0.5210 0.8410
vn -0.1458 -0.5210 0.8410
vn -0.1458 -0.5210 0.8410
vn -0.6123 -0.5453 0.5724
vn -0.6123 -0.5453 0.5724
vn -0.6123 -0.5453 0.5724
vn -0.6123 -0.5453 0.5724
vn -0.5810 -0.6345 0.5097
vn -0.5810 -0.6345 0.5097
vn -0.5810 -0.6345 0.5097
vn -0.5810 -0.6345 0.5097
vn 0.6784 -0.0151 0.7346
vn 0.6784 -0.0151 0.7346
vn 0.6784 -0.0151 0.7346
vn 0.6784 -0.0151 0.7346
vn 0.6588 -0.1401 0.7392
vn 0.6588 -0.1401 0.7392
vn 0.6588 -0.1401 0.7392
vn 0.6588 -0.1401 0.7392
vn 0.9082 0.1150 0.4025
vn 0.9082 0.1150 0.4025
vn 0.9082 0.1150 0.4025
vn 0.9082 0.1150 0.4025
vn 0.8818 0.2315 0.4109
vn 0.8818 0.2315 0.4109
vn 0.8818 0.2315 0.4109
vn 0.8818 0.2315 0.4109
vn -0.9509 -0.2551 -0.1750
vn -0.9509 -0.2551 -0.1750
vn -0.9509 -0.2551 -0.1750
vn -0.9509 -0.2551 -0.1750
vn -0.8188 0.0154 -0.5738
vn -0.8188 0.0154 -0.5738
vn -0.8188 0.0154 -0.5738
vn -0.8188 0.0154 -0.5738
vn -0.8266 0.0082 -0.5628
vn -0.8266 0.0082 -0.5628
vn -0.8266 0.0082 -0.5628
vn -0.8266 0.0082 -0.5628
vn -0.9565 -0.2167 -0.1955
vn -0.9565 -0.2167 -0.1955
vn -0.9565 -0.2167 -0.1955
vn -0.9565 -0.2167 -0.1955
vn -0.9722 -0.1921 0.1339
vn -0.9722 -0.1921 0.1339
vn -0.9722 -0.1921 0.1339
vn -0.9722 -0.1921 0.1339
vn -0.8775 -0.4665 -0.1116
vn -0.8775 -0.4665 -0.1116
vn -0.8775 -0.4665 -0.1116
vn -0.8775 -0.4665 -0.1116
vn -0.6960 0.5070 -0.5085
vn -0.6960 0.5070 -0.5085
vn -0.6960 0.5070 -0.5085
vn -0.6960 0.5070 -0.5085
vn -0.9078 0.2306 0.3503
vn -0.9078 0.2306 0.3503
vn -0.9078 0.2306 0.3503
vn -0.9078 0.2306 0.3503
vn 0.2308 0.7756 0.5875
vn 0.2308 0.7756 0.5875
vn 0.2308 0.7756 0.5875
vn 0.2308 0.7756 0.5875
vn 0.6895 0.6359 0.3467
vn 0.6895 0.6359 0.3467
vn 0.6895 0.6359 0.3467
vn 0.6895 0.6359 0.3467
vn 0.5919 -0.2449 0.7679
vn 0.5919 -0.2449 0.7679
vn 0.5919 -0.2449 0.7679
vn 0.5919 -0.2449 0.7679
vn 0.2601 -0.0659 0.9633
vn 0.2601 -0.0659 0.9633
vn 0.2601 -0.0659 0.9633
vn 0.2601 -0.0659 0.9633
vn -0.2284 0.9013 0.3682
vn -0.2284 0.9013 0.3682
vn -0.2284 0.9013 0.3682
vn -0.2284 0.9013 0.3682
vn -0.0885 0.8962 -0.4347
vn -0.0885 0.8962 -0.4347
vn -0.0885 0.8962 -0.4347
vn -0.0885 0.8962 -0.4347
vn 0.2228 0.9376 -0.2668
vn 0.2228 0.9376 -0.2668
vn 0.2228 0.9376 -0.2668
vn 0.2228 0.9376 -0.2668
vn -0.0260 0.9919 0.1244
vn -0.0260 0.9919 0.1244
vn -0.0260 0.9919 0.1244
vn -0.0260 0.9919 0.1244
vn -0.9922 -0.0051 -0.1246
vn -0.9922 -0.0051 -0.1246
vn -0.9922 -0.0051 -0.1246
vn -0.9922 -0.0051 -0.1246
vn -0.9915 -0.0129 -0.1297
vn -0.9915 -0.0129 -0.1297
vn -0.9915 -0.0129 -0.1297
vn -0.9915 -0.0129 -0.1297
vn -0.8388 -0.2860 -0.4633
vn -0.8388 -0.2860 -0.4633
vn -0.8388 -0.2860 -0.4633
vn -0.8388 -0.2860 -0.4633
vn -0.8298 -0.0205 -0.5576
vn -0.8298 -0.0205 -0.5576
vn -0.8298 -0.0205 -0.5576
vn -0.8298 -0.0205 -0.5576
vn 0.9951 0.0918 0.0370
vn 0.9951 0.0918 0.0370
vn 0.9951 0.0918 0.0370
vn 0.9951 0.0918 0.0370
vn 0.9900 0.1350 0.0410
vn 0.9900 0.1350 0.0410
vn 0.9900 0.1350 0.0410
vn 0.9900 0.1350 0.0410
vn 0.9275 0.2949 0.2297
vn 0.9275 0.2949 0.2297
vn 0.9275 0.2949 0.2297
vn 0.9275 0.2949 0.2297
vn 0.9394 0.0844 0.3322
vn 0.9394 0.0844 0.3322
vn 0.9394 0.0844 0.3322
vn 0.9394 0.0844 0.3322
vn -0.0425 -0.0692 -0.9967
vn -0.0425 -0.0692 -0.9967
vn -0.0425 -0.0692 -0.9967
vn -0.0425 -0.0692 -0.9967
vn -0.0821 -0.5550 -0.8278
vn -0.0821 -0.5550 -0.8278
vn -0.0821 -0.5550 -0.8278
vn -0.0821 -0.5550 -0.8278
vn 0.6409 -0.3996 -0.6554
vn 0.6409 -0.3996 -0.6554
vn 0.6409 -0.3996 -0.6554
vn 0.6409 -0.3996 -0.6554
vn 0.6302 -0.0254 -0.7760
vn 0.6302 -0.0254 -0.7760
vn 0.6302 -0.0254 -0.7760
vn 0.6302 -0.0254 -0.7760
vn 0.9747 -0.1552 0.1610
vn 0.9747 -0.1552 0.1610
vn 0.9747 -0.1552 0.1610
vn 0.9747 -0.1552 0.1610
vn 0.7287 -0.4790 0.4894
vn 0.7287 -0.4790 0.4894
vn 0.7287 -0.4790 0.4894
vn 0.7287 -0.4790 0.4894
vn 0.8044 -0.4203 0.4200
vn 0.8044 -0.4203 0.4200
vn 0.8044 -0.4203 0.4200
vn 0.8044 -0.4203 0.4200
vn 0.9997 -0.0184 0.0170
vn 0.9997 -0.0184 0.0170
vn 0.9997 -0.0184 0.0170
vn 0.9997 -0.0184 0.0170
vn 0.4623 0.8816 0.0949
vn 0.4623 0.8816 0.0949
vn 0.4623 0.8816 0.0949
vn 0.4623 0.8816 0.0949
vn 0.5180 0.8235 0.2312
vn 0.5180 0.8235 0.2312
vn 0.5180 0.8235 0.2312
vn 0.5180 0.8235 0.2312
vn 0.1846 0.6027 0.7763
vn 0.1846 0.6027 0.7763
vn 0.1846 0.6027 0.7763
vn 0.1846 0.6027 0.7763
vn 0.0991 0.6671 0.7384
vn 0.0991 0.6671 0.7384
vn 0.0991 0.6671 0.7384
vn 0.0991 0.6671 0.7384
vn -0.7377 0.6659 0.1110
vn -0.7377 0.6659 0.1110
vn -0.7377 0.6659 0.1110
vn -0.7377 0.6659 0.1110
vn -0.7032 0.5088 0.4966
vn -0.7032 0.5088 0.4966
vn -0.7032 0.5088 0.4966
vn -0.7032 0.5088 0.4966
vn -0.9365 0.1383 0.3222
vn -0.9365 0.1383 0.3222
vn -0.9365 0.1383 0.3222
vn -0.9365 0.1383 0.3222
vn -0.9370 0.3485 -0.0229
vn -0.9370 0.3485 -0.0229
vn -0.9370 0.3485 -0.0229
vn -0.9370 0.3485 -0.0229
vn 0.3834 0.0549 -0.9219
vn 0.3834 0.0549 -0.9219
vn 0.3834 0.0549 -0.9219
vn 0.3834 0.0549 -0.9219
vn 0.0378 0.7385 -0.6731
vn 0.0378 0.7385 -0.6731
vn 0.0378 0.7385 -0.6731
vn 0.0378 0.7385 -0.6731
vn -0.0790 0.6853 -0.7240
vn -0.0790 0.6853 -0.7240
vn -0.0790 0.6853 -0.7240
vn -0.0790 0.6853 -0.7240
vn 0.2748 0.0276 -0.9611
vn 0.2748 0.0276 -0.9611
vn 0.2748 0.0276 -0.9611
vn 0.2748 0.0276 -0.9611
vn 0.2703 -0.9625 -0.0231
vn 0.2703 -0.9625 -0.0231
vn 0.2703 -0.9625 -0.0231
vn 0.2703 -0.9625 -0.0231
vn 0.3950 -0.8503 -0.3478
vn 0.3950 -0.8503 -0.3478
vn 0.3950 -0.8503 -0.3478
vn 0.3950 -0.8503 -0.3478
vn 0.4431 -0.8236 -0.3542
vn 0.4431 -0.8236 -0.3542
vn 0.4431 -0.8236 -0.3542
vn 0.4431 -0.8236 -0.3542
vn 0.3530 -0.9348 -0.0401
vn 0.3530 -0.9348 -0.0401
vn 0.3530 -0.9348 -0.0401
vn 0.3530 -0.9348 -0.0401
vn -0.3405 0.9399 0.0247
vn -0.3405 0.9399 0.0247
vn -0.3405 0.9399 0.0247
vn -0.3405 0.9399 0.0247
vn -0.4640 0.7146 0.5236
vn -0.4640 0.7146 0.5236
vn -0.4640 0.7146 0.5236
vn -0.4640 0.7146 0.5236
vn -0.5234 0.6486 0.5526
vn -0.5234 0.6486 0.5526
vn -0.5234 0.6486 0.5526
vn -0.5234 0.6486 0.5526
vn -0.4520 0.8867 0.0974
vn -0.4520 0.8867 0.0974
vn -0.4520 0.8867 0.0974
vn -0.4520 0.8867 0.0974
vn 0.9643 -0.1306 0.2303
vn 0.9643 -0.1306 0.2303
vn 0.9643 -0.1306 0.2303
vn 0.9643 -0.1306 0.2303
vn 0.9811 0.0276 -0.1913
vn 0.9811 0.0276 -0.1913
vn 0.9811 0.0276 -0.1913
vn 0.9811 0.0276 -0.1913
vn 0.9680 0.1395 -0.2086
vn 0.9680 0.1395 -0.2086
vn 0.9680 0.1395 -0.2086
vn 0.9680 0.1395 -0.2086
vn 0.9503 -0.0442 0.3083
vn 0.9503 -0.0442 0.3083
vn 0.9503 -0.0442 0.3083
vn 0.9503 -0.0442 0.3083
vn 0.5799 -0.8147 0.0013
vn 0.5799 -0.8147 0.0013
vn 0.5799 -0.8147 0.0013
vn 0.5799 -0.8147 0.0013
vn 0.6649 -0.7118 -0.2267
vn 0.6649 -0.7118 -0.2267
vn 0.6649 -0.7118 -0.2267
vn 0.6649 -0.7118 -0.2267
vn 0.9434 -0.3275 -0.0518
vn 0.9434 -0.3275 -0.0518
vn 0.9434 -0.3275 -0.0518
vn 0.9434 -0.3275 -0.0518
vn 0.8932 -0.4231 0.1523
vn 0.8932 -0.4231 0.1523
vn 0.8932 -0.4231 0.1523
vn 0.8932 -0.4231 0.1523
vn 0.9482 -0.2764 -0.1569
vn 0.9482 -0.2764 -0.1569
vn 0.9482 -0.2764 -0.1569
vn 0.9482 -0.2764 -0.1569
vn 0.6962 -0.6120 -0.3753
vn 0.6962 -0.6120 -0.3753
vn 0.6962 -0.6120 -0.3753
vn 0.6962 -0.6120 -0.3753
vn 0.7109 -0.5543 -0.4329
vn 0.7109 -0.5543 -0.4329
vn 0.7109 -0.5543 -0.4329
vn 0.7109 -0.5543 -0.4329
vn 0.9444 -0.3092 -0.1119
vn 0.9444 -0.3092 -0.1119
vn 0.9444 -0.3092 -0.1119
vn 0.9444 -0.3092 -0.1119
vn -0.5963 0.1846 0.7812
vn -0.5963 0.1846 0.7812
vn -0.5963 0.1846 0.7812
vn -0.5963 0.1846 0.7812
vn -0.2299 -0.3799 0.8960
vn -0.2299 -0.3799 0.8960
vn -0.2299 -0.3799 0.8960
vn -0.2299 -0.3799 0.8960
vn -0.1595 -0.3593 0.9195
vn -0.1595 -0.3593 0.9195
vn -0.1595 -0.3593 0.9195
vn -0.1595 -0.3593 0.9195
vn -0.7304 -0.0556 0.6808
vn -0.7304 -0.0556 0.6808
vn -0.7304 -0.0556 0.6808
vn -0.7304 -0.0556 0.6808
vn -0.0965 0.9951 0.0212
vn -0.0965 0.9951 0.0212
vn -0.0965 0.9951 0.0212
vn -0.0965 0.9951 0.0212
vn -0.2934 0.7824 0.5493
vn -0.2934 0.7824 0.5493
vn -0.2934 0.7824 0.5493
vn -0.2934 0.7824 0.5493
vn -0.4453 0.7561 0.4796
vn -0.4453 0.7561 0.4796
vn -0.4453 0.7561 0.4796
vn -0.4453 0.7561 0.4796
vn -0.3122 0.9500 0.0062
vn -0.3122 0.9500 0.0062
vn -0.3122 0.9500 0.0062
vn -0.3122 0.9500 0.0062
vn 0.3711 -0.9149 0.1587
vn 0.3711 -0.9149 0.1587
vn 0.3711 -0.9149 0.1587
vn 0.3711 -0.9149 0.1587
vn 0.5310 -0.8082 -0.2546
vn 0.5310 -0.8082 -0.2546
vn 0.5310 -0.8082 -0.2546
vn 0.5310 -0.8082 -0.2546
vn 0.3814 -0.8772 -0.2916
vn 0.3814 -0.8772 -0.2916
vn 0.3814 -0.8772 -0.2916
vn 0.3814 -0.8772 -0.2916
vn 0.2619 -0.9651 0.0035
vn 0.2619 -0.9651 0.0035
vn 0.2619 -0.9651 0.0035
vn 0.2619 -0.9651 0.0035
vn 0.5254 0.1052 -0.8443
vn 0.5254 0.1052 -0.8443
vn 0.5254 0.1052 -0.8443
vn 0.5254 0.1052 -0.8443
vn 0.2063 0.7794 -0.5917
vn 0.2063 0.7794 -0.5917
vn 0.2063 0.7794 -0.5917
vn 0.2063 0.7794 -0.5917
vn 0.0404 0.7639 -0.6440
vn 0.0404 0.7639 -0.6440
vn 0.0404 0.7639 -0.6440
vn 0.0404 0.7639 -0.6440
vn 0.3979 0.0431 -0.9164
vn 0.3979 0.0431 -0.9164
vn 0.3979 0.0431 -0.9164
vn 0.3979 0.0431 -0.9164
vn -0.3492 0.5845 0.7324
vn -0.3492 0.5845 0.7324
vn -0.3492 0.5845 0.7324
vn -0.3492 0.5845 0.7324
vn -0.2532 -0.0445 0.9664
vn -0.2532 -0.0445 0.9664
vn -0.2532 -0.0445 0.9664
vn -0.2532 -0.0445 0.9664
vn -0.3241 -0.2198 0.9201
vn -0.3241 -0.2198 0.9201
vn -0.3241 -0.2198 0.9201
vn -0.3241 -0.2198 0.9201
vn -0.4583 0.5367 0.7084
vn -0.4583 0.5367 0.7084
vn -0.4583 0.5367 0.7084
vn -0.4583 0.5367 0.7084
vn 0.7752 0.5530 -0.3054
vn 0.7752 0.5530 -0.3054
vn 0.7752 0.5530 -0.3054
vn 0.7752 0.5530 -0.3054
vn -0.4789 0.7945 -0.3734
vn -0.4789 0.7945 -0.3734
vn -0.4789 0.7945 -0.3734
vn -0.4789 0.7945 -0.3734
vn -0.6666 0.2427 0.7048
vn -0.6666 0.2427 0.7048
vn -0.6666 0.2427 0.7048
vn -0.6666 0.2427 0.7048
vn 0.6453 0.2672 0.7157
vn 0.6453 0.2672 0.7157
vn 0.6453 0.2672 0.7157
vn 0.6453 0.2672 0.7157
vn 0.3824 0.3312 -0.8626
vn 0.3824 0.3312 -0.8626
vn 0.3824 0.3312 -0.8626
vn 0.3824 0.3312 -0.8626
vn -0.3202 0.3784 -0.8685
vn -0.3202 0.3784 -0.8685
vn -0.3202 0.3784 -0.8685
vn -0.3202 0.3784 -0.8685
vn -0.3213 0.4701 -0.8221
vn -0.3213 0.4701 -0.8221
vn -0.3213 0.4701 -0.8221
vn -0.3213 0.4701 -0.8221
vn 0.4826 0.4137 -0.7720
vn 0.4826 0.4137 -0.7720
vn 0.4826 0.4137 -0.7720
vn 0.4826 0.4137 -0.7720
vn -0.6947 -0.1965 0.6919
vn -0.6947 -0.1965 0.6919
vn -0.6947 -0.1965 0.6919
vn -0.6947 -0.1965 0.6919
vn -0.1268 -0.3169 0.9400
vn -0.1268 -0.3169 0.9400
vn -0.1268 -0.3169 0.9400
vn -0.1268 -0.3169 0.9400
vn 0.0462 -0.1999 0.9787
vn 0.0462 -0.1999 0.9787
vn 0.0462 -0.1999 0.9787
vn 0.0462 -0.1999 0.9787
vn -0.6741 -0.1336 0.7265
vn -0.6741 -0.1336 0.7265
vn -0.6741 -0.1336 0.7265
vn -0.6741 -0.1336 0.7265
vn -0.9598 0.1658 -0.2266
vn -0.9598 0.1658 -0.2266
vn -0.9598 0.1658 -0.2266
vn -0.9598 0.1658 -0.2266
vn -0.9232 -0.0690 0.3781
vn -0.9232 -0.0690 0.3781
vn -0.9232 -0.0690 0.3781
vn -0.9232 -0.0690 0.3781
vn -0.8965 -0.0136 0.4429
vn -0.8965 -0.0136 0.4429
vn -0.8965 -0.0136 0.4429
vn -0.8965 -0.0136 0.4429
vn -0.9243 0.2911 -0.2469
vn -0.9243 0.2911 -0.2469
vn -0.9243 0.2911 -0.2469
vn -0.9243 0.2911 -0.2469
vn -0.9625 0.2115 -0.1699
vn -0.9625 0.2115 -0.1699
vn -0.9625 0.2115 -0.1699
vn -0.9625 0.2115 -0.1699
vn -0.9453 0.0000 0.3262
vn -0.9453 0.0000 0.3262
vn -0.9453 0.0000 0.3262
vn -0.9453 0.0000 0.3262
vn -0.9335 -0.0439 0.3558
vn -0.9335 -0.0439 0.3558
vn -0.9335 -0.0439 0.3558
vn -0.9335 -0.0439 0.3558
vn -0.9542 0.1875 -0.2333
vn -0.9542 0.1875 -0.2333
vn -0.9542 0.1875 -0.2333
vn -0.9542 0.1875 -0.2333
vn -0.7218 -0.1500 0.6756
vn -0.7218 -0.1500 0.6756
vn -0.7218 -0.1500 0.6756
vn -0.7218 -0.1500 0.6756
vn -0.1223 -0.3107 0.9426
vn -0.1223 -0.3107 0.9426
vn -0.1223 -0.3107 0.9426
vn -0.1223 -0.3107 0.9426
vn -0.1224 -0.3010 0.9457
vn -0.1224 -0.3010 0.9457
vn -0.1224 -0.3010 0.9457
vn -0.1224 -0.3010 0.9457
vn -0.7062 -0.1778 0.6853
vn -0.7062 -0.1778 0.6853
vn -0.7062 -0.1778 0.6853
vn -0.7062 -0.1778 0.6853
vn 0.4776 0.4011 -0.7817
vn 0.4776 0.4011 -0.7817
vn 0.4776 0.4011 -0.7817
vn 0.4776 0.4011 -0.7817
vn -0.2855 0.4801 -0.8295
vn -0.2855 0.4801 -0.8295
vn -0.2855 0.4801 -0.8295
vn -0.2855 0.4801 -0.8295
vn -0.3151 0.3986 -0.8613
vn -0.3151 0.3986 -0.8613
vn -0.3151 0.3986 -0.8613
vn -0.3151 0.3986 -0.8613
vn 0.4138 0.3431 -0.8433
vn 0.4138 0.3431 -0.8433
vn 0.4138 0.3431 -0.8433
vn 0.4138 0.3431 -0.8433
vn 0.9588 -0.1759 0.2232
vn 0.9588 -0.1759 0.2232
vn 0.9588 -0.1759 0.2232
vn 0.9588 -0.1759 0.2232
vn 0.9969 -0.0360 -0.0702
vn 0.9969 -0.0360 -0.0702
vn 0.9969 -0.0360 -0.0702
vn 0.9969 -0.0360 -0.0702
vn 0.9852 0.0330 -0.1682
vn 0.9852 0.0330 -0.1682
vn 0.9852 0.0330 -0.1682
vn 0.9852 0.0330 -0.1682
vn 0.9644 -0.1180 0.2368
vn 0.9644 -0.1180 0.2368
vn 0.9644 -0.1180 0.2368
vn 0.9644 -0.1180 0.2368
vn 0.9319 -0.3569 -0.0639
vn 0.9319 -0.3569 -0.0639
vn 0.9319 -0.3569 -0.0639
vn 0.9319 -0.3569 -0.0639
vn 0.7201 -0.4908 -0.4905
vn 0.7201 -0.4908 -0.4905
vn 0.7201 -0.4908 -0.4905
vn 0.7201 -0.4908 -0.4905
vn 0.6793 -0.3992 -0.6159
vn 0.6793 -0.3992 -0.6159
vn 0.6793 -0.3992 -0.6159
vn 0.6793 -0.3992 -0.6159
vn 0.9544 -0.2914 -0.0645
vn 0.9544 -0.2914 -0.0645
vn 0.9544 -0.2914 -0.0645
vn 0.9544 -0.2914 -0.0645
vn -0.6161 -0.6007 -0.5096
vn -0.6161 -0.6007 -0.5096
vn -0.6161 -0.6007 -0.5096
vn -0.6161 -0.6007 -0.5096
vn -0.9503 -0.1592 -0.2676
vn -0.9503 -0.1592 -0.2676
vn -0.9503 -0.1592 -0.2676
vn -0.9503 -0.1592 -0.2676
vn -0.9236 -0.0543 -0.3795
vn -0.9236 -0.0543 -0.3795
vn -0.9236 -0.0543 -0.3795
vn -0.9236 -0.0543 -0.3795
vn -0.5814 -0.4397 -0.6846
vn -0.5814 -0.4397 -0.6846
vn -0.5814 -0.4397 -0.6846
vn -0.5814 -0.4397 -0.6846
vn -0.9762 0.2087 -0.0594
vn -0.9762 0.2087 -0.0594
vn -0.9762 0.2087 -0.0594
vn -0.9762 0.2087 -0.0594
vn -0.6373 0.7310 0.2439
vn -0.6373 0.7310 0.2439
vn -0.6373 0.7310 0.2439
vn -0.6373 0.7310 0.2439
vn -0.6669 0.6405 0.3808
vn -0.6669 0.6405 0.3808
vn -0.6669 0.6405 0.3808
vn -0.6669 0.6405 0.3808
vn -0.9643 0.2488 -0.0907
vn -0.9643 0.2488 -0.0907
vn -0.9643 0.2488 -0.0907
vn -0.9643 0.2488 -0.0907
vn 0.2177 0.8890 0.4028
vn 0.2177 0.8890 0.4028
vn 0.2177 0.8890 0.4028
vn 0.2177 0.8890 0.4028
vn 0.7792 0.5612 0.2792
vn 0.7792 0.5612 0.2792
vn 0.7792 0.5612 0.2792
vn 0.7792 0.5612 0.2792
vn 0.7610 0.3702 0.5327
vn 0.7610 0.3702 0.5327
vn 0.7610 0.3702 0.5327
vn 0.7610 0.3702 0.5327
vn 0.1774 0.6977 0.6941
vn 0.1774 0.6977 0.6941
vn 0.1774 0.6977 0.6941
vn 0.1774 0.6977 0.6941
vn 0.2701 -0.0714 -0.9602
vn 0.2701 -0.0714 -0.9602
vn 0.2701 -0.0714 -0.9602
vn 0.2701 -0.0714 -0.9602
vn -0.7495 0.3818 -0.5408
vn -0.7495 0.3818 -0.5408
vn -0.7495 0.3818 -0.5408
vn -0.7495 0.3818 -0.5408
vn -0.2017 0.8017 0.5627
vn -0.2017 0.8017 0.5627
vn -0.2017 0.8017 0.5627
vn -0.2017 0.8017 0.5627
vn 0.9950 0.0809 0.0580
vn 0.9950 0.0809 0.0580
vn 0.9950 0.0809 0.0580
vn 0.9950 0.0809 0.0580
vn 0.1124 0.4149 0.9029
vn 0.1124 0.4149 0.9029
vn 0.1124 0.4149 0.9029
vn 0.1124 0.4149 0.9029
vn 0.6747 0.1273 0.7270
vn 0.6747 0.1273 0.7270
vn 0.6747 0.1273 0.7270
vn 0.6747 0.1273 0.7270
vn 0.7441 0.0863 0.6625
vn 0.7441 0.0863 0.6625
vn 0.7441 0.0863 0.6625
vn 0.7441 0.0863 0.6625
vn 0.0863 0.4123 0.9070
vn 0.0863 0.4123 0.9070
vn 0.0863 0.4123 0.9070
vn 0.0863 0.4123 0.9070
vn -0.9506 0.2877 -0.1165
vn -0.9506 0.2877 -0.1165
vn -0.9506 0.2877 -0.1165
vn -0.9506 0.2877 -0.1165
vn -0.6960 0.5078 0.5076
vn -0.6960 0.5078 0.5076
vn -0.6960 0.5078 0.5076
vn -0.6960 0.5078 0.5076
vn -0.6416 0.5441 0.5406
vn -0.6416 0.5441 0.5406
vn -0.6416 0.5441 0.5406
vn -0.6416 0.5441 0.5406
vn -0.9224 0.3323 -0.1966
vn -0.9224 0.3323 -0.1966
vn -0.9224 0.3323 -0.1966
vn -0.9224 0.3323 -0.1966
vn -0.4958 -0.2321 -0.8368
vn -0.4958 -0.2321 -0.8368
vn -0.4958 -0.2321 -0.8368
vn -0.4958 -0.2321 -0.8368
vn -0.8682 0.0706 -0.4911
vn -0.8682 0.0706 -0.4911
vn -0.8682 0.0706 -0.4911
vn -0.8682 0.0706 -0.4911
vn -0.8203 0.1522 -0.5513
vn -0.8203 0.1522 -0.5513
vn -0.8203 0.1522 -0.5513
vn -0.8203 0.1522 -0.5513
vn -0.3220 -0.1413 -0.9361
vn -0.3220 -0.1413 -0.9361
vn -0.3220 -0.1413 -0.9361
vn -0.3220 -0.1413 -0.9361
vn -0.0965 0.9338 -0.3446
vn -0.0965 0.9338 -0.3446
vn -0.0965 0.9338 -0.3446
vn -0.0965 0.9338 -0.3446
vn 0.7623 0.5941 -0.2567
vn 0.7623 0.5941 -0.2567
vn 0.7623 0.5941 -0.2567
vn 0.7623 0.5941 -0.2567
vn 0.7894 0.5582 0.2556
vn 0.7894 0.5582 0.2556
vn 0.7894 0.5582 0.2556
vn 0.7894 0.5582 0.2556
vn 0.2127 0.8997 0.3811
vn 0.2127 0.8997 0.3811
vn 0.2127 0.8997 0.3811
vn 0.2127 0.8997 0.3811
vn -0.8668 0.4965 -0.0470
vn -0.8668 0.4965 -0.0470
vn -0.8668 0.4965 -0.0470
vn -0.8668 0.4965 -0.0470
vn -0.8325 0.5536 -0.0221
vn -0.8325 0.5536 -0.0221
vn -0.8325 0.5536 -0.0221
vn -0.8325 0.5536 -0.0221
vn -0.6598 0.7129 0.2375
vn -0.6598 0.7129 0.2375
vn -0.6598 0.7129 0.2375
vn -0.6598 0.7129 0.2375
vn -0.9757 0.2127 -0.0517
vn -0.9757 0.2127 -0.0517
vn -0.9757 0.2127 -0.0517
vn -0.9757 0.2127 -0.0517
vn -0.2897 -0.3968 -0.8710
vn -0.2897 -0.3968 -0.8710
vn -0.2897 -0.3968 -0.8710
vn -0.2897 -0.3968 -0.8710
vn -0.7760 0.2604 -0.5745
vn -0.7760 0.2604 -0.5745
vn -0.7760 0.2604 -0.5745
vn -0.7760 0.2604 -0.5745
vn -0.9485 -0.1555 -0.2760
vn -0.9485 -0.1555 -0.2760
vn -0.9485 -0.1555 -0.2760
vn -0.9485 -0.1555 -0.2760
vn -0.5933 -0.6096 -0.5257
vn -0.5933 -0.6096 -0.5257
vn -0.5933 -0.6096 -0.5257
vn -0.5933 -0.6096 -0.5257
vn 0.9459 -0.3129 -0.0855
vn 0.9459 -0.3129 -0.0855
vn 0.9459 -0.3129 -0.0855
vn 0.9459 -0.3129 -0.0855
vn 0.6903 -0.6528 -0.3119
vn 0.6903 -0.6528 -0.3119
vn 0.6903 -0.6528 -0.3119
vn 0.6903 -0.6528 -0.3119
vn 0.6950 -0.6193 -0.3652
vn 0.6950 -0.6193 -0.3652
vn 0.6950 -0.6193 -0.3652
vn 0.6950 -0.6193 -0.3652
vn 0.9445 -0.2910 -0.1524
vn 0.9445 -0.2910 -0.1524
vn 0.9445 -0.2910 -0.1524
vn 0.9445 -0.2910 -0.1524
vn 0.9202 0.3050 0.2454
vn 0.9202 0.3050 0.2454
vn 0.9202 0.3050 0.2454
vn 0.9202 0.3050 0.2454
vn 0.9450 0.2821 0.1653
vn 0.9450 0.2821 0.1653
vn 0.9450 0.2821 0.1653
vn 0.9450 0.2821 0.1653
vn 0.6663 0.0848 0.7408
vn 0.6663 0.0848 0.7408
vn 0.6663 0.0848 0.7408
vn 0.6663 0.0848 0.7408
vn 0.6832 0.1048 0.7226
vn 0.6832 0.1048 0.7226
vn 0.6832 0.1048 0.7226
vn 0.6832 0.1048 0.7226
vn 0.7284 -0.5450 -0.4153
vn 0.7284 -0.5450 -0.4153
vn 0.7284 -0.5450 -0.4153
vn 0.7284 -0.5450 -0.4153
vn 0.0480 -0.6251 -0.7791
vn 0.0480 -0.6251 -0.7791
vn 0.0480 -0.6251 -0.7791
vn 0.0480 -0.6251 -0.7791
vn 0.0969 -0.4469 -0.8893
vn 0.0969 -0.4469 -0.8893
vn 0.0969 -0.4469 -0.8893
vn 0.0969 -0.4469 -0.8893
vn 0.7551 -0.4025 -0.5176
vn 0.7551 -0.4025 -0.5176
vn 0.7551 -0.4025 -0.5176
vn 0.7551 -0.4025 -0.5176
vn -0.6658 0.6901 0.2836
vn -0.6658 0.6901 0.2836
vn -0.6658 0.6901 0.2836
vn -0.6658 0.6901 0.2836
vn 0.0686 0.7569 0.6500
vn 0.0686 0.7569 0.6500
vn 0.0686 0.7569 0.6500
vn 0.0686 0.7569 0.6500
vn 0.0130 0.5561 0.8310
vn 0.0130 0.5561 0.8310
vn 0.0130 0.5561 0.8310
vn 0.0130 0.5561 0.8310
vn -0.7312 0.5209 0.4405
vn -0.7312 0.5209 0.4405
vn -0.7312 0.5209 0.4405
vn -0.7312 0.5209 0.4405
vn -0.7746 -0.1710 -0.6089
vn -0.7746 -0.1710 -0.6089
vn -0.7746 -0.1710 -0.6089
vn -0.7746 -0.1710 -0.6089
vn -0.9311 0.1826 -0.3157
vn -0.9311 0.1826 -0.3157
vn -0.9311 0.1826 -0.3157
vn -0.9311 0.1826 -0.3157
vn -0.9492 0.1666 -0.2671
vn -0.9492 0.1666 -0.2671
vn -0.9492 0.1666 -0.2671
vn -0.9492 0.1666 -0.2671
vn -0.7681 -0.0928 -0.6336
vn -0.7681 -0.0928 -0.6336
vn -0.7681 -0.0928 -0.6336
vn -0.7681 -0.0928 -0.6336
vn -0.3877 0.0885 -0.9175
vn -0.3877 0.0885 -0.9175
vn -0.3877 0.0885 -0.9175
vn -0.3877 0.0885 -0.9175
vn -0.9360 0.3268 0.1306
vn -0.9360 0.3268 0.1306
vn -0.9360 0.3268 0.1306
vn -0.9360 0.3268 0.1306
vn 0.5261 0.2840 0.8016
vn 0.5261 0.2840 0.8016
vn 0.5261 0.2840 0.8016
vn 0.5261 0.2840 0.8016
vn 0.9629 0.0381 -0.2671
vn 0.9629 0.0381 -0.2671
vn 0.9629 0.0381 -0.2671
vn 0.9629 0.0381 -0.2671
vn 0.7350 0.0894 0.6721
vn 0.7350 0.0894 0.6721
vn 0.7350 0.0894 0.6721
vn 0.7350 0.0894 0.6721
vn 0.9708 -0.0491 0.2349
vn 0.9708 -0.0491 0.2349
vn 0.9708 -0.0491 0.2349
vn 0.9708 -0.0491 0.2349
vn 0.9879 -0.0336 0.1512
vn 0.9879 -0.0336 0.1512
vn 0.9879 -0.0336 0.1512
vn 0.9879 -0.0336 0.1512
vn 0.7317 0.0816 0.6767
vn 0.7317 0.0816 0.6767
vn 0.7317 0.0816 0.6767
vn 0.7317 0.0816 0.6767
vn -0.7778 -0.0268 -0.6279
vn -0.7778 -0.0268 -0.6279
vn -0.7778 -0.0268 -0.6279
vn -0.7778 -0.0268 -0.6279
vn -0.9746 0.1101 -0.1949
vn -0.9746 0.1101 -0.1949
vn -0.9746 0.1101 -0.1949
vn -0.9746 0.1101 -0.1949
vn -0.9811 0.1287 -0.1442
vn -0.9811 0.1287 -0.1442
vn -0.9811 0.1287 -0.1442
vn -0.9811 0.1287 -0.1442
vn -0.7478 0.0183 -0.6636
vn -0.7478 0.0183 -0.6636
vn -0.7478 0.0183 -0.6636
vn -0.7478 0.0183 -0.6636
vn -0.7655 0.2747 0.5819
vn -0.7655 0.2747 0.5819
vn -0.7655 0.2747 0.5819
vn -0.7655 0.2747 0.5819
vn -0.0319 0.2674 0.9631
vn -0.0319 0.2674 0.9631
vn -0.0319 0.2674 0.9631
vn -0.0319 0.2674 0.9631
vn 0.0540 0.2139 0.9754
vn 0.0540 0.2139 0.9754
vn 0.0540 0.2139 0.9754
vn 0.0540 0.2139 0.9754
vn -0.7984 0.2368 0.5537
vn -0.7984 0.2368 0.5537
vn -0.7984 0.2368 0.5537
vn -0.7984 0.2368 0.5537
vn -0.8251 -0.1150 -0.5531
vn -0.8251 -0.1150 -0.5531
vn -0.8251 -0.1150 -0.5531
vn -0.8251 -0.1150 -0.5531
vn -0.8857 0.0975 -0.4538
vn -0.8857 0.0975 -0.4538
vn -0.8857 0.0975 -0.4538
vn -0.8857 0.0975 -0.4538
vn -0.9474 0.1241 -0.2951
vn -0.9474 0.1241 -0.2951
vn -0.9474 0.1241 -0.2951
vn -0.9474 0.1241 -0.2951
vn -0.7894 -0.2179 -0.5739
vn -0.7894 -0.2179 -0.5739
vn -0.7894 -0.2179 -0.5739
vn -0.7894 -0.2179 -0.5739
vn -0.3623 0.8410 -0.4018
vn -0.3623 0.8410 -0.4018
vn -0.3623 0.8410 -0.4018
vn -0.3623 0.8410 -0.4018
vn 0.3825 0.9213 0.0695
vn 0.3825 0.9213 0.0695
vn 0.3825 0.9213 0.0695
vn 0.3825 0.9213 0.0695
vn 0.0621 0.7397 0.6700
vn 0.0621 0.7397 0.6700
vn 0.0621 0.7397 0.6700
vn 0.0621 0.7397 0.6700
vn -0.6925 0.6631 0.2842
vn -0.6925 0.6631 0.2842
vn -0.6925 0.6631 0.2842
vn -0.6925 0.6631 0.2842
vn 0.8602 0.0375 -0.5086
vn 0.8602 0.0375 -0.5086
vn 0.8602 0.0375 -0.5086
vn 0.8602 0.0375 -0.5086
vn 0.0238 -0.0447 -0.9987
vn 0.0238 -0.0447 -0.9987
vn 0.0238 -0.0447 -0.9987
vn 0.0238 -0.0447 -0.9987
vn 0.0333 -0.6527 -0.7569
vn 0.0333 -0.6527 -0.7569
vn 0.0333 -0.6527 -0.7569
vn 0.0333 -0.6527 -0.7569
vn 0.7346 -0.5635 -0.3780
vn 0.7346 -0.5635 -0.3780
vn 0.7346 -0.5635 -0.3780
vn 0.7346 -0.5635 -0.3780
vn 0.8204 0.2588 0.5099
vn 0.8204 0.2588 0.5099
vn 0.8204 0.2588 0.5099
vn 0.8204 0.2588 0.5099
vn 0.9377 0.0450 0.3446
vn 0.9377 0.0450 0.3446
vn 0.9377 0.0450 0.3446
vn 0.9377 0.0450 0.3446
vn 0.9558 -0.0645 0.2867
vn 0.9558 -0.0645 0.2867
vn 0.9558 -0.0645 0.2867
vn 0.9558 -0.0645 0.2867
vn 0.7752 0.2792 0.5667
vn 0.7752 0.2792 0.5667
vn 0.7752 0.2792 0.5667
vn 0.7752 0.2792 0.5667
vn -0.6179 -0.1378 0.7741
vn -0.6179 -0.1378 0.7741
vn -0.6179 -0.1378 0.7741
vn -0.6179 -0.1378 0.7741
vn 0.0902 -0.1039 0.9905
vn 0.0902 -0.1039 0.9905
vn 0.0902 -0.1039 0.9905
vn 0.0902 -0.1039 0.9905
vn 0.1525 -0.0013 0.9883
vn 0.1525 -0.0013 0.9883
vn 0.1525 -0.0013 0.9883
vn 0.1525 -0.0013 0.9883
vn -0.6795 -0.0415 0.7325
vn -0.6795 -0.0415 0.7325
vn -0.6795 -0.0415 0.7325
vn -0.6795 -0.0415 0.7325
vn -0.5263 -0.6539 0.5434
vn -0.5263 -0.6539 0.5434
vn -0.5263 -0.6539 0.5434
vn -0.5263 -0.6539 0.5434
vn 0.1939 -0.6201 0.7602
vn 0.1939 -0.6201 0.7602
vn 0.1939 -0.6201 0.7602
vn 0.1939 -0.6201 0.7602
vn 0.1247 -0.3483 0.9290
vn 0.1247 -0.3483 0.9290
vn 0.1247 -0.3483 0.9290
vn 0.1247 -0.3483 0.9290
vn -0.5883 -0.3818 0.7128
vn -0.5883 -0.3818 0.7128
vn -0.5883 -0.3818 0.7128
vn -0.5883 -0.3818 0.7128
vn 0.8713 -0.0936 0.4818
vn 0.8713 -0.0936 0.4818
vn 0.8713 -0.0936 0.4818
vn 0.8713 -0.0936 0.4818
vn 0.9403 0.3059 0.1491
vn 0.9403 0.3059 0.1491
vn 0.9403 0.3059 0.1491
vn 0.9403 0.3059 0.1491
vn 0.9787 0.1975 0.0551
vn 0.9787 0.1975 0.0551
vn 0.9787 0.1975 0.0551
vn 0.9787 0.1975 0.0551
vn 0.8628 -0.0241 0.5050
vn 0.8628 -0.0241 0.5050
vn 0.8628 -0.0241 0.5050
vn 0.8628 -0.0241 0.5050
vn -0.8903 0.2187 -0.3995
vn -0.8903 0.2187 -0.3995
vn -0.8903 0.2187 -0.3995
vn -0.8903 0.2187 -0.3995
vn -0.9804 -0.1827 -0.0737
vn -0.9804 -0.1827 -0.0737
vn -0.9804 -0.1827 -0.0737
vn -0.9804 -0.1827 -0.0737
vn -0.9921 -0.1120 -0.0562
vn -0.9921 -0.1120 -0.0562
vn -0.9921 -0.1120 -0.0562
vn -0.9921 -0.1120 -0.0562
vn -0.8585 0.1109 -0.5007
vn -0.8585 0.1109 -0.5007
vn -0.8585 0.1109 -0.5007
vn -0.8585 0.1109 -0.5007
vn 0.5300 0.1661 0.8316
vn 0.5300 0.1661 0.8316
vn 0.5300 0.1661 0.8316
vn 0.5300 0.1661 0.8316
vn 0.9109 0.2579 -0.3222
vn 0.9109 0.2579 -0.3222
vn 0.9109 0.2579 -0.3222
vn 0.9109 0.2579 -0.3222
vn -0.5878 0.1865 -0.7872
vn -0.5878 0.1865 -0.7872
vn -0.5878 0.1865 -0.7872
vn -0.5878 0.1865 -0.7872
vn -0.9176 0.0965 0.3857
vn -0.9176 0.0965 0.3857
vn -0.9176 0.0965 0.3857
vn -0.9176 0.0965 0.3857
vn 0.8610 0.0214 0.5081
vn 0.8610 0.0214 0.5081
vn 0.8610 0.0214 0.5081
vn 0.8610 0.0214 0.5081
vn 0.9958 0.0903 0.0124
vn 0.9958 0.0903 0.0124
vn 0.9958 0.0903 0.0124
vn 0.9958 0.0903 0.0124
vn 0.9947 0.1018 -0.0174
vn 0.9947 0.1018 -0.0174
vn 0.9947 0.1018 -0.0174
vn 0.9947 0.1018 -0.0174
vn 0.8252 0.0606 0.5616
vn 0.8252 0.0606 0.5616
vn 0.8252 0.0606 0.5616
vn 0.8252 0.0606 0.5616
vn -0.8366 0.0025 -0.5478
vn -0.8366 0.0025 -0.5478
vn -0.8366 0.0025 -0.5478
vn -0.8366 0.0025 -0.5478
vn -0.9959 -0.0677 -0.0599
vn -0.9959 -0.0677 -0.0599
vn -0.9959 -0.0677 -0.0599
vn -0.9959 -0.0677 -0.0599
vn -0.9996 -0.0275 0.0000
vn -0.9996 -0.0275 0.0000
vn -0.9996 -0.0275 0.0000
vn -0.9996 -0.0275 0.0000
vn -0.8178 0.0143 -0.5754
vn -0.8178 0.0143 -0.5754
vn -0.8178 0.0143 -0.5754
vn -0.8178 0.0143 -0.5754
vn 0.6382 0.1478 -0.7556
vn 0.6382 0.1478 -0.7556
vn 0.6382 0.1478 -0.7556
vn 0.6382 0.1478 -0.7556
vn -0.1168 0.1116 -0.9869
vn -0.1168 0.1116 -0.9869
vn -0.1168 0.1116 -0.9869
vn -0.1168 0.1116 -0.9869
vn -0.1853 0.0839 -0.9791
vn -0.1853 0.0839 -0.9791
vn -0.1853 0.0839 -0.9791
vn -0.1853 0.0839 -0.9791
vn 0.6958 0.1263 -0.7070
vn 0.6958 0.1263 -0.7070
vn 0.6958 0.1263 -0.7070
vn 0.6958 0.1263 -0.7070
vn -0.9594 0.1140 -0.2579
vn -0.9594 0.1140 -0.2579
vn -0.9594 0.1140 -0.2579
vn -0.9594 0.1140 -0.2579
vn -0.9924 -0.0650 -0.1044
vn -0.9924 -0.0650 -0.1044
vn -0.9924 -0.0650 -0.1044
vn -0.9924 -0.0650 -0.1044
vn -0.9781 -0.1928 -0.0779
vn -0.9781 -0.1928 -0.0779
vn -0.9781 -0.1928 -0.0779
vn -0.9781 -0.1928 -0.0779
vn -0.9012 0.1881 -0.3904
vn -0.9012 0.1881 -0.3904
vn -0.9012 0.1881 -0.3904
vn -0.9012 0.1881 -0.3904
vn 0.8864 0.0568 0.4594
vn 0.8864 0.0568 0.4594
vn 0.8864 0.0568 0.4594
vn 0.8864 0.0568 0.4594
vn 0.9311 0.2225 0.2891
vn 0.9311 0.2225 0.2891
vn 0.9311 0.2225 0.2891
vn 0.9311 0.2225 0.2891
vn 0.9468 0.2790 0.1605
vn 0.9468 0.2790 0.1605
vn 0.9468 0.2790 0.1605
vn 0.9468 0.2790 0.1605
vn 0.8740 -0.1011 0.4752
vn 0.8740 -0.1011 0.4752
vn 0.8740 -0.1011 0.4752
vn 0.8740 -0.1011 0.4752
vn -0.7351 -0.0562 0.6757
vn -0.7351 -0.0562 0.6757
vn -0.7351 -0.0562 0.6757
vn -0.7351 -0.0562 0.6757
vn 0.2505 0.0149 0.9680
vn 0.2505 0.0149 0.9680
vn 0.2505 0.0149 0.9680
vn 0.2505 0.0149 0.9680
vn 0.2098 -0.6053 0.7678
vn 0.2098 -0.6053 0.7678
vn 0.2098 -0.6053 0.7678
vn 0.2098 -0.6053 0.7678
vn -0.5413 -0.6420 0.5430
vn -0.5413 -0.6420 0.5430
vn -0.5413 -0.6420 0.5430
vn -0.5413 -0.6420 0.5430
vn 0.4446 0.8312 0.3338
vn 0.4446 0.8312 0.3338
vn 0.4446 0.8312 0.3338
vn 0.4446 0.8312 0.3338
vn -0.6356 0.7713 0.0339
vn -0.6356 0.7713 0.0339
vn -0.6356 0.7713 0.0339
vn -0.6356 0.7713 0.0339
vn -0.2650 0.7496 -0.6065
vn -0.2650 0.7496 -0.6065
vn -0.2650 0.7496 -0.6065
vn -0.2650 0.7496 -0.6065
vn 0.4885 0.7850 -0.3810
vn 0.4885 0.7850 -0.3810
vn 0.4885 0.7850 -0.3810
vn 0.4885 0.7850 -0.3810
vn 0.7558 0.2864 -0.5888
vn 0.7558 0.2864 -0.5888
vn 0.7558 0.2864 -0.5888
vn 0.7558 0.2864 -0.5888
vn 0.5084 0.0573 -0.8592
vn 0.5084 0.0573 -0.8592
vn 0.5084 0.0573 -0.8592
vn 0.5084 0.0573 -0.8592
vn 0.4662 0.0913 -0.8799
vn 0.4662 0.0913 -0.8799
vn 0.4662 0.0913 -0.8799
vn 0.4662 0.0913 -0.8799
vn 0.7216 0.3206 -0.6136
vn 0.7216 0.3206 -0.6136
vn 0.7216 0.3206 -0.6136
vn 0.7216 0.3206 -0.6136
vn 0.7667 0.2181 0.6038
vn 0.7667 0.2181 0.6038
vn 0.7667 0.2181 0.6038
vn 0.7667 0.2181 0.6038
vn 0.7990 0.1926 0.5696
vn 0.7990 0.1926 0.5696
vn 0.7990 0.1926 0.5696
vn 0.7990 0.1926 0.5696
vn 0.5770 -0.3840 0.7209
vn 0.5770 -0.3840 0.7209
vn 0.5770 -0.3840 0.7209
vn 0.5770 -0.3840 0.7209
vn 0.5856 -0.3735 0.7194
vn 0.5856 -0.3735 0.7194
vn 0.5856 -0.3735 0.7194
vn 0.5856 -0.3735 0.7194
vn 0.7910 0.2483 -0.5592
vn 0.7910 0.2483 -0.5592
vn 0.7910 0.2483 -0.5592
vn 0.7910 0.2483 -0.5592
vn 0.5604 0.3191 -0.7643
vn 0.5604 0.3191 -0.7643
vn 0.5604 0.3191 -0.7643
vn 0.5604 0.3191 -0.7643
vn 0.2815 0.0081 -0.9595
vn 0.2815 0.0081 -0.9595
vn 0.2815 0.0081 -0.9595
vn 0.2815 0.0081 -0.9595
vn 0.8374 -0.0916 -0.5388
vn 0.8374 -0.0916 -0.5388
vn 0.8374 -0.0916 -0.5388
vn 0.8374 -0.0916 -0.5388
vn 0.4579 -0.7929 0.4020
vn 0.4579 -0.7929 0.4020
vn 0.4579 -0.7929 0.4020
vn 0.4579 -0.7929 0.4020
vn 0.7938 -0.6012 0.0924
vn 0.7938 -0.6012 0.0924
vn 0.7938 -0.6012 0.0924
vn 0.7938 -0.6012 0.0924
vn 0.6784 -0.7327 -0.0550
vn 0.6784 -0.7327 -0.0550
vn 0.6784 -0.7327 -0.0550
vn 0.6784 -0.7327 -0.0550
vn 0.4389 -0.8354 0.3308
vn 0.4389 -0.8354 0.3308
vn 0.4389 -0.8354 0.3308
vn 0.4389 -0.8354 0.3308
vn -0.4159 0.6068 0.6774
vn -0.4159 0.6068 0.6774
vn -0.4159 0.6068 0.6774
vn -0.4159 0.6068 0.6774
vn -0.0547 0.3759 0.9250
vn -0.0547 0.3759 0.9250
vn -0.0547 0.3759 0.9250
vn -0.0547 0.3759 0.9250
vn -0.2388 0.2626 0.9349
vn -0.2388 0.2626 0.9349
vn -0.2388 0.2626 0.9349
vn -0.2388 0.2626 0.9349
vn -0.6560 0.5318 0.5357
vn -0.6560 0.5318 0.5357
vn -0.6560 0.5318 0.5357
vn -0.6560 0.5318 0.5357
vn 0.6861 0.1286 0.7161
vn 0.6861 0.1286 0.7161
vn 0.6861 0.1286 0.7161
vn 0.6861 0.1286 0.7161
vn 0.8188 -0.0319 0.5732
vn 0.8188 -0.0319 0.5732
vn 0.8188 -0.0319 0.5732
vn 0.8188 -0.0319 0.5732
vn 0.6944 0.0579 0.7172
vn 0.6944 0.0579 0.7172
vn 0.6944 0.0579 0.7172
vn 0.6944 0.0579 0.7172
vn -0.8034 0.1916 -0.5638
vn -0.8034 0.1916 -0.5638
vn -0.8034 0.1916 -0.5638
vn -0.8034 0.1916 -0.5638
vn -0.8365 0.3970 -0.3777
vn -0.8365 0.3970 -0.3777
vn -0.8365 0.3970 -0.3777
vn -0.8365 0.3970 -0.3777
vn -0.8919 0.2412 -0.3827
vn -0.8919 0.2412 -0.3827
vn -0.8919 0.2412 -0.3827
vn -0.8919 0.2412 -0.3827
vn -0.8283 0.2340 0.5091
vn -0.8283 0.2340 0.5091
vn -0.8283 0.2340 0.5091
vn -0.8283 0.2340 0.5091
vn -0.2523 0.2351 0.9387
vn -0.2523 0.2351 0.9387
vn -0.2523 0.2351 0.9387
vn -0.2523 0.2351 0.9387
vn -0.2318 0.1108 0.9664
vn -0.2318 0.1108 0.9664
vn -0.2318 0.1108 0.9664
vn -0.2318 0.1108 0.9664
vn -0.8251 0.0094 0.5649
vn -0.8251 0.0094 0.5649
vn -0.8251 0.0094 0.5649
vn -0.8251 0.0094 0.5649
vn 0.8538 -0.4927 0.1678
vn 0.8538 -0.4927 0.1678
vn 0.8538 -0.4927 0.1678
vn 0.8538 -0.4927 0.1678
vn 0.8371 -0.4487 0.3130
vn 0.8371 -0.4487 0.3130
vn 0.8371 -0.4487 0.3130
vn 0.8371 -0.4487 0.3130
vn 0.5722 -0.1757 0.8011
vn 0.5722 -0.1757 0.8011
vn 0.5722 -0.1757 0.8011
vn 0.5722 -0.1757 0.8011
vn 0.6079 -0.1151 0.7856
vn 0.6079 -0.1151 0.7856
vn 0.6079 -0.1151 0.7856
vn 0.6079 -0.1151 0.7856
vn -0.7883 0.5793 -0.2072
vn -0.7883 0.5793 -0.2072
vn -0.7883 0.5793 -0.2072
vn -0.7883 0.5793 -0.2072
vn -0.7630 0.5694 -0.3059
vn -0.7630 0.5694 -0.3059
vn -0.7630 0.5694 -0.3059
vn -0.7630 0.5694 -0.3059
vn -0.5340 0.2219 -0.8159
vn -0.5340 0.2219 -0.8159
vn -0.5340 0.2219 -0.8159
vn -0.5340 0.2219 -0.8159
vn -0.5679 0.1043 -0.8164
vn -0.5679 0.1043 -0.8164
vn -0.5679 0.1043 -0.8164
vn -0.5679 0.1043 -0.8164
vn -0.7443 -0.1235 -0.6563
vn -0.7443 -0.1235 -0.6563
vn -0.7443 -0.1235 -0.6563
vn -0.7443 -0.1235 -0.6563
vn -0.9111 -0.4090 -0.0504
vn -0.9111 -0.4090 -0.0504
vn -0.9111 -0.4090 -0.0504
vn -0.9111 -0.4090 -0.0504
vn -0.9158 -0.3999 -0.0380
vn -0.9158 -0.3999 -0.0380
vn -0.9158 -0.3999 -0.0380
vn -0.9158 -0.3999 -0.0380
vn -0.7230 -0.0734 -0.6870
vn -0.7230 -0.0734 -0.6870
vn -0.7230 -0.0734 -0.6870
vn -0.7230 -0.0734 -0.6870
vn 0.6766 0.0574 0.7341
vn 0.6766 0.0574 0.7341
vn 0.6766 0.0574 0.7341
vn 0.6766 0.0574 0.7341
vn 0.9468 -0.1097 0.3025
vn 0.9468 -0.1097 0.3025
vn 0.9468 -0.1097 0.3025
vn 0.9468 -0.1097 0.3025
vn 0.9668 0.1177 0.2270
vn 0.9668 0.1177 0.2270
vn 0.9668 0.1177 0.2270
vn 0.9668 0.1177 0.2270
vn 0.7011 0.1532 0.6965
vn 0.7011 0.1532 0.6965
vn 0.7011 0.1532 0.6965
vn 0.7011 0.1532 0.6965
vn -0.6960 -0.0445 -0.7167
vn -0.6960 -0.0445 -0.7167
vn -0.6960 -0.0445 -0.7167
vn -0.6960 -0.0445 -0.7167
vn -0.9677 0.1208 -0.2215
vn -0.9677 0.1208 -0.2215
vn -0.9677 0.1208 -0.2215
vn -0.9677 0.1208 -0.2215
vn -0.9848 -0.0843 -0.1516
vn -0.9848 -0.0843 -0.1516
vn -0.9848 -0.0843 -0.1516
vn -0.9848 -0.0843 -0.1516
vn -0.7225 -0.1237 -0.6802
vn -0.7225 -0.1237 -0.6802
vn -0.7225 -0.1237 -0.6802
vn -0.7225 -0.1237 -0.6802
vn 0.7479 -0.3260 -0.5782
vn 0.7479 -0.3260 -0.5782
vn 0.7479 -0.3260 -0.5782
vn 0.7479 -0.3260 -0.5782
vn 0.1579 -0.3012 -0.9404
vn 0.1579 -0.3012 -0.9404
vn 0.1579 -0.3012 -0.9404
vn 0.1579 -0.3012 -0.9404
vn 0.1538 -0.0952 -0.9835
vn 0.1538 -0.0952 -0.9835
vn 0.1538 -0.0952 -0.9835
vn 0.1538 -0.0952 -0.9835
vn 0.7484 -0.0144 -0.6631
vn 0.7484 -0.0144 -0.6631
vn 0.7484 -0.0144 -0.6631
vn 0.7484 -0.0144 -0.6631
vn 0.6415 0.7265 -0.2462
vn 0.6415 0.7265 -0.2462
vn 0.6415 0.7265 -0.2462
vn 0.6415 0.7265 -0.2462
vn -0.4616 0.3595 -0.8110
vn -0.4616 0.3595 -0.8110
vn -0.4616 0.3595 -0.8110
vn -0.4616 0.3595 -0.8110
vn -0.9364 -0.2243 0.2698
vn -0.9364 -0.2243 0.2698
vn -0.9364 -0.2243 0.2698
vn -0.9364 -0.2243 0.2698
vn 0.3376 0.2974 0.8931
vn 0.3376 0.2974 0.8931
vn 0.3376 0.2974 0.8931
vn 0.3376 0.2974 0.8931
vn 0.5650 0.4829 -0.6690
vn 0.5650 0.4829 -0.6690
vn 0.5650 0.4829 -0.6690
vn 0.5650 0.4829 -0.6690
vn 0.0573 0.3341 -0.9408
vn 0.0573 0.3341 -0.9408
vn 0.0573 0.3341 -0.9408
vn 0.0573 0.3341 -0.9408
vn -0.0475 0.3523 -0.9347
vn -0.0475 0.3523 -0.9347
vn -0.0475 0.3523 -0.9347
vn -0.0475 0.3523 -0.9347
vn 0.5661 0.5643 -0.6009
vn 0.5661 0.5643 -0.6009
vn 0.5661 0.5643 -0.6009
vn 0.5661 0.5643 -0.6009
vn -0.6207 -0.4977 0.6058
vn -0.6207 -0.4977 0.6058
vn -0.6207 -0.4977 0.6058
vn -0.6207 -0.4977 0.6058
vn -0.1322 -0.3579 0.9244
vn -0.1322 -0.3579 0.9244
vn -0.1322 -0.3579 0.9244
vn -0.1322 -0.3579 0.9244
vn -0.0370 -0.2465 0.9684
vn -0.0370 -0.2465 0.9684
vn -0.0370 -0.2465 0.9684
vn -0.0370 -0.2465 0.9684
vn -0.6672 -0.4754 0.5734
vn -0.6672 -0.4754 0.5734
vn -0.6672 -0.4754 0.5734
vn -0.6672 -0.4754 0.5734
vn 0.7422 0.1689 0.6486
vn 0.7422 0.1689 0.6486
vn 0.7422 0.1689 0.6486
vn 0.7422 0.1689 0.6486
vn 0.9041 0.4159 0.0982
vn 0.9041 0.4159 0.0982
vn 0.9041 0.4159 0.0982
vn 0.9041 0.4159 0.0982
vn 0.8548 0.5161 0.0552
vn 0.8548 0.5161 0.0552
vn 0.8548 0.5161 0.0552
vn 0.8548 0.5161 0.0552
vn 0.7016 0.2511 0.6668
vn 0.7016 0.2511 0.6668
vn 0.7016 0.2511 0.6668
vn 0.7016 0.2511 0.6668
vn -0.0288 -0.3664 -0.9300
vn -0.0288 -0.3664 -0.9300
vn -0.0288 -0.3664 -0.9300
vn -0.0288 -0.3664 -0.9300
vn 0.0896 -0.3847 -0.9187
vn 0.0896 -0.3847 -0.9187
vn 0.0896 -0.3847 -0.9187
vn 0.0896 -0.3847 -0.9187
vn 0.5647 -0.5797 -0.5874
vn 0.5647 -0.5797 -0.5874
vn 0.5647 -0.5797 -0.5874
vn 0.5647 -0.5797 -0.5874
vn 0.3912 -0.5501 -0.7378
vn 0.3912 -0.5501 -0.7378
vn 0.3912 -0.5501 -0.7378
vn 0.3912 -0.5501 -0.7378
vn -0.1120 -0.3318 -0.9367
vn -0.1120 -0.3318 -0.9367
vn -0.1120 -0.3318 -0.9367
vn -0.1120 -0.3318 -0.9367
vn -0.1390 -0.3556 -0.9242
vn -0.1390 -0.3556 -0.9242
vn -0.1390 -0.3556 -0.9242
vn -0.1390 -0.3556 -0.9242
vn 0.3895 -0.5223 -0.7586
vn 0.3895 -0.5223 -0.7586
vn 0.3895 -0.5223 -0.7586
vn 0.3895 -0.5223 -0.7586
vn 0.6073 -0.4878 -0.6271
vn 0.6073 -0.4878 -0.6271
vn 0.6073 -0.4878 -0.6271
vn 0.6073 -0.4878 -0.6271
vn -0.9010 0.2603 -0.3469
vn -0.9010 0.2603 -0.3469
vn -0.9010 0.2603 -0.3469
vn -0.9010 0.2603 -0.3469
vn -0.8952 0.3927 -0.2108
vn -0.8952 0.3927 -0.2108
vn -0.8952 0.3927 -0.2108
vn -0.8952 0.3927 -0.2108
vn -0.7067 0.0045 -0.7075
vn -0.7067 0.0045 -0.7075
vn -0.7067 0.0045 -0.7075
vn -0.7067 0.0045 -0.7075
vn -0.7803 0.0595 -0.6226
vn -0.7803 0.0595 -0.6226
vn -0.7803 0.0595 -0.6226
vn -0.7803 0.0595 -0.6226
vn 0.9000 -0.1573 0.4065
vn 0.9000 -0.1573 0.4065
vn 0.9000 -0.1573 0.4065
vn 0.9000 -0.1573 0.4065
vn 0.9155 -0.3718 0.1535
vn 0.9155 -0.3718 0.1535
vn 0.9155 -0.3718 0.1535
vn 0.9155 -0.3718 0.1535
vn 0.7316 -0.0293 0.6811
vn 0.7316 -0.0293 0.6811
vn 0.7316 -0.0293 0.6811
vn 0.7316 -0.0293 0.6811
vn 0.7381 0.0178 0.6744
vn 0.7381 0.0178 0.6744
vn 0.7381 0.0178 0.6744
vn 0.7381 0.0178 0.6744
vn -0.4257 0.6350 0.6447
vn -0.4257 0.6350 0.6447
vn -0.4257 0.6350 0.6447
vn -0.4257 0.6350 0.6447
vn 0.2402 0.4142 0.8780
vn 0.2402 0.4142 0.8780
vn 0.2402 0.4142 0.8780
vn 0.2402 0.4142 0.8780
vn 0.1769 0.4239 0.8882
vn 0.1769 0.4239 0.8882
vn 0.1769 0.4239 0.8882
vn 0.1769 0.4239 0.8882
vn -0.3347 0.6311 0.6998
vn -0.3347 0.6311 0.6998
vn -0.3347 0.6311 0.6998
vn -0.3347 0.6311 0.6998
vn 0.6925 0.0293 0.7208
vn 0.6925 0.0293 0.7208
vn 0.6925 0.0293 0.7208
vn 0.6925 0.0293 0.7208
vn 0.9682 0.1557 0.1958
vn 0.9682 0.1557 0.1958
vn 0.9682 0.1557 0.1958
vn 0.9682 0.1557 0.1958
vn 0.9466 0.2961 0.1275
vn 0.9466 0.2961 0.1275
vn 0.9466 0.2961 0.1275
vn 0.9466 0.2961 0.1275
vn 0.7170 0.0479 0.6954
vn 0.7170 0.0479 0.6954
vn 0.7170 0.0479 0.6954
vn 0.7170 0.0479 0.6954
vn -0.7726 -0.1765 0.6099
vn -0.7726 -0.1765 0.6099
vn -0.7726 -0.1765 0.6099
vn -0.7726 -0.1765 0.6099
vn -0.2146 -0.1473 0.9655
vn -0.2146 -0.1473 0.9655
vn -0.2146 -0.1473 0.9655
vn -0.2146 -0.1473 0.9655
vn -0.1821 -0.3251 0.9280
vn -0.1821 -0.3251 0.9280
vn -0.1821 -0.3251 0.9280
vn -0.1821 -0.3251 0.9280
vn -0.6817 -0.3902 0.6189
vn -0.6817 -0.3902 0.6189
vn -0.6817 -0.3902 0.6189
vn -0.6817 -0.3902 0.6189
vn 0.6753 0.2405 -0.6973
vn 0.6753 0.2405 -0.6973
vn 0.6753 0.2405 -0.6973
vn 0.6753 0.2405 -0.6973
vn 0.1396 0.2054 -0.9687
vn 0.1396 0.2054 -0.9687
vn 0.1396 0.2054 -0.9687
vn 0.1396 0.2054 -0.9687
vn 0.1062 0.3454 -0.9324
vn 0.1062 0.3454 -0.9324
vn 0.1062 0.3454 -0.9324
vn 0.1062 0.3454 -0.9324
vn 0.5974 0.4185 -0.6840
vn 0.5974 0.4185 -0.6840
vn 0.5974 0.4185 -0.6840
vn 0.5974 0.4185 -0.6840
vn -0.6874 0.0563 -0.7241
vn -0.6874 0.0563 -0.7241
vn -0.6874 0.0563 -0.7241
vn -0.6874 0.0563 -0.7241
vn -0.9856 -0.0804 -0.1487
vn -0.9856 -0.0804 -0.1487
vn -0.9856 -0.0804 -0.1487
vn -0.9856 -0.0804 -0.1487
vn -0.9668 -0.2412 -0.0841
vn -0.9668 -0.2412 -0.0841
vn -0.9668 -0.2412 -0.0841
vn -0.9668 -0.2412 -0.0841
vn -0.7082 0.0399 -0.7049
vn -0.7082 0.0399 -0.7049
vn -0.7082 0.0399 -0.7049
vn -0.7082 0.0399 -0.7049
vn 0.8892 0.3218 -0.3251
vn 0.8892 0.3218 -0.3251
vn 0.8892 0.3218 -0.3251
vn 0.8892 0.3218 -0.3251
vn 0.5027 0.0906 -0.8597
vn 0.5027 0.0906 -0.8597
vn 0.5027 0.0906 -0.8597
vn 0.5027 0.0906 -0.8597
vn 0.3424 0.1980 -0.9185
vn 0.3424 0.1980 -0.9185
vn 0.3424 0.1980 -0.9185
vn 0.3424 0.1980 -0.9185
vn 0.8187 0.4572 -0.3474
vn 0.8187 0.4572 -0.3474
vn 0.8187 0.4572 -0.3474
vn 0.8187 0.4572 -0.3474
vn -0.7879 -0.3553 0.5031
vn -0.7879 -0.3553 0.5031
vn -0.7879 -0.3553 0.5031
vn -0.7879 -0.3553 0.5031
vn -0.5682 -0.1393 0.8110
vn -0.5682 -0.1393 0.8110
vn -0.5682 -0.1393 0.8110
vn -0.5682 -0.1393 0.8110
vn -0.6131 -0.1185 0.7811
vn -0.6131 -0.1185 0.7811
vn -0.6131 -0.1185 0.7811
vn -0.6131 -0.1185 0.7811
vn -0.8168 -0.3245 0.4771
vn -0.8168 -0.3245 0.4771
vn -0.8168 -0.3245 0.4771
vn -0.8168 -0.3245 0.4771
vn -0.2679 -0.4772 -0.8370
vn -0.2679 -0.4772 -0.8370
vn -0.2679 -0.4772 -0.8370
vn -0.2679 -0.4772 -0.8370
vn -0.6718 -0.6083 -0.4226
vn -0.6718 -0.6083 -0.4226
vn -0.6718 -0.6083 -0.4226
vn -0.6718 -0.6083 -0.4226
vn -0.7417 -0.4746 -0.4741
vn -0.7417 -0.4746 -0.4741
vn -0.7417 -0.4746 -0.4741
vn -0.7417 -0.4746 -0.4741
vn -0.3684 -0.3509 -0.8609
vn -0.3684 -0.3509 -0.8609
vn -0.3684 -0.3509 -0.8609
vn -0.3684 -0.3509 -0.8609
vn -0.7584 0.6506 0.0394
vn -0.7584 0.6506 0.0394
vn -0.7584 0.6506 0.0394
vn -0.7584 0.6506 0.0394
vn -0.9245 0.3226 -0.2032
vn -0.9245 0.3226 -0.2032
vn -0.9245 0.3226 -0.2032
vn -0.9245 0.3226 -0.2032
vn -0.3957 0.5164 -0.7594
vn -0.3957 0.5164 -0.7594
vn -0.3957 0.5164 -0.7594
vn -0.3957 0.5164 -0.7594
vn -0.2549 0.8351 -0.4875
vn -0.2549 0.8351 -0.4875
vn -0.2549 0.8351 -0.4875
vn -0.2549 0.8351 -0.4875
vn -0.2981 0.4622 -0.8352
vn -0.2981 0.4622 -0.8352
vn -0.2981 0.4622 -0.8352
vn -0.2981 0.4622 -0.8352
vn -0.8767 0.3522 -0.3276
vn -0.8767 0.3522 -0.3276
vn -0.8767 0.3522 -0.3276
vn -0.8767 0.3522 -0.3276
vn -0.5330 0.7723 0.3458
vn -0.5330 0.7723 0.3458
vn -0.5330 0.7723 0.3458
vn -0.5330 0.7723 0.3458
vn 0.2200 0.9470 -0.2339
vn 0.2200 0.9470 -0.2339
vn 0.2200 0.9470 -0.2339
vn 0.2200 0.9470 -0.2339
vn 0.3111 0.2911 0.9047
vn 0.3111 0.2911 0.9047
vn 0.3111 0.2911 0.9047
vn 0.3111 0.2911 0.9047
vn 0.7577 0.3974 0.5177
vn 0.7577 0.3974 0.5177
vn 0.7577 0.3974 0.5177
vn 0.7577 0.3974 0.5177
vn 0.7012 0.5776 0.4180
vn 0.7012 0.5776 0.4180
vn 0.7012 0.5776 0.4180
vn 0.7012 0.5776 0.4180
vn 0.0983 0.5040 0.8581
vn 0.0983 0.5040 0.8581
vn 0.0983 0.5040 0.8581
vn 0.0983 0.5040 0.8581
vn -0.3559 -0.2608 -0.8974
vn -0.3559 -0.2608 -0.8974
vn -0.3559 -0.2608 -0.8974
vn -0.3559 -0.2608 -0.8974
vn -0.7564 -0.3646 -0.5431
vn -0.7564 -0.3646 -0.5431
vn -0.7564 -0.3646 -0.5431
vn -0.7564 -0.3646 -0.5431
vn -0.8302 -0.1305 -0.5420
vn -0.8302 -0.1305 -0.5420
vn -0.8302 -0.1305 -0.5420
vn -0.8302 -0.1305 -0.5420
vn -0.3743 -0.0670 -0.9249
vn -0.3743 -0.0670 -0.9249
vn -0.3743 -0.0670 -0.9249
vn -0.3743 -0.0670 -0.9249
vn -0.8913 -0.2567 0.3738
vn -0.8913 -0.2567 0.3738
vn -0.8913 -0.2567 0.3738
vn -0.8913 -0.2567 0.3738
vn -0.4778 -0.0122 0.8784
vn -0.4778 -0.0122 0.8784
vn -0.4778 -0.0122 0.8784
vn -0.4778 -0.0122 0.8784
vn -0.6310 0.2636 0.7296
vn -0.6310 0.2636 0.7296
vn -0.6310 0.2636 0.7296
vn -0.6310 0.2636 0.7296
vn -0.9902 0.0097 0.1391
vn -0.9902 0.0097 0.1391
vn -0.9902 0.0097 0.1391
vn -0.9902 0.0097 0.1391
vn 0.2199 0.5319 0.8178
vn 0.2199 0.5319 0.8178
vn 0.2199 0.5319 0.8178
vn 0.2199 0.5319 0.8178
vn 0.6312 0.6494 0.4241
vn 0.6312 0.6494 0.4241
vn 0.6312 0.6494 0.4241
vn 0.6312 0.6494 0.4241
vn 0.7190 0.5737 0.3923
vn 0.7190 0.5737 0.3923
vn 0.7190 0.5737 0.3923
vn 0.7190 0.5737 0.3923
vn 0.2308 0.4172 0.8790
vn 0.2308 0.4172 0.8790
vn 0.2308 0.4172 0.8790
vn 0.2308 0.4172 0.8790
vn -0.2561 -0.5239 -0.8124
vn -0.2561 -0.5239 -0.8124
vn -0.2561 -0.5239 -0.8124
vn -0.2561 -0.5239 -0.8124
vn -0.6295 -0.6351 -0.4477
vn -0.6295 -0.6351 -0.4477
vn -0.6295 -0.6351 -0.4477
vn -0.6295 -0.6351 -0.4477
vn -0.6524 -0.6217 -0.4334
vn -0.6524 -0.6217 -0.4334
vn -0.6524 -0.6217 -0.4334
vn -0.6524 -0.6217 -0.4334
vn -0.2542 -0.4962 -0.8302
vn -0.2542 -0.4962 -0.8302
vn -0.2542 -0.4962 -0.8302
vn -0.2542 -0.4962 -0.8302
vn -0.8287 -0.3668 0.4227
vn -0.8287 -0.3668 0.4227
vn -0.8287 -0.3668 0.4227
vn -0.8287 -0.3668 0.4227
vn -0.4908 0.0742 0.8681
vn -0.4908 0.0742 0.8681
vn -0.4908 0.0742 0.8681
vn -0.4908 0.0742 0.8681
vn -0.5099 -0.0329 0.8596
vn -0.5099 -0.0329 0.8596
vn -0.5099 -0.0329 0.8596
vn -0.5099 -0.0329 0.8596
vn -0.7988 -0.3623 0.4804
vn -0.7988 -0.3623 0.4804
vn -0.7988 -0.3623 0.4804
vn -0.7988 -0.3623 0.4804
vn 0.8043 0.4447 -0.3942
vn 0.8043 0.4447 -0.3942
vn 0.8043 0.4447 -0.3942
vn 0.8043 0.4447 -0.3942
vn 0.4889 0.0127 -0.8723
vn 0.4889 0.0127 -0.8723
vn 0.4889 0.0127 -0.8723
vn 0.4889 0.0127 -0.8723
vn 0.5071 0.0405 -0.8609
vn 0.5071 0.0405 -0.8609
vn 0.5071 0.0405 -0.8609
vn 0.5071 0.0405 -0.8609
vn 0.7932 0.3691 -0.4844
vn 0.7932 0.3691 -0.4844
vn 0.7932 0.3691 -0.4844
vn 0.7932 0.3691 -0.4844
vn -0.8445 -0.3012 0.4429
vn -0.8445 -0.3012 0.4429
vn -0.8445 -0.3012 0.4429
vn -0.8445 -0.3012 0.4429
vn -0.5011 -0.0650 0.8630
vn -0.5011 -0.0650 0.8630
vn -0.5011 -0.0650 0.8630
vn -0.5011 -0.0650 0.8630
vn -0.4235 -0.0337 0.9053
vn -0.4235 -0.0337 0.9053
vn -0.4235 -0.0337 0.9053
vn -0.4235 -0.0337 0.9053
vn -0.8617 -0.2928 0.4143
vn -0.8617 -0.2928 0.4143
vn -0.8617 -0.2928 0.4143
vn -0.8617 -0.2928 0.4143
vn -0.3996 -0.2880 -0.8703
vn -0.3996 -0.2880 -0.8703
vn -0.3996 -0.2880 -0.8703
vn -0.3996 -0.2880 -0.8703
vn -0.7631 -0.4049 -0.5038
vn -0.7631 -0.4049 -0.5038
vn -0.7631 -0.4049 -0.5038
vn -0.7631 -0.4049 -0.5038
vn -0.7597 -0.3841 -0.5247
vn -0.7597 -0.3841 -0.5247
vn -0.7597 -0.3841 -0.5247
vn -0.7597 -0.3841 -0.5247
vn -0.3857 -0.2671 -0.8831
vn -0.3857 -0.2671 -0.8831
vn -0.3857 -0.2671 -0.8831
vn -0.3857 -0.2671 -0.8831
vn 0.2768 0.3553 0.8928
vn 0.2768 0.3553 0.8928
vn 0.2768 0.3553 0.8928
vn 0.2768 0.3553 0.8928
vn 0.7524 0.5056 0.4223
vn 0.7524 0.5056 0.4223
vn 0.7524 0.5056 0.4223
vn 0.7524 0.5056 0.4223
vn 0.7600 0.4234 0.4931
vn 0.7600 0.4234 0.4931
vn 0.7600 0.4234 0.4931
vn 0.7600 0.4234 0.4931
vn 0.3359 0.2950 0.8945
vn 0.3359 0.2950 0.8945
vn 0.3359 0.2950 0.8945
vn 0.3359 0.2950 0.8945
vn 0.8100 0.3470 -0.4727
vn 0.8100 0.3470 -0.4727
vn 0.8100 0.3470 -0.4727
vn 0.8100 0.3470 -0.4727
vn 0.4529 0.1067 -0.8852
vn 0.4529 0.1067 -0.8852
vn 0.4529 0.1067 -0.8852
vn 0.4529 0.1067 -0.8852
vn 0.4639 0.1100 -0.8790
vn 0.4639 0.1100 -0.8790
vn 0.4639 0.1100 -0.8790
vn 0.4639 0.1100 -0.8790
vn 0.8660 0.3562 -0.3509
vn 0.8660 0.3562 -0.3509
vn 0.8660 0.3562 -0.3509
vn 0.8660 0.3562 -0.3509
vn 0.4180 0.4010 -0.8152
vn 0.4180 0.4010 -0.8152
vn 0.4180 0.4010 -0.8152
vn 0.4180 0.4010 -0.8152
vn 0.4700 0.1112 -0.8756
vn 0.4700 0.1112 -0.8756
vn 0.4700 0.1112 -0.8756
vn 0.4700 0.1112 -0.8756
vn 0.4712 -0.0461 -0.8808
vn 0.4712 -0.0461 -0.8808
vn 0.4712 -0.0461 -0.8808
vn 0.4712 -0.0461 -0.8808
vn 0.7752 0.4991 -0.3873
vn 0.7752 0.4991 -0.3873
vn 0.7752 0.4991 -0.3873
vn 0.7752 0.4991 -0.3873
vn -0.9886 -0.1165 -0.0954
vn -0.9886 -0.1165 -0.0954
vn -0.9886 -0.1165 -0.0954
vn -0.9886 -0.1165 -0.0954
vn -0.8153 0.5640 0.1311
vn -0.8153 0.5640 0.1311
vn -0.8153 0.5640 0.1311
vn -0.8153 0.5640 0.1311
vn -0.6440 0.2173 0.7335
vn -0.6440 0.2173 0.7335
vn -0.6440 0.2173 0.7335
vn -0.6440 0.2173 0.7335
vn -0.9001 -0.3266 0.2883
vn -0.9001 -0.3266 0.2883
vn -0.9001 -0.3266 0.2883
vn -0.9001 -0.3266 0.2883
vn -0.3767 -0.4543 -0.8073
vn -0.3767 -0.4543 -0.8073
vn -0.3767 -0.4543 -0.8073
vn -0.3767 -0.4543 -0.8073
vn -0.7242 -0.5268 -0.4450
vn -0.7242 -0.5268 -0.4450
vn -0.7242 -0.5268 -0.4450
vn -0.7242 -0.5268 -0.4450
vn -0.5873 -0.6886 -0.4252
vn -0.5873 -0.6886 -0.4252
vn -0.5873 -0.6886 -0.4252
vn -0.5873 -0.6886 -0.4252
vn -0.2377 -0.6156 -0.7514
vn -0.2377 -0.6156 -0.7514
vn -0.2377 -0.6156 -0.7514
vn -0.2377 -0.6156 -0.7514
vn -0.2923 0.9241 0.2462
vn -0.2923 0.9241 0.2462
vn -0.2923 0.9241 0.2462
vn -0.2923 0.9241 0.2462
vn -0.1814 0.9803 0.0781
vn -0.1814 0.9803 0.0781
vn -0.1814 0.9803 0.0781
vn -0.1814 0.9803 0.0781
vn 0.5453 0.7465 0.3813
vn 0.5453 0.7465 0.3813
vn 0.5453 0.7465 0.3813
vn 0.5453 0.7465 0.3813
vn 0.1310 0.6903 0.7116
vn 0.1310 0.6903 0.7116
vn 0.1310 0.6903 0.7116
vn 0.1310 0.6903 0.7116
vn 0.6444 -0.5184 0.5622
vn 0.6444 -0.5184 0.5622
vn 0.6444 -0.5184 0.5622
vn 0.6444 -0.5184 0.5622
vn 0.9082 -0.3996 0.1245
vn 0.9082 -0.3996 0.1245
vn 0.9082 -0.3996 0.1245
vn 0.9082 -0.3996 0.1245
vn 0.9328 -0.3251 0.1559
vn 0.9328 -0.3251 0.1559
vn 0.9328 -0.3251 0.1559
vn 0.9328 -0.3251 0.1559
vn 0.6606 -0.4158 0.6250
vn 0.6606 -0.4158 0.6250
vn 0.6606 -0.4158 0.6250
vn 0.6606 -0.4158 0.6250
vn -0.1633 -0.3756 0.9123
vn -0.1633 -0.3756 0.9123
vn -0.1633 -0.3756 0.9123
vn -0.1633 -0.3756 0.9123
vn -0.6869 -0.0748 0.7229
vn -0.6869 -0.0748 0.7229
vn -0.6869 -0.0748 0.7229
vn -0.6869 -0.0748 0.7229
vn -0.6981 0.0272 0.7154
vn -0.6981 0.0272 0.7154
vn -0.6981 0.0272 0.7154
vn -0.6981 0.0272 0.7154
vn -0.1622 -0.3740 0.9131
vn -0.1622 -0.3740 0.9131
vn -0.1622 -0.3740 0.9131
vn -0.1622 -0.3740 0.9131
vn 0.7291 0.0917 -0.6783
vn 0.7291 0.0917 -0.6783
vn 0.7291 0.0917 -0.6783
vn 0.7291 0.0917 -0.6783
vn 0.7027 0.0475 -0.7099
vn 0.7027 0.0475 -0.7099
vn 0.7027 0.0475 -0.7099
vn 0.7027 0.0475 -0.7099
vn 0.1630 0.4349 -0.8856
vn 0.1630 0.4349 -0.8856
vn 0.1630 0.4349 -0.8856
vn 0.1630 0.4349 -0.8856
vn 0.2475 0.3857 -0.8888
vn 0.2475 0.3857 -0.8888
vn 0.2475 0.3857 -0.8888
vn 0.2475 0.3857 -0.8888
vn -0.7547 -0.0398 0.6549
vn -0.7547 -0.0398 0.6549
vn -0.7547 -0.0398 0.6549
vn -0.7547 -0.0398 0.6549
vn -0.1918 -0.2460 0.9501
vn -0.1918 -0.2460 0.9501
vn -0.1918 -0.2460 0.9501
vn -0.1918 -0.2460 0.9501
vn -0.1136 -0.2106 0.9709
vn -0.1136 -0.2106 0.9709
vn -0.1136 -0.2106 0.9709
vn -0.1136 -0.2106 0.9709
vn -0.7556 0.0413 0.6537
vn -0.7556 0.0413 0.6537
vn -0.7556 0.0413 0.6537
vn -0.7556 0.0413 0.6537
vn 0.9720 0.2116 -0.1026
vn 0.9720 0.2116 -0.1026
vn 0.9720 0.2116 -0.1026
vn 0.9720 0.2116 -0.1026
vn -0.0984 0.6914 -0.7157
vn -0.0984 0.6914 -0.7157
vn -0.0984 0.6914 -0.7157
vn -0.0984 0.6914 -0.7157
vn -0.7706 0.4443 0.4569
vn -0.7706 0.4443 0.4569
vn -0.7706 0.4443 0.4569
vn -0.7706 0.4443 0.4569
vn 0.3449 -0.0061 0.9386
vn 0.3449 -0.0061 0.9386
vn 0.3449 -0.0061 0.9386
vn 0.3449 -0.0061 0.9386
vn 0.7501 0.0350 -0.6604
vn 0.7501 0.0350 -0.6604
vn 0.7501 0.0350 -0.6604
vn 0.7501 0.0350 -0.6604
vn 0.1842 0.2452 -0.9518
vn 0.1842 0.2452 -0.9518
vn 0.1842 0.2452 -0.9518
vn 0.1842 0.2452 -0.9518
vn 0.1625 0.3619 -0.9180
vn 0.1625 0.3619 -0.9180
vn 0.1625 0.3619 -0.9180
vn 0.1625 0.3619 -0.9180
vn 0.8027 0.1059 -0.5870
vn 0.8027 0.1059 -0.5870
vn 0.8027 0.1059 -0.5870
vn 0.8027 0.1059 -0.5870
vn 0.6538 -0.3500 0.6708
vn 0.6538 -0.3500 0.6708
vn 0.6538 -0.3500 0.6708
vn 0.6538 -0.3500 0.6708
vn 0.9512 -0.2624 0.1624
vn 0.9512 -0.2624 0.1624
vn 0.9512 -0.2624 0.1624
vn 0.9512 -0.2624 0.1624
vn 0.9761 -0.1803 0.1215
vn 0.9761 -0.1803 0.1215
vn 0.9761 -0.1803 0.1215
vn 0.9761 -0.1803 0.1215
vn 0.6142 -0.3022 0.7290
vn 0.6142 -0.3022 0.7290
vn 0.6142 -0.3022 0.7290
vn 0.6142 -0.3022 0.7290
vn -0.6525 0.3357 -0.6794
vn -0.6525 0.3357 -0.6794
vn -0.6525 0.3357 -0.6794
vn -0.6525 0.3357 -0.6794
vn -0.9543 0.2457 -0.1700
vn -0.9543 0.2457 -0.1700
vn -0.9543 0.2457 -0.1700
vn -0.9543 0.2457 -0.1700
vn -0.9465 0.3164 -0.0631
vn -0.9465 0.3164 -0.0631
vn -0.9465 0.3164 -0.0631
vn -0.9465 0.3164 -0.0631
vn -0.5785 0.4424 -0.6853
vn -0.5785 0.4424 -0.6853
vn -0.5785 0.4424 -0.6853
vn -0.5785 0.4424 -0.6853
vn -0.5005 0.2137 0.8389
vn -0.5005 0.2137 0.8389
vn -0.5005 0.2137 0.8389
vn -0.5005 0.2137 0.8389
vn -0.1276 -0.4072 0.9044
vn -0.1276 -0.4072 0.9044
vn -0.1276 -0.4072 0.9044
vn -0.1276 -0.4072 0.9044
vn -0.1468 -0.3794 0.9135
vn -0.1468 -0.3794 0.9135
vn -0.1468 -0.3794 0.9135
vn -0.1468 -0.3794 0.9135
vn -0.5936 0.1556 0.7896
vn -0.5936 0.1556 0.7896
vn -0.5936 0.1556 0.7896
vn -0.5936 0.1556 0.7896
vn -0.3779 0.8406 -0.3880
vn -0.3779 0.8406 -0.3880
vn -0.3779 0.8406 -0.3880
vn -0.3779 0.8406 -0.3880
vn -0.5736 0.8134 0.0964
vn -0.5736 0.8134 0.0964
vn -0.5736 0.8134 0.0964
vn -0.5736 0.8134 0.0964
vn -0.7095 0.7014 0.0673
vn -0.7095 0.7014 0.0673
vn -0.7095 0.7014 0.0673
vn -0.7095 0.7014 0.0673
vn -0.4849 0.7566 -0.4387
vn -0.4849 0.7566 -0.4387
vn -0.4849 0.7566 -0.4387
vn -0.4849 0.7566 -0.4387
vn 0.4338 -0.8387 0.3291
vn 0.4338 -0.8387 0.3291
vn 0.4338 -0.8387 0.3291
vn 0.4338 -0.8387 0.3291
vn 0.6280 -0.7643 -0.1462
vn 0.6280 -0.7643 -0.1462
vn 0.6280 -0.7643 -0.1462
vn 0.6280 -0.7643 -0.1462
vn 0.7456 -0.6617 -0.0790
vn 0.7456 -0.6617 -0.0790
vn 0.7456 -0.6617 -0.0790
vn 0.7456 -0.6617 -0.0790
vn 0.5225 -0.7425 0.4192
vn 0.5225 -0.7425 0.4192
vn 0.5225 -0.7425 0.4192
vn 0.5225 -0.7425 0.4192
vn 0.5822 -0.1723 -0.7946
vn 0.5822 -0.1723 -0.7946
vn 0.5822 -0.1723 -0.7946
vn 0.5822 -0.1723 -0.7946
vn 0.1396 0.4880 -0.8616
vn 0.1396 0.4880 -0.8616
vn 0.1396 0.4880 -0.8616
vn 0.1396 0.4880 -0.8616
vn 0.1417 0.4281 -0.8925
vn 0.1417 0.4281 -0.8925
vn 0.1417 0.4281 -0.8925
vn 0.1417 0.4281 -0.8925
vn 0.6253 -0.1072 -0.7730
vn 0.6253 -0.1072 -0.7730
vn 0.6253 -0.1072 -0.7730
vn 0.6253 -0.1072 -0.7730
vn -0.4601 0.0420 0.8869
vn -0.4601 0.0420 0.8869
vn -0.4601 0.0420 0.8869
vn -0.4601 0.0420 0.8869
vn -0.3837 -0.0447 0.9224
vn -0.3837 -0.0447 0.9224
vn -0.3837 -0.0447 0.9224
vn -0.3837 -0.0447 0.9224
vn -0.6944 -0.3179 0.6455
vn -0.6944 -0.3179 0.6455
vn -0.6944 -0.3179 0.6455
vn -0.6944 -0.3179 0.6455
vn -0.6916 -0.3201 0.6475
vn -0.6916 -0.3201 0.6475
vn -0.6916 -0.3201 0.6475
vn -0.6916 -0.3201 0.6475
vn -0.5928 0.6363 -0.4937
vn -0.5928 0.6363 -0.4937
vn -0.5928 0.6363 -0.4937
vn -0.5928 0.6363 -0.4937
vn -0.8592 0.5117 0.0030
vn -0.8592 0.5117 0.0030
vn -0.8592 0.5117 0.0030
vn -0.8592 0.5117 0.0030
vn -0.9209 0.3874 -0.0427
vn -0.9209 0.3874 -0.0427
vn -0.9209 0.3874 -0.0427
vn -0.9209 0.3874 -0.0427
vn -0.6214 0.5415 -0.5662
vn -0.6214 0.5415 -0.5662
vn -0.6214 0.5415 -0.5662
vn -0.6214 0.5415 -0.5662
vn -0.6741 0.3489 -0.6510
vn -0.6741 0.3489 -0.6510
vn -0.6741 0.3489 -0.6510
vn -0.6741 0.3489 -0.6510
vn -0.9377 0.2998 -0.1754
vn -0.9377 0.2998 -0.1754
vn -0.9377 0.2998 -0.1754
vn -0.9377 0.2998 -0.1754
vn -0.9585 0.2167 -0.1850
vn -0.9585 0.2167 -0.1850
vn -0.9585 0.2167 -0.1850
vn -0.9585 0.2167 -0.1850
vn -0.6590 0.2788 -0.6986
vn -0.6590 0.2788 -0.6986
vn -0.6590 0.2788 -0.6986
vn -0.6590 0.2788 -0.6986
vn 0.6649 -0.2701 0.6964
vn 0.6649 -0.2701 0.6964
vn 0.6649 -0.2701 0.6964
vn 0.6649 -0.2701 0.6964
vn 0.9588 -0.2193 0.1808
vn 0.9588 -0.2193 0.1808
vn 0.9588 -0.2193 0.1808
vn 0.9588 -0.2193 0.1808
vn 0.9591 -0.2143 0.1849
vn 0.9591 -0.2143 0.1849
vn 0.9591 -0.2143 0.1849
vn 0.9591 -0.2143 0.1849
vn 0.6663 -0.2690 0.6955
vn 0.6663 -0.2690 0.6955
vn 0.6663 -0.2690 0.6955
vn 0.6663 -0.2690 0.6955
vn 0.7663 -0.0041 -0.6424
vn 0.7663 -0.0041 -0.6424
vn 0.7663 -0.0041 -0.6424
vn 0.7663 -0.0041 -0.6424
vn 0.2744 0.1816 -0.9443
vn 0.2744 0.1816 -0.9443
vn 0.2744 0.1816 -0.9443
vn 0.2744 0.1816 -0.9443
vn 0.1888 0.1817 -0.9651
vn 0.1888 0.1817 -0.9651
vn 0.1888 0.1817 -0.9651
vn 0.1888 0.1817 -0.9651
vn 0.7591 0.0040 -0.6509
vn 0.7591 0.0040 -0.6509
vn 0.7591 0.0040 -0.6509
vn 0.7591 0.0040 -0.6509
vn -0.9038 -0.3733 -0.2092
vn -0.9038 -0.3733 -0.2092
vn -0.9038 -0.3733 -0.2092
vn -0.9038 -0.3733 -0.2092
vn -0.9435 -0.2893 -0.1615
vn -0.9435 -0.2893 -0.1615
vn -0.9435 -0.2893 -0.1615
vn -0.9435 -0.2893 -0.1615
vn -0.5163 -0.0313 -0.8559
vn -0.5163 -0.0313 -0.8559
vn -0.5163 -0.0313 -0.8559
vn -0.5163 -0.0313 -0.8559
vn -0.5455 -0.1667 -0.8214
vn -0.5455 -0.1667 -0.8214
vn -0.5455 -0.1667 -0.8214
vn -0.5455 -0.1667 -0.8214
vn 0.6224 -0.5796 0.5261
vn 0.6224 -0.5796 0.5261
vn 0.6224 -0.5796 0.5261
vn 0.6224 -0.5796 0.5261
vn 0.8893 -0.4561 0.0331
vn 0.8893 -0.4561 0.0331
vn 0.8893 -0.4561 0.0331
vn 0.8893 -0.4561 0.0331
vn 0.9179 -0.3859 0.0919
vn 0.9179 -0.3859 0.0919
vn 0.9179 -0.3859 0.0919
vn 0.9179 -0.3859 0.0919
vn 0.6455 -0.5179 0.5613
vn 0.6455 -0.5179 0.5613
vn 0.6455 -0.5179 0.5613
vn 0.6455 -0.5179 0.5613
vn -0.1989 -0.2684 0.9426
vn -0.1989 -0.2684 0.9426
vn -0.1989 -0.2684 0.9426
vn -0.1989 -0.2684 0.9426
vn -0.5802 -0.0571 0.8125
vn -0.5802 -0.0571 0.8125
vn -0.5802 -0.0571 0.8125
vn -0.5802 -0.0571 0.8125
vn -0.5842 -0.1758 0.7924
vn -0.5842 -0.1758 0.7924
vn -0.5842 -0.1758 0.7924
vn -0.5842 -0.1758 0.7924
vn -0.1602 -0.3760 0.9126
vn -0.1602 -0.3760 0.9126
vn -0.1602 -0.3760 0.9126
vn -0.1602 -0.3760 0.9126
vn 0.7617 0.0311 -0.6472
vn 0.7617 0.0311 -0.6472
vn 0.7617 0.0311 -0.6472
vn 0.7617 0.0311 -0.6472
vn 0.7482 0.0738 -0.6594
vn 0.7482 0.0738 -0.6594
vn 0.7482 0.0738 -0.6594
vn 0.7482 0.0738 -0.6594
vn 0.4140 0.2811 -0.8658
vn 0.4140 0.2811 -0.8658
vn 0.4140 0.2811 -0.8658
vn 0.4140 0.2811 -0.8658
vn 0.3981 0.2918 -0.8697
vn 0.3981 0.2918 -0.8697
vn 0.3981 0.2918 -0.8697
vn 0.3981 0.2918 -0.8697
vn 0.9166 0.0685 -0.3938
vn 0.9166 0.0685 -0.3938
vn 0.9166 0.0685 -0.3938
vn 0.9166 0.0685 -0.3938
vn 0.9444 0.2993 -0.1362
vn 0.9444 0.2993 -0.1362
vn 0.9444 0.2993 -0.1362
vn 0.9444 0.2993 -0.1362
vn 0.3009 0.6170 -0.7272
vn 0.3009 0.6170 -0.7272
vn 0.3009 0.6170 -0.7272
vn 0.3009 0.6170 -0.7272
vn 0.7708 -0.1006 -0.6291
vn 0.7708 -0.1006 -0.6291
vn 0.7708 -0.1006 -0.6291
vn 0.7708 -0.1006 -0.6291
vn 0.0612 0.4150 0.9078
vn 0.0612 0.4150 0.9078
vn 0.0612 0.4150 0.9078
vn 0.0612 0.4150 0.9078
vn 0.1702 -0.4457 0.8788
vn 0.1702 -0.4457 0.8788
vn 0.1702 -0.4457 0.8788
vn 0.1702 -0.4457 0.8788
vn -0.1127 -0.4483 0.8867
vn -0.1127 -0.4483 0.8867
vn -0.1127 -0.4483 0.8867
vn -0.1127 -0.4483 0.8867
vn -0.5379 0.2082 0.8169
vn -0.5379 0.2082 0.8169
vn -0.5379 0.2082 0.8169
vn -0.5379 0.2082 0.8169
vn 0.3198 0.8476 0.4235
vn 0.3198 0.8476 0.4235
vn 0.3198 0.8476 0.4235
vn 0.3198 0.8476 0.4235
vn -0.0324 0.9269 0.3738
vn -0.0324 0.9269 0.3738
vn -0.0324 0.9269 0.3738
vn -0.0324 0.9269 0.3738
vn -0.5893 0.8063 0.0507
vn -0.5893 0.8063 0.0507
vn -0.5893 0.8063 0.0507
vn -0.5893 0.8063 0.0507
vn -0.3348 0.8788 -0.3401
vn -0.3348 0.8788 -0.3401
vn -0.3348 0.8788 -0.3401
vn -0.3348 0.8788 -0.3401
vn -0.5313 0.6849 0.4987
vn -0.5313 0.6849 0.4987
vn -0.5313 0.6849 0.4987
vn -0.5313 0.6849 0.4987
vn 0.2478 0.4468 0.8596
vn 0.2478 0.4468 0.8596
vn 0.2478 0.4468 0.8596
vn 0.2478 0.4468 0.8596
vn 0.1510 0.3947 0.9063
vn 0.1510 0.3947 0.9063
vn 0.1510 0.3947 0.9063
vn 0.1510 0.3947 0.9063
vn -0.4879 0.5718 0.6596
vn -0.4879 0.5718 0.6596
vn -0.4879 0.5718 0.6596
vn -0.4879 0.5718 0.6596
vn 0.7539 0.6311 -0.1827
vn 0.7539 0.6311 -0.1827
vn 0.7539 0.6311 -0.1827
vn 0.7539 0.6311 -0.1827
vn 0.8625 0.3258 -0.3874
vn 0.8625 0.3258 -0.3874
vn 0.8625 0.3258 -0.3874
vn 0.8625 0.3258 -0.3874
vn 0.9916 0.1028 -0.0780
vn 0.9916 0.1028 -0.0780
vn 0.9916 0.1028 -0.0780
vn 0.9916 0.1028 -0.0780
vn 0.8724 0.4527 0.1844
vn 0.8724 0.4527 0.1844
vn 0.8724 0.4527 0.1844
vn 0.8724 0.4527 0.1844
vn -0.6958 0.1207 -0.7080
vn -0.6958 0.1207 -0.7080
vn -0.6958 0.1207 -0.7080
vn -0.6958 0.1207 -0.7080
vn -0.6222 0.0823 -0.7785
vn -0.6222 0.0823 -0.7785
vn -0.6222 0.0823 -0.7785
vn -0.6222 0.0823 -0.7785
vn -0.1846 0.6739 -0.7153
vn -0.1846 0.6739 -0.7153
vn -0.1846 0.6739 -0.7153
vn -0.1846 0.6739 -0.7153
vn -0.3143 0.6976 -0.6439
vn -0.3143 0.6976 -0.6439
vn -0.3143 0.6976 -0.6439
vn -0.3143 0.6976 -0.6439
vn -0.3933 -0.9168 0.0700
vn -0.3933 -0.9168 0.0700
vn -0.3933 -0.9168 0.0700
vn -0.3933 -0.9168 0.0700
vn -0.4708 -0.8745 0.1167
vn -0.4708 -0.8745 0.1167
vn -0.4708 -0.8745 0.1167
vn -0.4708 -0.8745 0.1167
vn -0.6673 -0.7231 -0.1784
vn -0.6673 -0.7231 -0.1784
vn -0.6673 -0.7231 -0.1784
vn -0.6673 -0.7231 -0.1784
vn -0.6534 -0.7113 -0.2590
vn -0.6534 -0.7113 -0.2590
vn -0.6534 -0.7113 -0.2590
vn -0.6534 -0.7113 -0.2590
vn 0.3956 0.9137 -0.0932
vn 0.3956 0.9137 -0.0932
vn 0.3956 0.9137 -0.0932
vn 0.3956 0.9137 -0.0932
vn 0.5195 0.8500 -0.0876
vn 0.5195 0.8500 -0.0876
vn 0.5195 0.8500 -0.0876
vn 0.5195 0.8500 -0.0876
vn 0.7642 0.5565 0.3260
vn 0.7642 0.5565 0.3260
vn 0.7642 0.5565 0.3260
vn 0.7642 0.5565 0.3260
vn 0.7179 0.5881 0.3724
vn 0.7179 0.5881 0.3724
vn 0.7179 0.5881 0.3724
vn 0.7179 0.5881 0.3724
vn -0.7959 -0.1160 0.5942
vn -0.7959 -0.1160 0.5942
vn -0.7959 -0.1160 0.5942
vn -0.7959 -0.1160 0.5942
vn -0.7485 -0.0332 0.6623
vn -0.7485 -0.0332 0.6623
vn -0.7485 -0.0332 0.6623
vn -0.7485 -0.0332 0.6623
vn -0.9643 0.1718 0.2013
vn -0.9643 0.1718 0.2013
vn -0.9643 0.1718 0.2013
vn -0.9643 0.1718 0.2013
vn -0.9738 0.0596 0.2193
vn -0.9738 0.0596 0.2193
vn -0.9738 0.0596 0.2193
vn -0.9738 0.0596 0.2193
vn -0.6010 -0.7645 0.2331
vn -0.6010 -0.7645 0.2331
vn -0.6010 -0.7645 0.2331
vn -0.6010 -0.7645 0.2331
vn -0.7747 -0.4040 0.4865
vn -0.7747 -0.4040 0.4865
vn -0.7747 -0.4040 0.4865
vn -0.7747 -0.4040 0.4865
vn -0.8975 -0.3013 0.3220
vn -0.8975 -0.3013 0.3220
vn -0.8975 -0.3013 0.3220
vn -0.8975 -0.3013 0.3220
vn -0.7558 -0.6534 0.0425
vn -0.7558 -0.6534 0.0425
vn -0.7558 -0.6534 0.0425
vn -0.7558 -0.6534 0.0425
vn -0.9417 -0.2462 0.2292
vn -0.9417 -0.2462 0.2292
vn -0.9417 -0.2462 0.2292
vn -0.9417 -0.2462 0.2292
vn -0.9216 -0.2809 0.2680
vn -0.9216 -0.2809 0.2680
vn -0.9216 -0.2809 0.2680
vn -0.9216 -0.2809 0.2680
vn -0.8458 -0.5183 -0.1263
vn -0.8458 -0.5183 -0.1263
vn -0.8458 -0.5183 -0.1263
vn -0.8458 -0.5183 -0.1263
vn -0.8118 -0.5783 -0.0813
vn -0.8118 -0.5783 -0.0813
vn -0.8118 -0.5783 -0.0813
vn -0.8118 -0.5783 -0.0813
vn 0.8703 0.1169 0.4784
vn 0.8703 0.1169 0.4784
vn 0.8703 0.1169 0.4784
vn 0.8703 0.1169 0.4784
vn 0.9406 -0.0960 0.3257
vn 0.9406 -0.0960 0.3257
vn 0.9406 -0.0960 0.3257
vn 0.9406 -0.0960 0.3257
vn 0.5048 -0.3915 0.7693
vn 0.5048 -0.3915 0.7693
vn 0.5048 -0.3915 0.7693
vn 0.5048 -0.3915 0.7693
vn 0.5587 -0.4090 0.7215
vn 0.5587 -0.4090 0.7215
vn 0.5587 -0.4090 0.7215
vn 0.5587 -0.4090 0.7215
vn 0.1033 0.9926 0.0639
vn 0.1033 0.9926 0.0639
vn 0.1033 0.9926 0.0639
vn 0.1033 0.9926 0.0639
vn 0.3362 0.9386 -0.0778
vn 0.3362 0.9386 -0.0778
vn 0.3362 0.9386 -0.0778
vn 0.3362 0.9386 -0.0778
vn 0.6754 0.6259 0.3900
vn 0.6754 0.6259 0.3900
vn 0.6754 0.6259 0.3900
vn 0.6754 0.6259 0.3900
vn 0.5499 0.6518 0.5223
vn 0.5499 0.6518 0.5223
vn 0.5499 0.6518 0.5223
vn 0.5499 0.6518 0.5223
vn -0.2625 -0.9472 0.1842
vn -0.2625 -0.9472 0.1842
vn -0.2625 -0.9472 0.1842
vn -0.2625 -0.9472 0.1842
vn -0.3221 -0.9457 0.0435
vn -0.3221 -0.9457 0.0435
vn -0.3221 -0.9457 0.0435
vn -0.3221 -0.9457 0.0435
vn -0.6000 -0.7498 -0.2789
vn -0.6000 -0.7498 -0.2789
vn -0.6000 -0.7498 -0.2789
vn -0.6000 -0.7498 -0.2789
vn -0.6714 -0.7123 -0.2048
vn -0.6714 -0.7123 -0.2048
vn -0.6714 -0.7123 -0.2048
vn -0.6714 -0.7123 -0.2048
vn -0.7983 0.1356 -0.5868
vn -0.7983 0.1356 -0.5868
vn -0.7983 0.1356 -0.5868
vn -0.7983 0.1356 -0.5868
vn -0.6970 0.1085 -0.7088
vn -0.6970 0.1085 -0.7088
vn -0.6970 0.1085 -0.7088
vn -0.6970 0.1085 -0.7088
vn -0.3460 0.7002 -0.6245
vn -0.3460 0.7002 -0.6245
vn -0.3460 0.7002 -0.6245
vn -0.3460 0.7002 -0.6245
vn -0.5436 0.6719 -0.5030
vn -0.5436 0.6719 -0.5030
vn -0.5436 0.6719 -0.5030
vn -0.5436 0.6719 -0.5030
vn 0.6601 0.2837 0.6956
vn 0.6601 0.2837 0.6956
vn 0.6601 0.2837 0.6956
vn 0.6601 0.2837 0.6956
vn 0.7440 0.2446 0.6218
vn 0.7440 0.2446 0.6218
vn 0.7440 0.2446 0.6218
vn 0.7440 0.2446 0.6218
vn 0.5950 -0.3694 0.7137
vn 0.5950 -0.3694 0.7137
vn 0.5950 -0.3694 0.7137
vn 0.5950 -0.3694 0.7137
vn 0.5573 -0.3533 0.7514
vn 0.5573 -0.3533 0.7514
vn 0.5573 -0.3533 0.7514
vn 0.5573 -0.3533 0.7514
vn -0.8104 0.5840 0.0467
vn -0.8104 0.5840 0.0467
vn -0.8104 0.5840 0.0467
vn -0.8104 0.5840 0.0467
vn -0.2941 0.2536 0.9215
vn -0.2941 0.2536 0.9215
vn -0.2941 0.2536 0.9215
vn -0.2941 0.2536 0.9215
vn 0.9019 0.1972 0.3844
vn 0.9019 0.1972 0.3844
vn 0.9019 0.1972 0.3844
vn 0.9019 0.1972 0.3844
vn 0.3201 0.7970 -0.5122
vn 0.3201 0.7970 -0.5122
vn 0.3201 0.7970 -0.5122
vn 0.3201 0.7970 -0.5122
vn -0.6824 0.3755 -0.6272
vn -0.6824 0.3755 -0.6272
vn -0.6824 0.3755 -0.6272
vn -0.6824 0.3755 -0.6272
vn -0.7346 0.4568 -0.5017
vn -0.7346 0.4568 -0.5017
vn -0.7346 0.4568 -0.5017
vn -0.7346 0.4568 -0.5017
vn -0.0164 0.4952 -0.8686
vn -0.0164 0.4952 -0.8686
vn -0.0164 0.4952 -0.8686
vn -0.0164 0.4952 -0.8686
vn -0.0395 0.4055 -0.9132
vn -0.0395 0.4055 -0.9132
vn -0.0395 0.4055 -0.9132
vn -0.0395 0.4055 -0.9132
vn 0.9053 -0.2418 0.3493
vn 0.9053 -0.2418 0.3493
vn 0.9053 -0.2418 0.3493
vn 0.9053 -0.2418 0.3493
vn 0.9027 -0.1799 0.3909
vn 0.9027 -0.1799 0.3909
vn 0.9027 -0.1799 0.3909
vn 0.9027 -0.1799 0.3909
vn 0.3415 -0.2385 0.9091
vn 0.3415 -0.2385 0.9091
vn 0.3415 -0.2385 0.9091
vn 0.3415 -0.2385 0.9091
vn 0.4798 -0.3581 0.8010
vn 0.4798 -0.3581 0.8010
vn 0.4798 -0.3581 0.8010
vn 0.4798 -0.3581 0.8010
vn 0.7946 0.1511 -0.5880
vn 0.7946 0.1511 -0.5880
vn 0.7946 0.1511 -0.5880
vn 0.7946 0.1511 -0.5880
vn 0.7589 0.2780 -0.5889
vn 0.7589 0.2780 -0.5889
vn 0.7589 0.2780 -0.5889
vn 0.7589 0.2780 -0.5889
vn 0.9975 -0.0539 0.0454
vn 0.9975 -0.0539 0.0454
vn 0.9975 -0.0539 0.0454
vn 0.9975 -0.0539 0.0454
vn 0.9939 -0.1072 -0.0262
vn 0.9939 -0.1072 -0.0262
vn 0.9939 -0.1072 -0.0262
vn 0.9939 -0.1072 -0.0262
vn 0.8216 0.1944 -0.5359
vn 0.8216 0.1944 -0.5359
vn 0.8216 0.1944 -0.5359
vn 0.8216 0.1944 -0.5359
vn 0.7877 0.1732 -0.5913
vn 0.7877 0.1732 -0.5913
vn 0.7877 0.1732 -0.5913
vn 0.7877 0.1732 -0.5913
vn 0.9954 -0.0815 -0.0501
vn 0.9954 -0.0815 -0.0501
vn 0.9954 -0.0815 -0.0501
vn 0.9954 -0.0815 -0.0501
vn 0.9960 -0.0364 -0.0811
vn 0.9960 -0.0364 -0.0811
vn 0.9960 -0.0364 -0.0811
vn 0.9960 -0.0364 -0.0811
vn 0.9261 -0.1941 0.3237
vn 0.9261 -0.1941 0.3237
vn 0.9261 -0.1941 0.3237
vn 0.9261 -0.1941 0.3237
vn 0.9139 -0.2231 0.3391
vn 0.9139 -0.2231 0.3391
vn 0.9139 -0.2231 0.3391
vn 0.9139 -0.2231 0.3391
vn 0.4787 -0.3424 0.8085
vn 0.4787 -0.3424 0.8085
vn 0.4787 -0.3424 0.8085
vn 0.4787 -0.3424 0.8085
vn 0.4782 -0.3505 0.8053
vn 0.4782 -0.3505 0.8053
vn 0.4782 -0.3505 0.8053
vn 0.4782 -0.3505 0.8053
vn -0.7352 0.4439 -0.5123
vn -0.7352 0.4439 -0.5123
vn -0.7352 0.4439 -0.5123
vn -0.7352 0.4439 -0.5123
vn -0.7029 0.3874 -0.5966
vn -0.7029 0.3874 -0.5966
vn -0.7029 0.3874 -0.5966
vn -0.7029 0.3874 -0.5966
vn -0.0405 0.4255 -0.9040
vn -0.0405 0.4255 -0.9040
vn -0.0405 0.4255 -0.9040
vn -0.0405 0.4255 -0.9040
vn -0.0517 0.5064 -0.8607
vn -0.0517 0.5064 -0.8607
vn -0.0517 0.5064 -0.8607
vn -0.0517 0.5064 -0.8607
vn -0.7953 -0.1616 0.5843
vn -0.7953 -0.1616 0.5843
vn -0.7953 -0.1616 0.5843
vn -0.7953 -0.1616 0.5843
vn -0.7929 -0.1037 0.6005
vn -0.7929 -0.1037 0.6005
vn -0.7929 -0.1037 0.6005
vn -0.7929 -0.1037 0.6005
vn -0.9681 0.0642 0.2423
vn -0.9681 0.0642 0.2423
vn -0.9681 0.0642 0.2423
vn -0.9681 0.0642 0.2423
vn -0.9420 -0.0095 0.3355
vn -0.9420 -0.0095 0.3355
vn -0.9420 -0.0095 0.3355
vn -0.9420 -0.0095 0.3355
vn -0.8928 -0.3308 0.3056
vn -0.8928 -0.3308 0.3056
vn -0.8928 -0.3308 0.3056
vn -0.8928 -0.3308 0.3056
vn -0.9111 -0.2648 0.3159
vn -0.9111 -0.2648 0.3159
vn -0.9111 -0.2648 0.3159
vn -0.9111 -0.2648 0.3159
vn -0.8840 -0.3567 -0.3023
vn -0.8840 -0.3567 -0.3023
vn -0.8840 -0.3567 -0.3023
vn -0.8840 -0.3567 -0.3023
vn -0.8748 -0.4524 -0.1737
vn -0.8748 -0.4524 -0.1737
vn -0.8748 -0.4524 -0.1737
vn -0.8748 -0.4524 -0.1737
vn 0.3367 -0.5934 -0.7311
vn 0.3367 -0.5934 -0.7311
vn 0.3367 -0.5934 -0.7311
vn 0.3367 -0.5934 -0.7311
vn 0.2412 -0.4256 -0.8721
vn 0.2412 -0.4256 -0.8721
vn 0.2412 -0.4256 -0.8721
vn 0.2412 -0.4256 -0.8721
vn 0.6917 -0.0616 -0.7196
vn 0.6917 -0.0616 -0.7196
vn 0.6917 -0.0616 -0.7196
vn 0.6917 -0.0616 -0.7196
vn 0.7568 -0.1711 -0.6308
vn 0.7568 -0.1711 -0.6308
vn 0.7568 -0.1711 -0.6308
vn 0.7568 -0.1711 -0.6308
vn 0.8782 0.1868 -0.4404
vn 0.8782 0.1868 -0.4404
vn 0.8782 0.1868 -0.4404
vn 0.8782 0.1868 -0.4404
vn 0.8563 0.2284 -0.4632
vn 0.8563 0.2284 -0.4632
vn 0.8563 0.2284 -0.4632
vn 0.8563 0.2284 -0.4632
vn 0.7880 0.6077 0.0987
vn 0.7880 0.6077 0.0987
vn 0.7880 0.6077 0.0987
vn 0.7880 0.6077 0.0987
vn 0.7097 0.7044 -0.0123
vn 0.7097 0.7044 -0.0123
vn 0.7097 0.7044 -0.0123
vn 0.7097 0.7044 -0.0123
vn -0.0034 0.8769 0.4806
vn -0.0034 0.8769 0.4806
vn -0.0034 0.8769 0.4806
vn -0.0034 0.8769 0.4806
vn 0.1426 0.6729 0.7258
vn 0.1426 0.6729 0.7258
vn 0.1426 0.6729 0.7258
vn 0.1426 0.6729 0.7258
vn -0.4692 0.3668 0.8033
vn -0.4692 0.3668 0.8033
vn -0.4692 0.3668 0.8033
vn -0.4692 0.3668 0.8033
vn -0.5799 0.5682 0.5838
vn -0.5799 0.5682 0.5838
vn -0.5799 0.5682 0.5838
vn -0.5799 0.5682 0.5838
vn -0.6343 -0.0253 -0.7727
vn -0.6343 -0.0253 -0.7727
vn -0.6343 -0.0253 -0.7727
vn -0.6343 -0.0253 -0.7727
vn -0.8847 0.1031 0.4546
vn -0.8847 0.1031 0.4546
vn -0.8847 0.1031 0.4546
vn -0.8847 0.1031 0.4546
vn 0.4411 0.7728 0.4563
vn 0.4411 0.7728 0.4563
vn 0.4411 0.7728 0.4563
vn 0.4411 0.7728 0.4563
vn 0.4848 0.3850 -0.7854
vn 0.4848 0.3850 -0.7854
vn 0.4848 0.3850 -0.7854
vn 0.4848 0.3850 -0.7854
vn 0.2746 0.3802 0.8832
vn 0.2746 0.3802 0.8832
vn 0.2746 0.3802 0.8832
vn 0.2746 0.3802 0.8832
vn 0.3000 0.3768 0.8763
vn 0.3000 0.3768 0.8763
vn 0.3000 0.3768 0.8763
vn 0.3000 0.3768 0.8763
vn -0.4129 0.0775 0.9075
vn -0.4129 0.0775 0.9075
vn -0.4129 0.0775 0.9075
vn -0.4129 0.0775 0.9075
vn -0.3219 0.1141 0.9399
vn -0.3219 0.1141 0.9399
vn -0.3219 0.1141 0.9399
vn -0.3219 0.1141 0.9399
vn 0.8350 0.2686 -0.4802
vn 0.8350 0.2686 -0.4802
vn 0.8350 0.2686 -0.4802
vn 0.8350 0.2686 -0.4802
vn 0.7789 0.3172 -0.5410
vn 0.7789 0.3172 -0.5410
vn 0.7789 0.3172 -0.5410
vn 0.7789 0.3172 -0.5410
vn 0.8251 0.5055 0.2524
vn 0.8251 0.5055 0.2524
vn 0.8251 0.5055 0.2524
vn 0.8251 0.5055 0.2524
vn 0.8602 0.4693 0.1994
vn 0.8602 0.4693 0.1994
vn 0.8602 0.4693 0.1994
vn 0.8602 0.4693 0.1994
vn 0.1100 -0.2099 -0.9715
vn 0.1100 -0.2099 -0.9715
vn 0.1100 -0.2099 -0.9715
vn 0.1100 -0.2099 -0.9715
vn -0.0853 -0.1108 -0.9902
vn -0.0853 -0.1108 -0.9902
vn -0.0853 -0.1108 -0.9902
vn -0.0853 -0.1108 -0.9902
vn 0.5365 0.1543 -0.8297
vn 0.5365 0.1543 -0.8297
vn 0.5365 0.1543 -0.8297
vn 0.5365 0.1543 -0.8297
vn 0.6012 0.0691 -0.7961
vn 0.6012 0.0691 -0.7961
vn 0.6012 0.0691 -0.7961
vn 0.6012 0.0691 -0.7961
vn -0.0130 0.9444 -0.3285
vn -0.0130 0.9444 -0.3285
vn -0.0130 0.9444 -0.3285
vn -0.0130 0.9444 -0.3285
vn -0.0071 0.8884 0.4591
vn -0.0071 0.8884 0.4591
vn -0.0071 0.8884 0.4591
vn -0.0071 0.8884 0.4591
vn -0.5993 0.5657 0.5664
vn -0.5993 0.5657 0.5664
vn -0.5993 0.5657 0.5664
vn -0.5993 0.5657 0.5664
vn -0.7787 0.6211 0.0887
vn -0.7787 0.6211 0.0887
vn -0.7787 0.6211 0.0887
vn -0.7787 0.6211 0.0887
vn 0.7969 0.4709 -0.3784
vn 0.7969 0.4709 -0.3784
vn 0.7969 0.4709 -0.3784
vn 0.7969 0.4709 -0.3784
vn 0.8810 0.1906 -0.4330
vn 0.8810 0.1906 -0.4330
vn 0.8810 0.1906 -0.4330
vn 0.8810 0.1906 -0.4330
vn 0.7270 0.6860 -0.0277
vn 0.7270 0.6860 -0.0277
vn 0.7270 0.6860 -0.0277
vn 0.7270 0.6860 -0.0277
vn 0.7751 0.5332 -0.3390
vn 0.7751 0.5332 -0.3390
vn 0.7751 0.5332 -0.3390
vn 0.7751 0.5332 -0.3390
vn -0.1040 -0.3506 -0.9307
vn -0.1040 -0.3506 -0.9307
vn -0.1040 -0.3506 -0.9307
vn -0.1040 -0.3506 -0.9307
vn 0.3097 -0.5989 -0.7385
vn 0.3097 -0.5989 -0.7385
vn 0.3097 -0.5989 -0.7385
vn 0.3097 -0.5989 -0.7385
vn 0.7523 -0.1657 -0.6377
vn 0.7523 -0.1657 -0.6377
vn 0.7523 -0.1657 -0.6377
vn 0.7523 -0.1657 -0.6377
vn 0.4942 0.2575 -0.8303
vn 0.4942 0.2575 -0.8303
vn 0.4942 0.2575 -0.8303
vn 0.4942 0.2575 -0.8303
vn -0.9126 -0.2856 0.2927
vn -0.9126 -0.2856 0.2927
vn -0.9126 -0.2856 0.2927
vn -0.9126 -0.2856 0.2927
vn -0.9371 -0.2611 0.2315
vn -0.9371 -0.2611 0.2315
vn -0.9371 -0.2611 0.2315
vn -0.9371 -0.2611 0.2315
vn -0.8077 -0.5851 -0.0731
vn -0.8077 -0.5851 -0.0731
vn -0.8077 -0.5851 -0.0731
vn -0.8077 -0.5851 -0.0731
vn -0.7931 -0.6085 -0.0273
vn -0.7931 -0.6085 -0.0273
vn -0.7931 -0.6085 -0.0273
vn -0.7931 -0.6085 -0.0273
vn -0.7099 0.0183 0.7041
vn -0.7099 0.0183 0.7041
vn -0.7099 0.0183 0.7041
vn -0.7099 0.0183 0.7041
vn -0.2317 -0.1539 0.9605
vn -0.2317 -0.1539 0.9605
vn -0.2317 -0.1539 0.9605
vn -0.2317 -0.1539 0.9605
vn -0.2045 -0.1701 0.9640
vn -0.2045 -0.1701 0.9640
vn -0.2045 -0.1701 0.9640
vn -0.2045 -0.1701 0.9640
vn -0.7668 -0.0027 0.6419
vn -0.7668 -0.0027 0.6419
vn -0.7668 -0.0027 0.6419
vn -0.7668 -0.0027 0.6419
vn -0.7194 -0.6810 -0.1364
vn -0.7194 -0.6810 -0.1364
vn -0.7194 -0.6810 -0.1364
vn -0.7194 -0.6810 -0.1364
vn -0.8205 -0.5422 -0.1810
vn -0.8205 -0.5422 -0.1810
vn -0.8205 -0.5422 -0.1810
vn -0.8205 -0.5422 -0.1810
vn -0.4447 -0.3704 -0.8155
vn -0.4447 -0.3704 -0.8155
vn -0.4447 -0.3704 -0.8155
vn -0.4447 -0.3704 -0.8155
vn -0.3141 -0.5381 -0.7821
vn -0.3141 -0.5381 -0.7821
vn -0.3141 -0.5381 -0.7821
vn -0.3141 -0.5381 -0.7821
vn 0.5729 0.8153 0.0839
vn 0.5729 0.8153 0.0839
vn 0.5729 0.8153 0.0839
vn 0.5729 0.8153 0.0839
vn 0.7391 0.6563 0.1516
vn 0.7391 0.6563 0.1516
vn 0.7391 0.6563 0.1516
vn 0.7391 0.6563 0.1516
vn 0.3020 0.4506 0.8401
vn 0.3020 0.4506 0.8401
vn 0.3020 0.4506 0.8401
vn 0.3020 0.4506 0.8401
vn 0.1258 0.6448 0.7540
vn 0.1258 0.6448 0.7540
vn 0.1258 0.6448 0.7540
vn 0.1258 0.6448 0.7540
vn 0.3786 0.1046 -0.9196
vn 0.3786 0.1046 -0.9196
vn 0.3786 0.1046 -0.9196
vn 0.3786 0.1046 -0.9196
vn 0.3458 0.1800 -0.9209
vn 0.3458 0.1800 -0.9209
vn 0.3458 0.1800 -0.9209
vn 0.3458 0.1800 -0.9209
vn 0.6338 0.4431 -0.6340
vn 0.6338 0.4431 -0.6340
vn 0.6338 0.4431 -0.6340
vn 0.6338 0.4431 -0.6340
vn 0.5910 0.4582 -0.6639
vn 0.5910 0.4582 -0.6639
vn 0.5910 0.4582 -0.6639
vn 0.5910 0.4582 -0.6639
vn -0.1521 0.2768 -0.9488
vn -0.1521 0.2768 -0.9488
vn -0.1521 0.2768 -0.9488
vn -0.1521 0.2768 -0.9488
vn -0.9533 -0.2004 0.2261
vn -0.9533 -0.2004 0.2261
vn -0.9533 -0.2004 0.2261
vn -0.9533 -0.2004 0.2261
vn -0.0936 0.0531 0.9942
vn -0.0936 0.0531 0.9942
vn -0.0936 0.0531 0.9942
vn -0.0936 0.0531 0.9942
vn 0.7925 0.5554 -0.2518
vn 0.7925 0.5554 -0.2518
vn 0.7925 0.5554 -0.2518
vn 0.7925 0.5554 -0.2518
vn -0.2979 -0.1779 0.9379
vn -0.2979 -0.1779 0.9379
vn -0.2979 -0.1779 0.9379
vn -0.2979 -0.1779 0.9379
vn -0.2913 -0.1849 0.9386
vn -0.2913 -0.1849 0.9386
vn -0.2913 -0.1849 0.9386
vn -0.2913 -0.1849 0.9386
vn -0.7501 -0.3154 0.5813
vn -0.7501 -0.3154 0.5813
vn -0.7501 -0.3154 0.5813
vn -0.7501 -0.3154 0.5813
vn -0.6905 -0.3335 0.6419
vn -0.6905 -0.3335 0.6419
vn -0.6905 -0.3335 0.6419
vn -0.6905 -0.3335 0.6419
vn 0.3443 0.2454 -0.9062
vn 0.3443 0.2454 -0.9062
vn 0.3443 0.2454 -0.9062
vn 0.3443 0.2454 -0.9062
vn 0.2925 0.2837 -0.9132
vn 0.2925 0.2837 -0.9132
vn 0.2925 0.2837 -0.9132
vn 0.2925 0.2837 -0.9132
vn 0.7297 0.4040 -0.5516
vn 0.7297 0.4040 -0.5516
vn 0.7297 0.4040 -0.5516
vn 0.7297 0.4040 -0.5516
vn 0.7023 0.3892 -0.5961
vn 0.7023 0.3892 -0.5961
vn 0.7023 0.3892 -0.5961
vn 0.7023 0.3892 -0.5961
vn 0.8860 0.4165 0.2037
vn 0.8860 0.4165 0.2037
vn 0.8860 0.4165 0.2037
vn 0.8860 0.4165 0.2037
vn 0.9067 0.3919 0.1560
vn 0.9067 0.3919 0.1560
vn 0.9067 0.3919 0.1560
vn 0.9067 0.3919 0.1560
vn 0.4051 0.0981 0.9090
vn 0.4051 0.0981 0.9090
vn 0.4051 0.0981 0.9090
vn 0.4051 0.0981 0.9090
vn 0.4612 0.1739 0.8701
vn 0.4612 0.1739 0.8701
vn 0.4612 0.1739 0.8701
vn 0.4612 0.1739 0.8701
vn 0.4387 0.1664 -0.8831
vn 0.4387 0.1664 -0.8831
vn 0.4387 0.1664 -0.8831
vn 0.4387 0.1664 -0.8831
vn 0.4176 0.0604 -0.9066
vn 0.4176 0.0604 -0.9066
vn 0.4176 0.0604 -0.9066
vn 0.4176 0.0604 -0.9066
vn 0.6262 0.4046 -0.6665
vn 0.6262 0.4046 -0.6665
vn 0.6262 0.4046 -0.6665
vn 0.6262 0.4046 -0.6665
vn 0.4993 0.3774 -0.7799
vn 0.4993 0.3774 -0.7799
vn 0.4993 0.3774 -0.7799
vn 0.4993 0.3774 -0.7799
vn -0.0568 0.9419 -0.3311
vn -0.0568 0.9419 -0.3311
vn -0.0568 0.9419 -0.3311
vn -0.0568 0.9419 -0.3311
vn 0.6008 0.7967 0.0661
vn 0.6008 0.7967 0.0661
vn 0.6008 0.7967 0.0661
vn 0.6008 0.7967 0.0661
vn 0.1446 0.6283 0.7644
vn 0.1446 0.6283 0.7644
vn 0.1446 0.6283 0.7644
vn 0.1446 0.6283 0.7644
vn -0.4624 0.7716 0.4369
vn -0.4624 0.7716 0.4369
vn -0.4624 0.7716 0.4369
vn -0.4624 0.7716 0.4369
vn -0.9884 -0.1491 -0.0292
vn -0.9884 -0.1491 -0.0292
vn -0.9884 -0.1491 -0.0292
vn -0.9884 -0.1491 -0.0292
vn -0.7024 -0.7039 -0.1056
vn -0.7024 -0.7039 -0.1056
vn -0.7024 -0.7039 -0.1056
vn -0.7024 -0.7039 -0.1056
vn -0.2853 -0.5627 -0.7759
vn -0.2853 -0.5627 -0.7759
vn -0.2853 -0.5627 -0.7759
vn -0.2853 -0.5627 -0.7759
vn -0.5146 0.0453 -0.8562
vn -0.5146 0.0453 -0.8562
vn -0.5146 0.0453 -0.8562
vn -0.5146 0.0453 -0.8562
vn -0.4838 -0.0237 0.8749
vn -0.4838 -0.0237 0.8749
vn -0.4838 -0.0237 0.8749
vn -0.4838 -0.0237 0.8749
vn -0.4209 0.0028 0.9071
vn -0.4209 0.0028 0.9071
vn -0.4209 0.0028 0.9071
vn -0.4209 0.0028 0.9071
vn -0.6489 -0.3490 0.6761
vn -0.6489 -0.3490 0.6761
vn -0.6489 -0.3490 0.6761
vn -0.6489 -0.3490 0.6761
vn -0.6255 -0.2439 0.7412
vn -0.6255 -0.2439 0.7412
vn -0.6255 -0.2439 0.7412
vn -0.6255 -0.2439 0.7412
vn 0.9368 -0.0367 0.3480
vn 0.9368 -0.0367 0.3480
vn 0.9368 -0.0367 0.3480
vn 0.9368 -0.0367 0.3480
vn 0.9494 0.0762 0.3045
vn 0.9494 0.0762 0.3045
vn 0.9494 0.0762 0.3045
vn 0.9494 0.0762 0.3045
vn 0.3695 -0.1360 0.9192
vn 0.3695 -0.1360 0.9192
vn 0.3695 -0.1360 0.9192
vn 0.3695 -0.1360 0.9192
vn 0.4426 -0.2175 0.8699
vn 0.4426 -0.2175 0.8699
vn 0.4426 -0.2175 0.8699
vn 0.4426 -0.2175 0.8699
vn 0.8415 -0.5342 0.0806
vn 0.8415 -0.5342 0.0806
vn 0.8415 -0.5342 0.0806
vn 0.8415 -0.5342 0.0806
vn 0.9274 -0.2726 0.2562
vn 0.9274 -0.2726 0.2562
vn 0.9274 -0.2726 0.2562
vn 0.9274 -0.2726 0.2562
vn 0.4290 -0.4552 0.7802
vn 0.4290 -0.4552 0.7802
vn 0.4290 -0.4552 0.7802
vn 0.4290 -0.4552 0.7802
vn 0.3373 -0.7183 0.6085
vn 0.3373 -0.7183 0.6085
vn 0.3373 -0.7183 0.6085
vn 0.3373 -0.7183 0.6085
vn -0.4738 -0.3723 0.7981
vn -0.4738 -0.3723 0.7981
vn -0.4738 -0.3723 0.7981
vn -0.4738 -0.3723 0.7981
vn -0.4682 -0.3056 0.8291
vn -0.4682 -0.3056 0.8291
vn -0.4682 -0.3056 0.8291
vn -0.4682 -0.3056 0.8291
vn -0.8346 -0.0825 0.5446
vn -0.8346 -0.0825 0.5446
vn -0.8346 -0.0825 0.5446
vn -0.8346 -0.0825 0.5446
vn -0.7755 0.0228 0.6309
vn -0.7755 0.0228 0.6309
vn -0.7755 0.0228 0.6309
vn -0.7755 0.0228 0.6309
vn 0.5075 0.4895 -0.7091
vn 0.5075 0.4895 -0.7091
vn 0.5075 0.4895 -0.7091
vn 0.5075 0.4895 -0.7091
vn 0.4502 0.3872 -0.8046
vn 0.4502 0.3872 -0.8046
vn 0.4502 0.3872 -0.8046
vn 0.4502 0.3872 -0.8046
vn 0.8291 0.1682 -0.5332
vn 0.8291 0.1682 -0.5332
vn 0.8291 0.1682 -0.5332
vn 0.8291 0.1682 -0.5332
vn 0.8238 0.0990 -0.5581
vn 0.8238 0.0990 -0.5581
vn 0.8238 0.0990 -0.5581
vn 0.8238 0.0990 -0.5581
vn -0.0594 -0.0637 0.9962
vn -0.0594 -0.0637 0.9962
vn -0.0594 -0.0637 0.9962
vn -0.0594 -0.0637 0.9962
vn 0.9492 0.3059 -0.0740
vn 0.9492 0.3059 -0.0740
vn 0.9492 0.3059 -0.0740
vn 0.9492 0.3059 -0.0740
vn 0.0635 0.4129 -0.9086
vn 0.0635 0.4129 -0.9086
vn 0.0635 0.4129 -0.9086
vn 0.0635 0.4129 -0.9086
vn -0.9789 0.0294 0.2022
vn -0.9789 0.0294 0.2022
vn -0.9789 0.0294 0.2022
vn -0.9789 0.0294 0.2022
vn -0.4738 -0.2619 0.8408
vn -0.4738 -0.2619 0.8408
vn -0.4738 -0.2619 0.8408
vn -0.4738 -0.2619 0.8408
vn -0.4240 -0.2196 0.8786
vn -0.4240 -0.2196 0.8786
vn -0.4240 -0.2196 0.8786
vn -0.4240 -0.2196 0.8786
vn -0.8663 -0.1717 0.4690
vn -0.8663 -0.1717 0.4690
vn -0.8663 -0.1717 0.4690
vn -0.8663 -0.1717 0.4690
vn -0.8502 -0.1858 0.4926
vn -0.8502 -0.1858 0.4926
vn -0.8502 -0.1858 0.4926
vn -0.8502 -0.1858 0.4926
vn 0.4286 0.2818 -0.8584
vn 0.4286 0.2818 -0.8584
vn 0.4286 0.2818 -0.8584
vn 0.4286 0.2818 -0.8584
vn 0.3967 0.2906 -0.8708
vn 0.3967 0.2906 -0.8708
vn 0.3967 0.2906 -0.8708
vn 0.3967 0.2906 -0.8708
vn 0.8476 0.2458 -0.4702
vn 0.8476 0.2458 -0.4702
vn 0.8476 0.2458 -0.4702
vn 0.8476 0.2458 -0.4702
vn 0.8220 0.2119 -0.5286
vn 0.8220 0.2119 -0.5286
vn 0.8220 0.2119 -0.5286
vn 0.8220 0.2119 -0.5286
vn -0.9465 0.0391 -0.3204
vn -0.9465 0.0391 -0.3204
vn -0.9465 0.0391 -0.3204
vn -0.9465 0.0391 -0.3204
vn -0.9665 -0.0018 -0.2567
vn -0.9665 -0.0018 -0.2567
vn -0.9665 -0.0018 -0.2567
vn -0.9665 -0.0018 -0.2567
vn -0.3529 0.2232 -0.9086
vn -0.3529 0.2232 -0.9086
vn -0.3529 0.2232 -0.9086
vn -0.3529 0.2232 -0.9086
vn -0.4198 0.2318 -0.8775
vn -0.4198 0.2318 -0.8775
vn -0.4198 0.2318 -0.8775
vn -0.4198 0.2318 -0.8775
vn 0.6570 0.3947 -0.6423
vn 0.6570 0.3947 -0.6423
vn 0.6570 0.3947 -0.6423
vn 0.6570 0.3947 -0.6423
vn 0.5272 0.4623 -0.7130
vn 0.5272 0.4623 -0.7130
vn 0.5272 0.4623 -0.7130
vn 0.5272 0.4623 -0.7130
vn 0.8217 0.0890 -0.5629
vn 0.8217 0.0890 -0.5629
vn 0.8217 0.0890 -0.5629
vn 0.8217 0.0890 -0.5629
vn 0.7961 0.2178 -0.5646
vn 0.7961 0.2178 -0.5646
vn 0.7961 0.2178 -0.5646
vn 0.7961 0.2178 -0.5646
vn -0.5267 -0.2295 0.8185
vn -0.5267 -0.2295 0.8185
vn -0.5267 -0.2295 0.8185
vn -0.5267 -0.2295 0.8185
vn -0.4780 -0.3796 0.7921
vn -0.4780 -0.3796 0.7921
vn -0.4780 -0.3796 0.7921
vn -0.4780 -0.3796 0.7921
vn -0.7701 -0.0057 0.6379
vn -0.7701 -0.0057 0.6379
vn -0.7701 -0.0057 0.6379
vn -0.7701 -0.0057 0.6379
vn -0.6814 -0.0677 0.7288
vn -0.6814 -0.0677 0.7288
vn -0.6814 -0.0677 0.7288
vn -0.6814 -0.0677 0.7288
vn 0.9699 0.0868 0.2274
vn 0.9699 0.0868 0.2274
vn 0.9699 0.0868 0.2274
vn 0.9699 0.0868 0.2274
vn 0.8516 -0.5186 0.0759
vn 0.8516 -0.5186 0.0759
vn 0.8516 -0.5186 0.0759
vn 0.8516 -0.5186 0.0759
vn 0.3249 -0.7092 0.6256
vn 0.3249 -0.7092 0.6256
vn 0.3249 -0.7092 0.6256
vn 0.3249 -0.7092 0.6256
vn 0.2728 -0.1408 0.9517
vn 0.2728 -0.1408 0.9517
vn 0.2728 -0.1408 0.9517
vn 0.2728 -0.1408 0.9517
vn -0.3645 0.6434 0.6732
vn -0.3645 0.6434 0.6732
vn -0.3645 0.6434 0.6732
vn -0.3645 0.6434 0.6732
vn -0.7527 0.6546 0.0697
vn -0.7527 0.6546 0.0697
vn -0.7527 0.6546 0.0697
vn -0.7527 0.6546 0.0697
vn -0.2246 0.8472 -0.4815
vn -0.2246 0.8472 -0.4815
vn -0.2246 0.8472 -0.4815
vn -0.2246 0.8472 -0.4815
vn 0.4062 0.9084 -0.0989
vn 0.4062 0.9084 -0.0989
vn 0.4062 0.9084 -0.0989
vn 0.4062 0.9084 -0.0989
vn -0.3058 -0.8028 0.5119
vn -0.3058 -0.8028 0.5119
vn -0.3058 -0.8028 0.5119
vn -0.3058 -0.8028 0.5119
vn -0.8663 -0.4842 0.1228
vn -0.8663 -0.4842 0.1228
vn -0.8663 -0.4842 0.1228
vn -0.8663 -0.4842 0.1228
vn -0.8565 -0.3819 0.3471
vn -0.8565 -0.3819 0.3471
vn -0.8565 -0.3819 0.3471
vn -0.8565 -0.3819 0.3471
vn -0.2250 -0.7227 0.6535
vn -0.2250 -0.7227 0.6535
vn -0.2250 -0.7227 0.6535
vn -0.2250 -0.7227 0.6535
vn 0.8834 -0.4232 0.2010
vn 0.8834 -0.4232 0.2010
vn 0.8834 -0.4232 0.2010
vn 0.8834 -0.4232 0.2010
vn 0.5485 -0.6827 0.4827
vn 0.5485 -0.6827 0.4827
vn 0.5485 -0.6827 0.4827
vn 0.5485 -0.6827 0.4827
vn 0.6461 -0.5694 0.5082
vn 0.6461 -0.5694 0.5082
vn 0.6461 -0.5694 0.5082
vn 0.6461 -0.5694 0.5082
vn 0.9323 -0.2828 0.2255
vn 0.9323 -0.2828 0.2255
vn 0.9323 -0.2828 0.2255
vn 0.9323 -0.2828 0.2255
vn -0.8937 0.0798 -0.4415
vn -0.8937 0.0798 -0.4415
vn -0.8937 0.0798 -0.4415
vn -0.8937 0.0798 -0.4415
vn -0.6163 0.3440 -0.7084
vn -0.6163 0.3440 -0.7084
vn -0.6163 0.3440 -0.7084
vn -0.6163 0.3440 -0.7084
vn -0.6186 0.5634 -0.5477
vn -0.6186 0.5634 -0.5477
vn -0.6186 0.5634 -0.5477
vn -0.6186 0.5634 -0.5477
vn -0.9158 0.2801 -0.2879
vn -0.9158 0.2801 -0.2879
vn -0.9158 0.2801 -0.2879
vn -0.9158 0.2801 -0.2879
vn 0.4046 0.5892 -0.6994
vn 0.4046 0.5892 -0.6994
vn 0.4046 0.5892 -0.6994
vn 0.4046 0.5892 -0.6994
vn 0.8572 0.3336 -0.3924
vn 0.8572 0.3336 -0.3924
vn 0.8572 0.3336 -0.3924
vn 0.8572 0.3336 -0.3924
vn 0.8788 0.3477 -0.3269
vn 0.8788 0.3477 -0.3269
vn 0.8788 0.3477 -0.3269
vn 0.8788 0.3477 -0.3269
vn 0.2194 0.7135 -0.6654
vn 0.2194 0.7135 -0.6654
vn 0.2194 0.7135 -0.6654
vn 0.2194 0.7135 -0.6654
vn -0.9787 -0.0678 0.1937
vn -0.9787 -0.0678 0.1937
vn -0.9787 -0.0678 0.1937
vn -0.9787 -0.0678 0.1937
vn -0.9618 0.2710 0.0379
vn -0.9618 0.2710 0.0379
vn -0.9618 0.2710 0.0379
vn -0.9618 0.2710 0.0379
vn -0.9830 0.1705 0.0680
vn -0.9830 0.1705 0.0680
vn -0.9830 0.1705 0.0680
vn -0.9830 0.1705 0.0680
vn -0.9863 -0.0228 0.1632
vn -0.9863 -0.0228 0.1632
vn -0.9863 -0.0228 0.1632
vn -0.9863 -0.0228 0.1632
vn -0.4567 0.8596 -0.2293
vn -0.4567 0.8596 -0.2293
vn -0.4567 0.8596 -0.2293
vn -0.4567 0.8596 -0.2293
vn 0.6065 0.7317 -0.3110
vn 0.6065 0.7317 -0.3110
vn 0.6065 0.7317 -0.3110
vn 0.6065 0.7317 -0.3110
vn 0.4690 0.8713 0.1446
vn 0.4690 0.8713 0.1446
vn 0.4690 0.8713 0.1446
vn 0.4690 0.8713 0.1446
vn -0.6348 0.7570 0.1551
vn -0.6348 0.7570 0.1551
vn -0.6348 0.7570 0.1551
vn -0.6348 0.7570 0.1551
vn 0.2354 -0.7347 0.6362
vn 0.2354 -0.7347 0.6362
vn 0.2354 -0.7347 0.6362
vn 0.2354 -0.7347 0.6362
vn -0.5663 -0.6026 0.5623
vn -0.5663 -0.6026 0.5623
vn -0.5663 -0.6026 0.5623
vn -0.5663 -0.6026 0.5623
vn -0.6305 -0.3288 0.7032
vn -0.6305 -0.3288 0.7032
vn -0.6305 -0.3288 0.7032
vn -0.6305 -0.3288 0.7032
vn 0.1892 -0.4249 0.8853
vn 0.1892 -0.4249 0.8853
vn 0.1892 -0.4249 0.8853
vn 0.1892 -0.4249 0.8853
vn 0.9702 0.2097 -0.1215
vn 0.9702 0.2097 -0.1215
vn 0.9702 0.2097 -0.1215
vn 0.9702 0.2097 -0.1215
vn 0.9846 -0.1252 0.1217
vn 0.9846 -0.1252 0.1217
vn 0.9846 -0.1252 0.1217
vn 0.9846 -0.1252 0.1217
vn 0.9735 -0.0047 0.2288
vn 0.9735 -0.0047 0.2288
vn 0.9735 -0.0047 0.2288
vn 0.9735 -0.0047 0.2288
vn 0.9635 0.2584 0.0705
vn 0.9635 0.2584 0.0705
vn 0.9635 0.2584 0.0705
vn 0.9635 0.2584 0.0705
vn -0.1066 -0.7157 0.6902
vn -0.1066 -0.7157 0.6902
vn -0.1066 -0.7157 0.6902
vn -0.1066 -0.7157 0.6902
vn -0.7497 -0.4632 0.4726
vn -0.7497 -0.4632 0.4726
vn -0.7497 -0.4632 0.4726
vn -0.7497 -0.4632 0.4726
vn -0.6183 -0.5584 0.5531
vn -0.6183 -0.5584 0.5531
vn -0.6183 -0.5584 0.5531
vn -0.6183 -0.5584 0.5531
vn -0.0292 -0.7234 0.6898
vn -0.0292 -0.7234 0.6898
vn -0.0292 -0.7234 0.6898
vn -0.0292 -0.7234 0.6898
vn 0.0858 0.7250 -0.6834
vn 0.0858 0.7250 -0.6834
vn 0.0858 0.7250 -0.6834
vn 0.0858 0.7250 -0.6834
vn 0.7947 0.4355 -0.4229
vn 0.7947 0.4355 -0.4229
vn 0.7947 0.4355 -0.4229
vn 0.7947 0.4355 -0.4229
vn 0.6697 0.5437 -0.5058
vn 0.6697 0.5437 -0.5058
vn 0.6697 0.5437 -0.5058
vn 0.6697 0.5437 -0.5058
vn -0.0109 0.7527 -0.6583
vn -0.0109 0.7527 -0.6583
vn -0.0109 0.7527 -0.6583
vn -0.0109 0.7527 -0.6583
vn -0.9469 0.2604 -0.1886
vn -0.9469 0.2604 -0.1886
vn -0.9469 0.2604 -0.1886
vn -0.9469 0.2604 -0.1886
vn -0.6667 0.5668 -0.4840
vn -0.6667 0.5668 -0.4840
vn -0.6667 0.5668 -0.4840
vn -0.6667 0.5668 -0.4840
vn -0.7330 0.5395 -0.4144
vn -0.7330 0.5395 -0.4144
vn -0.7330 0.5395 -0.4144
vn -0.7330 0.5395 -0.4144
vn -0.9862 0.1506 -0.0681
vn -0.9862 0.1506 -0.0681
vn -0.9862 0.1506 -0.0681
vn -0.9862 0.1506 -0.0681
vn 0.0415 -0.5607 -0.8270
vn 0.0415 -0.5607 -0.8270
vn 0.0415 -0.5607 -0.8270
vn 0.0415 -0.5607 -0.8270
vn 0.0922 -0.3454 -0.9339
vn 0.0922 -0.3454 -0.9339
vn 0.0922 -0.3454 -0.9339
vn 0.0922 -0.3454 -0.9339
vn 0.5996 -0.3018 -0.7412
vn 0.5996 -0.3018 -0.7412
vn 0.5996 -0.3018 -0.7412
vn 0.5996 -0.3018 -0.7412
vn 0.6118 -0.4400 -0.6573
vn 0.6118 -0.4400 -0.6573
vn 0.6118 -0.4400 -0.6573
vn 0.6118 -0.4400 -0.6573
vn 0.9879 0.0664 -0.1401
vn 0.9879 0.0664 -0.1401
vn 0.9879 0.0664 -0.1401
vn 0.9879 0.0664 -0.1401
vn 0.9018 -0.3549 0.2467
vn 0.9018 -0.3549 0.2467
vn 0.9018 -0.3549 0.2467
vn 0.9018 -0.3549 0.2467
vn 0.9669 -0.2372 0.0940
vn 0.9669 -0.2372 0.0940
vn 0.9669 -0.2372 0.0940
vn 0.9669 -0.2372 0.0940
vn 0.9719 0.1293 -0.1966
vn 0.9719 0.1293 -0.1966
vn 0.9719 0.1293 -0.1966
vn 0.9719 0.1293 -0.1966
vn 0.0527 -0.7609 0.6468
vn 0.0527 -0.7609 0.6468
vn 0.0527 -0.7609 0.6468
vn 0.0527 -0.7609 0.6468
vn -0.5617 -0.6269 0.5400
vn -0.5617 -0.6269 0.5400
vn -0.5617 -0.6269 0.5400
vn -0.5617 -0.6269 0.5400
vn -0.5619 -0.6477 0.5146
vn -0.5619 -0.6477 0.5146
vn -0.5619 -0.6477 0.5146
vn -0.5619 -0.6477 0.5146
vn 0.1655 -0.7790 0.6048
vn 0.1655 -0.7790 0.6048
vn 0.1655 -0.7790 0.6048
vn 0.1655 -0.7790 0.6048
vn -0.1312 0.8333 -0.5370
vn -0.1312 0.8333 -0.5370
vn -0.1312 0.8333 -0.5370
vn -0.1312 0.8333 -0.5370
vn 0.6132 0.6242 -0.4840
vn 0.6132 0.6242 -0.4840
vn 0.6132 0.6242 -0.4840
vn 0.6132 0.6242 -0.4840
vn 0.6108 0.6940 -0.3813
vn 0.6108 0.6940 -0.3813
vn 0.6108 0.6940 -0.3813
vn 0.6108 0.6940 -0.3813
vn -0.3224 0.8911 -0.3192
vn -0.3224 0.8911 -0.3192
vn -0.3224 0.8911 -0.3192
vn -0.3224 0.8911 -0.3192
vn -0.9997 0.0210 0.0079
vn -0.9997 0.0210 0.0079
vn -0.9997 0.0210 0.0079
vn -0.9997 0.0210 0.0079
vn -0.8369 0.4714 -0.2781
vn -0.8369 0.4714 -0.2781
vn -0.8369 0.4714 -0.2781
vn -0.8369 0.4714 -0.2781
vn -0.9290 0.3569 -0.0975
vn -0.9290 0.3569 -0.0975
vn -0.9290 0.3569 -0.0975
vn -0.9290 0.3569 -0.0975
vn -0.9958 -0.0576 0.0714
vn -0.9958 -0.0576 0.0714
vn -0.9958 -0.0576 0.0714
vn -0.9958 -0.0576 0.0714
v -0.03011 0.33454 -0.05013
v -0.02244 0.34786 -0.03608
v -0.00041 0.32576 -0.03834
v -0.03862 0.33199 -0.01902
v -0.03898 0.33503 -0.01443
v -0.03065 0.34925 -0.00696
v -0.01400 0.36167 -0.02044
v 0.00768 0.33768 -0.02510
v 0.00739 0.33045 -0.03081
v -0.00705 0.38595 -0.00869
v -0.01543 0.37827 -0.00201
v -0.00523 0.39584 -0.00592
v 0.00732 0.36635 -0.01136
v -0.04233 0.33433 0.02844
v -0.03035 0.34776 0.01787
v -0.03631 0.32276 -0.00200
v -0.00941 0.33339 0.03082
v -0.00497 0.33334 0.03012
v 0.00017 0.34727 0.02001
v -0.01680 0.36173 0.00641
v -0.02543 0.33593 -0.01310
v -0.03074 0.32791 -0.01135
v -0.00729 0.38599 -0.00339
v 0.00117 0.37990 0.00345
v -0.00521 0.39584 -0.00600
v -0.01262 0.36454 -0.01642
v 0.04023 0.32463 -0.02252
v 0.02558 0.34041 -0.01747
v 0.02356 0.32000 0.00497
v 0.01089 0.32524 -0.03596
v 0.00653 0.32882 -0.03712
v -0.00174 0.34395 -0.03036
v 0.00926 0.35695 -0.01194
v 0.00953 0.33191 0.01058
v 0.01495 0.32277 0.01134
v -0.00267 0.38331 -0.00739
v -0.00814 0.37549 -0.01663
v -0.00538 0.39369 -0.00621
v -0.00298 0.36491 0.00752
v 0.01846 0.32542 0.03624
v 0.01084 0.34094 0.02268
v -0.01198 0.32294 0.02571
v 0.02548 0.32235 0.00476
v 0.02571 0.32251 0.00018
v 0.01775 0.33836 -0.00678
v 0.00241 0.35718 0.00757
v -0.02010 0.33490 0.01295
v -0.01992 0.32611 0.01856
v -0.00391 0.38334 -0.00362
v 0.00379 0.37423 -0.01074
v -0.00538 0.39369 -0.00621
v -0.01896 0.36671 -0.00050
v 0.02929 0.37938 -0.00062
v 0.01836 0.38660 -0.00245
v 0.00939 0.36583 0.01110
v 0.01505 0.36810 -0.01890
v 0.01268 0.36986 -0.02111
v 0.00530 0.38151 -0.01972
v 0.00615 0.39160 -0.00456
v -0.00121 0.37654 0.00989
v 0.00192 0.37045 0.01224
v -0.00283 0.40824 -0.00586
v -0.00321 0.40328 -0.01343
v -0.00489 0.41553 -0.00610
v -0.00801 0.39712 0.00356
v 0.00714 0.38253 -0.03930
v 0.00316 0.38876 -0.02881
v 0.01427 0.36603 -0.01779
v -0.01385 0.37126 -0.02947
v -0.01648 0.37294 -0.02757
v -0.01651 0.38371 -0.01976
v -0.00138 0.39266 -0.01719
v 0.01101 0.37572 -0.00741
v 0.01388 0.36978 -0.01014
v -0.00432 0.40845 -0.00825
v -0.01187 0.40406 -0.00958
v -0.00489 0.41553 -0.00610
v 0.00366 0.39607 -0.00154
v -0.04011 0.38884 -0.01314
v -0.02899 0.39374 -0.01077
v -0.02040 0.37185 -0.02416
v -0.02726 0.37395 0.00559
v -0.02493 0.37512 0.00792
v -0.01700 0.38529 0.00697
v -0.01672 0.39616 -0.00809
v -0.00943 0.38031 -0.02238
v -0.01271 0.37498 -0.02493
v -0.00711 0.41085 -0.00621
v -0.00729 0.40551 0.00131
v -0.00474 0.41769 -0.00580
v -0.00203 0.39915 -0.01553
v -0.00272 0.38437 0.02931
v -0.00308 0.39072 0.01811
v -0.01689 0.36647 0.01193
v 0.01338 0.37517 0.01236
v 0.01507 0.37708 0.00962
v 0.01193 0.38760 0.00240
v -0.00328 0.39478 0.00564
v -0.01796 0.37620 0.00111
v -0.01946 0.37003 0.00469
v -0.00427 0.41061 -0.00369
v 0.00333 0.40711 -0.00527
v -0.00472 0.41769 -0.00589
v -0.01385 0.39716 -0.00701
v -0.03803 0.41208 -0.06563
v -0.02779 0.42985 -0.04689
v 0.00160 0.40036 -0.04990
v -0.04939 0.40868 -0.02411
v -0.04987 0.41273 -0.01799
v -0.03875 0.43171 -0.00802
v -0.01654 0.44828 -0.02601
v 0.01240 0.41626 -0.03223
v 0.01201 0.40662 -0.03985
v -0.00725 0.48069 -0.01033
v -0.01844 0.47044 -0.00142
v -0.00483 0.49389 -0.00663
v 0.01191 0.45452 -0.01389
v -0.05433 0.41180 0.03922
v -0.03835 0.42972 0.02512
v -0.04630 0.39635 -0.00140
v -0.01041 0.41054 0.04239
v -0.00448 0.41047 0.04147
v 0.00238 0.42906 0.02797
v -0.02027 0.44837 0.00982
v -0.03179 0.41394 -0.01621
v -0.03887 0.40323 -0.01388
v -0.00758 0.48074 -0.00325
v 0.00371 0.47261 0.00587
v -0.00481 0.49389 -0.00674
v -0.01469 0.45211 -0.02064
v 0.05584 0.39885 -0.02878
v 0.03630 0.41991 -0.02204
v 0.03359 0.39267 0.00790
v 0.01669 0.39967 -0.04672
v 0.01087 0.40444 -0.04826
v -0.00017 0.42464 -0.03925
v 0.01451 0.44198 -0.01466
v 0.01487 0.40856 0.01538
v 0.02210 0.39637 0.01640
v -0.00142 0.47716 -0.00859
v -0.00872 0.46672 -0.02092
v -0.00503 0.49101 -0.00702
v -0.00182 0.45261 0.01131
v 0.02679 0.39991 0.04963
v 0.01662 0.42061 0.03154
v -0.01383 0.39659 0.03557
v 0.03615 0.39581 0.00762
v 0.03646 0.39602 0.00151
v 0.02584 0.41718 -0.00778
v 0.00537 0.44228 0.01137
v -0.02467 0.41256 0.01854
v -0.02444 0.40083 0.02604
v -0.00307 0.47720 -0.00356
v 0.00721 0.46504 -0.01307
v -0.00503 0.49101 -0.00702
v -0.02315 0.45501 0.00059
v 0.04124 0.47192 0.00044
v 0.02665 0.48155 -0.00200
v 0.01468 0.45384 0.01608
v 0.02223 0.45687 -0.02396
v 0.01908 0.45921 -0.02690
v 0.00923 0.47476 -0.02504
v 0.01035 0.48823 -0.00481
v 0.00053 0.46812 0.01447
v 0.00471 0.45999 0.01760
v -0.00162 0.51043 -0.00655
v -0.00213 0.50381 -0.01666
v -0.00438 0.52016 -0.00687
v -0.00854 0.49559 0.00602
v 0.01167 0.47612 -0.05119
v 0.00637 0.48443 -0.03718
v 0.02120 0.45410 -0.02248
v -0.01633 0.46108 -0.03806
v -0.01984 0.46333 -0.03553
v -0.01988 0.47769 -0.02511
v 0.00030 0.48964 -0.02167
v 0.01685 0.46703 -0.00862
v 0.02068 0.45910 -0.01227
v -0.00362 0.51071 -0.00975
v -0.01368 0.50485 -0.01152
v -0.00438 0.52016 -0.00687
v 0.00704 0.49418 -0.00078
v -0.05138 0.48454 -0.01627
v -0.03654 0.49107 -0.01310
v -0.02507 0.46186 -0.03098
v -0.03423 0.46467 0.00873
v -0.03112 0.46624 0.01183
v -0.02054 0.47981 0.01057
v -0.02016 0.49431 -0.00953
v -0.01043 0.47315 -0.02860
v -0.01481 0.46604 -0.03200
v -0.00733 0.51392 -0.00702
v -0.00757 0.50679 0.00302
v -0.00417 0.52304 -0.00648
v -0.00056 0.49830 -0.01946
v -0.00148 0.47858 0.04038
v -0.00196 0.48705 0.02544
v -0.02038 0.45468 0.01719
v 0.02001 0.46629 0.01776
v 0.02227 0.46885 0.01411
v 0.01807 0.48289 0.00447
v -0.00222 0.49247 0.00880
v -0.02182 0.46767 0.00274
v -0.02382 0.45943 0.00753
v -0.00354 0.51360 -0.00366
v 0.00660 0.50892 -0.00577
v -0.00415 0.52304 -0.00659
v -0.01633 0.49565 -0.00809
v -0.00448 0.85124 0.04814
v 0.01611 0.86496 0.03979
v 0.00978 0.88414 0.02736
v -0.00981 0.85173 0.03523
v -0.01967 0.89525 0.00549
v -0.00235 0.92451 0.00343
v -0.00645 0.93195 -0.00567
v -0.01455 0.90436 -0.00738
v 0.00775 0.89183 0.02354
v -0.01173 0.85555 0.03119
v 0.00301 0.90720 0.01419
v 0.02997 0.88884 0.00154
v 0.01979 0.90554 -0.00999
v 0.02642 0.86101 0.06394
v 0.02157 0.85958 0.05198
v 0.00523 0.84640 0.05884
v 0.00916 0.91040 -0.01668
v -0.01720 0.86889 0.01997
v 0.03868 0.85470 0.04570
v 0.04138 0.86710 0.03023
v 0.03873 0.87678 0.01633
v 0.03783 0.88055 0.01202
v -0.05012 0.83402 -0.02666
v -0.04645 0.83123 -0.00317
v -0.03428 0.85792 -0.00486
v -0.03736 0.85093 -0.02895
v -0.00966 0.89697 -0.02719
v -0.01240 0.91160 -0.00625
v -0.00369 0.92412 -0.00726
v 0.00145 0.90505 -0.01871
v -0.03076 0.86781 -0.00512
v -0.03353 0.85792 -0.02943
v -0.02204 0.88850 -0.00586
v -0.01127 0.85283 0.01852
v -0.00039 0.88143 0.01381
v -0.07235 0.81206 0.00288
v -0.05955 0.81802 -0.00009
v -0.06206 0.81662 -0.01952
v 0.00702 0.89572 0.00591
v -0.02256 0.87333 -0.03088
v -0.05420 0.80325 0.01521
v -0.03940 0.81796 0.02122
v -0.02558 0.82783 0.02206
v -0.02150 0.83240 0.02250
v -0.04619 0.83531 0.01997
v -0.02656 0.84885 0.03272
v -0.02075 0.87341 0.02145
v -0.03967 0.84343 0.00803
v -0.02229 0.90318 -0.01350
v -0.00899 0.92374 0.00141
v -0.00432 0.93492 -0.00648
v -0.00884 0.91233 -0.01669
v -0.01896 0.88272 0.01819
v -0.03775 0.85039 0.00452
v -0.01442 0.90203 0.01018
v 0.01202 0.87130 0.02019
v 0.01482 0.89809 0.00741
v -0.03837 0.83448 0.05640
v -0.03233 0.83814 0.04477
v -0.04865 0.83159 0.03444
v 0.01345 0.90927 -0.00414
v -0.03244 0.87194 -0.00522
v -0.01719 0.82705 0.05215
v -0.00359 0.84156 0.04478
v 0.00597 0.84856 0.03451
v 0.00888 0.85266 0.03149
v 0.05935 0.86432 -0.01041
v 0.04897 0.87833 -0.03099
v 0.03414 0.89379 -0.02385
v 0.04528 0.86758 -0.00380
v 0.01145 0.89074 0.00869
v 0.00645 0.92407 -0.00888
v -0.00356 0.92892 -0.00371
v -0.00326 0.89752 0.00411
v 0.02956 0.89996 -0.02145
v 0.04079 0.87003 -0.00145
v 0.01875 0.90997 -0.01580
v 0.00465 0.89016 -0.04510
v -0.00817 0.90319 -0.03288
v 0.07571 0.88098 -0.04205
v 0.06286 0.87598 -0.03668
v 0.07130 0.86194 -0.02080
v -0.01505 0.90510 -0.02085
v 0.02834 0.87490 0.00503
v 0.05469 0.87239 -0.05602
v 0.03634 0.88089 -0.05893
v 0.02077 0.88377 -0.05567
v 0.01597 0.88548 -0.05443
v -0.04518 0.85289 -0.04511
v -0.03836 0.85765 -0.03154
v -0.01908 0.89026 -0.04124
v -0.02514 0.87159 -0.05543
v -0.02078 0.89000 -0.00164
v -0.00688 0.90164 0.00346
v -0.00387 0.93355 -0.00324
v -0.00833 0.92647 -0.01330
v -0.03631 0.85933 -0.02708
v -0.01738 0.89741 -0.03672
v -0.01297 0.90976 -0.02593
v 0.01894 0.91202 -0.02316
v 0.01702 0.89669 -0.04036
v -0.03914 0.86796 -0.08024
v -0.04783 0.84826 -0.06043
v -0.03213 0.86602 -0.06816
v 0.01698 0.91472 -0.00947
v -0.03064 0.86568 -0.01455
v 0.00111 0.88014 -0.07025
v -0.01416 0.86646 -0.07868
v 0.01402 0.88986 -0.05452
v 0.01109 0.88696 -0.05836
v 0.02886 0.81022 0.04098
v 0.03965 0.81489 0.02062
v 0.02758 0.83404 0.01362
v 0.01650 0.81057 0.03447
v -0.00846 0.85212 0.01458
v 0.00452 0.87425 -0.00019
v -0.00417 0.88159 -0.00513
v -0.01251 0.85715 0.00085
v 0.02388 0.84171 0.01138
v 0.01259 0.81437 0.03230
v 0.01485 0.85703 0.00601
v 0.02645 0.82719 -0.01906
v 0.01193 0.84544 -0.02277
v 0.06291 0.81115 0.03284
v 0.05146 0.80958 0.02689
v 0.04295 0.80366 0.04342
v -0.00027 0.85300 -0.02158
v 0.00173 0.82765 0.02614
v 0.06021 0.79758 0.01178
v 0.05276 0.80630 -0.00266
v 0.04217 0.81454 -0.01234
v 0.03886 0.81788 -0.01536
v -0.05473 0.79787 0.01411
v -0.03690 0.79756 0.02989
v -0.02770 0.81910 0.01885
v -0.04585 0.80949 0.00302
v -0.02186 0.84494 -0.01669
v -0.00987 0.86366 -0.00022
v -0.00341 0.87264 -0.00744
v -0.00764 0.85021 -0.01786
v -0.02481 0.82749 0.01565
v -0.04298 0.81488 -0.00031
v -0.01784 0.84453 0.00797
v 0.00466 0.80950 0.02259
v 0.01102 0.83289 0.00991
v -0.05342 0.78909 0.05227
v -0.04538 0.78983 0.04151
v -0.05988 0.78625 0.02842
v 0.01211 0.84297 -0.00189
v -0.03498 0.82581 -0.00952
v -0.03203 0.77583 0.05095
v -0.01633 0.78588 0.04508
v -0.00491 0.79070 0.03626
v -0.00134 0.79377 0.03367
v -0.02162 0.80519 0.04700
v 0.00205 0.81341 0.04329
v 0.00015 0.83362 0.02913
v -0.02405 0.80888 0.03318
v -0.02239 0.85782 0.00115
v -0.00187 0.87558 0.00250
v -0.00296 0.88360 -0.00732
v -0.01387 0.86141 -0.01045
v -0.00022 0.84159 0.02479
v -0.02458 0.81446 0.02875
v -0.00118 0.85763 0.01431
v 0.02416 0.81946 0.00778
v 0.01909 0.84271 -0.00583
v 0.00779 0.80738 0.06986
v 0.00502 0.80692 0.05694
v -0.01430 0.80474 0.05984
v 0.01104 0.85233 -0.01464
v -0.02599 0.83214 0.01630
v 0.02085 0.79172 0.05393
v 0.02699 0.79986 0.03865
v 0.02790 0.80162 0.02428
v 0.02833 0.80410 0.01983
v 0.04010 0.79054 -0.04462
v 0.01948 0.80476 -0.05487
v 0.01344 0.82646 -0.04137
v 0.03380 0.79990 -0.03102
v 0.01706 0.83692 -0.00215
v 0.00324 0.86866 -0.01503
v -0.00083 0.87788 -0.00521
v 0.00320 0.84818 0.00305
v 0.01175 0.83458 -0.03717
v 0.03201 0.80431 -0.02662
v 0.00757 0.84923 -0.02688
v -0.02282 0.83019 -0.03874
v -0.02416 0.84959 -0.02245
v 0.03277 0.79589 -0.08027
v 0.02628 0.79650 -0.06772
v 0.04237 0.78219 -0.05983
v -0.02156 0.85590 -0.00914
v 0.02691 0.81465 -0.01426
v 0.00745 0.79284 -0.07701
v -0.00803 0.80737 -0.06840
v -0.01764 0.81637 -0.05638
v -0.02042 0.81999 -0.05256
v -0.06214 0.81165 -0.00452
v -0.04802 0.81603 0.00114
v -0.03835 0.83952 -0.02093
v -0.05284 0.82110 -0.02643
v -0.01410 0.84622 0.01027
v 0.00020 0.85344 0.00450
v -0.00059 0.88262 -0.00503
v -0.01074 0.87567 -0.00931
v -0.04352 0.81765 0.00311
v -0.03386 0.84664 -0.01913
v -0.02307 0.85891 -0.01468
v 0.00304 0.85000 -0.03277
v -0.01011 0.83288 -0.04342
v -0.07962 0.81863 -0.03622
v -0.07421 0.80561 -0.01414
v -0.06657 0.81612 -0.03128
v 0.01049 0.85555 -0.02134
v -0.03088 0.82384 0.00857
v -0.04212 0.81760 -0.05485
v -0.05969 0.80835 -0.05058
v -0.02178 0.82498 -0.05176
v -0.02660 0.82258 -0.05261
v -0.03144 0.90555 -0.05486
v -0.02313 0.92102 -0.03934
v 0.00160 0.89792 -0.04178
v -0.04083 0.90266 -0.02037
v -0.04128 0.90607 -0.01530
v -0.03225 0.92248 -0.00706
v -0.01399 0.93710 -0.02205
v 0.01039 0.91184 -0.02714
v 0.01018 0.90373 -0.03344
v -0.00662 0.96464 -0.00911
v -0.01580 0.95569 -0.00168
v -0.00476 0.97576 -0.00607
v 0.00957 0.94380 -0.01200
v -0.04498 0.90573 0.03224
v -0.03190 0.92123 0.02047
v -0.03814 0.89283 -0.00147
v -0.00849 0.90684 0.03487
v -0.00356 0.90706 0.03410
v 0.00193 0.92267 0.02284
v -0.01709 0.93741 0.00771
v -0.02628 0.90796 -0.01382
v -0.03205 0.89876 -0.01186
v -0.00690 0.96475 -0.00323
v 0.00256 0.95865 0.00437
v -0.00474 0.97576 -0.00616
v -0.01250 0.94043 -0.01760
v 0.04665 0.89952 -0.02423
v 0.03019 0.91614 -0.01868
v 0.02824 0.89373 0.00626
v 0.01413 0.89810 -0.03913
v 0.00925 0.90177 -0.04043
v -0.00014 0.91811 -0.03299
v 0.01186 0.93350 -0.01261
v 0.01253 0.90611 0.01244
v 0.01866 0.89635 0.01331
v -0.00174 0.96201 -0.00766
v -0.00769 0.95286 -0.01787
v -0.00490 0.97336 -0.00639
v -0.00181 0.94183 0.00894
v 0.02251 0.89989 0.04091
v 0.01384 0.91639 0.02583
v -0.01118 0.89501 0.02924
v 0.03033 0.89646 0.00602
v 0.03059 0.89658 0.00094
v 0.02154 0.91353 -0.00683
v 0.00427 0.93361 0.00902
v -0.02035 0.90756 0.01505
v -0.02003 0.89791 0.02131
v -0.00311 0.96203 -0.00348
v 0.00556 0.95232 -0.01134
v -0.00490 0.97336 -0.00639
v -0.01955 0.94267 0.00003
v 0.03374 0.95982 -0.00014
v 0.02152 0.96709 -0.00219
v 0.01187 0.94370 0.01290
v 0.01812 0.94613 -0.02037
v 0.01547 0.94788 -0.02282
v 0.00712 0.96035 -0.02132
v 0.00791 0.97182 -0.00454
v -0.00003 0.95486 0.01152
v 0.00353 0.94835 0.01414
v -0.00227 0.98966 -0.00605
v -0.00262 0.98402 -0.01442
v -0.00466 0.99760 -0.00633
v -0.00786 0.97714 0.00443
v 0.00914 0.96130 -0.04304
v 0.00464 0.96810 -0.03143
v 0.01729 0.94380 -0.01913
v -0.01395 0.94761 -0.03209
v -0.01689 0.94933 -0.02999
v -0.01708 0.96137 -0.02137
v -0.00045 0.97231 -0.01855
v 0.01353 0.95448 -0.00765
v 0.01680 0.94804 -0.01066
v -0.00393 0.98975 -0.00870
v -0.01223 0.98438 -0.01016
v -0.00467 0.99760 -0.00633
v 0.00510 0.97665 -0.00121
v -0.04331 0.96564 -0.01405
v -0.03106 0.97182 -0.01143
v -0.02122 0.94791 -0.02621
v -0.02886 0.95026 0.00677
v -0.02629 0.95174 0.00934
v -0.01765 0.96351 0.00826
v -0.01749 0.97534 -0.00847
v -0.00919 0.95802 -0.02426
v -0.01275 0.95187 -0.02707
v -0.00705 0.99227 -0.00644
v -0.00718 0.98646 0.00191
v -0.00453 1.00000 -0.00601
v -0.00126 0.97948 -0.01673
v -0.00181 0.96375 0.03303
v -0.00230 0.97059 0.02059
v -0.01725 0.94273 0.01382
v 0.01617 0.95432 0.01426
v 0.01801 0.95651 0.01122
v 0.01438 0.96786 0.00318
v -0.00258 0.97489 0.00675
v -0.01858 0.95328 0.00179
v -0.02015 0.94640 0.00578
v -0.00390 0.99222 -0.00365
v 0.00457 0.98881 -0.00539
v -0.00451 1.00000 -0.00611
v -0.01432 0.97665 -0.00728
v 0.06900 0.74165 0.00475
v 0.05960 0.74657 -0.02290
v 0.04209 0.76897 -0.01793
v 0.05227 0.74031 0.01042
v 0.01105 0.78858 0.01599
v 0.00815 0.81633 -0.00880
v -0.00417 0.82431 -0.00513
v -0.00522 0.79323 0.00774
v 0.03658 0.77811 -0.01648
v 0.04676 0.74454 0.01211
v 0.02334 0.79612 -0.01287
v 0.01137 0.75702 -0.04537
v -0.00523 0.77838 -0.03528
v 0.09116 0.74519 -0.03359
v 0.07579 0.74156 -0.02826
v 0.08371 0.73490 -0.00606
v -0.01499 0.78692 -0.02305
v 0.03125 0.75972 0.01672
v 0.06992 0.72572 -0.04948
v 0.04993 0.73465 -0.05523
v 0.03159 0.74314 -0.05395
v 0.02584 0.74676 -0.05353
v -0.02803 0.71566 0.05804
v 0.00196 0.71846 0.05544
v -0.00080 0.74547 0.03737
v -0.03082 0.73009 0.04023
v -0.02907 0.77521 0.00103
v -0.00409 0.80160 0.00438
v -0.00536 0.81284 -0.00785
v -0.01791 0.78307 -0.01304
v -0.00146 0.75603 0.03192
v -0.03153 0.73685 0.03469
v -0.00295 0.77747 0.01884
v 0.03110 0.73669 0.01093
v 0.02430 0.76562 -0.00596
v 0.00835 0.70841 0.09011
v 0.00546 0.70903 0.07335
v -0.01905 0.70190 0.07524
v 0.01414 0.77732 -0.01724
v -0.03333 0.75051 0.01932
v 0.02617 0.69350 0.06933
v 0.03414 0.70708 0.04980
v 0.03586 0.71338 0.03162
v 0.03650 0.71734 0.02610
v 0.03072 0.73119 0.05632
v 0.04769 0.74342 0.03137
v 0.03245 0.76741 0.02077
v 0.01583 0.73428 0.04652
v -0.01357 0.79318 0.01707
v 0.00501 0.81768 -0.00059
v -0.00518 0.82675 -0.00814
v -0.01688 0.79739 -0.00087
v 0.02790 0.77703 0.01732
v 0.01114 0.74085 0.04314
v 0.01698 0.79619 0.00907
v 0.03420 0.74965 -0.01987
v 0.01661 0.77725 -0.02709
v 0.07722 0.73891 0.04927
v 0.06298 0.73682 0.04055
v 0.04888 0.73256 0.06081
v 0.00124 0.78781 -0.02738
v -0.00203 0.76186 0.03358
v 0.07446 0.71878 0.02340
v 0.06555 0.72814 0.00444
v 0.05312 0.72906 -0.00893
v 0.04934 0.73179 -0.01320
v 0.00092 0.70945 -0.08018
v -0.02685 0.72453 -0.07020
v -0.02040 0.75272 -0.05289
v 0.00762 0.72203 -0.06256
v 0.01839 0.77010 -0.02202
v -0.00640 0.80768 -0.02057
v -0.00122 0.81992 -0.00826
v 0.01075 0.78356 -0.00476
v -0.01826 0.76323 -0.04767
v 0.00996 0.72788 -0.05706
v -0.01291 0.78237 -0.03487
v -0.04967 0.75432 -0.01732
v -0.03649 0.78032 -0.00188
v -0.03830 0.71207 -0.10453
v -0.03246 0.71346 -0.08765
v -0.01078 0.69764 -0.09553
v -0.02221 0.78983 0.00733
v 0.01654 0.74168 -0.04162
v -0.05726 0.70618 -0.07846
v -0.06329 0.72396 -0.05675
v -0.06090 0.73562 -0.03745
v -0.05994 0.74030 -0.03157
v -0.05198 0.73058 0.04860
v -0.03463 0.73797 0.04058
v -0.04714 0.76641 0.01246
v -0.06424 0.74125 0.02097
v 0.00236 0.78018 0.01741
v 0.00930 0.79006 -0.00074
v -0.00099 0.82595 -0.00833
v -0.01354 0.81581 -0.00275
v -0.02895 0.74064 0.03817
v -0.04180 0.77602 0.00991
v -0.02869 0.79295 0.00389
v -0.02227 0.78235 -0.03585
v -0.04296 0.75845 -0.03306
v -0.09646 0.73469 0.03701
v -0.07112 0.72088 0.05130
v -0.08050 0.73321 0.02934
v -0.00548 0.79117 -0.03272
v -0.01312 0.75017 0.03133
v -0.08086 0.73504 -0.01364
v -0.09197 0.72214 0.00620
v -0.06054 0.74657 -0.02961
v -0.06544 0.74300 -0.02594
v 0.08600 0.65162 -0.01090
v 0.06726 0.66286 -0.04360
v 0.04827 0.69246 -0.03231
v 0.06623 0.65418 0.00078
v 0.01954 0.71952 0.01947
v 0.01164 0.75433 -0.01103
v -0.00231 0.76637 -0.00296
v -0.00280 0.73024 0.01335
v 0.04244 0.70415 -0.02888
v 0.06005 0.66031 0.00446
v 0.02812 0.72775 -0.02053
v 0.00125 0.69069 -0.05927
v -0.01533 0.71829 -0.04171
v 0.10424 0.65363 -0.06569
v 0.08590 0.65328 -0.05483
v 0.10120 0.64108 -0.02870
v -0.02375 0.72929 -0.02339
v 0.04290 0.68125 0.01466
v 0.07163 0.63944 -0.08051
v 0.04558 0.65574 -0.08241
v 0.02343 0.67032 -0.07577
v 0.01656 0.67597 -0.07366
v -0.02479 0.64370 0.08267
v 0.01266 0.63872 0.07137
v 0.00664 0.67191 0.04938
v -0.03181 0.66271 0.06086
v -0.03618 0.71738 0.01094
v -0.00157 0.73972 0.00887
v -0.00546 0.75409 -0.00625
v -0.02513 0.72467 -0.00989
v 0.00524 0.68460 0.04274
v -0.03361 0.67114 0.05407
v 0.00168 0.71062 0.02671
v 0.03931 0.65600 0.00704
v 0.02865 0.69236 -0.01234
v 0.02900 0.62176 0.11377
v 0.02101 0.62513 0.09316
v -0.01006 0.62377 0.10204
v 0.01380 0.70965 -0.02387
v -0.03880 0.68874 0.03510
v 0.04486 0.60226 0.08232
v 0.05093 0.61749 0.05545
v 0.04885 0.62611 0.03188
v 0.04853 0.63101 0.02471
v 0.05029 0.64488 0.06497
v 0.06619 0.65665 0.02877
v 0.04611 0.68913 0.01960
v 0.02915 0.65363 0.05648
v -0.01091 0.73149 0.02748
v 0.00995 0.75582 0.00029
v -0.00418 0.76975 -0.00651
v -0.01946 0.73915 0.00554
v 0.04024 0.70162 0.01654
v 0.02287 0.66272 0.05350
v 0.02584 0.72719 0.00916
v 0.03620 0.67314 -0.03293
v 0.01434 0.70997 -0.03710
v 0.10784 0.64129 0.04366
v 0.08738 0.64390 0.03631
v 0.07454 0.64082 0.06586
v -0.00430 0.72621 -0.03324
v 0.00544 0.69115 0.04508
v 0.09592 0.62226 0.01115
v 0.08044 0.63741 -0.01055
v 0.06130 0.64342 -0.02426
v 0.05562 0.64804 -0.02867
v -0.02498 0.64390 -0.10146
v -0.05624 0.66758 -0.08112
v -0.04122 0.69560 -0.06042
v -0.01086 0.65424 -0.08061
v 0.01734 0.70085 -0.03120
v -0.01054 0.74999 -0.02226
v 0.00023 0.76095 -0.00780
v 0.01331 0.71624 -0.00698
v -0.03629 0.70626 -0.05421
v -0.00598 0.65955 -0.07416
v -0.02460 0.72490 -0.03908
v -0.06875 0.70168 -0.00722
v -0.04591 0.72555 0.00927
v -0.08074 0.66057 -0.12201
v -0.06881 0.65863 -0.10202
v -0.04478 0.63559 -0.11805
v -0.02466 0.73123 0.01732
v 0.00752 0.67154 -0.05604
v -0.09835 0.65638 -0.08377
v -0.09881 0.67568 -0.05425
v -0.08977 0.68601 -0.03013
v -0.08663 0.69036 -0.02283
v -0.05632 0.66828 0.07719
v -0.03589 0.67262 0.06242
v -0.05675 0.71129 0.03024
v -0.07820 0.68680 0.04535
v 0.00824 0.71234 0.02351
v 0.01307 0.72353 -0.00138
v 0.00101 0.76768 -0.00787
v -0.01422 0.75917 0.00247
v -0.02912 0.67429 0.05786
v -0.04988 0.72089 0.02568
v -0.03350 0.73694 0.01470
v -0.03669 0.72761 -0.03782
v -0.06407 0.70620 -0.02904
v -0.11525 0.68669 0.07433
v -0.08061 0.66244 0.08563
v -0.09721 0.68139 0.06028
v -0.01392 0.73248 -0.03821
v -0.01014 0.68134 0.04503
v -0.10879 0.68833 0.00556
v -0.11869 0.67472 0.03368
v -0.08636 0.69737 -0.02009
v -0.09188 0.69432 -0.01414
v 0.05992 0.60002 -0.04704
v 0.03311 0.60966 -0.06248
v 0.02349 0.63495 -0.04606
v 0.05052 0.59987 -0.03068
v 0.02338 0.65538 0.00305
v 0.00463 0.68822 -0.01463
v -0.00231 0.69771 -0.00296
v 0.00477 0.66321 0.00797
v 0.02046 0.64515 -0.04098
v 0.04748 0.60481 -0.02542
v 0.01312 0.66543 -0.02869
v -0.02080 0.62911 -0.04631
v -0.02613 0.65257 -0.02645
v 0.05070 0.60579 -0.09335
v 0.04205 0.60309 -0.07823
v 0.06377 0.59241 -0.06610
v -0.02496 0.66133 -0.00974
v 0.03892 0.62222 -0.01073
v 0.02184 0.58946 -0.09108
v 0.00217 0.60198 -0.08152
v -0.01123 0.61301 -0.06750
v -0.01539 0.61748 -0.06309
v 0.01913 0.57728 0.06410
v 0.04132 0.57708 0.04081
v 0.02739 0.60831 0.02840
v 0.00489 0.59511 0.05187
v -0.01965 0.64762 0.01943
v 0.00361 0.67239 0.00452
v -0.00560 0.68597 -0.00433
v -0.02039 0.65638 0.00031
v 0.02342 0.62028 0.02454
v 0.00067 0.60304 0.04796
v 0.01381 0.64485 0.01520
v 0.03387 0.59842 -0.01532
v 0.01762 0.63202 -0.02393
v 0.07047 0.56148 0.06399
v 0.05638 0.56449 0.05263
v 0.03790 0.55953 0.07146
v 0.00200 0.64702 -0.02572
v -0.01109 0.61964 0.03699
v 0.06948 0.54603 0.03473
v 0.06258 0.56190 0.01352
v 0.05138 0.57057 -0.00221
v 0.04814 0.57538 -0.00707
v 0.06535 0.58717 0.02122
v 0.06175 0.60120 -0.01068
v 0.04302 0.62978 -0.00832
v 0.04668 0.59338 0.02392
v 0.00468 0.66302 0.02133
v 0.00797 0.68903 -0.00585
v -0.00515 0.70079 -0.00465
v -0.01044 0.67003 0.00936
v 0.03732 0.64096 -0.00783
v 0.04080 0.60132 0.02456
v 0.02351 0.66362 -0.00665
v 0.01511 0.61554 -0.04209
v -0.00297 0.64784 -0.03535
v 0.09774 0.59081 -0.01727
v 0.08016 0.59129 -0.01418
v 0.08305 0.58597 0.01197
v -0.01504 0.66090 -0.02468
v 0.02435 0.62636 0.02628
v 0.07656 0.57281 -0.03605
v 0.05644 0.58608 -0.04489
v 0.03714 0.59011 -0.04678
v 0.03122 0.59398 -0.04751
v -0.05544 0.58387 -0.06688
v -0.06999 0.60196 -0.03922
v -0.05158 0.62914 -0.02987
v -0.03720 0.59437 -0.05749
v 0.00175 0.63941 -0.03258
v -0.01559 0.68213 -0.01377
v -0.00233 0.69307 -0.00757
v 0.00833 0.65256 -0.01334
v -0.04581 0.63945 -0.02718
v -0.03125 0.59966 -0.05474
v -0.03181 0.65766 -0.02067
v -0.04980 0.62999 0.01926
v -0.02743 0.65427 0.02236
v -0.10378 0.59415 -0.05860
v -0.08717 0.59293 -0.04923
v -0.07603 0.57450 -0.07091
v -0.00920 0.66163 0.01965
v -0.01460 0.61173 -0.04701
v -0.10075 0.58698 -0.02438
v -0.08958 0.60399 -0.00271
v -0.07365 0.61381 0.01107
v -0.06856 0.61798 0.01509
v -0.00606 0.59709 0.07352
v 0.00239 0.60390 0.05486
v -0.02634 0.63900 0.04132
v -0.03492 0.61318 0.06014
v 0.01714 0.64728 0.01031
v 0.01025 0.65917 -0.00908
v -0.00196 0.69947 -0.00776
v -0.00842 0.68947 0.00554
v 0.00533 0.60636 0.04893
v -0.02351 0.64890 0.03553
v -0.01667 0.66612 0.02149
v -0.03996 0.65885 -0.01484
v -0.05539 0.63549 0.00195
v -0.04955 0.60804 0.09572
v -0.01979 0.58868 0.08919
v -0.04228 0.60552 0.07831
v -0.02404 0.66591 -0.02419
v 0.01348 0.61547 0.03230
v -0.07280 0.61267 0.04420
v -0.06815 0.59786 0.06788
v -0.06742 0.62448 0.01710
v -0.06887 0.62082 0.02350
v 0.07517 0.55538 0.00241
v 0.06530 0.56665 -0.02549
v 0.04670 0.58571 -0.01915
v 0.05808 0.55023 0.00802
v 0.01442 0.59224 0.01643
v 0.01054 0.62680 -0.00713
v -0.00231 0.63226 -0.00296
v -0.00240 0.59703 0.00823
v 0.04079 0.59387 -0.01714
v 0.05232 0.55332 0.00997
v 0.02670 0.60942 -0.01244
v 0.01551 0.57695 -0.04798
v -0.00211 0.59368 -0.03648
v 0.09764 0.57240 -0.03631
v 0.08202 0.56520 -0.03118
v 0.09040 0.55343 -0.00894
v -0.01232 0.59771 -0.02354
v 0.03599 0.56542 0.01551
v 0.07642 0.55411 -0.05378
v 0.05565 0.56207 -0.05919
v 0.03662 0.56789 -0.05745
v 0.03062 0.57068 -0.05684
v -0.02328 0.50142 0.05460
v 0.00735 0.50900 0.05227
v 0.00365 0.54100 0.03550
v -0.02663 0.52057 0.03733
v -0.02631 0.57735 0.00019
v -0.00151 0.60660 0.00533
v -0.00319 0.62119 -0.00644
v -0.01517 0.59068 -0.01361
v 0.00264 0.55313 0.03060
v -0.02758 0.52886 0.03210
v 0.00042 0.57830 0.01858
v 0.03651 0.54357 0.00821
v 0.02862 0.57666 -0.00725
v 0.01430 0.49018 0.08699
v 0.01127 0.49500 0.06994
v -0.01362 0.48395 0.07132
v 0.01782 0.59027 -0.01808
v -0.02988 0.54669 0.01727
v 0.03294 0.48309 0.06501
v 0.04064 0.50329 0.04599
v 0.04215 0.51487 0.02788
v 0.04267 0.52050 0.02250
v 0.03643 0.52555 0.05409
v 0.05336 0.54706 0.02952
v 0.03699 0.57229 0.02011
v 0.02105 0.52937 0.04422
v -0.01093 0.59332 0.01769
v 0.00731 0.62552 0.00130
v -0.00343 0.63544 -0.00589
v -0.01451 0.60204 -0.00033
v 0.03203 0.58239 0.01716
v 0.01603 0.53634 0.04116
v 0.02024 0.60265 0.00988
v 0.03920 0.56556 -0.02235
v 0.02033 0.59322 -0.02810
v 0.08380 0.54155 0.04761
v 0.06925 0.53989 0.03853
v 0.05500 0.52815 0.05883
v 0.00427 0.60197 -0.02783
v 0.00189 0.55854 0.03264
v 0.08150 0.52778 0.02003
v 0.07203 0.54127 0.00124
v 0.05923 0.54418 -0.01237
v 0.05526 0.54762 -0.01657
v 0.00613 0.53670 -0.08638
v -0.02274 0.54557 -0.07543
v -0.01692 0.57037 -0.05604
v 0.01267 0.54557 -0.06763
v 0.02239 0.58481 -0.02337
v -0.00414 0.61928 -0.01971
v 0.00083 0.62906 -0.00641
v 0.01421 0.59275 -0.00501
v -0.01503 0.57991 -0.05008
v 0.01491 0.55033 -0.06167
v -0.01009 0.59659 -0.03585
v -0.04684 0.55837 -0.01988
v -0.03408 0.58234 -0.00251
v -0.03420 0.54074 -0.11120
v -0.02821 0.53834 -0.09389
v -0.00555 0.52731 -0.10278
v -0.01971 0.59141 0.00753
v 0.02128 0.56102 -0.04507
v -0.05337 0.52511 -0.08511
v -0.06001 0.53644 -0.06195
v -0.05786 0.54335 -0.04157
v -0.05699 0.54664 -0.03530
v -0.04830 0.51595 0.04578
v -0.03077 0.52798 0.03815
v -0.04453 0.56287 0.01120
v -0.06126 0.53268 0.01824
v 0.00578 0.58215 0.01732
v 0.01254 0.59807 -0.00053
v 0.00089 0.63523 -0.00610
v -0.01164 0.62172 -0.00110
v -0.02504 0.53210 0.03589
v -0.03935 0.57404 0.00922
v -0.02645 0.59465 0.00418
v -0.01968 0.59558 -0.03689
v -0.04015 0.56776 -0.03562
v -0.09402 0.51733 0.03401
v -0.06761 0.50279 0.04784
v -0.07765 0.52005 0.02619
v -0.00274 0.60594 -0.03309
v -0.00914 0.54577 0.02958
v -0.07820 0.53360 -0.01746
v -0.08914 0.51358 0.00190
v -0.05779 0.55239 -0.03292
v -0.06269 0.54710 -0.02942
vt 0.33620 0.98385
vt 0.33457 0.81939
vt 0.10112 0.81939
vt 0.56727 0.81939
vt 0.59411 0.78141
vt 0.55528 0.65493
vt 0.33295 0.65493
vt 0.09204 0.65493
vt 0.06419 0.71837
vt 0.33132 0.49048
vt 0.44250 0.49048
vt 0.33085 0.44213
vt 0.17283 0.49048
vt 0.33620 0.98385
vt 0.33457 0.81939
vt 0.10112 0.81939
vt 0.56727 0.81939
vt 0.59411 0.78141
vt 0.55528 0.65493
vt 0.33295 0.65493
vt 0.09204 0.65493
vt 0.06419 0.71837
vt 0.33132 0.49048
vt 0.44250 0.49048
vt 0.33085 0.44213
vt 0.17283 0.49048
vt 0.33620 0.98385
vt 0.33457 0.81939
vt 0.10112 0.81939
vt 0.56727 0.81939
vt 0.59411 0.78141
vt 0.55528 0.65493
vt 0.33295 0.65493
vt 0.09204 0.65493
vt 0.06419 0.71837
vt 0.33132 0.49048
vt 0.44250 0.49048
vt 0.33085 0.44213
vt 0.17283 0.49048
vt 0.33620 0.98385
vt 0.33457 0.81939
vt 0.10112 0.81939
vt 0.56727 0.81939
vt 0.59411 0.78141
vt 0.55528 0.65493
vt 0.33295 0.65493
vt 0.09204 0.65493
vt 0.06419 0.71837
vt 0.33132 0.49048
vt 0.44250 0.49048
vt 0.33085 0.44213
vt 0.17283 0.49048
vt 0.33620 0.98385
vt 0.33457 0.81939
vt 0.10112 0.81939
vt 0.56727 0.81939
vt 0.59411 0.78141
vt 0.55528 0.65493
vt 0.33295 0.65493
vt 0.09204 0.65493
vt 0.06419 0.71837
vt 0.33132 0.49048
vt 0.44250 0.49048
vt 0.33085 0.44213
vt 0.17283 0.49048
vt 0.33620 0.98385
vt 0.33457 0.81939
vt 0.10112 0.81939
vt 0.56727 0.81939
vt 0.59411 0.78141
vt 0.55528 0.65493
vt 0.33295 0.65493
vt 0.09204 0.65493
vt 0.06419 0.71837
vt 0.33132 0.49048
vt 0.44250 0.49048
vt 0.33085 0.44213
vt 0.17283 0.49048
vt 0.33620 0.98385
vt 0.33457 0.81939
vt 0.10112 0.81939
vt 0.56727 0.81939
vt 0.59411 0.78141
vt 0.55528 0.65493
vt 0.33295 0.65493
vt 0.09204 0.65493
vt 0.06419 0.71837
vt 0.33132 0.49048
vt 0.44250 0.49048
vt 0.33085 0.44213
vt 0.17283 0.49048
vt 0.33620 0.98385
vt 0.33457 0.81939
vt 0.10112 0.81939
vt 0.56727 0.81939
vt 0.59411 0.78141
vt 0.55528 0.65493
vt 0.33295 0.65493
vt 0.09204 0.65493
vt 0.06419 0.71837
vt 0.33132 0.49048
vt 0.44250 0.49048
vt 0.33085 0.44213
vt 0.17283 0.49048
vt 0.33620 0.98385
vt 0.33457 0.81939
vt 0.10112 0.81939
vt 0.56727 0.81939
vt 0.59411 0.78141
vt 0.55528 0.65493
vt 0.33295 0.65493
vt 0.09204 0.65493
vt 0.06419 0.71837
vt 0.33132 0.49048
vt 0.44250 0.49048
vt 0.33085 0.44213
vt 0.17283 0.49048
vt 0.33620 0.98385
vt 0.33457 0.81939
vt 0.10112 0.81939
vt 0.56727 0.81939
vt 0.59411 0.78141
vt 0.55528 0.65493
vt 0.33295 0.65493
vt 0.09204 0.65493
vt 0.06419 0.71837
vt 0.33132 0.49048
vt 0.44250 0.49048
vt 0.33085 0.44213
vt 0.17283 0.49048
vt 0.33620 0.98385
vt 0.33457 0.81939
vt 0.10112 0.81939
vt 0.56727 0.81939
vt 0.59411 0.78141
vt 0.55528 0.65493
vt 0.33295 0.65493
vt 0.09204 0.65493
vt 0.06419 0.71837
vt 0.33132 0.49048
vt 0.44250 0.49048
vt 0.33085 0.44213
vt 0.17283 0.49048
vt 0.33620 0.98385
vt 0.33457 0.81939
vt 0.10112 0.81939
vt 0.56727 0.81939
vt 0.59411 0.78141
vt 0.55528 0.65493
vt 0.33295 0.65493
vt 0.09204 0.65493
vt 0.06419 0.71837
vt 0.33132 0.49048
vt 0.44250 0.49048
vt 0.33085 0.44213
vt 0.17283 0.49048
vt 0.33620 0.98385
vt 0.33457 0.81939
vt 0.10112 0.81939
vt 0.56727 0.81939
vt 0.59411 0.78141
vt 0.55528 0.65493
vt 0.33295 0.65493
vt 0.09204 0.65493
vt 0.06419 0.71837
vt 0.33132 0.49048
vt 0.44250 0.49048
vt 0.33085 0.44213
vt 0.17283 0.49048
vt 0.33620 0.98385
vt 0.33457 0.81939
vt 0.10112 0.81939
vt 0.56727 0.81939
vt 0.59411 0.78141
vt 0.55528 0.65493
vt 0.33295 0.65493
vt 0.09204 0.65493
vt 0.06419 0.71837
vt 0.33132 0.49048
vt 0.44250 0.49048
vt 0.33085 0.44213
vt 0.17283 0.49048
vt 0.33620 0.98385
vt 0.33457 0.81939
vt 0.10112 0.81939
vt 0.56727 0.81939
vt 0.59411 0.78141
vt 0.55528 0.65493
vt 0.33295 0.65493
vt 0.09204 0.65493
vt 0.06419 0.71837
vt 0.33132 0.49048
vt 0.44250 0.49048
vt 0.33085 0.44213
vt 0.17283 0.49048
vt 0.33620 0.98385
vt 0.33457 0.81939
vt 0.10112 0.81939
vt 0.56727 0.81939
vt 0.59411 0.78141
vt 0.55528 0.65493
vt 0.33295 0.65493
vt 0.09204 0.65493
vt 0.06419 0.71837
vt 0.33132 0.49048
vt 0.44250 0.49048
vt 0.33085 0.44213
vt 0.17283 0.49048
vt 0.04101 0.65493
vt 0.33295 0.65493
vt 0.33132 0.49048
vt 0.03834 0.49048
vt 0.09177 0.16156
vt 0.32808 0.16156
vt 0.32685 0.03682
vt 0.21941 0.03682
vt 0.33085 0.44213
vt 0.03716 0.44213
vt 0.32970 0.32602
vt 0.69817 0.32602
vt 0.64207 0.16156
vt 0.33620 0.98385
vt 0.33457 0.81939
vt 0.10112 0.81939
vt 0.54988 0.03682
vt 0.03433 0.32602
vt 0.56727 0.81939
vt 0.68347 0.65493
vt 0.72497 0.49048
vt 0.73717 0.44213
vt 0.04101 0.65493
vt 0.33295 0.65493
vt 0.33132 0.49048
vt 0.03834 0.49048
vt 0.09177 0.16156
vt 0.32808 0.16156
vt 0.32685 0.03682
vt 0.21941 0.03682
vt 0.33085 0.44213
vt 0.03716 0.44213
vt 0.32970 0.32602
vt 0.69817 0.32602
vt 0.64207 0.16156
vt 0.33620 0.98385
vt 0.33457 0.81939
vt 0.10112 0.81939
vt 0.54988 0.03682
vt 0.03433 0.32602
vt 0.56727 0.81939
vt 0.68347 0.65493
vt 0.72497 0.49048
vt 0.73717 0.44213
vt 0.04101 0.65493
vt 0.33295 0.65493
vt 0.33132 0.49048
vt 0.03834 0.49048
vt 0.09177 0.16156
vt 0.32808 0.16156
vt 0.32685 0.03682
vt 0.21941 0.03682
vt 0.33085 0.44213
vt 0.03716 0.44213
vt 0.32970 0.32602
vt 0.69817 0.32602
vt 0.64207 0.16156
vt 0.33620 0.98385
vt 0.33457 0.81939
vt 0.10112 0.81939
vt 0.54988 0.03682
vt 0.03433 0.32602
vt 0.56727 0.81939
vt 0.68347 0.65493
vt 0.72497 0.49048
vt 0.73717 0.44213
vt 0.04101 0.65493
vt 0.33295 0.65493
vt 0.33132 0.49048
vt 0.03834 0.49048
vt 0.09177 0.16156
vt 0.32808 0.16156
vt 0.32685 0.03682
vt 0.21941 0.03682
vt 0.33085 0.44213
vt 0.03716 0.44213
vt 0.32970 0.32602
vt 0.69817 0.32602
vt 0.64207 0.16156
vt 0.33620 0.98385
vt 0.33457 0.81939
vt 0.10112 0.81939
vt 0.54988 0.03682
vt 0.03433 0.32602
vt 0.56727 0.81939
vt 0.68347 0.65493
vt 0.72497 0.49048
vt 0.73717 0.44213
vt 0.04101 0.65493
vt 0.03834 0.49048
vt 0.33132 0.49048
vt 0.33295 0.65493
vt 0.09177 0.16156
vt 0.21941 0.03682
vt 0.32685 0.03682
vt 0.32808 0.16156
vt 0.03716 0.44213
vt 0.33085 0.44213
vt 0.32970 0.32602
vt 0.64207 0.16156
vt 0.69817 0.32602
vt 0.33620 0.98385
vt 0.10112 0.81939
vt 0.33457 0.81939
vt 0.54988 0.03682
vt 0.03433 0.32602
vt 0.68347 0.65493
vt 0.56727 0.81939
vt 0.73717 0.44213
vt 0.72497 0.49048
vt 0.04101 0.65493
vt 0.33295 0.65493
vt 0.33132 0.49048
vt 0.03834 0.49048
vt 0.09177 0.16156
vt 0.32808 0.16156
vt 0.32685 0.03682
vt 0.21941 0.03682
vt 0.33085 0.44213
vt 0.03716 0.44213
vt 0.32970 0.32602
vt 0.69817 0.32602
vt 0.64207 0.16156
vt 0.33620 0.98385
vt 0.33457 0.81939
vt 0.10112 0.81939
vt 0.54988 0.03682
vt 0.03433 0.32602
vt 0.56727 0.81939
vt 0.68347 0.65493
vt 0.72497 0.49048
vt 0.73717 0.44213
vt 0.04101 0.65493
vt 0.33295 0.65493
vt 0.33132 0.49048
vt 0.03834 0.49048
vt 0.09177 0.16156
vt 0.32808 0.16156
vt 0.32685 0.03682
vt 0.21941 0.03682
vt 0.33085 0.44213
vt 0.03716 0.44213
vt 0.32970 0.32602
vt 0.69817 0.32602
vt 0.64207 0.16156
vt 0.33620 0.98385
vt 0.33457 0.81939
vt 0.10112 0.81939
vt 0.54988 0.03682
vt 0.03433 0.32602
vt 0.56727 0.81939
vt 0.68347 0.65493
vt 0.72497 0.49048
vt 0.73717 0.44213
vt 0.04101 0.65493
vt 0.33295 0.65493
vt 0.33132 0.49048
vt 0.03834 0.49048
vt 0.09177 0.16156
vt 0.32808 0.16156
vt 0.32685 0.03682
vt 0.21941 0.03682
vt 0.33085 0.44213
vt 0.03716 0.44213
vt 0.32970 0.32602
vt 0.69817 0.32602
vt 0.64207 0.16156
vt 0.33620 0.98385
vt 0.33457 0.81939
vt 0.10112 0.81939
vt 0.54988 0.03682
vt 0.03433 0.32602
vt 0.56727 0.81939
vt 0.68347 0.65493
vt 0.72497 0.49048
vt 0.73717 0.44213
vt 0.04101 0.65493
vt 0.33295 0.65493
vt 0.33132 0.49048
vt 0.03834 0.49048
vt 0.09177 0.16156
vt 0.32808 0.16156
vt 0.32685 0.03682
vt 0.21941 0.03682
vt 0.33085 0.44213
vt 0.03716 0.44213
vt 0.32970 0.32602
vt 0.69817 0.32602
vt 0.64207 0.16156
vt 0.33620 0.98385
vt 0.33457 0.81939
vt 0.10112 0.81939
vt 0.54988 0.03682
vt 0.03433 0.32602
vt 0.56727 0.81939
vt 0.68347 0.65493
vt 0.72497 0.49048
vt 0.73717 0.44213
vt 0.04101 0.65493
vt 0.03834 0.49048
vt 0.33132 0.49048
vt 0.33295 0.65493
vt 0.09177 0.16156
vt 0.21941 0.03682
vt 0.32685 0.03682
vt 0.32808 0.16156
vt 0.03716 0.44213
vt 0.33085 0.44213
vt 0.32970 0.32602
vt 0.64207 0.16156
vt 0.69817 0.32602
vt 0.33620 0.98385
vt 0.10112 0.81939
vt 0.33457 0.81939
vt 0.54988 0.03682
vt 0.03433 0.32602
vt 0.68347 0.65493
vt 0.56727 0.81939
vt 0.73717 0.44213
vt 0.72497 0.49048
vt 0.33620 0.98385
vt 0.33457 0.81939
vt 0.10112 0.81939
vt 0.56727 0.81939
vt 0.59411 0.78141
vt 0.55528 0.65493
vt 0.33295 0.65493
vt 0.09204 0.65493
vt 0.06419 0.71837
vt 0.33132 0.49048
vt 0.44250 0.49048
vt 0.33085 0.44213
vt 0.17283 0.49048
vt 0.33620 0.98385
vt 0.33457 0.81939
vt 0.10112 0.81939
vt 0.56727 0.81939
vt 0.59411 0.78141
vt 0.55528 0.65493
vt 0.33295 0.65493
vt 0.09204 0.65493
vt 0.06419 0.71837
vt 0.33132 0.49048
vt 0.44250 0.49048
vt 0.33085 0.44213
vt 0.17283 0.49048
vt 0.33620 0.98385
vt 0.33457 0.81939
vt 0.10112 0.81939
vt 0.56727 0.81939
vt 0.59411 0.78141
vt 0.55528 0.65493
vt 0.33295 0.65493
vt 0.09204 0.65493
vt 0.06419 0.71837
vt 0.33132 0.49048
vt 0.44250 0.49048
vt 0.33085 0.44213
vt 0.17283 0.49048
vt 0.33620 0.98385
vt 0.33457 0.81939
vt 0.10112 0.81939
vt 0.56727 0.81939
vt 0.59411 0.78141
vt 0.55528 0.65493
vt 0.33295 0.65493
vt 0.09204 0.65493
vt 0.06419 0.71837
vt 0.33132 0.49048
vt 0.44250 0.49048
vt 0.33085 0.44213
vt 0.17283 0.49048
vt 0.33620 0.98385
vt 0.33457 0.81939
vt 0.10112 0.81939
vt 0.56727 0.81939
vt 0.59411 0.78141
vt 0.55528 0.65493
vt 0.33295 0.65493
vt 0.09204 0.65493
vt 0.06419 0.71837
vt 0.33132 0.49048
vt 0.44250 0.49048
vt 0.33085 0.44213
vt 0.17283 0.49048
vt 0.33620 0.98385
vt 0.33457 0.81939
vt 0.10112 0.81939
vt 0.56727 0.81939
vt 0.59411 0.78141
vt 0.55528 0.65493
vt 0.33295 0.65493
vt 0.09204 0.65493
vt 0.06419 0.71837
vt 0.33132 0.49048
vt 0.44250 0.49048
vt 0.33085 0.44213
vt 0.17283 0.49048
vt 0.33620 0.98385
vt 0.33457 0.81939
vt 0.10112 0.81939
vt 0.56727 0.81939
vt 0.59411 0.78141
vt 0.55528 0.65493
vt 0.33295 0.65493
vt 0.09204 0.65493
vt 0.06419 0.71837
vt 0.33132 0.49048
vt 0.44250 0.49048
vt 0.33085 0.44213
vt 0.17283 0.49048
vt 0.33620 0.98385
vt 0.33457 0.81939
vt 0.10112 0.81939
vt 0.56727 0.81939
vt 0.59411 0.78141
vt 0.55528 0.65493
vt 0.33295 0.65493
vt 0.09204 0.65493
vt 0.06419 0.71837
vt 0.33132 0.49048
vt 0.44250 0.49048
vt 0.33085 0.44213
vt 0.17283 0.49048
vt 0.04101 0.65493
vt 0.33295 0.65493
vt 0.33132 0.49048
vt 0.03834 0.49048
vt 0.09177 0.16156
vt 0.32808 0.16156
vt 0.32685 0.03682
vt 0.21941 0.03682
vt 0.33085 0.44213
vt 0.03716 0.44213
vt 0.32970 0.32602
vt 0.69817 0.32602
vt 0.64207 0.16156
vt 0.33620 0.98385
vt 0.33457 0.81939
vt 0.10112 0.81939
vt 0.54988 0.03682
vt 0.03433 0.32602
vt 0.56727 0.81939
vt 0.68347 0.65493
vt 0.72497 0.49048
vt 0.73717 0.44213
vt 0.04101 0.65493
vt 0.33295 0.65493
vt 0.33132 0.49048
vt 0.03834 0.49048
vt 0.09177 0.16156
vt 0.32808 0.16156
vt 0.32685 0.03682
vt 0.21941 0.03682
vt 0.33085 0.44213
vt 0.03716 0.44213
vt 0.32970 0.32602
vt 0.69817 0.32602
vt 0.64207 0.16156
vt 0.33620 0.98385
vt 0.33457 0.81939
vt 0.10112 0.81939
vt 0.54988 0.03682
vt 0.03433 0.32602
vt 0.56727 0.81939
vt 0.68347 0.65493
vt 0.72497 0.49048
vt 0.73717 0.44213
vt 0.04101 0.65493
vt 0.33295 0.65493
vt 0.33132 0.49048
vt 0.03834 0.49048
vt 0.09177 0.16156
vt 0.32808 0.16156
vt 0.32685 0.03682
vt 0.21941 0.03682
vt 0.33085 0.44213
vt 0.03716 0.44213
vt 0.32970 0.32602
vt 0.69817 0.32602
vt 0.64207 0.16156
vt 0.33620 0.98385
vt 0.33457 0.81939
vt 0.10112 0.81939
vt 0.54988 0.03682
vt 0.03433 0.32602
vt 0.56727 0.81939
vt 0.68347 0.65493
vt 0.72497 0.49048
vt 0.73717 0.44213
vt 0.04101 0.65493
vt 0.33295 0.65493
vt 0.33132 0.49048
vt 0.03834 0.49048
vt 0.09177 0.16156
vt 0.32808 0.16156
vt 0.32685 0.03682
vt 0.21941 0.03682
vt 0.33085 0.44213
vt 0.03716 0.44213
vt 0.32970 0.32602
vt 0.69817 0.32602
vt 0.64207 0.16156
vt 0.33620 0.98385
vt 0.33457 0.81939
vt 0.10112 0.81939
vt 0.54988 0.03682
vt 0.03433 0.32602
vt 0.56727 0.81939
vt 0.68347 0.65493
vt 0.72497 0.49048
vt 0.73717 0.44213
vt 0.04101 0.65493
vt 0.03834 0.49048
vt 0.33132 0.49048
vt 0.33295 0.65493
vt 0.09177 0.16156
vt 0.21941 0.03682
vt 0.32685 0.03682
vt 0.32808 0.16156
vt 0.03716 0.44213
vt 0.33085 0.44213
vt 0.32970 0.32602
vt 0.64207 0.16156
vt 0.69817 0.32602
vt 0.33620 0.98385
vt 0.10112 0.81939
vt 0.33457 0.81939
vt 0.54988 0.03682
vt 0.03433 0.32602
vt 0.68347 0.65493
vt 0.56727 0.81939
vt 0.73717 0.44213
vt 0.72497 0.49048
vt 0.04101 0.65493
vt 0.33295 0.65493
vt 0.33132 0.49048
vt 0.03834 0.49048
vt 0.09177 0.16156
vt 0.32808 0.16156
vt 0.32685 0.03682
vt 0.21941 0.03682
vt 0.33085 0.44213
vt 0.03716 0.44213
vt 0.32970 0.32602
vt 0.69817 0.32602
vt 0.64207 0.16156
vt 0.33620 0.98385
vt 0.33457 0.81939
vt 0.10112 0.81939
vt 0.54988 0.03682
vt 0.03433 0.32602
vt 0.56727 0.81939
vt 0.68347 0.65493
vt 0.72497 0.49048
vt 0.73717 0.44213
vt 0.04101 0.65493
vt 0.33295 0.65493
vt 0.33132 0.49048
vt 0.03834 0.49048
vt 0.09177 0.16156
vt 0.32808 0.16156
vt 0.32685 0.03682
vt 0.21941 0.03682
vt 0.33085 0.44213
vt 0.03716 0.44213
vt 0.32970 0.32602
vt 0.69817 0.32602
vt 0.64207 0.16156
vt 0.33620 0.98385
vt 0.33457 0.81939
vt 0.10112 0.81939
vt 0.54988 0.03682
vt 0.03433 0.32602
vt 0.56727 0.81939
vt 0.68347 0.65493
vt 0.72497 0.49048
vt 0.73717 0.44213
vt 0.04101 0.65493
vt 0.33295 0.65493
vt 0.33132 0.49048
vt 0.03834 0.49048
vt 0.09177 0.16156
vt 0.32808 0.16156
vt 0.32685 0.03682
vt 0.21941 0.03682
vt 0.33085 0.44213
vt 0.03716 0.44213
vt 0.32970 0.32602
vt 0.69817 0.32602
vt 0.64207 0.16156
vt 0.33620 0.98385
vt 0.33457 0.81939
vt 0.10112 0.81939
vt 0.54988 0.03682
vt 0.03433 0.32602
vt 0.56727 0.81939
vt 0.68347 0.65493
vt 0.72497 0.49048
vt 0.73717 0.44213
vt 0.04101 0.65493
vt 0.33295 0.65493
vt 0.33132 0.49048
vt 0.03834 0.49048
vt 0.09177 0.16156
vt 0.32808 0.16156
vt 0.32685 0.03682
vt 0.21941 0.03682
vt 0.33085 0.44213
vt 0.03716 0.44213
vt 0.32970 0.32602
vt 0.69817 0.32602
vt 0.64207 0.16156
vt 0.33620 0.98385
vt 0.33457 0.81939
vt 0.10112 0.81939
vt 0.54988 0.03682
vt 0.03433 0.32602
vt 0.56727 0.81939
vt 0.68347 0.65493
vt 0.72497 0.49048
vt 0.73717 0.44213
vt 0.04101 0.65493
vt 0.03834 0.49048
vt 0.33132 0.49048
vt 0.33295 0.65493
vt 0.09177 0.16156
vt 0.21941 0.03682
vt 0.32685 0.03682
vt 0.32808 0.16156
vt 0.03716 0.44213
vt 0.33085 0.44213
vt 0.32970 0.32602
vt 0.64207 0.16156
vt 0.69817 0.32602
vt 0.33620 0.98385
vt 0.10112 0.81939
vt 0.33457 0.81939
vt 0.54988 0.03682
vt 0.03433 0.32602
vt 0.68347 0.65493
vt 0.56727 0.81939
vt 0.73717 0.44213
vt 0.72497 0.49048
vt 0.04101 0.65493
vt 0.33295 0.65493
vt 0.33132 0.49048
vt 0.03834 0.49048
vt 0.09177 0.16156
vt 0.32808 0.16156
vt 0.32685 0.03682
vt 0.21941 0.03682
vt 0.33085 0.44213
vt 0.03716 0.44213
vt 0.32970 0.32602
vt 0.69817 0.32602
vt 0.64207 0.16156
vt 0.33620 0.98385
vt 0.33457 0.81939
vt 0.10112 0.81939
vt 0.54988 0.03682
vt 0.03433 0.32602
vt 0.56727 0.81939
vt 0.68347 0.65493
vt 0.72497 0.49048
vt 0.73717 0.44213
vt 0.04101 0.65493
vt 0.33295 0.65493
vt 0.33132 0.49048
vt 0.03834 0.49048
vt 0.09177 0.16156
vt 0.32808 0.16156
vt 0.32685 0.03682
vt 0.21941 0.03682
vt 0.33085 0.44213
vt 0.03716 0.44213
vt 0.32970 0.32602
vt 0.69817 0.32602
vt 0.64207 0.16156
vt 0.33620 0.98385
vt 0.33457 0.81939
vt 0.10112 0.81939
vt 0.54988 0.03682
vt 0.03433 0.32602
vt 0.56727 0.81939
vt 0.68347 0.65493
vt 0.72497 0.49048
vt 0.73717 0.44213
vt 0.04101 0.65493
vt 0.33295 0.65493
vt 0.33132 0.49048
vt 0.03834 0.49048
vt 0.09177 0.16156
vt 0.32808 0.16156
vt 0.32685 0.03682
vt 0.21941 0.03682
vt 0.33085 0.44213
vt 0.03716 0.44213
vt 0.32970 0.32602
vt 0.69817 0.32602
vt 0.64207 0.16156
vt 0.33620 0.98385
vt 0.33457 0.81939
vt 0.10112 0.81939
vt 0.54988 0.03682
vt 0.03433 0.32602
vt 0.56727 0.81939
vt 0.68347 0.65493
vt 0.72497 0.49048
vt 0.73717 0.44213
vt 0.04101 0.65493
vt 0.33295 0.65493
vt 0.33132 0.49048
vt 0.03834 0.49048
vt 0.09177 0.16156
vt 0.32808 0.16156
vt 0.32685 0.03682
vt 0.21941 0.03682
vt 0.33085 0.44213
vt 0.03716 0.44213
vt 0.32970 0.32602
vt 0.69817 0.32602
vt 0.64207 0.16156
vt 0.33620 0.98385
vt 0.33457 0.81939
vt 0.10112 0.81939
vt 0.54988 0.03682
vt 0.03433 0.32602
vt 0.56727 0.81939
vt 0.68347 0.65493
vt 0.72497 0.49048
vt 0.73717 0.44213
vt 0.04101 0.65493
vt 0.03834 0.49048
vt 0.33132 0.49048
vt 0.33295 0.65493
vt 0.09177 0.16156
vt 0.21941 0.03682
vt 0.32685 0.03682
vt 0.32808 0.16156
vt 0.03716 0.44213
vt 0.33085 0.44213
vt 0.32970 0.32602
vt 0.64207 0.16156
vt 0.69817 0.32602
vt 0.33620 0.98385
vt 0.10112 0.81939
vt 0.33457 0.81939
vt 0.54988 0.03682
vt 0.03433 0.32602
vt 0.68347 0.65493
vt 0.56727 0.81939
vt 0.73717 0.44213
vt 0.72497 0.49048
vt 0.04101 0.65493
vt 0.33295 0.65493
vt 0.33132 0.49048
vt 0.03834 0.49048
vt 0.09177 0.16156
vt 0.32808 0.16156
vt 0.32685 0.03682
vt 0.21941 0.03682
vt 0.33085 0.44213
vt 0.03716 0.44213
vt 0.32970 0.32602
vt 0.69817 0.32602
vt 0.64207 0.16156
vt 0.33620 0.98385
vt 0.33457 0.81939
vt 0.10112 0.81939
vt 0.54988 0.03682
vt 0.03433 0.32602
vt 0.56727 0.81939
vt 0.68347 0.65493
vt 0.72497 0.49048
vt 0.73717 0.44213
vt 0.04101 0.65493
vt 0.33295 0.65493
vt 0.33132 0.49048
vt 0.03834 0.49048
vt 0.09177 0.16156
vt 0.32808 0.16156
vt 0.32685 0.03682
vt 0.21941 0.03682
vt 0.33085 0.44213
vt 0.03716 0.44213
vt 0.32970 0.32602
vt 0.69817 0.32602
vt 0.64207 0.16156
vt 0.33620 0.98385
vt 0.33457 0.81939
vt 0.10112 0.81939
vt 0.54988 0.03682
vt 0.03433 0.32602
vt 0.56727 0.81939
vt 0.68347 0.65493
vt 0.72497 0.49048
vt 0.73717 0.44213
vt 0.04101 0.65493
vt 0.33295 0.65493
vt 0.33132 0.49048
vt 0.03834 0.49048
vt 0.09177 0.16156
vt 0.32808 0.16156
vt 0.32685 0.03682
vt 0.21941 0.03682
vt 0.33085 0.44213
vt 0.03716 0.44213
vt 0.32970 0.32602
vt 0.69817 0.32602
vt 0.64207 0.16156
vt 0.33620 0.98385
vt 0.33457 0.81939
vt 0.10112 0.81939
vt 0.54988 0.03682
vt 0.03433 0.32602
vt 0.56727 0.81939
vt 0.68347 0.65493
vt 0.72497 0.49048
vt 0.73717 0.44213
vt 0.04101 0.65493
vt 0.33295 0.65493
vt 0.33132 0.49048
vt 0.03834 0.49048
vt 0.09177 0.16156
vt 0.32808 0.16156
vt 0.32685 0.03682
vt 0.21941 0.03682
vt 0.33085 0.44213
vt 0.03716 0.44213
vt 0.32970 0.32602
vt 0.69817 0.32602
vt 0.64207 0.16156
vt 0.33620 0.98385
vt 0.33457 0.81939
vt 0.10112 0.81939
vt 0.54988 0.03682
vt 0.03433 0.32602
vt 0.56727 0.81939
vt 0.68347 0.65493
vt 0.72497 0.49048
vt 0.73717 0.44213
vt 0.04101 0.65493
vt 0.03834 0.49048
vt 0.33132 0.49048
vt 0.33295 0.65493
vt 0.09177 0.16156
vt 0.21941 0.03682
vt 0.32685 0.03682
vt 0.32808 0.16156
vt 0.03716 0.44213
vt 0.33085 0.44213
vt 0.32970 0.32602
vt 0.64207 0.16156
vt 0.69817 0.32602
vt 0.33620 0.98385
vt 0.10112 0.81939
vt 0.33457 0.81939
vt 0.54988 0.03682
vt 0.03433 0.32602
vt 0.68347 0.65493
vt 0.56727 0.81939
vt 0.73717 0.44213
vt 0.72497 0.49048
vn -0.1092 0.9277 -0.3569
vn -0.1034 0.9239 -0.3683
vn 0.3138 0.7955 -0.5184
vn -0.4958 0.8545 -0.1550
vn -0.4925 0.8541 -0.1672
vn -0.5225 0.8197 -0.2346
vn -0.1440 0.8580 -0.4930
vn 0.2864 0.7546 -0.5904
vn 0.3122 0.7978 -0.5158
vn -0.2427 0.6696 -0.7020
vn -0.5856 0.7130 -0.3855
vn -0.2648 0.5652 -0.7812
vn 0.2236 0.6409 -0.7343
vn -0.3631 0.9208 0.1423
vn -0.3652 0.9202 0.1406
vn -0.6144 0.7530 -0.2353
vn -0.0211 0.8693 0.4937
vn -0.0205 0.8696 0.4933
vn -0.0934 0.8310 0.5484
vn -0.4679 0.8520 0.2350
vn -0.6739 0.7153 -0.1852
vn -0.6129 0.7560 -0.2296
vn -0.6575 0.6544 0.3734
vn -0.2653 0.7034 0.6594
vn -0.7311 0.5513 0.4020
vn -0.7886 0.6087 -0.0871
vn 0.4311 0.8988 -0.0791
vn 0.4350 0.8981 -0.0640
vn 0.4960 0.7730 0.3954
vn 0.2817 0.8233 -0.4929
vn 0.2912 0.8230 -0.4877
vn 0.3617 0.7818 -0.5079
vn 0.5667 0.8200 -0.0809
vn 0.5750 0.7240 0.3811
vn 0.4897 0.7747 0.4001
vn 0.7780 0.6103 -0.1490
vn 0.5175 0.6589 -0.5460
vn 0.8491 0.5052 -0.1539
vn 0.7405 0.5872 0.3270
vn 0.2138 0.9042 0.3697
vn 0.2028 0.9079 0.3669
vn -0.2451 0.8055 0.5395
vn 0.5923 0.7995 0.1000
vn 0.5913 0.8001 0.1010
vn 0.6282 0.7569 0.1803
vn 0.2528 0.8303 0.4967
vn -0.2166 0.7582 0.6149
vn -0.2504 0.8072 0.5346
vn 0.3442 0.6177 0.7071
vn 0.6936 0.6222 0.3630
vn 0.3517 0.5184 0.7795
vn -0.1362 0.6244 0.7691
vn 0.2843 0.9550 0.0840
vn 0.3055 0.9474 0.0957
vn 0.1720 0.7872 0.5923
vn 0.3820 0.8247 -0.4171
vn 0.3926 0.8287 -0.3990
vn 0.4891 0.7966 -0.3552
vn 0.4813 0.8640 0.1482
vn 0.2847 0.7560 0.5894
vn 0.1821 0.7935 0.5806
vn 0.7430 0.6347 0.2121
vn 0.6953 0.6746 -0.2481
vn 0.8238 0.5093 0.2492
vn 0.4877 0.6404 0.5933
vn 0.1669 0.9639 -0.2074
vn 0.1825 0.9569 -0.2260
vn 0.6359 0.7718 -0.0017
vn -0.3061 0.8574 -0.4137
vn -0.2860 0.8613 -0.4200
vn -0.2239 0.8323 -0.5070
vn 0.2682 0.8802 -0.3915
vn 0.6558 0.7462 -0.1142
vn 0.6268 0.7791 -0.0138
vn 0.3793 0.6617 -0.6467
vn -0.0796 0.7165 -0.6930
vn 0.4290 0.5391 -0.7248
vn 0.6989 0.6406 -0.3181
vn -0.1888 0.9793 -0.0724
vn -0.2100 0.9740 -0.0852
vn -0.0703 0.8119 -0.5795
vn -0.3204 0.8487 0.4207
vn -0.3298 0.8541 0.4022
vn -0.4269 0.8323 0.3536
vn -0.3904 0.9088 -0.1471
vn -0.1854 0.7916 -0.5823
vn -0.0804 0.8190 -0.5682
vn -0.6696 0.7070 -0.2277
vn -0.6387 0.7327 0.2350
vn -0.7599 0.5906 -0.2713
vn -0.3982 0.6960 -0.5975
vn -0.1300 0.9566 0.2609
vn -0.1372 0.9490 0.2839
vn -0.6307 0.7371 0.2426
vn 0.3908 0.8781 0.2763
vn 0.3743 0.8809 0.2897
vn 0.3505 0.8499 0.3933
vn -0.1512 0.8702 0.4690
vn -0.6061 0.7121 0.3542
vn -0.6182 0.7451 0.2504
vn -0.1478 0.6498 0.7456
vn 0.2919 0.7293 0.6188
vn -0.1583 0.5258 0.8358
vn -0.5648 0.6072 0.5589
vn -0.1092 0.9277 -0.3569
vn -0.1034 0.9239 -0.3683
vn 0.3138 0.7955 -0.5184
vn -0.4958 0.8545 -0.1550
vn -0.4925 0.8541 -0.1672
vn -0.5225 0.8197 -0.2346
vn -0.1440 0.8580 -0.4930
vn 0.2864 0.7546 -0.5904
vn 0.3122 0.7978 -0.5158
vn -0.2427 0.6696 -0.7020
vn -0.5856 0.7130 -0.3855
vn -0.2648 0.5652 -0.7812
vn 0.2236 0.6409 -0.7343
vn -0.3631 0.9208 0.1423
vn -0.3652 0.9202 0.1406
vn -0.6144 0.7530 -0.2353
vn -0.0211 0.8693 0.4937
vn -0.0205 0.8696 0.4933
vn -0.0934 0.8310 0.5484
vn -0.4679 0.8520 0.2350
vn -0.6739 0.7153 -0.1852
vn -0.6129 0.7560 -0.2296
vn -0.6575 0.6544 0.3734
vn -0.2653 0.7034 0.6594
vn -0.7311 0.5513 0.4020
vn -0.7886 0.6087 -0.0871
vn 0.4311 0.8988 -0.0791
vn 0.4350 0.8981 -0.0640
vn 0.4960 0.7730 0.3954
vn 0.2817 0.8233 -0.4929
vn 0.2912 0.8230 -0.4877
vn 0.3617 0.7818 -0.5079
vn 0.5667 0.8200 -0.0809
vn 0.5750 0.7240 0.3811
vn 0.4897 0.7747 0.4001
vn 0.7780 0.6103 -0.1490
vn 0.5175 0.6589 -0.5460
vn 0.8491 0.5052 -0.1539
vn 0.7405 0.5872 0.3270
vn 0.2138 0.9042 0.3697
vn 0.2028 0.9079 0.3669
vn -0.2451 0.8055 0.5395
vn 0.5923 0.7995 0.1000
vn 0.5913 0.8001 0.1010
vn 0.6282 0.7569 0.1803
vn 0.2528 0.8303 0.4967
vn -0.2166 0.7582 0.6149
vn -0.2504 0.8072 0.5346
vn 0.3442 0.6177 0.7071
vn 0.6936 0.6222 0.3630
vn 0.3517 0.5184 0.7795
vn -0.1362 0.6244 0.7691
vn 0.2843 0.9550 0.0840
vn 0.3055 0.9474 0.0957
vn 0.1720 0.7872 0.5923
vn 0.3820 0.8247 -0.4171
vn 0.3926 0.8287 -0.3990
vn 0.4891 0.7966 -0.3552
vn 0.4813 0.8640 0.1482
vn 0.2847 0.7560 0.5894
vn 0.1821 0.7935 0.5806
vn 0.7430 0.6347 0.2121
vn 0.6953 0.6746 -0.2481
vn 0.8238 0.5093 0.2492
vn 0.4877 0.6404 0.5933
vn 0.1669 0.9639 -0.2074
vn 0.1825 0.9569 -0.2260
vn 0.6359 0.7718 -0.0017
vn -0.3061 0.8574 -0.4137
vn -0.2860 0.8613 -0.4200
vn -0.2239 0.8323 -0.5070
vn 0.2682 0.8802 -0.3915
vn 0.6558 0.7462 -0.1142
vn 0.6268 0.7791 -0.0138
vn 0.3793 0.6617 -0.6467
vn -0.0796 0.7165 -0.6930
vn 0.4290 0.5391 -0.7248
vn 0.6989 0.6406 -0.3181
vn -0.1888 0.9793 -0.0724
vn -0.2100 0.9740 -0.0852
vn -0.0703 0.8119 -0.5795
vn -0.3204 0.8487 0.4207
vn -0.3298 0.8541 0.4022
vn -0.4269 0.8323 0.3536
vn -0.3904 0.9088 -0.1471
vn -0.1854 0.7916 -0.5823
vn -0.0804 0.8190 -0.5682
vn -0.6696 0.7070 -0.2277
vn -0.6387 0.7327 0.2350
vn -0.7599 0.5906 -0.2713
vn -0.3982 0.6960 -0.5975
vn -0.1300 0.9566 0.2609
vn -0.1372 0.9490 0.2839
vn -0.6307 0.7371 0.2426
vn 0.3908 0.8781 0.2763
vn 0.3743 0.8809 0.2897
vn 0.3505 0.8499 0.3933
vn -0.1512 0.8702 0.4690
vn -0.6061 0.7121 0.3542
vn -0.6182 0.7451 0.2504
vn -0.1478 0.6498 0.7456
vn 0.2919 0.7293 0.6188
vn -0.1583 0.5258 0.8358
vn -0.5648 0.6072 0.5589
vn -0.2413 0.8888 0.3895
vn -0.0392 0.9278 0.3712
vn -0.0308 0.8530 0.5211
vn -0.3040 0.7836 0.5418
vn -0.5282 0.6731 0.5176
vn -0.0753 0.9430 0.3241
vn -0.1824 0.9789 0.0924
vn -0.7098 0.6733 0.2070
vn -0.0185 0.8410 0.5407
vn -0.3486 0.6849 0.6398
vn 0.0039 0.8519 0.5237
vn 0.3878 0.8752 0.2891
vn 0.4504 0.8775 0.1645
vn -0.1160 0.9932 -0.0093
vn -0.0720 0.9854 0.1540
vn -0.2239 0.9385 0.2629
vn 0.4214 0.9049 -0.0595
vn -0.3930 0.6598 0.6405
vn 0.1260 0.9736 0.1906
vn 0.1702 0.9196 0.3539
vn 0.2500 0.8679 0.4293
vn 0.3197 0.8685 0.3788
vn -0.5664 0.8213 0.0681
vn -0.5140 0.8197 0.2526
vn -0.6346 0.7255 0.2663
vn -0.6841 0.7291 0.0189
vn -0.5280 0.7793 -0.3375
vn -0.4696 0.8619 0.1912
vn -0.2502 0.9590 0.1333
vn -0.2378 0.8471 -0.4752
vn -0.6512 0.7131 0.2599
vn -0.7017 0.7085 -0.0751
vn -0.6439 0.7281 0.2352
vn -0.5012 0.6038 0.6198
vn -0.3896 0.6211 0.6800
vn -0.1598 0.9613 0.2244
vn -0.3107 0.9198 0.2396
vn -0.4176 0.9065 0.0622
vn -0.1654 0.6987 0.6960
vn -0.6598 0.7289 -0.1825
vn -0.3484 0.8392 0.4176
vn -0.4632 0.7736 0.4324
vn -0.5336 0.6817 0.5005
vn -0.5379 0.6242 0.5666
vn -0.4735 0.8608 0.1866
vn -0.2622 0.8934 0.3647
vn -0.3676 0.7852 0.4983
vn -0.6408 0.7200 0.2661
vn -0.6994 0.7089 0.0910
vn -0.2472 0.8911 0.3807
vn -0.1283 0.9797 0.1541
vn -0.5655 0.7889 -0.2405
vn -0.3767 0.7428 0.5535
vn -0.7195 0.6253 0.3021
vn -0.3620 0.7445 0.5609
vn 0.0921 0.6936 0.7145
vn 0.2064 0.7182 0.6645
vn -0.0007 0.9891 0.1470
vn -0.0990 0.9660 0.2390
vn -0.3064 0.9451 0.1140
vn 0.3630 0.7910 0.4925
vn -0.7283 0.6287 0.2726
vn 0.0143 0.9013 0.4330
vn -0.0356 0.8470 0.5305
vn -0.0157 0.7659 0.6428
vn 0.0320 0.7099 0.7036
vn 0.3078 0.9245 0.2249
vn 0.2516 0.9662 0.0555
vn 0.3614 0.9323 0.0122
vn 0.4402 0.8653 0.2398
vn 0.4035 0.7279 0.5544
vn 0.1866 0.9741 0.1276
vn -0.0141 0.9689 0.2470
vn 0.1617 0.6459 0.7461
vn 0.3432 0.9390 0.0231
vn 0.4796 0.8177 0.3183
vn 0.3388 0.9405 0.0280
vn 0.1206 0.9333 -0.3382
vn 0.0284 0.9192 -0.3927
vn -0.0987 0.9761 0.1937
vn 0.0503 0.9891 0.1382
vn 0.1638 0.9476 0.2742
vn -0.1861 0.9168 -0.3535
vn 0.4750 0.7822 0.4032
vn 0.0780 0.9950 -0.0621
vn 0.1970 0.9723 -0.1262
vn 0.2446 0.9443 -0.2204
vn 0.1883 0.9402 -0.2839
vn -0.4994 0.8653 -0.0427
vn -0.6122 0.7877 -0.0687
vn -0.4206 0.8788 -0.2252
vn -0.3598 0.9211 -0.1488
vn -0.7697 0.6203 0.1510
vn -0.6659 0.5823 0.4662
vn -0.2675 0.9499 0.1614
vn -0.3629 0.9299 -0.0595
vn -0.6952 0.7188 -0.0110
vn -0.4221 0.8837 -0.2019
vn -0.4275 0.8768 -0.2202
vn 0.0948 0.9239 -0.3707
vn -0.0122 0.9237 -0.3830
vn -0.1644 0.9718 0.1693
vn -0.4167 0.9065 0.0686
vn -0.2520 0.9672 0.0306
vn 0.2401 0.9478 -0.2099
vn -0.7469 0.6646 0.0193
vn -0.2092 0.9417 -0.2635
vn -0.1557 0.9777 -0.1410
vn -0.1001 0.9190 -0.3813
vn -0.1850 0.9122 -0.3655
vn 0.1417 0.9440 0.2979
vn 0.2866 0.9462 0.1506
vn 0.3835 0.8826 0.2720
vn 0.1836 0.8629 0.4708
vn -0.0115 0.7911 0.6116
vn 0.2300 0.9638 0.1348
vn 0.0022 0.9998 0.0198
vn -0.3498 0.7989 0.4893
vn 0.4044 0.8703 0.2810
vn 0.2047 0.7811 0.5898
vn 0.4113 0.8759 0.2524
vn 0.5537 0.8150 -0.1708
vn 0.5210 0.7971 -0.3052
vn -0.0117 0.9948 -0.1015
vn 0.1263 0.9920 -0.0037
vn 0.0774 0.9802 0.1823
vn 0.3567 0.8120 -0.4619
vn 0.1693 0.7641 0.6224
vn 0.2993 0.9491 -0.0981
vn 0.4339 0.9009 0.0075
vn 0.5388 0.8421 0.0234
vn 0.5593 0.8269 -0.0587
vn -0.3183 0.9091 0.2688
vn -0.1596 0.9126 0.3765
vn -0.2502 0.8418 0.4784
vn -0.4470 0.8351 0.3207
vn -0.5543 0.8304 -0.0566
vn -0.1620 0.9417 0.2947
vn -0.0246 0.9950 0.0968
vn -0.4169 0.8368 -0.3548
vn -0.2680 0.8319 0.4859
vn -0.5227 0.8107 0.2638
vn -0.2771 0.8435 0.4601
vn 0.0692 0.7262 0.6840
vn 0.1941 0.7286 0.6569
vn 0.1031 0.9887 0.1090
vn -0.0053 0.9750 0.2221
vn -0.2019 0.9668 0.1565
vn 0.3812 0.7675 0.5154
vn -0.5585 0.8154 0.1523
vn 0.0744 0.9158 0.3947
vn -0.0088 0.8722 0.4891
vn -0.0260 0.7992 0.6006
vn 0.0086 0.7485 0.6631
vn -0.1680 0.9409 0.2940
vn 0.1102 0.9502 0.2913
vn 0.1073 0.8722 0.4773
vn -0.2555 0.8375 0.4831
vn -0.4138 0.8233 0.3885
vn 0.1317 0.9466 0.2945
vn 0.0831 0.9960 0.0327
vn -0.5193 0.8537 0.0390
vn 0.1325 0.8362 0.5321
vn -0.2999 0.7606 0.5758
vn 0.1486 0.8360 0.5282
vn 0.5884 0.7197 0.3688
vn 0.6449 0.7205 0.2548
vn 0.1763 0.9828 -0.0544
vn 0.1591 0.9839 0.0812
vn -0.0809 0.9895 0.1198
vn 0.6590 0.7520 0.0136
vn -0.3252 0.7632 0.5583
vn 0.3649 0.9157 0.1684
vn 0.3854 0.8783 0.2830
vn 0.4662 0.8038 0.3696
vn 0.5370 0.7452 0.3953
vn 0.4555 0.8723 -0.1778
vn 0.3070 0.9101 -0.2784
vn 0.3596 0.8546 -0.3744
vn 0.5608 0.7926 -0.2396
vn 0.7245 0.6878 0.0459
vn 0.3049 0.9344 -0.1841
vn 0.2291 0.9728 0.0335
vn 0.6576 0.6633 0.3571
vn 0.3535 0.8651 -0.3558
vn 0.6374 0.7450 -0.1964
vn 0.3534 0.8677 -0.3495
vn -0.0492 0.8704 -0.4899
vn -0.1555 0.8682 -0.4712
vn 0.1309 0.9904 0.0448
vn 0.2094 0.9734 -0.0931
vn 0.3799 0.9234 -0.0538
vn -0.2933 0.9056 -0.3064
vn 0.6857 0.7174 -0.1231
vn 0.1017 0.9592 -0.2637
vn 0.1489 0.9116 -0.3832
vn 0.1219 0.8688 -0.4799
vn 0.0379 0.8697 -0.4922
vn -0.3351 0.9324 0.1350
vn -0.4440 0.8736 0.1992
vn -0.3919 0.9183 -0.0554
vn -0.2930 0.9552 -0.0425
vn -0.4358 0.7528 0.4932
vn -0.1568 0.7217 0.6742
vn -0.0203 0.9912 0.1305
vn -0.2369 0.9712 0.0258
vn -0.4755 0.8245 0.3067
vn -0.3776 0.9252 -0.0375
vn -0.3941 0.9179 -0.0470
vn -0.0906 0.8631 -0.4969
vn -0.1798 0.8803 -0.4391
vn 0.0648 0.9956 0.0682
vn -0.1971 0.9671 0.1609
vn -0.0915 0.9956 0.0184
vn 0.1255 0.8738 -0.4698
vn -0.4999 0.7824 0.3714
vn -0.2508 0.9409 -0.2276
vn -0.1282 0.9763 -0.1741
vn -0.2459 0.8909 -0.3818
vn -0.3007 0.9000 -0.3156
vn -0.1346 0.9220 -0.3629
vn -0.1287 0.9183 -0.3743
vn 0.2919 0.8004 -0.5235
vn -0.5191 0.8395 -0.1605
vn -0.5158 0.8391 -0.1727
vn -0.5448 0.8035 -0.2399
vn -0.1674 0.8505 -0.4986
vn 0.2656 0.7584 -0.5953
vn 0.2902 0.8027 -0.5210
vn -0.2610 0.6581 -0.7063
vn -0.6050 0.6941 -0.3901
vn -0.2802 0.5526 -0.7849
vn 0.2060 0.6420 -0.7385
vn -0.3883 0.9114 0.1363
vn -0.3904 0.9107 0.1347
vn -0.6349 0.7343 -0.2401
vn -0.0450 0.8716 0.4880
vn -0.0444 0.8719 0.4877
vn -0.1162 0.8316 0.5430
vn -0.4912 0.8403 0.2295
vn -0.6932 0.6953 -0.1898
vn -0.6334 0.7374 -0.2344
vn -0.6753 0.6385 0.3692
vn -0.2845 0.7002 0.6549
vn -0.7460 0.5336 0.3985
vn -0.8050 0.5862 -0.0910
vn 0.4063 0.9098 -0.0850
vn 0.4102 0.9093 -0.0699
vn 0.4746 0.7889 0.3903
vn 0.2590 0.8275 -0.4982
vn 0.2685 0.8275 -0.4931
vn 0.3401 0.7881 -0.5130
vn 0.5439 0.8347 -0.0863
vn 0.5548 0.7420 0.3763
vn 0.4682 0.7904 0.3950
vn 0.7610 0.6304 -0.1530
vn 0.4992 0.6693 -0.5503
vn 0.8350 0.5274 -0.1573
vn 0.7240 0.6094 0.3231
vn 0.1889 0.9121 0.3638
vn 0.1777 0.9155 0.3610
vn -0.2672 0.8019 0.5343
vn 0.5701 0.8161 0.0948
vn 0.5691 0.8167 0.0957
vn 0.6071 0.7750 0.1753
vn 0.2299 0.8402 0.4913
vn -0.2374 0.7560 0.6100
vn -0.2725 0.8034 0.5294
vn 0.3269 0.6315 0.7030
vn 0.6762 0.6434 0.3588
vn 0.3373 0.5329 0.7761
vn -0.1533 0.6254 0.7651
vn 0.2579 0.9630 0.0777
vn 0.2793 0.9560 0.0895
vn 0.1503 0.7954 0.5871
vn 0.3592 0.8322 -0.4225
vn 0.3697 0.8366 -0.4044
vn 0.4671 0.8075 -0.3604
vn 0.4574 0.8778 0.1425
vn 0.2637 0.7673 0.5845
vn 0.1602 0.8020 0.5754
vn 0.7253 0.6563 0.2079
vn 0.6765 0.6918 -0.2525
vn 0.8094 0.5334 0.2458
vn 0.4699 0.6574 0.5891
vn 0.1403 0.9668 -0.2137
vn 0.1561 0.9600 -0.2323
vn 0.6144 0.7889 -0.0068
vn -0.3295 0.8460 -0.4192
vn -0.3096 0.8503 -0.4256
vn -0.2467 0.8225 -0.5124
vn 0.2440 0.8847 -0.3973
vn 0.6351 0.7632 -0.1191
vn 0.6051 0.7959 -0.0189
vn 0.3610 0.6677 -0.6510
vn -0.0992 0.7095 -0.6976
vn 0.4141 0.5460 -0.7283
vn 0.6810 0.6575 -0.3224
vn -0.2156 0.9733 -0.0788
vn -0.2367 0.9673 -0.0915
vn -0.0926 0.8059 -0.5848
vn -0.3437 0.8423 0.4152
vn -0.3533 0.8473 0.3967
vn -0.4497 0.8225 0.3482
vn -0.4152 0.8968 -0.1530
vn -0.2070 0.7824 -0.5874
vn -0.1027 0.8128 -0.5735
vn -0.6887 0.6868 -0.2322
vn -0.6587 0.7164 0.2302
vn -0.7759 0.5677 -0.2751
vn -0.4171 0.6809 -0.6020
vn -0.1563 0.9543 0.2546
vn -0.1633 0.9467 0.2778
vn -0.6507 0.7211 0.2379
vn 0.3664 0.8902 0.2705
vn 0.3499 0.8927 0.2839
vn 0.3271 0.8618 0.3878
vn -0.1751 0.8687 0.4633
vn -0.6255 0.6975 0.3496
vn -0.6385 0.7294 0.2456
vn -0.1656 0.6503 0.7414
vn 0.2718 0.7410 0.6140
vn -0.1728 0.5266 0.8324
vn -0.5812 0.5951 0.5550
vn 0.2656 0.9586 0.1025
vn 0.2585 0.9604 -0.1041
vn 0.4162 0.9047 -0.0908
vn 0.4238 0.8854 0.1912
vn 0.3952 0.8120 0.4296
vn 0.2074 0.9755 -0.0739
vn -0.0344 0.9993 0.0121
vn 0.0735 0.8036 0.5906
vn 0.4379 0.8935 -0.0997
vn 0.5286 0.8088 0.2578
vn 0.4216 0.8982 -0.1244
vn 0.2161 0.8270 -0.5191
vn 0.0973 0.8030 -0.5879
vn -0.1316 0.9894 -0.0615
vn 0.0343 0.9950 -0.0941
vn 0.1359 0.9883 0.0695
vn -0.1300 0.8065 -0.5769
vn 0.5287 0.7917 0.3060
vn 0.0871 0.9547 -0.2846
vn 0.2585 0.9151 -0.3095
vn 0.3452 0.8606 -0.3746
vn 0.3005 0.8431 -0.4460
vn -0.0700 0.9067 0.4159
vn 0.1168 0.9196 0.3750
vn 0.1321 0.8495 0.5109
vn -0.1172 0.8302 0.5451
vn -0.4640 0.8081 0.3629
vn 0.0547 0.9457 0.3204
vn 0.0032 0.9964 0.0845
vn -0.5858 0.8084 0.0579
vn 0.1257 0.8393 0.5290
vn -0.2093 0.8012 0.5607
vn 0.1002 0.8496 0.5177
vn 0.5063 0.7526 0.4210
vn 0.5725 0.7583 0.3117
vn 0.1001 0.9950 0.0004
vn 0.1082 0.9817 0.1568
vn -0.0741 0.9643 0.2542
vn 0.5969 0.7985 0.0785
vn -0.3149 0.8005 0.5099
vn 0.2909 0.9316 0.2180
vn 0.3042 0.8886 0.3432
vn 0.3768 0.8192 0.4324
vn 0.4484 0.7720 0.4505
vn 0.0500 0.9447 0.3243
vn 0.2390 0.9635 0.1208
vn 0.3755 0.8922 0.2510
vn 0.1320 0.8452 0.5179
vn -0.0448 0.8221 0.5676
vn 0.2562 0.9607 0.1073
vn 0.0307 0.9988 -0.0377
vn -0.3718 0.8361 0.4034
vn 0.4344 0.8592 0.2704
vn 0.1724 0.7702 0.6140
vn 0.4426 0.8594 0.2561
vn 0.6355 0.7526 -0.1726
vn 0.5919 0.7512 -0.2921
vn 0.0324 0.9857 -0.1653
vn 0.1187 0.9912 -0.0594
vn -0.0187 0.9898 0.1411
vn 0.4253 0.7744 -0.4684
vn 0.1422 0.7713 0.6203
vn 0.3268 0.9333 -0.1486
vn 0.4258 0.9009 -0.0845
vn 0.5479 0.8324 -0.0834
vn 0.6182 0.7773 -0.1170
vn 0.1407 0.8805 -0.4527
vn -0.0362 0.9094 -0.4143
vn -0.0667 0.8524 -0.5186
vn 0.1724 0.8023 -0.5716
vn 0.4969 0.7137 -0.4937
vn 0.0294 0.9371 -0.3478
vn 0.1328 0.9808 -0.1429
vn 0.6776 0.6983 -0.2308
vn -0.0581 0.8633 -0.5014
vn 0.2587 0.7590 -0.5975
vn -0.0537 0.8661 -0.4969
vn -0.4324 0.8497 -0.3017
vn -0.4919 0.8445 -0.2117
vn 0.0726 0.9953 -0.0640
vn 0.0277 0.9760 -0.2159
vn 0.1759 0.9335 -0.3125
vn -0.4692 0.8831 0.0016
vn 0.3464 0.7358 -0.5820
vn -0.1692 0.9519 -0.2554
vn -0.2210 0.9016 -0.3718
vn -0.3075 0.8544 -0.4189
vn -0.3741 0.8519 -0.3665
vn -0.1797 0.9246 0.3361
vn -0.2052 0.8643 0.4591
vn -0.3559 0.9016 0.2460
vn -0.2803 0.9423 0.1831
vn 0.0195 0.7548 0.6557
vn 0.3440 0.7399 0.5781
vn 0.0307 0.9940 0.1047
vn -0.1932 0.9627 0.1896
vn -0.1465 0.8182 0.5560
vn -0.3335 0.9096 0.2480
vn -0.3512 0.9013 0.2534
vn -0.4655 0.8407 -0.2766
vn -0.4859 0.8569 -0.1721
vn 0.0439 0.9990 -0.0001
vn -0.0677 0.9649 0.2537
vn -0.0997 0.9919 0.0791
vn -0.2978 0.8599 -0.4146
vn -0.1143 0.7777 0.6182
vn -0.3847 0.9227 0.0250
vn -0.2634 0.9643 -0.0270
vn -0.4905 0.8673 -0.0847
vn -0.4806 0.8769 0.0007
vn 0.3557 0.9327 0.0593
vn 0.3108 0.9428 -0.1203
vn 0.4504 0.8819 -0.1395
vn 0.5146 0.8505 0.1086
vn 0.5271 0.7823 0.3322
vn 0.2841 0.9551 -0.0839
vn 0.0853 0.9953 0.0456
vn 0.2669 0.8026 0.5334
vn 0.4721 0.8687 -0.1500
vn 0.6191 0.7708 0.1503
vn 0.4523 0.8762 -0.1667
vn 0.1896 0.8520 -0.4880
vn 0.0677 0.8478 -0.5260
vn -0.0152 0.9998 -0.0104
vn 0.1208 0.9903 -0.0684
vn 0.2375 0.9699 0.0533
vn -0.1284 0.8733 -0.4699
vn 0.6291 0.7528 0.1938
vn 0.1305 0.9609 -0.2440
vn 0.2723 0.9136 -0.3021
vn 0.3342 0.8616 -0.3821
vn 0.2787 0.8551 -0.4371
vn 0.1146 0.9117 0.3944
vn 0.2725 0.9055 0.3254
vn 0.3076 0.8403 0.4465
vn 0.0893 0.8473 0.5237
vn -0.2505 0.8716 0.4215
vn 0.2239 0.9294 0.2935
vn 0.1409 0.9861 0.0875
vn -0.4093 0.8957 0.1740
vn 0.3084 0.8296 0.4654
vn 0.0077 0.8318 0.5550
vn 0.2864 0.8422 0.4569
vn 0.6316 0.7131 0.3044
vn 0.6702 0.7185 0.1858
vn 0.1945 0.9809 0.0005
vn 0.2298 0.9640 0.1334
vn 0.0873 0.9639 0.2514
vn 0.6475 0.7616 -0.0272
vn -0.0957 0.8440 0.5278
vn 0.3976 0.9041 0.1567
vn 0.4325 0.8615 0.2660
vn 0.5153 0.7879 0.3371
vn 0.5830 0.7381 0.3395
vn 0.2066 0.9336 0.2928
vn 0.3356 0.9387 0.0786
vn 0.4770 0.8625 0.1690
vn 0.3106 0.8332 0.4575
vn 0.1586 0.8320 0.5315
vn 0.3621 0.9300 0.0625
vn 0.1335 0.9906 -0.0285
vn -0.1588 0.8841 0.4395
vn 0.5361 0.8254 0.1770
vn 0.3589 0.7609 0.5407
vn 0.5404 0.8259 0.1606
vn 0.6359 0.7241 -0.2670
vn 0.5678 0.7357 -0.3694
vn 0.1059 0.9859 -0.1294
vn 0.1996 0.9783 -0.0558
vn 0.1168 0.9828 0.1430
vn 0.3849 0.7820 -0.4903
vn 0.3328 0.7649 0.5515
vn 0.3630 0.9158 -0.1718
vn 0.4619 0.8763 -0.1373
vn 0.5741 0.8022 -0.1636
vn 0.6291 0.7479 -0.2120
vn 0.1391 0.9022 -0.4081
vn -0.0045 0.9419 -0.3359
vn -0.0545 0.9026 -0.4270
vn 0.1395 0.8370 -0.5291
vn 0.4494 0.7187 -0.5308
vn 0.0778 0.9501 -0.3021
vn 0.2243 0.9642 -0.1417
vn 0.6625 0.6714 -0.3322
vn -0.0402 0.9083 -0.4164
vn 0.2098 0.7920 -0.5734
vn -0.0323 0.9103 -0.4126
vn -0.3341 0.9276 -0.1671
vn -0.3692 0.9260 -0.0781
vn 0.1603 0.9858 -0.0502
vn 0.0927 0.9806 -0.1727
vn 0.1998 0.9371 -0.2863
vn -0.3056 0.9465 0.1033
vn 0.2903 0.7591 -0.5827
vn -0.0857 0.9815 -0.1710
vn -0.1570 0.9516 -0.2642
vn -0.2468 0.9240 -0.2921
vn -0.2946 0.9265 -0.2340
vn 0.0066 0.9396 0.3423
vn 0.0002 0.8884 0.4591
vn -0.1620 0.9414 0.2957
vn -0.1041 0.9686 0.2259
vn 0.2313 0.7618 0.6051
vn 0.5095 0.7147 0.4792
vn 0.1686 0.9785 0.1190
vn -0.0215 0.9731 0.2293
vn 0.0651 0.8399 0.5388
vn -0.1399 0.9445 0.2971
vn -0.1529 0.9396 0.3062
vn -0.3586 0.9230 -0.1397
vn -0.3557 0.9336 -0.0443
vn 0.1467 0.9891 0.0117
vn 0.0932 0.9641 0.2489
vn 0.0371 0.9939 0.1043
vn -0.2365 0.9274 -0.2897
vn 0.1002 0.7977 0.5947
vn -0.2233 0.9687 0.1083
vn -0.1239 0.9914 0.0424
vn -0.3414 0.9394 0.0322
vn -0.3170 0.9427 0.1045
vn 0.3371 0.9368 -0.0939
vn 0.1955 0.9499 -0.2439
vn 0.3180 0.8855 -0.3387
vn 0.5083 0.8509 -0.1327
vn 0.6390 0.7665 0.0645
vn 0.1784 0.9660 -0.1873
vn 0.0562 0.9977 0.0375
vn 0.5044 0.7662 0.3981
vn 0.3275 0.8736 -0.3598
vn 0.6251 0.7655 -0.1526
vn 0.2992 0.8805 -0.3676
vn -0.1201 0.8411 -0.5274
vn -0.2562 0.8271 -0.5004
vn -0.0657 0.9967 0.0467
vn 0.0371 0.9955 -0.0877
vn 0.2205 0.9748 -0.0325
vn -0.4184 0.8416 -0.3414
vn 0.6557 0.7459 -0.1167
vn -0.0522 0.9627 -0.2656
vn 0.0565 0.9157 -0.3980
vn 0.0742 0.8603 -0.5044
vn -0.0076 0.8489 -0.5285
vn 0.2895 0.8857 0.3630
vn 0.4030 0.8911 0.2086
vn 0.4988 0.8131 0.2999
vn 0.3338 0.8050 0.4905
vn -0.0472 0.8106 0.5837
vn 0.3224 0.9232 0.2091
vn 0.1320 0.9890 0.0668
vn -0.3397 0.8334 0.4360
vn 0.5054 0.8023 0.3176
vn 0.2731 0.7800 0.5631
vn 0.4797 0.8146 0.3262
vn 0.7120 0.7019 -0.0160
vn 0.6897 0.7101 -0.1417
vn 0.1486 0.9870 -0.0605
vn 0.2571 0.9650 0.0513
vn 0.1838 0.9520 0.2449
vn 0.5569 0.7613 -0.3321
vn 0.1606 0.7875 0.5950
vn 0.4303 0.9024 -0.0242
vn 0.5198 0.8522 0.0605
vn 0.6277 0.7744 0.0787
vn 0.6897 0.7227 0.0446
vn 0.3214 0.9222 0.2149
vn 0.3296 0.9420 -0.0625
vn 0.5124 0.8570 -0.0559
vn 0.5032 0.8085 0.3051
vn 0.4023 0.7920 0.4593
vn 0.3333 0.9391 -0.0841
vn 0.0719 0.9965 -0.0430
vn 0.0504 0.8316 0.5531
vn 0.5668 0.8200 -0.0804
vn 0.5913 0.7266 0.3500
vn 0.5634 0.8205 -0.0967
vn 0.4165 0.7268 -0.5461
vn 0.3050 0.7340 -0.6068
vn -0.0120 0.9901 -0.1397
vn 0.1228 0.9854 -0.1176
vn 0.1524 0.9806 0.1236
vn 0.0657 0.7752 -0.6284
vn 0.5730 0.7289 0.3747
vn 0.2151 0.9217 -0.3226
vn 0.3291 0.8808 -0.3403
vn 0.4158 0.8062 -0.4208
vn 0.4421 0.7494 -0.4929
vn -0.1287 0.8949 -0.4273
vn -0.2334 0.9308 -0.2812
vn -0.3293 0.8811 -0.3395
vn -0.1893 0.8215 -0.5379
vn 0.0981 0.7122 -0.6950
vn -0.1384 0.9515 -0.2748
vn 0.0774 0.9788 -0.1896
vn 0.4055 0.6736 -0.6179
vn -0.3106 0.8906 -0.3322
vn -0.1451 0.7753 -0.6147
vn -0.3042 0.8929 -0.3318
vn -0.4595 0.8858 0.0652
vn -0.4449 0.8789 0.1720
vn 0.0856 0.9922 -0.0905
vn -0.0497 0.9834 -0.1746
vn -0.0059 0.9384 -0.3454
vn -0.2842 0.9048 0.3171
vn -0.0711 0.7468 -0.6613
vn -0.2246 0.9716 -0.0738
vn -0.3440 0.9303 -0.1271
vn -0.4432 0.8902 -0.1053
vn -0.4585 0.8884 -0.0218
vn 0.1561 0.9134 0.3759
vn 0.2138 0.8482 0.4847
vn -0.0367 0.9044 0.4251
vn -0.0188 0.9444 0.3282
vn 0.5034 0.7168 0.4825
vn 0.6936 0.6893 0.2091
vn 0.1656 0.9841 0.0636
vn 0.0521 0.9599 0.2753
vn 0.3183 0.7939 0.5181
vn -0.0181 0.9111 0.4117
vn -0.0285 0.9036 0.4275
vn -0.4683 0.8772 0.1060
vn -0.4133 0.8888 0.1978
vn 0.1067 0.9940 -0.0236
vn 0.1883 0.9523 0.2402
vn 0.0511 0.9901 0.1308
vn -0.4328 0.8950 -0.1084
vn 0.3804 0.7486 0.5431
vn -0.2027 0.9387 0.2788
vn -0.1433 0.9767 0.1597
vn -0.3582 0.8948 0.2663
vn -0.2938 0.8993 0.3238
vn 0.2061 0.9527 0.2235
vn 0.1982 0.9800 0.0188
vn 0.3591 0.9329 0.0257
vn 0.3686 0.8788 0.3030
vn 0.3454 0.7744 0.5301
vn 0.1463 0.9880 0.0504
vn -0.0963 0.9858 0.1375
vn 0.0253 0.7259 0.6873
vn 0.3815 0.9242 0.0156
vn 0.4783 0.8010 0.3601
vn 0.3648 0.9311 -0.0085
vn 0.1629 0.8975 -0.4099
vn 0.0456 0.8751 -0.4818
vn -0.1929 0.9792 0.0629
vn -0.0276 0.9991 0.0319
vn 0.0747 0.9782 0.1938
vn -0.1815 0.8630 -0.4715
vn 0.4795 0.7781 0.4057
vn 0.0270 0.9864 -0.1618
vn 0.2004 0.9610 -0.1907
vn 0.2901 0.9205 -0.2617
vn 0.2464 0.9094 -0.3349
vn -0.1248 0.8411 0.5263
vn 0.0609 0.8706 0.4883
vn 0.0807 0.7850 0.6142
vn -0.1668 0.7462 0.6445
vn -0.5121 0.7258 0.4594
vn -0.0031 0.8994 0.4370
vn -0.0583 0.9761 0.2092
vn -0.6346 0.7569 0.1563
vn 0.0752 0.7722 0.6309
vn -0.2568 0.7098 0.6559
vn 0.0490 0.7823 0.6210
vn 0.4600 0.7235 0.5147
vn 0.5254 0.7470 0.4073
vn 0.0383 0.9913 0.1259
vn 0.0477 0.9589 0.2796
vn -0.1329 0.9182 0.3731
vn 0.5465 0.8177 0.1812
vn -0.3623 0.7090 0.6050
vn 0.2334 0.9130 0.3348
vn 0.2496 0.8555 0.4537
vn 0.3267 0.7800 0.5338
vn 0.4011 0.7354 0.5461
vn -0.0076 0.8976 0.4407
vn 0.1792 0.9536 0.2421
vn 0.3203 0.8750 0.3630
vn 0.0810 0.7798 0.6208
vn -0.0938 0.7398 0.6662
vn 0.1965 0.9535 0.2285
vn -0.0313 0.9956 0.0884
vn -0.4216 0.7541 0.5035
vn 0.3811 0.8435 0.3785
vn 0.1262 0.6960 0.7068
vn 0.3893 0.8460 0.3642
vn 0.5871 0.8062 -0.0735
vn 0.5434 0.8171 -0.1925
vn -0.0292 0.9988 -0.0398
vn 0.0570 0.9962 0.0663
vn -0.0795 0.9611 0.2644
vn 0.3751 0.8520 -0.3653
vn 0.0960 0.6945 0.7131
vn 0.2680 0.9630 -0.0284
vn 0.3690 0.9289 0.0315
vn 0.4951 0.8685 0.0245
vn 0.5685 0.8225 -0.0153
vn 0.0845 0.9374 -0.3377
vn -0.0937 0.9503 -0.2969
vn -0.1209 0.9051 -0.4076
vn 0.1206 0.8769 -0.4653
vn 0.4503 0.7994 -0.3976
vn -0.0297 0.9734 -0.2270
vn 0.0714 0.9973 -0.0178
vn 0.6323 0.7623 -0.1379
vn -0.1129 0.9143 -0.3891
vn 0.2094 0.8427 -0.4960
vn -0.1087 0.9168 -0.3843
vn -0.4851 0.8525 -0.1946
vn -0.5439 0.8324 -0.1063
vn 0.0106 0.9980 0.0620
vn -0.0335 0.9953 -0.0914
vn 0.1168 0.9745 -0.1918
vn -0.5230 0.8452 0.1104
vn 0.2984 0.8231 -0.4831
vn -0.2286 0.9642 -0.1344
vn -0.2775 0.9258 -0.2565
vn -0.3610 0.8797 -0.3096
vn -0.4273 0.8665 -0.2582
vn -0.2355 0.8621 0.4488
vn -0.2570 0.7854 0.5632
vn -0.4103 0.8397 0.3557
vn -0.3376 0.8926 0.2989
vn -0.0253 0.6660 0.7455
vn 0.2993 0.6812 0.6682
vn -0.0306 0.9729 0.2290
vn -0.2519 0.9174 0.3082
vn -0.1952 0.7311 0.6537
vn -0.3884 0.8488 0.3588
vn -0.4056 0.8389 0.3630
vn -0.5175 0.8384 -0.1709
vn -0.5385 0.8401 -0.0653
vn -0.0181 0.9919 0.1258
vn -0.1266 0.9193 0.3728
vn -0.1607 0.9660 0.2027
vn -0.3517 0.8852 -0.3046
vn -0.1603 0.6852 0.7106
vn -0.4410 0.8867 0.1390
vn -0.3227 0.9419 0.0933
vn -0.5435 0.8391 0.0227
vn -0.5340 0.8385 0.1087
usemtl Tree_Bark
f 1//1 2//2 3//3
f 1//1 3//3 4//4
f 5//5 6//6 7//7
f 5//5 7//7 8//8
f 9//9 10//10 11//11
f 9//9 11//11 12//12
f 13//13 14//14 15//15
f 13//13 15//15 16//16
f 17//17 18//18 19//19
f 17//17 19//19 20//20
f 21//21 22//22 23//23
f 21//21 23//23 24//24
f 25//25 26//26 27//27
f 25//25 27//27 28//28
f 29//29 30//30 31//31
f 29//29 31//31 32//32
f 33//33 34//34 35//35
f 33//33 35//35 36//36
f 37//37 38//38 39//39
f 37//37 39//39 40//40
f 41//41 42//42 43//43
f 41//41 43//43 44//44
f 45//45 46//46 47//47
f 45//45 47//47 48//48
f 49//49 50//50 51//51
f 49//49 51//51 52//52
f 53//53 54//54 55//55
f 53//53 55//55 56//56
f 57//57 58//58 59//59
f 57//57 59//59 60//60
f 61//61 62//62 63//63
f 61//61 63//63 64//64
f 65//65 66//66 67//67
f 65//65 67//67 68//68
f 69//69 70//70 71//71
f 69//69 71//71 72//72
f 73//73 74//74 75//75
f 73//73 75//75 76//76
f 77//77 78//78 79//79
f 77//77 79//79 80//80
f 81//81 82//82 83//83
f 81//81 83//83 84//84
f 85//85 86//86 87//87
f 85//85 87//87 88//88
f 89//89 90//90 91//91
f 89//89 91//91 92//92
f 93//93 94//94 95//95
f 93//93 95//95 96//96
f 97//97 98//98 99//99
f 97//97 99//99 100//100
f 101//101 102//102 103//103
f 101//101 103//103 104//104
f 105//105 106//106 107//107
f 105//105 107//107 108//108
f 109//109 110//110 111//111
f 109//109 111//111 112//112
f 113//113 114//114 115//115
f 113//113 115//115 116//116
f 117//117 118//118 119//119
f 117//117 119//119 120//120
f 121//121 122//122 123//123
f 121//121 123//123 124//124
f 125//125 126//126 127//127
f 125//125 127//127 128//128
f 129//129 130//130 131//131
f 129//129 131//131 132//132
f 133//133 134//134 135//135
f 133//133 135//135 136//136
f 137//137 138//138 139//139
f 137//137 139//139 140//140
f 141//141 142//142 143//143
f 141//141 143//143 144//144
f 145//145 146//146 147//147
f 145//145 147//147 148//148
f 149//149 150//150 151//151
f 149//149 151//151 152//152
f 153//153 154//154 155//155
f 153//153 155//155 156//156
f 157//157 158//158 159//159
f 157//157 159//159 160//160
f 161//161 162//162 163//163
f 161//161 163//163 164//164
f 165//165 166//166 167//167
f 165//165 167//167 168//168
f 169//169 170//170 171//171
f 169//169 171//171 172//172
f 173//173 174//174 175//175
f 173//173 175//175 176//176
f 177//177 178//178 179//179
f 177//177 179//179 180//180
f 181//181 182//182 183//183
f 181//181 183//183 184//184
f 185//185 186//186 187//187
f 185//185 187//187 188//188
f 189//189 190//190 191//191
f 189//189 191//191 192//192
f 193//193 194//194 195//195
f 193//193 195//195 196//196
f 197//197 198//198 199//199
f 197//197 199//199 200//200
f 201//201 202//202 203//203
f 201//201 203//203 204//204
f 205//205 206//206 207//207
f 205//205 207//207 208//208
f 209//209 210//210 211//211
f 209//209 211//211 212//212
f 213//213 214//214 215//215
f 213//213 215//215 216//216
f 217//217 218//218 219//219
f 217//217 219//219 220//220
f 221//221 222//222 223//223
f 221//221 223//223 224//224
f 225//225 226//226 227//227
f 225//225 227//227 228//228
f 229//229 230//230 231//231
f 229//229 231//231 232//232
f 233//233 234//234 235//235
f 233//233 235//235 236//236
f 237//237 238//238 239//239
f 237//237 239//239 240//240
f 241//241 242//242 243//243
f 241//241 243//243 244//244
f 245//245 246//246 247//247
f 245//245 247//247 248//248
f 249//249 250//250 251//251
f 249//249 251//251 252//252
f 253//253 254//254 255//255
f 253//253 255//255 256//256
f 257//257 258//258 259//259
f 257//257 259//259 260//260
f 261//261 262//262 263//263
f 261//261 263//263 264//264
f 265//265 266//266 267//267
f 265//265 267//267 268//268
f 269//269 270//270 271//271
f 269//269 271//271 272//272
f 273//273 274//274 275//275
f 273//273 275//275 276//276
f 277//277 278//278 279//279
f 277//277 279//279 280//280
f 281//281 282//282 283//283
f 281//281 283//283 284//284
f 285//285 286//286 287//287
f 285//285 287//287 288//288
f 289//289 290//290 291//291
f 289//289 291//291 292//292
f 293//293 294//294 295//295
f 293//293 295//295 296//296
f 297//297 298//298 299//299
f 297//297 299//299 300//300
f 301//301 302//302 303//303
f 301//301 303//303 304//304
f 305//305 306//306 307//307
f 305//305 307//307 308//308
f 309//309 310//310 311//311
f 309//309 311//311 312//312
f 313//313 314//314 315//315
f 313//313 315//315 316//316
f 317//317 318//318 319//319
f 317//317 319//319 320//320
f 321//321 322//322 323//323
f 321//321 323//323 324//324
f 325//325 326//326 327//327
f 325//325 327//327 328//328
f 329//329 330//330 331//331
f 329//329 331//331 332//332
f 333//333 334//334 335//335
f 333//333 335//335 336//336
f 337//337 338//338 339//339
f 337//337 339//339 340//340
f 341//341 342//342 343//343
f 341//341 343//343 344//344
f 345//345 346//346 347//347
f 345//345 347//347 348//348
f 349//349 350//350 351//351
f 349//349 351//351 352//352
f 353//353 354//354 355//355
f 353//353 355//355 356//356
f 357//357 358//358 359//359
f 357//357 359//359 360//360
f 361//361 362//362 363//363
f 361//361 363//363 364//364
f 365//365 366//366 367//367
f 365//365 367//367 368//368
f 369//369 370//370 371//371
f 369//369 371//371 372//372
f 373//373 374//374 375//375
f 373//373 375//375 376//376
f 377//377 378//378 379//379
f 377//377 379//379 380//380
f 381//381 382//382 383//383
f 381//381 383//383 384//384
f 385//385 386//386 387//387
f 385//385 387//387 388//388
f 389//389 390//390 391//391
f 389//389 391//391 392//392
f 393//393 394//394 395//395
f 393//393 395//395 396//396
f 397//397 398//398 399//399
f 397//397 399//399 400//400
f 401//401 402//402 403//403
f 401//401 403//403 404//404
f 405//405 406//406 407//407
f 405//405 407//407 408//408
f 409//409 410//410 411//411
f 409//409 411//411 412//412
f 413//413 414//414 415//415
f 413//413 415//415 416//416
f 417//417 418//418 419//419
f 417//417 419//419 420//420
f 421//421 422//422 423//423
f 421//421 423//423 424//424
f 425//425 426//426 427//427
f 425//425 427//427 428//428
f 429//429 430//430 431//431
f 429//429 431//431 432//432
f 433//433 434//434 435//435
f 433//433 435//435 436//436
f 437//437 438//438 439//439
f 437//437 439//439 440//440
f 441//441 442//442 443//443
f 441//441 443//443 444//444
f 445//445 446//446 447//447
f 445//445 447//447 448//448
f 449//449 450//450 451//451
f 449//449 451//451 452//452
f 453//453 454//454 455//455
f 453//453 455//455 456//456
f 457//457 458//458 459//459
f 457//457 459//459 460//460
f 461//461 462//462 463//463
f 461//461 463//463 464//464
f 465//465 466//466 467//467
f 465//465 467//467 468//468
f 469//469 470//470 471//471
f 469//469 471//471 472//472
f 473//473 474//474 475//475
f 473//473 475//475 476//476
f 477//477 478//478 479//479
f 477//477 479//479 480//480
f 481//481 482//482 483//483
f 481//481 483//483 484//484
f 485//485 486//486 487//487
f 485//485 487//487 488//488
f 489//489 490//490 491//491
f 489//489 491//491 492//492
f 493//493 494//494 495//495
f 493//493 495//495 496//496
f 497//497 498//498 499//499
f 497//497 499//499 500//500
f 501//501 502//502 503//503
f 501//501 503//503 504//504
f 505//505 506//506 507//507
f 505//505 507//507 508//508
f 509//509 510//510 511//511
f 509//509 511//511 512//512
f 513//513 514//514 515//515
f 513//513 515//515 516//516
f 517//517 518//518 519//519
f 517//517 519//519 520//520
f 521//521 522//522 523//523
f 521//521 523//523 524//524
f 525//525 526//526 527//527
f 525//525 527//527 528//528
f 529//529 530//530 531//531
f 529//529 531//531 532//532
f 533//533 534//534 535//535
f 533//533 535//535 536//536
f 537//537 538//538 539//539
f 537//537 539//539 540//540
f 541//541 542//542 543//543
f 541//541 543//543 544//544
f 545//545 546//546 547//547
f 545//545 547//547 548//548
f 549//549 550//550 551//551
f 549//549 551//551 552//552
f 553//553 554//554 555//555
f 553//553 555//555 556//556
f 557//557 558//558 559//559
f 557//557 559//559 560//560
f 561//561 562//562 563//563
f 561//561 563//563 564//564
f 565//565 566//566 567//567
f 565//565 567//567 568//568
f 569//569 570//570 571//571
f 569//569 571//571 572//572
f 573//573 574//574 575//575
f 573//573 575//575 576//576
f 577//577 578//578 579//579
f 577//577 579//579 580//580
f 581//581 582//582 583//583
f 581//581 583//583 584//584
f 585//585 586//586 587//587
f 585//585 587//587 588//588
f 589//589 590//590 591//591
f 589//589 591//591 592//592
f 593//593 594//594 595//595
f 593//593 595//595 596//596
f 597//597 598//598 599//599
f 597//597 599//599 600//600
f 601//601 602//602 603//603
f 601//601 603//603 604//604
f 605//605 606//606 607//607
f 605//605 607//607 608//608
f 609//609 610//610 611//611
f 609//609 611//611 612//612
f 613//613 614//614 615//615
f 613//613 615//615 616//616
f 617//617 618//618 619//619
f 617//617 619//619 620//620
f 621//621 622//622 623//623
f 621//621 623//623 624//624
f 625//625 626//626 627//627
f 625//625 627//627 628//628
f 629//629 630//630 631//631
f 629//629 631//631 632//632
f 633//633 634//634 635//635
f 633//633 635//635 636//636
f 637//637 638//638 639//639
f 637//637 639//639 640//640
f 641//641 642//642 643//643
f 641//641 643//643 644//644
f 645//645 646//646 647//647
f 645//645 647//647 648//648
f 649//649 650//650 651//651
f 649//649 651//651 652//652
f 653//653 654//654 655//655
f 653//653 655//655 656//656
f 657//657 658//658 659//659
f 657//657 659//659 660//660
f 661//661 662//662 663//663
f 661//661 663//663 664//664
f 665//665 666//666 667//667
f 665//665 667//667 668//668
f 669//669 670//670 671//671
f 669//669 671//671 672//672
f 673//673 674//674 675//675
f 673//673 675//675 676//676
f 677//677 678//678 679//679
f 677//677 679//679 680//680
f 681//681 682//682 683//683
f 681//681 683//683 684//684
f 685//685 686//686 687//687
f 685//685 687//687 688//688
f 689//689 690//690 691//691
f 689//689 691//691 692//692
f 693//693 694//694 695//695
f 693//693 695//695 696//696
f 697//697 698//698 699//699
f 697//697 699//699 700//700
f 701//701 702//702 703//703
f 701//701 703//703 704//704
f 705//705 706//706 707//707
f 705//705 707//707 708//708
f 709//709 710//710 711//711
f 709//709 711//711 712//712
f 713//713 714//714 715//715
f 713//713 715//715 716//716
f 717//717 718//718 719//719
f 717//717 719//719 720//720
f 721//721 722//722 723//723
f 721//721 723//723 724//724
f 725//725 726//726 727//727
f 725//725 727//727 728//728
f 729//729 730//730 731//731
f 729//729 731//731 732//732
f 733//733 734//734 735//735
f 733//733 735//735 736//736
f 737//737 738//738 739//739
f 737//737 739//739 740//740
f 741//741 742//742 743//743
f 741//741 743//743 744//744
f 745//745 746//746 747//747
f 745//745 747//747 748//748
f 749//749 750//750 751//751
f 749//749 751//751 752//752
f 753//753 754//754 755//755
f 753//753 755//755 756//756
f 757//757 758//758 759//759
f 757//757 759//759 760//760
f 761//761 762//762 763//763
f 761//761 763//763 764//764
f 765//765 766//766 767//767
f 765//765 767//767 768//768
f 769//769 770//770 771//771
f 769//769 771//771 772//772
f 773//773 774//774 775//775
f 773//773 775//775 776//776
f 777//777 778//778 779//779
f 777//777 779//779 780//780
f 781//781 782//782 783//783
f 781//781 783//783 784//784
f 785//785 786//786 787//787
f 785//785 787//787 788//788
f 789//789 790//790 791//791
f 789//789 791//791 792//792
f 793//793 794//794 795//795
f 793//793 795//795 796//796
f 797//797 798//798 799//799
f 797//797 799//799 800//800
f 801//801 802//802 803//803
f 801//801 803//803 804//804
f 805//805 806//806 807//807
f 805//805 807//807 808//808
f 809//809 810//810 811//811
f 809//809 811//811 812//812
f 813//813 814//814 815//815
f 813//813 815//815 816//816
f 817//817 818//818 819//819
f 817//817 819//819 820//820
f 821//821 822//822 823//823
f 821//821 823//823 824//824
f 825//825 826//826 827//827
f 825//825 827//827 828//828
f 829//829 830//830 831//831
f 829//829 831//831 832//832
f 833//833 834//834 835//835
f 833//833 835//835 836//836
f 837//837 838//838 839//839
f 837//837 839//839 840//840
f 841//841 842//842 843//843
f 841//841 843//843 844//844
f 845//845 846//846 847//847
f 845//845 847//847 848//848
f 849//849 850//850 851//851
f 849//849 851//851 852//852
f 853//853 854//854 855//855
f 853//853 855//855 856//856
f 857//857 858//858 859//859
f 857//857 859//859 860//860
f 861//861 862//862 863//863
f 861//861 863//863 864//864
f 865//865 866//866 867//867
f 865//865 867//867 868//868
f 869//869 870//870 871//871
f 869//869 871//871 872//872
f 873//873 874//874 875//875
f 873//873 875//875 876//876
f 877//877 878//878 879//879
f 877//877 879//879 880//880
f 881//881 882//882 883//883
f 881//881 883//883 884//884
f 885//885 886//886 887//887
f 885//885 887//887 888//888
f 889//889 890//890 891//891
f 889//889 891//891 892//892
f 893//893 894//894 895//895
f 893//893 895//895 896//896
f 897//897 898//898 899//899
f 897//897 899//899 900//900
f 901//901 902//902 903//903
f 901//901 903//903 904//904
f 905//905 906//906 907//907
f 905//905 907//907 908//908
f 909//909 910//910 911//911
f 909//909 911//911 912//912
f 913//913 914//914 915//915
f 913//913 915//915 916//916
f 917//917 918//918 919//919
f 917//917 919//919 920//920
f 921//921 922//922 923//923
f 921//921 923//923 924//924
f 925//925 926//926 927//927
f 925//925 927//927 928//928
f 929//929 930//930 931//931
f 929//929 931//931 932//932
f 933//933 934//934 935//935
f 933//933 935//935 936//936
f 937//937 938//938 939//939
f 937//937 939//939 940//940
f 941//941 942//942 943//943
f 941//941 943//943 944//944
f 945//945 946//946 947//947
f 945//945 947//947 948//948
f 949//949 950//950 951//951
f 949//949 951//951 952//952
f 953//953 954//954 955//955
f 953//953 955//955 956//956
f 957//957 958//958 959//959
f 957//957 959//959 960//960
f 961//961 962//962 963//963
f 961//961 963//963 964//964
f 965//965 966//966 967//967
f 965//965 967//967 968//968
f 969//969 970//970 971//971
f 969//969 971//971 972//972
f 973//973 974//974 975//975
f 973//973 975//975 976//976
f 977//977 978//978 979//979
f 977//977 979//979 980//980
f 981//981 982//982 983//983
f 981//981 983//983 984//984
f 985//985 986//986 987//987
f 985//985 987//987 988//988
f 989//989 990//990 991//991
f 989//989 991//991 992//992
f 993//993 994//994 995//995
f 993//993 995//995 996//996
f 997//997 998//998 999//999
f 997//997 999//999 1000//1000
f 1001//1001 1002//1002 1003//1003
f 1001//1001 1003//1003 1004//1004
f 1005//1005 1006//1006 1007//1007
f 1005//1005 1007//1007 1008//1008
f 1009//1009 1010//1010 1011//1011
f 1009//1009 1011//1011 1012//1012
f 1013//1013 1014//1014 1015//1015
f 1013//1013 1015//1015 1016//1016
f 1017//1017 1018//1018 1019//1019
f 1017//1017 1019//1019 1020//1020
f 1021//1021 1022//1022 1023//1023
f 1021//1021 1023//1023 1024//1024
f 1025//1025 1026//1026 1027//1027
f 1025//1025 1027//1027 1028//1028
f 1029//1029 1030//1030 1031//1031
f 1029//1029 1031//1031 1032//1032
f 1033//1033 1034//1034 1035//1035
f 1033//1033 1035//1035 1036//1036
f 1037//1037 1038//1038 1039//1039
f 1037//1037 1039//1039 1040//1040
f 1041//1041 1042//1042 1043//1043
f 1041//1041 1043//1043 1044//1044
f 1045//1045 1046//1046 1047//1047
f 1045//1045 1047//1047 1048//1048
f 1049//1049 1050//1050 1051//1051
f 1049//1049 1051//1051 1052//1052
f 1053//1053 1054//1054 1055//1055
f 1053//1053 1055//1055 1056//1056
f 1057//1057 1058//1058 1059//1059
f 1057//1057 1059//1059 1060//1060
f 1061//1061 1062//1062 1063//1063
f 1061//1061 1063//1063 1064//1064
f 1065//1065 1066//1066 1067//1067
f 1065//1065 1067//1067 1068//1068
f 1069//1069 1070//1070 1071//1071
f 1069//1069 1071//1071 1072//1072
f 1073//1073 1074//1074 1075//1075
f 1073//1073 1075//1075 1076//1076
f 1077//1077 1078//1078 1079//1079
f 1077//1077 1079//1079 1080//1080
f 1081//1081 1082//1082 1083//1083
f 1081//1081 1083//1083 1084//1084
f 1085//1085 1086//1086 1087//1087
f 1085//1085 1087//1087 1088//1088
f 1089//1089 1090//1090 1091//1091
f 1089//1089 1091//1091 1092//1092
f 1093//1093 1094//1094 1095//1095
f 1093//1093 1095//1095 1096//1096
f 1097//1097 1098//1098 1099//1099
f 1097//1097 1099//1099 1100//1100
f 1101//1101 1102//1102 1103//1103
f 1101//1101 1103//1103 1104//1104
f 1105//1105 1106//1106 1107//1107
f 1105//1105 1107//1107 1108//1108
f 1109//1109 1110//1110 1111//1111
f 1109//1109 1111//1111 1112//1112
f 1113//1113 1114//1114 1115//1115
f 1113//1113 1115//1115 1116//1116
f 1117//1117 1118//1118 1119//1119
f 1117//1117 1119//1119 1120//1120
f 1121//1121 1122//1122 1123//1123
f 1121//1121 1123//1123 1124//1124
f 1125//1125 1126//1126 1127//1127
f 1125//1125 1127//1127 1128//1128
f 1129//1129 1130//1130 1131//1131
f 1129//1129 1131//1131 1132//1132
f 1133//1133 1134//1134 1135//1135
f 1133//1133 1135//1135 1136//1136
f 1137//1137 1138//1138 1139//1139
f 1137//1137 1139//1139 1140//1140
f 1141//1141 1142//1142 1143//1143
f 1141//1141 1143//1143 1144//1144
f 1145//1145 1146//1146 1147//1147
f 1145//1145 1147//1147 1148//1148
f 1149//1149 1150//1150 1151//1151
f 1149//1149 1151//1151 1152//1152
f 1153//1153 1154//1154 1155//1155
f 1153//1153 1155//1155 1156//1156
f 1157//1157 1158//1158 1159//1159
f 1157//1157 1159//1159 1160//1160
f 1161//1161 1162//1162 1163//1163
f 1161//1161 1163//1163 1164//1164
f 1165//1165 1166//1166 1167//1167
f 1165//1165 1167//1167 1168//1168
f 1169//1169 1170//1170 1171//1171
f 1169//1169 1171//1171 1172//1172
f 1173//1173 1174//1174 1175//1175
f 1173//1173 1175//1175 1176//1176
f 1177//1177 1178//1178 1179//1179
f 1177//1177 1179//1179 1180//1180
f 1181//1181 1182//1182 1183//1183
f 1181//1181 1183//1183 1184//1184
f 1185//1185 1186//1186 1187//1187
f 1185//1185 1187//1187 1188//1188
f 1189//1189 1190//1190 1191//1191
f 1189//1189 1191//1191 1192//1192
f 1193//1193 1194//1194 1195//1195
f 1193//1193 1195//1195 1196//1196
f 1197//1197 1198//1198 1199//1199
f 1197//1197 1199//1199 1200//1200
f 1201//1201 1202//1202 1203//1203
f 1201//1201 1203//1203 1204//1204
f 1205//1205 1206//1206 1207//1207
f 1205//1205 1207//1207 1208//1208
f 1209//1209 1210//1210 1211//1211
f 1209//1209 1211//1211 1212//1212
f 1213//1213 1214//1214 1215//1215
f 1213//1213 1215//1215 1216//1216
f 1217//1217 1218//1218 1219//1219
f 1217//1217 1219//1219 1220//1220
f 1221//1221 1222//1222 1223//1223
f 1221//1221 1223//1223 1224//1224
f 1225//1225 1226//1226 1227//1227
f 1225//1225 1227//1227 1228//1228
f 1229//1229 1230//1230 1231//1231
f 1229//1229 1231//1231 1232//1232
f 1233//1233 1234//1234 1235//1235
f 1233//1233 1235//1235 1236//1236
f 1237//1237 1238//1238 1239//1239
f 1237//1237 1239//1239 1240//1240
f 1241//1241 1242//1242 1243//1243
f 1241//1241 1243//1243 1244//1244
f 1245//1245 1246//1246 1247//1247
f 1245//1245 1247//1247 1248//1248
f 1249//1249 1250//1250 1251//1251
f 1249//1249 1251//1251 1252//1252
f 1253//1253 1254//1254 1255//1255
f 1253//1253 1255//1255 1256//1256
f 1257//1257 1258//1258 1259//1259
f 1257//1257 1259//1259 1260//1260
f 1261//1261 1262//1262 1263//1263
f 1261//1261 1263//1263 1264//1264
f 1265//1265 1266//1266 1267//1267
f 1265//1265 1267//1267 1268//1268
f 1269//1269 1270//1270 1271//1271
f 1269//1269 1271//1271 1272//1272
f 1273//1273 1274//1274 1275//1275
f 1273//1273 1275//1275 1276//1276
f 1277//1277 1278//1278 1279//1279
f 1277//1277 1279//1279 1280//1280
f 1281//1281 1282//1282 1283//1283
f 1281//1281 1283//1283 1284//1284
f 1285//1285 1286//1286 1287//1287
f 1285//1285 1287//1287 1288//1288
f 1289//1289 1290//1290 1291//1291
f 1289//1289 1291//1291 1292//1292
f 1293//1293 1294//1294 1295//1295
f 1293//1293 1295//1295 1296//1296
f 1297//1297 1298//1298 1299//1299
f 1297//1297 1299//1299 1300//1300
f 1301//1301 1302//1302 1303//1303
f 1301//1301 1303//1303 1304//1304
f 1305//1305 1306//1306 1307//1307
f 1305//1305 1307//1307 1308//1308
f 1309//1309 1310//1310 1311//1311
f 1309//1309 1311//1311 1312//1312
f 1313//1313 1314//1314 1315//1315
f 1313//1313 1315//1315 1316//1316
f 1317//1317 1318//1318 1319//1319
f 1317//1317 1319//1319 1320//1320
f 1321//1321 1322//1322 1323//1323
f 1321//1321 1323//1323 1324//1324
f 1325//1325 1326//1326 1327//1327
f 1325//1325 1327//1327 1328//1328
f 1329//1329 1330//1330 1331//1331
f 1329//1329 1331//1331 1332//1332
f 1333//1333 1334//1334 1335//1335
f 1333//1333 1335//1335 1336//1336
f 1337//1337 1338//1338 1339//1339
f 1337//1337 1339//1339 1340//1340
f 1341//1341 1342//1342 1343//1343
f 1341//1341 1343//1343 1344//1344
f 1345//1345 1346//1346 1347//1347
f 1345//1345 1347//1347 1348//1348
f 1349//1349 1350//1350 1351//1351
f 1349//1349 1351//1351 1352//1352
f 1353//1353 1354//1354 1355//1355
f 1353//1353 1355//1355 1356//1356
f 1357//1357 1358//1358 1359//1359
f 1357//1357 1359//1359 1360//1360
f 1361//1361 1362//1362 1363//1363
f 1361//1361 1363//1363 1364//1364
f 1365//1365 1366//1366 1367//1367
f 1365//1365 1367//1367 1368//1368
f 1369//1369 1370//1370 1371//1371
f 1369//1369 1371//1371 1372//1372
f 1373//1373 1374//1374 1375//1375
f 1373//1373 1375//1375 1376//1376
f 1377//1377 1378//1378 1379//1379
f 1377//1377 1379//1379 1380//1380
f 1381//1381 1382//1382 1383//1383
f 1381//1381 1383//1383 1384//1384
f 1385//1385 1386//1386 1387//1387
f 1385//1385 1387//1387 1388//1388
f 1389//1389 1390//1390 1391//1391
f 1389//1389 1391//1391 1392//1392
f 1393//1393 1394//1394 1395//1395
f 1393//1393 1395//1395 1396//1396
f 1397//1397 1398//1398 1399//1399
f 1397//1397 1399//1399 1400//1400
f 1401//1401 1402//1402 1403//1403
f 1401//1401 1403//1403 1404//1404
f 1405//1405 1406//1406 1407//1407
f 1405//1405 1407//1407 1408//1408
f 1409//1409 1410//1410 1411//1411
f 1409//1409 1411//1411 1412//1412
f 1413//1413 1414//1414 1415//1415
f 1413//1413 1415//1415 1416//1416
f 1417//1417 1418//1418 1419//1419
f 1417//1417 1419//1419 1420//1420
f 1421//1421 1422//1422 1423//1423
f 1421//1421 1423//1423 1424//1424
f 1425//1425 1426//1426 1427//1427
f 1425//1425 1427//1427 1428//1428
f 1429//1429 1430//1430 1431//1431
f 1429//1429 1431//1431 1432//1432
f 1433//1433 1434//1434 1435//1435
f 1433//1433 1435//1435 1436//1436
f 1437//1437 1438//1438 1439//1439
f 1437//1437 1439//1439 1440//1440
f 1441//1441 1442//1442 1443//1443
f 1441//1441 1443//1443 1444//1444
f 1445//1445 1446//1446 1447//1447
f 1445//1445 1447//1447 1448//1448
f 1449//1449 1450//1450 1451//1451
f 1449//1449 1451//1451 1452//1452
f 1453//1453 1454//1454 1455//1455
f 1453//1453 1455//1455 1456//1456
f 1457//1457 1458//1458 1459//1459
f 1457//1457 1459//1459 1460//1460
f 1461//1461 1462//1462 1463//1463
f 1461//1461 1463//1463 1464//1464
f 1465//1465 1466//1466 1467//1467
f 1465//1465 1467//1467 1468//1468
f 1469//1469 1470//1470 1471//1471
f 1469//1469 1471//1471 1472//1472
f 1473//1473 1474//1474 1475//1475
f 1473//1473 1475//1475 1476//1476
f 1477//1477 1478//1478 1479//1479
f 1477//1477 1479//1479 1480//1480
f 1481//1481 1482//1482 1483//1483
f 1481//1481 1483//1483 1484//1484
f 1485//1485 1486//1486 1487//1487
f 1485//1485 1487//1487 1488//1488
f 1489//1489 1490//1490 1491//1491
f 1489//1489 1491//1491 1492//1492
f 1493//1493 1494//1494 1495//1495
f 1493//1493 1495//1495 1496//1496
f 1497//1497 1498//1498 1499//1499
f 1497//1497 1499//1499 1500//1500
f 1501//1501 1502//1502 1503//1503
f 1501//1501 1503//1503 1504//1504
f 1505//1505 1506//1506 1507//1507
f 1505//1505 1507//1507 1508//1508
f 1509//1509 1510//1510 1511//1511
f 1509//1509 1511//1511 1512//1512
f 1513//1513 1514//1514 1515//1515
f 1513//1513 1515//1515 1516//1516
f 1517//1517 1518//1518 1519//1519
f 1517//1517 1519//1519 1520//1520
f 1521//1521 1522//1522 1523//1523
f 1521//1521 1523//1523 1524//1524
f 1525//1525 1526//1526 1527//1527
f 1525//1525 1527//1527 1528//1528
f 1529//1529 1530//1530 1531//1531
f 1529//1529 1531//1531 1532//1532
f 1533//1533 1534//1534 1535//1535
f 1533//1533 1535//1535 1536//1536
f 1537//1537 1538//1538 1539//1539
f 1537//1537 1539//1539 1540//1540
f 1541//1541 1542//1542 1543//1543
f 1541//1541 1543//1543 1544//1544
f 1545//1545 1546//1546 1547//1547
f 1545//1545 1547//1547 1548//1548
f 1549//1549 1550//1550 1551//1551
f 1549//1549 1551//1551 1552//1552
f 1553//1553 1554//1554 1555//1555
f 1553//1553 1555//1555 1556//1556
f 1557//1557 1558//1558 1559//1559
f 1557//1557 1559//1559 1560//1560
f 1561//1561 1562//1562 1563//1563
f 1561//1561 1563//1563 1564//1564
f 1565//1565 1566//1566 1567//1567
f 1565//1565 1567//1567 1568//1568
f 1569//1569 1570//1570 1571//1571
f 1569//1569 1571//1571 1572//1572
f 1573//1573 1574//1574 1575//1575
f 1573//1573 1575//1575 1576//1576
f 1577//1577 1578//1578 1579//1579
f 1577//1577 1579//1579 1580//1580
f 1581//1581 1582//1582 1583//1583
f 1581//1581 1583//1583 1584//1584
f 1585//1585 1586//1586 1587//1587
f 1585//1585 1587//1587 1588//1588
f 1589//1589 1590//1590 1591//1591
f 1589//1589 1591//1591 1592//1592
f 1593//1593 1594//1594 1595//1595
f 1593//1593 1595//1595 1596//1596
f 1597//1597 1598//1598 1599//1599
f 1597//1597 1599//1599 1600//1600
f 1601//1601 1602//1602 1603//1603
f 1601//1601 1603//1603 1604//1604
f 1605//1605 1606//1606 1607//1607
f 1605//1605 1607//1607 1608//1608
f 1609//1609 1610//1610 1611//1611
f 1609//1609 1611//1611 1612//1612
f 1613//1613 1614//1614 1615//1615
f 1613//1613 1615//1615 1616//1616
f 1617//1617 1618//1618 1619//1619
f 1617//1617 1619//1619 1620//1620
f 1621//1621 1622//1622 1623//1623
f 1621//1621 1623//1623 1624//1624
f 1625//1625 1626//1626 1627//1627
f 1625//1625 1627//1627 1628//1628
f 1629//1629 1630//1630 1631//1631
f 1629//1629 1631//1631 1632//1632
f 1633//1633 1634//1634 1635//1635
f 1633//1633 1635//1635 1636//1636
f 1637//1637 1638//1638 1639//1639
f 1637//1637 1639//1639 1640//1640
f 1641//1641 1642//1642 1643//1643
f 1641//1641 1643//1643 1644//1644
f 1645//1645 1646//1646 1647//1647
f 1645//1645 1647//1647 1648//1648
f 1649//1649 1650//1650 1651//1651
f 1649//1649 1651//1651 1652//1652
f 1653//1653 1654//1654 1655//1655
f 1653//1653 1655//1655 1656//1656
f 1657//1657 1658//1658 1659//1659
f 1657//1657 1659//1659 1660//1660
f 1661//1661 1662//1662 1663//1663
f 1661//1661 1663//1663 1664//1664
f 1665//1665 1666//1666 1667//1667
f 1665//1665 1667//1667 1668//1668
f 1669//1669 1670//1670 1671//1671
f 1669//1669 1671//1671 1672//1672
f 1673//1673 1674//1674 1675//1675
f 1673//1673 1675//1675 1676//1676
f 1677//1677 1678//1678 1679//1679
f 1677//1677 1679//1679 1680//1680
f 1681//1681 1682//1682 1683//1683
f 1681//1681 1683//1683 1684//1684
f 1685//1685 1686//1686 1687//1687
f 1685//1685 1687//1687 1688//1688
f 1689//1689 1690//1690 1691//1691
f 1689//1689 1691//1691 1692//1692
f 1693//1693 1694//1694 1695//1695
f 1693//1693 1695//1695 1696//1696
f 1697//1697 1698//1698 1699//1699
f 1697//1697 1699//1699 1700//1700
f 1701//1701 1702//1702 1703//1703
f 1701//1701 1703//1703 1704//1704
f 1705//1705 1706//1706 1707//1707
f 1705//1705 1707//1707 1708//1708
f 1709//1709 1710//1710 1711//1711
f 1709//1709 1711//1711 1712//1712
f 1713//1713 1714//1714 1715//1715
f 1713//1713 1715//1715 1716//1716
f 1717//1717 1718//1718 1719//1719
f 1717//1717 1719//1719 1720//1720
f 1721//1721 1722//1722 1723//1723
f 1721//1721 1723//1723 1724//1724
f 1725//1725 1726//1726 1727//1727
f 1725//1725 1727//1727 1728//1728
f 1729//1729 1730//1730 1731//1731
f 1729//1729 1731//1731 1732//1732
f 1733//1733 1734//1734 1735//1735
f 1733//1733 1735//1735 1736//1736
f 1737//1737 1738//1738 1739//1739
f 1737//1737 1739//1739 1740//1740
f 1741//1741 1742//1742 1743//1743
f 1741//1741 1743//1743 1744//1744
f 1745//1745 1746//1746 1747//1747
f 1745//1745 1747//1747 1748//1748
f 1749//1749 1750//1750 1751//1751
f 1749//1749 1751//1751 1752//1752
f 1753//1753 1754//1754 1755//1755
f 1753//1753 1755//1755 1756//1756
f 1757//1757 1758//1758 1759//1759
f 1757//1757 1759//1759 1760//1760
f 1761//1761 1762//1762 1763//1763
f 1761//1761 1763//1763 1764//1764
f 1765//1765 1766//1766 1767//1767
f 1765//1765 1767//1767 1768//1768
f 1769//1769 1770//1770 1771//1771
f 1769//1769 1771//1771 1772//1772
f 1773//1773 1774//1774 1775//1775
f 1773//1773 1775//1775 1776//1776
f 1777//1777 1778//1778 1779//1779
f 1777//1777 1779//1779 1780//1780
f 1781//1781 1782//1782 1783//1783
f 1781//1781 1783//1783 1784//1784
f 1785//1785 1786//1786 1787//1787
f 1785//1785 1787//1787 1788//1788
f 1789//1789 1790//1790 1791//1791
f 1789//1789 1791//1791 1792//1792
f 1793//1793 1794//1794 1795//1795
f 1793//1793 1795//1795 1796//1796
f 1797//1797 1798//1798 1799//1799
f 1797//1797 1799//1799 1800//1800
f 1801//1801 1802//1802 1803//1803
f 1801//1801 1803//1803 1804//1804
f 1805//1805 1806//1806 1807//1807
f 1805//1805 1807//1807 1808//1808
f 1809//1809 1810//1810 1811//1811
f 1809//1809 1811//1811 1812//1812
f 1813//1813 1814//1814 1815//1815
f 1813//1813 1815//1815 1816//1816
f 1817//1817 1818//1818 1819//1819
f 1817//1817 1819//1819 1820//1820
f 1821//1821 1822//1822 1823//1823
f 1821//1821 1823//1823 1824//1824
f 1825//1825 1826//1826 1827//1827
f 1825//1825 1827//1827 1828//1828
f 1829//1829 1830//1830 1831//1831
f 1829//1829 1831//1831 1832//1832
f 1833//1833 1834//1834 1835//1835
f 1833//1833 1835//1835 1836//1836
f 1837//1837 1838//1838 1839//1839
f 1837//1837 1839//1839 1840//1840
f 1841//1841 1842//1842 1843//1843
f 1841//1841 1843//1843 1844//1844
f 1845//1845 1846//1846 1847//1847
f 1845//1845 1847//1847 1848//1848
f 1849//1849 1850//1850 1851//1851
f 1849//1849 1851//1851 1852//1852
f 1853//1853 1854//1854 1855//1855
f 1853//1853 1855//1855 1856//1856
f 1857//1857 1858//1858 1859//1859
f 1857//1857 1859//1859 1860//1860
f 1861//1861 1862//1862 1863//1863
f 1861//1861 1863//1863 1864//1864
f 1865//1865 1866//1866 1867//1867
f 1865//1865 1867//1867 1868//1868
f 1869//1869 1870//1870 1871//1871
f 1869//1869 1871//1871 1872//1872
f 1873//1873 1874//1874 1875//1875
f 1873//1873 1875//1875 1876//1876
f 1877//1877 1878//1878 1879//1879
f 1877//1877 1879//1879 1880//1880
f 1881//1881 1882//1882 1883//1883
f 1881//1881 1883//1883 1884//1884
f 1885//1885 1886//1886 1887//1887
f 1885//1885 1887//1887 1888//1888
f 1889//1889 1890//1890 1891//1891
f 1889//1889 1891//1891 1892//1892
f 1893//1893 1894//1894 1895//1895
f 1893//1893 1895//1895 1896//1896
f 1897//1897 1898//1898 1899//1899
f 1897//1897 1899//1899 1900//1900
f 1901//1901 1902//1902 1903//1903
f 1901//1901 1903//1903 1904//1904
f 1905//1905 1906//1906 1907//1907
f 1905//1905 1907//1907 1908//1908
f 1909//1909 1910//1910 1911//1911
f 1909//1909 1911//1911 1912//1912
f 1913//1913 1914//1914 1915//1915
f 1913//1913 1915//1915 1916//1916
f 1917//1917 1918//1918 1919//1919
f 1917//1917 1919//1919 1920//1920
f 1921//1921 1922//1922 1923//1923
f 1921//1921 1923//1923 1924//1924
f 1925//1925 1926//1926 1927//1927
f 1925//1925 1927//1927 1928//1928
f 1929//1929 1930//1930 1931//1931
f 1929//1929 1931//1931 1932//1932
f 1933//1933 1934//1934 1935//1935
f 1933//1933 1935//1935 1936//1936
f 1937//1937 1938//1938 1939//1939
f 1937//1937 1939//1939 1940//1940
f 1941//1941 1942//1942 1943//1943
f 1941//1941 1943//1943 1944//1944
f 1945//1945 1946//1946 1947//1947
f 1945//1945 1947//1947 1948//1948
f 1949//1949 1950//1950 1951//1951
f 1949//1949 1951//1951 1952//1952
f 1953//1953 1954//1954 1955//1955
f 1953//1953 1955//1955 1956//1956
f 1957//1957 1958//1958 1959//1959
f 1957//1957 1959//1959 1960//1960
f 1961//1961 1962//1962 1963//1963
f 1961//1961 1963//1963 1964//1964
f 1965//1965 1966//1966 1967//1967
f 1965//1965 1967//1967 1968//1968
f 1969//1969 1970//1970 1971//1971
f 1969//1969 1971//1971 1972//1972
f 1973//1973 1974//1974 1975//1975
f 1973//1973 1975//1975 1976//1976
f 1977//1977 1978//1978 1979//1979
f 1977//1977 1979//1979 1980//1980
f 1981//1981 1982//1982 1983//1983
f 1981//1981 1983//1983 1984//1984
f 1985//1985 1986//1986 1987//1987
f 1985//1985 1987//1987 1988//1988
f 1989//1989 1990//1990 1991//1991
f 1989//1989 1991//1991 1992//1992
f 1993//1993 1994//1994 1995//1995
f 1993//1993 1995//1995 1996//1996
f 1997//1997 1998//1998 1999//1999
f 1997//1997 1999//1999 2000//2000
f 2001//2001 2002//2002 2003//2003
f 2001//2001 2003//2003 2004//2004
f 2005//2005 2006//2006 2007//2007
f 2005//2005 2007//2007 2008//2008
f 2009//2009 2010//2010 2011//2011
f 2009//2009 2011//2011 2012//2012
f 2013//2013 2014//2014 2015//2015
f 2013//2013 2015//2015 2016//2016
f 2017//2017 2018//2018 2019//2019
f 2017//2017 2019//2019 2020//2020
f 2021//2021 2022//2022 2023//2023
f 2021//2021 2023//2023 2024//2024
f 2025//2025 2026//2026 2027//2027
f 2025//2025 2027//2027 2028//2028
f 2029//2029 2030//2030 2031//2031
f 2029//2029 2031//2031 2032//2032
f 2033//2033 2034//2034 2035//2035
f 2033//2033 2035//2035 2036//2036
f 2037//2037 2038//2038 2039//2039
f 2037//2037 2039//2039 2040//2040
f 2041//2041 2042//2042 2043//2043
f 2041//2041 2043//2043 2044//2044
f 2045//2045 2046//2046 2047//2047
f 2045//2045 2047//2047 2048//2048
f 2049//2049 2050//2050 2051//2051
f 2049//2049 2051//2051 2052//2052
f 2053//2053 2054//2054 2055//2055
f 2053//2053 2055//2055 2056//2056
f 2057//2057 2058//2058 2059//2059
f 2057//2057 2059//2059 2060//2060
f 2061//2061 2062//2062 2063//2063
f 2061//2061 2063//2063 2064//2064
f 2065//2065 2066//2066 2067//2067
f 2065//2065 2067//2067 2068//2068
f 2069//2069 2070//2070 2071//2071
f 2069//2069 2071//2071 2072//2072
f 2073//2073 2074//2074 2075//2075
f 2073//2073 2075//2075 2076//2076
f 2077//2077 2078//2078 2079//2079
f 2077//2077 2079//2079 2080//2080
f 2081//2081 2082//2082 2083//2083
f 2081//2081 2083//2083 2084//2084
f 2085//2085 2086//2086 2087//2087
f 2085//2085 2087//2087 2088//2088
f 2089//2089 2090//2090 2091//2091
f 2089//2089 2091//2091 2092//2092
f 2093//2093 2094//2094 2095//2095
f 2093//2093 2095//2095 2096//2096
f 2097//2097 2098//2098 2099//2099
f 2097//2097 2099//2099 2100//2100
f 2101//2101 2102//2102 2103//2103
f 2101//2101 2103//2103 2104//2104
f 2105//2105 2106//2106 2107//2107
f 2105//2105 2107//2107 2108//2108
f 2109//2109 2110//2110 2111//2111
f 2109//2109 2111//2111 2112//2112
f 2113//2113 2114//2114 2115//2115
f 2113//2113 2115//2115 2116//2116
f 2117//2117 2118//2118 2119//2119
f 2117//2117 2119//2119 2120//2120
f 2121//2121 2122//2122 2123//2123
f 2121//2121 2123//2123 2124//2124
f 2125//2125 2126//2126 2127//2127
f 2125//2125 2127//2127 2128//2128
f 2129//2129 2130//2130 2131//2131
f 2129//2129 2131//2131 2132//2132
f 2133//2133 2134//2134 2135//2135
f 2133//2133 2135//2135 2136//2136
f 2137//2137 2138//2138 2139//2139
f 2137//2137 2139//2139 2140//2140
f 2141//2141 2142//2142 2143//2143
f 2141//2141 2143//2143 2144//2144
f 2145//2145 2146//2146 2147//2147
f 2145//2145 2147//2147 2148//2148
f 2149//2149 2150//2150 2151//2151
f 2149//2149 2151//2151 2152//2152
f 2153//2153 2154//2154 2155//2155
f 2153//2153 2155//2155 2156//2156
f 2157//2157 2158//2158 2159//2159
f 2157//2157 2159//2159 2160//2160
f 2161//2161 2162//2162 2163//2163
f 2161//2161 2163//2163 2164//2164
f 2165//2165 2166//2166 2167//2167
f 2165//2165 2167//2167 2168//2168
f 2169//2169 2170//2170 2171//2171
f 2169//2169 2171//2171 2172//2172
f 2173//2173 2174//2174 2175//2175
f 2173//2173 2175//2175 2176//2176
f 2177//2177 2178//2178 2179//2179
f 2177//2177 2179//2179 2180//2180
f 2181//2181 2182//2182 2183//2183
f 2181//2181 2183//2183 2184//2184
f 2185//2185 2186//2186 2187//2187
f 2185//2185 2187//2187 2188//2188
f 2189//2189 2190//2190 2191//2191
f 2189//2189 2191//2191 2192//2192
f 2193//2193 2194//2194 2195//2195
f 2193//2193 2195//2195 2196//2196
f 2197//2197 2198//2198 2199//2199
f 2197//2197 2199//2199 2200//2200
f 2201//2201 2202//2202 2203//2203
f 2201//2201 2203//2203 2204//2204
f 2205//2205 2206//2206 2207//2207
f 2205//2205 2207//2207 2208//2208
f 2209//2209 2210//2210 2211//2211
f 2209//2209 2211//2211 2212//2212
f 2213//2213 2214//2214 2215//2215
f 2213//2213 2215//2215 2216//2216
f 2217//2217 2218//2218 2219//2219
f 2217//2217 2219//2219 2220//2220
f 2221//2221 2222//2222 2223//2223
f 2221//2221 2223//2223 2224//2224
f 2225//2225 2226//2226 2227//2227
f 2225//2225 2227//2227 2228//2228
f 2229//2229 2230//2230 2231//2231
f 2229//2229 2231//2231 2232//2232
f 2233//2233 2234//2234 2235//2235
f 2233//2233 2235//2235 2236//2236
f 2237//2237 2238//2238 2239//2239
f 2237//2237 2239//2239 2240//2240
f 2241//2241 2242//2242 2243//2243
f 2241//2241 2243//2243 2244//2244
f 2245//2245 2246//2246 2247//2247
f 2245//2245 2247//2247 2248//2248
f 2249//2249 2250//2250 2251//2251
f 2249//2249 2251//2251 2252//2252
f 2253//2253 2254//2254 2255//2255
f 2253//2253 2255//2255 2256//2256
f 2257//2257 2258//2258 2259//2259
f 2257//2257 2259//2259 2260//2260
f 2261//2261 2262//2262 2263//2263
f 2261//2261 2263//2263 2264//2264
f 2265//2265 2266//2266 2267//2267
f 2265//2265 2267//2267 2268//2268
f 2269//2269 2270//2270 2271//2271
f 2269//2269 2271//2271 2272//2272
f 2273//2273 2274//2274 2275//2275
f 2273//2273 2275//2275 2276//2276
f 2277//2277 2278//2278 2279//2279
f 2277//2277 2279//2279 2280//2280
f 2281//2281 2282//2282 2283//2283
f 2281//2281 2283//2283 2284//2284
f 2285//2285 2286//2286 2287//2287
f 2285//2285 2287//2287 2288//2288
f 2289//2289 2290//2290 2291//2291
f 2289//2289 2291//2291 2292//2292
f 2293//2293 2294//2294 2295//2295
f 2293//2293 2295//2295 2296//2296
f 2297//2297 2298//2298 2299//2299
f 2297//2297 2299//2299 2300//2300
f 2301//2301 2302//2302 2303//2303
f 2301//2301 2303//2303 2304//2304
f 2305//2305 2306//2306 2307//2307
f 2305//2305 2307//2307 2308//2308
f 2309//2309 2310//2310 2311//2311
f 2309//2309 2311//2311 2312//2312
f 2313//2313 2314//2314 2315//2315
f 2313//2313 2315//2315 2316//2316
f 2317//2317 2318//2318 2319//2319
f 2317//2317 2319//2319 2320//2320
f 2321//2321 2322//2322 2323//2323
f 2321//2321 2323//2323 2324//2324
f 2325//2325 2326//2326 2327//2327
f 2325//2325 2327//2327 2328//2328
f 2329//2329 2330//2330 2331//2331
f 2329//2329 2331//2331 2332//2332
f 2333//2333 2334//2334 2335//2335
f 2333//2333 2335//2335 2336//2336
f 2337//2337 2338//2338 2339//2339
f 2337//2337 2339//2339 2340//2340
f 2341//2341 2342//2342 2343//2343
f 2341//2341 2343//2343 2344//2344
f 2345//2345 2346//2346 2347//2347
f 2345//2345 2347//2347 2348//2348
f 2349//2349 2350//2350 2351//2351
f 2349//2349 2351//2351 2352//2352
f 2353//2353 2354//2354 2355//2355
f 2353//2353 2355//2355 2356//2356
f 2357//2357 2358//2358 2359//2359
f 2357//2357 2359//2359 2360//2360
f 2361//2361 2362//2362 2363//2363
f 2361//2361 2363//2363 2364//2364
f 2365//2365 2366//2366 2367//2367
f 2365//2365 2367//2367 2368//2368
f 2369//2369 2370//2370 2371//2371
f 2369//2369 2371//2371 2372//2372
f 2373//2373 2374//2374 2375//2375
f 2373//2373 2375//2375 2376//2376
f 2377//2377 2378//2378 2379//2379
f 2377//2377 2379//2379 2380//2380
f 2381//2381 2382//2382 2383//2383
f 2381//2381 2383//2383 2384//2384
f 2385//2385 2386//2386 2387//2387
f 2385//2385 2387//2387 2388//2388
f 2389//2389 2390//2390 2391//2391
f 2389//2389 2391//2391 2392//2392
f 2393//2393 2394//2394 2395//2395
f 2393//2393 2395//2395 2396//2396
f 2397//2397 2398//2398 2399//2399
f 2397//2397 2399//2399 2400//2400
f 2401//2401 2402//2402 2403//2403
f 2401//2401 2403//2403 2404//2404
f 2405//2405 2406//2406 2407//2407
f 2405//2405 2407//2407 2408//2408
f 2409//2409 2410//2410 2411//2411
f 2409//2409 2411//2411 2412//2412
f 2413//2413 2414//2414 2415//2415
f 2413//2413 2415//2415 2416//2416
f 2417//2417 2418//2418 2419//2419
f 2417//2417 2419//2419 2420//2420
f 2421//2421 2422//2422 2423//2423
f 2421//2421 2423//2423 2424//2424
f 2425//2425 2426//2426 2427//2427
f 2425//2425 2427//2427 2428//2428
f 2429//2429 2430//2430 2431//2431
f 2429//2429 2431//2431 2432//2432
f 2433//2433 2434//2434 2435//2435
f 2433//2433 2435//2435 2436//2436
f 2437//2437 2438//2438 2439//2439
f 2437//2437 2439//2439 2440//2440
f 2441//2441 2442//2442 2443//2443
f 2441//2441 2443//2443 2444//2444
f 2445//2445 2446//2446 2447//2447
f 2445//2445 2447//2447 2448//2448
f 2449//2449 2450//2450 2451//2451
f 2449//2449 2451//2451 2452//2452
f 2453//2453 2454//2454 2455//2455
f 2453//2453 2455//2455 2456//2456
f 2457//2457 2458//2458 2459//2459
f 2457//2457 2459//2459 2460//2460
f 2461//2461 2462//2462 2463//2463
f 2461//2461 2463//2463 2464//2464
f 2465//2465 2466//2466 2467//2467
f 2465//2465 2467//2467 2468//2468
f 2469//2469 2470//2470 2471//2471
f 2469//2469 2471//2471 2472//2472
f 2473//2473 2474//2474 2475//2475
f 2473//2473 2475//2475 2476//2476
f 2477//2477 2478//2478 2479//2479
f 2477//2477 2479//2479 2480//2480
f 2481//2481 2482//2482 2483//2483
f 2481//2481 2483//2483 2484//2484
f 2485//2485 2486//2486 2487//2487
f 2485//2485 2487//2487 2488//2488
f 2489//2489 2490//2490 2491//2491
f 2489//2489 2491//2491 2492//2492
f 2493//2493 2494//2494 2495//2495
f 2493//2493 2495//2495 2496//2496
f 2497//2497 2498//2498 2499//2499
f 2497//2497 2499//2499 2500//2500
f 2501//2501 2502//2502 2503//2503
f 2501//2501 2503//2503 2504//2504
f 2505//2505 2506//2506 2507//2507
f 2505//2505 2507//2507 2508//2508
f 2509//2509 2510//2510 2511//2511
f 2509//2509 2511//2511 2512//2512
f 2513//2513 2514//2514 2515//2515
f 2513//2513 2515//2515 2516//2516
f 2517//2517 2518//2518 2519//2519
f 2517//2517 2519//2519 2520//2520
f 2521//2521 2522//2522 2523//2523
f 2521//2521 2523//2523 2524//2524
f 2525//2525 2526//2526 2527//2527
f 2525//2525 2527//2527 2528//2528
f 2529//2529 2530//2530 2531//2531
f 2529//2529 2531//2531 2532//2532
f 2533//2533 2534//2534 2535//2535
f 2533//2533 2535//2535 2536//2536
f 2537//2537 2538//2538 2539//2539
f 2537//2537 2539//2539 2540//2540
f 2541//2541 2542//2542 2543//2543
f 2541//2541 2543//2543 2544//2544
f 2545//2545 2546//2546 2547//2547
f 2545//2545 2547//2547 2548//2548
f 2549//2549 2550//2550 2551//2551
f 2549//2549 2551//2551 2552//2552
f 2553//2553 2554//2554 2555//2555
f 2553//2553 2555//2555 2556//2556
f 2557//2557 2558//2558 2559//2559
f 2557//2557 2559//2559 2560//2560
f 2561//2561 2562//2562 2563//2563
f 2561//2561 2563//2563 2564//2564
f 2565//2565 2566//2566 2567//2567
f 2565//2565 2567//2567 2568//2568
f 2569//2569 2570//2570 2571//2571
f 2569//2569 2571//2571 2572//2572
f 2573//2573 2574//2574 2575//2575
f 2573//2573 2575//2575 2576//2576
f 2577//2577 2578//2578 2579//2579
f 2577//2577 2579//2579 2580//2580
f 2581//2581 2582//2582 2583//2583
f 2581//2581 2583//2583 2584//2584
f 2585//2585 2586//2586 2587//2587
f 2585//2585 2587//2587 2588//2588
f 2589//2589 2590//2590 2591//2591
f 2589//2589 2591//2591 2592//2592
f 2593//2593 2594//2594 2595//2595
f 2593//2593 2595//2595 2596//2596
f 2597//2597 2598//2598 2599//2599
f 2597//2597 2599//2599 2600//2600
f 2601//2601 2602//2602 2603//2603
f 2601//2601 2603//2603 2604//2604
f 2605//2605 2606//2606 2607//2607
f 2605//2605 2607//2607 2608//2608
f 2609//2609 2610//2610 2611//2611
f 2609//2609 2611//2611 2612//2612
f 2613//2613 2614//2614 2615//2615
f 2613//2613 2615//2615 2616//2616
f 2617//2617 2618//2618 2619//2619
f 2617//2617 2619//2619 2620//2620
f 2621//2621 2622//2622 2623//2623
f 2621//2621 2623//2623 2624//2624
f 2625//2625 2626//2626 2627//2627
f 2625//2625 2627//2627 2628//2628
f 2629//2629 2630//2630 2631//2631
f 2629//2629 2631//2631 2632//2632
f 2633//2633 2634//2634 2635//2635
f 2633//2633 2635//2635 2636//2636
f 2637//2637 2638//2638 2639//2639
f 2637//2637 2639//2639 2640//2640
f 2641//2641 2642//2642 2643//2643
f 2641//2641 2643//2643 2644//2644
f 2645//2645 2646//2646 2647//2647
f 2645//2645 2647//2647 2648//2648
f 2649//2649 2650//2650 2651//2651
f 2649//2649 2651//2651 2652//2652
f 2653//2653 2654//2654 2655//2655
f 2653//2653 2655//2655 2656//2656
f 2657//2657 2658//2658 2659//2659
f 2657//2657 2659//2659 2660//2660
f 2661//2661 2662//2662 2663//2663
f 2661//2661 2663//2663 2664//2664
f 2665//2665 2666//2666 2667//2667
f 2665//2665 2667//2667 2668//2668
f 2669//2669 2670//2670 2671//2671
f 2669//2669 2671//2671 2672//2672
f 2673//2673 2674//2674 2675//2675
f 2673//2673 2675//2675 2676//2676
f 2677//2677 2678//2678 2679//2679
f 2677//2677 2679//2679 2680//2680
f 2681//2681 2682//2682 2683//2683
f 2681//2681 2683//2683 2684//2684
f 2685//2685 2686//2686 2687//2687
f 2685//2685 2687//2687 2688//2688
f 2689//2689 2690//2690 2691//2691
f 2689//2689 2691//2691 2692//2692
f 2693//2693 2694//2694 2695//2695
f 2693//2693 2695//2695 2696//2696
f 2697//2697 2698//2698 2699//2699
f 2697//2697 2699//2699 2700//2700
f 2701//2701 2702//2702 2703//2703
f 2701//2701 2703//2703 2704//2704
f 2705//2705 2706//2706 2707//2707
f 2705//2705 2707//2707 2708//2708
f 2709//2709 2710//2710 2711//2711
f 2709//2709 2711//2711 2712//2712
f 2713//2713 2714//2714 2715//2715
f 2713//2713 2715//2715 2716//2716
f 2717//2717 2718//2718 2719//2719
f 2717//2717 2719//2719 2720//2720
f 2721//2721 2722//2722 2723//2723
f 2721//2721 2723//2723 2724//2724
f 2725//2725 2726//2726 2727//2727
f 2725//2725 2727//2727 2728//2728
f 2729//2729 2730//2730 2731//2731
f 2729//2729 2731//2731 2732//2732
f 2733//2733 2734//2734 2735//2735
f 2733//2733 2735//2735 2736//2736
f 2737//2737 2738//2738 2739//2739
f 2737//2737 2739//2739 2740//2740
f 2741//2741 2742//2742 2743//2743
f 2741//2741 2743//2743 2744//2744
f 2745//2745 2746//2746 2747//2747
f 2745//2745 2747//2747 2748//2748
f 2749//2749 2750//2750 2751//2751
f 2749//2749 2751//2751 2752//2752
f 2753//2753 2754//2754 2755//2755
f 2753//2753 2755//2755 2756//2756
f 2757//2757 2758//2758 2759//2759
f 2757//2757 2759//2759 2760//2760
f 2761//2761 2762//2762 2763//2763
f 2761//2761 2763//2763 2764//2764
f 2765//2765 2766//2766 2767//2767
f 2765//2765 2767//2767 2768//2768
f 2769//2769 2770//2770 2771//2771
f 2769//2769 2771//2771 2772//2772
f 2773//2773 2774//2774 2775//2775
f 2773//2773 2775//2775 2776//2776
f 2777//2777 2778//2778 2779//2779
f 2777//2777 2779//2779 2780//2780
f 2781//2781 2782//2782 2783//2783
f 2781//2781 2783//2783 2784//2784
f 2785//2785 2786//2786 2787//2787
f 2785//2785 2787//2787 2788//2788
f 2789//2789 2790//2790 2791//2791
f 2789//2789 2791//2791 2792//2792
f 2793//2793 2794//2794 2795//2795
f 2793//2793 2795//2795 2796//2796
f 2797//2797 2798//2798 2799//2799
f 2797//2797 2799//2799 2800//2800
f 2801//2801 2802//2802 2803//2803
f 2801//2801 2803//2803 2804//2804
f 2805//2805 2806//2806 2807//2807
f 2805//2805 2807//2807 2808//2808
f 2809//2809 2810//2810 2811//2811
f 2809//2809 2811//2811 2812//2812
f 2813//2813 2814//2814 2815//2815
f 2813//2813 2815//2815 2816//2816
f 2817//2817 2818//2818 2819//2819
f 2817//2817 2819//2819 2820//2820
f 2821//2821 2822//2822 2823//2823
f 2821//2821 2823//2823 2824//2824
f 2825//2825 2826//2826 2827//2827
f 2825//2825 2827//2827 2828//2828
f 2829//2829 2830//2830 2831//2831
f 2829//2829 2831//2831 2832//2832
f 2833//2833 2834//2834 2835//2835
f 2833//2833 2835//2835 2836//2836
f 2837//2837 2838//2838 2839//2839
f 2837//2837 2839//2839 2840//2840
f 2841//2841 2842//2842 2843//2843
f 2841//2841 2843//2843 2844//2844
f 2845//2845 2846//2846 2847//2847
f 2845//2845 2847//2847 2848//2848
f 2849//2849 2850//2850 2851//2851
f 2849//2849 2851//2851 2852//2852
f 2853//2853 2854//2854 2855//2855
f 2853//2853 2855//2855 2856//2856
f 2857//2857 2858//2858 2859//2859
f 2857//2857 2859//2859 2860//2860
f 2861//2861 2862//2862 2863//2863
f 2861//2861 2863//2863 2864//2864
f 2865//2865 2866//2866 2867//2867
f 2865//2865 2867//2867 2868//2868
f 2869//2869 2870//2870 2871//2871
f 2869//2869 2871//2871 2872//2872
f 2873//2873 2874//2874 2875//2875
f 2873//2873 2875//2875 2876//2876
f 2877//2877 2878//2878 2879//2879
f 2877//2877 2879//2879 2880//2880
f 2881//2881 2882//2882 2883//2883
f 2881//2881 2883//2883 2884//2884
f 2885//2885 2886//2886 2887//2887
f 2885//2885 2887//2887 2888//2888
f 2889//2889 2890//2890 2891//2891
f 2889//2889 2891//2891 2892//2892
f 2893//2893 2894//2894 2895//2895
f 2893//2893 2895//2895 2896//2896
f 2897//2897 2898//2898 2899//2899
f 2897//2897 2899//2899 2900//2900
f 2901//2901 2902//2902 2903//2903
f 2901//2901 2903//2903 2904//2904
f 2905//2905 2906//2906 2907//2907
f 2905//2905 2907//2907 2908//2908
f 2909//2909 2910//2910 2911//2911
f 2909//2909 2911//2911 2912//2912
f 2913//2913 2914//2914 2915//2915
f 2913//2913 2915//2915 2916//2916
f 2917//2917 2918//2918 2919//2919
f 2917//2917 2919//2919 2920//2920
f 2921//2921 2922//2922 2923//2923
f 2921//2921 2923//2923 2924//2924
f 2925//2925 2926//2926 2927//2927
f 2925//2925 2927//2927 2928//2928
f 2929//2929 2930//2930 2931//2931
f 2929//2929 2931//2931 2932//2932
f 2933//2933 2934//2934 2935//2935
f 2933//2933 2935//2935 2936//2936
f 2937//2937 2938//2938 2939//2939
f 2937//2937 2939//2939 2940//2940
f 2941//2941 2942//2942 2943//2943
f 2941//2941 2943//2943 2944//2944
f 2945//2945 2946//2946 2947//2947
f 2945//2945 2947//2947 2948//2948
f 2949//2949 2950//2950 2951//2951
f 2949//2949 2951//2951 2952//2952
f 2953//2953 2954//2954 2955//2955
f 2953//2953 2955//2955 2956//2956
f 2957//2957 2958//2958 2959//2959
f 2957//2957 2959//2959 2960//2960
f 2961//2961 2962//2962 2963//2963
f 2961//2961 2963//2963 2964//2964
f 2965//2965 2966//2966 2967//2967
f 2965//2965 2967//2967 2968//2968
f 2969//2969 2970//2970 2971//2971
f 2969//2969 2971//2971 2972//2972
f 2973//2973 2974//2974 2975//2975
f 2973//2973 2975//2975 2976//2976
f 2977//2977 2978//2978 2979//2979
f 2977//2977 2979//2979 2980//2980
f 2981//2981 2982//2982 2983//2983
f 2981//2981 2983//2983 2984//2984
f 2985//2985 2986//2986 2987//2987
f 2985//2985 2987//2987 2988//2988
f 2989//2989 2990//2990 2991//2991
f 2989//2989 2991//2991 2992//2992
f 2993//2993 2994//2994 2995//2995
f 2993//2993 2995//2995 2996//2996
f 2997//2997 2998//2998 2999//2999
f 2997//2997 2999//2999 3000//3000
f 3001//3001 3002//3002 3003//3003
f 3001//3001 3003//3003 3004//3004
f 3005//3005 3006//3006 3007//3007
f 3005//3005 3007//3007 3008//3008
f 3009//3009 3010//3010 3011//3011
f 3009//3009 3011//3011 3012//3012
f 3013//3013 3014//3014 3015//3015
f 3013//3013 3015//3015 3016//3016
f 3017//3017 3018//3018 3019//3019
f 3017//3017 3019//3019 3020//3020
f 3021//3021 3022//3022 3023//3023
f 3021//3021 3023//3023 3024//3024
f 3025//3025 3026//3026 3027//3027
f 3025//3025 3027//3027 3028//3028
f 3029//3029 3030//3030 3031//3031
f 3029//3029 3031//3031 3032//3032
f 3033//3033 3034//3034 3035//3035
f 3033//3033 3035//3035 3036//3036
f 3037//3037 3038//3038 3039//3039
f 3037//3037 3039//3039 3040//3040
f 3041//3041 3042//3042 3043//3043
f 3041//3041 3043//3043 3044//3044
f 3045//3045 3046//3046 3047//3047
f 3045//3045 3047//3047 3048//3048
f 3049//3049 3050//3050 3051//3051
f 3049//3049 3051//3051 3052//3052
f 3053//3053 3054//3054 3055//3055
f 3053//3053 3055//3055 3056//3056
f 3057//3057 3058//3058 3059//3059
f 3057//3057 3059//3059 3060//3060
f 3061//3061 3062//3062 3063//3063
f 3061//3061 3063//3063 3064//3064
f 3065//3065 3066//3066 3067//3067
f 3065//3065 3067//3067 3068//3068
f 3069//3069 3070//3070 3071//3071
f 3069//3069 3071//3071 3072//3072
f 3073//3073 3074//3074 3075//3075
f 3073//3073 3075//3075 3076//3076
f 3077//3077 3078//3078 3079//3079
f 3077//3077 3079//3079 3080//3080
f 3081//3081 3082//3082 3083//3083
f 3081//3081 3083//3083 3084//3084
f 3085//3085 3086//3086 3087//3087
f 3085//3085 3087//3087 3088//3088
f 3089//3089 3090//3090 3091//3091
f 3089//3089 3091//3091 3092//3092
f 3093//3093 3094//3094 3095//3095
f 3093//3093 3095//3095 3096//3096
f 3097//3097 3098//3098 3099//3099
f 3097//3097 3099//3099 3100//3100
f 3101//3101 3102//3102 3103//3103
f 3101//3101 3103//3103 3104//3104
f 3105//3105 3106//3106 3107//3107
f 3105//3105 3107//3107 3108//3108
f 3109//3109 3110//3110 3111//3111
f 3109//3109 3111//3111 3112//3112
f 3113//3113 3114//3114 3115//3115
f 3113//3113 3115//3115 3116//3116
f 3117//3117 3118//3118 3119//3119
f 3117//3117 3119//3119 3120//3120
f 3121//3121 3122//3122 3123//3123
f 3121//3121 3123//3123 3124//3124
f 3125//3125 3126//3126 3127//3127
f 3125//3125 3127//3127 3128//3128
f 3129//3129 3130//3130 3131//3131
f 3129//3129 3131//3131 3132//3132
f 3133//3133 3134//3134 3135//3135
f 3133//3133 3135//3135 3136//3136
f 3137//3137 3138//3138 3139//3139
f 3137//3137 3139//3139 3140//3140
f 3141//3141 3142//3142 3143//3143
f 3141//3141 3143//3143 3144//3144
f 3145//3145 3146//3146 3147//3147
f 3145//3145 3147//3147 3148//3148
f 3149//3149 3150//3150 3151//3151
f 3149//3149 3151//3151 3152//3152
f 3153//3153 3154//3154 3155//3155
f 3153//3153 3155//3155 3156//3156
f 3157//3157 3158//3158 3159//3159
f 3157//3157 3159//3159 3160//3160
f 3161//3161 3162//3162 3163//3163
f 3161//3161 3163//3163 3164//3164
f 3165//3165 3166//3166 3167//3167
f 3165//3165 3167//3167 3168//3168
f 3169//3169 3170//3170 3171//3171
f 3169//3169 3171//3171 3172//3172
f 3173//3173 3174//3174 3175//3175
f 3173//3173 3175//3175 3176//3176
f 3177//3177 3178//3178 3179//3179
f 3177//3177 3179//3179 3180//3180
f 3181//3181 3182//3182 3183//3183
f 3181//3181 3183//3183 3184//3184
f 3185//3185 3186//3186 3187//3187
f 3185//3185 3187//3187 3188//3188
f 3189//3189 3190//3190 3191//3191
f 3189//3189 3191//3191 3192//3192
f 3193//3193 3194//3194 3195//3195
f 3193//3193 3195//3195 3196//3196
f 3197//3197 3198//3198 3199//3199
f 3197//3197 3199//3199 3200//3200
f 3201//3201 3202//3202 3203//3203
f 3201//3201 3203//3203 3204//3204
f 3205//3205 3206//3206 3207//3207
f 3205//3205 3207//3207 3208//3208
f 3209//3209 3210//3210 3211//3211
f 3209//3209 3211//3211 3212//3212
f 3213//3213 3214//3214 3215//3215
f 3213//3213 3215//3215 3216//3216
f 3217//3217 3218//3218 3219//3219
f 3217//3217 3219//3219 3220//3220
f 3221//3221 3222//3222 3223//3223
f 3221//3221 3223//3223 3224//3224
f 3225//3225 3226//3226 3227//3227
f 3225//3225 3227//3227 3228//3228
f 3229//3229 3230//3230 3231//3231
f 3229//3229 3231//3231 3232//3232
f 3233//3233 3234//3234 3235//3235
f 3233//3233 3235//3235 3236//3236
f 3237//3237 3238//3238 3239//3239
f 3237//3237 3239//3239 3240//3240
f 3241//3241 3242//3242 3243//3243
f 3241//3241 3243//3243 3244//3244
f 3245//3245 3246//3246 3247//3247
f 3245//3245 3247//3247 3248//3248
f 3249//3249 3250//3250 3251//3251
f 3249//3249 3251//3251 3252//3252
f 3253//3253 3254//3254 3255//3255
f 3253//3253 3255//3255 3256//3256
f 3257//3257 3258//3258 3259//3259
f 3257//3257 3259//3259 3260//3260
f 3261//3261 3262//3262 3263//3263
f 3261//3261 3263//3263 3264//3264
f 3265//3265 3266//3266 3267//3267
f 3265//3265 3267//3267 3268//3268
f 3269//3269 3270//3270 3271//3271
f 3269//3269 3271//3271 3272//3272
f 3273//3273 3274//3274 3275//3275
f 3273//3273 3275//3275 3276//3276
f 3277//3277 3278//3278 3279//3279
f 3277//3277 3279//3279 3280//3280
f 3281//3281 3282//3282 3283//3283
f 3281//3281 3283//3283 3284//3284
f 3285//3285 3286//3286 3287//3287
f 3285//3285 3287//3287 3288//3288
f 3289//3289 3290//3290 3291//3291
f 3289//3289 3291//3291 3292//3292
f 3293//3293 3294//3294 3295//3295
f 3293//3293 3295//3295 3296//3296
f 3297//3297 3298//3298 3299//3299
f 3297//3297 3299//3299 3300//3300
f 3301//3301 3302//3302 3303//3303
f 3301//3301 3303//3303 3304//3304
f 3305//3305 3306//3306 3307//3307
f 3305//3305 3307//3307 3308//3308
f 3309//3309 3310//3310 3311//3311
f 3309//3309 3311//3311 3312//3312
f 3313//3313 3314//3314 3315//3315
f 3313//3313 3315//3315 3316//3316
f 3317//3317 3318//3318 3319//3319
f 3317//3317 3319//3319 3320//3320
f 3321//3321 3322//3322 3323//3323
f 3321//3321 3323//3323 3324//3324
f 3325//3325 3326//3326 3327//3327
f 3325//3325 3327//3327 3328//3328
f 3329//3329 3330//3330 3331//3331
f 3329//3329 3331//3331 3332//3332
f 3333//3333 3334//3334 3335//3335
f 3333//3333 3335//3335 3336//3336
f 3337//3337 3338//3338 3339//3339
f 3337//3337 3339//3339 3340//3340
f 3341//3341 3342//3342 3343//3343
f 3341//3341 3343//3343 3344//3344
f 3345//3345 3346//3346 3347//3347
f 3345//3345 3347//3347 3348//3348
f 3349//3349 3350//3350 3351//3351
f 3349//3349 3351//3351 3352//3352
f 3353//3353 3354//3354 3355//3355
f 3353//3353 3355//3355 3356//3356
f 3357//3357 3358//3358 3359//3359
f 3357//3357 3359//3359 3360//3360
f 3361//3361 3362//3362 3363//3363
f 3361//3361 3363//3363 3364//3364
f 3365//3365 3366//3366 3367//3367
f 3365//3365 3367//3367 3368//3368
f 3369//3369 3370//3370 3371//3371
f 3369//3369 3371//3371 3372//3372
f 3373//3373 3374//3374 3375//3375
f 3373//3373 3375//3375 3376//3376
f 3377//3377 3378//3378 3379//3379
f 3377//3377 3379//3379 3380//3380
f 3381//3381 3382//3382 3383//3383
f 3381//3381 3383//3383 3384//3384
f 3385//3385 3386//3386 3387//3387
f 3385//3385 3387//3387 3388//3388
f 3389//3389 3390//3390 3391//3391
f 3389//3389 3391//3391 3392//3392
f 3393//3393 3394//3394 3395//3395
f 3393//3393 3395//3395 3396//3396
f 3397//3397 3398//3398 3399//3399
f 3397//3397 3399//3399 3400//3400
f 3401//3401 3402//3402 3403//3403
f 3401//3401 3403//3403 3404//3404
f 3405//3405 3406//3406 3407//3407
f 3405//3405 3407//3407 3408//3408
f 3409//3409 3410//3410 3411//3411
f 3409//3409 3411//3411 3412//3412
f 3413//3413 3414//3414 3415//3415
f 3413//3413 3415//3415 3416//3416
f 3417//3417 3418//3418 3419//3419
f 3417//3417 3419//3419 3420//3420
f 3421//3421 3422//3422 3423//3423
f 3421//3421 3423//3423 3424//3424
f 3425//3425 3426//3426 3427//3427
f 3425//3425 3427//3427 3428//3428
f 3429//3429 3430//3430 3431//3431
f 3429//3429 3431//3431 3432//3432
f 3433//3433 3434//3434 3435//3435
f 3433//3433 3435//3435 3436//3436
f 3437//3437 3438//3438 3439//3439
f 3437//3437 3439//3439 3440//3440
f 3441//3441 3442//3442 3443//3443
f 3441//3441 3443//3443 3444//3444
f 3445//3445 3446//3446 3447//3447
f 3445//3445 3447//3447 3448//3448
f 3449//3449 3450//3450 3451//3451
f 3449//3449 3451//3451 3452//3452
f 3453//3453 3454//3454 3455//3455
f 3453//3453 3455//3455 3456//3456
f 3457//3457 3458//3458 3459//3459
f 3457//3457 3459//3459 3460//3460
f 3461//3461 3462//3462 3463//3463
f 3461//3461 3463//3463 3464//3464
f 3465//3465 3466//3466 3467//3467
f 3465//3465 3467//3467 3468//3468
f 3469//3469 3470//3470 3471//3471
f 3469//3469 3471//3471 3472//3472
f 3473//3473 3474//3474 3475//3475
f 3473//3473 3475//3475 3476//3476
f 3477//3477 3478//3478 3479//3479
f 3477//3477 3479//3479 3480//3480
f 3481//3481 3482//3482 3483//3483
f 3481//3481 3483//3483 3484//3484
f 3485//3485 3486//3486 3487//3487
f 3485//3485 3487//3487 3488//3488
f 3489//3489 3490//3490 3491//3491
f 3489//3489 3491//3491 3492//3492
f 3493//3493 3494//3494 3495//3495
f 3493//3493 3495//3495 3496//3496
f 3497//3497 3498//3498 3499//3499
f 3497//3497 3499//3499 3500//3500
f 3501//3501 3502//3502 3503//3503
f 3501//3501 3503//3503 3504//3504
f 3505//3505 3506//3506 3507//3507
f 3505//3505 3507//3507 3508//3508
f 3509//3509 3510//3510 3511//3511
f 3509//3509 3511//3511 3512//3512
f 3513//3513 3514//3514 3515//3515
f 3513//3513 3515//3515 3516//3516
f 3517//3517 3518//3518 3519//3519
f 3517//3517 3519//3519 3520//3520
f 3521//3521 3522//3522 3523//3523
f 3521//3521 3523//3523 3524//3524
f 3525//3525 3526//3526 3527//3527
f 3525//3525 3527//3527 3528//3528
f 3529//3529 3530//3530 3531//3531
f 3529//3529 3531//3531 3532//3532
f 3533//3533 3534//3534 3535//3535
f 3533//3533 3535//3535 3536//3536
f 3537//3537 3538//3538 3539//3539
f 3537//3537 3539//3539 3540//3540
f 3541//3541 3542//3542 3543//3543
f 3541//3541 3543//3543 3544//3544
f 3545//3545 3546//3546 3547//3547
f 3545//3545 3547//3547 3548//3548
f 3549//3549 3550//3550 3551//3551
f 3549//3549 3551//3551 3552//3552
f 3553//3553 3554//3554 3555//3555
f 3553//3553 3555//3555 3556//3556
f 3557//3557 3558//3558 3559//3559
f 3557//3557 3559//3559 3560//3560
f 3561//3561 3562//3562 3563//3563
f 3561//3561 3563//3563 3564//3564
f 3565//3565 3566//3566 3567//3567
f 3565//3565 3567//3567 3568//3568
f 3569//3569 3570//3570 3571//3571
f 3569//3569 3571//3571 3572//3572
f 3573//3573 3574//3574 3575//3575
f 3573//3573 3575//3575 3576//3576
f 3577//3577 3578//3578 3579//3579
f 3577//3577 3579//3579 3580//3580
f 3581//3581 3582//3582 3583//3583
f 3581//3581 3583//3583 3584//3584
f 3585//3585 3586//3586 3587//3587
f 3585//3585 3587//3587 3588//3588
f 3589//3589 3590//3590 3591//3591
f 3589//3589 3591//3591 3592//3592
f 3593//3593 3594//3594 3595//3595
f 3593//3593 3595//3595 3596//3596
f 3597//3597 3598//3598 3599//3599
f 3597//3597 3599//3599 3600//3600
f 3601//3601 3602//3602 3603//3603
f 3601//3601 3603//3603 3604//3604
f 3605//3605 3606//3606 3607//3607
f 3605//3605 3607//3607 3608//3608
f 3609//3609 3610//3610 3611//3611
f 3609//3609 3611//3611 3612//3612
f 3613//3613 3614//3614 3615//3615
f 3613//3613 3615//3615 3616//3616
f 3617//3617 3618//3618 3619//3619
f 3617//3617 3619//3619 3620//3620
f 3621//3621 3622//3622 3623//3623
f 3621//3621 3623//3623 3624//3624
f 3625//3625 3626//3626 3627//3627
f 3625//3625 3627//3627 3628//3628
f 3629//3629 3630//3630 3631//3631
f 3629//3629 3631//3631 3632//3632
f 3633//3633 3634//3634 3635//3635
f 3633//3633 3635//3635 3636//3636
f 3637//3637 3638//3638 3639//3639
f 3637//3637 3639//3639 3640//3640
f 3641//3641 3642//3642 3643//3643
f 3641//3641 3643//3643 3644//3644
f 3645//3645 3646//3646 3647//3647
f 3645//3645 3647//3647 3648//3648
f 3649//3649 3650//3650 3651//3651
f 3649//3649 3651//3651 3652//3652
f 3653//3653 3654//3654 3655//3655
f 3653//3653 3655//3655 3656//3656
f 3657//3657 3658//3658 3659//3659
f 3657//3657 3659//3659 3660//3660
f 3661//3661 3662//3662 3663//3663
f 3661//3661 3663//3663 3664//3664
f 3665//3665 3666//3666 3667//3667
f 3665//3665 3667//3667 3668//3668
f 3669//3669 3670//3670 3671//3671
f 3669//3669 3671//3671 3672//3672
f 3673//3673 3674//3674 3675//3675
f 3673//3673 3675//3675 3676//3676
f 3677//3677 3678//3678 3679//3679
f 3677//3677 3679//3679 3680//3680
f 3681//3681 3682//3682 3683//3683
f 3681//3681 3683//3683 3684//3684
f 3685//3685 3686//3686 3687//3687
f 3685//3685 3687//3687 3688//3688
f 3689//3689 3690//3690 3691//3691
f 3689//3689 3691//3691 3692//3692
f 3693//3693 3694//3694 3695//3695
f 3693//3693 3695//3695 3696//3696
f 3697//3697 3698//3698 3699//3699
f 3697//3697 3699//3699 3700//3700
f 3701//3701 3702//3702 3703//3703
f 3701//3701 3703//3703 3704//3704
f 3705//3705 3706//3706 3707//3707
f 3705//3705 3707//3707 3708//3708
f 3709//3709 3710//3710 3711//3711
f 3709//3709 3711//3711 3712//3712
f 3713//3713 3714//3714 3715//3715
f 3713//3713 3715//3715 3716//3716
f 3717//3717 3718//3718 3719//3719
f 3717//3717 3719//3719 3720//3720
f 3721//3721 3722//3722 3723//3723
f 3721//3721 3723//3723 3724//3724
f 3725//3725 3726//3726 3727//3727
f 3725//3725 3727//3727 3728//3728
f 3729//3729 3730//3730 3731//3731
f 3729//3729 3731//3731 3732//3732
f 3733//3733 3734//3734 3735//3735
f 3733//3733 3735//3735 3736//3736
f 3737//3737 3738//3738 3739//3739
f 3737//3737 3739//3739 3740//3740
f 3741//3741 3742//3742 3743//3743
f 3741//3741 3743//3743 3744//3744
f 3745//3745 3746//3746 3747//3747
f 3745//3745 3747//3747 3748//3748
f 3749//3749 3750//3750 3751//3751
f 3749//3749 3751//3751 3752//3752
f 3753//3753 3754//3754 3755//3755
f 3753//3753 3755//3755 3756//3756
f 3757//3757 3758//3758 3759//3759
f 3757//3757 3759//3759 3760//3760
f 3761//3761 3762//3762 3763//3763
f 3761//3761 3763//3763 3764//3764
f 3765//3765 3766//3766 3767//3767
f 3765//3765 3767//3767 3768//3768
f 3769//3769 3770//3770 3771//3771
f 3769//3769 3771//3771 3772//3772
f 3773//3773 3774//3774 3775//3775
f 3773//3773 3775//3775 3776//3776
f 3777//3777 3778//3778 3779//3779
f 3777//3777 3779//3779 3780//3780
f 3781//3781 3782//3782 3783//3783
f 3781//3781 3783//3783 3784//3784
f 3785//3785 3786//3786 3787//3787
f 3785//3785 3787//3787 3788//3788
f 3789//3789 3790//3790 3791//3791
f 3789//3789 3791//3791 3792//3792
f 3793//3793 3794//3794 3795//3795
f 3793//3793 3795//3795 3796//3796
f 3797//3797 3798//3798 3799//3799
f 3797//3797 3799//3799 3800//3800
f 3801//3801 3802//3802 3803//3803
f 3801//3801 3803//3803 3804//3804
f 3805//3805 3806//3806 3807//3807
f 3805//3805 3807//3807 3808//3808
f 3809//3809 3810//3810 3811//3811
f 3809//3809 3811//3811 3812//3812
f 3813//3813 3814//3814 3815//3815
f 3813//3813 3815//3815 3816//3816
f 3817//3817 3818//3818 3819//3819
f 3817//3817 3819//3819 3820//3820
f 3821//3821 3822//3822 3823//3823
f 3821//3821 3823//3823 3824//3824
f 3825//3825 3826//3826 3827//3827
f 3825//3825 3827//3827 3828//3828
f 3829//3829 3830//3830 3831//3831
f 3829//3829 3831//3831 3832//3832
f 3833//3833 3834//3834 3835//3835
f 3833//3833 3835//3835 3836//3836
f 3837//3837 3838//3838 3839//3839
f 3837//3837 3839//3839 3840//3840
f 3841//3841 3842//3842 3843//3843
f 3841//3841 3843//3843 3844//3844
f 3845//3845 3846//3846 3847//3847
f 3845//3845 3847//3847 3848//3848
f 3849//3849 3850//3850 3851//3851
f 3849//3849 3851//3851 3852//3852
f 3853//3853 3854//3854 3855//3855
f 3853//3853 3855//3855 3856//3856
f 3857//3857 3858//3858 3859//3859
f 3857//3857 3859//3859 3860//3860
f 3861//3861 3862//3862 3863//3863
f 3861//3861 3863//3863 3864//3864
f 3865//3865 3866//3866 3867//3867
f 3865//3865 3867//3867 3868//3868
f 3869//3869 3870//3870 3871//3871
f 3869//3869 3871//3871 3872//3872
f 3873//3873 3874//3874 3875//3875
f 3873//3873 3875//3875 3876//3876
f 3877//3877 3878//3878 3879//3879
f 3877//3877 3879//3879 3880//3880
f 3881//3881 3882//3882 3883//3883
f 3881//3881 3883//3883 3884//3884
f 3885//3885 3886//3886 3887//3887
f 3885//3885 3887//3887 3888//3888
f 3889//3889 3890//3890 3891//3891
f 3889//3889 3891//3891 3892//3892
f 3893//3893 3894//3894 3895//3895
f 3893//3893 3895//3895 3896//3896
f 3897//3897 3898//3898 3899//3899
f 3897//3897 3899//3899 3900//3900
f 3901//3901 3902//3902 3903//3903
f 3901//3901 3903//3903 3904//3904
f 3905//3905 3906//3906 3907//3907
f 3905//3905 3907//3907 3908//3908
f 3909//3909 3910//3910 3911//3911
f 3909//3909 3911//3911 3912//3912
f 3913//3913 3914//3914 3915//3915
f 3913//3913 3915//3915 3916//3916
f 3917//3917 3918//3918 3919//3919
f 3917//3917 3919//3919 3920//3920
f 3921//3921 3922//3922 3923//3923
f 3921//3921 3923//3923 3924//3924
f 3925//3925 3926//3926 3927//3927
f 3925//3925 3927//3927 3928//3928
f 3929//3929 3930//3930 3931//3931
f 3929//3929 3931//3931 3932//3932
f 3933//3933 3934//3934 3935//3935
f 3933//3933 3935//3935 3936//3936
f 3937//3937 3938//3938 3939//3939
f 3937//3937 3939//3939 3940//3940
f 3941//3941 3942//3942 3943//3943
f 3941//3941 3943//3943 3944//3944
f 3945//3945 3946//3946 3947//3947
f 3945//3945 3947//3947 3948//3948
f 3949//3949 3950//3950 3951//3951
f 3949//3949 3951//3951 3952//3952
f 3953//3953 3954//3954 3955//3955
f 3953//3953 3955//3955 3956//3956
f 3957//3957 3958//3958 3959//3959
f 3957//3957 3959//3959 3960//3960
f 3961//3961 3962//3962 3963//3963
f 3961//3961 3963//3963 3964//3964
f 3965//3965 3966//3966 3967//3967
f 3965//3965 3967//3967 3968//3968
f 3969//3969 3970//3970 3971//3971
f 3969//3969 3971//3971 3972//3972
f 3973//3973 3974//3974 3975//3975
f 3973//3973 3975//3975 3976//3976
f 3977//3977 3978//3978 3979//3979
f 3977//3977 3979//3979 3980//3980
f 3981//3981 3982//3982 3983//3983
f 3981//3981 3983//3983 3984//3984
f 3985//3985 3986//3986 3987//3987
f 3985//3985 3987//3987 3988//3988
f 3989//3989 3990//3990 3991//3991
f 3989//3989 3991//3991 3992//3992
f 3993//3993 3994//3994 3995//3995
f 3993//3993 3995//3995 3996//3996
f 3997//3997 3998//3998 3999//3999
f 3997//3997 3999//3999 4000//4000
f 4001//4001 4002//4002 4003//4003
f 4001//4001 4003//4003 4004//4004
f 4005//4005 4006//4006 4007//4007
f 4005//4005 4007//4007 4008//4008
f 4009//4009 4010//4010 4011//4011
f 4009//4009 4011//4011 4012//4012
f 4013//4013 4014//4014 4015//4015
f 4013//4013 4015//4015 4016//4016
f 4017//4017 4018//4018 4019//4019
f 4017//4017 4019//4019 4020//4020
f 4021//4021 4022//4022 4023//4023
f 4021//4021 4023//4023 4024//4024
f 4025//4025 4026//4026 4027//4027
f 4025//4025 4027//4027 4028//4028
f 4029//4029 4030//4030 4031//4031
f 4029//4029 4031//4031 4032//4032
f 4033//4033 4034//4034 4035//4035
f 4033//4033 4035//4035 4036//4036
f 4037//4037 4038//4038 4039//4039
f 4037//4037 4039//4039 4040//4040
f 4041//4041 4042//4042 4043//4043
f 4041//4041 4043//4043 4044//4044
f 4045//4045 4046//4046 4047//4047
f 4045//4045 4047//4047 4048//4048
f 4049//4049 4050//4050 4051//4051
f 4049//4049 4051//4051 4052//4052
f 4053//4053 4054//4054 4055//4055
f 4053//4053 4055//4055 4056//4056
f 4057//4057 4058//4058 4059//4059
f 4057//4057 4059//4059 4060//4060
f 4061//4061 4062//4062 4063//4063
f 4061//4061 4063//4063 4064//4064
f 4065//4065 4066//4066 4067//4067
f 4065//4065 4067//4067 4068//4068
f 4069//4069 4070//4070 4071//4071
f 4069//4069 4071//4071 4072//4072
f 4073//4073 4074//4074 4075//4075
f 4073//4073 4075//4075 4076//4076
f 4077//4077 4078//4078 4079//4079
f 4077//4077 4079//4079 4080//4080
f 4081//4081 4082//4082 4083//4083
f 4081//4081 4083//4083 4084//4084
f 4085//4085 4086//4086 4087//4087
f 4085//4085 4087//4087 4088//4088
f 4089//4089 4090//4090 4091//4091
f 4089//4089 4091//4091 4092//4092
f 4093//4093 4094//4094 4095//4095
f 4093//4093 4095//4095 4096//4096
f 4097//4097 4098//4098 4099//4099
f 4097//4097 4099//4099 4100//4100
f 4101//4101 4102//4102 4103//4103
f 4101//4101 4103//4103 4104//4104
f 4105//4105 4106//4106 4107//4107
f 4105//4105 4107//4107 4108//4108
f 4109//4109 4110//4110 4111//4111
f 4109//4109 4111//4111 4112//4112
f 4113//4113 4114//4114 4115//4115
f 4113//4113 4115//4115 4116//4116
f 4117//4117 4118//4118 4119//4119
f 4117//4117 4119//4119 4120//4120
f 4121//4121 4122//4122 4123//4123
f 4121//4121 4123//4123 4124//4124
f 4125//4125 4126//4126 4127//4127
f 4125//4125 4127//4127 4128//4128
f 4129//4129 4130//4130 4131//4131
f 4129//4129 4131//4131 4132//4132
f 4133//4133 4134//4134 4135//4135
f 4133//4133 4135//4135 4136//4136
f 4137//4137 4138//4138 4139//4139
f 4137//4137 4139//4139 4140//4140
f 4141//4141 4142//4142 4143//4143
f 4141//4141 4143//4143 4144//4144
f 4145//4145 4146//4146 4147//4147
f 4145//4145 4147//4147 4148//4148
f 4149//4149 4150//4150 4151//4151
f 4149//4149 4151//4151 4152//4152
f 4153//4153 4154//4154 4155//4155
f 4153//4153 4155//4155 4156//4156
f 4157//4157 4158//4158 4159//4159
f 4157//4157 4159//4159 4160//4160
f 4161//4161 4162//4162 4163//4163
f 4161//4161 4163//4163 4164//4164
f 4165//4165 4166//4166 4167//4167
f 4165//4165 4167//4167 4168//4168
f 4169//4169 4170//4170 4171//4171
f 4169//4169 4171//4171 4172//4172
f 4173//4173 4174//4174 4175//4175
f 4173//4173 4175//4175 4176//4176
f 4177//4177 4178//4178 4179//4179
f 4177//4177 4179//4179 4180//4180
f 4181//4181 4182//4182 4183//4183
f 4181//4181 4183//4183 4184//4184
f 4185//4185 4186//4186 4187//4187
f 4185//4185 4187//4187 4188//4188
f 4189//4189 4190//4190 4191//4191
f 4189//4189 4191//4191 4192//4192
f 4193//4193 4194//4194 4195//4195
f 4193//4193 4195//4195 4196//4196
f 4197//4197 4198//4198 4199//4199
f 4197//4197 4199//4199 4200//4200
f 4201//4201 4202//4202 4203//4203
f 4201//4201 4203//4203 4204//4204
f 4205//4205 4206//4206 4207//4207
f 4205//4205 4207//4207 4208//4208
f 4209//4209 4210//4210 4211//4211
f 4209//4209 4211//4211 4212//4212
f 4213//4213 4214//4214 4215//4215
f 4213//4213 4215//4215 4216//4216
f 4217//4217 4218//4218 4219//4219
f 4217//4217 4219//4219 4220//4220
f 4221//4221 4222//4222 4223//4223
f 4221//4221 4223//4223 4224//4224
f 4225//4225 4226//4226 4227//4227
f 4225//4225 4227//4227 4228//4228
f 4229//4229 4230//4230 4231//4231
f 4229//4229 4231//4231 4232//4232
f 4233//4233 4234//4234 4235//4235
f 4233//4233 4235//4235 4236//4236
f 4237//4237 4238//4238 4239//4239
f 4237//4237 4239//4239 4240//4240
f 4241//4241 4242//4242 4243//4243
f 4241//4241 4243//4243 4244//4244
f 4245//4245 4246//4246 4247//4247
f 4245//4245 4247//4247 4248//4248
f 4249//4249 4250//4250 4251//4251
f 4249//4249 4251//4251 4252//4252
f 4253//4253 4254//4254 4255//4255
f 4253//4253 4255//4255 4256//4256
f 4257//4257 4258//4258 4259//4259
f 4257//4257 4259//4259 4260//4260
f 4261//4261 4262//4262 4263//4263
f 4261//4261 4263//4263 4264//4264
f 4265//4265 4266//4266 4267//4267
f 4265//4265 4267//4267 4268//4268
f 4269//4269 4270//4270 4271//4271
f 4269//4269 4271//4271 4272//4272
f 4273//4273 4274//4274 4275//4275
f 4273//4273 4275//4275 4276//4276
f 4277//4277 4278//4278 4279//4279
f 4277//4277 4279//4279 4280//4280
f 4281//4281 4282//4282 4283//4283
f 4281//4281 4283//4283 4284//4284
f 4285//4285 4286//4286 4287//4287
f 4285//4285 4287//4287 4288//4288
f 4289//4289 4290//4290 4291//4291
f 4289//4289 4291//4291 4292//4292
f 4293//4293 4294//4294 4295//4295
f 4293//4293 4295//4295 4296//4296
f 4297//4297 4298//4298 4299//4299
f 4297//4297 4299//4299 4300//4300
f 4301//4301 4302//4302 4303//4303
f 4301//4301 4303//4303 4304//4304
f 4305//4305 4306//4306 4307//4307
f 4305//4305 4307//4307 4308//4308
f 4309//4309 4310//4310 4311//4311
f 4309//4309 4311//4311 4312//4312
f 4313//4313 4314//4314 4315//4315
f 4313//4313 4315//4315 4316//4316
f 4317//4317 4318//4318 4319//4319
f 4317//4317 4319//4319 4320//4320
f 4321//4321 4322//4322 4323//4323
f 4321//4321 4323//4323 4324//4324
f 4325//4325 4326//4326 4327//4327
f 4325//4325 4327//4327 4328//4328
f 4329//4329 4330//4330 4331//4331
f 4329//4329 4331//4331 4332//4332
f 4333//4333 4334//4334 4335//4335
f 4333//4333 4335//4335 4336//4336
f 4337//4337 4338//4338 4339//4339
f 4337//4337 4339//4339 4340//4340
f 4341//4341 4342//4342 4343//4343
f 4341//4341 4343//4343 4344//4344
f 4345//4345 4346//4346 4347//4347
f 4345//4345 4347//4347 4348//4348
f 4349//4349 4350//4350 4351//4351
f 4349//4349 4351//4351 4352//4352
f 4353//4353 4354//4354 4355//4355
f 4353//4353 4355//4355 4356//4356
f 4357//4357 4358//4358 4359//4359
f 4357//4357 4359//4359 4360//4360
f 4361//4361 4362//4362 4363//4363
f 4361//4361 4363//4363 4364//4364
f 4365//4365 4366//4366 4367//4367
f 4365//4365 4367//4367 4368//4368
f 4369//4369 4370//4370 4371//4371
f 4369//4369 4371//4371 4372//4372
f 4373//4373 4374//4374 4375//4375
f 4373//4373 4375//4375 4376//4376
f 4377//4377 4378//4378 4379//4379
f 4377//4377 4379//4379 4380//4380
f 4381//4381 4382//4382 4383//4383
f 4381//4381 4383//4383 4384//4384
f 4385//4385 4386//4386 4387//4387
f 4385//4385 4387//4387 4388//4388
f 4389//4389 4390//4390 4391//4391
f 4389//4389 4391//4391 4392//4392
f 4393//4393 4394//4394 4395//4395
f 4393//4393 4395//4395 4396//4396
f 4397//4397 4398//4398 4399//4399
f 4397//4397 4399//4399 4400//4400
f 4401//4401 4402//4402 4403//4403
f 4401//4401 4403//4403 4404//4404
f 4405//4405 4406//4406 4407//4407
f 4405//4405 4407//4407 4408//4408
f 4409//4409 4410//4410 4411//4411
f 4409//4409 4411//4411 4412//4412
f 4413//4413 4414//4414 4415//4415
f 4413//4413 4415//4415 4416//4416
f 4417//4417 4418//4418 4419//4419
f 4417//4417 4419//4419 4420//4420
f 4421//4421 4422//4422 4423//4423
f 4421//4421 4423//4423 4424//4424
f 4425//4425 4426//4426 4427//4427
f 4425//4425 4427//4427 4428//4428
f 4429//4429 4430//4430 4431//4431
f 4429//4429 4431//4431 4432//4432
f 4433//4433 4434//4434 4435//4435
f 4433//4433 4435//4435 4436//4436
f 4437//4437 4438//4438 4439//4439
f 4437//4437 4439//4439 4440//4440
f 4441//4441 4442//4442 4443//4443
f 4441//4441 4443//4443 4444//4444
f 4445//4445 4446//4446 4447//4447
f 4445//4445 4447//4447 4448//4448
f 4449//4449 4450//4450 4451//4451
f 4449//4449 4451//4451 4452//4452
f 4453//4453 4454//4454 4455//4455
f 4453//4453 4455//4455 4456//4456
f 4457//4457 4458//4458 4459//4459
f 4457//4457 4459//4459 4460//4460
f 4461//4461 4462//4462 4463//4463
f 4461//4461 4463//4463 4464//4464
f 4465//4465 4466//4466 4467//4467
f 4465//4465 4467//4467 4468//4468
f 4469//4469 4470//4470 4471//4471
f 4469//4469 4471//4471 4472//4472
f 4473//4473 4474//4474 4475//4475
f 4473//4473 4475//4475 4476//4476
f 4477//4477 4478//4478 4479//4479
f 4477//4477 4479//4479 4480//4480
f 4481//4481 4482//4482 4483//4483
f 4481//4481 4483//4483 4484//4484
f 4485//4485 4486//4486 4487//4487
f 4485//4485 4487//4487 4488//4488
f 4489//4489 4490//4490 4491//4491
f 4489//4489 4491//4491 4492//4492
f 4493//4493 4494//4494 4495//4495
f 4493//4493 4495//4495 4496//4496
f 4497//4497 4498//4498 4499//4499
f 4497//4497 4499//4499 4500//4500
f 4501//4501 4502//4502 4503//4503
f 4501//4501 4503//4503 4504//4504
f 4505//4505 4506//4506 4507//4507
f 4505//4505 4507//4507 4508//4508
f 4509//4509 4510//4510 4511//4511
f 4509//4509 4511//4511 4512//4512
f 4513//4513 4514//4514 4515//4515
f 4513//4513 4515//4515 4516//4516
f 4517//4517 4518//4518 4519//4519
f 4517//4517 4519//4519 4520//4520
f 4521//4521 4522//4522 4523//4523
f 4521//4521 4523//4523 4524//4524
f 4525//4525 4526//4526 4527//4527
f 4525//4525 4527//4527 4528//4528
f 4529//4529 4530//4530 4531//4531
f 4529//4529 4531//4531 4532//4532
f 4533//4533 4534//4534 4535//4535
f 4533//4533 4535//4535 4536//4536
f 4537//4537 4538//4538 4539//4539
f 4537//4537 4539//4539 4540//4540
f 4541//4541 4542//4542 4543//4543
f 4541//4541 4543//4543 4544//4544
f 4545//4545 4546//4546 4547//4547
f 4545//4545 4547//4547 4548//4548
f 4549//4549 4550//4550 4551//4551
f 4549//4549 4551//4551 4552//4552
f 4553//4553 4554//4554 4555//4555
f 4553//4553 4555//4555 4556//4556
f 4557//4557 4558//4558 4559//4559
f 4557//4557 4559//4559 4560//4560
f 4561//4561 4562//4562 4563//4563
f 4561//4561 4563//4563 4564//4564
f 4565//4565 4566//4566 4567//4567
f 4565//4565 4567//4567 4568//4568
f 4569//4569 4570//4570 4571//4571
f 4569//4569 4571//4571 4572//4572
f 4573//4573 4574//4574 4575//4575
f 4573//4573 4575//4575 4576//4576
f 4577//4577 4578//4578 4579//4579
f 4577//4577 4579//4579 4580//4580
f 4581//4581 4582//4582 4583//4583
f 4581//4581 4583//4583 4584//4584
f 4585//4585 4586//4586 4587//4587
f 4585//4585 4587//4587 4588//4588
f 4589//4589 4590//4590 4591//4591
f 4589//4589 4591//4591 4592//4592
f 4593//4593 4594//4594 4595//4595
f 4593//4593 4595//4595 4596//4596
f 4597//4597 4598//4598 4599//4599
f 4597//4597 4599//4599 4600//4600
f 4601//4601 4602//4602 4603//4603
f 4601//4601 4603//4603 4604//4604
f 4605//4605 4606//4606 4607//4607
f 4605//4605 4607//4607 4608//4608
f 4609//4609 4610//4610 4611//4611
f 4609//4609 4611//4611 4612//4612
f 4613//4613 4614//4614 4615//4615
f 4613//4613 4615//4615 4616//4616
f 4617//4617 4618//4618 4619//4619
f 4617//4617 4619//4619 4620//4620
f 4621//4621 4622//4622 4623//4623
f 4621//4621 4623//4623 4624//4624
f 4625//4625 4626//4626 4627//4627
f 4625//4625 4627//4627 4628//4628
f 4629//4629 4630//4630 4631//4631
f 4629//4629 4631//4631 4632//4632
f 4633//4633 4634//4634 4635//4635
f 4633//4633 4635//4635 4636//4636
f 4637//4637 4638//4638 4639//4639
f 4637//4637 4639//4639 4640//4640
f 4641//4641 4642//4642 4643//4643
f 4641//4641 4643//4643 4644//4644
f 4645//4645 4646//4646 4647//4647
f 4645//4645 4647//4647 4648//4648
f 4649//4649 4650//4650 4651//4651
f 4649//4649 4651//4651 4652//4652
f 4653//4653 4654//4654 4655//4655
f 4653//4653 4655//4655 4656//4656
f 4657//4657 4658//4658 4659//4659
f 4657//4657 4659//4659 4660//4660
f 4661//4661 4662//4662 4663//4663
f 4661//4661 4663//4663 4664//4664
f 4665//4665 4666//4666 4667//4667
f 4665//4665 4667//4667 4668//4668
f 4669//4669 4670//4670 4671//4671
f 4669//4669 4671//4671 4672//4672
f 4673//4673 4674//4674 4675//4675
f 4673//4673 4675//4675 4676//4676
f 4677//4677 4678//4678 4679//4679
f 4677//4677 4679//4679 4680//4680
f 4681//4681 4682//4682 4683//4683
f 4681//4681 4683//4683 4684//4684
f 4685//4685 4686//4686 4687//4687
f 4685//4685 4687//4687 4688//4688
f 4689//4689 4690//4690 4691//4691
f 4689//4689 4691//4691 4692//4692
f 4693//4693 4694//4694 4695//4695
f 4693//4693 4695//4695 4696//4696
f 4697//4697 4698//4698 4699//4699
f 4697//4697 4699//4699 4700//4700
f 4701//4701 4702//4702 4703//4703
f 4701//4701 4703//4703 4704//4704
f 4705//4705 4706//4706 4707//4707
f 4705//4705 4707//4707 4708//4708
f 4709//4709 4710//4710 4711//4711
f 4709//4709 4711//4711 4712//4712
f 4713//4713 4714//4714 4715//4715
f 4713//4713 4715//4715 4716//4716
f 4717//4717 4718//4718 4719//4719
f 4717//4717 4719//4719 4720//4720
usemtl Tree_Leaves
f 4721/1/4721 4722/2/4722 4723/3/4723
f 4722/2/4722 4724/4/4724 4725/5/4725
f 4722/2/4722 4725/5/4725 4726/6/4726
f 4722/2/4722 4726/6/4726 4727/7/4727
f 4723/3/4723 4722/2/4722 4727/7/4727
f 4723/3/4723 4727/7/4727 4728/8/4728
f 4723/3/4723 4728/8/4728 4729/9/4729
f 4730/10/4730 4731/11/4731 4732/12/4732
f 4722/2/4722 4721/1/4721 4724/4/4724
f 4727/7/4727 4726/6/4726 4731/11/4731
f 4727/7/4727 4731/11/4731 4730/10/4730
f 4732/12/4732 4733/13/4733 4730/10/4730
f 4733/13/4733 4728/8/4728 4727/7/4727
f 4733/13/4733 4727/7/4727 4730/10/4730
f 4734/14/4734 4735/15/4735 4736/16/4736
f 4735/15/4735 4737/17/4737 4738/18/4738
f 4735/15/4735 4738/18/4738 4739/19/4739
f 4735/15/4735 4739/19/4739 4740/20/4740
f 4736/16/4736 4735/15/4735 4740/20/4740
f 4736/16/4736 4740/20/4740 4741/21/4741
f 4736/16/4736 4741/21/4741 4742/22/4742
f 4743/23/4743 4744/24/4744 4745/25/4745
f 4735/15/4735 4734/14/4734 4737/17/4737
f 4740/20/4740 4739/19/4739 4744/24/4744
f 4740/20/4740 4744/24/4744 4743/23/4743
f 4745/25/4745 4746/26/4746 4743/23/4743
f 4746/26/4746 4741/21/4741 4740/20/4740
f 4746/26/4746 4740/20/4740 4743/23/4743
f 4747/27/4747 4748/28/4748 4749/29/4749
f 4748/28/4748 4750/30/4750 4751/31/4751
f 4748/28/4748 4751/31/4751 4752/32/4752
f 4748/28/4748 4752/32/4752 4753/33/4753
f 4749/29/4749 4748/28/4748 4753/33/4753
f 4749/29/4749 4753/33/4753 4754/34/4754
f 4749/29/4749 4754/34/4754 4755/35/4755
f 4756/36/4756 4757/37/4757 4758/38/4758
f 4748/28/4748 4747/27/4747 4750/30/4750
f 4753/33/4753 4752/32/4752 4757/37/4757
f 4753/33/4753 4757/37/4757 4756/36/4756
f 4758/38/4758 4759/39/4759 4756/36/4756
f 4759/39/4759 4754/34/4754 4753/33/4753
f 4759/39/4759 4753/33/4753 4756/36/4756
f 4760/40/4760 4761/41/4761 4762/42/4762
f 4761/41/4761 4763/43/4763 4764/44/4764
f 4761/41/4761 4764/44/4764 4765/45/4765
f 4761/41/4761 4765/45/4765 4766/46/4766
f 4762/42/4762 4761/41/4761 4766/46/4766
f 4762/42/4762 4766/46/4766 4767/47/4767
f 4762/42/4762 4767/47/4767 4768/48/4768
f 4769/49/4769 4770/50/4770 4771/51/4771
f 4761/41/4761 4760/40/4760 4763/43/4763
f 4766/46/4766 4765/45/4765 4770/50/4770
f 4766/46/4766 4770/50/4770 4769/49/4769
f 4771/51/4771 4772/52/4772 4769/49/4769
f 4772/52/4772 4767/47/4767 4766/46/4766
f 4772/52/4772 4766/46/4766 4769/49/4769
f 4773/53/4773 4774/54/4774 4775/55/4775
f 4774/54/4774 4776/56/4776 4777/57/4777
f 4774/54/4774 4777/57/4777 4778/58/4778
f 4774/54/4774 4778/58/4778 4779/59/4779
f 4775/55/4775 4774/54/4774 4779/59/4779
f 4775/55/4775 4779/59/4779 4780/60/4780
f 4775/55/4775 4780/60/4780 4781/61/4781
f 4782/62/4782 4783/63/4783 4784/64/4784
f 4774/54/4774 4773/53/4773 4776/56/4776
f 4779/59/4779 4778/58/4778 4783/63/4783
f 4779/59/4779 4783/63/4783 4782/62/4782
f 4784/64/4784 4785/65/4785 4782/62/4782
f 4785/65/4785 4780/60/4780 4779/59/4779
f 4785/65/4785 4779/59/4779 4782/62/4782
f 4786/66/4786 4787/67/4787 4788/68/4788
f 4787/67/4787 4789/69/4789 4790/70/4790
f 4787/67/4787 4790/70/4790 4791/71/4791
f 4787/67/4787 4791/71/4791 4792/72/4792
f 4788/68/4788 4787/67/4787 4792/72/4792
f 4788/68/4788 4792/72/4792 4793/73/4793
f 4788/68/4788 4793/73/4793 4794/74/4794
f 4795/75/4795 4796/76/4796 4797/77/4797
f 4787/67/4787 4786/66/4786 4789/69/4789
f 4792/72/4792 4791/71/4791 4796/76/4796
f 4792/72/4792 4796/76/4796 4795/75/4795
f 4797/77/4797 4798/78/4798 4795/75/4795
f 4798/78/4798 4793/73/4793 4792/72/4792
f 4798/78/4798 4792/72/4792 4795/75/4795
f 4799/79/4799 4800/80/4800 4801/81/4801
f 4800/80/4800 4802/82/4802 4803/83/4803
f 4800/80/4800 4803/83/4803 4804/84/4804
f 4800/80/4800 4804/84/4804 4805/85/4805
f 4801/81/4801 4800/80/4800 4805/85/4805
f 4801/81/4801 4805/85/4805 4806/86/4806
f 4801/81/4801 4806/86/4806 4807/87/4807
f 4808/88/4808 4809/89/4809 4810/90/4810
f 4800/80/4800 4799/79/4799 4802/82/4802
f 4805/85/4805 4804/84/4804 4809/89/4809
f 4805/85/4805 4809/89/4809 4808/88/4808
f 4810/90/4810 4811/91/4811 4808/88/4808
f 4811/91/4811 4806/86/4806 4805/85/4805
f 4811/91/4811 4805/85/4805 4808/88/4808
f 4812/92/4812 4813/93/4813 4814/94/4814
f 4813/93/4813 4815/95/4815 4816/96/4816
f 4813/93/4813 4816/96/4816 4817/97/4817
f 4813/93/4813 4817/97/4817 4818/98/4818
f 4814/94/4814 4813/93/4813 4818/98/4818
f 4814/94/4814 4818/98/4818 4819/99/4819
f 4814/94/4814 4819/99/4819 4820/100/4820
f 4821/101/4821 4822/102/4822 4823/103/4823
f 4813/93/4813 4812/92/4812 4815/95/4815
f 4818/98/4818 4817/97/4817 4822/102/4822
f 4818/98/4818 4822/102/4822 4821/101/4821
f 4823/103/4823 4824/104/4824 4821/101/4821
f 4824/104/4824 4819/99/4819 4818/98/4818
f 4824/104/4824 4818/98/4818 4821/101/4821
f 4825/105/4825 4826/106/4826 4827/107/4827
f 4826/106/4826 4828/108/4828 4829/109/4829
f 4826/106/4826 4829/109/4829 4830/110/4830
f 4826/106/4826 4830/110/4830 4831/111/4831
f 4827/107/4827 4826/106/4826 4831/111/4831
f 4827/107/4827 4831/111/4831 4832/112/4832
f 4827/107/4827 4832/112/4832 4833/113/4833
f 4834/114/4834 4835/115/4835 4836/116/4836
f 4826/106/4826 4825/105/4825 4828/108/4828
f 4831/111/4831 4830/110/4830 4835/115/4835
f 4831/111/4831 4835/115/4835 4834/114/4834
f 4836/116/4836 4837/117/4837 4834/114/4834
f 4837/117/4837 4832/112/4832 4831/111/4831
f 4837/117/4837 4831/111/4831 4834/114/4834
f 4838/118/4838 4839/119/4839 4840/120/4840
f 4839/119/4839 4841/121/4841 4842/122/4842
f 4839/119/4839 4842/122/4842 4843/123/4843
f 4839/119/4839 4843/123/4843 4844/124/4844
f 4840/120/4840 4839/119/4839 4844/124/4844
f 4840/120/4840 4844/124/4844 4845/125/4845
f 4840/120/4840 4845/125/4845 4846/126/4846
f 4847/127/4847 4848/128/4848 4849/129/4849
f 4839/119/4839 4838/118/4838 4841/121/4841
f 4844/124/4844 4843/123/4843 4848/128/4848
f 4844/124/4844 4848/128/4848 4847/127/4847
f 4849/129/4849 4850/130/4850 4847/127/4847
f 4850/130/4850 4845/125/4845 4844/124/4844
f 4850/130/4850 4844/124/4844 4847/127/4847
f 4851/131/4851 4852/132/4852 4853/133/4853
f 4852/132/4852 4854/134/4854 4855/135/4855
f 4852/132/4852 4855/135/4855 4856/136/4856
f 4852/132/4852 4856/136/4856 4857/137/4857
f 4853/133/4853 4852/132/4852 4857/137/4857
f 4853/133/4853 4857/137/4857 4858/138/4858
f 4853/133/4853 4858/138/4858 4859/139/4859
f 4860/140/4860 4861/141/4861 4862/142/4862
f 4852/132/4852 4851/131/4851 4854/134/4854
f 4857/137/4857 4856/136/4856 4861/141/4861
f 4857/137/4857 4861/141/4861 4860/140/4860
f 4862/142/4862 4863/143/4863 4860/140/4860
f 4863/143/4863 4858/138/4858 4857/137/4857
f 4863/143/4863 4857/137/4857 4860/140/4860
f 4864/144/4864 4865/145/4865 4866/146/4866
f 4865/145/4865 4867/147/4867 4868/148/4868
f 4865/145/4865 4868/148/4868 4869/149/4869
f 4865/145/4865 4869/149/4869 4870/150/4870
f 4866/146/4866 4865/145/4865 4870/150/4870
f 4866/146/4866 4870/150/4870 4871/151/4871
f 4866/146/4866 4871/151/4871 4872/152/4872
f 4873/153/4873 4874/154/4874 4875/155/4875
f 4865/145/4865 4864/144/4864 4867/147/4867
f 4870/150/4870 4869/149/4869 4874/154/4874
f 4870/150/4870 4874/154/4874 4873/153/4873
f 4875/155/4875 4876/156/4876 4873/153/4873
f 4876/156/4876 4871/151/4871 4870/150/4870
f 4876/156/4876 4870/150/4870 4873/153/4873
f 4877/157/4877 4878/158/4878 4879/159/4879
f 4878/158/4878 4880/160/4880 4881/161/4881
f 4878/158/4878 4881/161/4881 4882/162/4882
f 4878/158/4878 4882/162/4882 4883/163/4883
f 4879/159/4879 4878/158/4878 4883/163/4883
f 4879/159/4879 4883/163/4883 4884/164/4884
f 4879/159/4879 4884/164/4884 4885/165/4885
f 4886/166/4886 4887/167/4887 4888/168/4888
f 4878/158/4878 4877/157/4877 4880/160/4880
f 4883/163/4883 4882/162/4882 4887/167/4887
f 4883/163/4883 4887/167/4887 4886/166/4886
f 4888/168/4888 4889/169/4889 4886/166/4886
f 4889/169/4889 4884/164/4884 4883/163/4883
f 4889/169/4889 4883/163/4883 4886/166/4886
f 4890/170/4890 4891/171/4891 4892/172/4892
f 4891/171/4891 4893/173/4893 4894/174/4894
f 4891/171/4891 4894/174/4894 4895/175/4895
f 4891/171/4891 4895/175/4895 4896/176/4896
f 4892/172/4892 4891/171/4891 4896/176/4896
f 4892/172/4892 4896/176/4896 4897/177/4897
f 4892/172/4892 4897/177/4897 4898/178/4898
f 4899/179/4899 4900/180/4900 4901/181/4901
f 4891/171/4891 4890/170/4890 4893/173/4893
f 4896/176/4896 4895/175/4895 4900/180/4900
f 4896/176/4896 4900/180/4900 4899/179/4899
f 4901/181/4901 4902/182/4902 4899/179/4899
f 4902/182/4902 4897/177/4897 4896/176/4896
f 4902/182/4902 4896/176/4896 4899/179/4899
f 4903/183/4903 4904/184/4904 4905/185/4905
f 4904/184/4904 4906/186/4906 4907/187/4907
f 4904/184/4904 4907/187/4907 4908/188/4908
f 4904/184/4904 4908/188/4908 4909/189/4909
f 4905/185/4905 4904/184/4904 4909/189/4909
f 4905/185/4905 4909/189/4909 4910/190/4910
f 4905/185/4905 4910/190/4910 4911/191/4911
f 4912/192/4912 4913/193/4913 4914/194/4914
f 4904/184/4904 4903/183/4903 4906/186/4906
f 4909/189/4909 4908/188/4908 4913/193/4913
f 4909/189/4909 4913/193/4913 4912/192/4912
f 4914/194/4914 4915/195/4915 4912/192/4912
f 4915/195/4915 4910/190/4910 4909/189/4909
f 4915/195/4915 4909/189/4909 4912/192/4912
f 4916/196/4916 4917/197/4917 4918/198/4918
f 4917/197/4917 4919/199/4919 4920/200/4920
f 4917/197/4917 4920/200/4920 4921/201/4921
f 4917/197/4917 4921/201/4921 4922/202/4922
f 4918/198/4918 4917/197/4917 4922/202/4922
f 4918/198/4918 4922/202/4922 4923/203/4923
f 4918/198/4918 4923/203/4923 4924/204/4924
f 4925/205/4925 4926/206/4926 4927/207/4927
f 4917/197/4917 4916/196/4916 4919/199/4919
f 4922/202/4922 4921/201/4921 4926/206/4926
f 4922/202/4922 4926/206/4926 4925/205/4925
f 4927/207/4927 4928/208/4928 4925/205/4925
f 4928/208/4928 4923/203/4923 4922/202/4922
f 4928/208/4928 4922/202/4922 4925/205/4925
f 4929/209/4929 4930/210/4930 4931/211/4931
f 4929/209/4929 4931/211/4931 4932/212/4932
f 4933/213/4933 4934/214/4934 4935/215/4935
f 4933/213/4933 4935/215/4935 4936/216/4936
f 4932/212/4932 4931/211/4931 4937/217/4937
f 4932/212/4932 4937/217/4937 4938/218/4938
f 4939/219/4939 4940/220/4940 4941/221/4941
f 4939/219/4939 4941/221/4941 4934/214/4934
f 4942/222/4942 4943/223/4943 4944/224/4944
f 4934/214/4934 4941/221/4941 4945/225/4945
f 4934/214/4934 4945/225/4945 4935/215/4935
f 4946/226/4946 4939/219/4939 4934/214/4934
f 4946/226/4946 4934/214/4934 4933/213/4933
f 4943/223/4943 4947/227/4947 4948/228/4948
f 4943/223/4943 4948/228/4948 4930/210/4930
f 4944/224/4944 4943/223/4943 4930/210/4930
f 4944/224/4944 4930/210/4930 4929/209/4929
f 4931/211/4931 4949/229/4949 4950/230/4950
f 4931/211/4931 4950/230/4950 4937/217/4937
f 4943/223/4943 4942/222/4942 4947/227/4947
f 4930/210/4930 4948/228/4948 4949/229/4949
f 4930/210/4930 4949/229/4949 4931/211/4931
f 4937/217/4937 4939/219/4939 4946/226/4946
f 4937/217/4937 4946/226/4946 4938/218/4938
f 4950/230/4950 4940/220/4940 4939/219/4939
f 4950/230/4950 4939/219/4939 4937/217/4937
f 4951/231/4951 4952/232/4952 4953/233/4953
f 4951/231/4951 4953/233/4953 4954/234/4954
f 4955/235/4955 4956/236/4956 4957/237/4957
f 4955/235/4955 4957/237/4957 4958/238/4958
f 4954/234/4954 4953/233/4953 4959/239/4959
f 4954/234/4954 4959/239/4959 4960/240/4960
f 4961/241/4961 4962/242/4962 4963/243/4963
f 4961/241/4961 4963/243/4963 4956/236/4956
f 4964/244/4964 4965/245/4965 4966/246/4966
f 4956/236/4956 4963/243/4963 4967/247/4967
f 4956/236/4956 4967/247/4967 4957/237/4957
f 4968/248/4968 4961/241/4961 4956/236/4956
f 4968/248/4968 4956/236/4956 4955/235/4955
f 4965/245/4965 4969/249/4969 4970/250/4970
f 4965/245/4965 4970/250/4970 4952/232/4952
f 4966/246/4966 4965/245/4965 4952/232/4952
f 4966/246/4966 4952/232/4952 4951/231/4951
f 4953/233/4953 4971/251/4971 4972/252/4972
f 4953/233/4953 4972/252/4972 4959/239/4959
f 4965/245/4965 4964/244/4964 4969/249/4969
f 4952/232/4952 4970/250/4970 4971/251/4971
f 4952/232/4952 4971/251/4971 4953/233/4953
f 4959/239/4959 4961/241/4961 4968/248/4968
f 4959/239/4959 4968/248/4968 4960/240/4960
f 4972/252/4972 4962/242/4962 4961/241/4961
f 4972/252/4972 4961/241/4961 4959/239/4959
f 4973/253/4973 4974/254/4974 4975/255/4975
f 4973/253/4973 4975/255/4975 4976/256/4976
f 4977/257/4977 4978/258/4978 4979/259/4979
f 4977/257/4977 4979/259/4979 4980/260/4980
f 4976/256/4976 4975/255/4975 4981/261/4981
f 4976/256/4976 4981/261/4981 4982/262/4982
f 4983/263/4983 4984/264/4984 4985/265/4985
f 4983/263/4983 4985/265/4985 4978/258/4978
f 4986/266/4986 4987/267/4987 4988/268/4988
f 4978/258/4978 4985/265/4985 4989/269/4989
f 4978/258/4978 4989/269/4989 4979/259/4979
f 4990/270/4990 4983/263/4983 4978/258/4978
f 4990/270/4990 4978/258/4978 4977/257/4977
f 4987/267/4987 4991/271/4991 4992/272/4992
f 4987/267/4987 4992/272/4992 4974/254/4974
f 4988/268/4988 4987/267/4987 4974/254/4974
f 4988/268/4988 4974/254/4974 4973/253/4973
f 4975/255/4975 4993/273/4993 4994/274/4994
f 4975/255/4975 4994/274/4994 4981/261/4981
f 4987/267/4987 4986/266/4986 4991/271/4991
f 4974/254/4974 4992/272/4992 4993/273/4993
f 4974/254/4974 4993/273/4993 4975/255/4975
f 4981/261/4981 4983/263/4983 4990/270/4990
f 4981/261/4981 4990/270/4990 4982/262/4982
f 4994/274/4994 4984/264/4984 4983/263/4983
f 4994/274/4994 4983/263/4983 4981/261/4981
f 4995/275/4995 4996/276/4996 4997/277/4997
f 4995/275/4995 4997/277/4997 4998/278/4998
f 4999/279/4999 5000/280/5000 5001/281/5001
f 4999/279/4999 5001/281/5001 5002/282/5002
f 4998/278/4998 4997/277/4997 5003/283/5003
f 4998/278/4998 5003/283/5003 5004/284/5004
f 5005/285/5005 5006/286/5006 5007/287/5007
f 5005/285/5005 5007/287/5007 5000/280/5000
f 5008/288/5008 5009/289/5009 5010/290/5010
f 5000/280/5000 5007/287/5007 5011/291/5011
f 5000/280/5000 5011/291/5011 5001/281/5001
f 5012/292/5012 5005/285/5005 5000/280/5000
f 5012/292/5012 5000/280/5000 4999/279/4999
f 5009/289/5009 5013/293/5013 5014/294/5014
f 5009/289/5009 5014/294/5014 4996/276/4996
f 5010/290/5010 5009/289/5009 4996/276/4996
f 5010/290/5010 4996/276/4996 4995/275/4995
f 4997/277/4997 5015/295/5015 5016/296/5016
f 4997/277/4997 5016/296/5016 5003/283/5003
f 5009/289/5009 5008/288/5008 5013/293/5013
f 4996/276/4996 5014/294/5014 5015/295/5015
f 4996/276/4996 5015/295/5015 4997/277/4997
f 5003/283/5003 5005/285/5005 5012/292/5012
f 5003/283/5003 5012/292/5012 5004/284/5004
f 5016/296/5016 5006/286/5006 5005/285/5005
f 5016/296/5016 5005/285/5005 5003/283/5003
f 5017/297/5017 5018/298/5018 5019/299/5019
f 5017/297/5017 5019/299/5019 5020/300/5020
f 5021/301/5021 5022/302/5022 5023/303/5023
f 5021/301/5021 5023/303/5023 5024/304/5024
f 5018/298/5018 5025/305/5025 5026/306/5026
f 5018/298/5018 5026/306/5026 5019/299/5019
f 5027/307/5027 5024/304/5024 5028/308/5028
f 5027/307/5027 5028/308/5028 5029/309/5029
f 5030/310/5030 5031/311/5031 5032/312/5032
f 5024/304/5024 5023/303/5023 5033/313/5033
f 5024/304/5024 5033/313/5033 5028/308/5028
f 5034/314/5034 5021/301/5021 5024/304/5024
f 5034/314/5034 5024/304/5024 5027/307/5027
f 5032/312/5032 5020/300/5020 5035/315/5035
f 5032/312/5032 5035/315/5035 5036/316/5036
f 5031/311/5031 5017/297/5017 5020/300/5020
f 5031/311/5031 5020/300/5020 5032/312/5032
f 5019/299/5019 5026/306/5026 5037/317/5037
f 5019/299/5019 5037/317/5037 5038/318/5038
f 5032/312/5032 5036/316/5036 5030/310/5030
f 5020/300/5020 5019/299/5019 5038/318/5038
f 5020/300/5020 5038/318/5038 5035/315/5035
f 5026/306/5026 5025/305/5025 5034/314/5034
f 5026/306/5026 5034/314/5034 5027/307/5027
f 5037/317/5037 5026/306/5026 5027/307/5027
f 5037/317/5037 5027/307/5027 5029/309/5029
f 5039/319/5039 5040/320/5040 5041/321/5041
f 5039/319/5039 5041/321/5041 5042/322/5042
f 5043/323/5043 5044/324/5044 5045/325/5045
f 5043/323/5043 5045/325/5045 5046/326/5046
f 5042/322/5042 5041/321/5041 5047/327/5047
f 5042/322/5042 5047/327/5047 5048/328/5048
f 5049/329/5049 5050/330/5050 5051/331/5051
f 5049/329/5049 5051/331/5051 5044/324/5044
f 5052/332/5052 5053/333/5053 5054/334/5054
f 5044/324/5044 5051/331/5051 5055/335/5055
f 5044/324/5044 5055/335/5055 5045/325/5045
f 5056/336/5056 5049/329/5049 5044/324/5044
f 5056/336/5056 5044/324/5044 5043/323/5043
f 5053/333/5053 5057/337/5057 5058/338/5058
f 5053/333/5053 5058/338/5058 5040/320/5040
f 5054/334/5054 5053/333/5053 5040/320/5040
f 5054/334/5054 5040/320/5040 5039/319/5039
f 5041/321/5041 5059/339/5059 5060/340/5060
f 5041/321/5041 5060/340/5060 5047/327/5047
f 5053/333/5053 5052/332/5052 5057/337/5057
f 5040/320/5040 5058/338/5058 5059/339/5059
f 5040/320/5040 5059/339/5059 5041/321/5041
f 5047/327/5047 5049/329/5049 5056/336/5056
f 5047/327/5047 5056/336/5056 5048/328/5048
f 5060/340/5060 5050/330/5050 5049/329/5049
f 5060/340/5060 5049/329/5049 5047/327/5047
f 5061/341/5061 5062/342/5062 5063/343/5063
f 5061/341/5061 5063/343/5063 5064/344/5064
f 5065/345/5065 5066/346/5066 5067/347/5067
f 5065/345/5065 5067/347/5067 5068/348/5068
f 5064/344/5064 5063/343/5063 5069/349/5069
f 5064/344/5064 5069/349/5069 5070/350/5070
f 5071/351/5071 5072/352/5072 5073/353/5073
f 5071/351/5071 5073/353/5073 5066/346/5066
f 5074/354/5074 5075/355/5075 5076/356/5076
f 5066/346/5066 5073/353/5073 5077/357/5077
f 5066/346/5066 5077/357/5077 5067/347/5067
f 5078/358/5078 5071/351/5071 5066/346/5066
f 5078/358/5078 5066/346/5066 5065/345/5065
f 5075/355/5075 5079/359/5079 5080/360/5080
f 5075/355/5075 5080/360/5080 5062/342/5062
f 5076/356/5076 5075/355/5075 5062/342/5062
f 5076/356/5076 5062/342/5062 5061/341/5061
f 5063/343/5063 5081/361/5081 5082/362/5082
f 5063/343/5063 5082/362/5082 5069/349/5069
f 5075/355/5075 5074/354/5074 5079/359/5079
f 5062/342/5062 5080/360/5080 5081/361/5081
f 5062/342/5062 5081/361/5081 5063/343/5063
f 5069/349/5069 5071/351/5071 5078/358/5078
f 5069/349/5069 5078/358/5078 5070/350/5070
f 5082/362/5082 5072/352/5072 5071/351/5071
f 5082/362/5082 5071/351/5071 5069/349/5069
f 5083/363/5083 5084/364/5084 5085/365/5085
f 5083/363/5083 5085/365/5085 5086/366/5086
f 5087/367/5087 5088/368/5088 5089/369/5089
f 5087/367/5087 5089/369/5089 5090/370/5090
f 5086/366/5086 5085/365/5085 5091/371/5091
f 5086/366/5086 5091/371/5091 5092/372/5092
f 5093/373/5093 5094/374/5094 5095/375/5095
f 5093/373/5093 5095/375/5095 5088/368/5088
f 5096/376/5096 5097/377/5097 5098/378/5098
f 5088/368/5088 5095/375/5095 5099/379/5099
f 5088/368/5088 5099/379/5099 5089/369/5089
f 5100/380/5100 5093/373/5093 5088/368/5088
f 5100/380/5100 5088/368/5088 5087/367/5087
f 5097/377/5097 5101/381/5101 5102/382/5102
f 5097/377/5097 5102/382/5102 5084/364/5084
f 5098/378/5098 5097/377/5097 5084/364/5084
f 5098/378/5098 5084/364/5084 5083/363/5083
f 5085/365/5085 5103/383/5103 5104/384/5104
f 5085/365/5085 5104/384/5104 5091/371/5091
f 5097/377/5097 5096/376/5096 5101/381/5101
f 5084/364/5084 5102/382/5102 5103/383/5103
f 5084/364/5084 5103/383/5103 5085/365/5085
f 5091/371/5091 5093/373/5093 5100/380/5100
f 5091/371/5091 5100/380/5100 5092/372/5092
f 5104/384/5104 5094/374/5094 5093/373/5093
f 5104/384/5104 5093/373/5093 5091/371/5091
f 5105/385/5105 5106/386/5106 5107/387/5107
f 5105/385/5105 5107/387/5107 5108/388/5108
f 5109/389/5109 5110/390/5110 5111/391/5111
f 5109/389/5109 5111/391/5111 5112/392/5112
f 5108/388/5108 5107/387/5107 5113/393/5113
f 5108/388/5108 5113/393/5113 5114/394/5114
f 5115/395/5115 5116/396/5116 5117/397/5117
f 5115/395/5115 5117/397/5117 5110/390/5110
f 5118/398/5118 5119/399/5119 5120/400/5120
f 5110/390/5110 5117/397/5117 5121/401/5121
f 5110/390/5110 5121/401/5121 5111/391/5111
f 5122/402/5122 5115/395/5115 5110/390/5110
f 5122/402/5122 5110/390/5110 5109/389/5109
f 5119/399/5119 5123/403/5123 5124/404/5124
f 5119/399/5119 5124/404/5124 5106/386/5106
f 5120/400/5120 5119/399/5119 5106/386/5106
f 5120/400/5120 5106/386/5106 5105/385/5105
f 5107/387/5107 5125/405/5125 5126/406/5126
f 5107/387/5107 5126/406/5126 5113/393/5113
f 5119/399/5119 5118/398/5118 5123/403/5123
f 5106/386/5106 5124/404/5124 5125/405/5125
f 5106/386/5106 5125/405/5125 5107/387/5107
f 5113/393/5113 5115/395/5115 5122/402/5122
f 5113/393/5113 5122/402/5122 5114/394/5114
f 5126/406/5126 5116/396/5116 5115/395/5115
f 5126/406/5126 5115/395/5115 5113/393/5113
f 5127/407/5127 5128/408/5128 5129/409/5129
f 5127/407/5127 5129/409/5129 5130/410/5130
f 5131/411/5131 5132/412/5132 5133/413/5133
f 5131/411/5131 5133/413/5133 5134/414/5134
f 5128/408/5128 5135/415/5135 5136/416/5136
f 5128/408/5128 5136/416/5136 5129/409/5129
f 5137/417/5137 5134/414/5134 5138/418/5138
f 5137/417/5137 5138/418/5138 5139/419/5139
f 5140/420/5140 5141/421/5141 5142/422/5142
f 5134/414/5134 5133/413/5133 5143/423/5143
f 5134/414/5134 5143/423/5143 5138/418/5138
f 5144/424/5144 5131/411/5131 5134/414/5134
f 5144/424/5144 5134/414/5134 5137/417/5137
f 5142/422/5142 5130/410/5130 5145/425/5145
f 5142/422/5142 5145/425/5145 5146/426/5146
f 5141/421/5141 5127/407/5127 5130/410/5130
f 5141/421/5141 5130/410/5130 5142/422/5142
f 5129/409/5129 5136/416/5136 5147/427/5147
f 5129/409/5129 5147/427/5147 5148/428/5148
f 5142/422/5142 5146/426/5146 5140/420/5140
f 5130/410/5130 5129/409/5129 5148/428/5148
f 5130/410/5130 5148/428/5148 5145/425/5145
f 5136/416/5136 5135/415/5135 5144/424/5144
f 5136/416/5136 5144/424/5144 5137/417/5137
f 5147/427/5147 5136/416/5136 5137/417/5137
f 5147/427/5147 5137/417/5137 5139/419/5139
f 5149/429/5149 5150/430/5150 5151/431/5151
f 5150/430/5150 5152/432/5152 5153/433/5153
f 5150/430/5150 5153/433/5153 5154/434/5154
f 5150/430/5150 5154/434/5154 5155/435/5155
f 5151/431/5151 5150/430/5150 5155/435/5155
f 5151/431/5151 5155/435/5155 5156/436/5156
f 5151/431/5151 5156/436/5156 5157/437/5157
f 5158/438/5158 5159/439/5159 5160/440/5160
f 5150/430/5150 5149/429/5149 5152/432/5152
f 5155/435/5155 5154/434/5154 5159/439/5159
f 5155/435/5155 5159/439/5159 5158/438/5158
f 5160/440/5160 5161/441/5161 5158/438/5158
f 5161/441/5161 5156/436/5156 5155/435/5155
f 5161/441/5161 5155/435/5155 5158/438/5158
f 5162/442/5162 5163/443/5163 5164/444/5164
f 5163/443/5163 5165/445/5165 5166/446/5166
f 5163/443/5163 5166/446/5166 5167/447/5167
f 5163/443/5163 5167/447/5167 5168/448/5168
f 5164/444/5164 5163/443/5163 5168/448/5168
f 5164/444/5164 5168/448/5168 5169/449/5169
f 5164/444/5164 5169/449/5169 5170/450/5170
f 5171/451/5171 5172/452/5172 5173/453/5173
f 5163/443/5163 5162/442/5162 5165/445/5165
f 5168/448/5168 5167/447/5167 5172/452/5172
f 5168/448/5168 5172/452/5172 5171/451/5171
f 5173/453/5173 5174/454/5174 5171/451/5171
f 5174/454/5174 5169/449/5169 5168/448/5168
f 5174/454/5174 5168/448/5168 5171/451/5171
f 5175/455/5175 5176/456/5176 5177/457/5177
f 5176/456/5176 5178/458/5178 5179/459/5179
f 5176/456/5176 5179/459/5179 5180/460/5180
f 5176/456/5176 5180/460/5180 5181/461/5181
f 5177/457/5177 5176/456/5176 5181/461/5181
f 5177/457/5177 5181/461/5181 5182/462/5182
f 5177/457/5177 5182/462/5182 5183/463/5183
f 5184/464/5184 5185/465/5185 5186/466/5186
f 5176/456/5176 5175/455/5175 5178/458/5178
f 5181/461/5181 5180/460/5180 5185/465/5185
f 5181/461/5181 5185/465/5185 5184/464/5184
f 5186/466/5186 5187/467/5187 5184/464/5184
f 5187/467/5187 5182/462/5182 5181/461/5181
f 5187/467/5187 5181/461/5181 5184/464/5184
f 5188/468/5188 5189/469/5189 5190/470/5190
f 5189/469/5189 5191/471/5191 5192/472/5192
f 5189/469/5189 5192/472/5192 5193/473/5193
f 5189/469/5189 5193/473/5193 5194/474/5194
f 5190/470/5190 5189/469/5189 5194/474/5194
f 5190/470/5190 5194/474/5194 5195/475/5195
f 5190/470/5190 5195/475/5195 5196/476/5196
f 5197/477/5197 5198/478/5198 5199/479/5199
f 5189/469/5189 5188/468/5188 5191/471/5191
f 5194/474/5194 5193/473/5193 5198/478/5198
f 5194/474/5194 5198/478/5198 5197/477/5197
f 5199/479/5199 5200/480/5200 5197/477/5197
f 5200/480/5200 5195/475/5195 5194/474/5194
f 5200/480/5200 5194/474/5194 5197/477/5197
f 5201/481/5201 5202/482/5202 5203/483/5203
f 5202/482/5202 5204/484/5204 5205/485/5205
f 5202/482/5202 5205/485/5205 5206/486/5206
f 5202/482/5202 5206/486/5206 5207/487/5207
f 5203/483/5203 5202/482/5202 5207/487/5207
f 5203/483/5203 5207/487/5207 5208/488/5208
f 5203/483/5203 5208/488/5208 5209/489/5209
f 5210/490/5210 5211/491/5211 5212/492/5212
f 5202/482/5202 5201/481/5201 5204/484/5204
f 5207/487/5207 5206/486/5206 5211/491/5211
f 5207/487/5207 5211/491/5211 5210/490/5210
f 5212/492/5212 5213/493/5213 5210/490/5210
f 5213/493/5213 5208/488/5208 5207/487/5207
f 5213/493/5213 5207/487/5207 5210/490/5210
f 5214/494/5214 5215/495/5215 5216/496/5216
f 5215/495/5215 5217/497/5217 5218/498/5218
f 5215/495/5215 5218/498/5218 5219/499/5219
f 5215/495/5215 5219/499/5219 5220/500/5220
f 5216/496/5216 5215/495/5215 5220/500/5220
f 5216/496/5216 5220/500/5220 5221/501/5221
f 5216/496/5216 5221/501/5221 5222/502/5222
f 5223/503/5223 5224/504/5224 5225/505/5225
f 5215/495/5215 5214/494/5214 5217/497/5217
f 5220/500/5220 5219/499/5219 5224/504/5224
f 5220/500/5220 5224/504/5224 5223/503/5223
f 5225/505/5225 5226/506/5226 5223/503/5223
f 5226/506/5226 5221/501/5221 5220/500/5220
f 5226/506/5226 5220/500/5220 5223/503/5223
f 5227/507/5227 5228/508/5228 5229/509/5229
f 5228/508/5228 5230/510/5230 5231/511/5231
f 5228/508/5228 5231/511/5231 5232/512/5232
f 5228/508/5228 5232/512/5232 5233/513/5233
f 5229/509/5229 5228/508/5228 5233/513/5233
f 5229/509/5229 5233/513/5233 5234/514/5234
f 5229/509/5229 5234/514/5234 5235/515/5235
f 5236/516/5236 5237/517/5237 5238/518/5238
f 5228/508/5228 5227/507/5227 5230/510/5230
f 5233/513/5233 5232/512/5232 5237/517/5237
f 5233/513/5233 5237/517/5237 5236/516/5236
f 5238/518/5238 5239/519/5239 5236/516/5236
f 5239/519/5239 5234/514/5234 5233/513/5233
f 5239/519/5239 5233/513/5233 5236/516/5236
f 5240/520/5240 5241/521/5241 5242/522/5242
f 5241/521/5241 5243/523/5243 5244/524/5244
f 5241/521/5241 5244/524/5244 5245/525/5245
f 5241/521/5241 5245/525/5245 5246/526/5246
f 5242/522/5242 5241/521/5241 5246/526/5246
f 5242/522/5242 5246/526/5246 5247/527/5247
f 5242/522/5242 5247/527/5247 5248/528/5248
f 5249/529/5249 5250/530/5250 5251/531/5251
f 5241/521/5241 5240/520/5240 5243/523/5243
f 5246/526/5246 5245/525/5245 5250/530/5250
f 5246/526/5246 5250/530/5250 5249/529/5249
f 5251/531/5251 5252/532/5252 5249/529/5249
f 5252/532/5252 5247/527/5247 5246/526/5246
f 5252/532/5252 5246/526/5246 5249/529/5249
f 5253/533/5253 5254/534/5254 5255/535/5255
f 5253/533/5253 5255/535/5255 5256/536/5256
f 5257/537/5257 5258/538/5258 5259/539/5259
f 5257/537/5257 5259/539/5259 5260/540/5260
f 5256/536/5256 5255/535/5255 5261/541/5261
f 5256/536/5256 5261/541/5261 5262/542/5262
f 5263/543/5263 5264/544/5264 5265/545/5265
f 5263/543/5263 5265/545/5265 5258/538/5258
f 5266/546/5266 5267/547/5267 5268/548/5268
f 5258/538/5258 5265/545/5265 5269/549/5269
f 5258/538/5258 5269/549/5269 5259/539/5259
f 5270/550/5270 5263/543/5263 5258/538/5258
f 5270/550/5270 5258/538/5258 5257/537/5257
f 5267/547/5267 5271/551/5271 5272/552/5272
f 5267/547/5267 5272/552/5272 5254/534/5254
f 5268/548/5268 5267/547/5267 5254/534/5254
f 5268/548/5268 5254/534/5254 5253/533/5253
f 5255/535/5255 5273/553/5273 5274/554/5274
f 5255/535/5255 5274/554/5274 5261/541/5261
f 5267/547/5267 5266/546/5266 5271/551/5271
f 5254/534/5254 5272/552/5272 5273/553/5273
f 5254/534/5254 5273/553/5273 5255/535/5255
f 5261/541/5261 5263/543/5263 5270/550/5270
f 5261/541/5261 5270/550/5270 5262/542/5262
f 5274/554/5274 5264/544/5264 5263/543/5263
f 5274/554/5274 5263/543/5263 5261/541/5261
f 5275/555/5275 5276/556/5276 5277/557/5277
f 5275/555/5275 5277/557/5277 5278/558/5278
f 5279/559/5279 5280/560/5280 5281/561/5281
f 5279/559/5279 5281/561/5281 5282/562/5282
f 5278/558/5278 5277/557/5277 5283/563/5283
f 5278/558/5278 5283/563/5283 5284/564/5284
f 5285/565/5285 5286/566/5286 5287/567/5287
f 5285/565/5285 5287/567/5287 5280/560/5280
f 5288/568/5288 5289/569/5289 5290/570/5290
f 5280/560/5280 5287/567/5287 5291/571/5291
f 5280/560/5280 5291/571/5291 5281/561/5281
f 5292/572/5292 5285/565/5285 5280/560/5280
f 5292/572/5292 5280/560/5280 5279/559/5279
f 5289/569/5289 5293/573/5293 5294/574/5294
f 5289/569/5289 5294/574/5294 5276/556/5276
f 5290/570/5290 5289/569/5289 5276/556/5276
f 5290/570/5290 5276/556/5276 5275/555/5275
f 5277/557/5277 5295/575/5295 5296/576/5296
f 5277/557/5277 5296/576/5296 5283/563/5283
f 5289/569/5289 5288/568/5288 5293/573/5293
f 5276/556/5276 5294/574/5294 5295/575/5295
f 5276/556/5276 5295/575/5295 5277/557/5277
f 5283/563/5283 5285/565/5285 5292/572/5292
f 5283/563/5283 5292/572/5292 5284/564/5284
f 5296/576/5296 5286/566/5286 5285/565/5285
f 5296/576/5296 5285/565/5285 5283/563/5283
f 5297/577/5297 5298/578/5298 5299/579/5299
f 5297/577/5297 5299/579/5299 5300/580/5300
f 5301/581/5301 5302/582/5302 5303/583/5303
f 5301/581/5301 5303/583/5303 5304/584/5304
f 5300/580/5300 5299/579/5299 5305/585/5305
f 5300/580/5300 5305/585/5305 5306/586/5306
f 5307/587/5307 5308/588/5308 5309/589/5309
f 5307/587/5307 5309/589/5309 5302/582/5302
f 5310/590/5310 5311/591/5311 5312/592/5312
f 5302/582/5302 5309/589/5309 5313/593/5313
f 5302/582/5302 5313/593/5313 5303/583/5303
f 5314/594/5314 5307/587/5307 5302/582/5302
f 5314/594/5314 5302/582/5302 5301/581/5301
f 5311/591/5311 5315/595/5315 5316/596/5316
f 5311/591/5311 5316/596/5316 5298/578/5298
f 5312/592/5312 5311/591/5311 5298/578/5298
f 5312/592/5312 5298/578/5298 5297/577/5297
f 5299/579/5299 5317/597/5317 5318/598/5318
f 5299/579/5299 5318/598/5318 5305/585/5305
f 5311/591/5311 5310/590/5310 5315/595/5315
f 5298/578/5298 5316/596/5316 5317/597/5317
f 5298/578/5298 5317/597/5317 5299/579/5299
f 5305/585/5305 5307/587/5307 5314/594/5314
f 5305/585/5305 5314/594/5314 5306/586/5306
f 5318/598/5318 5308/588/5308 5307/587/5307
f 5318/598/5318 5307/587/5307 5305/585/5305
f 5319/599/5319 5320/600/5320 5321/601/5321
f 5319/599/5319 5321/601/5321 5322/602/5322
f 5323/603/5323 5324/604/5324 5325/605/5325
f 5323/603/5323 5325/605/5325 5326/606/5326
f 5322/602/5322 5321/601/5321 5327/607/5327
f 5322/602/5322 5327/607/5327 5328/608/5328
f 5329/609/5329 5330/610/5330 5331/611/5331
f 5329/609/5329 5331/611/5331 5324/604/5324
f 5332/612/5332 5333/613/5333 5334/614/5334
f 5324/604/5324 5331/611/5331 5335/615/5335
f 5324/604/5324 5335/615/5335 5325/605/5325
f 5336/616/5336 5329/609/5329 5324/604/5324
f 5336/616/5336 5324/604/5324 5323/603/5323
f 5333/613/5333 5337/617/5337 5338/618/5338
f 5333/613/5333 5338/618/5338 5320/600/5320
f 5334/614/5334 5333/613/5333 5320/600/5320
f 5334/614/5334 5320/600/5320 5319/599/5319
f 5321/601/5321 5339/619/5339 5340/620/5340
f 5321/601/5321 5340/620/5340 5327/607/5327
f 5333/613/5333 5332/612/5332 5337/617/5337
f 5320/600/5320 5338/618/5338 5339/619/5339
f 5320/600/5320 5339/619/5339 5321/601/5321
f 5327/607/5327 5329/609/5329 5336/616/5336
f 5327/607/5327 5336/616/5336 5328/608/5328
f 5340/620/5340 5330/610/5330 5329/609/5329
f 5340/620/5340 5329/609/5329 5327/607/5327
f 5341/621/5341 5342/622/5342 5343/623/5343
f 5341/621/5341 5343/623/5343 5344/624/5344
f 5345/625/5345 5346/626/5346 5347/627/5347
f 5345/625/5345 5347/627/5347 5348/628/5348
f 5342/622/5342 5349/629/5349 5350/630/5350
f 5342/622/5342 5350/630/5350 5343/623/5343
f 5351/631/5351 5348/628/5348 5352/632/5352
f 5351/631/5351 5352/632/5352 5353/633/5353
f 5354/634/5354 5355/635/5355 5356/636/5356
f 5348/628/5348 5347/627/5347 5357/637/5357
f 5348/628/5348 5357/637/5357 5352/632/5352
f 5358/638/5358 5345/625/5345 5348/628/5348
f 5358/638/5358 5348/628/5348 5351/631/5351
f 5356/636/5356 5344/624/5344 5359/639/5359
f 5356/636/5356 5359/639/5359 5360/640/5360
f 5355/635/5355 5341/621/5341 5344/624/5344
f 5355/635/5355 5344/624/5344 5356/636/5356
f 5343/623/5343 5350/630/5350 5361/641/5361
f 5343/623/5343 5361/641/5361 5362/642/5362
f 5356/636/5356 5360/640/5360 5354/634/5354
f 5344/624/5344 5343/623/5343 5362/642/5362
f 5344/624/5344 5362/642/5362 5359/639/5359
f 5350/630/5350 5349/629/5349 5358/638/5358
f 5350/630/5350 5358/638/5358 5351/631/5351
f 5361/641/5361 5350/630/5350 5351/631/5351
f 5361/641/5361 5351/631/5351 5353/633/5353
f 5363/643/5363 5364/644/5364 5365/645/5365
f 5363/643/5363 5365/645/5365 5366/646/5366
f 5367/647/5367 5368/648/5368 5369/649/5369
f 5367/647/5367 5369/649/5369 5370/650/5370
f 5366/646/5366 5365/645/5365 5371/651/5371
f 5366/646/5366 5371/651/5371 5372/652/5372
f 5373/653/5373 5374/654/5374 5375/655/5375
f 5373/653/5373 5375/655/5375 5368/648/5368
f 5376/656/5376 5377/657/5377 5378/658/5378
f 5368/648/5368 5375/655/5375 5379/659/5379
f 5368/648/5368 5379/659/5379 5369/649/5369
f 5380/660/5380 5373/653/5373 5368/648/5368
f 5380/660/5380 5368/648/5368 5367/647/5367
f 5377/657/5377 5381/661/5381 5382/662/5382
f 5377/657/5377 5382/662/5382 5364/644/5364
f 5378/658/5378 5377/657/5377 5364/644/5364
f 5378/658/5378 5364/644/5364 5363/643/5363
f 5365/645/5365 5383/663/5383 5384/664/5384
f 5365/645/5365 5384/664/5384 5371/651/5371
f 5377/657/5377 5376/656/5376 5381/661/5381
f 5364/644/5364 5382/662/5382 5383/663/5383
f 5364/644/5364 5383/663/5383 5365/645/5365
f 5371/651/5371 5373/653/5373 5380/660/5380
f 5371/651/5371 5380/660/5380 5372/652/5372
f 5384/664/5384 5374/654/5374 5373/653/5373
f 5384/664/5384 5373/653/5373 5371/651/5371
f 5385/665/5385 5386/666/5386 5387/667/5387
f 5385/665/5385 5387/667/5387 5388/668/5388
f 5389/669/5389 5390/670/5390 5391/671/5391
f 5389/669/5389 5391/671/5391 5392/672/5392
f 5388/668/5388 5387/667/5387 5393/673/5393
f 5388/668/5388 5393/673/5393 5394/674/5394
f 5395/675/5395 5396/676/5396 5397/677/5397
f 5395/675/5395 5397/677/5397 5390/670/5390
f 5398/678/5398 5399/679/5399 5400/680/5400
f 5390/670/5390 5397/677/5397 5401/681/5401
f 5390/670/5390 5401/681/5401 5391/671/5391
f 5402/682/5402 5395/675/5395 5390/670/5390
f 5402/682/5402 5390/670/5390 5389/669/5389
f 5399/679/5399 5403/683/5403 5404/684/5404
f 5399/679/5399 5404/684/5404 5386/666/5386
f 5400/680/5400 5399/679/5399 5386/666/5386
f 5400/680/5400 5386/666/5386 5385/665/5385
f 5387/667/5387 5405/685/5405 5406/686/5406
f 5387/667/5387 5406/686/5406 5393/673/5393
f 5399/679/5399 5398/678/5398 5403/683/5403
f 5386/666/5386 5404/684/5404 5405/685/5405
f 5386/666/5386 5405/685/5405 5387/667/5387
f 5393/673/5393 5395/675/5395 5402/682/5402
f 5393/673/5393 5402/682/5402 5394/674/5394
f 5406/686/5406 5396/676/5396 5395/675/5395
f 5406/686/5406 5395/675/5395 5393/673/5393
f 5407/687/5407 5408/688/5408 5409/689/5409
f 5407/687/5407 5409/689/5409 5410/690/5410
f 5411/691/5411 5412/692/5412 5413/693/5413
f 5411/691/5411 5413/693/5413 5414/694/5414
f 5410/690/5410 5409/689/5409 5415/695/5415
f 5410/690/5410 5415/695/5415 5416/696/5416
f 5417/697/5417 5418/698/5418 5419/699/5419
f 5417/697/5417 5419/699/5419 5412/692/5412
f 5420/700/5420 5421/701/5421 5422/702/5422
f 5412/692/5412 5419/699/5419 5423/703/5423
f 5412/692/5412 5423/703/5423 5413/693/5413
f 5424/704/5424 5417/697/5417 5412/692/5412
f 5424/704/5424 5412/692/5412 5411/691/5411
f 5421/701/5421 5425/705/5425 5426/706/5426
f 5421/701/5421 5426/706/5426 5408/688/5408
f 5422/702/5422 5421/701/5421 5408/688/5408
f 5422/702/5422 5408/688/5408 5407/687/5407
f 5409/689/5409 5427/707/5427 5428/708/5428
f 5409/689/5409 5428/708/5428 5415/695/5415
f 5421/701/5421 5420/700/5420 5425/705/5425
f 5408/688/5408 5426/706/5426 5427/707/5427
f 5408/688/5408 5427/707/5427 5409/689/5409
f 5415/695/5415 5417/697/5417 5424/704/5424
f 5415/695/5415 5424/704/5424 5416/696/5416
f 5428/708/5428 5418/698/5418 5417/697/5417
f 5428/708/5428 5417/697/5417 5415/695/5415
f 5429/709/5429 5430/710/5430 5431/711/5431
f 5429/709/5429 5431/711/5431 5432/712/5432
f 5433/713/5433 5434/714/5434 5435/715/5435
f 5433/713/5433 5435/715/5435 5436/716/5436
f 5432/712/5432 5431/711/5431 5437/717/5437
f 5432/712/5432 5437/717/5437 5438/718/5438
f 5439/719/5439 5440/720/5440 5441/721/5441
f 5439/719/5439 5441/721/5441 5434/714/5434
f 5442/722/5442 5443/723/5443 5444/724/5444
f 5434/714/5434 5441/721/5441 5445/725/5445
f 5434/714/5434 5445/725/5445 5435/715/5435
f 5446/726/5446 5439/719/5439 5434/714/5434
f 5446/726/5446 5434/714/5434 5433/713/5433
f 5443/723/5443 5447/727/5447 5448/728/5448
f 5443/723/5443 5448/728/5448 5430/710/5430
f 5444/724/5444 5443/723/5443 5430/710/5430
f 5444/724/5444 5430/710/5430 5429/709/5429
f 5431/711/5431 5449/729/5449 5450/730/5450
f 5431/711/5431 5450/730/5450 5437/717/5437
f 5443/723/5443 5442/722/5442 5447/727/5447
f 5430/710/5430 5448/728/5448 5449/729/5449
f 5430/710/5430 5449/729/5449 5431/711/5431
f 5437/717/5437 5439/719/5439 5446/726/5446
f 5437/717/5437 5446/726/5446 5438/718/5438
f 5450/730/5450 5440/720/5440 5439/719/5439
f 5450/730/5450 5439/719/5439 5437/717/5437
f 5451/731/5451 5452/732/5452 5453/733/5453
f 5451/731/5451 5453/733/5453 5454/734/5454
f 5455/735/5455 5456/736/5456 5457/737/5457
f 5455/735/5455 5457/737/5457 5458/738/5458
f 5452/732/5452 5459/739/5459 5460/740/5460
f 5452/732/5452 5460/740/5460 5453/733/5453
f 5461/741/5461 5458/738/5458 5462/742/5462
f 5461/741/5461 5462/742/5462 5463/743/5463
f 5464/744/5464 5465/745/5465 5466/746/5466
f 5458/738/5458 5457/737/5457 5467/747/5467
f 5458/738/5458 5467/747/5467 5462/742/5462
f 5468/748/5468 5455/735/5455 5458/738/5458
f 5468/748/5468 5458/738/5458 5461/741/5461
f 5466/746/5466 5454/734/5454 5469/749/5469
f 5466/746/5466 5469/749/5469 5470/750/5470
f 5465/745/5465 5451/731/5451 5454/734/5454
f 5465/745/5465 5454/734/5454 5466/746/5466
f 5453/733/5453 5460/740/5460 5471/751/5471
f 5453/733/5453 5471/751/5471 5472/752/5472
f 5466/746/5466 5470/750/5470 5464/744/5464
f 5454/734/5454 5453/733/5453 5472/752/5472
f 5454/734/5454 5472/752/5472 5469/749/5469
f 5460/740/5460 5459/739/5459 5468/748/5468
f 5460/740/5460 5468/748/5468 5461/741/5461
f 5471/751/5471 5460/740/5460 5461/741/5461
f 5471/751/5471 5461/741/5461 5463/743/5463
f 5473/753/5473 5474/754/5474 5475/755/5475
f 5473/753/5473 5475/755/5475 5476/756/5476
f 5477/757/5477 5478/758/5478 5479/759/5479
f 5477/757/5477 5479/759/5479 5480/760/5480
f 5476/756/5476 5475/755/5475 5481/761/5481
f 5476/756/5476 5481/761/5481 5482/762/5482
f 5483/763/5483 5484/764/5484 5485/765/5485
f 5483/763/5483 5485/765/5485 5478/758/5478
f 5486/766/5486 5487/767/5487 5488/768/5488
f 5478/758/5478 5485/765/5485 5489/769/5489
f 5478/758/5478 5489/769/5489 5479/759/5479
f 5490/770/5490 5483/763/5483 5478/758/5478
f 5490/770/5490 5478/758/5478 5477/757/5477
f 5487/767/5487 5491/771/5491 5492/772/5492
f 5487/767/5487 5492/772/5492 5474/754/5474
f 5488/768/5488 5487/767/5487 5474/754/5474
f 5488/768/5488 5474/754/5474 5473/753/5473
f 5475/755/5475 5493/773/5493 5494/774/5494
f 5475/755/5475 5494/774/5494 5481/761/5481
f 5487/767/5487 5486/766/5486 5491/771/5491
f 5474/754/5474 5492/772/5492 5493/773/5493
f 5474/754/5474 5493/773/5493 5475/755/5475
f 5481/761/5481 5483/763/5483 5490/770/5490
f 5481/761/5481 5490/770/5490 5482/762/5482
f 5494/774/5494 5484/764/5484 5483/763/5483
f 5494/774/5494 5483/763/5483 5481/761/5481
f 5495/775/5495 5496/776/5496 5497/777/5497
f 5495/775/5495 5497/777/5497 5498/778/5498
f 5499/779/5499 5500/780/5500 5501/781/5501
f 5499/779/5499 5501/781/5501 5502/782/5502
f 5498/778/5498 5497/777/5497 5503/783/5503
f 5498/778/5498 5503/783/5503 5504/784/5504
f 5505/785/5505 5506/786/5506 5507/787/5507
f 5505/785/5505 5507/787/5507 5500/780/5500
f 5508/788/5508 5509/789/5509 5510/790/5510
f 5500/780/5500 5507/787/5507 5511/791/5511
f 5500/780/5500 5511/791/5511 5501/781/5501
f 5512/792/5512 5505/785/5505 5500/780/5500
f 5512/792/5512 5500/780/5500 5499/779/5499
f 5509/789/5509 5513/793/5513 5514/794/5514
f 5509/789/5509 5514/794/5514 5496/776/5496
f 5510/790/5510 5509/789/5509 5496/776/5496
f 5510/790/5510 5496/776/5496 5495/775/5495
f 5497/777/5497 5515/795/5515 5516/796/5516
f 5497/777/5497 5516/796/5516 5503/783/5503
f 5509/789/5509 5508/788/5508 5513/793/5513
f 5496/776/5496 5514/794/5514 5515/795/5515
f 5496/776/5496 5515/795/5515 5497/777/5497
f 5503/783/5503 5505/785/5505 5512/792/5512
f 5503/783/5503 5512/792/5512 5504/784/5504
f 5516/796/5516 5506/786/5506 5505/785/5505
f 5516/796/5516 5505/785/5505 5503/783/5503
f 5517/797/5517 5518/798/5518 5519/799/5519
f 5517/797/5517 5519/799/5519 5520/800/5520
f 5521/801/5521 5522/802/5522 5523/803/5523
f 5521/801/5521 5523/803/5523 5524/804/5524
f 5520/800/5520 5519/799/5519 5525/805/5525
f 5520/800/5520 5525/805/5525 5526/806/5526
f 5527/807/5527 5528/808/5528 5529/809/5529
f 5527/807/5527 5529/809/5529 5522/802/5522
f 5530/810/5530 5531/811/5531 5532/812/5532
f 5522/802/5522 5529/809/5529 5533/813/5533
f 5522/802/5522 5533/813/5533 5523/803/5523
f 5534/814/5534 5527/807/5527 5522/802/5522
f 5534/814/5534 5522/802/5522 5521/801/5521
f 5531/811/5531 5535/815/5535 5536/816/5536
f 5531/811/5531 5536/816/5536 5518/798/5518
f 5532/812/5532 5531/811/5531 5518/798/5518
f 5532/812/5532 5518/798/5518 5517/797/5517
f 5519/799/5519 5537/817/5537 5538/818/5538
f 5519/799/5519 5538/818/5538 5525/805/5525
f 5531/811/5531 5530/810/5530 5535/815/5535
f 5518/798/5518 5536/816/5536 5537/817/5537
f 5518/798/5518 5537/817/5537 5519/799/5519
f 5525/805/5525 5527/807/5527 5534/814/5534
f 5525/805/5525 5534/814/5534 5526/806/5526
f 5538/818/5538 5528/808/5528 5527/807/5527
f 5538/818/5538 5527/807/5527 5525/805/5525
f 5539/819/5539 5540/820/5540 5541/821/5541
f 5539/819/5539 5541/821/5541 5542/822/5542
f 5543/823/5543 5544/824/5544 5545/825/5545
f 5543/823/5543 5545/825/5545 5546/826/5546
f 5542/822/5542 5541/821/5541 5547/827/5547
f 5542/822/5542 5547/827/5547 5548/828/5548
f 5549/829/5549 5550/830/5550 5551/831/5551
f 5549/829/5549 5551/831/5551 5544/824/5544
f 5552/832/5552 5553/833/5553 5554/834/5554
f 5544/824/5544 5551/831/5551 5555/835/5555
f 5544/824/5544 5555/835/5555 5545/825/5545
f 5556/836/5556 5549/829/5549 5544/824/5544
f 5556/836/5556 5544/824/5544 5543/823/5543
f 5553/833/5553 5557/837/5557 5558/838/5558
f 5553/833/5553 5558/838/5558 5540/820/5540
f 5554/834/5554 5553/833/5553 5540/820/5540
f 5554/834/5554 5540/820/5540 5539/819/5539
f 5541/821/5541 5559/839/5559 5560/840/5560
f 5541/821/5541 5560/840/5560 5547/827/5547
f 5553/833/5553 5552/832/5552 5557/837/5557
f 5540/820/5540 5558/838/5558 5559/839/5559
f 5540/820/5540 5559/839/5559 5541/821/5541
f 5547/827/5547 5549/829/5549 5556/836/5556
f 5547/827/5547 5556/836/5556 5548/828/5548
f 5560/840/5560 5550/830/5550 5549/829/5549
f 5560/840/5560 5549/829/5549 5547/827/5547
f 5561/841/5561 5562/842/5562 5563/843/5563
f 5561/841/5561 5563/843/5563 5564/844/5564
f 5565/845/5565 5566/846/5566 5567/847/5567
f 5565/845/5565 5567/847/5567 5568/848/5568
f 5562/842/5562 5569/849/5569 5570/850/5570
f 5562/842/5562 5570/850/5570 5563/843/5563
f 5571/851/5571 5568/848/5568 5572/852/5572
f 5571/851/5571 5572/852/5572 5573/853/5573
f 5574/854/5574 5575/855/5575 5576/856/5576
f 5568/848/5568 5567/847/5567 5577/857/5577
f 5568/848/5568 5577/857/5577 5572/852/5572
f 5578/858/5578 5565/845/5565 5568/848/5568
f 5578/858/5578 5568/848/5568 5571/851/5571
f 5576/856/5576 5564/844/5564 5579/859/5579
f 5576/856/5576 5579/859/5579 5580/860/5580
f 5575/855/5575 5561/841/5561 5564/844/5564
f 5575/855/5575 5564/844/5564 5576/856/5576
f 5563/843/5563 5570/850/5570 5581/861/5581
f 5563/843/5563 5581/861/5581 5582/862/5582
f 5576/856/5576 5580/860/5580 5574/854/5574
f 5564/844/5564 5563/843/5563 5582/862/5582
f 5564/844/5564 5582/862/5582 5579/859/5579
f 5570/850/5570 5569/849/5569 5578/858/5578
f 5570/850/5570 5578/858/5578 5571/851/5571
f 5581/861/5581 5570/850/5570 5571/851/5571
f 5581/861/5581 5571/851/5571 5573/853/5573
f 5583/863/5583 5584/864/5584 5585/865/5585
f 5583/863/5583 5585/865/5585 5586/866/5586
f 5587/867/5587 5588/868/5588 5589/869/5589
f 5587/867/5587 5589/869/5589 5590/870/5590
f 5586/866/5586 5585/865/5585 5591/871/5591
f 5586/866/5586 5591/871/5591 5592/872/5592
f 5593/873/5593 5594/874/5594 5595/875/5595
f 5593/873/5593 5595/875/5595 5588/868/5588
f 5596/876/5596 5597/877/5597 5598/878/5598
f 5588/868/5588 5595/875/5595 5599/879/5599
f 5588/868/5588 5599/879/5599 5589/869/5589
f 5600/880/5600 5593/873/5593 5588/868/5588
f 5600/880/5600 5588/868/5588 5587/867/5587
f 5597/877/5597 5601/881/5601 5602/882/5602
f 5597/877/5597 5602/882/5602 5584/864/5584
f 5598/878/5598 5597/877/5597 5584/864/5584
f 5598/878/5598 5584/864/5584 5583/863/5583
f 5585/865/5585 5603/883/5603 5604/884/5604
f 5585/865/5585 5604/884/5604 5591/871/5591
f 5597/877/5597 5596/876/5596 5601/881/5601
f 5584/864/5584 5602/882/5602 5603/883/5603
f 5584/864/5584 5603/883/5603 5585/865/5585
f 5591/871/5591 5593/873/5593 5600/880/5600
f 5591/871/5591 5600/880/5600 5592/872/5592
f 5604/884/5604 5594/874/5594 5593/873/5593
f 5604/884/5604 5593/873/5593 5591/871/5591
f 5605/885/5605 5606/886/5606 5607/887/5607
f 5605/885/5605 5607/887/5607 5608/888/5608
f 5609/889/5609 5610/890/5610 5611/891/5611
f 5609/889/5609 5611/891/5611 5612/892/5612
f 5608/888/5608 5607/887/5607 5613/893/5613
f 5608/888/5608 5613/893/5613 5614/894/5614
f 5615/895/5615 5616/896/5616 5617/897/5617
f 5615/895/5615 5617/897/5617 5610/890/5610
f 5618/898/5618 5619/899/5619 5620/900/5620
f 5610/890/5610 5617/897/5617 5621/901/5621
f 5610/890/5610 5621/901/5621 5611/891/5611
f 5622/902/5622 5615/895/5615 5610/890/5610
f 5622/902/5622 5610/890/5610 5609/889/5609
f 5619/899/5619 5623/903/5623 5624/904/5624
f 5619/899/5619 5624/904/5624 5606/886/5606
f 5620/900/5620 5619/899/5619 5606/886/5606
f 5620/900/5620 5606/886/5606 5605/885/5605
f 5607/887/5607 5625/905/5625 5626/906/5626
f 5607/887/5607 5626/906/5626 5613/893/5613
f 5619/899/5619 5618/898/5618 5623/903/5623
f 5606/886/5606 5624/904/5624 5625/905/5625
f 5606/886/5606 5625/905/5625 5607/887/5607
f 5613/893/5613 5615/895/5615 5622/902/5622
f 5613/893/5613 5622/902/5622 5614/894/5614
f 5626/906/5626 5616/896/5616 5615/895/5615
f 5626/906/5626 5615/895/5615 5613/893/5613
f 5627/907/5627 5628/908/5628 5629/909/5629
f 5627/907/5627 5629/909/5629 5630/910/5630
f 5631/911/5631 5632/912/5632 5633/913/5633
f 5631/911/5631 5633/913/5633 5634/914/5634
f 5630/910/5630 5629/909/5629 5635/915/5635
f 5630/910/5630 5635/915/5635 5636/916/5636
f 5637/917/5637 5638/918/5638 5639/919/5639
f 5637/917/5637 5639/919/5639 5632/912/5632
f 5640/920/5640 5641/921/5641 5642/922/5642
f 5632/912/5632 5639/919/5639 5643/923/5643
f 5632/912/5632 5643/923/5643 5633/913/5633
f 5644/924/5644 5637/917/5637 5632/912/5632
f 5644/924/5644 5632/912/5632 5631/911/5631
f 5641/921/5641 5645/925/5645 5646/926/5646
f 5641/921/5641 5646/926/5646 5628/908/5628
f 5642/922/5642 5641/921/5641 5628/908/5628
f 5642/922/5642 5628/908/5628 5627/907/5627
f 5629/909/5629 5647/927/5647 5648/928/5648
f 5629/909/5629 5648/928/5648 5635/915/5635
f 5641/921/5641 5640/920/5640 5645/925/5645
f 5628/908/5628 5646/926/5646 5647/927/5647
f 5628/908/5628 5647/927/5647 5629/909/5629
f 5635/915/5635 5637/917/5637 5644/924/5644
f 5635/915/5635 5644/924/5644 5636/916/5636
f 5648/928/5648 5638/918/5638 5637/917/5637
f 5648/928/5648 5637/917/5637 5635/915/5635
f 5649/929/5649 5650/930/5650 5651/931/5651
f 5649/929/5649 5651/931/5651 5652/932/5652
f 5653/933/5653 5654/934/5654 5655/935/5655
f 5653/933/5653 5655/935/5655 5656/936/5656
f 5652/932/5652 5651/931/5651 5657/937/5657
f 5652/932/5652 5657/937/5657 5658/938/5658
f 5659/939/5659 5660/940/5660 5661/941/5661
f 5659/939/5659 5661/941/5661 5654/934/5654
f 5662/942/5662 5663/943/5663 5664/944/5664
f 5654/934/5654 5661/941/5661 5665/945/5665
f 5654/934/5654 5665/945/5665 5655/935/5655
f 5666/946/5666 5659/939/5659 5654/934/5654
f 5666/946/5666 5654/934/5654 5653/933/5653
f 5663/943/5663 5667/947/5667 5668/948/5668
f 5663/943/5663 5668/948/5668 5650/930/5650
f 5664/944/5664 5663/943/5663 5650/930/5650
f 5664/944/5664 5650/930/5650 5649/929/5649
f 5651/931/5651 5669/949/5669 5670/950/5670
f 5651/931/5651 5670/950/5670 5657/937/5657
f 5663/943/5663 5662/942/5662 5667/947/5667
f 5650/930/5650 5668/948/5668 5669/949/5669
f 5650/930/5650 5669/949/5669 5651/931/5651
f 5657/937/5657 5659/939/5659 5666/946/5666
f 5657/937/5657 5666/946/5666 5658/938/5658
f 5670/950/5670 5660/940/5660 5659/939/5659
f 5670/950/5670 5659/939/5659 5657/937/5657
f 5671/951/5671 5672/952/5672 5673/953/5673
f 5671/951/5671 5673/953/5673 5674/954/5674
f 5675/955/5675 5676/956/5676 5677/957/5677
f 5675/955/5675 5677/957/5677 5678/958/5678
f 5672/952/5672 5679/959/5679 5680/960/5680
f 5672/952/5672 5680/960/5680 5673/953/5673
f 5681/961/5681 5678/958/5678 5682/962/5682
f 5681/961/5681 5682/962/5682 5683/963/5683
f 5684/964/5684 5685/965/5685 5686/966/5686
f 5678/958/5678 5677/957/5677 5687/967/5687
f 5678/958/5678 5687/967/5687 5682/962/5682
f 5688/968/5688 5675/955/5675 5678/958/5678
f 5688/968/5688 5678/958/5678 5681/961/5681
f 5686/966/5686 5674/954/5674 5689/969/5689
f 5686/966/5686 5689/969/5689 5690/970/5690
f 5685/965/5685 5671/951/5671 5674/954/5674
f 5685/965/5685 5674/954/5674 5686/966/5686
f 5673/953/5673 5680/960/5680 5691/971/5691
f 5673/953/5673 5691/971/5691 5692/972/5692
f 5686/966/5686 5690/970/5690 5684/964/5684
f 5674/954/5674 5673/953/5673 5692/972/5692
f 5674/954/5674 5692/972/5692 5689/969/5689
f 5680/960/5680 5679/959/5679 5688/968/5688
f 5680/960/5680 5688/968/5688 5681/961/5681
f 5691/971/5691 5680/960/5680 5681/961/5681
f 5691/971/5691 5681/961/5681 5683/963/5683
