# Redwood_B -- composed by tools/bake-assets.mjs from the CC0 packs in vendor/.
# Geometry is theirs; the arrangement is ours. Do not edit by hand.
mtllib Redwood_B.mtl
o Redwood_B
v -206.17730 0.00243 884.36768
v -3.02981 0.20006 620.60729
v -176.79062 0.20136 174.91482
v -456.21408 0.00286 237.37188
v 281.79322 0.37985 630.96823
v 113.02195 0.38140 203.40845
v 282.11215 0.38037 -224.24783
v -2.29544 0.20030 -270.37898
v -205.82888 0.00249 -407.56103
v 441.69328 0.19734 -446.98076
v 444.11273 0.00149 -671.08276
v 707.62407 0.37724 -390.89153
v 1130.54261 0.37393 -220.92847
v 887.11298 0.19429 -272.33871
v 1109.69295 0.00047 -420.44625
v 706.96104 0.37651 797.24263
v 802.70636 0.52880 823.00440
v 404.58861 0.53082 665.91594
v 1129.74949 0.37343 627.40967
v 1200.48000 0.52734 664.99693
v 1176.77448 0.64081 700.16705
v 807.46090 0.64110 846.68475
v 438.65508 0.64151 700.00339
v 1063.30351 0.19295 174.88964
v 1377.03722 0.00000 243.14117
v 1295.70078 0.37241 203.36229
v 887.36477 0.19403 622.48728
v 1110.40737 0.00041 905.41201
v 441.37855 0.19699 797.66647
v 444.38367 0.00141 1152.45085
v 1322.34379 0.64082 330.97936
v 1289.69571 0.65898 358.91487
v 1152.78779 0.65910 709.22710
v 1177.96206 0.64109 -38.06145
v 1153.96698 0.65923 8.41800
v 1122.89675 0.67406 24.00347
v 1253.17015 0.67380 362.18388
v 1122.67014 0.67404 700.35589
v 804.33037 0.53064 -289.29641
v 1201.59625 0.52862 -130.69304
v 405.27683 0.53213 -132.36741
v 438.86490 0.64179 -39.51341
v 809.29053 0.64150 -185.98495
v 247.07631 0.53214 266.92534
v 293.19907 0.64179 330.66463
v 1357.63561 0.52729 267.11837
v 1211.97817 0.68770 361.99923
v 1089.53108 0.68791 686.07970
v 1089.55207 0.68792 37.91877
v 651.81600 0.71894 59.60583
v 765.86607 0.71879 361.98245
v 651.68591 0.71894 664.24157
v 316.77031 0.66039 358.68407
v 453.35092 0.66025 7.25560
v 453.87127 0.66013 709.16835
v 449.93504 0.67542 699.87330
v 319.70780 0.67569 362.12093
v 449.73780 0.67544 24.09999
v 803.23091 0.65958 849.05153
v 786.08438 0.67473 836.02587
v 804.32198 0.65976 -133.02205
v 786.31518 0.67475 -112.14910
v 35.94226 0.71983 659.36534
v 344.03859 0.71936 782.14395
v 269.32988 0.75525 734.77485
v 5.24551 0.75596 628.74832
v 535.68870 0.75455 631.03537
v 610.85902 0.80417 583.89288
v 391.89447 0.80487 669.08423
v 173.81536 0.80558 583.03262
v 314.92809 0.68905 361.99504
v 440.49731 0.68891 34.01611
v 440.61061 0.68891 689.83968
v -78.59459 0.72002 361.98245
v 35.78700 0.71983 64.44009
v 766.56267 0.68845 820.35227
v 766.59624 0.68845 -96.48389
v 344.05118 0.71936 -58.43503
v 695.19850 0.80390 361.97825
v 760.29743 0.86705 361.97825
v 694.76627 0.86728 537.34629
v 610.92616 0.80417 140.00068
v 694.77466 0.86728 186.60183
v 718.87885 0.92801 217.34893
v 772.64747 0.92781 361.97825
v 718.88304 0.92801 506.61177
v 269.32988 0.75525 -11.04915
v 535.80620 0.75455 92.80364
v 5.12382 0.75596 95.09068
v 173.74402 0.80558 140.85675
v 391.89447 0.80487 54.74219
v 639.68417 0.75429 361.97825
v -96.53844 0.75623 361.97825
v 90.26901 0.80584 361.97825
v 434.27823 0.92903 217.21465
v 380.37952 0.92922 361.97825
v 356.54390 0.97104 361.97825
v 398.16391 0.97057 253.37093
v 434.27823 0.92903 506.74605
v 398.16391 0.97057 470.58558
v 344.65547 0.98959 435.73018
v 311.46605 0.99302 361.97825
v 344.65547 0.98959 288.22632
v 284.53348 0.86874 361.97825
v 349.91357 0.86851 186.76129
v 349.92196 0.86851 537.18263
v 522.25179 0.86790 604.11958
v 576.58273 0.92852 561.74003
v 522.25599 0.86790 119.81594
v 576.58273 0.92852 162.21648
v 354.88212 1.00000 361.97825
v 397.53864 0.99275 274.78522
v 397.53864 0.99275 449.17129
v 489.67925 0.98911 435.44483
v 482.74258 0.99248 361.97825
v 489.67925 0.98911 288.51168
v 502.80562 0.97053 510.95925
v 611.57241 0.96983 470.28763
v 502.80562 0.97053 213.00145
v 611.56822 0.96983 253.67307
v 648.99181 0.97002 361.97825
v -2831.12995 0.70613 374.03454
v -2775.85901 0.70667 207.81888
v -3459.70202 0.72509 207.81469
v -3515.03171 0.72463 368.25189
v -2831.12995 0.70613 41.59903
v -3515.03171 0.72463 47.38168
v -4222.74810 0.74373 54.00362
v -4169.41591 0.74417 207.81888
v -4222.74810 0.74373 361.62995
v -5418.19661 0.75911 75.91308
v -5463.92910 0.75874 207.81888
v -6271.11723 0.76778 207.81469
v -6222.60671 0.76795 104.04582
v -5418.19661 0.75911 339.72049
v -6222.60671 0.76795 311.58774
v -6834.31341 0.77452 277.82761
v -6978.77487 0.77573 207.81888
v -6834.31341 0.77452 137.80595
v -3125.89848 0.70326 41.59903
v -3181.16941 0.70272 207.81469
v -3865.46983 0.72170 207.81469
v -3810.13595 0.72217 47.38168
v -3125.89848 0.70326 374.03454
v -3810.13595 0.72217 368.25189
v -4507.17667 0.74141 361.62995
v -4560.50886 0.74098 207.81888
v -4507.17667 0.74141 54.00362
v -2978.51211 0.70469 436.36384
v -3662.58593 0.72340 428.41584
v -4364.96448 0.74257 419.30963
v -2978.51211 0.70469 -20.73447
v -3662.58593 0.72340 -12.78227
v -4364.96448 0.74257 -3.67606
v -7184.06752 0.77906 207.81888
v -6903.34857 0.77634 126.23645
v -6903.34857 0.77634 289.39712
v -6704.84992 0.77557 277.82761
v -6827.91808 0.77695 207.81469
v -6704.84992 0.77557 137.80595
v -5296.24050 0.76010 389.18359
v -6139.84509 0.76885 349.79187
v -5174.28019 0.76110 339.72049
v -6030.71321 0.76951 311.58774
v -5174.28439 0.76110 75.91308
v -5296.24050 0.76010 26.44998
v -6139.84928 0.76885 65.84170
v -6030.70902 0.76951 104.04582
v -5128.54770 0.76147 207.81888
v -6008.57714 0.76992 207.81888
v 1023.37466 0.64502 15.66940
v 872.06045 0.64170 -56.38298
v -782.72305 0.66629 -43.03000
v -634.30018 0.66921 25.37990
v 727.20033 0.63351 15.66940
v -931.14593 0.66337 25.37990
v -2128.02541 0.68263 33.08451
v -1992.60302 0.68502 -32.44246
v -1857.18062 0.68741 33.08451
v 747.69141 0.63542 399.95997
v 872.05626 0.64170 472.01655
v -782.72305 0.66629 458.66357
v -918.44339 0.66363 390.24948
v 1001.63305 0.64454 399.95997
v -647.00271 0.66895 390.24948
v -1861.24695 0.68733 382.54906
v -1992.60302 0.68502 448.07603
v -2123.95909 0.68271 382.54906
v 688.79897 0.62979 207.81469
v -978.07020 0.66245 207.81469
v -2176.01138 0.68179 207.81469
v 1067.02153 0.64595 207.81469
v -587.37590 0.67013 207.81469
v -1809.19466 0.68825 207.81469
v -2572.19038 0.69469 -26.14364
v -2433.09613 0.69654 37.66279
v -2711.28463 0.69283 37.66279
v -2572.19038 0.69469 441.77721
v -2710.77687 0.69284 377.96658
v -2433.60389 0.69653 377.96658
v -2763.09353 0.69214 207.81469
v -2381.28723 0.69723 207.81469
v -4614.79784 0.75477 207.81888
v -4665.59959 0.75436 354.33659
v -4665.59959 0.75436 61.29698
v -4801.07234 0.75326 6.34917
v -4936.54509 0.75215 61.29698
v -4801.06815 0.75326 409.28020
v -4936.54509 0.75215 354.33659
v -4987.34685 0.75174 207.81469
v -2765.00709 0.73050 -1483.53215
v -2913.72372 0.73390 -1581.17845
v -2923.42582 0.73232 -1685.79079
v -2776.87455 0.72890 -1592.97876
v -3079.64983 0.73773 -1690.79291
v -3088.70149 0.73621 -1790.93607
v -3043.09908 0.73603 -1908.66220
v -2875.59932 0.73213 -1808.43091
v -2725.51047 0.72866 -1718.97601
v -3160.85458 0.75038 -2250.72009
v -3310.03701 0.76256 -2600.13848
v -3308.48434 0.76388 -2544.59898
v -3154.00604 0.75173 -2167.12338
v -3420.30611 0.77190 -2860.62652
v -3444.17530 0.77454 -2879.70761
v -3443.22691 0.77296 -2772.13680
v -3340.28894 0.76396 -2462.65145
v -3194.29159 0.75194 -2067.44602
v -2556.89446 0.73230 -1763.12646
v -2722.18691 0.73583 -1856.51759
v -2712.48481 0.73742 -1751.90525
v -2545.02701 0.73390 -1653.68405
v -2897.35352 0.73961 -1955.54031
v -2888.30186 0.74113 -1855.39715
v -2933.90426 0.74131 -1737.67102
v -2760.31131 0.73761 -1629.26513
v -2596.39109 0.73413 -1527.68679
v -2844.16400 0.73609 -1562.61353
v -2688.10785 0.73266 -1461.46322
v -3013.62768 0.73984 -1673.38200
v -2791.74663 0.73365 -1875.08671
v -2633.79790 0.73014 -1785.19538
v -2963.37146 0.73750 -1972.95122
v -3470.37350 0.77301 -2912.67042
v -3522.47614 0.77782 -2988.41984
v -3488.74539 0.77037 -2831.23066
v -3524.25542 0.77277 -2844.19338
v -3511.66199 0.77143 -2742.74513
v -3498.06142 0.77430 -2811.23057
v -3397.84692 0.76326 -2424.04867
v -3263.40229 0.75071 -2011.63374
v -3440.48665 0.76163 -2423.85563
v -3319.97411 0.74890 -2024.55449
v -3286.53711 0.74735 -2207.83276
v -3410.23472 0.76023 -2561.33846
v -3356.27307 0.76132 -2611.82968
v -3217.42641 0.74857 -2263.64084
v -3445.63565 0.76070 -2491.27937
v -3326.82265 0.74755 -2108.15121
v -1444.40481 0.67146 122.04423
v -2007.58840 0.69741 -724.90909
v -1878.82571 0.69845 -780.91859
v -1308.49144 0.67256 63.41197
v -2429.79355 0.71685 -1356.38928
v -2310.93859 0.71793 -1412.78905
v -2207.38794 0.71972 -1376.09982
v -1765.48064 0.70021 -739.16010
v -1188.08800 0.67438 108.50661
v -1229.45203 0.67630 385.11307
v -1806.59708 0.70212 -478.43287
v -1935.35977 0.70108 -422.42336
v -1365.36960 0.67520 443.74533
v -2248.19385 0.72162 -1127.85691
v -2367.04881 0.72054 -1071.45714
v -2470.59946 0.71874 -1108.14636
v -2048.70484 0.69933 -464.18185
v -1485.77304 0.67338 398.65069
v -1740.64628 0.70169 -611.46750
v -1160.71061 0.67589 244.27311
v -2186.09116 0.72121 -1255.67540
v -2073.53920 0.69785 -591.87446
v -1513.15042 0.67187 262.88419
v -2491.89625 0.71726 -1228.57078
v -2624.81338 0.72556 -1632.91601
v -2519.88211 0.72683 -1694.22558
v -2430.08311 0.72881 -1665.11927
v -2470.42321 0.73069 -1424.01445
v -2575.35448 0.72941 -1362.70068
v -2665.15768 0.72743 -1391.80699
v -2413.74228 0.73036 -1550.60340
v -2681.49431 0.72588 -1506.32286
v -3207.16618 0.74156 -1801.24666
v -3215.67231 0.74011 -1896.36252
v -3172.08418 0.73993 -2008.34376
v -3096.04940 0.74133 -2069.67431
v -3033.16198 0.74334 -2053.33768
v -3068.24398 0.74497 -1846.24058
v -3144.28295 0.74357 -1784.91422
v -3024.65585 0.74479 -1958.22602
v -2050.75689 0.71038 -845.88324
v -1997.73103 0.70941 -945.27524
v -1918.81752 0.71730 -1056.11086
v -1970.92436 0.71825 -958.43939
v -2022.55700 0.70907 -1064.26869
v -1943.21545 0.71697 -1173.04806
v -1880.95330 0.72362 -1264.50885
v -1857.09670 0.72395 -1150.14825
v -1908.05372 0.72488 -1054.62533
v -2112.30146 0.73791 -1498.00557
v -2156.46449 0.73871 -1415.22716
v -2312.73466 0.75100 -1623.86435
v -2275.37401 0.75018 -1685.78240
v -2135.78458 0.73900 -1316.12051
v -2293.85080 0.75104 -1542.68477
v -2416.93155 0.76007 -1722.88287
v -2449.57124 0.76177 -1806.80271
v -2404.46401 0.75949 -1819.42551
v -2230.15348 0.71073 -1116.55178
v -2283.17513 0.71170 -1017.15977
v -2199.32664 0.71955 -1126.75325
v -2147.21980 0.71860 -1224.42473
v -2258.35336 0.71204 -898.16633
v -2174.92870 0.71989 -1009.81605
v -2107.56791 0.72648 -1104.87316
v -2131.42450 0.72615 -1219.23377
v -2080.46748 0.72522 -1314.75248
v -2159.84260 0.71146 -831.07830
v -2078.12169 0.71931 -943.89043
v -2012.89267 0.72592 -1040.39530
v -2121.06776 0.70965 -1131.35672
v -2040.02247 0.71754 -1238.97369
v -1975.62853 0.72418 -1328.98252
v -2461.76601 0.76541 -1864.13827
v -2388.83658 0.76101 -1849.58512
v -2403.36455 0.76168 -1737.08772
v -2325.15603 0.75933 -1699.76904
v -2342.62989 0.76092 -1779.87014
v -2312.69269 0.75875 -1796.31587
v -2053.73634 0.73851 -1260.24110
v -2232.32302 0.75084 -1502.54190
v -1962.88403 0.73762 -1272.57435
v -2157.81993 0.74995 -1508.42526
v -1939.39672 0.73653 -1454.46361
v -2021.44495 0.73701 -1510.33883
v -2207.04384 0.74967 -1698.31708
v -2139.34313 0.74909 -1651.52289
v -1918.72100 0.73681 -1355.35696
v -2126.62801 0.74951 -1576.99463
v -1837.84776 0.72915 -1227.42097
v -1886.83666 0.73005 -1135.59509
v -1860.78534 0.72884 -1337.36275
v -1951.79711 0.72938 -1399.34794
v -2052.58233 0.73037 -1385.66764
v -1987.62188 0.73104 -1121.91479
v -2078.63784 0.73158 -1183.89998
v -2101.57543 0.73126 -1293.83757
v -2959.46460 0.73641 -1732.41712
v -3263.57015 0.73918 -1569.66350
v -3314.21663 0.73890 -1643.42802
v -3009.11654 0.73614 -1804.73807
v -3500.41141 0.74143 -1440.91340
v -3551.54049 0.74115 -1515.38291
v -3581.79661 0.74207 -1587.95985
v -3344.18741 0.73982 -1715.32094
v -3038.49562 0.73704 -1875.21680
v -3738.97740 0.74990 -1368.09307
v -3842.14617 0.75531 -1138.01222
v -3807.50899 0.75559 -1081.66701
v -3693.07705 0.75014 -1301.23165
v -3915.62114 0.75939 -952.91271
v -3909.54893 0.76031 -882.29550
v -3876.58193 0.75908 -882.37523
v -3784.34061 0.75485 -1033.56774
v -3665.91368 0.74932 -1236.07397
v -2984.44164 0.74015 -1870.30700
v -3289.05076 0.74299 -1710.31462
v -3238.40427 0.74326 -1636.55010
v -2934.78970 0.74042 -1797.99024
v -3526.13541 0.74527 -1582.90737
v -3475.00633 0.74555 -1508.43785
v -3444.75021 0.74463 -1435.86092
v -3208.43350 0.74235 -1564.65718
v -2905.40643 0.73952 -1727.51151
v -3220.88844 0.74064 -1539.84799
v -2917.61799 0.73785 -1703.19331
v -3457.32266 0.74290 -1410.81673
v -3331.73246 0.74152 -1740.13012
v -3026.28826 0.73871 -1899.53501
v -3569.22416 0.74379 -1613.00403
v -3947.84958 0.75959 -924.80515
v -3957.95454 0.76139 -809.94937
v -3942.32291 0.75785 -955.33824
v -3940.66113 0.75852 -885.11969
v -3903.28369 0.75754 -884.80076
v -3902.35629 0.75923 -842.61004
v -3795.01208 0.75372 -1012.67381
v -3677.20203 0.74777 -1213.58959
v -3823.87500 0.75258 -1037.15987
v -3715.88455 0.74644 -1240.61029
v -3788.95246 0.74702 -1372.62939
v -3881.68057 0.75303 -1141.60016
v -3874.09765 0.75435 -1155.56581
v -3777.66412 0.74857 -1395.11376
v -3861.60074 0.75248 -1086.57261
v -3761.78909 0.74619 -1307.47171
v -3629.29999 0.74315 -1357.57267
v -3679.56041 0.74288 -1430.77906
v -3709.30457 0.74379 -1502.12225
v -3696.94195 0.74548 -1526.74260
v -3654.58337 0.74693 -1497.15370
v -3574.58298 0.74630 -1352.60412
v -3586.94141 0.74461 -1327.98377
v -3604.32295 0.74721 -1423.94731
v -3177.09050 0.71641 242.97642
v -3263.93523 0.71718 142.82486
v -3682.72450 0.71815 685.38729
v -3595.48531 0.71732 779.38690
v -3365.67303 0.71611 66.64321
v -3785.93944 0.71719 613.45240
v -4125.73966 0.71793 1055.69542
v -4022.39463 0.71881 1123.87451
v -3935.67160 0.71794 1212.52371
v -4666.23325 0.71086 1755.01899
v -4592.09945 0.71013 1832.39662
v -5042.60520 0.70497 2386.36909
v -5091.05696 0.70554 2313.38090
v -4503.89927 0.71091 1891.70870
v -4970.85076 0.70575 2426.71339
v -5330.50840 0.70171 2821.53276
v -5440.50054 0.70046 2870.84898
v -5406.82853 0.70147 2741.38969
v -3405.38787 0.71120 130.56295
v -3318.53894 0.71043 230.71870
v -3741.30221 0.71155 766.28990
v -3828.54141 0.71238 672.29029
v -3216.80114 0.71150 306.90035
v -3638.09147 0.71252 838.22479
v -3979.99409 0.71327 1267.11482
v -4083.33492 0.71238 1198.93573
v -4170.05796 0.71325 1110.28653
v -3161.58476 0.71401 307.99981
v -3581.07903 0.71494 839.92014
v -3922.19692 0.71561 1269.22562
v -3420.88941 0.71360 65.53955
v -3842.95188 0.71476 611.75705
v -4183.53683 0.71559 1053.58462
v -5581.42023 0.69969 3033.58582
v -5475.80075 0.70153 2804.97372
v -5388.74200 0.70186 2899.80842
v -5315.56917 0.70384 2790.71431
v -5424.03801 0.70294 2833.93315
v -5391.88931 0.70360 2710.56705
v -4454.70055 0.71294 1893.24039
v -4943.04534 0.70728 2435.26567
v -4466.38336 0.71495 1843.51711
v -4945.13095 0.70891 2384.79963
v -4628.71733 0.71490 1706.82740
v -4677.91187 0.71287 1705.29151
v -5107.15440 0.70699 2279.93970
v -5065.33296 0.70871 2271.46715
v -4540.51716 0.71568 1766.13528
v -5007.59454 0.70930 2328.83629
v -4252.90351 0.71857 1415.93636
v -4169.16412 0.71771 1500.06601
v -4352.93757 0.71774 1351.13537
v -4409.11073 0.71550 1348.98261
v -4396.37043 0.71325 1402.67989
v -4156.42382 0.71546 1553.76749
v -4212.60118 0.71322 1551.61473
v -4405.08637 0.71705 1775.95489
v -4456.02661 0.71738 1693.26460
v -4523.30348 0.72029 1823.40371
v -4482.01079 0.72014 1908.16283
v -4544.23938 0.71695 1654.48556
v -4603.86619 0.71977 1781.31370
v -4680.71087 0.72286 1912.27111
v -4608.84313 0.72350 1958.26798
v -4576.56014 0.72350 2043.66076
v -5125.95012 0.72620 2254.14856
v -5101.54799 0.72626 2329.20137
v -5522.55716 0.72979 2577.04983
v -5535.27229 0.72969 2514.13303
v -5042.42055 0.72687 2371.28718
v -5469.55649 0.73023 2606.29042
v -5797.19131 0.73266 2779.92114
v -5891.70289 0.73290 2794.31903
v -5841.52640 0.73230 2717.74291
v -4643.63138 0.71494 1771.57803
v -4592.69114 0.71461 1854.26412
v -4667.29494 0.71782 1979.86271
v -4708.58763 0.71797 1895.10359
v -4504.47838 0.71504 1893.04316
v -4586.73224 0.71834 2021.95272
v -4682.12926 0.72179 2148.73050
v -4753.99700 0.72115 2102.73364
v -4786.27999 0.72115 2017.34086
v -4428.69119 0.71607 1857.27295
v -4511.52415 0.71931 1988.84303
v -4609.81670 0.72277 2120.83276
v -4620.02657 0.71593 1690.25577
v -4679.07427 0.71880 1814.42339
v -4753.02343 0.72188 1940.16886
v -6006.36144 0.73435 2854.49976
v -5888.89549 0.73314 2730.90705
v -5837.23347 0.73356 2803.35810
v -5748.03455 0.73345 2733.25704
v -5834.42607 0.73381 2739.94612
v -5792.36963 0.73309 2671.08301
v -4980.45215 0.72774 2349.29799
v -5427.76443 0.73095 2592.77798
v -4949.80995 0.72835 2283.38076
v -5396.69839 0.73139 2537.13356
v -5033.33952 0.72767 2166.24213
v -5095.30373 0.72681 2188.23133
v -5517.67254 0.73022 2466.69679
v -5462.41420 0.73085 2444.97617
v -4974.21208 0.72829 2208.32794
v -5422.87561 0.73138 2482.42914
v -4484.66292 0.71491 1549.36545
v -4550.42069 0.71340 1572.29045
v -4579.78298 0.71427 1615.04349
v -4507.70961 0.71549 1583.53264
v -4559.77449 0.71189 1640.52830
v -4596.47631 0.71304 1691.49791
v -4409.37091 0.71185 1761.35137
v -4343.61734 0.71335 1738.42638
v -4376.72283 0.71425 1779.83237
v -4448.80039 0.71303 1811.34322
v -4334.25934 0.71487 1670.18853
v -4360.02950 0.71547 1703.37795
v -4498.65796 0.71130 1718.03182
v -4539.28341 0.71258 1771.66196
v -4395.38007 0.71545 1592.68501
v -4417.22659 0.71594 1623.20971
v -4722.26374 0.72590 2056.45561
v -4694.67653 0.72596 2139.55715
v -4788.30686 0.72523 2010.08946
v -4857.14899 0.72427 2034.79793
v -4890.87975 0.72359 2108.05889
v -4728.40728 0.72528 2212.82230
v -4797.24941 0.72432 2237.53077
v -4863.29673 0.72365 2191.16462
v -4312.62684 0.71240 1486.81375
v -3038.97821 0.86614 -12.83263
v -2979.16256 0.86675 -115.72444
v -3385.63956 0.87569 -94.57452
v -3443.57521 0.87500 4.56570
v -2993.61920 0.86656 -237.38680
v -3399.87798 0.87561 -213.74002
v -3733.53046 0.88288 -195.93884
v -3719.58578 0.88288 -79.69825
v -3775.60787 0.88213 15.78690
v -4512.77049 0.88936 -266.69034
v -4561.26422 0.88873 -184.07559
v -5171.14128 0.89436 -249.91728
v -5123.14692 0.89466 -314.81059
v -4549.18695 0.88876 -83.93662
v -5152.22386 0.89441 -171.00377
v -5608.04646 0.89860 -247.95756
v -5705.39481 0.89933 -310.05186
v -5588.15547 0.89863 -344.99957
v -3191.68981 0.86443 -287.44159
v -3251.50546 0.86382 -184.55398
v -3650.27365 0.87285 -167.99913
v -3592.33800 0.87354 -267.13935
v -3237.04883 0.86401 -62.89162
v -3636.03523 0.87293 -48.83364
v -3962.19292 0.88012 -39.56796
v -3976.13759 0.88012 -155.81276
v -3920.11130 0.88088 -251.29790
v -3146.51964 0.86500 4.24257
v -3547.99872 0.87385 18.79573
v -3876.79175 0.88098 27.80962
v -3084.14838 0.86557 -304.51679
v -3487.91450 0.87469 -281.37358
v -3818.93163 0.88202 -263.31642
v -5864.37586 0.90153 -326.45143
v -5642.91864 0.89986 -356.43899
v -5666.20033 0.89988 -243.35829
v -5521.00449 0.89953 -229.49754
v -5603.72415 0.90041 -289.74542
v -5501.11350 0.89955 -326.53536
v -4475.25037 0.88951 -26.30730
v -5103.40700 0.89513 -129.81599
v -4387.65448 0.89049 -37.20958
v -5024.14938 0.89578 -139.07747
v -4351.23383 0.89109 -219.96749
v -4425.17459 0.89034 -277.59681
v -5063.60404 0.89546 -326.56474
v -4995.07244 0.89603 -282.88429
v -4339.15655 0.89112 -119.82853
v -4995.86976 0.89623 -206.46344
v -1637.11661 0.83204 -184.64630
v -1692.33299 0.83131 -65.95500
v -1975.64952 0.83639 -124.17181
v -1920.95769 0.83710 -241.18875
v -1688.39256 0.83204 64.89331
v -1971.53284 0.83710 4.92659
v -2203.59019 0.84155 -44.50294
v -2209.28053 0.84088 -172.17876
v -2153.70745 0.84155 -287.26534
v -1530.63267 0.83595 97.31058
v -1475.41629 0.83668 -21.38072
v -1760.00852 0.84164 -79.86191
v -1814.70035 0.84092 37.15503
v -1479.35672 0.83595 -152.22902
v -1764.12940 0.84092 -208.96031
v -1990.33276 0.84510 -253.69405
v -1984.64243 0.84577 -126.01824
v -2040.21970 0.84510 -10.93165
v 449.76298 0.81484 235.40609
v 349.20438 0.81317 165.42254
v -302.41859 0.81933 33.88602
v -216.03965 0.82116 101.26360
v 226.42997 0.81138 190.39538
v -409.80895 0.81745 61.90546
v -951.98950 0.82293 -47.41945
v -856.26097 0.82489 -77.59165
v -780.58708 0.82682 -12.34584
v -2062.66630 0.84332 -315.99817
v -2206.19197 0.84606 -338.87281
v -2124.87810 0.84756 -275.25102
v -2305.95745 0.84454 -312.65363
v -2485.12324 0.84841 -317.86138
v -2377.07823 0.84967 -340.94584
v -2287.14494 0.85089 -275.62450
v -2131.25665 0.84332 17.80118
v -2273.85490 0.84604 -9.46710
v -2355.16877 0.84454 -73.08890
v -2174.08942 0.84756 -35.68628
v -2335.45822 0.85083 -39.88269
v -2443.50323 0.84957 -16.80243
v -2533.43233 0.84834 -82.11958
v -2364.51418 0.84397 -199.88347
v -2546.39924 0.84791 -207.91120
v -2115.53269 0.84813 -148.45645
v -2274.18222 0.85133 -149.83707
v -3964.19041 0.88730 -80.69699
v -4017.82055 0.88655 10.55817
v -3977.60214 0.88732 -192.26698
v -4059.44895 0.88651 -257.37850
v -4156.37346 0.88540 -246.43426
v -4114.74506 0.88545 21.50241
v -4196.59187 0.88463 -43.61330
v -4210.00360 0.88465 -155.17910
v -2630.96532 0.85134 -79.36253
v -3516.19411 0.85535 -218.69178
v -3496.73535 0.85484 -308.64606
v -2610.76799 0.85064 -171.14644
v -4201.79961 0.85850 -326.72420
v -4183.05844 0.85814 -414.51732
v -4168.66475 0.85903 -492.88950
v -3480.88970 0.85565 -393.34643
v -2593.13467 0.85134 -263.45910
v -4848.29456 0.86758 -529.48641
v -5268.96802 0.87345 -537.50155
v -5288.04910 0.87374 -478.03421
v -4864.41298 0.86784 -453.48100
v -5586.47690 0.87792 -535.86076
v -5659.60357 0.87892 -499.60376
v -5601.40773 0.87762 -460.46383
v -5291.09990 0.87301 -425.75112
v -4876.42730 0.86702 -387.44208
v -2599.96643 0.85506 -264.86070
v -3490.52047 0.85918 -379.33041
v -3509.97503 0.85968 -289.37614
v -2620.16376 0.85575 -173.07679
v -4180.24685 0.86238 -467.76139
v -4198.98802 0.86274 -379.96827
v -4213.38171 0.86185 -301.60029
v -3525.82488 0.85887 -204.67577
v -2637.79708 0.85506 -80.76833
v -3527.62933 0.85705 -178.93918
v -2641.47313 0.85320 -45.54785
v -4213.80555 0.86008 -283.00599
v -3479.08525 0.85747 -419.08722
v -2589.45861 0.85320 -298.67958
v -4168.24091 0.86081 -511.47961
v -5647.51790 0.87821 -551.75676
v -5793.00329 0.88019 -513.30505
v -5580.66487 0.87640 -549.97329
v -5652.83056 0.87715 -516.04950
v -5595.59570 0.87610 -474.57636
v -5664.91623 0.87786 -463.90069
v -5297.29380 0.87190 -415.89794
v -4876.23007 0.86548 -374.10588
v -5282.48886 0.87076 -446.67023
v -4865.47887 0.86416 -414.03054
v -4837.34612 0.86472 -556.07907
v -5260.35699 0.87120 -558.42066
v -5267.01669 0.87250 -568.79000
v -4837.54755 0.86625 -569.41526
v -5276.26138 0.87066 -506.65373
v -4849.36045 0.86390 -490.04014
v -4574.39059 0.86062 -383.45968
v -4556.49290 0.86033 -467.78657
v -4543.10215 0.86122 -541.31190
v -4543.24063 0.86293 -556.50710
v -4555.11647 0.86441 -512.51192
v -4586.40492 0.86380 -354.65551
v -4586.26644 0.86210 -339.46031
v -4573.01417 0.86470 -428.18504
v -1661.72437 0.87640 -1018.38932
v -1623.91470 0.87563 -1074.42400
v -1580.19229 0.87810 -1119.54801
v -1616.12197 0.87887 -1065.94305
v -1632.59708 0.87526 -1149.66146
v -1588.01021 0.87777 -1192.64950
v -1538.52612 0.88059 -1240.91663
v -1531.11106 0.88090 -1170.76102
v -1565.47967 0.88164 -1119.43891
v -1612.10180 0.88858 -1455.44557
v -1641.36338 0.88924 -1412.72191
v -1665.81587 0.89626 -1637.80482
v -1642.70623 0.89558 -1665.43819
v -1634.91769 0.88954 -1353.28813
v -1660.09197 0.89646 -1588.85788
v -1680.59144 0.90160 -1773.49579
v -1686.66364 0.90242 -1837.45329
v -1669.22336 0.90094 -1822.74487
v -1756.58425 0.87633 -1200.87866
v -1794.39392 0.87710 -1144.84398
v -1740.60851 0.87972 -1191.05486
v -1704.67884 0.87895 -1244.65563
v -1785.71154 0.87747 -1069.60652
v -1732.79060 0.88005 -1117.94918
v -1676.90279 0.88279 -1169.66576
v -1684.31785 0.88248 -1239.82136
v -1649.94924 0.88174 -1291.13928
v -1729.18168 0.87714 -1019.38387
v -1679.72698 0.87967 -1068.19233
v -1626.24371 0.88242 -1121.77631
v -1689.13113 0.87558 -1199.88411
v -1641.07383 0.87815 -1242.41055
v -1589.18520 0.88097 -1288.80607
v -1674.03244 0.90450 -1898.23412
v -1651.25013 0.90176 -1849.39209
v -1664.35552 0.90256 -1792.94616
v -1630.91432 0.90114 -1746.15197
v -1628.93781 0.90189 -1804.88495
v -1619.54204 0.90048 -1795.40106
v -1591.59394 0.88924 -1311.85276
v -1626.91514 0.89637 -1559.53336
v -1539.71371 0.88857 -1308.72224
v -1585.84066 0.89573 -1550.98527
v -1516.89782 0.88761 -1410.87968
v -1560.22157 0.88791 -1452.31924
v -1603.15925 0.89517 -1664.12472
v -1568.45493 0.89486 -1627.56138
v -1510.45633 0.88791 -1351.44591
v -1564.25852 0.89528 -1585.85325
v -1805.34655 0.83954 -111.88472
v -1880.63856 0.83945 -161.54086
v -1806.05994 0.85558 -638.43784
v -1734.80487 0.85566 -591.14428
v -1968.66669 0.83982 -153.33687
v -1889.35871 0.85594 -631.21162
v -1826.89093 0.86815 -989.69846
v -1748.69080 0.86772 -995.01951
v -1681.99304 0.86773 -948.43095
v -2002.61985 0.84101 0.94000
v -1927.32784 0.84109 50.59613
v -1850.22297 0.85721 -438.51660
v -1921.47804 0.85713 -485.81435
v -1839.30391 0.84073 42.39215
v -1766.92421 0.85684 -445.74702
v -1712.66041 0.86891 -810.01231
v -1790.85634 0.86934 -804.69127
v -1857.55830 0.86933 -851.27982
v -2016.26658 0.84047 -83.97019
v -1934.39460 0.85659 -566.02456
v -1869.39218 0.86882 -928.22522
v -1791.70402 0.84008 -26.97453
v -1721.88412 0.85620 -510.93407
v -1670.15496 0.86824 -871.48555
v -1717.58280 0.87333 -1152.69547
v -1656.15573 0.87317 -1104.33183
v -1790.19331 0.87392 -1150.64762
v -1758.59013 0.87492 -967.85194
v -1820.01721 0.87508 -1016.21558
v -1685.97543 0.87433 -969.89979
v -1830.23966 0.87464 -1092.11607
v -1645.93327 0.87361 -1028.43133
v -1501.58092 0.88353 -1226.15365
v -1534.29194 0.88424 -1177.42492
v -1508.65607 0.88323 -1292.88918
v -1556.89801 0.88358 -1338.55453
v -1614.74974 0.88432 -1340.92131
v -1592.14787 0.88497 -1179.79170
v -1640.38981 0.88533 -1225.45705
v -1647.46496 0.88503 -1292.19258
v -4222.43337 0.88873 -45.33803
v -4181.74496 0.88892 -102.41342
v -4208.08584 0.89381 -22.92919
v -4249.47085 0.89391 38.59440
v -4203.13827 0.88919 -168.42717
v -4224.50220 0.89390 -95.83345
v -4241.17874 0.89796 -46.84874
v -4228.54334 0.89800 30.40720
v -4270.05005 0.89831 94.60810
v -4470.44548 0.90726 -127.64225
v -4506.85774 0.90762 -70.30248
v -4661.78506 0.91597 -178.44820
v -4630.61831 0.91557 -221.87686
v -4497.34867 0.90771 -0.83928
v -4651.78081 0.91592 -122.11977
v -4770.35461 0.92208 -220.28222
v -4797.50539 0.92330 -273.25772
v -4756.07842 0.92184 -287.58427
v -4368.68670 0.88941 -192.25859
v -4409.37511 0.88922 -135.18320
v -4420.00881 0.89451 -64.65411
v -4378.62800 0.89441 -126.17770
v -4387.98180 0.88895 -69.16945
v -4403.59665 0.89441 8.24595
v -4414.43178 0.89902 59.79467
v -4427.06718 0.89898 -17.46127
v -4385.56047 0.89867 -81.66217
v -4308.82489 0.88875 -34.17557
v -4331.21275 0.89416 48.62382
v -4347.65429 0.89873 103.72270
v -4282.29518 0.88939 -203.42104
v -4296.88190 0.89415 -136.21132
v -4307.95623 0.89825 -90.77677
v -4820.32968 0.92582 -300.83654
v -4751.31969 0.92294 -302.46894
v -4767.95846 0.92322 -224.04641
v -4705.36059 0.92171 -203.11890
v -4721.77276 0.92286 -253.25763
v -4691.08440 0.92147 -270.42095
v -4441.16712 0.90744 39.10216
v -4610.36223 0.91583 -92.80364
v -4374.89739 0.90700 31.49407
v -4555.44799 0.91536 -96.68112
v -4347.99839 0.90655 -95.30470
v -4404.17995 0.90682 -135.24614
v -4581.40699 0.91535 -229.28772
v -4534.28549 0.91501 -196.43822
v -4338.48932 0.90665 -25.84150
v -4529.98417 0.91521 -143.64316
v -4251.00674 0.90144 33.96575
v -4291.33425 0.90183 97.32317
v -4261.76214 0.90135 -42.72786
v -4324.32644 0.90165 -86.76500
v -4397.98185 0.90212 -78.28406
v -4364.98547 0.90230 105.80832
v -4427.54976 0.90259 61.76698
v -4438.30517 0.90250 -14.92664
v -3268.94994 0.83358 173.99161
v -3402.42101 0.83309 213.34556
v -3411.30061 0.83246 145.66583
v -3279.65919 0.83292 104.35636
v -3552.09441 0.83255 257.34913
v -3560.39911 0.83194 192.40127
v -3589.91667 0.83225 128.27171
v -3441.87567 0.83278 78.70789
v -3309.82299 0.83326 34.50289
v -4009.60817 0.83519 243.97936
v -4385.28351 0.83723 354.99123
v -4385.52270 0.83767 400.32926
v -4002.48686 0.83571 299.67833
v -4667.31173 0.83883 443.69497
v -4721.42446 0.83938 488.60916
v -4650.09385 0.83897 502.44893
v -4359.76513 0.83743 442.07516
v -3977.16991 0.83545 354.67230
v -3361.69064 0.83593 33.89861
v -3499.72320 0.83532 80.62146
v -3490.84359 0.83595 148.29698
v -3350.97720 0.83659 103.53386
v -3646.49269 0.83468 130.46223
v -3638.18799 0.83529 195.41429
v -3608.67043 0.83498 259.53965
v -3460.27273 0.83563 215.25912
v -3320.81339 0.83625 173.38733
v -3423.94860 0.83442 239.54375
v -3287.21692 0.83498 199.84150
v -3573.29049 0.83382 282.64929
v -3478.19561 0.83399 54.41906
v -3343.41946 0.83454 8.04872
v -3625.29661 0.83341 105.16627
v -4716.45171 0.83866 453.79573
v -4833.57355 0.83955 520.45993
v -4641.55835 0.83773 442.69623
v -4691.41592 0.83809 487.44676
v -4624.34467 0.83786 501.45018
v -4696.38867 0.83882 522.26019
v -4341.95556 0.83668 458.89018
v -3946.83405 0.83445 374.48776
v -4321.59457 0.83579 440.59802
v -3928.65520 0.83336 352.79231
v -3961.09346 0.83310 242.09937
v -4347.11295 0.83559 353.51409
v -4376.86970 0.83641 339.74567
v -3991.42931 0.83410 222.28391
v -4333.30256 0.83542 398.30659
v -3935.77651 0.83284 297.09334
v -2486.68011 0.83049 100.11798
v -2785.10371 0.83182 63.74349
v -2796.92080 0.83332 32.94603
v -2499.40363 0.83203 72.16569
v -3071.81093 0.83292 23.54187
v -3087.79086 0.83434 -8.40122
v -3087.64819 0.83587 14.00762
v -2791.91448 0.83487 57.53280
v -2494.63650 0.83359 100.51245
v -2447.99339 0.83363 250.65165
v -2747.05065 0.83503 205.22130
v -2735.22936 0.83353 236.01877
v -2435.26987 0.83209 278.60395
v -3044.64756 0.83614 158.95167
v -3028.66343 0.83472 190.89476
v -3028.80610 0.83320 168.48592
v -2740.23568 0.83198 211.43199
v -2440.03699 0.83053 250.25719
v -2770.76037 0.83552 130.21045
v -2472.80677 0.83419 175.65759
v -3069.11683 0.83656 84.69198
v -2761.38979 0.83133 138.75434
v -2461.86673 0.82993 175.11205
v -3047.33746 0.83251 97.80156
v -3219.94845 0.83338 13.24387
v -3245.05138 0.83472 -16.55484
v -3254.45974 0.83619 7.11292
v -3212.61732 0.83651 149.69439
v -3187.51019 0.83517 179.49311
v -3178.10183 0.83370 155.82115
v -3240.01149 0.83688 77.25593
v -3192.55427 0.83301 85.68233
v -3692.39723 0.83239 296.06522
v -3700.30747 0.83181 234.19753
v -3728.42342 0.83210 173.10617
v -3762.12900 0.83321 151.09599
v -3782.31794 0.83442 175.19178
v -3746.28755 0.83470 298.15084
v -3712.58617 0.83360 320.16521
v -3774.40770 0.83500 237.06367
v -2097.97911 0.82923 210.07236
v -2254.74864 0.82944 250.33273
v -2275.25651 0.82886 173.39992
v -2115.59564 0.82867 131.37286
v -2302.28979 0.82945 98.75415
v -2146.02802 0.82924 57.07539
v -2180.18261 0.83228 68.80017
v -2319.67972 0.83255 104.84734
v -2299.17185 0.83313 181.78015
v -2162.56607 0.83283 147.49547
v -2272.14277 0.83254 256.42592
v -2132.13789 0.83226 221.79713
v -2254.53043 0.83099 281.80162
v -2106.04880 0.83074 244.62141
v -2319.89793 0.83100 73.38265
v -2172.11291 0.83076 34.25111
v -1621.52694 0.83188 -109.84946
v -1911.44442 0.83022 -17.62073
v -1949.14498 0.83166 -37.32708
v -1672.52174 0.83323 -126.05600
v -1968.53240 0.83310 1.25892
v -1704.84250 0.83457 -82.79520
v -1655.03529 0.83455 75.79558
v -1919.71555 0.83308 156.70240
v -1882.01918 0.83163 176.41294
v -1604.04050 0.83320 92.00632
v -1862.62757 0.83020 137.82694
v -1571.71974 0.83186 48.74132
v -1954.83112 0.83363 82.52243
v -1695.56004 0.83506 1.56946
v -1876.33305 0.82967 56.56343
v -1581.00220 0.83137 -35.62334
v -1854.87260 0.86257 -686.34407
v -1976.98397 0.86626 -777.05370
v -1980.72298 0.86551 -834.75855
v -1858.67874 0.86181 -745.06865
v -2077.43347 0.86938 -853.76830
v -2081.08855 0.86866 -910.20583
v -2051.89411 0.86860 -970.87755
v -1950.86551 0.86546 -896.79830
v -1828.29673 0.86176 -808.19527
v -2079.62400 0.87709 -1112.69947
v -2122.94775 0.88422 -1231.06765
v -2121.00901 0.88482 -1194.57565
v -2076.45151 0.87772 -1063.79030
v -2154.09772 0.88965 -1315.38195
v -2160.19090 0.89105 -1309.27197
v -2165.84767 0.89001 -1261.51261
v -2140.36286 0.88475 -1151.22253
v -2101.75588 0.87777 -1011.20926
v -1737.13808 0.86361 -819.94102
v -1861.28472 0.86728 -908.34263
v -1857.54571 0.86802 -850.63358
v -1733.33193 0.86437 -761.22064
v -1964.28144 0.87038 -982.16590
v -1960.62636 0.87111 -925.72836
v -1989.82080 0.87116 -865.05664
v -1887.39898 0.86808 -788.59383
v -1763.71395 0.86442 -698.08983
v -1937.08869 0.86732 -760.37296
v -1814.27651 0.86365 -669.36959
v -2038.41524 0.87042 -837.45265
v -1901.18000 0.86622 -925.02336
v -1777.73416 0.86253 -836.91551
v -2003.29967 0.86934 -998.47735
v -2176.82548 0.89036 -1337.63132
v -2191.11426 0.89299 -1349.05395
v -2194.40005 0.88883 -1310.19099
v -2207.14875 0.89009 -1303.22494
v -2206.14581 0.88919 -1256.32165
v -2190.51417 0.89078 -1274.86140
v -2173.78308 0.88436 -1134.68867
v -2143.87106 0.87713 -987.28972
v -2200.09458 0.88354 -1143.52631
v -2177.68155 0.87623 -1001.42743
v -2155.54967 0.87555 -1102.91764
v -2182.67947 0.88300 -1223.37143
v -2149.95586 0.88363 -1243.92965
v -2113.43449 0.87619 -1126.83718
v -2202.73412 0.88316 -1184.04266
v -2180.84984 0.87560 -1050.33660
v -2140.93357 0.87195 -914.02037
v -2144.45017 0.87125 -968.27578
v -2116.38037 0.87120 -1026.60170
v -2069.66172 0.87191 -1053.13561
v -2032.15420 0.87291 -1037.45362
v -2056.70740 0.87366 -924.87229
v -2103.42605 0.87295 -898.33419
v -2028.64180 0.87361 -983.19821
v -1619.12660 0.83399 127.89403
v -1902.59839 0.83901 67.18874
v -1548.62269 0.83399 -215.22975
v -1833.05965 0.83901 -271.22246
v 384.58432 0.81450 495.84378
v 457.93759 0.81531 375.41936
v -209.84575 0.82177 238.42751
v -275.15870 0.82098 359.41844
v -775.87031 0.82753 122.28343
v -835.06489 0.82677 243.30793
v 158.99364 0.81062 303.61037
v -472.03754 0.81669 179.14480
v 173.08938 0.81113 436.41000
v -462.76347 0.81731 312.54872
v -1004.49500 0.82289 205.82978
v -1010.19373 0.82218 72.40488
v -1173.35860 0.83220 40.67582
v -1177.43751 0.83147 -91.93498
v -1229.61569 0.83146 160.83166
v -1394.59341 0.82678 -5.00212
v -1390.39280 0.82752 127.46180
v -1338.45801 0.82753 -125.00270
v -1319.76720 0.82949 191.51163
v -929.80727 0.82482 272.27996
v -1248.18481 0.82950 -155.83374
v 267.72685 0.81276 513.60719
v -379.46890 0.81912 383.68209
v -3421.79164 0.83393 225.61586
v -3398.88343 0.83453 182.39702
v -3526.56764 0.83844 238.87652
v -3549.93326 0.83782 282.95983
v -3411.93427 0.83483 128.36823
v -3539.87866 0.83875 183.76086
v -3642.87958 0.84178 227.68050
v -3629.44267 0.84147 283.32072
v -3653.03070 0.84085 327.82366
v -3936.44373 0.84365 270.42514
v -3957.62302 0.84309 310.38337
v -4176.52883 0.84449 380.62291
v -4156.34409 0.84491 347.89929
v -3945.55414 0.84281 360.33326
v -4163.55352 0.84425 419.02847
v -4329.45865 0.84537 461.62204
v -4368.14956 0.84574 446.98496
v -4324.58661 0.84581 413.58152
v -3507.82647 0.83403 99.53049
v -3530.73468 0.83343 142.74933
v -3661.06263 0.83731 198.43151
v -3637.69281 0.83793 154.34821
v -3517.68384 0.83313 196.77812
v -3647.75161 0.83700 253.54718
v -3751.77645 0.84002 298.12985
v -3765.21756 0.84034 242.49383
v -3741.62533 0.84096 197.98669
v -3471.58626 0.83335 229.43040
v -3600.72662 0.83724 286.84990
v -3704.30665 0.84026 331.75570
v -3458.03185 0.83460 95.71595
v -3586.89945 0.83851 150.45394
v -3690.34938 0.84155 194.05885
v -4418.64498 0.84637 477.44251
v -4337.71299 0.84624 427.29540
v -4343.39073 0.84571 483.27133
v -4282.08955 0.84576 475.86466
v -4312.95416 0.84621 463.58177
v -4277.21752 0.84621 427.82834
v -3902.93959 0.84302 390.52224
v -4133.48204 0.84444 443.70756
v -3856.90495 0.84355 386.99306
v -4093.41890 0.84483 440.11963
v -3847.79035 0.84439 297.08495
v -3890.40491 0.84418 266.89596
v -4123.61627 0.84534 346.39278
v -4086.20946 0.84550 368.99046
v -3835.72147 0.84411 347.03903
v -4080.57368 0.84529 409.47743
v -3704.46611 0.84310 311.08418
v -3727.65968 0.84249 354.83596
v -3717.67641 0.84341 256.39235
v -3764.34051 0.84317 223.33721
v -3814.74780 0.84260 227.20211
v -3778.06278 0.84191 358.69666
v -3824.72687 0.84168 325.64572
v -3837.93717 0.84199 270.94970
v -1605.76942 0.88039 -1151.98627
v -1569.07600 0.88049 -1186.60667
v -1466.29749 0.88338 -1071.44875
v -1503.72948 0.88328 -1036.13594
v -1556.86444 0.88109 -1225.18428
v -1453.84254 0.88399 -1110.79850
v -1375.23956 0.88630 -1020.39940
v -1387.81620 0.88568 -980.67197
v -1425.60069 0.88558 -945.02346
v -1414.97538 0.89110 -900.38623
v -1448.89917 0.89101 -868.38020
v -1481.64796 0.89437 -747.10811
v -1454.23700 0.89439 -774.32184
v -1460.18752 0.89045 -832.71490
v -1490.00721 0.89388 -720.78402
v -1511.52222 0.89651 -637.06561
v -1509.56669 0.89730 -636.61659
v -1487.36348 0.89685 -673.22189
v -1622.15641 0.88244 -1235.73825
v -1658.84983 0.88234 -1201.12206
v -1557.87158 0.88527 -1086.25369
v -1520.43959 0.88537 -1121.56649
v -1671.06139 0.88174 -1162.54445
v -1570.32653 0.88465 -1046.90394
v -1492.83140 0.88696 -955.89217
v -1480.25895 0.88758 -995.61959
v -1442.47027 0.88769 -1031.26811
v -1647.58666 0.88093 -1143.53890
v -1546.38181 0.88383 -1027.52071
v -1468.66007 0.88613 -936.32430
v -1580.33917 0.88190 -1244.18563
v -1477.78726 0.88482 -1130.18172
v -1399.41089 0.88713 -1039.96727
v -1506.43197 0.89809 -593.79641
v -1476.70039 0.89711 -654.64438
v -1504.84992 0.89671 -612.51241
v -1479.26860 0.89584 -631.84947
v -1471.98363 0.89652 -630.54019
v -1455.10986 0.89619 -668.00995
v -1438.48787 0.88970 -815.14872
v -1473.44818 0.89335 -705.20274
v -1399.82633 0.88920 -822.95824
v -1442.25205 0.89289 -713.06682
v -1354.61420 0.88985 -890.62957
v -1376.31804 0.89060 -908.19575
v -1424.50963 0.89405 -778.44691
v -1406.48184 0.89341 -766.60464
v -1365.90254 0.88929 -854.96427
v -1416.31403 0.89302 -736.54574
v -1353.53992 0.88719 -924.30997
v -1390.68655 0.88709 -889.26154
v -1341.17729 0.88780 -963.36178
v -1364.94156 0.88861 -982.59393
v -1407.27077 0.88916 -974.04584
v -1433.01155 0.88764 -880.71345
v -1456.77583 0.88845 -899.94980
v -1444.41740 0.88906 -938.99741
v -2685.53126 0.85656 -326.96759
v -2593.23119 0.85762 -260.53001
v -2795.44367 0.85541 -306.94651
v -2750.11403 0.85626 -9.93291
v -2842.41410 0.85519 -76.37469
v -2640.20162 0.85741 -29.95818
v -2856.84136 0.85488 -200.36186
v -2578.80393 0.85793 -136.54283
v -3195.40783 0.86781 -104.74243
v -3156.04550 0.86926 -128.95572
v -3234.83312 0.87340 428.09691
v -3275.00956 0.87200 469.02032
v -3193.27186 0.87075 -148.23823
v -3267.39308 0.87494 392.89741
v -3328.26622 0.87845 821.61120
v -3299.41589 0.87690 868.09904
v -3339.81474 0.87554 920.82695
v -3637.05915 0.88446 1291.22740
v -3672.40133 0.88329 1342.54951
v -3824.43312 0.88768 1599.78534
v -3794.51271 0.88852 1555.16909
v -3648.67063 0.88192 1387.65254
v -3803.42169 0.88653 1631.02342
v -3917.87042 0.89001 1801.47326
v -3950.11984 0.89138 1815.05285
v -3912.00803 0.89136 1750.29803
v -3397.51540 0.87088 -135.07409
v -3436.87774 0.86944 -110.86080
v -3501.51926 0.87389 449.07477
v -3461.34282 0.87529 408.15137
v -3399.65138 0.86794 -91.58248
v -3468.96350 0.87235 484.27427
v -3524.48203 0.87605 937.46992
v -3553.33655 0.87760 890.98207
v -3512.93350 0.87896 838.24997
v -3297.93036 0.86733 -90.00883
v -3373.41541 0.87163 490.92139
v -3434.31373 0.87525 947.75113
v -3294.99287 0.87137 -149.81189
v -3362.94117 0.87566 386.25030
v -3418.43451 0.87925 811.32579
v -3961.75649 0.89258 1886.87863
v -3898.67603 0.89197 1777.71318
v -3905.44904 0.89040 1837.34838
v -3835.22210 0.88969 1789.14421
v -3854.00104 0.89099 1800.00872
v -3829.35971 0.89103 1737.96477
v -3572.08192 0.88118 1397.44277
v -3746.26237 0.88600 1640.84722
v -3491.13734 0.88139 1371.07252
v -3680.22764 0.88608 1615.28688
v -3479.52587 0.88393 1274.65158
v -3556.11457 0.88467 1264.86135
v -3734.08858 0.88873 1537.06158
v -3671.31866 0.88807 1539.42835
v -3455.79516 0.88256 1319.75461
v -3655.91783 0.88706 1578.12766
v -3351.41782 0.87950 1122.86738
v -3390.68784 0.87820 1178.75938
v -3377.93495 0.88101 1073.30356
v -3463.26478 0.88181 1061.96905
v -3553.37432 0.88157 1090.18153
v -3480.80158 0.87795 1206.97185
v -3566.12721 0.87876 1195.63735
v -3592.64434 0.88027 1146.07353
v -3390.84311 0.87427 677.14554
v -3369.52114 0.87389 720.84696
v -3540.88999 0.87214 725.65186
v -3571.94764 0.87241 682.44560
v -3374.03228 0.87427 769.27775
v -3536.68099 0.87255 776.80191
v -3673.63927 0.87109 792.79444
v -3684.16387 0.87067 740.13367
v -3722.03649 0.87085 697.68277
v -4028.38291 0.87073 955.78306
v -4064.36714 0.87085 918.90919
v -4355.95898 0.87001 1092.15384
v -4323.16403 0.86993 1118.51570
v -4076.18843 0.87047 872.16117
v -4360.77227 0.86973 1052.72856
v -4574.19336 0.86922 1193.13628
v -4611.63794 0.86928 1244.07652
v -4548.81766 0.86936 1237.51753
v -3442.89959 0.87629 781.88377
v -3464.22156 0.87667 738.18234
v -3639.33361 0.87461 754.76236
v -3608.27597 0.87435 797.97281
v -3459.71461 0.87629 689.75156
v -3643.54261 0.87421 703.61650
v -3794.95753 0.87247 724.90489
v -3784.43293 0.87289 777.56147
v -3746.56031 0.87271 820.01236
v -3428.43036 0.87528 666.17612
v -3614.35657 0.87328 675.33688
v -3767.57175 0.87161 693.46118
v -3405.31233 0.87528 792.85738
v -3565.86704 0.87348 805.07734
v -3701.02505 0.87195 824.23815
v -4690.98788 0.86872 1293.83757
v -4576.92942 0.86894 1261.78958
v -4606.49734 0.86878 1210.07300
v -4539.99680 0.86851 1179.15804
v -4571.79301 0.86845 1227.78605
v -4514.62530 0.86865 1223.53929
v -4052.94031 0.86975 843.31504
v -4347.01643 0.86915 1032.98024
v -4011.76512 0.86913 845.82449
v -4310.08801 0.86867 1032.01087
v -3963.96380 0.86939 929.44638
v -3987.21192 0.87010 958.29251
v -4295.56423 0.86943 1122.98488
v -4272.48397 0.86887 1097.79382
v -3975.78509 0.86901 882.69836
v -4286.62168 0.86857 1063.80708
v -3796.46824 0.86966 779.70583
v -3835.92709 0.86980 738.81600
v -3783.74472 0.87008 831.40142
v -3809.60300 0.87088 863.16826
v -3855.02916 0.87158 860.21818
v -3881.35325 0.87050 735.86592
v -3907.21153 0.87130 767.63276
v -3894.48801 0.87172 819.32835
v 1779.56800 0.89018 -59.85761
v 1737.67942 0.88910 -190.03029
v 2266.67904 0.89914 -434.58876
v 2303.69559 0.90024 -299.45172
v 1648.44273 0.88980 -301.63386
v 2180.30850 0.89987 -552.49114
v 2603.82713 0.90820 -747.57391
v 2684.51153 0.90748 -629.03368
v 2716.08953 0.90855 -495.02128
v 2955.96899 0.92785 -940.32768
v 2984.72700 0.92878 -825.33761
v 3282.74355 0.94420 -1007.18071
v 3249.17226 0.94322 -1092.00697
v 3055.58760 0.92816 -724.14534
v 3339.41189 0.94348 -929.82825
v 3541.71249 0.95510 -1093.88276
v 3543.94498 0.95772 -1170.27843
v 3473.27741 0.95491 -1198.27269
v 1522.18949 0.89457 -252.11201
v 1564.08227 0.89566 -121.93513
v 2085.70880 0.90584 -371.39080
v 2048.69225 0.90474 -506.53204
v 1653.31896 0.89495 -10.33576
v 2172.07934 0.90511 -253.48843
v 2585.14051 0.91331 -453.75797
v 2504.45191 0.91403 -572.29820
v 2472.87391 0.91296 -706.31060
v 1741.02815 0.89263 10.23505
v 2261.02228 0.90274 -229.02335
v 2671.66631 0.91100 -427.03522
v 1560.72934 0.89212 -322.20467
v 2091.36556 0.90223 -576.95621
v 2517.30132 0.91051 -774.29666
v 3660.77727 0.96175 -1242.98126
v 3534.27225 0.95633 -1246.10339
v 3616.97093 0.95655 -1126.43013
v 3596.81557 0.95290 -1120.21524
v 3607.30240 0.95516 -1202.25509
v 3528.38049 0.95272 -1224.60517
v 3130.40123 0.92615 -702.00508
v 3402.75252 0.94215 -919.89535
v 3167.85839 0.92403 -760.93528
v 3424.31368 0.94023 -963.96186
v 3068.24398 0.92373 -977.11342
v 2993.43036 0.92573 -999.25368
v 3278.73598 0.94180 -1141.40712
v 3334.07825 0.93997 -1126.14058
v 3139.10458 0.92311 -875.92115
v 3398.74495 0.93975 -1054.12176
v 2936.08639 0.91362 -752.79005
v 2964.85279 0.91465 -623.74200
v 2859.97608 0.91431 -867.46119
v 2777.18928 0.91653 -893.98670
v 2733.73124 0.91888 -829.11438
v 2921.39056 0.91699 -558.87388
v 2838.60376 0.91922 -585.39520
v 2762.49344 0.91991 -700.06634
v 932.96297 0.87994 342.68315
v 1114.18920 0.90240 182.45577
v 1022.66966 0.90219 104.46966
v 829.99143 0.87972 269.52292
v 1257.30361 0.91979 56.30745
v 1174.97422 0.91960 -24.47767
v 1166.05684 0.91951 -139.79086
v 1005.00696 0.90208 -14.78396
v 800.55780 0.87959 146.36244
v 1644.20855 0.93662 -385.53271
v 1981.07548 0.94717 -543.14573
v 2040.02247 0.94746 -489.32675
v 1712.53452 0.93678 -313.61461
v 2242.92735 0.95512 -655.61375
v 2327.03603 0.95683 -643.34344
v 2281.42523 0.95524 -564.69010
v 2038.13828 0.94736 -408.38217
v 1716.73932 0.93685 -214.23520
v 996.66030 0.87983 13.02566
v 1201.96134 0.90234 -124.83904
v 1293.48087 0.90254 -46.85293
v 1099.62765 0.88005 86.18170
v 1361.82363 0.91977 -231.85593
v 1444.15722 0.91996 -151.06661
v 1453.07460 0.92005 -35.75343
v 1311.14357 0.90265 72.40069
v 1129.06128 0.88018 209.34218
v 1233.13648 0.90258 164.41120
v 1055.83390 0.88013 312.82149
v 1372.29787 0.91997 47.04597
v 1083.01406 0.90216 -106.79447
v 873.78518 0.87965 42.88313
v 1246.83357 0.91959 -222.59025
v 2251.72723 0.95669 -673.67510
v 2394.53530 0.96020 -683.62060
v 2152.17156 0.95499 -616.74659
v 2221.28226 0.95668 -598.05577
v 2190.66944 0.95511 -525.82294
v 2296.59106 0.95683 -567.72830
v 1987.03858 0.94746 -357.72729
v 1644.84640 0.93678 -145.50637
v 1903.61811 0.94717 -350.77383
v 1545.75654 0.93661 -141.01201
v 1473.22157 0.93638 -312.30953
v 1846.55531 0.94699 -485.54159
v 1908.96434 0.94721 -542.10502
v 1545.11449 0.93646 -381.03835
v 1855.98045 0.94721 -410.50975
v 1477.42637 0.93645 -212.93011
v 1357.82025 0.92924 -24.62454
v 1281.59244 0.92906 -104.12975
v 1276.41827 0.92898 -214.44921
v 1355.89830 0.92906 -291.12604
v 1465.90303 0.92924 -296.62334
v 1547.30502 0.92950 -106.79867
v 1467.82918 0.92942 -30.12184
v 1542.13084 0.92942 -217.11813
v -1430.12442 0.92240 1537.14131
v -1433.58646 0.92135 1636.10947
v -1489.68829 0.92485 1715.19504
v -1487.08232 0.92591 1620.57436
v -1370.34654 0.92109 1728.22071
v -1429.38586 0.92464 1805.01084
v -1494.89603 0.92862 1890.85263
v -1552.60089 0.92882 1804.62057
v -1550.20893 0.92983 1714.03264
v -1358.80641 0.94091 2094.55903
v -1356.51937 0.94182 2018.59139
v -1264.95787 0.95260 2270.78733
v -1268.83115 0.95164 2323.39354
v -1406.05381 0.94204 1945.52767
v -1305.64627 0.95270 2211.04721
v -1222.74616 0.96067 2419.47458
v -1183.98391 0.96206 2495.23659
v -1198.13421 0.95984 2492.15223
v -1192.49423 0.92321 1709.93694
v -1189.03639 0.92427 1610.96877
v -1259.01994 0.92795 1697.56592
v -1261.62592 0.92689 1792.18660
v -1252.27211 0.92453 1518.85754
v -1319.32238 0.92816 1607.75432
v -1389.93539 0.93203 1702.42956
v -1332.22634 0.93183 1788.66162
v -1334.62249 0.93081 1879.24955
v -1352.40688 0.92371 1492.16837
v -1414.02279 0.92727 1579.58381
v -1480.44359 0.93116 1675.07735
v -1270.21177 0.92190 1754.90569
v -1334.68964 0.92553 1833.18135
v -1404.38783 0.92949 1918.20484
v -1185.85131 0.96515 2575.35448
v -1213.67352 0.96102 2535.67321
v -1242.26787 0.96203 2452.20659
v -1297.94166 0.95975 2418.14012
v -1271.95748 0.96099 2492.64321
v -1273.32971 0.95892 2490.81357
v -1484.00635 0.94133 1921.45706
v -1365.49969 0.95237 2195.27710
v -1544.24583 0.94019 1953.27425
v -1415.77689 0.95129 2212.98596
v -1496.99844 0.93905 2102.30561
v -1419.04590 0.93977 2126.37622
v -1315.14695 0.95090 2348.75246
v -1378.95758 0.95023 2325.33228
v -1546.53288 0.93927 2029.24189
v -1415.69296 0.95067 2273.24642
v -989.68587 0.90217 1288.38223
v -879.36221 0.90289 1294.89507
v -1032.60676 0.90928 1459.64198
v -1146.06094 0.90880 1449.88113
v -800.61655 0.90395 1226.06553
v -946.89926 0.91019 1394.59341
v -1076.12355 0.91660 1556.50775
v -1163.67748 0.91569 1615.79465
v -1275.82238 0.91526 1600.98131
v -884.81335 0.90487 1025.14974
v -995.13700 0.90415 1018.63271
v -1134.35715 0.91087 1185.33516
v -1020.90297 0.91134 1195.09601
v -1073.88267 0.90309 1087.46225
v -1220.06466 0.90996 1250.38793
v -1341.39970 0.91655 1403.36391
v -1253.84577 0.91746 1344.07701
v -1141.70087 0.91789 1358.89034
v -807.26367 0.90474 1113.92482
v -946.55935 0.91103 1284.47538
v -1071.46973 0.91749 1449.36077
v -1067.23555 0.90230 1199.60715
v -1220.40457 0.90912 1360.50176
v -1346.05771 0.91565 1510.51088
v -1228.90230 0.91933 1699.89493
v -1335.71776 0.91873 1678.49323
v -1145.16291 0.92043 1648.10282
v -1313.51035 0.92116 1431.50085
v -1206.69909 0.92176 1452.90674
v -1397.24974 0.92006 1483.29296
v -1140.20275 0.92142 1544.80395
v -1402.21409 0.91908 1586.59182
v -1585.89941 0.93262 1887.18497
v -1583.58719 0.93359 1801.10398
v -1530.92223 0.93242 1969.22061
v -1444.66079 0.93325 1995.35167
v -1378.15187 0.93451 1958.44003
v -1517.07826 0.93485 1764.19654
v -1430.82103 0.93568 1790.32759
v -1375.84384 0.93548 1872.36324
v 3056.16251 0.91993 -730.01193
v 3023.06541 0.91911 -801.91324
v 3339.86510 0.91960 -890.69252
v 3391.44739 0.92043 -824.42699
v 2992.75054 0.91986 -877.07936
v 3294.69913 0.92024 -967.21408
v 3545.25846 0.92057 -1059.23719
v 3600.83573 0.92001 -982.43447
v 3665.42690 0.92084 -920.88570
v 3997.78688 0.92667 -1442.50384
v 4059.72171 0.92740 -1390.53967
v 4437.56240 0.93173 -1779.21550
v 4383.10977 0.93109 -1814.18000
v 4112.69301 0.92694 -1323.14531
v 4473.51306 0.93130 -1720.27690
v 4739.64527 0.93466 -2025.45253
v 4768.93623 0.93553 -2120.06901
v 4678.65043 0.93452 -2088.80575
v 3000.16140 0.92404 -885.78272
v 3033.25850 0.92486 -813.88141
v 3363.40277 0.92500 -928.29237
v 3311.81629 0.92416 -994.55790
v 3063.57757 0.92412 -738.71528
v 3408.56875 0.92435 -851.77500
v 3689.46814 0.92454 -961.56991
v 3633.89506 0.92510 -1038.37683
v 3569.30390 0.92427 -1099.92559
v 3071.76057 0.92204 -706.78899
v 3418.14916 0.92243 -811.32999
v 3699.98015 0.92274 -915.28769
v 2984.56334 0.92194 -909.00566
v 3285.11872 0.92217 -1007.65910
v 3534.75064 0.92237 -1105.52361
v 4884.81593 0.93623 -2235.64658
v 4726.00694 0.93447 -2144.25713
v 4797.07736 0.93464 -2070.43806
v 4726.95533 0.93299 -2003.61860
v 4754.14807 0.93358 -2094.62617
v 4665.96049 0.93285 -2066.97182
v 4122.28601 0.92542 -1280.19923
v 4486.53872 0.93018 -1692.84076
v 4088.78186 0.92379 -1282.01208
v 4454.70055 0.92882 -1687.91417
v 3973.87572 0.92352 -1401.36642
v 3964.28692 0.92505 -1444.31669
v 4362.85369 0.92989 -1821.30970
v 4364.29725 0.92861 -1781.81727
v 4026.84703 0.92307 -1333.97625
v 4411.82581 0.92834 -1734.93916
v 3787.01792 0.92061 -1098.50721
v 3854.86550 0.92142 -1040.66387
v 3728.94798 0.92112 -1173.14458
v 3718.38141 0.92282 -1220.37939
v 3755.02867 0.92463 -1217.93288
v 3891.51276 0.92322 -1038.21736
v 3880.94619 0.92492 -1085.45217
v 3822.87625 0.92543 -1160.08954
v -931.85932 0.90610 1122.08684
v -759.57145 0.91202 1139.90481
v -713.02066 0.91122 1208.49095
v -887.76762 0.90535 1187.05568
v -617.80408 0.91702 1157.65143
v -569.89365 0.91620 1228.24346
v -567.88357 0.91621 1323.11593
v -711.06933 0.91122 1300.66933
v -885.91700 0.90535 1274.37461
v -540.32993 0.92879 1463.00331
v -493.78334 0.93945 1565.46708
v -526.56151 0.94019 1518.03085
v -582.85637 0.92952 1400.34249
v -464.45042 0.94755 1637.19635
v -477.03966 0.94954 1621.17864
v -487.96711 0.94793 1559.23961
v -528.64293 0.94002 1449.91890
v -584.63565 0.92952 1316.13310
v -998.57806 0.90738 1333.96366
v -829.99982 0.91336 1363.57353
v -876.55061 0.91416 1294.98739
v -1042.67395 0.90813 1268.99062
v -690.29289 0.91841 1387.86236
v -738.20332 0.91923 1317.27033
v -740.21340 0.91923 1222.39786
v -878.50195 0.91416 1202.81321
v -1044.52037 0.90813 1181.67589
v -828.12822 0.91324 1141.21828
v -996.80718 0.90726 1123.32898
v -688.36674 0.91828 1159.00267
v -761.43885 0.91214 1362.26425
v -933.63440 0.90622 1332.72152
v -619.73024 0.91716 1386.51112
v -429.73351 0.94871 1648.82460
v -435.17626 0.95253 1646.31095
v -406.77914 0.94651 1606.68843
v -409.83413 0.94833 1585.63504
v -430.29583 0.94690 1528.73590
v -457.14027 0.94916 1557.98908
v -491.93272 0.93953 1408.05969
v -538.61780 0.92868 1259.85923
v -443.16203 0.93848 1404.70676
v -475.98216 0.92756 1258.66325
v -431.67645 0.92684 1405.52926
v -408.30244 0.93791 1520.25075
v -444.24051 0.93875 1566.14271
v -477.69430 0.92768 1461.80313
v -409.61172 0.93808 1456.17155
v -433.45573 0.92683 1321.31987
v -528.09320 0.92108 1183.50552
v -481.05982 0.92027 1252.79667
v -479.09170 0.92027 1345.92343
v -529.98158 0.92121 1408.15621
v -599.24755 0.92244 1409.48228
v -648.24905 0.92324 1247.06017
v -597.35917 0.92231 1184.82739
v -646.28093 0.92324 1340.18693
v -1463.42714 0.92830 1733.33193
v -1489.31061 0.92841 1801.45228
v -1727.43598 0.93180 1711.87149
v -1701.03635 0.93168 1642.38311
v -1487.44321 0.92935 1857.17643
v -1725.53081 0.93275 1768.71188
v -1910.23166 0.93546 1696.92807
v -1912.15361 0.93450 1639.55053
v -1885.50221 0.93438 1569.39912
v -1992.43516 0.94206 1502.42020
v -1968.51142 0.94195 1439.44046
v -2043.52227 0.94647 1252.17140
v -2061.35702 0.94649 1304.96226
v -1970.23614 0.94108 1387.92531
v -2043.79504 0.94572 1214.37852
v -2100.58088 0.94927 1084.89405
v -2112.67494 0.95039 1083.21968
v -2112.44414 0.94979 1146.06933
v -1413.45208 0.93153 1824.10871
v -1387.57281 0.93141 1755.98416
v -1623.65872 0.93486 1665.49275
v -1650.05415 0.93498 1734.98112
v -1389.43602 0.93048 1700.26002
v -1625.56389 0.93390 1608.65235
v -1809.31216 0.93663 1535.34524
v -1807.38601 0.93759 1592.72697
v -1834.03742 0.93771 1662.87838
v -1421.92883 0.92919 1693.57513
v -1658.70715 0.93259 1601.83319
v -1842.77015 0.93530 1528.45893
v -1454.95039 0.93064 1863.86551
v -1692.38755 0.93406 1775.53524
v -1876.76947 0.93679 1703.81438
v -2153.24584 0.95137 1027.86482
v -2140.88322 0.95007 1128.38146
v -2127.06024 0.94946 1057.09282
v -2137.13162 0.94819 1101.22648
v -2155.26851 0.94913 1102.25460
v -2148.99488 0.94871 1162.40596
v -2000.27825 0.93989 1381.74400
v -2068.52869 0.94485 1206.75364
v -2038.64185 0.93907 1418.49617
v -2097.91196 0.94412 1238.56663
v -2060.84086 0.94004 1532.99525
v -2030.79875 0.94123 1539.17657
v -2092.55734 0.94591 1330.68206
v -2115.47814 0.94489 1329.15037
v -2062.56979 0.93917 1481.48011
v -2117.56376 0.94429 1285.26430
v -2009.40965 0.93635 1584.95942
v -1983.21145 0.93623 1515.99979
v -2007.52126 0.93730 1641.36758
v -1974.62979 0.93860 1648.13639
v -1932.61951 0.93951 1607.88861
v -1941.20537 0.93714 1475.75620
v -1908.31390 0.93844 1482.52501
v -1906.42551 0.93939 1538.92898
v 539.22208 0.86955 249.22907
v 469.75469 0.87136 239.05697
v 1014.59576 0.88173 -45.65276
v 1095.00320 0.87962 -30.02113
v 445.33577 0.87328 295.67915
v 982.48063 0.88397 19.19439
v 565.45385 0.87359 473.78324
v 634.91705 0.87179 483.95534
v 1191.68433 0.88221 249.41371
v 1111.27269 0.88432 233.78628
v 659.34016 0.86987 427.33316
v 1223.79527 0.87997 184.57076
v 487.79086 0.87413 393.44295
v 1025.77920 0.88496 135.71614
v 616.88507 0.86901 329.56937
v 1180.49669 0.87898 68.04481
v 1829.50110 0.89430 -191.40672
v 1885.93444 0.89343 -273.86620
v 2503.23075 0.89367 166.75700
v 2460.90155 0.89451 265.11249
v 1954.33175 0.89444 -341.98235
v 2562.13578 0.89462 80.06333
v 3054.18180 0.89482 407.74851
v 3002.73380 0.89393 507.19087
v 2971.08027 0.89473 616.23043
v 3726.06924 0.90107 724.17892
v 3703.08969 0.90176 824.23395
v 4127.78751 0.90478 955.90895
v 4138.98773 0.90420 875.01473
v 3660.73111 0.90101 916.44170
v 4087.54392 0.90414 1026.25340
v 4400.43675 0.90650 1094.90669
v 4484.71328 0.90728 1064.78065
v 4435.17045 0.90654 992.88353
v 1986.23287 0.89946 -303.72367
v 1929.79952 0.90033 -221.26838
v 2564.01158 0.90022 209.51004
v 2606.34078 0.89938 111.15874
v 1861.40221 0.89932 -153.15223
v 2505.10655 0.89928 296.20370
v 3023.85014 0.89927 641.81595
v 3075.29395 0.90016 542.36939
v 3106.95168 0.89935 433.33403
v 1822.04827 0.89679 -144.05021
v 2464.01948 0.89687 315.35193
v 2981.88183 0.89698 668.11066
v 1993.68989 0.89698 -351.08437
v 2603.21865 0.89702 60.91511
v 3096.14592 0.89710 381.44960
v 4599.43478 0.90736 1098.13373
v 4485.77917 0.90613 997.53316
v 4445.29639 0.90608 1116.40910
v 4368.30063 0.90448 1081.83067
v 4446.36647 0.90493 1049.16580
v 4403.03433 0.90452 979.80751
v 3622.64868 0.89906 942.02303
v 4062.24376 0.90269 1047.03822
v 3609.06909 0.89715 895.50580
v 4043.30116 0.90113 1008.28017
v 3674.40722 0.89721 703.24302
v 3712.48965 0.89915 677.66169
v 4132.63017 0.90277 840.12576
v 4094.74496 0.90119 857.04150
v 3632.04864 0.89645 795.44657
v 4067.08642 0.90067 931.25503
v 3323.52008 0.89444 685.82791
v 3297.09108 0.89522 795.89978
v 3370.51569 0.89529 584.28734
v 3411.70767 0.89745 555.97416
v 3425.36698 0.89959 607.01931
v 3310.75040 0.89735 846.94493
v 3351.94237 0.89952 818.63174
v 3398.93799 0.90036 717.09118
v 2736.32882 0.89676 416.33857
v 2745.39726 0.89608 472.13405
v 2669.32472 0.90028 564.31243
v 2655.35906 0.90119 514.47584
v 2799.83731 0.89604 509.46533
v 2726.55118 0.90002 602.16406
v 2671.08721 0.90334 690.60762
v 2612.35004 0.90376 652.72662
v 2594.94752 0.90484 607.69073
v 2793.36225 0.91160 923.78122
v 2776.69830 0.91261 886.31147
v 2876.51833 0.91927 1137.83598
v 2887.97873 0.91837 1163.54319
v 2724.62922 0.91305 853.11785
v 2833.90378 0.91951 1107.94913
v 2922.26342 0.92434 1302.28075
v 2963.94637 0.92511 1358.46650
v 2958.74702 0.92357 1339.78827
v 2920.81146 0.89775 460.22044
v 2911.73882 0.89842 404.42076
v 2827.95746 0.90267 520.35082
v 2841.92312 0.90176 570.19160
v 2857.30297 0.89846 367.09368
v 2770.73100 0.90293 482.49919
v 2705.16627 0.90659 588.60545
v 2763.90344 0.90616 626.48226
v 2781.31015 0.90509 671.52235
v 2784.90648 0.89774 374.25276
v 2699.69415 0.90228 482.04598
v 2635.77860 0.90599 582.60039
v 2872.22960 0.89676 502.30625
v 2797.58384 0.90067 602.61727
v 2740.47487 0.90393 696.61269
v 2975.24731 0.92690 1441.59741
v 2956.00256 0.92418 1383.84640
v 2913.48872 0.92508 1340.14077
v 2872.14567 0.92352 1308.33617
v 2905.54491 0.92416 1365.52067
v 2908.62927 0.92276 1345.84370
v 2664.52822 0.91255 845.56851
v 2788.71262 0.91922 1105.94325
v 2630.20577 0.91151 864.51950
v 2759.61890 0.91830 1116.92526
v 2698.93879 0.91006 935.18287
v 2759.03560 0.91056 942.73222
v 2862.69116 0.91766 1182.00321
v 2813.69386 0.91716 1172.51512
v 2646.86552 0.91050 901.98926
v 2774.88545 0.91762 1150.11048
v 2595.42172 0.90640 745.95829
v 2577.16733 0.90751 704.17043
v 2653.01746 0.90592 782.72725
v 2719.69005 0.90648 790.75918
v 2757.91935 0.90763 769.33650
v 2615.39663 0.90866 682.74355
v 2682.06922 0.90921 690.77548
v 2739.66077 0.90874 727.54444
v 464.62248 0.87923 268.58292
v 506.68730 0.87882 390.02707
v -135.48534 0.88715 700.81330
v -167.82289 0.88769 582.93610
v 588.32010 0.87988 476.17939
v -55.24576 0.88790 787.97276
v -559.44459 0.89424 1033.17328
v -638.72319 0.89380 945.22489
v -661.76569 0.89445 830.15929
v 693.84306 0.88381 382.05808
v 651.78243 0.88422 260.61393
v 40.17225 0.89189 588.18581
v 72.50560 0.89135 706.05881
v 570.14544 0.88316 174.46161
v -40.07153 0.89114 501.02635
v -511.80693 0.89737 757.84672
v -432.52832 0.89781 845.79931
v -409.48583 0.89716 960.86491
v 494.19039 0.88107 182.59425
v -125.05726 0.88938 503.53580
v -605.97020 0.89595 755.93736
v 664.27514 0.88196 468.04675
v 29.73997 0.88966 785.45911
v -465.28131 0.89566 1035.08684
v -913.41609 0.89795 1085.65780
v -927.92728 0.89869 972.20781
v -834.59489 0.89809 1174.06360
v -677.61973 0.90116 993.81933
v -663.10854 0.90043 1107.27351
v -756.43673 0.90102 905.41773
v -859.68104 0.89997 900.96534
v -731.35478 0.89915 1178.51599
v 4183.45290 0.71459 752.54246
v 4573.68140 0.72498 860.71336
v 4530.26952 0.72567 741.22894
v 4139.24791 0.71519 628.60565
v 4572.16230 0.72565 616.15909
v 4182.42898 0.71505 500.89626
v 4852.75954 0.73412 831.07410
v 4893.32625 0.73418 709.08023
v 4895.18946 0.73336 946.19845
v 5715.46620 0.74264 805.24100
v 6356.79117 0.74952 888.41807
v 6395.30163 0.74925 968.85068
v 5752.07989 0.74201 904.85541
v 6357.40804 0.74925 1049.58125
v 5716.94753 0.74198 1009.93355
v 6959.15665 0.75564 1022.26680
v 6844.34703 0.75465 1067.55867
v 6844.28408 0.75468 958.74572
v 4415.45990 0.71308 490.82907
v 4799.64556 0.72374 601.25344
v 4843.05744 0.72304 720.73786
v 4459.66490 0.71248 614.76168
v 4801.16467 0.72306 845.80770
v 4416.48383 0.71262 742.47107
v 5157.09169 0.73157 805.89983
v 5116.52079 0.73150 927.88951
v 5114.65758 0.73233 690.77128
v 4687.70629 0.72389 899.11472
v 4300.16350 0.71352 794.69122
v 5006.20552 0.73227 981.50706
v 4685.62067 0.72482 562.85207
v 4298.75350 0.71415 448.68031
v 5003.64152 0.73341 655.46687
v 6900.01662 0.75612 958.54430
v 7123.37482 0.75832 1039.77843
v 6899.94948 0.75615 1085.36824
v 6840.80946 0.75663 1021.64154
v 6742.78548 0.75550 1068.17974
v 6742.72253 0.75553 959.37099
v 6292.73714 0.74994 1083.10218
v 5621.55890 0.74266 1055.59470
v 6206.87856 0.75051 1055.61569
v 5525.61635 0.74359 1024.49510
v 5524.13082 0.74425 819.80254
v 6206.26589 0.75078 894.45251
v 6291.92304 0.75030 862.60594
v 5619.51945 0.74357 774.14139
v 6189.35855 0.75098 976.85324
v 5488.99846 0.74422 924.88068
v 2871.37353 0.67490 257.72261
v 3165.45805 0.68095 259.64456
v 3201.55138 0.68022 397.64355
v 2907.73124 0.67415 397.64355
v 3165.45805 0.68095 535.64254
v 2871.37353 0.67490 537.56450
v 3442.45897 0.68556 397.64355
v 3405.22001 0.68623 533.76255
v 3405.22001 0.68623 261.52456
v 2677.46995 0.67889 537.56450
v 2972.96865 0.68485 535.64254
v 2936.87952 0.68558 397.64355
v 2641.11224 0.67964 397.64355
v 2972.96865 0.68485 259.64456
v 2677.46995 0.67889 257.72261
v 3169.37749 0.69051 397.64355
v 3206.61645 0.68983 261.52875
v 3206.61645 0.68983 533.76255
v 618.18176 0.65232 248.29747
v 1333.30902 0.66044 251.16781
v 1449.02506 0.65861 197.76428
v 748.96712 0.65068 195.22545
v 1566.51199 0.65672 251.65879
v 883.15577 0.64893 249.24166
v 2042.56130 0.66568 200.26954
v 2147.38765 0.66369 253.90387
v 1938.30565 0.66765 253.74441
v 3344.57767 0.69277 268.07935
v 3452.58911 0.69128 217.60072
v 3305.91613 0.68803 210.48360
v 3560.60474 0.68979 267.86953
v 3620.06369 0.69553 253.15272
v 3736.49732 0.69433 301.87725
v 3503.68881 0.69670 303.55162
v 3560.62991 0.68978 536.51959
v 3452.61848 0.69127 586.99403
v 3305.91613 0.68803 584.80770
v 3344.59865 0.69276 536.72941
v 3620.29449 0.69542 616.61230
v 3503.86086 0.69662 567.88777
v 3736.66518 0.69426 566.21340
v 3601.12109 0.68922 402.15470
v 3780.23232 0.69385 433.73269
v 3304.08230 0.69332 402.44425
v 3460.12166 0.69710 436.03233
v 5136.19356 0.73862 994.12567
v 5095.42962 0.73938 884.07898
v 5134.28420 0.73947 766.99910
v 5240.08412 0.73874 715.03494
v 5346.59744 0.73769 748.23694
v 5348.50680 0.73684 975.36351
v 5242.71108 0.73757 1027.33187
v 5387.36138 0.73693 858.28364
v 3827.16079 0.69771 590.74143
v 3828.86453 0.69694 487.52229
v 4790.43025 0.70311 535.45790
v 4789.19650 0.70367 636.54945
v 5534.95336 0.70795 573.28435
v 5534.07631 0.70834 671.89163
v 4788.42856 0.70401 440.82043
v 5532.75864 0.70893 485.77659
v 3827.16079 0.69771 384.29897
v 6231.22614 0.71947 596.66256
v 6230.60507 0.71975 682.00918
v 6663.75446 0.72696 749.25247
v 6657.73261 0.72662 681.04820
v 7043.68497 0.73328 808.19107
v 6977.75934 0.73206 753.01665
v 6658.81948 0.72614 806.18519
v 6978.48952 0.73174 837.44006
v 6232.61096 0.71886 755.71914
v 3818.07556 0.70179 384.29897
v 3816.37181 0.70255 487.51810
v 4778.58378 0.70843 559.11727
v 4779.81752 0.70788 458.02991
v 5523.69439 0.71300 613.98115
v 5524.57144 0.71261 515.37388
v 4780.58546 0.70754 653.75894
v 5525.88911 0.71202 701.48892
v 3818.07556 0.70179 590.74143
v 3822.61608 0.69975 629.45332
v 4785.03366 0.70554 681.85391
v 5530.22820 0.71007 721.58553
v 3822.61608 0.69975 345.58707
v 4783.98036 0.70601 412.72546
v 5528.41955 0.71088 465.67997
v 7184.06752 0.73490 822.94565
v 7045.42228 0.73249 749.40774
v 7048.01147 0.73133 788.99669
v 6981.47317 0.73040 736.54574
v 7046.27415 0.73211 847.78421
v 6982.20754 0.73007 820.96915
v 6236.36675 0.71717 770.02471
v 6668.26561 0.72494 818.15335
v 6664.32518 0.72367 781.77047
v 6239.60638 0.71571 724.69088
v 6238.22995 0.71633 565.63010
v 6234.46997 0.71801 551.32453
v 6666.78008 0.72560 646.95236
v 6663.23831 0.72415 656.63348
v 6240.22745 0.71543 639.34007
v 6671.28702 0.72358 715.85324
v 5937.33467 0.71100 598.53836
v 5936.62547 0.71132 693.22618
v 5935.12735 0.71199 516.46075
v 5930.96032 0.71386 500.14090
v 5927.35140 0.71548 550.10757
v 5933.02075 0.71295 743.19286
v 5928.84952 0.71482 726.87301
v 5926.64221 0.71581 644.79960
v 2881.87296 0.72380 -633.92670
v 2832.31334 0.72645 -695.17752
v 2809.05682 0.72556 -760.79680
v 2857.13511 0.72291 -702.57579
v 2835.02841 0.72524 -837.72542
v 2884.68875 0.72255 -781.61100
v 2755.09937 0.72856 -826.75180
v 2779.91275 0.72826 -900.59605
v 2777.30678 0.72942 -763.93152
v 2870.16077 0.73720 -1115.15857
v 2917.71451 0.74500 -1334.34133
v 2933.35453 0.74578 -1299.50273
v 2889.13694 0.73796 -1062.72441
v 2915.55755 0.74596 -1248.10088
v 2867.77301 0.73826 -1000.19788
v 2971.99089 0.75263 -1509.70517
v 2955.06676 0.75170 -1442.23107
v 2956.69917 0.75097 -1497.73700
v 3024.12711 0.72395 -809.30732
v 2966.30895 0.72675 -867.88922
v 2989.56546 0.72764 -802.26994
v 3048.86495 0.72484 -740.65403
v 2963.58967 0.72796 -725.33713
v 3021.31131 0.72520 -661.61881
v 2927.50473 0.73058 -867.18422
v 2902.69135 0.73088 -793.33997
v 2905.29732 0.72973 -930.00450
v 2897.44164 0.72743 -683.52828
v 2951.06758 0.72474 -620.08273
v 2839.51018 0.73037 -753.01246
v 2901.18064 0.72577 -879.53426
v 2954.93667 0.72302 -823.15128
v 2843.09392 0.72878 -940.92357
v 2939.62817 0.75184 -1530.38509
v 2962.49441 0.75490 -1577.90105
v 2937.65166 0.75272 -1466.75490
v 2905.28893 0.75194 -1487.43062
v 2897.84450 0.75110 -1423.79624
v 2899.47690 0.75037 -1479.29797
v 2873.91236 0.74580 -1223.88339
v 2813.54279 0.73784 -965.19141
v 2830.83200 0.74503 -1223.76170
v 2760.20220 0.73702 -973.29468
v 2762.58576 0.73597 -1088.25957
v 2832.98896 0.74407 -1310.00215
v 2876.87503 0.74448 -1341.67246
v 2816.82019 0.73639 -1123.26603
v 2817.43286 0.74450 -1266.05733
v 2741.22603 0.73626 -1025.73304
v 3002.01621 0.68337 373.21205
v 2959.42264 0.70107 -158.06203
v 3046.62407 0.70112 -193.19439
v 3094.08128 0.68343 336.43050
v 3132.72604 0.70166 -167.00039
v 3185.04270 0.68397 364.71851
v 3009.04101 0.71444 -589.54964
v 3089.79675 0.71505 -566.53652
v 2927.19000 0.71432 -554.16970
v 3182.09262 0.68528 538.22753
v 3129.79694 0.70296 -3.45365
v 3042.59551 0.70291 31.67871
v 3090.02755 0.68523 575.00488
v 2956.49354 0.70237 5.48471
v 2999.06614 0.68468 546.71687
v 3005.04183 0.71622 -375.44034
v 2924.28189 0.71561 -398.45346
v 3086.88864 0.71634 -410.82029
v 3163.75850 0.70242 -86.90348
v 3217.88801 0.68474 449.88048
v 3118.83172 0.71583 -490.99692
v 2925.46108 0.70161 -74.61220
v 2966.22082 0.68392 461.55490
v 2895.25111 0.71483 -473.99306
v 2909.35945 0.72029 -727.62837
v 2985.19280 0.72058 -766.08848
v 3059.94767 0.72136 -747.82989
v 3057.07313 0.72263 -596.59122
v 2981.23978 0.72234 -558.13111
v 2906.48491 0.72157 -576.38970
v 3086.74596 0.72219 -675.99572
v 2879.69082 0.72073 -648.21967
v 2744.96503 0.73222 -833.21847
v 2723.81932 0.73140 -892.88305
v 2747.46609 0.73111 -963.12678
v 2807.65942 0.73160 -1001.59528
v 2866.91275 0.73251 -991.34765
v 2864.41169 0.73362 -861.44353
v 2804.22256 0.73313 -822.97503
v 2888.05847 0.73333 -931.68726
v 5358.16275 0.74137 979.22421
v 5345.33851 0.74706 1075.50668
v 5314.95649 0.74691 1000.16011
v 5326.24064 0.74153 908.81682
v 5348.20886 0.74706 925.34649
v 5362.49764 0.74189 842.51352
v 5306.26573 0.75151 1062.07396
v 5337.02542 0.75152 981.74206
v 5335.25034 0.75190 1140.32864
v 5558.86871 0.76212 945.50185
v 5714.03522 0.77152 879.51748
v 5736.05379 0.77201 933.13922
v 5583.67790 0.76255 1015.24201
v 5713.16237 0.77191 991.53229
v 5557.76506 0.76261 1087.88189
v 5869.52066 0.78030 861.13300
v 5834.21625 0.77890 912.12779
v 5834.80375 0.77864 836.55462
v 5544.30297 0.74243 853.47455
v 5517.91593 0.74789 926.77327
v 5548.29795 0.74805 1002.11983
v 5576.22507 0.74227 923.88194
v 5515.04559 0.74789 1076.93346
v 5539.96807 0.74191 990.18104
v 5525.33099 0.75294 1054.46167
v 5494.57130 0.75294 1134.79358
v 5496.34638 0.75256 976.20699
v 5429.65281 0.74748 1104.37379
v 5448.25131 0.74154 1010.33221
v 5414.57930 0.75249 1167.29478
v 5433.60163 0.74748 897.90615
v 5454.21441 0.74226 822.36235
v 5417.01742 0.75196 949.23666
v 5828.03074 0.77984 819.48781
v 5888.71504 0.78311 836.50006
v 5827.34672 0.78014 907.54951
v 5785.85680 0.77968 865.90432
v 5762.41565 0.77837 916.22768
v 5763.00315 0.77811 840.65451
v 5662.65856 0.77173 1013.92014
v 5489.92167 0.76221 1118.44016
v 5606.74137 0.77113 997.60449
v 5422.49373 0.76162 1095.60329
v 5423.59739 0.76112 953.21905
v 5607.61003 0.77074 885.58968
v 5663.85034 0.77121 860.66300
v 5491.44077 0.76153 922.66498
v 5590.45510 0.77093 941.44392
v 5397.68455 0.76118 1025.85893
v 5341.66246 0.75578 1147.95772
v 5314.09623 0.75532 1070.86964
v 5342.95076 0.75526 990.72658
v 5418.42321 0.75571 957.17207
v 5493.40889 0.75635 982.58554
v 5492.12059 0.75687 1139.81668
v 5416.64813 0.75642 1173.36699
v 5520.97512 0.75682 1059.67362
v 4535.44370 0.67928 1004.40268
v 4565.25920 0.67859 931.85092
v 4699.41008 0.67830 1005.40143
v 4672.12501 0.67895 1076.25783
v 4851.32857 0.67798 1088.64984
v 4825.38216 0.67860 1156.69884
v 4745.51186 0.67873 940.11366
v 4895.73499 0.67839 1026.17786
v 4611.47008 0.67904 863.35290
v 5307.10501 0.68229 1243.46804
v 5284.85983 0.68282 1301.82334
v 5664.64765 0.68559 1494.80791
v 5676.36404 0.68513 1445.97427
v 5997.70424 0.68802 1664.06177
v 5952.03889 0.68734 1603.77193
v 5628.90262 0.68527 1534.03177
v 5920.01608 0.68744 1663.18472
v 5246.77320 0.68247 1355.39893
v 4655.20928 0.68206 874.17545
v 4625.39797 0.68274 946.72720
v 4768.40748 0.68226 1025.82117
v 4795.69255 0.68161 954.96476
v 4919.03767 0.68177 1109.09056
v 4944.97988 0.68115 1041.04155
v 4722.30990 0.68184 1091.10893
v 4874.62704 0.68136 1171.56673
v 4579.18289 0.68229 1015.22523
v 4543.06018 0.68083 1036.26184
v 4683.45952 0.68044 1109.20806
v 4836.81318 0.68002 1188.60416
v 4647.59699 0.68051 842.31629
v 4784.36223 0.68013 922.01034
v 4933.54886 0.67973 1009.13623
v 6110.19324 0.68839 1723.13046
v 6003.30225 0.68723 1625.50514
v 5971.58578 0.68656 1656.17671
v 5929.62586 0.68609 1597.00731
v 5965.98776 0.68735 1694.73334
v 5897.59885 0.68618 1656.41591
v 5214.34753 0.68132 1370.01083
v 5609.44806 0.68442 1548.18626
v 5595.67963 0.68341 1524.00234
v 5204.54471 0.68011 1342.65023
v 5264.87652 0.67992 1230.71935
v 5297.30219 0.68107 1216.10324
v 5674.38753 0.68422 1427.71149
v 5643.14105 0.68326 1435.94485
v 5226.78989 0.67957 1284.29493
v 5619.19213 0.68305 1481.08984
v 3726.70290 0.67457 751.96336
v 3739.56490 0.67629 724.69927
v 4061.49680 0.67822 748.27891
v 4048.75649 0.67656 778.80360
v 4377.93140 0.67986 768.09856
v 4360.15540 0.67827 798.93799
v 4043.72499 0.67990 773.62523
v 4365.97162 0.68152 792.18176
v 3721.19720 0.67798 754.14549
v 3637.91103 0.67788 905.37996
v 3625.04483 0.67616 932.64405
v 3949.61627 0.67828 953.14352
v 3962.35238 0.67995 922.61882
v 4268.90863 0.68010 969.46756
v 4286.68043 0.68170 938.62813
v 3967.38807 0.67660 927.79299
v 4280.86420 0.67844 945.38435
v 3643.41252 0.67448 903.19363
v 3678.52390 0.67857 830.17188
v 4002.09659 0.68055 847.15056
v 4327.41919 0.68222 864.13763
v 3686.09003 0.67388 827.16724
v 4009.01647 0.67595 854.26767
v 4319.42083 0.67774 873.42848
v 4546.66910 0.68055 794.09533
v 4519.24555 0.67902 820.60825
v 4544.94018 0.68217 821.64477
v 4439.76552 0.68087 992.31702
v 4467.18907 0.68240 965.80409
v 4441.49444 0.67925 964.76758
v 4510.88210 0.68287 893.91956
v 4475.54832 0.67855 892.49278
v 4992.76442 0.67806 1164.55453
v 4968.05175 0.67865 1229.37649
v 5035.06844 0.67845 1105.04102
v 5071.09044 0.67972 1088.80930
v 5081.98013 0.68108 1119.20391
v 4978.94144 0.68001 1259.77110
v 5014.95924 0.68128 1243.53519
v 5057.26746 0.68167 1184.02588
v 3291.31262 0.67247 784.32608
v 3330.06228 0.67192 703.54936
v 3491.14154 0.67239 784.07010
v 3449.60546 0.67296 862.31219
v 3533.93654 0.67311 709.72647
v 3376.46620 0.67263 630.33037
v 3396.87335 0.67600 650.50252
v 3358.12369 0.67656 731.27924
v 3495.76179 0.67710 798.37147
v 3537.29787 0.67653 720.12938
v 3452.96259 0.67638 872.71090
v 3311.71977 0.67585 804.49823
v 3285.55095 0.67413 823.28556
v 3435.47194 0.67464 896.12268
v 3402.63502 0.67435 611.54304
v 3551.43138 0.67485 686.31889
v 2838.89331 0.67467 334.76033
v 2891.08408 0.67624 328.59580
v 3175.24408 0.67497 485.22686
v 3136.97700 0.67332 498.09725
v 3181.06870 0.67656 531.03069
v 2910.17775 0.67775 382.28888
v 2821.90624 0.67759 541.91618
v 2769.71547 0.67602 548.08490
v 3056.28421 0.67475 700.36428
v 3094.54709 0.67640 687.49389
v 3050.45959 0.67316 654.56045
v 2750.62180 0.67451 494.38762
v 2879.40966 0.67825 471.01361
v 3146.07482 0.67709 615.43731
v 2781.39408 0.67401 405.66290
v 3085.45346 0.67263 570.15383
v 3078.07197 0.70888 -233.94574
v 3098.48752 0.70808 -296.29182
v 3232.49152 0.71237 -365.81377
v 3212.42848 0.71316 -304.55036
v 3342.61795 0.71601 -424.79853
v 3322.99553 0.71678 -364.88217
v 3214.40079 0.71228 -439.16704
v 3324.93007 0.71592 -496.53619
v 3080.08206 0.70798 -370.93339
v 3347.68721 0.72532 -643.00353
v 3330.68335 0.72598 -591.07714
v 3375.32897 0.73388 -721.95062
v 3388.16580 0.73324 -760.78841
v 3414.60319 0.74081 -836.70149
v 3415.70685 0.73927 -844.62012
v 3386.84812 0.73382 -671.02717
v 3414.82140 0.73966 -784.06171
v 3346.01284 0.72606 -528.91150
v 2976.56078 0.70986 -403.72835
v 2956.14524 0.71066 -341.38227
v 3092.60415 0.71491 -410.12788
v 3112.66719 0.71412 -471.39129
v 3205.81494 0.71849 -468.13487
v 3225.43316 0.71772 -528.05123
v 3110.69488 0.71500 -336.77461
v 3223.50281 0.71858 -396.40142
v 2974.55070 0.71075 -266.74070
v 3025.93576 0.70998 -224.65908
v 3161.19030 0.71424 -295.42317
v 3272.88618 0.71784 -355.95640
v 3028.69700 0.70876 -413.01501
v 3163.90537 0.71304 -480.51848
v 3275.54251 0.71666 -536.98120
v 3447.81359 0.74299 -872.66893
v 3441.78335 0.74009 -863.53754
v 3467.93119 0.73984 -819.81094
v 3461.47710 0.73844 -830.12152
v 3440.75103 0.74055 -792.97069
v 3460.58747 0.73883 -769.56311
v 3388.81204 0.72542 -493.85887
v 3420.83066 0.73344 -645.84870
v 3454.68311 0.73259 -649.54154
v 3432.23651 0.72450 -501.59706
v 3433.91088 0.72375 -615.69329
v 3391.11168 0.72440 -650.74172
v 3422.63092 0.73264 -768.65248
v 3456.00079 0.73201 -739.30278
v 3449.24037 0.72383 -553.52345
v 3468.13681 0.73220 -692.55056
v 3411.68249 0.71898 -473.27548
v 3392.81962 0.71972 -415.67134
v 3394.67443 0.71889 -542.23511
v 3347.20043 0.71961 -581.11905
v 3299.02563 0.72063 -572.53739
v 3344.64901 0.72074 -407.09387
v 3297.17081 0.72145 -445.97362
v 3280.16695 0.72137 -514.93325
v 3069.21335 0.68290 587.39269
v 2774.42384 0.67690 590.03223
v 3069.21335 0.68290 207.89442
v 2774.42384 0.67690 205.25488
v 632.21456 0.65196 542.93171
v 1340.61916 0.66025 542.00850
v 1293.72007 0.66104 397.37918
v 576.44425 0.65277 397.13579
v 1900.42464 0.66836 397.55963
v 1940.64305 0.66759 540.86708
v 1610.83449 0.65595 391.56295
v 933.98270 0.64817 385.96914
v 1568.66895 0.65657 533.05336
v 887.29762 0.64866 525.73901
v 2186.78356 0.66293 395.69642
v 2148.08006 0.66365 538.00093
v 2360.54437 0.67345 255.84681
v 2323.63693 0.67420 397.63516
v 2360.83392 0.67344 539.35637
v 2558.34222 0.66941 538.99967
v 2595.35038 0.66866 397.40016
v 2558.25410 0.66942 255.86779
v 2459.62584 0.67143 592.29829
v 2044.64691 0.66561 592.98651
v 2459.36147 0.67143 202.73703
v 1455.52950 0.65838 591.17785
v 761.45983 0.65025 587.87947
v 4686.44317 0.67990 1093.74428
v 4793.71184 0.68436 1183.77409
v 4775.59173 0.68501 1131.17627
v 4668.67976 0.68053 1042.17878
v 4800.61494 0.68539 1074.81846
v 4693.21198 0.68091 986.92463
v 4862.45745 0.68850 1201.74312
v 4887.71985 0.68888 1144.84818
v 4880.74961 0.68784 1254.84451
v 5184.74185 0.69141 1255.74674
v 5397.81883 0.69315 1387.72388
v 5414.15127 0.69271 1427.39676
v 5201.16660 0.69082 1303.42217
v 5392.87127 0.69241 1465.85267
v 5178.48500 0.69048 1354.50089
v 5599.38087 0.69439 1541.16567
v 5556.36765 0.69390 1548.36251
v 5559.71219 0.69440 1495.59683
v 4806.01152 0.68021 977.10083
v 4915.67214 0.68468 1064.79324
v 4933.79225 0.68403 1117.39526
v 4823.77493 0.67957 1028.66633
v 4908.76905 0.68364 1173.75306
v 4799.24271 0.67920 1083.91628
v 5022.16867 0.68750 1187.83202
v 4996.90208 0.68712 1244.72697
v 5003.87232 0.68816 1134.73063
v 4849.94375 0.68381 1199.19590
v 4741.57562 0.67936 1108.85975
v 4937.51866 0.68728 1270.41320
v 4859.43603 0.68523 1049.37562
v 4750.87907 0.68075 961.98535
v 4947.10327 0.68872 1119.16614
v 5568.86876 0.69488 1513.25533
v 5644.01810 0.69515 1585.10629
v 5564.97029 0.69430 1574.73696
v 5534.45819 0.69479 1546.82243
v 5500.65190 0.69425 1553.21356
v 5503.99644 0.69475 1500.45208
v 5354.33142 0.69255 1485.75625
v 5125.17379 0.69063 1377.56017
v 5310.36982 0.69292 1473.04112
v 5074.20417 0.69112 1363.58193
v 5080.46522 0.69206 1264.83197
v 5315.32158 0.69366 1394.91234
v 5361.10443 0.69357 1378.86945
v 5133.77643 0.69191 1241.77269
v 5301.28459 0.69341 1437.22895
v 5057.78362 0.69171 1315.91069
v 4947.45576 0.68975 1300.40495
v 4929.47414 0.69040 1248.20579
v 4954.30850 0.69078 1192.27602
v 5012.68478 0.69061 1167.03041
v 5068.48866 0.69007 1182.33053
v 5061.63592 0.68904 1290.45946
v 5003.26384 0.68921 1315.70927
v 5086.47448 0.68942 1234.53388
v 2833.33726 0.72812 -790.04579
v 2685.37599 0.73107 -687.95130
v 2652.56005 0.73113 -734.22512
v 2801.17177 0.72818 -835.40900
v 2645.09883 0.73179 -779.31976
v 2793.85742 0.72883 -879.61819
v 2538.03999 0.73348 -653.90581
v 2530.50743 0.73415 -699.42848
v 2571.16646 0.73342 -607.19136
v 2525.07727 0.73943 -561.51342
v 2524.57790 0.74306 -417.19044
v 2548.06941 0.74307 -381.84406
v 2554.81724 0.73938 -519.57448
v 2553.45760 0.74254 -351.67606
v 2561.57766 0.73877 -478.70144
v 2540.49069 0.74629 -256.78681
v 2546.24817 0.74542 -256.83716
v 2526.74325 0.74578 -301.08413
v 2860.13974 0.73042 -876.53803
v 2712.71141 0.73342 -776.18085
v 2745.52316 0.73336 -729.90702
v 2892.30943 0.73037 -831.17482
v 2752.98437 0.73269 -684.81238
v 2899.62378 0.72971 -786.96562
v 2631.89273 0.73573 -649.54574
v 2639.42109 0.73506 -604.02307
v 2598.76206 0.73579 -696.26019
v 2726.73162 0.73174 -669.25209
v 2873.88299 0.72878 -771.71167
v 2612.91655 0.73410 -588.31170
v 2671.35578 0.73274 -794.88006
v 2819.59821 0.72976 -894.87215
v 2557.01196 0.73511 -715.13985
v 2510.04992 0.74603 -283.45081
v 2524.11629 0.74714 -211.40262
v 2532.77769 0.74562 -231.89370
v 2502.33692 0.74537 -258.55769
v 2513.50776 0.74464 -258.35627
v 2494.00284 0.74499 -302.60323
v 2534.66187 0.74192 -338.56647
v 2537.77981 0.73791 -464.59730
v 2504.98066 0.74137 -353.92534
v 2500.29746 0.73730 -481.54660
v 2463.79707 0.73796 -564.35859
v 2476.10095 0.74189 -419.43971
v 2495.15266 0.74263 -428.20182
v 2487.59073 0.73882 -578.46273
v 2481.74093 0.74148 -384.92423
v 2470.55749 0.73735 -523.48554
v 2514.62821 0.73499 -554.91246
v 2482.06825 0.73505 -600.83379
v 2474.66158 0.73571 -645.58433
v 2500.71710 0.73665 -661.02712
v 2541.75801 0.73732 -642.47059
v 2581.72463 0.73660 -551.79873
v 2555.66911 0.73566 -536.35174
v 2574.32216 0.73726 -596.54926
v 3798.33564 0.70459 387.46726
v 3916.76676 0.70360 336.38854
v 4035.39931 0.70252 382.23433
v 4035.93226 0.70229 640.71229
v 3917.50113 0.70327 691.79101
v 3798.86858 0.70435 645.94522
v 4080.11627 0.70202 510.49345
v 3754.15162 0.70485 517.69030
v 4363.96154 0.71672 688.23246
v 4304.03679 0.72124 1323.19147
v 4263.65892 0.72272 1270.27472
v 4320.57904 0.71824 653.47358
v 4299.42493 0.72447 1239.59895
v 4358.02362 0.71995 640.95988
v 4220.22186 0.72651 1757.98585
v 4254.43520 0.72827 1714.34317
v 4258.03992 0.72507 1823.65549
v 4455.05724 0.73521 2287.91708
v 4547.44963 0.73985 2606.72265
v 4573.52194 0.73895 2661.34314
v 4486.90800 0.73398 2350.95137
v 4549.25828 0.73765 2690.31517
v 4457.66741 0.73243 2394.23316
v 4644.21468 0.74315 2920.75690
v 4618.76764 0.74160 2899.01949
v 4617.70175 0.74308 2842.65749
v 4573.55551 0.72045 700.28035
v 4502.47669 0.72519 1298.89425
v 4542.85456 0.72371 1351.80680
v 4616.94220 0.71892 735.03923
v 4507.08855 0.72196 1382.48676
v 4579.49762 0.71722 747.54873
v 4484.33141 0.72770 1838.74579
v 4450.11806 0.72594 1882.38847
v 4446.51754 0.72914 1773.08034
v 4406.42923 0.72099 1368.51271
v 4472.84583 0.71636 726.75551
v 4354.75042 0.72491 1873.51725
v 4400.08845 0.72543 1253.57300
v 4464.67542 0.72081 661.75730
v 4349.80285 0.72930 1723.21858
v 4594.60890 0.74372 2869.20819
v 4635.47775 0.74445 3000.61461
v 4595.78809 0.74199 2934.86944
v 4546.18231 0.74256 2883.32072
v 4534.31067 0.74111 2867.47926
v 4533.24478 0.74259 2811.11726
v 4488.16273 0.73697 2688.24214
v 4376.70185 0.73148 2387.83363
v 4422.63157 0.73695 2646.14374
v 4294.76272 0.73158 2341.56820
v 4292.15255 0.73437 2235.24792
v 4420.82292 0.73915 2562.55122
v 4485.70363 0.73997 2573.88573
v 4373.11811 0.73531 2241.64745
v 4400.34862 0.73799 2600.78473
v 4262.91195 0.73282 2278.53390
v 4243.78891 0.72798 2112.43155
v 4208.14459 0.72935 2043.61040
v 4240.71294 0.73107 1996.14479
v 4331.09105 0.73210 2002.81289
v 4422.62318 0.73198 2053.09009
v 4425.69915 0.72889 2169.38105
v 4335.32103 0.72785 2162.70875
v 4458.27169 0.73060 2121.91124
v 4372.17392 0.72385 1572.73947
v 4573.60586 0.72213 1618.48035
v 4531.97327 0.72177 1658.10706
v 4341.38485 0.72339 1615.04769
v 4514.35673 0.72219 1712.21140
v 4333.84390 0.72379 1668.15327
v 4689.07432 0.72039 1705.36705
v 4664.27353 0.72082 1759.69799
v 4738.23108 0.72067 1668.06095
v 5010.44810 0.72098 2013.50115
v 5294.32274 0.72055 2253.77508
v 5334.91463 0.72071 2232.66713
v 5056.60443 0.72119 1981.78467
v 5350.05528 0.72042 2191.30730
v 5081.29611 0.72081 1934.10085
v 5578.94015 0.72029 2452.65560
v 5550.26187 0.72018 2389.56675
v 5512.65783 0.72027 2431.71131
v 4395.83748 0.72612 1696.94485
v 4578.38977 0.72427 1750.81838
v 4620.02237 0.72463 1711.19167
v 4426.62655 0.72658 1654.63663
v 4637.63891 0.72421 1657.09153
v 4434.16750 0.72618 1601.53104
v 4778.36137 0.72299 1767.80545
v 4803.16635 0.72256 1713.47452
v 4729.20460 0.72271 1805.11155
v 4616.73238 0.72316 1620.21347
v 4410.35707 0.72503 1569.24386
v 4784.56786 0.72159 1673.58763
v 4535.26325 0.72324 1749.08946
v 4357.65434 0.72494 1700.44046
v 4682.87202 0.72179 1799.58907
v 5539.32602 0.71986 2464.04466
v 5655.60439 0.71980 2523.74701
v 5583.14495 0.71976 2414.93406
v 5543.53083 0.71932 2426.32312
v 5519.87566 0.71935 2366.96488
v 5482.27581 0.71944 2409.11364
v 5342.22897 0.71978 2167.01427
v 5065.95403 0.71999 1897.91939
v 5305.01939 0.71918 2157.80734
v 5024.04447 0.71924 1891.51986
v 4953.20065 0.71940 1970.92436
v 5249.28266 0.71931 2220.27512
v 5265.97598 0.71996 2252.48258
v 4968.54273 0.72022 2007.10162
v 5273.29452 0.71902 2186.83392
v 4977.89234 0.71903 1923.23634
v 4856.02016 0.71971 1737.49897
v 4805.33170 0.71947 1772.77401
v 4778.40333 0.71989 1825.58165
v 4795.53308 0.72080 1865.48532
v 4841.76914 0.72164 1872.35485
v 4919.38597 0.72146 1784.26798
v 4902.25622 0.72055 1744.36850
v 4892.45760 0.72188 1837.07981
v 1986.60215 0.78000 -196.05215
v 1932.82094 0.77858 -365.81797
v 2614.81333 0.79184 -684.75363
v 2662.22439 0.79328 -508.51694
v 1815.90053 0.77947 -511.36211
v 2501.61094 0.79276 -838.51854
v 3047.39621 0.80375 -1092.92598
v 3153.17515 0.80284 -938.33438
v 3193.51945 0.80425 -763.56643
v 3491.25064 0.82949 -1344.30781
v 3528.02799 0.83070 -1194.34485
v 3904.60137 0.85091 -1431.49245
v 3861.58815 0.84963 -1542.12245
v 3620.91556 0.82992 -1062.37610
v 3979.06249 0.84999 -1330.61912
v 4233.79306 0.86520 -1544.56476
v 4234.65752 0.86862 -1644.19596
v 4144.69904 0.86494 -1680.70474
v 1647.53211 0.78566 -446.77514
v 1701.31751 0.78708 -277.00931
v 2373.58262 0.80052 -602.33611
v 2326.17157 0.79907 -778.57700
v 1818.23793 0.78619 -131.46518
v 2486.78921 0.79960 -448.57540
v 3019.02847 0.81042 -709.75585
v 2913.24533 0.81133 -864.34745
v 2872.90103 0.80993 -1039.11959
v 1934.42817 0.78319 -104.64172
v 2604.62025 0.79654 -416.67008
v 3133.67023 0.80742 -674.90465
v 1699.71029 0.78247 -538.18976
v 2383.77571 0.79582 -870.42385
v 2932.75025 0.80675 -1127.77718
v 4383.86092 0.87391 -1739.00968
v 4223.12997 0.86681 -1743.08439
v 4330.80569 0.86711 -1587.01146
v 4307.36874 0.86235 -1578.90399
v 4319.28235 0.86530 -1685.89990
v 4218.27473 0.86209 -1715.04397
v 3720.04319 0.82733 -1033.50479
v 4062.70117 0.84827 -1317.66060
v 3770.54700 0.82458 -1110.35368
v 4092.32363 0.84577 -1375.13045
v 3640.88209 0.82415 -1392.28119
v 3541.75446 0.82674 -1421.15669
v 3901.25263 0.84778 -1606.54156
v 3974.84929 0.84541 -1586.63378
v 3733.76965 0.82336 -1260.31664
v 4059.35243 0.84514 -1492.70970
v 3476.43731 0.81093 -1099.73256
v 3513.14752 0.81227 -931.43548
v 3376.65084 0.81181 -1249.28007
v 3266.95245 0.81468 -1283.87109
v 3208.44608 0.81773 -1199.27144
v 3454.64115 0.81532 -846.83583
v 3344.94696 0.81819 -881.42684
v 3245.15629 0.81907 -1030.97436
v 890.58341 0.76639 328.91892
v 1109.36752 0.79573 119.95862
v 990.18104 0.79544 18.25439
v 756.47869 0.76608 233.50931
v 1282.40655 0.81846 -44.55330
v 1175.19243 0.81818 -149.91260
v 1163.63551 0.81806 -300.29520
v 967.23087 0.79529 -137.26881
v 718.19903 0.76590 72.89167
v 1773.79373 0.84052 -620.77514
v 2204.83653 0.85439 -826.32796
v 2281.48398 0.85478 -756.13879
v 1862.77024 0.84075 -526.98535
v 2540.09623 0.86483 -972.99674
v 2648.44337 0.86709 -957.00002
v 2590.20558 0.86500 -854.42294
v 2279.10881 0.85465 -650.57806
v 1868.20040 0.84085 -397.38338
v 973.73531 0.76627 -101.00343
v 1223.87080 0.79569 -280.79448
v 1343.05728 0.79598 -179.09025
v 1107.84003 0.76659 -5.59382
v 1418.71858 0.81847 -420.35873
v 1525.93269 0.81874 -314.99943
v 1537.48961 0.81886 -164.61683
v 1366.00745 0.79613 -23.56705
v 1146.11969 0.76677 155.02383
v 1264.33680 0.79601 96.42934
v 1050.67651 0.76667 289.97623
v 1432.21843 0.81873 -56.63477
v 1068.90152 0.79541 -257.26100
v 813.64221 0.76599 -62.06073
v 1268.90669 0.81819 -408.27726
v 2550.34806 0.86688 -996.55539
v 2733.83195 0.87151 -1009.52650
v 2421.84555 0.86464 -922.31248
v 2510.64581 0.86687 -897.93553
v 2471.95490 0.86481 -803.73868
v 2608.73693 0.86708 -858.38435
v 2212.39007 0.85476 -584.51815
v 1774.50712 0.84073 -307.74803
v 2103.83310 0.85436 -575.44970
v 1645.40872 0.84049 -301.88564
v 1551.00625 0.84016 -525.28160
v 2029.56081 0.85411 -751.19961
v 2110.77816 0.85441 -824.97252
v 1644.69953 0.84028 -614.91695
v 2041.68425 0.85439 -653.35188
v 1556.43641 0.84026 -395.67963
v 1406.09997 0.83081 -150.10144
v 1306.82966 0.83056 -253.78637
v 1300.14897 0.83045 -397.66034
v 1403.72480 0.83058 -497.66082
v 1547.03645 0.83085 -504.82410
v 1652.99164 0.83121 -257.26940
v 1549.41161 0.83108 -157.26891
v 1646.30675 0.83111 -401.13916
v 3628.09142 0.81920 -1070.02616
v 3585.57338 0.81811 -1163.79498
v 3998.31563 0.81884 -1279.57816
v 4064.93366 0.81994 -1193.15727
v 3545.45569 0.81908 -1261.81895
v 3938.91542 0.81967 -1379.36883
v 4265.40462 0.82017 -1499.38200
v 4338.31727 0.81946 -1399.21785
v 4421.89720 0.82056 -1318.95309
v 4850.74946 0.82827 -1999.21656
v 4930.95128 0.82924 -1931.44452
v 5420.29062 0.83500 -2438.33325
v 5349.77832 0.83415 -2483.93565
v 5000.38510 0.82866 -1843.55907
v 5467.50025 0.83446 -2361.47597
v 5811.92491 0.83892 -2759.46363
v 5849.44922 0.84006 -2882.85911
v 5732.49943 0.83872 -2842.08258
v 3551.85102 0.82454 -1273.17444
v 3594.37326 0.82562 -1179.40563
v 4024.79498 0.82589 -1328.61323
v 3958.17275 0.82479 -1415.03413
v 3634.49095 0.82465 -1081.38165
v 4084.19518 0.82507 -1228.82257
v 4450.35726 0.82539 -1372.01252
v 4377.44461 0.82611 -1472.17666
v 4293.86469 0.82501 -1552.44562
v 3646.78644 0.82195 -1039.74066
v 4098.19441 0.82256 -1176.07368
v 4465.47273 0.82305 -1311.65134
v 3533.16020 0.82179 -1303.45994
v 3924.91619 0.82218 -1432.11772
v 4250.28915 0.82252 -1559.74318
v 6000.01646 0.84100 -3033.58582
v 5794.29159 0.83866 -2914.40354
v 5886.84344 0.83890 -2818.12947
v 5796.67935 0.83674 -2730.99098
v 5831.68581 0.83751 -2849.67809
v 5717.25806 0.83653 -2813.60993
v 5014.08219 0.82667 -1787.54957
v 5485.36437 0.83300 -2325.68898
v 4971.66906 0.82454 -1789.91215
v 5444.90677 0.83122 -2319.26847
v 4822.02922 0.82416 -1945.56964
v 4808.33214 0.82614 -2001.57914
v 5324.30190 0.83258 -2493.23490
v 5327.18064 0.83091 -2441.72815
v 4891.46305 0.82358 -1857.68000
v 5389.37565 0.83057 -2380.59063
v 4580.63066 0.82031 -1550.59920
v 4668.47833 0.82138 -1475.16031
v 4504.50775 0.82095 -1647.93496
v 4489.40067 0.82316 -1709.53409
v 4535.77941 0.82553 -1706.34062
v 4714.86127 0.82374 -1471.97104
v 4699.75419 0.82595 -1533.57016
v 4623.63128 0.82660 -1630.90592
v 385.24316 0.75273 207.03835
v 293.24943 0.75506 193.77769
v 995.64477 0.76875 -177.52499
v 1102.14550 0.76603 -157.14302
v 259.90055 0.75756 267.61775
v 952.01468 0.77166 -92.95891
v 416.29660 0.75800 499.89331
v 508.29033 0.75568 513.15397
v 1226.19561 0.76944 207.28174
v 1119.69069 0.77216 186.89977
v 541.63922 0.75318 439.31392
v 1269.82151 0.76653 122.71986
v 314.59657 0.75869 395.11312
v 1007.70526 0.77296 59.00574
v 486.94319 0.75205 311.81855
v 1214.13513 0.76522 -29.24479
v 2048.49502 0.78540 -367.61403
v 2122.76731 0.78428 -475.15127
v 2927.56348 0.78478 99.48852
v 2871.70505 0.78586 227.75603
v 2211.17311 0.78561 -563.98091
v 3003.64023 0.78603 -13.57119
v 3645.13725 0.78644 413.77036
v 3578.74582 0.78526 543.46046
v 3536.83206 0.78631 685.66006
v 4516.42556 0.79480 826.44127
v 4485.91345 0.79570 956.92868
v 5037.38066 0.79977 1128.65423
v 5052.44578 0.79901 1023.15225
v 4431.27198 0.79470 1077.17685
v 4985.40391 0.79892 1220.39198
v 5391.59556 0.80208 1309.92661
v 5500.88270 0.80313 1270.63141
v 5436.85385 0.80215 1176.87099
v 2248.84849 0.79217 -514.08977
v 2174.57620 0.79329 -406.55254
v 3001.70568 0.79334 155.24204
v 3057.55992 0.79226 26.97873
v 2086.17040 0.79195 -317.72290
v 2925.62894 0.79209 268.30176
v 3602.10724 0.79223 719.02572
v 3668.49447 0.79341 589.33982
v 3710.40823 0.79237 447.14023
v 2036.83319 0.78863 -305.84705
v 2873.92915 0.78894 293.27880
v 3549.16112 0.78925 753.32299
v 2260.51451 0.78893 -575.85256
v 3055.33582 0.78918 -38.54404
v 3698.07917 0.78943 379.47729
v 5650.42602 0.80327 1314.13561
v 5503.16974 0.80163 1182.93481
v 5450.41666 0.80155 1337.96703
v 5351.25965 0.79945 1292.86820
v 5452.70790 0.80006 1250.27043
v 5396.51795 0.79951 1159.81678
v 4383.13075 0.79215 1110.53832
v 4953.55315 0.79701 1247.49660
v 4366.91582 0.78965 1049.87500
v 4930.06164 0.79498 1196.95502
v 4452.06520 0.78975 799.13522
v 4500.21063 0.79230 765.77375
v 5045.27411 0.79714 977.65056
v 4997.10351 0.79507 999.71529
v 4397.42373 0.78875 919.38758
v 4961.44240 0.79438 1096.49713
v 3996.65804 0.78604 776.42843
v 3961.59283 0.78704 919.97508
v 4057.28360 0.78715 644.00228
v 4109.30651 0.78999 607.08225
v 4125.45011 0.79278 673.64993
v 3977.73223 0.78983 986.54695
v 4029.75514 0.79267 949.62692
v 4090.38489 0.79378 817.19657
v 3229.12180 0.78887 424.97478
v 3241.48024 0.78800 497.74475
v 3138.99128 0.79345 617.95515
v 3120.06966 0.79464 552.96113
v 3312.49611 0.78796 546.42732
v 3213.82588 0.79313 667.31754
v 3138.90735 0.79744 782.66011
v 3061.97874 0.79797 733.25995
v 3038.44107 0.79937 674.52278
v 3291.89592 0.80825 1086.74886
v 3269.37798 0.80956 1037.88585
v 3394.34711 0.81827 1365.91094
v 3409.99553 0.81711 1399.43607
v 3201.13594 0.81012 994.59567
v 3338.58939 0.81857 1326.93467
v 3450.03769 0.82490 1580.36854
v 3503.79372 0.82591 1653.64208
v 3498.21249 0.82391 1629.28611
v 3468.92573 0.79022 482.20124
v 3456.56730 0.79110 409.43547
v 3343.99017 0.79662 560.62378
v 3362.91599 0.79543 625.61780
v 3385.55143 0.79113 360.75290
v 3269.15977 0.79694 511.26139
v 3180.80852 0.80168 649.63386
v 3257.73294 0.80115 699.03402
v 3281.27061 0.79975 757.77119
v 3291.70708 0.79017 370.08992
v 3177.03595 0.79607 510.66970
v 3090.78710 0.80089 641.80336
v 3406.34465 0.78892 537.08611
v 3305.94970 0.79400 667.90923
v 3228.92877 0.79823 790.49061
v 3517.12572 0.82826 1762.05637
v 3494.15456 0.82471 1686.73918
v 3438.01916 0.82586 1629.74352
v 3385.31643 0.82382 1588.26619
v 3428.38001 0.82466 1662.84062
v 3433.49543 0.82283 1637.17956
v 3123.14983 0.80945 984.75508
v 3279.87740 0.81819 1324.32030
v 3079.20501 0.80808 1009.46775
v 3242.65943 0.81698 1338.63846
v 3169.96499 0.80622 1101.62514
v 3247.95110 0.80688 1111.46573
v 3377.56986 0.81618 1423.51088
v 3314.06556 0.81551 1411.13986
v 3101.72295 0.80677 1058.33496
v 3263.10434 0.81609 1381.92025
v 3037.84098 0.80140 854.84677
v 3013.16608 0.80285 800.34798
v 3113.31763 0.80080 902.79917
v 3199.83085 0.80155 913.27341
v 3248.78619 0.80305 885.33370
v 3062.12142 0.80436 772.40408
v 3148.63463 0.80510 782.88252
v 3224.10709 0.80450 830.83491
vn -0.7113 0.0473 0.7013
vn -0.7099 0.0680 0.7010
vn -0.9953 0.0972 -0.0015
vn -0.9980 0.0631 -0.0006
vn -0.7004 0.0603 0.7112
vn -0.9948 0.1022 -0.0023
vn -0.6948 0.0935 -0.7131
vn -0.7074 0.0777 -0.7025
vn -0.7106 0.0496 -0.7018
vn -0.0079 0.0201 -0.9998
vn -0.0091 0.0137 -0.9999
vn 0.0132 0.0389 -0.9992
vn 0.7112 -0.0282 -0.7024
vn 0.6999 -0.0421 -0.7130
vn 0.7016 -0.0231 -0.7122
vn 0.0096 -0.0076 0.9999
vn 0.0065 -0.0153 0.9999
vn -0.7041 0.0165 0.7099
vn 0.7113 -0.0606 0.7003
vn 0.7114 -0.0231 0.7024
vn 0.7079 0.0028 0.7064
vn 0.0006 -0.0093 1.0000
vn -0.7070 0.0022 0.7073
vn 0.9973 -0.0728 -0.0016
vn 0.9992 -0.0398 -0.0005
vn 0.9976 -0.0694 -0.0022
vn 0.7010 -0.0525 0.7113
vn 0.7021 -0.0255 0.7117
vn -0.0090 0.0058 0.9999
vn -0.0092 0.0105 0.9999
vn 0.9996 0.0295 0.0039
vn 0.9991 0.0410 0.0048
vn 0.7097 0.0239 0.7041
vn 0.7128 0.0560 -0.6992
vn 0.7156 0.0495 -0.6968
vn 0.7154 0.0459 -0.6972
vn 0.9986 0.0521 0.0013
vn 0.7137 0.0420 0.6992
vn 0.0122 0.0636 -0.9979
vn 0.7131 0.0319 -0.7003
vn -0.6994 0.0729 -0.7110
vn -0.7065 0.0550 -0.7055
vn 0.0066 0.0658 -0.9978
vn -0.9986 0.0527 -0.0009
vn -0.9996 0.0283 0.0023
vn 1.0000 -0.0042 0.0001
vn 0.9871 0.1600 0.0001
vn 0.7243 0.1286 0.6773
vn 0.7246 0.1286 -0.6770
vn 0.6942 0.1316 -0.7076
vn 0.9839 0.1785 0.0002
vn 0.6940 0.1316 0.7079
vn -0.9999 0.0133 0.0037
vn -0.7100 0.0290 -0.7036
vn -0.7074 0.0050 0.7068
vn -0.7111 0.0033 0.7031
vn -1.0000 -0.0025 0.0010
vn -0.7119 0.0066 -0.7023
vn 0.0024 0.0082 1.0000
vn 0.0035 0.0210 0.9998
vn 0.0065 0.0435 -0.9990
vn 0.0047 0.0261 -0.9996
vn -0.7241 -0.0873 0.6841
vn -0.0285 0.0144 0.9995
vn -0.0127 0.0249 0.9996
vn -0.7154 0.0302 0.6980
vn 0.7033 0.0253 0.7105
vn 0.7100 -0.0080 0.7041
vn 0.0013 0.0232 0.9997
vn -0.7073 0.0550 0.7047
vn -0.9913 -0.1318 0.0003
vn -0.6953 -0.0812 -0.7142
vn -0.6951 -0.0811 0.7143
vn -0.9925 -0.1224 0.0003
vn -0.7243 -0.0873 -0.6839
vn 0.0309 0.0337 0.9990
vn 0.0312 0.0336 -0.9989
vn -0.0284 0.0144 -0.9995
vn 0.9998 -0.0215 0.0002
vn 0.9999 -0.0126 0.0001
vn 0.7126 -0.0034 0.7016
vn 0.7102 -0.0080 -0.7039
vn 0.7126 -0.0034 -0.7015
vn 0.7172 0.0248 -0.6965
vn 0.9997 0.0253 0.0000
vn 0.7172 0.0248 0.6965
vn -0.0127 0.0249 -0.9996
vn 0.7035 0.0254 -0.7102
vn -0.7157 0.0302 -0.6978
vn -0.7075 0.0551 -0.7046
vn 0.0014 0.0232 -0.9997
vn 0.9997 0.0258 0.0002
vn -0.9995 0.0330 0.0003
vn -0.9977 0.0674 0.0002
vn -0.7065 0.0134 -0.7076
vn -1.0000 0.0094 0.0000
vn -0.9996 -0.0282 0.0000
vn -0.7036 -0.0044 -0.7106
vn -0.7065 0.0134 0.7076
vn -0.7036 -0.0044 0.7106
vn -0.7057 0.0033 0.7085
vn -0.9922 0.1246 0.0000
vn -0.7057 0.0033 -0.7085
vn -0.9990 0.0456 0.0001
vn -0.7073 0.0380 -0.7059
vn -0.7072 0.0380 0.7060
vn 0.0044 0.0173 0.9998
vn 0.0083 0.0200 0.9998
vn 0.0044 0.0173 -0.9998
vn 0.0083 0.0200 -0.9998
vn -0.0872 0.9962 0.0000
vn 0.0162 0.2303 -0.9730
vn 0.0162 0.2303 0.9730
vn 0.7171 0.1354 0.6837
vn 0.9501 0.3118 0.0000
vn 0.7171 0.1354 -0.6837
vn 0.0066 0.0410 0.9991
vn 0.7218 0.0798 0.6875
vn 0.0066 0.0410 -0.9991
vn 0.7218 0.0798 -0.6875
vn 0.9949 0.1006 0.0000
vn 0.5591 0.4381 0.7039
vn 0.7882 0.6154 0.0005
vn 0.8057 0.5923 0.0000
vn 0.5740 0.4248 0.7000
vn 0.5591 0.4383 -0.7038
vn 0.5740 0.4248 -0.7000
vn 0.5647 0.4459 -0.6945
vn 0.7887 0.6147 0.0000
vn 0.5647 0.4459 0.6945
vn -0.4135 -0.6133 -0.6730
vn -0.5390 -0.8423 0.0000
vn -0.4921 -0.8705 0.0000
vn -0.3852 -0.6398 -0.6650
vn -0.4135 -0.6133 0.6730
vn -0.3852 -0.6398 0.6650
vn -0.4040 -0.6321 0.6612
vn -0.6400 -0.7684 0.0000
vn -0.4040 -0.6321 -0.6612
vn -0.5747 -0.4267 -0.6984
vn -0.8016 -0.5978 0.0004
vn -0.8142 -0.5806 0.0000
vn -0.5816 -0.4119 -0.7015
vn -0.5744 -0.4267 0.6985
vn -0.5816 -0.4119 0.7015
vn -0.5711 -0.4228 0.7036
vn -0.7998 -0.6002 0.0000
vn -0.5711 -0.4228 -0.7036
vn -0.0078 0.0026 1.0000
vn -0.0030 0.0068 1.0000
vn -0.0006 0.0155 0.9999
vn -0.0078 0.0027 -1.0000
vn -0.0030 0.0068 -1.0000
vn -0.0006 0.0155 -0.9999
vn -0.8632 0.5049 0.0000
vn -0.1785 0.2031 -0.9628
vn -0.1785 0.2030 0.9628
vn 0.2858 0.7330 0.6172
vn 0.2888 0.9574 0.0000
vn 0.2858 0.7330 -0.6172
vn -0.0176 0.0641 0.9978
vn -0.0347 0.0579 0.9977
vn 0.3725 0.6735 0.6385
vn 0.3168 0.7160 0.6220
vn 0.3725 0.6735 -0.6385
vn -0.0176 0.0641 -0.9978
vn -0.0347 0.0579 -0.9977
vn 0.3168 0.7160 -0.6220
vn 0.5024 0.8647 0.0000
vn 0.4201 0.9075 0.0000
vn 0.4228 0.5772 -0.6986
vn 0.0037 0.0162 -0.9999
vn -0.0069 0.0036 -1.0000
vn 0.4172 0.5639 -0.7127
vn -0.4229 -0.5527 -0.7181
vn -0.4385 -0.5541 -0.7076
vn -0.4615 -0.5400 -0.7038
vn -0.0082 0.0055 -1.0000
vn 0.4315 0.5597 -0.7074
vn -0.4050 -0.5326 0.7432
vn 0.0055 0.0168 0.9998
vn -0.0066 0.0021 1.0000
vn -0.4236 -0.5393 0.7279
vn 0.4071 0.5518 0.7279
vn 0.4074 0.5464 0.7318
vn 0.4288 0.5519 0.7153
vn -0.0078 0.0040 1.0000
vn -0.4539 -0.5349 0.7127
vn -0.6026 -0.7960 0.0574
vn -0.6171 -0.7857 0.0418
vn -0.6478 -0.7616 0.0179
vn 0.5936 0.8028 0.0552
vn 0.5973 0.8008 0.0434
vn 0.6123 0.7904 0.0190
vn -0.0189 -0.0093 -0.9998
vn 0.4890 0.5000 -0.7148
vn -0.5283 -0.4939 -0.6906
vn -0.0188 -0.0103 0.9998
vn -0.5260 -0.4935 0.6927
vn 0.4891 0.4981 0.7160
vn -0.7307 -0.6827 0.0044
vn 0.6983 0.7158 0.0049
vn 0.6771 0.7359 0.0000
vn 0.4933 0.5618 0.6641
vn 0.4933 0.5618 -0.6641
vn 0.0047 0.0631 -0.9980
vn -0.4986 -0.5017 -0.7069
vn 0.0047 0.0631 0.9980
vn -0.4986 -0.5017 0.7069
vn -0.6886 -0.7251 0.0000
vn -0.7086 -0.1267 0.6941
vn -0.6755 -0.1758 0.7161
vn -0.7872 -0.6073 0.1074
vn -0.8253 -0.5596 0.0757
vn -0.7116 -0.1482 0.6867
vn -0.8205 -0.5649 0.0874
vn -0.4932 -0.6570 -0.5701
vn -0.4601 -0.6821 -0.5684
vn -0.4631 -0.6602 -0.5913
vn 0.8412 -0.0531 -0.5381
vn 0.8452 -0.0892 -0.5270
vn 0.9572 0.2815 0.0679
vn 0.9476 0.3158 0.0481
vn 0.8397 -0.0760 -0.5378
vn 0.9102 0.4123 -0.0398
vn 0.5704 0.5601 0.6008
vn 0.5669 0.5455 0.6173
vn 0.5470 0.5625 0.6199
vn 0.6803 0.1738 -0.7120
vn 0.6413 0.2062 -0.7390
vn 0.7569 0.6413 -0.1258
vn 0.7917 0.6012 -0.1085
vn 0.6702 0.1704 -0.7224
vn 0.7934 0.6004 -0.1004
vn 0.4356 0.6944 0.5728
vn 0.4244 0.7160 0.5543
vn 0.4537 0.6978 0.5542
vn -0.1733 0.3764 0.9101
vn -0.1716 0.3968 0.9017
vn -0.1984 0.3799 0.9035
vn 0.1351 -0.3481 -0.9277
vn 0.1665 -0.3565 -0.9194
vn 0.1277 -0.3588 -0.9246
vn 0.0588 -0.2841 -0.9570
vn -0.2212 0.8267 -0.5173
vn -0.6392 -0.4223 -0.6427
vn -0.9790 -0.0961 -0.1799
vn -0.8876 0.1680 0.4289
vn -0.3240 0.6439 0.6931
vn -0.2560 0.5049 0.8243
vn -0.2753 0.4698 0.8387
vn -0.8853 0.1329 0.4456
vn -0.8676 0.0823 0.4904
vn -0.6096 -0.4854 -0.6268
vn -0.6270 -0.4499 -0.6360
vn 0.1726 -0.4287 -0.8868
vn 0.1791 -0.4178 -0.8907
vn -0.9716 -0.2126 -0.1043
vn -0.9605 -0.2710 -0.0635
vn -0.5425 -0.6074 -0.5803
vn -0.5004 -0.6104 -0.6140
vn 0.2165 -0.4593 -0.8615
vn 0.1929 -0.4710 -0.8608
vn -0.5032 -0.6091 -0.6130
vn 0.2178 -0.4493 -0.8664
vn 0.7929 -0.0180 -0.6090
vn 0.7944 -0.0387 -0.6061
vn 0.7988 -0.0365 -0.6005
vn 0.4469 0.6225 0.6424
vn 0.4943 0.6213 0.6080
vn -0.2219 0.4685 0.8551
vn -0.2467 0.4580 0.8540
vn 0.4976 0.6244 0.6021
vn -0.2230 0.4622 0.8583
vn -0.8014 0.0387 0.5968
vn -0.7991 0.0503 0.5991
vn -0.7927 0.0589 0.6067
vn 0.9138 0.4062 -0.0044
vn 0.9059 0.4223 0.0300
vn 0.9077 0.4193 -0.0122
vn -0.9191 -0.3939 -0.0023
vn -0.9267 -0.3743 0.0327
vn -0.9175 -0.3978 -0.0022
vn -0.4821 -0.6259 -0.6131
vn 0.2094 -0.4040 -0.8905
vn 0.7559 0.0704 -0.6508
vn 0.4958 0.6508 0.5750
vn -0.1961 0.4362 0.8782
vn -0.7746 -0.0240 0.6320
vn 0.8669 0.4953 -0.0567
vn -0.8891 -0.4572 0.0196
vn -0.8038 -0.0401 0.5936
vn -0.9058 -0.4233 0.0184
vn -0.5722 -0.5688 -0.5908
vn 0.1328 -0.3869 -0.9125
vn 0.7679 0.0540 -0.6383
vn 0.4770 0.6323 0.6105
vn -0.2635 0.4176 0.8696
vn 0.8896 0.4563 -0.0189
vn 0.6445 0.0856 0.7598
vn 0.9746 -0.1456 0.1700
vn 0.9758 -0.1396 0.1683
vn 0.6126 0.1042 0.7835
vn 0.8081 -0.2989 -0.5075
vn 0.7841 -0.2986 -0.5441
vn 0.7986 -0.2541 -0.5456
vn 0.9845 -0.0859 0.1532
vn 0.6296 0.1431 0.7637
vn -0.6445 -0.3398 -0.6850
vn -0.9739 -0.2191 -0.0593
vn -0.9647 -0.2593 -0.0459
vn -0.6434 -0.3664 -0.6722
vn -0.8087 0.0460 0.5865
vn -0.8065 0.0168 0.5910
vn -0.8132 0.0337 0.5810
vn -0.9908 -0.0902 -0.1006
vn -0.6511 -0.3474 -0.6749
vn -0.5741 -0.1007 -0.8126
vn -0.9722 0.1575 -0.1733
vn -0.9729 0.1539 -0.1723
vn -0.6063 -0.0900 -0.7901
vn -0.7532 0.3202 0.5746
vn -0.7785 0.3145 0.5432
vn -0.7810 0.2870 0.5547
vn -0.9812 0.1084 -0.1596
vn -0.6081 -0.1195 -0.7849
vn -0.0680 0.2856 0.9559
vn -0.1182 0.2956 0.9480
vn -0.1044 0.3045 0.9468
vn 0.1769 -0.2899 -0.9406
vn 0.1271 -0.2807 -0.9514
vn 0.1408 -0.2716 -0.9521
vn -0.2189 0.9255 -0.3091
vn 0.1443 -0.0190 -0.9893
vn -0.0918 0.5358 0.8393
vn 0.6495 0.4831 0.5872
vn 0.8899 0.4555 -0.0233
vn 0.8009 0.1273 -0.5851
vn -0.0917 0.3415 0.9354
vn -0.1039 0.3503 0.9309
vn 0.6613 0.4004 0.6343
vn 0.6576 0.4519 0.6028
vn 0.8174 0.0335 -0.5750
vn 0.1530 -0.2336 -0.9602
vn 0.1408 -0.2247 -0.9642
vn 0.8102 0.0934 -0.5787
vn 0.9637 0.2631 0.0446
vn 0.9427 0.3331 0.0207
vn 0.9912 0.0831 0.1028
vn 0.6627 0.2701 0.6984
vn 0.8246 -0.1102 -0.5549
vn 0.1709 -0.2415 -0.9552
vn -0.6206 -0.2288 -0.7500
vn -0.0738 0.3335 0.9399
vn -0.7928 0.1759 0.5836
vn -0.9921 -0.0607 -0.1097
vn -0.0043 -0.7626 0.6468
vn -0.0063 -0.7602 0.6497
vn -0.4124 -0.9107 0.0244
vn -0.3981 -0.9165 0.0395
vn -0.0426 -0.7528 0.6569
vn -0.4694 -0.8812 0.0559
vn -0.6384 -0.5094 -0.5770
vn -0.5775 -0.5302 -0.6207
vn -0.5712 -0.5595 -0.6006
vn 0.0881 0.6773 -0.7304
vn 0.0886 0.6765 -0.7311
vn 0.7591 0.5727 -0.3096
vn 0.7403 0.6040 -0.2951
vn 0.0786 0.7122 -0.6975
vn 0.5788 0.7850 -0.2207
vn 0.9269 0.2811 0.2486
vn 0.9427 0.2456 0.2260
vn 0.9281 0.2727 0.2537
vn 0.0108 0.7544 -0.6563
vn 0.0129 0.7546 -0.6561
vn 0.4200 0.9070 -0.0307
vn 0.4238 0.9057 -0.0100
vn 0.0153 0.7402 -0.6722
vn 0.4626 0.8841 -0.0661
vn 0.6329 0.5033 0.5884
vn 0.5857 0.5262 0.6165
vn 0.5810 0.5001 0.6421
vn 0.4068 -0.1683 0.8979
vn 0.3961 -0.1888 0.8986
vn 0.4173 -0.1840 0.8900
vn -0.3999 0.1629 -0.9020
vn -0.4054 0.1417 -0.9031
vn -0.4411 0.1642 -0.8823
vn -0.7755 0.4439 -0.4489
vn -0.3511 0.7298 0.5867
vn -0.9846 -0.1495 -0.0904
vn -0.8294 -0.3424 0.4415
vn -0.2549 -0.5361 0.8048
vn 0.3661 -0.1197 0.9228
vn 0.6039 -0.2479 0.7576
vn 0.5786 -0.2503 0.7763
vn -0.2377 -0.5736 0.7838
vn -0.2213 -0.6054 0.7645
vn -0.9520 -0.2348 -0.1964
vn -0.9758 -0.1810 -0.1229
vn -0.7174 0.3070 -0.6253
vn -0.6883 0.2769 -0.6705
vn -0.8038 -0.4763 0.3565
vn -0.7747 -0.5467 0.3178
vn -0.1722 -0.6936 0.6994
vn -0.6473 -0.7414 0.1773
vn -0.8238 -0.3974 -0.4043
vn -0.5989 0.1983 -0.7759
vn 0.0138 0.7010 -0.7130
vn 0.8103 0.3922 0.4356
vn 0.4659 -0.2338 0.8534
vn 0.6178 0.7602 -0.2009
vn 0.5329 0.7709 0.3487
vn -0.0024 0.9957 -0.0924
vn 0.0217 0.9975 -0.0668
vn 0.5697 0.7244 0.3881
vn -0.5277 0.7042 -0.4750
vn -0.5356 0.6977 -0.4757
vn -0.5410 0.7201 -0.4345
vn 0.0065 0.9999 -0.0154
vn 0.5466 0.7223 0.4238
vn -0.3739 -0.7215 -0.5828
vn 0.2126 -0.9527 -0.2171
vn 0.2821 -0.9359 -0.2112
vn -0.3186 -0.7415 -0.5905
vn 0.6609 -0.6949 0.2834
vn 0.6920 -0.6615 0.2889
vn 0.6901 -0.6479 0.3225
vn 0.2002 -0.9783 -0.0524
vn -0.3016 -0.7691 -0.5635
vn -0.6062 -0.6891 -0.3972
vn -0.0381 -0.9964 0.0757
vn -0.0312 -0.9966 0.0763
vn -0.5815 -0.7204 -0.3780
vn 0.5480 -0.6707 0.4998
vn 0.5295 -0.6954 0.4858
vn 0.5366 -0.7060 0.4623
vn -0.0193 -0.9993 0.0317
vn -0.5743 -0.7083 -0.4106
vn 0.7863 0.0741 0.6133
vn 0.7844 0.0164 0.6200
vn 0.7761 0.0127 0.6305
vn -0.7899 0.0262 -0.6127
vn -0.7924 -0.0109 -0.6099
vn -0.7948 0.0147 -0.6067
vn -0.6124 -0.3321 0.7175
vn -0.8793 -0.1290 -0.4584
vn 0.5203 0.1191 0.8457
vn 0.1703 0.7420 0.6485
vn -0.4597 0.8293 0.3176
vn -0.7597 0.6249 -0.1798
vn 0.7317 0.0377 0.6806
vn 0.7118 0.0627 0.6995
vn 0.3067 0.7239 0.6180
vn 0.2249 0.7350 0.6396
vn -0.6846 0.7014 -0.1983
vn -0.8063 0.0084 -0.5914
vn -0.7985 -0.0428 -0.6005
vn -0.7283 0.6618 -0.1781
vn -0.2368 0.9370 0.2570
vn -0.3248 0.9050 0.2749
vn -0.0991 0.9873 0.1238
vn 0.4341 0.7340 0.5223
vn -0.6018 0.7370 -0.3077
vn -0.8087 0.0457 -0.5865
vn -0.4994 -0.7035 -0.5057
vn 0.7475 0.0387 0.6631
vn 0.5997 -0.7037 0.3810
vn 0.8960 0.4423 0.0401
vn 0.4463 0.7178 -0.5344
vn 0.4734 0.6963 -0.5395
vn 0.9034 0.4242 0.0627
vn -0.2578 0.5869 -0.7675
vn -0.2229 0.5763 -0.7863
vn -0.1784 0.5533 -0.8136
vn 0.4594 0.7300 -0.5060
vn 0.8439 0.5212 0.1269
vn -0.5397 -0.8120 -0.2222
vn -0.1942 -0.8949 0.4018
vn -0.1606 -0.9104 0.3813
vn -0.5120 -0.8270 -0.2323
vn 0.2231 -0.5053 0.8336
vn 0.2391 -0.5183 0.8211
vn 0.2202 -0.5147 0.8286
vn -0.3029 -0.8344 0.4605
vn -0.5266 -0.8215 -0.2187
vn -0.9158 -0.4014 -0.0155
vn -0.4781 -0.6740 0.5632
vn -0.4883 -0.6639 0.5664
vn -0.9214 -0.3867 -0.0385
vn 0.2186 -0.5328 0.8175
vn 0.2046 -0.5180 0.8306
vn 0.1928 -0.4720 0.8602
vn -0.4453 -0.7062 0.5505
vn -0.8647 -0.4920 -0.1014
vn 0.7893 -0.0810 0.6086
vn 0.7694 -0.0832 0.6333
vn 0.7158 0.0222 0.6980
vn -0.8146 0.1296 -0.5654
vn -0.7905 0.1449 -0.5951
vn -0.7325 0.0691 -0.6773
vn -0.8070 0.3558 0.4712
vn -0.7361 -0.0550 -0.6746
vn 0.3513 0.3918 0.8503
vn 0.3830 0.8906 0.2453
vn -0.0212 0.9634 -0.2672
vn -0.3141 0.6041 -0.7324
vn 0.5395 0.2788 0.7945
vn 0.5213 0.2820 0.8055
vn 0.4752 0.8516 0.2212
vn 0.4145 0.8800 0.2320
vn -0.2546 0.5679 -0.7828
vn -0.6003 -0.1690 -0.7817
vn -0.6056 -0.1811 -0.7749
vn -0.2881 0.5913 -0.7532
vn 0.1574 0.9132 -0.3759
vn 0.0946 0.9351 -0.3415
vn -0.3034 0.6052 -0.7360
vn -0.8091 0.0423 -0.5862
vn -0.8154 0.0738 -0.5742
vn -0.2980 0.5910 -0.7496
vn -0.8640 -0.5015 -0.0434
vn -0.8866 -0.4613 -0.0336
vn 0.2264 -0.5357 0.8135
vn 0.7694 -0.0104 0.6386
vn 0.7819 -0.0379 0.6222
vn 0.2283 -0.5336 0.8144
vn 0.8133 0.5712 0.1107
vn 0.8525 0.5165 0.0812
vn -0.4395 -0.7247 0.5307
vn -0.4549 -0.7057 0.5432
vn 0.3537 0.8246 -0.4415
vn 0.3895 0.7841 -0.4832
vn 0.3225 0.8381 -0.4400
vn 0.6611 0.7262 0.1887
vn -0.1894 0.5574 -0.8083
vn -0.6466 -0.0643 -0.7601
vn -0.6950 -0.6947 -0.1853
vn 0.6136 0.2101 0.7611
vn 0.2010 -0.4486 0.8708
vn -0.3153 -0.8166 0.4835
vn 0.0879 -0.9906 -0.1050
vn 0.4175 0.3441 0.8410
vn 0.7321 0.6479 0.2103
vn 0.7245 0.6475 0.2364
vn 0.4009 0.3353 0.8526
vn 0.6199 0.5777 -0.5310
vn 0.6278 0.5893 -0.5086
vn 0.6135 0.6255 -0.4820
vn 0.6868 0.6800 0.2565
vn 0.3684 0.3627 0.8560
vn -0.2085 -0.5309 -0.8214
vn -0.4321 -0.8749 -0.2190
vn -0.4035 -0.9011 -0.1586
vn -0.1999 -0.5802 -0.7895
vn -0.4584 -0.7428 0.4880
vn -0.4302 -0.7354 0.5235
vn -0.4442 -0.7105 0.5458
vn -0.5639 -0.8146 -0.1358
vn -0.2315 -0.5976 -0.7677
vn -0.4245 -0.3328 -0.8421
vn -0.7395 -0.6387 -0.2124
vn -0.7331 -0.6372 -0.2376
vn -0.4085 -0.3214 -0.8543
vn -0.6267 -0.5706 0.5307
vn -0.6349 -0.5797 0.5107
vn -0.6240 -0.6012 0.4991
vn -0.7013 -0.6652 -0.2562
vn -0.3762 -0.3312 -0.8653
vn -0.1521 -0.1678 0.9740
vn -0.1675 -0.1789 0.9695
vn -0.1796 -0.1721 0.9686
vn 0.1465 0.1768 -0.9733
vn 0.1620 0.1917 -0.9680
vn 0.1764 0.2121 -0.9612
vn -0.8928 0.4352 -0.1162
vn -0.0461 0.2258 -0.9731
vn -0.3303 0.1426 0.9330
vn 0.1161 0.6918 0.7127
vn 0.2061 0.9766 0.0611
vn 0.3115 0.7964 -0.5183
vn -0.2099 -0.1074 0.9718
vn -0.2118 -0.0705 0.9748
vn 0.1659 0.5868 0.7925
vn 0.1340 0.6514 0.7468
vn 0.3984 0.7976 -0.4528
vn 0.1583 0.2210 -0.9623
vn 0.1323 0.1772 -0.9752
vn 0.3448 0.8043 -0.4840
vn 0.3872 0.8952 0.2206
vn 0.3268 0.9320 0.1568
vn -0.3018 -0.5502 -0.7786
vn -0.6200 -0.7741 -0.1276
vn -0.6627 -0.7364 -0.1362
vn -0.3305 -0.5217 -0.7865
vn -0.5843 -0.5504 0.5963
vn -0.6139 -0.5217 0.5925
vn -0.6238 -0.5148 0.5881
vn -0.6816 -0.7177 -0.1425
vn -0.3486 -0.5028 -0.7910
vn 0.2834 0.5499 0.7857
vn 0.6101 0.7823 0.1258
vn 0.6501 0.7480 0.1336
vn 0.3150 0.5295 0.7877
vn 0.5701 0.5504 -0.6100
vn 0.6001 0.5295 -0.5996
vn 0.6014 0.5318 -0.5962
vn 0.6584 0.7408 0.1330
vn 0.3307 0.5231 0.7855
vn 0.4555 0.7272 -0.5136
vn 0.2446 0.1047 -0.9639
vn 0.1995 0.0024 -0.9799
vn 0.4480 0.6557 -0.6077
vn -0.1150 -0.5759 -0.8094
vn -0.1600 -0.6289 -0.7609
vn -0.1935 -0.6215 -0.7592
vn 0.1962 -0.0037 -0.9805
vn 0.4707 0.6290 -0.6187
vn 0.1861 0.0143 -0.9824
vn 0.1476 0.0598 -0.9872
vn 0.5862 0.5438 -0.6005
vn -0.3910 -0.4498 -0.8030
vn -0.4320 -0.3839 -0.8161
vn 0.1228 0.1249 -0.9845
vn 0.5924 0.5623 -0.5770
vn -0.2022 -0.0011 0.9793
vn -0.1714 -0.0541 0.9837
vn -0.6216 -0.5336 0.5735
vn 0.3762 0.4756 0.7951
vn 0.4227 0.3990 0.8137
vn -0.1374 -0.1183 0.9834
vn -0.6138 -0.5508 0.5656
vn -0.7067 -0.6895 -0.1588
vn -0.7334 -0.6582 -0.1700
vn 0.6819 0.7194 0.1320
vn 0.7182 0.6774 0.1591
vn 0.5526 0.7927 0.2574
vn 0.2758 0.4785 0.8336
vn 0.5212 0.7270 -0.4470
vn 0.1794 0.2503 -0.9514
vn -0.2863 -0.4124 -0.8649
vn -0.1926 -0.1235 0.9735
vn -0.5486 -0.6713 0.4983
vn -0.5709 -0.7803 -0.2554
vn -0.2678 -0.7657 0.5848
vn -0.2683 -0.7525 0.6015
vn -0.2149 -0.9691 -0.1214
vn -0.2177 -0.9713 -0.0963
vn -0.2893 -0.7903 0.5400
vn -0.2278 -0.9555 -0.1876
vn -0.0477 -0.5857 -0.8091
vn -0.0448 -0.6354 -0.7709
vn -0.0644 -0.6920 -0.7190
vn 0.4845 0.7474 -0.4545
vn 0.5177 0.7321 -0.4427
vn 0.5459 0.7945 0.2660
vn 0.5022 0.8240 0.2625
vn 0.5019 0.7451 -0.4393
vn 0.3912 0.8848 0.2533
vn 0.2498 0.4920 0.8340
vn 0.2641 0.4776 0.8379
vn 0.2291 0.4908 0.8406
vn 0.2494 0.6887 -0.6808
vn 0.2547 0.7561 -0.6029
vn 0.2014 0.9717 0.1238
vn 0.2091 0.9755 0.0688
vn 0.2689 0.7905 -0.5502
vn 0.2110 0.9592 0.1884
vn 0.0241 0.5797 0.8145
vn 0.0296 0.6334 0.7733
vn 0.0316 0.6407 0.7671
vn -0.1669 -0.0827 0.9825
vn -0.1699 -0.0982 0.9806
vn -0.1871 -0.1519 0.9705
vn 0.1525 0.0813 -0.9850
vn 0.1301 -0.0200 -0.9913
vn 0.1608 0.1418 -0.9768
vn -0.0733 0.2608 -0.9626
vn -0.8237 0.5647 -0.0509
vn -0.3988 -0.4361 -0.8067
vn -0.7119 -0.6484 -0.2698
vn -0.6342 -0.6723 0.3818
vn -0.4404 -0.1077 0.8913
vn -0.2563 -0.1835 0.9490
vn -0.2525 -0.1999 0.9467
vn -0.6065 -0.6940 0.3880
vn -0.5484 -0.7284 0.4108
vn -0.3064 -0.4852 -0.8189
vn -0.3693 -0.4559 -0.8098
vn 0.1242 0.1983 -0.9722
vn 0.1258 0.1799 -0.9756
vn -0.6102 -0.7452 -0.2690
vn -0.5382 -0.8003 -0.2644
vn -0.4084 -0.7876 0.4614
vn -0.3622 -0.9009 -0.2390
vn -0.1637 -0.5469 -0.8210
vn 0.1320 0.1532 -0.9793
vn 0.3625 0.7790 -0.5116
vn 0.1024 0.5210 0.8474
vn -0.2356 -0.2083 0.9493
vn 0.3472 0.9066 0.2397
vn 0.5414 0.1865 0.8198
vn 0.9495 -0.1558 0.2724
vn 0.9292 -0.2152 0.3005
vn 0.5280 0.1280 0.8395
vn 0.8045 -0.4008 -0.4384
vn 0.8063 -0.4219 -0.4146
vn 0.8256 -0.3851 -0.4124
vn 0.9451 -0.1626 0.2834
vn 0.5545 0.1683 0.8150
vn -0.6154 -0.4056 -0.6758
vn -0.9814 -0.1169 -0.1526
vn -0.9795 -0.1520 -0.1319
vn -0.6062 -0.4399 -0.6626
vn -0.8440 0.2767 0.4595
vn -0.8540 0.2528 0.4548
vn -0.8598 0.2645 0.4367
vn -0.9706 -0.0136 -0.2401
vn -0.6046 -0.4257 -0.6733
vn -0.5323 -0.1319 -0.8362
vn -0.9304 0.2077 -0.3019
vn -0.9128 0.2588 -0.3160
vn -0.5058 -0.0859 -0.8584
vn -0.8043 0.4389 0.4005
vn -0.7859 0.4678 0.4043
vn -0.7906 0.4434 0.4223
vn -0.9332 0.2063 -0.2942
vn -0.5198 -0.1306 -0.8443
vn -0.1945 0.4321 0.8806
vn -0.1863 0.4143 0.8909
vn -0.1641 0.4282 0.8887
vn 0.1859 -0.3934 -0.9004
vn 0.2119 -0.3725 -0.9035
vn 0.2223 -0.3790 -0.8983
vn -0.0439 0.8423 -0.5372
vn 0.2588 -0.2822 -0.9238
vn -0.1202 0.7206 0.6828
vn 0.6307 0.5293 0.5675
vn 0.9443 0.3290 0.0103
vn 0.8719 -0.1106 -0.4770
vn -0.1203 0.5423 0.8316
vn -0.1491 0.5659 0.8109
vn 0.6363 0.4433 0.6314
vn 0.6400 0.4966 0.5864
vn 0.8687 -0.1803 -0.4614
vn 0.1944 -0.4543 -0.8694
vn 0.2040 -0.4614 -0.8634
vn 0.8712 -0.1408 -0.4703
vn 0.9772 0.1629 0.1359
vn 0.9710 0.2205 0.0930
vn 0.8507 -0.3192 -0.4176
vn 0.1983 -0.5083 -0.8380
vn 0.1726 -0.5077 -0.8440
vn 0.8214 -0.3399 -0.4581
vn -0.5722 -0.3726 -0.7306
vn -0.5663 -0.3727 -0.7352
vn -0.5730 -0.3533 -0.7395
vn 0.1683 -0.4993 -0.8499
vn 0.8231 -0.3374 -0.4567
vn -0.7847 0.3736 0.4946
vn -0.1439 0.5194 0.8423
vn -0.1704 0.5184 0.8380
vn -0.8193 0.3523 0.4523
vn 0.5563 0.3902 0.7337
vn 0.5670 0.3852 0.7281
vn 0.5744 0.3756 0.7273
vn -0.1674 0.5132 0.8418
vn -0.8224 0.3537 0.4457
vn -0.9851 -0.0028 -0.1718
vn -0.9784 -0.0207 -0.2055
vn -0.9770 -0.0062 -0.2132
vn 0.9710 0.0550 0.2329
vn 0.9794 0.0341 0.1989
vn 0.9795 0.0298 0.1991
vn 0.1617 -0.4547 -0.8758
vn 0.8114 -0.3617 -0.4591
vn -0.5686 -0.2575 -0.7813
vn -0.1844 0.4782 0.8587
vn -0.8263 0.3784 0.4172
vn 0.5696 0.3075 0.7622
vn -0.9634 0.0799 -0.2559
vn 0.9748 -0.0360 0.2203
vn 0.9757 0.0018 0.2193
vn 0.6099 0.3053 0.7313
vn 0.8630 -0.2717 -0.4258
vn 0.2270 -0.4066 -0.8850
vn -0.5748 -0.2775 -0.7698
vn -0.1153 0.4899 0.8641
vn -0.8090 0.3696 0.4570
vn -0.9750 0.0349 -0.2196
vn 0.5454 -0.2001 0.8139
vn 0.9881 0.0523 0.1447
vn 0.9790 0.0339 0.2008
vn 0.4998 -0.1894 0.8452
vn 0.7723 0.2440 -0.5865
vn 0.7970 0.2196 -0.5627
vn 0.8429 0.1564 -0.5149
vn 0.9721 0.0646 0.2254
vn 0.5100 -0.0634 0.8578
vn -0.5620 -0.3425 -0.7529
vn -0.9329 -0.3329 -0.1374
vn -0.9195 -0.3714 -0.1289
vn -0.5573 -0.3729 -0.7419
vn -0.8332 -0.1216 0.5394
vn -0.8292 -0.1445 0.5399
vn -0.8376 -0.1277 0.5312
vn -0.9647 -0.2022 -0.1686
vn -0.5672 -0.3547 -0.7432
vn -0.4832 0.2078 -0.8505
vn -0.9812 0.0062 -0.1928
vn -0.9837 -0.0003 -0.1796
vn -0.5047 0.1823 -0.8438
vn -0.7753 -0.2132 0.5945
vn -0.7989 -0.1867 0.5717
vn -0.8235 -0.1122 0.5561
vn -0.9832 -0.0388 -0.1783
vn -0.5243 0.0678 -0.8488
vn -0.1728 -0.2949 0.9398
vn -0.2183 -0.2646 0.9393
vn -0.2341 -0.1263 0.9640
vn 0.2034 0.2800 -0.9382
vn 0.2169 0.2538 -0.9426
vn 0.2586 0.1462 -0.9549
vn -0.3222 0.9178 -0.2319
vn 0.1929 0.1007 -0.9760
vn -0.2008 0.4313 0.8796
vn 0.5523 0.4974 0.6690
vn 0.8232 0.5628 0.0744
vn 0.8046 0.2854 -0.5206
vn -0.1828 0.2182 0.9586
vn -0.1931 0.2373 0.9521
vn 0.5691 0.4065 0.7147
vn 0.5636 0.4661 0.6820
vn 0.8316 0.2039 -0.5166
vn 0.2293 -0.1037 -0.9678
vn 0.2149 -0.1054 -0.9709
vn 0.8180 0.2525 -0.5169
vn 0.9164 0.3785 0.1298
vn 0.8893 0.4440 0.1095
vn 0.9568 0.2182 0.1923
vn 0.5557 0.2012 0.8067
vn 0.8551 0.1523 -0.4956
vn 0.2654 -0.0076 -0.9641
vn -0.5536 -0.1699 -0.8153
vn -0.1883 0.1025 0.9767
vn -0.8241 -0.0679 0.5624
vn -0.9701 -0.1865 -0.1555
vn 0.2567 -0.6337 0.7297
vn 0.3246 -0.6243 0.7106
vn 0.1910 -0.9798 0.0587
vn 0.1291 -0.9893 0.0672
vn 0.2808 -0.6424 0.7130
vn 0.1370 -0.9877 0.0754
vn -0.1030 -0.7957 -0.5968
vn -0.0659 -0.7802 -0.6220
vn -0.0829 -0.7688 -0.6341
vn -0.0803 0.6517 -0.7542
vn -0.0520 0.6500 -0.7582
vn 0.2049 0.9634 -0.1727
vn 0.1652 0.9728 -0.1622
vn -0.0694 0.6578 -0.7500
vn 0.0337 0.9915 -0.1259
vn 0.3002 0.8054 0.5111
vn 0.3196 0.7984 0.5103
vn 0.2936 0.8010 0.5217
vn -0.3183 0.6253 -0.7126
vn -0.3724 0.6095 -0.6999
vn -0.2370 0.9705 -0.0441
vn -0.1950 0.9787 -0.0637
vn -0.3366 0.6120 -0.7157
vn -0.1808 0.9816 -0.0619
vn 0.0592 0.7701 0.6352
vn 0.0208 0.7665 0.6419
vn 0.0292 0.7790 0.6264
vn 0.2572 0.1021 0.9610
vn 0.2236 0.1069 0.9688
vn 0.2525 0.0863 0.9637
vn -0.3016 -0.1211 -0.9457
vn -0.2680 -0.0966 -0.9586
vn -0.3060 -0.1367 -0.9422
vn -0.5268 -0.1309 -0.8399
vn -0.9410 0.2295 0.2489
vn -0.4371 -0.7919 -0.4265
vn -0.4060 -0.8863 0.2227
vn -0.0921 -0.6541 0.7508
vn 0.0113 0.0840 0.9964
vn 0.2169 0.0936 0.9717
vn 0.2264 0.0817 0.9706
vn -0.0576 -0.6627 0.7467
vn 0.0008 -0.6670 0.7451
vn -0.3548 -0.8090 -0.4686
vn -0.4053 -0.8015 -0.4397
vn -0.3407 -0.1291 -0.9313
vn -0.3314 -0.1411 -0.9329
vn -0.2801 -0.9405 0.1921
vn -0.2109 -0.9618 0.1743
vn -0.1485 -0.7243 -0.6733
vn -0.0669 -0.7405 -0.6687
vn 0.1296 -0.0380 -0.9908
vn 0.0778 -0.0023 -0.9970
vn -0.0609 -0.7559 -0.6519
vn 0.0846 -0.0517 -0.9951
vn 0.1513 0.6264 -0.7646
vn 0.2285 0.6222 -0.7488
vn 0.2315 0.6507 -0.7231
vn 0.1333 0.7172 0.6840
vn 0.0569 0.7416 0.6684
vn -0.1364 0.0421 0.9898
vn -0.0675 0.0158 0.9976
vn 0.0529 0.7694 0.6365
vn -0.1063 0.0604 0.9925
vn -0.2081 -0.6147 0.7608
vn -0.2451 -0.6130 0.7511
vn -0.2194 -0.6344 0.7412
vn 0.2097 0.9724 -0.1019
vn 0.2561 0.9642 -0.0690
vn 0.1490 0.9800 -0.1318
vn -0.2303 -0.9672 0.1070
vn -0.2660 -0.9588 0.1000
vn -0.1954 -0.9731 0.1218
vn -0.0720 -0.7410 -0.6676
vn -0.0977 -0.0527 -0.9938
vn -0.0949 0.6446 -0.7586
vn 0.0561 0.8005 0.5967
vn 0.0624 0.0976 0.9933
vn -0.0048 -0.6445 0.7646
vn -0.0249 0.9918 -0.1250
vn -0.0555 -0.9945 0.0888
vn 0.1386 -0.6713 0.7281
vn -0.0350 -0.9914 0.1263
vn -0.2292 -0.8182 -0.5272
vn -0.3270 -0.1612 -0.9312
vn -0.2119 0.6289 -0.7480
vn 0.1807 0.7857 0.5916
vn 0.2305 0.0614 0.9711
vn 0.0039 0.9931 -0.1173
vn 0.2321 -0.7319 0.6407
vn -0.0235 -0.7006 0.7132
vn -0.1650 -0.9838 0.0704
vn 0.0677 -0.9975 -0.0223
vn -0.2313 -0.7391 -0.6326
vn -0.1472 -0.7267 -0.6710
vn -0.2246 0.7049 -0.6728
vn 0.0717 0.6990 -0.7115
vn 0.2027 0.9789 -0.0262
vn -0.0317 0.9992 0.0233
vn 0.2001 0.6772 0.7081
vn 0.1638 0.6839 0.7109
vn 0.1093 -0.0335 0.9934
vn 0.2668 -0.0423 0.9628
vn -0.1269 -0.0108 -0.9919
vn -0.2814 -0.0228 -0.9593
vn -0.0062 -0.7288 -0.6847
vn -0.0522 -0.6996 -0.7127
vn -0.3041 -0.0043 -0.9526
vn -0.2859 -0.0658 -0.9560
vn -0.3637 0.6981 -0.6167
vn -0.3908 0.6611 -0.6405
vn 0.0480 0.6520 0.7567
vn 0.0568 0.6894 0.7221
vn 0.2951 -0.0167 0.9553
vn 0.3117 -0.0782 0.9469
vn 0.3620 -0.7082 0.6062
vn 0.3836 -0.7369 0.5566
vn -0.2088 0.9753 0.0719
vn -0.2460 0.9657 0.0836
vn 0.2199 -0.9726 -0.0754
vn 0.2522 -0.9639 -0.0855
vn -0.7600 -0.1964 0.6195
vn -0.7443 -0.1660 0.6469
vn -0.8410 -0.5410 -0.0010
vn -0.8378 -0.5460 0.0014
vn -0.7715 -0.1380 0.6211
vn -0.8680 -0.4961 -0.0220
vn -0.4925 -0.5695 -0.6582
vn -0.4614 -0.6035 -0.6503
vn -0.4899 -0.6140 -0.6188
vn 0.8508 -0.0337 -0.5245
vn 0.8583 -0.0582 -0.5098
vn 0.9726 0.1753 0.1530
vn 0.9667 0.2156 0.1381
vn 0.8577 -0.0377 -0.5127
vn 0.9363 0.3395 0.0897
vn 0.5901 0.3761 0.7144
vn 0.5891 0.3580 0.7244
vn 0.5798 0.3853 0.7179
vn 0.7145 0.1529 -0.6827
vn 0.7341 0.1762 -0.6558
vn 0.8333 0.5528 -0.0047
vn 0.8313 0.5558 -0.0061
vn 0.7468 0.1503 -0.6478
vn 0.8570 0.5151 0.0132
vn 0.4614 0.5917 0.6611
vn 0.4500 0.6156 0.6470
vn 0.4189 0.6100 0.6727
vn -0.2091 0.3178 0.9248
vn -0.2510 0.2874 0.9243
vn -0.2247 0.3200 0.9204
vn 0.1956 -0.3081 -0.9310
vn 0.1532 -0.3376 -0.9288
vn 0.1799 -0.3057 -0.9350
vn 0.0791 -0.0785 -0.9938
vn -0.1290 0.9308 -0.3420
vn -0.6453 -0.2251 -0.7300
vn -0.9740 0.0341 -0.2239
vn -0.8952 0.1612 0.4155
vn -0.3106 0.5240 0.7930
vn -0.2410 0.3612 0.9008
vn -0.2491 0.3481 0.9037
vn -0.8925 0.1296 0.4320
vn -0.8807 0.0814 0.4666
vn -0.6230 -0.3171 -0.7151
vn -0.6408 -0.2598 -0.7225
vn 0.1628 -0.2633 -0.9509
vn 0.1549 -0.2765 -0.9485
vn -0.9787 -0.0992 -0.1800
vn -0.9730 -0.1715 -0.1544
vn -0.8407 -0.0372 0.5403
vn -0.9342 -0.3461 -0.0870
vn -0.5736 -0.4502 -0.6844
vn 0.1413 -0.2913 -0.9462
vn 0.7964 0.0567 -0.6021
vn 0.5122 0.4961 0.7010
vn -0.2626 0.3332 0.9055
vn 0.9270 0.3667 0.0785
vn -0.2113 -0.0035 0.9774
vn -0.2090 0.0021 0.9779
vn 0.1911 -0.0031 -0.9816
vn 0.1936 0.0021 -0.9811
vn 0.1851 0.6720 0.7170
vn 0.4115 0.9008 0.1384
vn 0.4223 0.8973 0.1288
vn 0.1538 0.6156 0.7729
vn 0.4623 0.8796 0.1119
vn 0.1833 0.6118 0.7695
vn -0.4144 -0.9020 -0.1211
vn -0.4274 -0.8969 -0.1137
vn -0.4341 -0.6215 0.6521
vn -0.4521 -0.6597 0.6004
vn -0.4786 -0.6335 0.6080
vn -0.4707 -0.8759 -0.1065
vn 0.5351 0.8370 0.1140
vn 0.5181 0.5892 -0.6201
vn 0.2312 0.5847 0.7776
vn -0.5458 -0.8301 -0.1142
vn -0.5314 -0.5946 0.6034
vn -0.2493 -0.5920 -0.7664
vn -0.2109 -0.0111 0.9775
vn -0.2090 -0.0197 0.9777
vn 0.1915 -0.0073 -0.9815
vn -0.1735 0.0495 0.9836
vn -0.2140 -0.0364 0.9762
vn 0.5010 0.0750 0.8622
vn 0.8350 0.4490 0.3180
vn 0.8341 0.4623 0.3010
vn 0.4977 0.0770 0.8639
vn 0.7072 0.5734 -0.4136
vn 0.6861 0.5773 -0.4427
vn 0.6497 0.6388 -0.4122
vn 0.7937 0.5189 0.3174
vn 0.4870 0.1131 0.8660
vn -0.3896 -0.1576 -0.9074
vn -0.4427 -0.7847 -0.4338
vn -0.4077 -0.8023 -0.4360
vn -0.3886 -0.1580 -0.9077
vn -0.3079 -0.9293 0.2042
vn -0.2725 -0.9436 0.1880
vn -0.3141 -0.9288 0.1965
vn -0.6440 -0.6301 -0.4339
vn -0.4339 -0.1485 -0.8886
vn -0.4899 -0.0815 -0.8680
vn -0.8339 -0.4727 -0.2850
vn -0.8283 -0.4699 -0.3052
vn -0.4901 -0.0835 -0.8677
vn -0.6648 -0.5781 0.4731
vn -0.6806 -0.5854 0.4406
vn -0.6479 -0.6324 0.4246
vn -0.7933 -0.5128 -0.3284
vn -0.4710 -0.0858 -0.8779
vn -0.1089 -0.3445 0.9324
vn -0.1277 -0.3563 0.9256
vn -0.1098 -0.3663 0.9240
vn 0.1544 0.3561 -0.9216
vn 0.1344 0.3495 -0.9272
vn 0.1250 0.3915 -0.9117
vn -0.8965 0.3365 0.2881
vn -0.2959 0.7292 -0.6170
vn -0.1832 -0.3174 0.9304
vn 0.2257 0.3196 0.9203
vn 0.1441 0.8658 0.4792
vn 0.1351 0.9863 -0.0949
vn -0.0034 -0.5286 0.8488
vn 0.0015 -0.5548 0.8320
vn 0.3057 0.2881 0.9075
vn 0.2687 0.3036 0.9141
vn 0.2521 0.9536 -0.1644
vn -0.0612 0.6414 -0.7647
vn -0.1057 0.6708 -0.7340
vn 0.1759 0.9777 -0.1145
vn 0.3799 0.8169 0.4340
vn 0.2996 0.8438 0.4453
vn 0.6149 0.6941 0.3743
vn 0.4123 0.2411 0.8786
vn 0.4796 0.8253 -0.2981
vn 0.0515 0.5518 -0.8324
vn -0.4204 -0.0840 -0.9034
vn -0.0489 -0.4137 0.9091
vn -0.4856 -0.8102 0.3285
vn -0.6258 -0.6668 -0.4046
vn 0.1911 -0.6885 0.6996
vn 0.7266 -0.6604 0.1896
vn 0.7399 -0.6490 0.1769
vn 0.1913 -0.6854 0.7026
vn 0.8602 -0.2637 -0.4364
vn 0.8578 -0.2345 -0.4574
vn 0.8942 -0.1898 -0.4053
vn 0.7718 -0.5981 0.2157
vn 0.2189 -0.6633 0.7156
vn -0.2131 0.5756 -0.7895
vn -0.8485 0.2321 -0.4756
vn -0.8491 0.1958 -0.4906
vn -0.2130 0.5747 -0.7902
vn -0.9875 -0.1476 0.0561
vn -0.9836 -0.1783 0.0286
vn -0.9889 -0.1395 0.0505
vn -0.7956 0.4646 -0.3888
vn -0.2258 0.6113 -0.7585
vn -0.1916 0.6783 -0.7094
vn -0.7508 0.6397 -0.1645
vn -0.7438 0.6425 -0.1841
vn -0.1935 0.6776 -0.7096
vn -0.8526 0.2058 0.4803
vn -0.8625 0.2273 0.4521
vn -0.8891 0.1866 0.4180
vn -0.7649 0.6036 -0.2247
vn -0.1864 0.6635 -0.7246
vn -0.4534 -0.3392 0.8242
vn -0.4713 -0.3252 0.8198
vn -0.4725 -0.3439 0.8115
vn 0.4822 0.3006 -0.8229
vn 0.4683 0.3173 -0.8246
vn 0.5004 0.3361 -0.7979
vn -0.1106 0.8098 0.5762
vn 0.5932 0.7314 -0.3364
vn -0.4606 -0.2640 0.8475
vn 0.2872 -0.3770 0.8806
vn 0.7891 0.0426 0.6128
vn 0.9535 0.2831 0.1037
vn -0.5650 -0.4725 0.6764
vn -0.5847 -0.4810 0.6532
vn 0.2943 -0.4540 0.8410
vn 0.2918 -0.4182 0.8602
vn 0.9814 0.1921 0.0011
vn 0.6299 0.5432 -0.5550
vn 0.6341 0.5828 -0.5081
vn 0.9653 0.2509 0.0729
vn 0.8505 -0.1656 0.4992
vn 0.8392 -0.0895 0.5364
vn 0.8469 -0.3960 0.3550
vn 0.3007 -0.5547 0.7758
vn 0.9772 -0.0096 -0.2119
vn 0.6047 0.4340 -0.6678
vn -0.1605 0.6287 -0.7609
vn -0.4875 -0.4096 0.7711
vn -0.9693 0.0106 0.2455
vn -0.8239 0.4256 -0.3743
vn 0.1309 0.1587 -0.9786
vn 0.6080 0.5695 -0.5532
vn -0.4360 -0.3501 -0.8291
vn -0.1385 -0.1506 0.9789
vn -0.6176 -0.5616 0.5506
vn 0.4288 0.3616 0.8279
vn -0.7412 -0.6445 -0.1878
vn 0.7326 0.6553 0.1841
vn 0.6541 -0.6748 0.3419
vn 0.9907 -0.0005 0.1362
vn 0.9909 0.0108 0.1343
vn 0.6342 -0.6875 0.3537
vn 0.7154 0.6783 -0.1678
vn 0.6991 0.6916 -0.1815
vn 0.7395 0.6502 -0.1745
vn 0.9870 0.0108 0.1604
vn 0.6416 -0.6515 0.4047
vn -0.6393 0.4222 -0.6426
vn -0.9285 -0.1701 -0.3302
vn -0.9093 -0.1978 -0.3660
vn -0.6336 0.3902 -0.6680
vn -0.7338 -0.6498 0.1982
vn -0.7322 -0.6560 0.1834
vn -0.7576 -0.6175 0.2116
vn -0.9886 -0.0376 -0.1456
vn -0.6617 0.4100 -0.6277
vn -0.6174 0.7006 -0.3578
vn -0.9939 -0.0350 -0.1050
vn -0.9932 -0.0099 -0.1158
vn -0.6354 0.6825 -0.3611
vn -0.6405 -0.7395 0.2071
vn -0.7007 -0.6880 0.1890
vn -0.7297 -0.6526 0.2043
vn -0.9912 -0.0191 -0.1312
vn -0.6467 0.6494 -0.4001
vn 0.0038 -0.9355 0.3532
vn -0.0503 -0.9323 0.3582
vn -0.0723 -0.9072 0.4145
vn 0.0658 0.9292 -0.3638
vn 0.0530 0.9259 -0.3740
vn 0.0853 0.9087 -0.4086
vn -0.3858 0.5999 0.7009
vn 0.0452 0.9572 -0.2859
vn -0.0853 -0.4804 0.8729
vn 0.5924 -0.1983 0.7809
vn 0.7455 0.3650 0.5577
vn 0.6824 0.7302 0.0336
vn -0.0474 -0.7390 0.6721
vn -0.0553 -0.7036 0.7084
vn 0.6309 -0.3364 0.6991
vn 0.6112 -0.2471 0.7519
vn 0.7287 0.6810 -0.0730
vn 0.0932 0.8336 -0.5444
vn 0.0769 0.8350 -0.5449
vn 0.7055 0.7085 -0.0146
vn 0.8964 0.2090 0.3908
vn 0.8476 0.2709 0.4562
vn 0.9603 0.0836 0.2661
vn 0.6510 -0.5168 0.5560
vn 0.7576 0.6393 -0.1318
vn 0.1092 0.8701 -0.4806
vn -0.6510 0.5471 -0.5262
vn -0.0491 -0.8251 0.5629
vn -0.7269 -0.6456 0.2342
vn -0.9720 -0.0925 -0.2161
vn 0.2524 -0.5401 -0.8028
vn 0.4614 -0.8849 -0.0646
vn 0.4570 -0.8808 -0.1240
vn 0.2111 -0.5144 -0.8312
vn 0.3748 -0.6349 0.6756
vn 0.4018 -0.6486 0.6464
vn 0.4653 -0.6662 0.5828
vn 0.4224 -0.8959 -0.1373
vn 0.1128 -0.5887 -0.8004
vn 0.1565 0.8115 0.5630
vn -0.2090 0.9774 -0.0331
vn -0.1730 0.9835 -0.0533
vn 0.1806 0.8202 0.5428
vn -0.4940 0.6352 -0.5937
vn -0.4737 0.6432 -0.6016
vn -0.4894 0.6437 -0.5883
vn -0.3228 0.9457 0.0383
vn 0.1610 0.8198 0.5496
vn -0.2155 0.4926 0.8432
vn -0.4922 0.8608 0.1297
vn -0.4917 0.8631 0.1150
vn -0.2085 0.5217 0.8273
vn -0.4031 0.6202 -0.6730
vn -0.4314 0.6317 -0.6440
vn -0.5003 0.6186 -0.6058
vn -0.4610 0.8816 0.1010
vn -0.1264 0.5965 0.7926
vn -0.0958 0.0792 -0.9923
vn -0.1447 0.1022 -0.9842
vn -0.2701 0.0406 -0.9620
vn 0.1241 -0.0976 0.9875
vn 0.1534 -0.0949 0.9836
vn 0.2653 -0.0731 0.9614
vn -0.8507 -0.1372 0.5075
vn 0.2711 0.0093 0.9625
vn -0.6761 -0.2469 -0.6942
vn -0.2645 -0.8618 -0.4328
vn -0.0188 -0.9864 0.1633
vn 0.3427 -0.6975 0.6293
vn -0.5160 -0.1733 -0.8389
vn -0.5351 -0.1727 -0.8269
vn -0.1942 -0.8408 -0.5053
vn -0.2365 -0.8586 -0.4549
vn 0.4216 -0.6802 0.5997
vn 0.4522 0.0793 0.8884
vn 0.4464 0.0929 0.8900
vn 0.3754 -0.6930 0.6155
vn 0.1654 -0.9847 0.0546
vn 0.1034 -0.9902 0.0941
vn 0.2997 -0.9524 -0.0556
vn -0.0607 -0.7477 -0.6613
vn 0.4704 -0.6787 0.5640
vn 0.3942 0.0002 0.9190
vn 0.0390 0.7323 0.6799
vn -0.4311 -0.1150 -0.8949
vn -0.5376 0.5955 -0.5969
vn -0.3416 0.9393 0.0309
vn 0.7102 -0.5299 0.4635
vn 0.5937 -0.7616 -0.2599
vn 0.6187 -0.7459 -0.2466
vn 0.7223 -0.5068 0.4707
vn 0.1297 -0.5565 -0.8207
vn 0.1615 -0.5554 -0.8157
vn 0.2119 -0.5388 -0.8153
vn 0.6640 -0.7054 -0.2479
vn 0.7541 -0.4707 0.4581
vn -0.8847 0.3045 -0.3530
vn -0.8206 0.4442 0.3594
vn -0.8105 0.4078 0.4204
vn -0.9083 0.2912 -0.3003
vn -0.3159 0.3817 0.8686
vn -0.2918 0.3492 0.8904
vn -0.2579 0.3606 0.8964
vn -0.7165 0.5651 0.4090
vn -0.9086 0.3195 -0.2690
vn -0.7290 0.5140 -0.4521
vn -0.6116 0.7438 0.2695
vn -0.6192 0.7457 0.2459
vn -0.7210 0.5063 -0.4731
vn -0.1512 0.5381 0.8292
vn -0.1616 0.5535 0.8170
vn -0.1831 0.5460 0.8175
vn -0.6519 0.7185 0.2423
vn -0.7341 0.4787 -0.4816
vn 0.3965 0.0155 0.9179
vn 0.3964 0.0364 0.9173
vn 0.4069 0.0511 0.9121
vn -0.4179 -0.0309 -0.9080
vn -0.3949 -0.0385 -0.9179
vn -0.3709 -0.0494 -0.9273
vn 0.3496 0.9064 -0.2373
vn -0.3521 0.1735 -0.9198
vn 0.6576 0.2100 0.7235
vn 0.9630 -0.1968 0.1843
vn 0.8306 -0.1985 -0.5202
vn 0.3524 -0.2313 -0.9068
vn 0.4648 0.0821 0.8816
vn 0.4972 0.0841 0.8636
vn 0.9175 -0.2579 0.3029
vn 0.9474 -0.2194 0.2328
vn 0.3846 -0.3259 -0.8636
vn -0.3623 -0.0306 -0.9315
vn -0.4042 -0.0038 -0.9147
vn 0.3760 -0.2686 -0.8868
vn 0.8411 -0.3997 -0.3643
vn 0.8397 -0.3311 -0.4305
vn 0.7667 -0.5699 -0.2956
vn 0.8440 -0.3736 0.3847
vn 0.3219 -0.4493 -0.8333
vn -0.3333 -0.0525 -0.9414
vn -0.8060 0.3889 -0.4462
vn 0.4514 0.0645 0.8900
vn -0.2456 0.4708 0.8474
vn -0.7542 0.5879 0.2924
vn -0.2925 0.1799 0.9392
vn -0.2723 0.1784 0.9455
vn -0.8574 0.2150 0.4675
vn -0.8451 0.2146 0.4897
vn -0.3366 0.2066 0.9187
vn -0.8823 0.2365 0.4070
vn -0.9329 0.1428 -0.3306
vn -0.9530 0.1342 -0.2718
vn -0.9698 0.1463 -0.1952
vn 0.3369 -0.4117 -0.8468
vn 0.3288 -0.4464 -0.8322
vn 0.7734 -0.5643 -0.2888
vn 0.7985 -0.5201 -0.3032
vn 0.3424 -0.4310 -0.8349
vn 0.8505 -0.4079 -0.3321
vn 0.8570 -0.3477 0.3804
vn 0.8464 -0.3626 0.3901
vn 0.8609 -0.3280 0.3889
vn 0.1763 -0.1504 -0.9728
vn 0.2753 -0.1647 -0.9471
vn 0.8617 -0.2020 -0.4655
vn 0.8338 -0.2024 -0.5136
vn 0.3323 -0.1851 -0.9248
vn 0.8868 -0.2199 -0.4065
vn 0.9323 -0.1201 0.3410
vn 0.9535 -0.1195 0.2766
vn 0.9561 -0.1206 0.2672
vn 0.4887 0.0385 0.8716
vn 0.4750 0.0415 0.8790
vn 0.4259 0.0591 0.9028
vn -0.4903 -0.0239 -0.8712
vn -0.5764 -0.0023 -0.8172
vn -0.4361 -0.0323 -0.8993
vn -0.3156 0.1997 -0.9276
vn 0.4890 0.8313 -0.2641
vn -0.7865 0.4927 -0.3724
vn -0.6445 0.7314 0.2227
vn -0.3061 0.5706 0.7621
vn 0.4337 0.3210 0.8419
vn 0.3919 0.1300 0.9108
vn 0.3768 0.1262 0.9176
vn -0.3223 0.5420 0.7761
vn -0.3415 0.4809 0.8075
vn -0.8396 0.4020 -0.3654
vn -0.8064 0.4635 -0.3672
vn -0.3846 0.0042 -0.9231
vn -0.4018 0.0028 -0.9157
vn -0.7304 0.6291 0.2661
vn -0.7778 0.5563 0.2925
vn -0.3708 0.3348 0.8662
vn -0.8576 0.3772 0.3497
vn -0.9004 0.2599 -0.3489
vn -0.4264 -0.0032 -0.9045
vn 0.3385 -0.2829 -0.8974
vn 0.8973 -0.2028 0.3921
vn 0.3703 0.1091 0.9225
vn 0.8637 -0.3623 -0.3505
vn -0.8582 -0.0198 -0.5129
vn -0.9228 -0.3464 0.1688
vn -0.9182 -0.3618 0.1614
vn -0.8570 -0.0320 -0.5143
vn -0.4594 -0.4627 0.7582
vn -0.4610 -0.4720 0.7514
vn -0.4850 -0.4384 0.7567
vn -0.9332 -0.3101 0.1817
vn -0.8760 0.0071 -0.4822
vn 0.9068 -0.2486 0.3404
vn 0.9526 0.0248 -0.3032
vn 0.9476 -0.0123 -0.3193
vn 0.8983 -0.2851 0.3342
vn 0.4980 0.3287 -0.8025
vn 0.5127 0.3069 -0.8018
vn 0.5239 0.3212 -0.7889
vn 0.9651 0.1349 -0.2246
vn 0.8993 -0.2701 0.3438
vn 0.8443 0.0646 0.5320
vn 0.9077 0.3927 -0.1477
vn 0.9035 0.4044 -0.1420
vn 0.8388 0.0727 0.5395
vn 0.4464 0.5068 -0.7375
vn 0.4402 0.5158 -0.7350
vn 0.4403 0.4904 -0.7521
vn 0.9204 0.3529 -0.1685
vn 0.8522 0.0289 0.5224
vn -0.2900 0.3352 -0.8964
vn -0.2952 0.3345 -0.8950
vn -0.3161 0.3457 -0.8835
vn 0.2779 -0.2955 0.9140
vn 0.2714 -0.2951 0.9161
vn 0.2610 -0.3035 0.9164
vn 0.1396 0.8948 0.4241
vn 0.2243 -0.2098 0.9517
vn -0.3112 0.6510 -0.6924
vn -0.8925 0.3806 -0.2420
vn -0.8914 0.2046 0.4044
vn -0.5417 -0.1666 0.8239
vn -0.3479 0.4589 -0.8175
vn -0.3172 0.4881 -0.8132
vn -0.9117 0.2880 -0.2929
vn -0.9037 0.3451 -0.2533
vn -0.5345 -0.2366 0.8114
vn 0.2849 -0.3773 0.8812
vn 0.2750 -0.3862 0.8804
vn -0.5392 -0.1969 0.8189
vn -0.9491 0.0229 0.3142
vn -0.9339 0.0851 0.3473
vn -0.3078 -0.5726 0.7599
vn 0.3880 -0.2540 0.8860
vn 0.3479 -0.2892 0.8918
vn -0.3779 -0.5232 0.7639
vn 0.8458 0.2296 0.4815
vn 0.8639 0.1202 0.4891
vn 0.8549 0.0733 0.5135
vn 0.3068 -0.3063 0.9011
vn -0.4256 -0.4985 0.7552
vn 0.2665 0.5755 -0.7732
vn -0.4217 0.2309 -0.8768
vn -0.3592 0.2894 -0.8872
vn 0.3656 0.5300 -0.7652
vn -0.8581 -0.2342 -0.4570
vn -0.8687 -0.1177 -0.4812
vn -0.8619 -0.0639 -0.5030
vn -0.3178 0.3139 -0.8947
vn 0.4150 0.5113 -0.7525
vn 0.7913 0.5758 -0.2057
vn 0.8678 0.4576 -0.1939
vn 0.8962 0.4101 -0.1691
vn -0.8064 -0.5536 0.2079
vn -0.8721 -0.4484 0.1959
vn -0.9015 -0.3957 0.1754
vn 0.2822 -0.3039 0.9099
vn -0.4555 -0.4688 0.7568
vn 0.8485 0.0541 0.5264
vn -0.2980 0.3288 -0.8962
vn 0.4412 0.5000 -0.7453
vn -0.8615 -0.0260 -0.5070
vn 0.9097 0.3847 -0.1565
vn -0.9201 -0.3516 0.1725
vn -0.9584 -0.1448 0.2459
vn -0.9102 0.1444 -0.3882
vn -0.5304 -0.3299 0.7809
vn 0.2553 -0.3327 0.9078
vn 0.8917 -0.1172 0.4372
vn -0.3583 0.4031 -0.8421
vn 0.4532 0.4162 -0.7883
vn 0.9520 0.1810 -0.2468
vn 0.2547 -0.6480 0.7178
vn 0.0644 -0.9977 -0.0231
vn 0.0809 -0.9961 0.0342
vn 0.2836 -0.6066 0.7427
vn -0.1710 -0.6873 -0.7060
vn -0.1794 -0.7152 -0.6755
vn -0.2080 -0.7677 -0.6062
vn 0.1205 -0.9920 0.0380
vn 0.3945 -0.6165 0.6814
vn -0.6691 0.6490 -0.3620
vn -0.2961 0.9381 0.1800
vn -0.3241 0.9231 0.2070
vn -0.6884 0.6425 -0.3365
vn 0.2499 0.7555 0.6057
vn 0.2309 0.7511 0.6185
vn 0.2405 0.7608 0.6028
vn -0.2033 0.9754 0.0848
vn -0.6736 0.6528 -0.3466
vn -0.2723 0.5911 -0.7592
vn -0.0432 0.9978 -0.0498
vn -0.0410 0.9985 -0.0351
vn -0.2885 0.6112 -0.7371
vn 0.2011 0.6897 0.6956
vn 0.2119 0.7164 0.6648
vn 0.2663 0.7438 0.6131
vn -0.0722 0.9973 -0.0126
vn -0.3850 0.6297 -0.6748
vn 0.2894 0.0468 0.9561
vn 0.3170 0.0924 0.9439
vn 0.4463 0.1068 0.8885
vn -0.3028 -0.0775 -0.9499
vn -0.3277 -0.0908 -0.9404
vn -0.4262 -0.1320 -0.8949
vn 0.6506 0.3622 -0.6675
vn -0.4718 -0.0648 -0.8793
vn 0.8592 0.0925 0.5032
vn 0.7514 -0.6264 0.2075
vn 0.4581 -0.8180 -0.3480
vn -0.1019 -0.7272 -0.6788
vn 0.7256 0.0615 0.6853
vn 0.7384 0.0728 0.6705
vn 0.7005 -0.6503 0.2940
vn 0.7319 -0.6398 0.2344
vn -0.1689 -0.7556 -0.6329
vn -0.6387 -0.1048 -0.7623
vn -0.6410 -0.0901 -0.7623
vn -0.1280 -0.7413 -0.6588
vn 0.3307 -0.9201 -0.2098
vn 0.3753 -0.8897 -0.2601
vn 0.2302 -0.9704 -0.0734
vn 0.5824 -0.6516 0.4860
vn -0.2014 -0.7823 -0.5894
vn -0.5592 -0.1397 -0.8172
vn -0.5614 0.6510 -0.5108
vn 0.6402 0.0630 0.7656
vn 0.3065 0.7442 0.5935
vn -0.1826 0.9793 0.0873
vn 0.4147 -0.1859 -0.8907
vn 0.3847 -0.1597 -0.9091
vn 0.8193 -0.4472 -0.3589
vn 0.8154 -0.4539 -0.3594
vn 0.4200 -0.1207 -0.8995
vn 0.8491 -0.3920 -0.3541
vn 0.8085 -0.4423 0.3882
vn 0.7787 -0.4859 0.3968
vn 0.7910 -0.4974 0.3563
vn -0.5147 -0.0832 0.8533
vn -0.5237 -0.1096 0.8448
vn -0.9545 0.0338 0.2964
vn -0.9493 0.0755 0.3053
vn -0.5252 -0.0890 0.8463
vn -0.9211 0.2072 0.3296
vn -0.8967 0.2186 -0.3850
vn -0.8973 0.1997 -0.3936
vn -0.8908 0.2281 -0.3931
vn -0.3699 0.1159 0.9218
vn -0.4014 0.1344 0.9060
vn -0.8338 0.4214 0.3568
vn -0.8326 0.4234 0.3570
vn -0.4078 0.1116 0.9062
vn -0.8527 0.3847 0.3534
vn -0.8029 0.4387 -0.4035
vn -0.7945 0.4598 -0.3968
vn -0.7786 0.4542 -0.4329
vn -0.2896 0.2206 -0.9314
vn -0.2488 0.1950 -0.9487
vn -0.2700 0.2302 -0.9349
vn 0.2722 -0.2445 0.9307
vn 0.3123 -0.2695 0.9110
vn 0.2918 -0.2349 0.9272
vn 0.3810 0.0213 0.9243
vn 0.1144 0.9714 0.2081
vn 0.9279 -0.0610 0.3677
vn 0.9532 0.1806 -0.2425
vn 0.5811 0.2261 -0.7818
vn -0.1600 0.4691 -0.8686
vn -0.2426 0.2880 -0.9264
vn -0.2351 0.2753 -0.9322
vn 0.5767 0.1927 -0.7939
vn 0.5585 0.1395 -0.8177
vn 0.9163 -0.1567 0.3684
vn 0.9262 -0.0966 0.3645
vn 0.3179 -0.1761 0.9316
vn 0.3257 -0.1889 0.9264
vn 0.9595 0.0449 -0.2782
vn 0.9548 -0.0303 -0.2956
vn 0.5067 0.0045 -0.8621
vn 0.9173 -0.2201 -0.3317
vn 0.8783 -0.3031 0.3697
vn 0.3353 -0.2068 0.9191
vn -0.4501 0.0165 0.8928
vn -0.8440 0.3426 -0.4127
vn -0.2255 0.2575 -0.9396
vn -0.9140 0.2312 0.3335
vn -0.3660 -0.7794 -0.5085
vn -0.6185 -0.7632 0.1868
vn -0.6265 -0.7523 0.2037
vn -0.3680 -0.7767 -0.5112
vn -0.5246 -0.3205 0.7887
vn -0.5178 -0.2890 0.8052
vn -0.5802 -0.2553 0.7734
vn -0.6800 -0.7104 0.1816
vn -0.4017 -0.7598 -0.5112
vn 0.4432 0.6807 0.5833
vn 0.9214 0.3875 0.0303
vn 0.9344 0.3534 0.0449
vn 0.4436 0.6798 0.5840
vn 0.8710 -0.0275 -0.4906
vn 0.8846 -0.0553 -0.4631
vn 0.8734 -0.0187 -0.4866
vn 0.7989 0.6006 -0.0326
vn 0.4351 0.7141 0.5485
vn 0.3724 0.7705 0.5174
vn 0.6321 0.7432 -0.2194
vn 0.6342 0.7472 -0.1988
vn 0.3742 0.7700 0.5168
vn 0.5078 0.2576 -0.8220
vn 0.5255 0.2832 -0.8023
vn 0.5706 0.2501 -0.7822
vn 0.6770 0.7159 -0.1706
vn 0.3769 0.7569 0.5339
vn 0.0918 -0.3676 -0.9254
vn 0.1073 -0.3510 -0.9302
vn 0.1150 -0.3684 -0.9225
vn -0.1115 0.3257 0.9389
vn -0.1012 0.3442 0.9334
vn -0.1443 0.3557 0.9234
vn -0.2871 0.7493 -0.5967
vn -0.4935 0.6834 0.5379
vn 0.0757 -0.2950 -0.9525
vn -0.5809 -0.5041 -0.6391
vn -0.9737 -0.1242 -0.1908
vn -0.9333 0.1479 0.3273
vn 0.2770 -0.4688 -0.8388
vn 0.3060 -0.4722 -0.8267
vn -0.5573 -0.5766 -0.5974
vn -0.5694 -0.5431 -0.6171
vn -0.8980 0.0659 0.4350
vn -0.3992 0.5171 0.7571
vn -0.4300 0.5505 0.7155
vn -0.9249 0.1181 0.3614
vn -0.9443 -0.3248 -0.0532
vn -0.9630 -0.2524 -0.0946
vn -0.8403 -0.5357 0.0831
vn -0.5180 -0.6696 -0.5324
vn -0.7679 -0.1092 0.6313
vn -0.3096 0.4250 0.8506
vn 0.3757 0.7232 0.5794
vn 0.1566 -0.4269 -0.8906
vn 0.7459 0.1055 -0.6576
vn 0.8237 0.5641 -0.0567
vn 0.0919 -0.5540 -0.8275
vn -0.4234 -0.0508 -0.9045
vn -0.4408 -0.0216 -0.8973
vn 0.1003 -0.5537 -0.8267
vn -0.7342 0.4889 -0.4710
vn -0.7387 0.5211 -0.4275
vn -0.1271 0.5059 0.8532
vn 0.4280 -0.0507 0.9024
vn 0.3990 -0.0060 0.9169
vn -0.1401 0.5198 0.8427
vn 0.7045 -0.5970 0.3839
vn 0.7013 -0.5507 0.4528
vn -0.6142 0.7370 0.2820
vn -0.6047 0.7390 0.2970
vn 0.5440 -0.7754 -0.3208
vn 0.5713 -0.7728 -0.2764
vn -0.4080 -0.7019 0.5839
vn 0.0158 -0.9999 -0.0008
vn 0.0240 -0.9997 -0.0087
vn -0.4108 -0.6839 0.6029
vn 0.4253 -0.6784 -0.5991
vn 0.4297 -0.6603 -0.6159
vn 0.3969 -0.7018 -0.5915
vn 0.0388 -0.9992 0.0131
vn -0.3530 -0.6973 0.6239
vn 0.0304 0.7222 -0.6910
vn -0.2689 0.9606 -0.0699
vn -0.3129 0.9459 -0.0860
vn -0.0106 0.7194 -0.6945
vn -0.3838 0.6932 0.6101
vn -0.3972 0.6934 0.6012
vn -0.3481 0.7155 0.6057
vn -0.0527 0.9985 0.0142
vn 0.0300 0.7424 -0.6693
vn 0.4183 0.6679 -0.6156
vn -0.0276 0.9985 0.0466
vn -0.0129 0.9996 0.0237
vn 0.4026 0.6860 -0.6061
vn -0.4587 0.5982 0.6571
vn -0.4225 0.6610 0.6202
vn -0.3829 0.6882 0.6162
vn -0.0292 0.9994 0.0159
vn 0.3541 0.7017 -0.6182
vn -0.5785 -0.0622 0.8133
vn -0.5698 -0.0091 0.8218
vn -0.5163 0.0059 0.8564
vn 0.5632 -0.0056 -0.8263
vn 0.5555 0.0084 -0.8314
vn 0.5201 -0.0195 -0.8539
vn 0.9105 0.3011 0.2833
vn 0.6311 0.0053 -0.7757
vn 0.0933 -0.0340 0.9951
vn 0.2349 -0.6903 0.6843
vn 0.5681 -0.8056 0.1684
vn 0.5826 -0.6707 -0.4590
vn -0.2350 -0.0495 0.9707
vn -0.1850 -0.0458 0.9817
vn 0.0727 -0.7199 0.6902
vn 0.1772 -0.7059 0.6858
vn 0.4796 -0.7037 -0.5242
vn 0.3818 -0.0110 -0.9242
vn 0.3836 0.0052 -0.9235
vn 0.5364 -0.6878 -0.4891
vn 0.3368 -0.9361 0.1015
vn 0.4275 -0.8952 0.1261
vn 0.1596 -0.9852 0.0621
vn -0.1577 -0.7240 0.6715
vn 0.4106 -0.7254 -0.5524
vn 0.4466 -0.0345 -0.8941
vn 0.1994 0.7207 -0.6640
vn -0.3671 -0.0350 0.9295
vn -0.3606 0.6817 0.6366
vn -0.1385 0.9903 -0.0148
vn -0.9097 -0.1550 -0.3852
vn -0.7968 -0.4617 0.3899
vn -0.8262 -0.4496 0.3393
vn -0.9017 -0.1101 -0.4181
vn -0.1722 -0.4672 0.8672
vn -0.2016 -0.4904 0.8479
vn -0.2553 -0.5454 0.7983
vn -0.8441 -0.4139 0.3409
vn -0.9402 -0.0176 -0.3400
vn 0.9763 -0.2160 -0.0102
vn 0.8038 0.2252 -0.5506
vn 0.7955 0.1922 -0.5747
vn 0.9709 -0.2371 -0.0344
vn 0.2253 0.5749 -0.7866
vn 0.2263 0.5558 -0.7999
vn 0.2352 0.5698 -0.7874
vn 0.8242 0.3285 -0.4613
vn 0.9755 -0.2186 -0.0264
vn 0.8906 0.1125 0.4407
vn 0.8150 0.4835 -0.3194
vn 0.8087 0.4850 -0.3329
vn 0.9054 0.1080 0.4105
vn 0.1632 0.4946 -0.8536
vn 0.1907 0.5192 -0.8331
vn 0.2052 0.5825 -0.7865
vn 0.8144 0.4566 -0.3582
vn 0.9432 0.0322 0.3308
vn -0.4812 0.2232 -0.8477
vn -0.4547 0.2711 -0.8484
vn -0.4858 0.3917 -0.7814
vn 0.4616 -0.2509 0.8509
vn 0.4599 -0.2795 0.8428
vn 0.4589 -0.3873 0.7997
vn 0.2203 0.7766 0.5902
vn 0.5275 -0.3920 0.7537
vn -0.5504 0.7559 -0.3544
vn -0.9390 0.3056 0.1575
vn -0.7251 -0.0162 0.6885
vn -0.2480 -0.4303 0.8679
vn -0.5797 0.6167 -0.5326
vn -0.5714 0.6342 -0.5209
vn -0.9662 0.2455 0.0782
vn -0.9503 0.2808 0.1344
vn -0.2548 -0.5044 0.8250
vn 0.5332 -0.5611 0.6331
vn 0.5457 -0.5554 0.6275
vn -0.2539 -0.4609 0.8504
vn -0.7953 -0.1848 0.5773
vn -0.7741 -0.1285 0.6199
vn -0.8380 -0.3035 0.4535
vn -0.9840 0.1344 -0.1171
vn -0.2765 -0.5482 0.7893
vn 0.4882 -0.5086 0.7092
vn 0.9829 -0.1155 0.1435
vn -0.5677 0.5406 -0.6209
vn 0.1933 0.6180 -0.7620
vn 0.8159 0.3480 -0.4617
vn -0.6404 -0.6646 -0.3850
vn -0.4040 -0.8558 0.3230
vn -0.4311 -0.8578 0.2797
vn -0.6449 -0.6465 -0.4077
vn 0.0737 -0.5315 0.8438
vn 0.0299 -0.5774 0.8159
vn -0.0465 -0.6385 0.7682
vn -0.4994 -0.8415 0.2060
vn -0.6712 -0.5831 -0.4577
vn 0.6184 0.6960 0.3649
vn 0.3818 0.8682 -0.3169
vn 0.4068 0.8718 -0.2729
vn 0.6237 0.6630 0.4140
vn -0.0720 0.5604 -0.8251
vn -0.0473 0.5863 -0.8087
vn 0.0191 0.6423 -0.7662
vn 0.4611 0.8647 -0.1991
vn 0.6418 0.6076 0.4680
vn -0.5000 -0.0760 -0.8627
vn -0.4895 -0.0503 -0.8705
vn -0.4628 0.0288 -0.8860
vn 0.5010 0.1184 0.8573
vn 0.4773 0.0625 0.8765
vn 0.4492 -0.0225 0.8931
vn -0.6572 -0.7296 0.1892
vn -0.7726 -0.4364 -0.4611
vn -0.1843 -0.6468 0.7400
vn 0.6095 0.7702 -0.1877
vn 0.7455 0.4455 0.4957
vn 0.1174 0.6305 -0.7672
vn -0.4591 0.1149 -0.8809
vn 0.4199 -0.1668 0.8921
vn -0.6042 0.2961 0.7398
vn -0.5896 0.2885 0.7544
vn -0.8072 0.5840 0.0857
vn -0.8094 0.5843 0.0586
vn -0.5587 0.5458 -0.6245
vn -0.5455 0.5353 -0.6449
vn -0.7771 0.6191 0.1130
vn -0.5530 0.5826 -0.5957
vn -0.5608 0.3183 0.7643
vn 0.4113 -0.4992 -0.7626
vn 0.4006 -0.5496 -0.7332
vn 0.4988 -0.8635 -0.0741
vn 0.5367 -0.8341 -0.1275
vn 0.3746 -0.7074 0.5993
vn 0.4099 -0.7119 0.5703
vn 0.6438 -0.7650 -0.0195
vn 0.3818 -0.6818 0.6240
vn 0.4284 -0.5647 -0.7054
vn 0.6103 -0.2843 -0.7394
vn 0.5963 -0.2740 -0.7546
vn 0.8151 -0.5731 -0.0851
vn 0.8164 -0.5745 -0.0592
vn 0.5644 -0.5358 0.6280
vn 0.5516 -0.5277 0.6460
vn 0.7900 -0.6032 -0.1098
vn 0.5579 -0.5579 0.6145
vn 0.5677 -0.2862 -0.7719
vn -0.0165 -0.1809 0.9834
vn -0.0333 -0.1711 0.9847
vn -0.0050 -0.1731 0.9849
vn 0.0205 0.1940 -0.9808
vn 0.0379 0.1804 -0.9829
vn 0.0035 0.2131 -0.9770
vn 0.2219 0.2446 -0.9439
vn 0.8597 0.5066 0.0659
vn 0.1237 0.1532 0.9804
vn -0.2926 0.9561 0.0183
vn -0.3124 0.6686 0.6748
vn -0.2647 0.7775 -0.5704
vn 0.0169 -0.0694 0.9974
vn 0.0187 -0.1063 0.9942
vn -0.3334 0.6265 0.7045
vn -0.3685 0.5588 0.7429
vn -0.3628 0.7708 -0.5237
vn -0.3047 0.7822 -0.5435
vn 0.0521 0.1821 -0.9819
vn 0.0206 0.2234 -0.9745
vn -0.4261 0.9004 0.0878
vn -0.4949 0.8579 0.1382
vn 0.4954 -0.5117 -0.7019
vn 0.5227 -0.4809 -0.7039
vn 0.7340 -0.6792 0.0000
vn 0.6937 -0.7203 -0.0002
vn 0.5227 -0.4809 0.7039
vn 0.4954 -0.5120 0.7017
vn 0.7522 -0.6589 -0.0024
vn 0.5328 -0.4732 0.7016
vn 0.5398 -0.4605 -0.7047
vn -0.4789 0.5128 0.7125
vn -0.5085 0.4899 0.7081
vn -0.7222 0.6917 0.0000
vn -0.6843 0.7292 0.0004
vn -0.5085 0.4899 -0.7081
vn -0.4788 0.5133 -0.7122
vn -0.7296 0.6839 -0.0023
vn -0.5106 0.4920 -0.7051
vn -0.5229 0.4823 0.7028
vn -0.4006 0.6970 -0.5947
vn -0.3686 0.6279 -0.6855
vn 0.0016 0.0026 -1.0000
vn -0.0539 0.1007 -0.9935
vn 0.3598 -0.6017 -0.7131
vn 0.3213 -0.5516 -0.7697
vn 0.0054 -0.0033 -1.0000
vn 0.3916 -0.5917 -0.7047
vn -0.3864 0.5996 -0.7008
vn -0.4959 0.5053 -0.7062
vn 0.0491 0.0640 -0.9967
vn 0.0142 0.0155 -0.9998
vn 0.5793 -0.4042 -0.7078
vn 0.0675 0.1308 -0.9891
vn 0.6166 -0.3350 -0.7124
vn -0.5082 0.5228 -0.6844
vn 0.5351 -0.4918 0.6869
vn -0.0257 -0.0564 0.9981
vn 0.0010 -0.0010 1.0000
vn -0.5654 0.4312 0.7032
vn -0.0536 -0.1230 0.9910
vn -0.6083 0.3508 0.7120
vn 0.5304 -0.5095 0.6776
vn 0.7777 -0.6285 -0.0133
vn 0.8035 -0.5951 -0.0189
vn -0.7505 0.6608 -0.0080
vn -0.7880 0.6155 0.0112
vn -0.4753 0.4415 0.7611
vn -0.6554 0.7420 0.1409
vn -0.4781 0.6906 -0.5428
vn -0.0046 0.2507 -0.9680
vn 0.4865 -0.3742 -0.7895
vn 0.4901 -0.6337 0.5985
vn 0.0028 -0.1237 0.9923
vn 0.6719 -0.7282 -0.1352
vn 0.2062 -0.7515 0.6267
vn 0.3106 -0.9492 -0.0505
vn 0.3127 -0.9468 -0.0757
vn 0.2022 -0.7385 0.6432
vn 0.3375 -0.9312 -0.1380
vn 0.2382 -0.7736 0.5872
vn 0.2498 -0.6172 -0.7461
vn 0.2564 -0.5668 -0.7830
vn 0.2632 -0.6729 -0.6913
vn -0.4424 0.7139 -0.5428
vn -0.6097 0.7771 0.1560
vn -0.6508 0.7442 0.1507
vn -0.4760 0.6958 -0.5378
vn -0.5044 0.8467 0.1694
vn -0.4623 0.7099 -0.5313
vn -0.4647 0.4414 0.7676
vn -0.4511 0.4570 0.7666
vn -0.4321 0.4573 0.7773
vn -0.1627 0.6777 -0.7171
vn -0.2970 0.9545 0.0253
vn -0.3002 0.9504 0.0807
vn -0.1890 0.7432 -0.6418
vn -0.3215 0.9362 0.1421
vn -0.2162 0.7756 -0.5931
vn -0.2353 0.6163 0.7515
vn -0.2339 0.5626 0.7929
vn -0.2366 0.6236 0.7451
vn -0.0228 -0.1004 0.9947
vn -0.0274 -0.0852 0.9960
vn 0.0003 -0.1523 0.9883
vn 0.0734 -0.0141 -0.9972
vn 0.0421 0.0850 -0.9955
vn 0.0275 0.1445 -0.9891
vn 0.7687 0.6290 0.1159
vn 0.2435 0.2814 -0.9282
vn 0.8017 -0.5854 -0.1210
vn 0.5866 -0.3898 -0.7099
vn 0.2599 -0.0869 0.9617
vn 0.5971 -0.6259 0.5017
vn 0.0727 -0.1947 0.9782
vn 0.0747 -0.1780 0.9812
vn 0.5705 -0.6499 0.5021
vn 0.5120 -0.6891 0.5128
vn 0.5028 -0.4460 -0.7405
vn 0.0583 0.1853 -0.9810
vn 0.0577 0.2037 -0.9773
vn 0.5599 -0.4119 -0.7189
vn 0.6433 -0.7506 -0.1507
vn 0.7101 -0.6900 -0.1406
vn 0.4746 -0.8653 -0.1612
vn 0.3700 -0.7601 0.5342
vn 0.3689 -0.5187 -0.7713
vn 0.0552 0.1582 -0.9859
vn -0.3144 0.7560 -0.5741
vn 0.0565 -0.2044 0.9773
vn -0.3122 0.4973 0.8095
vn -0.4605 0.8722 0.1649
vn -0.7081 0.1296 0.6941
vn -0.6943 0.0720 0.7161
vn -0.9500 -0.2931 0.1074
vn -0.9690 -0.2351 0.0757
vn -0.6698 -0.4778 -0.5684
vn -0.6650 -0.4562 -0.5913
vn -0.9664 -0.2417 0.0874
vn -0.6921 -0.4426 -0.5702
vn -0.7185 0.1104 0.6867
vn 0.7693 -0.3443 -0.5381
vn 0.7604 -0.3796 -0.5270
vn 0.9951 -0.0716 0.0679
vn 0.9982 -0.0361 0.0481
vn 0.7220 0.3124 0.6173
vn 0.7094 0.3353 0.6200
vn 0.9969 0.0675 -0.0398
vn 0.7304 0.3248 0.6008
vn 0.7598 -0.3653 -0.5378
vn 0.6981 -0.0755 -0.7120
vn 0.6729 -0.0315 -0.7390
vn 0.9336 0.3355 -0.1258
vn 0.9521 0.2858 -0.1085
vn 0.6483 0.5220 0.5543
vn 0.6694 0.4947 0.5542
vn 0.9534 0.2845 -0.1004
vn 0.6512 0.4978 0.5728
vn 0.6874 -0.0751 -0.7224
vn -0.0305 0.4132 0.9101
vn -0.0217 0.4318 0.9017
vn -0.0528 0.4253 0.9035
vn 0.0046 -0.3734 -0.9277
vn 0.0311 -0.3922 -0.9194
vn -0.0061 -0.3808 -0.9246
vn -0.0445 -0.2867 -0.9570
vn 0.0824 0.8518 -0.5173
vn -0.0780 0.7166 0.6931
vn -0.9506 0.2528 -0.1799
vn -0.7725 0.4682 0.4289
vn -0.7466 -0.1717 -0.6427
vn -0.0629 0.5626 0.8243
vn -0.0933 0.5365 0.8387
vn -0.7827 0.4346 0.4456
vn -0.7838 0.3810 0.4904
vn -0.7410 -0.2412 -0.6268
vn -0.7448 -0.2018 -0.6360
vn 0.0115 -0.4620 -0.8868
vn 0.0214 -0.4540 -0.8907
vn -0.9845 0.1411 -0.1043
vn -0.9946 0.0826 -0.0635
vn -0.7209 -0.3789 -0.5803
vn -0.6825 -0.3965 -0.6140
vn 0.0420 -0.5060 -0.8615
vn 0.0157 -0.5087 -0.8608
vn 0.7305 -0.3145 -0.6061
vn 0.7354 -0.3140 -0.6005
vn 0.0466 -0.4972 -0.8664
vn 0.7364 -0.2946 -0.6090
vn -0.6847 -0.3942 -0.6130
vn 0.6366 0.4266 0.6424
vn 0.6806 0.4088 0.6080
vn -0.0438 0.5165 0.8551
vn -0.0706 0.5154 0.8540
vn -0.7308 0.3270 0.5991
vn -0.7219 0.3328 0.6067
vn -0.0470 0.5111 0.8583
vn -0.7371 0.3169 0.5968
vn 0.6848 0.4105 0.6021
vn 0.9982 0.0604 -0.0044
vn 0.9965 0.0783 0.0300
vn 0.9971 0.0748 -0.0122
vn -0.9989 -0.0470 -0.0023
vn -0.9991 -0.0260 0.0327
vn -0.9987 -0.0513 -0.0022
vn -0.6708 -0.4174 -0.6130
vn 0.0546 -0.4518 -0.8905
vn 0.7327 -0.1988 -0.6508
vn 0.6923 0.4360 0.5750
vn -0.0309 0.4773 0.8782
vn -0.7339 0.2488 0.6320
vn 0.9854 0.1603 -0.0567
vn -0.9930 -0.1169 0.0196
vn -0.7669 0.2439 0.5936
vn -0.9967 -0.0792 0.0184
vn -0.7351 -0.3324 -0.5908
vn -0.0111 -0.4088 -0.9125
vn 0.7381 -0.2184 -0.6383
vn 0.6682 0.4251 0.6105
vn -0.1005 0.4834 0.8696
vn 0.9931 0.1158 -0.0189
vn -0.6796 -0.2560 0.6875
vn -0.6422 -0.2423 0.7273
vn -0.9989 -0.0472 -0.0004
vn -0.9980 -0.0287 -0.0571
vn -0.6830 0.1648 -0.7116
vn -0.6561 0.1915 -0.7299
vn -0.9995 -0.0164 0.0251
vn -0.7323 0.0973 -0.6740
vn -0.6648 -0.1177 0.7376
vn 0.7275 -0.2845 -0.6244
vn 0.7232 -0.3153 -0.6145
vn 0.9537 -0.2951 0.0588
vn 0.9654 -0.2555 0.0532
vn 0.7130 -0.0870 0.6958
vn 0.7152 -0.0638 0.6960
vn 0.9921 -0.1222 0.0290
vn 0.7215 -0.0694 0.6889
vn 0.7317 -0.2964 -0.6138
vn 0.6256 0.2594 -0.7358
vn 0.6472 0.2356 -0.7250
vn 0.9965 0.0807 0.0221
vn 0.9962 0.0872 0.0087
vn 0.6804 -0.1320 0.7208
vn 0.6550 -0.1607 0.7384
vn 0.9988 0.0423 0.0232
vn 0.7015 -0.0556 0.7105
vn 0.6767 0.1230 -0.7259
vn 0.0461 -0.2618 0.9640
vn 0.0040 -0.2956 0.9553
vn 0.0454 -0.1230 0.9914
vn -0.0432 0.2512 -0.9670
vn -0.0330 0.2782 -0.9600
vn -0.0727 0.1407 -0.9874
vn -0.0006 0.1010 -0.9949
vn 0.2868 0.9441 -0.1623
vn -0.0154 0.4315 0.9020
vn -0.8642 0.4944 -0.0929
vn -0.7137 0.4410 0.5442
vn -0.7043 0.2291 -0.6720
vn -0.0217 0.2363 0.9714
vn -0.0315 0.2164 0.9758
vn -0.7248 0.4087 0.5546
vn -0.7320 0.3484 0.5855
vn -0.7248 0.1457 -0.6734
vn -0.7153 0.1951 -0.6710
vn -0.0064 -0.1063 -0.9943
vn -0.0213 -0.1058 -0.9942
vn -0.9262 0.3702 -0.0717
vn -0.9515 0.3024 -0.0573
vn -0.7207 0.1432 0.6783
vn -0.9904 0.1384 -0.0042
vn -0.7478 0.0920 -0.6576
vn -0.0650 -0.0129 -0.9978
vn 0.7178 -0.1121 -0.6872
vn 0.6973 -0.0115 0.7167
vn -0.0204 0.1012 0.9947
vn 0.9934 -0.1063 0.0429
vn -0.3457 -0.6639 0.6631
vn -0.0594 -0.9974 0.0398
vn -0.1189 -0.9927 0.0190
vn -0.4088 -0.6596 0.6307
vn -0.0688 -0.9966 0.0463
vn -0.3652 -0.6743 0.6419
vn 0.2524 -0.7623 -0.5960
vn 0.2848 -0.7752 -0.5639
vn 0.2704 -0.7493 -0.6045
vn 0.1769 0.6682 -0.7226
vn -0.2075 0.9592 -0.1921
vn -0.2434 0.9468 -0.2105
vn 0.1502 0.6643 -0.7322
vn -0.0880 0.9876 -0.1301
vn 0.1649 0.6734 -0.7207
vn -0.4791 0.7621 0.4355
vn -0.4609 0.7706 0.4403
vn -0.4562 0.7665 0.4520
vn 0.4030 0.6601 -0.6339
vn 0.1239 0.9920 -0.0232
vn 0.1616 0.9869 0.0045
vn 0.4546 0.6485 -0.6106
vn 0.1094 0.9937 -0.0242
vn 0.4226 0.6484 -0.6333
vn -0.2112 0.7519 0.6246
vn -0.2477 0.7525 0.6103
vn -0.2173 0.7639 0.6077
vn -0.4213 0.0730 0.9040
vn -0.4521 0.0656 0.8895
vn -0.4469 0.0503 0.8932
vn 0.4618 -0.0594 -0.8850
vn 0.4940 -0.0813 -0.8657
vn 0.4988 -0.0966 -0.8613
vn 0.8501 0.2993 0.4332
vn 0.6934 -0.0750 -0.7166
vn 0.4235 -0.8548 0.2998
vn 0.5765 -0.7476 -0.3298
vn -0.2177 0.0665 0.9737
vn -0.0077 -0.6569 0.7539
vn -0.4223 0.0476 0.9052
vn -0.4143 0.0602 0.9081
vn -0.0398 -0.6681 0.7430
vn -0.0962 -0.6770 0.7296
vn 0.5060 -0.7705 -0.3876
vn 0.5221 -0.0991 -0.8471
vn 0.5299 -0.0865 -0.8436
vn 0.5488 -0.7595 -0.3491
vn 0.2489 -0.9448 0.2132
vn 0.3111 -0.9184 0.2446
vn 0.3387 -0.6992 -0.6296
vn 0.1242 0.0078 -0.9922
vn 0.0753 -0.0320 -0.9966
vn 0.2595 -0.7218 -0.6416
vn 0.1212 -0.0421 -0.9917
vn 0.2515 -0.7379 -0.6263
vn -0.1233 0.6143 -0.7794
vn -0.0451 0.6248 -0.7795
vn -0.1337 0.6420 -0.7549
vn -0.3255 0.6931 0.6431
vn -0.1355 0.0049 0.9908
vn -0.0688 0.0367 0.9970
vn -0.2497 0.7237 0.6433
vn -0.1002 0.0525 0.9936
vn -0.2417 0.7523 0.6129
vn 0.1383 -0.6038 0.7851
vn 0.1004 -0.6086 0.7871
vn 0.1169 -0.6269 0.7702
vn -0.3143 0.9418 -0.1192
vn -0.2631 0.9543 -0.1420
vn -0.1984 0.9671 -0.1591
vn 0.3174 -0.9361 0.1515
vn 0.2818 -0.9475 0.1512
vn 0.2452 -0.9564 0.1586
vn 0.2991 -0.0285 -0.9538
vn 0.2642 -0.7220 -0.6395
vn 0.1926 0.6623 -0.7240
vn -0.2681 0.0761 0.9604
vn -0.2394 0.7837 0.5732
vn -0.0965 -0.6545 0.7499
vn -0.0310 0.9926 -0.1175
vn 0.1169 -0.9883 0.0982
vn 0.0892 -0.9874 0.1307
vn -0.2270 -0.6920 0.6853
vn 0.3959 -0.7887 -0.4703
vn 0.5191 -0.1196 -0.8463
vn 0.3060 0.6559 -0.6901
vn -0.4248 0.0271 0.9049
vn -0.3588 0.7591 0.5432
vn -0.0607 0.9914 -0.1157
vn -0.2958 -0.7583 0.5809
vn 0.0193 -0.9992 -0.0355
vn 0.2267 -0.9686 0.1021
vn -0.0634 -0.7080 0.7033
vn 0.4126 -0.7080 -0.5732
vn 0.3372 -0.7016 -0.6277
vn 0.2971 0.7314 -0.6138
vn -0.0547 0.9981 0.0292
vn -0.2720 0.9600 -0.0665
vn 0.0160 0.7026 -0.7114
vn -0.3923 0.6475 0.6533
vn -0.3580 0.6571 0.6634
vn -0.4502 -0.0790 0.8894
vn -0.3033 -0.0583 0.9511
vn 0.4690 0.0153 -0.8830
vn 0.3237 0.0155 -0.9460
vn 0.2025 -0.7148 -0.6694
vn 0.4762 -0.0273 -0.8789
vn 0.4883 0.0354 -0.8719
vn 0.2506 -0.6815 -0.6876
vn 0.4222 0.7348 -0.5309
vn 0.4564 0.7004 -0.5487
vn -0.2515 0.6337 0.7316
vn -0.4880 -0.1182 0.8648
vn -0.4784 -0.0557 0.8764
vn -0.2562 0.6709 0.6959
vn -0.4176 -0.7445 0.5209
vn -0.4264 -0.7740 0.4680
vn 0.1452 0.9807 0.1313
vn 0.1104 0.9875 0.1125
vn -0.1509 -0.9794 -0.1345
vn -0.1207 -0.9856 -0.1181
vn 0.6336 -0.1455 0.7598
vn 0.8619 -0.4777 0.1700
vn 0.8651 -0.4725 0.1683
vn 0.6103 -0.1170 0.7835
vn 0.8920 -0.4252 0.1532
vn 0.6398 -0.0865 0.7637
vn 0.6298 -0.5543 -0.5441
vn 0.6590 -0.5178 -0.5456
vn 0.6522 -0.5630 -0.5075
vn -0.7227 -0.0925 -0.6850
vn -0.9890 0.1359 -0.0593
vn -0.9944 0.0950 -0.0459
vn -0.7310 -0.1179 -0.6722
vn -0.9597 0.2625 -0.1006
vn -0.7315 -0.0973 -0.6749
vn -0.7495 0.2982 0.5910
vn -0.7499 0.3164 0.5810
vn -0.7413 0.3263 0.5865
vn -0.5730 0.1068 -0.8126
vn -0.8554 0.4881 -0.1733
vn -0.8574 0.4849 -0.1723
vn -0.5994 0.1281 -0.7901
vn -0.8811 0.4452 -0.1596
vn -0.6114 0.1011 -0.7849
vn -0.6190 0.5673 0.5432
vn -0.6310 0.5423 0.5547
vn -0.5933 0.5637 0.5746
vn 0.0363 0.2913 0.9559
vn -0.0071 0.3183 0.9480
vn 0.0088 0.3218 0.9468
vn 0.0641 -0.3334 -0.9406
vn 0.0207 -0.3074 -0.9514
vn 0.0367 -0.3037 -0.9521
vn 0.1191 0.9435 -0.3091
vn 0.1285 -0.0683 -0.9893
vn 0.9931 0.1150 -0.0233
vn 0.7947 -0.1612 -0.5851
vn 0.1017 0.5341 0.8393
vn 0.7775 0.2250 0.5872
vn 0.0337 0.3520 0.9354
vn 0.0253 0.3645 0.9309
vn 0.7742 0.1929 0.6028
vn 0.7596 0.1435 0.6343
vn 0.7774 -0.2549 -0.5750
vn 0.0615 -0.2724 -0.9602
vn 0.0531 -0.2598 -0.9642
vn 0.7916 -0.1963 -0.5787
vn 0.9948 -0.0911 0.0446
vn 0.9996 -0.0182 0.0207
vn 0.9575 -0.2694 0.1028
vn 0.7154 0.0208 0.6984
vn 0.7338 -0.3920 -0.5549
vn 0.0755 -0.2861 -0.9552
vn -0.6614 0.0031 -0.7500
vn 0.0477 0.3382 0.9399
vn -0.6809 0.4424 0.5836
vn -0.9505 0.2907 -0.1097
vn 0.0077 0.0028 1.0000
vn 0.0105 -0.0026 0.9999
vn 0.0077 0.0028 -1.0000
vn 0.0106 -0.0022 -0.9999
vn -0.3790 0.6435 0.6651
vn -0.3551 0.5888 0.7261
vn -0.5108 0.8587 0.0411
vn -0.5025 0.8630 0.0527
vn -0.5451 0.8382 0.0166
vn -0.3829 0.5827 0.7168
vn 0.5128 -0.8581 -0.0253
vn 0.5019 -0.8642 -0.0352
vn 0.3744 -0.6314 0.6791
vn 0.3433 -0.5957 0.7262
vn 0.5519 -0.8339 -0.0096
vn 0.3967 -0.6033 0.6918
vn -0.4291 0.5562 -0.7116
vn -0.6132 0.7900 0.0040
vn -0.4291 0.5517 0.7152
vn 0.4460 -0.5603 0.6980
vn 0.6231 -0.7822 -0.0020
vn 0.4451 -0.5577 -0.7006
vn 0.0107 -0.0103 0.9999
vn 0.0095 -0.0190 0.9998
vn 0.0106 -0.0065 -0.9999
vn 0.0160 -0.0353 0.9993
vn -0.0320 0.0471 0.9984
vn -0.6682 0.0209 0.7437
vn -0.6655 0.0231 0.7460
vn -0.9122 0.3896 0.1269
vn -0.9154 0.3761 0.1434
vn -0.6278 0.5281 -0.5717
vn -0.6539 0.5221 -0.5475
vn -0.8806 0.4491 0.1511
vn -0.6034 0.5918 -0.5345
vn -0.6584 0.0599 0.7503
vn 0.5752 -0.1114 -0.8104
vn 0.5743 -0.1119 -0.8109
vn 0.5505 -0.7602 -0.3450
vn 0.5829 -0.7399 -0.3358
vn 0.3048 -0.9219 0.2390
vn 0.3349 -0.9051 0.2619
vn 0.7668 -0.5699 -0.2954
vn 0.3425 -0.9041 0.2557
vn 0.6139 -0.0991 -0.7831
vn 0.6590 -0.0282 -0.7516
vn 0.6593 -0.0301 -0.7513
vn 0.9080 -0.3976 -0.1322
vn 0.9096 -0.4003 -0.1114
vn 0.6235 -0.5366 0.5685
vn 0.6010 -0.5311 0.5972
vn 0.8819 -0.4428 -0.1620
vn 0.5986 -0.5858 0.5463
vn 0.6430 -0.0338 -0.7652
vn -0.0322 -0.3601 0.9324
vn -0.0528 -0.3499 0.9353
vn -0.0485 -0.3714 0.9272
vn 0.0265 0.3528 -0.9353
vn 0.0052 0.3577 -0.9338
vn 0.0291 0.3952 -0.9182
vn 0.3535 0.7604 -0.5448
vn 0.7902 0.4019 0.4627
vn 0.0179 -0.3169 0.9483
vn -0.3070 0.8437 0.4404
vn -0.4309 0.2856 0.8560
vn -0.1928 0.9739 -0.1201
vn -0.1234 -0.5667 0.8146
vn -0.1242 -0.5405 0.8321
vn -0.4703 0.2664 0.8413
vn -0.5038 0.2481 0.8274
vn -0.2904 0.9332 -0.2117
vn -0.2280 0.9624 -0.1476
vn 0.1961 0.6890 -0.6977
vn 0.1612 0.6566 -0.7368
vn -0.4502 0.8100 0.3759
vn -0.5242 0.7770 0.3487
vn -0.5983 0.1932 0.7776
vn -0.7317 0.6369 0.2429
vn -0.4753 0.7894 -0.3885
vn 0.0720 0.5595 -0.8257
vn 0.5985 -0.0356 -0.8003
vn 0.4738 -0.7743 0.4195
vn -0.1011 -0.4233 0.9003
vn 0.7462 -0.6083 -0.2703
vn -0.2712 -0.7128 0.6468
vn -0.2722 -0.7098 0.6497
vn -0.7053 -0.7085 0.0244
vn -0.6939 -0.7190 0.0395
vn -0.7267 -0.2944 -0.6207
vn -0.7309 -0.3240 -0.6006
vn -0.7483 -0.6609 0.0559
vn -0.7764 -0.2536 -0.5770
vn -0.3035 -0.6902 0.6569
vn 0.3197 0.6035 -0.7304
vn 0.3199 0.6026 -0.7311
vn 0.9116 0.2705 -0.3096
vn 0.9050 0.3064 -0.2951
vn 0.9690 -0.1001 0.2260
vn 0.9648 -0.0696 0.2537
vn 0.8171 0.5326 -0.2207
vn 0.9667 -0.0613 0.2485
vn 0.3231 0.6396 -0.6975
vn 0.2744 0.7028 -0.6563
vn 0.2763 0.7023 -0.6561
vn 0.7111 0.7024 -0.0307
vn 0.7142 0.6999 -0.0100
vn 0.7329 0.2877 0.6165
vn 0.7194 0.2650 0.6421
vn 0.7430 0.6660 -0.0661
vn 0.7690 0.2497 0.5884
vn 0.2736 0.6880 -0.6722
vn 0.3221 -0.3001 0.8979
vn 0.3048 -0.3156 0.8986
vn 0.3264 -0.3185 0.8900
vn -0.3175 0.2926 -0.9020
vn -0.3301 0.2747 -0.9031
vn -0.3557 0.3083 -0.8823
vn -0.5709 0.6874 -0.4489
vn -0.0732 0.8065 0.5867
vn 0.3011 -0.2404 0.9228
vn -0.8968 -0.0302 0.4415
vn -0.4265 -0.4129 0.8048
vn -0.9746 0.2048 -0.0904
vn 0.4788 -0.4437 0.7576
vn 0.4542 -0.4371 0.7763
vn -0.4236 -0.4540 0.7839
vn -0.4193 -0.4896 0.7645
vn -0.9739 0.1135 -0.1964
vn -0.9774 0.1722 -0.1229
vn -0.5644 0.5389 -0.6253
vn -0.5477 0.5005 -0.6705
vn -0.9197 -0.1646 0.3565
vn -0.9171 -0.2407 0.3177
vn -0.4043 -0.5894 0.6994
vn -0.8659 -0.4677 0.1773
vn -0.9108 -0.0837 -0.4043
vn -0.4916 0.3955 -0.7759
vn 0.2584 0.6517 -0.7131
vn 0.8963 0.0835 0.4356
vn 0.3545 -0.3822 0.8534
vn 0.8450 0.4957 -0.2008
vn -0.5287 0.5284 -0.6643
vn 0.0557 0.1637 -0.9849
vn 0.6204 -0.3008 -0.7243
vn 0.5380 -0.5198 0.6636
vn -0.0490 -0.1551 0.9867
vn -0.6140 0.3128 0.7246
vn 0.8135 -0.5805 -0.0348
vn -0.8053 0.5920 0.0329
vn -0.6525 -0.7301 0.2032
vn -0.6345 -0.7414 0.2188
vn -0.9952 -0.0701 -0.0679
vn -0.9945 -0.0814 -0.0659
vn -0.7022 0.6368 -0.3185
vn -0.7197 0.6220 -0.3084
vn -0.9967 -0.0702 -0.0416
vn -0.7396 0.5922 -0.3198
vn -0.6548 -0.7069 0.2673
vn 0.7189 0.4821 -0.5008
vn 0.7210 0.4501 -0.5268
vn 0.9773 -0.1190 -0.1755
vn 0.9865 -0.0905 -0.1365
vn 0.7312 -0.5987 0.3270
vn 0.7293 -0.5926 0.3418
vn 0.9975 0.0434 0.0564
vn 0.7472 -0.5588 0.3597
vn 0.7387 0.4714 -0.4817
vn 0.6177 0.7531 -0.2263
vn 0.6375 0.7366 -0.2258
vn 0.9937 0.0709 0.0865
vn 0.9942 0.0458 0.0972
vn 0.7019 -0.6332 0.3262
vn 0.6437 -0.6896 0.3318
vn 0.9956 0.0618 0.0710
vn 0.7243 -0.5959 0.3469
vn 0.6590 0.7051 -0.2617
vn 0.0528 -0.9311 0.3610
vn 0.0012 -0.9385 0.3453
vn 0.0610 -0.9052 0.4206
vn -0.0517 0.9248 -0.3770
vn -0.0665 0.9268 -0.3696
vn -0.0749 0.9056 -0.4174
vn -0.0643 0.9551 -0.2891
vn 0.1874 0.6171 0.7642
vn -0.0529 -0.4863 0.8722
vn -0.8693 0.2955 0.3963
vn -0.7190 -0.2574 0.6456
vn -0.7321 0.6731 -0.1044
vn -0.0311 -0.7085 0.7051
vn -0.0286 -0.7437 0.6679
vn -0.7275 -0.3071 0.6135
vn -0.7289 -0.3968 0.5579
vn -0.7519 0.6221 -0.2182
vn -0.7433 0.6504 -0.1563
vn -0.0335 0.8350 -0.5492
vn -0.0493 0.8324 -0.5520
vn -0.9410 0.1953 0.2763
vn -0.9705 0.1308 0.2024
vn -0.7052 -0.5758 0.4136
vn -0.9977 0.0027 0.0674
vn -0.7650 0.5792 -0.2816
vn -0.0807 0.8664 -0.4927
vn 0.6968 0.6055 -0.3844
vn 0.7150 -0.5896 0.3757
vn 0.0019 -0.8276 0.5613
vn 0.9998 -0.0116 -0.0160
vn -0.0416 -0.5453 -0.8372
vn 0.0023 -0.5159 -0.8566
vn -0.3499 -0.9121 -0.2135
vn -0.3657 -0.9175 -0.1562
vn -0.4694 -0.6889 0.5523
vn -0.4500 -0.6735 0.5864
vn -0.3123 -0.9243 -0.2195
vn -0.5172 -0.7105 0.4772
vn 0.0981 -0.5827 -0.8067
vn -0.3315 0.7872 0.5200
vn -0.3517 0.7943 0.4953
vn 0.0999 0.9949 -0.0173
vn 0.1315 0.9913 0.0096
vn 0.5310 0.6885 -0.4940
vn 0.5499 0.6820 -0.4821
vn 0.2309 0.9676 0.1025
vn 0.5437 0.6901 -0.4777
vn -0.3339 0.7953 0.5059
vn 0.0013 0.4943 0.8693
vn -0.0047 0.5231 0.8523
vn 0.3870 0.8974 0.2116
vn 0.3847 0.8949 0.2261
vn 0.4992 0.6744 -0.5440
vn 0.4783 0.6611 -0.5781
vn 0.3584 0.9137 0.1918
vn 0.5599 0.6662 -0.4927
vn -0.0839 0.5917 0.8018
vn 0.3305 0.1294 -0.9349
vn 0.2861 0.1027 -0.9527
vn 0.4534 0.0776 -0.8879
vn -0.3394 -0.1228 0.9326
vn -0.3113 -0.1232 0.9423
vn -0.4460 -0.1096 0.8883
vn -0.4585 -0.0279 0.8882
vn 0.7398 -0.0773 0.6684
vn 0.8193 -0.1810 -0.5440
vn 0.0655 -0.9843 0.1637
vn 0.4149 -0.8309 -0.3707
vn -0.4043 -0.7327 0.5474
vn 0.7024 -0.1162 -0.7023
vn 0.6861 -0.1181 -0.7179
vn 0.3918 -0.8295 -0.3980
vn 0.3591 -0.8144 -0.4559
vn -0.4768 -0.7212 0.5026
vn -0.4339 -0.7305 0.5273
vn -0.6219 0.0426 0.7819
vn -0.6261 0.0286 0.7792
vn -0.0395 -0.9967 0.0714
vn -0.0926 -0.9955 0.0202
vn 0.2525 -0.7296 -0.6355
vn -0.2043 -0.9722 -0.1148
vn -0.5174 -0.7230 0.4577
vn -0.5692 -0.0460 0.8209
vn -0.2339 0.7157 0.6581
vn 0.5964 0.6460 -0.4765
vn 0.6098 -0.0658 -0.7899
vn 0.2512 0.9629 0.0990
vn 0.7164 -0.5214 0.4635
vn 0.6027 -0.7545 -0.2599
vn 0.6275 -0.7385 -0.2466
vn 0.7282 -0.4982 0.4707
vn 0.1363 -0.5549 -0.8207
vn 0.1680 -0.5535 -0.8157
vn 0.2183 -0.5363 -0.8153
vn 0.6723 -0.6975 -0.2479
vn 0.7596 -0.4617 0.4581
vn -0.8882 0.2940 -0.3530
vn -0.8259 0.4345 0.3594
vn -0.8153 0.3982 0.4204
vn -0.9117 0.2804 -0.3003
vn -0.3205 0.3779 0.8686
vn -0.2960 0.3458 0.8904
vn -0.2621 0.3575 0.8964
vn -0.7232 0.5566 0.4090
vn -0.9123 0.3087 -0.2690
vn -0.7351 0.5053 -0.4521
vn -0.6204 0.7365 0.2695
vn -0.6280 0.7383 0.2459
vn -0.7269 0.4977 -0.4731
vn -0.1576 0.5363 0.8292
vn -0.1682 0.5515 0.8170
vn -0.1896 0.5438 0.8175
vn -0.6604 0.7107 0.2423
vn -0.7397 0.4700 -0.4816
vn 0.3963 0.0202 0.9179
vn 0.3960 0.0411 0.9173
vn 0.4063 0.0559 0.9120
vn -0.4175 -0.0359 -0.9080
vn -0.3944 -0.0432 -0.9179
vn -0.3703 -0.0538 -0.9273
vn 0.3389 0.9104 -0.2373
vn -0.3541 0.1693 -0.9198
vn 0.6551 0.2178 0.7235
vn 0.9652 -0.1854 0.1843
vn 0.8329 -0.1886 -0.5202
vn 0.3551 -0.2271 -0.9068
vn 0.4638 0.0876 0.8816
vn 0.4961 0.0900 0.8636
vn 0.9205 -0.2470 0.3029
vn 0.9500 -0.2082 0.2328
vn 0.3884 -0.3213 -0.8636
vn -0.3620 -0.0349 -0.9315
vn -0.4042 -0.0086 -0.9147
vn 0.3792 -0.2642 -0.8868
vn 0.8458 -0.3897 -0.3643
vn 0.8435 -0.3211 -0.4305
vn 0.7734 -0.5608 -0.2956
vn 0.8484 -0.3636 0.3847
vn 0.3273 -0.4455 -0.8333
vn -0.3327 -0.0564 -0.9414
vn -0.8105 0.3794 -0.4462
vn 0.4506 0.0699 0.8900
vn -0.2511 0.4678 0.8474
vn -0.7611 0.5790 0.2924
vn -0.2947 0.1764 0.9392
vn -0.2743 0.1752 0.9455
vn -0.8599 0.2048 0.4675
vn -0.8476 0.2046 0.4897
vn -0.3390 0.2026 0.9187
vn -0.8850 0.2260 0.4070
vn -0.9345 0.1317 -0.3306
vn -0.9545 0.1229 -0.2718
vn -0.9715 0.1348 -0.1952
vn 0.3417 -0.4077 -0.8468
vn 0.3341 -0.4425 -0.8322
vn 0.7800 -0.5551 -0.2888
vn 0.8046 -0.5106 -0.3032
vn 0.3475 -0.4269 -0.8349
vn 0.8552 -0.3978 -0.3321
vn 0.8610 -0.3375 0.3804
vn 0.8506 -0.3525 0.3901
vn 0.8647 -0.3178 0.3889
vn 0.1781 -0.1483 -0.9728
vn 0.2772 -0.1615 -0.9471
vn 0.8640 -0.1917 -0.4655
vn 0.8362 -0.1925 -0.5136
vn 0.3345 -0.1811 -0.9248
vn 0.8893 -0.2094 -0.4065
vn 0.9337 -0.1091 0.3410
vn 0.9549 -0.1082 0.2766
vn 0.9574 -0.1093 0.2672
vn 0.4882 0.0443 0.8716
vn 0.4744 0.0471 0.8790
vn 0.4252 0.0641 0.9028
vn -0.4900 -0.0297 -0.8712
vn -0.5763 -0.0091 -0.8172
vn -0.4357 -0.0374 -0.8993
vn -0.3180 0.1959 -0.9276
vn 0.4791 0.8371 -0.2641
vn -0.7922 0.4834 -0.3724
vn -0.6532 0.7237 0.2228
vn -0.3128 0.5669 0.7621
vn 0.4298 0.3261 0.8419
vn 0.3904 0.1346 0.9108
vn 0.3753 0.1307 0.9176
vn -0.3287 0.5381 0.7761
vn -0.3472 0.4768 0.8075
vn -0.8443 0.3920 -0.3654
vn -0.8119 0.4540 -0.3672
vn -0.3846 -0.0003 -0.9231
vn -0.4018 -0.0020 -0.9157
vn -0.7378 0.6204 0.2661
vn -0.7843 0.5471 0.2924
vn -0.3748 0.3304 0.8662
vn -0.8620 0.3670 0.3497
vn -0.9034 0.2492 -0.3489
vn -0.4263 -0.0083 -0.9045
vn 0.3419 -0.2789 -0.8974
vn 0.8996 -0.1922 0.3921
vn 0.3690 0.1134 0.9225
vn 0.8679 -0.3520 -0.3505
vn 0.2623 -0.6449 0.7178
vn 0.0762 -0.9968 -0.0231
vn 0.0928 -0.9951 0.0342
vn 0.2908 -0.6032 0.7427
vn -0.1628 -0.6893 -0.7060
vn -0.1709 -0.7172 -0.6755
vn -0.1989 -0.7701 -0.6062
vn 0.1323 -0.9905 0.0380
vn 0.4017 -0.6118 0.6814
vn -0.6768 0.6410 -0.3620
vn -0.3072 0.9345 0.1800
vn -0.3350 0.9192 0.2070
vn -0.6960 0.6343 -0.3365
vn 0.2409 0.7584 0.6057
vn 0.2220 0.7538 0.6185
vn 0.2315 0.7636 0.6028
vn -0.2148 0.9730 0.0848
vn -0.6813 0.6448 -0.3466
vn -0.2793 0.5878 -0.7592
vn -0.0550 0.9972 -0.0498
vn -0.0529 0.9980 -0.0351
vn -0.2957 0.6077 -0.7371
vn 0.1929 0.6920 0.6956
vn 0.2034 0.7188 0.6648
vn 0.2575 0.7469 0.6131
vn -0.0840 0.9964 -0.0126
vn -0.3924 0.6251 -0.6748
vn 0.2888 0.0502 0.9561
vn 0.3159 0.0961 0.9439
vn 0.4450 0.1121 0.8885
vn -0.3019 -0.0811 -0.9499
vn -0.3266 -0.0946 -0.9404
vn -0.4247 -0.1371 -0.8949
vn 0.6462 0.3699 -0.6675
vn -0.4710 -0.0703 -0.8793
vn 0.8581 0.1027 0.5032
vn 0.7587 -0.6174 0.2075
vn 0.4677 -0.8125 -0.3480
vn -0.0933 -0.7284 -0.6788
vn 0.7249 0.0701 0.6853
vn 0.7374 0.0816 0.6705
vn 0.7082 -0.6419 0.2940
vn 0.7395 -0.6310 0.2344
vn -0.1599 -0.7575 -0.6329
vn -0.6374 -0.1124 -0.7623
vn -0.6398 -0.0977 -0.7623
vn -0.1192 -0.7428 -0.6588
vn 0.3416 -0.9161 -0.2098
vn 0.3858 -0.8852 -0.2601
vn 0.2417 -0.9676 -0.0734
vn 0.5901 -0.6447 0.4860
vn -0.1921 -0.7847 -0.5894
vn -0.5575 -0.1463 -0.8172
vn -0.5691 0.6443 -0.5108
vn 0.6394 0.0706 0.7656
vn 0.2977 0.7478 0.5935
vn -0.1942 0.9771 0.0873
vn 0.0984 -0.5528 -0.8275
vn -0.4227 -0.0558 -0.9045
vn -0.4405 -0.0268 -0.8973
vn 0.1069 -0.5524 -0.8267
vn -0.7400 0.4802 -0.4711
vn -0.7448 0.5123 -0.4275
vn -0.1331 0.5044 0.8532
vn 0.4285 -0.0456 0.9024
vn 0.3990 -0.0013 0.9169
vn -0.1462 0.5181 0.8427
vn 0.7115 -0.5886 0.3839
vn 0.7077 -0.5423 0.4528
vn -0.6229 0.7297 0.2820
vn -0.6134 0.7318 0.2970
vn 0.5531 -0.7689 -0.3208
vn 0.5805 -0.7659 -0.2764
vn -0.3997 -0.7067 0.5838
vn 0.0276 -0.9996 -0.0008
vn 0.0359 -0.9993 -0.0088
vn -0.4026 -0.6887 0.6029
vn 0.4333 -0.6733 -0.5991
vn 0.4375 -0.6552 -0.6159
vn 0.4052 -0.6971 -0.5915
vn 0.0506 -0.9986 0.0131
vn -0.3447 -0.7014 0.6239
vn 0.0219 0.7226 -0.6910
vn -0.2802 0.9574 -0.0699
vn -0.3241 0.9421 -0.0860
vn -0.0191 0.7192 -0.6945
vn -0.3919 0.6886 0.6101
vn -0.4054 0.6886 0.6012
vn -0.3565 0.7113 0.6057
vn -0.0645 0.9978 0.0142
vn 0.0212 0.7427 -0.6693
vn 0.4103 0.6728 -0.6156
vn -0.0394 0.9981 0.0467
vn -0.0247 0.9994 0.0237
vn 0.3945 0.6907 -0.6061
vn -0.4657 0.5927 0.6571
vn -0.4303 0.6559 0.6202
vn -0.3911 0.6836 0.6162
vn -0.0410 0.9990 0.0159
vn 0.3458 0.7059 -0.6182
vn -0.5777 -0.0690 0.8133
vn -0.5696 -0.0159 0.8218
vn -0.5164 -0.0003 0.8564
vn 0.5632 0.0011 -0.8263
vn 0.5554 0.0150 -0.8314
vn 0.5203 -0.0133 -0.8539
vn 0.9069 0.3119 0.2833
vn 0.6309 0.0128 -0.7757
vn 0.0937 -0.0329 0.9951
vn 0.2431 -0.6875 0.6843
vn 0.5776 -0.7988 0.1684
vn 0.5905 -0.6638 -0.4590
vn -0.2344 -0.0522 0.9707
vn -0.1845 -0.0480 0.9817
vn 0.0812 -0.7190 0.6902
vn 0.1856 -0.7037 0.6858
vn 0.4879 -0.6979 -0.5242
vn 0.3819 -0.0064 -0.9242
vn 0.3835 0.0098 -0.9235
vn 0.5445 -0.6814 -0.4891
vn 0.3479 -0.9320 0.1015
vn 0.4380 -0.8901 0.1261
vn 0.1713 -0.9833 0.0621
vn -0.1491 -0.7259 0.6715
vn 0.4191 -0.7205 -0.5524
vn 0.4470 -0.0292 -0.8941
vn 0.1908 0.7230 -0.6640
vn -0.3666 -0.0394 0.9295
vn -0.3687 0.6774 0.6366
vn -0.1502 0.9885 -0.0148
vn -0.9078 -0.1658 -0.3852
vn -0.7913 -0.4711 0.3899
vn -0.8209 -0.4594 0.3393
vn -0.9003 -0.1208 -0.4181
vn -0.1667 -0.4692 0.8672
vn -0.1957 -0.4927 0.8479
vn -0.2488 -0.5484 0.7983
vn -0.8391 -0.4239 0.3409
vn -0.9400 -0.0287 -0.3400
vn 0.9788 -0.2044 -0.0102
vn 0.8011 0.2347 -0.5506
vn 0.7931 0.2016 -0.5747
vn 0.9736 -0.2256 -0.0344
vn 0.2185 0.5775 -0.7866
vn 0.2197 0.5585 -0.7999
vn 0.2284 0.5725 -0.7874
vn 0.8202 0.3383 -0.4613
vn 0.9780 -0.2070 -0.0264
vn 0.8892 0.1231 0.4407
vn 0.8092 0.4932 -0.3194
vn 0.8029 0.4945 -0.3329
vn 0.9041 0.1188 0.4105
vn 0.1574 0.4965 -0.8536
vn 0.1845 0.5214 -0.8331
vn 0.1983 0.5849 -0.7865
vn 0.8089 0.4662 -0.3582
vn 0.9427 0.0434 0.3308
vn -0.4838 0.2175 -0.8477
vn -0.4579 0.2657 -0.8484
vn -0.4904 0.3859 -0.7814
vn 0.4645 -0.2454 0.8509
vn 0.4632 -0.2740 0.8428
vn 0.4634 -0.3819 0.7997
vn 0.2111 0.7792 0.5902
vn 0.5321 -0.3857 0.7537
vn -0.5593 0.7493 -0.3544
vn -0.9426 0.2945 0.1575
vn -0.7248 -0.0248 0.6885
vn -0.2429 -0.4332 0.8679
vn -0.5869 0.6098 -0.5326
vn -0.5788 0.6274 -0.5209
vn -0.9691 0.2340 0.0782
vn -0.9536 0.2695 0.1344
vn -0.2488 -0.5074 0.8250
vn 0.5398 -0.5548 0.6331
vn 0.5522 -0.5489 0.6275
vn -0.2484 -0.4639 0.8504
vn -0.7931 -0.1942 0.5773
vn -0.7725 -0.1376 0.6199
vn -0.8343 -0.3134 0.4535
vn -0.9855 0.1227 -0.1171
vn -0.2700 -0.5515 0.7893
vn 0.4942 -0.5028 0.7092
vn 0.9842 -0.1039 0.1435
vn -0.5740 0.5338 -0.6209
vn 0.1860 0.6202 -0.7620
vn 0.8118 0.3576 -0.4617
v 0.04695 0.60855 -0.01136
v 0.03399 0.61639 -0.00878
v 0.03033 0.60339 0.00914
v 0.02453 0.60706 -0.02575
v 0.02100 0.60884 -0.02716
v 0.01306 0.61721 -0.02244
v 0.01957 0.62451 -0.00599
v 0.01789 0.61040 0.01225
v 0.02246 0.60615 0.01344
v 0.00859 0.63880 -0.00341
v 0.00540 0.63428 -0.01166
v 0.00596 0.64461 -0.00266
v 0.00715 0.62726 0.00857
v -0.01197 0.60843 -0.04039
v -0.00659 0.61633 -0.02834
v 0.01054 0.60162 -0.02813
v -0.02197 0.60787 -0.01503
v -0.02252 0.60785 -0.01135
v -0.01582 0.61604 -0.00481
v -0.00090 0.62455 -0.01483
v 0.01661 0.60937 -0.01681
v 0.01654 0.60466 -0.02143
v 0.00447 0.63882 -0.00491
v -0.00301 0.63524 0.00007
v 0.00602 0.64461 -0.00263
v 0.01606 0.62620 -0.00590
v 0.00781 0.60272 0.03728
v 0.00745 0.61201 0.02448
v -0.00974 0.60000 0.01734
v 0.02566 0.60308 0.01747
v 0.02764 0.60519 0.01432
v 0.02436 0.61409 0.00613
v 0.00712 0.62174 0.01025
v -0.01069 0.60700 0.00490
v -0.01263 0.60163 0.00898
v 0.00649 0.63724 -0.00028
v 0.01512 0.63264 -0.00231
v 0.00623 0.64335 -0.00271
v -0.00519 0.62642 -0.00420
v -0.03313 0.60319 0.00560
v -0.02056 0.61232 0.00294
v -0.01731 0.60173 -0.01579
v -0.01005 0.60138 0.01891
v -0.00649 0.60148 0.02022
v 0.00096 0.61080 0.01566
v -0.00656 0.62187 0.00003
v -0.00524 0.60876 -0.01904
v -0.00971 0.60360 -0.02029
v 0.00382 0.63726 -0.00219
v 0.00753 0.63190 0.00564
v 0.00623 0.64335 -0.00271
v 0.00508 0.62748 -0.01482
v -0.00675 0.63493 0.02325
v -0.00260 0.63918 0.01508
v -0.01107 0.62696 0.00466
v 0.01118 0.62830 0.01653
v 0.01351 0.62933 0.01521
v 0.01423 0.63618 0.00905
v 0.00207 0.64212 0.00597
v -0.00750 0.63326 -0.00340
v -0.01012 0.62967 -0.00151
v 0.00532 0.65191 -0.00078
v 0.01138 0.64899 0.00079
v 0.00601 0.65620 -0.00235
v -0.00083 0.64536 -0.00719
v 0.02922 0.63678 0.01533
v 0.02193 0.64044 0.00961
v 0.01050 0.62708 0.01564
v 0.02665 0.63015 -0.00364
v 0.02580 0.63114 -0.00618
v 0.01966 0.63747 -0.00813
v 0.01389 0.64274 0.00315
v 0.00312 0.63278 0.01051
v 0.00457 0.62928 0.01345
v 0.00757 0.65203 -0.00137
v 0.01048 0.64945 -0.00699
v 0.00601 0.65620 -0.00235
v 0.00031 0.64475 0.00327
v 0.02026 0.64049 -0.02837
v 0.01565 0.64337 -0.02020
v 0.02408 0.63050 -0.01011
v 0.00232 0.63174 -0.02287
v -0.00008 0.63243 -0.02161
v -0.00130 0.63841 -0.01513
v 0.01051 0.64480 -0.01118
v 0.01997 0.63547 -0.00191
v 0.02279 0.63234 -0.00387
v 0.00665 0.65344 -0.00407
v 0.00077 0.65030 -0.00607
v 0.00574 0.65746 -0.00230
v 0.01274 0.64656 0.00224
v -0.02243 0.63787 -0.00938
v -0.01352 0.64160 -0.00690
v -0.00523 0.62733 -0.01626
v -0.01305 0.63245 0.00750
v -0.01131 0.63358 0.00951
v -0.00484 0.63977 0.00881
v -0.00364 0.64399 -0.00398
v 0.00356 0.63306 -0.01443
v 0.00111 0.62943 -0.01650
v 0.00397 0.65330 -0.00245
v 0.00333 0.65124 0.00393
v 0.00581 0.65746 -0.00227
v 0.00895 0.64539 -0.00918
v 0.06113 0.65416 -0.01377
v 0.04383 0.66462 -0.01033
v 0.03894 0.64727 0.01359
v 0.03120 0.65216 -0.03298
v 0.02650 0.65455 -0.03487
v 0.01589 0.66571 -0.02857
v 0.02459 0.67546 -0.00661
v 0.02235 0.65663 0.01774
v 0.02845 0.65095 0.01931
v 0.00994 0.69452 -0.00316
v 0.00567 0.68849 -0.01418
v 0.00642 0.70229 -0.00217
v 0.00801 0.67913 0.01282
v -0.01750 0.65400 -0.05252
v -0.01033 0.66454 -0.03643
v 0.01254 0.64491 -0.03616
v -0.03085 0.65326 -0.01867
v -0.03159 0.65322 -0.01377
v -0.02264 0.66415 -0.00503
v -0.00273 0.67551 -0.01840
v 0.02063 0.65526 -0.02105
v 0.02054 0.64896 -0.02721
v 0.00444 0.69455 -0.00517
v -0.00554 0.68977 0.00147
v 0.00650 0.70229 -0.00212
v 0.01990 0.67771 -0.00648
v 0.00890 0.64638 0.05113
v 0.00841 0.65877 0.03406
v -0.01453 0.64275 0.02453
v 0.03271 0.64686 0.02470
v 0.03536 0.64967 0.02049
v 0.03098 0.66155 0.00956
v 0.00797 0.67176 0.01506
v -0.01580 0.65210 0.00793
v -0.01839 0.64492 0.01337
v 0.00712 0.69244 0.00101
v 0.01864 0.68631 -0.00170
v 0.00678 0.70060 -0.00223
v -0.00846 0.67800 -0.00423
v -0.04574 0.64700 0.00886
v -0.02897 0.65918 0.00531
v -0.02463 0.64505 -0.01969
v -0.01494 0.64460 0.02662
v -0.01020 0.64472 0.02837
v -0.00025 0.65716 0.02229
v -0.01029 0.67193 0.00143
v -0.00853 0.65444 -0.02403
v -0.01449 0.64755 -0.02569
v 0.00357 0.69247 -0.00154
v 0.00852 0.68532 0.00891
v 0.00678 0.70060 -0.00223
v 0.00525 0.67942 -0.01840
v -0.01053 0.68936 0.03240
v -0.00500 0.69503 0.02150
v -0.01630 0.67873 0.00760
v 0.01340 0.68051 0.02344
v 0.01650 0.68189 0.02169
v 0.01746 0.69103 0.01346
v 0.00124 0.69896 0.00935
v -0.01153 0.68713 -0.00315
v -0.01504 0.68235 -0.00063
v 0.00557 0.71202 0.00034
v 0.01366 0.70812 0.00244
v 0.00650 0.71774 -0.00175
v -0.00263 0.70329 -0.00822
v 0.03747 0.69184 0.02184
v 0.02774 0.69672 0.01420
v 0.01248 0.67888 0.02226
v 0.03404 0.68299 -0.00348
v 0.03291 0.68431 -0.00687
v 0.02470 0.69276 -0.00947
v 0.01701 0.69979 0.00559
v 0.00263 0.68649 0.01541
v 0.00456 0.68182 0.01933
v 0.00858 0.71218 -0.00044
v 0.01246 0.70874 -0.00794
v 0.00650 0.71774 -0.00175
v -0.00112 0.70246 0.00574
v 0.02551 0.69679 -0.03648
v 0.01935 0.70063 -0.02557
v 0.03061 0.68345 -0.01211
v 0.00157 0.68510 -0.02914
v -0.00164 0.68602 -0.02745
v -0.00326 0.69400 -0.01880
v 0.01249 0.70254 -0.01354
v 0.02512 0.69009 -0.00116
v 0.02888 0.68591 -0.00378
v 0.00735 0.71407 -0.00405
v -0.00051 0.70988 -0.00672
v 0.00614 0.71943 -0.00169
v 0.01547 0.70488 0.00437
v -0.03147 0.69328 -0.01114
v -0.01957 0.69826 -0.00783
v -0.00851 0.67922 -0.02031
v -0.01894 0.68605 0.01139
v -0.01662 0.68756 0.01407
v -0.00799 0.69582 0.01314
v -0.00639 0.70145 -0.00392
v 0.00323 0.68686 -0.01788
v -0.00005 0.68202 -0.02063
v 0.00376 0.71388 -0.00189
v 0.00292 0.71113 0.00662
v 0.00622 0.71943 -0.00164
v 0.01041 0.70332 -0.01087
v -0.03684 0.91250 -0.01542
v -0.03534 0.92056 0.00287
v -0.02398 0.93185 0.00095
v -0.02535 0.91278 -0.01644
v 0.00053 0.93838 -0.01686
v -0.00213 0.95560 -0.00270
v 0.00606 0.95997 -0.00368
v 0.00941 0.94374 -0.00965
v -0.02047 0.93637 0.00029
v -0.02169 0.91503 -0.01695
v -0.01193 0.94541 -0.00113
v -0.00862 0.93461 0.02325
v 0.00299 0.94444 0.01807
v -0.05693 0.91824 0.00503
v -0.04630 0.91740 0.00417
v -0.04768 0.90964 -0.01041
v 0.01089 0.94730 0.01134
v -0.01150 0.92287 -0.01849
v -0.04558 0.91453 0.01920
v -0.03405 0.92182 0.02515
v -0.02244 0.92752 0.02650
v -0.01882 0.92974 0.02685
v 0.03339 0.90236 -0.03292
v 0.01397 0.90072 -0.03583
v 0.01230 0.91643 -0.02582
v 0.03205 0.91231 -0.02230
v 0.02382 0.93939 -0.00090
v 0.00799 0.94800 -0.00823
v 0.00663 0.95536 -0.00111
v 0.01439 0.94415 0.00577
v 0.01163 0.92224 -0.02298
v 0.03148 0.91642 -0.01916
v 0.01006 0.93441 -0.01592
v -0.01182 0.91343 -0.01346
v -0.01079 0.93025 -0.00372
v 0.01560 0.88945 -0.05774
v 0.01478 0.89295 -0.04692
v 0.03072 0.89213 -0.04410
v -0.00639 0.93866 0.00408
v 0.02991 0.92549 -0.01016
v 0.00140 0.88426 -0.04648
v -0.00700 0.89291 -0.03630
v -0.01107 0.89872 -0.02561
v -0.01243 0.90141 -0.02251
v -0.00434 0.90313 -0.04134
v -0.01923 0.91109 -0.02901
v -0.01178 0.92553 -0.02166
v 0.00347 0.90790 -0.03326
v 0.01615 0.94305 -0.01424
v 0.00111 0.95514 -0.00744
v 0.00617 0.96172 -0.00181
v 0.01534 0.94843 -0.00284
v -0.00966 0.93101 -0.01944
v 0.00576 0.91199 -0.03087
v -0.00447 0.94237 -0.01388
v -0.01888 0.92429 0.00449
v -0.00950 0.94006 0.00986
v -0.03498 0.90264 -0.04418
v -0.02731 0.90479 -0.03655
v -0.01514 0.90093 -0.04686
v -0.00006 0.94663 0.01163
v 0.01213 0.92467 -0.02429
v -0.03686 0.89827 -0.02643
v -0.03441 0.90680 -0.01389
v -0.02867 0.91092 -0.00382
v -0.02702 0.91333 -0.00077
v -0.00645 0.92019 0.04936
v 0.01234 0.92843 0.04625
v 0.01037 0.93752 0.03281
v -0.00819 0.92210 0.03663
v -0.00968 0.93573 0.00688
v 0.00541 0.95534 0.00728
v 0.00380 0.95819 -0.00189
v -0.00243 0.93972 -0.00359
v 0.00961 0.94116 0.02860
v -0.00894 0.92355 0.03252
v 0.00782 0.94704 0.01868
v 0.03440 0.93539 0.01481
v 0.02794 0.94305 0.00168
v 0.01445 0.92999 0.07007
v 0.01338 0.92705 0.05861
v -0.00121 0.91879 0.06134
v 0.02016 0.94418 -0.00671
v -0.01097 0.92641 0.02109
v 0.03065 0.92494 0.05694
v 0.03748 0.92993 0.04321
v 0.03875 0.93163 0.03012
v 0.03896 0.93263 0.02603
v 0.04672 0.91346 -0.02447
v 0.03434 0.91626 -0.02245
v 0.03722 0.93545 -0.00486
v 0.04990 0.92446 -0.00613
v 0.00642 0.93529 -0.01597
v -0.00103 0.94214 -0.00628
v 0.00351 0.96091 -0.00225
v 0.01254 0.95675 -0.00328
v 0.03031 0.91725 -0.02194
v 0.03324 0.93965 -0.00463
v 0.02364 0.94692 -0.00382
v 0.01358 0.94825 0.02065
v 0.02761 0.93923 0.02339
v 0.07292 0.92233 -0.01103
v 0.05945 0.91074 -0.02278
v 0.06166 0.92119 -0.00849
v 0.00328 0.94983 0.01572
v 0.01904 0.92099 -0.02056
v 0.05510 0.92949 0.01823
v 0.06552 0.92145 0.00827
v 0.03951 0.93521 0.02452
v 0.04327 0.93350 0.02316
v -0.03943 0.88837 0.01263
v -0.02605 0.89111 0.02617
v -0.01754 0.90237 0.01838
v -0.03125 0.88857 0.00449
v -0.00940 0.91301 -0.01027
v -0.00097 0.92603 0.00361
v 0.00507 0.93034 -0.00202
v 0.00242 0.91597 -0.01007
v -0.01487 0.90689 0.01601
v -0.02857 0.89081 0.00195
v -0.00841 0.91590 0.01022
v 0.00849 0.89835 0.02556
v 0.01500 0.90908 0.01503
v -0.04143 0.88891 0.04148
v -0.03391 0.88799 0.03392
v -0.04483 0.88451 0.02314
v 0.01708 0.91353 0.00511
v -0.02103 0.89862 -0.00509
v -0.02416 0.88093 0.04456
v -0.01093 0.88606 0.04225
v -0.00069 0.89091 0.03629
v 0.00251 0.89287 0.03442
v 0.00239 0.88110 -0.04663
v -0.01445 0.88092 -0.03647
v -0.00801 0.89359 -0.02649
v 0.00894 0.88793 -0.03689
v 0.01856 0.90879 -0.01311
v 0.00261 0.91980 -0.00773
v 0.00671 0.92508 -0.00085
v 0.01596 0.91189 -0.00161
v -0.00621 0.89852 -0.02342
v 0.01086 0.89110 -0.03380
v -0.00187 0.90855 -0.01603
v -0.01896 0.88794 -0.00191
v -0.01053 0.90170 0.00624
v -0.02801 0.87594 -0.05502
v -0.02151 0.87637 -0.04603
v -0.00761 0.87427 -0.05422
v -0.00150 0.90763 0.01001
v 0.01614 0.89754 -0.02522
v -0.03226 0.86814 -0.03783
v -0.03150 0.87405 -0.02401
v -0.02737 0.87688 -0.01282
v -0.02621 0.87869 -0.00937
v -0.03171 0.88540 -0.02865
v -0.03464 0.89024 -0.00908
v -0.02300 0.90213 -0.00707
v -0.02022 0.88758 -0.02716
v 0.00463 0.91636 -0.01794
v -0.00151 0.92681 -0.00209
v 0.00650 0.93153 -0.00053
v 0.01166 0.91848 -0.00835
v -0.01948 0.90682 -0.00629
v -0.01659 0.89086 -0.02648
v -0.01099 0.91625 -0.00446
v -0.01210 0.89380 0.01712
v -0.00012 0.90748 0.01649
v -0.05700 0.88669 -0.01111
v -0.04613 0.88642 -0.01011
v -0.04364 0.88514 -0.02605
v 0.00881 0.91314 0.01232
v -0.00643 0.90126 -0.02451
v -0.04767 0.87748 0.00311
v -0.03713 0.88227 0.01173
v -0.02603 0.88331 0.01600
v -0.02263 0.88476 0.01743
v 0.02527 0.87679 0.04263
v 0.03844 0.88515 0.02891
v 0.02929 0.89792 0.02081
v 0.01611 0.88229 0.03431
v -0.00252 0.90407 0.01398
v 0.01105 0.92274 0.00627
v 0.00431 0.92816 0.00063
v -0.00320 0.91069 0.00177
v 0.02640 0.90269 0.01844
v 0.01308 0.88489 0.03181
v 0.01932 0.91131 0.01261
v 0.03618 0.90011 -0.00842
v 0.02366 0.91153 -0.01350
v 0.05518 0.87994 0.04565
v 0.04689 0.88030 0.03744
v 0.03669 0.87188 0.04818
v 0.01253 0.91524 -0.01473
v 0.00460 0.89097 0.02474
v 0.05887 0.87814 0.02490
v 0.05590 0.88669 0.01057
v 0.04880 0.89198 0.00002
v 0.04648 0.89411 -0.00311
v 0.01891 0.88921 -0.04787
v 0.01096 0.89178 -0.03814
v 0.02597 0.90560 -0.02506
v 0.03388 0.89476 -0.03513
v -0.00461 0.90954 -0.01366
v -0.00359 0.91379 -0.00096
v 0.00411 0.93095 0.00078
v 0.00999 0.92686 -0.00617
v 0.00829 0.89274 -0.03507
v 0.02344 0.90979 -0.02197
v 0.01727 0.91700 -0.01456
v 0.02508 0.91177 0.01049
v 0.03672 0.90170 0.00276
v 0.04822 0.89331 -0.05382
v 0.02948 0.88565 -0.05501
v 0.04110 0.89184 -0.04475
v 0.01423 0.91503 0.01354
v 0.00087 0.89638 -0.02646
v 0.05364 0.89270 -0.01966
v 0.05462 0.88727 -0.03456
v 0.04618 0.89705 -0.00439
v 0.04804 0.89564 -0.00798
v 0.05102 0.94444 -0.01123
v 0.03673 0.95354 -0.00852
v 0.03254 0.93995 0.01158
v 0.02614 0.94274 -0.02716
v 0.02225 0.94475 -0.02876
v 0.01353 0.95440 -0.02368
v 0.02084 0.96300 -0.00558
v 0.01883 0.94814 0.01489
v 0.02385 0.94337 0.01628
v 0.00882 0.97920 -0.00297
v 0.00523 0.97394 -0.01204
v 0.00596 0.98574 -0.00225
v 0.00710 0.96694 0.01051
v -0.01430 0.94455 -0.04342
v -0.00826 0.95366 -0.03020
v 0.01058 0.93696 -0.02971
v -0.02539 0.94520 -0.01531
v -0.02600 0.94533 -0.01123
v -0.01848 0.95451 -0.00412
v -0.00186 0.96318 -0.01538
v 0.01739 0.94586 -0.01730
v 0.01726 0.94045 -0.02233
v 0.00425 0.97926 -0.00464
v -0.00408 0.97568 0.00094
v 0.00603 0.98574 -0.00221
v 0.01696 0.96496 -0.00550
v 0.00758 0.94089 0.04276
v 0.00727 0.95067 0.02842
v -0.01191 0.93749 0.02071
v 0.02736 0.94006 0.02081
v 0.02958 0.94222 0.01728
v 0.02604 0.95183 0.00804
v 0.00701 0.96088 0.01246
v -0.01290 0.94477 0.00680
v -0.01510 0.93903 0.01142
v 0.00647 0.97765 0.00052
v 0.01599 0.97227 -0.00165
v 0.00624 0.98433 -0.00228
v -0.00660 0.96578 -0.00364
v -0.03781 0.94111 0.00764
v -0.02378 0.95081 0.00453
v -0.02029 0.93824 -0.01604
v -0.01224 0.93909 0.02243
v -0.00830 0.93917 0.02388
v 0.00006 0.94913 0.01866
v -0.00816 0.96095 0.00114
v -0.00684 0.94562 -0.01976
v -0.01185 0.93995 -0.02106
v 0.00351 0.97766 -0.00159
v 0.00757 0.97195 0.00718
v 0.00624 0.98433 -0.00228
v 0.00480 0.96628 -0.01542
v -0.00822 0.97637 0.02663
v -0.00359 0.98064 0.01751
v -0.01310 0.96689 0.00618
v 0.01158 0.96831 0.01931
v 0.01417 0.96934 0.01783
v 0.01504 0.97667 0.01088
v 0.00163 0.98342 0.00736
v -0.00908 0.97345 -0.00287
v -0.01202 0.96962 -0.00071
v 0.00533 0.99392 -0.00030
v 0.01202 0.99060 0.00150
v 0.00614 0.99859 -0.00211
v -0.00155 0.98655 -0.00729
v 0.03167 0.97723 0.01784
v 0.02363 0.98123 0.01142
v 0.01081 0.96694 0.01835
v 0.02874 0.96918 -0.00307
v 0.02781 0.97020 -0.00591
v 0.02107 0.97728 -0.00818
v 0.01474 0.98371 0.00423
v 0.00269 0.97322 0.01256
v 0.00426 0.96944 0.01588
v 0.00783 0.99397 -0.00095
v 0.01103 0.99081 -0.00713
v 0.00614 0.99859 -0.00211
v -0.00030 0.98626 0.00432
v 0.02177 0.97979 -0.03067
v 0.01668 0.98342 -0.02166
v 0.02590 0.96936 -0.01025
v 0.00179 0.97074 -0.02442
v -0.00087 0.97161 -0.02303
v -0.00215 0.97853 -0.01596
v 0.01100 0.98550 -0.01170
v 0.02140 0.97531 -0.00125
v 0.02449 0.97169 -0.00336
v 0.00682 0.99545 -0.00397
v 0.00027 0.99203 -0.00613
v 0.00586 1.00000 -0.00208
v 0.01350 0.98793 0.00314
v -0.02559 0.97867 -0.00958
v -0.01566 0.98270 -0.00690
v -0.00663 0.96631 -0.01701
v -0.01524 0.97313 0.00922
v -0.01330 0.97442 0.01143
v -0.00606 0.98109 0.01055
v -0.00469 0.98523 -0.00370
v 0.00318 0.97252 -0.01509
v 0.00042 0.96847 -0.01731
v 0.00384 0.99543 -0.00217
v 0.00312 0.99341 0.00493
v 0.00593 1.00000 -0.00205
v 0.00928 0.98626 -0.00949
v -0.02079 0.84803 0.05322
v 0.00333 0.85092 0.05264
v 0.00374 0.86410 0.03760
v -0.02112 0.84724 0.03863
v -0.01533 0.87564 0.00476
v 0.00493 0.89196 0.00860
v 0.00507 0.89665 -0.00202
v -0.00481 0.87837 -0.00602
v 0.00396 0.86948 0.03291
v -0.02110 0.84973 0.03387
v 0.00438 0.88007 0.02158
v 0.03296 0.85707 0.02017
v 0.02911 0.86964 0.00459
v 0.00397 0.85011 0.08016
v 0.00356 0.84798 0.06672
v -0.01590 0.84406 0.06748
v 0.02187 0.87466 -0.00612
v -0.02090 0.85866 0.02051
v 0.02173 0.83866 0.06734
v 0.03121 0.84391 0.05300
v 0.03472 0.84891 0.03823
v 0.03582 0.85103 0.03359
v -0.03883 0.83274 -0.03643
v -0.04419 0.83439 -0.01214
v -0.02926 0.85027 -0.00986
v -0.02410 0.84123 -0.03423
v 0.00636 0.86777 -0.02317
v -0.00244 0.88329 -0.00430
v 0.00751 0.88991 -0.00229
v 0.01471 0.87240 -0.01090
v -0.02480 0.85649 -0.00903
v -0.01956 0.84520 -0.03342
v -0.01412 0.86910 -0.00698
v -0.01630 0.84511 0.02182
v -0.00131 0.86213 0.02063
v -0.07310 0.82848 -0.01568
v -0.05917 0.82884 -0.01381
v -0.05461 0.82465 -0.03360
v 0.01010 0.86901 0.01540
v -0.00699 0.85324 -0.03105
v -0.06112 0.81971 0.00350
v -0.04769 0.82770 0.01462
v -0.03379 0.83140 0.02046
v -0.02959 0.83373 0.02233
v -0.05199 0.84188 0.01031
v -0.03651 0.84907 0.02984
v -0.02439 0.86318 0.02045
v -0.04058 0.84370 0.00099
v -0.01010 0.87834 -0.01491
v -0.00077 0.89275 0.00410
v 0.00770 0.89809 -0.00207
v 0.00485 0.88081 -0.01309
v -0.02054 0.86884 0.01771
v -0.03676 0.84756 -0.00187
v -0.01134 0.88011 0.01114
v 0.00722 0.85273 0.03187
v 0.01725 0.86897 0.01979
v -0.05791 0.84642 0.04870
v -0.04752 0.84519 0.03963
v -0.06001 0.84268 0.02352
v 0.02128 0.87518 0.00774
v -0.02597 0.85992 -0.00989
v -0.03684 0.83458 0.05292
v -0.01969 0.84008 0.05058
v -0.00608 0.84062 0.04408
v -0.00178 0.84223 0.04215
v 0.06298 0.82909 0.02053
v 0.06197 0.83796 -0.00383
v 0.04673 0.85454 -0.00302
v 0.04743 0.83649 0.02146
v 0.01282 0.86476 0.01994
v 0.01779 0.88687 0.00003
v 0.00682 0.89407 0.00108
v 0.00110 0.87268 0.00965
v 0.04209 0.86072 -0.00262
v 0.04252 0.83993 0.02195
v 0.03068 0.87198 -0.00157
v 0.02592 0.85548 -0.03487
v 0.01050 0.87078 -0.02830
v 0.09186 0.83063 -0.00437
v 0.07711 0.83145 -0.00394
v 0.07797 0.82214 0.01509
v -0.00029 0.87637 -0.01932
v 0.02872 0.84805 0.02332
v 0.07600 0.82717 -0.02576
v 0.06037 0.83762 -0.03587
v 0.04457 0.84448 -0.03876
v 0.03969 0.84724 -0.03945
v -0.02547 0.84152 -0.05298
v -0.02343 0.84587 -0.03732
v 0.00182 0.86260 -0.04024
v -0.00066 0.84779 -0.05582
v -0.01431 0.87070 -0.00244
v -0.00171 0.87651 0.00752
v 0.00681 0.89762 0.00128
v 0.00551 0.89165 -0.01000
v -0.02294 0.84743 -0.03225
v 0.00251 0.86824 -0.03540
v 0.00402 0.87821 -0.02358
v 0.03376 0.87197 -0.00870
v 0.03667 0.85791 -0.02570
v -0.00535 0.84394 -0.08518
v -0.02287 0.83581 -0.06874
v -0.00325 0.84306 -0.07071
v 0.02715 0.87716 0.00376
v -0.02146 0.85304 -0.01808
v 0.03072 0.84414 -0.06037
v 0.01783 0.83655 -0.07403
v 0.03829 0.85092 -0.04041
v 0.03661 0.84883 -0.04518
v -0.01265 0.79507 0.07049
v 0.01776 0.80168 0.06379
v 0.01355 0.81910 0.04603
v -0.01697 0.79658 0.05201
v -0.02018 0.83501 0.01060
v 0.00582 0.85549 0.01190
v 0.00291 0.86257 -0.00109
v -0.00983 0.84132 -0.00550
v 0.01229 0.82597 0.04059
v -0.01835 0.80018 0.04624
v 0.00924 0.83985 0.02724
v 0.04641 0.81805 0.01563
v 0.03666 0.83429 -0.00178
v 0.02604 0.79625 0.09840
v 0.02200 0.79605 0.08126
v -0.00237 0.78887 0.08686
v 0.02430 0.84076 -0.01295
v -0.02215 0.81250 0.03020
v 0.04578 0.78790 0.07635
v 0.05371 0.79750 0.05628
v 0.05394 0.80607 0.03718
v 0.05398 0.80939 0.03125
v -0.05904 0.79041 -0.03996
v -0.05939 0.78748 -0.00764
v -0.04057 0.80701 -0.00696
v -0.04012 0.80160 -0.04011
v 0.00031 0.83375 -0.03123
v -0.00660 0.84689 -0.00343
v 0.00628 0.85535 -0.00276
v 0.01401 0.83804 -0.01737
v -0.03499 0.81447 -0.00642
v -0.03432 0.80655 -0.03985
v -0.02147 0.82978 -0.00527
v -0.01526 0.79765 0.02925
v 0.00265 0.81904 0.02563
v -0.09685 0.77750 -0.00524
v -0.07863 0.77949 -0.00645
v -0.07795 0.77869 -0.03314
v 0.01541 0.82920 0.01678
v -0.01809 0.81690 -0.03926
v -0.07598 0.76604 0.01503
v -0.05629 0.77499 0.02645
v -0.03719 0.78006 0.03063
v -0.03146 0.78295 0.03215
v -0.06364 0.79110 0.02360
v -0.03903 0.79803 0.04507
v -0.02684 0.81714 0.03150
v -0.05172 0.79625 0.00903
v -0.01897 0.84206 -0.01539
v -0.00269 0.85636 0.00777
v 0.00616 0.86456 -0.00169
v 0.00044 0.84656 -0.01671
v -0.02298 0.82449 0.02764
v -0.04782 0.80160 0.00481
v -0.01360 0.83952 0.01811
v 0.01701 0.80773 0.03667
v 0.02570 0.82940 0.02047
v -0.06105 0.78900 0.07423
v -0.05021 0.79053 0.05991
v -0.07033 0.78872 0.04249
v 0.02726 0.83895 0.00482
v -0.03688 0.81832 -0.00685
v -0.03248 0.77780 0.07286
v -0.01156 0.78671 0.06602
v 0.00399 0.79024 0.05431
v 0.00886 0.79296 0.05093
v 0.08615 0.79053 0.00536
v 0.07784 0.80446 -0.02430
v 0.05781 0.82094 -0.01757
v 0.06623 0.79661 0.01135
v 0.02031 0.82403 0.02137
v 0.02015 0.85293 -0.00281
v 0.00609 0.85938 0.00211
v 0.00221 0.83308 0.01222
v 0.05170 0.82721 -0.01522
v 0.05994 0.79973 0.01360
v 0.03688 0.83817 -0.00974
v 0.02267 0.82452 -0.05241
v 0.00403 0.83856 -0.03848
v 0.11612 0.80034 -0.03351
v 0.09742 0.79919 -0.02905
v 0.10412 0.78564 -0.00614
v -0.00756 0.84190 -0.02372
v 0.04232 0.80679 0.01977
v 0.09033 0.79787 -0.05684
v 0.06717 0.80922 -0.06449
v 0.04592 0.81530 -0.06333
v 0.03939 0.81786 -0.06265
v -0.04694 0.80487 -0.06346
v -0.04034 0.80743 -0.04371
v -0.00983 0.83017 -0.05221
v -0.01644 0.81577 -0.07285
v -0.02057 0.83079 0.00069
v -0.00214 0.83737 0.01064
v 0.00596 0.86334 0.00274
v 0.00156 0.85833 -0.01182
v -0.03842 0.80841 -0.03725
v -0.00792 0.83581 -0.04566
v -0.00332 0.84526 -0.03004
v 0.03888 0.83977 -0.01958
v 0.03872 0.82717 -0.04334
v -0.03013 0.81570 -0.10921
v -0.04759 0.80143 -0.08470
v -0.02351 0.81258 -0.09152
v 0.03356 0.84264 -0.00154
v -0.03299 0.81255 -0.01911
v 0.02249 0.81666 -0.08714
v 0.00276 0.80866 -0.10188
v 0.03717 0.82198 -0.06311
v 0.03384 0.82019 -0.06894
v 0.02228 0.76472 0.05885
v 0.04108 0.77039 0.04154
v 0.03050 0.78526 0.02989
v 0.01171 0.76463 0.04740
v -0.00818 0.79728 0.01767
v 0.01039 0.81660 0.00726
v 0.00291 0.82218 -0.00109
v -0.00746 0.80189 0.00179
v 0.02725 0.79126 0.02625
v 0.00831 0.76753 0.04371
v 0.01937 0.80319 0.01743
v 0.04164 0.78183 -0.00496
v 0.02730 0.79563 -0.01406
v 0.06107 0.76811 0.06302
v 0.05128 0.76653 0.05247
v 0.03635 0.76024 0.06660
v 0.01384 0.80078 -0.01727
v -0.00115 0.77778 0.03333
v 0.06641 0.75851 0.03971
v 0.06373 0.76587 0.02184
v 0.05599 0.77236 0.00782
v 0.05354 0.77499 0.00345
v -0.05525 0.75134 -0.00075
v -0.04238 0.75123 0.02249
v -0.02915 0.76959 0.01458
v -0.04210 0.76183 -0.00895
v -0.01046 0.79272 -0.02029
v -0.00445 0.80729 0.00173
v 0.00479 0.81528 -0.00335
v 0.00479 0.79787 -0.01615
v -0.02513 0.77664 0.01240
v -0.03797 0.76650 -0.01131
v -0.01539 0.79109 0.00713
v 0.00371 0.76378 0.03048
v 0.01451 0.78354 0.01980
v -0.06785 0.74205 0.03975
v -0.05541 0.74382 0.03145
v -0.06569 0.74090 0.01223
v 0.01978 0.79236 0.00793
v -0.02642 0.77626 -0.01788
v -0.04454 0.73296 0.04619
v -0.02612 0.74229 0.04599
v -0.01095 0.74739 0.04104
v -0.00632 0.75022 0.03969
v -0.03287 0.75716 0.04628
v -0.00683 0.76541 0.05132
v -0.00407 0.78222 0.03597
v -0.03039 0.76081 0.03089
v -0.01797 0.80178 -0.00158
v 0.00264 0.81708 0.00772
v 0.00494 0.82399 -0.00291
v -0.00480 0.80590 -0.01054
v -0.00305 0.78880 0.03135
v -0.02943 0.76548 0.02610
v -0.00057 0.80213 0.02018
v 0.02945 0.77385 0.02231
v 0.02860 0.79285 0.00639
v -0.01053 0.75930 0.08132
v -0.00862 0.75958 0.06670
v -0.02994 0.75645 0.06251
v 0.02317 0.80053 -0.00576
v -0.02673 0.78021 0.01270
v 0.00951 0.74871 0.06926
v 0.02145 0.75652 0.05558
v 0.02770 0.75889 0.04083
v 0.02974 0.76116 0.03634
v 0.06642 0.75522 -0.02718
v 0.04820 0.76586 -0.04549
v 0.03628 0.78185 -0.03329
v 0.05451 0.76139 -0.01513
v 0.02525 0.78789 0.00943
v 0.01471 0.81302 -0.00889
v 0.00654 0.81946 0.00003
v 0.00846 0.79562 0.00986
v 0.03274 0.78791 -0.02940
v 0.05087 0.76450 -0.01111
v 0.02415 0.79863 -0.01997
v -0.00289 0.78235 -0.04401
v -0.01085 0.79663 -0.02715
v 0.07183 0.76127 -0.06734
v 0.06034 0.76055 -0.05656
v 0.07467 0.74971 -0.04242
v -0.01322 0.80096 -0.01210
v 0.04066 0.77160 0.00010
v 0.04410 0.75705 -0.07340
v 0.02426 0.76705 -0.06995
v 0.00947 0.77283 -0.06079
v 0.00503 0.77528 -0.05777
v -0.05646 0.76300 -0.02294
v -0.04384 0.76700 -0.01166
v -0.02607 0.78764 -0.03097
v -0.03878 0.77246 -0.04238
v -0.01236 0.79252 0.01096
v 0.00463 0.79951 0.01032
v 0.00661 0.82322 0.00037
v -0.00229 0.81733 -0.00801
v -0.03988 0.76845 -0.00789
v -0.02220 0.79347 -0.02731
v -0.01282 0.80360 -0.01845
v 0.02157 0.79932 -0.02784
v 0.01214 0.78558 -0.04415
v -0.06322 0.76944 -0.06271
v -0.06542 0.75805 -0.03763
v -0.05128 0.76796 -0.05267
v 0.02500 0.80347 -0.01298
v -0.02879 0.77381 0.00265
v -0.01687 0.77216 -0.06830
v -0.03668 0.76345 -0.07049
v 0.00317 0.77911 -0.05737
v -0.00151 0.77695 -0.06010
v -0.02046 0.73846 0.05866
v 0.00397 0.74509 0.05777
v 0.00356 0.75630 0.04154
v -0.02066 0.73543 0.04381
v -0.01651 0.76014 0.00731
v 0.00302 0.78047 0.01007
v 0.00291 0.78368 -0.00109
v -0.00590 0.76296 -0.00393
v 0.00344 0.76110 0.03639
v -0.02078 0.73725 0.03878
v 0.00321 0.77025 0.02412
v 0.03399 0.75115 0.02407
v 0.02928 0.76099 0.00735
v 0.00451 0.74847 0.08594
v 0.00432 0.74424 0.07235
v -0.01528 0.73731 0.07347
v 0.02160 0.76336 -0.00390
v -0.02111 0.74436 0.02454
v 0.02352 0.73771 0.07352
v 0.03291 0.74239 0.05849
v 0.03625 0.74582 0.04306
v 0.03724 0.74746 0.03817
v -0.03729 0.70672 -0.03184
v -0.04302 0.71118 -0.00712
v -0.02889 0.73000 -0.00589
v -0.02285 0.71798 -0.03021
v 0.00635 0.75138 -0.02079
v -0.00383 0.76859 -0.00251
v 0.00586 0.77717 -0.00092
v 0.01448 0.75922 -0.00860
v -0.02478 0.73714 -0.00548
v -0.01849 0.72286 -0.02967
v -0.01475 0.75194 -0.00426
v -0.01549 0.73151 0.02675
v -0.00135 0.75098 0.02435
v -0.07210 0.70011 -0.01022
v -0.05792 0.70294 -0.00839
v -0.05286 0.69644 -0.02835
v 0.00985 0.75898 0.01851
v -0.00624 0.73335 -0.02782
v -0.05938 0.69594 0.00991
v -0.04629 0.70782 0.02067
v -0.03239 0.71463 0.02634
v -0.02827 0.71794 0.02808
v -0.05164 0.72091 0.01536
v -0.03645 0.73356 0.03477
v -0.02499 0.74840 0.02419
v -0.04006 0.72316 0.00567
v -0.01124 0.76078 -0.01298
v -0.00283 0.77972 0.00544
v 0.00549 0.78555 -0.00125
v 0.00384 0.76590 -0.01135
v -0.02144 0.75435 0.02101
v -0.03640 0.72726 0.00248
v -0.01279 0.76627 0.01352
v 0.00794 0.74445 0.03642
v 0.01713 0.76072 0.02297
v -0.05823 0.73033 0.05430
v -0.04748 0.72935 0.04507
v -0.05996 0.72244 0.02883
v 0.02088 0.76586 0.01024
v -0.02620 0.74032 -0.00658
v -0.03592 0.72222 0.05930
v -0.01877 0.73016 0.05648
v -0.00488 0.73187 0.04975
v -0.00059 0.73390 0.04766
v 0.06657 0.72747 0.02617
v 0.06508 0.73269 0.00070
v 0.04836 0.74727 0.00050
v 0.05018 0.73269 0.02669
v 0.01289 0.75577 0.02342
v 0.01656 0.77605 0.00160
v 0.00485 0.78180 0.00224
v 0.00044 0.76044 0.01244
v 0.04319 0.75289 0.00052
v 0.04493 0.73549 0.02699
v 0.03076 0.76270 0.00090
v 0.02724 0.74022 -0.03202
v 0.01039 0.75432 -0.02625
v 0.09611 0.72985 0.00051
v 0.08098 0.72843 0.00095
v 0.08239 0.72195 0.02101
v -0.00106 0.75966 -0.01740
v 0.03027 0.74178 0.02791
v 0.08027 0.72065 -0.02105
v 0.06365 0.72732 -0.03200
v 0.04706 0.73138 -0.03534
v 0.04190 0.73332 -0.03621
v -0.02416 0.71527 -0.04938
v -0.02247 0.72234 -0.03368
v 0.00217 0.74287 -0.03787
v 0.00075 0.72511 -0.05280
v -0.01508 0.75421 0.00028
v -0.00268 0.76357 0.01001
v 0.00459 0.78543 0.00221
v 0.00375 0.77748 -0.00891
v -0.02211 0.72477 -0.02860
v 0.00245 0.74944 -0.03330
v 0.00324 0.76156 -0.02189
v 0.03394 0.76211 -0.00640
v 0.03800 0.74574 -0.02285
v -0.00359 0.71608 -0.08252
v -0.02101 0.70753 -0.06511
v -0.00147 0.71768 -0.06768
v 0.02676 0.76820 0.00601
v -0.02106 0.73281 -0.01451
v 0.03308 0.72564 -0.05733
v 0.02052 0.71387 -0.07073
v 0.04022 0.73670 -0.03742
v 0.03868 0.73359 -0.04215
vt 0.33620 0.98385
vt 0.33457 0.81939
vt 0.10112 0.81939
vt 0.56727 0.81939
vt 0.59411 0.78141
vt 0.55528 0.65493
vt 0.33295 0.65493
vt 0.09204 0.65493
vt 0.06419 0.71837
vt 0.33132 0.49048
vt 0.44250 0.49048
vt 0.33085 0.44213
vt 0.17283 0.49048
vt 0.33620 0.98385
vt 0.33457 0.81939
vt 0.10112 0.81939
vt 0.56727 0.81939
vt 0.59411 0.78141
vt 0.55528 0.65493
vt 0.33295 0.65493
vt 0.09204 0.65493
vt 0.06419 0.71837
vt 0.33132 0.49048
vt 0.44250 0.49048
vt 0.33085 0.44213
vt 0.17283 0.49048
vt 0.33620 0.98385
vt 0.33457 0.81939
vt 0.10112 0.81939
vt 0.56727 0.81939
vt 0.59411 0.78141
vt 0.55528 0.65493
vt 0.33295 0.65493
vt 0.09204 0.65493
vt 0.06419 0.71837
vt 0.33132 0.49048
vt 0.44250 0.49048
vt 0.33085 0.44213
vt 0.17283 0.49048
vt 0.33620 0.98385
vt 0.33457 0.81939
vt 0.10112 0.81939
vt 0.56727 0.81939
vt 0.59411 0.78141
vt 0.55528 0.65493
vt 0.33295 0.65493
vt 0.09204 0.65493
vt 0.06419 0.71837
vt 0.33132 0.49048
vt 0.44250 0.49048
vt 0.33085 0.44213
vt 0.17283 0.49048
vt 0.33620 0.98385
vt 0.33457 0.81939
vt 0.10112 0.81939
vt 0.56727 0.81939
vt 0.59411 0.78141
vt 0.55528 0.65493
vt 0.33295 0.65493
vt 0.09204 0.65493
vt 0.06419 0.71837
vt 0.33132 0.49048
vt 0.44250 0.49048
vt 0.33085 0.44213
vt 0.17283 0.49048
vt 0.33620 0.98385
vt 0.33457 0.81939
vt 0.10112 0.81939
vt 0.56727 0.81939
vt 0.59411 0.78141
vt 0.55528 0.65493
vt 0.33295 0.65493
vt 0.09204 0.65493
vt 0.06419 0.71837
vt 0.33132 0.49048
vt 0.44250 0.49048
vt 0.33085 0.44213
vt 0.17283 0.49048
vt 0.33620 0.98385
vt 0.33457 0.81939
vt 0.10112 0.81939
vt 0.56727 0.81939
vt 0.59411 0.78141
vt 0.55528 0.65493
vt 0.33295 0.65493
vt 0.09204 0.65493
vt 0.06419 0.71837
vt 0.33132 0.49048
vt 0.44250 0.49048
vt 0.33085 0.44213
vt 0.17283 0.49048
vt 0.33620 0.98385
vt 0.33457 0.81939
vt 0.10112 0.81939
vt 0.56727 0.81939
vt 0.59411 0.78141
vt 0.55528 0.65493
vt 0.33295 0.65493
vt 0.09204 0.65493
vt 0.06419 0.71837
vt 0.33132 0.49048
vt 0.44250 0.49048
vt 0.33085 0.44213
vt 0.17283 0.49048
vt 0.33620 0.98385
vt 0.33457 0.81939
vt 0.10112 0.81939
vt 0.56727 0.81939
vt 0.59411 0.78141
vt 0.55528 0.65493
vt 0.33295 0.65493
vt 0.09204 0.65493
vt 0.06419 0.71837
vt 0.33132 0.49048
vt 0.44250 0.49048
vt 0.33085 0.44213
vt 0.17283 0.49048
vt 0.33620 0.98385
vt 0.33457 0.81939
vt 0.10112 0.81939
vt 0.56727 0.81939
vt 0.59411 0.78141
vt 0.55528 0.65493
vt 0.33295 0.65493
vt 0.09204 0.65493
vt 0.06419 0.71837
vt 0.33132 0.49048
vt 0.44250 0.49048
vt 0.33085 0.44213
vt 0.17283 0.49048
vt 0.33620 0.98385
vt 0.33457 0.81939
vt 0.10112 0.81939
vt 0.56727 0.81939
vt 0.59411 0.78141
vt 0.55528 0.65493
vt 0.33295 0.65493
vt 0.09204 0.65493
vt 0.06419 0.71837
vt 0.33132 0.49048
vt 0.44250 0.49048
vt 0.33085 0.44213
vt 0.17283 0.49048
vt 0.33620 0.98385
vt 0.33457 0.81939
vt 0.10112 0.81939
vt 0.56727 0.81939
vt 0.59411 0.78141
vt 0.55528 0.65493
vt 0.33295 0.65493
vt 0.09204 0.65493
vt 0.06419 0.71837
vt 0.33132 0.49048
vt 0.44250 0.49048
vt 0.33085 0.44213
vt 0.17283 0.49048
vt 0.33620 0.98385
vt 0.33457 0.81939
vt 0.10112 0.81939
vt 0.56727 0.81939
vt 0.59411 0.78141
vt 0.55528 0.65493
vt 0.33295 0.65493
vt 0.09204 0.65493
vt 0.06419 0.71837
vt 0.33132 0.49048
vt 0.44250 0.49048
vt 0.33085 0.44213
vt 0.17283 0.49048
vt 0.33620 0.98385
vt 0.33457 0.81939
vt 0.10112 0.81939
vt 0.56727 0.81939
vt 0.59411 0.78141
vt 0.55528 0.65493
vt 0.33295 0.65493
vt 0.09204 0.65493
vt 0.06419 0.71837
vt 0.33132 0.49048
vt 0.44250 0.49048
vt 0.33085 0.44213
vt 0.17283 0.49048
vt 0.33620 0.98385
vt 0.33457 0.81939
vt 0.10112 0.81939
vt 0.56727 0.81939
vt 0.59411 0.78141
vt 0.55528 0.65493
vt 0.33295 0.65493
vt 0.09204 0.65493
vt 0.06419 0.71837
vt 0.33132 0.49048
vt 0.44250 0.49048
vt 0.33085 0.44213
vt 0.17283 0.49048
vt 0.33620 0.98385
vt 0.33457 0.81939
vt 0.10112 0.81939
vt 0.56727 0.81939
vt 0.59411 0.78141
vt 0.55528 0.65493
vt 0.33295 0.65493
vt 0.09204 0.65493
vt 0.06419 0.71837
vt 0.33132 0.49048
vt 0.44250 0.49048
vt 0.33085 0.44213
vt 0.17283 0.49048
vt 0.04101 0.65493
vt 0.33295 0.65493
vt 0.33132 0.49048
vt 0.03834 0.49048
vt 0.09177 0.16156
vt 0.32808 0.16156
vt 0.32685 0.03682
vt 0.21941 0.03682
vt 0.33085 0.44213
vt 0.03716 0.44213
vt 0.32970 0.32602
vt 0.69817 0.32602
vt 0.64207 0.16156
vt 0.33620 0.98385
vt 0.33457 0.81939
vt 0.10112 0.81939
vt 0.54988 0.03682
vt 0.03433 0.32602
vt 0.56727 0.81939
vt 0.68347 0.65493
vt 0.72497 0.49048
vt 0.73717 0.44213
vt 0.04101 0.65493
vt 0.33295 0.65493
vt 0.33132 0.49048
vt 0.03834 0.49048
vt 0.09177 0.16156
vt 0.32808 0.16156
vt 0.32685 0.03682
vt 0.21941 0.03682
vt 0.33085 0.44213
vt 0.03716 0.44213
vt 0.32970 0.32602
vt 0.69817 0.32602
vt 0.64207 0.16156
vt 0.33620 0.98385
vt 0.33457 0.81939
vt 0.10112 0.81939
vt 0.54988 0.03682
vt 0.03433 0.32602
vt 0.56727 0.81939
vt 0.68347 0.65493
vt 0.72497 0.49048
vt 0.73717 0.44213
vt 0.04101 0.65493
vt 0.33295 0.65493
vt 0.33132 0.49048
vt 0.03834 0.49048
vt 0.09177 0.16156
vt 0.32808 0.16156
vt 0.32685 0.03682
vt 0.21941 0.03682
vt 0.33085 0.44213
vt 0.03716 0.44213
vt 0.32970 0.32602
vt 0.69817 0.32602
vt 0.64207 0.16156
vt 0.33620 0.98385
vt 0.33457 0.81939
vt 0.10112 0.81939
vt 0.54988 0.03682
vt 0.03433 0.32602
vt 0.56727 0.81939
vt 0.68347 0.65493
vt 0.72497 0.49048
vt 0.73717 0.44213
vt 0.04101 0.65493
vt 0.33295 0.65493
vt 0.33132 0.49048
vt 0.03834 0.49048
vt 0.09177 0.16156
vt 0.32808 0.16156
vt 0.32685 0.03682
vt 0.21941 0.03682
vt 0.33085 0.44213
vt 0.03716 0.44213
vt 0.32970 0.32602
vt 0.69817 0.32602
vt 0.64207 0.16156
vt 0.33620 0.98385
vt 0.33457 0.81939
vt 0.10112 0.81939
vt 0.54988 0.03682
vt 0.03433 0.32602
vt 0.56727 0.81939
vt 0.68347 0.65493
vt 0.72497 0.49048
vt 0.73717 0.44213
vt 0.04101 0.65493
vt 0.03834 0.49048
vt 0.33132 0.49048
vt 0.33295 0.65493
vt 0.09177 0.16156
vt 0.21941 0.03682
vt 0.32685 0.03682
vt 0.32808 0.16156
vt 0.03716 0.44213
vt 0.33085 0.44213
vt 0.32970 0.32602
vt 0.64207 0.16156
vt 0.69817 0.32602
vt 0.33620 0.98385
vt 0.10112 0.81939
vt 0.33457 0.81939
vt 0.54988 0.03682
vt 0.03433 0.32602
vt 0.68347 0.65493
vt 0.56727 0.81939
vt 0.73717 0.44213
vt 0.72497 0.49048
vt 0.04101 0.65493
vt 0.33295 0.65493
vt 0.33132 0.49048
vt 0.03834 0.49048
vt 0.09177 0.16156
vt 0.32808 0.16156
vt 0.32685 0.03682
vt 0.21941 0.03682
vt 0.33085 0.44213
vt 0.03716 0.44213
vt 0.32970 0.32602
vt 0.69817 0.32602
vt 0.64207 0.16156
vt 0.33620 0.98385
vt 0.33457 0.81939
vt 0.10112 0.81939
vt 0.54988 0.03682
vt 0.03433 0.32602
vt 0.56727 0.81939
vt 0.68347 0.65493
vt 0.72497 0.49048
vt 0.73717 0.44213
vt 0.04101 0.65493
vt 0.33295 0.65493
vt 0.33132 0.49048
vt 0.03834 0.49048
vt 0.09177 0.16156
vt 0.32808 0.16156
vt 0.32685 0.03682
vt 0.21941 0.03682
vt 0.33085 0.44213
vt 0.03716 0.44213
vt 0.32970 0.32602
vt 0.69817 0.32602
vt 0.64207 0.16156
vt 0.33620 0.98385
vt 0.33457 0.81939
vt 0.10112 0.81939
vt 0.54988 0.03682
vt 0.03433 0.32602
vt 0.56727 0.81939
vt 0.68347 0.65493
vt 0.72497 0.49048
vt 0.73717 0.44213
vt 0.04101 0.65493
vt 0.33295 0.65493
vt 0.33132 0.49048
vt 0.03834 0.49048
vt 0.09177 0.16156
vt 0.32808 0.16156
vt 0.32685 0.03682
vt 0.21941 0.03682
vt 0.33085 0.44213
vt 0.03716 0.44213
vt 0.32970 0.32602
vt 0.69817 0.32602
vt 0.64207 0.16156
vt 0.33620 0.98385
vt 0.33457 0.81939
vt 0.10112 0.81939
vt 0.54988 0.03682
vt 0.03433 0.32602
vt 0.56727 0.81939
vt 0.68347 0.65493
vt 0.72497 0.49048
vt 0.73717 0.44213
vt 0.04101 0.65493
vt 0.33295 0.65493
vt 0.33132 0.49048
vt 0.03834 0.49048
vt 0.09177 0.16156
vt 0.32808 0.16156
vt 0.32685 0.03682
vt 0.21941 0.03682
vt 0.33085 0.44213
vt 0.03716 0.44213
vt 0.32970 0.32602
vt 0.69817 0.32602
vt 0.64207 0.16156
vt 0.33620 0.98385
vt 0.33457 0.81939
vt 0.10112 0.81939
vt 0.54988 0.03682
vt 0.03433 0.32602
vt 0.56727 0.81939
vt 0.68347 0.65493
vt 0.72497 0.49048
vt 0.73717 0.44213
vt 0.04101 0.65493
vt 0.03834 0.49048
vt 0.33132 0.49048
vt 0.33295 0.65493
vt 0.09177 0.16156
vt 0.21941 0.03682
vt 0.32685 0.03682
vt 0.32808 0.16156
vt 0.03716 0.44213
vt 0.33085 0.44213
vt 0.32970 0.32602
vt 0.64207 0.16156
vt 0.69817 0.32602
vt 0.33620 0.98385
vt 0.10112 0.81939
vt 0.33457 0.81939
vt 0.54988 0.03682
vt 0.03433 0.32602
vt 0.68347 0.65493
vt 0.56727 0.81939
vt 0.73717 0.44213
vt 0.72497 0.49048
vt 0.33620 0.98385
vt 0.33457 0.81939
vt 0.10112 0.81939
vt 0.56727 0.81939
vt 0.59411 0.78141
vt 0.55528 0.65493
vt 0.33295 0.65493
vt 0.09204 0.65493
vt 0.06419 0.71837
vt 0.33132 0.49048
vt 0.44250 0.49048
vt 0.33085 0.44213
vt 0.17283 0.49048
vt 0.33620 0.98385
vt 0.33457 0.81939
vt 0.10112 0.81939
vt 0.56727 0.81939
vt 0.59411 0.78141
vt 0.55528 0.65493
vt 0.33295 0.65493
vt 0.09204 0.65493
vt 0.06419 0.71837
vt 0.33132 0.49048
vt 0.44250 0.49048
vt 0.33085 0.44213
vt 0.17283 0.49048
vt 0.33620 0.98385
vt 0.33457 0.81939
vt 0.10112 0.81939
vt 0.56727 0.81939
vt 0.59411 0.78141
vt 0.55528 0.65493
vt 0.33295 0.65493
vt 0.09204 0.65493
vt 0.06419 0.71837
vt 0.33132 0.49048
vt 0.44250 0.49048
vt 0.33085 0.44213
vt 0.17283 0.49048
vt 0.33620 0.98385
vt 0.33457 0.81939
vt 0.10112 0.81939
vt 0.56727 0.81939
vt 0.59411 0.78141
vt 0.55528 0.65493
vt 0.33295 0.65493
vt 0.09204 0.65493
vt 0.06419 0.71837
vt 0.33132 0.49048
vt 0.44250 0.49048
vt 0.33085 0.44213
vt 0.17283 0.49048
vt 0.33620 0.98385
vt 0.33457 0.81939
vt 0.10112 0.81939
vt 0.56727 0.81939
vt 0.59411 0.78141
vt 0.55528 0.65493
vt 0.33295 0.65493
vt 0.09204 0.65493
vt 0.06419 0.71837
vt 0.33132 0.49048
vt 0.44250 0.49048
vt 0.33085 0.44213
vt 0.17283 0.49048
vt 0.33620 0.98385
vt 0.33457 0.81939
vt 0.10112 0.81939
vt 0.56727 0.81939
vt 0.59411 0.78141
vt 0.55528 0.65493
vt 0.33295 0.65493
vt 0.09204 0.65493
vt 0.06419 0.71837
vt 0.33132 0.49048
vt 0.44250 0.49048
vt 0.33085 0.44213
vt 0.17283 0.49048
vt 0.33620 0.98385
vt 0.33457 0.81939
vt 0.10112 0.81939
vt 0.56727 0.81939
vt 0.59411 0.78141
vt 0.55528 0.65493
vt 0.33295 0.65493
vt 0.09204 0.65493
vt 0.06419 0.71837
vt 0.33132 0.49048
vt 0.44250 0.49048
vt 0.33085 0.44213
vt 0.17283 0.49048
vt 0.33620 0.98385
vt 0.33457 0.81939
vt 0.10112 0.81939
vt 0.56727 0.81939
vt 0.59411 0.78141
vt 0.55528 0.65493
vt 0.33295 0.65493
vt 0.09204 0.65493
vt 0.06419 0.71837
vt 0.33132 0.49048
vt 0.44250 0.49048
vt 0.33085 0.44213
vt 0.17283 0.49048
vt 0.04101 0.65493
vt 0.33295 0.65493
vt 0.33132 0.49048
vt 0.03834 0.49048
vt 0.09177 0.16156
vt 0.32808 0.16156
vt 0.32685 0.03682
vt 0.21941 0.03682
vt 0.33085 0.44213
vt 0.03716 0.44213
vt 0.32970 0.32602
vt 0.69817 0.32602
vt 0.64207 0.16156
vt 0.33620 0.98385
vt 0.33457 0.81939
vt 0.10112 0.81939
vt 0.54988 0.03682
vt 0.03433 0.32602
vt 0.56727 0.81939
vt 0.68347 0.65493
vt 0.72497 0.49048
vt 0.73717 0.44213
vt 0.04101 0.65493
vt 0.33295 0.65493
vt 0.33132 0.49048
vt 0.03834 0.49048
vt 0.09177 0.16156
vt 0.32808 0.16156
vt 0.32685 0.03682
vt 0.21941 0.03682
vt 0.33085 0.44213
vt 0.03716 0.44213
vt 0.32970 0.32602
vt 0.69817 0.32602
vt 0.64207 0.16156
vt 0.33620 0.98385
vt 0.33457 0.81939
vt 0.10112 0.81939
vt 0.54988 0.03682
vt 0.03433 0.32602
vt 0.56727 0.81939
vt 0.68347 0.65493
vt 0.72497 0.49048
vt 0.73717 0.44213
vt 0.04101 0.65493
vt 0.33295 0.65493
vt 0.33132 0.49048
vt 0.03834 0.49048
vt 0.09177 0.16156
vt 0.32808 0.16156
vt 0.32685 0.03682
vt 0.21941 0.03682
vt 0.33085 0.44213
vt 0.03716 0.44213
vt 0.32970 0.32602
vt 0.69817 0.32602
vt 0.64207 0.16156
vt 0.33620 0.98385
vt 0.33457 0.81939
vt 0.10112 0.81939
vt 0.54988 0.03682
vt 0.03433 0.32602
vt 0.56727 0.81939
vt 0.68347 0.65493
vt 0.72497 0.49048
vt 0.73717 0.44213
vt 0.04101 0.65493
vt 0.33295 0.65493
vt 0.33132 0.49048
vt 0.03834 0.49048
vt 0.09177 0.16156
vt 0.32808 0.16156
vt 0.32685 0.03682
vt 0.21941 0.03682
vt 0.33085 0.44213
vt 0.03716 0.44213
vt 0.32970 0.32602
vt 0.69817 0.32602
vt 0.64207 0.16156
vt 0.33620 0.98385
vt 0.33457 0.81939
vt 0.10112 0.81939
vt 0.54988 0.03682
vt 0.03433 0.32602
vt 0.56727 0.81939
vt 0.68347 0.65493
vt 0.72497 0.49048
vt 0.73717 0.44213
vt 0.04101 0.65493
vt 0.03834 0.49048
vt 0.33132 0.49048
vt 0.33295 0.65493
vt 0.09177 0.16156
vt 0.21941 0.03682
vt 0.32685 0.03682
vt 0.32808 0.16156
vt 0.03716 0.44213
vt 0.33085 0.44213
vt 0.32970 0.32602
vt 0.64207 0.16156
vt 0.69817 0.32602
vt 0.33620 0.98385
vt 0.10112 0.81939
vt 0.33457 0.81939
vt 0.54988 0.03682
vt 0.03433 0.32602
vt 0.68347 0.65493
vt 0.56727 0.81939
vt 0.73717 0.44213
vt 0.72497 0.49048
vt 0.04101 0.65493
vt 0.33295 0.65493
vt 0.33132 0.49048
vt 0.03834 0.49048
vt 0.09177 0.16156
vt 0.32808 0.16156
vt 0.32685 0.03682
vt 0.21941 0.03682
vt 0.33085 0.44213
vt 0.03716 0.44213
vt 0.32970 0.32602
vt 0.69817 0.32602
vt 0.64207 0.16156
vt 0.33620 0.98385
vt 0.33457 0.81939
vt 0.10112 0.81939
vt 0.54988 0.03682
vt 0.03433 0.32602
vt 0.56727 0.81939
vt 0.68347 0.65493
vt 0.72497 0.49048
vt 0.73717 0.44213
vt 0.04101 0.65493
vt 0.33295 0.65493
vt 0.33132 0.49048
vt 0.03834 0.49048
vt 0.09177 0.16156
vt 0.32808 0.16156
vt 0.32685 0.03682
vt 0.21941 0.03682
vt 0.33085 0.44213
vt 0.03716 0.44213
vt 0.32970 0.32602
vt 0.69817 0.32602
vt 0.64207 0.16156
vt 0.33620 0.98385
vt 0.33457 0.81939
vt 0.10112 0.81939
vt 0.54988 0.03682
vt 0.03433 0.32602
vt 0.56727 0.81939
vt 0.68347 0.65493
vt 0.72497 0.49048
vt 0.73717 0.44213
vt 0.04101 0.65493
vt 0.33295 0.65493
vt 0.33132 0.49048
vt 0.03834 0.49048
vt 0.09177 0.16156
vt 0.32808 0.16156
vt 0.32685 0.03682
vt 0.21941 0.03682
vt 0.33085 0.44213
vt 0.03716 0.44213
vt 0.32970 0.32602
vt 0.69817 0.32602
vt 0.64207 0.16156
vt 0.33620 0.98385
vt 0.33457 0.81939
vt 0.10112 0.81939
vt 0.54988 0.03682
vt 0.03433 0.32602
vt 0.56727 0.81939
vt 0.68347 0.65493
vt 0.72497 0.49048
vt 0.73717 0.44213
vt 0.04101 0.65493
vt 0.33295 0.65493
vt 0.33132 0.49048
vt 0.03834 0.49048
vt 0.09177 0.16156
vt 0.32808 0.16156
vt 0.32685 0.03682
vt 0.21941 0.03682
vt 0.33085 0.44213
vt 0.03716 0.44213
vt 0.32970 0.32602
vt 0.69817 0.32602
vt 0.64207 0.16156
vt 0.33620 0.98385
vt 0.33457 0.81939
vt 0.10112 0.81939
vt 0.54988 0.03682
vt 0.03433 0.32602
vt 0.56727 0.81939
vt 0.68347 0.65493
vt 0.72497 0.49048
vt 0.73717 0.44213
vt 0.04101 0.65493
vt 0.03834 0.49048
vt 0.33132 0.49048
vt 0.33295 0.65493
vt 0.09177 0.16156
vt 0.21941 0.03682
vt 0.32685 0.03682
vt 0.32808 0.16156
vt 0.03716 0.44213
vt 0.33085 0.44213
vt 0.32970 0.32602
vt 0.64207 0.16156
vt 0.69817 0.32602
vt 0.33620 0.98385
vt 0.10112 0.81939
vt 0.33457 0.81939
vt 0.54988 0.03682
vt 0.03433 0.32602
vt 0.68347 0.65493
vt 0.56727 0.81939
vt 0.73717 0.44213
vt 0.72497 0.49048
vt 0.04101 0.65493
vt 0.33295 0.65493
vt 0.33132 0.49048
vt 0.03834 0.49048
vt 0.09177 0.16156
vt 0.32808 0.16156
vt 0.32685 0.03682
vt 0.21941 0.03682
vt 0.33085 0.44213
vt 0.03716 0.44213
vt 0.32970 0.32602
vt 0.69817 0.32602
vt 0.64207 0.16156
vt 0.33620 0.98385
vt 0.33457 0.81939
vt 0.10112 0.81939
vt 0.54988 0.03682
vt 0.03433 0.32602
vt 0.56727 0.81939
vt 0.68347 0.65493
vt 0.72497 0.49048
vt 0.73717 0.44213
vt 0.04101 0.65493
vt 0.33295 0.65493
vt 0.33132 0.49048
vt 0.03834 0.49048
vt 0.09177 0.16156
vt 0.32808 0.16156
vt 0.32685 0.03682
vt 0.21941 0.03682
vt 0.33085 0.44213
vt 0.03716 0.44213
vt 0.32970 0.32602
vt 0.69817 0.32602
vt 0.64207 0.16156
vt 0.33620 0.98385
vt 0.33457 0.81939
vt 0.10112 0.81939
vt 0.54988 0.03682
vt 0.03433 0.32602
vt 0.56727 0.81939
vt 0.68347 0.65493
vt 0.72497 0.49048
vt 0.73717 0.44213
vt 0.04101 0.65493
vt 0.33295 0.65493
vt 0.33132 0.49048
vt 0.03834 0.49048
vt 0.09177 0.16156
vt 0.32808 0.16156
vt 0.32685 0.03682
vt 0.21941 0.03682
vt 0.33085 0.44213
vt 0.03716 0.44213
vt 0.32970 0.32602
vt 0.69817 0.32602
vt 0.64207 0.16156
vt 0.33620 0.98385
vt 0.33457 0.81939
vt 0.10112 0.81939
vt 0.54988 0.03682
vt 0.03433 0.32602
vt 0.56727 0.81939
vt 0.68347 0.65493
vt 0.72497 0.49048
vt 0.73717 0.44213
vt 0.04101 0.65493
vt 0.33295 0.65493
vt 0.33132 0.49048
vt 0.03834 0.49048
vt 0.09177 0.16156
vt 0.32808 0.16156
vt 0.32685 0.03682
vt 0.21941 0.03682
vt 0.33085 0.44213
vt 0.03716 0.44213
vt 0.32970 0.32602
vt 0.69817 0.32602
vt 0.64207 0.16156
vt 0.33620 0.98385
vt 0.33457 0.81939
vt 0.10112 0.81939
vt 0.54988 0.03682
vt 0.03433 0.32602
vt 0.56727 0.81939
vt 0.68347 0.65493
vt 0.72497 0.49048
vt 0.73717 0.44213
vt 0.04101 0.65493
vt 0.03834 0.49048
vt 0.33132 0.49048
vt 0.33295 0.65493
vt 0.09177 0.16156
vt 0.21941 0.03682
vt 0.32685 0.03682
vt 0.32808 0.16156
vt 0.03716 0.44213
vt 0.33085 0.44213
vt 0.32970 0.32602
vt 0.64207 0.16156
vt 0.69817 0.32602
vt 0.33620 0.98385
vt 0.10112 0.81939
vt 0.33457 0.81939
vt 0.54988 0.03682
vt 0.03433 0.32602
vt 0.68347 0.65493
vt 0.56727 0.81939
vt 0.73717 0.44213
vt 0.72497 0.49048
vt 0.04101 0.65493
vt 0.33295 0.65493
vt 0.33132 0.49048
vt 0.03834 0.49048
vt 0.09177 0.16156
vt 0.32808 0.16156
vt 0.32685 0.03682
vt 0.21941 0.03682
vt 0.33085 0.44213
vt 0.03716 0.44213
vt 0.32970 0.32602
vt 0.69817 0.32602
vt 0.64207 0.16156
vt 0.33620 0.98385
vt 0.33457 0.81939
vt 0.10112 0.81939
vt 0.54988 0.03682
vt 0.03433 0.32602
vt 0.56727 0.81939
vt 0.68347 0.65493
vt 0.72497 0.49048
vt 0.73717 0.44213
vt 0.04101 0.65493
vt 0.33295 0.65493
vt 0.33132 0.49048
vt 0.03834 0.49048
vt 0.09177 0.16156
vt 0.32808 0.16156
vt 0.32685 0.03682
vt 0.21941 0.03682
vt 0.33085 0.44213
vt 0.03716 0.44213
vt 0.32970 0.32602
vt 0.69817 0.32602
vt 0.64207 0.16156
vt 0.33620 0.98385
vt 0.33457 0.81939
vt 0.10112 0.81939
vt 0.54988 0.03682
vt 0.03433 0.32602
vt 0.56727 0.81939
vt 0.68347 0.65493
vt 0.72497 0.49048
vt 0.73717 0.44213
vt 0.04101 0.65493
vt 0.33295 0.65493
vt 0.33132 0.49048
vt 0.03834 0.49048
vt 0.09177 0.16156
vt 0.32808 0.16156
vt 0.32685 0.03682
vt 0.21941 0.03682
vt 0.33085 0.44213
vt 0.03716 0.44213
vt 0.32970 0.32602
vt 0.69817 0.32602
vt 0.64207 0.16156
vt 0.33620 0.98385
vt 0.33457 0.81939
vt 0.10112 0.81939
vt 0.54988 0.03682
vt 0.03433 0.32602
vt 0.56727 0.81939
vt 0.68347 0.65493
vt 0.72497 0.49048
vt 0.73717 0.44213
vt 0.04101 0.65493
vt 0.33295 0.65493
vt 0.33132 0.49048
vt 0.03834 0.49048
vt 0.09177 0.16156
vt 0.32808 0.16156
vt 0.32685 0.03682
vt 0.21941 0.03682
vt 0.33085 0.44213
vt 0.03716 0.44213
vt 0.32970 0.32602
vt 0.69817 0.32602
vt 0.64207 0.16156
vt 0.33620 0.98385
vt 0.33457 0.81939
vt 0.10112 0.81939
vt 0.54988 0.03682
vt 0.03433 0.32602
vt 0.56727 0.81939
vt 0.68347 0.65493
vt 0.72497 0.49048
vt 0.73717 0.44213
vt 0.04101 0.65493
vt 0.03834 0.49048
vt 0.33132 0.49048
vt 0.33295 0.65493
vt 0.09177 0.16156
vt 0.21941 0.03682
vt 0.32685 0.03682
vt 0.32808 0.16156
vt 0.03716 0.44213
vt 0.33085 0.44213
vt 0.32970 0.32602
vt 0.64207 0.16156
vt 0.69817 0.32602
vt 0.33620 0.98385
vt 0.10112 0.81939
vt 0.33457 0.81939
vt 0.54988 0.03682
vt 0.03433 0.32602
vt 0.68347 0.65493
vt 0.56727 0.81939
vt 0.73717 0.44213
vt 0.72497 0.49048
vn 0.3732 0.9277 0.0025
vn 0.3824 0.9239 0.0114
vn 0.4008 0.7955 0.4544
vn 0.2962 0.8545 -0.4268
vn 0.3068 0.8541 -0.4200
vn 0.3801 0.8197 -0.4285
vn 0.5135 0.8580 0.0100
vn 0.4778 0.7546 0.4498
vn 0.3989 0.7978 0.4522
vn 0.7425 0.6696 -0.0217
vn 0.5430 0.7130 -0.4436
vn 0.8247 0.5652 -0.0192
vn 0.6339 0.6409 0.4329
vn -0.0272 0.9208 -0.3891
vn -0.0250 0.9202 -0.3906
vn 0.4082 0.7530 -0.5160
vn -0.4648 0.8693 -0.1678
vn -0.4646 0.8696 -0.1671
vn -0.4954 0.8310 -0.2531
vn -0.0844 0.8520 -0.5168
vn 0.3782 0.7153 -0.5877
vn 0.4023 0.7560 -0.5162
vn -0.1597 0.6544 -0.7391
vn -0.5500 0.7034 -0.4503
vn -0.1650 0.5513 -0.8178
vn 0.3189 0.6087 -0.7265
vn -0.0534 0.8988 0.4351
vn -0.0690 0.8981 0.4343
vn -0.5256 0.7730 0.3551
vn 0.3861 0.8233 0.4162
vn 0.3784 0.8230 0.4237
vn 0.3765 0.7818 0.4971
vn -0.0922 0.8200 0.5650
vn -0.5356 0.7240 0.4347
vn -0.5282 0.7747 0.3477
vn -0.0905 0.6103 0.7870
vn 0.3663 0.6589 0.6571
vn -0.1070 0.5052 0.8563
vn -0.5334 0.5872 0.6089
vn -0.4167 0.9042 0.0935
vn -0.4108 0.9079 0.0839
vn -0.4416 0.8055 -0.3952
vn -0.2725 0.7995 0.5353
vn -0.2731 0.8001 0.5341
vn -0.3598 0.7569 0.5455
vn -0.5495 0.8303 0.0927
vn -0.5221 0.7582 -0.3905
vn -0.4353 0.8072 -0.3988
vn -0.7777 0.6177 0.1170
vn -0.5537 0.6222 0.5534
vn -0.8490 0.5184 0.1025
vn -0.6932 0.6244 -0.3599
vn -0.1651 0.9550 0.2462
vn -0.1826 0.9474 0.2629
vn -0.6166 0.7872 -0.0130
vn 0.2838 0.8247 0.4892
vn 0.2634 0.8287 0.4939
vn 0.1927 0.7966 0.5729
vn -0.2853 0.8640 0.4150
vn -0.6476 0.7560 0.0954
vn -0.6085 0.7935 0.0002
vn -0.4245 0.6347 0.6456
vn 0.0289 0.6746 0.7376
vn -0.4841 0.5093 0.7116
vn -0.7120 0.6404 0.2880
vn 0.1481 0.9639 0.2213
vn 0.1611 0.9569 0.2417
vn -0.1885 0.7718 0.6073
vn 0.4863 0.8574 -0.1685
vn 0.4863 0.8613 -0.1474
vn 0.5508 0.8323 -0.0621
vn 0.2934 0.8802 0.3730
vn -0.0871 0.7462 0.6600
vn -0.1743 0.7791 0.6023
vn 0.5037 0.6617 0.5553
vn 0.6851 0.7165 0.1312
vn 0.5633 0.5391 0.6261
vn 0.0946 0.6406 0.7620
vn 0.1256 0.9793 -0.1585
vn 0.1441 0.9740 -0.1750
vn 0.5740 0.8119 0.1062
vn -0.3056 0.8487 -0.4316
vn -0.2852 0.8541 -0.4350
vn -0.2097 0.8323 -0.5131
vn 0.2571 0.9088 -0.3286
vn 0.6111 0.7916 -0.0029
vn 0.5662 0.8190 0.0932
vn 0.4175 0.7070 -0.5709
vn -0.0333 0.7327 -0.6798
vn 0.4861 0.5906 -0.6441
vn 0.6892 0.6960 -0.2013
vn -0.2101 0.9566 -0.2020
vn -0.2299 0.9490 -0.2158
vn -0.0430 0.7371 -0.6744
vn -0.3805 0.8781 0.2903
vn -0.3884 0.8809 0.2706
vn -0.4801 0.8499 0.2169
vn -0.4023 0.8702 -0.2845
vn -0.1568 0.7121 -0.6843
vn -0.0541 0.7451 -0.6648
vn -0.6673 0.6498 -0.3639
vn -0.6778 0.7293 0.0935
vn -0.7502 0.5258 -0.4010
vn -0.3645 0.6072 -0.7060
vn 0.3732 0.9277 0.0025
vn 0.3824 0.9239 0.0114
vn 0.4008 0.7955 0.4544
vn 0.2962 0.8545 -0.4268
vn 0.3068 0.8541 -0.4200
vn 0.3801 0.8197 -0.4285
vn 0.5135 0.8580 0.0100
vn 0.4778 0.7546 0.4498
vn 0.3989 0.7978 0.4522
vn 0.7425 0.6696 -0.0217
vn 0.5430 0.7130 -0.4436
vn 0.8247 0.5652 -0.0192
vn 0.6339 0.6409 0.4329
vn -0.0272 0.9208 -0.3891
vn -0.0250 0.9202 -0.3906
vn 0.4082 0.7530 -0.5160
vn -0.4648 0.8693 -0.1678
vn -0.4646 0.8696 -0.1671
vn -0.4954 0.8310 -0.2531
vn -0.0844 0.8520 -0.5168
vn 0.3782 0.7153 -0.5877
vn 0.4023 0.7560 -0.5162
vn -0.1597 0.6544 -0.7391
vn -0.5500 0.7034 -0.4503
vn -0.1650 0.5513 -0.8178
vn 0.3189 0.6087 -0.7265
vn -0.0534 0.8988 0.4351
vn -0.0690 0.8981 0.4343
vn -0.5256 0.7730 0.3551
vn 0.3861 0.8233 0.4162
vn 0.3784 0.8230 0.4237
vn 0.3765 0.7818 0.4971
vn -0.0922 0.8200 0.5650
vn -0.5356 0.7240 0.4347
vn -0.5282 0.7747 0.3477
vn -0.0905 0.6103 0.7870
vn 0.3663 0.6589 0.6571
vn -0.1070 0.5052 0.8563
vn -0.5334 0.5872 0.6089
vn -0.4167 0.9042 0.0935
vn -0.4108 0.9079 0.0839
vn -0.4416 0.8055 -0.3952
vn -0.2725 0.7995 0.5353
vn -0.2731 0.8001 0.5341
vn -0.3598 0.7569 0.5455
vn -0.5495 0.8303 0.0927
vn -0.5221 0.7582 -0.3905
vn -0.4353 0.8072 -0.3988
vn -0.7777 0.6177 0.1170
vn -0.5537 0.6222 0.5534
vn -0.8490 0.5184 0.1025
vn -0.6932 0.6244 -0.3599
vn -0.1651 0.9550 0.2462
vn -0.1826 0.9474 0.2629
vn -0.6166 0.7872 -0.0130
vn 0.2838 0.8247 0.4892
vn 0.2634 0.8287 0.4939
vn 0.1927 0.7966 0.5729
vn -0.2853 0.8640 0.4150
vn -0.6476 0.7560 0.0954
vn -0.6085 0.7935 0.0002
vn -0.4245 0.6347 0.6456
vn 0.0289 0.6746 0.7376
vn -0.4841 0.5093 0.7116
vn -0.7120 0.6404 0.2880
vn 0.1481 0.9639 0.2213
vn 0.1611 0.9569 0.2417
vn -0.1885 0.7718 0.6073
vn 0.4863 0.8574 -0.1685
vn 0.4863 0.8613 -0.1474
vn 0.5508 0.8323 -0.0621
vn 0.2934 0.8802 0.3730
vn -0.0871 0.7462 0.6600
vn -0.1743 0.7791 0.6023
vn 0.5037 0.6617 0.5553
vn 0.6851 0.7165 0.1312
vn 0.5633 0.5391 0.6261
vn 0.0946 0.6406 0.7620
vn 0.1256 0.9793 -0.1585
vn 0.1441 0.9740 -0.1750
vn 0.5740 0.8119 0.1062
vn -0.3056 0.8487 -0.4316
vn -0.2852 0.8541 -0.4350
vn -0.2097 0.8323 -0.5131
vn 0.2571 0.9088 -0.3286
vn 0.6111 0.7916 -0.0029
vn 0.5662 0.8190 0.0932
vn 0.4175 0.7070 -0.5709
vn -0.0333 0.7327 -0.6798
vn 0.4861 0.5906 -0.6441
vn 0.6892 0.6960 -0.2013
vn -0.2101 0.9566 -0.2020
vn -0.2299 0.9490 -0.2158
vn -0.0430 0.7371 -0.6744
vn -0.3805 0.8781 0.2903
vn -0.3884 0.8809 0.2706
vn -0.4801 0.8499 0.2169
vn -0.4023 0.8702 -0.2845
vn -0.1568 0.7121 -0.6843
vn -0.0541 0.7451 -0.6648
vn -0.6673 0.6498 -0.3639
vn -0.6778 0.7293 0.0935
vn -0.7502 0.5258 -0.4010
vn -0.3645 0.6072 -0.7060
vn -0.2995 0.8888 -0.3467
vn -0.3425 0.9278 -0.1483
vn -0.4881 0.8530 -0.1852
vn -0.4262 0.7836 -0.4521
vn -0.3361 0.6731 -0.6588
vn -0.2867 0.9430 -0.1687
vn -0.0336 0.9789 -0.2017
vn 0.0146 0.6733 -0.7392
vn -0.5104 0.8410 -0.1793
vn -0.5063 0.6849 -0.5239
vn -0.5009 0.8519 -0.1529
vn -0.3919 0.8752 0.2836
vn -0.2916 0.8775 0.3806
vn 0.0435 0.9932 -0.1079
vn -0.1255 0.9854 -0.1148
vn -0.1839 0.9385 -0.2922
vn -0.0692 0.9049 0.4200
vn -0.4937 0.6598 -0.5665
vn -0.2195 0.9736 0.0633
vn -0.3886 0.9196 0.0566
vn -0.4844 0.8679 0.1103
vn -0.4571 0.8685 0.1918
vn 0.1043 0.8213 -0.5609
vn -0.0873 0.8197 -0.5660
vn -0.0643 0.7255 -0.6852
vn 0.1865 0.7291 -0.6584
vn 0.4800 0.7793 -0.4030
vn -0.0420 0.8619 -0.5052
vn -0.0524 0.9590 -0.2787
vn 0.5245 0.8471 -0.0849
vn -0.0533 0.7131 -0.6991
vn 0.2814 0.7085 -0.6471
vn -0.0319 0.7281 -0.6848
vn -0.4416 0.6038 -0.6636
vn -0.5324 0.6211 -0.5751
vn -0.1664 0.9613 -0.2196
vn -0.1357 0.9198 -0.3682
vn 0.0655 0.9065 -0.4170
vn -0.6147 0.6987 -0.3659
vn 0.3714 0.7289 -0.5751
vn -0.2943 0.8392 -0.4573
vn -0.2742 0.7736 -0.5713
vn -0.3181 0.6817 -0.6588
vn -0.3799 0.6242 -0.6827
vn -0.0365 0.8608 -0.5077
vn -0.2696 0.8934 -0.3592
vn -0.3656 0.7852 -0.4998
vn -0.0623 0.7200 -0.6911
vn 0.1222 0.7089 -0.6946
vn -0.2894 0.8911 -0.3497
vn -0.1087 0.9797 -0.1685
vn 0.3985 0.7889 -0.4678
vn -0.4155 0.7428 -0.5250
vn -0.0731 0.6253 -0.7769
vn -0.4270 0.7445 -0.5131
vn -0.7094 0.6936 -0.1258
vn -0.6958 0.7182 -0.0018
vn -0.1401 0.9891 -0.0446
vn -0.1985 0.9660 -0.1660
vn -0.0172 0.9451 -0.3265
vn -0.5785 0.7910 0.1992
vn -0.0424 0.6287 -0.7765
vn -0.4174 0.9013 -0.1158
vn -0.4956 0.8470 -0.1925
vn -0.6087 0.7659 -0.2072
vn -0.6810 0.7099 -0.1799
vn -0.3066 0.9245 0.2265
vn -0.1281 0.9662 0.2235
vn -0.1197 0.9323 0.3412
vn -0.3604 0.8653 0.3484
vn -0.6497 0.7279 0.2193
vn -0.1776 0.9741 0.1399
vn -0.2315 0.9689 -0.0873
vn -0.7603 0.6459 -0.0688
vn -0.1246 0.9390 0.3206
vn -0.4472 0.8177 0.3624
vn -0.1280 0.9405 0.3149
vn 0.2867 0.9333 0.2162
vn 0.3662 0.9192 0.1446
vn -0.1553 0.9761 -0.1521
vn -0.1469 0.9891 0.0067
vn -0.3107 0.9476 0.0744
vn 0.3929 0.9168 -0.0719
vn -0.5267 0.7822 0.3327
vn 0.0359 0.9950 0.0930
vn 0.0615 0.9723 0.2257
vn 0.1372 0.9443 0.2993
vn 0.2146 0.9402 0.2645
vn 0.1901 0.8653 -0.4638
vn 0.2486 0.7877 -0.5637
vn 0.3406 0.8788 -0.3341
vn 0.2496 0.9211 -0.2989
vn 0.0860 0.6203 -0.7797
vn -0.2458 0.5823 -0.7749
vn -0.0741 0.9499 -0.3035
vn 0.1653 0.9299 -0.3285
vn 0.2183 0.7188 -0.6601
vn 0.3189 0.8837 -0.3425
vn 0.3379 0.8768 -0.3421
vn 0.3255 0.9239 0.2013
vn 0.3691 0.9237 0.1029
vn -0.1124 0.9718 -0.2075
vn 0.0591 0.9065 -0.4182
vn 0.0462 0.9672 -0.2496
vn 0.1285 0.9478 0.2919
vn 0.2049 0.6646 -0.7186
vn 0.3140 0.9417 -0.1209
vn 0.1811 0.9777 -0.1064
vn 0.3938 0.9190 0.0184
vn 0.4041 0.9122 -0.0672
vn -0.3266 0.9440 0.0462
vn -0.2294 0.9462 0.2285
vn -0.3742 0.8826 0.2846
vn -0.5041 0.8629 0.0344
vn -0.5802 0.7911 -0.1938
vn -0.1974 0.9638 0.1792
vn -0.0196 0.9998 -0.0038
vn -0.3623 0.7989 -0.4801
vn -0.3891 0.8703 0.3019
vn -0.6241 0.7811 0.0190
vn -0.3638 0.8759 0.3171
vn -0.0025 0.8150 0.5794
vn 0.1354 0.7971 0.5884
vn 0.1004 0.9948 0.0192
vn -0.0343 0.9920 0.1217
vn -0.1971 0.9802 0.0193
vn 0.3342 0.8120 0.4785
vn -0.6446 0.7641 -0.0246
vn 0.0041 0.9491 0.3150
vn -0.1368 0.9009 0.4118
vn -0.1834 0.8421 0.5072
vn -0.1112 0.8269 0.5513
vn -0.1613 0.9091 -0.3841
vn -0.3115 0.9126 -0.2649
vn -0.3818 0.8418 -0.3818
vn -0.1724 0.8351 -0.5225
vn 0.2197 0.8304 -0.5120
vn -0.2328 0.9417 -0.2427
vn -0.0851 0.9950 -0.0524
vn 0.4632 0.8368 -0.2917
vn -0.3836 0.8319 -0.4010
vn -0.0954 0.8107 -0.5777
vn -0.3563 0.8435 -0.4020
vn -0.6734 0.7262 -0.1385
vn -0.6849 0.7286 -0.0112
vn -0.1348 0.9887 0.0658
vn -0.2104 0.9750 -0.0715
vn -0.0890 0.9668 -0.2394
vn -0.6058 0.7675 0.2097
vn 0.0216 0.8154 -0.5785
vn -0.3989 0.9158 -0.0471
vn -0.4641 0.8722 -0.1547
vn -0.5653 0.7992 -0.2043
vn -0.6353 0.7485 -0.1901
vn -0.2304 0.9409 -0.2482
vn -0.3110 0.9502 0.0181
vn -0.4875 0.8722 -0.0403
vn -0.3847 0.8375 -0.3882
vn -0.2470 0.8233 -0.5111
vn -0.3204 0.9466 0.0376
vn -0.0561 0.9960 0.0695
vn 0.1180 0.8537 -0.5072
vn -0.5474 0.8362 -0.0327
vn -0.4598 0.7606 -0.4584
vn -0.5485 0.8360 -0.0161
vn -0.5278 0.7197 0.4512
vn -0.4360 0.7205 0.5392
vn -0.0008 0.9828 0.1845
vn -0.1251 0.9839 0.1275
vn -0.0901 0.9895 -0.1130
vn -0.2100 0.7520 0.6248
vn -0.4355 0.7632 -0.4772
vn -0.2698 0.9157 0.2979
vn -0.3853 0.8783 0.2831
vn -0.4921 0.8038 0.3343
vn -0.5378 0.7452 0.3942
vn 0.0335 0.8723 0.4879
vn 0.1738 0.9101 0.3762
vn 0.2498 0.8546 0.4551
vn 0.0609 0.7926 0.6067
vn -0.2604 0.6878 0.6777
vn 0.0845 0.9344 0.3460
vn -0.1004 0.9728 0.2086
vn -0.5374 0.6633 0.5208
vn 0.2339 0.8651 0.4437
vn -0.0031 0.7450 0.6670
vn 0.2278 0.8677 0.4417
vn 0.4822 0.8704 0.0996
vn 0.4962 0.8682 -0.0075
vn -0.0819 0.9904 0.1115
vn 0.0262 0.9734 0.2276
vn -0.0622 0.9234 0.3786
vn 0.3801 0.9056 -0.1883
vn -0.0875 0.7174 0.6912
vn 0.2212 0.9592 0.1759
vn 0.3212 0.9116 0.2567
vn 0.4215 0.8688 0.2599
vn 0.4584 0.8697 0.1833
vn -0.0287 0.9324 -0.3602
vn -0.0573 0.8736 -0.4833
vn 0.1700 0.9183 -0.3574
vn 0.1282 0.9552 -0.2669
vn -0.3403 0.7528 -0.5633
vn -0.5965 0.7217 -0.3512
vn -0.1185 0.9912 -0.0584
vn 0.0462 0.9712 -0.2338
vn -0.1505 0.8245 -0.5455
vn 0.1487 0.9252 -0.3491
vn 0.1626 0.9179 -0.3620
vn 0.5013 0.8631 0.0622
vn 0.4728 0.8803 -0.0403
vn -0.0844 0.9956 0.0415
vn -0.0946 0.9671 -0.2362
vn 0.0098 0.9956 -0.0928
vn 0.4108 0.8738 0.2602
vn -0.2050 0.7824 -0.5881
vn 0.2922 0.9409 -0.1713
vn 0.2045 0.9763 -0.0703
vn 0.4379 0.8909 -0.1205
vn 0.3910 0.9000 -0.1926
vn 0.3865 0.9220 -0.0200
vn 0.3957 0.9183 -0.0109
vn 0.4123 0.8004 0.4350
vn 0.3084 0.8395 -0.4474
vn 0.3190 0.8391 -0.4406
vn 0.3918 0.8035 -0.4482
vn 0.5258 0.8505 -0.0107
vn 0.4887 0.7584 0.4314
vn 0.4104 0.8027 0.4328
vn 0.7521 0.6581 -0.0379
vn 0.5531 0.6941 -0.4607
vn 0.8327 0.5526 -0.0327
vn 0.6431 0.6420 0.4174
vn -0.0140 0.9114 -0.4113
vn -0.0118 0.9107 -0.4128
vn 0.4189 0.7343 -0.5340
vn -0.4523 0.8716 -0.1889
vn -0.4521 0.8719 -0.1882
vn -0.4834 0.8316 -0.2733
vn -0.0722 0.8403 -0.5373
vn 0.3884 0.6953 -0.6048
vn 0.4131 0.7374 -0.5344
vn -0.1504 0.6385 -0.7548
vn -0.5398 0.7002 -0.4673
vn -0.1572 0.5336 -0.8310
vn 0.3275 0.5862 -0.7410
vn -0.0404 0.9098 0.4131
vn -0.0560 0.9093 0.4124
vn -0.5144 0.7889 0.3362
vn 0.3980 0.8275 0.3962
vn 0.3903 0.8275 0.4037
vn 0.3879 0.7881 0.4780
vn -0.0803 0.8347 0.5448
vn -0.5250 0.7420 0.4169
vn -0.5169 0.7904 0.3287
vn -0.0815 0.6304 0.7719
vn 0.3759 0.6693 0.6409
vn -0.0996 0.5274 0.8438
vn -0.5248 0.6094 0.5943
vn -0.4036 0.9121 0.0715
vn -0.3976 0.9155 0.0617
vn -0.4300 0.8019 -0.4147
vn -0.2609 0.8161 0.5157
vn -0.2614 0.8167 0.5144
vn -0.3488 0.7750 0.5270
vn -0.5375 0.8402 0.0725
vn -0.5111 0.7560 -0.4089
vn -0.4237 0.8034 -0.4183
vn -0.7686 0.6315 0.1018
vn -0.5446 0.6434 0.5380
vn -0.8414 0.5329 0.0898
vn -0.6842 0.6254 -0.3750
vn -0.1513 0.9630 0.2229
vn -0.1689 0.9560 0.2398
vn -0.6052 0.7954 -0.0321
vn 0.2958 0.8322 0.4691
vn 0.2754 0.8366 0.4737
vn 0.2042 0.8075 0.5535
vn -0.2727 0.8778 0.3938
vn -0.6366 0.7673 0.0769
vn -0.5970 0.8020 -0.0191
vn -0.4152 0.6563 0.6300
vn 0.0387 0.6918 0.7210
vn -0.4765 0.5334 0.6988
vn -0.7027 0.6574 0.2723
vn 0.1620 0.9668 0.1978
vn 0.1750 0.9600 0.2184
vn -0.1772 0.7889 0.5883
vn 0.4985 0.8460 -0.1891
vn 0.4987 0.8503 -0.1682
vn 0.5627 0.8225 -0.0822
vn 0.3062 0.8847 0.3516
vn -0.0763 0.7632 0.6417
vn -0.1629 0.7959 0.5831
vn 0.5133 0.6677 0.5391
vn 0.6953 0.7095 0.1140
vn 0.5712 0.5460 0.6129
vn 0.1040 0.6575 0.7462
vn 0.1397 0.9733 -0.1822
vn 0.1581 0.9673 -0.1985
vn 0.5857 0.8059 0.0865
vn -0.2934 0.8423 -0.4521
vn -0.2729 0.8473 -0.4557
vn -0.1978 0.8225 -0.5332
vn 0.2701 0.8968 -0.3505
vn 0.6224 0.7824 -0.0219
vn 0.5780 0.8128 0.0734
vn 0.4275 0.6868 -0.5878
vn -0.0228 0.7164 -0.6974
vn 0.4945 0.5677 -0.6582
vn 0.6992 0.6809 -0.2181
vn -0.1963 0.9543 -0.2253
vn -0.2162 0.9467 -0.2389
vn -0.0325 0.7211 -0.6921
vn -0.3677 0.8902 0.2688
vn -0.3756 0.8927 0.2490
vn -0.4678 0.8618 0.1962
vn -0.3898 0.8687 -0.3056
vn -0.1466 0.6975 -0.7014
vn -0.0435 0.7294 -0.6827
vn -0.6580 0.6503 -0.3797
vn -0.6672 0.7410 0.0757
vn -0.7426 0.5266 -0.4138
vn -0.3559 0.5951 -0.7206
vn -0.1772 0.9586 0.2229
vn 0.0221 0.9604 0.2779
vn -0.0378 0.9047 0.4243
vn -0.3091 0.8854 0.3472
vn -0.5281 0.8120 0.2486
vn 0.0085 0.9755 0.2200
vn -0.0013 0.9993 -0.0365
vn -0.5856 0.8036 -0.1064
vn -0.0358 0.8935 0.4477
vn -0.4041 0.8088 0.4274
vn -0.0073 0.8982 0.4395
vn 0.4307 0.8270 0.3614
vn 0.5319 0.8030 0.2686
vn 0.0980 0.9894 -0.1072
vn 0.0796 0.9950 0.0609
vn -0.1069 0.9883 0.1089
vn 0.5893 0.8065 0.0484
vn -0.4501 0.7917 0.4130
vn 0.2455 0.9547 0.1682
vn 0.2180 0.9151 0.3392
vn 0.2542 0.8606 0.4414
vn 0.3357 0.8431 0.4201
vn -0.3759 0.9067 -0.1911
vn -0.3928 0.9196 -0.0006
vn -0.5270 0.8495 -0.0267
vn -0.4851 0.8302 -0.2748
vn -0.2075 0.8081 -0.5512
vn -0.3221 0.9457 -0.0436
vn -0.0816 0.9964 -0.0222
vn 0.1199 0.8084 -0.5763
vn -0.5424 0.8393 -0.0382
vn -0.4724 0.8012 -0.3674
vn -0.5240 0.8496 -0.0591
vn -0.5531 0.7526 0.3573
vn -0.4686 0.7583 0.4531
vn -0.0303 0.9950 0.0954
vn -0.1820 0.9817 0.0563
vn -0.2204 0.9643 -0.1467
vn -0.2534 0.7985 0.5461
vn -0.3924 0.8005 -0.4530
vn -0.2950 0.9316 0.2124
vn -0.4185 0.8886 0.1877
vn -0.5253 0.8192 0.2303
vn -0.5640 0.7720 0.2932
vn -0.3244 0.9447 -0.0492
vn -0.1867 0.9635 0.1919
vn -0.3517 0.8922 0.2833
vn -0.5337 0.8452 -0.0289
vn -0.5282 0.8221 -0.2124
vn -0.1790 0.9607 0.2124
vn 0.0268 0.9988 0.0406
vn -0.2738 0.8361 -0.4754
vn -0.3879 0.8592 0.3336
vn -0.6375 0.7702 -0.0191
vn -0.3767 0.8594 0.3458
vn -0.0252 0.7526 0.6580
vn 0.1018 0.7512 0.6522
vn 0.1480 0.9857 0.0804
vn 0.0212 0.9912 0.1310
vn -0.1290 0.9898 -0.0600
vn 0.3199 0.7744 0.5459
vn -0.6345 0.7713 -0.0498
vn 0.0441 0.9333 0.3563
vn -0.0467 0.9009 0.4316
vn -0.0842 0.8324 0.5477
vn -0.0732 0.7773 0.6249
vn 0.3899 0.8805 0.2696
vn 0.4062 0.9094 0.0893
vn 0.5148 0.8524 0.0914
vn 0.4939 0.8023 0.3354
vn 0.3226 0.7137 0.6218
vn 0.3231 0.9371 0.1320
vn 0.0967 0.9808 0.1695
vn 0.0177 0.6983 0.7156
vn 0.4958 0.8633 0.0945
vn 0.4928 0.7590 0.4255
vn 0.4902 0.8661 0.0974
vn 0.4172 0.8497 -0.3224
vn 0.3491 0.8445 -0.4061
vn 0.0394 0.9953 0.0884
vn 0.1978 0.9760 0.0910
vn 0.2456 0.9335 0.2613
vn 0.1387 0.8831 -0.4482
vn 0.4518 0.7358 0.5045
vn 0.2943 0.9519 -0.0851
vn 0.4209 0.9016 -0.0997
vn 0.4917 0.8544 -0.1682
vn 0.4616 0.8519 -0.2475
vn -0.2670 0.9246 -0.2719
vn -0.3767 0.8643 -0.3331
vn -0.1284 0.9016 -0.4131
vn -0.0910 0.9423 -0.3223
vn -0.6315 0.7548 -0.1775
vn -0.6545 0.7399 0.1554
vn -0.1091 0.9940 -0.0020
vn -0.1232 0.9627 -0.2410
vn -0.4868 0.8182 -0.3061
vn -0.1370 0.9096 -0.3924
vn -0.1368 0.9013 -0.4109
vn 0.4031 0.8407 -0.3615
vn 0.3095 0.8569 -0.4123
vn -0.0130 0.9990 0.0419
vn -0.2219 0.9649 -0.1404
vn -0.0456 0.9919 -0.1188
vn 0.4846 0.8599 -0.1602
vn -0.5557 0.7777 -0.2939
vn 0.0911 0.9227 -0.3746
vn 0.1045 0.9643 -0.2432
vn 0.2275 0.8673 -0.4427
vn 0.1430 0.8769 -0.4588
vn -0.1630 0.9327 0.3217
vn 0.0219 0.9428 0.3325
vn -0.0015 0.8819 0.4715
vn -0.2575 0.8505 0.4586
vn -0.4745 0.7823 0.4036
vn -0.0049 0.9551 0.2962
vn -0.0690 0.9953 0.0678
vn -0.5888 0.8026 0.0952
vn 0.0019 0.8687 0.4954
vn -0.3285 0.7708 0.5459
vn 0.0238 0.8762 0.4814
vn 0.4090 0.8520 0.3269
vn 0.4817 0.8478 0.2218
vn 0.0145 0.9998 -0.0114
vn 0.0292 0.9903 0.1357
vn -0.1218 0.9699 0.2107
vn 0.4868 0.8733 0.0180
vn -0.3731 0.7528 0.5423
vn 0.1938 0.9609 0.1975
vn 0.2069 0.9136 0.3502
vn 0.2647 0.8616 0.4332
vn 0.3338 0.8551 0.3967
vn -0.4106 0.9117 -0.0085
vn -0.3920 0.9055 0.1627
vn -0.5180 0.8403 0.1601
vn -0.5264 0.8473 -0.0714
vn -0.3274 0.8716 -0.3650
vn -0.3470 0.9294 0.1259
vn -0.1257 0.9861 0.1083
vn -0.0437 0.8957 -0.4426
vn -0.5363 0.8296 0.1551
vn -0.5319 0.8318 -0.1586
vn -0.5216 0.8422 0.1367
vn -0.4793 0.7131 0.5117
vn -0.3777 0.7185 0.5840
vn -0.0587 0.9809 0.1855
vn -0.1961 0.9640 0.1794
vn -0.2660 0.9639 0.0082
vn -0.1677 0.7616 0.6260
vn -0.4750 0.8440 -0.2491
vn -0.2684 0.9041 0.3325
vn -0.3831 0.8615 0.3331
vn -0.4757 0.7879 0.3909
vn -0.4983 0.7381 0.4548
vn -0.3412 0.9336 0.1096
vn -0.1754 0.9387 0.2968
vn -0.3039 0.8625 0.4046
vn -0.5294 0.8332 0.1596
vn -0.5546 0.8320 -0.0076
vn -0.1679 0.9300 0.3269
vn -0.0127 0.9906 0.1359
vn -0.3719 0.8841 -0.2830
vn -0.3291 0.8254 0.4586
vn -0.6233 0.7609 0.1808
vn -0.3149 0.8259 0.4677
vn 0.0646 0.7241 0.6866
vn 0.1828 0.7357 0.6523
vn 0.0918 0.9859 0.1397
vn -0.0064 0.9783 0.2072
vn -0.1713 0.9828 0.0687
vn 0.3528 0.7820 0.5139
vn -0.6258 0.7649 0.1527
vn 0.0554 0.9158 0.3978
vn -0.0071 0.8763 0.4818
vn -0.0155 0.8022 0.5968
vn 0.0142 0.7479 0.6637
vn 0.3479 0.9022 0.2547
vn 0.3219 0.9419 0.0961
vn 0.4238 0.9026 0.0757
vn 0.4632 0.8370 0.2913
vn 0.3721 0.7187 0.5875
vn 0.2650 0.9501 0.1646
vn 0.0682 0.9642 0.2564
vn 0.1190 0.6714 0.7315
vn 0.4093 0.9083 0.0862
vn 0.4844 0.7920 0.3717
vn 0.4034 0.9103 0.0925
vn 0.2593 0.9276 -0.2689
vn 0.1849 0.9260 -0.3290
vn 0.0000 0.9858 0.1680
vn 0.1371 0.9806 0.1401
vn 0.2134 0.9371 0.2763
vn -0.0072 0.9465 -0.3225
vn 0.4693 0.7591 0.4512
vn 0.1888 0.9815 -0.0306
vn 0.2990 0.9516 -0.0708
vn 0.3526 0.9240 -0.1482
vn 0.3114 0.9265 -0.2112
vn -0.3286 0.9396 -0.0960
vn -0.4382 0.8884 -0.1370
vn -0.2338 0.9414 -0.2430
vn -0.1844 0.9686 -0.1669
vn -0.6466 0.7618 0.0398
vn -0.6096 0.7147 0.3429
vn -0.1640 0.9785 0.1253
vn -0.2124 0.9731 -0.0891
vn -0.5336 0.8399 -0.0989
vn -0.2416 0.9445 -0.2223
vn -0.2465 0.9396 -0.2374
vn 0.2405 0.9230 -0.3004
vn 0.1486 0.9336 -0.3261
vn -0.0551 0.9891 0.1365
vn -0.2653 0.9641 0.0145
vn -0.1107 0.9939 0.0042
vn 0.3471 0.9274 -0.1391
vn -0.5974 0.7977 -0.0822
vn -0.0365 0.9687 -0.2455
vn -0.0034 0.9914 -0.1309
vn 0.0713 0.9394 -0.3354
vn -0.0049 0.9427 -0.3337
vn -0.0112 0.9368 0.3497
vn 0.1743 0.9499 0.2594
vn 0.2281 0.8855 0.4047
vn -0.0254 0.8509 0.5247
vn -0.2526 0.7665 0.5905
vn 0.1255 0.9660 0.2262
vn -0.0525 0.9977 0.0424
vn -0.5307 0.7662 0.3623
vn 0.2454 0.8736 0.4201
vn -0.0413 0.7655 0.6421
vn 0.2613 0.8805 0.3954
vn 0.5392 0.8411 0.0430
vn 0.5541 0.8271 -0.0949
vn -0.0249 0.9967 -0.0767
vn 0.0726 0.9955 0.0616
vn -0.0349 0.9748 0.2201
vn 0.4509 0.8416 -0.2972
vn -0.0847 0.7459 0.6606
vn 0.2690 0.9627 0.0296
vn 0.3629 0.9157 0.1729
vn 0.4591 0.8603 0.2216
vn 0.5065 0.8489 0.1508
vn -0.4329 0.8857 0.1677
vn -0.3195 0.8911 0.3222
vn -0.4353 0.8131 0.3864
vn -0.5678 0.8050 0.1719
vn -0.5429 0.8106 -0.2196
vn -0.2959 0.9232 0.2451
vn -0.1032 0.9890 0.1060
vn -0.3145 0.8334 -0.4545
vn -0.4542 0.8023 0.3874
vn -0.6190 0.7800 0.0923
vn -0.4547 0.8146 0.3602
vn -0.1976 0.7019 0.6842
vn -0.0710 0.7101 0.7005
vn 0.0133 0.9870 0.1599
vn -0.1258 0.9650 0.2300
vn -0.2887 0.9520 0.1022
vn 0.1504 0.7613 0.6307
vn -0.6158 0.7875 -0.0246
vn -0.1055 0.9024 0.4178
vn -0.2131 0.8522 0.4779
vn -0.2628 0.7744 0.5755
vn -0.2488 0.7227 0.6448
vn -0.3012 0.9222 0.2425
vn -0.0389 0.9420 0.3332
vn -0.0999 0.8570 0.5056
vn -0.4416 0.8085 0.3890
vn -0.5586 0.7920 0.2466
vn -0.0194 0.9391 0.3432
vn 0.0195 0.9965 0.0815
vn -0.5429 0.8316 -0.1172
vn -0.0927 0.8200 0.5649
vn -0.5108 0.7266 0.4596
vn -0.0762 0.8205 0.5666
vn 0.3966 0.7268 0.5608
vn 0.4878 0.7340 0.4724
vn 0.1369 0.9901 0.0303
vn 0.0755 0.9854 0.1523
vn -0.1636 0.9806 0.1085
vn 0.5800 0.7752 0.2506
vn -0.5289 0.7289 0.4348
vn 0.2435 0.9217 0.3017
vn 0.2264 0.8808 0.4158
vn 0.2772 0.8062 0.5226
vn 0.3382 0.7494 0.5693
vn 0.4463 0.8949 0.0049
vn 0.3381 0.9308 -0.1386
vn 0.4224 0.8811 -0.2128
vn 0.5699 0.8215 -0.0198
vn 0.6339 0.7122 0.3014
vn 0.3036 0.9515 -0.0499
vn 0.1578 0.9788 0.1305
vn 0.4684 0.6736 0.5717
vn 0.4099 0.8906 -0.1971
vn 0.6299 0.7753 0.0453
vn 0.4076 0.8929 -0.1911
vn 0.0752 0.8858 -0.4580
vn -0.0311 0.8789 -0.4760
vn 0.0608 0.9922 0.1087
vn 0.1815 0.9834 0.0048
vn 0.3314 0.9384 0.0977
vn -0.2176 0.9048 -0.3660
vn 0.6523 0.7468 0.1299
vn 0.1376 0.9716 -0.1923
vn 0.2241 0.9303 -0.2903
vn 0.2330 0.8902 -0.3914
vn 0.1579 0.8884 -0.4310
vn -0.4054 0.9134 0.0366
vn -0.5264 0.8482 0.0591
vn -0.3947 0.9044 -0.1621
vn -0.3076 0.9444 -0.1161
vn -0.6109 0.7168 0.3361
vn -0.4069 0.6893 0.5993
vn -0.1102 0.9841 0.1390
vn -0.2783 0.9599 -0.0326
vn -0.5895 0.7939 0.1489
vn -0.3874 0.9111 -0.1404
vn -0.3995 0.9036 -0.1550
vn 0.0389 0.8772 -0.4786
vn -0.0652 0.8888 -0.4535
vn -0.0094 0.9940 0.1089
vn -0.2856 0.9523 0.1079
vn -0.1401 0.9901 0.0097
vn 0.2328 0.8950 -0.3806
vn -0.6320 0.7486 0.2007
vn -0.2055 0.9387 -0.2768
vn -0.1095 0.9767 -0.1845
vn -0.1471 0.8948 -0.4214
vn -0.2212 0.8993 -0.3772
vn -0.2749 0.9527 0.1298
vn -0.0772 0.9800 0.1835
vn -0.1319 0.9329 0.3350
vn -0.3993 0.8788 0.2612
vn -0.6091 0.7744 0.1711
vn -0.0918 0.9880 0.1246
vn -0.1024 0.9858 -0.1330
vn -0.6635 0.7259 -0.1813
vn -0.1289 0.9242 0.3594
vn -0.4866 0.8010 0.3488
vn -0.1010 0.9311 0.3506
vn 0.3424 0.8975 0.2780
vn 0.4462 0.8751 0.1876
vn -0.0023 0.9792 -0.2028
vn -0.0222 0.9991 -0.0359
vn -0.2073 0.9782 0.0133
vn 0.5042 0.8630 -0.0322
vn -0.5305 0.7781 0.3363
vn 0.1464 0.9864 0.0742
vn 0.1220 0.9610 0.2483
vn 0.1630 0.9205 0.3551
vn 0.2460 0.9094 0.3353
vn -0.4649 0.8411 -0.2765
vn -0.4841 0.8706 -0.0879
vn -0.6102 0.7850 -0.1067
vn -0.5652 0.7462 -0.3518
vn -0.2853 0.7258 -0.6260
vn -0.4161 0.8994 -0.1336
vn -0.1822 0.9761 -0.1181
vn 0.0406 0.7569 -0.6523
vn -0.6245 0.7722 -0.1169
vn -0.5491 0.7098 -0.4412
vn -0.6072 0.7823 -0.1389
vn -0.6287 0.7235 0.2851
vn -0.5458 0.7470 0.3796
vn -0.1316 0.9913 -0.0011
vn -0.2811 0.9589 -0.0381
vn -0.3163 0.9182 -0.2384
vn -0.3363 0.8177 0.4673
vn -0.4690 0.7090 -0.5266
vn -0.3892 0.9130 0.1226
vn -0.5076 0.8555 0.1025
vn -0.6071 0.7800 0.1522
vn -0.6410 0.7354 0.2195
vn -0.4183 0.8976 -0.1390
vn -0.2846 0.9536 0.0987
vn -0.4421 0.8750 0.1971
vn -0.6166 0.7798 -0.1083
vn -0.6077 0.7398 -0.2887
vn -0.2768 0.9535 0.1192
vn -0.0750 0.9956 -0.0563
vn -0.3544 0.7541 -0.5529
vn -0.4751 0.8435 0.2505
vn -0.7122 0.6960 -0.0909
vn -0.4639 0.8460 0.2626
vn -0.1054 0.8062 0.5823
vn 0.0212 0.8171 0.5761
vn 0.0467 0.9988 -0.0160
vn -0.0803 0.9962 0.0345
vn -0.2285 0.9611 -0.1550
vn 0.2364 0.8520 0.4672
vn -0.7092 0.6945 -0.1216
vn -0.0530 0.9630 0.2642
vn -0.1404 0.9289 0.3426
vn -0.1714 0.8685 0.4651
vn -0.1553 0.8225 0.5471
vn 0.2970 0.9374 0.1816
vn 0.3113 0.9503 -0.0007
vn 0.4251 0.9051 0.0065
vn 0.4080 0.8769 0.2543
vn 0.2448 0.7994 0.5486
vn 0.2255 0.9734 0.0396
vn -0.0043 0.9973 0.0735
vn -0.0574 0.7623 0.6446
vn 0.4050 0.9143 0.0086
vn 0.4107 0.8427 0.3481
vn 0.3992 0.9168 0.0112
vn 0.3307 0.8525 -0.4047
vn 0.2640 0.8324 -0.4872
vn -0.0623 0.9980 -0.0084
vn 0.0972 0.9953 -0.0046
vn 0.1481 0.9745 0.1689
vn 0.0510 0.8452 -0.5321
vn 0.3718 0.8231 0.4292
vn 0.1966 0.9642 -0.1780
vn 0.3277 0.9258 -0.1881
vn 0.4034 0.8797 -0.2519
vn 0.3741 0.8665 -0.3306
vn -0.3579 0.8621 -0.3589
vn -0.4606 0.7854 -0.4136
vn -0.2168 0.8397 -0.4979
vn -0.1842 0.8926 -0.4115
vn -0.7038 0.6660 -0.2471
vn -0.7272 0.6812 0.0858
vn -0.2094 0.9729 -0.0977
vn -0.2188 0.9174 -0.3325
vn -0.5655 0.7311 -0.3817
vn -0.2262 0.8488 -0.4779
vn -0.2251 0.8389 -0.4956
vn 0.3178 0.8384 -0.4428
vn 0.2234 0.8401 -0.4944
vn -0.1147 0.9919 -0.0549
vn -0.3179 0.9193 -0.2322
vn -0.1454 0.9660 -0.2140
vn 0.3958 0.8852 -0.2445
vn -0.6301 0.6852 -0.3654
vn -0.0008 0.8867 -0.4624
vn 0.0075 0.9419 -0.3358
vn 0.1408 0.8391 -0.5254
vn 0.0559 0.8385 -0.5421
usemtl Tree_Bark
f 1//1 2//2 3//3
f 1//1 3//3 4//4
f 2//2 5//5 6//6
f 2//2 6//6 3//3
f 3//3 6//6 7//7
f 3//3 7//7 8//8
f 4//4 3//3 8//8
f 4//4 8//8 9//9
f 9//9 8//8 10//10
f 9//9 10//10 11//11
f 8//8 7//7 12//12
f 8//8 12//12 10//10
f 10//10 12//12 13//13
f 10//10 13//13 14//14
f 11//11 10//10 14//14
f 11//11 14//14 15//15
f 5//5 16//16 17//17
f 5//5 17//17 18//18
f 16//16 19//19 20//20
f 16//16 20//20 17//17
f 17//17 20//20 21//21
f 17//17 21//21 22//22
f 18//18 17//17 22//22
f 18//18 22//22 23//23
f 15//15 14//14 24//24
f 15//15 24//24 25//25
f 14//14 13//13 26//26
f 14//14 26//26 24//24
f 24//24 26//26 19//19
f 24//24 19//19 27//27
f 25//25 24//24 27//27
f 25//25 27//27 28//28
f 28//28 27//27 29//29
f 28//28 29//29 30//30
f 27//27 19//19 16//16
f 27//27 16//16 29//29
f 29//29 16//16 5//5
f 29//29 5//5 2//2
f 30//30 29//29 2//2
f 30//30 2//2 1//1
f 21//21 31//31 32//32
f 21//21 32//32 33//33
f 31//31 34//34 35//35
f 31//31 35//35 32//32
f 32//32 35//35 36//36
f 32//32 36//36 37//37
f 33//33 32//32 37//37
f 33//33 37//37 38//38
f 13//13 12//12 39//39
f 13//13 39//39 40//40
f 12//12 7//7 41//41
f 12//12 41//41 39//39
f 39//39 41//41 42//42
f 39//39 42//42 43//43
f 40//40 39//39 43//43
f 40//40 43//43 34//34
f 7//7 6//6 44//44
f 7//7 44//44 41//41
f 6//6 5//5 18//18
f 6//6 18//18 44//44
f 44//44 18//18 23//23
f 44//44 23//23 45//45
f 41//41 44//44 45//45
f 41//41 45//45 42//42
f 19//19 26//26 46//46
f 19//19 46//46 20//20
f 26//26 13//13 40//40
f 26//26 40//40 46//46
f 46//46 40//40 34//34
f 46//46 34//34 31//31
f 20//20 46//46 31//31
f 20//20 31//31 21//21
f 38//38 37//37 47//47
f 38//38 47//47 48//48
f 37//37 36//36 49//49
f 37//37 49//49 47//47
f 47//47 49//49 50//50
f 47//47 50//50 51//51
f 48//48 47//47 51//51
f 48//48 51//51 52//52
f 42//42 45//45 53//53
f 42//42 53//53 54//54
f 45//45 23//23 55//55
f 45//45 55//55 53//53
f 53//53 55//55 56//56
f 53//53 56//56 57//57
f 54//54 53//53 57//57
f 54//54 57//57 58//58
f 23//23 22//22 59//59
f 23//23 59//59 55//55
f 22//22 21//21 33//33
f 22//22 33//33 59//59
f 59//59 33//33 38//38
f 59//59 38//38 60//60
f 55//55 59//59 60//60
f 55//55 60//60 56//56
f 34//34 43//43 61//61
f 34//34 61//61 35//35
f 43//43 42//42 54//54
f 43//43 54//54 61//61
f 61//61 54//54 58//58
f 61//61 58//58 62//62
f 35//35 61//61 62//62
f 35//35 62//62 36//36
f 63//63 64//64 65//65
f 63//63 65//65 66//66
f 64//64 52//52 67//67
f 64//64 67//67 65//65
f 65//65 67//67 68//68
f 65//65 68//68 69//69
f 66//66 65//65 69//69
f 66//66 69//69 70//70
f 58//58 57//57 71//71
f 58//58 71//71 72//72
f 57//57 56//56 73//73
f 57//57 73//73 71//71
f 71//71 73//73 63//63
f 71//71 63//63 74//74
f 72//72 71//71 74//74
f 72//72 74//74 75//75
f 56//56 60//60 76//76
f 56//56 76//76 73//73
f 60//60 38//38 48//48
f 60//60 48//48 76//76
f 76//76 48//48 52//52
f 76//76 52//52 64//64
f 73//73 76//76 64//64
f 73//73 64//64 63//63
f 36//36 62//62 77//77
f 36//36 77//77 49//49
f 62//62 58//58 72//72
f 62//62 72//72 77//77
f 77//77 72//72 75//75
f 77//77 75//75 78//78
f 49//49 77//77 78//78
f 49//49 78//78 50//50
f 68//68 79//79 80//80
f 68//68 80//80 81//81
f 79//79 82//82 83//83
f 79//79 83//83 80//80
f 80//80 83//83 84//84
f 80//80 84//84 85//85
f 81//81 80//80 85//85
f 81//81 85//85 86//86
f 50//50 78//78 87//87
f 50//50 87//87 88//88
f 78//78 75//75 89//89
f 78//78 89//89 87//87
f 87//87 89//89 90//90
f 87//87 90//90 91//91
f 88//88 87//87 91//91
f 88//88 91//91 82//82
f 52//52 51//51 92//92
f 52//52 92//92 67//67
f 51//51 50//50 88//88
f 51//51 88//88 92//92
f 92//92 88//88 82//82
f 92//92 82//82 79//79
f 67//67 92//92 79//79
f 67//67 79//79 68//68
f 75//75 74//74 93//93
f 75//75 93//93 89//89
f 74//74 63//63 66//66
f 74//74 66//66 93//93
f 93//93 66//66 70//70
f 93//93 70//70 94//94
f 89//89 93//93 94//94
f 89//89 94//94 90//90
f 95//95 96//96 97//97
f 95//95 97//97 98//98
f 96//96 99//99 100//100
f 96//96 100//100 97//97
f 97//97 100//100 101//101
f 97//97 101//101 102//102
f 98//98 97//97 102//102
f 98//98 102//102 103//103
f 90//90 94//94 104//104
f 90//90 104//104 105//105
f 94//94 70//70 106//106
f 94//94 106//106 104//104
f 104//104 106//106 99//99
f 104//104 99//99 96//96
f 105//105 104//104 96//96
f 105//105 96//96 95//95
f 70//70 69//69 107//107
f 70//70 107//107 106//106
f 69//69 68//68 81//81
f 69//69 81//81 107//107
f 107//107 81//81 86//86
f 107//107 86//86 108//108
f 106//106 107//107 108//108
f 106//106 108//108 99//99
f 82//82 91//91 109//109
f 82//82 109//109 83//83
f 91//91 90//90 105//105
f 91//91 105//105 109//109
f 109//109 105//105 95//95
f 109//109 95//95 110//110
f 83//83 109//109 110//110
f 83//83 110//110 84//84
f 103//103 102//102 111//111
f 103//103 111//111 112//112
f 102//102 101//101 113//113
f 102//102 113//113 111//111
f 111//111 113//113 114//114
f 111//111 114//114 115//115
f 112//112 111//111 115//115
f 112//112 115//115 116//116
f 99//99 108//108 117//117
f 99//99 117//117 100//100
f 108//108 86//86 118//118
f 108//108 118//118 117//117
f 117//117 118//118 114//114
f 117//117 114//114 113//113
f 100//100 117//117 113//113
f 100//100 113//113 101//101
f 84//84 110//110 119//119
f 84//84 119//119 120//120
f 110//110 95//95 98//98
f 110//110 98//98 119//119
f 119//119 98//98 103//103
f 119//119 103//103 112//112
f 120//120 119//119 112//112
f 120//120 112//112 116//116
f 86//86 85//85 121//121
f 86//86 121//121 118//118
f 85//85 84//84 120//120
f 85//85 120//120 121//121
f 121//121 120//120 116//116
f 121//121 116//116 115//115
f 118//118 121//121 115//115
f 118//118 115//115 114//114
f 122//122 123//123 124//124
f 122//122 124//124 125//125
f 123//123 126//126 127//127
f 123//123 127//127 124//124
f 124//124 127//127 128//128
f 124//124 128//128 129//129
f 125//125 124//124 129//129
f 125//125 129//129 130//130
f 131//131 132//132 133//133
f 131//131 133//133 134//134
f 132//132 135//135 136//136
f 132//132 136//136 133//133
f 133//133 136//136 137//137
f 133//133 137//137 138//138
f 134//134 133//133 138//138
f 134//134 138//138 139//139
f 140//140 141//141 142//142
f 140//140 142//142 143//143
f 141//141 144//144 145//145
f 141//141 145//145 142//142
f 142//142 145//145 146//146
f 142//142 146//146 147//147
f 143//143 142//142 147//147
f 143//143 147//147 148//148
f 144//144 149//149 150//150
f 144//144 150//150 145//145
f 149//149 122//122 125//125
f 149//149 125//125 150//150
f 150//150 125//125 130//130
f 150//150 130//130 151//151
f 145//145 150//150 151//151
f 145//145 151//151 146//146
f 126//126 152//152 153//153
f 126//126 153//153 127//127
f 152//152 140//140 143//143
f 152//152 143//143 153//153
f 153//153 143//143 148//148
f 153//153 148//148 154//154
f 127//127 153//153 154//154
f 127//127 154//154 128//128
f 139//139 138//138 155//155
f 139//139 155//155 156//156
f 138//138 137//137 157//157
f 138//138 157//157 155//155
f 155//155 157//157 158//158
f 155//155 158//158 159//159
f 156//156 155//155 159//159
f 156//156 159//159 160//160
f 135//135 161//161 162//162
f 135//135 162//162 136//136
f 161//161 163//163 164//164
f 161//161 164//164 162//162
f 162//162 164//164 158//158
f 162//162 158//158 157//157
f 136//136 162//162 157//157
f 136//136 157//157 137//137
f 165//165 166//166 167//167
f 165//165 167//167 168//168
f 166//166 131//131 134//134
f 166//166 134//134 167//167
f 167//167 134//134 139//139
f 167//167 139//139 156//156
f 168//168 167//167 156//156
f 168//168 156//156 160//160
f 163//163 169//169 170//170
f 163//163 170//170 164//164
f 169//169 165//165 168//168
f 169//169 168//168 170//170
f 170//170 168//168 160//160
f 170//170 160//160 159//159
f 164//164 170//170 159//159
f 164//164 159//159 158//158
f 171//171 172//172 173//173
f 171//171 173//173 174//174
f 172//172 175//175 176//176
f 172//172 176//176 173//173
f 173//173 176//176 177//177
f 173//173 177//177 178//178
f 174//174 173//173 178//178
f 174//174 178//178 179//179
f 180//180 181//181 182//182
f 180//180 182//182 183//183
f 181//181 184//184 185//185
f 181//181 185//185 182//182
f 182//182 185//185 186//186
f 182//182 186//186 187//187
f 183//183 182//182 187//187
f 183//183 187//187 188//188
f 175//175 189//189 190//190
f 175//175 190//190 176//176
f 189//189 180//180 183//183
f 189//189 183//183 190//190
f 190//190 183//183 188//188
f 190//190 188//188 191//191
f 176//176 190//190 191//191
f 176//176 191//191 177//177
f 184//184 192//192 193//193
f 184//184 193//193 185//185
f 192//192 171//171 174//174
f 192//192 174//174 193//193
f 193//193 174//174 179//179
f 193//193 179//179 194//194
f 185//185 193//193 194//194
f 185//185 194//194 186//186
f 179//179 178//178 195//195
f 179//179 195//195 196//196
f 178//178 177//177 197//197
f 178//178 197//197 195//195
f 195//195 197//197 140//140
f 195//195 140//140 152//152
f 196//196 195//195 152//152
f 196//196 152//152 126//126
f 188//188 187//187 198//198
f 188//188 198//198 199//199
f 187//187 186//186 200//200
f 187//187 200//200 198//198
f 198//198 200//200 122//122
f 198//198 122//122 149//149
f 199//199 198//198 149//149
f 199//199 149//149 144//144
f 177//177 191//191 201//201
f 177//177 201//201 197//197
f 191//191 188//188 199//199
f 191//191 199//199 201//201
f 201//201 199//199 144//144
f 201//201 144//144 141//141
f 197//197 201//201 141//141
f 197//197 141//141 140//140
f 186//186 194//194 202//202
f 186//186 202//202 200//200
f 194//194 179//179 196//196
f 194//194 196//196 202//202
f 202//202 196//196 126//126
f 202//202 126//126 123//123
f 200//200 202//202 123//123
f 200//200 123//123 122//122
f 130//130 129//129 203//203
f 130//130 203//203 204//204
f 129//129 128//128 205//205
f 129//129 205//205 203//203
f 203//203 205//205 165//165
f 203//203 165//165 169//169
f 204//204 203//203 169//169
f 204//204 169//169 163//163
f 128//128 154//154 206//206
f 128//128 206//206 205//205
f 154//154 148//148 207//207
f 154//154 207//207 206//206
f 206//206 207//207 131//131
f 206//206 131//131 166//166
f 205//205 206//206 166//166
f 205//205 166//166 165//165
f 146//146 151//151 208//208
f 146//146 208//208 209//209
f 151//151 130//130 204//204
f 151//151 204//204 208//208
f 208//208 204//204 163//163
f 208//208 163//163 161//161
f 209//209 208//208 161//161
f 209//209 161//161 135//135
f 148//148 147//147 210//210
f 148//148 210//210 207//207
f 147//147 146//146 209//209
f 147//147 209//209 210//210
f 210//210 209//209 135//135
f 210//210 135//135 132//132
f 207//207 210//210 132//132
f 207//207 132//132 131//131
f 211//211 212//212 213//213
f 211//211 213//213 214//214
f 212//212 215//215 216//216
f 212//212 216//216 213//213
f 213//213 216//216 217//217
f 213//213 217//217 218//218
f 214//214 213//213 218//218
f 214//214 218//218 219//219
f 220//220 221//221 222//222
f 220//220 222//222 223//223
f 221//221 224//224 225//225
f 221//221 225//225 222//222
f 222//222 225//225 226//226
f 222//222 226//226 227//227
f 223//223 222//222 227//227
f 223//223 227//227 228//228
f 229//229 230//230 231//231
f 229//229 231//231 232//232
f 230//230 233//233 234//234
f 230//230 234//234 231//231
f 231//231 234//234 235//235
f 231//231 235//235 236//236
f 232//232 231//231 236//236
f 232//232 236//236 237//237
f 237//237 236//236 238//238
f 237//237 238//238 239//239
f 236//236 235//235 240//240
f 236//236 240//240 238//238
f 238//238 240//240 215//215
f 238//238 215//215 212//212
f 239//239 238//238 212//212
f 239//239 212//212 211//211
f 219//219 218//218 241//241
f 219//219 241//241 242//242
f 218//218 217//217 243//243
f 218//218 243//243 241//241
f 241//241 243//243 233//233
f 241//241 233//233 230//230
f 242//242 241//241 230//230
f 242//242 230//230 229//229
f 224//224 244//244 245//245
f 224//224 245//245 225//225
f 244//244 246//246 247//247
f 244//244 247//247 245//245
f 245//245 247//247 248//248
f 245//245 248//248 249//249
f 225//225 245//245 249//249
f 225//225 249//249 226//226
f 228//228 227//227 250//250
f 228//228 250//250 251//251
f 227//227 226//226 249//249
f 227//227 249//249 250//250
f 250//250 249//249 248//248
f 250//250 248//248 252//252
f 251//251 250//250 252//252
f 251//251 252//252 253//253
f 254//254 255//255 256//256
f 254//254 256//256 257//257
f 255//255 246//246 244//244
f 255//255 244//244 256//256
f 256//256 244//244 224//224
f 256//256 224//224 221//221
f 257//257 256//256 221//221
f 257//257 221//221 220//220
f 253//253 252//252 258//258
f 253//253 258//258 259//259
f 252//252 248//248 247//247
f 252//252 247//247 258//258
f 258//258 247//247 246//246
f 258//258 246//246 255//255
f 259//259 258//258 255//255
f 259//259 255//255 254//254
f 260//260 261//261 262//262
f 260//260 262//262 263//263
f 261//261 264//264 265//265
f 261//261 265//265 262//262
f 262//262 265//265 266//266
f 262//262 266//266 267//267
f 263//263 262//262 267//267
f 263//263 267//267 268//268
f 269//269 270//270 271//271
f 269//269 271//271 272//272
f 270//270 273//273 274//274
f 270//270 274//274 271//271
f 271//271 274//274 275//275
f 271//271 275//275 276//276
f 272//272 271//271 276//276
f 272//272 276//276 277//277
f 268//268 267//267 278//278
f 268//268 278//278 279//279
f 267//267 266//266 280//280
f 267//267 280//280 278//278
f 278//278 280//280 273//273
f 278//278 273//273 270//270
f 279//279 278//278 270//270
f 279//279 270//270 269//269
f 277//277 276//276 281//281
f 277//277 281//281 282//282
f 276//276 275//275 283//283
f 276//276 283//283 281//281
f 281//281 283//283 264//264
f 281//281 264//264 261//261
f 282//282 281//281 261//261
f 282//282 261//261 260//260
f 264//264 284//284 285//285
f 264//264 285//285 265//265
f 284//284 219//219 242//242
f 284//284 242//242 285//285
f 285//285 242//242 229//229
f 285//285 229//229 286//286
f 265//265 285//285 286//286
f 265//265 286//286 266//266
f 273//273 287//287 288//288
f 273//273 288//288 274//274
f 287//287 237//237 239//239
f 287//287 239//239 288//288
f 288//288 239//239 211//211
f 288//288 211//211 289//289
f 274//274 288//288 289//289
f 274//274 289//289 275//275
f 266//266 286//286 290//290
f 266//266 290//290 280//280
f 286//286 229//229 232//232
f 286//286 232//232 290//290
f 290//290 232//232 237//237
f 290//290 237//237 287//287
f 280//280 290//290 287//287
f 280//280 287//287 273//273
f 275//275 289//289 291//291
f 275//275 291//291 283//283
f 289//289 211//211 214//214
f 289//289 214//214 291//291
f 291//291 214//214 219//219
f 291//291 219//219 284//284
f 283//283 291//291 284//284
f 283//283 284//284 264//264
f 215//215 292//292 293//293
f 215//215 293//293 216//216
f 292//292 253//253 259//259
f 292//292 259//259 293//293
f 293//293 259//259 254//254
f 293//293 254//254 294//294
f 216//216 293//293 294//294
f 216//216 294//294 217//217
f 217//217 294//294 295//295
f 217//217 295//295 243//243
f 294//294 254//254 257//257
f 294//294 257//257 295//295
f 295//295 257//257 220//220
f 295//295 220//220 296//296
f 243//243 295//295 296//296
f 243//243 296//296 233//233
f 235//235 297//297 298//298
f 235//235 298//298 240//240
f 297//297 228//228 251//251
f 297//297 251//251 298//298
f 298//298 251//251 253//253
f 298//298 253//253 292//292
f 240//240 298//298 292//292
f 240//240 292//292 215//215
f 233//233 296//296 299//299
f 233//233 299//299 234//234
f 296//296 220//220 223//223
f 296//296 223//223 299//299
f 299//299 223//223 228//228
f 299//299 228//228 297//297
f 234//234 299//299 297//297
f 234//234 297//297 235//235
f 300//300 301//301 302//302
f 300//300 302//302 303//303
f 301//301 304//304 305//305
f 301//301 305//305 302//302
f 302//302 305//305 306//306
f 302//302 306//306 307//307
f 303//303 302//302 307//307
f 303//303 307//307 308//308
f 309//309 310//310 311//311
f 309//309 311//311 312//312
f 310//310 313//313 314//314
f 310//310 314//314 311//311
f 311//311 314//314 315//315
f 311//311 315//315 316//316
f 312//312 311//311 316//316
f 312//312 316//316 317//317
f 318//318 319//319 320//320
f 318//318 320//320 321//321
f 319//319 322//322 323//323
f 319//319 323//323 320//320
f 320//320 323//323 324//324
f 320//320 324//324 325//325
f 321//321 320//320 325//325
f 321//321 325//325 326//326
f 322//322 327//327 328//328
f 322//322 328//328 323//323
f 327//327 300//300 303//303
f 327//327 303//303 328//328
f 328//328 303//303 308//308
f 328//328 308//308 329//329
f 323//323 328//328 329//329
f 323//323 329//329 324//324
f 304//304 330//330 331//331
f 304//304 331//331 305//305
f 330//330 318//318 321//321
f 330//330 321//321 331//331
f 331//331 321//321 326//326
f 331//331 326//326 332//332
f 305//305 331//331 332//332
f 305//305 332//332 306//306
f 317//317 316//316 333//333
f 317//317 333//333 334//334
f 316//316 315//315 335//335
f 316//316 335//335 333//333
f 333//333 335//335 336//336
f 333//333 336//336 337//337
f 334//334 333//333 337//337
f 334//334 337//337 338//338
f 313//313 339//339 340//340
f 313//313 340//340 314//314
f 339//339 341//341 342//342
f 339//339 342//342 340//340
f 340//340 342//342 336//336
f 340//340 336//336 335//335
f 314//314 340//340 335//335
f 314//314 335//335 315//315
f 343//343 344//344 345//345
f 343//343 345//345 346//346
f 344//344 309//309 312//312
f 344//344 312//312 345//345
f 345//345 312//312 317//317
f 345//345 317//317 334//334
f 346//346 345//345 334//334
f 346//346 334//334 338//338
f 341//341 347//347 348//348
f 341//341 348//348 342//342
f 347//347 343//343 346//346
f 347//347 346//346 348//348
f 348//348 346//346 338//338
f 348//348 338//338 337//337
f 342//342 348//348 337//337
f 342//342 337//337 336//336
f 308//308 307//307 349//349
f 308//308 349//349 350//350
f 307//307 306//306 351//351
f 307//307 351//351 349//349
f 349//349 351//351 343//343
f 349//349 343//343 347//347
f 350//350 349//349 347//347
f 350//350 347//347 341//341
f 306//306 332//332 352//352
f 306//306 352//352 351//351
f 332//332 326//326 353//353
f 332//332 353//353 352//352
f 352//352 353//353 309//309
f 352//352 309//309 344//344
f 351//351 352//352 344//344
f 351//351 344//344 343//343
f 324//324 329//329 354//354
f 324//324 354//354 355//355
f 329//329 308//308 350//350
f 329//329 350//350 354//354
f 354//354 350//350 341//341
f 354//354 341//341 339//339
f 355//355 354//354 339//339
f 355//355 339//339 313//313
f 326//326 325//325 356//356
f 326//326 356//356 353//353
f 325//325 324//324 355//355
f 325//325 355//355 356//356
f 356//356 355//355 313//313
f 356//356 313//313 310//310
f 353//353 356//356 310//310
f 353//353 310//310 309//309
f 357//357 358//358 359//359
f 357//357 359//359 360//360
f 358//358 361//361 362//362
f 358//358 362//362 359//359
f 359//359 362//362 363//363
f 359//359 363//363 364//364
f 360//360 359//359 364//364
f 360//360 364//364 365//365
f 366//366 367//367 368//368
f 366//366 368//368 369//369
f 367//367 370//370 371//371
f 367//367 371//371 368//368
f 368//368 371//371 372//372
f 368//368 372//372 373//373
f 369//369 368//368 373//373
f 369//369 373//373 374//374
f 375//375 376//376 377//377
f 375//375 377//377 378//378
f 376//376 379//379 380//380
f 376//376 380//380 377//377
f 377//377 380//380 381//381
f 377//377 381//381 382//382
f 378//378 377//377 382//382
f 378//378 382//382 383//383
f 383//383 382//382 384//384
f 383//383 384//384 385//385
f 382//382 381//381 386//386
f 382//382 386//386 384//384
f 384//384 386//386 361//361
f 384//384 361//361 358//358
f 385//385 384//384 358//358
f 385//385 358//358 357//357
f 365//365 364//364 387//387
f 365//365 387//387 388//388
f 364//364 363//363 389//389
f 364//364 389//389 387//387
f 387//387 389//389 379//379
f 387//387 379//379 376//376
f 388//388 387//387 376//376
f 388//388 376//376 375//375
f 370//370 390//390 391//391
f 370//370 391//391 371//371
f 390//390 392//392 393//393
f 390//390 393//393 391//391
f 391//391 393//393 394//394
f 391//391 394//394 395//395
f 371//371 391//391 395//395
f 371//371 395//395 372//372
f 374//374 373//373 396//396
f 374//374 396//396 397//397
f 373//373 372//372 395//395
f 373//373 395//395 396//396
f 396//396 395//395 394//394
f 396//396 394//394 398//398
f 397//397 396//396 398//398
f 397//397 398//398 399//399
f 400//400 401//401 402//402
f 400//400 402//402 403//403
f 401//401 392//392 390//390
f 401//401 390//390 402//402
f 402//402 390//390 370//370
f 402//402 370//370 367//367
f 403//403 402//402 367//367
f 403//403 367//367 366//366
f 399//399 398//398 404//404
f 399//399 404//404 405//405
f 398//398 394//394 393//393
f 398//398 393//393 404//404
f 404//404 393//393 392//392
f 404//404 392//392 401//401
f 405//405 404//404 401//401
f 405//405 401//401 400//400
f 361//361 406//406 407//407
f 361//361 407//407 362//362
f 406//406 399//399 405//405
f 406//406 405//405 407//407
f 407//407 405//405 400//400
f 407//407 400//400 408//408
f 362//362 407//407 408//408
f 362//362 408//408 363//363
f 363//363 408//408 409//409
f 363//363 409//409 389//389
f 408//408 400//400 403//403
f 408//408 403//403 409//409
f 409//409 403//403 366//366
f 409//409 366//366 410//410
f 389//389 409//409 410//410
f 389//389 410//410 379//379
f 381//381 411//411 412//412
f 381//381 412//412 386//386
f 411//411 374//374 397//397
f 411//411 397//397 412//412
f 412//412 397//397 399//399
f 412//412 399//399 406//406
f 386//386 412//412 406//406
f 386//386 406//406 361//361
f 379//379 410//410 413//413
f 379//379 413//413 380//380
f 410//410 366//366 369//369
f 410//410 369//369 413//413
f 413//413 369//369 374//374
f 413//413 374//374 411//411
f 380//380 413//413 411//411
f 380//380 411//411 381//381
f 414//414 415//415 416//416
f 414//414 416//416 417//417
f 415//415 418//418 419//419
f 415//415 419//419 416//416
f 416//416 419//419 420//420
f 416//416 420//420 421//421
f 417//417 416//416 421//421
f 417//417 421//421 422//422
f 423//423 424//424 425//425
f 423//423 425//425 426//426
f 424//424 427//427 428//428
f 424//424 428//428 425//425
f 425//425 428//428 429//429
f 425//425 429//429 430//430
f 426//426 425//425 430//430
f 426//426 430//430 431//431
f 432//432 433//433 434//434
f 432//432 434//434 435//435
f 433//433 436//436 437//437
f 433//433 437//437 434//434
f 434//434 437//437 438//438
f 434//434 438//438 439//439
f 435//435 434//434 439//439
f 435//435 439//439 440//440
f 436//436 441//441 442//442
f 436//436 442//442 437//437
f 441//441 414//414 417//417
f 441//441 417//417 442//442
f 442//442 417//417 422//422
f 442//442 422//422 443//443
f 437//437 442//442 443//443
f 437//437 443//443 438//438
f 418//418 444//444 445//445
f 418//418 445//445 419//419
f 444//444 432//432 435//435
f 444//444 435//435 445//445
f 445//445 435//435 440//440
f 445//445 440//440 446//446
f 419//419 445//445 446//446
f 419//419 446//446 420//420
f 431//431 430//430 447//447
f 431//431 447//447 448//448
f 430//430 429//429 449//449
f 430//430 449//449 447//447
f 447//447 449//449 450//450
f 447//447 450//450 451//451
f 448//448 447//447 451//451
f 448//448 451//451 452//452
f 427//427 453//453 454//454
f 427//427 454//454 428//428
f 453//453 455//455 456//456
f 453//453 456//456 454//454
f 454//454 456//456 450//450
f 454//454 450//450 449//449
f 428//428 454//454 449//449
f 428//428 449//449 429//429
f 457//457 458//458 459//459
f 457//457 459//459 460//460
f 458//458 423//423 426//426
f 458//458 426//426 459//459
f 459//459 426//426 431//431
f 459//459 431//431 448//448
f 460//460 459//459 448//448
f 460//460 448//448 452//452
f 455//455 461//461 462//462
f 455//455 462//462 456//456
f 461//461 457//457 460//460
f 461//461 460//460 462//462
f 462//462 460//460 452//452
f 462//462 452//452 451//451
f 456//456 462//462 451//451
f 456//456 451//451 450//450
f 422//422 421//421 463//463
f 422//422 463//463 464//464
f 421//421 420//420 465//465
f 421//421 465//465 463//463
f 463//463 465//465 457//457
f 463//463 457//457 461//461
f 464//464 463//463 461//461
f 464//464 461//461 455//455
f 420//420 446//446 466//466
f 420//420 466//466 465//465
f 446//446 440//440 467//467
f 446//446 467//467 466//466
f 466//466 467//467 423//423
f 466//466 423//423 458//458
f 465//465 466//466 458//458
f 465//465 458//458 457//457
f 438//438 443//443 468//468
f 438//438 468//468 469//469
f 443//443 422//422 464//464
f 443//443 464//464 468//468
f 468//468 464//464 455//455
f 468//468 455//455 453//453
f 469//469 468//468 453//453
f 469//469 453//453 427//427
f 470//470 471//471 472//472
f 470//470 472//472 473//473
f 471//471 474//474 475//475
f 471//471 475//475 472//472
f 472//472 475//475 476//476
f 472//472 476//476 477//477
f 473//473 472//472 477//477
f 473//473 477//477 478//478
f 479//479 480//480 481//481
f 479//479 481//481 482//482
f 480//480 483//483 484//484
f 480//480 484//484 481//481
f 481//481 484//484 485//485
f 481//481 485//485 486//486
f 482//482 481//481 486//486
f 482//482 486//486 487//487
f 488//488 489//489 490//490
f 488//488 490//490 491//491
f 489//489 492//492 493//493
f 489//489 493//493 490//490
f 490//490 493//493 494//494
f 490//490 494//494 495//495
f 491//491 490//490 495//495
f 491//491 495//495 496//496
f 492//492 497//497 498//498
f 492//492 498//498 493//493
f 497//497 470//470 473//473
f 497//497 473//473 498//498
f 498//498 473//473 478//478
f 498//498 478//478 499//499
f 493//493 498//498 499//499
f 493//493 499//499 494//494
f 474//474 500//500 501//501
f 474//474 501//501 475//475
f 500//500 488//488 491//491
f 500//500 491//491 501//501
f 501//501 491//491 496//496
f 501//501 496//496 502//502
f 475//475 501//501 502//502
f 475//475 502//502 476//476
f 487//487 486//486 503//503
f 487//487 503//503 504//504
f 486//486 485//485 505//505
f 486//486 505//505 503//503
f 503//503 505//505 506//506
f 503//503 506//506 507//507
f 504//504 503//503 507//507
f 504//504 507//507 508//508
f 483//483 509//509 510//510
f 483//483 510//510 484//484
f 509//509 511//511 512//512
f 509//509 512//512 510//510
f 510//510 512//512 506//506
f 510//510 506//506 505//505
f 484//484 510//510 505//505
f 484//484 505//505 485//485
f 513//513 514//514 515//515
f 513//513 515//515 516//516
f 514//514 479//479 482//482
f 514//514 482//482 515//515
f 515//515 482//482 487//487
f 515//515 487//487 504//504
f 516//516 515//515 504//504
f 516//516 504//504 508//508
f 511//511 517//517 518//518
f 511//511 518//518 512//512
f 517//517 513//513 516//516
f 517//517 516//516 518//518
f 518//518 516//516 508//508
f 518//518 508//508 507//507
f 512//512 518//518 507//507
f 512//512 507//507 506//506
f 519//519 520//520 521//521
f 519//519 521//521 522//522
f 520//520 523//523 524//524
f 520//520 524//524 521//521
f 521//521 524//524 488//488
f 521//521 488//488 500//500
f 522//522 521//521 500//500
f 522//522 500//500 474//474
f 525//525 526//526 527//527
f 525//525 527//527 528//528
f 526//526 529//529 530//530
f 526//526 530//530 527//527
f 527//527 530//530 470//470
f 527//527 470//470 497//497
f 528//528 527//527 497//497
f 528//528 497//497 492//492
f 523//523 531//531 532//532
f 523//523 532//532 524//524
f 531//531 525//525 528//528
f 531//531 528//528 532//532
f 532//532 528//528 492//492
f 532//532 492//492 489//489
f 524//524 532//532 489//489
f 524//524 489//489 488//488
f 529//529 533//533 534//534
f 529//529 534//534 530//530
f 533//533 519//519 522//522
f 533//533 522//522 534//534
f 534//534 522//522 474//474
f 534//534 474//474 471//471
f 530//530 534//534 471//471
f 530//530 471//471 470//470
f 478//478 477//477 535//535
f 478//478 535//535 536//536
f 477//477 476//476 537//537
f 477//477 537//537 535//535
f 535//535 537//537 513//513
f 535//535 513//513 517//517
f 536//536 535//535 517//517
f 536//536 517//517 511//511
f 476//476 502//502 538//538
f 476//476 538//538 537//537
f 502//502 496//496 539//539
f 502//502 539//539 538//538
f 538//538 539//539 479//479
f 538//538 479//479 514//514
f 537//537 538//538 514//514
f 537//537 514//514 513//513
f 494//494 499//499 540//540
f 494//494 540//540 541//541
f 499//499 478//478 536//536
f 499//499 536//536 540//540
f 540//540 536//536 511//511
f 540//540 511//511 509//509
f 541//541 540//540 509//509
f 541//541 509//509 483//483
f 496//496 495//495 542//542
f 496//496 542//542 539//539
f 495//495 494//494 541//541
f 495//495 541//541 542//542
f 542//542 541//541 483//483
f 542//542 483//483 480//480
f 539//539 542//542 480//480
f 539//539 480//480 479//479
f 440//440 439//439 543//543
f 440//440 543//543 467//467
f 439//439 438//438 469//469
f 439//439 469//469 543//543
f 543//543 469//469 427//427
f 543//543 427//427 424//424
f 467//467 543//543 424//424
f 467//467 424//424 423//423
f 544//544 545//545 546//546
f 544//544 546//546 547//547
f 545//545 548//548 549//549
f 545//545 549//549 546//546
f 546//546 549//549 550//550
f 546//546 550//550 551//551
f 547//547 546//546 551//551
f 547//547 551//551 552//552
f 553//553 554//554 555//555
f 553//553 555//555 556//556
f 554//554 557//557 558//558
f 554//554 558//558 555//555
f 555//555 558//558 559//559
f 555//555 559//559 560//560
f 556//556 555//555 560//560
f 556//556 560//560 561//561
f 562//562 563//563 564//564
f 562//562 564//564 565//565
f 563//563 566//566 567//567
f 563//563 567//567 564//564
f 564//564 567//567 568//568
f 564//564 568//568 569//569
f 565//565 564//564 569//569
f 565//565 569//569 570//570
f 566//566 571//571 572//572
f 566//566 572//572 567//567
f 571//571 544//544 547//547
f 571//571 547//547 572//572
f 572//572 547//547 552//552
f 572//572 552//552 573//573
f 567//567 572//572 573//573
f 567//567 573//573 568//568
f 548//548 574//574 575//575
f 548//548 575//575 549//549
f 574//574 562//562 565//565
f 574//574 565//565 575//575
f 575//575 565//565 570//570
f 575//575 570//570 576//576
f 549//549 575//575 576//576
f 549//549 576//576 550//550
f 561//561 560//560 577//577
f 561//561 577//577 578//578
f 560//560 559//559 579//579
f 560//560 579//579 577//577
f 577//577 579//579 580//580
f 577//577 580//580 581//581
f 578//578 577//577 581//581
f 578//578 581//581 582//582
f 557//557 583//583 584//584
f 557//557 584//584 558//558
f 583//583 585//585 586//586
f 583//583 586//586 584//584
f 584//584 586//586 580//580
f 584//584 580//580 579//579
f 558//558 584//584 579//579
f 558//558 579//579 559//559
f 587//587 588//588 589//589
f 587//587 589//589 590//590
f 588//588 553//553 556//556
f 588//588 556//556 589//589
f 589//589 556//556 561//561
f 589//589 561//561 578//578
f 590//590 589//589 578//578
f 590//590 578//578 582//582
f 585//585 591//591 592//592
f 585//585 592//592 586//586
f 591//591 587//587 590//590
f 591//591 590//590 592//592
f 592//592 590//590 582//582
f 592//592 582//582 581//581
f 586//586 592//592 581//581
f 586//586 581//581 580//580
f 593//593 594//594 595//595
f 593//593 595//595 596//596
f 594//594 597//597 598//598
f 594//594 598//598 595//595
f 595//595 598//598 599//599
f 595//595 599//599 600//600
f 596//596 595//595 600//600
f 596//596 600//600 601//601
f 602//602 603//603 604//604
f 602//602 604//604 605//605
f 603//603 606//606 607//607
f 603//603 607//607 604//604
f 604//604 607//607 608//608
f 604//604 608//608 609//609
f 605//605 604//604 609//609
f 605//605 609//609 610//610
f 611//611 612//612 613//613
f 611//611 613//613 614//614
f 612//612 615//615 616//616
f 612//612 616//616 613//613
f 613//613 616//616 617//617
f 613//613 617//617 618//618
f 614//614 613//613 618//618
f 614//614 618//618 619//619
f 608//608 620//620 621//621
f 608//608 621//621 622//622
f 620//620 601//601 623//623
f 620//620 623//623 621//621
f 621//621 623//623 624//624
f 621//621 624//624 625//625
f 622//622 621//621 625//625
f 622//622 625//625 626//626
f 599//599 627//627 628//628
f 599//599 628//628 629//629
f 627//627 610//610 630//630
f 627//627 630//630 628//628
f 628//628 630//630 631//631
f 628//628 631//631 632//632
f 629//629 628//628 632//632
f 629//629 632//632 633//633
f 601//601 600//600 634//634
f 601//601 634//634 623//623
f 600//600 599//599 629//629
f 600//600 629//629 634//634
f 634//634 629//629 633//633
f 634//634 633//633 635//635
f 623//623 634//634 635//635
f 623//623 635//635 624//624
f 610//610 609//609 636//636
f 610//610 636//636 630//630
f 609//609 608//608 622//622
f 609//609 622//622 636//636
f 636//636 622//622 626//626
f 636//636 626//626 637//637
f 630//630 636//636 637//637
f 630//630 637//637 631//631
f 552//552 551//551 638//638
f 552//552 638//638 639//639
f 551//551 550//550 640//640
f 551//551 640//640 638//638
f 638//638 640//640 587//587
f 638//638 587//587 591//591
f 639//639 638//638 591//591
f 639//639 591//591 585//585
f 550//550 576//576 641//641
f 550//550 641//641 640//640
f 576//576 570//570 642//642
f 576//576 642//642 641//641
f 641//641 642//642 553//553
f 641//641 553//553 588//588
f 640//640 641//641 588//588
f 640//640 588//588 587//587
f 568//568 573//573 643//643
f 568//568 643//643 644//644
f 573//573 552//552 639//639
f 573//573 639//639 643//643
f 643//643 639//639 585//585
f 643//643 585//585 583//583
f 644//644 643//643 583//583
f 644//644 583//583 557//557
f 570//570 569//569 645//645
f 570//570 645//645 642//642
f 569//569 568//568 644//644
f 569//569 644//644 645//645
f 645//645 644//644 557//557
f 645//645 557//557 554//554
f 642//642 645//645 554//554
f 642//642 554//554 553//553
f 646//646 647//647 648//648
f 646//646 648//648 649//649
f 647//647 650//650 651//651
f 647//647 651//651 648//648
f 648//648 651//651 652//652
f 648//648 652//652 653//653
f 649//649 648//648 653//653
f 649//649 653//653 654//654
f 655//655 656//656 657//657
f 655//655 657//657 658//658
f 656//656 659//659 660//660
f 656//656 660//660 657//657
f 657//657 660//660 661//661
f 657//657 661//661 662//662
f 658//658 657//657 662//662
f 658//658 662//662 663//663
f 664//664 665//665 666//666
f 664//664 666//666 667//667
f 665//665 668//668 669//669
f 665//665 669//669 666//666
f 666//666 669//669 670//670
f 666//666 670//670 671//671
f 667//667 666//666 671//671
f 667//667 671//671 672//672
f 672//672 671//671 673//673
f 672//672 673//673 674//674
f 671//671 670//670 675//675
f 671//671 675//675 673//673
f 673//673 675//675 650//650
f 673//673 650//650 647//647
f 674//674 673//673 647//647
f 674//674 647//647 646//646
f 654//654 653//653 676//676
f 654//654 676//676 677//677
f 653//653 652//652 678//678
f 653//653 678//678 676//676
f 676//676 678//678 668//668
f 676//676 668//668 665//665
f 677//677 676//676 665//665
f 677//677 665//665 664//664
f 659//659 679//679 680//680
f 659//659 680//680 660//660
f 679//679 681//681 682//682
f 679//679 682//682 680//680
f 680//680 682//682 683//683
f 680//680 683//683 684//684
f 660//660 680//680 684//684
f 660//660 684//684 661//661
f 663//663 662//662 685//685
f 663//663 685//685 686//686
f 662//662 661//661 684//684
f 662//662 684//684 685//685
f 685//685 684//684 683//683
f 685//685 683//683 687//687
f 686//686 685//685 687//687
f 686//686 687//687 688//688
f 689//689 690//690 691//691
f 689//689 691//691 692//692
f 690//690 681//681 679//679
f 690//690 679//679 691//691
f 691//691 679//679 659//659
f 691//691 659//659 656//656
f 692//692 691//691 656//656
f 692//692 656//656 655//655
f 688//688 687//687 693//693
f 688//688 693//693 694//694
f 687//687 683//683 682//682
f 687//687 682//682 693//693
f 693//693 682//682 681//681
f 693//693 681//681 690//690
f 694//694 693//693 690//690
f 694//694 690//690 689//689
f 650//650 695//695 696//696
f 650//650 696//696 651//651
f 695//695 688//688 694//694
f 695//695 694//694 696//696
f 696//696 694//694 689//689
f 696//696 689//689 697//697
f 651//651 696//696 697//697
f 651//651 697//697 652//652
f 652//652 697//697 698//698
f 652//652 698//698 678//678
f 697//697 689//689 692//692
f 697//697 692//692 698//698
f 698//698 692//692 655//655
f 698//698 655//655 699//699
f 678//678 698//698 699//699
f 678//678 699//699 668//668
f 670//670 700//700 701//701
f 670//670 701//701 675//675
f 700//700 663//663 686//686
f 700//700 686//686 701//701
f 701//701 686//686 688//688
f 701//701 688//688 695//695
f 675//675 701//701 695//695
f 675//675 695//695 650//650
f 668//668 699//699 702//702
f 668//668 702//702 669//669
f 699//699 655//655 658//658
f 699//699 658//658 702//702
f 702//702 658//658 663//663
f 702//702 663//663 700//700
f 669//669 702//702 700//700
f 669//669 700//700 670//670
f 703//703 704//704 705//705
f 703//703 705//705 706//706
f 704//704 707//707 708//708
f 704//704 708//708 705//705
f 705//705 708//708 709//709
f 705//705 709//709 710//710
f 706//706 705//705 710//710
f 706//706 710//710 711//711
f 712//712 713//713 714//714
f 712//712 714//714 715//715
f 713//713 716//716 717//717
f 713//713 717//717 714//714
f 714//714 717//717 718//718
f 714//714 718//718 719//719
f 715//715 714//714 719//719
f 715//715 719//719 720//720
f 721//721 722//722 723//723
f 721//721 723//723 724//724
f 722//722 725//725 726//726
f 722//722 726//726 723//723
f 723//723 726//726 727//727
f 723//723 727//727 728//728
f 724//724 723//723 728//728
f 724//724 728//728 729//729
f 725//725 730//730 731//731
f 725//725 731//731 726//726
f 730//730 703//703 706//706
f 730//730 706//706 731//731
f 731//731 706//706 711//711
f 731//731 711//711 732//732
f 726//726 731//731 732//732
f 726//726 732//732 727//727
f 707//707 733//733 734//734
f 707//707 734//734 708//708
f 733//733 721//721 724//724
f 733//733 724//724 734//734
f 734//734 724//724 729//729
f 734//734 729//729 735//735
f 708//708 734//734 735//735
f 708//708 735//735 709//709
f 720//720 719//719 736//736
f 720//720 736//736 737//737
f 719//719 718//718 738//738
f 719//719 738//738 736//736
f 736//736 738//738 739//739
f 736//736 739//739 740//740
f 737//737 736//736 740//740
f 737//737 740//740 741//741
f 716//716 742//742 743//743
f 716//716 743//743 717//717
f 742//742 744//744 745//745
f 742//742 745//745 743//743
f 743//743 745//745 739//739
f 743//743 739//739 738//738
f 717//717 743//743 738//738
f 717//717 738//738 718//718
f 746//746 747//747 748//748
f 746//746 748//748 749//749
f 747//747 712//712 715//715
f 747//747 715//715 748//748
f 748//748 715//715 720//720
f 748//748 720//720 737//737
f 749//749 748//748 737//737
f 749//749 737//737 741//741
f 744//744 750//750 751//751
f 744//744 751//751 745//745
f 750//750 746//746 749//749
f 750//750 749//749 751//751
f 751//751 749//749 741//741
f 751//751 741//741 740//740
f 745//745 751//751 740//740
f 745//745 740//740 739//739
f 752//752 753//753 754//754
f 752//752 754//754 755//755
f 753//753 756//756 757//757
f 753//753 757//757 754//754
f 754//754 757//757 758//758
f 754//754 758//758 759//759
f 755//755 754//754 759//759
f 755//755 759//759 760//760
f 761//761 762//762 763//763
f 761//761 763//763 764//764
f 762//762 765//765 766//766
f 762//762 766//766 763//763
f 763//763 766//766 767//767
f 763//763 767//767 768//768
f 764//764 763//763 768//768
f 764//764 768//768 769//769
f 756//756 770//770 771//771
f 756//756 771//771 757//757
f 770//770 761//761 764//764
f 770//770 764//764 771//771
f 771//771 764//764 769//769
f 771//771 769//769 772//772
f 757//757 771//771 772//772
f 757//757 772//772 758//758
f 765//765 773//773 774//774
f 765//765 774//774 766//766
f 773//773 752//752 755//755
f 773//773 755//755 774//774
f 774//774 755//755 760//760
f 774//774 760//760 775//775
f 766//766 774//774 775//775
f 766//766 775//775 767//767
f 760//760 759//759 776//776
f 760//760 776//776 777//777
f 759//759 758//758 778//778
f 759//759 778//778 776//776
f 776//776 778//778 721//721
f 776//776 721//721 733//733
f 777//777 776//776 733//733
f 777//777 733//733 707//707
f 769//769 768//768 779//779
f 769//769 779//779 780//780
f 768//768 767//767 781//781
f 768//768 781//781 779//779
f 779//779 781//781 703//703
f 779//779 703//703 730//730
f 780//780 779//779 730//730
f 780//780 730//730 725//725
f 758//758 772//772 782//782
f 758//758 782//782 778//778
f 772//772 769//769 780//780
f 772//772 780//780 782//782
f 782//782 780//780 725//725
f 782//782 725//725 722//722
f 778//778 782//782 722//722
f 778//778 722//722 721//721
f 767//767 775//775 783//783
f 767//767 783//783 781//781
f 775//775 760//760 777//777
f 775//775 777//777 783//783
f 783//783 777//777 707//707
f 783//783 707//707 704//704
f 781//781 783//783 704//704
f 781//781 704//704 703//703
f 711//711 710//710 784//784
f 711//711 784//784 785//785
f 710//710 709//709 786//786
f 710//710 786//786 784//784
f 784//784 786//786 746//746
f 784//784 746//746 750//750
f 785//785 784//784 750//750
f 785//785 750//750 744//744
f 709//709 735//735 787//787
f 709//709 787//787 786//786
f 735//735 729//729 788//788
f 735//735 788//788 787//787
f 787//787 788//788 712//712
f 787//787 712//712 747//747
f 786//786 787//787 747//747
f 786//786 747//747 746//746
f 727//727 732//732 789//789
f 727//727 789//789 790//790
f 732//732 711//711 785//785
f 732//732 785//785 789//789
f 789//789 785//785 744//744
f 789//789 744//744 742//742
f 790//790 789//789 742//742
f 790//790 742//742 716//716
f 729//729 728//728 791//791
f 729//729 791//791 788//788
f 728//728 727//727 790//790
f 728//728 790//790 791//791
f 791//791 790//790 716//716
f 791//791 716//716 713//713
f 788//788 791//791 713//713
f 788//788 713//713 712//712
f 792//792 793//793 794//794
f 792//792 794//794 795//795
f 793//793 796//796 797//797
f 793//793 797//797 794//794
f 794//794 797//797 798//798
f 794//794 798//798 799//799
f 795//795 794//794 799//799
f 795//795 799//799 800//800
f 801//801 802//802 803//803
f 801//801 803//803 804//804
f 802//802 805//805 806//806
f 802//802 806//806 803//803
f 803//803 806//806 807//807
f 803//803 807//807 808//808
f 804//804 803//803 808//808
f 804//804 808//808 809//809
f 810//810 811//811 812//812
f 810//810 812//812 813//813
f 811//811 814//814 815//815
f 811//811 815//815 812//812
f 812//812 815//815 816//816
f 812//812 816//816 817//817
f 813//813 812//812 817//817
f 813//813 817//817 818//818
f 814//814 819//819 820//820
f 814//814 820//820 815//815
f 819//819 792//792 795//795
f 819//819 795//795 820//820
f 820//820 795//795 800//800
f 820//820 800//800 821//821
f 815//815 820//820 821//821
f 815//815 821//821 816//816
f 796//796 822//822 823//823
f 796//796 823//823 797//797
f 822//822 810//810 813//813
f 822//822 813//813 823//823
f 823//823 813//813 818//818
f 823//823 818//818 824//824
f 797//797 823//823 824//824
f 797//797 824//824 798//798
f 809//809 808//808 825//825
f 809//809 825//825 826//826
f 808//808 807//807 827//827
f 808//808 827//827 825//825
f 825//825 827//827 828//828
f 825//825 828//828 829//829
f 826//826 825//825 829//829
f 826//826 829//829 830//830
f 805//805 831//831 832//832
f 805//805 832//832 806//806
f 831//831 833//833 834//834
f 831//831 834//834 832//832
f 832//832 834//834 828//828
f 832//832 828//828 827//827
f 806//806 832//832 827//827
f 806//806 827//827 807//807
f 835//835 836//836 837//837
f 835//835 837//837 838//838
f 836//836 801//801 804//804
f 836//836 804//804 837//837
f 837//837 804//804 809//809
f 837//837 809//809 826//826
f 838//838 837//837 826//826
f 838//838 826//826 830//830
f 833//833 839//839 840//840
f 833//833 840//840 834//834
f 839//839 835//835 838//838
f 839//839 838//838 840//840
f 840//840 838//838 830//830
f 840//840 830//830 829//829
f 834//834 840//840 829//829
f 834//834 829//829 828//828
f 800//800 799//799 841//841
f 800//800 841//841 842//842
f 799//799 798//798 843//843
f 799//799 843//843 841//841
f 841//841 843//843 835//835
f 841//841 835//835 839//839
f 842//842 841//841 839//839
f 842//842 839//839 833//833
f 798//798 824//824 844//844
f 798//798 844//844 843//843
f 824//824 818//818 845//845
f 824//824 845//845 844//844
f 844//844 845//845 801//801
f 844//844 801//801 836//836
f 843//843 844//844 836//836
f 843//843 836//836 835//835
f 816//816 821//821 846//846
f 816//816 846//846 847//847
f 821//821 800//800 842//842
f 821//821 842//842 846//846
f 846//846 842//842 833//833
f 846//846 833//833 831//831
f 847//847 846//846 831//831
f 847//847 831//831 805//805
f 818//818 817//817 848//848
f 818//818 848//848 845//845
f 817//817 816//816 847//847
f 817//817 847//847 848//848
f 848//848 847//847 805//805
f 848//848 805//805 802//802
f 845//845 848//848 802//802
f 845//845 802//802 801//801
f 849//849 850//850 851//851
f 849//849 851//851 852//852
f 850//850 853//853 854//854
f 850//850 854//854 851//851
f 851//851 854//854 855//855
f 851//851 855//855 856//856
f 852//852 851//851 856//856
f 852//852 856//856 857//857
f 858//858 859//859 860//860
f 858//858 860//860 861//861
f 859//859 862//862 863//863
f 859//859 863//863 860//860
f 860//860 863//863 864//864
f 860//860 864//864 865//865
f 861//861 860//860 865//865
f 861//861 865//865 866//866
f 867//867 868//868 869//869
f 867//867 869//869 870//870
f 868//868 871//871 872//872
f 868//868 872//872 869//869
f 869//869 872//872 873//873
f 869//869 873//873 874//874
f 870//870 869//869 874//874
f 870//870 874//874 875//875
f 875//875 874//874 876//876
f 875//875 876//876 877//877
f 874//874 873//873 878//878
f 874//874 878//878 876//876
f 876//876 878//878 853//853
f 876//876 853//853 850//850
f 877//877 876//876 850//850
f 877//877 850//850 849//849
f 857//857 856//856 879//879
f 857//857 879//879 880//880
f 856//856 855//855 881//881
f 856//856 881//881 879//879
f 879//879 881//881 871//871
f 879//879 871//871 868//868
f 880//880 879//879 868//868
f 880//880 868//868 867//867
f 862//862 882//882 883//883
f 862//862 883//883 863//863
f 882//882 884//884 885//885
f 882//882 885//885 883//883
f 883//883 885//885 886//886
f 883//883 886//886 887//887
f 863//863 883//883 887//887
f 863//863 887//887 864//864
f 866//866 865//865 888//888
f 866//866 888//888 889//889
f 865//865 864//864 887//887
f 865//865 887//887 888//888
f 888//888 887//887 886//886
f 888//888 886//886 890//890
f 889//889 888//888 890//890
f 889//889 890//890 891//891
f 892//892 893//893 894//894
f 892//892 894//894 895//895
f 893//893 884//884 882//882
f 893//893 882//882 894//894
f 894//894 882//882 862//862
f 894//894 862//862 859//859
f 895//895 894//894 859//859
f 895//895 859//859 858//858
f 891//891 890//890 896//896
f 891//891 896//896 897//897
f 890//890 886//886 885//885
f 890//890 885//885 896//896
f 896//896 885//885 884//884
f 896//896 884//884 893//893
f 897//897 896//896 893//893
f 897//897 893//893 892//892
f 898//898 899//899 900//900
f 898//898 900//900 901//901
f 899//899 902//902 903//903
f 899//899 903//903 900//900
f 900//900 903//903 904//904
f 900//900 904//904 905//905
f 901//901 900//900 905//905
f 901//901 905//905 906//906
f 907//907 908//908 909//909
f 907//907 909//909 910//910
f 908//908 911//911 912//912
f 908//908 912//912 909//909
f 909//909 912//912 913//913
f 909//909 913//913 914//914
f 910//910 909//909 914//914
f 910//910 914//914 915//915
f 906//906 905//905 916//916
f 906//906 916//916 917//917
f 905//905 904//904 918//918
f 905//905 918//918 916//916
f 916//916 918//918 911//911
f 916//916 911//911 908//908
f 917//917 916//916 908//908
f 917//917 908//908 907//907
f 915//915 914//914 919//919
f 915//915 919//919 920//920
f 914//914 913//913 921//921
f 914//914 921//921 919//919
f 919//919 921//921 902//902
f 919//919 902//902 899//899
f 920//920 919//919 899//899
f 920//920 899//899 898//898
f 902//902 922//922 923//923
f 902//902 923//923 903//903
f 922//922 857//857 880//880
f 922//922 880//880 923//923
f 923//923 880//880 867//867
f 923//923 867//867 924//924
f 903//903 923//923 924//924
f 903//903 924//924 904//904
f 911//911 925//925 926//926
f 911//911 926//926 912//912
f 925//925 875//875 877//877
f 925//925 877//877 926//926
f 926//926 877//877 849//849
f 926//926 849//849 927//927
f 912//912 926//926 927//927
f 912//912 927//927 913//913
f 904//904 924//924 928//928
f 904//904 928//928 918//918
f 924//924 867//867 870//870
f 924//924 870//870 928//928
f 928//928 870//870 875//875
f 928//928 875//875 925//925
f 918//918 928//928 925//925
f 918//918 925//925 911//911
f 913//913 927//927 929//929
f 913//913 929//929 921//921
f 927//927 849//849 852//852
f 927//927 852//852 929//929
f 929//929 852//852 857//857
f 929//929 857//857 922//922
f 921//921 929//929 922//922
f 921//921 922//922 902//902
f 853//853 930//930 931//931
f 853//853 931//931 854//854
f 930//930 891//891 897//897
f 930//930 897//897 931//931
f 931//931 897//897 892//892
f 931//931 892//892 932//932
f 854//854 931//931 932//932
f 854//854 932//932 855//855
f 855//855 932//932 933//933
f 855//855 933//933 881//881
f 932//932 892//892 895//895
f 932//932 895//895 933//933
f 933//933 895//895 858//858
f 933//933 858//858 934//934
f 881//881 933//933 934//934
f 881//881 934//934 871//871
f 873//873 935//935 936//936
f 873//873 936//936 878//878
f 935//935 866//866 889//889
f 935//935 889//889 936//936
f 936//936 889//889 891//891
f 936//936 891//891 930//930
f 878//878 936//936 930//930
f 878//878 930//930 853//853
f 871//871 934//934 937//937
f 871//871 937//937 872//872
f 934//934 858//858 861//861
f 934//934 861//861 937//937
f 937//937 861//861 866//866
f 937//937 866//866 935//935
f 872//872 937//937 935//935
f 872//872 935//935 873//873
f 938//938 939//939 940//940
f 938//938 940//940 941//941
f 939//939 915//915 920//920
f 939//939 920//920 940//940
f 940//940 920//920 898//898
f 940//940 898//898 942//942
f 941//941 940//940 942//942
f 941//941 942//942 943//943
f 944//944 945//945 946//946
f 944//944 946//946 947//947
f 945//945 906//906 917//917
f 945//945 917//917 946//946
f 946//946 917//917 907//907
f 946//946 907//907 948//948
f 947//947 946//946 948//948
f 947//947 948//948 949//949
f 949//949 948//948 950//950
f 949//949 950//950 951//951
f 948//948 907//907 910//910
f 948//948 910//910 950//950
f 950//950 910//910 915//915
f 950//950 915//915 939//939
f 951//951 950//950 939//939
f 951//951 939//939 938//938
f 943//943 942//942 952//952
f 943//943 952//952 953//953
f 942//942 898//898 901//901
f 942//942 901//901 952//952
f 952//952 901//901 906//906
f 952//952 906//906 945//945
f 953//953 952//952 945//945
f 953//953 945//945 944//944
f 954//954 955//955 956//956
f 954//954 956//956 957//957
f 955//955 943//943 953//953
f 955//955 953//953 956//956
f 956//956 953//953 944//944
f 956//956 944//944 958//958
f 957//957 956//956 958//958
f 957//957 958//958 959//959
f 960//960 961//961 962//962
f 960//960 962//962 963//963
f 961//961 949//949 951//951
f 961//961 951//951 962//962
f 962//962 951//951 938//938
f 962//962 938//938 964//964
f 963//963 962//962 964//964
f 963//963 964//964 965//965
f 959//959 958//958 966//966
f 959//959 966//966 967//967
f 958//958 944//944 947//947
f 958//958 947//947 966//966
f 966//966 947//947 949//949
f 966//966 949//949 961//961
f 967//967 966//966 961//961
f 967//967 961//961 960//960
f 965//965 964//964 968//968
f 965//965 968//968 969//969
f 964//964 938//938 941//941
f 964//964 941//941 968//968
f 968//968 941//941 943//943
f 968//968 943//943 955//955
f 969//969 968//968 955//955
f 969//969 955//955 954//954
f 970//970 971//971 972//972
f 970//970 972//972 973//973
f 971//971 974//974 975//975
f 971//971 975//975 972//972
f 972//972 975//975 976//976
f 972//972 976//976 977//977
f 973//973 972//972 977//977
f 973//973 977//977 978//978
f 979//979 980//980 981//981
f 979//979 981//981 982//982
f 980//980 983//983 984//984
f 980//980 984//984 981//981
f 981//981 984//984 985//985
f 981//981 985//985 986//986
f 982//982 981//981 986//986
f 982//982 986//986 987//987
f 988//988 989//989 990//990
f 988//988 990//990 991//991
f 989//989 992//992 993//993
f 989//989 993//993 990//990
f 990//990 993//993 994//994
f 990//990 994//994 995//995
f 991//991 990//990 995//995
f 991//991 995//995 996//996
f 996//996 995//995 997//997
f 996//996 997//997 998//998
f 995//995 994//994 999//999
f 995//995 999//999 997//997
f 997//997 999//999 974//974
f 997//997 974//974 971//971
f 998//998 997//997 971//971
f 998//998 971//971 970//970
f 978//978 977//977 1000//1000
f 978//978 1000//1000 1001//1001
f 977//977 976//976 1002//1002
f 977//977 1002//1002 1000//1000
f 1000//1000 1002//1002 992//992
f 1000//1000 992//992 989//989
f 1001//1001 1000//1000 989//989
f 1001//1001 989//989 988//988
f 983//983 1003//1003 1004//1004
f 983//983 1004//1004 984//984
f 1003//1003 1005//1005 1006//1006
f 1003//1003 1006//1006 1004//1004
f 1004//1004 1006//1006 1007//1007
f 1004//1004 1007//1007 1008//1008
f 984//984 1004//1004 1008//1008
f 984//984 1008//1008 985//985
f 987//987 986//986 1009//1009
f 987//987 1009//1009 1010//1010
f 986//986 985//985 1008//1008
f 986//986 1008//1008 1009//1009
f 1009//1009 1008//1008 1007//1007
f 1009//1009 1007//1007 1011//1011
f 1010//1010 1009//1009 1011//1011
f 1010//1010 1011//1011 1012//1012
f 1013//1013 1014//1014 1015//1015
f 1013//1013 1015//1015 1016//1016
f 1014//1014 1005//1005 1003//1003
f 1014//1014 1003//1003 1015//1015
f 1015//1015 1003//1003 983//983
f 1015//1015 983//983 980//980
f 1016//1016 1015//1015 980//980
f 1016//1016 980//980 979//979
f 1012//1012 1011//1011 1017//1017
f 1012//1012 1017//1017 1018//1018
f 1011//1011 1007//1007 1006//1006
f 1011//1011 1006//1006 1017//1017
f 1017//1017 1006//1006 1005//1005
f 1017//1017 1005//1005 1014//1014
f 1018//1018 1017//1017 1014//1014
f 1018//1018 1014//1014 1013//1013
f 974//974 1019//1019 1020//1020
f 974//974 1020//1020 975//975
f 1019//1019 1012//1012 1018//1018
f 1019//1019 1018//1018 1020//1020
f 1020//1020 1018//1018 1013//1013
f 1020//1020 1013//1013 1021//1021
f 975//975 1020//1020 1021//1021
f 975//975 1021//1021 976//976
f 976//976 1021//1021 1022//1022
f 976//976 1022//1022 1002//1002
f 1021//1021 1013//1013 1016//1016
f 1021//1021 1016//1016 1022//1022
f 1022//1022 1016//1016 979//979
f 1022//1022 979//979 1023//1023
f 1002//1002 1022//1022 1023//1023
f 1002//1002 1023//1023 992//992
f 994//994 1024//1024 1025//1025
f 994//994 1025//1025 999//999
f 1024//1024 987//987 1010//1010
f 1024//1024 1010//1010 1025//1025
f 1025//1025 1010//1010 1012//1012
f 1025//1025 1012//1012 1019//1019
f 999//999 1025//1025 1019//1019
f 999//999 1019//1019 974//974
f 992//992 1023//1023 1026//1026
f 992//992 1026//1026 993//993
f 1023//1023 979//979 982//982
f 1023//1023 982//982 1026//1026
f 1026//1026 982//982 987//987
f 1026//1026 987//987 1024//1024
f 993//993 1026//1026 1024//1024
f 993//993 1024//1024 994//994
f 597//597 1027//1027 1028//1028
f 597//597 1028//1028 598//598
f 1027//1027 602//602 605//605
f 1027//1027 605//605 1028//1028
f 1028//1028 605//605 610//610
f 1028//1028 610//610 627//627
f 598//598 1028//1028 627//627
f 598//598 627//627 599//599
f 606//606 1029//1029 1030//1030
f 606//606 1030//1030 607//607
f 1029//1029 593//593 596//596
f 1029//1029 596//596 1030//1030
f 1030//1030 596//596 601//601
f 1030//1030 601//601 620//620
f 607//607 1030//1030 620//620
f 607//607 620//620 608//608
f 1031//1031 1032//1032 1033//1033
f 1031//1031 1033//1033 1034//1034
f 1032//1032 611//611 614//614
f 1032//1032 614//614 1033//1033
f 1033//1033 614//614 619//619
f 1033//1033 619//619 1035//1035
f 1034//1034 1033//1033 1035//1035
f 1034//1034 1035//1035 1036//1036
f 615//615 1037//1037 1038//1038
f 615//615 1038//1038 616//616
f 1037//1037 1039//1039 1040//1040
f 1037//1037 1040//1040 1038//1038
f 1038//1038 1040//1040 1041//1041
f 1038//1038 1041//1041 1042//1042
f 616//616 1038//1038 1042//1042
f 616//616 1042//1042 617//617
f 606//606 603//603 1043//1043
f 606//606 1043//1043 1044//1044
f 603//603 602//602 1045//1045
f 603//603 1045//1045 1043//1043
f 1043//1043 1045//1045 1036//1036
f 1043//1043 1036//1036 1035//1035
f 1044//1044 1043//1043 1035//1035
f 1044//1044 1035//1035 619//619
f 597//597 594//594 1046//1046
f 597//597 1046//1046 1047//1047
f 594//594 593//593 1048//1048
f 594//594 1048//1048 1046//1046
f 1046//1046 1048//1048 617//617
f 1046//1046 617//617 1042//1042
f 1047//1047 1046//1046 1042//1042
f 1047//1047 1042//1042 1041//1041
f 602//602 1027//1027 1049//1049
f 602//602 1049//1049 1045//1045
f 1027//1027 597//597 1047//1047
f 1027//1027 1047//1047 1049//1049
f 1049//1049 1047//1047 1041//1041
f 1049//1049 1041//1041 1050//1050
f 1045//1045 1049//1049 1050//1050
f 1045//1045 1050//1050 1036//1036
f 593//593 1029//1029 1051//1051
f 593//593 1051//1051 1048//1048
f 1029//1029 606//606 1044//1044
f 1029//1029 1044//1044 1051//1051
f 1051//1051 1044//1044 619//619
f 1051//1051 619//619 618//618
f 1048//1048 1051//1051 618//618
f 1048//1048 618//618 617//617
f 1039//1039 1052//1052 1053//1053
f 1039//1039 1053//1053 1040//1040
f 1052//1052 1031//1031 1034//1034
f 1052//1052 1034//1034 1053//1053
f 1053//1053 1034//1034 1036//1036
f 1053//1053 1036//1036 1050//1050
f 1040//1040 1053//1053 1050//1050
f 1040//1040 1050//1050 1041//1041
f 1054//1054 1055//1055 1056//1056
f 1054//1054 1056//1056 1057//1057
f 1055//1055 1058//1058 1059//1059
f 1055//1055 1059//1059 1056//1056
f 1056//1056 1059//1059 1060//1060
f 1056//1056 1060//1060 1061//1061
f 1057//1057 1056//1056 1061//1061
f 1057//1057 1061//1061 1062//1062
f 1063//1063 1064//1064 1065//1065
f 1063//1063 1065//1065 1066//1066
f 1064//1064 1067//1067 1068//1068
f 1064//1064 1068//1068 1065//1065
f 1065//1065 1068//1068 1069//1069
f 1065//1065 1069//1069 1070//1070
f 1066//1066 1065//1065 1070//1070
f 1066//1066 1070//1070 1071//1071
f 1072//1072 1073//1073 1074//1074
f 1072//1072 1074//1074 1075//1075
f 1073//1073 1076//1076 1077//1077
f 1073//1073 1077//1077 1074//1074
f 1074//1074 1077//1077 1078//1078
f 1074//1074 1078//1078 1079//1079
f 1075//1075 1074//1074 1079//1079
f 1075//1075 1079//1079 1080//1080
f 1076//1076 1081//1081 1082//1082
f 1076//1076 1082//1082 1077//1077
f 1081//1081 1054//1054 1057//1057
f 1081//1081 1057//1057 1082//1082
f 1082//1082 1057//1057 1062//1062
f 1082//1082 1062//1062 1083//1083
f 1077//1077 1082//1082 1083//1083
f 1077//1077 1083//1083 1078//1078
f 1058//1058 1084//1084 1085//1085
f 1058//1058 1085//1085 1059//1059
f 1084//1084 1072//1072 1075//1075
f 1084//1084 1075//1075 1085//1085
f 1085//1085 1075//1075 1080//1080
f 1085//1085 1080//1080 1086//1086
f 1059//1059 1085//1085 1086//1086
f 1059//1059 1086//1086 1060//1060
f 1071//1071 1070//1070 1087//1087
f 1071//1071 1087//1087 1088//1088
f 1070//1070 1069//1069 1089//1089
f 1070//1070 1089//1089 1087//1087
f 1087//1087 1089//1089 1090//1090
f 1087//1087 1090//1090 1091//1091
f 1088//1088 1087//1087 1091//1091
f 1088//1088 1091//1091 1092//1092
f 1067//1067 1093//1093 1094//1094
f 1067//1067 1094//1094 1068//1068
f 1093//1093 1095//1095 1096//1096
f 1093//1093 1096//1096 1094//1094
f 1094//1094 1096//1096 1090//1090
f 1094//1094 1090//1090 1089//1089
f 1068//1068 1094//1094 1089//1089
f 1068//1068 1089//1089 1069//1069
f 1097//1097 1098//1098 1099//1099
f 1097//1097 1099//1099 1100//1100
f 1098//1098 1063//1063 1066//1066
f 1098//1098 1066//1066 1099//1099
f 1099//1099 1066//1066 1071//1071
f 1099//1099 1071//1071 1088//1088
f 1100//1100 1099//1099 1088//1088
f 1100//1100 1088//1088 1092//1092
f 1095//1095 1101//1101 1102//1102
f 1095//1095 1102//1102 1096//1096
f 1101//1101 1097//1097 1100//1100
f 1101//1101 1100//1100 1102//1102
f 1102//1102 1100//1100 1092//1092
f 1102//1102 1092//1092 1091//1091
f 1096//1096 1102//1102 1091//1091
f 1096//1096 1091//1091 1090//1090
f 1062//1062 1061//1061 1103//1103
f 1062//1062 1103//1103 1104//1104
f 1061//1061 1060//1060 1105//1105
f 1061//1061 1105//1105 1103//1103
f 1103//1103 1105//1105 1097//1097
f 1103//1103 1097//1097 1101//1101
f 1104//1104 1103//1103 1101//1101
f 1104//1104 1101//1101 1095//1095
f 1060//1060 1086//1086 1106//1106
f 1060//1060 1106//1106 1105//1105
f 1086//1086 1080//1080 1107//1107
f 1086//1086 1107//1107 1106//1106
f 1106//1106 1107//1107 1063//1063
f 1106//1106 1063//1063 1098//1098
f 1105//1105 1106//1106 1098//1098
f 1105//1105 1098//1098 1097//1097
f 1078//1078 1083//1083 1108//1108
f 1078//1078 1108//1108 1109//1109
f 1083//1083 1062//1062 1104//1104
f 1083//1083 1104//1104 1108//1108
f 1108//1108 1104//1104 1095//1095
f 1108//1108 1095//1095 1093//1093
f 1109//1109 1108//1108 1093//1093
f 1109//1109 1093//1093 1067//1067
f 1080//1080 1079//1079 1110//1110
f 1080//1080 1110//1110 1107//1107
f 1079//1079 1078//1078 1109//1109
f 1079//1079 1109//1109 1110//1110
f 1110//1110 1109//1109 1067//1067
f 1110//1110 1067//1067 1064//1064
f 1107//1107 1110//1110 1064//1064
f 1107//1107 1064//1064 1063//1063
f 1111//1111 1112//1112 1113//1113
f 1111//1111 1113//1113 1114//1114
f 1112//1112 1115//1115 1116//1116
f 1112//1112 1116//1116 1113//1113
f 1113//1113 1116//1116 1117//1117
f 1113//1113 1117//1117 1118//1118
f 1114//1114 1113//1113 1118//1118
f 1114//1114 1118//1118 1119//1119
f 1120//1120 1121//1121 1122//1122
f 1120//1120 1122//1122 1123//1123
f 1121//1121 1124//1124 1125//1125
f 1121//1121 1125//1125 1122//1122
f 1122//1122 1125//1125 1126//1126
f 1122//1122 1126//1126 1127//1127
f 1123//1123 1122//1122 1127//1127
f 1123//1123 1127//1127 1128//1128
f 1129//1129 1130//1130 1131//1131
f 1129//1129 1131//1131 1132//1132
f 1130//1130 1133//1133 1134//1134
f 1130//1130 1134//1134 1131//1131
f 1131//1131 1134//1134 1135//1135
f 1131//1131 1135//1135 1136//1136
f 1132//1132 1131//1131 1136//1136
f 1132//1132 1136//1136 1137//1137
f 1133//1133 1138//1138 1139//1139
f 1133//1133 1139//1139 1134//1134
f 1138//1138 1111//1111 1114//1114
f 1138//1138 1114//1114 1139//1139
f 1139//1139 1114//1114 1119//1119
f 1139//1139 1119//1119 1140//1140
f 1134//1134 1139//1139 1140//1140
f 1134//1134 1140//1140 1135//1135
f 1115//1115 1141//1141 1142//1142
f 1115//1115 1142//1142 1116//1116
f 1141//1141 1129//1129 1132//1132
f 1141//1141 1132//1132 1142//1142
f 1142//1142 1132//1132 1137//1137
f 1142//1142 1137//1137 1143//1143
f 1116//1116 1142//1142 1143//1143
f 1116//1116 1143//1143 1117//1117
f 1128//1128 1127//1127 1144//1144
f 1128//1128 1144//1144 1145//1145
f 1127//1127 1126//1126 1146//1146
f 1127//1127 1146//1146 1144//1144
f 1144//1144 1146//1146 1147//1147
f 1144//1144 1147//1147 1148//1148
f 1145//1145 1144//1144 1148//1148
f 1145//1145 1148//1148 1149//1149
f 1124//1124 1150//1150 1151//1151
f 1124//1124 1151//1151 1125//1125
f 1150//1150 1152//1152 1153//1153
f 1150//1150 1153//1153 1151//1151
f 1151//1151 1153//1153 1147//1147
f 1151//1151 1147//1147 1146//1146
f 1125//1125 1151//1151 1146//1146
f 1125//1125 1146//1146 1126//1126
f 1154//1154 1155//1155 1156//1156
f 1154//1154 1156//1156 1157//1157
f 1155//1155 1120//1120 1123//1123
f 1155//1155 1123//1123 1156//1156
f 1156//1156 1123//1123 1128//1128
f 1156//1156 1128//1128 1145//1145
f 1157//1157 1156//1156 1145//1145
f 1157//1157 1145//1145 1149//1149
f 1152//1152 1158//1158 1159//1159
f 1152//1152 1159//1159 1153//1153
f 1158//1158 1154//1154 1157//1157
f 1158//1158 1157//1157 1159//1159
f 1159//1159 1157//1157 1149//1149
f 1159//1159 1149//1149 1148//1148
f 1153//1153 1159//1159 1148//1148
f 1153//1153 1148//1148 1147//1147
f 1119//1119 1118//1118 1160//1160
f 1119//1119 1160//1160 1161//1161
f 1118//1118 1117//1117 1162//1162
f 1118//1118 1162//1162 1160//1160
f 1160//1160 1162//1162 1154//1154
f 1160//1160 1154//1154 1158//1158
f 1161//1161 1160//1160 1158//1158
f 1161//1161 1158//1158 1152//1152
f 1117//1117 1143//1143 1163//1163
f 1117//1117 1163//1163 1162//1162
f 1143//1143 1137//1137 1164//1164
f 1143//1143 1164//1164 1163//1163
f 1163//1163 1164//1164 1120//1120
f 1163//1163 1120//1120 1155//1155
f 1162//1162 1163//1163 1155//1155
f 1162//1162 1155//1155 1154//1154
f 1135//1135 1140//1140 1165//1165
f 1135//1135 1165//1165 1166//1166
f 1140//1140 1119//1119 1161//1161
f 1140//1140 1161//1161 1165//1165
f 1165//1165 1161//1161 1152//1152
f 1165//1165 1152//1152 1150//1150
f 1166//1166 1165//1165 1150//1150
f 1166//1166 1150//1150 1124//1124
f 1137//1137 1136//1136 1167//1167
f 1137//1137 1167//1167 1164//1164
f 1136//1136 1135//1135 1166//1166
f 1136//1136 1166//1166 1167//1167
f 1167//1167 1166//1166 1124//1124
f 1167//1167 1124//1124 1121//1121
f 1164//1164 1167//1167 1121//1121
f 1164//1164 1121//1121 1120//1120
f 626//626 625//625 1168//1168
f 626//626 1168//1168 1169//1169
f 625//625 624//624 1170//1170
f 625//625 1170//1170 1168//1168
f 1168//1168 1170//1170 562//562
f 1168//1168 562//562 574//574
f 1169//1169 1168//1168 574//574
f 1169//1169 574//574 548//548
f 633//633 632//632 1171//1171
f 633//633 1171//1171 1172//1172
f 632//632 631//631 1173//1173
f 632//632 1173//1173 1171//1171
f 1171//1171 1173//1173 544//544
f 1171//1171 544//544 571//571
f 1172//1172 1171//1171 571//571
f 1172//1172 571//571 566//566
f 624//624 635//635 1174//1174
f 624//624 1174//1174 1170//1170
f 635//635 633//633 1172//1172
f 635//635 1172//1172 1174//1174
f 1174//1174 1172//1172 566//566
f 1174//1174 566//566 563//563
f 1170//1170 1174//1174 563//563
f 1170//1170 563//563 562//562
f 631//631 637//637 1175//1175
f 631//631 1175//1175 1173//1173
f 637//637 626//626 1169//1169
f 637//637 1169//1169 1175//1175
f 1175//1175 1169//1169 548//548
f 1175//1175 548//548 545//545
f 1173//1173 1175//1175 545//545
f 1173//1173 545//545 544//544
f 1176//1176 1177//1177 1178//1178
f 1176//1176 1178//1178 1179//1179
f 1177//1177 1180//1180 1181//1181
f 1177//1177 1181//1181 1178//1178
f 1178//1178 1181//1181 1182//1182
f 1178//1178 1182//1182 1183//1183
f 1179//1179 1178//1178 1183//1183
f 1179//1179 1183//1183 1184//1184
f 1185//1185 1186//1186 1187//1187
f 1185//1185 1187//1187 1188//1188
f 1186//1186 1189//1189 1190//1190
f 1186//1186 1190//1190 1187//1187
f 1187//1187 1190//1190 1191//1191
f 1187//1187 1191//1191 1192//1192
f 1188//1188 1187//1187 1192//1192
f 1188//1188 1192//1192 1193//1193
f 1194//1194 1195//1195 1196//1196
f 1194//1194 1196//1196 1197//1197
f 1195//1195 1198//1198 1199//1199
f 1195//1195 1199//1199 1196//1196
f 1196//1196 1199//1199 1200//1200
f 1196//1196 1200//1200 1201//1201
f 1197//1197 1196//1196 1201//1201
f 1197//1197 1201//1201 1202//1202
f 1198//1198 1203//1203 1204//1204
f 1198//1198 1204//1204 1199//1199
f 1203//1203 1176//1176 1179//1179
f 1203//1203 1179//1179 1204//1204
f 1204//1204 1179//1179 1184//1184
f 1204//1204 1184//1184 1205//1205
f 1199//1199 1204//1204 1205//1205
f 1199//1199 1205//1205 1200//1200
f 1180//1180 1206//1206 1207//1207
f 1180//1180 1207//1207 1181//1181
f 1206//1206 1194//1194 1197//1197
f 1206//1206 1197//1197 1207//1207
f 1207//1207 1197//1197 1202//1202
f 1207//1207 1202//1202 1208//1208
f 1181//1181 1207//1207 1208//1208
f 1181//1181 1208//1208 1182//1182
f 1193//1193 1192//1192 1209//1209
f 1193//1193 1209//1209 1210//1210
f 1192//1192 1191//1191 1211//1211
f 1192//1192 1211//1211 1209//1209
f 1209//1209 1211//1211 1212//1212
f 1209//1209 1212//1212 1213//1213
f 1210//1210 1209//1209 1213//1213
f 1210//1210 1213//1213 1214//1214
f 1189//1189 1215//1215 1216//1216
f 1189//1189 1216//1216 1190//1190
f 1215//1215 1217//1217 1218//1218
f 1215//1215 1218//1218 1216//1216
f 1216//1216 1218//1218 1212//1212
f 1216//1216 1212//1212 1211//1211
f 1190//1190 1216//1216 1211//1211
f 1190//1190 1211//1211 1191//1191
f 1219//1219 1220//1220 1221//1221
f 1219//1219 1221//1221 1222//1222
f 1220//1220 1185//1185 1188//1188
f 1220//1220 1188//1188 1221//1221
f 1221//1221 1188//1188 1193//1193
f 1221//1221 1193//1193 1210//1210
f 1222//1222 1221//1221 1210//1210
f 1222//1222 1210//1210 1214//1214
f 1217//1217 1223//1223 1224//1224
f 1217//1217 1224//1224 1218//1218
f 1223//1223 1219//1219 1222//1222
f 1223//1223 1222//1222 1224//1224
f 1224//1224 1222//1222 1214//1214
f 1224//1224 1214//1214 1213//1213
f 1218//1218 1224//1224 1213//1213
f 1218//1218 1213//1213 1212//1212
f 1184//1184 1183//1183 1225//1225
f 1184//1184 1225//1225 1226//1226
f 1183//1183 1182//1182 1227//1227
f 1183//1183 1227//1227 1225//1225
f 1225//1225 1227//1227 1219//1219
f 1225//1225 1219//1219 1223//1223
f 1226//1226 1225//1225 1223//1223
f 1226//1226 1223//1223 1217//1217
f 1182//1182 1208//1208 1228//1228
f 1182//1182 1228//1228 1227//1227
f 1208//1208 1202//1202 1229//1229
f 1208//1208 1229//1229 1228//1228
f 1228//1228 1229//1229 1185//1185
f 1228//1228 1185//1185 1220//1220
f 1227//1227 1228//1228 1220//1220
f 1227//1227 1220//1220 1219//1219
f 1200//1200 1205//1205 1230//1230
f 1200//1200 1230//1230 1231//1231
f 1205//1205 1184//1184 1226//1226
f 1205//1205 1226//1226 1230//1230
f 1230//1230 1226//1226 1217//1217
f 1230//1230 1217//1217 1215//1215
f 1231//1231 1230//1230 1215//1215
f 1231//1231 1215//1215 1189//1189
f 1202//1202 1201//1201 1232//1232
f 1202//1202 1232//1232 1229//1229
f 1201//1201 1200//1200 1231//1231
f 1201//1201 1231//1231 1232//1232
f 1232//1232 1231//1231 1189//1189
f 1232//1232 1189//1189 1186//1186
f 1229//1229 1232//1232 1186//1186
f 1229//1229 1186//1186 1185//1185
f 1233//1233 1234//1234 1235//1235
f 1233//1233 1235//1235 1236//1236
f 1234//1234 1237//1237 1238//1238
f 1234//1234 1238//1238 1235//1235
f 1235//1235 1238//1238 1239//1239
f 1235//1235 1239//1239 1240//1240
f 1236//1236 1235//1235 1240//1240
f 1236//1236 1240//1240 1241//1241
f 1242//1242 1243//1243 1244//1244
f 1242//1242 1244//1244 1245//1245
f 1243//1243 1246//1246 1247//1247
f 1243//1243 1247//1247 1244//1244
f 1244//1244 1247//1247 1248//1248
f 1244//1244 1248//1248 1249//1249
f 1245//1245 1244//1244 1249//1249
f 1245//1245 1249//1249 1250//1250
f 1251//1251 1252//1252 1253//1253
f 1251//1251 1253//1253 1254//1254
f 1252//1252 1255//1255 1256//1256
f 1252//1252 1256//1256 1253//1253
f 1253//1253 1256//1256 1257//1257
f 1253//1253 1257//1257 1258//1258
f 1254//1254 1253//1253 1258//1258
f 1254//1254 1258//1258 1259//1259
f 1255//1255 1260//1260 1261//1261
f 1255//1255 1261//1261 1256//1256
f 1260//1260 1233//1233 1236//1236
f 1260//1260 1236//1236 1261//1261
f 1261//1261 1236//1236 1241//1241
f 1261//1261 1241//1241 1262//1262
f 1256//1256 1261//1261 1262//1262
f 1256//1256 1262//1262 1257//1257
f 1237//1237 1263//1263 1264//1264
f 1237//1237 1264//1264 1238//1238
f 1263//1263 1251//1251 1254//1254
f 1263//1263 1254//1254 1264//1264
f 1264//1264 1254//1254 1259//1259
f 1264//1264 1259//1259 1265//1265
f 1238//1238 1264//1264 1265//1265
f 1238//1238 1265//1265 1239//1239
f 1250//1250 1249//1249 1266//1266
f 1250//1250 1266//1266 1267//1267
f 1249//1249 1248//1248 1268//1268
f 1249//1249 1268//1268 1266//1266
f 1266//1266 1268//1268 1269//1269
f 1266//1266 1269//1269 1270//1270
f 1267//1267 1266//1266 1270//1270
f 1267//1267 1270//1270 1271//1271
f 1246//1246 1272//1272 1273//1273
f 1246//1246 1273//1273 1247//1247
f 1272//1272 1274//1274 1275//1275
f 1272//1272 1275//1275 1273//1273
f 1273//1273 1275//1275 1269//1269
f 1273//1273 1269//1269 1268//1268
f 1247//1247 1273//1273 1268//1268
f 1247//1247 1268//1268 1248//1248
f 1276//1276 1277//1277 1278//1278
f 1276//1276 1278//1278 1279//1279
f 1277//1277 1242//1242 1245//1245
f 1277//1277 1245//1245 1278//1278
f 1278//1278 1245//1245 1250//1250
f 1278//1278 1250//1250 1267//1267
f 1279//1279 1278//1278 1267//1267
f 1279//1279 1267//1267 1271//1271
f 1274//1274 1280//1280 1281//1281
f 1274//1274 1281//1281 1275//1275
f 1280//1280 1276//1276 1279//1279
f 1280//1280 1279//1279 1281//1281
f 1281//1281 1279//1279 1271//1271
f 1281//1281 1271//1271 1270//1270
f 1275//1275 1281//1281 1270//1270
f 1275//1275 1270//1270 1269//1269
f 1241//1241 1240//1240 1282//1282
f 1241//1241 1282//1282 1283//1283
f 1240//1240 1239//1239 1284//1284
f 1240//1240 1284//1284 1282//1282
f 1282//1282 1284//1284 1276//1276
f 1282//1282 1276//1276 1280//1280
f 1283//1283 1282//1282 1280//1280
f 1283//1283 1280//1280 1274//1274
f 1239//1239 1265//1265 1285//1285
f 1239//1239 1285//1285 1284//1284
f 1265//1265 1259//1259 1286//1286
f 1265//1265 1286//1286 1285//1285
f 1285//1285 1286//1286 1242//1242
f 1285//1285 1242//1242 1277//1277
f 1284//1284 1285//1285 1277//1277
f 1284//1284 1277//1277 1276//1276
f 1257//1257 1262//1262 1287//1287
f 1257//1257 1287//1287 1288//1288
f 1262//1262 1241//1241 1283//1283
f 1262//1262 1283//1283 1287//1287
f 1287//1287 1283//1283 1274//1274
f 1287//1287 1274//1274 1272//1272
f 1288//1288 1287//1287 1272//1272
f 1288//1288 1272//1272 1246//1246
f 1259//1259 1258//1258 1289//1289
f 1259//1259 1289//1289 1286//1286
f 1258//1258 1257//1257 1288//1288
f 1258//1258 1288//1288 1289//1289
f 1289//1289 1288//1288 1246//1246
f 1289//1289 1246//1246 1243//1243
f 1286//1286 1289//1289 1243//1243
f 1286//1286 1243//1243 1242//1242
f 1290//1290 1291//1291 1292//1292
f 1290//1290 1292//1292 1293//1293
f 1291//1291 1294//1294 1295//1295
f 1291//1291 1295//1295 1292//1292
f 1292//1292 1295//1295 1296//1296
f 1292//1292 1296//1296 1297//1297
f 1293//1293 1292//1292 1297//1297
f 1293//1293 1297//1297 1298//1298
f 1299//1299 1300//1300 1301//1301
f 1299//1299 1301//1301 1302//1302
f 1300//1300 1303//1303 1304//1304
f 1300//1300 1304//1304 1301//1301
f 1301//1301 1304//1304 1305//1305
f 1301//1301 1305//1305 1306//1306
f 1302//1302 1301//1301 1306//1306
f 1302//1302 1306//1306 1307//1307
f 1308//1308 1309//1309 1310//1310
f 1308//1308 1310//1310 1311//1311
f 1309//1309 1312//1312 1313//1313
f 1309//1309 1313//1313 1310//1310
f 1310//1310 1313//1313 1314//1314
f 1310//1310 1314//1314 1315//1315
f 1311//1311 1310//1310 1315//1315
f 1311//1311 1315//1315 1316//1316
f 1312//1312 1317//1317 1318//1318
f 1312//1312 1318//1318 1313//1313
f 1317//1317 1290//1290 1293//1293
f 1317//1317 1293//1293 1318//1318
f 1318//1318 1293//1293 1298//1298
f 1318//1318 1298//1298 1319//1319
f 1313//1313 1318//1318 1319//1319
f 1313//1313 1319//1319 1314//1314
f 1294//1294 1320//1320 1321//1321
f 1294//1294 1321//1321 1295//1295
f 1320//1320 1308//1308 1311//1311
f 1320//1320 1311//1311 1321//1321
f 1321//1321 1311//1311 1316//1316
f 1321//1321 1316//1316 1322//1322
f 1295//1295 1321//1321 1322//1322
f 1295//1295 1322//1322 1296//1296
f 1307//1307 1306//1306 1323//1323
f 1307//1307 1323//1323 1324//1324
f 1306//1306 1305//1305 1325//1325
f 1306//1306 1325//1325 1323//1323
f 1323//1323 1325//1325 1326//1326
f 1323//1323 1326//1326 1327//1327
f 1324//1324 1323//1323 1327//1327
f 1324//1324 1327//1327 1328//1328
f 1303//1303 1329//1329 1330//1330
f 1303//1303 1330//1330 1304//1304
f 1329//1329 1331//1331 1332//1332
f 1329//1329 1332//1332 1330//1330
f 1330//1330 1332//1332 1326//1326
f 1330//1330 1326//1326 1325//1325
f 1304//1304 1330//1330 1325//1325
f 1304//1304 1325//1325 1305//1305
f 1333//1333 1334//1334 1335//1335
f 1333//1333 1335//1335 1336//1336
f 1334//1334 1299//1299 1302//1302
f 1334//1334 1302//1302 1335//1335
f 1335//1335 1302//1302 1307//1307
f 1335//1335 1307//1307 1324//1324
f 1336//1336 1335//1335 1324//1324
f 1336//1336 1324//1324 1328//1328
f 1331//1331 1337//1337 1338//1338
f 1331//1331 1338//1338 1332//1332
f 1337//1337 1333//1333 1336//1336
f 1337//1337 1336//1336 1338//1338
f 1338//1338 1336//1336 1328//1328
f 1338//1338 1328//1328 1327//1327
f 1332//1332 1338//1338 1327//1327
f 1332//1332 1327//1327 1326//1326
f 1298//1298 1297//1297 1339//1339
f 1298//1298 1339//1339 1340//1340
f 1297//1297 1296//1296 1341//1341
f 1297//1297 1341//1341 1339//1339
f 1339//1339 1341//1341 1333//1333
f 1339//1339 1333//1333 1337//1337
f 1340//1340 1339//1339 1337//1337
f 1340//1340 1337//1337 1331//1331
f 1296//1296 1322//1322 1342//1342
f 1296//1296 1342//1342 1341//1341
f 1322//1322 1316//1316 1343//1343
f 1322//1322 1343//1343 1342//1342
f 1342//1342 1343//1343 1299//1299
f 1342//1342 1299//1299 1334//1334
f 1341//1341 1342//1342 1334//1334
f 1341//1341 1334//1334 1333//1333
f 1314//1314 1319//1319 1344//1344
f 1314//1314 1344//1344 1345//1345
f 1319//1319 1298//1298 1340//1340
f 1319//1319 1340//1340 1344//1344
f 1344//1344 1340//1340 1331//1331
f 1344//1344 1331//1331 1329//1329
f 1345//1345 1344//1344 1329//1329
f 1345//1345 1329//1329 1303//1303
f 1316//1316 1315//1315 1346//1346
f 1316//1316 1346//1346 1343//1343
f 1315//1315 1314//1314 1345//1345
f 1315//1315 1345//1345 1346//1346
f 1346//1346 1345//1345 1303//1303
f 1346//1346 1303//1303 1300//1300
f 1343//1343 1346//1346 1300//1300
f 1343//1343 1300//1300 1299//1299
f 1347//1347 1348//1348 1349//1349
f 1347//1347 1349//1349 1350//1350
f 1348//1348 1351//1351 1352//1352
f 1348//1348 1352//1352 1349//1349
f 1349//1349 1352//1352 1353//1353
f 1349//1349 1353//1353 1354//1354
f 1350//1350 1349//1349 1354//1354
f 1350//1350 1354//1354 1355//1355
f 1356//1356 1357//1357 1358//1358
f 1356//1356 1358//1358 1359//1359
f 1357//1357 1360//1360 1361//1361
f 1357//1357 1361//1361 1358//1358
f 1358//1358 1361//1361 1362//1362
f 1358//1358 1362//1362 1363//1363
f 1359//1359 1358//1358 1363//1363
f 1359//1359 1363//1363 1364//1364
f 1365//1365 1366//1366 1367//1367
f 1365//1365 1367//1367 1368//1368
f 1366//1366 1369//1369 1370//1370
f 1366//1366 1370//1370 1367//1367
f 1367//1367 1370//1370 1371//1371
f 1367//1367 1371//1371 1372//1372
f 1368//1368 1367//1367 1372//1372
f 1368//1368 1372//1372 1373//1373
f 1373//1373 1372//1372 1374//1374
f 1373//1373 1374//1374 1375//1375
f 1372//1372 1371//1371 1376//1376
f 1372//1372 1376//1376 1374//1374
f 1374//1374 1376//1376 1351//1351
f 1374//1374 1351//1351 1348//1348
f 1375//1375 1374//1374 1348//1348
f 1375//1375 1348//1348 1347//1347
f 1355//1355 1354//1354 1377//1377
f 1355//1355 1377//1377 1378//1378
f 1354//1354 1353//1353 1379//1379
f 1354//1354 1379//1379 1377//1377
f 1377//1377 1379//1379 1369//1369
f 1377//1377 1369//1369 1366//1366
f 1378//1378 1377//1377 1366//1366
f 1378//1378 1366//1366 1365//1365
f 1360//1360 1380//1380 1381//1381
f 1360//1360 1381//1381 1361//1361
f 1380//1380 1382//1382 1383//1383
f 1380//1380 1383//1383 1381//1381
f 1381//1381 1383//1383 1384//1384
f 1381//1381 1384//1384 1385//1385
f 1361//1361 1381//1381 1385//1385
f 1361//1361 1385//1385 1362//1362
f 1364//1364 1363//1363 1386//1386
f 1364//1364 1386//1386 1387//1387
f 1363//1363 1362//1362 1385//1385
f 1363//1363 1385//1385 1386//1386
f 1386//1386 1385//1385 1384//1384
f 1386//1386 1384//1384 1388//1388
f 1387//1387 1386//1386 1388//1388
f 1387//1387 1388//1388 1389//1389
f 1390//1390 1391//1391 1392//1392
f 1390//1390 1392//1392 1393//1393
f 1391//1391 1382//1382 1380//1380
f 1391//1391 1380//1380 1392//1392
f 1392//1392 1380//1380 1360//1360
f 1392//1392 1360//1360 1357//1357
f 1393//1393 1392//1392 1357//1357
f 1393//1393 1357//1357 1356//1356
f 1389//1389 1388//1388 1394//1394
f 1389//1389 1394//1394 1395//1395
f 1388//1388 1384//1384 1383//1383
f 1388//1388 1383//1383 1394//1394
f 1394//1394 1383//1383 1382//1382
f 1394//1394 1382//1382 1391//1391
f 1395//1395 1394//1394 1391//1391
f 1395//1395 1391//1391 1390//1390
f 1351//1351 1396//1396 1397//1397
f 1351//1351 1397//1397 1352//1352
f 1396//1396 1389//1389 1395//1395
f 1396//1396 1395//1395 1397//1397
f 1397//1397 1395//1395 1390//1390
f 1397//1397 1390//1390 1398//1398
f 1352//1352 1397//1397 1398//1398
f 1352//1352 1398//1398 1353//1353
f 1353//1353 1398//1398 1399//1399
f 1353//1353 1399//1399 1379//1379
f 1398//1398 1390//1390 1393//1393
f 1398//1398 1393//1393 1399//1399
f 1399//1399 1393//1393 1356//1356
f 1399//1399 1356//1356 1400//1400
f 1379//1379 1399//1399 1400//1400
f 1379//1379 1400//1400 1369//1369
f 1371//1371 1401//1401 1402//1402
f 1371//1371 1402//1402 1376//1376
f 1401//1401 1364//1364 1387//1387
f 1401//1401 1387//1387 1402//1402
f 1402//1402 1387//1387 1389//1389
f 1402//1402 1389//1389 1396//1396
f 1376//1376 1402//1402 1396//1396
f 1376//1376 1396//1396 1351//1351
f 1369//1369 1400//1400 1403//1403
f 1369//1369 1403//1403 1370//1370
f 1400//1400 1356//1356 1359//1359
f 1400//1400 1359//1359 1403//1403
f 1403//1403 1359//1359 1364//1364
f 1403//1403 1364//1364 1401//1401
f 1370//1370 1403//1403 1401//1401
f 1370//1370 1401//1401 1371//1371
f 1404//1404 1405//1405 1406//1406
f 1404//1404 1406//1406 1407//1407
f 1405//1405 1408//1408 1409//1409
f 1405//1405 1409//1409 1406//1406
f 1406//1406 1409//1409 1410//1410
f 1406//1406 1410//1410 1411//1411
f 1407//1407 1406//1406 1411//1411
f 1407//1407 1411//1411 1412//1412
f 1413//1413 1414//1414 1415//1415
f 1413//1413 1415//1415 1416//1416
f 1414//1414 1417//1417 1418//1418
f 1414//1414 1418//1418 1415//1415
f 1415//1415 1418//1418 1419//1419
f 1415//1415 1419//1419 1420//1420
f 1416//1416 1415//1415 1420//1420
f 1416//1416 1420//1420 1421//1421
f 1422//1422 1423//1423 1424//1424
f 1422//1422 1424//1424 1425//1425
f 1423//1423 1426//1426 1427//1427
f 1423//1423 1427//1427 1424//1424
f 1424//1424 1427//1427 1428//1428
f 1424//1424 1428//1428 1429//1429
f 1425//1425 1424//1424 1429//1429
f 1425//1425 1429//1429 1430//1430
f 1426//1426 1431//1431 1432//1432
f 1426//1426 1432//1432 1427//1427
f 1431//1431 1404//1404 1407//1407
f 1431//1431 1407//1407 1432//1432
f 1432//1432 1407//1407 1412//1412
f 1432//1432 1412//1412 1433//1433
f 1427//1427 1432//1432 1433//1433
f 1427//1427 1433//1433 1428//1428
f 1408//1408 1434//1434 1435//1435
f 1408//1408 1435//1435 1409//1409
f 1434//1434 1422//1422 1425//1425
f 1434//1434 1425//1425 1435//1435
f 1435//1435 1425//1425 1430//1430
f 1435//1435 1430//1430 1436//1436
f 1409//1409 1435//1435 1436//1436
f 1409//1409 1436//1436 1410//1410
f 1421//1421 1420//1420 1437//1437
f 1421//1421 1437//1437 1438//1438
f 1420//1420 1419//1419 1439//1439
f 1420//1420 1439//1439 1437//1437
f 1437//1437 1439//1439 1440//1440
f 1437//1437 1440//1440 1441//1441
f 1438//1438 1437//1437 1441//1441
f 1438//1438 1441//1441 1442//1442
f 1417//1417 1443//1443 1444//1444
f 1417//1417 1444//1444 1418//1418
f 1443//1443 1445//1445 1446//1446
f 1443//1443 1446//1446 1444//1444
f 1444//1444 1446//1446 1440//1440
f 1444//1444 1440//1440 1439//1439
f 1418//1418 1444//1444 1439//1439
f 1418//1418 1439//1439 1419//1419
f 1447//1447 1448//1448 1449//1449
f 1447//1447 1449//1449 1450//1450
f 1448//1448 1413//1413 1416//1416
f 1448//1448 1416//1416 1449//1449
f 1449//1449 1416//1416 1421//1421
f 1449//1449 1421//1421 1438//1438
f 1450//1450 1449//1449 1438//1438
f 1450//1450 1438//1438 1442//1442
f 1445//1445 1451//1451 1452//1452
f 1445//1445 1452//1452 1446//1446
f 1451//1451 1447//1447 1450//1450
f 1451//1451 1450//1450 1452//1452
f 1452//1452 1450//1450 1442//1442
f 1452//1452 1442//1442 1441//1441
f 1446//1446 1452//1452 1441//1441
f 1446//1446 1441//1441 1440//1440
f 1453//1453 1454//1454 1455//1455
f 1453//1453 1455//1455 1456//1456
f 1454//1454 1457//1457 1458//1458
f 1454//1454 1458//1458 1455//1455
f 1455//1455 1458//1458 1459//1459
f 1455//1455 1459//1459 1460//1460
f 1456//1456 1455//1455 1460//1460
f 1456//1456 1460//1460 1461//1461
f 1462//1462 1463//1463 1464//1464
f 1462//1462 1464//1464 1465//1465
f 1463//1463 1466//1466 1467//1467
f 1463//1463 1467//1467 1464//1464
f 1464//1464 1467//1467 1468//1468
f 1464//1464 1468//1468 1469//1469
f 1465//1465 1464//1464 1469//1469
f 1465//1465 1469//1469 1470//1470
f 1457//1457 1471//1471 1472//1472
f 1457//1457 1472//1472 1458//1458
f 1471//1471 1462//1462 1465//1465
f 1471//1471 1465//1465 1472//1472
f 1472//1472 1465//1465 1470//1470
f 1472//1472 1470//1470 1473//1473
f 1458//1458 1472//1472 1473//1473
f 1458//1458 1473//1473 1459//1459
f 1466//1466 1474//1474 1475//1475
f 1466//1466 1475//1475 1467//1467
f 1474//1474 1453//1453 1456//1456
f 1474//1474 1456//1456 1475//1475
f 1475//1475 1456//1456 1461//1461
f 1475//1475 1461//1461 1476//1476
f 1467//1467 1475//1475 1476//1476
f 1467//1467 1476//1476 1468//1468
f 1461//1461 1460//1460 1477//1477
f 1461//1461 1477//1477 1478//1478
f 1460//1460 1459//1459 1479//1479
f 1460//1460 1479//1479 1477//1477
f 1477//1477 1479//1479 1422//1422
f 1477//1477 1422//1422 1434//1434
f 1478//1478 1477//1477 1434//1434
f 1478//1478 1434//1434 1408//1408
f 1470//1470 1469//1469 1480//1480
f 1470//1470 1480//1480 1481//1481
f 1469//1469 1468//1468 1482//1482
f 1469//1469 1482//1482 1480//1480
f 1480//1480 1482//1482 1404//1404
f 1480//1480 1404//1404 1431//1431
f 1481//1481 1480//1480 1431//1431
f 1481//1481 1431//1431 1426//1426
f 1459//1459 1473//1473 1483//1483
f 1459//1459 1483//1483 1479//1479
f 1473//1473 1470//1470 1481//1481
f 1473//1473 1481//1481 1483//1483
f 1483//1483 1481//1481 1426//1426
f 1483//1483 1426//1426 1423//1423
f 1479//1479 1483//1483 1423//1423
f 1479//1479 1423//1423 1422//1422
f 1468//1468 1476//1476 1484//1484
f 1468//1468 1484//1484 1482//1482
f 1476//1476 1461//1461 1478//1478
f 1476//1476 1478//1478 1484//1484
f 1484//1484 1478//1478 1408//1408
f 1484//1484 1408//1408 1405//1405
f 1482//1482 1484//1484 1405//1405
f 1482//1482 1405//1405 1404//1404
f 1412//1412 1411//1411 1485//1485
f 1412//1412 1485//1485 1486//1486
f 1411//1411 1410//1410 1487//1487
f 1411//1411 1487//1487 1485//1485
f 1485//1485 1487//1487 1447//1447
f 1485//1485 1447//1447 1451//1451
f 1486//1486 1485//1485 1451//1451
f 1486//1486 1451//1451 1445//1445
f 1410//1410 1436//1436 1488//1488
f 1410//1410 1488//1488 1487//1487
f 1436//1436 1430//1430 1489//1489
f 1436//1436 1489//1489 1488//1488
f 1488//1488 1489//1489 1413//1413
f 1488//1488 1413//1413 1448//1448
f 1487//1487 1488//1488 1448//1448
f 1487//1487 1448//1448 1447//1447
f 1428//1428 1433//1433 1490//1490
f 1428//1428 1490//1490 1491//1491
f 1433//1433 1412//1412 1486//1486
f 1433//1433 1486//1486 1490//1490
f 1490//1490 1486//1486 1445//1445
f 1490//1490 1445//1445 1443//1443
f 1491//1491 1490//1490 1443//1443
f 1491//1491 1443//1443 1417//1417
f 1430//1430 1429//1429 1492//1492
f 1430//1430 1492//1492 1489//1489
f 1429//1429 1428//1428 1491//1491
f 1429//1429 1491//1491 1492//1492
f 1492//1492 1491//1491 1417//1417
f 1492//1492 1417//1417 1414//1414
f 1489//1489 1492//1492 1414//1414
f 1489//1489 1414//1414 1413//1413
f 1493//1493 1494//1494 1495//1495
f 1493//1493 1495//1495 1496//1496
f 1494//1494 1497//1497 1498//1498
f 1494//1494 1498//1498 1495//1495
f 1495//1495 1498//1498 1499//1499
f 1495//1495 1499//1499 1500//1500
f 1496//1496 1495//1495 1500//1500
f 1496//1496 1500//1500 1501//1501
f 1502//1502 1503//1503 1504//1504
f 1502//1502 1504//1504 1505//1505
f 1503//1503 1506//1506 1507//1507
f 1503//1503 1507//1507 1504//1504
f 1504//1504 1507//1507 1508//1508
f 1504//1504 1508//1508 1509//1509
f 1505//1505 1504//1504 1509//1509
f 1505//1505 1509//1509 1510//1510
f 1511//1511 1512//1512 1513//1513
f 1511//1511 1513//1513 1514//1514
f 1512//1512 1515//1515 1516//1516
f 1512//1512 1516//1516 1513//1513
f 1513//1513 1516//1516 1517//1517
f 1513//1513 1517//1517 1518//1518
f 1514//1514 1513//1513 1518//1518
f 1514//1514 1518//1518 1519//1519
f 1515//1515 1520//1520 1521//1521
f 1515//1515 1521//1521 1516//1516
f 1520//1520 1493//1493 1496//1496
f 1520//1520 1496//1496 1521//1521
f 1521//1521 1496//1496 1501//1501
f 1521//1521 1501//1501 1522//1522
f 1516//1516 1521//1521 1522//1522
f 1516//1516 1522//1522 1517//1517
f 1497//1497 1523//1523 1524//1524
f 1497//1497 1524//1524 1498//1498
f 1523//1523 1511//1511 1514//1514
f 1523//1523 1514//1514 1524//1524
f 1524//1524 1514//1514 1519//1519
f 1524//1524 1519//1519 1525//1525
f 1498//1498 1524//1524 1525//1525
f 1498//1498 1525//1525 1499//1499
f 1510//1510 1509//1509 1526//1526
f 1510//1510 1526//1526 1527//1527
f 1509//1509 1508//1508 1528//1528
f 1509//1509 1528//1528 1526//1526
f 1526//1526 1528//1528 1529//1529
f 1526//1526 1529//1529 1530//1530
f 1527//1527 1526//1526 1530//1530
f 1527//1527 1530//1530 1531//1531
f 1506//1506 1532//1532 1533//1533
f 1506//1506 1533//1533 1507//1507
f 1532//1532 1534//1534 1535//1535
f 1532//1532 1535//1535 1533//1533
f 1533//1533 1535//1535 1529//1529
f 1533//1533 1529//1529 1528//1528
f 1507//1507 1533//1533 1528//1528
f 1507//1507 1528//1528 1508//1508
f 1536//1536 1537//1537 1538//1538
f 1536//1536 1538//1538 1539//1539
f 1537//1537 1502//1502 1505//1505
f 1537//1537 1505//1505 1538//1538
f 1538//1538 1505//1505 1510//1510
f 1538//1538 1510//1510 1527//1527
f 1539//1539 1538//1538 1527//1527
f 1539//1539 1527//1527 1531//1531
f 1534//1534 1540//1540 1541//1541
f 1534//1534 1541//1541 1535//1535
f 1540//1540 1536//1536 1539//1539
f 1540//1540 1539//1539 1541//1541
f 1541//1541 1539//1539 1531//1531
f 1541//1541 1531//1531 1530//1530
f 1535//1535 1541//1541 1530//1530
f 1535//1535 1530//1530 1529//1529
f 1501//1501 1500//1500 1542//1542
f 1501//1501 1542//1542 1543//1543
f 1500//1500 1499//1499 1544//1544
f 1500//1500 1544//1544 1542//1542
f 1542//1542 1544//1544 1536//1536
f 1542//1542 1536//1536 1540//1540
f 1543//1543 1542//1542 1540//1540
f 1543//1543 1540//1540 1534//1534
f 1499//1499 1525//1525 1545//1545
f 1499//1499 1545//1545 1544//1544
f 1525//1525 1519//1519 1546//1546
f 1525//1525 1546//1546 1545//1545
f 1545//1545 1546//1546 1502//1502
f 1545//1545 1502//1502 1537//1537
f 1544//1544 1545//1545 1537//1537
f 1544//1544 1537//1537 1536//1536
f 1517//1517 1522//1522 1547//1547
f 1517//1517 1547//1547 1548//1548
f 1522//1522 1501//1501 1543//1543
f 1522//1522 1543//1543 1547//1547
f 1547//1547 1543//1543 1534//1534
f 1547//1547 1534//1534 1532//1532
f 1548//1548 1547//1547 1532//1532
f 1548//1548 1532//1532 1506//1506
f 1519//1519 1518//1518 1549//1549
f 1519//1519 1549//1549 1546//1546
f 1518//1518 1517//1517 1548//1548
f 1518//1518 1548//1548 1549//1549
f 1549//1549 1548//1548 1506//1506
f 1549//1549 1506//1506 1503//1503
f 1546//1546 1549//1549 1503//1503
f 1546//1546 1503//1503 1502//1502
f 1550//1550 1551//1551 1552//1552
f 1550//1550 1552//1552 1553//1553
f 1551//1551 1554//1554 1555//1555
f 1551//1551 1555//1555 1552//1552
f 1552//1552 1555//1555 1556//1556
f 1552//1552 1556//1556 1557//1557
f 1553//1553 1552//1552 1557//1557
f 1553//1553 1557//1557 1558//1558
f 1559//1559 1560//1560 1561//1561
f 1559//1559 1561//1561 1562//1562
f 1560//1560 1563//1563 1564//1564
f 1560//1560 1564//1564 1561//1561
f 1561//1561 1564//1564 1565//1565
f 1561//1561 1565//1565 1566//1566
f 1562//1562 1561//1561 1566//1566
f 1562//1562 1566//1566 1567//1567
f 1568//1568 1569//1569 1570//1570
f 1568//1568 1570//1570 1571//1571
f 1569//1569 1572//1572 1573//1573
f 1569//1569 1573//1573 1570//1570
f 1570//1570 1573//1573 1574//1574
f 1570//1570 1574//1574 1575//1575
f 1571//1571 1570//1570 1575//1575
f 1571//1571 1575//1575 1576//1576
f 1576//1576 1575//1575 1577//1577
f 1576//1576 1577//1577 1578//1578
f 1575//1575 1574//1574 1579//1579
f 1575//1575 1579//1579 1577//1577
f 1577//1577 1579//1579 1554//1554
f 1577//1577 1554//1554 1551//1551
f 1578//1578 1577//1577 1551//1551
f 1578//1578 1551//1551 1550//1550
f 1558//1558 1557//1557 1580//1580
f 1558//1558 1580//1580 1581//1581
f 1557//1557 1556//1556 1582//1582
f 1557//1557 1582//1582 1580//1580
f 1580//1580 1582//1582 1572//1572
f 1580//1580 1572//1572 1569//1569
f 1581//1581 1580//1580 1569//1569
f 1581//1581 1569//1569 1568//1568
f 1563//1563 1583//1583 1584//1584
f 1563//1563 1584//1584 1564//1564
f 1583//1583 1585//1585 1586//1586
f 1583//1583 1586//1586 1584//1584
f 1584//1584 1586//1586 1587//1587
f 1584//1584 1587//1587 1588//1588
f 1564//1564 1584//1584 1588//1588
f 1564//1564 1588//1588 1565//1565
f 1567//1567 1566//1566 1589//1589
f 1567//1567 1589//1589 1590//1590
f 1566//1566 1565//1565 1588//1588
f 1566//1566 1588//1588 1589//1589
f 1589//1589 1588//1588 1587//1587
f 1589//1589 1587//1587 1591//1591
f 1590//1590 1589//1589 1591//1591
f 1590//1590 1591//1591 1592//1592
f 1593//1593 1594//1594 1595//1595
f 1593//1593 1595//1595 1596//1596
f 1594//1594 1585//1585 1583//1583
f 1594//1594 1583//1583 1595//1595
f 1595//1595 1583//1583 1563//1563
f 1595//1595 1563//1563 1560//1560
f 1596//1596 1595//1595 1560//1560
f 1596//1596 1560//1560 1559//1559
f 1592//1592 1591//1591 1597//1597
f 1592//1592 1597//1597 1598//1598
f 1591//1591 1587//1587 1586//1586
f 1591//1591 1586//1586 1597//1597
f 1597//1597 1586//1586 1585//1585
f 1597//1597 1585//1585 1594//1594
f 1598//1598 1597//1597 1594//1594
f 1598//1598 1594//1594 1593//1593
f 1554//1554 1599//1599 1600//1600
f 1554//1554 1600//1600 1555//1555
f 1599//1599 1592//1592 1598//1598
f 1599//1599 1598//1598 1600//1600
f 1600//1600 1598//1598 1593//1593
f 1600//1600 1593//1593 1601//1601
f 1555//1555 1600//1600 1601//1601
f 1555//1555 1601//1601 1556//1556
f 1556//1556 1601//1601 1602//1602
f 1556//1556 1602//1602 1582//1582
f 1601//1601 1593//1593 1596//1596
f 1601//1601 1596//1596 1602//1602
f 1602//1602 1596//1596 1559//1559
f 1602//1602 1559//1559 1603//1603
f 1582//1582 1602//1602 1603//1603
f 1582//1582 1603//1603 1572//1572
f 1574//1574 1604//1604 1605//1605
f 1574//1574 1605//1605 1579//1579
f 1604//1604 1567//1567 1590//1590
f 1604//1604 1590//1590 1605//1605
f 1605//1605 1590//1590 1592//1592
f 1605//1605 1592//1592 1599//1599
f 1579//1579 1605//1605 1599//1599
f 1579//1579 1599//1599 1554//1554
f 1572//1572 1603//1603 1606//1606
f 1572//1572 1606//1606 1573//1573
f 1603//1603 1559//1559 1562//1562
f 1603//1603 1562//1562 1606//1606
f 1606//1606 1562//1562 1567//1567
f 1606//1606 1567//1567 1604//1604
f 1573//1573 1606//1606 1604//1604
f 1573//1573 1604//1604 1574//1574
f 1607//1607 1608//1608 1609//1609
f 1607//1607 1609//1609 1610//1610
f 1608//1608 1611//1611 1612//1612
f 1608//1608 1612//1612 1609//1609
f 1609//1609 1612//1612 1613//1613
f 1609//1609 1613//1613 1614//1614
f 1610//1610 1609//1609 1614//1614
f 1610//1610 1614//1614 1615//1615
f 1616//1616 1617//1617 1618//1618
f 1616//1616 1618//1618 1619//1619
f 1617//1617 1620//1620 1621//1621
f 1617//1617 1621//1621 1618//1618
f 1618//1618 1621//1621 1622//1622
f 1618//1618 1622//1622 1623//1623
f 1619//1619 1618//1618 1623//1623
f 1619//1619 1623//1623 1624//1624
f 1625//1625 1626//1626 1627//1627
f 1625//1625 1627//1627 1628//1628
f 1626//1626 1629//1629 1630//1630
f 1626//1626 1630//1630 1627//1627
f 1627//1627 1630//1630 1631//1631
f 1627//1627 1631//1631 1632//1632
f 1628//1628 1627//1627 1632//1632
f 1628//1628 1632//1632 1633//1633
f 1629//1629 1634//1634 1635//1635
f 1629//1629 1635//1635 1630//1630
f 1634//1634 1607//1607 1610//1610
f 1634//1634 1610//1610 1635//1635
f 1635//1635 1610//1610 1615//1615
f 1635//1635 1615//1615 1636//1636
f 1630//1630 1635//1635 1636//1636
f 1630//1630 1636//1636 1631//1631
f 1611//1611 1637//1637 1638//1638
f 1611//1611 1638//1638 1612//1612
f 1637//1637 1625//1625 1628//1628
f 1637//1637 1628//1628 1638//1638
f 1638//1638 1628//1628 1633//1633
f 1638//1638 1633//1633 1639//1639
f 1612//1612 1638//1638 1639//1639
f 1612//1612 1639//1639 1613//1613
f 1624//1624 1623//1623 1640//1640
f 1624//1624 1640//1640 1641//1641
f 1623//1623 1622//1622 1642//1642
f 1623//1623 1642//1642 1640//1640
f 1640//1640 1642//1642 1643//1643
f 1640//1640 1643//1643 1644//1644
f 1641//1641 1640//1640 1644//1644
f 1641//1641 1644//1644 1645//1645
f 1620//1620 1646//1646 1647//1647
f 1620//1620 1647//1647 1621//1621
f 1646//1646 1648//1648 1649//1649
f 1646//1646 1649//1649 1647//1647
f 1647//1647 1649//1649 1643//1643
f 1647//1647 1643//1643 1642//1642
f 1621//1621 1647//1647 1642//1642
f 1621//1621 1642//1642 1622//1622
f 1650//1650 1651//1651 1652//1652
f 1650//1650 1652//1652 1653//1653
f 1651//1651 1616//1616 1619//1619
f 1651//1651 1619//1619 1652//1652
f 1652//1652 1619//1619 1624//1624
f 1652//1652 1624//1624 1641//1641
f 1653//1653 1652//1652 1641//1641
f 1653//1653 1641//1641 1645//1645
f 1648//1648 1654//1654 1655//1655
f 1648//1648 1655//1655 1649//1649
f 1654//1654 1650//1650 1653//1653
f 1654//1654 1653//1653 1655//1655
f 1655//1655 1653//1653 1645//1645
f 1655//1655 1645//1645 1644//1644
f 1649//1649 1655//1655 1644//1644
f 1649//1649 1644//1644 1643//1643
f 1615//1615 1614//1614 1656//1656
f 1615//1615 1656//1656 1657//1657
f 1614//1614 1613//1613 1658//1658
f 1614//1614 1658//1658 1656//1656
f 1656//1656 1658//1658 1650//1650
f 1656//1656 1650//1650 1654//1654
f 1657//1657 1656//1656 1654//1654
f 1657//1657 1654//1654 1648//1648
f 1613//1613 1639//1639 1659//1659
f 1613//1613 1659//1659 1658//1658
f 1639//1639 1633//1633 1660//1660
f 1639//1639 1660//1660 1659//1659
f 1659//1659 1660//1660 1616//1616
f 1659//1659 1616//1616 1651//1651
f 1658//1658 1659//1659 1651//1651
f 1658//1658 1651//1651 1650//1650
f 1631//1631 1636//1636 1661//1661
f 1631//1631 1661//1661 1662//1662
f 1636//1636 1615//1615 1657//1657
f 1636//1636 1657//1657 1661//1661
f 1661//1661 1657//1657 1648//1648
f 1661//1661 1648//1648 1646//1646
f 1662//1662 1661//1661 1646//1646
f 1662//1662 1646//1646 1620//1620
f 1633//1633 1632//1632 1663//1663
f 1633//1633 1663//1663 1660//1660
f 1632//1632 1631//1631 1662//1662
f 1632//1632 1662//1662 1663//1663
f 1663//1663 1662//1662 1620//1620
f 1663//1663 1620//1620 1617//1617
f 1660//1660 1663//1663 1617//1617
f 1660//1660 1617//1617 1616//1616
f 1664//1664 1665//1665 1666//1666
f 1664//1664 1666//1666 1667//1667
f 1665//1665 1668//1668 1669//1669
f 1665//1665 1669//1669 1666//1666
f 1666//1666 1669//1669 1308//1308
f 1666//1666 1308//1308 1320//1320
f 1667//1667 1666//1666 1320//1320
f 1667//1667 1320//1320 1294//1294
f 1670//1670 1671//1671 1672//1672
f 1670//1670 1672//1672 1673//1673
f 1671//1671 1674//1674 1675//1675
f 1671//1671 1675//1675 1672//1672
f 1672//1672 1675//1675 1290//1290
f 1672//1672 1290//1290 1317//1317
f 1673//1673 1672//1672 1317//1317
f 1673//1673 1317//1317 1312//1312
f 1668//1668 1676//1676 1677//1677
f 1668//1668 1677//1677 1669//1669
f 1676//1676 1670//1670 1673//1673
f 1676//1676 1673//1673 1677//1677
f 1677//1677 1673//1673 1312//1312
f 1677//1677 1312//1312 1309//1309
f 1669//1669 1677//1677 1309//1309
f 1669//1669 1309//1309 1308//1308
f 1674//1674 1678//1678 1679//1679
f 1674//1674 1679//1679 1675//1675
f 1678//1678 1664//1664 1667//1667
f 1678//1678 1667//1667 1679//1679
f 1679//1679 1667//1667 1294//1294
f 1679//1679 1294//1294 1291//1291
f 1675//1675 1679//1679 1291//1291
f 1675//1675 1291//1291 1290//1290
f 1680//1680 1681//1681 1682//1682
f 1680//1680 1682//1682 1683//1683
f 1681//1681 1684//1684 1685//1685
f 1681//1681 1685//1685 1682//1682
f 1682//1682 1685//1685 1686//1686
f 1682//1682 1686//1686 1687//1687
f 1683//1683 1682//1682 1687//1687
f 1683//1683 1687//1687 1688//1688
f 1689//1689 1690//1690 1691//1691
f 1689//1689 1691//1691 1692//1692
f 1690//1690 1693//1693 1694//1694
f 1690//1690 1694//1694 1691//1691
f 1691//1691 1694//1694 1695//1695
f 1691//1691 1695//1695 1696//1696
f 1692//1692 1691//1691 1696//1696
f 1692//1692 1696//1696 1697//1697
f 1698//1698 1699//1699 1700//1700
f 1698//1698 1700//1700 1701//1701
f 1699//1699 1702//1702 1703//1703
f 1699//1699 1703//1703 1700//1700
f 1700//1700 1703//1703 1704//1704
f 1700//1700 1704//1704 1705//1705
f 1701//1701 1700//1700 1705//1705
f 1701//1701 1705//1705 1706//1706
f 1702//1702 1707//1707 1708//1708
f 1702//1702 1708//1708 1703//1703
f 1707//1707 1680//1680 1683//1683
f 1707//1707 1683//1683 1708//1708
f 1708//1708 1683//1683 1688//1688
f 1708//1708 1688//1688 1709//1709
f 1703//1703 1708//1708 1709//1709
f 1703//1703 1709//1709 1704//1704
f 1684//1684 1710//1710 1711//1711
f 1684//1684 1711//1711 1685//1685
f 1710//1710 1698//1698 1701//1701
f 1710//1710 1701//1701 1711//1711
f 1711//1711 1701//1701 1706//1706
f 1711//1711 1706//1706 1712//1712
f 1685//1685 1711//1711 1712//1712
f 1685//1685 1712//1712 1686//1686
f 1697//1697 1696//1696 1713//1713
f 1697//1697 1713//1713 1714//1714
f 1696//1696 1695//1695 1715//1715
f 1696//1696 1715//1715 1713//1713
f 1713//1713 1715//1715 1716//1716
f 1713//1713 1716//1716 1717//1717
f 1714//1714 1713//1713 1717//1717
f 1714//1714 1717//1717 1718//1718
f 1693//1693 1719//1719 1720//1720
f 1693//1693 1720//1720 1694//1694
f 1719//1719 1721//1721 1722//1722
f 1719//1719 1722//1722 1720//1720
f 1720//1720 1722//1722 1716//1716
f 1720//1720 1716//1716 1715//1715
f 1694//1694 1720//1720 1715//1715
f 1694//1694 1715//1715 1695//1695
f 1723//1723 1724//1724 1725//1725
f 1723//1723 1725//1725 1726//1726
f 1724//1724 1689//1689 1692//1692
f 1724//1724 1692//1692 1725//1725
f 1725//1725 1692//1692 1697//1697
f 1725//1725 1697//1697 1714//1714
f 1726//1726 1725//1725 1714//1714
f 1726//1726 1714//1714 1718//1718
f 1721//1721 1727//1727 1728//1728
f 1721//1721 1728//1728 1722//1722
f 1727//1727 1723//1723 1726//1726
f 1727//1727 1726//1726 1728//1728
f 1728//1728 1726//1726 1718//1718
f 1728//1728 1718//1718 1717//1717
f 1722//1722 1728//1728 1717//1717
f 1722//1722 1717//1717 1716//1716
f 1688//1688 1687//1687 1729//1729
f 1688//1688 1729//1729 1730//1730
f 1687//1687 1686//1686 1731//1731
f 1687//1687 1731//1731 1729//1729
f 1729//1729 1731//1731 1723//1723
f 1729//1729 1723//1723 1727//1727
f 1730//1730 1729//1729 1727//1727
f 1730//1730 1727//1727 1721//1721
f 1686//1686 1712//1712 1732//1732
f 1686//1686 1732//1732 1731//1731
f 1712//1712 1706//1706 1733//1733
f 1712//1712 1733//1733 1732//1732
f 1732//1732 1733//1733 1689//1689
f 1732//1732 1689//1689 1724//1724
f 1731//1731 1732//1732 1724//1724
f 1731//1731 1724//1724 1723//1723
f 1704//1704 1709//1709 1734//1734
f 1704//1704 1734//1734 1735//1735
f 1709//1709 1688//1688 1730//1730
f 1709//1709 1730//1730 1734//1734
f 1734//1734 1730//1730 1721//1721
f 1734//1734 1721//1721 1719//1719
f 1735//1735 1734//1734 1719//1719
f 1735//1735 1719//1719 1693//1693
f 1706//1706 1705//1705 1736//1736
f 1706//1706 1736//1736 1733//1733
f 1705//1705 1704//1704 1735//1735
f 1705//1705 1735//1735 1736//1736
f 1736//1736 1735//1735 1693//1693
f 1736//1736 1693//1693 1690//1690
f 1733//1733 1736//1736 1690//1690
f 1733//1733 1690//1690 1689//1689
f 1737//1737 1738//1738 1739//1739
f 1737//1737 1739//1739 1740//1740
f 1738//1738 1741//1741 1742//1742
f 1738//1738 1742//1742 1739//1739
f 1739//1739 1742//1742 1743//1743
f 1739//1739 1743//1743 1744//1744
f 1740//1740 1739//1739 1744//1744
f 1740//1740 1744//1744 1745//1745
f 1746//1746 1747//1747 1748//1748
f 1746//1746 1748//1748 1749//1749
f 1747//1747 1750//1750 1751//1751
f 1747//1747 1751//1751 1748//1748
f 1748//1748 1751//1751 1752//1752
f 1748//1748 1752//1752 1753//1753
f 1749//1749 1748//1748 1753//1753
f 1749//1749 1753//1753 1754//1754
f 1755//1755 1756//1756 1757//1757
f 1755//1755 1757//1757 1758//1758
f 1756//1756 1759//1759 1760//1760
f 1756//1756 1760//1760 1757//1757
f 1757//1757 1760//1760 1761//1761
f 1757//1757 1761//1761 1762//1762
f 1758//1758 1757//1757 1762//1762
f 1758//1758 1762//1762 1763//1763
f 1759//1759 1764//1764 1765//1765
f 1759//1759 1765//1765 1760//1760
f 1764//1764 1737//1737 1740//1740
f 1764//1764 1740//1740 1765//1765
f 1765//1765 1740//1740 1745//1745
f 1765//1765 1745//1745 1766//1766
f 1760//1760 1765//1765 1766//1766
f 1760//1760 1766//1766 1761//1761
f 1741//1741 1767//1767 1768//1768
f 1741//1741 1768//1768 1742//1742
f 1767//1767 1755//1755 1758//1758
f 1767//1767 1758//1758 1768//1768
f 1768//1768 1758//1758 1763//1763
f 1768//1768 1763//1763 1769//1769
f 1742//1742 1768//1768 1769//1769
f 1742//1742 1769//1769 1743//1743
f 1754//1754 1753//1753 1770//1770
f 1754//1754 1770//1770 1771//1771
f 1753//1753 1752//1752 1772//1772
f 1753//1753 1772//1772 1770//1770
f 1770//1770 1772//1772 1773//1773
f 1770//1770 1773//1773 1774//1774
f 1771//1771 1770//1770 1774//1774
f 1771//1771 1774//1774 1775//1775
f 1750//1750 1776//1776 1777//1777
f 1750//1750 1777//1777 1751//1751
f 1776//1776 1778//1778 1779//1779
f 1776//1776 1779//1779 1777//1777
f 1777//1777 1779//1779 1773//1773
f 1777//1777 1773//1773 1772//1772
f 1751//1751 1777//1777 1772//1772
f 1751//1751 1772//1772 1752//1752
f 1780//1780 1781//1781 1782//1782
f 1780//1780 1782//1782 1783//1783
f 1781//1781 1746//1746 1749//1749
f 1781//1781 1749//1749 1782//1782
f 1782//1782 1749//1749 1754//1754
f 1782//1782 1754//1754 1771//1771
f 1783//1783 1782//1782 1771//1771
f 1783//1783 1771//1771 1775//1775
f 1778//1778 1784//1784 1785//1785
f 1778//1778 1785//1785 1779//1779
f 1784//1784 1780//1780 1783//1783
f 1784//1784 1783//1783 1785//1785
f 1785//1785 1783//1783 1775//1775
f 1785//1785 1775//1775 1774//1774
f 1779//1779 1785//1785 1774//1774
f 1779//1779 1774//1774 1773//1773
f 1745//1745 1744//1744 1786//1786
f 1745//1745 1786//1786 1787//1787
f 1744//1744 1743//1743 1788//1788
f 1744//1744 1788//1788 1786//1786
f 1786//1786 1788//1788 1780//1780
f 1786//1786 1780//1780 1784//1784
f 1787//1787 1786//1786 1784//1784
f 1787//1787 1784//1784 1778//1778
f 1743//1743 1769//1769 1789//1789
f 1743//1743 1789//1789 1788//1788
f 1769//1769 1763//1763 1790//1790
f 1769//1769 1790//1790 1789//1789
f 1789//1789 1790//1790 1746//1746
f 1789//1789 1746//1746 1781//1781
f 1788//1788 1789//1789 1781//1781
f 1788//1788 1781//1781 1780//1780
f 1761//1761 1766//1766 1791//1791
f 1761//1761 1791//1791 1792//1792
f 1766//1766 1745//1745 1787//1787
f 1766//1766 1787//1787 1791//1791
f 1791//1791 1787//1787 1778//1778
f 1791//1791 1778//1778 1776//1776
f 1792//1792 1791//1791 1776//1776
f 1792//1792 1776//1776 1750//1750
f 1763//1763 1762//1762 1793//1793
f 1763//1763 1793//1793 1790//1790
f 1762//1762 1761//1761 1792//1792
f 1762//1762 1792//1792 1793//1793
f 1793//1793 1792//1792 1750//1750
f 1793//1793 1750//1750 1747//1747
f 1790//1790 1793//1793 1747//1747
f 1790//1790 1747//1747 1746//1746
f 1794//1794 1795//1795 1796//1796
f 1794//1794 1796//1796 1797//1797
f 1795//1795 1798//1798 1799//1799
f 1795//1795 1799//1799 1796//1796
f 1796//1796 1799//1799 1800//1800
f 1796//1796 1800//1800 1801//1801
f 1797//1797 1796//1796 1801//1801
f 1797//1797 1801//1801 1802//1802
f 1803//1803 1804//1804 1805//1805
f 1803//1803 1805//1805 1806//1806
f 1804//1804 1807//1807 1808//1808
f 1804//1804 1808//1808 1805//1805
f 1805//1805 1808//1808 1809//1809
f 1805//1805 1809//1809 1810//1810
f 1806//1806 1805//1805 1810//1810
f 1806//1806 1810//1810 1811//1811
f 1807//1807 1812//1812 1813//1813
f 1807//1807 1813//1813 1808//1808
f 1812//1812 1794//1794 1797//1797
f 1812//1812 1797//1797 1813//1813
f 1813//1813 1797//1797 1802//1802
f 1813//1813 1802//1802 1814//1814
f 1808//1808 1813//1813 1814//1814
f 1808//1808 1814//1814 1809//1809
f 1798//1798 1815//1815 1816//1816
f 1798//1798 1816//1816 1799//1799
f 1815//1815 1803//1803 1806//1806
f 1815//1815 1806//1806 1816//1816
f 1816//1816 1806//1806 1811//1811
f 1816//1816 1811//1811 1817//1817
f 1799//1799 1816//1816 1817//1817
f 1799//1799 1817//1817 1800//1800
f 1802//1802 1801//1801 1818//1818
f 1802//1802 1818//1818 1819//1819
f 1801//1801 1800//1800 1820//1820
f 1801//1801 1820//1820 1818//1818
f 1818//1818 1820//1820 1453//1453
f 1818//1818 1453//1453 1474//1474
f 1819//1819 1818//1818 1474//1474
f 1819//1819 1474//1474 1466//1466
f 1811//1811 1810//1810 1821//1821
f 1811//1811 1821//1821 1822//1822
f 1810//1810 1809//1809 1823//1823
f 1810//1810 1823//1823 1821//1821
f 1821//1821 1823//1823 1462//1462
f 1821//1821 1462//1462 1471//1471
f 1822//1822 1821//1821 1471//1471
f 1822//1822 1471//1471 1457//1457
f 1809//1809 1814//1814 1824//1824
f 1809//1809 1824//1824 1823//1823
f 1814//1814 1802//1802 1819//1819
f 1814//1814 1819//1819 1824//1824
f 1824//1824 1819//1819 1466//1466
f 1824//1824 1466//1466 1463//1463
f 1823//1823 1824//1824 1463//1463
f 1823//1823 1463//1463 1462//1462
f 1800//1800 1817//1817 1825//1825
f 1800//1800 1825//1825 1820//1820
f 1817//1817 1811//1811 1822//1822
f 1817//1817 1822//1822 1825//1825
f 1825//1825 1822//1822 1457//1457
f 1825//1825 1457//1457 1454//1454
f 1820//1820 1825//1825 1454//1454
f 1820//1820 1454//1454 1453//1453
f 1826//1826 1827//1827 1828//1828
f 1826//1826 1828//1828 1829//1829
f 1829//1829 1828//1828 1830//1830
f 1829//1829 1830//1830 1831//1831
f 1828//1828 1832//1832 1833//1833
f 1828//1828 1833//1833 1830//1830
f 1827//1827 1834//1834 1832//1832
f 1827//1827 1832//1832 1828//1828
f 1835//1835 1836//1836 1837//1837
f 1835//1835 1837//1837 1838//1838
f 1838//1838 1837//1837 1839//1839
f 1838//1838 1839//1839 1840//1840
f 1837//1837 1841//1841 1842//1842
f 1837//1837 1842//1842 1839//1839
f 1836//1836 1843//1843 1841//1841
f 1836//1836 1841//1841 1837//1837
f 1844//1844 1845//1845 1846//1846
f 1844//1844 1846//1846 1847//1847
f 1847//1847 1846//1846 1848//1848
f 1847//1847 1848//1848 1849//1849
f 1846//1846 1850//1850 1851//1851
f 1846//1846 1851//1851 1848//1848
f 1845//1845 1852//1852 1850//1850
f 1845//1845 1850//1850 1846//1846
f 1849//1849 1848//1848 1853//1853
f 1849//1849 1853//1853 1854//1854
f 1854//1854 1853//1853 1827//1827
f 1854//1854 1827//1827 1826//1826
f 1853//1853 1855//1855 1834//1834
f 1853//1853 1834//1834 1827//1827
f 1848//1848 1851//1851 1855//1855
f 1848//1848 1855//1855 1853//1853
f 1831//1831 1830//1830 1856//1856
f 1831//1831 1856//1856 1857//1857
f 1857//1857 1856//1856 1845//1845
f 1857//1857 1845//1845 1844//1844
f 1856//1856 1858//1858 1852//1852
f 1856//1856 1852//1852 1845//1845
f 1830//1830 1833//1833 1858//1858
f 1830//1830 1858//1858 1856//1856
f 1843//1843 1859//1859 1860//1860
f 1843//1843 1860//1860 1841//1841
f 1841//1841 1860//1860 1861//1861
f 1841//1841 1861//1861 1842//1842
f 1860//1860 1862//1862 1863//1863
f 1860//1860 1863//1863 1861//1861
f 1859//1859 1864//1864 1862//1862
f 1859//1859 1862//1862 1860//1860
f 1840//1840 1839//1839 1865//1865
f 1840//1840 1865//1865 1866//1866
f 1866//1866 1865//1865 1867//1867
f 1866//1866 1867//1867 1868//1868
f 1865//1865 1861//1861 1863//1863
f 1865//1865 1863//1863 1867//1867
f 1839//1839 1842//1842 1861//1861
f 1839//1839 1861//1861 1865//1865
f 1869//1869 1870//1870 1871//1871
f 1869//1869 1871//1871 1872//1872
f 1872//1872 1871//1871 1836//1836
f 1872//1872 1836//1836 1835//1835
f 1871//1871 1859//1859 1843//1843
f 1871//1871 1843//1843 1836//1836
f 1870//1870 1864//1864 1859//1859
f 1870//1870 1859//1859 1871//1871
f 1868//1868 1867//1867 1873//1873
f 1868//1868 1873//1873 1874//1874
f 1874//1874 1873//1873 1870//1870
f 1874//1874 1870//1870 1869//1869
f 1873//1873 1862//1862 1864//1864
f 1873//1873 1864//1864 1870//1870
f 1867//1867 1863//1863 1862//1862
f 1867//1867 1862//1862 1873//1873
f 1875//1875 1876//1876 1877//1877
f 1875//1875 1877//1877 1878//1878
f 1878//1878 1877//1877 1879//1879
f 1878//1878 1879//1879 1880//1880
f 1877//1877 1881//1881 1882//1882
f 1877//1877 1882//1882 1879//1879
f 1876//1876 1883//1883 1881//1881
f 1876//1876 1881//1881 1877//1877
f 1884//1884 1885//1885 1886//1886
f 1884//1884 1886//1886 1887//1887
f 1887//1887 1886//1886 1888//1888
f 1887//1887 1888//1888 1889//1889
f 1886//1886 1890//1890 1891//1891
f 1886//1886 1891//1891 1888//1888
f 1885//1885 1892//1892 1890//1890
f 1885//1885 1890//1890 1886//1886
f 1893//1893 1894//1894 1895//1895
f 1893//1893 1895//1895 1896//1896
f 1896//1896 1895//1895 1897//1897
f 1896//1896 1897//1897 1898//1898
f 1895//1895 1899//1899 1900//1900
f 1895//1895 1900//1900 1897//1897
f 1894//1894 1901//1901 1899//1899
f 1894//1894 1899//1899 1895//1895
f 1891//1891 1902//1902 1903//1903
f 1891//1891 1903//1903 1904//1904
f 1904//1904 1903//1903 1905//1905
f 1904//1904 1905//1905 1883//1883
f 1903//1903 1906//1906 1907//1907
f 1903//1903 1907//1907 1905//1905
f 1902//1902 1908//1908 1906//1906
f 1902//1902 1906//1906 1903//1903
f 1882//1882 1909//1909 1910//1910
f 1882//1882 1910//1910 1911//1911
f 1911//1911 1910//1910 1912//1912
f 1911//1911 1912//1912 1892//1892
f 1910//1910 1913//1913 1914//1914
f 1910//1910 1914//1914 1912//1912
f 1909//1909 1915//1915 1913//1913
f 1909//1909 1913//1913 1910//1910
f 1883//1883 1905//1905 1916//1916
f 1883//1883 1916//1916 1881//1881
f 1881//1881 1916//1916 1909//1909
f 1881//1881 1909//1909 1882//1882
f 1916//1916 1917//1917 1915//1915
f 1916//1916 1915//1915 1909//1909
f 1905//1905 1907//1907 1917//1917
f 1905//1905 1917//1917 1916//1916
f 1892//1892 1912//1912 1918//1918
f 1892//1892 1918//1918 1890//1890
f 1890//1890 1918//1918 1902//1902
f 1890//1890 1902//1902 1891//1891
f 1918//1918 1919//1919 1908//1908
f 1918//1918 1908//1908 1902//1902
f 1912//1912 1914//1914 1919//1919
f 1912//1912 1919//1919 1918//1918
f 1834//1834 1920//1920 1921//1921
f 1834//1834 1921//1921 1832//1832
f 1832//1832 1921//1921 1922//1922
f 1832//1832 1922//1922 1833//1833
f 1921//1921 1874//1874 1869//1869
f 1921//1921 1869//1869 1922//1922
f 1920//1920 1868//1868 1874//1874
f 1920//1920 1874//1874 1921//1921
f 1833//1833 1922//1922 1923//1923
f 1833//1833 1923//1923 1858//1858
f 1858//1858 1923//1923 1924//1924
f 1858//1858 1924//1924 1852//1852
f 1923//1923 1872//1872 1835//1835
f 1923//1923 1835//1835 1924//1924
f 1922//1922 1869//1869 1872//1872
f 1922//1922 1872//1872 1923//1923
f 1851//1851 1925//1925 1926//1926
f 1851//1851 1926//1926 1855//1855
f 1855//1855 1926//1926 1920//1920
f 1855//1855 1920//1920 1834//1834
f 1926//1926 1866//1866 1868//1868
f 1926//1926 1868//1868 1920//1920
f 1925//1925 1840//1840 1866//1866
f 1925//1925 1866//1866 1926//1926
f 1852//1852 1924//1924 1927//1927
f 1852//1852 1927//1927 1850//1850
f 1850//1850 1927//1927 1925//1925
f 1850//1850 1925//1925 1851//1851
f 1927//1927 1838//1838 1840//1840
f 1927//1927 1840//1840 1925//1925
f 1924//1924 1835//1835 1838//1838
f 1924//1924 1838//1838 1927//1927
f 1928//1928 1929//1929 1930//1930
f 1928//1928 1930//1930 1931//1931
f 1931//1931 1930//1930 1932//1932
f 1931//1931 1932//1932 1933//1933
f 1930//1930 1934//1934 1935//1935
f 1930//1930 1935//1935 1932//1932
f 1929//1929 1936//1936 1934//1934
f 1929//1929 1934//1934 1930//1930
f 1937//1937 1938//1938 1939//1939
f 1937//1937 1939//1939 1940//1940
f 1940//1940 1939//1939 1941//1941
f 1940//1940 1941//1941 1942//1942
f 1939//1939 1943//1943 1944//1944
f 1939//1939 1944//1944 1941//1941
f 1938//1938 1945//1945 1943//1943
f 1938//1938 1943//1943 1939//1939
f 1946//1946 1947//1947 1948//1948
f 1946//1946 1948//1948 1949//1949
f 1949//1949 1948//1948 1950//1950
f 1949//1949 1950//1950 1951//1951
f 1948//1948 1952//1952 1953//1953
f 1948//1948 1953//1953 1950//1950
f 1947//1947 1954//1954 1952//1952
f 1947//1947 1952//1952 1948//1948
f 1954//1954 1955//1955 1956//1956
f 1954//1954 1956//1956 1952//1952
f 1952//1952 1956//1956 1957//1957
f 1952//1952 1957//1957 1953//1953
f 1956//1956 1931//1931 1933//1933
f 1956//1956 1933//1933 1957//1957
f 1955//1955 1928//1928 1931//1931
f 1955//1955 1931//1931 1956//1956
f 1936//1936 1958//1958 1959//1959
f 1936//1936 1959//1959 1934//1934
f 1934//1934 1959//1959 1960//1960
f 1934//1934 1960//1960 1935//1935
f 1959//1959 1949//1949 1951//1951
f 1959//1959 1951//1951 1960//1960
f 1958//1958 1946//1946 1949//1949
f 1958//1958 1949//1949 1959//1959
f 1942//1942 1941//1941 1961//1961
f 1942//1942 1961//1961 1962//1962
f 1962//1962 1961//1961 1963//1963
f 1962//1962 1963//1963 1964//1964
f 1961//1961 1965//1965 1966//1966
f 1961//1961 1966//1966 1963//1963
f 1941//1941 1944//1944 1965//1965
f 1941//1941 1965//1965 1961//1961
f 1945//1945 1967//1967 1968//1968
f 1945//1945 1968//1968 1943//1943
f 1943//1943 1968//1968 1965//1965
f 1943//1943 1965//1965 1944//1944
f 1968//1968 1969//1969 1966//1966
f 1968//1968 1966//1966 1965//1965
f 1967//1967 1970//1970 1969//1969
f 1967//1967 1969//1969 1968//1968
f 1971//1971 1972//1972 1973//1973
f 1971//1971 1973//1973 1974//1974
f 1974//1974 1973//1973 1962//1962
f 1974//1974 1962//1962 1964//1964
f 1973//1973 1940//1940 1942//1942
f 1973//1973 1942//1942 1962//1962
f 1972//1972 1937//1937 1940//1940
f 1972//1972 1940//1940 1973//1973
f 1970//1970 1975//1975 1976//1976
f 1970//1970 1976//1976 1969//1969
f 1969//1969 1976//1976 1963//1963
f 1969//1969 1963//1963 1966//1966
f 1976//1976 1974//1974 1964//1964
f 1976//1976 1964//1964 1963//1963
f 1975//1975 1971//1971 1974//1974
f 1975//1975 1974//1974 1976//1976
f 1933//1933 1932//1932 1977//1977
f 1933//1933 1977//1977 1978//1978
f 1978//1978 1977//1977 1975//1975
f 1978//1978 1975//1975 1970//1970
f 1977//1977 1979//1979 1971//1971
f 1977//1977 1971//1971 1975//1975
f 1932//1932 1935//1935 1979//1979
f 1932//1932 1979//1979 1977//1977
f 1935//1935 1960//1960 1980//1980
f 1935//1935 1980//1980 1979//1979
f 1979//1979 1980//1980 1972//1972
f 1979//1979 1972//1972 1971//1971
f 1980//1980 1981//1981 1937//1937
f 1980//1980 1937//1937 1972//1972
f 1960//1960 1951//1951 1981//1981
f 1960//1960 1981//1981 1980//1980
f 1953//1953 1957//1957 1982//1982
f 1953//1953 1982//1982 1983//1983
f 1983//1983 1982//1982 1967//1967
f 1983//1983 1967//1967 1945//1945
f 1982//1982 1978//1978 1970//1970
f 1982//1982 1970//1970 1967//1967
f 1957//1957 1933//1933 1978//1978
f 1957//1957 1978//1978 1982//1982
f 1951//1951 1950//1950 1984//1984
f 1951//1951 1984//1984 1981//1981
f 1981//1981 1984//1984 1938//1938
f 1981//1981 1938//1938 1937//1937
f 1984//1984 1983//1983 1945//1945
f 1984//1984 1945//1945 1938//1938
f 1950//1950 1953//1953 1983//1983
f 1950//1950 1983//1983 1984//1984
f 1985//1985 1986//1986 1987//1987
f 1985//1985 1987//1987 1988//1988
f 1988//1988 1987//1987 1989//1989
f 1988//1988 1989//1989 1990//1990
f 1987//1987 1991//1991 1992//1992
f 1987//1987 1992//1992 1989//1989
f 1986//1986 1993//1993 1991//1991
f 1986//1986 1991//1991 1987//1987
f 1994//1994 1995//1995 1996//1996
f 1994//1994 1996//1996 1997//1997
f 1997//1997 1996//1996 1998//1998
f 1997//1997 1998//1998 1999//1999
f 1996//1996 2000//2000 2001//2001
f 1996//1996 2001//2001 1998//1998
f 1995//1995 2002//2002 2000//2000
f 1995//1995 2000//2000 1996//1996
f 2003//2003 2004//2004 2005//2005
f 2003//2003 2005//2005 2006//2006
f 2006//2006 2005//2005 2007//2007
f 2006//2006 2007//2007 2008//2008
f 2005//2005 2009//2009 2010//2010
f 2005//2005 2010//2010 2007//2007
f 2004//2004 2011//2011 2009//2009
f 2004//2004 2009//2009 2005//2005
f 2008//2008 2007//2007 2012//2012
f 2008//2008 2012//2012 2013//2013
f 2013//2013 2012//2012 1986//1986
f 2013//2013 1986//1986 1985//1985
f 2012//2012 2014//2014 1993//1993
f 2012//2012 1993//1993 1986//1986
f 2007//2007 2010//2010 2014//2014
f 2007//2007 2014//2014 2012//2012
f 1990//1990 1989//1989 2015//2015
f 1990//1990 2015//2015 2016//2016
f 2016//2016 2015//2015 2004//2004
f 2016//2016 2004//2004 2003//2003
f 2015//2015 2017//2017 2011//2011
f 2015//2015 2011//2011 2004//2004
f 1989//1989 1992//1992 2017//2017
f 1989//1989 2017//2017 2015//2015
f 2002//2002 2018//2018 2019//2019
f 2002//2002 2019//2019 2000//2000
f 2000//2000 2019//2019 2020//2020
f 2000//2000 2020//2020 2001//2001
f 2019//2019 2021//2021 2022//2022
f 2019//2019 2022//2022 2020//2020
f 2018//2018 2023//2023 2021//2021
f 2018//2018 2021//2021 2019//2019
f 1999//1999 1998//1998 2024//2024
f 1999//1999 2024//2024 2025//2025
f 2025//2025 2024//2024 2026//2026
f 2025//2025 2026//2026 2027//2027
f 2024//2024 2020//2020 2022//2022
f 2024//2024 2022//2022 2026//2026
f 1998//1998 2001//2001 2020//2020
f 1998//1998 2020//2020 2024//2024
f 2028//2028 2029//2029 2030//2030
f 2028//2028 2030//2030 2031//2031
f 2031//2031 2030//2030 1995//1995
f 2031//2031 1995//1995 1994//1994
f 2030//2030 2018//2018 2002//2002
f 2030//2030 2002//2002 1995//1995
f 2029//2029 2023//2023 2018//2018
f 2029//2029 2018//2018 2030//2030
f 2027//2027 2026//2026 2032//2032
f 2027//2027 2032//2032 2033//2033
f 2033//2033 2032//2032 2029//2029
f 2033//2033 2029//2029 2028//2028
f 2032//2032 2021//2021 2023//2023
f 2032//2032 2023//2023 2029//2029
f 2026//2026 2022//2022 2021//2021
f 2026//2026 2021//2021 2032//2032
f 2034//2034 2035//2035 2036//2036
f 2034//2034 2036//2036 2037//2037
f 2037//2037 2036//2036 2038//2038
f 2037//2037 2038//2038 2039//2039
f 2036//2036 2040//2040 2041//2041
f 2036//2036 2041//2041 2038//2038
f 2035//2035 2042//2042 2040//2040
f 2035//2035 2040//2040 2036//2036
f 2043//2043 2044//2044 2045//2045
f 2043//2043 2045//2045 2046//2046
f 2046//2046 2045//2045 2047//2047
f 2046//2046 2047//2047 2048//2048
f 2045//2045 2049//2049 2050//2050
f 2045//2045 2050//2050 2047//2047
f 2044//2044 2051//2051 2049//2049
f 2044//2044 2049//2049 2045//2045
f 2039//2039 2038//2038 2052//2052
f 2039//2039 2052//2052 2053//2053
f 2053//2053 2052//2052 2044//2044
f 2053//2053 2044//2044 2043//2043
f 2052//2052 2054//2054 2051//2051
f 2052//2052 2051//2051 2044//2044
f 2038//2038 2041//2041 2054//2054
f 2038//2038 2054//2054 2052//2052
f 2048//2048 2047//2047 2055//2055
f 2048//2048 2055//2055 2056//2056
f 2056//2056 2055//2055 2035//2035
f 2056//2056 2035//2035 2034//2034
f 2055//2055 2057//2057 2042//2042
f 2055//2055 2042//2042 2035//2035
f 2047//2047 2050//2050 2057//2057
f 2047//2047 2057//2057 2055//2055
f 2042//2042 2058//2058 2059//2059
f 2042//2042 2059//2059 2040//2040
f 2040//2040 2059//2059 2060//2060
f 2040//2040 2060//2060 2041//2041
f 2059//2059 2016//2016 2003//2003
f 2059//2059 2003//2003 2060//2060
f 2058//2058 1990//1990 2016//2016
f 2058//2058 2016//2016 2059//2059
f 2051//2051 2061//2061 2062//2062
f 2051//2051 2062//2062 2049//2049
f 2049//2049 2062//2062 2063//2063
f 2049//2049 2063//2063 2050//2050
f 2062//2062 2013//2013 1985//1985
f 2062//2062 1985//1985 2063//2063
f 2061//2061 2008//2008 2013//2013
f 2061//2061 2013//2013 2062//2062
f 2041//2041 2060//2060 2064//2064
f 2041//2041 2064//2064 2054//2054
f 2054//2054 2064//2064 2061//2061
f 2054//2054 2061//2061 2051//2051
f 2064//2064 2006//2006 2008//2008
f 2064//2064 2008//2008 2061//2061
f 2060//2060 2003//2003 2006//2006
f 2060//2060 2006//2006 2064//2064
f 2050//2050 2063//2063 2065//2065
f 2050//2050 2065//2065 2057//2057
f 2057//2057 2065//2065 2058//2058
f 2057//2057 2058//2058 2042//2042
f 2065//2065 1988//1988 1990//1990
f 2065//2065 1990//1990 2058//2058
f 2063//2063 1985//1985 1988//1988
f 2063//2063 1988//1988 2065//2065
f 1993//1993 2066//2066 2067//2067
f 1993//1993 2067//2067 1991//1991
f 1991//1991 2067//2067 2068//2068
f 1991//1991 2068//2068 1992//1992
f 2067//2067 2033//2033 2028//2028
f 2067//2067 2028//2028 2068//2068
f 2066//2066 2027//2027 2033//2033
f 2066//2066 2033//2033 2067//2067
f 1992//1992 2068//2068 2069//2069
f 1992//1992 2069//2069 2017//2017
f 2017//2017 2069//2069 2070//2070
f 2017//2017 2070//2070 2011//2011
f 2069//2069 2031//2031 1994//1994
f 2069//2069 1994//1994 2070//2070
f 2068//2068 2028//2028 2031//2031
f 2068//2068 2031//2031 2069//2069
f 2010//2010 2071//2071 2072//2072
f 2010//2010 2072//2072 2014//2014
f 2014//2014 2072//2072 2066//2066
f 2014//2014 2066//2066 1993//1993
f 2072//2072 2025//2025 2027//2027
f 2072//2072 2027//2027 2066//2066
f 2071//2071 1999//1999 2025//2025
f 2071//2071 2025//2025 2072//2072
f 2011//2011 2070//2070 2073//2073
f 2011//2011 2073//2073 2009//2009
f 2009//2009 2073//2073 2071//2071
f 2009//2009 2071//2071 2010//2010
f 2073//2073 1997//1997 1999//1999
f 2073//2073 1999//1999 2071//2071
f 2070//2070 1994//1994 1997//1997
f 2070//2070 1997//1997 2073//2073
f 2074//2074 2075//2075 2076//2076
f 2074//2074 2076//2076 2077//2077
f 2077//2077 2076//2076 2078//2078
f 2077//2077 2078//2078 2079//2079
f 2076//2076 2080//2080 2081//2081
f 2076//2076 2081//2081 2078//2078
f 2075//2075 2082//2082 2080//2080
f 2075//2075 2080//2080 2076//2076
f 2083//2083 2084//2084 2085//2085
f 2083//2083 2085//2085 2086//2086
f 2086//2086 2085//2085 2087//2087
f 2086//2086 2087//2087 2088//2088
f 2085//2085 2089//2089 2090//2090
f 2085//2085 2090//2090 2087//2087
f 2084//2084 2091//2091 2089//2089
f 2084//2084 2089//2089 2085//2085
f 2092//2092 2093//2093 2094//2094
f 2092//2092 2094//2094 2095//2095
f 2095//2095 2094//2094 2096//2096
f 2095//2095 2096//2096 2097//2097
f 2094//2094 2098//2098 2099//2099
f 2094//2094 2099//2099 2096//2096
f 2093//2093 2100//2100 2098//2098
f 2093//2093 2098//2098 2094//2094
f 2097//2097 2096//2096 2101//2101
f 2097//2097 2101//2101 2102//2102
f 2102//2102 2101//2101 2075//2075
f 2102//2102 2075//2075 2074//2074
f 2101//2101 2103//2103 2082//2082
f 2101//2101 2082//2082 2075//2075
f 2096//2096 2099//2099 2103//2103
f 2096//2096 2103//2103 2101//2101
f 2079//2079 2078//2078 2104//2104
f 2079//2079 2104//2104 2105//2105
f 2105//2105 2104//2104 2093//2093
f 2105//2105 2093//2093 2092//2092
f 2104//2104 2106//2106 2100//2100
f 2104//2104 2100//2100 2093//2093
f 2078//2078 2081//2081 2106//2106
f 2078//2078 2106//2106 2104//2104
f 2091//2091 2107//2107 2108//2108
f 2091//2091 2108//2108 2089//2089
f 2089//2089 2108//2108 2109//2109
f 2089//2089 2109//2109 2090//2090
f 2108//2108 2110//2110 2111//2111
f 2108//2108 2111//2111 2109//2109
f 2107//2107 2112//2112 2110//2110
f 2107//2107 2110//2110 2108//2108
f 2088//2088 2087//2087 2113//2113
f 2088//2088 2113//2113 2114//2114
f 2114//2114 2113//2113 2115//2115
f 2114//2114 2115//2115 2116//2116
f 2113//2113 2109//2109 2111//2111
f 2113//2113 2111//2111 2115//2115
f 2087//2087 2090//2090 2109//2109
f 2087//2087 2109//2109 2113//2113
f 2117//2117 2118//2118 2119//2119
f 2117//2117 2119//2119 2120//2120
f 2120//2120 2119//2119 2084//2084
f 2120//2120 2084//2084 2083//2083
f 2119//2119 2107//2107 2091//2091
f 2119//2119 2091//2091 2084//2084
f 2118//2118 2112//2112 2107//2107
f 2118//2118 2107//2107 2119//2119
f 2116//2116 2115//2115 2121//2121
f 2116//2116 2121//2121 2122//2122
f 2122//2122 2121//2121 2118//2118
f 2122//2122 2118//2118 2117//2117
f 2121//2121 2110//2110 2112//2112
f 2121//2121 2112//2112 2118//2118
f 2115//2115 2111//2111 2110//2110
f 2115//2115 2110//2110 2121//2121
f 2082//2082 2123//2123 2124//2124
f 2082//2082 2124//2124 2080//2080
f 2080//2080 2124//2124 2125//2125
f 2080//2080 2125//2125 2081//2081
f 2124//2124 2122//2122 2117//2117
f 2124//2124 2117//2117 2125//2125
f 2123//2123 2116//2116 2122//2122
f 2123//2123 2122//2122 2124//2124
f 2081//2081 2125//2125 2126//2126
f 2081//2081 2126//2126 2106//2106
f 2106//2106 2126//2126 2127//2127
f 2106//2106 2127//2127 2100//2100
f 2126//2126 2120//2120 2083//2083
f 2126//2126 2083//2083 2127//2127
f 2125//2125 2117//2117 2120//2120
f 2125//2125 2120//2120 2126//2126
f 2099//2099 2128//2128 2129//2129
f 2099//2099 2129//2129 2103//2103
f 2103//2103 2129//2129 2123//2123
f 2103//2103 2123//2123 2082//2082
f 2129//2129 2114//2114 2116//2116
f 2129//2129 2116//2116 2123//2123
f 2128//2128 2088//2088 2114//2114
f 2128//2128 2114//2114 2129//2129
f 2100//2100 2127//2127 2130//2130
f 2100//2100 2130//2130 2098//2098
f 2098//2098 2130//2130 2128//2128
f 2098//2098 2128//2128 2099//2099
f 2130//2130 2086//2086 2088//2088
f 2130//2130 2088//2088 2128//2128
f 2127//2127 2083//2083 2086//2086
f 2127//2127 2086//2086 2130//2130
f 2131//2131 2132//2132 2133//2133
f 2131//2131 2133//2133 2134//2134
f 2134//2134 2133//2133 2135//2135
f 2134//2134 2135//2135 2136//2136
f 2133//2133 2137//2137 2138//2138
f 2133//2133 2138//2138 2135//2135
f 2132//2132 2139//2139 2137//2137
f 2132//2132 2137//2137 2133//2133
f 2140//2140 2141//2141 2142//2142
f 2140//2140 2142//2142 2143//2143
f 2143//2143 2142//2142 2144//2144
f 2143//2143 2144//2144 2145//2145
f 2142//2142 2146//2146 2147//2147
f 2142//2142 2147//2147 2144//2144
f 2141//2141 2148//2148 2146//2146
f 2141//2141 2146//2146 2142//2142
f 2149//2149 2150//2150 2151//2151
f 2149//2149 2151//2151 2152//2152
f 2152//2152 2151//2151 2153//2153
f 2152//2152 2153//2153 2154//2154
f 2151//2151 2155//2155 2156//2156
f 2151//2151 2156//2156 2153//2153
f 2150//2150 2157//2157 2155//2155
f 2150//2150 2155//2155 2151//2151
f 2157//2157 2158//2158 2159//2159
f 2157//2157 2159//2159 2155//2155
f 2155//2155 2159//2159 2160//2160
f 2155//2155 2160//2160 2156//2156
f 2159//2159 2134//2134 2136//2136
f 2159//2159 2136//2136 2160//2160
f 2158//2158 2131//2131 2134//2134
f 2158//2158 2134//2134 2159//2159
f 2139//2139 2161//2161 2162//2162
f 2139//2139 2162//2162 2137//2137
f 2137//2137 2162//2162 2163//2163
f 2137//2137 2163//2163 2138//2138
f 2162//2162 2152//2152 2154//2154
f 2162//2162 2154//2154 2163//2163
f 2161//2161 2149//2149 2152//2152
f 2161//2161 2152//2152 2162//2162
f 2145//2145 2144//2144 2164//2164
f 2145//2145 2164//2164 2165//2165
f 2165//2165 2164//2164 2166//2166
f 2165//2165 2166//2166 2167//2167
f 2164//2164 2168//2168 2169//2169
f 2164//2164 2169//2169 2166//2166
f 2144//2144 2147//2147 2168//2168
f 2144//2144 2168//2168 2164//2164
f 2148//2148 2170//2170 2171//2171
f 2148//2148 2171//2171 2146//2146
f 2146//2146 2171//2171 2168//2168
f 2146//2146 2168//2168 2147//2147
f 2171//2171 2172//2172 2169//2169
f 2171//2171 2169//2169 2168//2168
f 2170//2170 2173//2173 2172//2172
f 2170//2170 2172//2172 2171//2171
f 2174//2174 2175//2175 2176//2176
f 2174//2174 2176//2176 2177//2177
f 2177//2177 2176//2176 2165//2165
f 2177//2177 2165//2165 2167//2167
f 2176//2176 2143//2143 2145//2145
f 2176//2176 2145//2145 2165//2165
f 2175//2175 2140//2140 2143//2143
f 2175//2175 2143//2143 2176//2176
f 2173//2173 2178//2178 2179//2179
f 2173//2173 2179//2179 2172//2172
f 2172//2172 2179//2179 2166//2166
f 2172//2172 2166//2166 2169//2169
f 2179//2179 2177//2177 2167//2167
f 2179//2179 2167//2167 2166//2166
f 2178//2178 2174//2174 2177//2177
f 2178//2178 2177//2177 2179//2179
f 2180//2180 2181//2181 2182//2182
f 2180//2180 2182//2182 2183//2183
f 2183//2183 2182//2182 2184//2184
f 2183//2183 2184//2184 2185//2185
f 2182//2182 2186//2186 2187//2187
f 2182//2182 2187//2187 2184//2184
f 2181//2181 2188//2188 2186//2186
f 2181//2181 2186//2186 2182//2182
f 2189//2189 2190//2190 2191//2191
f 2189//2189 2191//2191 2192//2192
f 2192//2192 2191//2191 2193//2193
f 2192//2192 2193//2193 2194//2194
f 2191//2191 2195//2195 2196//2196
f 2191//2191 2196//2196 2193//2193
f 2190//2190 2197//2197 2195//2195
f 2190//2190 2195//2195 2191//2191
f 2188//2188 2198//2198 2199//2199
f 2188//2188 2199//2199 2186//2186
f 2186//2186 2199//2199 2200//2200
f 2186//2186 2200//2200 2187//2187
f 2199//2199 2192//2192 2194//2194
f 2199//2199 2194//2194 2200//2200
f 2198//2198 2189//2189 2192//2192
f 2198//2198 2192//2192 2199//2199
f 2197//2197 2201//2201 2202//2202
f 2197//2197 2202//2202 2195//2195
f 2195//2195 2202//2202 2203//2203
f 2195//2195 2203//2203 2196//2196
f 2202//2202 2183//2183 2185//2185
f 2202//2202 2185//2185 2203//2203
f 2201//2201 2180//2180 2183//2183
f 2201//2201 2183//2183 2202//2202
f 2185//2185 2184//2184 2204//2204
f 2185//2185 2204//2204 2205//2205
f 2205//2205 2204//2204 2161//2161
f 2205//2205 2161//2161 2139//2139
f 2204//2204 2206//2206 2149//2149
f 2204//2204 2149//2149 2161//2161
f 2184//2184 2187//2187 2206//2206
f 2184//2184 2206//2206 2204//2204
f 2194//2194 2193//2193 2207//2207
f 2194//2194 2207//2207 2208//2208
f 2208//2208 2207//2207 2158//2158
f 2208//2208 2158//2158 2157//2157
f 2207//2207 2209//2209 2131//2131
f 2207//2207 2131//2131 2158//2158
f 2193//2193 2196//2196 2209//2209
f 2193//2193 2209//2209 2207//2207
f 2187//2187 2200//2200 2210//2210
f 2187//2187 2210//2210 2206//2206
f 2206//2206 2210//2210 2150//2150
f 2206//2206 2150//2150 2149//2149
f 2210//2210 2208//2208 2157//2157
f 2210//2210 2157//2157 2150//2150
f 2200//2200 2194//2194 2208//2208
f 2200//2200 2208//2208 2210//2210
f 2196//2196 2203//2203 2211//2211
f 2196//2196 2211//2211 2209//2209
f 2209//2209 2211//2211 2132//2132
f 2209//2209 2132//2132 2131//2131
f 2211//2211 2205//2205 2139//2139
f 2211//2211 2139//2139 2132//2132
f 2203//2203 2185//2185 2205//2205
f 2203//2203 2205//2205 2211//2211
f 2136//2136 2135//2135 2212//2212
f 2136//2136 2212//2212 2213//2213
f 2213//2213 2212//2212 2178//2178
f 2213//2213 2178//2178 2173//2173
f 2212//2212 2214//2214 2174//2174
f 2212//2212 2174//2174 2178//2178
f 2135//2135 2138//2138 2214//2214
f 2135//2135 2214//2214 2212//2212
f 2138//2138 2163//2163 2215//2215
f 2138//2138 2215//2215 2214//2214
f 2214//2214 2215//2215 2175//2175
f 2214//2214 2175//2175 2174//2174
f 2215//2215 2216//2216 2140//2140
f 2215//2215 2140//2140 2175//2175
f 2163//2163 2154//2154 2216//2216
f 2163//2163 2216//2216 2215//2215
f 2156//2156 2160//2160 2217//2217
f 2156//2156 2217//2217 2218//2218
f 2218//2218 2217//2217 2170//2170
f 2218//2218 2170//2170 2148//2148
f 2217//2217 2213//2213 2173//2173
f 2217//2217 2173//2173 2170//2170
f 2160//2160 2136//2136 2213//2213
f 2160//2160 2213//2213 2217//2217
f 2154//2154 2153//2153 2219//2219
f 2154//2154 2219//2219 2216//2216
f 2216//2216 2219//2219 2141//2141
f 2216//2216 2141//2141 2140//2140
f 2219//2219 2218//2218 2148//2148
f 2219//2219 2148//2148 2141//2141
f 2153//2153 2156//2156 2218//2218
f 2153//2153 2218//2218 2219//2219
f 2220//2220 2221//2221 2222//2222
f 2220//2220 2222//2222 2223//2223
f 2223//2223 2222//2222 2201//2201
f 2223//2223 2201//2201 2197//2197
f 2222//2222 2224//2224 2180//2180
f 2222//2222 2180//2180 2201//2201
f 2221//2221 2225//2225 2224//2224
f 2221//2221 2224//2224 2222//2222
f 2226//2226 2227//2227 2228//2228
f 2226//2226 2228//2228 2229//2229
f 2229//2229 2228//2228 2198//2198
f 2229//2229 2198//2198 2188//2188
f 2228//2228 2230//2230 2189//2189
f 2228//2228 2189//2189 2198//2198
f 2227//2227 2231//2231 2230//2230
f 2227//2227 2230//2230 2228//2228
f 2231//2231 2232//2232 2233//2233
f 2231//2231 2233//2233 2230//2230
f 2230//2230 2233//2233 2190//2190
f 2230//2230 2190//2190 2189//2189
f 2233//2233 2223//2223 2197//2197
f 2233//2233 2197//2197 2190//2190
f 2232//2232 2220//2220 2223//2223
f 2232//2232 2223//2223 2233//2233
f 2225//2225 2234//2234 2235//2235
f 2225//2225 2235//2235 2224//2224
f 2224//2224 2235//2235 2181//2181
f 2224//2224 2181//2181 2180//2180
f 2235//2235 2229//2229 2188//2188
f 2235//2235 2188//2188 2181//2181
f 2234//2234 2226//2226 2229//2229
f 2234//2234 2229//2229 2235//2235
f 2236//2236 2237//2237 2238//2238
f 2236//2236 2238//2238 2239//2239
f 2239//2239 2238//2238 2234//2234
f 2239//2239 2234//2234 2225//2225
f 2238//2238 2240//2240 2226//2226
f 2238//2238 2226//2226 2234//2234
f 2237//2237 2241//2241 2240//2240
f 2237//2237 2240//2240 2238//2238
f 2242//2242 2243//2243 2244//2244
f 2242//2242 2244//2244 2245//2245
f 2245//2245 2244//2244 2232//2232
f 2245//2245 2232//2232 2231//2231
f 2244//2244 2246//2246 2220//2220
f 2244//2244 2220//2220 2232//2232
f 2243//2243 2247//2247 2246//2246
f 2243//2243 2246//2246 2244//2244
f 2241//2241 2248//2248 2249//2249
f 2241//2241 2249//2249 2240//2240
f 2240//2240 2249//2249 2227//2227
f 2240//2240 2227//2227 2226//2226
f 2249//2249 2245//2245 2231//2231
f 2249//2249 2231//2231 2227//2227
f 2248//2248 2242//2242 2245//2245
f 2248//2248 2245//2245 2249//2249
f 2247//2247 2250//2250 2251//2251
f 2247//2247 2251//2251 2246//2246
f 2246//2246 2251//2251 2221//2221
f 2246//2246 2221//2221 2220//2220
f 2251//2251 2239//2239 2225//2225
f 2251//2251 2225//2225 2221//2221
f 2250//2250 2236//2236 2239//2239
f 2250//2250 2239//2239 2251//2251
f 2252//2252 2253//2253 2254//2254
f 2252//2252 2254//2254 2255//2255
f 2255//2255 2254//2254 2256//2256
f 2255//2255 2256//2256 2257//2257
f 2254//2254 2258//2258 2259//2259
f 2254//2254 2259//2259 2256//2256
f 2253//2253 2260//2260 2258//2258
f 2253//2253 2258//2258 2254//2254
f 2261//2261 2262//2262 2263//2263
f 2261//2261 2263//2263 2264//2264
f 2264//2264 2263//2263 2265//2265
f 2264//2264 2265//2265 2266//2266
f 2263//2263 2267//2267 2268//2268
f 2263//2263 2268//2268 2265//2265
f 2262//2262 2269//2269 2267//2267
f 2262//2262 2267//2267 2263//2263
f 2270//2270 2271//2271 2272//2272
f 2270//2270 2272//2272 2273//2273
f 2273//2273 2272//2272 2274//2274
f 2273//2273 2274//2274 2275//2275
f 2272//2272 2276//2276 2277//2277
f 2272//2272 2277//2277 2274//2274
f 2271//2271 2278//2278 2276//2276
f 2271//2271 2276//2276 2272//2272
f 2278//2278 2279//2279 2280//2280
f 2278//2278 2280//2280 2276//2276
f 2276//2276 2280//2280 2281//2281
f 2276//2276 2281//2281 2277//2277
f 2280//2280 2255//2255 2257//2257
f 2280//2280 2257//2257 2281//2281
f 2279//2279 2252//2252 2255//2255
f 2279//2279 2255//2255 2280//2280
f 2260//2260 2282//2282 2283//2283
f 2260//2260 2283//2283 2258//2258
f 2258//2258 2283//2283 2284//2284
f 2258//2258 2284//2284 2259//2259
f 2283//2283 2273//2273 2275//2275
f 2283//2283 2275//2275 2284//2284
f 2282//2282 2270//2270 2273//2273
f 2282//2282 2273//2273 2283//2283
f 2266//2266 2265//2265 2285//2285
f 2266//2266 2285//2285 2286//2286
f 2286//2286 2285//2285 2287//2287
f 2286//2286 2287//2287 2288//2288
f 2285//2285 2289//2289 2290//2290
f 2285//2285 2290//2290 2287//2287
f 2265//2265 2268//2268 2289//2289
f 2265//2265 2289//2289 2285//2285
f 2269//2269 2291//2291 2292//2292
f 2269//2269 2292//2292 2267//2267
f 2267//2267 2292//2292 2289//2289
f 2267//2267 2289//2289 2268//2268
f 2292//2292 2293//2293 2290//2290
f 2292//2292 2290//2290 2289//2289
f 2291//2291 2294//2294 2293//2293
f 2291//2291 2293//2293 2292//2292
f 2295//2295 2296//2296 2297//2297
f 2295//2295 2297//2297 2298//2298
f 2298//2298 2297//2297 2286//2286
f 2298//2298 2286//2286 2288//2288
f 2297//2297 2264//2264 2266//2266
f 2297//2297 2266//2266 2286//2286
f 2296//2296 2261//2261 2264//2264
f 2296//2296 2264//2264 2297//2297
f 2294//2294 2299//2299 2300//2300
f 2294//2294 2300//2300 2293//2293
f 2293//2293 2300//2300 2287//2287
f 2293//2293 2287//2287 2290//2290
f 2300//2300 2298//2298 2288//2288
f 2300//2300 2288//2288 2287//2287
f 2299//2299 2295//2295 2298//2298
f 2299//2299 2298//2298 2300//2300
f 2257//2257 2256//2256 2301//2301
f 2257//2257 2301//2301 2302//2302
f 2302//2302 2301//2301 2299//2299
f 2302//2302 2299//2299 2294//2294
f 2301//2301 2303//2303 2295//2295
f 2301//2301 2295//2295 2299//2299
f 2256//2256 2259//2259 2303//2303
f 2256//2256 2303//2303 2301//2301
f 2259//2259 2284//2284 2304//2304
f 2259//2259 2304//2304 2303//2303
f 2303//2303 2304//2304 2296//2296
f 2303//2303 2296//2296 2295//2295
f 2304//2304 2305//2305 2261//2261
f 2304//2304 2261//2261 2296//2296
f 2284//2284 2275//2275 2305//2305
f 2284//2284 2305//2305 2304//2304
f 2277//2277 2281//2281 2306//2306
f 2277//2277 2306//2306 2307//2307
f 2307//2307 2306//2306 2291//2291
f 2307//2307 2291//2291 2269//2269
f 2306//2306 2302//2302 2294//2294
f 2306//2306 2294//2294 2291//2291
f 2281//2281 2257//2257 2302//2302
f 2281//2281 2302//2302 2306//2306
f 2275//2275 2274//2274 2308//2308
f 2275//2275 2308//2308 2305//2305
f 2305//2305 2308//2308 2262//2262
f 2305//2305 2262//2262 2261//2261
f 2308//2308 2307//2307 2269//2269
f 2308//2308 2269//2269 2262//2262
f 2274//2274 2277//2277 2307//2307
f 2274//2274 2307//2307 2308//2308
f 1880//1880 1879//1879 2309//2309
f 1880//1880 2309//2309 2310//2310
f 2310//2310 2309//2309 1885//1885
f 2310//2310 1885//1885 1884//1884
f 2309//2309 1911//1911 1892//1892
f 2309//2309 1892//1892 1885//1885
f 1879//1879 1882//1882 1911//1911
f 1879//1879 1911//1911 2309//2309
f 1889//1889 1888//1888 2311//2311
f 1889//1889 2311//2311 2312//2312
f 2312//2312 2311//2311 1876//1876
f 2312//2312 1876//1876 1875//1875
f 2311//2311 1904//1904 1883//1883
f 2311//2311 1883//1883 1876//1876
f 1888//1888 1891//1891 1904//1904
f 1888//1888 1904//1904 2311//2311
f 2313//2313 2314//2314 2315//2315
f 2313//2313 2315//2315 2316//2316
f 2316//2316 2315//2315 1894//1894
f 2316//2316 1894//1894 1893//1893
f 2315//2315 2317//2317 1901//1901
f 2315//2315 1901//1901 1894//1894
f 2314//2314 2318//2318 2317//2317
f 2314//2314 2317//2317 2315//2315
f 1898//1898 1897//1897 2319//2319
f 1898//1898 2319//2319 2320//2320
f 2320//2320 2319//2319 2321//2321
f 2320//2320 2321//2321 2322//2322
f 2319//2319 2323//2323 2324//2324
f 2319//2319 2324//2324 2321//2321
f 1897//1897 1900//1900 2323//2323
f 1897//1897 2323//2323 2319//2319
f 1889//1889 2325//2325 2326//2326
f 1889//1889 2326//2326 1887//1887
f 1887//1887 2326//2326 2327//2327
f 1887//1887 2327//2327 1884//1884
f 2326//2326 2317//2317 2318//2318
f 2326//2326 2318//2318 2327//2327
f 2325//2325 1901//1901 2317//2317
f 2325//2325 2317//2317 2326//2326
f 1880//1880 2328//2328 2329//2329
f 1880//1880 2329//2329 1878//1878
f 1878//1878 2329//2329 2330//2330
f 1878//1878 2330//2330 1875//1875
f 2329//2329 2323//2323 1900//1900
f 2329//2329 1900//1900 2330//2330
f 2328//2328 2324//2324 2323//2323
f 2328//2328 2323//2323 2329//2329
f 1884//1884 2327//2327 2331//2331
f 1884//1884 2331//2331 2310//2310
f 2310//2310 2331//2331 2328//2328
f 2310//2310 2328//2328 1880//1880
f 2331//2331 2332//2332 2324//2324
f 2331//2331 2324//2324 2328//2328
f 2327//2327 2318//2318 2332//2332
f 2327//2327 2332//2332 2331//2331
f 1875//1875 2330//2330 2333//2333
f 1875//1875 2333//2333 2312//2312
f 2312//2312 2333//2333 2325//2325
f 2312//2312 2325//2325 1889//1889
f 2333//2333 1899//1899 1901//1901
f 2333//2333 1901//1901 2325//2325
f 2330//2330 1900//1900 1899//1899
f 2330//2330 1899//1899 2333//2333
f 2322//2322 2321//2321 2334//2334
f 2322//2322 2334//2334 2335//2335
f 2335//2335 2334//2334 2314//2314
f 2335//2335 2314//2314 2313//2313
f 2334//2334 2332//2332 2318//2318
f 2334//2334 2318//2318 2314//2314
f 2321//2321 2324//2324 2332//2332
f 2321//2321 2332//2332 2334//2334
f 2336//2336 2337//2337 2338//2338
f 2336//2336 2338//2338 2339//2339
f 2339//2339 2338//2338 2340//2340
f 2339//2339 2340//2340 2341//2341
f 2338//2338 2342//2342 2343//2343
f 2338//2338 2343//2343 2340//2340
f 2337//2337 2344//2344 2342//2342
f 2337//2337 2342//2342 2338//2338
f 2345//2345 2346//2346 2347//2347
f 2345//2345 2347//2347 2348//2348
f 2348//2348 2347//2347 2349//2349
f 2348//2348 2349//2349 2350//2350
f 2347//2347 2351//2351 2352//2352
f 2347//2347 2352//2352 2349//2349
f 2346//2346 2353//2353 2351//2351
f 2346//2346 2351//2351 2347//2347
f 2354//2354 2355//2355 2356//2356
f 2354//2354 2356//2356 2357//2357
f 2357//2357 2356//2356 2358//2358
f 2357//2357 2358//2358 2359//2359
f 2356//2356 2360//2360 2361//2361
f 2356//2356 2361//2361 2358//2358
f 2355//2355 2362//2362 2360//2360
f 2355//2355 2360//2360 2356//2356
f 2359//2359 2358//2358 2363//2363
f 2359//2359 2363//2363 2364//2364
f 2364//2364 2363//2363 2337//2337
f 2364//2364 2337//2337 2336//2336
f 2363//2363 2365//2365 2344//2344
f 2363//2363 2344//2344 2337//2337
f 2358//2358 2361//2361 2365//2365
f 2358//2358 2365//2365 2363//2363
f 2341//2341 2340//2340 2366//2366
f 2341//2341 2366//2366 2367//2367
f 2367//2367 2366//2366 2355//2355
f 2367//2367 2355//2355 2354//2354
f 2366//2366 2368//2368 2362//2362
f 2366//2366 2362//2362 2355//2355
f 2340//2340 2343//2343 2368//2368
f 2340//2340 2368//2368 2366//2366
f 2353//2353 2369//2369 2370//2370
f 2353//2353 2370//2370 2351//2351
f 2351//2351 2370//2370 2371//2371
f 2351//2351 2371//2371 2352//2352
f 2370//2370 2372//2372 2373//2373
f 2370//2370 2373//2373 2371//2371
f 2369//2369 2374//2374 2372//2372
f 2369//2369 2372//2372 2370//2370
f 2350//2350 2349//2349 2375//2375
f 2350//2350 2375//2375 2376//2376
f 2376//2376 2375//2375 2377//2377
f 2376//2376 2377//2377 2378//2378
f 2375//2375 2371//2371 2373//2373
f 2375//2375 2373//2373 2377//2377
f 2349//2349 2352//2352 2371//2371
f 2349//2349 2371//2371 2375//2375
f 2379//2379 2380//2380 2381//2381
f 2379//2379 2381//2381 2382//2382
f 2382//2382 2381//2381 2346//2346
f 2382//2382 2346//2346 2345//2345
f 2381//2381 2369//2369 2353//2353
f 2381//2381 2353//2353 2346//2346
f 2380//2380 2374//2374 2369//2369
f 2380//2380 2369//2369 2381//2381
f 2378//2378 2377//2377 2383//2383
f 2378//2378 2383//2383 2384//2384
f 2384//2384 2383//2383 2380//2380
f 2384//2384 2380//2380 2379//2379
f 2383//2383 2372//2372 2374//2374
f 2383//2383 2374//2374 2380//2380
f 2377//2377 2373//2373 2372//2372
f 2377//2377 2372//2372 2383//2383
f 2344//2344 2385//2385 2386//2386
f 2344//2344 2386//2386 2342//2342
f 2342//2342 2386//2386 2387//2387
f 2342//2342 2387//2387 2343//2343
f 2386//2386 2384//2384 2379//2379
f 2386//2386 2379//2379 2387//2387
f 2385//2385 2378//2378 2384//2384
f 2385//2385 2384//2384 2386//2386
f 2343//2343 2387//2387 2388//2388
f 2343//2343 2388//2388 2368//2368
f 2368//2368 2388//2388 2389//2389
f 2368//2368 2389//2389 2362//2362
f 2388//2388 2382//2382 2345//2345
f 2388//2388 2345//2345 2389//2389
f 2387//2387 2379//2379 2382//2382
f 2387//2387 2382//2382 2388//2388
f 2361//2361 2390//2390 2391//2391
f 2361//2361 2391//2391 2365//2365
f 2365//2365 2391//2391 2385//2385
f 2365//2365 2385//2385 2344//2344
f 2391//2391 2376//2376 2378//2378
f 2391//2391 2378//2378 2385//2385
f 2390//2390 2350//2350 2376//2376
f 2390//2390 2376//2376 2391//2391
f 2362//2362 2389//2389 2392//2392
f 2362//2362 2392//2392 2360//2360
f 2360//2360 2392//2392 2390//2390
f 2360//2360 2390//2390 2361//2361
f 2392//2392 2348//2348 2350//2350
f 2392//2392 2350//2350 2390//2390
f 2389//2389 2345//2345 2348//2348
f 2389//2389 2348//2348 2392//2392
f 2393//2393 2394//2394 2395//2395
f 2393//2393 2395//2395 2396//2396
f 2396//2396 2395//2395 2397//2397
f 2396//2396 2397//2397 2398//2398
f 2395//2395 2399//2399 2400//2400
f 2395//2395 2400//2400 2397//2397
f 2394//2394 2401//2401 2399//2399
f 2394//2394 2399//2399 2395//2395
f 2402//2402 2403//2403 2404//2404
f 2402//2402 2404//2404 2405//2405
f 2405//2405 2404//2404 2406//2406
f 2405//2405 2406//2406 2407//2407
f 2404//2404 2408//2408 2409//2409
f 2404//2404 2409//2409 2406//2406
f 2403//2403 2410//2410 2408//2408
f 2403//2403 2408//2408 2404//2404
f 2411//2411 2412//2412 2413//2413
f 2411//2411 2413//2413 2414//2414
f 2414//2414 2413//2413 2415//2415
f 2414//2414 2415//2415 2416//2416
f 2413//2413 2417//2417 2418//2418
f 2413//2413 2418//2418 2415//2415
f 2412//2412 2419//2419 2417//2417
f 2412//2412 2417//2417 2413//2413
f 2416//2416 2415//2415 2420//2420
f 2416//2416 2420//2420 2421//2421
f 2421//2421 2420//2420 2394//2394
f 2421//2421 2394//2394 2393//2393
f 2420//2420 2422//2422 2401//2401
f 2420//2420 2401//2401 2394//2394
f 2415//2415 2418//2418 2422//2422
f 2415//2415 2422//2422 2420//2420
f 2398//2398 2397//2397 2423//2423
f 2398//2398 2423//2423 2424//2424
f 2424//2424 2423//2423 2412//2412
f 2424//2424 2412//2412 2411//2411
f 2423//2423 2425//2425 2419//2419
f 2423//2423 2419//2419 2412//2412
f 2397//2397 2400//2400 2425//2425
f 2397//2397 2425//2425 2423//2423
f 2410//2410 2426//2426 2427//2427
f 2410//2410 2427//2427 2408//2408
f 2408//2408 2427//2427 2428//2428
f 2408//2408 2428//2428 2409//2409
f 2427//2427 2429//2429 2430//2430
f 2427//2427 2430//2430 2428//2428
f 2426//2426 2431//2431 2429//2429
f 2426//2426 2429//2429 2427//2427
f 2407//2407 2406//2406 2432//2432
f 2407//2407 2432//2432 2433//2433
f 2433//2433 2432//2432 2434//2434
f 2433//2433 2434//2434 2435//2435
f 2432//2432 2428//2428 2430//2430
f 2432//2432 2430//2430 2434//2434
f 2406//2406 2409//2409 2428//2428
f 2406//2406 2428//2428 2432//2432
f 2436//2436 2437//2437 2438//2438
f 2436//2436 2438//2438 2439//2439
f 2439//2439 2438//2438 2403//2403
f 2439//2439 2403//2403 2402//2402
f 2438//2438 2426//2426 2410//2410
f 2438//2438 2410//2410 2403//2403
f 2437//2437 2431//2431 2426//2426
f 2437//2437 2426//2426 2438//2438
f 2435//2435 2434//2434 2440//2440
f 2435//2435 2440//2440 2441//2441
f 2441//2441 2440//2440 2437//2437
f 2441//2441 2437//2437 2436//2436
f 2440//2440 2429//2429 2431//2431
f 2440//2440 2431//2431 2437//2437
f 2434//2434 2430//2430 2429//2429
f 2434//2434 2429//2429 2440//2440
f 2401//2401 2442//2442 2443//2443
f 2401//2401 2443//2443 2399//2399
f 2399//2399 2443//2443 2444//2444
f 2399//2399 2444//2444 2400//2400
f 2443//2443 2441//2441 2436//2436
f 2443//2443 2436//2436 2444//2444
f 2442//2442 2435//2435 2441//2441
f 2442//2442 2441//2441 2443//2443
f 2400//2400 2444//2444 2445//2445
f 2400//2400 2445//2445 2425//2425
f 2425//2425 2445//2445 2446//2446
f 2425//2425 2446//2446 2419//2419
f 2445//2445 2439//2439 2402//2402
f 2445//2445 2402//2402 2446//2446
f 2444//2444 2436//2436 2439//2439
f 2444//2444 2439//2439 2445//2445
f 2418//2418 2447//2447 2448//2448
f 2418//2418 2448//2448 2422//2422
f 2422//2422 2448//2448 2442//2442
f 2422//2422 2442//2442 2401//2401
f 2448//2448 2433//2433 2435//2435
f 2448//2448 2435//2435 2442//2442
f 2447//2447 2407//2407 2433//2433
f 2447//2447 2433//2433 2448//2448
f 2419//2419 2446//2446 2449//2449
f 2419//2419 2449//2449 2417//2417
f 2417//2417 2449//2449 2447//2447
f 2417//2417 2447//2447 2418//2418
f 2449//2449 2405//2405 2407//2407
f 2449//2449 2407//2407 2447//2447
f 2446//2446 2402//2402 2405//2405
f 2446//2446 2405//2405 2449//2449
f 1908//1908 2450//2450 2451//2451
f 1908//1908 2451//2451 1906//1906
f 1906//1906 2451//2451 2452//2452
f 1906//1906 2452//2452 1907//1907
f 2451//2451 1857//1857 1844//1844
f 2451//2451 1844//1844 2452//2452
f 2450//2450 1831//1831 1857//1857
f 2450//2450 1857//1857 2451//2451
f 1915//1915 2453//2453 2454//2454
f 1915//1915 2454//2454 1913//1913
f 1913//1913 2454//2454 2455//2455
f 1913//1913 2455//2455 1914//1914
f 2454//2454 1854//1854 1826//1826
f 2454//2454 1826//1826 2455//2455
f 2453//2453 1849//1849 1854//1854
f 2453//2453 1854//1854 2454//2454
f 1907//1907 2452//2452 2456//2456
f 1907//1907 2456//2456 1917//1917
f 1917//1917 2456//2456 2453//2453
f 1917//1917 2453//2453 1915//1915
f 2456//2456 1847//1847 1849//1849
f 2456//2456 1849//1849 2453//2453
f 2452//2452 1844//1844 1847//1847
f 2452//2452 1847//1847 2456//2456
f 1914//1914 2455//2455 2457//2457
f 1914//1914 2457//2457 1919//1919
f 1919//1919 2457//2457 2450//2450
f 1919//1919 2450//2450 1908//1908
f 2457//2457 1829//1829 1831//1831
f 2457//2457 1831//1831 2450//2450
f 2455//2455 1826//1826 1829//1829
f 2455//2455 1829//1829 2457//2457
f 2458//2458 2459//2459 2460//2460
f 2458//2458 2460//2460 2461//2461
f 2461//2461 2460//2460 2462//2462
f 2461//2461 2462//2462 2463//2463
f 2460//2460 2464//2464 2465//2465
f 2460//2460 2465//2465 2462//2462
f 2459//2459 2466//2466 2464//2464
f 2459//2459 2464//2464 2460//2460
f 2467//2467 2468//2468 2469//2469
f 2467//2467 2469//2469 2470//2470
f 2470//2470 2469//2469 2471//2471
f 2470//2470 2471//2471 2472//2472
f 2469//2469 2473//2473 2474//2474
f 2469//2469 2474//2474 2471//2471
f 2468//2468 2475//2475 2473//2473
f 2468//2468 2473//2473 2469//2469
f 2476//2476 2477//2477 2478//2478
f 2476//2476 2478//2478 2479//2479
f 2479//2479 2478//2478 2480//2480
f 2479//2479 2480//2480 2481//2481
f 2478//2478 2482//2482 2483//2483
f 2478//2478 2483//2483 2480//2480
f 2477//2477 2484//2484 2482//2482
f 2477//2477 2482//2482 2478//2478
f 2481//2481 2480//2480 2485//2485
f 2481//2481 2485//2485 2486//2486
f 2486//2486 2485//2485 2459//2459
f 2486//2486 2459//2459 2458//2458
f 2485//2485 2487//2487 2466//2466
f 2485//2485 2466//2466 2459//2459
f 2480//2480 2483//2483 2487//2487
f 2480//2480 2487//2487 2485//2485
f 2463//2463 2462//2462 2488//2488
f 2463//2463 2488//2488 2489//2489
f 2489//2489 2488//2488 2477//2477
f 2489//2489 2477//2477 2476//2476
f 2488//2488 2490//2490 2484//2484
f 2488//2488 2484//2484 2477//2477
f 2462//2462 2465//2465 2490//2490
f 2462//2462 2490//2490 2488//2488
f 2475//2475 2491//2491 2492//2492
f 2475//2475 2492//2492 2473//2473
f 2473//2473 2492//2492 2493//2493
f 2473//2473 2493//2493 2474//2474
f 2492//2492 2494//2494 2495//2495
f 2492//2492 2495//2495 2493//2493
f 2491//2491 2496//2496 2494//2494
f 2491//2491 2494//2494 2492//2492
f 2472//2472 2471//2471 2497//2497
f 2472//2472 2497//2497 2498//2498
f 2498//2498 2497//2497 2499//2499
f 2498//2498 2499//2499 2500//2500
f 2497//2497 2493//2493 2495//2495
f 2497//2497 2495//2495 2499//2499
f 2471//2471 2474//2474 2493//2493
f 2471//2471 2493//2493 2497//2497
f 2501//2501 2502//2502 2503//2503
f 2501//2501 2503//2503 2504//2504
f 2504//2504 2503//2503 2468//2468
f 2504//2504 2468//2468 2467//2467
f 2503//2503 2491//2491 2475//2475
f 2503//2503 2475//2475 2468//2468
f 2502//2502 2496//2496 2491//2491
f 2502//2502 2491//2491 2503//2503
f 2500//2500 2499//2499 2505//2505
f 2500//2500 2505//2505 2506//2506
f 2506//2506 2505//2505 2502//2502
f 2506//2506 2502//2502 2501//2501
f 2505//2505 2494//2494 2496//2496
f 2505//2505 2496//2496 2502//2502
f 2499//2499 2495//2495 2494//2494
f 2499//2499 2494//2494 2505//2505
f 2466//2466 2507//2507 2508//2508
f 2466//2466 2508//2508 2464//2464
f 2464//2464 2508//2508 2509//2509
f 2464//2464 2509//2509 2465//2465
f 2508//2508 2506//2506 2501//2501
f 2508//2508 2501//2501 2509//2509
f 2507//2507 2500//2500 2506//2506
f 2507//2507 2506//2506 2508//2508
f 2465//2465 2509//2509 2510//2510
f 2465//2465 2510//2510 2490//2490
f 2490//2490 2510//2510 2511//2511
f 2490//2490 2511//2511 2484//2484
f 2510//2510 2504//2504 2467//2467
f 2510//2510 2467//2467 2511//2511
f 2509//2509 2501//2501 2504//2504
f 2509//2509 2504//2504 2510//2510
f 2483//2483 2512//2512 2513//2513
f 2483//2483 2513//2513 2487//2487
f 2487//2487 2513//2513 2507//2507
f 2487//2487 2507//2507 2466//2466
f 2513//2513 2498//2498 2500//2500
f 2513//2513 2500//2500 2507//2507
f 2512//2512 2472//2472 2498//2498
f 2512//2512 2498//2498 2513//2513
f 2484//2484 2511//2511 2514//2514
f 2484//2484 2514//2514 2482//2482
f 2482//2482 2514//2514 2512//2512
f 2482//2482 2512//2512 2483//2483
f 2514//2514 2470//2470 2472//2472
f 2514//2514 2472//2472 2512//2512
f 2511//2511 2467//2467 2470//2470
f 2511//2511 2470//2470 2514//2514
f 2515//2515 2516//2516 2517//2517
f 2515//2515 2517//2517 2518//2518
f 2518//2518 2517//2517 2519//2519
f 2518//2518 2519//2519 2520//2520
f 2517//2517 2521//2521 2522//2522
f 2517//2517 2522//2522 2519//2519
f 2516//2516 2523//2523 2521//2521
f 2516//2516 2521//2521 2517//2517
f 2524//2524 2525//2525 2526//2526
f 2524//2524 2526//2526 2527//2527
f 2527//2527 2526//2526 2528//2528
f 2527//2527 2528//2528 2529//2529
f 2526//2526 2530//2530 2531//2531
f 2526//2526 2531//2531 2528//2528
f 2525//2525 2532//2532 2530//2530
f 2525//2525 2530//2530 2526//2526
f 2533//2533 2534//2534 2535//2535
f 2533//2533 2535//2535 2536//2536
f 2536//2536 2535//2535 2537//2537
f 2536//2536 2537//2537 2538//2538
f 2535//2535 2539//2539 2540//2540
f 2535//2535 2540//2540 2537//2537
f 2534//2534 2541//2541 2539//2539
f 2534//2534 2539//2539 2535//2535
f 2538//2538 2537//2537 2542//2542
f 2538//2538 2542//2542 2543//2543
f 2543//2543 2542//2542 2516//2516
f 2543//2543 2516//2516 2515//2515
f 2542//2542 2544//2544 2523//2523
f 2542//2542 2523//2523 2516//2516
f 2537//2537 2540//2540 2544//2544
f 2537//2537 2544//2544 2542//2542
f 2520//2520 2519//2519 2545//2545
f 2520//2520 2545//2545 2546//2546
f 2546//2546 2545//2545 2534//2534
f 2546//2546 2534//2534 2533//2533
f 2545//2545 2547//2547 2541//2541
f 2545//2545 2541//2541 2534//2534
f 2519//2519 2522//2522 2547//2547
f 2519//2519 2547//2547 2545//2545
f 2532//2532 2548//2548 2549//2549
f 2532//2532 2549//2549 2530//2530
f 2530//2530 2549//2549 2550//2550
f 2530//2530 2550//2550 2531//2531
f 2549//2549 2551//2551 2552//2552
f 2549//2549 2552//2552 2550//2550
f 2548//2548 2553//2553 2551//2551
f 2548//2548 2551//2551 2549//2549
f 2529//2529 2528//2528 2554//2554
f 2529//2529 2554//2554 2555//2555
f 2555//2555 2554//2554 2556//2556
f 2555//2555 2556//2556 2557//2557
f 2554//2554 2550//2550 2552//2552
f 2554//2554 2552//2552 2556//2556
f 2528//2528 2531//2531 2550//2550
f 2528//2528 2550//2550 2554//2554
f 2558//2558 2559//2559 2560//2560
f 2558//2558 2560//2560 2561//2561
f 2561//2561 2560//2560 2525//2525
f 2561//2561 2525//2525 2524//2524
f 2560//2560 2548//2548 2532//2532
f 2560//2560 2532//2532 2525//2525
f 2559//2559 2553//2553 2548//2548
f 2559//2559 2548//2548 2560//2560
f 2557//2557 2556//2556 2562//2562
f 2557//2557 2562//2562 2563//2563
f 2563//2563 2562//2562 2559//2559
f 2563//2563 2559//2559 2558//2558
f 2562//2562 2551//2551 2553//2553
f 2562//2562 2553//2553 2559//2559
f 2556//2556 2552//2552 2551//2551
f 2556//2556 2551//2551 2562//2562
f 2523//2523 2564//2564 2565//2565
f 2523//2523 2565//2565 2521//2521
f 2521//2521 2565//2565 2566//2566
f 2521//2521 2566//2566 2522//2522
f 2565//2565 2563//2563 2558//2558
f 2565//2565 2558//2558 2566//2566
f 2564//2564 2557//2557 2563//2563
f 2564//2564 2563//2563 2565//2565
f 2522//2522 2566//2566 2567//2567
f 2522//2522 2567//2567 2547//2547
f 2547//2547 2567//2567 2568//2568
f 2547//2547 2568//2568 2541//2541
f 2567//2567 2561//2561 2524//2524
f 2567//2567 2524//2524 2568//2568
f 2566//2566 2558//2558 2561//2561
f 2566//2566 2561//2561 2567//2567
f 2540//2540 2569//2569 2570//2570
f 2540//2540 2570//2570 2544//2544
f 2544//2544 2570//2570 2564//2564
f 2544//2544 2564//2564 2523//2523
f 2570//2570 2555//2555 2557//2557
f 2570//2570 2557//2557 2564//2564
f 2569//2569 2529//2529 2555//2555
f 2569//2569 2555//2555 2570//2570
f 2541//2541 2568//2568 2571//2571
f 2541//2541 2571//2571 2539//2539
f 2539//2539 2571//2571 2569//2569
f 2539//2539 2569//2569 2540//2540
f 2571//2571 2527//2527 2529//2529
f 2571//2571 2529//2529 2569//2569
f 2568//2568 2524//2524 2527//2527
f 2568//2568 2527//2527 2571//2571
f 2572//2572 2573//2573 2574//2574
f 2572//2572 2574//2574 2575//2575
f 2573//2573 2576//2576 2577//2577
f 2573//2573 2577//2577 2574//2574
f 2574//2574 2577//2577 2578//2578
f 2574//2574 2578//2578 2579//2579
f 2575//2575 2574//2574 2579//2579
f 2575//2575 2579//2579 2580//2580
f 2581//2581 2582//2582 2583//2583
f 2581//2581 2583//2583 2584//2584
f 2582//2582 2585//2585 2586//2586
f 2582//2582 2586//2586 2583//2583
f 2583//2583 2586//2586 2587//2587
f 2583//2583 2587//2587 2588//2588
f 2584//2584 2583//2583 2588//2588
f 2584//2584 2588//2588 2589//2589
f 2590//2590 2591//2591 2592//2592
f 2590//2590 2592//2592 2593//2593
f 2591//2591 2594//2594 2595//2595
f 2591//2591 2595//2595 2592//2592
f 2592//2592 2595//2595 2596//2596
f 2592//2592 2596//2596 2597//2597
f 2593//2593 2592//2592 2597//2597
f 2593//2593 2597//2597 2598//2598
f 2594//2594 2599//2599 2600//2600
f 2594//2594 2600//2600 2595//2595
f 2599//2599 2572//2572 2575//2575
f 2599//2599 2575//2575 2600//2600
f 2600//2600 2575//2575 2580//2580
f 2600//2600 2580//2580 2601//2601
f 2595//2595 2600//2600 2601//2601
f 2595//2595 2601//2601 2596//2596
f 2576//2576 2602//2602 2603//2603
f 2576//2576 2603//2603 2577//2577
f 2602//2602 2590//2590 2593//2593
f 2602//2602 2593//2593 2603//2603
f 2603//2603 2593//2593 2598//2598
f 2603//2603 2598//2598 2604//2604
f 2577//2577 2603//2603 2604//2604
f 2577//2577 2604//2604 2578//2578
f 2589//2589 2588//2588 2605//2605
f 2589//2589 2605//2605 2606//2606
f 2588//2588 2587//2587 2607//2607
f 2588//2588 2607//2607 2605//2605
f 2605//2605 2607//2607 2608//2608
f 2605//2605 2608//2608 2609//2609
f 2606//2606 2605//2605 2609//2609
f 2606//2606 2609//2609 2610//2610
f 2585//2585 2611//2611 2612//2612
f 2585//2585 2612//2612 2586//2586
f 2611//2611 2613//2613 2614//2614
f 2611//2611 2614//2614 2612//2612
f 2612//2612 2614//2614 2608//2608
f 2612//2612 2608//2608 2607//2607
f 2586//2586 2612//2612 2607//2607
f 2586//2586 2607//2607 2587//2587
f 2615//2615 2616//2616 2617//2617
f 2615//2615 2617//2617 2618//2618
f 2616//2616 2581//2581 2584//2584
f 2616//2616 2584//2584 2617//2617
f 2617//2617 2584//2584 2589//2589
f 2617//2617 2589//2589 2606//2606
f 2618//2618 2617//2617 2606//2606
f 2618//2618 2606//2606 2610//2610
f 2613//2613 2619//2619 2620//2620
f 2613//2613 2620//2620 2614//2614
f 2619//2619 2615//2615 2618//2618
f 2619//2619 2618//2618 2620//2620
f 2620//2620 2618//2618 2610//2610
f 2620//2620 2610//2610 2609//2609
f 2614//2614 2620//2620 2609//2609
f 2614//2614 2609//2609 2608//2608
f 2580//2580 2579//2579 2621//2621
f 2580//2580 2621//2621 2622//2622
f 2579//2579 2578//2578 2623//2623
f 2579//2579 2623//2623 2621//2621
f 2621//2621 2623//2623 2615//2615
f 2621//2621 2615//2615 2619//2619
f 2622//2622 2621//2621 2619//2619
f 2622//2622 2619//2619 2613//2613
f 2578//2578 2604//2604 2624//2624
f 2578//2578 2624//2624 2623//2623
f 2604//2604 2598//2598 2625//2625
f 2604//2604 2625//2625 2624//2624
f 2624//2624 2625//2625 2581//2581
f 2624//2624 2581//2581 2616//2616
f 2623//2623 2624//2624 2616//2616
f 2623//2623 2616//2616 2615//2615
f 2596//2596 2601//2601 2626//2626
f 2596//2596 2626//2626 2627//2627
f 2601//2601 2580//2580 2622//2622
f 2601//2601 2622//2622 2626//2626
f 2626//2626 2622//2622 2613//2613
f 2626//2626 2613//2613 2611//2611
f 2627//2627 2626//2626 2611//2611
f 2627//2627 2611//2611 2585//2585
f 2598//2598 2597//2597 2628//2628
f 2598//2598 2628//2628 2625//2625
f 2597//2597 2596//2596 2627//2627
f 2597//2597 2627//2627 2628//2628
f 2628//2628 2627//2627 2585//2585
f 2628//2628 2585//2585 2582//2582
f 2625//2625 2628//2628 2582//2582
f 2625//2625 2582//2582 2581//2581
f 2629//2629 2630//2630 2631//2631
f 2629//2629 2631//2631 2632//2632
f 2630//2630 2633//2633 2634//2634
f 2630//2630 2634//2634 2631//2631
f 2631//2631 2634//2634 2635//2635
f 2631//2631 2635//2635 2636//2636
f 2632//2632 2631//2631 2636//2636
f 2632//2632 2636//2636 2637//2637
f 2638//2638 2639//2639 2640//2640
f 2638//2638 2640//2640 2641//2641
f 2639//2639 2642//2642 2643//2643
f 2639//2639 2643//2643 2640//2640
f 2640//2640 2643//2643 2644//2644
f 2640//2640 2644//2644 2645//2645
f 2641//2641 2640//2640 2645//2645
f 2641//2641 2645//2645 2646//2646
f 2647//2647 2648//2648 2649//2649
f 2647//2647 2649//2649 2650//2650
f 2648//2648 2651//2651 2652//2652
f 2648//2648 2652//2652 2649//2649
f 2649//2649 2652//2652 2653//2653
f 2649//2649 2653//2653 2654//2654
f 2650//2650 2649//2649 2654//2654
f 2650//2650 2654//2654 2655//2655
f 2655//2655 2654//2654 2656//2656
f 2655//2655 2656//2656 2657//2657
f 2654//2654 2653//2653 2658//2658
f 2654//2654 2658//2658 2656//2656
f 2656//2656 2658//2658 2633//2633
f 2656//2656 2633//2633 2630//2630
f 2657//2657 2656//2656 2630//2630
f 2657//2657 2630//2630 2629//2629
f 2637//2637 2636//2636 2659//2659
f 2637//2637 2659//2659 2660//2660
f 2636//2636 2635//2635 2661//2661
f 2636//2636 2661//2661 2659//2659
f 2659//2659 2661//2661 2651//2651
f 2659//2659 2651//2651 2648//2648
f 2660//2660 2659//2659 2648//2648
f 2660//2660 2648//2648 2647//2647
f 2642//2642 2662//2662 2663//2663
f 2642//2642 2663//2663 2643//2643
f 2662//2662 2664//2664 2665//2665
f 2662//2662 2665//2665 2663//2663
f 2663//2663 2665//2665 2666//2666
f 2663//2663 2666//2666 2667//2667
f 2643//2643 2663//2663 2667//2667
f 2643//2643 2667//2667 2644//2644
f 2646//2646 2645//2645 2668//2668
f 2646//2646 2668//2668 2669//2669
f 2645//2645 2644//2644 2667//2667
f 2645//2645 2667//2667 2668//2668
f 2668//2668 2667//2667 2666//2666
f 2668//2668 2666//2666 2670//2670
f 2669//2669 2668//2668 2670//2670
f 2669//2669 2670//2670 2671//2671
f 2672//2672 2673//2673 2674//2674
f 2672//2672 2674//2674 2675//2675
f 2673//2673 2664//2664 2662//2662
f 2673//2673 2662//2662 2674//2674
f 2674//2674 2662//2662 2642//2642
f 2674//2674 2642//2642 2639//2639
f 2675//2675 2674//2674 2639//2639
f 2675//2675 2639//2639 2638//2638
f 2671//2671 2670//2670 2676//2676
f 2671//2671 2676//2676 2677//2677
f 2670//2670 2666//2666 2665//2665
f 2670//2670 2665//2665 2676//2676
f 2676//2676 2665//2665 2664//2664
f 2676//2676 2664//2664 2673//2673
f 2677//2677 2676//2676 2673//2673
f 2677//2677 2673//2673 2672//2672
f 2633//2633 2678//2678 2679//2679
f 2633//2633 2679//2679 2634//2634
f 2678//2678 2671//2671 2677//2677
f 2678//2678 2677//2677 2679//2679
f 2679//2679 2677//2677 2672//2672
f 2679//2679 2672//2672 2680//2680
f 2634//2634 2679//2679 2680//2680
f 2634//2634 2680//2680 2635//2635
f 2635//2635 2680//2680 2681//2681
f 2635//2635 2681//2681 2661//2661
f 2680//2680 2672//2672 2675//2675
f 2680//2680 2675//2675 2681//2681
f 2681//2681 2675//2675 2638//2638
f 2681//2681 2638//2638 2682//2682
f 2661//2661 2681//2681 2682//2682
f 2661//2661 2682//2682 2651//2651
f 2653//2653 2683//2683 2684//2684
f 2653//2653 2684//2684 2658//2658
f 2683//2683 2646//2646 2669//2669
f 2683//2683 2669//2669 2684//2684
f 2684//2684 2669//2669 2671//2671
f 2684//2684 2671//2671 2678//2678
f 2658//2658 2684//2684 2678//2678
f 2658//2658 2678//2678 2633//2633
f 2651//2651 2682//2682 2685//2685
f 2651//2651 2685//2685 2652//2652
f 2682//2682 2638//2638 2641//2641
f 2682//2682 2641//2641 2685//2685
f 2685//2685 2641//2641 2646//2646
f 2685//2685 2646//2646 2683//2683
f 2652//2652 2685//2685 2683//2683
f 2652//2652 2683//2683 2653//2653
f 2686//2686 2687//2687 2688//2688
f 2686//2686 2688//2688 2689//2689
f 2687//2687 2690//2690 2691//2691
f 2687//2687 2691//2691 2688//2688
f 2688//2688 2691//2691 2692//2692
f 2688//2688 2692//2692 2693//2693
f 2689//2689 2688//2688 2693//2693
f 2689//2689 2693//2693 2694//2694
f 2695//2695 2696//2696 2697//2697
f 2695//2695 2697//2697 2698//2698
f 2696//2696 2699//2699 2700//2700
f 2696//2696 2700//2700 2697//2697
f 2697//2697 2700//2700 2701//2701
f 2697//2697 2701//2701 2702//2702
f 2698//2698 2697//2697 2702//2702
f 2698//2698 2702//2702 2703//2703
f 2704//2704 2705//2705 2706//2706
f 2704//2704 2706//2706 2707//2707
f 2705//2705 2708//2708 2709//2709
f 2705//2705 2709//2709 2706//2706
f 2706//2706 2709//2709 2710//2710
f 2706//2706 2710//2710 2711//2711
f 2707//2707 2706//2706 2711//2711
f 2707//2707 2711//2711 2712//2712
f 2708//2708 2713//2713 2714//2714
f 2708//2708 2714//2714 2709//2709
f 2713//2713 2686//2686 2689//2689
f 2713//2713 2689//2689 2714//2714
f 2714//2714 2689//2689 2694//2694
f 2714//2714 2694//2694 2715//2715
f 2709//2709 2714//2714 2715//2715
f 2709//2709 2715//2715 2710//2710
f 2690//2690 2716//2716 2717//2717
f 2690//2690 2717//2717 2691//2691
f 2716//2716 2704//2704 2707//2707
f 2716//2716 2707//2707 2717//2717
f 2717//2717 2707//2707 2712//2712
f 2717//2717 2712//2712 2718//2718
f 2691//2691 2717//2717 2718//2718
f 2691//2691 2718//2718 2692//2692
f 2703//2703 2702//2702 2719//2719
f 2703//2703 2719//2719 2720//2720
f 2702//2702 2701//2701 2721//2721
f 2702//2702 2721//2721 2719//2719
f 2719//2719 2721//2721 2722//2722
f 2719//2719 2722//2722 2723//2723
f 2720//2720 2719//2719 2723//2723
f 2720//2720 2723//2723 2724//2724
f 2699//2699 2725//2725 2726//2726
f 2699//2699 2726//2726 2700//2700
f 2725//2725 2727//2727 2728//2728
f 2725//2725 2728//2728 2726//2726
f 2726//2726 2728//2728 2722//2722
f 2726//2726 2722//2722 2721//2721
f 2700//2700 2726//2726 2721//2721
f 2700//2700 2721//2721 2701//2701
f 2729//2729 2730//2730 2731//2731
f 2729//2729 2731//2731 2732//2732
f 2730//2730 2695//2695 2698//2698
f 2730//2730 2698//2698 2731//2731
f 2731//2731 2698//2698 2703//2703
f 2731//2731 2703//2703 2720//2720
f 2732//2732 2731//2731 2720//2720
f 2732//2732 2720//2720 2724//2724
f 2727//2727 2733//2733 2734//2734
f 2727//2727 2734//2734 2728//2728
f 2733//2733 2729//2729 2732//2732
f 2733//2733 2732//2732 2734//2734
f 2734//2734 2732//2732 2724//2724
f 2734//2734 2724//2724 2723//2723
f 2728//2728 2734//2734 2723//2723
f 2728//2728 2723//2723 2722//2722
f 2694//2694 2693//2693 2735//2735
f 2694//2694 2735//2735 2736//2736
f 2693//2693 2692//2692 2737//2737
f 2693//2693 2737//2737 2735//2735
f 2735//2735 2737//2737 2729//2729
f 2735//2735 2729//2729 2733//2733
f 2736//2736 2735//2735 2733//2733
f 2736//2736 2733//2733 2727//2727
f 2692//2692 2718//2718 2738//2738
f 2692//2692 2738//2738 2737//2737
f 2718//2718 2712//2712 2739//2739
f 2718//2718 2739//2739 2738//2738
f 2738//2738 2739//2739 2695//2695
f 2738//2738 2695//2695 2730//2730
f 2737//2737 2738//2738 2730//2730
f 2737//2737 2730//2730 2729//2729
f 2710//2710 2715//2715 2740//2740
f 2710//2710 2740//2740 2741//2741
f 2715//2715 2694//2694 2736//2736
f 2715//2715 2736//2736 2740//2740
f 2740//2740 2736//2736 2727//2727
f 2740//2740 2727//2727 2725//2725
f 2741//2741 2740//2740 2725//2725
f 2741//2741 2725//2725 2699//2699
f 2712//2712 2711//2711 2742//2742
f 2712//2712 2742//2742 2739//2739
f 2711//2711 2710//2710 2741//2741
f 2711//2711 2741//2741 2742//2742
f 2742//2742 2741//2741 2699//2699
f 2742//2742 2699//2699 2696//2696
f 2739//2739 2742//2742 2696//2696
f 2739//2739 2696//2696 2695//2695
f 2743//2743 2744//2744 2745//2745
f 2743//2743 2745//2745 2746//2746
f 2744//2744 2747//2747 2748//2748
f 2744//2744 2748//2748 2745//2745
f 2745//2745 2748//2748 2590//2590
f 2745//2745 2590//2590 2602//2602
f 2746//2746 2745//2745 2602//2602
f 2746//2746 2602//2602 2576//2576
f 2749//2749 2750//2750 2751//2751
f 2749//2749 2751//2751 2752//2752
f 2750//2750 2753//2753 2754//2754
f 2750//2750 2754//2754 2751//2751
f 2751//2751 2754//2754 2572//2572
f 2751//2751 2572//2572 2599//2599
f 2752//2752 2751//2751 2599//2599
f 2752//2752 2599//2599 2594//2594
f 2747//2747 2755//2755 2756//2756
f 2747//2747 2756//2756 2748//2748
f 2755//2755 2749//2749 2752//2752
f 2755//2755 2752//2752 2756//2756
f 2756//2756 2752//2752 2594//2594
f 2756//2756 2594//2594 2591//2591
f 2748//2748 2756//2756 2591//2591
f 2748//2748 2591//2591 2590//2590
f 2753//2753 2757//2757 2758//2758
f 2753//2753 2758//2758 2754//2754
f 2757//2757 2743//2743 2746//2746
f 2757//2757 2746//2746 2758//2758
f 2758//2758 2746//2746 2576//2576
f 2758//2758 2576//2576 2573//2573
f 2754//2754 2758//2758 2573//2573
f 2754//2754 2573//2573 2572//2572
f 2759//2759 2760//2760 2761//2761
f 2759//2759 2761//2761 2762//2762
f 2760//2760 2763//2763 2764//2764
f 2760//2760 2764//2764 2761//2761
f 2761//2761 2764//2764 2765//2765
f 2761//2761 2765//2765 2766//2766
f 2762//2762 2761//2761 2766//2766
f 2762//2762 2766//2766 2767//2767
f 2768//2768 2769//2769 2770//2770
f 2768//2768 2770//2770 2771//2771
f 2769//2769 2772//2772 2773//2773
f 2769//2769 2773//2773 2770//2770
f 2770//2770 2773//2773 2774//2774
f 2770//2770 2774//2774 2775//2775
f 2771//2771 2770//2770 2775//2775
f 2771//2771 2775//2775 2776//2776
f 2777//2777 2778//2778 2779//2779
f 2777//2777 2779//2779 2780//2780
f 2778//2778 2781//2781 2782//2782
f 2778//2778 2782//2782 2779//2779
f 2779//2779 2782//2782 2783//2783
f 2779//2779 2783//2783 2784//2784
f 2780//2780 2779//2779 2784//2784
f 2780//2780 2784//2784 2785//2785
f 2781//2781 2786//2786 2787//2787
f 2781//2781 2787//2787 2782//2782
f 2786//2786 2759//2759 2762//2762
f 2786//2786 2762//2762 2787//2787
f 2787//2787 2762//2762 2767//2767
f 2787//2787 2767//2767 2788//2788
f 2782//2782 2787//2787 2788//2788
f 2782//2782 2788//2788 2783//2783
f 2763//2763 2789//2789 2790//2790
f 2763//2763 2790//2790 2764//2764
f 2789//2789 2777//2777 2780//2780
f 2789//2789 2780//2780 2790//2790
f 2790//2790 2780//2780 2785//2785
f 2790//2790 2785//2785 2791//2791
f 2764//2764 2790//2790 2791//2791
f 2764//2764 2791//2791 2765//2765
f 2776//2776 2775//2775 2792//2792
f 2776//2776 2792//2792 2793//2793
f 2775//2775 2774//2774 2794//2794
f 2775//2775 2794//2794 2792//2792
f 2792//2792 2794//2794 2795//2795
f 2792//2792 2795//2795 2796//2796
f 2793//2793 2792//2792 2796//2796
f 2793//2793 2796//2796 2797//2797
f 2772//2772 2798//2798 2799//2799
f 2772//2772 2799//2799 2773//2773
f 2798//2798 2800//2800 2801//2801
f 2798//2798 2801//2801 2799//2799
f 2799//2799 2801//2801 2795//2795
f 2799//2799 2795//2795 2794//2794
f 2773//2773 2799//2799 2794//2794
f 2773//2773 2794//2794 2774//2774
f 2802//2802 2803//2803 2804//2804
f 2802//2802 2804//2804 2805//2805
f 2803//2803 2768//2768 2771//2771
f 2803//2803 2771//2771 2804//2804
f 2804//2804 2771//2771 2776//2776
f 2804//2804 2776//2776 2793//2793
f 2805//2805 2804//2804 2793//2793
f 2805//2805 2793//2793 2797//2797
f 2800//2800 2806//2806 2807//2807
f 2800//2800 2807//2807 2801//2801
f 2806//2806 2802//2802 2805//2805
f 2806//2806 2805//2805 2807//2807
f 2807//2807 2805//2805 2797//2797
f 2807//2807 2797//2797 2796//2796
f 2801//2801 2807//2807 2796//2796
f 2801//2801 2796//2796 2795//2795
f 2767//2767 2766//2766 2808//2808
f 2767//2767 2808//2808 2809//2809
f 2766//2766 2765//2765 2810//2810
f 2766//2766 2810//2810 2808//2808
f 2808//2808 2810//2810 2802//2802
f 2808//2808 2802//2802 2806//2806
f 2809//2809 2808//2808 2806//2806
f 2809//2809 2806//2806 2800//2800
f 2765//2765 2791//2791 2811//2811
f 2765//2765 2811//2811 2810//2810
f 2791//2791 2785//2785 2812//2812
f 2791//2791 2812//2812 2811//2811
f 2811//2811 2812//2812 2768//2768
f 2811//2811 2768//2768 2803//2803
f 2810//2810 2811//2811 2803//2803
f 2810//2810 2803//2803 2802//2802
f 2783//2783 2788//2788 2813//2813
f 2783//2783 2813//2813 2814//2814
f 2788//2788 2767//2767 2809//2809
f 2788//2788 2809//2809 2813//2813
f 2813//2813 2809//2809 2800//2800
f 2813//2813 2800//2800 2798//2798
f 2814//2814 2813//2813 2798//2798
f 2814//2814 2798//2798 2772//2772
f 2785//2785 2784//2784 2815//2815
f 2785//2785 2815//2815 2812//2812
f 2784//2784 2783//2783 2814//2814
f 2784//2784 2814//2814 2815//2815
f 2815//2815 2814//2814 2772//2772
f 2815//2815 2772//2772 2769//2769
f 2812//2812 2815//2815 2769//2769
f 2812//2812 2769//2769 2768//2768
f 2816//2816 2817//2817 2818//2818
f 2816//2816 2818//2818 2819//2819
f 2817//2817 2820//2820 2821//2821
f 2817//2817 2821//2821 2818//2818
f 2818//2818 2821//2821 2822//2822
f 2818//2818 2822//2822 2823//2823
f 2819//2819 2818//2818 2823//2823
f 2819//2819 2823//2823 2824//2824
f 2825//2825 2826//2826 2827//2827
f 2825//2825 2827//2827 2828//2828
f 2826//2826 2829//2829 2830//2830
f 2826//2826 2830//2830 2827//2827
f 2827//2827 2830//2830 2831//2831
f 2827//2827 2831//2831 2832//2832
f 2828//2828 2827//2827 2832//2832
f 2828//2828 2832//2832 2833//2833
f 2834//2834 2835//2835 2836//2836
f 2834//2834 2836//2836 2837//2837
f 2835//2835 2838//2838 2839//2839
f 2835//2835 2839//2839 2836//2836
f 2836//2836 2839//2839 2840//2840
f 2836//2836 2840//2840 2841//2841
f 2837//2837 2836//2836 2841//2841
f 2837//2837 2841//2841 2842//2842
f 2838//2838 2843//2843 2844//2844
f 2838//2838 2844//2844 2839//2839
f 2843//2843 2816//2816 2819//2819
f 2843//2843 2819//2819 2844//2844
f 2844//2844 2819//2819 2824//2824
f 2844//2844 2824//2824 2845//2845
f 2839//2839 2844//2844 2845//2845
f 2839//2839 2845//2845 2840//2840
f 2820//2820 2846//2846 2847//2847
f 2820//2820 2847//2847 2821//2821
f 2846//2846 2834//2834 2837//2837
f 2846//2846 2837//2837 2847//2847
f 2847//2847 2837//2837 2842//2842
f 2847//2847 2842//2842 2848//2848
f 2821//2821 2847//2847 2848//2848
f 2821//2821 2848//2848 2822//2822
f 2833//2833 2832//2832 2849//2849
f 2833//2833 2849//2849 2850//2850
f 2832//2832 2831//2831 2851//2851
f 2832//2832 2851//2851 2849//2849
f 2849//2849 2851//2851 2852//2852
f 2849//2849 2852//2852 2853//2853
f 2850//2850 2849//2849 2853//2853
f 2850//2850 2853//2853 2854//2854
f 2829//2829 2855//2855 2856//2856
f 2829//2829 2856//2856 2830//2830
f 2855//2855 2857//2857 2858//2858
f 2855//2855 2858//2858 2856//2856
f 2856//2856 2858//2858 2852//2852
f 2856//2856 2852//2852 2851//2851
f 2830//2830 2856//2856 2851//2851
f 2830//2830 2851//2851 2831//2831
f 2859//2859 2860//2860 2861//2861
f 2859//2859 2861//2861 2862//2862
f 2860//2860 2825//2825 2828//2828
f 2860//2860 2828//2828 2861//2861
f 2861//2861 2828//2828 2833//2833
f 2861//2861 2833//2833 2850//2850
f 2862//2862 2861//2861 2850//2850
f 2862//2862 2850//2850 2854//2854
f 2857//2857 2863//2863 2864//2864
f 2857//2857 2864//2864 2858//2858
f 2863//2863 2859//2859 2862//2862
f 2863//2863 2862//2862 2864//2864
f 2864//2864 2862//2862 2854//2854
f 2864//2864 2854//2854 2853//2853
f 2858//2858 2864//2864 2853//2853
f 2858//2858 2853//2853 2852//2852
f 2824//2824 2823//2823 2865//2865
f 2824//2824 2865//2865 2866//2866
f 2823//2823 2822//2822 2867//2867
f 2823//2823 2867//2867 2865//2865
f 2865//2865 2867//2867 2859//2859
f 2865//2865 2859//2859 2863//2863
f 2866//2866 2865//2865 2863//2863
f 2866//2866 2863//2863 2857//2857
f 2822//2822 2848//2848 2868//2868
f 2822//2822 2868//2868 2867//2867
f 2848//2848 2842//2842 2869//2869
f 2848//2848 2869//2869 2868//2868
f 2868//2868 2869//2869 2825//2825
f 2868//2868 2825//2825 2860//2860
f 2867//2867 2868//2868 2860//2860
f 2867//2867 2860//2860 2859//2859
f 2840//2840 2845//2845 2870//2870
f 2840//2840 2870//2870 2871//2871
f 2845//2845 2824//2824 2866//2866
f 2845//2845 2866//2866 2870//2870
f 2870//2870 2866//2866 2857//2857
f 2870//2870 2857//2857 2855//2855
f 2871//2871 2870//2870 2855//2855
f 2871//2871 2855//2855 2829//2829
f 2842//2842 2841//2841 2872//2872
f 2842//2842 2872//2872 2869//2869
f 2841//2841 2840//2840 2871//2871
f 2841//2841 2871//2871 2872//2872
f 2872//2872 2871//2871 2829//2829
f 2872//2872 2829//2829 2826//2826
f 2869//2869 2872//2872 2826//2826
f 2869//2869 2826//2826 2825//2825
usemtl Tree_Leaves
f 2873/1/2873 2874/2/2874 2875/3/2875
f 2874/2/2874 2876/4/2876 2877/5/2877
f 2874/2/2874 2877/5/2877 2878/6/2878
f 2874/2/2874 2878/6/2878 2879/7/2879
f 2875/3/2875 2874/2/2874 2879/7/2879
f 2875/3/2875 2879/7/2879 2880/8/2880
f 2875/3/2875 2880/8/2880 2881/9/2881
f 2882/10/2882 2883/11/2883 2884/12/2884
f 2874/2/2874 2873/1/2873 2876/4/2876
f 2879/7/2879 2878/6/2878 2883/11/2883
f 2879/7/2879 2883/11/2883 2882/10/2882
f 2884/12/2884 2885/13/2885 2882/10/2882
f 2885/13/2885 2880/8/2880 2879/7/2879
f 2885/13/2885 2879/7/2879 2882/10/2882
f 2886/14/2886 2887/15/2887 2888/16/2888
f 2887/15/2887 2889/17/2889 2890/18/2890
f 2887/15/2887 2890/18/2890 2891/19/2891
f 2887/15/2887 2891/19/2891 2892/20/2892
f 2888/16/2888 2887/15/2887 2892/20/2892
f 2888/16/2888 2892/20/2892 2893/21/2893
f 2888/16/2888 2893/21/2893 2894/22/2894
f 2895/23/2895 2896/24/2896 2897/25/2897
f 2887/15/2887 2886/14/2886 2889/17/2889
f 2892/20/2892 2891/19/2891 2896/24/2896
f 2892/20/2892 2896/24/2896 2895/23/2895
f 2897/25/2897 2898/26/2898 2895/23/2895
f 2898/26/2898 2893/21/2893 2892/20/2892
f 2898/26/2898 2892/20/2892 2895/23/2895
f 2899/27/2899 2900/28/2900 2901/29/2901
f 2900/28/2900 2902/30/2902 2903/31/2903
f 2900/28/2900 2903/31/2903 2904/32/2904
f 2900/28/2900 2904/32/2904 2905/33/2905
f 2901/29/2901 2900/28/2900 2905/33/2905
f 2901/29/2901 2905/33/2905 2906/34/2906
f 2901/29/2901 2906/34/2906 2907/35/2907
f 2908/36/2908 2909/37/2909 2910/38/2910
f 2900/28/2900 2899/27/2899 2902/30/2902
f 2905/33/2905 2904/32/2904 2909/37/2909
f 2905/33/2905 2909/37/2909 2908/36/2908
f 2910/38/2910 2911/39/2911 2908/36/2908
f 2911/39/2911 2906/34/2906 2905/33/2905
f 2911/39/2911 2905/33/2905 2908/36/2908
f 2912/40/2912 2913/41/2913 2914/42/2914
f 2913/41/2913 2915/43/2915 2916/44/2916
f 2913/41/2913 2916/44/2916 2917/45/2917
f 2913/41/2913 2917/45/2917 2918/46/2918
f 2914/42/2914 2913/41/2913 2918/46/2918
f 2914/42/2914 2918/46/2918 2919/47/2919
f 2914/42/2914 2919/47/2919 2920/48/2920
f 2921/49/2921 2922/50/2922 2923/51/2923
f 2913/41/2913 2912/40/2912 2915/43/2915
f 2918/46/2918 2917/45/2917 2922/50/2922
f 2918/46/2918 2922/50/2922 2921/49/2921
f 2923/51/2923 2924/52/2924 2921/49/2921
f 2924/52/2924 2919/47/2919 2918/46/2918
f 2924/52/2924 2918/46/2918 2921/49/2921
f 2925/53/2925 2926/54/2926 2927/55/2927
f 2926/54/2926 2928/56/2928 2929/57/2929
f 2926/54/2926 2929/57/2929 2930/58/2930
f 2926/54/2926 2930/58/2930 2931/59/2931
f 2927/55/2927 2926/54/2926 2931/59/2931
f 2927/55/2927 2931/59/2931 2932/60/2932
f 2927/55/2927 2932/60/2932 2933/61/2933
f 2934/62/2934 2935/63/2935 2936/64/2936
f 2926/54/2926 2925/53/2925 2928/56/2928
f 2931/59/2931 2930/58/2930 2935/63/2935
f 2931/59/2931 2935/63/2935 2934/62/2934
f 2936/64/2936 2937/65/2937 2934/62/2934
f 2937/65/2937 2932/60/2932 2931/59/2931
f 2937/65/2937 2931/59/2931 2934/62/2934
f 2938/66/2938 2939/67/2939 2940/68/2940
f 2939/67/2939 2941/69/2941 2942/70/2942
f 2939/67/2939 2942/70/2942 2943/71/2943
f 2939/67/2939 2943/71/2943 2944/72/2944
f 2940/68/2940 2939/67/2939 2944/72/2944
f 2940/68/2940 2944/72/2944 2945/73/2945
f 2940/68/2940 2945/73/2945 2946/74/2946
f 2947/75/2947 2948/76/2948 2949/77/2949
f 2939/67/2939 2938/66/2938 2941/69/2941
f 2944/72/2944 2943/71/2943 2948/76/2948
f 2944/72/2944 2948/76/2948 2947/75/2947
f 2949/77/2949 2950/78/2950 2947/75/2947
f 2950/78/2950 2945/73/2945 2944/72/2944
f 2950/78/2950 2944/72/2944 2947/75/2947
f 2951/79/2951 2952/80/2952 2953/81/2953
f 2952/80/2952 2954/82/2954 2955/83/2955
f 2952/80/2952 2955/83/2955 2956/84/2956
f 2952/80/2952 2956/84/2956 2957/85/2957
f 2953/81/2953 2952/80/2952 2957/85/2957
f 2953/81/2953 2957/85/2957 2958/86/2958
f 2953/81/2953 2958/86/2958 2959/87/2959
f 2960/88/2960 2961/89/2961 2962/90/2962
f 2952/80/2952 2951/79/2951 2954/82/2954
f 2957/85/2957 2956/84/2956 2961/89/2961
f 2957/85/2957 2961/89/2961 2960/88/2960
f 2962/90/2962 2963/91/2963 2960/88/2960
f 2963/91/2963 2958/86/2958 2957/85/2957
f 2963/91/2963 2957/85/2957 2960/88/2960
f 2964/92/2964 2965/93/2965 2966/94/2966
f 2965/93/2965 2967/95/2967 2968/96/2968
f 2965/93/2965 2968/96/2968 2969/97/2969
f 2965/93/2965 2969/97/2969 2970/98/2970
f 2966/94/2966 2965/93/2965 2970/98/2970
f 2966/94/2966 2970/98/2970 2971/99/2971
f 2966/94/2966 2971/99/2971 2972/100/2972
f 2973/101/2973 2974/102/2974 2975/103/2975
f 2965/93/2965 2964/92/2964 2967/95/2967
f 2970/98/2970 2969/97/2969 2974/102/2974
f 2970/98/2970 2974/102/2974 2973/101/2973
f 2975/103/2975 2976/104/2976 2973/101/2973
f 2976/104/2976 2971/99/2971 2970/98/2970
f 2976/104/2976 2970/98/2970 2973/101/2973
f 2977/105/2977 2978/106/2978 2979/107/2979
f 2978/106/2978 2980/108/2980 2981/109/2981
f 2978/106/2978 2981/109/2981 2982/110/2982
f 2978/106/2978 2982/110/2982 2983/111/2983
f 2979/107/2979 2978/106/2978 2983/111/2983
f 2979/107/2979 2983/111/2983 2984/112/2984
f 2979/107/2979 2984/112/2984 2985/113/2985
f 2986/114/2986 2987/115/2987 2988/116/2988
f 2978/106/2978 2977/105/2977 2980/108/2980
f 2983/111/2983 2982/110/2982 2987/115/2987
f 2983/111/2983 2987/115/2987 2986/114/2986
f 2988/116/2988 2989/117/2989 2986/114/2986
f 2989/117/2989 2984/112/2984 2983/111/2983
f 2989/117/2989 2983/111/2983 2986/114/2986
f 2990/118/2990 2991/119/2991 2992/120/2992
f 2991/119/2991 2993/121/2993 2994/122/2994
f 2991/119/2991 2994/122/2994 2995/123/2995
f 2991/119/2991 2995/123/2995 2996/124/2996
f 2992/120/2992 2991/119/2991 2996/124/2996
f 2992/120/2992 2996/124/2996 2997/125/2997
f 2992/120/2992 2997/125/2997 2998/126/2998
f 2999/127/2999 3000/128/3000 3001/129/3001
f 2991/119/2991 2990/118/2990 2993/121/2993
f 2996/124/2996 2995/123/2995 3000/128/3000
f 2996/124/2996 3000/128/3000 2999/127/2999
f 3001/129/3001 3002/130/3002 2999/127/2999
f 3002/130/3002 2997/125/2997 2996/124/2996
f 3002/130/3002 2996/124/2996 2999/127/2999
f 3003/131/3003 3004/132/3004 3005/133/3005
f 3004/132/3004 3006/134/3006 3007/135/3007
f 3004/132/3004 3007/135/3007 3008/136/3008
f 3004/132/3004 3008/136/3008 3009/137/3009
f 3005/133/3005 3004/132/3004 3009/137/3009
f 3005/133/3005 3009/137/3009 3010/138/3010
f 3005/133/3005 3010/138/3010 3011/139/3011
f 3012/140/3012 3013/141/3013 3014/142/3014
f 3004/132/3004 3003/131/3003 3006/134/3006
f 3009/137/3009 3008/136/3008 3013/141/3013
f 3009/137/3009 3013/141/3013 3012/140/3012
f 3014/142/3014 3015/143/3015 3012/140/3012
f 3015/143/3015 3010/138/3010 3009/137/3009
f 3015/143/3015 3009/137/3009 3012/140/3012
f 3016/144/3016 3017/145/3017 3018/146/3018
f 3017/145/3017 3019/147/3019 3020/148/3020
f 3017/145/3017 3020/148/3020 3021/149/3021
f 3017/145/3017 3021/149/3021 3022/150/3022
f 3018/146/3018 3017/145/3017 3022/150/3022
f 3018/146/3018 3022/150/3022 3023/151/3023
f 3018/146/3018 3023/151/3023 3024/152/3024
f 3025/153/3025 3026/154/3026 3027/155/3027
f 3017/145/3017 3016/144/3016 3019/147/3019
f 3022/150/3022 3021/149/3021 3026/154/3026
f 3022/150/3022 3026/154/3026 3025/153/3025
f 3027/155/3027 3028/156/3028 3025/153/3025
f 3028/156/3028 3023/151/3023 3022/150/3022
f 3028/156/3028 3022/150/3022 3025/153/3025
f 3029/157/3029 3030/158/3030 3031/159/3031
f 3030/158/3030 3032/160/3032 3033/161/3033
f 3030/158/3030 3033/161/3033 3034/162/3034
f 3030/158/3030 3034/162/3034 3035/163/3035
f 3031/159/3031 3030/158/3030 3035/163/3035
f 3031/159/3031 3035/163/3035 3036/164/3036
f 3031/159/3031 3036/164/3036 3037/165/3037
f 3038/166/3038 3039/167/3039 3040/168/3040
f 3030/158/3030 3029/157/3029 3032/160/3032
f 3035/163/3035 3034/162/3034 3039/167/3039
f 3035/163/3035 3039/167/3039 3038/166/3038
f 3040/168/3040 3041/169/3041 3038/166/3038
f 3041/169/3041 3036/164/3036 3035/163/3035
f 3041/169/3041 3035/163/3035 3038/166/3038
f 3042/170/3042 3043/171/3043 3044/172/3044
f 3043/171/3043 3045/173/3045 3046/174/3046
f 3043/171/3043 3046/174/3046 3047/175/3047
f 3043/171/3043 3047/175/3047 3048/176/3048
f 3044/172/3044 3043/171/3043 3048/176/3048
f 3044/172/3044 3048/176/3048 3049/177/3049
f 3044/172/3044 3049/177/3049 3050/178/3050
f 3051/179/3051 3052/180/3052 3053/181/3053
f 3043/171/3043 3042/170/3042 3045/173/3045
f 3048/176/3048 3047/175/3047 3052/180/3052
f 3048/176/3048 3052/180/3052 3051/179/3051
f 3053/181/3053 3054/182/3054 3051/179/3051
f 3054/182/3054 3049/177/3049 3048/176/3048
f 3054/182/3054 3048/176/3048 3051/179/3051
f 3055/183/3055 3056/184/3056 3057/185/3057
f 3056/184/3056 3058/186/3058 3059/187/3059
f 3056/184/3056 3059/187/3059 3060/188/3060
f 3056/184/3056 3060/188/3060 3061/189/3061
f 3057/185/3057 3056/184/3056 3061/189/3061
f 3057/185/3057 3061/189/3061 3062/190/3062
f 3057/185/3057 3062/190/3062 3063/191/3063
f 3064/192/3064 3065/193/3065 3066/194/3066
f 3056/184/3056 3055/183/3055 3058/186/3058
f 3061/189/3061 3060/188/3060 3065/193/3065
f 3061/189/3061 3065/193/3065 3064/192/3064
f 3066/194/3066 3067/195/3067 3064/192/3064
f 3067/195/3067 3062/190/3062 3061/189/3061
f 3067/195/3067 3061/189/3061 3064/192/3064
f 3068/196/3068 3069/197/3069 3070/198/3070
f 3069/197/3069 3071/199/3071 3072/200/3072
f 3069/197/3069 3072/200/3072 3073/201/3073
f 3069/197/3069 3073/201/3073 3074/202/3074
f 3070/198/3070 3069/197/3069 3074/202/3074
f 3070/198/3070 3074/202/3074 3075/203/3075
f 3070/198/3070 3075/203/3075 3076/204/3076
f 3077/205/3077 3078/206/3078 3079/207/3079
f 3069/197/3069 3068/196/3068 3071/199/3071
f 3074/202/3074 3073/201/3073 3078/206/3078
f 3074/202/3074 3078/206/3078 3077/205/3077
f 3079/207/3079 3080/208/3080 3077/205/3077
f 3080/208/3080 3075/203/3075 3074/202/3074
f 3080/208/3080 3074/202/3074 3077/205/3077
f 3081/209/3081 3082/210/3082 3083/211/3083
f 3081/209/3081 3083/211/3083 3084/212/3084
f 3085/213/3085 3086/214/3086 3087/215/3087
f 3085/213/3085 3087/215/3087 3088/216/3088
f 3084/212/3084 3083/211/3083 3089/217/3089
f 3084/212/3084 3089/217/3089 3090/218/3090
f 3091/219/3091 3092/220/3092 3093/221/3093
f 3091/219/3091 3093/221/3093 3086/214/3086
f 3094/222/3094 3095/223/3095 3096/224/3096
f 3086/214/3086 3093/221/3093 3097/225/3097
f 3086/214/3086 3097/225/3097 3087/215/3087
f 3098/226/3098 3091/219/3091 3086/214/3086
f 3098/226/3098 3086/214/3086 3085/213/3085
f 3095/223/3095 3099/227/3099 3100/228/3100
f 3095/223/3095 3100/228/3100 3082/210/3082
f 3096/224/3096 3095/223/3095 3082/210/3082
f 3096/224/3096 3082/210/3082 3081/209/3081
f 3083/211/3083 3101/229/3101 3102/230/3102
f 3083/211/3083 3102/230/3102 3089/217/3089
f 3095/223/3095 3094/222/3094 3099/227/3099
f 3082/210/3082 3100/228/3100 3101/229/3101
f 3082/210/3082 3101/229/3101 3083/211/3083
f 3089/217/3089 3091/219/3091 3098/226/3098
f 3089/217/3089 3098/226/3098 3090/218/3090
f 3102/230/3102 3092/220/3092 3091/219/3091
f 3102/230/3102 3091/219/3091 3089/217/3089
f 3103/231/3103 3104/232/3104 3105/233/3105
f 3103/231/3103 3105/233/3105 3106/234/3106
f 3107/235/3107 3108/236/3108 3109/237/3109
f 3107/235/3107 3109/237/3109 3110/238/3110
f 3106/234/3106 3105/233/3105 3111/239/3111
f 3106/234/3106 3111/239/3111 3112/240/3112
f 3113/241/3113 3114/242/3114 3115/243/3115
f 3113/241/3113 3115/243/3115 3108/236/3108
f 3116/244/3116 3117/245/3117 3118/246/3118
f 3108/236/3108 3115/243/3115 3119/247/3119
f 3108/236/3108 3119/247/3119 3109/237/3109
f 3120/248/3120 3113/241/3113 3108/236/3108
f 3120/248/3120 3108/236/3108 3107/235/3107
f 3117/245/3117 3121/249/3121 3122/250/3122
f 3117/245/3117 3122/250/3122 3104/232/3104
f 3118/246/3118 3117/245/3117 3104/232/3104
f 3118/246/3118 3104/232/3104 3103/231/3103
f 3105/233/3105 3123/251/3123 3124/252/3124
f 3105/233/3105 3124/252/3124 3111/239/3111
f 3117/245/3117 3116/244/3116 3121/249/3121
f 3104/232/3104 3122/250/3122 3123/251/3123
f 3104/232/3104 3123/251/3123 3105/233/3105
f 3111/239/3111 3113/241/3113 3120/248/3120
f 3111/239/3111 3120/248/3120 3112/240/3112
f 3124/252/3124 3114/242/3114 3113/241/3113
f 3124/252/3124 3113/241/3113 3111/239/3111
f 3125/253/3125 3126/254/3126 3127/255/3127
f 3125/253/3125 3127/255/3127 3128/256/3128
f 3129/257/3129 3130/258/3130 3131/259/3131
f 3129/257/3129 3131/259/3131 3132/260/3132
f 3128/256/3128 3127/255/3127 3133/261/3133
f 3128/256/3128 3133/261/3133 3134/262/3134
f 3135/263/3135 3136/264/3136 3137/265/3137
f 3135/263/3135 3137/265/3137 3130/258/3130
f 3138/266/3138 3139/267/3139 3140/268/3140
f 3130/258/3130 3137/265/3137 3141/269/3141
f 3130/258/3130 3141/269/3141 3131/259/3131
f 3142/270/3142 3135/263/3135 3130/258/3130
f 3142/270/3142 3130/258/3130 3129/257/3129
f 3139/267/3139 3143/271/3143 3144/272/3144
f 3139/267/3139 3144/272/3144 3126/254/3126
f 3140/268/3140 3139/267/3139 3126/254/3126
f 3140/268/3140 3126/254/3126 3125/253/3125
f 3127/255/3127 3145/273/3145 3146/274/3146
f 3127/255/3127 3146/274/3146 3133/261/3133
f 3139/267/3139 3138/266/3138 3143/271/3143
f 3126/254/3126 3144/272/3144 3145/273/3145
f 3126/254/3126 3145/273/3145 3127/255/3127
f 3133/261/3133 3135/263/3135 3142/270/3142
f 3133/261/3133 3142/270/3142 3134/262/3134
f 3146/274/3146 3136/264/3136 3135/263/3135
f 3146/274/3146 3135/263/3135 3133/261/3133
f 3147/275/3147 3148/276/3148 3149/277/3149
f 3147/275/3147 3149/277/3149 3150/278/3150
f 3151/279/3151 3152/280/3152 3153/281/3153
f 3151/279/3151 3153/281/3153 3154/282/3154
f 3150/278/3150 3149/277/3149 3155/283/3155
f 3150/278/3150 3155/283/3155 3156/284/3156
f 3157/285/3157 3158/286/3158 3159/287/3159
f 3157/285/3157 3159/287/3159 3152/280/3152
f 3160/288/3160 3161/289/3161 3162/290/3162
f 3152/280/3152 3159/287/3159 3163/291/3163
f 3152/280/3152 3163/291/3163 3153/281/3153
f 3164/292/3164 3157/285/3157 3152/280/3152
f 3164/292/3164 3152/280/3152 3151/279/3151
f 3161/289/3161 3165/293/3165 3166/294/3166
f 3161/289/3161 3166/294/3166 3148/276/3148
f 3162/290/3162 3161/289/3161 3148/276/3148
f 3162/290/3162 3148/276/3148 3147/275/3147
f 3149/277/3149 3167/295/3167 3168/296/3168
f 3149/277/3149 3168/296/3168 3155/283/3155
f 3161/289/3161 3160/288/3160 3165/293/3165
f 3148/276/3148 3166/294/3166 3167/295/3167
f 3148/276/3148 3167/295/3167 3149/277/3149
f 3155/283/3155 3157/285/3157 3164/292/3164
f 3155/283/3155 3164/292/3164 3156/284/3156
f 3168/296/3168 3158/286/3158 3157/285/3157
f 3168/296/3168 3157/285/3157 3155/283/3155
f 3169/297/3169 3170/298/3170 3171/299/3171
f 3169/297/3169 3171/299/3171 3172/300/3172
f 3173/301/3173 3174/302/3174 3175/303/3175
f 3173/301/3173 3175/303/3175 3176/304/3176
f 3170/298/3170 3177/305/3177 3178/306/3178
f 3170/298/3170 3178/306/3178 3171/299/3171
f 3179/307/3179 3176/304/3176 3180/308/3180
f 3179/307/3179 3180/308/3180 3181/309/3181
f 3182/310/3182 3183/311/3183 3184/312/3184
f 3176/304/3176 3175/303/3175 3185/313/3185
f 3176/304/3176 3185/313/3185 3180/308/3180
f 3186/314/3186 3173/301/3173 3176/304/3176
f 3186/314/3186 3176/304/3176 3179/307/3179
f 3184/312/3184 3172/300/3172 3187/315/3187
f 3184/312/3184 3187/315/3187 3188/316/3188
f 3183/311/3183 3169/297/3169 3172/300/3172
f 3183/311/3183 3172/300/3172 3184/312/3184
f 3171/299/3171 3178/306/3178 3189/317/3189
f 3171/299/3171 3189/317/3189 3190/318/3190
f 3184/312/3184 3188/316/3188 3182/310/3182
f 3172/300/3172 3171/299/3171 3190/318/3190
f 3172/300/3172 3190/318/3190 3187/315/3187
f 3178/306/3178 3177/305/3177 3186/314/3186
f 3178/306/3178 3186/314/3186 3179/307/3179
f 3189/317/3189 3178/306/3178 3179/307/3179
f 3189/317/3189 3179/307/3179 3181/309/3181
f 3191/319/3191 3192/320/3192 3193/321/3193
f 3191/319/3191 3193/321/3193 3194/322/3194
f 3195/323/3195 3196/324/3196 3197/325/3197
f 3195/323/3195 3197/325/3197 3198/326/3198
f 3194/322/3194 3193/321/3193 3199/327/3199
f 3194/322/3194 3199/327/3199 3200/328/3200
f 3201/329/3201 3202/330/3202 3203/331/3203
f 3201/329/3201 3203/331/3203 3196/324/3196
f 3204/332/3204 3205/333/3205 3206/334/3206
f 3196/324/3196 3203/331/3203 3207/335/3207
f 3196/324/3196 3207/335/3207 3197/325/3197
f 3208/336/3208 3201/329/3201 3196/324/3196
f 3208/336/3208 3196/324/3196 3195/323/3195
f 3205/333/3205 3209/337/3209 3210/338/3210
f 3205/333/3205 3210/338/3210 3192/320/3192
f 3206/334/3206 3205/333/3205 3192/320/3192
f 3206/334/3206 3192/320/3192 3191/319/3191
f 3193/321/3193 3211/339/3211 3212/340/3212
f 3193/321/3193 3212/340/3212 3199/327/3199
f 3205/333/3205 3204/332/3204 3209/337/3209
f 3192/320/3192 3210/338/3210 3211/339/3211
f 3192/320/3192 3211/339/3211 3193/321/3193
f 3199/327/3199 3201/329/3201 3208/336/3208
f 3199/327/3199 3208/336/3208 3200/328/3200
f 3212/340/3212 3202/330/3202 3201/329/3201
f 3212/340/3212 3201/329/3201 3199/327/3199
f 3213/341/3213 3214/342/3214 3215/343/3215
f 3213/341/3213 3215/343/3215 3216/344/3216
f 3217/345/3217 3218/346/3218 3219/347/3219
f 3217/345/3217 3219/347/3219 3220/348/3220
f 3216/344/3216 3215/343/3215 3221/349/3221
f 3216/344/3216 3221/349/3221 3222/350/3222
f 3223/351/3223 3224/352/3224 3225/353/3225
f 3223/351/3223 3225/353/3225 3218/346/3218
f 3226/354/3226 3227/355/3227 3228/356/3228
f 3218/346/3218 3225/353/3225 3229/357/3229
f 3218/346/3218 3229/357/3229 3219/347/3219
f 3230/358/3230 3223/351/3223 3218/346/3218
f 3230/358/3230 3218/346/3218 3217/345/3217
f 3227/355/3227 3231/359/3231 3232/360/3232
f 3227/355/3227 3232/360/3232 3214/342/3214
f 3228/356/3228 3227/355/3227 3214/342/3214
f 3228/356/3228 3214/342/3214 3213/341/3213
f 3215/343/3215 3233/361/3233 3234/362/3234
f 3215/343/3215 3234/362/3234 3221/349/3221
f 3227/355/3227 3226/354/3226 3231/359/3231
f 3214/342/3214 3232/360/3232 3233/361/3233
f 3214/342/3214 3233/361/3233 3215/343/3215
f 3221/349/3221 3223/351/3223 3230/358/3230
f 3221/349/3221 3230/358/3230 3222/350/3222
f 3234/362/3234 3224/352/3224 3223/351/3223
f 3234/362/3234 3223/351/3223 3221/349/3221
f 3235/363/3235 3236/364/3236 3237/365/3237
f 3235/363/3235 3237/365/3237 3238/366/3238
f 3239/367/3239 3240/368/3240 3241/369/3241
f 3239/367/3239 3241/369/3241 3242/370/3242
f 3238/366/3238 3237/365/3237 3243/371/3243
f 3238/366/3238 3243/371/3243 3244/372/3244
f 3245/373/3245 3246/374/3246 3247/375/3247
f 3245/373/3245 3247/375/3247 3240/368/3240
f 3248/376/3248 3249/377/3249 3250/378/3250
f 3240/368/3240 3247/375/3247 3251/379/3251
f 3240/368/3240 3251/379/3251 3241/369/3241
f 3252/380/3252 3245/373/3245 3240/368/3240
f 3252/380/3252 3240/368/3240 3239/367/3239
f 3249/377/3249 3253/381/3253 3254/382/3254
f 3249/377/3249 3254/382/3254 3236/364/3236
f 3250/378/3250 3249/377/3249 3236/364/3236
f 3250/378/3250 3236/364/3236 3235/363/3235
f 3237/365/3237 3255/383/3255 3256/384/3256
f 3237/365/3237 3256/384/3256 3243/371/3243
f 3249/377/3249 3248/376/3248 3253/381/3253
f 3236/364/3236 3254/382/3254 3255/383/3255
f 3236/364/3236 3255/383/3255 3237/365/3237
f 3243/371/3243 3245/373/3245 3252/380/3252
f 3243/371/3243 3252/380/3252 3244/372/3244
f 3256/384/3256 3246/374/3246 3245/373/3245
f 3256/384/3256 3245/373/3245 3243/371/3243
f 3257/385/3257 3258/386/3258 3259/387/3259
f 3257/385/3257 3259/387/3259 3260/388/3260
f 3261/389/3261 3262/390/3262 3263/391/3263
f 3261/389/3261 3263/391/3263 3264/392/3264
f 3260/388/3260 3259/387/3259 3265/393/3265
f 3260/388/3260 3265/393/3265 3266/394/3266
f 3267/395/3267 3268/396/3268 3269/397/3269
f 3267/395/3267 3269/397/3269 3262/390/3262
f 3270/398/3270 3271/399/3271 3272/400/3272
f 3262/390/3262 3269/397/3269 3273/401/3273
f 3262/390/3262 3273/401/3273 3263/391/3263
f 3274/402/3274 3267/395/3267 3262/390/3262
f 3274/402/3274 3262/390/3262 3261/389/3261
f 3271/399/3271 3275/403/3275 3276/404/3276
f 3271/399/3271 3276/404/3276 3258/386/3258
f 3272/400/3272 3271/399/3271 3258/386/3258
f 3272/400/3272 3258/386/3258 3257/385/3257
f 3259/387/3259 3277/405/3277 3278/406/3278
f 3259/387/3259 3278/406/3278 3265/393/3265
f 3271/399/3271 3270/398/3270 3275/403/3275
f 3258/386/3258 3276/404/3276 3277/405/3277
f 3258/386/3258 3277/405/3277 3259/387/3259
f 3265/393/3265 3267/395/3267 3274/402/3274
f 3265/393/3265 3274/402/3274 3266/394/3266
f 3278/406/3278 3268/396/3268 3267/395/3267
f 3278/406/3278 3267/395/3267 3265/393/3265
f 3279/407/3279 3280/408/3280 3281/409/3281
f 3279/407/3279 3281/409/3281 3282/410/3282
f 3283/411/3283 3284/412/3284 3285/413/3285
f 3283/411/3283 3285/413/3285 3286/414/3286
f 3280/408/3280 3287/415/3287 3288/416/3288
f 3280/408/3280 3288/416/3288 3281/409/3281
f 3289/417/3289 3286/414/3286 3290/418/3290
f 3289/417/3289 3290/418/3290 3291/419/3291
f 3292/420/3292 3293/421/3293 3294/422/3294
f 3286/414/3286 3285/413/3285 3295/423/3295
f 3286/414/3286 3295/423/3295 3290/418/3290
f 3296/424/3296 3283/411/3283 3286/414/3286
f 3296/424/3296 3286/414/3286 3289/417/3289
f 3294/422/3294 3282/410/3282 3297/425/3297
f 3294/422/3294 3297/425/3297 3298/426/3298
f 3293/421/3293 3279/407/3279 3282/410/3282
f 3293/421/3293 3282/410/3282 3294/422/3294
f 3281/409/3281 3288/416/3288 3299/427/3299
f 3281/409/3281 3299/427/3299 3300/428/3300
f 3294/422/3294 3298/426/3298 3292/420/3292
f 3282/410/3282 3281/409/3281 3300/428/3300
f 3282/410/3282 3300/428/3300 3297/425/3297
f 3288/416/3288 3287/415/3287 3296/424/3296
f 3288/416/3288 3296/424/3296 3289/417/3289
f 3299/427/3299 3288/416/3288 3289/417/3289
f 3299/427/3299 3289/417/3289 3291/419/3291
f 3301/429/3301 3302/430/3302 3303/431/3303
f 3302/430/3302 3304/432/3304 3305/433/3305
f 3302/430/3302 3305/433/3305 3306/434/3306
f 3302/430/3302 3306/434/3306 3307/435/3307
f 3303/431/3303 3302/430/3302 3307/435/3307
f 3303/431/3303 3307/435/3307 3308/436/3308
f 3303/431/3303 3308/436/3308 3309/437/3309
f 3310/438/3310 3311/439/3311 3312/440/3312
f 3302/430/3302 3301/429/3301 3304/432/3304
f 3307/435/3307 3306/434/3306 3311/439/3311
f 3307/435/3307 3311/439/3311 3310/438/3310
f 3312/440/3312 3313/441/3313 3310/438/3310
f 3313/441/3313 3308/436/3308 3307/435/3307
f 3313/441/3313 3307/435/3307 3310/438/3310
f 3314/442/3314 3315/443/3315 3316/444/3316
f 3315/443/3315 3317/445/3317 3318/446/3318
f 3315/443/3315 3318/446/3318 3319/447/3319
f 3315/443/3315 3319/447/3319 3320/448/3320
f 3316/444/3316 3315/443/3315 3320/448/3320
f 3316/444/3316 3320/448/3320 3321/449/3321
f 3316/444/3316 3321/449/3321 3322/450/3322
f 3323/451/3323 3324/452/3324 3325/453/3325
f 3315/443/3315 3314/442/3314 3317/445/3317
f 3320/448/3320 3319/447/3319 3324/452/3324
f 3320/448/3320 3324/452/3324 3323/451/3323
f 3325/453/3325 3326/454/3326 3323/451/3323
f 3326/454/3326 3321/449/3321 3320/448/3320
f 3326/454/3326 3320/448/3320 3323/451/3323
f 3327/455/3327 3328/456/3328 3329/457/3329
f 3328/456/3328 3330/458/3330 3331/459/3331
f 3328/456/3328 3331/459/3331 3332/460/3332
f 3328/456/3328 3332/460/3332 3333/461/3333
f 3329/457/3329 3328/456/3328 3333/461/3333
f 3329/457/3329 3333/461/3333 3334/462/3334
f 3329/457/3329 3334/462/3334 3335/463/3335
f 3336/464/3336 3337/465/3337 3338/466/3338
f 3328/456/3328 3327/455/3327 3330/458/3330
f 3333/461/3333 3332/460/3332 3337/465/3337
f 3333/461/3333 3337/465/3337 3336/464/3336
f 3338/466/3338 3339/467/3339 3336/464/3336
f 3339/467/3339 3334/462/3334 3333/461/3333
f 3339/467/3339 3333/461/3333 3336/464/3336
f 3340/468/3340 3341/469/3341 3342/470/3342
f 3341/469/3341 3343/471/3343 3344/472/3344
f 3341/469/3341 3344/472/3344 3345/473/3345
f 3341/469/3341 3345/473/3345 3346/474/3346
f 3342/470/3342 3341/469/3341 3346/474/3346
f 3342/470/3342 3346/474/3346 3347/475/3347
f 3342/470/3342 3347/475/3347 3348/476/3348
f 3349/477/3349 3350/478/3350 3351/479/3351
f 3341/469/3341 3340/468/3340 3343/471/3343
f 3346/474/3346 3345/473/3345 3350/478/3350
f 3346/474/3346 3350/478/3350 3349/477/3349
f 3351/479/3351 3352/480/3352 3349/477/3349
f 3352/480/3352 3347/475/3347 3346/474/3346
f 3352/480/3352 3346/474/3346 3349/477/3349
f 3353/481/3353 3354/482/3354 3355/483/3355
f 3354/482/3354 3356/484/3356 3357/485/3357
f 3354/482/3354 3357/485/3357 3358/486/3358
f 3354/482/3354 3358/486/3358 3359/487/3359
f 3355/483/3355 3354/482/3354 3359/487/3359
f 3355/483/3355 3359/487/3359 3360/488/3360
f 3355/483/3355 3360/488/3360 3361/489/3361
f 3362/490/3362 3363/491/3363 3364/492/3364
f 3354/482/3354 3353/481/3353 3356/484/3356
f 3359/487/3359 3358/486/3358 3363/491/3363
f 3359/487/3359 3363/491/3363 3362/490/3362
f 3364/492/3364 3365/493/3365 3362/490/3362
f 3365/493/3365 3360/488/3360 3359/487/3359
f 3365/493/3365 3359/487/3359 3362/490/3362
f 3366/494/3366 3367/495/3367 3368/496/3368
f 3367/495/3367 3369/497/3369 3370/498/3370
f 3367/495/3367 3370/498/3370 3371/499/3371
f 3367/495/3367 3371/499/3371 3372/500/3372
f 3368/496/3368 3367/495/3367 3372/500/3372
f 3368/496/3368 3372/500/3372 3373/501/3373
f 3368/496/3368 3373/501/3373 3374/502/3374
f 3375/503/3375 3376/504/3376 3377/505/3377
f 3367/495/3367 3366/494/3366 3369/497/3369
f 3372/500/3372 3371/499/3371 3376/504/3376
f 3372/500/3372 3376/504/3376 3375/503/3375
f 3377/505/3377 3378/506/3378 3375/503/3375
f 3378/506/3378 3373/501/3373 3372/500/3372
f 3378/506/3378 3372/500/3372 3375/503/3375
f 3379/507/3379 3380/508/3380 3381/509/3381
f 3380/508/3380 3382/510/3382 3383/511/3383
f 3380/508/3380 3383/511/3383 3384/512/3384
f 3380/508/3380 3384/512/3384 3385/513/3385
f 3381/509/3381 3380/508/3380 3385/513/3385
f 3381/509/3381 3385/513/3385 3386/514/3386
f 3381/509/3381 3386/514/3386 3387/515/3387
f 3388/516/3388 3389/517/3389 3390/518/3390
f 3380/508/3380 3379/507/3379 3382/510/3382
f 3385/513/3385 3384/512/3384 3389/517/3389
f 3385/513/3385 3389/517/3389 3388/516/3388
f 3390/518/3390 3391/519/3391 3388/516/3388
f 3391/519/3391 3386/514/3386 3385/513/3385
f 3391/519/3391 3385/513/3385 3388/516/3388
f 3392/520/3392 3393/521/3393 3394/522/3394
f 3393/521/3393 3395/523/3395 3396/524/3396
f 3393/521/3393 3396/524/3396 3397/525/3397
f 3393/521/3393 3397/525/3397 3398/526/3398
f 3394/522/3394 3393/521/3393 3398/526/3398
f 3394/522/3394 3398/526/3398 3399/527/3399
f 3394/522/3394 3399/527/3399 3400/528/3400
f 3401/529/3401 3402/530/3402 3403/531/3403
f 3393/521/3393 3392/520/3392 3395/523/3395
f 3398/526/3398 3397/525/3397 3402/530/3402
f 3398/526/3398 3402/530/3402 3401/529/3401
f 3403/531/3403 3404/532/3404 3401/529/3401
f 3404/532/3404 3399/527/3399 3398/526/3398
f 3404/532/3404 3398/526/3398 3401/529/3401
f 3405/533/3405 3406/534/3406 3407/535/3407
f 3405/533/3405 3407/535/3407 3408/536/3408
f 3409/537/3409 3410/538/3410 3411/539/3411
f 3409/537/3409 3411/539/3411 3412/540/3412
f 3408/536/3408 3407/535/3407 3413/541/3413
f 3408/536/3408 3413/541/3413 3414/542/3414
f 3415/543/3415 3416/544/3416 3417/545/3417
f 3415/543/3415 3417/545/3417 3410/538/3410
f 3418/546/3418 3419/547/3419 3420/548/3420
f 3410/538/3410 3417/545/3417 3421/549/3421
f 3410/538/3410 3421/549/3421 3411/539/3411
f 3422/550/3422 3415/543/3415 3410/538/3410
f 3422/550/3422 3410/538/3410 3409/537/3409
f 3419/547/3419 3423/551/3423 3424/552/3424
f 3419/547/3419 3424/552/3424 3406/534/3406
f 3420/548/3420 3419/547/3419 3406/534/3406
f 3420/548/3420 3406/534/3406 3405/533/3405
f 3407/535/3407 3425/553/3425 3426/554/3426
f 3407/535/3407 3426/554/3426 3413/541/3413
f 3419/547/3419 3418/546/3418 3423/551/3423
f 3406/534/3406 3424/552/3424 3425/553/3425
f 3406/534/3406 3425/553/3425 3407/535/3407
f 3413/541/3413 3415/543/3415 3422/550/3422
f 3413/541/3413 3422/550/3422 3414/542/3414
f 3426/554/3426 3416/544/3416 3415/543/3415
f 3426/554/3426 3415/543/3415 3413/541/3413
f 3427/555/3427 3428/556/3428 3429/557/3429
f 3427/555/3427 3429/557/3429 3430/558/3430
f 3431/559/3431 3432/560/3432 3433/561/3433
f 3431/559/3431 3433/561/3433 3434/562/3434
f 3430/558/3430 3429/557/3429 3435/563/3435
f 3430/558/3430 3435/563/3435 3436/564/3436
f 3437/565/3437 3438/566/3438 3439/567/3439
f 3437/565/3437 3439/567/3439 3432/560/3432
f 3440/568/3440 3441/569/3441 3442/570/3442
f 3432/560/3432 3439/567/3439 3443/571/3443
f 3432/560/3432 3443/571/3443 3433/561/3433
f 3444/572/3444 3437/565/3437 3432/560/3432
f 3444/572/3444 3432/560/3432 3431/559/3431
f 3441/569/3441 3445/573/3445 3446/574/3446
f 3441/569/3441 3446/574/3446 3428/556/3428
f 3442/570/3442 3441/569/3441 3428/556/3428
f 3442/570/3442 3428/556/3428 3427/555/3427
f 3429/557/3429 3447/575/3447 3448/576/3448
f 3429/557/3429 3448/576/3448 3435/563/3435
f 3441/569/3441 3440/568/3440 3445/573/3445
f 3428/556/3428 3446/574/3446 3447/575/3447
f 3428/556/3428 3447/575/3447 3429/557/3429
f 3435/563/3435 3437/565/3437 3444/572/3444
f 3435/563/3435 3444/572/3444 3436/564/3436
f 3448/576/3448 3438/566/3438 3437/565/3437
f 3448/576/3448 3437/565/3437 3435/563/3435
f 3449/577/3449 3450/578/3450 3451/579/3451
f 3449/577/3449 3451/579/3451 3452/580/3452
f 3453/581/3453 3454/582/3454 3455/583/3455
f 3453/581/3453 3455/583/3455 3456/584/3456
f 3452/580/3452 3451/579/3451 3457/585/3457
f 3452/580/3452 3457/585/3457 3458/586/3458
f 3459/587/3459 3460/588/3460 3461/589/3461
f 3459/587/3459 3461/589/3461 3454/582/3454
f 3462/590/3462 3463/591/3463 3464/592/3464
f 3454/582/3454 3461/589/3461 3465/593/3465
f 3454/582/3454 3465/593/3465 3455/583/3455
f 3466/594/3466 3459/587/3459 3454/582/3454
f 3466/594/3466 3454/582/3454 3453/581/3453
f 3463/591/3463 3467/595/3467 3468/596/3468
f 3463/591/3463 3468/596/3468 3450/578/3450
f 3464/592/3464 3463/591/3463 3450/578/3450
f 3464/592/3464 3450/578/3450 3449/577/3449
f 3451/579/3451 3469/597/3469 3470/598/3470
f 3451/579/3451 3470/598/3470 3457/585/3457
f 3463/591/3463 3462/590/3462 3467/595/3467
f 3450/578/3450 3468/596/3468 3469/597/3469
f 3450/578/3450 3469/597/3469 3451/579/3451
f 3457/585/3457 3459/587/3459 3466/594/3466
f 3457/585/3457 3466/594/3466 3458/586/3458
f 3470/598/3470 3460/588/3460 3459/587/3459
f 3470/598/3470 3459/587/3459 3457/585/3457
f 3471/599/3471 3472/600/3472 3473/601/3473
f 3471/599/3471 3473/601/3473 3474/602/3474
f 3475/603/3475 3476/604/3476 3477/605/3477
f 3475/603/3475 3477/605/3477 3478/606/3478
f 3474/602/3474 3473/601/3473 3479/607/3479
f 3474/602/3474 3479/607/3479 3480/608/3480
f 3481/609/3481 3482/610/3482 3483/611/3483
f 3481/609/3481 3483/611/3483 3476/604/3476
f 3484/612/3484 3485/613/3485 3486/614/3486
f 3476/604/3476 3483/611/3483 3487/615/3487
f 3476/604/3476 3487/615/3487 3477/605/3477
f 3488/616/3488 3481/609/3481 3476/604/3476
f 3488/616/3488 3476/604/3476 3475/603/3475
f 3485/613/3485 3489/617/3489 3490/618/3490
f 3485/613/3485 3490/618/3490 3472/600/3472
f 3486/614/3486 3485/613/3485 3472/600/3472
f 3486/614/3486 3472/600/3472 3471/599/3471
f 3473/601/3473 3491/619/3491 3492/620/3492
f 3473/601/3473 3492/620/3492 3479/607/3479
f 3485/613/3485 3484/612/3484 3489/617/3489
f 3472/600/3472 3490/618/3490 3491/619/3491
f 3472/600/3472 3491/619/3491 3473/601/3473
f 3479/607/3479 3481/609/3481 3488/616/3488
f 3479/607/3479 3488/616/3488 3480/608/3480
f 3492/620/3492 3482/610/3482 3481/609/3481
f 3492/620/3492 3481/609/3481 3479/607/3479
f 3493/621/3493 3494/622/3494 3495/623/3495
f 3493/621/3493 3495/623/3495 3496/624/3496
f 3497/625/3497 3498/626/3498 3499/627/3499
f 3497/625/3497 3499/627/3499 3500/628/3500
f 3494/622/3494 3501/629/3501 3502/630/3502
f 3494/622/3494 3502/630/3502 3495/623/3495
f 3503/631/3503 3500/628/3500 3504/632/3504
f 3503/631/3503 3504/632/3504 3505/633/3505
f 3506/634/3506 3507/635/3507 3508/636/3508
f 3500/628/3500 3499/627/3499 3509/637/3509
f 3500/628/3500 3509/637/3509 3504/632/3504
f 3510/638/3510 3497/625/3497 3500/628/3500
f 3510/638/3510 3500/628/3500 3503/631/3503
f 3508/636/3508 3496/624/3496 3511/639/3511
f 3508/636/3508 3511/639/3511 3512/640/3512
f 3507/635/3507 3493/621/3493 3496/624/3496
f 3507/635/3507 3496/624/3496 3508/636/3508
f 3495/623/3495 3502/630/3502 3513/641/3513
f 3495/623/3495 3513/641/3513 3514/642/3514
f 3508/636/3508 3512/640/3512 3506/634/3506
f 3496/624/3496 3495/623/3495 3514/642/3514
f 3496/624/3496 3514/642/3514 3511/639/3511
f 3502/630/3502 3501/629/3501 3510/638/3510
f 3502/630/3502 3510/638/3510 3503/631/3503
f 3513/641/3513 3502/630/3502 3503/631/3503
f 3513/641/3513 3503/631/3503 3505/633/3505
f 3515/643/3515 3516/644/3516 3517/645/3517
f 3515/643/3515 3517/645/3517 3518/646/3518
f 3519/647/3519 3520/648/3520 3521/649/3521
f 3519/647/3519 3521/649/3521 3522/650/3522
f 3518/646/3518 3517/645/3517 3523/651/3523
f 3518/646/3518 3523/651/3523 3524/652/3524
f 3525/653/3525 3526/654/3526 3527/655/3527
f 3525/653/3525 3527/655/3527 3520/648/3520
f 3528/656/3528 3529/657/3529 3530/658/3530
f 3520/648/3520 3527/655/3527 3531/659/3531
f 3520/648/3520 3531/659/3531 3521/649/3521
f 3532/660/3532 3525/653/3525 3520/648/3520
f 3532/660/3532 3520/648/3520 3519/647/3519
f 3529/657/3529 3533/661/3533 3534/662/3534
f 3529/657/3529 3534/662/3534 3516/644/3516
f 3530/658/3530 3529/657/3529 3516/644/3516
f 3530/658/3530 3516/644/3516 3515/643/3515
f 3517/645/3517 3535/663/3535 3536/664/3536
f 3517/645/3517 3536/664/3536 3523/651/3523
f 3529/657/3529 3528/656/3528 3533/661/3533
f 3516/644/3516 3534/662/3534 3535/663/3535
f 3516/644/3516 3535/663/3535 3517/645/3517
f 3523/651/3523 3525/653/3525 3532/660/3532
f 3523/651/3523 3532/660/3532 3524/652/3524
f 3536/664/3536 3526/654/3526 3525/653/3525
f 3536/664/3536 3525/653/3525 3523/651/3523
f 3537/665/3537 3538/666/3538 3539/667/3539
f 3537/665/3537 3539/667/3539 3540/668/3540
f 3541/669/3541 3542/670/3542 3543/671/3543
f 3541/669/3541 3543/671/3543 3544/672/3544
f 3540/668/3540 3539/667/3539 3545/673/3545
f 3540/668/3540 3545/673/3545 3546/674/3546
f 3547/675/3547 3548/676/3548 3549/677/3549
f 3547/675/3547 3549/677/3549 3542/670/3542
f 3550/678/3550 3551/679/3551 3552/680/3552
f 3542/670/3542 3549/677/3549 3553/681/3553
f 3542/670/3542 3553/681/3553 3543/671/3543
f 3554/682/3554 3547/675/3547 3542/670/3542
f 3554/682/3554 3542/670/3542 3541/669/3541
f 3551/679/3551 3555/683/3555 3556/684/3556
f 3551/679/3551 3556/684/3556 3538/666/3538
f 3552/680/3552 3551/679/3551 3538/666/3538
f 3552/680/3552 3538/666/3538 3537/665/3537
f 3539/667/3539 3557/685/3557 3558/686/3558
f 3539/667/3539 3558/686/3558 3545/673/3545
f 3551/679/3551 3550/678/3550 3555/683/3555
f 3538/666/3538 3556/684/3556 3557/685/3557
f 3538/666/3538 3557/685/3557 3539/667/3539
f 3545/673/3545 3547/675/3547 3554/682/3554
f 3545/673/3545 3554/682/3554 3546/674/3546
f 3558/686/3558 3548/676/3548 3547/675/3547
f 3558/686/3558 3547/675/3547 3545/673/3545
f 3559/687/3559 3560/688/3560 3561/689/3561
f 3559/687/3559 3561/689/3561 3562/690/3562
f 3563/691/3563 3564/692/3564 3565/693/3565
f 3563/691/3563 3565/693/3565 3566/694/3566
f 3562/690/3562 3561/689/3561 3567/695/3567
f 3562/690/3562 3567/695/3567 3568/696/3568
f 3569/697/3569 3570/698/3570 3571/699/3571
f 3569/697/3569 3571/699/3571 3564/692/3564
f 3572/700/3572 3573/701/3573 3574/702/3574
f 3564/692/3564 3571/699/3571 3575/703/3575
f 3564/692/3564 3575/703/3575 3565/693/3565
f 3576/704/3576 3569/697/3569 3564/692/3564
f 3576/704/3576 3564/692/3564 3563/691/3563
f 3573/701/3573 3577/705/3577 3578/706/3578
f 3573/701/3573 3578/706/3578 3560/688/3560
f 3574/702/3574 3573/701/3573 3560/688/3560
f 3574/702/3574 3560/688/3560 3559/687/3559
f 3561/689/3561 3579/707/3579 3580/708/3580
f 3561/689/3561 3580/708/3580 3567/695/3567
f 3573/701/3573 3572/700/3572 3577/705/3577
f 3560/688/3560 3578/706/3578 3579/707/3579
f 3560/688/3560 3579/707/3579 3561/689/3561
f 3567/695/3567 3569/697/3569 3576/704/3576
f 3567/695/3567 3576/704/3576 3568/696/3568
f 3580/708/3580 3570/698/3570 3569/697/3569
f 3580/708/3580 3569/697/3569 3567/695/3567
f 3581/709/3581 3582/710/3582 3583/711/3583
f 3581/709/3581 3583/711/3583 3584/712/3584
f 3585/713/3585 3586/714/3586 3587/715/3587
f 3585/713/3585 3587/715/3587 3588/716/3588
f 3584/712/3584 3583/711/3583 3589/717/3589
f 3584/712/3584 3589/717/3589 3590/718/3590
f 3591/719/3591 3592/720/3592 3593/721/3593
f 3591/719/3591 3593/721/3593 3586/714/3586
f 3594/722/3594 3595/723/3595 3596/724/3596
f 3586/714/3586 3593/721/3593 3597/725/3597
f 3586/714/3586 3597/725/3597 3587/715/3587
f 3598/726/3598 3591/719/3591 3586/714/3586
f 3598/726/3598 3586/714/3586 3585/713/3585
f 3595/723/3595 3599/727/3599 3600/728/3600
f 3595/723/3595 3600/728/3600 3582/710/3582
f 3596/724/3596 3595/723/3595 3582/710/3582
f 3596/724/3596 3582/710/3582 3581/709/3581
f 3583/711/3583 3601/729/3601 3602/730/3602
f 3583/711/3583 3602/730/3602 3589/717/3589
f 3595/723/3595 3594/722/3594 3599/727/3599
f 3582/710/3582 3600/728/3600 3601/729/3601
f 3582/710/3582 3601/729/3601 3583/711/3583
f 3589/717/3589 3591/719/3591 3598/726/3598
f 3589/717/3589 3598/726/3598 3590/718/3590
f 3602/730/3602 3592/720/3592 3591/719/3591
f 3602/730/3602 3591/719/3591 3589/717/3589
f 3603/731/3603 3604/732/3604 3605/733/3605
f 3603/731/3603 3605/733/3605 3606/734/3606
f 3607/735/3607 3608/736/3608 3609/737/3609
f 3607/735/3607 3609/737/3609 3610/738/3610
f 3604/732/3604 3611/739/3611 3612/740/3612
f 3604/732/3604 3612/740/3612 3605/733/3605
f 3613/741/3613 3610/738/3610 3614/742/3614
f 3613/741/3613 3614/742/3614 3615/743/3615
f 3616/744/3616 3617/745/3617 3618/746/3618
f 3610/738/3610 3609/737/3609 3619/747/3619
f 3610/738/3610 3619/747/3619 3614/742/3614
f 3620/748/3620 3607/735/3607 3610/738/3610
f 3620/748/3620 3610/738/3610 3613/741/3613
f 3618/746/3618 3606/734/3606 3621/749/3621
f 3618/746/3618 3621/749/3621 3622/750/3622
f 3617/745/3617 3603/731/3603 3606/734/3606
f 3617/745/3617 3606/734/3606 3618/746/3618
f 3605/733/3605 3612/740/3612 3623/751/3623
f 3605/733/3605 3623/751/3623 3624/752/3624
f 3618/746/3618 3622/750/3622 3616/744/3616
f 3606/734/3606 3605/733/3605 3624/752/3624
f 3606/734/3606 3624/752/3624 3621/749/3621
f 3612/740/3612 3611/739/3611 3620/748/3620
f 3612/740/3612 3620/748/3620 3613/741/3613
f 3623/751/3623 3612/740/3612 3613/741/3613
f 3623/751/3623 3613/741/3613 3615/743/3615
f 3625/753/3625 3626/754/3626 3627/755/3627
f 3625/753/3625 3627/755/3627 3628/756/3628
f 3629/757/3629 3630/758/3630 3631/759/3631
f 3629/757/3629 3631/759/3631 3632/760/3632
f 3628/756/3628 3627/755/3627 3633/761/3633
f 3628/756/3628 3633/761/3633 3634/762/3634
f 3635/763/3635 3636/764/3636 3637/765/3637
f 3635/763/3635 3637/765/3637 3630/758/3630
f 3638/766/3638 3639/767/3639 3640/768/3640
f 3630/758/3630 3637/765/3637 3641/769/3641
f 3630/758/3630 3641/769/3641 3631/759/3631
f 3642/770/3642 3635/763/3635 3630/758/3630
f 3642/770/3642 3630/758/3630 3629/757/3629
f 3639/767/3639 3643/771/3643 3644/772/3644
f 3639/767/3639 3644/772/3644 3626/754/3626
f 3640/768/3640 3639/767/3639 3626/754/3626
f 3640/768/3640 3626/754/3626 3625/753/3625
f 3627/755/3627 3645/773/3645 3646/774/3646
f 3627/755/3627 3646/774/3646 3633/761/3633
f 3639/767/3639 3638/766/3638 3643/771/3643
f 3626/754/3626 3644/772/3644 3645/773/3645
f 3626/754/3626 3645/773/3645 3627/755/3627
f 3633/761/3633 3635/763/3635 3642/770/3642
f 3633/761/3633 3642/770/3642 3634/762/3634
f 3646/774/3646 3636/764/3636 3635/763/3635
f 3646/774/3646 3635/763/3635 3633/761/3633
f 3647/775/3647 3648/776/3648 3649/777/3649
f 3647/775/3647 3649/777/3649 3650/778/3650
f 3651/779/3651 3652/780/3652 3653/781/3653
f 3651/779/3651 3653/781/3653 3654/782/3654
f 3650/778/3650 3649/777/3649 3655/783/3655
f 3650/778/3650 3655/783/3655 3656/784/3656
f 3657/785/3657 3658/786/3658 3659/787/3659
f 3657/785/3657 3659/787/3659 3652/780/3652
f 3660/788/3660 3661/789/3661 3662/790/3662
f 3652/780/3652 3659/787/3659 3663/791/3663
f 3652/780/3652 3663/791/3663 3653/781/3653
f 3664/792/3664 3657/785/3657 3652/780/3652
f 3664/792/3664 3652/780/3652 3651/779/3651
f 3661/789/3661 3665/793/3665 3666/794/3666
f 3661/789/3661 3666/794/3666 3648/776/3648
f 3662/790/3662 3661/789/3661 3648/776/3648
f 3662/790/3662 3648/776/3648 3647/775/3647
f 3649/777/3649 3667/795/3667 3668/796/3668
f 3649/777/3649 3668/796/3668 3655/783/3655
f 3661/789/3661 3660/788/3660 3665/793/3665
f 3648/776/3648 3666/794/3666 3667/795/3667
f 3648/776/3648 3667/795/3667 3649/777/3649
f 3655/783/3655 3657/785/3657 3664/792/3664
f 3655/783/3655 3664/792/3664 3656/784/3656
f 3668/796/3668 3658/786/3658 3657/785/3657
f 3668/796/3668 3657/785/3657 3655/783/3655
f 3669/797/3669 3670/798/3670 3671/799/3671
f 3669/797/3669 3671/799/3671 3672/800/3672
f 3673/801/3673 3674/802/3674 3675/803/3675
f 3673/801/3673 3675/803/3675 3676/804/3676
f 3672/800/3672 3671/799/3671 3677/805/3677
f 3672/800/3672 3677/805/3677 3678/806/3678
f 3679/807/3679 3680/808/3680 3681/809/3681
f 3679/807/3679 3681/809/3681 3674/802/3674
f 3682/810/3682 3683/811/3683 3684/812/3684
f 3674/802/3674 3681/809/3681 3685/813/3685
f 3674/802/3674 3685/813/3685 3675/803/3675
f 3686/814/3686 3679/807/3679 3674/802/3674
f 3686/814/3686 3674/802/3674 3673/801/3673
f 3683/811/3683 3687/815/3687 3688/816/3688
f 3683/811/3683 3688/816/3688 3670/798/3670
f 3684/812/3684 3683/811/3683 3670/798/3670
f 3684/812/3684 3670/798/3670 3669/797/3669
f 3671/799/3671 3689/817/3689 3690/818/3690
f 3671/799/3671 3690/818/3690 3677/805/3677
f 3683/811/3683 3682/810/3682 3687/815/3687
f 3670/798/3670 3688/816/3688 3689/817/3689
f 3670/798/3670 3689/817/3689 3671/799/3671
f 3677/805/3677 3679/807/3679 3686/814/3686
f 3677/805/3677 3686/814/3686 3678/806/3678
f 3690/818/3690 3680/808/3680 3679/807/3679
f 3690/818/3690 3679/807/3679 3677/805/3677
f 3691/819/3691 3692/820/3692 3693/821/3693
f 3691/819/3691 3693/821/3693 3694/822/3694
f 3695/823/3695 3696/824/3696 3697/825/3697
f 3695/823/3695 3697/825/3697 3698/826/3698
f 3694/822/3694 3693/821/3693 3699/827/3699
f 3694/822/3694 3699/827/3699 3700/828/3700
f 3701/829/3701 3702/830/3702 3703/831/3703
f 3701/829/3701 3703/831/3703 3696/824/3696
f 3704/832/3704 3705/833/3705 3706/834/3706
f 3696/824/3696 3703/831/3703 3707/835/3707
f 3696/824/3696 3707/835/3707 3697/825/3697
f 3708/836/3708 3701/829/3701 3696/824/3696
f 3708/836/3708 3696/824/3696 3695/823/3695
f 3705/833/3705 3709/837/3709 3710/838/3710
f 3705/833/3705 3710/838/3710 3692/820/3692
f 3706/834/3706 3705/833/3705 3692/820/3692
f 3706/834/3706 3692/820/3692 3691/819/3691
f 3693/821/3693 3711/839/3711 3712/840/3712
f 3693/821/3693 3712/840/3712 3699/827/3699
f 3705/833/3705 3704/832/3704 3709/837/3709
f 3692/820/3692 3710/838/3710 3711/839/3711
f 3692/820/3692 3711/839/3711 3693/821/3693
f 3699/827/3699 3701/829/3701 3708/836/3708
f 3699/827/3699 3708/836/3708 3700/828/3700
f 3712/840/3712 3702/830/3702 3701/829/3701
f 3712/840/3712 3701/829/3701 3699/827/3699
f 3713/841/3713 3714/842/3714 3715/843/3715
f 3713/841/3713 3715/843/3715 3716/844/3716
f 3717/845/3717 3718/846/3718 3719/847/3719
f 3717/845/3717 3719/847/3719 3720/848/3720
f 3714/842/3714 3721/849/3721 3722/850/3722
f 3714/842/3714 3722/850/3722 3715/843/3715
f 3723/851/3723 3720/848/3720 3724/852/3724
f 3723/851/3723 3724/852/3724 3725/853/3725
f 3726/854/3726 3727/855/3727 3728/856/3728
f 3720/848/3720 3719/847/3719 3729/857/3729
f 3720/848/3720 3729/857/3729 3724/852/3724
f 3730/858/3730 3717/845/3717 3720/848/3720
f 3730/858/3730 3720/848/3720 3723/851/3723
f 3728/856/3728 3716/844/3716 3731/859/3731
f 3728/856/3728 3731/859/3731 3732/860/3732
f 3727/855/3727 3713/841/3713 3716/844/3716
f 3727/855/3727 3716/844/3716 3728/856/3728
f 3715/843/3715 3722/850/3722 3733/861/3733
f 3715/843/3715 3733/861/3733 3734/862/3734
f 3728/856/3728 3732/860/3732 3726/854/3726
f 3716/844/3716 3715/843/3715 3734/862/3734
f 3716/844/3716 3734/862/3734 3731/859/3731
f 3722/850/3722 3721/849/3721 3730/858/3730
f 3722/850/3722 3730/858/3730 3723/851/3723
f 3733/861/3733 3722/850/3722 3723/851/3723
f 3733/861/3733 3723/851/3723 3725/853/3725
f 3735/863/3735 3736/864/3736 3737/865/3737
f 3735/863/3735 3737/865/3737 3738/866/3738
f 3739/867/3739 3740/868/3740 3741/869/3741
f 3739/867/3739 3741/869/3741 3742/870/3742
f 3738/866/3738 3737/865/3737 3743/871/3743
f 3738/866/3738 3743/871/3743 3744/872/3744
f 3745/873/3745 3746/874/3746 3747/875/3747
f 3745/873/3745 3747/875/3747 3740/868/3740
f 3748/876/3748 3749/877/3749 3750/878/3750
f 3740/868/3740 3747/875/3747 3751/879/3751
f 3740/868/3740 3751/879/3751 3741/869/3741
f 3752/880/3752 3745/873/3745 3740/868/3740
f 3752/880/3752 3740/868/3740 3739/867/3739
f 3749/877/3749 3753/881/3753 3754/882/3754
f 3749/877/3749 3754/882/3754 3736/864/3736
f 3750/878/3750 3749/877/3749 3736/864/3736
f 3750/878/3750 3736/864/3736 3735/863/3735
f 3737/865/3737 3755/883/3755 3756/884/3756
f 3737/865/3737 3756/884/3756 3743/871/3743
f 3749/877/3749 3748/876/3748 3753/881/3753
f 3736/864/3736 3754/882/3754 3755/883/3755
f 3736/864/3736 3755/883/3755 3737/865/3737
f 3743/871/3743 3745/873/3745 3752/880/3752
f 3743/871/3743 3752/880/3752 3744/872/3744
f 3756/884/3756 3746/874/3746 3745/873/3745
f 3756/884/3756 3745/873/3745 3743/871/3743
f 3757/885/3757 3758/886/3758 3759/887/3759
f 3757/885/3757 3759/887/3759 3760/888/3760
f 3761/889/3761 3762/890/3762 3763/891/3763
f 3761/889/3761 3763/891/3763 3764/892/3764
f 3760/888/3760 3759/887/3759 3765/893/3765
f 3760/888/3760 3765/893/3765 3766/894/3766
f 3767/895/3767 3768/896/3768 3769/897/3769
f 3767/895/3767 3769/897/3769 3762/890/3762
f 3770/898/3770 3771/899/3771 3772/900/3772
f 3762/890/3762 3769/897/3769 3773/901/3773
f 3762/890/3762 3773/901/3773 3763/891/3763
f 3774/902/3774 3767/895/3767 3762/890/3762
f 3774/902/3774 3762/890/3762 3761/889/3761
f 3771/899/3771 3775/903/3775 3776/904/3776
f 3771/899/3771 3776/904/3776 3758/886/3758
f 3772/900/3772 3771/899/3771 3758/886/3758
f 3772/900/3772 3758/886/3758 3757/885/3757
f 3759/887/3759 3777/905/3777 3778/906/3778
f 3759/887/3759 3778/906/3778 3765/893/3765
f 3771/899/3771 3770/898/3770 3775/903/3775
f 3758/886/3758 3776/904/3776 3777/905/3777
f 3758/886/3758 3777/905/3777 3759/887/3759
f 3765/893/3765 3767/895/3767 3774/902/3774
f 3765/893/3765 3774/902/3774 3766/894/3766
f 3778/906/3778 3768/896/3768 3767/895/3767
f 3778/906/3778 3767/895/3767 3765/893/3765
f 3779/907/3779 3780/908/3780 3781/909/3781
f 3779/907/3779 3781/909/3781 3782/910/3782
f 3783/911/3783 3784/912/3784 3785/913/3785
f 3783/911/3783 3785/913/3785 3786/914/3786
f 3782/910/3782 3781/909/3781 3787/915/3787
f 3782/910/3782 3787/915/3787 3788/916/3788
f 3789/917/3789 3790/918/3790 3791/919/3791
f 3789/917/3789 3791/919/3791 3784/912/3784
f 3792/920/3792 3793/921/3793 3794/922/3794
f 3784/912/3784 3791/919/3791 3795/923/3795
f 3784/912/3784 3795/923/3795 3785/913/3785
f 3796/924/3796 3789/917/3789 3784/912/3784
f 3796/924/3796 3784/912/3784 3783/911/3783
f 3793/921/3793 3797/925/3797 3798/926/3798
f 3793/921/3793 3798/926/3798 3780/908/3780
f 3794/922/3794 3793/921/3793 3780/908/3780
f 3794/922/3794 3780/908/3780 3779/907/3779
f 3781/909/3781 3799/927/3799 3800/928/3800
f 3781/909/3781 3800/928/3800 3787/915/3787
f 3793/921/3793 3792/920/3792 3797/925/3797
f 3780/908/3780 3798/926/3798 3799/927/3799
f 3780/908/3780 3799/927/3799 3781/909/3781
f 3787/915/3787 3789/917/3789 3796/924/3796
f 3787/915/3787 3796/924/3796 3788/916/3788
f 3800/928/3800 3790/918/3790 3789/917/3789
f 3800/928/3800 3789/917/3789 3787/915/3787
f 3801/929/3801 3802/930/3802 3803/931/3803
f 3801/929/3801 3803/931/3803 3804/932/3804
f 3805/933/3805 3806/934/3806 3807/935/3807
f 3805/933/3805 3807/935/3807 3808/936/3808
f 3804/932/3804 3803/931/3803 3809/937/3809
f 3804/932/3804 3809/937/3809 3810/938/3810
f 3811/939/3811 3812/940/3812 3813/941/3813
f 3811/939/3811 3813/941/3813 3806/934/3806
f 3814/942/3814 3815/943/3815 3816/944/3816
f 3806/934/3806 3813/941/3813 3817/945/3817
f 3806/934/3806 3817/945/3817 3807/935/3807
f 3818/946/3818 3811/939/3811 3806/934/3806
f 3818/946/3818 3806/934/3806 3805/933/3805
f 3815/943/3815 3819/947/3819 3820/948/3820
f 3815/943/3815 3820/948/3820 3802/930/3802
f 3816/944/3816 3815/943/3815 3802/930/3802
f 3816/944/3816 3802/930/3802 3801/929/3801
f 3803/931/3803 3821/949/3821 3822/950/3822
f 3803/931/3803 3822/950/3822 3809/937/3809
f 3815/943/3815 3814/942/3814 3819/947/3819
f 3802/930/3802 3820/948/3820 3821/949/3821
f 3802/930/3802 3821/949/3821 3803/931/3803
f 3809/937/3809 3811/939/3811 3818/946/3818
f 3809/937/3809 3818/946/3818 3810/938/3810
f 3822/950/3822 3812/940/3812 3811/939/3811
f 3822/950/3822 3811/939/3811 3809/937/3809
f 3823/951/3823 3824/952/3824 3825/953/3825
f 3823/951/3823 3825/953/3825 3826/954/3826
f 3827/955/3827 3828/956/3828 3829/957/3829
f 3827/955/3827 3829/957/3829 3830/958/3830
f 3824/952/3824 3831/959/3831 3832/960/3832
f 3824/952/3824 3832/960/3832 3825/953/3825
f 3833/961/3833 3830/958/3830 3834/962/3834
f 3833/961/3833 3834/962/3834 3835/963/3835
f 3836/964/3836 3837/965/3837 3838/966/3838
f 3830/958/3830 3829/957/3829 3839/967/3839
f 3830/958/3830 3839/967/3839 3834/962/3834
f 3840/968/3840 3827/955/3827 3830/958/3830
f 3840/968/3840 3830/958/3830 3833/961/3833
f 3838/966/3838 3826/954/3826 3841/969/3841
f 3838/966/3838 3841/969/3841 3842/970/3842
f 3837/965/3837 3823/951/3823 3826/954/3826
f 3837/965/3837 3826/954/3826 3838/966/3838
f 3825/953/3825 3832/960/3832 3843/971/3843
f 3825/953/3825 3843/971/3843 3844/972/3844
f 3838/966/3838 3842/970/3842 3836/964/3836
f 3826/954/3826 3825/953/3825 3844/972/3844
f 3826/954/3826 3844/972/3844 3841/969/3841
f 3832/960/3832 3831/959/3831 3840/968/3840
f 3832/960/3832 3840/968/3840 3833/961/3833
f 3843/971/3843 3832/960/3832 3833/961/3833
f 3843/971/3843 3833/961/3833 3835/963/3835
