# Redwood_A -- composed by tools/bake-assets.mjs from the CC0 packs in vendor/.
# Geometry is theirs; the arrangement is ours. Do not edit by hand.
mtllib Redwood_A.mtl
o Redwood_A
v 0.03106 0.00140 -0.00492
v 0.01857 0.11996 -0.00314
v 0.02273 0.12072 0.00754
v 0.03706 0.00164 0.01069
v 0.01158 0.22782 -0.00339
v 0.01562 0.22872 0.00685
v 0.01158 0.22812 0.01708
v 0.01855 0.12010 0.01822
v 0.03104 0.00143 0.02634
v 0.00791 0.11836 0.02244
v 0.01547 0.00086 0.03273
v 0.00139 0.22630 0.02107
v -0.00873 0.22438 0.01700
v -0.00276 0.11658 0.01826
v -0.00035 0.00027 0.02674
v 0.00141 0.22588 -0.00736
v -0.00095 0.31728 -0.00797
v 0.00854 0.31846 -0.00423
v -0.00872 0.22409 -0.00331
v -0.01043 0.31641 -0.00421
v -0.00981 0.38600 -0.00503
v -0.00106 0.38673 -0.00850
v 0.00767 0.38775 -0.00503
v -0.00698 0.11580 0.00754
v -0.00665 0.00000 0.01084
v -0.01268 0.22350 0.00685
v -0.00277 0.11643 -0.00318
v -0.00035 0.00023 -0.00511
v 0.00792 0.11816 -0.00738
v 0.01548 0.00081 -0.01122
v -0.01326 0.38601 0.00372
v -0.01242 0.43119 0.00303
v -0.00920 0.43151 -0.00523
v -0.00984 0.38667 0.01246
v -0.00922 0.43181 0.01129
v -0.00844 0.46873 0.01089
v -0.01149 0.46807 0.00295
v -0.00843 0.46869 -0.00499
v -0.00098 0.31832 0.01854
v -0.01046 0.31713 0.01477
v 0.00853 0.31921 0.01481
v 0.00767 0.38841 0.01249
v -0.00111 0.38767 0.01596
v 0.01230 0.31923 0.00529
v 0.01111 0.38841 0.00372
v -0.01417 0.31636 0.00528
v -0.01046 0.50255 0.00295
v -0.00759 0.50312 -0.00463
v -0.00759 0.50312 0.01054
v 0.00317 0.58033 0.00996
v 0.00054 0.57991 0.00295
v 0.00317 0.58033 -0.00405
v 0.01049 0.43473 0.00304
v 0.00728 0.43438 0.01132
v 0.00727 0.43410 -0.00523
v 0.00734 0.47217 -0.00498
v 0.01039 0.47284 0.00295
v 0.00735 0.47220 0.01088
v -0.00096 0.43273 -0.00852
v -0.00054 0.47041 -0.00817
v -0.00098 0.43314 0.01462
v -0.00054 0.47047 0.01408
v 0.01744 0.58280 -0.00394
v 0.01029 0.58152 -0.00677
v 0.01214 0.65734 -0.00560
v 0.01820 0.65834 -0.00318
v 0.00603 0.65636 -0.00323
v 0.00410 0.72584 -0.00216
v 0.00914 0.72681 -0.00411
v 0.01415 0.72778 -0.00214
v 0.01049 0.50624 0.00295
v 0.00756 0.50582 0.01062
v 0.00756 0.50582 -0.00471
v 0.02010 0.58331 0.00295
v 0.01745 0.58280 0.00985
v -0.00005 0.50456 -0.00775
v -0.00005 0.50456 0.01366
v 0.01029 0.58152 0.01268
v 0.00217 0.72547 0.00295
v 0.00013 0.81386 0.00295
v 0.00173 0.81419 -0.00132
v 0.00410 0.72584 0.00806
v 0.00173 0.81419 0.00723
v 0.00111 0.89921 0.00650
v -0.00021 0.89894 0.00295
v 0.00111 0.89921 -0.00060
v 0.01214 0.65734 0.01151
v 0.00602 0.65636 0.00914
v 0.01820 0.65834 0.00909
v 0.01415 0.72778 0.00805
v 0.00914 0.72681 0.01002
v 0.00365 0.65600 0.00295
v 0.02053 0.65871 0.00295
v 0.01607 0.72815 0.00295
v 0.00809 0.90064 0.00651
v 0.00942 0.90090 0.00295
v 0.01000 0.95946 0.00295
v 0.00898 0.95880 0.00562
v 0.00809 0.90064 -0.00060
v 0.00898 0.95880 0.00029
v 0.01029 0.98543 0.00114
v 0.01111 0.99023 0.00295
v 0.01029 0.98543 0.00476
v 0.01174 0.81623 0.00295
v 0.01014 0.81591 0.00723
v 0.01014 0.81591 -0.00132
v 0.00594 0.81505 -0.00295
v 0.00460 0.89992 -0.00195
v 0.00594 0.81505 0.00886
v 0.00460 0.89992 0.00786
v 0.01004 1.00000 0.00295
v 0.00900 0.98986 0.00509
v 0.00900 0.98986 0.00081
v 0.00673 0.98476 0.00115
v 0.00690 0.98947 0.00295
v 0.00673 0.98476 0.00476
v 0.00641 0.95875 -0.00070
v 0.00374 0.95776 0.00030
v 0.00641 0.95875 0.00661
v 0.00374 0.95776 0.00561
v 0.00282 0.95803 0.00295
v 0.06478 0.69075 0.00016
v 0.06378 0.69107 0.00295
v 0.07237 0.71070 0.00295
v 0.07335 0.71044 0.00026
v 0.06478 0.69075 0.00574
v 0.07335 0.71044 0.00565
v 0.08223 0.73079 0.00554
v 0.08128 0.73102 0.00295
v 0.08223 0.73079 0.00037
v 0.09972 0.74923 0.00517
v 0.10053 0.74903 0.00295
v 0.11254 0.76022 0.00295
v 0.11171 0.76021 0.00470
v 0.09972 0.74923 0.00074
v 0.11171 0.76021 0.00121
v 0.12085 0.76842 0.00178
v 0.12306 0.77004 0.00295
v 0.12085 0.76842 0.00413
v 0.07007 0.68900 0.00574
v 0.07107 0.68868 0.00295
v 0.07958 0.70884 0.00295
v 0.07859 0.70909 0.00565
v 0.07007 0.68900 0.00016
v 0.07859 0.70909 0.00026
v 0.08727 0.72954 0.00037
v 0.08822 0.72931 0.00295
v 0.08727 0.72954 0.00554
v 0.06743 0.68987 -0.00088
v 0.07597 0.70977 -0.00075
v 0.08475 0.73016 -0.00060
v 0.06743 0.68987 0.00679
v 0.07597 0.70977 0.00666
v 0.08475 0.73016 0.00650
v 0.12596 0.77386 0.00295
v 0.12172 0.77037 0.00432
v 0.12172 0.77037 0.00158
v 0.11856 0.76899 0.00178
v 0.12039 0.77070 0.00295
v 0.11856 0.76899 0.00413
v 0.09756 0.74976 -0.00009
v 0.11021 0.76080 0.00057
v 0.09539 0.75030 0.00074
v 0.10831 0.76105 0.00121
v 0.09539 0.75030 0.00517
v 0.09756 0.74976 0.00600
v 0.11021 0.76080 0.00534
v 0.10831 0.76105 0.00470
v 0.09458 0.75050 0.00295
v 0.10788 0.76137 0.00295
v 0.01009 0.60517 0.00618
v 0.01308 0.60050 0.00739
v 0.03680 0.64642 0.00716
v 0.03392 0.64868 0.00602
v 0.01596 0.59587 0.00618
v 0.03968 0.64416 0.00602
v 0.05663 0.66626 0.00589
v 0.05403 0.66807 0.00699
v 0.05144 0.66988 0.00589
v 0.01555 0.59652 -0.00027
v 0.01308 0.60050 -0.00148
v 0.03680 0.64642 -0.00126
v 0.03944 0.64436 -0.00011
v 0.01052 0.60450 -0.00027
v 0.03416 0.64848 -0.00011
v 0.05152 0.66981 0.00002
v 0.05403 0.66807 -0.00108
v 0.05655 0.66632 0.00002
v 0.01672 0.59459 0.00295
v 0.04060 0.64345 0.00295
v 0.05754 0.66563 0.00295
v 0.00923 0.60647 0.00295
v 0.03301 0.64939 0.00295
v 0.05053 0.67051 0.00295
v 0.06219 0.67910 0.00688
v 0.05961 0.68039 0.00581
v 0.06476 0.67780 0.00581
v 0.06219 0.67910 -0.00097
v 0.06475 0.67781 0.00010
v 0.05962 0.68038 0.00010
v 0.06572 0.67732 0.00295
v 0.05866 0.68087 0.00295
v 0.08708 0.74249 0.00295
v 0.08798 0.74227 0.00049
v 0.08798 0.74227 0.00541
v 0.09038 0.74167 0.00634
v 0.09278 0.74108 0.00541
v 0.09038 0.74167 -0.00043
v 0.09278 0.74108 0.00049
v 0.09369 0.74086 0.00295
v -0.06867 0.74783 -0.00654
v -0.06953 0.74654 -0.00323
v -0.08323 0.75905 -0.00624
v -0.08224 0.76031 -0.00944
v -0.06928 0.74783 0.00019
v -0.08315 0.76031 -0.00289
v -0.09430 0.77058 -0.00538
v -0.09426 0.76935 -0.00865
v -0.09318 0.77058 -0.01173
v -0.10476 0.79595 -0.00795
v -0.10386 0.79701 -0.01062
v -0.11288 0.81691 -0.01233
v -0.11329 0.81577 -0.01018
v -0.10386 0.79595 -0.01343
v -0.11292 0.81577 -0.01449
v -0.11964 0.83082 -0.01497
v -0.12083 0.83435 -0.01376
v -0.11968 0.83082 -0.01206
v -0.06634 0.75473 0.00046
v -0.06548 0.75602 -0.00286
v -0.07930 0.76830 -0.00569
v -0.08029 0.76704 -0.00250
v -0.06572 0.75473 -0.00627
v -0.07938 0.76704 -0.00904
v -0.09041 0.77713 -0.01124
v -0.09045 0.77835 -0.00797
v -0.09153 0.77713 -0.00489
v -0.06708 0.75128 -0.00767
v -0.08064 0.76367 -0.01047
v -0.09158 0.77385 -0.01267
v -0.06793 0.75128 0.00159
v -0.08189 0.76367 -0.00147
v -0.09313 0.77385 -0.00395
v -0.12427 0.83949 -0.01423
v -0.12156 0.83260 -0.01206
v -0.12160 0.83260 -0.01545
v -0.12091 0.82782 -0.01499
v -0.12232 0.83085 -0.01375
v -0.12095 0.82782 -0.01208
v -0.10489 0.79312 -0.01465
v -0.11392 0.81386 -0.01539
v -0.10626 0.79029 -0.01382
v -0.11480 0.81131 -0.01465
v -0.10715 0.79029 -0.00834
v -0.10612 0.79312 -0.00712
v -0.11441 0.81386 -0.00949
v -0.11517 0.81131 -0.01034
v -0.10715 0.78923 -0.01116
v -0.11546 0.81081 -0.01255
v -0.01658 0.70555 0.00670
v -0.01553 0.70660 0.00295
v -0.02338 0.71587 0.00295
v -0.02441 0.71484 0.00665
v -0.01658 0.70555 -0.00079
v -0.02441 0.71484 -0.00074
v -0.03127 0.72243 -0.00069
v -0.03031 0.72350 0.00295
v -0.03127 0.72243 0.00660
v -0.02221 0.69997 -0.00079
v -0.02326 0.69893 0.00295
v -0.03094 0.70825 0.00295
v -0.02991 0.70929 -0.00074
v -0.02221 0.69997 0.00670
v -0.02991 0.70929 0.00665
v -0.03637 0.71668 0.00660
v -0.03732 0.71560 0.00295
v -0.03637 0.71668 -0.00069
v 0.01126 0.63297 0.00695
v 0.01362 0.63979 0.00837
v 0.00375 0.66154 0.00830
v 0.00114 0.65817 0.00687
v 0.01614 0.64381 0.00692
v 0.00644 0.66495 0.00686
v -0.00230 0.68295 0.00680
v -0.00511 0.67992 0.00824
v -0.00790 0.67691 0.00680
v -0.03382 0.71955 0.00796
v -0.03803 0.72420 0.00777
v -0.04017 0.72104 0.00642
v -0.03588 0.72736 0.00643
v -0.04182 0.73297 0.00552
v -0.04357 0.72954 0.00682
v -0.04529 0.72611 0.00547
v -0.03382 0.71955 -0.00206
v -0.03801 0.72420 -0.00211
v -0.03587 0.72736 -0.00076
v -0.04016 0.72104 -0.00077
v -0.04519 0.72611 -0.00160
v -0.04343 0.72954 -0.00291
v -0.04171 0.73297 -0.00156
v -0.03507 0.72854 0.00283
v -0.04111 0.73426 0.00199
v -0.04097 0.71986 0.00283
v -0.04589 0.72482 0.00193
v -0.10108 0.77703 -0.01006
v -0.10000 0.77820 -0.01301
v -0.10115 0.77820 -0.00693
v -0.10004 0.78135 -0.00554
v -0.09850 0.78449 -0.00643
v -0.09846 0.78135 -0.01390
v -0.09735 0.78449 -0.01251
v -0.09743 0.78567 -0.00937
v -0.04101 0.73098 -0.00030
v -0.04789 0.75126 0.01865
v -0.04710 0.74896 0.02042
v -0.03994 0.72864 0.00150
v -0.05329 0.76696 0.03333
v -0.05272 0.76471 0.03506
v -0.05402 0.76271 0.03660
v -0.04828 0.74679 0.02209
v -0.04094 0.72628 0.00332
v -0.06744 0.77939 0.04937
v -0.07660 0.78999 0.05691
v -0.07707 0.79167 0.05585
v -0.06785 0.78134 0.04787
v -0.08358 0.79814 0.06242
v -0.08516 0.80074 0.06285
v -0.08317 0.80007 0.06093
v -0.07599 0.79285 0.05471
v -0.06666 0.78303 0.04657
v -0.04647 0.72623 0.00338
v -0.05353 0.74714 0.02184
v -0.05431 0.74944 0.02007
v -0.04754 0.72857 0.00157
v -0.05901 0.76334 0.03613
v -0.05958 0.76558 0.03441
v -0.05828 0.76759 0.03286
v -0.05313 0.75160 0.01840
v -0.04654 0.73093 -0.00025
v -0.05044 0.75227 0.01788
v -0.04379 0.73184 -0.00095
v -0.05565 0.76807 0.03248
v -0.05098 0.74613 0.02261
v -0.04369 0.72537 0.00403
v -0.05666 0.76222 0.03698
v -0.08408 0.79941 0.06387
v -0.08718 0.80391 0.06552
v -0.08132 0.79778 0.06269
v -0.08252 0.80032 0.06316
v -0.08091 0.79971 0.06120
v -0.08360 0.80166 0.06214
v -0.07436 0.79327 0.05462
v -0.06438 0.78337 0.04629
v -0.07264 0.79232 0.05510
v -0.06240 0.78236 0.04707
v -0.06317 0.77872 0.04987
v -0.07325 0.78946 0.05730
v -0.07520 0.78936 0.05763
v -0.06545 0.77838 0.05014
v -0.07248 0.79095 0.05639
v -0.06198 0.78042 0.04856
v -0.05683 0.77550 0.04125
v -0.05636 0.77335 0.04291
v -0.05767 0.77147 0.04436
v -0.06020 0.77107 0.04467
v -0.06241 0.77219 0.04382
v -0.06157 0.77623 0.04071
v -0.05904 0.77662 0.04040
v -0.06288 0.77435 0.04216
v -0.08266 0.70919 0.03056
v -0.08149 0.70838 0.03240
v -0.08513 0.70711 0.03395
v -0.08630 0.70788 0.03220
v -0.08097 0.70919 0.03451
v -0.08466 0.70788 0.03601
v -0.08881 0.70642 0.03770
v -0.08925 0.70569 0.03572
v -0.09038 0.70642 0.03404
v -0.10079 0.70975 0.04344
v -0.10180 0.71037 0.04203
v -0.11230 0.71224 0.04837
v -0.11128 0.71171 0.04930
v -0.10223 0.70975 0.04036
v -0.11257 0.71171 0.04700
v -0.12028 0.71329 0.05219
v -0.12152 0.71387 0.05400
v -0.11930 0.71329 0.05368
v -0.08270 0.71349 0.03525
v -0.08387 0.71430 0.03342
v -0.08772 0.71270 0.03506
v -0.08655 0.71194 0.03682
v -0.08439 0.71349 0.03130
v -0.08818 0.71194 0.03301
v -0.09221 0.71030 0.03483
v -0.09177 0.71103 0.03680
v -0.09065 0.71030 0.03848
v -0.08385 0.71134 0.03019
v -0.08755 0.70991 0.03189
v -0.09159 0.70836 0.03375
v -0.08152 0.71134 0.03562
v -0.08530 0.70991 0.03713
v -0.08943 0.70836 0.03877
v -0.12460 0.71374 0.05582
v -0.12050 0.71284 0.05455
v -0.12168 0.71284 0.05285
v -0.11953 0.71153 0.05170
v -0.12066 0.71181 0.05340
v -0.11855 0.71153 0.05318
v -0.10172 0.70808 0.03942
v -0.11240 0.71045 0.04635
v -0.10068 0.70642 0.03964
v -0.11142 0.70909 0.04634
v -0.09925 0.70642 0.04272
v -0.09975 0.70808 0.04365
v -0.11062 0.71045 0.04950
v -0.11012 0.70909 0.04865
v -0.09967 0.70579 0.04104
v -0.11072 0.70865 0.04748
v -0.02788 0.71007 0.00361
v -0.02784 0.71285 0.00459
v -0.05182 0.71262 0.01876
v -0.05185 0.70999 0.01782
v -0.02847 0.71563 0.00383
v -0.05244 0.71525 0.01806
v -0.07058 0.71487 0.02876
v -0.06986 0.71239 0.02937
v -0.06980 0.70991 0.02842
v -0.03025 0.71563 -0.00081
v -0.03028 0.71285 -0.00179
v -0.05424 0.71262 0.01275
v -0.05420 0.71525 0.01369
v -0.02965 0.71007 -0.00104
v -0.05361 0.70999 0.01345
v -0.07155 0.70991 0.02426
v -0.07227 0.71239 0.02364
v -0.07233 0.71487 0.02459
v -0.02947 0.71667 0.00156
v -0.05343 0.71624 0.01592
v -0.07160 0.71580 0.02673
v -0.02865 0.70903 0.00124
v -0.05262 0.70900 0.01559
v -0.07053 0.70899 0.02628
v -0.07819 0.71209 0.03410
v -0.07788 0.70978 0.03307
v -0.07915 0.71440 0.03361
v -0.08057 0.71209 0.02853
v -0.08088 0.71440 0.02956
v -0.07961 0.70978 0.02902
v -0.08025 0.71526 0.03169
v -0.07851 0.70892 0.03094
v -0.09313 0.70494 0.03749
v -0.09421 0.70563 0.03589
v -0.09270 0.70563 0.03937
v -0.09329 0.70748 0.04040
v -0.09445 0.70933 0.04012
v -0.09536 0.70748 0.03562
v -0.09595 0.70933 0.03665
v -0.09553 0.71002 0.03853
v -0.10346 0.78509 -0.01261
v -0.10372 0.78413 -0.01073
v -0.11099 0.78416 -0.01317
v -0.11117 0.78509 -0.01519
v -0.10416 0.78525 -0.00895
v -0.11116 0.78517 -0.01117
v -0.11720 0.78514 -0.01268
v -0.11723 0.78421 -0.01483
v -0.11772 0.78511 -0.01692
v -0.13127 0.79255 -0.01171
v -0.13182 0.79333 -0.01357
v -0.14442 0.79857 -0.01138
v -0.14379 0.79787 -0.00994
v -0.13193 0.79255 -0.01552
v -0.14431 0.79787 -0.01294
v -0.15361 0.80200 -0.01081
v -0.15546 0.80316 -0.00945
v -0.15326 0.80200 -0.00879
v -0.10467 0.79077 -0.00924
v -0.10441 0.79173 -0.01113
v -0.11226 0.79128 -0.01322
v -0.11208 0.79035 -0.01121
v -0.10397 0.79061 -0.01290
v -0.11209 0.79026 -0.01522
v -0.11893 0.78999 -0.01677
v -0.11890 0.79092 -0.01462
v -0.11841 0.79001 -0.01253
v -0.10358 0.78782 -0.01344
v -0.11163 0.78766 -0.01596
v -0.11842 0.78754 -0.01764
v -0.10454 0.78804 -0.00841
v -0.11162 0.78778 -0.01043
v -0.11771 0.78758 -0.01181
v -0.15924 0.80393 -0.00879
v -0.15489 0.80187 -0.00834
v -0.15530 0.80187 -0.01069
v -0.15299 0.79979 -0.01092
v -0.15473 0.80059 -0.00958
v -0.15263 0.79979 -0.00890
v -0.13146 0.79048 -0.01634
v -0.14414 0.79633 -0.01354
v -0.13075 0.78840 -0.01572
v -0.14338 0.79461 -0.01310
v -0.13008 0.78840 -0.01191
v -0.13055 0.79048 -0.01110
v -0.14342 0.79633 -0.00944
v -0.14286 0.79461 -0.01010
v -0.13019 0.78762 -0.01386
v -0.14314 0.79410 -0.01160
v -0.12236 0.78470 -0.01506
v -0.12296 0.78557 -0.01713
v -0.12225 0.78557 -0.01292
v -0.12277 0.78788 -0.01202
v -0.12355 0.79018 -0.01270
v -0.12374 0.78787 -0.01781
v -0.12425 0.79018 -0.01691
v -0.12414 0.79105 -0.01476
v -0.02052 0.75605 -0.01328
v -0.01992 0.76015 -0.01521
v -0.01900 0.76093 -0.01331
v -0.01956 0.75690 -0.01134
v -0.01926 0.76475 -0.01736
v -0.01839 0.76549 -0.01554
v -0.01889 0.76686 -0.01387
v -0.01953 0.76235 -0.01156
v -0.02011 0.75833 -0.00951
v -0.02367 0.77953 -0.01968
v -0.02706 0.79086 -0.02510
v -0.02771 0.79054 -0.02641
v -0.02442 0.77890 -0.02124
v -0.02973 0.79933 -0.02932
v -0.03059 0.80076 -0.03094
v -0.02990 0.79837 -0.03091
v -0.02732 0.78944 -0.02746
v -0.02399 0.77773 -0.02268
v -0.02413 0.75985 -0.00980
v -0.02336 0.76406 -0.01196
v -0.02428 0.76328 -0.01386
v -0.02509 0.75900 -0.01174
v -0.02256 0.76853 -0.01426
v -0.02343 0.76779 -0.01609
v -0.02293 0.76642 -0.01776
v -0.02375 0.76186 -0.01560
v -0.02454 0.75757 -0.01357
v -0.02191 0.76059 -0.01609
v -0.02260 0.75638 -0.01414
v -0.02117 0.76519 -0.01821
v -0.02137 0.76362 -0.01108
v -0.02204 0.75952 -0.00895
v -0.02065 0.76809 -0.01341
v -0.02952 0.80087 -0.02991
v -0.03096 0.80417 -0.03252
v -0.02806 0.79857 -0.02914
v -0.02864 0.79987 -0.03073
v -0.02823 0.79761 -0.03073
v -0.02972 0.79975 -0.03176
v -0.02619 0.78880 -0.02784
v -0.02248 0.77667 -0.02307
v -0.02484 0.78831 -0.02719
v -0.02084 0.77629 -0.02234
v -0.02052 0.77810 -0.01934
v -0.02459 0.78974 -0.02483
v -0.02584 0.79074 -0.02461
v -0.02203 0.77915 -0.01895
v -0.02432 0.78900 -0.02604
v -0.02009 0.77693 -0.02077
v -0.01512 0.73133 -0.00653
v -0.01742 0.74118 -0.00725
v -0.01966 0.74168 -0.00643
v -0.01743 0.73184 -0.00580
v -0.01936 0.75069 -0.00779
v -0.02149 0.75134 -0.00696
v -0.02376 0.75109 -0.00760
v -0.02195 0.74126 -0.00711
v -0.01973 0.73140 -0.00659
v -0.01970 0.72888 -0.01063
v -0.02210 0.73881 -0.01110
v -0.01987 0.73831 -0.01191
v -0.01739 0.72837 -0.01136
v -0.02409 0.74871 -0.01152
v -0.02195 0.74806 -0.01235
v -0.01969 0.74831 -0.01170
v -0.01757 0.73873 -0.01123
v -0.01509 0.72881 -0.01058
v -0.02288 0.74005 -0.00908
v -0.02058 0.73015 -0.00862
v -0.02475 0.74997 -0.00953
v -0.01664 0.73994 -0.00927
v -0.01424 0.73006 -0.00854
v -0.01870 0.74943 -0.00978
v -0.02019 0.75554 -0.00837
v -0.02223 0.75647 -0.00766
v -0.02441 0.75653 -0.00839
v -0.02482 0.75420 -0.01225
v -0.02278 0.75327 -0.01296
v -0.02060 0.75321 -0.01222
v -0.02540 0.75555 -0.01033
v -0.01960 0.75419 -0.01029
v -0.01916 0.76906 -0.01930
v -0.01832 0.76976 -0.01757
v -0.01880 0.77107 -0.01598
v -0.02048 0.77224 -0.01554
v -0.02230 0.77266 -0.01636
v -0.02265 0.77065 -0.01968
v -0.02097 0.76948 -0.02012
v -0.02313 0.77195 -0.01809
v -0.01280 0.71806 -0.00739
v -0.01327 0.72286 -0.00948
v -0.01246 0.72408 -0.00739
v -0.01201 0.71919 -0.00523
v -0.01338 0.72542 -0.00540
v -0.01291 0.72064 -0.00327
v -0.01745 0.72148 -0.00381
v -0.01800 0.72575 -0.00568
v -0.01881 0.72454 -0.00777
v -0.01824 0.72035 -0.00597
v -0.01789 0.72320 -0.00976
v -0.01734 0.71890 -0.00793
v -0.01557 0.72255 -0.01039
v -0.01505 0.71799 -0.00844
v -0.01570 0.72606 -0.00477
v -0.01520 0.72154 -0.00277
v -0.01631 0.70456 0.00464
v -0.01413 0.71346 0.00027
v -0.01632 0.71472 0.00061
v -0.01837 0.70624 0.00480
v -0.01846 0.71501 -0.00062
v -0.02039 0.70692 0.00336
v -0.02027 0.70424 -0.00091
v -0.01835 0.71239 -0.00480
v -0.01616 0.71112 -0.00515
v -0.01821 0.70256 -0.00107
v -0.01401 0.71084 -0.00392
v -0.01619 0.70188 0.00036
v -0.01922 0.71399 -0.00287
v -0.02109 0.70602 0.00099
v -0.01326 0.71186 -0.00166
v -0.01549 0.70278 0.00274
v -0.06226 0.71410 0.01986
v -0.06788 0.71844 0.02174
v -0.06680 0.71899 0.02338
v -0.06115 0.71466 0.02152
v -0.07264 0.72202 0.02336
v -0.07158 0.72256 0.02496
v -0.07148 0.72202 0.02688
v -0.06669 0.71844 0.02535
v -0.06105 0.71410 0.02352
v -0.08416 0.72335 0.03080
v -0.09481 0.72511 0.03395
v -0.09570 0.72476 0.03291
v -0.08508 0.72288 0.02941
v -0.10293 0.72635 0.03620
v -0.10501 0.72642 0.03599
v -0.10346 0.72635 0.03458
v -0.09561 0.72511 0.03155
v -0.08517 0.72335 0.02775
v -0.06371 0.71110 0.02440
v -0.06931 0.71550 0.02621
v -0.07039 0.71494 0.02457
v -0.06481 0.71054 0.02273
v -0.07404 0.71914 0.02773
v -0.07510 0.71860 0.02612
v -0.07520 0.71914 0.02420
v -0.07050 0.71550 0.02261
v -0.06492 0.71110 0.02073
v -0.06941 0.71697 0.02150
v -0.06382 0.71260 0.01961
v -0.07414 0.72058 0.02312
v -0.06778 0.71697 0.02645
v -0.06215 0.71260 0.02465
v -0.07254 0.72058 0.02796
v -0.10402 0.72719 0.03670
v -0.10793 0.72757 0.03695
v -0.10175 0.72767 0.03581
v -0.10364 0.72796 0.03553
v -0.10229 0.72767 0.03419
v -0.10464 0.72719 0.03482
v -0.09505 0.72610 0.03088
v -0.08425 0.72459 0.02681
v -0.09386 0.72707 0.03098
v -0.08295 0.72584 0.02702
v -0.08194 0.72584 0.03007
v -0.09307 0.72707 0.03338
v -0.09396 0.72610 0.03416
v -0.08286 0.72459 0.03101
v -0.09331 0.72745 0.03213
v -0.08203 0.72631 0.02841
v -0.07654 0.72433 0.02472
v -0.07552 0.72485 0.02626
v -0.07542 0.72433 0.02811
v -0.07644 0.72294 0.02915
v -0.07788 0.72156 0.02892
v -0.07900 0.72156 0.02553
v -0.07798 0.72294 0.02449
v -0.07890 0.72104 0.02737
v -0.01939 0.70276 -0.00220
v -0.02716 0.71206 -0.00212
v -0.01939 0.70276 0.00810
v -0.02716 0.71206 0.00803
v 0.01175 0.63368 -0.00093
v 0.01060 0.63079 0.00297
v 0.00027 0.65702 0.00296
v 0.00139 0.65838 -0.00091
v -0.00890 0.67582 0.00296
v -0.00781 0.67698 -0.00088
v 0.01724 0.64529 0.00327
v 0.00753 0.66624 0.00312
v 0.01652 0.64392 -0.00047
v 0.00664 0.66501 -0.00067
v -0.00223 0.68297 -0.00080
v -0.00122 0.68409 0.00301
v -0.01629 0.68898 0.00295
v -0.01523 0.69004 0.00675
v -0.01522 0.69005 -0.00084
v -0.00848 0.69680 0.00296
v -0.00954 0.69574 -0.00083
v -0.00955 0.69573 0.00675
v -0.01238 0.69290 -0.00226
v -0.00501 0.67998 -0.00227
v -0.01239 0.69289 0.00817
v 0.01422 0.64023 -0.00214
v 0.00406 0.66172 -0.00223
v -0.02117 0.76065 -0.01567
v -0.02206 0.76015 -0.01429
v -0.02798 0.76368 -0.01668
v -0.02708 0.76419 -0.01808
v -0.02253 0.76092 -0.01282
v -0.02847 0.76446 -0.01517
v -0.03308 0.76733 -0.01704
v -0.03259 0.76654 -0.01857
v -0.03168 0.76705 -0.01999
v -0.03615 0.77646 -0.02001
v -0.03533 0.77692 -0.02129
v -0.03762 0.78347 -0.02460
v -0.03824 0.78301 -0.02354
v -0.03489 0.77621 -0.02265
v -0.03724 0.78281 -0.02563
v -0.03907 0.78784 -0.02784
v -0.03968 0.78917 -0.02765
v -0.03974 0.78798 -0.02643
v -0.02145 0.76427 -0.01255
v -0.02057 0.76477 -0.01393
v -0.02646 0.76839 -0.01631
v -0.02736 0.76789 -0.01490
v -0.02009 0.76400 -0.01541
v -0.02598 0.76761 -0.01782
v -0.03056 0.77050 -0.01972
v -0.03106 0.77129 -0.01819
v -0.03196 0.77078 -0.01677
v -0.02038 0.76227 -0.01608
v -0.02627 0.76584 -0.01850
v -0.03086 0.76872 -0.02040
v -0.02225 0.76265 -0.01215
v -0.02817 0.76623 -0.01449
v -0.03278 0.76911 -0.01636
v -0.04065 0.79057 -0.02882
v -0.04038 0.78828 -0.02690
v -0.03960 0.78813 -0.02855
v -0.03960 0.78618 -0.02797
v -0.04030 0.78724 -0.02780
v -0.04028 0.78632 -0.02656
v -0.03515 0.77461 -0.02327
v -0.03748 0.78165 -0.02617
v -0.03589 0.77311 -0.02290
v -0.03803 0.78035 -0.02583
v -0.03715 0.77336 -0.02025
v -0.03688 0.77496 -0.01964
v -0.03885 0.78193 -0.02331
v -0.03903 0.78055 -0.02373
v -0.03670 0.77265 -0.02162
v -0.03871 0.78011 -0.02487
v -0.03508 0.76869 -0.01981
v -0.03418 0.76919 -0.02121
v -0.03556 0.76947 -0.01831
v -0.03527 0.77122 -0.01764
v -0.03447 0.77286 -0.01805
v -0.03338 0.77084 -0.02161
v -0.03309 0.77259 -0.02094
v -0.03357 0.77336 -0.01944
v -0.08856 0.70802 0.03474
v -0.08868 0.70705 0.03595
v -0.09284 0.70277 0.03324
v -0.09272 0.70376 0.03201
v -0.08957 0.70688 0.03713
v -0.09375 0.70259 0.03445
v -0.09707 0.69929 0.03231
v -0.09615 0.69948 0.03109
v -0.09603 0.70047 0.02984
v -0.10421 0.69949 0.02862
v -0.10410 0.70038 0.02750
v -0.10911 0.70043 0.02381
v -0.10912 0.69972 0.02476
v -0.10328 0.70055 0.02641
v -0.10838 0.70056 0.02301
v -0.11229 0.70054 0.02047
v -0.11346 0.70042 0.02047
v -0.11279 0.69997 0.02165
v -0.09164 0.70899 0.03705
v -0.09153 0.70995 0.03584
v -0.09574 0.70573 0.03313
v -0.09586 0.70474 0.03437
v -0.09063 0.71013 0.03465
v -0.09483 0.70591 0.03192
v -0.09816 0.70264 0.02976
v -0.09908 0.70246 0.03098
v -0.09920 0.70146 0.03223
v -0.08941 0.70929 0.03425
v -0.09358 0.70505 0.03150
v -0.09690 0.70178 0.02934
v -0.09079 0.70772 0.03754
v -0.09500 0.70345 0.03487
v -0.09833 0.70016 0.03273
v -0.11463 0.69998 0.01925
v -0.11316 0.69948 0.02118
v -0.11258 0.70014 0.01980
v -0.11126 0.69949 0.02051
v -0.11227 0.69921 0.02051
v -0.11176 0.69893 0.02169
v -0.10215 0.69977 0.02603
v -0.10757 0.69995 0.02266
v -0.10136 0.69860 0.02648
v -0.10686 0.69902 0.02307
v -0.10230 0.69754 0.02870
v -0.10343 0.69832 0.02907
v -0.10858 0.69880 0.02505
v -0.10760 0.69818 0.02482
v -0.10147 0.69770 0.02760
v -0.10704 0.69832 0.02390
v -0.09834 0.69789 0.02967
v -0.09823 0.69887 0.02844
v -0.09925 0.69772 0.03087
v -0.10049 0.69857 0.03128
v -0.10134 0.69985 0.03079
v -0.09908 0.70016 0.02795
v -0.10032 0.70101 0.02836
v -0.10123 0.70083 0.02956
v 0.06009 0.71350 0.03135
v 0.06204 0.71720 0.03298
v 0.06244 0.71574 0.03474
v 0.06052 0.71203 0.03318
v 0.06422 0.72136 0.03482
v 0.06459 0.71995 0.03651
v 0.06387 0.71963 0.03848
v 0.06167 0.71541 0.03680
v 0.05970 0.71164 0.03530
v 0.06369 0.73356 0.04422
v 0.06436 0.74553 0.05009
v 0.06414 0.74677 0.04916
v 0.06338 0.73481 0.04282
v 0.06480 0.75470 0.05446
v 0.06481 0.75727 0.05478
v 0.06503 0.75578 0.05298
v 0.06465 0.74695 0.04778
v 0.06402 0.73513 0.04115
v 0.05638 0.71451 0.03604
v 0.05859 0.71839 0.03761
v 0.05820 0.71985 0.03585
v 0.05595 0.71598 0.03420
v 0.06093 0.72253 0.03927
v 0.06055 0.72393 0.03759
v 0.06128 0.72425 0.03561
v 0.05896 0.72019 0.03379
v 0.05676 0.71637 0.03209
v 0.06057 0.71903 0.03267
v 0.05850 0.71529 0.03097
v 0.06282 0.72313 0.03453
v 0.06006 0.71656 0.03792
v 0.05797 0.71273 0.03641
v 0.06233 0.72076 0.03956
v 0.06547 0.75592 0.05534
v 0.06562 0.76063 0.05661
v 0.06616 0.75348 0.05397
v 0.06639 0.75587 0.05419
v 0.06638 0.75456 0.05248
v 0.06574 0.75722 0.05363
v 0.06571 0.74648 0.04713
v 0.06534 0.73420 0.04021
v 0.06665 0.74509 0.04713
v 0.06654 0.73268 0.04043
v 0.06622 0.73111 0.04350
v 0.06636 0.74366 0.04944
v 0.06531 0.74452 0.05029
v 0.06490 0.73204 0.04444
v 0.06688 0.74423 0.04826
v 0.06685 0.73144 0.04183
v 0.04698 0.65348 0.00439
v 0.05245 0.67981 0.01861
v 0.05017 0.68036 0.01955
v 0.04457 0.65406 0.00538
v 0.05656 0.69952 0.02921
v 0.05444 0.70015 0.03016
v 0.05246 0.70150 0.02954
v 0.04804 0.68165 0.01885
v 0.04231 0.65538 0.00462
v 0.04271 0.65733 -0.00002
v 0.04843 0.68359 0.01447
v 0.05072 0.68303 0.01353
v 0.04512 0.65675 -0.00101
v 0.05285 0.70343 0.02537
v 0.05498 0.70280 0.02443
v 0.05696 0.70145 0.02504
v 0.05285 0.68175 0.01423
v 0.04738 0.65543 -0.00025
v 0.04741 0.68296 0.01671
v 0.04163 0.65672 0.00234
v 0.05189 0.70283 0.02752
v 0.05348 0.68043 0.01638
v 0.04805 0.65409 0.00203
v 0.05753 0.70011 0.02707
v 0.05850 0.70838 0.03385
v 0.05658 0.70924 0.03488
v 0.05480 0.71081 0.03439
v 0.05519 0.71271 0.03035
v 0.05711 0.71185 0.02932
v 0.05889 0.71028 0.02981
v 0.05430 0.71222 0.03247
v 0.05939 0.70888 0.03173
v 0.06576 0.72539 0.03668
v 0.06612 0.72405 0.03828
v 0.06542 0.72374 0.04015
v 0.06396 0.72481 0.04118
v 0.06262 0.72649 0.04091
v 0.06296 0.72815 0.03743
v 0.06443 0.72708 0.03640
v 0.06227 0.72784 0.03931
v 0.05125 0.69218 0.02064
v 0.05052 0.69109 0.02231
v 0.04805 0.69827 0.02417
v 0.04877 0.69934 0.02253
v 0.05098 0.69085 0.02431
v 0.04850 0.69803 0.02613
v 0.04649 0.70411 0.02767
v 0.04604 0.70434 0.02575
v 0.04675 0.70538 0.02415
v 0.04820 0.71834 0.03159
v 0.04881 0.71924 0.03020
v 0.04958 0.73135 0.03370
v 0.04909 0.73045 0.03474
v 0.04843 0.71945 0.02853
v 0.04926 0.73132 0.03234
v 0.04997 0.74024 0.03536
v 0.05025 0.74196 0.03677
v 0.04984 0.73965 0.03698
v 0.05416 0.69310 0.02518
v 0.05490 0.69419 0.02352
v 0.05235 0.70131 0.02536
v 0.05163 0.70024 0.02700
v 0.05444 0.69443 0.02152
v 0.05190 0.70155 0.02339
v 0.04981 0.70755 0.02499
v 0.05026 0.70731 0.02691
v 0.04955 0.70627 0.02851
v 0.05289 0.69355 0.02039
v 0.05038 0.70069 0.02229
v 0.04833 0.70670 0.02391
v 0.05252 0.69172 0.02543
v 0.05002 0.69889 0.02724
v 0.04797 0.70495 0.02875
v 0.04992 0.74542 0.03773
v 0.04936 0.74103 0.03749
v 0.04950 0.74172 0.03560
v 0.04856 0.73924 0.03497
v 0.04861 0.74080 0.03632
v 0.04844 0.73866 0.03660
v 0.04714 0.71872 0.02760
v 0.04828 0.73093 0.03166
v 0.04578 0.71757 0.02780
v 0.04718 0.72984 0.03176
v 0.04555 0.71647 0.03086
v 0.04683 0.71720 0.03180
v 0.04803 0.72974 0.03495
v 0.04700 0.72897 0.03417
v 0.04516 0.71667 0.02919
v 0.04673 0.72933 0.03291
v 0.04496 0.70918 0.02705
v 0.04564 0.71018 0.02550
v 0.04538 0.70895 0.02889
v 0.04681 0.70976 0.02993
v 0.04833 0.71103 0.02970
v 0.04716 0.71145 0.02527
v 0.04858 0.71226 0.02632
v 0.04901 0.71204 0.02816
v 0.06243 0.71972 0.03552
v 0.06705 0.72333 0.03279
v 0.06792 0.72324 0.03403
v 0.06329 0.71963 0.03674
v 0.07063 0.72623 0.03063
v 0.07151 0.72614 0.03188
v 0.07188 0.72711 0.03310
v 0.06828 0.72420 0.03524
v 0.06364 0.72057 0.03792
v 0.07332 0.73500 0.02941
v 0.07423 0.74045 0.02555
v 0.07361 0.74060 0.02460
v 0.07253 0.73509 0.02828
v 0.07484 0.74454 0.02244
v 0.07460 0.74538 0.02125
v 0.07424 0.74412 0.02125
v 0.07334 0.73983 0.02379
v 0.07220 0.73422 0.02719
v 0.06229 0.72333 0.03784
v 0.06690 0.72701 0.03515
v 0.06603 0.72710 0.03391
v 0.06143 0.72342 0.03662
v 0.07049 0.72994 0.03301
v 0.06960 0.73004 0.03176
v 0.06924 0.72907 0.03054
v 0.06567 0.72614 0.03271
v 0.06107 0.72248 0.03544
v 0.06612 0.72457 0.03229
v 0.06152 0.72094 0.03503
v 0.06970 0.72748 0.03012
v 0.06783 0.72577 0.03565
v 0.06319 0.72211 0.03833
v 0.07142 0.72869 0.03352
v 0.07534 0.74484 0.02197
v 0.07524 0.74657 0.02004
v 0.07551 0.74318 0.02248
v 0.07538 0.74380 0.02130
v 0.07491 0.74276 0.02129
v 0.07464 0.74435 0.02059
v 0.07368 0.73880 0.02344
v 0.07261 0.73280 0.02681
v 0.07433 0.73781 0.02385
v 0.07345 0.73167 0.02727
v 0.07457 0.73246 0.02948
v 0.07522 0.73844 0.02561
v 0.07490 0.73965 0.02584
v 0.07416 0.73388 0.02986
v 0.07497 0.73785 0.02468
v 0.07425 0.73159 0.02839
v 0.07250 0.72829 0.02923
v 0.07338 0.72819 0.03046
v 0.07373 0.72915 0.03166
v 0.07328 0.73070 0.03207
v 0.07236 0.73193 0.03157
v 0.07113 0.73107 0.02915
v 0.07159 0.72952 0.02873
v 0.07149 0.73202 0.03034
v -0.05413 0.73904 0.00459
v -0.05560 0.73553 0.00323
v -0.05253 0.74254 0.00337
v -0.05369 0.73904 -0.00492
v -0.05221 0.74254 -0.00355
v -0.05528 0.73553 -0.00369
v -0.05180 0.74386 -0.00007
v -0.05602 0.73422 -0.00026
v 0.06898 0.70158 0.00236
v 0.07030 0.70259 0.00404
v 0.07708 0.70489 -0.00506
v 0.07576 0.70381 -0.00664
v 0.07214 0.70192 0.00532
v 0.07893 0.70432 -0.00386
v 0.08444 0.70614 -0.01128
v 0.08260 0.70663 -0.01242
v 0.08129 0.70552 -0.01391
v 0.09441 0.70125 -0.02302
v 0.09330 0.70031 -0.02432
v 0.10151 0.69693 -0.03362
v 0.10222 0.69764 -0.03239
v 0.09172 0.70076 -0.02531
v 0.10020 0.69743 -0.03429
v 0.10675 0.69482 -0.04092
v 0.10875 0.69400 -0.04175
v 0.10804 0.69484 -0.03958
v 0.07352 0.69741 0.00425
v 0.07220 0.69640 0.00257
v 0.07902 0.69885 -0.00642
v 0.08034 0.69993 -0.00484
v 0.07036 0.69707 0.00129
v 0.07717 0.69943 -0.00763
v 0.08272 0.70126 -0.01483
v 0.08455 0.70077 -0.01368
v 0.08586 0.70187 -0.01220
v 0.06908 0.69926 0.00127
v 0.07587 0.70153 -0.00766
v 0.08141 0.70327 -0.01486
v 0.07342 0.69973 0.00534
v 0.08023 0.70221 -0.00383
v 0.08574 0.70412 -0.01124
v 0.11119 0.69373 -0.04448
v 0.10917 0.69513 -0.04064
v 0.10769 0.69515 -0.04224
v 0.10618 0.69677 -0.04040
v 0.10811 0.69628 -0.04113
v 0.10748 0.69679 -0.03906
v 0.09061 0.70251 -0.02534
v 0.09952 0.69878 -0.03444
v 0.09051 0.70445 -0.02450
v 0.09931 0.70033 -0.03359
v 0.09320 0.70494 -0.02221
v 0.09431 0.70318 -0.02218
v 0.10227 0.69905 -0.03183
v 0.10133 0.70054 -0.03169
v 0.09162 0.70538 -0.02321
v 0.10029 0.70090 -0.03265
v 0.08644 0.70716 -0.01733
v 0.08519 0.70607 -0.01874
v 0.08822 0.70671 -0.01624
v 0.08948 0.70478 -0.01620
v 0.08960 0.70262 -0.01710
v 0.08531 0.70391 -0.01964
v 0.08657 0.70199 -0.01960
v 0.08918 0.70623 -0.02337
v 0.08998 0.70671 -0.02198
v 0.09066 0.70967 -0.02417
v 0.09000 0.70940 -0.02559
v 0.09150 0.70659 -0.02133
v 0.09207 0.70944 -0.02346
v 0.09288 0.71262 -0.02566
v 0.09160 0.71298 -0.02643
v 0.09106 0.71288 -0.02786
v 0.09975 0.71723 -0.03140
v 0.09934 0.71721 -0.03266
v 0.10577 0.72193 -0.03682
v 0.10600 0.72188 -0.03576
v 0.09827 0.71759 -0.03336
v 0.10483 0.72216 -0.03731
v 0.10989 0.72554 -0.04022
v 0.11142 0.72607 -0.04046
v 0.11068 0.72535 -0.03918
v 0.09344 0.70502 -0.02330
v 0.09264 0.70455 -0.02468
v 0.09340 0.70782 -0.02679
v 0.09406 0.70810 -0.02537
v 0.09112 0.70466 -0.02534
v 0.09199 0.70805 -0.02750
v 0.09306 0.71161 -0.02963
v 0.09435 0.71124 -0.02886
v 0.09488 0.71135 -0.02742
v 0.08972 0.70538 -0.02474
v 0.09061 0.70871 -0.02694
v 0.09172 0.71229 -0.02916
v 0.09290 0.70588 -0.02193
v 0.09345 0.70878 -0.02402
v 0.09422 0.71193 -0.02613
v 0.11310 0.72782 -0.04147
v 0.11133 0.72629 -0.03940
v 0.11042 0.72652 -0.04062
v 0.10896 0.72612 -0.03944
v 0.11034 0.72674 -0.03955
v 0.10975 0.72592 -0.03840
v 0.09712 0.71820 -0.03299
v 0.10403 0.72271 -0.03708
v 0.09652 0.71868 -0.03189
v 0.10346 0.72302 -0.03615
v 0.09800 0.71831 -0.02992
v 0.09915 0.71770 -0.03029
v 0.10563 0.72232 -0.03497
v 0.10462 0.72273 -0.03460
v 0.09693 0.71870 -0.03063
v 0.10389 0.72310 -0.03523
v 0.09082 0.70447 -0.01957
v 0.09212 0.70327 -0.01995
v 0.09248 0.70418 -0.02067
v 0.09111 0.70510 -0.02014
v 0.09250 0.70187 -0.02110
v 0.09294 0.70308 -0.02195
v 0.09002 0.70134 -0.02312
v 0.08871 0.70254 -0.02274
v 0.08913 0.70349 -0.02344
v 0.09050 0.70258 -0.02396
v 0.08833 0.70394 -0.02159
v 0.08867 0.70459 -0.02215
v 0.09158 0.70112 -0.02240
v 0.09206 0.70245 -0.02330
v 0.08926 0.70469 -0.02029
v 0.08955 0.70522 -0.02081
v 0.09312 0.71562 -0.02808
v 0.09265 0.71559 -0.02947
v 0.09431 0.71520 -0.02730
v 0.09559 0.71453 -0.02772
v 0.09625 0.71399 -0.02894
v 0.09331 0.71506 -0.03070
v 0.09459 0.71438 -0.03112
v 0.09578 0.71396 -0.03034
v 0.08834 0.70153 -0.01852
v -0.07133 0.75342 -0.00482
v -0.07344 0.75221 -0.00389
v -0.07956 0.75080 -0.02040
v -0.07751 0.75192 -0.02182
v -0.07570 0.75346 -0.00356
v -0.08188 0.75200 -0.01958
v -0.08707 0.75090 -0.03228
v -0.08472 0.74975 -0.03345
v -0.08274 0.75079 -0.03521
v -0.09621 0.75742 -0.04763
v -0.09451 0.75830 -0.04932
v -0.10113 0.76125 -0.05763
v -0.10236 0.76053 -0.05616
v -0.09244 0.75731 -0.05048
v -0.09940 0.76043 -0.05840
v -0.10465 0.76280 -0.06399
v -0.10671 0.76367 -0.06457
v -0.10666 0.76287 -0.06248
v -0.07612 0.76000 -0.00515
v -0.07401 0.76120 -0.00608
v -0.08056 0.75929 -0.02258
v -0.08261 0.75817 -0.02116
v -0.07174 0.75996 -0.00641
v -0.07824 0.75809 -0.02340
v -0.08369 0.75665 -0.03678
v -0.08603 0.75780 -0.03561
v -0.08802 0.75675 -0.03385
v -0.07071 0.75668 -0.00585
v -0.07705 0.75499 -0.02303
v -0.08240 0.75370 -0.03654
v -0.07673 0.75674 -0.00411
v -0.08306 0.75510 -0.01995
v -0.08835 0.75385 -0.03252
v -0.10849 0.76349 -0.06670
v -0.10754 0.76221 -0.06319
v -0.10521 0.76213 -0.06495
v -0.10409 0.76022 -0.06314
v -0.10604 0.76067 -0.06357
v -0.10609 0.76028 -0.06163
v -0.09126 0.75481 -0.05031
v -0.09855 0.75854 -0.05835
v -0.09149 0.75234 -0.04907
v -0.09860 0.75656 -0.05722
v -0.09527 0.75245 -0.04622
v -0.09645 0.75496 -0.04639
v -0.10261 0.75867 -0.05528
v -0.10157 0.75666 -0.05498
v -0.09320 0.75146 -0.04738
v -0.10004 0.75596 -0.05600
v -0.08859 0.74958 -0.04109
v -0.08669 0.75056 -0.04294
v -0.09087 0.75068 -0.03982
v -0.09216 0.75347 -0.04000
v -0.09188 0.75623 -0.04135
v -0.08641 0.75331 -0.04428
v -0.08770 0.75611 -0.04446
v -0.08998 0.75721 -0.04319
v -0.08096 0.75415 -0.02849
v -0.08037 0.75319 -0.02963
v -0.07795 0.75883 -0.03078
v -0.07839 0.76011 -0.02972
v -0.08092 0.75299 -0.03105
v -0.07854 0.75833 -0.03223
v -0.07652 0.76276 -0.03350
v -0.07591 0.76348 -0.03204
v -0.07622 0.76498 -0.03104
v -0.07631 0.77321 -0.04029
v -0.07654 0.77462 -0.03944
v -0.07557 0.78298 -0.04615
v -0.07540 0.78175 -0.04672
v -0.07600 0.77534 -0.03816
v -0.07515 0.78342 -0.04505
v -0.07460 0.78944 -0.05035
v -0.07471 0.79031 -0.05204
v -0.07476 0.78831 -0.05148
v -0.08399 0.75502 -0.03182
v -0.08459 0.75598 -0.03068
v -0.08171 0.76168 -0.03220
v -0.08128 0.76040 -0.03326
v -0.08403 0.75618 -0.02926
v -0.08112 0.76218 -0.03075
v -0.07870 0.76707 -0.03226
v -0.07930 0.76635 -0.03371
v -0.07899 0.76484 -0.03471
v -0.08250 0.75538 -0.02840
v -0.07973 0.76148 -0.02976
v -0.07741 0.76644 -0.03119
v -0.08245 0.75379 -0.03191
v -0.07994 0.75903 -0.03321
v -0.07781 0.76339 -0.03456
v -0.07395 0.79259 -0.05394
v -0.07417 0.78909 -0.05235
v -0.07398 0.79041 -0.05103
v -0.07351 0.78847 -0.04975
v -0.07344 0.78918 -0.05134
v -0.07367 0.78734 -0.05088
v -0.07491 0.77482 -0.03720
v -0.07429 0.78314 -0.04440
v -0.07394 0.77350 -0.03702
v -0.07354 0.78198 -0.04415
v -0.07425 0.77138 -0.03915
v -0.07534 0.77190 -0.04012
v -0.07463 0.78085 -0.04668
v -0.07378 0.78030 -0.04582
v -0.07371 0.77210 -0.03787
v -0.07335 0.78101 -0.04493
v -0.07452 0.76692 -0.03385
v -0.07478 0.76847 -0.03290
v -0.07512 0.76614 -0.03526
v -0.07633 0.76672 -0.03633
v -0.07741 0.76817 -0.03651
v -0.07586 0.76992 -0.03309
v -0.07707 0.77050 -0.03415
v -0.07767 0.76971 -0.03557
v 0.08977 0.81197 -0.00641
v 0.08884 0.81282 -0.00364
v 0.09851 0.82533 -0.00616
v 0.09941 0.82436 -0.00883
v 0.08979 0.81255 -0.00079
v 0.09944 0.82522 -0.00337
v 0.10737 0.83540 -0.00544
v 0.10646 0.83540 -0.00817
v 0.10734 0.83435 -0.01074
v 0.12646 0.84447 -0.00759
v 0.12721 0.84360 -0.00982
v 0.14220 0.85148 -0.01125
v 0.14137 0.85190 -0.00945
v 0.12643 0.84363 -0.01216
v 0.14136 0.85155 -0.01305
v 0.15269 0.85741 -0.01345
v 0.15534 0.85843 -0.01244
v 0.15269 0.85745 -0.01102
v 0.09480 0.80957 -0.00057
v 0.09573 0.80872 -0.00334
v 0.10523 0.82135 -0.00570
v 0.10433 0.82232 -0.00303
v 0.09478 0.80899 -0.00619
v 0.10430 0.82146 -0.00850
v 0.11210 0.83154 -0.01033
v 0.11301 0.83154 -0.00761
v 0.11213 0.83259 -0.00503
v 0.09227 0.81037 -0.00736
v 0.10185 0.82275 -0.00969
v 0.10971 0.83275 -0.01153
v 0.09230 0.81117 0.00038
v 0.10189 0.82393 -0.00218
v 0.10976 0.83420 -0.00424
v 0.15924 0.86151 -0.01283
v 0.15407 0.85917 -0.01102
v 0.15407 0.85920 -0.01385
v 0.15051 0.85870 -0.01347
v 0.15280 0.85994 -0.01243
v 0.15051 0.85874 -0.01103
v 0.12437 0.84469 -0.01318
v 0.13998 0.85255 -0.01380
v 0.12231 0.84606 -0.01249
v 0.13812 0.85346 -0.01319
v 0.12234 0.84690 -0.00792
v 0.12440 0.84584 -0.00690
v 0.13999 0.85302 -0.00887
v 0.13813 0.85381 -0.00958
v 0.12156 0.84693 -0.01026
v 0.13777 0.85409 -0.01143
v 0.05692 0.76422 0.00464
v 0.05766 0.76320 0.00152
v 0.06476 0.77031 0.00152
v 0.06402 0.77131 0.00460
v 0.05692 0.76422 -0.00161
v 0.06402 0.77131 -0.00157
v 0.06985 0.77753 -0.00153
v 0.07061 0.77660 0.00152
v 0.06985 0.77753 0.00456
v 0.05297 0.76969 -0.00161
v 0.05223 0.77071 0.00152
v 0.05936 0.77766 0.00152
v 0.06009 0.77666 -0.00157
v 0.05297 0.76969 0.00464
v 0.06009 0.77666 0.00460
v 0.06575 0.78251 0.00456
v 0.06498 0.78344 0.00152
v 0.06575 0.78251 -0.00153
v 0.00468 0.74014 0.00485
v 0.00744 0.73780 0.00604
v 0.02375 0.74643 0.00598
v 0.02135 0.74899 0.00479
v 0.01027 0.73530 0.00483
v 0.02620 0.74379 0.00478
v 0.03977 0.75147 0.00473
v 0.03762 0.75421 0.00593
v 0.03548 0.75692 0.00473
v 0.06780 0.78002 0.00570
v 0.07136 0.78384 0.00554
v 0.06909 0.78596 0.00441
v 0.07363 0.78173 0.00441
v 0.07796 0.78714 0.00366
v 0.07548 0.78890 0.00474
v 0.07300 0.79062 0.00362
v 0.06780 0.78002 -0.00267
v 0.07136 0.78383 -0.00272
v 0.07363 0.78172 -0.00159
v 0.06909 0.78594 -0.00159
v 0.07299 0.79052 -0.00229
v 0.07548 0.78877 -0.00338
v 0.07796 0.78705 -0.00225
v 0.07448 0.78093 0.00141
v 0.07889 0.78644 0.00071
v 0.06824 0.78674 0.00141
v 0.07206 0.79122 0.00066
v 0.11235 0.84159 -0.00935
v 0.11319 0.84054 -0.01181
v 0.11322 0.84162 -0.00674
v 0.11551 0.84048 -0.00558
v 0.11779 0.83893 -0.00632
v 0.11546 0.83899 -0.01255
v 0.11775 0.83785 -0.01139
v 0.11863 0.83788 -0.00878
v 0.08029 0.79124 -0.00280
v 0.10226 0.79685 -0.00382
v 0.10224 0.79614 -0.00156
v 0.08026 0.79027 -0.00049
v 0.11928 0.80127 -0.00461
v 0.11926 0.80076 -0.00241
v 0.11930 0.80201 -0.00045
v 0.10227 0.79728 0.00055
v 0.08029 0.79124 0.00181
v 0.13582 0.81398 -0.00293
v 0.14597 0.82219 -0.00482
v 0.14614 0.82261 -0.00634
v 0.13583 0.81434 -0.00484
v 0.15360 0.82845 -0.00642
v 0.15518 0.82986 -0.00766
v 0.15358 0.82804 -0.00831
v 0.14595 0.82158 -0.00761
v 0.13579 0.81320 -0.00648
v 0.08046 0.79644 0.00181
v 0.10244 0.80221 0.00017
v 0.10246 0.80292 -0.00209
v 0.08050 0.79742 -0.00049
v 0.11945 0.80670 -0.00111
v 0.11947 0.80721 -0.00332
v 0.11943 0.80596 -0.00527
v 0.10242 0.80178 -0.00421
v 0.08046 0.79644 -0.00280
v 0.10234 0.79923 -0.00483
v 0.08038 0.79384 -0.00366
v 0.11935 0.80347 -0.00572
v 0.10236 0.79983 0.00118
v 0.08038 0.79384 0.00268
v 0.11938 0.80450 -0.00000
v 0.15514 0.82886 -0.00634
v 0.15845 0.83163 -0.00799
v 0.15353 0.82633 -0.00606
v 0.15509 0.82738 -0.00723
v 0.15351 0.82591 -0.00794
v 0.15513 0.82838 -0.00854
v 0.14605 0.82003 -0.00788
v 0.13572 0.81105 -0.00680
v 0.14585 0.81843 -0.00707
v 0.13566 0.80919 -0.00579
v 0.13569 0.80997 -0.00224
v 0.14587 0.81904 -0.00427
v 0.14608 0.82087 -0.00405
v 0.13576 0.81212 -0.00192
v 0.14599 0.81830 -0.00559
v 0.13565 0.80883 -0.00388
v 0.12851 0.80423 -0.00509
v 0.12850 0.80382 -0.00297
v 0.12854 0.80508 -0.00114
v 0.12862 0.80747 -0.00077
v 0.12869 0.80953 -0.00189
v 0.12866 0.80869 -0.00584
v 0.12858 0.80630 -0.00620
v 0.12870 0.80995 -0.00401
v 0.06163 0.82632 0.02456
v 0.06100 0.82525 0.02610
v 0.06017 0.82871 0.02740
v 0.06077 0.82979 0.02593
v 0.06158 0.82473 0.02786
v 0.06072 0.82825 0.02912
v 0.05977 0.83219 0.03052
v 0.05924 0.83263 0.02887
v 0.05982 0.83367 0.02747
v 0.06260 0.84337 0.03531
v 0.06309 0.84430 0.03414
v 0.06479 0.85413 0.03943
v 0.06437 0.85319 0.04021
v 0.06264 0.84472 0.03275
v 0.06441 0.85441 0.03829
v 0.06581 0.86161 0.04262
v 0.06628 0.86276 0.04413
v 0.06578 0.86069 0.04386
v 0.06481 0.82623 0.02848
v 0.06544 0.82730 0.02695
v 0.06438 0.83098 0.02832
v 0.06378 0.82990 0.02979
v 0.06486 0.82782 0.02518
v 0.06383 0.83144 0.02661
v 0.06274 0.83528 0.02812
v 0.06327 0.83484 0.02977
v 0.06269 0.83381 0.03118
v 0.06326 0.82737 0.02425
v 0.06231 0.83090 0.02567
v 0.06129 0.83475 0.02722
v 0.06319 0.82518 0.02879
v 0.06224 0.82878 0.03005
v 0.06122 0.83272 0.03142
v 0.06627 0.86566 0.04565
v 0.06548 0.86183 0.04459
v 0.06552 0.86295 0.04317
v 0.06448 0.86096 0.04221
v 0.06473 0.86202 0.04363
v 0.06445 0.86004 0.04345
v 0.06139 0.84430 0.03196
v 0.06347 0.85428 0.03774
v 0.06013 0.84337 0.03215
v 0.06244 0.85340 0.03774
v 0.06009 0.84202 0.03471
v 0.06133 0.84244 0.03550
v 0.06341 0.85261 0.04038
v 0.06240 0.85217 0.03967
v 0.05964 0.84244 0.03332
v 0.06209 0.85275 0.03869
v 0.06060 0.77472 0.00206
v 0.06266 0.77460 0.00288
v 0.06322 0.79718 0.01472
v 0.06128 0.79729 0.01393
v 0.06474 0.77511 0.00225
v 0.06519 0.79769 0.01413
v 0.06546 0.81478 0.02306
v 0.06361 0.81417 0.02357
v 0.06177 0.81419 0.02278
v 0.06479 0.77678 -0.00163
v 0.06273 0.77690 -0.00245
v 0.06330 0.79946 0.00969
v 0.06524 0.79935 0.01048
v 0.06066 0.77639 -0.00182
v 0.06133 0.79895 0.01028
v 0.06183 0.81584 0.01930
v 0.06368 0.81644 0.01879
v 0.06551 0.81642 0.01958
v 0.06554 0.77602 0.00035
v 0.06595 0.79859 0.01234
v 0.06618 0.81571 0.02137
v 0.05986 0.77548 0.00009
v 0.06057 0.79805 0.01207
v 0.06111 0.81490 0.02099
v 0.06364 0.82202 0.02752
v 0.06192 0.82181 0.02666
v 0.06537 0.82285 0.02711
v 0.06371 0.82426 0.02287
v 0.06542 0.82448 0.02373
v 0.06197 0.82343 0.02328
v 0.06605 0.82386 0.02550
v 0.06130 0.82242 0.02488
v 0.05881 0.83631 0.03035
v 0.05935 0.83730 0.02902
v 0.05931 0.83589 0.03192
v 0.06069 0.83639 0.03278
v 0.06209 0.83742 0.03255
v 0.06075 0.83833 0.02879
v 0.06214 0.83883 0.02965
v 0.06264 0.83841 0.03122
v 0.11838 0.84359 -0.01148
v 0.11769 0.84385 -0.00991
v 0.11793 0.85070 -0.01195
v 0.11862 0.85084 -0.01363
v 0.11853 0.84424 -0.00842
v 0.11868 0.85083 -0.01027
v 0.11884 0.85652 -0.01153
v 0.11815 0.85657 -0.01333
v 0.11884 0.85700 -0.01508
v 0.12475 0.86953 -0.01072
v 0.12534 0.87003 -0.01228
v 0.12960 0.88173 -0.01045
v 0.12907 0.88116 -0.00925
v 0.12477 0.87016 -0.01391
v 0.12908 0.88165 -0.01175
v 0.13242 0.89028 -0.00998
v 0.13333 0.89199 -0.00884
v 0.13241 0.88995 -0.00829
v 0.12262 0.84454 -0.00867
v 0.12332 0.84428 -0.01024
v 0.12323 0.85168 -0.01199
v 0.12254 0.85154 -0.01031
v 0.12248 0.84389 -0.01172
v 0.12247 0.85155 -0.01366
v 0.12248 0.85800 -0.01495
v 0.12316 0.85794 -0.01316
v 0.12248 0.85751 -0.01141
v 0.12040 0.84362 -0.01217
v 0.12053 0.85119 -0.01427
v 0.12066 0.85759 -0.01568
v 0.12060 0.84451 -0.00797
v 0.12062 0.85118 -0.00966
v 0.12066 0.85692 -0.01081
v 0.13402 0.89552 -0.00829
v 0.13237 0.89149 -0.00791
v 0.13238 0.89188 -0.00988
v 0.13077 0.88976 -0.01007
v 0.13141 0.89138 -0.00895
v 0.13076 0.88943 -0.00838
v 0.12322 0.86978 -0.01459
v 0.12794 0.88153 -0.01225
v 0.12167 0.86917 -0.01408
v 0.12664 0.88088 -0.01189
v 0.12165 0.86854 -0.01090
v 0.12320 0.86892 -0.01021
v 0.12792 0.88086 -0.00883
v 0.12663 0.88038 -0.00939
v 0.12108 0.86867 -0.01252
v 0.12626 0.88067 -0.01063
v 0.11868 0.86139 -0.01353
v 0.11933 0.86192 -0.01525
v 0.11931 0.86126 -0.01174
v 0.12104 0.86167 -0.01099
v 0.12277 0.86234 -0.01155
v 0.12106 0.86259 -0.01582
v 0.12278 0.86300 -0.01507
v 0.12342 0.86287 -0.01328
v 0.09438 0.76638 -0.01204
v 0.09739 0.76569 -0.01365
v 0.09794 0.76481 -0.01206
v 0.09498 0.76546 -0.01042
v 0.10077 0.76494 -0.01544
v 0.10129 0.76409 -0.01392
v 0.10232 0.76452 -0.01253
v 0.09901 0.76526 -0.01060
v 0.09605 0.76593 -0.00889
v 0.11184 0.76863 -0.01738
v 0.12032 0.77148 -0.02191
v 0.12010 0.77210 -0.02300
v 0.11139 0.76936 -0.01869
v 0.12666 0.77374 -0.02543
v 0.12774 0.77450 -0.02678
v 0.12596 0.77393 -0.02676
v 0.11928 0.77177 -0.02387
v 0.11051 0.76899 -0.01988
v 0.09730 0.76967 -0.00913
v 0.10039 0.76882 -0.01094
v 0.09984 0.76970 -0.01252
v 0.09670 0.77060 -0.01075
v 0.10367 0.76792 -0.01286
v 0.10315 0.76877 -0.01438
v 0.10212 0.76834 -0.01578
v 0.09877 0.76925 -0.01398
v 0.09563 0.77012 -0.01228
v 0.09778 0.76756 -0.01438
v 0.09469 0.76834 -0.01275
v 0.10116 0.76672 -0.01616
v 0.10000 0.76696 -0.01020
v 0.09699 0.76772 -0.00842
v 0.10328 0.76614 -0.01215
v 0.12779 0.77349 -0.02592
v 0.13028 0.77474 -0.02810
v 0.12605 0.77219 -0.02528
v 0.12702 0.77270 -0.02660
v 0.12534 0.77238 -0.02661
v 0.12697 0.77371 -0.02746
v 0.11876 0.77072 -0.02419
v 0.10968 0.76760 -0.02021
v 0.11837 0.76947 -0.02365
v 0.10935 0.76607 -0.01960
v 0.11068 0.76571 -0.01710
v 0.11941 0.76919 -0.02168
v 0.12019 0.77034 -0.02150
v 0.11151 0.76710 -0.01677
v 0.11886 0.76896 -0.02269
v 0.10980 0.76534 -0.01829
v 0.07594 0.76206 -0.00640
v 0.08329 0.76392 -0.00700
v 0.08373 0.76601 -0.00632
v 0.07638 0.76421 -0.00579
v 0.09038 0.76546 -0.00745
v 0.09092 0.76745 -0.00676
v 0.09081 0.76959 -0.00730
v 0.08348 0.76819 -0.00688
v 0.07613 0.76639 -0.00645
v 0.07426 0.76645 -0.00983
v 0.08168 0.76841 -0.01021
v 0.08124 0.76632 -0.01090
v 0.07382 0.76429 -0.01044
v 0.08906 0.76997 -0.01057
v 0.08852 0.76798 -0.01126
v 0.08863 0.76584 -0.01072
v 0.08148 0.76414 -0.01033
v 0.07407 0.76211 -0.00978
v 0.08262 0.76910 -0.00853
v 0.07523 0.76724 -0.00815
v 0.09001 0.77055 -0.00891
v 0.08235 0.76323 -0.00869
v 0.07497 0.76127 -0.00808
v 0.08943 0.76487 -0.00911
v 0.09399 0.76610 -0.00793
v 0.09474 0.76798 -0.00734
v 0.09485 0.77004 -0.00796
v 0.09314 0.77049 -0.01118
v 0.09239 0.76860 -0.01177
v 0.09228 0.76655 -0.01116
v 0.09416 0.77100 -0.00957
v 0.09298 0.76558 -0.00954
v 0.10395 0.76471 -0.01707
v 0.10445 0.76390 -0.01562
v 0.10543 0.76431 -0.01429
v 0.10635 0.76586 -0.01393
v 0.10671 0.76755 -0.01461
v 0.10524 0.76795 -0.01738
v 0.10432 0.76640 -0.01775
v 0.10622 0.76836 -0.01605
v 0.06605 0.76028 -0.00712
v 0.06962 0.76058 -0.00887
v 0.07049 0.75978 -0.00712
v 0.06686 0.75950 -0.00532
v 0.07151 0.76060 -0.00546
v 0.06796 0.76031 -0.00368
v 0.06872 0.76455 -0.00413
v 0.07190 0.76494 -0.00569
v 0.07103 0.76574 -0.00744
v 0.06791 0.76533 -0.00594
v 0.07001 0.76492 -0.00910
v 0.06681 0.76453 -0.00757
v 0.06946 0.76275 -0.00962
v 0.06607 0.76240 -0.00799
v 0.07206 0.76277 -0.00493
v 0.06870 0.76244 -0.00326
v 0.05618 0.76400 0.00292
v 0.06269 0.76167 -0.00073
v 0.06369 0.76369 -0.00044
v 0.05748 0.76589 0.00306
v 0.06397 0.76571 -0.00146
v 0.05804 0.76777 0.00186
v 0.05606 0.76774 -0.00171
v 0.06203 0.76568 -0.00496
v 0.06102 0.76365 -0.00525
v 0.05476 0.76585 -0.00185
v 0.06075 0.76164 -0.00422
v 0.05419 0.76397 -0.00065
v 0.06324 0.76645 -0.00335
v 0.05741 0.76846 -0.00012
v 0.06148 0.76090 -0.00234
v 0.05483 0.76328 0.00134
v 0.06463 0.80696 0.01563
v 0.06802 0.81212 0.01720
v 0.06839 0.81109 0.01857
v 0.06501 0.80591 0.01702
v 0.07081 0.81650 0.01855
v 0.07118 0.81548 0.01989
v 0.07077 0.81541 0.02149
v 0.06798 0.81101 0.02021
v 0.06460 0.80583 0.01869
v 0.07214 0.82730 0.02477
v 0.07377 0.83728 0.02740
v 0.07354 0.83812 0.02653
v 0.07182 0.82818 0.02361
v 0.07493 0.84488 0.02927
v 0.07505 0.84684 0.02909
v 0.07495 0.84538 0.02792
v 0.07379 0.83802 0.02539
v 0.07217 0.82825 0.02222
v 0.06246 0.80842 0.01942
v 0.06588 0.81356 0.02093
v 0.06551 0.81460 0.01956
v 0.06208 0.80948 0.01803
v 0.06872 0.81790 0.02220
v 0.06836 0.81892 0.02086
v 0.06876 0.81900 0.01926
v 0.06592 0.81468 0.01792
v 0.06250 0.80956 0.01636
v 0.06698 0.81361 0.01700
v 0.06357 0.80848 0.01542
v 0.06979 0.81795 0.01835
v 0.06693 0.81207 0.02114
v 0.06352 0.80691 0.01963
v 0.06974 0.81645 0.02240
v 0.07559 0.84588 0.02969
v 0.07599 0.84955 0.02990
v 0.07588 0.84373 0.02895
v 0.07615 0.84550 0.02872
v 0.07589 0.84423 0.02759
v 0.07561 0.84646 0.02812
v 0.07451 0.83747 0.02483
v 0.07307 0.82734 0.02143
v 0.07519 0.83632 0.02491
v 0.07395 0.82608 0.02161
v 0.07392 0.82514 0.02416
v 0.07517 0.83557 0.02692
v 0.07448 0.83645 0.02757
v 0.07302 0.82604 0.02494
v 0.07545 0.83579 0.02587
v 0.07427 0.82521 0.02277
v 0.07263 0.82009 0.01969
v 0.07299 0.81912 0.02097
v 0.07260 0.81904 0.02251
v 0.07161 0.82005 0.02338
v 0.07063 0.82144 0.02319
v 0.07066 0.82249 0.02036
v 0.07166 0.82149 0.01949
v 0.07028 0.82242 0.02190
v 0.05494 0.76696 -0.00278
v 0.06206 0.77399 -0.00272
v 0.05494 0.76696 0.00581
v 0.06206 0.77399 0.00575
v 0.00496 0.73966 -0.00173
v 0.00379 0.74080 0.00153
v 0.02052 0.74984 0.00152
v 0.02149 0.74874 -0.00171
v 0.03470 0.75790 0.00152
v 0.03552 0.75684 -0.00168
v 0.01133 0.73423 0.00178
v 0.02711 0.74273 0.00165
v 0.01034 0.73494 -0.00135
v 0.02623 0.74360 -0.00151
v 0.03978 0.75141 -0.00162
v 0.04058 0.75041 0.00156
v 0.04466 0.76445 0.00152
v 0.04541 0.76342 0.00468
v 0.04542 0.76341 -0.00165
v 0.05020 0.75686 0.00152
v 0.04945 0.75790 -0.00164
v 0.04945 0.75790 0.00468
v 0.04743 0.76065 -0.00283
v 0.03766 0.75411 -0.00285
v 0.04743 0.76066 0.00587
v 0.00768 0.73722 -0.00273
v 0.02388 0.74613 -0.00281
v 0.09780 0.76686 -0.01404
v 0.09746 0.76771 -0.01288
v 0.10025 0.77318 -0.01487
v 0.10059 0.77231 -0.01605
v 0.09804 0.76813 -0.01165
v 0.10084 0.77361 -0.01361
v 0.10310 0.77787 -0.01518
v 0.10250 0.77743 -0.01645
v 0.10285 0.77656 -0.01764
v 0.10995 0.78047 -0.01766
v 0.11026 0.77969 -0.01872
v 0.11517 0.78165 -0.02149
v 0.11485 0.78224 -0.02061
v 0.10972 0.77930 -0.01986
v 0.11467 0.78131 -0.02235
v 0.11845 0.78288 -0.02419
v 0.11945 0.78341 -0.02403
v 0.11857 0.78351 -0.02302
v 0.10049 0.76701 -0.01143
v 0.10082 0.76617 -0.01258
v 0.10368 0.77160 -0.01457
v 0.10334 0.77247 -0.01339
v 0.10024 0.76574 -0.01382
v 0.10309 0.77117 -0.01582
v 0.10537 0.77540 -0.01741
v 0.10597 0.77584 -0.01614
v 0.10562 0.77671 -0.01495
v 0.09897 0.76606 -0.01437
v 0.10180 0.77150 -0.01639
v 0.10406 0.77573 -0.01798
v 0.09931 0.76781 -0.01109
v 0.10214 0.77328 -0.01305
v 0.10441 0.77753 -0.01460
v 0.12052 0.78428 -0.02502
v 0.11882 0.78410 -0.02341
v 0.11868 0.78337 -0.02478
v 0.11724 0.78343 -0.02430
v 0.11804 0.78405 -0.02416
v 0.11736 0.78406 -0.02312
v 0.10855 0.77960 -0.02038
v 0.11383 0.78158 -0.02280
v 0.10746 0.78033 -0.02007
v 0.11288 0.78213 -0.02251
v 0.10768 0.78151 -0.01786
v 0.10886 0.78121 -0.01734
v 0.11407 0.78285 -0.02041
v 0.11306 0.78306 -0.02077
v 0.10715 0.78112 -0.01900
v 0.11273 0.78277 -0.02171
v 0.10417 0.77971 -0.01749
v 0.10451 0.77885 -0.01865
v 0.10476 0.78014 -0.01624
v 0.10604 0.77981 -0.01567
v 0.10724 0.77900 -0.01602
v 0.10570 0.77804 -0.01900
v 0.10699 0.77772 -0.01843
v 0.10758 0.77815 -0.01718
v 0.06094 0.83191 0.02805
v 0.06023 0.83205 0.02906
v 0.05719 0.83610 0.02680
v 0.05792 0.83596 0.02577
v 0.06013 0.83290 0.03005
v 0.05709 0.83696 0.02781
v 0.05475 0.84019 0.02603
v 0.05486 0.83932 0.02501
v 0.05559 0.83917 0.02397
v 0.05512 0.84691 0.02295
v 0.05577 0.84678 0.02201
v 0.05596 0.85149 0.01893
v 0.05544 0.85152 0.01972
v 0.05587 0.84600 0.02109
v 0.05603 0.85080 0.01826
v 0.05614 0.85448 0.01614
v 0.05609 0.85559 0.01614
v 0.05573 0.85496 0.01713
v 0.06175 0.83478 0.02998
v 0.06246 0.83464 0.02897
v 0.05947 0.83874 0.02671
v 0.05874 0.83888 0.02774
v 0.06257 0.83380 0.02798
v 0.05957 0.83788 0.02570
v 0.05726 0.84112 0.02389
v 0.05716 0.84199 0.02491
v 0.05642 0.84213 0.02596
v 0.06191 0.83267 0.02764
v 0.05890 0.83673 0.02535
v 0.05658 0.83995 0.02354
v 0.06079 0.83402 0.03039
v 0.05776 0.83811 0.02816
v 0.05543 0.84135 0.02638
v 0.05580 0.85670 0.01512
v 0.05539 0.85533 0.01673
v 0.05585 0.85476 0.01558
v 0.05533 0.85355 0.01617
v 0.05515 0.85450 0.01618
v 0.05493 0.85403 0.01716
v 0.05526 0.84495 0.02078
v 0.05556 0.85005 0.01796
v 0.05437 0.84425 0.02116
v 0.05485 0.84942 0.01831
v 0.05362 0.84516 0.02301
v 0.05422 0.84621 0.02332
v 0.05474 0.85104 0.01997
v 0.05425 0.85014 0.01977
v 0.05371 0.84438 0.02210
v 0.05434 0.84960 0.01900
v 0.05376 0.84143 0.02382
v 0.05448 0.84129 0.02280
v 0.05365 0.84229 0.02482
v 0.05432 0.84343 0.02517
v 0.05529 0.84420 0.02475
v 0.05545 0.84206 0.02238
v 0.05612 0.84320 0.02273
v 0.05601 0.84406 0.02373
v 0.08283 0.79855 0.00288
v 0.08028 0.80004 0.00174
v 0.08537 0.79694 0.00186
v 0.08281 0.79813 -0.00506
v 0.08536 0.79664 -0.00392
v 0.08027 0.79974 -0.00403
v 0.08632 0.79620 -0.00101
v 0.07932 0.80047 -0.00117
v 0.09399 0.81430 -0.00498
v 0.09316 0.81632 -0.00420
v 0.09230 0.82213 -0.01798
v 0.09307 0.82017 -0.01916
v 0.09415 0.81842 -0.00392
v 0.09326 0.82428 -0.01730
v 0.09260 0.82919 -0.02790
v 0.09168 0.82703 -0.02888
v 0.09239 0.82512 -0.03034
v 0.09771 0.83761 -0.04072
v 0.09830 0.83597 -0.04213
v 0.10069 0.84212 -0.04906
v 0.10019 0.84330 -0.04784
v 0.09751 0.83406 -0.04309
v 0.10003 0.84051 -0.04971
v 0.10194 0.84539 -0.05437
v 0.10265 0.84730 -0.05486
v 0.10205 0.84727 -0.05311
v 0.09899 0.81861 -0.00525
v 0.09982 0.81658 -0.00602
v 0.09861 0.82281 -0.01980
v 0.09785 0.82477 -0.01862
v 0.09883 0.81449 -0.00630
v 0.09765 0.82066 -0.02049
v 0.09675 0.82584 -0.03166
v 0.09767 0.82801 -0.03068
v 0.09696 0.82991 -0.02921
v 0.09638 0.81362 -0.00584
v 0.09532 0.81964 -0.02018
v 0.09453 0.82472 -0.03146
v 0.09660 0.81928 -0.00439
v 0.09559 0.82530 -0.01761
v 0.09482 0.83031 -0.02810
v 0.10257 0.84897 -0.05664
v 0.10159 0.84813 -0.05370
v 0.10146 0.84593 -0.05517
v 0.10001 0.84493 -0.05367
v 0.10041 0.84676 -0.05402
v 0.10012 0.84682 -0.05241
v 0.09562 0.83302 -0.04295
v 0.09861 0.83977 -0.04966
v 0.09381 0.83332 -0.04192
v 0.09714 0.83988 -0.04872
v 0.09400 0.83687 -0.03954
v 0.09589 0.83790 -0.03968
v 0.09883 0.84359 -0.04711
v 0.09731 0.84267 -0.04685
v 0.09321 0.83495 -0.04051
v 0.09674 0.84125 -0.04771
v 0.09167 0.83067 -0.03526
v 0.09234 0.82885 -0.03680
v 0.09255 0.83278 -0.03420
v 0.09466 0.83391 -0.03435
v 0.09669 0.83356 -0.03547
v 0.09437 0.82850 -0.03792
v 0.09647 0.82963 -0.03807
v 0.09736 0.83174 -0.03701
v 0.09482 0.82335 -0.02474
v 0.09409 0.82282 -0.02568
v 0.09819 0.82037 -0.02665
v 0.09915 0.82074 -0.02576
v 0.09396 0.82335 -0.02687
v 0.09784 0.82094 -0.02785
v 0.10105 0.81890 -0.02892
v 0.10156 0.81830 -0.02770
v 0.10268 0.81856 -0.02687
v 0.10877 0.81839 -0.03459
v 0.10982 0.81856 -0.03388
v 0.11597 0.81739 -0.03948
v 0.11505 0.81727 -0.03995
v 0.11033 0.81803 -0.03281
v 0.11628 0.81698 -0.03856
v 0.12072 0.81628 -0.04299
v 0.12137 0.81636 -0.04440
v 0.11989 0.81647 -0.04393
v 0.09556 0.82617 -0.02751
v 0.09628 0.82670 -0.02657
v 0.10041 0.82383 -0.02783
v 0.09945 0.82345 -0.02872
v 0.09642 0.82617 -0.02538
v 0.10077 0.82326 -0.02662
v 0.10430 0.82082 -0.02788
v 0.10379 0.82141 -0.02910
v 0.10267 0.82116 -0.02993
v 0.09578 0.82476 -0.02466
v 0.10020 0.82196 -0.02580
v 0.10380 0.81962 -0.02699
v 0.09460 0.82476 -0.02759
v 0.09840 0.82223 -0.02868
v 0.10155 0.82009 -0.02981
v 0.12303 0.81557 -0.04599
v 0.12045 0.81589 -0.04465
v 0.12141 0.81567 -0.04356
v 0.11997 0.81528 -0.04248
v 0.12049 0.81520 -0.04381
v 0.11914 0.81547 -0.04343
v 0.10992 0.81702 -0.03200
v 0.11605 0.81618 -0.03802
v 0.10892 0.81615 -0.03186
v 0.11517 0.81551 -0.03781
v 0.10735 0.81651 -0.03364
v 0.10777 0.81751 -0.03444
v 0.11437 0.81657 -0.03993
v 0.11394 0.81579 -0.03921
v 0.10787 0.81598 -0.03257
v 0.11445 0.81537 -0.03846
v 0.10407 0.81689 -0.02921
v 0.10522 0.81709 -0.02842
v 0.10351 0.81748 -0.03039
v 0.10397 0.81860 -0.03128
v 0.10508 0.81958 -0.03143
v 0.10632 0.81807 -0.02857
v 0.10679 0.81919 -0.02946
v 0.10623 0.81977 -0.03064
v -0.02492 0.84625 0.01331
v -0.02389 0.84473 0.01650
v -0.03688 0.85879 0.02250
v -0.03779 0.86033 0.01919
v -0.02170 0.84572 0.01924
v -0.03476 0.85981 0.02540
v -0.04515 0.87147 0.03018
v -0.04713 0.87047 0.02727
v -0.04791 0.87196 0.02399
v -0.05379 0.89899 0.03491
v -0.05450 0.90028 0.03209
v -0.06181 0.92188 0.03656
v -0.06099 0.92051 0.03864
v -0.05624 0.89942 0.02961
v -0.06320 0.92087 0.03466
v -0.06817 0.93713 0.03868
v -0.06822 0.94081 0.04056
v -0.06649 0.93688 0.04125
v -0.01861 0.85240 0.01802
v -0.01963 0.85392 0.01483
v -0.03244 0.86817 0.02095
v -0.03153 0.86663 0.02427
v -0.02182 0.85293 0.01209
v -0.03455 0.86715 0.01806
v -0.04469 0.87864 0.02297
v -0.04271 0.87964 0.02588
v -0.04194 0.87814 0.02917
v -0.02398 0.84968 0.01159
v -0.03674 0.86384 0.01746
v -0.04682 0.87539 0.02232
v -0.01955 0.84896 0.01974
v -0.03257 0.86313 0.02600
v -0.04303 0.87472 0.03084
v -0.07109 0.94645 0.04234
v -0.06799 0.93886 0.04242
v -0.07002 0.93916 0.03948
v -0.06952 0.93405 0.03933
v -0.06978 0.93722 0.04134
v -0.06784 0.93380 0.04189
v -0.05807 0.89661 0.02907
v -0.06476 0.91901 0.03441
v -0.05899 0.89365 0.03051
v -0.06529 0.91632 0.03549
v -0.05655 0.89322 0.03582
v -0.05471 0.89602 0.03636
v -0.06171 0.91852 0.03985
v -0.06307 0.91596 0.03947
v -0.05829 0.89235 0.03333
v -0.06466 0.91565 0.03771
v -0.05331 0.87907 0.03031
v -0.05401 0.88050 0.02715
v -0.05144 0.88003 0.03313
v -0.04941 0.88315 0.03378
v -0.04834 0.88643 0.03219
v -0.05294 0.88379 0.02555
v -0.05091 0.88690 0.02620
v -0.04904 0.88787 0.02902
v -0.00414 0.83191 0.00343
v -0.00859 0.86335 0.00736
v -0.00635 0.86307 0.00927
v -0.00162 0.83161 0.00522
v -0.01210 0.88770 0.01046
v -0.01008 0.88743 0.01244
v -0.00987 0.88731 0.01527
v -0.00591 0.86292 0.01220
v -0.00089 0.83143 0.00825
v -0.02160 0.91127 0.02130
v -0.02987 0.92604 0.02517
v -0.03131 0.92645 0.02385
v -0.02328 0.91149 0.01953
v -0.03629 0.93716 0.02793
v -0.03836 0.93956 0.02763
v -0.03724 0.93734 0.02570
v -0.03127 0.92630 0.02186
v -0.02338 0.91159 0.01709
v -0.00571 0.83176 0.01152
v -0.01075 0.86327 0.01490
v -0.01299 0.86356 0.01299
v -0.00823 0.83207 0.00972
v -0.01467 0.88768 0.01753
v -0.01669 0.88795 0.01554
v -0.01691 0.88807 0.01271
v -0.01343 0.86371 0.01006
v -0.00896 0.83225 0.00670
v -0.01151 0.86361 0.00780
v -0.00716 0.83217 0.00416
v -0.01493 0.88796 0.01068
v -0.00783 0.86301 0.01446
v -0.00269 0.83150 0.01078
v -0.01185 0.88742 0.01730
v -0.03651 0.93936 0.02837
v -0.04001 0.94428 0.02861
v -0.03407 0.93699 0.02697
v -0.03576 0.93936 0.02651
v -0.03501 0.93716 0.02474
v -0.03761 0.93956 0.02577
v -0.03001 0.92644 0.02062
v -0.02162 0.91149 0.01541
v -0.02797 0.92604 0.02045
v -0.01918 0.91126 0.01530
v -0.01740 0.91093 0.01950
v -0.02657 0.92578 0.02375
v -0.02810 0.92609 0.02514
v -0.01917 0.91104 0.02119
v -0.02680 0.92609 0.02191
v -0.01751 0.91103 0.01706
v -0.01457 0.90093 0.01244
v -0.01270 0.90068 0.01439
v -0.01257 0.90057 0.01710
v -0.01452 0.90069 0.01898
v -0.01722 0.90094 0.01912
v -0.01922 0.90130 0.01446
v -0.01727 0.90119 0.01258
v -0.01909 0.90119 0.01717
v 0.05385 0.89136 -0.02589
v 0.05394 0.88988 -0.02832
v 0.05531 0.89479 -0.03026
v 0.05525 0.89627 -0.02794
v 0.05238 0.88952 -0.03058
v 0.05383 0.89449 -0.03246
v 0.05544 0.90006 -0.03457
v 0.05686 0.90034 -0.03245
v 0.05680 0.90177 -0.03023
v 0.05210 0.91727 -0.03957
v 0.05204 0.91855 -0.03770
v 0.04980 0.93364 -0.04389
v 0.04989 0.93229 -0.04518
v 0.05326 0.91885 -0.03591
v 0.05080 0.93378 -0.04243
v 0.04876 0.94494 -0.04754
v 0.04781 0.94688 -0.04940
v 0.04816 0.94378 -0.04933
v 0.04802 0.89250 -0.03013
v 0.04793 0.89397 -0.02770
v 0.04965 0.89913 -0.02982
v 0.04972 0.89765 -0.03215
v 0.04949 0.89434 -0.02544
v 0.05113 0.89942 -0.02762
v 0.05286 0.90484 -0.02994
v 0.05145 0.90456 -0.03206
v 0.05151 0.90313 -0.03428
v 0.05194 0.89319 -0.02478
v 0.05346 0.89818 -0.02693
v 0.05509 0.90362 -0.02927
v 0.04993 0.89066 -0.03123
v 0.05151 0.89574 -0.03315
v 0.05322 0.90128 -0.03524
v 0.04786 0.95121 -0.05137
v 0.04854 0.94543 -0.05039
v 0.04924 0.94684 -0.04835
v 0.05061 0.94365 -0.04751
v 0.04997 0.94539 -0.04934
v 0.05000 0.94249 -0.04929
v 0.05517 0.91785 -0.03532
v 0.05226 0.93331 -0.04204
v 0.05665 0.91626 -0.03610
v 0.05350 0.93180 -0.04247
v 0.05549 0.91467 -0.03976
v 0.05358 0.91567 -0.04035
v 0.05103 0.93126 -0.04581
v 0.05259 0.93032 -0.04523
v 0.05671 0.91498 -0.03796
v 0.05350 0.93094 -0.04395
v 0.04304 0.86304 -0.01978
v 0.04033 0.86404 -0.01994
v 0.04409 0.87299 -0.02399
v 0.04688 0.87232 -0.02375
v 0.03840 0.86553 -0.01825
v 0.04199 0.87426 -0.02239
v 0.04516 0.88323 -0.02636
v 0.04731 0.88196 -0.02782
v 0.05006 0.88136 -0.02745
v 0.04047 0.86681 -0.01332
v 0.04318 0.86581 -0.01316
v 0.04659 0.87521 -0.01725
v 0.04381 0.87588 -0.01749
v 0.04511 0.86432 -0.01485
v 0.04870 0.87394 -0.01885
v 0.05167 0.88317 -0.02260
v 0.04952 0.88444 -0.02115
v 0.04677 0.88504 -0.02151
v 0.03856 0.86664 -0.01550
v 0.04198 0.87544 -0.01969
v 0.04505 0.88449 -0.02373
v 0.04494 0.86321 -0.01760
v 0.04870 0.87276 -0.02155
v 0.05179 0.88191 -0.02523
v 0.04891 0.88706 -0.02988
v 0.05153 0.88622 -0.02936
v 0.04686 0.88860 -0.02861
v 0.05099 0.88962 -0.02329
v 0.04837 0.89047 -0.02382
v 0.05304 0.88808 -0.02457
v 0.04674 0.88998 -0.02608
v 0.05317 0.88670 -0.02710
v 0.05767 0.90566 -0.03448
v 0.05762 0.90703 -0.03237
v 0.05632 0.90539 -0.03649
v 0.05421 0.90654 -0.03713
v 0.05258 0.90831 -0.03623
v 0.05598 0.90879 -0.03146
v 0.05387 0.90995 -0.03210
v 0.05252 0.90967 -0.03411
v -0.05625 0.88791 0.02975
v -0.05544 0.88675 0.03152
v -0.06321 0.88743 0.03370
v -0.06448 0.88860 0.03207
v -0.05470 0.88780 0.03336
v -0.06211 0.88833 0.03557
v -0.06826 0.88879 0.03783
v -0.06962 0.88801 0.03595
v -0.07120 0.88917 0.03444
v -0.07936 0.89734 0.04724
v -0.08088 0.89835 0.04596
v -0.09015 0.90442 0.05550
v -0.08882 0.90353 0.05636
v -0.08218 0.89772 0.04431
v -0.09104 0.90382 0.05406
v -0.09757 0.90853 0.06155
v -0.09829 0.90974 0.06387
v -0.09607 0.90833 0.06310
v -0.05488 0.89366 0.03358
v -0.05569 0.89481 0.03181
v -0.06379 0.89499 0.03462
v -0.06253 0.89383 0.03625
v -0.05643 0.89376 0.02997
v -0.06490 0.89409 0.03274
v -0.07179 0.89435 0.03544
v -0.07043 0.89514 0.03732
v -0.06885 0.89398 0.03883
v -0.05664 0.89085 0.02918
v -0.06514 0.89139 0.03175
v -0.07205 0.89183 0.03430
v -0.05450 0.89071 0.03415
v -0.06187 0.89103 0.03657
v -0.06800 0.89131 0.03897
v -0.10113 0.91072 0.06670
v -0.09723 0.90826 0.06446
v -0.09898 0.90849 0.06265
v -0.09726 0.90619 0.06101
v -0.09792 0.90701 0.06324
v -0.09576 0.90599 0.06256
v -0.08242 0.89558 0.04326
v -0.09136 0.90225 0.05338
v -0.08159 0.89330 0.04330
v -0.09058 0.90035 0.05326
v -0.07877 0.89293 0.04623
v -0.07854 0.89506 0.04728
v -0.08832 0.90185 0.05654
v -0.08836 0.90006 0.05557
v -0.08007 0.89229 0.04458
v -0.08952 0.89967 0.05442
v -0.07419 0.88886 0.03880
v -0.07585 0.88998 0.03738
v -0.07276 0.88957 0.04063
v -0.07250 0.89195 0.04179
v -0.07340 0.89448 0.04173
v -0.07675 0.89251 0.03732
v -0.07649 0.89489 0.03848
v -0.07507 0.89560 0.04031
v 0.04162 0.86854 -0.01570
v 0.03739 0.87682 -0.01614
v 0.03625 0.87570 -0.01782
v 0.04054 0.86748 -0.01730
v 0.03391 0.88383 -0.01657
v 0.03274 0.88268 -0.01831
v 0.03269 0.88269 -0.02063
v 0.03620 0.87571 -0.02008
v 0.04049 0.86749 -0.01944
v 0.03201 0.90031 -0.02407
v 0.03087 0.91523 -0.02658
v 0.03168 0.91626 -0.02542
v 0.03306 0.90133 -0.02253
v 0.03015 0.92657 -0.02834
v 0.03046 0.92936 -0.02795
v 0.03073 0.92711 -0.02643
v 0.03173 0.91603 -0.02375
v 0.03310 0.90132 -0.02046
v 0.04326 0.87033 -0.02090
v 0.03912 0.87871 -0.02163
v 0.04026 0.87982 -0.01994
v 0.04434 0.87138 -0.01931
v 0.03569 0.88577 -0.02222
v 0.03687 0.88692 -0.02049
v 0.03692 0.88692 -0.01816
v 0.04031 0.87982 -0.01768
v 0.04439 0.87138 -0.01716
v 0.03908 0.87853 -0.01617
v 0.04322 0.87016 -0.01573
v 0.03565 0.88559 -0.01661
v 0.03744 0.87700 -0.02160
v 0.04167 0.86871 -0.02087
v 0.03396 0.88402 -0.02219
v 0.02930 0.92819 -0.02863
v 0.02943 0.93354 -0.02857
v 0.02874 0.92511 -0.02759
v 0.02881 0.92766 -0.02708
v 0.02931 0.92565 -0.02568
v 0.02997 0.92882 -0.02640
v 0.03083 0.91534 -0.02272
v 0.03197 0.90015 -0.01908
v 0.02963 0.91387 -0.02264
v 0.03043 0.89859 -0.01905
v 0.02935 0.89757 -0.02266
v 0.02877 0.91308 -0.02547
v 0.02965 0.91424 -0.02660
v 0.03048 0.89875 -0.02404
v 0.02881 0.91332 -0.02390
v 0.02939 0.89757 -0.02059
v 0.03171 0.88951 -0.01721
v 0.03056 0.88838 -0.01891
v 0.03051 0.88838 -0.02119
v 0.03176 0.88968 -0.02272
v 0.03346 0.89141 -0.02275
v 0.03466 0.89253 -0.01877
v 0.03341 0.89123 -0.01724
v 0.03461 0.89254 -0.02105
v 0.05467 0.89961 -0.03070
v 0.05530 0.89978 -0.03237
v 0.06115 0.90451 -0.03018
v 0.06050 0.90435 -0.02847
v 0.05526 0.90108 -0.03374
v 0.06110 0.90585 -0.03157
v 0.06563 0.90965 -0.02981
v 0.06568 0.90830 -0.02840
v 0.06503 0.90813 -0.02668
v 0.06765 0.91888 -0.02504
v 0.06706 0.91873 -0.02349
v 0.06890 0.92506 -0.01889
v 0.06934 0.92508 -0.02019
v 0.06711 0.91752 -0.02223
v 0.06891 0.92400 -0.01797
v 0.07030 0.92898 -0.01479
v 0.07060 0.93054 -0.01475
v 0.07060 0.92971 -0.01629
v 0.05344 0.90414 -0.03293
v 0.05281 0.90398 -0.03126
v 0.05860 0.90880 -0.02904
v 0.05925 0.90897 -0.03074
v 0.05285 0.90267 -0.02989
v 0.05865 0.90746 -0.02764
v 0.06316 0.91128 -0.02584
v 0.06311 0.91263 -0.02725
v 0.06376 0.91279 -0.02897
v 0.05365 0.90086 -0.02973
v 0.05946 0.90562 -0.02748
v 0.06398 0.90942 -0.02567
v 0.05446 0.90289 -0.03391
v 0.06029 0.90769 -0.03174
v 0.06481 0.91151 -0.02998
v 0.07160 0.93192 -0.01339
v 0.07129 0.93009 -0.01586
v 0.07095 0.92924 -0.01411
v 0.07120 0.92747 -0.01519
v 0.07165 0.92879 -0.01521
v 0.07149 0.92820 -0.01669
v 0.06784 0.91585 -0.02207
v 0.06952 0.92279 -0.01778
v 0.06878 0.91469 -0.02298
v 0.07024 0.92177 -0.01856
v 0.06933 0.91605 -0.02579
v 0.06859 0.91772 -0.02594
v 0.07011 0.92427 -0.02082
v 0.07067 0.92285 -0.02078
v 0.06937 0.91484 -0.02452
v 0.07072 0.92200 -0.01971
v 0.06807 0.91089 -0.02706
v 0.06742 0.91072 -0.02537
v 0.06802 0.91221 -0.02845
v 0.06721 0.91404 -0.02861
v 0.06618 0.91531 -0.02762
v 0.06639 0.91199 -0.02438
v 0.06559 0.91381 -0.02455
v 0.06554 0.91514 -0.02593
v 0.00552 0.81737 0.00572
v 0.00722 0.81990 0.00597
v -0.00615 0.83441 0.01296
v -0.00812 0.83146 0.01257
v 0.00782 0.82259 0.00458
v -0.00536 0.83755 0.01137
v 0.00487 0.82303 0.00021
v 0.00317 0.82050 -0.00004
v -0.01049 0.83509 0.00572
v -0.00852 0.83804 0.00610
v 0.00257 0.81781 0.00135
v -0.01128 0.83196 0.00731
v 0.00678 0.82378 0.00218
v -0.00642 0.83894 0.00851
v 0.00361 0.81662 0.00375
v -0.01022 0.83057 0.01017
v -0.02615 0.85202 0.01653
v -0.02753 0.85080 0.01856
v -0.04268 0.85114 0.00774
v -0.04164 0.85231 0.00533
v -0.02921 0.85221 0.02023
v -0.04413 0.85246 0.00987
v -0.05620 0.85274 0.00183
v -0.05494 0.85149 -0.00061
v -0.05416 0.85262 -0.00329
v -0.07269 0.86150 -0.00594
v -0.07213 0.86246 -0.00839
v -0.08255 0.86670 -0.01162
v -0.08283 0.86588 -0.00964
v -0.07109 0.86141 -0.01065
v -0.08156 0.86580 -0.01335
v -0.08924 0.86909 -0.01503
v -0.09131 0.87018 -0.01429
v -0.09010 0.86915 -0.01253
v -0.02999 0.85924 0.01929
v -0.02861 0.86046 0.01727
v -0.04417 0.86031 0.00670
v -0.04521 0.85913 0.00911
v -0.02693 0.85905 0.01560
v -0.04273 0.85898 0.00457
v -0.05546 0.85897 -0.00391
v -0.05672 0.86022 -0.00147
v -0.05750 0.85909 0.00120
v -0.02596 0.85550 0.01537
v -0.04172 0.85562 0.00410
v -0.05443 0.85577 -0.00456
v -0.03018 0.85576 0.02045
v -0.04514 0.85583 0.01034
v -0.05723 0.85593 0.00248
v -0.09413 0.87029 -0.01511
v -0.09134 0.86858 -0.01264
v -0.09034 0.86851 -0.01556
v -0.08845 0.86627 -0.01471
v -0.09037 0.86691 -0.01391
v -0.08931 0.86633 -0.01221
v -0.07015 0.85869 -0.01128
v -0.08094 0.86376 -0.01386
v -0.06982 0.85600 -0.01014
v -0.08048 0.86158 -0.01291
v -0.07143 0.85609 -0.00542
v -0.07236 0.85881 -0.00479
v -0.08267 0.86387 -0.00878
v -0.08174 0.86166 -0.00920
v -0.07039 0.85503 -0.00768
v -0.08106 0.86093 -0.01102
v -0.06281 0.85222 -0.00499
v -0.06217 0.85330 -0.00770
v -0.06397 0.85340 -0.00250
v -0.06498 0.85643 -0.00181
v -0.06531 0.85942 -0.00306
v -0.06250 0.85629 -0.00895
v -0.06351 0.85932 -0.00825
v -0.06466 0.86050 -0.00576
v -0.04840 0.85545 0.00162
v -0.04863 0.85451 0.00025
v -0.04676 0.86039 -0.00201
v -0.04642 0.86167 -0.00079
v -0.04996 0.85446 -0.00067
v -0.04816 0.86003 -0.00294
v -0.04680 0.86467 -0.00511
v -0.04536 0.86526 -0.00418
v -0.04493 0.86677 -0.00308
v -0.04980 0.87624 -0.01083
v -0.04939 0.87765 -0.00991
v -0.05184 0.88697 -0.01609
v -0.05212 0.88572 -0.01672
v -0.04812 0.87826 -0.00910
v -0.05080 0.88731 -0.01535
v -0.05297 0.89407 -0.02012
v -0.05399 0.89515 -0.02150
v -0.05386 0.89300 -0.02104
v -0.05293 0.85684 0.00054
v -0.05271 0.85779 0.00191
v -0.05065 0.86374 -0.00093
v -0.05099 0.86246 -0.00216
v -0.05137 0.85784 0.00283
v -0.04925 0.86410 -0.00000
v -0.04764 0.86922 -0.00261
v -0.04908 0.86863 -0.00354
v -0.04951 0.86712 -0.00464
v -0.04960 0.85683 0.00265
v -0.04750 0.86319 0.00001
v -0.04594 0.86839 -0.00246
v -0.05174 0.85546 -0.00049
v -0.04991 0.86093 -0.00295
v -0.04850 0.86550 -0.00526
v -0.05427 0.89766 -0.02354
v -0.05379 0.89385 -0.02213
v -0.05275 0.89511 -0.02105
v -0.05174 0.89293 -0.02027
v -0.05256 0.89382 -0.02168
v -0.05263 0.89186 -0.02119
v -0.04664 0.87757 -0.00891
v -0.04969 0.88691 -0.01530
v -0.04580 0.87611 -0.00938
v -0.04897 0.88562 -0.01557
v -0.04749 0.87409 -0.01111
v -0.04896 0.87478 -0.01130
v -0.05150 0.88473 -0.01717
v -0.05030 0.88402 -0.01694
v -0.04621 0.87470 -0.01030
v -0.04935 0.88466 -0.01639
v -0.04494 0.86895 -0.00647
v -0.04450 0.87051 -0.00544
v -0.04636 0.86829 -0.00737
v -0.04799 0.86907 -0.00757
v -0.04893 0.87067 -0.00704
v -0.04543 0.87212 -0.00492
v -0.04707 0.87289 -0.00512
v -0.04848 0.87223 -0.00602
v 0.00735 0.83092 0.00525
v 0.00632 0.83034 0.00227
v 0.02208 0.84200 -0.00536
v 0.02287 0.84276 -0.00247
v 0.00431 0.83182 0.00015
v 0.02011 0.84305 -0.00750
v 0.03248 0.85193 -0.01352
v 0.03443 0.85131 -0.01136
v 0.03499 0.85223 -0.00854
v 0.00172 0.83732 0.00246
v 0.00276 0.83790 0.00544
v 0.01777 0.84864 -0.00260
v 0.01697 0.84788 -0.00549
v 0.00476 0.83642 0.00756
v 0.01974 0.84759 -0.00046
v 0.03131 0.85632 -0.00676
v 0.02937 0.85694 -0.00892
v 0.02880 0.85602 -0.01174
v 0.00662 0.83350 0.00736
v 0.02182 0.84512 -0.00052
v 0.03362 0.85433 -0.00672
v 0.00245 0.83474 0.00035
v 0.01802 0.84552 -0.00744
v 0.03017 0.85392 -0.01357
v 0.04117 0.85713 -0.01481
v 0.04153 0.85816 -0.01202
v 0.03924 0.85733 -0.01698
v 0.03538 0.86162 -0.01255
v 0.03503 0.86059 -0.01534
v 0.03732 0.86143 -0.01038
v 0.03985 0.85995 -0.01027
v 0.03670 0.85880 -0.01709
vn 0.7114 0.0473 -0.7012
vn 0.7099 0.0680 -0.7010
vn 0.9953 0.0972 0.0015
vn 0.9980 0.0630 0.0006
vn 0.7004 0.0607 -0.7112
vn 0.9947 0.1026 0.0023
vn 0.6948 0.0939 0.7130
vn 0.7074 0.0777 0.7026
vn 0.7106 0.0496 0.7018
vn 0.0079 0.0201 0.9998
vn 0.0091 0.0137 0.9999
vn -0.0132 0.0392 0.9991
vn -0.7112 -0.0279 0.7024
vn -0.7000 -0.0421 0.7129
vn -0.7016 -0.0231 0.7122
vn -0.0096 -0.0072 -0.9999
vn -0.0065 -0.0142 -0.9999
vn 0.7041 0.0175 -0.7099
vn -0.7113 -0.0603 -0.7003
vn -0.7114 -0.0221 -0.7024
vn -0.7079 0.0044 -0.7063
vn -0.0006 -0.0077 -1.0000
vn 0.7069 0.0038 -0.7073
vn -0.9973 -0.0728 0.0016
vn -0.9992 -0.0398 0.0005
vn -0.9976 -0.0691 0.0022
vn -0.7010 -0.0525 -0.7112
vn -0.7020 -0.0255 -0.7117
vn 0.0089 0.0058 -0.9999
vn 0.0092 0.0105 -0.9999
vn -0.9995 0.0311 -0.0039
vn -0.9991 0.0427 -0.0047
vn -0.7098 0.0256 -0.7039
vn -0.7127 0.0576 0.6991
vn -0.7156 0.0512 0.6967
vn -0.7154 0.0476 0.6971
vn -0.9986 0.0538 -0.0012
vn -0.7138 0.0437 -0.6990
vn -0.0122 0.0646 0.9978
vn -0.7131 0.0329 0.7003
vn 0.6994 0.0740 0.7109
vn 0.7065 0.0566 0.7055
vn -0.0067 0.0674 0.9977
vn 0.9986 0.0537 0.0009
vn 0.9995 0.0299 -0.0023
vn -1.0000 -0.0031 -0.0002
vn -0.9869 0.1611 -0.0001
vn -0.7244 0.1300 -0.6770
vn -0.7247 0.1300 0.6767
vn -0.6948 0.1324 0.7069
vn -0.9838 0.1795 -0.0002
vn -0.6945 0.1324 -0.7072
vn 0.9999 0.0150 -0.0037
vn 0.7099 0.0308 0.7036
vn 0.7074 0.0067 -0.7068
vn 0.7112 0.0048 -0.7030
vn 1.0000 -0.0011 -0.0010
vn 0.7120 0.0081 0.7022
vn -0.0024 0.0098 -0.9999
vn -0.0035 0.0225 -0.9997
vn -0.0066 0.0451 0.9990
vn -0.0047 0.0277 0.9996
vn 0.7241 -0.0866 -0.6842
vn 0.0280 0.0148 -0.9995
vn 0.0122 0.0239 -0.9996
vn 0.7153 0.0293 -0.6983
vn -0.7036 0.0245 -0.7102
vn -0.7100 -0.0118 -0.7041
vn -0.0012 0.0194 -0.9998
vn 0.7076 0.0512 -0.7047
vn 0.9914 -0.1309 -0.0003
vn 0.6958 -0.0799 0.7138
vn 0.6956 -0.0799 -0.7140
vn 0.9926 -0.1214 -0.0003
vn 0.7243 -0.0866 0.6840
vn -0.0306 0.0353 -0.9989
vn -0.0309 0.0353 0.9989
vn 0.0278 0.0148 0.9995
vn -0.9997 -0.0252 -0.0002
vn -0.9999 -0.0157 0.0000
vn -0.7125 -0.0066 -0.7016
vn -0.7102 -0.0117 0.7039
vn -0.7126 -0.0066 0.7016
vn -0.7172 0.0245 0.6964
vn -0.9997 0.0250 0.0000
vn -0.7172 0.0245 -0.6964
vn 0.0122 0.0240 0.9996
vn -0.7038 0.0246 0.7100
vn 0.7155 0.0293 0.6980
vn 0.7078 0.0512 0.7046
vn -0.0013 0.0195 0.9998
vn -0.9997 0.0251 -0.0003
vn 0.9995 0.0322 -0.0003
vn 0.9980 0.0635 -0.0002
vn 0.7065 0.0132 0.7076
vn 1.0000 0.0092 0.0000
vn 0.9996 -0.0282 0.0000
vn 0.7036 -0.0044 0.7106
vn 0.7065 0.0132 -0.7076
vn 0.7036 -0.0044 -0.7106
vn 0.7057 0.0033 -0.7085
vn 0.9922 0.1246 0.0000
vn 0.7057 0.0033 0.7085
vn 0.9991 0.0427 0.0000
vn 0.7074 0.0350 0.7059
vn 0.7074 0.0350 -0.7060
vn -0.0044 0.0143 -0.9999
vn -0.0084 0.0197 -0.9998
vn -0.0044 0.0143 0.9999
vn -0.0085 0.0197 0.9998
vn 0.0872 0.9962 0.0000
vn -0.0162 0.2303 0.9730
vn -0.0162 0.2303 -0.9730
vn -0.7170 0.1354 -0.6837
vn -0.9501 0.3118 0.0000
vn -0.7171 0.1354 0.6837
vn -0.0066 0.0410 -0.9991
vn -0.7218 0.0798 -0.6875
vn -0.0066 0.0410 0.9991
vn -0.7218 0.0798 0.6875
vn -0.9949 0.1006 0.0000
vn -0.6268 0.3341 -0.7039
vn -0.8833 0.4689 -0.0005
vn -0.8965 0.4430 0.0000
vn -0.6392 0.3184 -0.7000
vn -0.6268 0.3343 0.7038
vn -0.6392 0.3184 0.7000
vn -0.6337 0.3408 0.6945
vn -0.8837 0.4681 0.0000
vn -0.6337 0.3408 -0.6945
vn 0.5139 -0.5320 0.6730
vn 0.6773 -0.7357 0.0000
vn 0.6361 -0.7716 0.0000
vn 0.4906 -0.5630 0.6650
vn 0.5139 -0.5320 -0.6730
vn 0.4906 -0.5630 -0.6650
vn 0.5078 -0.5522 -0.6612
vn 0.7639 -0.6453 0.0000
vn 0.5078 -0.5522 0.6612
vn 0.6402 -0.3201 0.6984
vn 0.8934 -0.4492 -0.0004
vn 0.9028 -0.4300 0.0000
vn 0.6444 -0.3044 0.7015
vn 0.6399 -0.3202 -0.6985
vn 0.6444 -0.3044 -0.7015
vn 0.6360 -0.3169 -0.7036
vn 0.8921 -0.4519 0.0000
vn 0.6360 -0.3169 0.7036
vn 0.0072 0.0039 -1.0000
vn 0.0018 0.0072 -1.0000
vn -0.0021 0.0153 -0.9999
vn 0.0072 0.0041 1.0000
vn 0.0018 0.0072 1.0000
vn -0.0021 0.0153 0.9999
vn 0.7622 0.6474 0.0000
vn 0.1404 0.2310 0.9628
vn 0.1405 0.2310 -0.9628
vn -0.4090 0.6721 -0.6172
vn -0.4510 0.8925 0.0000
vn -0.4090 0.6721 0.6172
vn 0.0062 0.0662 -0.9978
vn 0.0241 0.0630 -0.9977
vn -0.4840 0.5984 -0.6385
vn -0.4366 0.6500 -0.6220
vn -0.4840 0.5984 0.6385
vn 0.0062 0.0662 0.9978
vn 0.0241 0.0630 0.9977
vn -0.4366 0.6500 0.6220
vn -0.6452 0.7640 0.0000
vn -0.5716 0.8205 0.0000
vn -0.5168 0.4948 0.6986
vn -0.0064 0.0153 0.9999
vn 0.0062 0.0048 1.0000
vn -0.5090 0.4827 0.7127
vn 0.5127 -0.4707 0.7181
vn 0.5282 -0.4694 0.7076
vn 0.5485 -0.4514 0.7038
vn 0.0071 0.0068 1.0000
vn -0.5224 0.4761 0.7074
vn 0.4915 -0.4540 -0.7432
vn -0.0084 0.0156 -0.9998
vn 0.0061 0.0032 -1.0000
vn 0.5110 -0.4573 -0.7279
vn -0.4969 0.4725 -0.7279
vn -0.4962 0.4671 -0.7318
vn -0.5183 0.4688 -0.7153
vn 0.0070 0.0053 -1.0000
vn 0.5400 -0.4478 -0.7127
vn 0.7319 -0.6790 -0.0574
vn 0.7445 -0.6664 -0.0418
vn 0.7704 -0.6373 -0.0179
vn -0.7243 0.6873 -0.0552
vn -0.7276 0.6847 -0.0434
vn -0.7405 0.6718 -0.0190
vn 0.0202 -0.0059 0.9998
vn -0.5686 0.4073 0.7148
vn 0.6062 -0.3944 0.6906
vn 0.0203 -0.0069 -0.9998
vn 0.6038 -0.3945 -0.6927
vn -0.5683 0.4054 -0.7160
vn 0.8384 -0.5451 -0.0044
vn -0.8122 0.5834 -0.0049
vn -0.7948 0.6068 0.0000
vn -0.5836 0.4674 -0.6641
vn -0.5836 0.4674 0.6641
vn -0.0156 0.0613 0.9980
vn 0.5783 -0.4073 0.7069
vn -0.0156 0.0613 -0.9980
vn 0.5783 -0.4073 -0.7069
vn 0.8043 -0.5942 0.0000
vn -0.3227 -0.5904 -0.7398
vn -0.6197 -0.7826 -0.0586
vn -0.6193 -0.7804 -0.0857
vn -0.3144 -0.5762 -0.7544
vn -0.5590 -0.5212 0.6449
vn -0.5701 -0.5338 0.6245
vn -0.6066 -0.5265 0.5956
vn -0.6531 -0.7488 -0.1130
vn -0.3429 -0.5461 -0.7643
vn 0.5170 0.3887 0.7626
vn 0.8572 0.4990 0.1275
vn 0.8849 0.4599 0.0742
vn 0.5668 0.3757 0.7332
vn 0.7294 0.3778 -0.5703
vn 0.7234 0.3428 -0.5993
vn 0.6981 0.3510 -0.6240
vn 0.7929 0.6091 0.0195
vn 0.5832 0.4029 0.7054
vn 0.3111 0.5971 0.7394
vn 0.6102 0.7900 0.0592
vn 0.6088 0.7888 0.0851
vn 0.3002 0.5835 0.7546
vn 0.5517 0.5276 -0.6460
vn 0.5603 0.5400 -0.6280
vn 0.5821 0.5325 -0.6145
vn 0.6377 0.7624 0.1098
vn 0.3111 0.5545 0.7719
vn 0.1694 -0.0409 -0.9847
vn 0.1800 -0.0245 -0.9834
vn 0.1727 -0.0127 -0.9849
vn -0.1786 0.0459 0.9829
vn -0.1929 0.0291 0.9808
vn -0.2127 0.0129 0.9770
vn -0.4678 0.8814 -0.0659
vn -0.2345 0.2325 0.9439
vn -0.1475 0.1304 -0.9804
vn -0.6819 -0.2824 -0.6748
vn -0.9681 -0.2498 -0.0184
vn -0.7886 -0.2298 0.5704
vn 0.1070 0.0139 -0.9942
vn 0.0701 0.0138 -0.9974
vn -0.5746 -0.3433 -0.7429
vn -0.6407 -0.3052 -0.7045
vn -0.7862 -0.3281 0.5237
vn -0.2223 0.0305 0.9745
vn -0.1796 0.0602 0.9819
vn -0.7950 -0.2696 0.5434
vn -0.8791 -0.4562 -0.1382
vn -0.9185 -0.3856 -0.0878
vn 0.5333 0.4721 0.7019
vn 0.7504 0.6609 0.0002
vn 0.7112 0.7030 0.0000
vn 0.5037 0.5008 0.7039
vn 0.5335 0.4722 -0.7017
vn 0.5037 0.5008 -0.7039
vn 0.4964 0.5112 -0.7016
vn 0.6917 0.7221 0.0024
vn 0.4841 0.5187 0.7047
vn -0.5336 -0.4556 -0.7125
vn -0.7589 -0.6512 -0.0004
vn -0.7232 -0.6907 0.0000
vn -0.5120 -0.4862 -0.7081
vn -0.5341 -0.4555 0.7122
vn -0.5120 -0.4862 0.7081
vn -0.5143 -0.4882 0.7051
vn -0.7157 -0.6984 0.0023
vn -0.5051 -0.5009 -0.7028
vn -0.7141 -0.3692 0.5947
vn -0.1030 -0.0494 0.9935
vn -0.0025 0.0017 1.0000
vn -0.6437 -0.3403 0.6855
vn 0.5654 0.2965 0.7697
vn 0.6171 0.3327 0.7131
vn 0.6085 0.3648 0.7047
vn 0.0035 0.0053 1.0000
vn -0.6162 -0.3593 0.7008
vn -0.0148 0.0149 0.9998
vn -0.0617 0.0519 0.9967
vn -0.5269 -0.4729 0.7062
vn 0.4296 0.5607 0.7078
vn 0.3621 0.6011 0.7124
vn -0.1276 0.0733 0.9891
vn -0.5449 -0.4844 0.6844
vn 0.0011 0.0010 -1.0000
vn 0.0552 -0.0281 -0.9981
vn 0.5151 0.5126 -0.6869
vn -0.4559 -0.5456 -0.7032
vn -0.3775 -0.5920 -0.7120
vn 0.1206 -0.0590 -0.9910
vn 0.5326 0.5072 -0.6776
vn 0.6625 0.7489 0.0133
vn 0.6302 0.7762 0.0189
vn -0.6935 -0.7204 0.0080
vn -0.6500 -0.7599 -0.0112
vn -0.7704 -0.6218 -0.1409
vn -0.4622 -0.4552 -0.7611
vn -0.7111 -0.4469 0.5428
vn -0.2507 0.0066 0.9680
vn 0.3954 0.4693 0.7895
vn 0.1237 -0.0028 -0.9923
vn 0.6549 0.4614 -0.5985
vn 0.7574 0.6388 0.1352
vn 0.7523 0.5925 -0.2879
vn 0.7390 0.6026 -0.3011
vn 0.9612 0.1279 0.2444
vn 0.9631 0.1455 0.2262
vn 0.7764 0.5832 -0.2389
vn 0.9475 0.0975 0.3046
vn 0.5878 -0.4350 0.6821
vn 0.6374 -0.4125 0.6508
vn 0.6930 -0.3636 0.6226
vn -0.7268 -0.6848 0.0532
vn -0.7104 -0.7034 0.0239
vn -0.7754 -0.2971 -0.5572
vn -0.8064 -0.2655 -0.5283
vn -0.7239 -0.6892 0.0305
vn -0.8712 -0.1849 -0.4547
vn -0.4870 0.2928 -0.8229
vn -0.4720 0.2843 -0.8345
vn -0.4865 0.3133 -0.8156
vn -0.6755 -0.6338 0.3768
vn -0.7431 -0.5928 0.3104
vn -0.9643 -0.1159 -0.2381
vn -0.9675 -0.1555 -0.1992
vn -0.7773 -0.5732 0.2593
vn -0.9518 -0.0838 -0.2951
vn -0.5827 0.4571 -0.6719
vn -0.6359 0.4261 -0.6435
vn -0.6431 0.4205 -0.6399
vn 0.0714 0.7322 -0.6774
vn 0.0867 0.7339 -0.6737
vn 0.1398 0.7432 -0.6543
vn -0.0705 -0.7222 0.6881
vn 0.0299 -0.7050 0.7085
vn -0.1307 -0.7257 0.6755
vn -0.2582 -0.5352 0.8043
vn -0.5941 0.6045 0.5307
vn 0.4254 -0.1597 0.8908
vn 0.6234 0.4218 0.6584
vn 0.6466 0.7570 0.0941
vn 0.0869 0.8946 -0.4383
vn 0.1690 0.7860 -0.5947
vn 0.1856 0.7821 -0.5949
vn 0.6693 0.7394 0.0728
vn 0.7057 0.7083 0.0199
vn 0.4780 -0.2389 0.8452
vn 0.4464 -0.1844 0.8756
vn -0.1885 -0.6958 0.6931
vn -0.1701 -0.6985 0.6951
vn 0.7239 0.3447 0.5977
vn 0.7815 0.2921 0.5513
vn 0.7697 0.6299 -0.1042
vn 0.8884 0.1712 0.4260
vn 0.5449 -0.3514 0.7613
vn -0.1432 -0.7048 0.6948
vn -0.7625 -0.6236 0.1721
vn -0.5213 0.4169 -0.7446
vn 0.1945 0.7705 -0.6070
vn -0.8946 -0.1590 -0.4176
vn -0.1609 -0.7017 -0.6941
vn 0.1917 -0.9785 -0.0757
vn 0.2506 -0.9621 -0.1073
vn -0.1028 -0.6904 -0.7161
vn 0.4261 -0.6846 0.5913
vn 0.4475 -0.6904 0.5684
vn 0.4114 -0.7111 0.5702
vn 0.1985 -0.9762 -0.0873
vn -0.1423 -0.7129 -0.6867
vn 0.3782 0.7532 0.5381
vn 0.0805 0.9956 -0.0481
vn 0.1158 0.9910 -0.0679
vn 0.4130 0.7428 0.5270
vn -0.3034 0.7236 -0.6200
vn -0.2799 0.7352 -0.6174
vn -0.2920 0.7441 -0.6008
vn -0.0230 0.9989 0.0398
vn 0.3988 0.7428 0.5378
vn 0.1065 0.6941 0.7120
vn -0.2432 0.9639 0.1085
vn -0.2936 0.9476 0.1258
vn 0.0614 0.6709 0.7390
vn -0.4645 0.6907 -0.5542
vn -0.4927 0.6709 -0.5543
vn -0.4684 0.6727 -0.5728
vn -0.2418 0.9651 0.1004
vn 0.1056 0.6834 0.7224
vn -0.4323 -0.0025 -0.9017
vn -0.4141 -0.0120 -0.9101
vn -0.4272 -0.0338 -0.9035
vn 0.3932 0.0136 0.9194
vn 0.3732 -0.0120 0.9277
vn 0.3801 -0.0230 0.9246
vn -0.8473 0.1202 0.5173
vn 0.2844 -0.0572 0.9570
vn -0.7194 -0.0460 -0.6931
vn -0.5022 -0.7509 -0.4289
vn -0.2949 -0.9384 0.1799
vn 0.1383 -0.7535 0.6427
vn -0.5401 -0.0693 -0.8387
vn -0.5649 -0.0378 -0.8243
vn -0.4155 -0.7661 -0.4904
vn -0.4690 -0.7626 -0.4456
vn 0.2079 -0.7510 0.6268
vn 0.4545 0.0012 0.8907
vn 0.4621 -0.0091 0.8868
vn 0.1684 -0.7531 0.6360
vn -0.1268 -0.9899 0.0635
vn -0.1848 -0.9772 0.1043
vn 0.3464 -0.7371 0.5803
vn 0.5089 -0.0070 0.8608
vn 0.5074 0.0194 0.8615
vn 0.3657 -0.6994 0.6140
vn 0.3464 0.7207 0.6004
vn 0.3467 0.7158 0.6061
vn 0.3270 0.7226 0.6090
vn 0.4987 0.0245 0.8664
vn 0.3634 -0.7015 0.6130
vn -0.3978 0.6550 -0.6424
vn -0.5180 -0.0476 -0.8540
vn -0.5180 -0.0208 -0.8551
vn -0.3781 0.6982 -0.6080
vn -0.3646 -0.7064 -0.6067
vn -0.3592 -0.7156 -0.5991
vn -0.3494 -0.7223 -0.5968
vn -0.5127 -0.0242 -0.8583
vn -0.3797 0.7024 -0.6021
vn -0.0338 0.9990 -0.0300
vn -0.0160 0.9999 0.0043
vn -0.0304 0.9995 0.0122
vn -0.0184 -0.9993 -0.0327
vn 0.0025 -1.0000 0.0023
vn 0.0068 -1.0000 0.0022
vn 0.4538 0.0345 0.8905
vn 0.3871 -0.6887 0.6131
vn 0.2312 0.7232 0.6508
vn -0.4782 -0.0097 -0.8782
vn -0.4047 0.7111 -0.5750
vn -0.2812 -0.7221 -0.6320
vn -0.1163 0.9916 0.0567
vn 0.0726 -0.9972 -0.0196
vn 0.0348 -0.9992 -0.0184
vn -0.2778 -0.7553 -0.5936
vn 0.2994 -0.7492 0.5908
vn 0.4080 -0.0293 0.9125
vn 0.2510 0.7277 0.6383
vn -0.4874 -0.0789 -0.8696
vn -0.3950 0.6865 -0.6105
vn -0.0715 0.9973 0.0189
vn 0.2255 -0.6903 -0.6875
vn -0.0158 -0.9982 0.0571
vn 0.0027 -1.0000 0.0004
vn 0.2134 -0.6523 -0.7273
vn -0.2205 -0.6470 0.7299
vn -0.1950 -0.6750 0.7116
vn -0.1298 -0.7272 0.6740
vn -0.0281 -0.9993 -0.0251
vn 0.0880 -0.6694 -0.7376
vn 0.3165 0.7141 0.6244
vn 0.2982 0.9530 -0.0532
vn 0.3372 0.9396 -0.0588
vn 0.3472 0.7084 0.6145
vn 0.0956 0.7116 -0.6961
vn 0.1186 0.7084 -0.6958
vn 0.1014 0.7177 -0.6889
vn 0.1662 0.9857 -0.0290
vn 0.3287 0.7177 0.6138
vn -0.2313 0.6365 0.7358
vn -0.0428 0.9990 -0.0087
vn -0.0363 0.9991 -0.0221
vn -0.2065 0.6571 0.7250
vn 0.1897 0.6472 -0.7383
vn 0.1621 0.6739 -0.7208
vn 0.0867 0.6984 -0.7105
vn 0.0022 0.9997 -0.0232
vn -0.0928 0.6815 0.7259
vn 0.2955 -0.0091 -0.9553
vn 0.2636 0.0344 -0.9640
vn 0.1249 0.0399 -0.9914
vn -0.2794 -0.0206 0.9600
vn -0.2528 -0.0320 0.9670
vn -0.1438 -0.0664 0.9874
vn -0.9305 0.3284 0.1623
vn -0.1009 0.0038 0.9949
vn -0.4318 0.0039 -0.9020
vn -0.4724 -0.6934 -0.5441
vn -0.5324 -0.8414 0.0929
vn -0.2602 -0.6934 0.6719
vn -0.2176 -0.0219 -0.9758
vn -0.2370 -0.0112 -0.9714
vn -0.3806 -0.7158 -0.5855
vn -0.4405 -0.7060 -0.5546
vn -0.1778 -0.7176 0.6734
vn 0.1048 -0.0260 0.9942
vn 0.1059 -0.0112 0.9943
vn -0.2268 -0.7060 0.6710
vn -0.3444 -0.9371 0.0573
vn -0.4110 -0.9088 0.0717
vn -0.1823 -0.9832 0.0042
vn -0.1752 -0.7136 -0.6783
vn -0.1252 -0.7429 0.6576
vn 0.0100 -0.0656 0.9978
vn 0.1440 0.7121 0.6872
vn -0.1020 -0.0159 -0.9947
vn 0.0425 0.6961 -0.7167
vn 0.1504 0.9877 -0.0429
vn 0.6479 -0.3749 -0.6631
vn 0.6407 -0.4378 -0.6307
vn 0.9865 -0.1629 -0.0190
vn 0.9938 -0.1037 -0.0398
vn 0.6574 -0.3948 -0.6419
vn 0.9925 -0.1131 -0.0463
vn 0.7871 0.2500 0.5639
vn 0.7727 0.2182 0.5960
vn 0.7606 0.2368 0.6044
vn -0.6597 0.2065 0.7226
vn -0.6570 0.1796 0.7322
vn -0.9567 -0.2011 0.2105
vn -0.9675 -0.1646 0.1922
vn -0.6654 0.1947 0.7207
vn -0.9905 -0.0440 0.1301
vn -0.7903 -0.4261 -0.4403
vn -0.7827 -0.4448 -0.4355
vn -0.7861 -0.4217 -0.4520
vn -0.6415 0.4320 0.6339
vn -0.6276 0.4830 0.6106
vn -0.9787 0.2053 -0.0045
vn -0.9855 0.1679 0.0231
vn -0.6289 0.4510 0.6333
vn -0.9879 0.1535 0.0242
vn -0.7628 -0.2139 -0.6103
vn -0.7605 -0.1775 -0.6246
vn -0.7728 -0.1831 -0.6076
vn -0.0857 -0.4487 -0.8895
vn -0.0917 -0.4177 -0.9040
vn -0.0701 -0.4442 -0.8932
vn 0.1032 0.4899 0.8657
vn 0.0799 0.4587 0.8850
vn 0.1187 0.4940 0.8613
vn 0.1057 0.6894 0.7167
vn -0.2613 0.8626 -0.4331
vn 0.7725 0.5426 0.3298
vn 0.8728 0.3851 -0.2998
vn 0.6559 -0.0369 -0.7539
vn -0.0762 -0.2146 -0.9737
vn -0.0786 -0.4112 -0.9081
vn -0.0664 -0.4198 -0.9052
vn 0.6657 -0.0695 -0.7430
vn 0.6721 -0.1262 -0.7297
vn 0.7923 0.4712 0.3876
vn 0.7832 0.5145 0.3491
vn 0.1099 0.5256 0.8436
vn 0.1222 0.5172 0.8471
vn 0.9313 0.2700 -0.2446
vn 0.9549 0.2066 -0.2132
vn 0.7136 0.3073 0.6296
vn 0.7327 0.2271 0.6416
vn 0.0354 0.0738 0.9966
vn -0.0022 0.1244 0.9922
vn 0.7484 0.2184 0.6263
vn 0.0474 0.1192 0.9917
vn -0.6262 -0.0172 0.7795
vn -0.6191 -0.0958 0.7794
vn -0.6473 -0.1050 0.7549
vn -0.7069 -0.2944 -0.6431
vn -0.7341 -0.2173 -0.6433
vn -0.0397 -0.0671 -0.9970
vn -0.0109 -0.1351 -0.9908
vn -0.7623 -0.2079 -0.6129
vn -0.0569 -0.0978 -0.9936
vn 0.6125 0.0732 -0.7871
vn 0.6093 0.1113 -0.7851
vn 0.6315 0.0889 -0.7702
vn -0.9650 -0.2204 0.1420
vn -0.9549 -0.2721 0.1192
vn -0.9750 -0.1552 0.1591
vn 0.9591 0.2394 -0.1512
vn 0.9493 0.2754 -0.1515
vn 0.9664 0.2024 -0.1586
vn 0.7330 0.2319 0.6395
vn 0.0418 0.2975 0.9538
vn -0.6531 0.2219 0.7240
vn -0.7935 -0.2043 -0.5732
vn -0.0879 -0.2645 -0.9604
vn 0.6496 -0.1255 -0.7499
vn -0.9930 0.0132 0.1175
vn 0.9925 0.0728 -0.0982
vn 0.6812 -0.2576 -0.6853
vn 0.9904 0.0452 -0.1307
vn 0.8056 0.3604 0.4703
vn 0.1425 0.5133 0.8463
vn -0.6416 0.3348 0.6901
vn -0.7743 -0.3246 -0.5432
vn -0.0459 -0.4232 -0.9049
vn -0.9931 -0.0165 0.1157
vn 0.7444 -0.3292 -0.5809
vn 0.7045 -0.0948 -0.7033
vn 0.9777 0.1834 -0.1021
vn 0.9991 -0.0252 0.0355
vn 0.7257 0.3807 0.5731
vn 0.7160 0.3057 0.6277
vn -0.7175 0.3294 0.6138
vn -0.7012 0.0473 0.7114
vn -0.9711 -0.2290 0.0665
vn -0.9995 -0.0102 -0.0292
vn -0.6644 -0.3631 -0.6533
vn -0.6723 -0.3284 -0.6634
vn 0.0447 -0.3056 -0.9511
vn 0.0589 -0.4533 -0.8894
vn -0.0011 0.3241 0.9460
vn 0.0056 0.4693 0.8830
vn 0.7231 0.1705 0.6694
vn 0.6920 0.2200 0.6876
vn -0.0136 0.4894 0.8719
vn 0.0485 0.4745 0.8789
vn -0.7153 0.4545 0.5309
vn -0.6794 0.4872 0.5487
vn -0.6442 -0.2231 -0.7316
vn -0.6816 -0.2261 -0.6959
vn 0.0344 -0.4804 -0.8764
vn 0.0963 -0.4928 -0.8648
vn 0.7251 -0.4503 -0.5209
vn 0.7543 -0.4605 -0.4680
vn -0.9816 0.1542 -0.1125
vn -0.9732 0.1886 -0.1314
vn 0.9793 -0.1644 0.1181
vn 0.9717 -0.1943 0.1345
vn 0.1736 0.6265 -0.7598
vn 0.1440 0.6045 -0.7835
vn 0.5105 0.8432 -0.1683
vn 0.5156 0.8398 -0.1700
vn 0.1149 0.6353 -0.7637
vn 0.4645 0.8722 -0.1532
vn 0.5466 0.6353 0.5456
vn 0.5818 0.6045 0.5441
vn 0.5915 0.6265 0.5075
vn 0.0603 -0.7261 0.6850
vn 0.0852 -0.7355 0.6722
vn -0.1391 -0.9892 0.0459
vn -0.1797 -0.9819 0.0593
vn 0.0647 -0.7351 0.6749
vn -0.3050 -0.9470 0.1006
vn -0.3494 -0.7351 -0.5810
vn -0.3313 -0.7355 -0.5910
vn -0.3590 -0.7261 -0.5865
vn -0.1322 -0.5677 0.8126
vn -0.1546 -0.5931 0.7901
vn -0.5226 -0.8350 0.1723
vn -0.5256 -0.8329 0.1733
vn -0.1282 -0.6063 0.7849
vn -0.4840 -0.8604 0.1596
vn -0.5699 -0.6063 -0.5547
vn -0.5943 -0.5931 -0.5432
vn -0.5896 -0.5677 -0.5746
vn -0.3183 0.0070 -0.9480
vn -0.2894 0.0492 -0.9559
vn -0.3211 0.0231 -0.9468
vn 0.3080 0.0070 0.9514
vn 0.3360 0.0492 0.9406
vn 0.3050 0.0231 0.9521
vn 0.0740 0.1253 0.9894
vn -0.9373 0.1610 0.3091
vn 0.1964 0.7868 0.5852
vn -0.0707 0.9972 0.0233
vn -0.1901 0.7868 -0.5872
vn -0.5290 0.1254 -0.8393
vn -0.3630 0.0415 -0.9309
vn -0.3502 0.0493 -0.9354
vn -0.1583 0.7820 -0.6028
vn -0.1095 0.7653 -0.6343
vn 0.2893 0.7653 0.5750
vn 0.2313 0.7821 0.5787
vn 0.2619 0.0415 0.9642
vn 0.2749 0.0493 0.9602
vn 0.0627 0.9978 -0.0207
vn 0.1353 0.9898 -0.0446
vn 0.0110 0.7156 -0.6984
vn 0.3117 0.9446 -0.1028
vn 0.4243 0.7156 0.5549
vn 0.2892 0.0627 0.9552
vn -0.0325 -0.6606 0.7500
vn -0.4723 -0.6606 -0.5836
vn -0.3357 0.0627 -0.9399
vn -0.3327 -0.9366 0.1097
vn 0.0031 0.0104 -0.9999
vn -0.0024 0.0078 -1.0000
vn 0.0027 0.0105 0.9999
vn -0.0024 0.0078 1.0000
vn -0.6597 -0.3500 -0.6651
vn -0.8845 -0.4636 -0.0527
vn -0.8806 -0.4721 -0.0411
vn -0.6040 -0.3285 -0.7261
vn -0.8617 -0.5072 -0.0166
vn -0.5992 -0.3566 -0.7168
vn 0.8857 0.4630 0.0352
vn 0.8801 0.4741 0.0253
vn 0.6103 0.3165 -0.7262
vn 0.6474 0.3459 -0.6791
vn 0.6204 0.3694 -0.6918
vn 0.8576 0.5142 0.0096
vn -0.8165 -0.5774 -0.0040
vn -0.5748 -0.4040 0.7116
vn -0.5703 -0.4041 -0.7152
vn 0.8091 0.5876 0.0020
vn 0.5796 0.4206 -0.6980
vn 0.5770 0.4199 0.7006
vn 0.0107 0.0102 -0.9999
vn 0.0194 0.0086 -0.9998
vn 0.0070 0.0103 0.9999
vn -0.0485 -0.0299 -0.9984
vn 0.0359 0.0144 -0.9992
vn -0.0506 -0.6666 -0.7437
vn -0.4164 -0.8978 -0.1434
vn -0.4298 -0.8940 -0.1269
vn -0.0527 -0.6638 -0.7460
vn -0.5507 -0.6301 0.5475
vn -0.5555 -0.6037 0.5717
vn -0.6181 -0.5764 0.5345
vn -0.4878 -0.8598 -0.1511
vn -0.0891 -0.6551 -0.7503
vn 0.1368 0.5697 0.8104
vn 0.7651 0.5493 0.3358
vn 0.7840 0.5161 0.3450
vn 0.1373 0.5688 0.8109
vn 0.9191 0.2943 -0.2619
vn 0.9346 0.2635 -0.2390
vn 0.9184 0.3019 -0.2557
vn 0.6034 0.7407 0.2954
vn 0.1264 0.6089 0.7831
vn 0.0574 0.6571 0.7516
vn 0.4403 0.8909 0.1114
vn 0.4376 0.8894 0.1322
vn 0.0594 0.6573 0.7513
vn 0.5574 0.5768 -0.5972
vn 0.5639 0.5990 -0.5685
vn 0.6119 0.5720 -0.5463
vn 0.4816 0.8613 0.1620
vn 0.0624 0.6408 0.7652
vn 0.3472 -0.0683 -0.9353
vn 0.3583 -0.0482 -0.9324
vn 0.3689 -0.0650 -0.9272
vn -0.3572 0.0212 0.9338
vn -0.3513 0.0422 0.9353
vn -0.3935 0.0467 0.9182
vn -0.3664 0.8073 -0.4627
vn -0.7439 0.3870 0.5448
vn 0.3175 0.0038 -0.9483
vn -0.3045 -0.4177 -0.8560
vn -0.8565 -0.2691 -0.4404
vn -0.9815 -0.1493 0.1201
vn 0.5344 -0.1481 -0.8321
vn 0.5607 -0.1485 -0.8146
vn -0.2702 -0.4923 -0.8274
vn -0.2871 -0.4580 -0.8413
vn -0.9452 -0.2486 0.2117
vn -0.6488 0.1902 0.7368
vn -0.6796 0.2266 0.6977
vn -0.9716 -0.1850 0.1476
vn -0.7995 -0.4891 -0.3487
vn -0.8292 -0.4137 -0.3759
vn -0.6688 -0.7026 -0.2429
vn -0.2196 -0.5891 -0.7776
vn -0.8098 -0.4397 0.3885
vn -0.5558 0.0968 0.8257
vn 0.0623 0.5964 0.8003
vn 0.4183 -0.1199 -0.9003
vn 0.7946 0.4389 -0.4195
vn 0.6409 0.7184 0.2703
vn 0.7000 -0.3026 -0.6468
vn 0.6874 -0.7252 -0.0395
vn 0.6765 -0.7361 -0.0244
vn 0.6970 -0.3035 -0.6497
vn 0.2912 -0.7446 0.6006
vn 0.2617 -0.7391 0.6207
vn 0.2188 -0.7869 0.5770
vn 0.6270 -0.7770 -0.0559
vn 0.6760 -0.3340 -0.6569
vn -0.5887 0.3462 0.7304
vn -0.2659 0.9177 0.2951
vn -0.2297 0.9227 0.3096
vn -0.5878 0.3464 0.7311
vn 0.1125 0.9607 -0.2537
vn 0.1432 0.9635 -0.2260
vn 0.1043 0.9630 -0.2486
vn -0.4957 0.8400 0.2207
vn -0.6246 0.3512 0.6975
vn -0.6899 0.3054 0.6563
vn -0.6675 0.7446 0.0100
vn -0.6701 0.7416 0.0307
vn -0.6893 0.3073 0.6561
vn -0.2327 0.7304 -0.6421
vn -0.2548 0.7450 -0.6165
vn -0.2153 0.7794 -0.5884
vn -0.6323 0.7719 0.0661
vn -0.6751 0.3039 0.6722
vn 0.3288 0.2905 -0.8986
vn 0.3141 0.3084 -0.8979
vn 0.3327 0.3119 -0.8900
vn -0.2891 -0.3175 0.9031
vn -0.3064 -0.3042 0.9020
vn -0.3238 -0.3416 0.8823
vn -0.8089 -0.0373 -0.5867
vn -0.7122 -0.5398 0.4489
vn 0.2535 0.2901 -0.9228
vn 0.3935 -0.4444 -0.8048
vn -0.0097 -0.8972 -0.4415
vn -0.2480 -0.9645 0.0904
vn 0.4569 0.4343 -0.7763
vn 0.4645 0.4586 -0.7576
vn 0.4704 -0.4407 -0.7645
vn 0.4347 -0.4434 -0.7839
vn -0.1568 -0.9679 0.1964
vn -0.5244 -0.5249 0.6705
vn -0.5635 -0.5399 0.6253
vn -0.2156 -0.9687 0.1229
vn 0.1997 -0.9269 -0.3178
vn 0.1235 -0.9261 -0.3565
vn 0.4287 -0.8859 -0.1773
vn 0.5708 -0.4301 -0.6994
vn 0.0431 -0.9136 0.4043
vn -0.4170 -0.4735 0.7759
vn -0.6396 0.2872 0.7130
vn 0.3976 0.3371 -0.8534
vn -0.0436 0.8991 -0.4356
vn -0.4576 0.8662 0.2008
vn 0.7199 -0.0014 -0.6941
vn 0.6958 -0.0555 -0.7161
vn 0.8809 -0.4611 -0.1074
vn 0.9101 -0.4074 -0.0757
vn 0.7266 -0.0221 -0.6867
vn 0.9063 -0.4135 -0.0874
vn 0.6000 -0.5611 0.5702
vn 0.5717 -0.5916 0.5684
vn 0.5709 -0.5695 0.5913
vn -0.8191 -0.1986 0.5381
vn -0.8168 -0.2349 0.5270
vn -0.9915 0.1106 -0.0679
vn -0.9881 0.1460 -0.0481
vn -0.8136 -0.2210 0.5378
vn -0.9680 0.2477 0.0398
vn -0.6592 0.4523 -0.6008
vn -0.6531 0.4385 -0.6173
vn -0.6366 0.4587 -0.6199
vn -0.7002 0.0527 0.7120
vn -0.6674 0.0915 0.7390
vn -0.8570 0.4997 0.1258
vn -0.8842 0.4543 0.1085
vn -0.6896 0.0512 0.7224
vn -0.8857 0.4532 0.1004
vn -0.5498 0.6080 -0.5728
vn -0.5425 0.6312 -0.5543
vn -0.5682 0.6083 -0.5542
vn 0.1051 0.4008 -0.9101
vn 0.0999 0.4206 -0.9017
vn 0.1293 0.4086 -0.9035
vn -0.0724 -0.3663 0.9277
vn -0.1019 -0.3800 0.9194
vn -0.0633 -0.3755 0.9246
vn -0.0084 -0.2900 0.9570
vn 0.0739 0.8526 0.5173
vn 0.7029 -0.3047 0.6427
vn 0.9808 0.0757 0.1799
vn 0.8448 0.3199 -0.4289
vn 0.2070 0.6905 -0.6931
vn 0.1642 0.5418 -0.8243
vn 0.1893 0.5105 -0.8387
vn 0.8487 0.2850 -0.4456
vn 0.8401 0.2321 -0.4904
vn 0.6847 -0.3719 0.6268
vn 0.6957 -0.3339 0.6360
vn -0.0953 -0.4522 0.8868
vn -0.1036 -0.4426 0.8907
vn 0.9937 -0.0403 0.1043
vn 0.9930 -0.0997 0.0635
vn 0.6399 -0.5037 0.5803
vn 0.5990 -0.5140 0.6140
vn -0.1333 -0.4899 0.8615
vn -0.1080 -0.4974 0.8608
vn 0.6015 -0.5122 0.6130
vn -0.1363 -0.4804 0.8664
vn -0.7777 -0.1557 0.6090
vn -0.7756 -0.1764 0.6061
vn -0.7803 -0.1750 0.6005
vn -0.5484 0.5353 -0.6424
vn -0.5949 0.5258 -0.6080
vn 0.1370 0.5000 -0.8551
vn 0.1632 0.4940 -0.8540
vn -0.5987 0.5283 -0.6021
vn 0.1392 0.4940 -0.8583
vn 0.7825 0.1776 -0.5968
vn 0.7781 0.1886 -0.5991
vn 0.7704 0.1960 -0.6067
vn -0.9705 0.2410 0.0044
vn -0.9656 0.2582 -0.0300
vn -0.9669 0.2550 0.0122
vn 0.9737 -0.2280 0.0023
vn 0.9777 -0.2074 -0.0327
vn 0.9727 -0.2321 0.0022
vn 0.5837 -0.5325 0.6130
vn -0.1359 -0.4343 0.8905
vn -0.7567 -0.0622 0.6508
vn -0.6015 0.5546 -0.5750
vn 0.1172 0.4637 -0.8782
vn 0.7670 0.1112 -0.6320
vn -0.9398 0.3369 0.0567
vn 0.9551 -0.2955 -0.0196
vn 0.7985 0.1004 -0.5936
vn 0.9657 -0.2592 -0.0184
vn 0.6624 -0.4606 0.5908
vn -0.0634 -0.4041 0.9125
vn -0.7655 -0.0805 0.6383
vn -0.5797 0.5396 -0.6105
vn 0.1868 0.4570 -0.8696
vn -0.9555 0.2945 0.0189
vn -0.6495 -0.0279 -0.7598
vn -0.9344 -0.3130 -0.1700
vn -0.9366 -0.3072 -0.1683
vn -0.6214 -0.0040 -0.7835
vn -0.7438 -0.4350 0.5075
vn -0.7201 -0.4305 0.5441
vn -0.7422 -0.3892 0.5456
vn -0.9545 -0.2559 -0.1532
vn -0.6449 0.0314 -0.7637
vn 0.6938 -0.2224 0.6850
vn 0.9972 -0.0463 0.0593
vn 0.9951 -0.0875 0.0459
vn 0.6973 -0.2489 0.6722
vn 0.7883 0.1860 -0.5865
vn 0.7912 0.1569 -0.5910
vn 0.7949 0.1747 -0.5810
vn 0.9914 0.0836 0.1006
vn 0.7016 -0.2288 0.6749
vn 0.5828 0.0008 0.8126
vn 0.9299 0.3243 0.1733
vn 0.9313 0.3209 0.1723
vn 0.6127 0.0169 0.7901
vn 0.6860 0.4464 -0.5746
vn 0.7119 0.4452 -0.5432
vn 0.7192 0.4185 -0.5547
vn 0.9474 0.2775 0.1596
vn 0.6196 -0.0118 0.7849
vn 0.0173 0.2930 -0.9559
vn 0.0649 0.3117 -0.9480
vn 0.0498 0.3180 -0.9468
vn -0.1237 -0.3162 0.9406
vn -0.0763 -0.2985 0.9514
vn -0.0913 -0.2920 0.9521
vn 0.0545 0.9495 0.3091
vn -0.1388 -0.0438 0.9893
vn -0.0029 0.5436 -0.8393
vn -0.7236 0.3627 -0.5872
vn -0.9556 0.2937 0.0233
vn -0.8108 -0.0140 0.5851
vn 0.0309 0.3523 -0.9354
vn 0.0414 0.3630 -0.9309
vn -0.7209 0.2792 -0.6343
vn -0.7262 0.3306 -0.6028
vn -0.8108 -0.1093 0.5750
vn -0.1100 -0.2567 0.9602
vn -0.0995 -0.2458 0.9642
vn -0.8141 -0.0490 0.5787
vn -0.9948 0.0913 -0.0446
vn -0.9863 0.1639 -0.0207
vn -0.9906 -0.0907 -0.1028
vn -0.6996 0.1506 -0.6984
vn -0.7928 -0.2520 0.5549
vn -0.1263 -0.2676 0.9552
vn 0.6509 -0.1173 0.7500
vn 0.0146 0.3412 -0.9399
vn 0.7501 0.3112 -0.5836
vn 0.9875 0.1129 0.1097
vn 0.1370 -0.7502 -0.6468
vn 0.1385 -0.7475 -0.6497
vn 0.5646 -0.8250 -0.0244
vn 0.5516 -0.8332 -0.0395
vn 0.1729 -0.7339 -0.6569
vn 0.6156 -0.7861 -0.0559
vn 0.7173 -0.3906 0.5770
vn 0.6610 -0.4216 0.6207
vn 0.6598 -0.4516 0.6006
vn -0.2046 0.6516 0.7304
vn -0.2049 0.6508 0.7311
vn -0.8471 0.4318 0.3096
vn -0.8342 0.4660 0.2951
vn -0.2013 0.6877 0.6975
vn -0.7066 0.6724 0.2207
vn -0.9617 0.1155 -0.2486
vn -0.9710 0.0778 -0.2260
vn -0.9613 0.1071 -0.2537
vn -0.1420 0.7410 0.6563
vn -0.1440 0.7408 0.6561
vn -0.5714 0.8201 0.0307
vn -0.5749 0.8182 0.0100
vn -0.1439 0.7263 0.6722
vn -0.6094 0.7901 0.0662
vn -0.7108 0.3855 -0.5884
vn -0.6684 0.4162 -0.6165
vn -0.6592 0.3914 -0.6421
vn -0.3713 -0.2365 -0.8979
vn -0.3572 -0.2548 -0.8986
vn -0.3789 -0.2538 -0.8900
vn 0.3654 0.2299 0.9020
vn 0.3745 0.2101 0.9031
vn 0.4058 0.2384 0.8823
vn 0.6865 0.5721 0.4489
vn 0.2187 0.7797 -0.5867
vn 0.9956 0.0241 0.0904
vn 0.8763 -0.1928 -0.4415
vn 0.3443 -0.4836 -0.8048
vn -0.3397 -0.1816 -0.9228
vn -0.5515 -0.3492 -0.7576
vn -0.5262 -0.3472 -0.7763
vn 0.3339 -0.5235 -0.7838
vn 0.3232 -0.5577 -0.7645
vn 0.9783 -0.0655 0.1964
vn 0.9924 -0.0084 0.1229
vn 0.6530 0.4272 0.6253
vn 0.6296 0.3925 0.6705
vn 0.8744 -0.3292 -0.3565
vn 0.8580 -0.4035 -0.3178
vn 0.2903 -0.6531 -0.6994
vn 0.7664 -0.6174 -0.1773
vn 0.8804 -0.2480 0.4043
vn 0.5553 0.2995 0.7759
vn -0.1356 0.6879 0.7130
vn -0.8661 0.2452 -0.4355
vn -0.4181 -0.3113 -0.8534
vn -0.7407 0.6411 0.2009
vn -0.1611 0.0629 0.9849
vn -0.5514 -0.5047 0.6643
vn 0.3281 0.6064 0.7243
vn 0.1527 -0.0559 -0.9867
vn 0.5432 0.5143 -0.6636
vn -0.3398 -0.5995 -0.7246
vn 0.6161 0.7869 0.0347
vn -0.6272 -0.7782 -0.0329
vn -0.6590 0.6664 -0.3487
vn -0.1709 0.9810 0.0924
vn -0.1949 0.9785 0.0668
vn -0.6871 0.6142 -0.3881
vn 0.3971 0.7853 0.4750
vn 0.4061 0.7803 0.4757
vn 0.4075 0.8032 0.4345
vn -0.1804 0.9835 0.0154
vn -0.6639 0.6161 -0.4238
vn 0.4938 -0.6454 0.5828
vn -0.0436 -0.9752 0.2171
vn -0.1149 -0.9707 0.2112
vn 0.4428 -0.6747 0.5905
vn -0.5299 -0.7993 -0.2834
vn -0.5663 -0.7719 -0.2889
vn -0.5668 -0.7581 -0.3225
vn -0.0269 -0.9983 0.0524
vn 0.4308 -0.7048 0.5635
vn 0.7168 -0.5731 0.3972
vn 0.2109 -0.9746 -0.0757
vn 0.2042 -0.9760 -0.0763
vn 0.6980 -0.6082 0.3780
vn -0.4229 -0.7559 -0.4999
vn -0.4004 -0.7769 -0.4858
vn -0.4055 -0.7886 -0.4623
vn 0.1929 -0.9807 -0.0317
vn 0.6887 -0.5975 0.4106
vn -0.7872 -0.0639 -0.6133
vn -0.7753 -0.1204 -0.6200
vn -0.7664 -0.1226 -0.6305
vn 0.7733 0.1633 0.6127
vn 0.7822 0.1272 0.6099
vn 0.7801 0.1528 0.6067
vn 0.6608 -0.2204 -0.7175
vn 0.8884 0.0260 0.4584
vn -0.5331 0.0267 -0.8457
vn -0.2968 0.7010 -0.6485
vn 0.3083 0.8967 -0.3176
vn 0.6394 0.7476 0.1798
vn -0.7271 -0.0902 -0.6806
vn -0.7119 -0.0621 -0.6995
vn -0.4280 0.6595 -0.6180
vn -0.3494 0.6847 -0.6396
vn 0.5521 0.8099 0.1983
vn 0.7926 0.1486 0.5914
vn 0.7937 0.0969 0.6005
vn 0.6020 0.7784 0.1781
vn 0.0702 0.9639 -0.2569
vn 0.1624 0.9477 -0.2749
vn -0.0742 0.9895 -0.1238
vn -0.5552 0.6472 -0.5223
vn 0.4644 0.8305 0.3077
vn 0.7884 0.1857 0.5865
vn 0.6142 -0.6059 0.5057
vn -0.7429 -0.0920 -0.6631
vn -0.4681 -0.7973 -0.3810
vn -0.9593 0.2796 -0.0401
vn -0.5644 0.6292 0.5344
vn -0.5873 0.6033 0.5395
vn -0.9634 0.2605 -0.0627
vn 0.1517 0.6228 0.7675
vn 0.1192 0.6063 0.7863
vn 0.0794 0.5760 0.8136
vn -0.5795 0.6389 0.5060
vn -0.9218 0.3664 -0.1269
vn 0.6728 -0.7057 0.2222
vn 0.3470 -0.8475 -0.4018
vn 0.3166 -0.8686 -0.3813
vn 0.6481 -0.7253 0.2323
vn -0.1318 -0.5364 -0.8336
vn -0.1453 -0.5520 -0.8211
vn -0.1273 -0.5451 -0.8286
vn 0.4435 -0.7690 -0.4605
vn 0.6615 -0.7173 0.2187
vn 0.9717 -0.2359 0.0155
vn 0.5881 -0.5805 -0.5632
vn 0.5964 -0.5688 -0.5664
vn 0.9746 -0.2204 0.0385
vn -0.1226 -0.5627 -0.8175
vn -0.1113 -0.5457 -0.8306
vn -0.1077 -0.4984 -0.8602
vn 0.5614 -0.6179 -0.5505
vn 0.9371 -0.3340 0.1014
vn -0.7632 -0.2171 -0.6086
vn -0.7432 -0.2158 -0.6333
vn -0.7087 -0.1027 -0.6980
vn 0.7796 0.2694 0.5654
vn 0.7532 0.2803 0.5951
vn 0.7093 0.1955 0.6773
vn 0.7328 0.4908 -0.4713
vn 0.7344 0.0739 0.6746
vn -0.4141 0.3247 -0.8504
vn -0.5321 0.8103 -0.2453
vn -0.1468 0.9524 0.2672
vn 0.2042 0.6496 0.7324
vn -0.5798 0.1806 -0.7945
vn -0.5624 0.1869 -0.8055
vn -0.6161 0.7559 -0.2212
vn -0.5613 0.7944 -0.2320
vn 0.1519 0.6035 0.7828
vn 0.6206 -0.0620 0.7817
vn 0.6279 -0.0730 0.7749
vn 0.1808 0.6324 0.7532
vn -0.3139 0.8719 0.3759
vn -0.2559 0.9044 0.3415
vn 0.1935 0.6488 0.7360
vn 0.7894 0.1824 0.5862
vn 0.7901 0.2145 0.5742
vn 0.1906 0.6338 0.7496
vn 0.9381 -0.3435 0.0434
vn 0.9533 -0.3000 0.0336
vn -0.1297 -0.5669 -0.8135
vn -0.7559 -0.1442 -0.6386
vn -0.7634 -0.1734 -0.6222
vn -0.1320 -0.5651 -0.8144
vn -0.9003 0.4209 -0.1107
vn -0.9293 0.3602 -0.0812
vn 0.5589 -0.6372 -0.5307
vn 0.5707 -0.6158 -0.5432
vn -0.4918 0.7505 0.4415
vn -0.5200 0.7044 0.4832
vn -0.4634 0.7692 0.4400
vn -0.7774 0.6001 -0.1887
vn 0.0895 0.5819 0.8083
vn 0.6480 0.0492 0.7601
vn 0.8053 -0.5632 0.1853
vn -0.6408 0.1002 -0.7611
vn -0.1199 -0.4767 -0.8708
vn 0.4526 -0.7493 -0.4835
vn 0.0859 -0.9908 0.1050
vn 0.7003 -0.6843 -0.2032
vn 0.0371 -0.9971 0.0659
vn 0.0258 -0.9974 0.0679
vn 0.7124 -0.6668 -0.2188
vn -0.6534 -0.6914 0.3084
vn -0.6674 -0.6732 0.3185
vn -0.6245 -0.7126 0.3198
vn 0.0258 -0.9988 0.0416
vn 0.6771 -0.6856 -0.2673
vn -0.4496 0.7396 0.5008
vn 0.1343 0.9815 0.1365
vn 0.1623 0.9710 0.1755
vn -0.4176 0.7403 0.5268
vn 0.6245 0.7023 -0.3418
vn 0.6306 0.7039 -0.3270
vn 0.5915 0.7216 -0.3597
vn 0.0010 0.9984 -0.0563
vn -0.4381 0.7590 0.4817
vn -0.7249 0.6506 0.2263
vn -0.0015 0.9953 -0.0972
vn -0.0266 0.9959 -0.0865
vn -0.7075 0.6697 0.2258
vn 0.7176 0.6124 -0.3318
vn 0.6638 0.6730 -0.3262
vn 0.6275 0.6971 -0.3469
vn -0.0175 0.9973 -0.0710
vn -0.6751 0.6897 0.2617
vn 0.9376 -0.0405 -0.3453
vn 0.9325 0.0113 -0.3610
vn 0.9070 0.0206 -0.4206
vn -0.9289 -0.0252 0.3696
vn -0.9261 -0.0105 0.3770
vn -0.9081 -0.0346 0.4174
vn -0.6082 0.2146 -0.7642
vn -0.9571 -0.0218 0.2891
vn 0.4835 -0.0744 -0.8722
vn 0.2251 -0.7297 -0.6456
vn -0.3339 -0.8553 -0.3963
vn -0.7050 -0.7015 0.1044
vn 0.7417 -0.0617 -0.6679
vn 0.7064 -0.0626 -0.7050
vn 0.3640 -0.7459 -0.5578
vn 0.2744 -0.7405 -0.6135
vn -0.6549 -0.7235 0.2181
vn -0.8337 -0.0123 0.5520
vn -0.8357 0.0037 0.5492
vn -0.6829 -0.7136 0.1563
vn -0.1738 -0.9638 -0.2024
vn -0.2370 -0.9314 -0.2763
vn -0.0471 -0.9966 -0.0674
vn 0.5439 -0.7301 -0.4136
vn -0.6126 -0.7385 0.2815
vn -0.8692 -0.0421 0.4927
vn -0.5739 0.7231 0.3844
vn 0.8269 -0.0350 -0.5613
vn 0.6208 0.6880 -0.3757
vn 0.0560 0.9983 0.0160
vn 0.5429 -0.0658 0.8372
vn 0.9003 -0.4062 0.1562
vn 0.8957 -0.3901 0.2135
vn 0.5155 -0.0207 0.8566
vn 0.6528 -0.4795 -0.5864
vn 0.6674 -0.4996 -0.5523
vn 0.6867 -0.5483 -0.4773
vn 0.9095 -0.3531 0.2195
vn 0.5865 0.0721 0.8067
vn -0.8012 -0.2962 -0.5200
vn -0.9844 0.1754 -0.0097
vn -0.9894 0.1440 0.0174
vn -0.8092 -0.3160 -0.4953
vn -0.6569 0.5797 0.4821
vn -0.6642 0.5611 0.4940
vn -0.6652 0.5739 0.4777
vn -0.9563 0.2737 -0.1025
vn -0.8094 -0.2982 -0.5059
vn -0.4937 0.0233 -0.8693
vn -0.8769 0.4242 -0.2261
vn -0.8793 0.4266 -0.2116
vn -0.5227 0.0185 -0.8523
vn -0.6392 0.5072 0.5781
vn -0.6515 0.5287 0.5440
vn -0.6406 0.5890 0.4927
vn -0.8968 0.3987 -0.1918
vn -0.5948 -0.0575 -0.8018
vn -0.0899 0.2904 0.9527
vn -0.1145 0.3359 0.9349
vn -0.0574 0.4564 0.8879
vn 0.1092 -0.3165 -0.9423
vn 0.1076 -0.3446 -0.9326
vn 0.0896 -0.4504 -0.8883
vn 0.1102 0.7356 -0.6684
vn 0.0074 -0.4593 -0.8882
vn 0.2174 0.8105 0.5440
vn 0.8486 0.3775 0.3707
vn 0.9863 0.0216 -0.1638
vn 0.7139 -0.4366 -0.5475
vn 0.1485 0.6801 0.7179
vn 0.1473 0.6965 0.7023
vn 0.8295 0.3225 0.4559
vn 0.8462 0.3545 0.3980
vn 0.6992 -0.5084 -0.5026
vn -0.0565 -0.6242 -0.7792
vn -0.0703 -0.6194 -0.7819
vn 0.7105 -0.4659 -0.5273
vn 0.9904 -0.1368 -0.0202
vn 0.9939 -0.0839 -0.0714
vn 0.9621 -0.2474 0.1148
vn 0.7402 0.2198 0.6355
vn 0.6993 -0.5490 -0.4578
vn 0.0207 -0.5707 -0.8209
vn -0.7254 -0.2018 -0.6581
vn 0.0929 0.6062 0.7899
vn -0.6188 0.6245 0.4765
vn -0.9507 0.2938 -0.0990
vn -0.5782 0.3441 -0.7398
vn -0.7594 0.6479 -0.0586
vn -0.7572 0.6475 -0.0857
vn -0.5643 0.3353 -0.7544
vn -0.5004 0.5777 0.6449
vn -0.5126 0.5893 0.6245
vn -0.5040 0.6255 0.5956
vn -0.7244 0.6800 -0.1130
vn -0.5331 0.3627 -0.7643
vn 0.3695 -0.5309 0.7626
vn 0.4673 -0.8749 0.1275
vn 0.4272 -0.9011 0.0741
vn 0.3547 -0.5802 0.7332
vn 0.3508 -0.7428 -0.5703
vn 0.3161 -0.7354 -0.5993
vn 0.3253 -0.7105 -0.6240
vn 0.5797 -0.8146 0.0195
vn 0.3813 -0.5976 0.7054
vn 0.5853 -0.3328 0.7394
vn 0.7671 -0.6387 0.0592
vn 0.7660 -0.6372 0.0851
vn 0.5721 -0.3214 0.7546
vn 0.5071 -0.5706 -0.6460
vn 0.5191 -0.5797 -0.6280
vn 0.5108 -0.6012 -0.6145
vn 0.7385 -0.6652 0.1098
vn 0.5427 -0.3312 0.7719
vn -0.0470 -0.1678 -0.9847
vn -0.0311 -0.1789 -0.9834
vn -0.0190 -0.1721 -0.9849
vn 0.0524 0.1768 0.9829
vn 0.0361 0.1917 0.9808
vn 0.0207 0.2121 0.9770
vn 0.8979 0.4352 -0.0659
vn 0.2410 0.2258 0.9439
vn 0.1357 0.1427 -0.9804
vn -0.2572 0.6918 -0.6748
vn -0.2142 0.9766 -0.0183
vn -0.2008 0.7964 0.5704
vn 0.0100 -0.1074 -0.9942
vn 0.0113 -0.0705 -0.9974
vn -0.3221 0.5868 -0.7429
vn -0.2816 0.6514 -0.7045
vn -0.2991 0.7976 0.5237
vn 0.0386 0.2210 0.9745
vn 0.0667 0.1772 0.9819
vn -0.2403 0.8043 0.5435
vn -0.4237 0.8952 -0.1382
vn -0.3517 0.9320 -0.0878
vn 0.4523 -0.5502 0.7019
vn 0.6330 -0.7741 0.0002
vn 0.6765 -0.7364 0.0000
vn 0.4821 -0.5217 0.7039
vn 0.4523 -0.5504 -0.7017
vn 0.4821 -0.5217 -0.7039
vn 0.4927 -0.5148 -0.7016
vn 0.6963 -0.7177 0.0024
vn 0.5007 -0.5028 0.7047
vn -0.4358 0.5499 -0.7125
vn -0.6230 0.7823 -0.0004
vn -0.6637 0.7480 0.0000
vn -0.4671 0.5295 -0.7081
vn -0.4357 0.5504 0.7122
vn -0.4671 0.5295 0.7081
vn -0.4691 0.5318 0.7051
vn -0.6717 0.7408 0.0023
vn -0.4821 0.5231 -0.7028
vn -0.3428 0.7272 0.5947
vn -0.0456 0.1047 0.9935
vn 0.0018 0.0024 1.0000
vn -0.3165 0.6557 0.6855
vn 0.2756 -0.5759 0.7697
vn 0.3099 -0.6289 0.7131
vn 0.3423 -0.6215 0.7047
vn 0.0051 -0.0037 1.0000
vn -0.3365 0.6290 0.7008
vn 0.0155 0.0143 0.9998
vn 0.0541 0.0598 0.9967
vn -0.4533 0.5438 0.7062
vn 0.5446 -0.4498 0.7078
vn 0.5874 -0.3839 0.7124
vn 0.0779 0.1249 0.9891
vn -0.4642 0.5623 0.6844
vn 0.0010 -0.0011 -1.0000
vn -0.0301 -0.0541 -0.9981
vn 0.4934 -0.5336 -0.6869
vn -0.5286 0.4756 -0.7031
vn -0.5778 0.3990 -0.7120
vn -0.0633 -0.1183 -0.9910
vn 0.4874 -0.5508 -0.6776
vn 0.7242 -0.6895 0.0133
vn 0.7526 -0.6582 0.0189
vn -0.6945 0.7194 0.0080
vn -0.7356 0.6774 -0.0112
vn -0.5931 0.7927 -0.1409
vn -0.4380 0.4785 -0.7611
vn -0.4205 0.7270 0.5428
vn 0.0157 0.2503 0.9680
vn 0.4545 -0.4124 0.7895
vn -0.0073 -0.1235 -0.9923
vn 0.4371 -0.6713 -0.5985
vn 0.6107 -0.7803 0.1352
vn 0.1446 -0.7657 -0.6267
vn 0.1417 -0.7525 -0.6432
vn 0.2349 -0.9691 0.0757
vn 0.2326 -0.9712 0.0505
vn 0.1747 -0.7903 -0.5872
vn 0.2609 -0.9555 0.1379
vn 0.2096 -0.5857 0.7830
vn 0.1990 -0.6354 0.7461
vn 0.2078 -0.6920 0.6913
vn -0.3831 0.7474 0.5427
vn -0.4180 0.7321 0.5378
vn -0.5883 0.7945 -0.1507
vn -0.5447 0.8240 -0.1560
vn -0.4033 0.7451 0.5313
vn -0.4341 0.8848 -0.1694
vn -0.4125 0.4920 -0.7666
vn -0.4274 0.4776 -0.7676
vn -0.3936 0.4908 -0.7773
vn -0.1073 0.6887 0.7171
vn -0.1282 0.7561 0.6418
vn -0.2222 0.9717 -0.0807
vn -0.2186 0.9755 -0.0253
vn -0.1527 0.7905 0.5931
vn -0.2446 0.9592 -0.1421
vn -0.1876 0.5797 -0.7929
vn -0.1846 0.6334 -0.7515
vn -0.1853 0.6407 -0.7451
vn -0.0342 -0.0827 -0.9960
vn -0.0309 -0.0982 -0.9947
vn -0.0120 -0.1519 -0.9883
vn 0.0489 0.0813 0.9955
vn 0.0720 -0.0200 0.9972
vn 0.0391 0.1418 0.9891
vn 0.2655 0.2608 0.9282
vn 0.8171 0.5647 -0.1159
vn 0.5531 -0.4361 0.7099
vn 0.7516 -0.6484 0.1210
vn 0.5444 -0.6723 -0.5017
vn 0.2520 -0.1077 -0.9617
vn 0.0601 -0.1835 -0.9812
vn 0.0567 -0.1999 -0.9782
vn 0.5160 -0.6940 -0.5021
vn 0.4545 -0.7284 -0.5128
vn 0.4650 -0.4852 0.7405
vn 0.5247 -0.4559 0.7189
vn 0.0741 0.1983 0.9773
vn 0.0731 0.1799 0.9810
vn 0.6518 -0.7452 0.1406
vn 0.5804 -0.8003 0.1507
vn 0.3072 -0.7876 -0.5342
vn 0.4029 -0.9009 0.1612
vn 0.3257 -0.5469 0.7713
vn 0.0679 0.1532 0.9859
vn -0.2521 0.7790 0.5741
vn -0.2709 0.5210 -0.8095
vn 0.0397 -0.2083 -0.9773
vn -0.3883 0.9066 -0.1649
vn -0.6953 0.1865 -0.6941
vn -0.9849 -0.1558 -0.0757
vn -0.9707 -0.2152 -0.1074
vn -0.6862 0.1280 -0.7161
vn -0.6998 -0.4008 0.5913
vn -0.7063 -0.4219 0.5684
vn -0.7257 -0.3851 0.5702
vn -0.9828 -0.1626 -0.0874
vn -0.7072 0.1683 -0.6867
vn 0.7389 -0.4056 0.5381
vn 0.9920 -0.1169 -0.0481
vn 0.9860 -0.1520 -0.0679
vn 0.7271 -0.4399 0.5270
vn 0.7342 0.2767 -0.6199
vn 0.7450 0.2528 -0.6173
vn 0.7544 0.2645 -0.6008
vn 0.9991 -0.0136 0.0398
vn 0.7277 -0.4257 0.5378
vn 0.6897 -0.1319 0.7120
vn 0.9722 0.2077 0.1085
vn 0.9577 0.2588 0.1258
vn 0.6682 -0.0859 0.7390
vn 0.7073 0.4389 -0.5542
vn 0.6885 0.4678 -0.5543
vn 0.6894 0.4434 -0.5728
vn 0.9733 0.2063 0.1004
vn 0.6791 -0.1306 0.7223
vn 0.0133 0.4321 -0.9017
vn 0.0031 0.4143 -0.9101
vn -0.0182 0.4282 -0.9035
vn -0.0008 -0.3934 0.9194
vn -0.0257 -0.3725 0.9277
vn -0.0369 -0.3790 0.9246
vn 0.1512 0.8423 0.5174
vn -0.0676 -0.2822 0.9570
vn -0.0197 0.7206 -0.6931
vn -0.7320 0.5293 -0.4289
vn -0.9270 0.3290 0.1799
vn -0.7581 -0.1106 0.6427
vn -0.0495 0.5423 -0.8387
vn -0.0171 0.5659 -0.8243
vn -0.7504 0.4433 -0.4904
vn -0.7449 0.4966 -0.4456
vn -0.7581 -0.1803 0.6268
vn -0.0155 -0.4543 0.8907
vn -0.0260 -0.4614 0.8868
vn -0.7587 -0.1408 0.6360
vn -0.9846 0.1629 0.0635
vn -0.9698 0.2205 0.1043
vn -0.7492 -0.3192 0.5803
vn -0.0256 -0.5083 0.8608
vn 0.0008 -0.5077 0.8615
vn -0.7124 -0.3399 0.6140
vn 0.7076 -0.3726 0.6005
vn 0.7026 -0.3727 0.6061
vn 0.7101 -0.3533 0.6090
vn 0.0062 -0.4993 0.8664
vn -0.7144 -0.3374 0.6130
vn 0.6691 0.3736 -0.6424
vn -0.0286 0.5194 -0.8540
vn -0.0018 0.5184 -0.8551
vn 0.7115 0.3523 -0.6080
vn -0.6926 0.3902 -0.6067
vn -0.7019 0.3852 -0.5991
vn -0.7090 0.3756 -0.5968
vn -0.0054 0.5132 -0.8583
vn 0.7158 0.3537 -0.6021
vn 0.9995 -0.0028 -0.0300
vn 0.9998 -0.0207 0.0044
vn 0.9999 -0.0062 0.0122
vn -0.9980 0.0550 -0.0327
vn -0.9994 0.0341 0.0023
vn -0.9996 0.0298 0.0022
vn 0.0178 -0.4547 0.8905
vn -0.7024 -0.3617 0.6130
vn 0.7142 -0.2575 0.6508
vn 0.0078 0.4782 -0.8782
vn 0.7254 0.3784 -0.5750
vn -0.7114 0.3075 -0.6320
vn 0.9952 0.0799 0.0567
vn -0.9992 -0.0360 -0.0196
vn -0.9998 0.0018 -0.0184
vn -0.7446 0.3053 -0.5936
vn -0.7597 -0.2717 0.5908
vn -0.0442 -0.4066 0.9125
vn 0.7180 -0.2775 0.6383
vn -0.0610 0.4899 -0.8696
vn 0.7005 0.3696 -0.6105
vn 0.9992 0.0349 0.0189
vn -0.6981 -0.2001 -0.6875
vn -0.9970 0.0523 0.0571
vn -0.9994 0.0339 0.0004
vn -0.6597 -0.1894 -0.7273
vn -0.6385 0.2440 0.7299
vn -0.6674 0.2196 0.7116
vn -0.7220 0.1564 0.6740
vn -0.9976 0.0646 -0.0251
vn -0.6722 -0.0634 -0.7376
vn 0.7021 -0.3425 0.6244
vn 0.9415 -0.3329 -0.0532
vn 0.9266 -0.3714 -0.0588
vn 0.6952 -0.3729 0.6145
vn 0.7076 -0.1216 -0.6961
vn 0.7036 -0.1445 -0.6958
vn 0.7135 -0.1277 -0.6889
vn 0.9789 -0.2022 -0.0290
vn 0.7052 -0.3547 0.6139
vn 0.6445 0.2078 0.7358
vn 0.9999 0.0062 -0.0087
vn 0.9998 -0.0003 -0.0221
vn 0.6642 0.1823 0.7250
vn 0.6398 -0.2132 -0.7383
vn 0.6675 -0.1867 -0.7208
vn 0.6947 -0.1122 -0.7105
vn 0.9990 -0.0388 -0.0232
vn 0.6845 0.0678 0.7259
vn -0.0199 -0.2949 -0.9553
vn 0.0248 -0.2646 -0.9640
vn 0.0353 -0.1263 -0.9914
vn -0.0103 0.2800 0.9600
vn -0.0227 0.2538 0.9670
vn -0.0611 0.1462 0.9874
vn 0.3623 0.9178 0.1623
vn 0.0075 0.1007 0.9949
vn 0.0197 0.4313 -0.9020
vn -0.6756 0.4974 -0.5442
vn -0.8213 0.5628 0.0929
vn -0.6834 0.2854 0.6719
vn -0.0139 0.2182 -0.9758
vn -0.0025 0.2373 -0.9714
vn -0.7013 0.4065 -0.5855
vn -0.6893 0.4661 -0.5546
vn -0.7106 0.2039 0.6734
vn -0.0298 -0.1037 0.9942
vn -0.0150 -0.1054 0.9943
vn -0.6972 0.2525 0.6710
vn -0.9238 0.3785 0.0573
vn -0.8931 0.4440 0.0717
vn -0.9759 0.2182 0.0042
vn -0.7067 0.2012 -0.6783
vn -0.7379 0.1523 0.6576
vn -0.0659 -0.0076 0.9978
vn 0.7063 -0.1699 0.6872
vn -0.0122 0.1025 -0.9947
vn 0.6940 -0.0679 -0.7167
vn 0.9815 -0.1865 -0.0429
vn -0.3983 -0.6337 -0.6631
vn -0.4609 -0.6243 -0.6307
vn -0.1990 -0.9798 -0.0190
vn -0.1400 -0.9893 -0.0398
vn -0.4186 -0.6424 -0.6419
vn -0.1494 -0.9877 -0.0463
vn 0.2210 -0.7957 0.5639
vn 0.1898 -0.7802 0.5960
vn 0.2088 -0.7688 0.6044
vn 0.2305 0.6517 0.7226
vn 0.2036 0.6500 0.7322
vn -0.1659 0.9634 0.2105
vn -0.1291 0.9728 0.1921
vn 0.2189 0.6578 0.7207
vn -0.0077 0.9915 0.1301
vn -0.3969 0.8054 -0.4403
vn -0.4158 0.7984 -0.4355
vn -0.3926 0.8010 -0.4520
vn 0.4552 0.6253 0.6339
vn 0.5057 0.6095 0.6106
vn 0.2410 0.9705 -0.0045
vn 0.2039 0.9787 0.0231
vn 0.4738 0.6120 0.6333
vn 0.1896 0.9816 0.0242
vn -0.1859 0.7701 -0.6103
vn -0.1495 0.7665 -0.6246
vn -0.1547 0.7790 -0.6076
vn -0.4453 0.1021 -0.8895
vn -0.4140 0.1070 -0.9040
vn -0.4413 0.0863 -0.8932
vn 0.4858 -0.1211 0.8657
vn 0.4555 -0.0966 0.8850
vn 0.4893 -0.1367 0.8613
vn 0.6850 -0.1309 0.7166
vn 0.8716 0.2295 -0.4332
vn 0.5140 -0.7919 0.3298
vn 0.3529 -0.8863 -0.2998
vn -0.0609 -0.6541 -0.7540
vn -0.2116 0.0840 -0.9737
vn -0.4081 0.0936 -0.9081
vn -0.4171 0.0817 -0.9052
vn -0.0938 -0.6627 -0.7430
vn -0.1508 -0.6670 -0.7297
vn 0.4419 -0.8090 0.3876
vn 0.4855 -0.8015 0.3491
vn 0.5212 -0.1291 0.8436
vn 0.5124 -0.1411 0.8471
vn 0.2357 -0.9405 -0.2446
vn 0.1715 -0.9618 -0.2132
vn 0.2809 -0.7243 0.6296
vn 0.2001 -0.7405 0.6416
vn 0.0725 -0.0380 0.9966
vn 0.1244 -0.0023 0.9922
vn 0.1909 -0.7559 0.6263
vn 0.1174 -0.0518 0.9917
vn 0.0057 0.6264 0.7795
vn -0.0731 0.6222 0.7794
vn -0.0812 0.6507 0.7549
vn -0.2683 0.7172 -0.6431
vn -0.1903 0.7416 -0.6433
vn -0.0656 0.0422 -0.9970
vn -0.1346 0.0158 -0.9908
vn -0.1799 0.7695 -0.6128
vn -0.0956 0.0604 -0.9936
vn 0.0507 -0.6147 -0.7871
vn 0.0889 -0.6130 -0.7851
vn 0.0657 -0.6344 -0.7702
vn -0.1849 0.9724 0.1420
vn -0.2369 0.9642 0.1192
vn -0.1194 0.9800 0.1591
vn 0.2041 -0.9672 -0.1512
vn 0.2405 -0.9588 -0.1515
vn 0.1669 -0.9731 -0.1586
vn 0.2049 -0.7410 0.6395
vn 0.2958 -0.0527 0.9538
vn 0.2456 0.6446 0.7240
vn -0.1751 0.8005 -0.5732
vn -0.2611 0.0976 -0.9604
vn -0.1492 -0.6445 -0.7499
vn 0.0495 0.9918 0.1175
vn 0.0365 -0.9945 -0.0982
vn -0.2823 -0.6713 -0.6853
vn 0.0089 -0.9914 -0.1307
vn 0.3306 -0.8182 0.4703
vn 0.5077 -0.1612 0.8463
vn 0.3581 0.6289 0.6901
vn -0.2961 0.7857 -0.5432
vn -0.4212 0.0614 -0.9049
vn 0.0198 0.9931 0.1157
vn -0.3563 -0.7319 -0.5809
vn -0.1205 -0.7006 -0.7033
vn 0.1475 -0.9838 -0.1021
vn -0.0618 -0.9975 0.0355
vn 0.3539 -0.7391 0.5731
vn 0.2793 -0.7267 0.6277
vn 0.3554 0.7049 0.6138
vn 0.0729 0.6990 0.7114
vn -0.1933 0.9789 0.0665
vn 0.0264 0.9992 -0.0292
vn -0.3385 0.6772 -0.6533
vn -0.3035 0.6839 -0.6634
vn -0.3070 -0.0335 -0.9511
vn -0.4551 -0.0423 -0.8894
vn 0.3239 -0.0108 0.9460
vn 0.4687 -0.0228 0.8830
vn 0.1439 -0.7288 0.6694
vn 0.1946 -0.6996 0.6876
vn 0.4896 -0.0043 0.8719
vn 0.4724 -0.0658 0.8789
vn 0.4803 0.6981 0.5309
vn 0.5117 0.6611 0.5487
vn -0.1993 0.6520 -0.7316
vn -0.2010 0.6894 -0.6959
vn -0.4814 -0.0167 -0.8764
vn -0.4959 -0.0782 -0.8648
vn -0.4766 -0.7082 -0.5209
vn -0.4878 -0.7369 -0.4680
vn 0.1900 0.9753 -0.1125
vn 0.2242 0.9657 -0.1314
vn -0.2002 -0.9726 0.1181
vn -0.2298 -0.9639 0.1345
vn 0.6198 -0.1964 -0.7598
vn 0.5988 -0.1660 -0.7835
vn 0.8240 -0.5410 -0.1683
vn 0.8203 -0.5460 -0.1700
vn 0.6307 -0.1380 -0.7637
vn 0.8546 -0.4961 -0.1532
vn 0.6149 -0.5695 0.5456
vn 0.5828 -0.6035 0.5441
vn 0.6045 -0.6141 0.5075
vn -0.7278 -0.0337 0.6850
vn -0.7381 -0.0582 0.6722
vn -0.9835 0.1753 0.0459
vn -0.9747 0.2156 0.0593
vn -0.7370 -0.0377 0.6749
vn -0.9352 0.3395 0.1006
vn -0.7218 0.3761 -0.5810
vn -0.7229 0.3580 -0.5910
vn -0.7124 0.3853 -0.5865
vn -0.5624 0.1529 0.8126
vn -0.5871 0.1762 0.7901
vn -0.8153 0.5528 0.1723
vn -0.8131 0.5558 0.1733
vn -0.6012 0.1503 0.7849
vn -0.8421 0.5151 0.1596
vn -0.5850 0.5917 -0.5547
vn -0.5710 0.6156 -0.5432
vn -0.5457 0.6100 -0.5746
vn 0.0187 0.3178 -0.9480
vn 0.0598 0.2874 -0.9559
vn 0.0349 0.3200 -0.9468
vn -0.0043 -0.3081 0.9514
vn 0.0369 -0.3376 0.9406
vn 0.0120 -0.3057 0.9521
vn 0.1226 -0.0785 0.9893
vn 0.1952 0.9308 0.3091
vn 0.7791 -0.2251 0.5852
vn 0.9991 0.0341 0.0233
vn 0.7932 0.1612 -0.5872
vn 0.1447 0.5240 -0.8393
vn 0.0548 0.3612 -0.9309
vn 0.0621 0.3481 -0.9354
vn 0.7873 0.1296 -0.6028
vn 0.7688 0.0814 -0.6343
vn 0.7542 -0.3171 0.5750
vn 0.7731 -0.2598 0.5787
vn 0.0319 -0.2633 0.9642
vn 0.0392 -0.2765 0.9602
vn 0.9949 -0.0992 -0.0207
vn 0.9842 -0.1715 -0.0446
vn 0.7147 -0.0372 -0.6984
vn 0.9326 -0.3461 -0.1028
vn 0.6996 -0.4502 0.5549
vn 0.0521 -0.2913 0.9552
vn -0.6590 0.0567 0.7500
vn -0.6429 0.4961 -0.5836
vn 0.0750 0.3332 -0.9399
vn -0.9238 0.3667 0.1097
vn 0.0103 -0.0035 -0.9999
vn 0.0079 0.0021 -1.0000
vn 0.0104 -0.0031 0.9999
vn 0.0079 0.0021 1.0000
vn -0.3256 0.6720 -0.6651
vn -0.4309 0.9008 -0.0527
vn -0.4396 0.8973 -0.0411
vn -0.3062 0.6156 -0.7261
vn -0.4753 0.8796 -0.0166
vn -0.3344 0.6118 -0.7168
vn 0.4303 -0.9020 0.0352
vn 0.4416 -0.8969 0.0253
vn 0.2939 -0.6215 -0.7262
vn 0.3220 -0.6597 -0.6791
vn 0.3465 -0.6335 -0.6918
vn 0.4825 -0.8759 0.0096
vn -0.5471 0.8370 -0.0040
vn -0.3827 0.5892 0.7116
vn -0.3829 0.5847 -0.7152
vn 0.5576 -0.8301 0.0020
vn 0.3991 -0.5946 -0.6980
vn 0.3985 -0.5920 0.7006
vn 0.0098 -0.0111 -0.9999
vn 0.0079 -0.0197 -0.9998
vn 0.0100 -0.0073 0.9999
vn -0.0281 0.0495 -0.9984
vn 0.0131 -0.0364 -0.9993
vn -0.6643 0.0750 -0.7437
vn -0.8819 0.4490 -0.1434
vn -0.8776 0.4623 -0.1269
vn -0.6614 0.0770 -0.7460
vn -0.6095 0.5734 0.5475
vn -0.5830 0.5773 0.5718
vn -0.5534 0.6388 0.5345
vn -0.8413 0.5189 -0.1511
vn -0.6514 0.1131 -0.7503
vn 0.5643 -0.1576 0.8104
vn 0.5210 -0.7847 0.3358
vn 0.4871 -0.8023 0.3450
vn 0.5634 -0.1580 0.8110
vn 0.2605 -0.9293 -0.2620
vn 0.2291 -0.9436 -0.2390
vn 0.2681 -0.9288 -0.2557
vn 0.7181 -0.6301 0.2954
vn 0.6039 -0.1485 0.7831
vn 0.6546 -0.0815 0.7516
vn 0.8742 -0.4727 0.1114
vn 0.8728 -0.4699 0.1322
vn 0.6547 -0.0835 0.7513
vn 0.5560 -0.5781 -0.5972
vn 0.5780 -0.5854 -0.5685
vn 0.5492 -0.6324 -0.5463
vn 0.8431 -0.5128 0.1620
vn 0.6381 -0.0858 0.7652
vn -0.0810 -0.3445 -0.9353
vn -0.0613 -0.3563 -0.9324
vn -0.0784 -0.3663 -0.9272
vn 0.0342 0.3561 0.9338
vn 0.0550 0.3495 0.9353
vn 0.0610 0.3915 0.9182
vn 0.8201 0.3366 -0.4627
vn 0.4140 0.7292 0.5448
vn -0.0078 -0.3173 -0.9483
vn -0.4063 0.3196 -0.8560
vn -0.2376 0.8658 -0.4404
vn -0.1133 0.9863 0.1201
vn -0.1676 -0.5286 -0.8321
vn -0.1689 -0.5548 -0.8146
vn -0.4821 0.2881 -0.8274
vn -0.4472 0.3036 -0.8413
vn -0.2138 0.9536 0.2117
vn 0.2138 0.6414 0.7368
vn 0.2513 0.6708 0.6978
vn -0.1493 0.9777 0.1475
vn -0.4595 0.8169 -0.3487
vn -0.3831 0.8438 -0.3759
vn -0.6777 0.6941 -0.2429
vn -0.5807 0.2411 -0.7776
vn -0.4097 0.8253 0.3885
vn 0.1171 0.5518 0.8257
vn 0.5937 -0.0840 0.8003
vn -0.1351 -0.4137 -0.9003
vn 0.4095 -0.8102 -0.4195
vn 0.6945 -0.6668 0.2703
vn -0.3280 -0.6885 -0.6468
vn -0.7499 -0.6604 -0.0395
vn -0.7604 -0.6490 -0.0244
vn -0.3288 -0.6854 -0.6497
vn -0.7548 -0.2637 0.6006
vn -0.7481 -0.2345 0.6207
vn -0.7943 -0.1898 0.5770
vn -0.7995 -0.5981 -0.0559
vn -0.3585 -0.6633 -0.6569
vn 0.3676 0.5756 0.7304
vn 0.9269 0.2321 0.2951
vn 0.9305 0.1958 0.3096
vn 0.3677 0.5747 0.7311
vn 0.9560 -0.1476 -0.2537
vn 0.9577 -0.1783 -0.2260
vn 0.9585 -0.1395 -0.2486
vn 0.8576 0.4646 0.2207
vn 0.3738 0.6113 0.6975
vn 0.3304 0.6783 0.6563
vn 0.7685 0.6397 0.0100
vn 0.7657 0.6425 0.0307
vn 0.3323 0.6776 0.6561
vn 0.7385 0.2058 -0.6421
vn 0.7538 0.2273 -0.6165
vn 0.7867 0.1866 -0.5884
vn 0.7945 0.6036 0.0661
vn 0.3284 0.6635 0.6722
vn 0.2783 -0.3392 -0.8986
vn 0.2967 -0.3252 -0.8979
vn 0.2995 -0.3439 -0.8900
vn -0.3067 0.3006 0.9031
vn -0.2927 0.3173 0.9020
vn -0.3295 0.3361 0.8823
vn -0.0076 0.8098 -0.5867
vn -0.5133 0.7314 0.4489
vn 0.2806 -0.2640 -0.9228
vn -0.4585 -0.3770 -0.8048
vn -0.8963 0.0426 -0.4415
vn -0.9548 0.2831 0.0904
vn 0.4173 -0.4725 -0.7763
vn 0.4413 -0.4810 -0.7576
vn -0.4576 -0.4540 -0.7645
vn -0.4590 -0.4182 -0.7839
vn -0.9615 0.1921 0.1965
vn -0.5053 0.5432 0.6705
vn -0.5189 0.5828 0.6253
vn -0.9602 0.2509 0.1229
vn -0.9336 -0.1656 -0.3177
vn -0.9300 -0.0895 -0.3565
vn -0.9010 -0.3960 -0.1773
vn -0.4507 -0.5547 -0.6994
vn -0.9146 -0.0096 0.4043
vn -0.4579 0.4340 0.7759
vn 0.3104 0.6287 0.7130
vn 0.3223 -0.4096 -0.8534
vn 0.9001 0.0106 -0.4356
vn 0.8823 0.4256 0.2008
vn 0.0688 0.1587 0.9849
vn -0.4842 0.5695 0.6643
vn 0.5940 -0.3501 0.7243
vn -0.0614 -0.1506 -0.9867
vn 0.4941 -0.5616 -0.6636
vn -0.5867 0.3616 -0.7246
vn 0.7638 -0.6445 0.0348
vn -0.7547 0.6553 -0.0329
vn -0.7095 -0.6748 -0.2032
vn -0.9978 -0.0005 0.0659
vn -0.9976 0.0108 0.0679
vn -0.6924 -0.6875 -0.2188
vn -0.6670 0.6783 0.3084
vn -0.6483 0.6916 0.3185
vn -0.6892 0.6502 0.3198
vn -0.9991 0.0108 0.0416
vn -0.7100 -0.6515 -0.2673
vn 0.7556 0.4222 0.5008
vn 0.9759 -0.1701 0.1365
vn 0.9644 -0.1978 0.1755
vn 0.7551 0.3902 0.5268
vn 0.6789 -0.6498 -0.3418
vn 0.6803 -0.6560 -0.3270
vn 0.6995 -0.6175 -0.3597
vn 0.9977 -0.0376 -0.0564
vn 0.7745 0.4100 0.4817
vn 0.6767 0.7006 0.2263
vn 0.9947 -0.0350 -0.0972
vn 0.9962 -0.0099 -0.0865
vn 0.6951 0.6825 0.2258
vn 0.5857 -0.7395 -0.3318
vn 0.6483 -0.6880 -0.3262
vn 0.6736 -0.6526 -0.3469
vn 0.9973 -0.0191 -0.0710
vn 0.7140 0.6494 0.2617
vn -0.0748 -0.9355 -0.3453
vn -0.0229 -0.9323 -0.3610
vn -0.0126 -0.9072 -0.4206
vn 0.0088 0.9292 0.3696
vn 0.0234 0.9259 0.3770
vn -0.0013 0.9087 0.4174
vn 0.2368 0.5999 -0.7642
vn 0.0133 0.9572 0.2891
vn -0.0921 -0.4804 -0.8722
vn -0.7375 -0.1983 -0.6456
vn -0.8425 0.3650 -0.3963
vn -0.6752 0.7302 0.1044
vn -0.0888 -0.7390 -0.6679
vn -0.0884 -0.7036 -0.7051
vn -0.7587 -0.3364 -0.5579
vn -0.7500 -0.2471 -0.6135
vn -0.6991 0.6810 0.2181
vn 0.0183 0.8336 0.5520
vn 0.0343 0.8350 0.5492
vn -0.6881 0.7085 0.1563
vn -0.9567 0.2090 -0.2024
vn -0.9221 0.2709 -0.2763
vn -0.9942 0.0836 -0.0674
vn -0.7496 -0.5168 -0.4136
vn -0.7156 0.6393 0.2815
vn -0.0102 0.8701 0.4927
vn 0.7436 0.5471 0.3844
vn -0.0652 -0.8251 -0.5613
vn 0.6648 -0.6456 -0.3757
vn 0.9956 -0.0925 0.0160
vn -0.0857 -0.5401 0.8372
vn -0.4389 -0.8849 0.1562
vn -0.4227 -0.8808 0.2135
vn -0.0395 -0.5144 0.8566
vn -0.5031 -0.6349 -0.5864
vn -0.5237 -0.6486 -0.5523
vn -0.5731 -0.6662 -0.4772
vn -0.3862 -0.8959 0.2195
vn 0.0506 -0.5887 0.8067
vn -0.2666 0.8115 -0.5200
vn 0.2113 0.9774 -0.0097
vn 0.1801 0.9835 0.0174
vn -0.2862 0.8202 -0.4953
vn 0.6034 0.6352 0.4821
vn 0.5851 0.6432 0.4940
vn 0.5978 0.6438 0.4777
vn 0.3085 0.9457 -0.1025
vn -0.2684 0.8198 -0.5059
vn 0.0413 0.4925 -0.8693
vn 0.4560 0.8608 -0.2261
vn 0.4585 0.8631 -0.2116
vn 0.0377 0.5217 -0.8523
vn 0.5303 0.6202 0.5781
vn 0.5522 0.6317 0.5440
vn 0.6120 0.6186 0.4927
vn 0.4313 0.8816 -0.1918
vn -0.0357 0.5966 -0.8018
vn 0.2935 0.0792 0.9527
vn 0.3399 0.1022 0.9349
vn 0.4582 0.0406 0.8879
vn -0.3203 -0.0976 -0.9423
vn -0.3483 -0.0949 -0.9326
vn -0.4534 -0.0731 -0.8883
vn 0.7311 -0.1371 -0.6684
vn -0.4593 0.0093 -0.8882
vn 0.8020 -0.2469 0.5440
vn 0.3462 -0.8618 0.3708
vn -0.0145 -0.9864 -0.1637
vn -0.4624 -0.6975 -0.5475
vn 0.6743 -0.1733 0.7179
vn 0.6906 -0.1727 0.7023
vn 0.2919 -0.8408 0.4559
vn 0.3232 -0.8586 0.3980
vn -0.5336 -0.6802 -0.5026
vn -0.6217 0.0793 -0.7792
vn -0.6164 0.0929 -0.7819
vn -0.4916 -0.6930 -0.5274
vn -0.1730 -0.9847 -0.0202
vn -0.1202 -0.9902 -0.0714
vn -0.2824 -0.9524 0.1148
vn 0.1925 -0.7477 0.6355
vn -0.5743 -0.6787 -0.4577
vn -0.5711 0.0002 -0.8209
vn -0.1751 0.7323 -0.6581
vn 0.6024 -0.1150 0.7899
vn 0.6468 0.5955 0.4764
vn 0.3284 0.9393 -0.0990
vn -0.7102 -0.5299 -0.4635
vn -0.5937 -0.7616 0.2599
vn -0.6187 -0.7459 0.2466
vn -0.7223 -0.5068 -0.4707
vn -0.1297 -0.5565 0.8207
vn -0.1615 -0.5554 0.8157
vn -0.2119 -0.5388 0.8153
vn -0.6640 -0.7054 0.2479
vn -0.7541 -0.4707 -0.4581
vn 0.8847 0.3045 0.3530
vn 0.8206 0.4442 -0.3594
vn 0.8105 0.4078 -0.4204
vn 0.9083 0.2912 0.3003
vn 0.3159 0.3817 -0.8686
vn 0.2918 0.3492 -0.8904
vn 0.2579 0.3606 -0.8964
vn 0.7165 0.5651 -0.4090
vn 0.9086 0.3195 0.2690
vn 0.7290 0.5140 0.4521
vn 0.6116 0.7438 -0.2695
vn 0.6192 0.7457 -0.2459
vn 0.7210 0.5063 0.4731
vn 0.1512 0.5381 -0.8292
vn 0.1616 0.5535 -0.8170
vn 0.1831 0.5460 -0.8175
vn 0.6519 0.7185 -0.2423
vn 0.7341 0.4787 0.4815
vn -0.3965 0.0155 -0.9179
vn -0.3964 0.0364 -0.9173
vn -0.4069 0.0511 -0.9121
vn 0.4179 -0.0309 0.9080
vn 0.3949 -0.0385 0.9179
vn 0.3709 -0.0494 0.9273
vn -0.3496 0.9064 0.2373
vn 0.3521 0.1735 0.9198
vn -0.6576 0.2100 -0.7235
vn -0.9630 -0.1968 -0.1843
vn -0.8306 -0.1985 0.5202
vn -0.3524 -0.2313 0.9068
vn -0.4648 0.0821 -0.8816
vn -0.4972 0.0841 -0.8636
vn -0.9175 -0.2579 -0.3029
vn -0.9474 -0.2194 -0.2328
vn -0.3846 -0.3259 0.8636
vn 0.3623 -0.0306 0.9315
vn 0.4042 -0.0038 0.9147
vn -0.3760 -0.2686 0.8868
vn -0.8411 -0.3997 0.3643
vn -0.8397 -0.3311 0.4305
vn -0.7667 -0.5699 0.2956
vn -0.8440 -0.3736 -0.3847
vn -0.3220 -0.4493 0.8333
vn 0.3333 -0.0525 0.9414
vn 0.8060 0.3889 0.4462
vn -0.4514 0.0645 -0.8900
vn 0.2456 0.4708 -0.8474
vn 0.7542 0.5879 -0.2924
vn 0.2925 0.1799 -0.9392
vn 0.2723 0.1784 -0.9455
vn 0.8574 0.2150 -0.4675
vn 0.8451 0.2146 -0.4897
vn 0.3366 0.2066 -0.9187
vn 0.8823 0.2365 -0.4070
vn 0.9329 0.1428 0.3306
vn 0.9530 0.1342 0.2718
vn 0.9698 0.1463 0.1952
vn -0.3369 -0.4117 0.8468
vn -0.3288 -0.4464 0.8322
vn -0.7734 -0.5643 0.2888
vn -0.7985 -0.5201 0.3032
vn -0.3424 -0.4310 0.8349
vn -0.8505 -0.4079 0.3321
vn -0.8570 -0.3477 -0.3804
vn -0.8464 -0.3626 -0.3901
vn -0.8609 -0.3280 -0.3889
vn -0.1763 -0.1504 0.9728
vn -0.2753 -0.1647 0.9471
vn -0.8617 -0.2020 0.4655
vn -0.8338 -0.2024 0.5136
vn -0.3323 -0.1851 0.9248
vn -0.8868 -0.2199 0.4065
vn -0.9323 -0.1201 -0.3410
vn -0.9535 -0.1195 -0.2766
vn -0.9561 -0.1206 -0.2672
vn -0.4887 0.0385 -0.8716
vn -0.4750 0.0415 -0.8790
vn -0.4259 0.0591 -0.9028
vn 0.4903 -0.0239 0.8712
vn 0.5764 -0.0023 0.8172
vn 0.4361 -0.0323 0.8993
vn 0.3156 0.1997 0.9276
vn -0.4890 0.8313 0.2641
vn 0.7864 0.4928 0.3724
vn 0.6445 0.7314 -0.2228
vn 0.3061 0.5706 -0.7621
vn -0.4337 0.3210 -0.8419
vn -0.3919 0.1300 -0.9108
vn -0.3768 0.1262 -0.9176
vn 0.3223 0.5420 -0.7761
vn 0.3415 0.4809 -0.8075
vn 0.8396 0.4020 0.3654
vn 0.8064 0.4635 0.3672
vn 0.3846 0.0042 0.9231
vn 0.4018 0.0028 0.9157
vn 0.7304 0.6291 -0.2661
vn 0.7778 0.5563 -0.2925
vn 0.3708 0.3348 -0.8662
vn 0.8576 0.3772 -0.3497
vn 0.9004 0.2599 0.3489
vn 0.4264 -0.0032 0.9045
vn -0.3385 -0.2829 0.8974
vn -0.8973 -0.2028 -0.3921
vn -0.3703 0.1091 -0.9225
vn -0.8637 -0.3623 0.3505
vn 0.8582 -0.0198 0.5129
vn 0.9228 -0.3464 -0.1688
vn 0.9182 -0.3618 -0.1614
vn 0.8570 -0.0320 0.5143
vn 0.4594 -0.4627 -0.7582
vn 0.4610 -0.4720 -0.7514
vn 0.4850 -0.4384 -0.7567
vn 0.9332 -0.3101 -0.1817
vn 0.8760 0.0071 0.4822
vn -0.9068 -0.2486 -0.3404
vn -0.9526 0.0248 0.3032
vn -0.9476 -0.0123 0.3193
vn -0.8983 -0.2851 -0.3342
vn -0.4980 0.3287 0.8025
vn -0.5127 0.3069 0.8018
vn -0.5239 0.3212 0.7889
vn -0.9651 0.1349 0.2246
vn -0.8993 -0.2701 -0.3438
vn -0.8443 0.0646 -0.5320
vn -0.9077 0.3927 0.1477
vn -0.9035 0.4044 0.1420
vn -0.8388 0.0727 -0.5395
vn -0.4464 0.5068 0.7375
vn -0.4402 0.5158 0.7350
vn -0.4403 0.4904 0.7521
vn -0.9204 0.3529 0.1685
vn -0.8522 0.0289 -0.5224
vn 0.2900 0.3352 0.8964
vn 0.2952 0.3345 0.8950
vn 0.3161 0.3457 0.8835
vn -0.2779 -0.2955 -0.9140
vn -0.2714 -0.2951 -0.9161
vn -0.2610 -0.3035 -0.9164
vn -0.1396 0.8948 -0.4241
vn -0.2243 -0.2098 -0.9517
vn 0.3112 0.6510 0.6924
vn 0.8925 0.3806 0.2420
vn 0.8914 0.2046 -0.4044
vn 0.5417 -0.1666 -0.8239
vn 0.3479 0.4589 0.8175
vn 0.3172 0.4881 0.8132
vn 0.9117 0.2880 0.2929
vn 0.9037 0.3451 0.2534
vn 0.5345 -0.2366 -0.8114
vn -0.2849 -0.3773 -0.8812
vn -0.2751 -0.3862 -0.8804
vn 0.5392 -0.1969 -0.8189
vn 0.9491 0.0229 -0.3142
vn 0.9339 0.0851 -0.3473
vn 0.3078 -0.5726 -0.7599
vn -0.3880 -0.2540 -0.8860
vn -0.3479 -0.2892 -0.8918
vn 0.3779 -0.5232 -0.7639
vn -0.8458 0.2296 -0.4815
vn -0.8639 0.1202 -0.4891
vn -0.8549 0.0733 -0.5135
vn -0.3068 -0.3063 -0.9011
vn 0.4256 -0.4985 -0.7552
vn -0.2665 0.5755 0.7732
vn 0.4217 0.2309 0.8768
vn 0.3592 0.2894 0.8872
vn -0.3656 0.5300 0.7652
vn 0.8581 -0.2342 0.4570
vn 0.8687 -0.1177 0.4812
vn 0.8619 -0.0639 0.5030
vn 0.3178 0.3139 0.8947
vn -0.4150 0.5113 0.7525
vn -0.7913 0.5758 0.2057
vn -0.8678 0.4576 0.1939
vn -0.8962 0.4101 0.1691
vn 0.8064 -0.5536 -0.2079
vn 0.8721 -0.4484 -0.1959
vn 0.9015 -0.3957 -0.1754
vn -0.2822 -0.3039 -0.9099
vn 0.4555 -0.4688 -0.7568
vn -0.8485 0.0541 -0.5264
vn 0.2980 0.3288 0.8962
vn -0.4412 0.5000 0.7453
vn 0.8615 -0.0260 0.5070
vn -0.9097 0.3847 0.1565
vn 0.9201 -0.3516 -0.1725
vn 0.9584 -0.1448 -0.2459
vn 0.9102 0.1444 0.3882
vn 0.5304 -0.3299 -0.7809
vn -0.2553 -0.3327 -0.9078
vn -0.8917 -0.1172 -0.4372
vn 0.3583 0.4031 0.8421
vn -0.4532 0.4162 0.7883
vn -0.9520 0.1810 0.2468
vn -0.2547 -0.6480 -0.7178
vn -0.0644 -0.9977 0.0231
vn -0.0809 -0.9961 -0.0342
vn -0.2836 -0.6066 -0.7427
vn 0.1710 -0.6873 0.7060
vn 0.1794 -0.7152 0.6755
vn 0.2080 -0.7677 0.6062
vn -0.1205 -0.9920 -0.0380
vn -0.3945 -0.6165 -0.6814
vn 0.6691 0.6490 0.3620
vn 0.2961 0.9381 -0.1799
vn 0.3241 0.9231 -0.2070
vn 0.6884 0.6425 0.3365
vn -0.2499 0.7555 -0.6057
vn -0.2309 0.7511 -0.6185
vn -0.2405 0.7608 -0.6028
vn 0.2033 0.9754 -0.0848
vn 0.6736 0.6528 0.3466
vn 0.2723 0.5911 0.7592
vn 0.0432 0.9978 0.0498
vn 0.0410 0.9985 0.0351
vn 0.2885 0.6112 0.7371
vn -0.2011 0.6897 -0.6956
vn -0.2119 0.7164 -0.6648
vn -0.2663 0.7438 -0.6131
vn 0.0722 0.9973 0.0126
vn 0.3850 0.6297 0.6748
vn -0.2894 0.0468 -0.9561
vn -0.3170 0.0924 -0.9439
vn -0.4463 0.1068 -0.8885
vn 0.3028 -0.0775 0.9499
vn 0.3277 -0.0908 0.9404
vn 0.4262 -0.1320 0.8949
vn -0.6506 0.3622 0.6675
vn 0.4718 -0.0648 0.8793
vn -0.8592 0.0925 -0.5032
vn -0.7514 -0.6264 -0.2075
vn -0.4581 -0.8180 0.3480
vn 0.1019 -0.7272 0.6788
vn -0.7256 0.0615 -0.6853
vn -0.7384 0.0728 -0.6704
vn -0.7005 -0.6503 -0.2940
vn -0.7320 -0.6398 -0.2344
vn 0.1689 -0.7556 0.6329
vn 0.6387 -0.1048 0.7623
vn 0.6410 -0.0901 0.7623
vn 0.1280 -0.7413 0.6588
vn -0.3307 -0.9201 0.2099
vn -0.3753 -0.8897 0.2601
vn -0.2302 -0.9704 0.0734
vn -0.5824 -0.6516 -0.4860
vn 0.2013 -0.7823 0.5894
vn 0.5592 -0.1397 0.8172
vn 0.5614 0.6510 0.5108
vn -0.6402 0.0630 -0.7656
vn -0.3065 0.7442 -0.5935
vn 0.1826 0.9793 -0.0873
vn -0.4147 -0.1859 0.8908
vn -0.3847 -0.1597 0.9091
vn -0.8193 -0.4472 0.3589
vn -0.8154 -0.4539 0.3594
vn -0.4200 -0.1207 0.8995
vn -0.8491 -0.3920 0.3541
vn -0.8085 -0.4423 -0.3882
vn -0.7787 -0.4859 -0.3968
vn -0.7910 -0.4974 -0.3563
vn 0.5147 -0.0832 -0.8533
vn 0.5237 -0.1096 -0.8448
vn 0.9545 0.0338 -0.2964
vn 0.9493 0.0755 -0.3053
vn 0.5252 -0.0890 -0.8463
vn 0.9211 0.2072 -0.3296
vn 0.8967 0.2186 0.3850
vn 0.8973 0.1997 0.3936
vn 0.8908 0.2281 0.3931
vn 0.3699 0.1159 -0.9218
vn 0.4014 0.1344 -0.9060
vn 0.8338 0.4214 -0.3568
vn 0.8326 0.4234 -0.3570
vn 0.4078 0.1116 -0.9062
vn 0.8527 0.3847 -0.3534
vn 0.8029 0.4387 0.4035
vn 0.7945 0.4598 0.3968
vn 0.7786 0.4542 0.4329
vn 0.2896 0.2206 0.9314
vn 0.2488 0.1950 0.9487
vn 0.2700 0.2302 0.9349
vn -0.2722 -0.2445 -0.9307
vn -0.3123 -0.2695 -0.9110
vn -0.2918 -0.2349 -0.9272
vn -0.3810 0.0213 -0.9243
vn -0.1144 0.9714 -0.2081
vn -0.9279 -0.0610 -0.3677
vn -0.9532 0.1806 0.2425
vn -0.5811 0.2261 0.7818
vn 0.1600 0.4691 0.8686
vn 0.2426 0.2880 0.9264
vn 0.2351 0.2753 0.9322
vn -0.5767 0.1927 0.7939
vn -0.5585 0.1395 0.8177
vn -0.9163 -0.1567 -0.3684
vn -0.9262 -0.0966 -0.3645
vn -0.3179 -0.1761 -0.9316
vn -0.3257 -0.1889 -0.9264
vn -0.9595 0.0449 0.2782
vn -0.9548 -0.0303 0.2956
vn -0.5067 0.0045 0.8621
vn -0.9173 -0.2201 0.3317
vn -0.8783 -0.3031 -0.3697
vn -0.3353 -0.2068 -0.9191
vn 0.4501 0.0165 -0.8928
vn 0.8440 0.3426 0.4127
vn 0.2255 0.2575 0.9396
vn 0.9140 0.2312 -0.3335
vn 0.3660 -0.7794 0.5085
vn 0.6185 -0.7632 -0.1868
vn 0.6265 -0.7523 -0.2037
vn 0.3680 -0.7767 0.5112
vn 0.5246 -0.3205 -0.7887
vn 0.5178 -0.2890 -0.8052
vn 0.5802 -0.2553 -0.7734
vn 0.6800 -0.7104 -0.1816
vn 0.4017 -0.7598 0.5112
vn -0.4432 0.6807 -0.5833
vn -0.9214 0.3875 -0.0303
vn -0.9344 0.3534 -0.0449
vn -0.4436 0.6798 -0.5840
vn -0.8710 -0.0275 0.4906
vn -0.8846 -0.0553 0.4631
vn -0.8734 -0.0187 0.4866
vn -0.7989 0.6006 0.0326
vn -0.4351 0.7141 -0.5485
vn -0.3724 0.7705 -0.5174
vn -0.6321 0.7432 0.2194
vn -0.6342 0.7472 0.1988
vn -0.3742 0.7700 -0.5167
vn -0.5078 0.2576 0.8220
vn -0.5255 0.2832 0.8023
vn -0.5706 0.2501 0.7822
vn -0.6770 0.7159 0.1706
vn -0.3769 0.7569 -0.5339
vn -0.0918 -0.3676 0.9254
vn -0.1073 -0.3510 0.9302
vn -0.1150 -0.3684 0.9225
vn 0.1115 0.3257 -0.9389
vn 0.1012 0.3442 -0.9334
vn 0.1443 0.3557 -0.9234
vn 0.2871 0.7494 0.5967
vn 0.4935 0.6834 -0.5379
vn -0.0757 -0.2950 0.9525
vn 0.5809 -0.5041 0.6391
vn 0.9737 -0.1242 0.1908
vn 0.9333 0.1479 -0.3273
vn -0.2770 -0.4688 0.8388
vn -0.3060 -0.4722 0.8267
vn 0.5573 -0.5766 0.5974
vn 0.5694 -0.5431 0.6171
vn 0.8980 0.0659 -0.4350
vn 0.3992 0.5171 -0.7571
vn 0.4300 0.5505 -0.7156
vn 0.9249 0.1181 -0.3614
vn 0.9443 -0.3248 0.0532
vn 0.9630 -0.2524 0.0946
vn 0.8403 -0.5357 -0.0831
vn 0.5180 -0.6696 0.5324
vn 0.7679 -0.1092 -0.6313
vn 0.3096 0.4250 -0.8506
vn -0.3757 0.7232 -0.5794
vn -0.1566 -0.4269 0.8906
vn -0.7460 0.1055 0.6576
vn -0.8237 0.5641 0.0567
vn -0.0919 -0.5540 0.8275
vn 0.4234 -0.0508 0.9045
vn 0.4408 -0.0216 0.8973
vn -0.1003 -0.5537 0.8267
vn 0.7342 0.4889 0.4711
vn 0.7387 0.5211 0.4275
vn 0.1271 0.5059 -0.8532
vn -0.4280 -0.0507 -0.9024
vn -0.3990 -0.0060 -0.9169
vn 0.1401 0.5198 -0.8427
vn -0.7045 -0.5970 -0.3839
vn -0.7013 -0.5507 -0.4528
vn 0.6142 0.7370 -0.2820
vn 0.6047 0.7390 -0.2970
vn -0.5440 -0.7754 0.3208
vn -0.5713 -0.7728 0.2764
vn 0.4080 -0.7019 -0.5838
vn -0.0158 -0.9999 0.0008
vn -0.0240 -0.9997 0.0087
vn 0.4108 -0.6839 -0.6029
vn -0.4253 -0.6784 0.5991
vn -0.4297 -0.6603 0.6159
vn -0.3969 -0.7018 0.5915
vn -0.0388 -0.9992 -0.0131
vn 0.3530 -0.6973 -0.6239
vn -0.0304 0.7222 0.6910
vn 0.2689 0.9606 0.0699
vn 0.3129 0.9459 0.0860
vn 0.0106 0.7194 0.6945
vn 0.3838 0.6932 -0.6101
vn 0.3972 0.6934 -0.6012
vn 0.3481 0.7155 -0.6057
vn 0.0527 0.9985 -0.0142
vn -0.0300 0.7424 0.6693
vn -0.4183 0.6679 0.6156
vn 0.0276 0.9985 -0.0466
vn 0.0129 0.9996 -0.0237
vn -0.4026 0.6860 0.6061
vn 0.4587 0.5982 -0.6571
vn 0.4225 0.6610 -0.6202
vn 0.3829 0.6882 -0.6162
vn 0.0292 0.9994 -0.0159
vn -0.3541 0.7017 0.6182
vn 0.5785 -0.0622 -0.8133
vn 0.5698 -0.0091 -0.8218
vn 0.5163 0.0059 -0.8564
vn -0.5632 -0.0056 0.8263
vn -0.5555 0.0084 0.8314
vn -0.5201 -0.0195 0.8539
vn -0.9105 0.3011 -0.2833
vn -0.6311 0.0053 0.7757
vn -0.0933 -0.0340 -0.9951
vn -0.2349 -0.6903 -0.6843
vn -0.5681 -0.8056 -0.1684
vn -0.5826 -0.6707 0.4590
vn 0.2350 -0.0495 -0.9707
vn 0.1850 -0.0458 -0.9817
vn -0.0727 -0.7199 -0.6902
vn -0.1772 -0.7059 -0.6858
vn -0.4796 -0.7037 0.5242
vn -0.3818 -0.0110 0.9242
vn -0.3836 0.0052 0.9235
vn -0.5364 -0.6878 0.4891
vn -0.3368 -0.9361 -0.1015
vn -0.4275 -0.8952 -0.1261
vn -0.1596 -0.9852 -0.0621
vn 0.1577 -0.7240 -0.6715
vn -0.4106 -0.7254 0.5524
vn -0.4466 -0.0345 0.8941
vn -0.1994 0.7207 0.6640
vn 0.3671 -0.0350 -0.9295
vn 0.3606 0.6817 -0.6366
vn 0.1385 0.9903 0.0148
vn 0.9097 -0.1550 0.3852
vn 0.7968 -0.4617 -0.3899
vn 0.8262 -0.4496 -0.3393
vn 0.9017 -0.1101 0.4181
vn 0.1722 -0.4672 -0.8672
vn 0.2016 -0.4904 -0.8479
vn 0.2553 -0.5454 -0.7983
vn 0.8441 -0.4139 -0.3409
vn 0.9402 -0.0176 0.3400
vn -0.9763 -0.2160 0.0102
vn -0.8038 0.2252 0.5506
vn -0.7955 0.1922 0.5747
vn -0.9709 -0.2371 0.0344
vn -0.2253 0.5749 0.7866
vn -0.2263 0.5558 0.7999
vn -0.2352 0.5698 0.7874
vn -0.8242 0.3285 0.4613
vn -0.9755 -0.2186 0.0264
vn -0.8906 0.1125 -0.4407
vn -0.8150 0.4835 0.3194
vn -0.8087 0.4850 0.3329
vn -0.9054 0.1080 -0.4105
vn -0.1632 0.4946 0.8536
vn -0.1907 0.5192 0.8331
vn -0.2052 0.5825 0.7865
vn -0.8144 0.4566 0.3582
vn -0.9432 0.0322 -0.3308
vn 0.4812 0.2232 0.8477
vn 0.4547 0.2711 0.8484
vn 0.4858 0.3917 0.7814
vn -0.4616 -0.2509 -0.8509
vn -0.4599 -0.2795 -0.8428
vn -0.4588 -0.3873 -0.7997
vn -0.2203 0.7766 -0.5902
vn -0.5275 -0.3920 -0.7537
vn 0.5504 0.7559 0.3544
vn 0.9390 0.3056 -0.1575
vn 0.7250 -0.0162 -0.6885
vn 0.2480 -0.4303 -0.8679
vn 0.5797 0.6167 0.5326
vn 0.5713 0.6342 0.5209
vn 0.9662 0.2455 -0.0782
vn 0.9503 0.2808 -0.1344
vn 0.2548 -0.5044 -0.8250
vn -0.5332 -0.5611 -0.6331
vn -0.5457 -0.5554 -0.6275
vn 0.2539 -0.4609 -0.8504
vn 0.7953 -0.1848 -0.5773
vn 0.7741 -0.1285 -0.6199
vn 0.8380 -0.3035 -0.4535
vn 0.9840 0.1344 0.1171
vn 0.2765 -0.5482 -0.7893
vn -0.4882 -0.5086 -0.7092
vn -0.9829 -0.1156 -0.1435
vn 0.5677 0.5406 0.6209
vn -0.1933 0.6180 0.7620
vn -0.8159 0.3480 0.4617
vn 0.6404 -0.6646 0.3850
vn 0.4040 -0.8558 -0.3230
vn 0.4311 -0.8578 -0.2797
vn 0.6449 -0.6465 0.4077
vn -0.0737 -0.5315 -0.8438
vn -0.0299 -0.5774 -0.8159
vn 0.0465 -0.6385 -0.7682
vn 0.4994 -0.8415 -0.2060
vn 0.6712 -0.5831 0.4577
vn -0.6184 0.6960 -0.3649
vn -0.3818 0.8682 0.3169
vn -0.4068 0.8718 0.2729
vn -0.6237 0.6630 -0.4140
vn 0.0720 0.5604 0.8251
vn 0.0473 0.5863 0.8087
vn -0.0191 0.6423 0.7662
vn -0.4611 0.8647 0.1991
vn -0.6418 0.6076 -0.4680
vn 0.5000 -0.0760 0.8627
vn 0.4895 -0.0503 0.8705
vn 0.4628 0.0288 0.8860
vn -0.5010 0.1184 -0.8573
vn -0.4773 0.0625 -0.8765
vn -0.4492 -0.0225 -0.8931
vn 0.6572 -0.7296 -0.1892
vn 0.7726 -0.4364 0.4611
vn 0.1843 -0.6468 -0.7400
vn -0.6095 0.7702 0.1877
vn -0.7455 0.4455 -0.4957
vn -0.1174 0.6305 0.7672
vn 0.4591 0.1149 0.8809
vn -0.4199 -0.1668 -0.8921
v 0.02146 0.79135 0.06966
v 0.02724 0.79073 0.06870
v 0.02936 0.82347 0.06916
v 0.02724 0.78206 0.05947
v 0.02853 0.77957 0.05864
v 0.03303 0.77872 0.05999
v 0.03341 0.79162 0.06713
v 0.03530 0.82155 0.06901
v 0.03325 0.82618 0.06931
v 0.03915 0.78551 0.06809
v 0.03894 0.77900 0.06454
v 0.04078 0.78229 0.06887
v 0.04043 0.80593 0.06906
v 0.03247 0.75288 0.05335
v 0.03479 0.76455 0.05758
v 0.02740 0.78497 0.05944
v 0.04110 0.78197 0.05239
v 0.04246 0.78475 0.05299
v 0.04339 0.78860 0.05747
v 0.03715 0.77919 0.06177
v 0.02971 0.79425 0.06426
v 0.02785 0.79263 0.06272
v 0.03988 0.78318 0.06706
v 0.04300 0.78778 0.06492
v 0.04078 0.78229 0.06887
v 0.03495 0.79421 0.06859
v 0.05478 0.80609 0.05757
v 0.05004 0.80069 0.06064
v 0.04415 0.79159 0.05353
v 0.04723 0.83092 0.06366
v 0.04623 0.83198 0.06498
v 0.04349 0.82121 0.06727
v 0.04452 0.79642 0.06359
v 0.03980 0.78359 0.05693
v 0.04086 0.78500 0.05475
v 0.04138 0.78583 0.06781
v 0.04090 0.79819 0.06966
v 0.04091 0.78141 0.06933
v 0.03803 0.77805 0.06330
v 0.03653 0.84218 0.07702
v 0.03740 0.82498 0.07394
v 0.04164 0.83758 0.06612
v 0.02835 0.81791 0.07159
v 0.02777 0.81260 0.07113
v 0.03028 0.79949 0.06976
v 0.03799 0.80738 0.07006
v 0.04316 0.81937 0.06361
v 0.04324 0.82795 0.06374
v 0.04001 0.78765 0.06905
v 0.03617 0.78371 0.06893
v 0.04090 0.78130 0.06931
v 0.04326 0.79575 0.06451
v 0.02924 0.75665 0.04951
v 0.03172 0.77382 0.05286
v 0.02375 0.79787 0.05237
v 0.03905 0.78511 0.04607
v 0.04054 0.78865 0.04650
v 0.04140 0.79809 0.05082
v 0.03427 0.79402 0.05589
v 0.02616 0.81328 0.05658
v 0.02418 0.80985 0.05504
v 0.03708 0.80448 0.06115
v 0.04064 0.80640 0.05862
v 0.03797 0.80570 0.06316
v 0.03172 0.81817 0.06137
v 0.05151 0.79327 0.04696
v 0.04691 0.79895 0.05114
v 0.03837 0.78728 0.04596
v 0.04728 0.83555 0.05018
v 0.04666 0.83983 0.05142
v 0.04348 0.83669 0.05540
v 0.04157 0.80650 0.05512
v 0.03404 0.79048 0.05079
v 0.03473 0.78716 0.04836
v 0.03847 0.80696 0.06101
v 0.03945 0.82199 0.06116
v 0.03797 0.80570 0.06316
v 0.03328 0.79716 0.05796
v 0.04248 0.87791 0.06227
v 0.04069 0.85633 0.06177
v 0.04513 0.84748 0.05256
v 0.03042 0.86091 0.06004
v 0.02911 0.85644 0.06031
v 0.02975 0.83862 0.06099
v 0.03844 0.83352 0.06054
v 0.04395 0.82492 0.05279
v 0.04512 0.83250 0.05169
v 0.03784 0.81128 0.06248
v 0.03351 0.81388 0.06273
v 0.03798 0.80471 0.06368
v 0.04129 0.80556 0.05705
v 0.01683 0.81448 0.06239
v 0.02320 0.81231 0.06177
v 0.02562 0.84511 0.05759
v 0.02351 0.78756 0.05401
v 0.02495 0.78370 0.05361
v 0.02983 0.78536 0.05523
v 0.03003 0.81055 0.06034
v 0.03214 0.84310 0.05795
v 0.02990 0.84811 0.05750
v 0.03627 0.80640 0.06238
v 0.03615 0.79379 0.05985
v 0.03802 0.80468 0.06367
v 0.03772 0.82806 0.06044
v 0.04494 0.77502 0.03961
v 0.04774 0.80253 0.04102
v 0.04376 0.80623 0.04512
v 0.04023 0.77992 0.04098
v 0.03178 0.79409 0.05015
v 0.03629 0.81348 0.05352
v 0.03321 0.81666 0.05554
v 0.02974 0.80958 0.05215
v 0.04261 0.80730 0.04665
v 0.03887 0.78124 0.04196
v 0.03967 0.81013 0.04987
v 0.04124 0.84713 0.04660
v 0.03656 0.84623 0.05050
v 0.05650 0.79365 0.03799
v 0.05206 0.79827 0.03898
v 0.04981 0.77623 0.03751
v 0.03261 0.84090 0.05234
v 0.03516 0.78479 0.04507
v 0.05385 0.82043 0.03775
v 0.05070 0.83558 0.04057
v 0.04671 0.84406 0.04320
v 0.04549 0.84662 0.04413
v 0.01352 0.78836 0.04554
v 0.02070 0.77336 0.04312
v 0.02407 0.78723 0.04640
v 0.01642 0.80320 0.04742
v 0.02500 0.83017 0.05231
v 0.03084 0.81092 0.05299
v 0.03302 0.82062 0.05436
v 0.03013 0.83470 0.05218
v 0.02521 0.79108 0.04764
v 0.01744 0.80752 0.04824
v 0.02782 0.80067 0.05018
v 0.03534 0.79175 0.04251
v 0.03768 0.80675 0.04637
v 0.01587 0.74227 0.04141
v 0.01811 0.75758 0.04174
v 0.01212 0.77049 0.04318
v 0.03774 0.82063 0.04861
v 0.02011 0.81987 0.04994
v 0.02285 0.75066 0.03812
v 0.02840 0.76092 0.03891
v 0.03209 0.77427 0.03946
v 0.03330 0.77807 0.03985
v 0.02734 0.75527 0.04192
v 0.03575 0.76503 0.04174
v 0.03499 0.78009 0.04582
v 0.02582 0.77140 0.04363
v 0.02630 0.80664 0.05291
v 0.03424 0.80839 0.05396
v 0.03358 0.81948 0.05590
v 0.02876 0.82281 0.05368
v 0.03489 0.78458 0.04731
v 0.02558 0.77620 0.04479
v 0.03452 0.79572 0.05046
v 0.04170 0.81406 0.04368
v 0.03997 0.82732 0.04838
v 0.03909 0.73416 0.03854
v 0.03735 0.74952 0.03961
v 0.03064 0.74124 0.04041
v 0.03697 0.83523 0.05096
v 0.02499 0.78951 0.04835
v 0.04221 0.75878 0.03654
v 0.04378 0.77848 0.03841
v 0.04334 0.79634 0.03965
v 0.04332 0.80172 0.04030
v 0.04326 0.88595 0.04223
v 0.03592 0.89200 0.04645
v 0.03534 0.87157 0.04902
v 0.04216 0.86656 0.04303
v 0.03926 0.82283 0.04741
v 0.03478 0.83211 0.05388
v 0.03424 0.81798 0.05478
v 0.03508 0.81173 0.04961
v 0.03528 0.86512 0.05000
v 0.04194 0.86020 0.04346
v 0.03493 0.84984 0.05165
v 0.02286 0.85874 0.05186
v 0.02402 0.83626 0.05356
v 0.03881 0.92774 0.04611
v 0.03728 0.91049 0.04573
v 0.04288 0.90621 0.04198
v 0.02594 0.81979 0.05332
v 0.04123 0.84256 0.04441
v 0.02998 0.91759 0.04718
v 0.02554 0.90154 0.04971
v 0.02318 0.88330 0.05080
v 0.02255 0.87750 0.05123
v 0.01033 0.80821 0.04940
v 0.01579 0.80433 0.04865
v 0.01876 0.83179 0.05298
v 0.01268 0.83677 0.05172
v 0.02933 0.79859 0.05000
v 0.03429 0.80865 0.05047
v 0.03451 0.81734 0.05543
v 0.03044 0.82077 0.05544
v 0.01754 0.80286 0.04843
v 0.02070 0.82998 0.05356
v 0.02519 0.82597 0.05426
v 0.03302 0.85591 0.05250
v 0.02717 0.86749 0.05171
v 0.00260 0.84237 0.05392
v 0.00531 0.81767 0.05006
v 0.00739 0.83980 0.05230
v 0.03650 0.84308 0.05195
v 0.02253 0.79868 0.04805
v 0.01469 0.87507 0.05255
v 0.00842 0.86625 0.05212
v 0.02229 0.87566 0.05199
v 0.02046 0.87574 0.05203
v 0.03588 0.89264 0.02153
v 0.02923 0.90952 0.02827
v 0.02869 0.88904 0.03262
v 0.03327 0.87270 0.02297
v 0.03041 0.83022 0.03376
v 0.02794 0.84975 0.04159
v 0.02682 0.83535 0.04374
v 0.02590 0.82330 0.03818
v 0.02870 0.88267 0.03425
v 0.03285 0.86621 0.02399
v 0.02837 0.86731 0.03769
v 0.01589 0.88725 0.04068
v 0.01640 0.86293 0.04390
v 0.03376 0.94720 0.02513
v 0.03115 0.92882 0.02616
v 0.03630 0.91565 0.02038
v 0.01747 0.84294 0.04425
v 0.03194 0.84799 0.02729
v 0.02437 0.94336 0.02891
v 0.01997 0.93078 0.03396
v 0.01718 0.91323 0.03750
v 0.01640 0.90770 0.03871
v 0.02275 0.75874 0.02427
v 0.02888 0.78756 0.02045
v 0.02761 0.80109 0.02703
v 0.02028 0.77227 0.02938
v 0.01782 0.80873 0.04094
v 0.02635 0.82719 0.03953
v 0.02492 0.83702 0.04309
v 0.01834 0.83129 0.04254
v 0.02751 0.80527 0.02925
v 0.01977 0.77657 0.03121
v 0.02688 0.81547 0.03415
v 0.02854 0.85362 0.02570
v 0.02683 0.86246 0.03291
v 0.03569 0.76170 0.01239
v 0.03202 0.77447 0.01578
v 0.02649 0.75123 0.01839
v 0.02375 0.86356 0.03772
v 0.01788 0.78875 0.03566
v 0.03410 0.79675 0.01155
v 0.03349 0.82137 0.01522
v 0.03109 0.83938 0.01879
v 0.03058 0.84492 0.02009
v 0.03638 0.81190 0.01734
v 0.03653 0.84944 0.02042
v 0.03372 0.84518 0.02728
v 0.03172 0.80764 0.02165
v 0.02588 0.80740 0.03785
v 0.02894 0.83945 0.04081
v 0.02628 0.83717 0.04469
v 0.02225 0.82078 0.04191
v 0.03307 0.84412 0.02965
v 0.03075 0.80645 0.02369
v 0.03113 0.84163 0.03490
v 0.02474 0.88425 0.03198
v 0.02242 0.87475 0.03903
v 0.04565 0.85925 0.01233
v 0.04081 0.85469 0.01576
v 0.04119 0.82381 0.01395
v 0.02018 0.86123 0.04261
v 0.02828 0.80313 0.02972
v 0.03824 0.88088 0.01492
v 0.03375 0.89016 0.02059
v 0.02872 0.89138 0.02489
v 0.02740 0.89189 0.02651
v 0.00246 0.91082 0.04288
v -0.00004 0.87685 0.04711
v 0.00736 0.86615 0.04634
v 0.00841 0.90036 0.04025
v 0.02303 0.87184 0.03707
v 0.02181 0.84784 0.04486
v 0.02642 0.84091 0.04333
v 0.02598 0.84903 0.03680
v 0.00983 0.86305 0.04630
v 0.01051 0.89729 0.03961
v 0.01525 0.85568 0.04545
v 0.00797 0.80774 0.04488
v 0.01622 0.80474 0.04315
v -0.01011 0.89838 0.05335
v -0.00559 0.88807 0.04972
v -0.00405 0.91475 0.04597
v 0.02190 0.80874 0.04046
v 0.01616 0.88870 0.03751
v -0.00983 0.85792 0.05111
v -0.00528 0.83238 0.05031
v -0.00002 0.81661 0.04794
v 0.00175 0.81199 0.04732
v 0.01742 0.74592 0.03123
v 0.02032 0.76843 0.03080
v 0.01527 0.78250 0.04075
v 0.01074 0.76013 0.03906
v 0.02801 0.82142 0.03389
v 0.02707 0.84395 0.03706
v 0.02706 0.84105 0.04399
v 0.02444 0.82507 0.04380
v 0.02134 0.77559 0.03064
v 0.01687 0.78935 0.04145
v 0.02020 0.80609 0.04240
v 0.01309 0.84831 0.04704
v 0.00686 0.82797 0.04703
v 0.00627 0.71714 0.04048
v 0.01291 0.72674 0.03260
v 0.00807 0.73828 0.03919
v 0.01809 0.86010 0.04494
v 0.02435 0.79563 0.03048
v 0.00015 0.77723 0.04684
v 0.00023 0.74953 0.04367
v 0.00261 0.80954 0.04778
v 0.00191 0.80192 0.04749
v 0.04322 0.78618 0.00743
v 0.04185 0.83370 0.00604
v 0.03581 0.83617 0.01323
v 0.03554 0.78437 0.01048
v 0.02147 0.79920 0.02582
v 0.02446 0.84226 0.02779
v 0.01957 0.84280 0.03152
v 0.01559 0.81951 0.02800
v 0.03409 0.83739 0.01584
v 0.03341 0.78462 0.01227
v 0.02962 0.83964 0.02145
v 0.02399 0.89045 0.01218
v 0.01785 0.88447 0.01973
v 0.05601 0.83663 -0.00039
v 0.04875 0.83449 0.00202
v 0.04980 0.79585 0.00260
v 0.01340 0.87069 0.02431
v 0.02767 0.78594 0.01786
v 0.04669 0.86799 -0.00265
v 0.03938 0.88655 0.00116
v 0.03216 0.89342 0.00558
v 0.02997 0.89568 0.00713
v -0.00441 0.74182 0.02467
v 0.00878 0.73338 0.02028
v 0.01123 0.76588 0.02298
v -0.00300 0.77240 0.02524
v 0.00454 0.83793 0.02760
v 0.01701 0.82525 0.02883
v 0.01836 0.84613 0.02935
v 0.01105 0.85596 0.02541
v 0.01224 0.77588 0.02419
v -0.00231 0.78212 0.02578
v 0.01439 0.79942 0.02640
v 0.02622 0.79219 0.01313
v 0.02701 0.82480 0.01693
v 0.00789 0.67565 0.02216
v 0.00807 0.70296 0.02048
v -0.00308 0.70964 0.02321
v 0.02454 0.84807 0.01900
v -0.00074 0.80840 0.02639
v 0.01594 0.69847 0.01413
v 0.02199 0.72700 0.01269
v 0.02469 0.75523 0.01111
v 0.02573 0.76401 0.01097
v 0.02196 0.72126 0.01824
v 0.03216 0.75420 0.01449
v 0.02847 0.78008 0.01955
v 0.01667 0.74322 0.01974
v 0.01129 0.80861 0.03049
v 0.02258 0.83103 0.02958
v 0.01958 0.84820 0.03170
v 0.01166 0.83835 0.02934
v 0.02759 0.78853 0.02145
v 0.01547 0.75126 0.02114
v 0.02515 0.80832 0.02533
v 0.03105 0.84023 0.01082
v 0.02638 0.86229 0.01731
v 0.04291 0.71327 0.01161
v 0.03739 0.73263 0.01225
v 0.02943 0.70671 0.01633
v 0.02072 0.87059 0.02143
v 0.01234 0.77427 0.02550
v 0.04220 0.75214 0.00511
v 0.04069 0.78651 0.00557
v 0.03655 0.81267 0.00584
v 0.03551 0.82124 0.00632
v 0.01852 0.94315 0.00091
v 0.00712 0.94136 0.00904
v 0.01075 0.91516 0.01525
v 0.02096 0.91447 0.00441
v 0.02616 0.85280 0.01647
v 0.01853 0.86569 0.02693
v 0.02072 0.84587 0.02990
v 0.02260 0.83091 0.02225
v 0.01208 0.90742 0.01743
v 0.02199 0.90565 0.00579
v 0.01487 0.88760 0.02164
v -0.00443 0.87268 0.02467
v 0.00203 0.84624 0.02922
v 0.00402 0.99801 0.00407
v 0.00525 0.96949 0.00567
v 0.01382 0.97054 -0.00140
v 0.00813 0.82700 0.02993
v 0.02465 0.88055 0.00923
v -0.00662 0.96496 0.00937
v -0.00949 0.93600 0.01624
v -0.00909 0.90645 0.02046
v -0.00878 0.89749 0.02190
v -0.01263 0.76852 0.02963
v -0.00401 0.77445 0.02723
v -0.00477 0.82686 0.03032
v -0.01476 0.81792 0.02968
v 0.01698 0.79969 0.02587
v 0.02219 0.82609 0.02413
v 0.02132 0.84659 0.03090
v 0.01471 0.84207 0.03178
v -0.00118 0.77608 0.02651
v -0.00152 0.82969 0.03084
v 0.00590 0.83549 0.03099
v 0.01097 0.89311 0.02292
v 0.00002 0.89474 0.02228
v -0.03027 0.80602 0.03554
v -0.02176 0.77135 0.03121
v -0.02299 0.81091 0.03186
v 0.01857 0.88215 0.02232
v 0.00686 0.78108 0.02486
v -0.01953 0.87797 0.02653
v -0.02689 0.85038 0.02861
v -0.00868 0.89546 0.02334
v -0.01135 0.89143 0.02395
v 0.03066 0.72254 -0.00191
v 0.03432 0.77370 -0.00867
v 0.02824 0.79412 -0.00107
v 0.02195 0.73521 0.00132
v 0.00869 0.79068 0.01644
v 0.01706 0.83539 0.01424
v 0.01183 0.84761 0.01816
v 0.00444 0.82348 0.01640
v 0.02661 0.80122 0.00168
v 0.01968 0.74076 0.00322
v 0.02218 0.81715 0.00758
v 0.02082 0.86740 -0.00879
v 0.01370 0.87935 0.00012
v 0.05029 0.74886 -0.01550
v 0.04197 0.75974 -0.01295
v 0.03887 0.71753 -0.00808
v 0.00743 0.87667 0.00657
v 0.01370 0.75743 0.00913
v 0.04305 0.79248 -0.02200
v 0.03708 0.82753 -0.02006
v 0.02997 0.85067 -0.01617
v 0.02784 0.85814 -0.01477
v -0.02721 0.76325 0.01976
v -0.01348 0.73020 0.01641
v -0.00686 0.76527 0.01616
v -0.02215 0.79490 0.01721
v -0.00608 0.85802 0.01332
v 0.00676 0.82877 0.01682
v 0.01067 0.85003 0.01526
v 0.00318 0.86553 0.00927
v -0.00451 0.77622 0.01653
v -0.02024 0.80511 0.01683
v 0.00072 0.80144 0.01665
v 0.01241 0.75996 0.00296
v 0.01724 0.79889 0.00386
v -0.02082 0.67184 0.02470
v -0.01768 0.69876 0.01987
v -0.02942 0.72491 0.02162
v 0.01718 0.83002 0.00359
v -0.01547 0.83197 0.01479
v -0.00969 0.67473 0.01355
v 0.00028 0.69514 0.00920
v 0.00640 0.71969 0.00453
v 0.00855 0.72751 0.00348
v -0.00001 0.69630 0.01616
v 0.01501 0.71269 0.00894
v 0.01407 0.75223 0.01173
v -0.00346 0.72917 0.01520
v -0.00149 0.82096 0.02017
v 0.01379 0.82827 0.01739
v 0.01246 0.85364 0.01779
v 0.00218 0.85092 0.01569
v 0.01415 0.76502 0.01294
v -0.00381 0.74129 0.01587
v 0.01387 0.79474 0.01511
v 0.02312 0.80189 -0.00454
v 0.02074 0.84055 0.00024
v 0.02244 0.65008 0.01067
v 0.01838 0.67935 0.00900
v 0.00672 0.66783 0.01597
v 0.01553 0.86268 0.00372
v -0.00449 0.77607 0.01821
v 0.02552 0.68434 -0.00097
v 0.02769 0.72396 -0.00422
v 0.02594 0.75815 -0.00695
v 0.02575 0.76943 -0.00739
v 0.01970 0.91685 -0.02764
v 0.00713 0.94133 -0.01882
v 0.00875 0.91627 -0.00871
v 0.01951 0.88723 -0.02042
v 0.01936 0.82956 0.00028
v 0.01288 0.86765 0.01041
v 0.01337 0.84720 0.01605
v 0.01329 0.81851 0.00902
v 0.00956 0.90898 -0.00530
v 0.01979 0.87815 -0.01783
v 0.01080 0.88932 0.00179
v -0.01258 0.90392 0.00572
v -0.00789 0.87254 0.01414
v 0.00958 1.00000 -0.03076
v 0.00791 0.96972 -0.02580
v 0.01727 0.94975 -0.03349
v -0.00306 0.84436 0.01737
v 0.02025 0.85200 -0.01105
v -0.00582 0.98611 -0.02177
v -0.01185 0.96795 -0.01099
v -0.01440 0.94115 -0.00298
v -0.01495 0.93297 -0.00035
v -0.03321 0.80979 0.02208
v -0.02293 0.80110 0.01920
v -0.01771 0.86255 0.01708
v -0.03010 0.86589 0.01671
v 0.00366 0.79746 0.01618
v 0.01241 0.81635 0.01166
v 0.01419 0.84847 0.01715
v 0.00624 0.85389 0.01825
v -0.01959 0.79802 0.01837
v -0.01366 0.86178 0.01756
v -0.00457 0.85795 0.01754
v 0.00707 0.90231 0.00244
v -0.00523 0.91835 0.00089
v -0.04865 0.88221 0.02378
v -0.04317 0.82752 0.02305
v -0.04009 0.87258 0.01947
v 0.01444 0.87926 0.00337
v -0.01000 0.79012 0.01642
v -0.02903 0.93292 0.00640
v -0.04033 0.91614 0.01130
v -0.01497 0.93254 0.00151
v -0.01841 0.93269 0.00249
v 0.01161 0.69109 0.00301
v 0.01975 0.72298 -0.00809
v 0.01566 0.75730 -0.00409
v 0.00440 0.71518 0.00344
v -0.00353 0.79760 0.00966
v 0.00843 0.82552 0.00409
v 0.00448 0.84675 0.00569
v -0.00465 0.83043 0.00559
v 0.01469 0.76891 -0.00254
v 0.00270 0.72489 0.00428
v 0.01179 0.79533 0.00060
v 0.01526 0.81811 -0.01992
v 0.00940 0.84784 -0.01398
v 0.03284 0.67613 -0.00955
v 0.02586 0.69734 -0.00949
v 0.01908 0.67014 -0.00100
v 0.00309 0.86053 -0.00864
v -0.00160 0.75349 0.00713
v 0.02996 0.71249 -0.02111
v 0.02737 0.75169 -0.02384
v 0.02260 0.78430 -0.02369
v 0.02122 0.79486 -0.02348
v -0.04014 0.81337 0.01064
v -0.02997 0.76635 0.01294
v -0.02056 0.79022 0.00993
v -0.03246 0.83260 0.00566
v -0.01152 0.86675 -0.00233
v -0.00198 0.83338 0.00574
v 0.00365 0.84600 0.00260
v -0.00198 0.85867 -0.00557
v -0.01736 0.79801 0.00944
v -0.02974 0.83914 0.00450
v -0.01015 0.81514 0.00762
v -0.00249 0.74847 0.00102
v 0.00554 0.77906 -0.00159
v -0.04228 0.73387 0.02569
v -0.03682 0.74771 0.01884
v -0.04567 0.78452 0.01607
v 0.00826 0.80601 -0.00512
v -0.02278 0.85519 0.00046
v -0.03125 0.71011 0.01667
v -0.01988 0.71220 0.01190
v -0.01181 0.72126 0.00587
v -0.00905 0.72456 0.00438
v -0.02018 0.72311 0.01814
v -0.00433 0.71277 0.01185
v -0.00176 0.75216 0.01013
v -0.02052 0.75394 0.01332
v -0.01058 0.83924 0.00849
v 0.00464 0.82683 0.00728
v 0.00562 0.85090 0.00479
v -0.00434 0.85570 0.00173
v -0.00056 0.76496 0.00990
v -0.01979 0.76584 0.01261
v 0.00178 0.79424 0.00873
v 0.01155 0.76434 -0.00881
v 0.01264 0.80711 -0.00881
v -0.00287 0.65303 0.02106
v -0.00409 0.68035 0.01588
v -0.01632 0.69131 0.02189
v 0.00960 0.83640 -0.00866
v -0.01739 0.80018 0.01101
v 0.00331 0.66397 0.00718
v 0.00895 0.69207 0.00033
v 0.01038 0.71994 -0.00603
v 0.01121 0.72942 -0.00764
v 0.01894 0.83651 -0.04261
v 0.00901 0.88245 -0.03882
v 0.00814 0.87285 -0.02666
v 0.01599 0.82071 -0.03289
v 0.01036 0.79891 -0.00781
v 0.00740 0.85258 -0.00341
v 0.00594 0.84197 0.00400
v 0.00344 0.80724 0.00055
v 0.00820 0.87037 -0.02265
v 0.01540 0.81606 -0.02951
v 0.00751 0.86172 -0.01389
v -0.01348 0.90285 -0.01505
v -0.01196 0.88237 -0.00336
v 0.01678 0.91495 -0.05563
v 0.01240 0.89691 -0.04812
v 0.01966 0.85964 -0.05179
v -0.00994 0.85741 0.00324
v 0.01340 0.80205 -0.02046
v 0.00074 0.93028 -0.04804
v -0.00679 0.93515 -0.03705
v -0.01174 0.92524 -0.02722
v -0.01303 0.92223 -0.02402
v -0.04174 0.86322 0.00705
v -0.03269 0.84155 0.00673
v -0.02223 0.88731 -0.00096
v -0.03370 0.90189 -0.00337
v -0.00771 0.80812 0.00801
v 0.00237 0.80985 0.00308
v 0.00682 0.84380 0.00499
v -0.00027 0.85786 0.00434
v -0.02978 0.83442 0.00676
v -0.01846 0.88332 0.00011
v -0.01016 0.87104 0.00176
v 0.00511 0.87764 -0.01518
v -0.00512 0.90162 -0.01999
v -0.04999 0.94411 -0.00115
v -0.04964 0.88983 0.00469
v -0.04264 0.92134 -0.00291
v 0.01004 0.85152 -0.01088
v -0.02134 0.81542 0.00712
v -0.02654 0.94531 -0.01975
v -0.03886 0.94846 -0.01505
v -0.01312 0.92445 -0.02226
v -0.01640 0.92930 -0.02186
v -0.04401 0.72994 0.00077
v -0.02771 0.70064 0.00333
v -0.02103 0.73734 0.00061
v -0.03936 0.75424 -0.00666
v -0.02123 0.82908 -0.01286
v -0.00762 0.80978 -0.00375
v -0.00345 0.83170 -0.00729
v -0.01041 0.83535 -0.01638
v -0.01875 0.74981 0.00021
v -0.03748 0.76447 -0.00811
v -0.01357 0.77789 -0.00160
v 0.00335 0.72045 -0.00814
v 0.00736 0.76331 -0.01166
v -0.03671 0.65272 0.01655
v -0.03263 0.67396 0.00920
v -0.04604 0.69567 0.00673
v 0.00675 0.79576 -0.01569
v -0.03192 0.79478 -0.01151
v -0.02186 0.63969 0.00763
v -0.01026 0.65565 0.00318
v -0.00244 0.68025 -0.00203
v 0.00006 0.68849 -0.00347
v -0.02697 0.89158 -0.04975
v -0.03855 0.85950 -0.03771
v -0.02795 0.84969 -0.02991
v -0.01721 0.87547 -0.04459
v 0.00167 0.83935 -0.02761
v -0.00894 0.83369 -0.01364
v -0.00244 0.82271 -0.00959
v 0.00345 0.81152 -0.01936
v -0.02469 0.84786 -0.02700
v -0.01411 0.87152 -0.04246
v -0.01711 0.84126 -0.02079
v -0.03071 0.77403 -0.01525
v -0.01877 0.77099 -0.00875
v -0.05690 0.89952 -0.04369
v -0.04837 0.87771 -0.04160
v -0.03909 0.90100 -0.05239
v -0.00883 0.77047 -0.00804
v -0.00587 0.85767 -0.03754
v -0.05643 0.84295 -0.03647
v -0.05060 0.81318 -0.02723
v -0.04309 0.78773 -0.02203
v -0.04074 0.78097 -0.01998
v -0.05053 0.83914 -0.02471
v -0.04629 0.79168 -0.01148
v -0.03374 0.80374 -0.01023
v -0.03971 0.84091 -0.02777
v -0.01086 0.85750 -0.02113
v -0.00975 0.82584 -0.00611
v -0.00157 0.82951 -0.00662
v -0.00143 0.83628 -0.01825
v -0.02973 0.80823 -0.00930
v -0.03584 0.84402 -0.02753
v -0.02033 0.81695 -0.00788
v -0.01794 0.73194 -0.00589
v -0.00563 0.75330 -0.00537
v -0.06698 0.78672 -0.00482
v -0.05722 0.78670 -0.00889
v -0.06019 0.82858 -0.01859
v 0.00171 0.77371 -0.00878
v -0.02481 0.85400 -0.02631
v -0.05578 0.74016 -0.00529
v -0.04319 0.72569 -0.00321
v -0.03201 0.71855 -0.00516
v -0.02838 0.71739 -0.00521
v 0.02010 0.65353 -0.01545
v 0.02859 0.70394 -0.02434
v 0.01998 0.73839 -0.01931
v 0.01033 0.67989 -0.01360
v -0.00901 0.75528 -0.00710
v 0.00321 0.80203 -0.00873
v -0.00362 0.82177 -0.00655
v -0.01242 0.79575 -0.01025
v 0.01742 0.74966 -0.01731
v 0.00729 0.68887 -0.01253
v 0.01071 0.77365 -0.01373
v 0.01724 0.82124 -0.03613
v 0.00642 0.84507 -0.02875
v 0.04764 0.65744 -0.02489
v 0.03790 0.67758 -0.02551
v 0.03108 0.63593 -0.01939
v -0.00313 0.84975 -0.02323
v -0.00141 0.71275 -0.01007
v 0.04414 0.71194 -0.03776
v 0.03837 0.75975 -0.04024
v 0.02968 0.79238 -0.04045
v 0.02699 0.80269 -0.04020
v -0.01172 0.90916 -0.05376
v -0.01526 0.88396 -0.04443
v 0.00396 0.86959 -0.03810
v 0.00614 0.88579 -0.05107
v -0.01862 0.83532 -0.01803
v -0.01315 0.80664 -0.01017
v -0.00333 0.82466 -0.00521
v -0.00096 0.84000 -0.01290
v -0.01650 0.87617 -0.04137
v 0.00334 0.86562 -0.03371
v 0.00132 0.85270 -0.02434
v 0.01515 0.78145 -0.01699
v 0.02142 0.79334 -0.02998
v 0.01264 0.93809 -0.06712
v -0.00524 0.92696 -0.06325
v 0.00902 0.91008 -0.06019
v 0.00711 0.77420 -0.00959
v -0.01977 0.85539 -0.03238
v 0.02790 0.84732 -0.05218
v 0.02331 0.88102 -0.06249
v 0.02677 0.80954 -0.03949
v 0.02707 0.81797 -0.04268
v 0.01795 0.64119 -0.01032
v 0.02216 0.67425 -0.02632
v 0.01375 0.70823 -0.02377
v 0.00730 0.65638 -0.01049
v -0.01104 0.73715 -0.00842
v -0.00199 0.77731 -0.01857
v -0.00875 0.79540 -0.01774
v -0.01650 0.76536 -0.01521
v 0.01136 0.72053 -0.02274
v 0.00432 0.66492 -0.01001
v 0.00516 0.74711 -0.02075
v 0.00502 0.75417 -0.04583
v -0.00461 0.78292 -0.04049
v 0.04186 0.64274 -0.02653
v 0.03179 0.65487 -0.02695
v 0.02832 0.62588 -0.01441
v -0.01265 0.79271 -0.03449
v -0.00366 0.69147 -0.00828
v 0.03371 0.66425 -0.04164
v 0.02597 0.69839 -0.04718
v 0.01685 0.72559 -0.04867
v 0.01408 0.73481 -0.04900
v -0.05206 0.70242 -0.00275
v -0.03528 0.67049 0.00169
v -0.02832 0.70552 -0.00490
v -0.04649 0.72808 -0.01092
v -0.02872 0.78497 -0.02564
v -0.01400 0.77237 -0.01568
v -0.00970 0.79021 -0.02099
v -0.01770 0.78676 -0.03014
v -0.02589 0.71764 -0.00652
v -0.04444 0.73754 -0.01312
v -0.02039 0.74379 -0.01095
v -0.00430 0.67858 -0.01457
v 0.00038 0.71904 -0.02100
v -0.04379 0.63263 0.02023
v -0.04000 0.64759 0.01073
v -0.05414 0.67029 0.00631
v -0.00022 0.74717 -0.02735
v -0.03919 0.75986 -0.01990
v -0.02952 0.61422 0.01021
v -0.01786 0.62758 0.00296
v -0.01065 0.64216 -0.00569
v -0.00819 0.64795 -0.00802
v -0.01921 0.64501 0.00915
v -0.00131 0.65027 0.00042
v -0.00352 0.69301 -0.00482
v -0.02363 0.67148 0.00155
v -0.02378 0.76910 -0.01170
v -0.00605 0.77661 -0.01452
v -0.00809 0.80039 -0.01922
v -0.01949 0.78798 -0.02142
v -0.00383 0.70775 -0.00620
v -0.02435 0.68412 -0.00023
v -0.00501 0.74024 -0.01004
v 0.00825 0.70475 -0.02889
v 0.00414 0.75068 -0.03224
v 0.00809 0.60000 0.01486
v 0.00314 0.62117 0.00727
v -0.01098 0.62144 0.01507
v -0.00272 0.77691 -0.03376
v -0.02610 0.72150 -0.00494
v 0.01265 0.60561 -0.00236
v 0.01486 0.63561 -0.01297
v 0.01262 0.65991 -0.02233
v 0.01226 0.66923 -0.02496
v 0.00554 0.75473 -0.07303
v -0.01055 0.79224 -0.07065
v -0.00968 0.79379 -0.05627
v 0.00484 0.74433 -0.06057
v 0.00276 0.73997 -0.03015
v -0.00681 0.79607 -0.02876
v -0.00669 0.79075 -0.01950
v -0.00524 0.74753 -0.02038
v -0.00911 0.79550 -0.05163
v 0.00495 0.74220 -0.05638
v -0.00835 0.79471 -0.04113
v -0.03591 0.80630 -0.04216
v -0.03117 0.79947 -0.02787
v -0.00710 0.81941 -0.09299
v -0.00917 0.80233 -0.08261
v 0.00300 0.77014 -0.08507
v -0.02560 0.78337 -0.01899
v 0.00499 0.73429 -0.04495
v -0.02575 0.82045 -0.08316
v -0.03385 0.82630 -0.07010
v -0.03743 0.81926 -0.05764
v -0.03827 0.81767 -0.05365
v -0.06011 0.74810 -0.01019
v -0.04778 0.73817 -0.01035
v -0.04264 0.79248 -0.02395
v -0.05681 0.78877 -0.02590
v -0.01689 0.74039 -0.01038
v -0.00658 0.75136 -0.01758
v -0.00593 0.79493 -0.01867
v -0.01527 0.79875 -0.01932
v -0.04378 0.73495 -0.01026
v -0.03807 0.79484 -0.02305
v -0.02760 0.79564 -0.02161
v -0.01294 0.80648 -0.04336
v -0.02708 0.81175 -0.04889
v -0.07933 0.81171 -0.02400
v -0.07196 0.76199 -0.01354
v -0.06875 0.79669 -0.02544
v -0.00423 0.79090 -0.03741
v -0.03240 0.72762 -0.00977
v -0.05534 0.82686 -0.04849
v -0.06866 0.81752 -0.04155
v -0.03856 0.82168 -0.05185
v -0.04263 0.82247 -0.05124
vt 0.33620 0.98385
vt 0.33457 0.81939
vt 0.10112 0.81939
vt 0.56727 0.81939
vt 0.59411 0.78141
vt 0.55528 0.65493
vt 0.33295 0.65493
vt 0.09204 0.65493
vt 0.06419 0.71837
vt 0.33132 0.49048
vt 0.44250 0.49048
vt 0.33085 0.44213
vt 0.17283 0.49048
vt 0.33620 0.98385
vt 0.33457 0.81939
vt 0.10112 0.81939
vt 0.56727 0.81939
vt 0.59411 0.78141
vt 0.55528 0.65493
vt 0.33295 0.65493
vt 0.09204 0.65493
vt 0.06419 0.71837
vt 0.33132 0.49048
vt 0.44250 0.49048
vt 0.33085 0.44213
vt 0.17283 0.49048
vt 0.33620 0.98385
vt 0.33457 0.81939
vt 0.10112 0.81939
vt 0.56727 0.81939
vt 0.59411 0.78141
vt 0.55528 0.65493
vt 0.33295 0.65493
vt 0.09204 0.65493
vt 0.06419 0.71837
vt 0.33132 0.49048
vt 0.44250 0.49048
vt 0.33085 0.44213
vt 0.17283 0.49048
vt 0.33620 0.98385
vt 0.33457 0.81939
vt 0.10112 0.81939
vt 0.56727 0.81939
vt 0.59411 0.78141
vt 0.55528 0.65493
vt 0.33295 0.65493
vt 0.09204 0.65493
vt 0.06419 0.71837
vt 0.33132 0.49048
vt 0.44250 0.49048
vt 0.33085 0.44213
vt 0.17283 0.49048
vt 0.33620 0.98385
vt 0.33457 0.81939
vt 0.10112 0.81939
vt 0.56727 0.81939
vt 0.59411 0.78141
vt 0.55528 0.65493
vt 0.33295 0.65493
vt 0.09204 0.65493
vt 0.06419 0.71837
vt 0.33132 0.49048
vt 0.44250 0.49048
vt 0.33085 0.44213
vt 0.17283 0.49048
vt 0.33620 0.98385
vt 0.33457 0.81939
vt 0.10112 0.81939
vt 0.56727 0.81939
vt 0.59411 0.78141
vt 0.55528 0.65493
vt 0.33295 0.65493
vt 0.09204 0.65493
vt 0.06419 0.71837
vt 0.33132 0.49048
vt 0.44250 0.49048
vt 0.33085 0.44213
vt 0.17283 0.49048
vt 0.33620 0.98385
vt 0.33457 0.81939
vt 0.10112 0.81939
vt 0.56727 0.81939
vt 0.59411 0.78141
vt 0.55528 0.65493
vt 0.33295 0.65493
vt 0.09204 0.65493
vt 0.06419 0.71837
vt 0.33132 0.49048
vt 0.44250 0.49048
vt 0.33085 0.44213
vt 0.17283 0.49048
vt 0.33620 0.98385
vt 0.33457 0.81939
vt 0.10112 0.81939
vt 0.56727 0.81939
vt 0.59411 0.78141
vt 0.55528 0.65493
vt 0.33295 0.65493
vt 0.09204 0.65493
vt 0.06419 0.71837
vt 0.33132 0.49048
vt 0.44250 0.49048
vt 0.33085 0.44213
vt 0.17283 0.49048
vt 0.04101 0.65493
vt 0.33295 0.65493
vt 0.33132 0.49048
vt 0.03834 0.49048
vt 0.09177 0.16156
vt 0.32808 0.16156
vt 0.32685 0.03682
vt 0.21941 0.03682
vt 0.33085 0.44213
vt 0.03716 0.44213
vt 0.32970 0.32602
vt 0.69817 0.32602
vt 0.64207 0.16156
vt 0.33620 0.98385
vt 0.33457 0.81939
vt 0.10112 0.81939
vt 0.54988 0.03682
vt 0.03433 0.32602
vt 0.56727 0.81939
vt 0.68347 0.65493
vt 0.72497 0.49048
vt 0.73717 0.44213
vt 0.04101 0.65493
vt 0.33295 0.65493
vt 0.33132 0.49048
vt 0.03834 0.49048
vt 0.09177 0.16156
vt 0.32808 0.16156
vt 0.32685 0.03682
vt 0.21941 0.03682
vt 0.33085 0.44213
vt 0.03716 0.44213
vt 0.32970 0.32602
vt 0.69817 0.32602
vt 0.64207 0.16156
vt 0.33620 0.98385
vt 0.33457 0.81939
vt 0.10112 0.81939
vt 0.54988 0.03682
vt 0.03433 0.32602
vt 0.56727 0.81939
vt 0.68347 0.65493
vt 0.72497 0.49048
vt 0.73717 0.44213
vt 0.04101 0.65493
vt 0.33295 0.65493
vt 0.33132 0.49048
vt 0.03834 0.49048
vt 0.09177 0.16156
vt 0.32808 0.16156
vt 0.32685 0.03682
vt 0.21941 0.03682
vt 0.33085 0.44213
vt 0.03716 0.44213
vt 0.32970 0.32602
vt 0.69817 0.32602
vt 0.64207 0.16156
vt 0.33620 0.98385
vt 0.33457 0.81939
vt 0.10112 0.81939
vt 0.54988 0.03682
vt 0.03433 0.32602
vt 0.56727 0.81939
vt 0.68347 0.65493
vt 0.72497 0.49048
vt 0.73717 0.44213
vt 0.04101 0.65493
vt 0.33295 0.65493
vt 0.33132 0.49048
vt 0.03834 0.49048
vt 0.09177 0.16156
vt 0.32808 0.16156
vt 0.32685 0.03682
vt 0.21941 0.03682
vt 0.33085 0.44213
vt 0.03716 0.44213
vt 0.32970 0.32602
vt 0.69817 0.32602
vt 0.64207 0.16156
vt 0.33620 0.98385
vt 0.33457 0.81939
vt 0.10112 0.81939
vt 0.54988 0.03682
vt 0.03433 0.32602
vt 0.56727 0.81939
vt 0.68347 0.65493
vt 0.72497 0.49048
vt 0.73717 0.44213
vt 0.04101 0.65493
vt 0.03834 0.49048
vt 0.33132 0.49048
vt 0.33295 0.65493
vt 0.09177 0.16156
vt 0.21941 0.03682
vt 0.32685 0.03682
vt 0.32808 0.16156
vt 0.03716 0.44213
vt 0.33085 0.44213
vt 0.32970 0.32602
vt 0.64207 0.16156
vt 0.69817 0.32602
vt 0.33620 0.98385
vt 0.10112 0.81939
vt 0.33457 0.81939
vt 0.54988 0.03682
vt 0.03433 0.32602
vt 0.68347 0.65493
vt 0.56727 0.81939
vt 0.73717 0.44213
vt 0.72497 0.49048
vt 0.04101 0.65493
vt 0.33295 0.65493
vt 0.33132 0.49048
vt 0.03834 0.49048
vt 0.09177 0.16156
vt 0.32808 0.16156
vt 0.32685 0.03682
vt 0.21941 0.03682
vt 0.33085 0.44213
vt 0.03716 0.44213
vt 0.32970 0.32602
vt 0.69817 0.32602
vt 0.64207 0.16156
vt 0.33620 0.98385
vt 0.33457 0.81939
vt 0.10112 0.81939
vt 0.54988 0.03682
vt 0.03433 0.32602
vt 0.56727 0.81939
vt 0.68347 0.65493
vt 0.72497 0.49048
vt 0.73717 0.44213
vt 0.04101 0.65493
vt 0.33295 0.65493
vt 0.33132 0.49048
vt 0.03834 0.49048
vt 0.09177 0.16156
vt 0.32808 0.16156
vt 0.32685 0.03682
vt 0.21941 0.03682
vt 0.33085 0.44213
vt 0.03716 0.44213
vt 0.32970 0.32602
vt 0.69817 0.32602
vt 0.64207 0.16156
vt 0.33620 0.98385
vt 0.33457 0.81939
vt 0.10112 0.81939
vt 0.54988 0.03682
vt 0.03433 0.32602
vt 0.56727 0.81939
vt 0.68347 0.65493
vt 0.72497 0.49048
vt 0.73717 0.44213
vt 0.04101 0.65493
vt 0.33295 0.65493
vt 0.33132 0.49048
vt 0.03834 0.49048
vt 0.09177 0.16156
vt 0.32808 0.16156
vt 0.32685 0.03682
vt 0.21941 0.03682
vt 0.33085 0.44213
vt 0.03716 0.44213
vt 0.32970 0.32602
vt 0.69817 0.32602
vt 0.64207 0.16156
vt 0.33620 0.98385
vt 0.33457 0.81939
vt 0.10112 0.81939
vt 0.54988 0.03682
vt 0.03433 0.32602
vt 0.56727 0.81939
vt 0.68347 0.65493
vt 0.72497 0.49048
vt 0.73717 0.44213
vt 0.04101 0.65493
vt 0.33295 0.65493
vt 0.33132 0.49048
vt 0.03834 0.49048
vt 0.09177 0.16156
vt 0.32808 0.16156
vt 0.32685 0.03682
vt 0.21941 0.03682
vt 0.33085 0.44213
vt 0.03716 0.44213
vt 0.32970 0.32602
vt 0.69817 0.32602
vt 0.64207 0.16156
vt 0.33620 0.98385
vt 0.33457 0.81939
vt 0.10112 0.81939
vt 0.54988 0.03682
vt 0.03433 0.32602
vt 0.56727 0.81939
vt 0.68347 0.65493
vt 0.72497 0.49048
vt 0.73717 0.44213
vt 0.04101 0.65493
vt 0.03834 0.49048
vt 0.33132 0.49048
vt 0.33295 0.65493
vt 0.09177 0.16156
vt 0.21941 0.03682
vt 0.32685 0.03682
vt 0.32808 0.16156
vt 0.03716 0.44213
vt 0.33085 0.44213
vt 0.32970 0.32602
vt 0.64207 0.16156
vt 0.69817 0.32602
vt 0.33620 0.98385
vt 0.10112 0.81939
vt 0.33457 0.81939
vt 0.54988 0.03682
vt 0.03433 0.32602
vt 0.68347 0.65493
vt 0.56727 0.81939
vt 0.73717 0.44213
vt 0.72497 0.49048
vt 0.04101 0.65493
vt 0.33295 0.65493
vt 0.33132 0.49048
vt 0.03834 0.49048
vt 0.09177 0.16156
vt 0.32808 0.16156
vt 0.32685 0.03682
vt 0.21941 0.03682
vt 0.33085 0.44213
vt 0.03716 0.44213
vt 0.32970 0.32602
vt 0.69817 0.32602
vt 0.64207 0.16156
vt 0.33620 0.98385
vt 0.33457 0.81939
vt 0.10112 0.81939
vt 0.54988 0.03682
vt 0.03433 0.32602
vt 0.56727 0.81939
vt 0.68347 0.65493
vt 0.72497 0.49048
vt 0.73717 0.44213
vt 0.04101 0.65493
vt 0.33295 0.65493
vt 0.33132 0.49048
vt 0.03834 0.49048
vt 0.09177 0.16156
vt 0.32808 0.16156
vt 0.32685 0.03682
vt 0.21941 0.03682
vt 0.33085 0.44213
vt 0.03716 0.44213
vt 0.32970 0.32602
vt 0.69817 0.32602
vt 0.64207 0.16156
vt 0.33620 0.98385
vt 0.33457 0.81939
vt 0.10112 0.81939
vt 0.54988 0.03682
vt 0.03433 0.32602
vt 0.56727 0.81939
vt 0.68347 0.65493
vt 0.72497 0.49048
vt 0.73717 0.44213
vt 0.04101 0.65493
vt 0.33295 0.65493
vt 0.33132 0.49048
vt 0.03834 0.49048
vt 0.09177 0.16156
vt 0.32808 0.16156
vt 0.32685 0.03682
vt 0.21941 0.03682
vt 0.33085 0.44213
vt 0.03716 0.44213
vt 0.32970 0.32602
vt 0.69817 0.32602
vt 0.64207 0.16156
vt 0.33620 0.98385
vt 0.33457 0.81939
vt 0.10112 0.81939
vt 0.54988 0.03682
vt 0.03433 0.32602
vt 0.56727 0.81939
vt 0.68347 0.65493
vt 0.72497 0.49048
vt 0.73717 0.44213
vt 0.04101 0.65493
vt 0.33295 0.65493
vt 0.33132 0.49048
vt 0.03834 0.49048
vt 0.09177 0.16156
vt 0.32808 0.16156
vt 0.32685 0.03682
vt 0.21941 0.03682
vt 0.33085 0.44213
vt 0.03716 0.44213
vt 0.32970 0.32602
vt 0.69817 0.32602
vt 0.64207 0.16156
vt 0.33620 0.98385
vt 0.33457 0.81939
vt 0.10112 0.81939
vt 0.54988 0.03682
vt 0.03433 0.32602
vt 0.56727 0.81939
vt 0.68347 0.65493
vt 0.72497 0.49048
vt 0.73717 0.44213
vt 0.04101 0.65493
vt 0.03834 0.49048
vt 0.33132 0.49048
vt 0.33295 0.65493
vt 0.09177 0.16156
vt 0.21941 0.03682
vt 0.32685 0.03682
vt 0.32808 0.16156
vt 0.03716 0.44213
vt 0.33085 0.44213
vt 0.32970 0.32602
vt 0.64207 0.16156
vt 0.69817 0.32602
vt 0.33620 0.98385
vt 0.10112 0.81939
vt 0.33457 0.81939
vt 0.54988 0.03682
vt 0.03433 0.32602
vt 0.68347 0.65493
vt 0.56727 0.81939
vt 0.73717 0.44213
vt 0.72497 0.49048
vt 0.04101 0.65493
vt 0.33295 0.65493
vt 0.33132 0.49048
vt 0.03834 0.49048
vt 0.09177 0.16156
vt 0.32808 0.16156
vt 0.32685 0.03682
vt 0.21941 0.03682
vt 0.33085 0.44213
vt 0.03716 0.44213
vt 0.32970 0.32602
vt 0.69817 0.32602
vt 0.64207 0.16156
vt 0.33620 0.98385
vt 0.33457 0.81939
vt 0.10112 0.81939
vt 0.54988 0.03682
vt 0.03433 0.32602
vt 0.56727 0.81939
vt 0.68347 0.65493
vt 0.72497 0.49048
vt 0.73717 0.44213
vt 0.04101 0.65493
vt 0.33295 0.65493
vt 0.33132 0.49048
vt 0.03834 0.49048
vt 0.09177 0.16156
vt 0.32808 0.16156
vt 0.32685 0.03682
vt 0.21941 0.03682
vt 0.33085 0.44213
vt 0.03716 0.44213
vt 0.32970 0.32602
vt 0.69817 0.32602
vt 0.64207 0.16156
vt 0.33620 0.98385
vt 0.33457 0.81939
vt 0.10112 0.81939
vt 0.54988 0.03682
vt 0.03433 0.32602
vt 0.56727 0.81939
vt 0.68347 0.65493
vt 0.72497 0.49048
vt 0.73717 0.44213
vt 0.04101 0.65493
vt 0.33295 0.65493
vt 0.33132 0.49048
vt 0.03834 0.49048
vt 0.09177 0.16156
vt 0.32808 0.16156
vt 0.32685 0.03682
vt 0.21941 0.03682
vt 0.33085 0.44213
vt 0.03716 0.44213
vt 0.32970 0.32602
vt 0.69817 0.32602
vt 0.64207 0.16156
vt 0.33620 0.98385
vt 0.33457 0.81939
vt 0.10112 0.81939
vt 0.54988 0.03682
vt 0.03433 0.32602
vt 0.56727 0.81939
vt 0.68347 0.65493
vt 0.72497 0.49048
vt 0.73717 0.44213
vt 0.04101 0.65493
vt 0.33295 0.65493
vt 0.33132 0.49048
vt 0.03834 0.49048
vt 0.09177 0.16156
vt 0.32808 0.16156
vt 0.32685 0.03682
vt 0.21941 0.03682
vt 0.33085 0.44213
vt 0.03716 0.44213
vt 0.32970 0.32602
vt 0.69817 0.32602
vt 0.64207 0.16156
vt 0.33620 0.98385
vt 0.33457 0.81939
vt 0.10112 0.81939
vt 0.54988 0.03682
vt 0.03433 0.32602
vt 0.56727 0.81939
vt 0.68347 0.65493
vt 0.72497 0.49048
vt 0.73717 0.44213
vt 0.04101 0.65493
vt 0.03834 0.49048
vt 0.33132 0.49048
vt 0.33295 0.65493
vt 0.09177 0.16156
vt 0.21941 0.03682
vt 0.32685 0.03682
vt 0.32808 0.16156
vt 0.03716 0.44213
vt 0.33085 0.44213
vt 0.32970 0.32602
vt 0.64207 0.16156
vt 0.69817 0.32602
vt 0.33620 0.98385
vt 0.10112 0.81939
vt 0.33457 0.81939
vt 0.54988 0.03682
vt 0.03433 0.32602
vt 0.68347 0.65493
vt 0.56727 0.81939
vt 0.73717 0.44213
vt 0.72497 0.49048
vt 0.04101 0.65493
vt 0.33295 0.65493
vt 0.33132 0.49048
vt 0.03834 0.49048
vt 0.09177 0.16156
vt 0.32808 0.16156
vt 0.32685 0.03682
vt 0.21941 0.03682
vt 0.33085 0.44213
vt 0.03716 0.44213
vt 0.32970 0.32602
vt 0.69817 0.32602
vt 0.64207 0.16156
vt 0.33620 0.98385
vt 0.33457 0.81939
vt 0.10112 0.81939
vt 0.54988 0.03682
vt 0.03433 0.32602
vt 0.56727 0.81939
vt 0.68347 0.65493
vt 0.72497 0.49048
vt 0.73717 0.44213
vt 0.04101 0.65493
vt 0.33295 0.65493
vt 0.33132 0.49048
vt 0.03834 0.49048
vt 0.09177 0.16156
vt 0.32808 0.16156
vt 0.32685 0.03682
vt 0.21941 0.03682
vt 0.33085 0.44213
vt 0.03716 0.44213
vt 0.32970 0.32602
vt 0.69817 0.32602
vt 0.64207 0.16156
vt 0.33620 0.98385
vt 0.33457 0.81939
vt 0.10112 0.81939
vt 0.54988 0.03682
vt 0.03433 0.32602
vt 0.56727 0.81939
vt 0.68347 0.65493
vt 0.72497 0.49048
vt 0.73717 0.44213
vt 0.04101 0.65493
vt 0.33295 0.65493
vt 0.33132 0.49048
vt 0.03834 0.49048
vt 0.09177 0.16156
vt 0.32808 0.16156
vt 0.32685 0.03682
vt 0.21941 0.03682
vt 0.33085 0.44213
vt 0.03716 0.44213
vt 0.32970 0.32602
vt 0.69817 0.32602
vt 0.64207 0.16156
vt 0.33620 0.98385
vt 0.33457 0.81939
vt 0.10112 0.81939
vt 0.54988 0.03682
vt 0.03433 0.32602
vt 0.56727 0.81939
vt 0.68347 0.65493
vt 0.72497 0.49048
vt 0.73717 0.44213
vt 0.04101 0.65493
vt 0.33295 0.65493
vt 0.33132 0.49048
vt 0.03834 0.49048
vt 0.09177 0.16156
vt 0.32808 0.16156
vt 0.32685 0.03682
vt 0.21941 0.03682
vt 0.33085 0.44213
vt 0.03716 0.44213
vt 0.32970 0.32602
vt 0.69817 0.32602
vt 0.64207 0.16156
vt 0.33620 0.98385
vt 0.33457 0.81939
vt 0.10112 0.81939
vt 0.54988 0.03682
vt 0.03433 0.32602
vt 0.56727 0.81939
vt 0.68347 0.65493
vt 0.72497 0.49048
vt 0.73717 0.44213
vt 0.04101 0.65493
vt 0.03834 0.49048
vt 0.33132 0.49048
vt 0.33295 0.65493
vt 0.09177 0.16156
vt 0.21941 0.03682
vt 0.32685 0.03682
vt 0.32808 0.16156
vt 0.03716 0.44213
vt 0.33085 0.44213
vt 0.32970 0.32602
vt 0.64207 0.16156
vt 0.69817 0.32602
vt 0.33620 0.98385
vt 0.10112 0.81939
vt 0.33457 0.81939
vt 0.54988 0.03682
vt 0.03433 0.32602
vt 0.68347 0.65493
vt 0.56727 0.81939
vt 0.73717 0.44213
vt 0.72497 0.49048
vt 0.04101 0.65493
vt 0.33295 0.65493
vt 0.33132 0.49048
vt 0.03834 0.49048
vt 0.09177 0.16156
vt 0.32808 0.16156
vt 0.32685 0.03682
vt 0.21941 0.03682
vt 0.33085 0.44213
vt 0.03716 0.44213
vt 0.32970 0.32602
vt 0.69817 0.32602
vt 0.64207 0.16156
vt 0.33620 0.98385
vt 0.33457 0.81939
vt 0.10112 0.81939
vt 0.54988 0.03682
vt 0.03433 0.32602
vt 0.56727 0.81939
vt 0.68347 0.65493
vt 0.72497 0.49048
vt 0.73717 0.44213
vt 0.04101 0.65493
vt 0.33295 0.65493
vt 0.33132 0.49048
vt 0.03834 0.49048
vt 0.09177 0.16156
vt 0.32808 0.16156
vt 0.32685 0.03682
vt 0.21941 0.03682
vt 0.33085 0.44213
vt 0.03716 0.44213
vt 0.32970 0.32602
vt 0.69817 0.32602
vt 0.64207 0.16156
vt 0.33620 0.98385
vt 0.33457 0.81939
vt 0.10112 0.81939
vt 0.54988 0.03682
vt 0.03433 0.32602
vt 0.56727 0.81939
vt 0.68347 0.65493
vt 0.72497 0.49048
vt 0.73717 0.44213
vt 0.04101 0.65493
vt 0.33295 0.65493
vt 0.33132 0.49048
vt 0.03834 0.49048
vt 0.09177 0.16156
vt 0.32808 0.16156
vt 0.32685 0.03682
vt 0.21941 0.03682
vt 0.33085 0.44213
vt 0.03716 0.44213
vt 0.32970 0.32602
vt 0.69817 0.32602
vt 0.64207 0.16156
vt 0.33620 0.98385
vt 0.33457 0.81939
vt 0.10112 0.81939
vt 0.54988 0.03682
vt 0.03433 0.32602
vt 0.56727 0.81939
vt 0.68347 0.65493
vt 0.72497 0.49048
vt 0.73717 0.44213
vt 0.04101 0.65493
vt 0.33295 0.65493
vt 0.33132 0.49048
vt 0.03834 0.49048
vt 0.09177 0.16156
vt 0.32808 0.16156
vt 0.32685 0.03682
vt 0.21941 0.03682
vt 0.33085 0.44213
vt 0.03716 0.44213
vt 0.32970 0.32602
vt 0.69817 0.32602
vt 0.64207 0.16156
vt 0.33620 0.98385
vt 0.33457 0.81939
vt 0.10112 0.81939
vt 0.54988 0.03682
vt 0.03433 0.32602
vt 0.56727 0.81939
vt 0.68347 0.65493
vt 0.72497 0.49048
vt 0.73717 0.44213
vt 0.04101 0.65493
vt 0.03834 0.49048
vt 0.33132 0.49048
vt 0.33295 0.65493
vt 0.09177 0.16156
vt 0.21941 0.03682
vt 0.32685 0.03682
vt 0.32808 0.16156
vt 0.03716 0.44213
vt 0.33085 0.44213
vt 0.32970 0.32602
vt 0.64207 0.16156
vt 0.69817 0.32602
vt 0.33620 0.98385
vt 0.10112 0.81939
vt 0.33457 0.81939
vt 0.54988 0.03682
vt 0.03433 0.32602
vt 0.68347 0.65493
vt 0.56727 0.81939
vt 0.73717 0.44213
vt 0.72497 0.49048
vt 0.04101 0.65493
vt 0.33295 0.65493
vt 0.33132 0.49048
vt 0.03834 0.49048
vt 0.09177 0.16156
vt 0.32808 0.16156
vt 0.32685 0.03682
vt 0.21941 0.03682
vt 0.33085 0.44213
vt 0.03716 0.44213
vt 0.32970 0.32602
vt 0.69817 0.32602
vt 0.64207 0.16156
vt 0.33620 0.98385
vt 0.33457 0.81939
vt 0.10112 0.81939
vt 0.54988 0.03682
vt 0.03433 0.32602
vt 0.56727 0.81939
vt 0.68347 0.65493
vt 0.72497 0.49048
vt 0.73717 0.44213
vt 0.04101 0.65493
vt 0.33295 0.65493
vt 0.33132 0.49048
vt 0.03834 0.49048
vt 0.09177 0.16156
vt 0.32808 0.16156
vt 0.32685 0.03682
vt 0.21941 0.03682
vt 0.33085 0.44213
vt 0.03716 0.44213
vt 0.32970 0.32602
vt 0.69817 0.32602
vt 0.64207 0.16156
vt 0.33620 0.98385
vt 0.33457 0.81939
vt 0.10112 0.81939
vt 0.54988 0.03682
vt 0.03433 0.32602
vt 0.56727 0.81939
vt 0.68347 0.65493
vt 0.72497 0.49048
vt 0.73717 0.44213
vt 0.04101 0.65493
vt 0.33295 0.65493
vt 0.33132 0.49048
vt 0.03834 0.49048
vt 0.09177 0.16156
vt 0.32808 0.16156
vt 0.32685 0.03682
vt 0.21941 0.03682
vt 0.33085 0.44213
vt 0.03716 0.44213
vt 0.32970 0.32602
vt 0.69817 0.32602
vt 0.64207 0.16156
vt 0.33620 0.98385
vt 0.33457 0.81939
vt 0.10112 0.81939
vt 0.54988 0.03682
vt 0.03433 0.32602
vt 0.56727 0.81939
vt 0.68347 0.65493
vt 0.72497 0.49048
vt 0.73717 0.44213
vt 0.04101 0.65493
vt 0.33295 0.65493
vt 0.33132 0.49048
vt 0.03834 0.49048
vt 0.09177 0.16156
vt 0.32808 0.16156
vt 0.32685 0.03682
vt 0.21941 0.03682
vt 0.33085 0.44213
vt 0.03716 0.44213
vt 0.32970 0.32602
vt 0.69817 0.32602
vt 0.64207 0.16156
vt 0.33620 0.98385
vt 0.33457 0.81939
vt 0.10112 0.81939
vt 0.54988 0.03682
vt 0.03433 0.32602
vt 0.56727 0.81939
vt 0.68347 0.65493
vt 0.72497 0.49048
vt 0.73717 0.44213
vt 0.04101 0.65493
vt 0.03834 0.49048
vt 0.33132 0.49048
vt 0.33295 0.65493
vt 0.09177 0.16156
vt 0.21941 0.03682
vt 0.32685 0.03682
vt 0.32808 0.16156
vt 0.03716 0.44213
vt 0.33085 0.44213
vt 0.32970 0.32602
vt 0.64207 0.16156
vt 0.69817 0.32602
vt 0.33620 0.98385
vt 0.10112 0.81939
vt 0.33457 0.81939
vt 0.54988 0.03682
vt 0.03433 0.32602
vt 0.68347 0.65493
vt 0.56727 0.81939
vt 0.73717 0.44213
vt 0.72497 0.49048
vn 0.1057 -0.6447 0.7570
vn 0.0830 -0.6376 0.7658
vn 0.1340 -0.1461 0.9802
vn -0.0245 -0.9399 0.3405
vn -0.0332 -0.9328 0.3588
vn -0.1355 -0.9091 0.3941
vn -0.1124 -0.5972 0.7942
vn 0.0182 -0.1603 0.9869
vn 0.1274 -0.1614 0.9787
vn -0.4437 -0.4787 0.7576
vn -0.3749 -0.8140 0.4438
vn -0.5673 -0.3943 0.7230
vn -0.2139 -0.1410 0.9667
vn 0.2233 -0.8212 0.5251
vn 0.2066 -0.8342 0.5113
vn -0.2876 -0.6871 0.6673
vn 0.6224 -0.7602 0.1865
vn 0.6055 -0.7730 0.1896
vn 0.5388 -0.8332 0.1248
vn 0.1012 -0.9253 0.3655
vn -0.3135 -0.7552 0.5757
vn -0.2761 -0.6977 0.6611
vn -0.0805 -0.9943 0.0699
vn 0.3646 -0.9300 -0.0458
vn -0.1722 -0.9836 -0.0528
vn -0.3900 -0.8421 0.3726
vn 0.5545 -0.6338 0.5393
vn 0.5722 -0.6332 0.5212
vn 0.3907 -0.9151 0.0997
vn 0.6153 -0.1645 0.7709
vn 0.6264 -0.1783 0.7588
vn 0.7085 -0.1702 0.6849
vn 0.7146 -0.5822 0.3879
vn 0.4890 -0.8705 0.0547
vn 0.4024 -0.9088 0.1098
vn 0.8954 -0.4268 0.1266
vn 0.8675 -0.1276 0.4806
vn 0.9346 -0.3556 -0.0038
vn 0.6485 -0.7577 -0.0736
vn 0.4847 -0.4019 0.7768
vn 0.4880 -0.3787 0.7865
vn 0.8617 -0.1274 0.4911
vn -0.0260 -0.4903 0.8711
vn -0.0101 -0.4780 0.8783
vn -0.0022 -0.3782 0.9257
vn 0.4667 -0.1935 0.8631
vn 0.8272 -0.0399 0.5605
vn 0.8531 -0.1307 0.5051
vn 0.3726 0.1433 0.9169
vn 0.0006 -0.1244 0.9922
vn 0.3324 0.2903 0.8973
vn 0.7442 0.1602 0.6484
vn 0.1744 -0.6148 0.7692
vn 0.1577 -0.6312 0.7594
vn -0.3373 -0.4329 0.8360
vn 0.5886 -0.6725 0.4488
vn 0.5711 -0.6833 0.4549
vn 0.5051 -0.7597 0.4094
vn 0.0553 -0.7620 0.6451
vn -0.3617 -0.5261 0.7697
vn -0.3259 -0.4451 0.8341
vn -0.1164 -0.9183 0.3782
vn 0.3349 -0.9027 0.2701
vn -0.2027 -0.9457 0.2541
vn -0.4327 -0.6718 0.6013
vn 0.4685 -0.5179 0.7157
vn 0.4813 -0.5304 0.6978
vn 0.1433 -0.8761 0.4604
vn 0.7019 -0.0456 0.7109
vn 0.7060 -0.0659 0.7052
vn 0.7689 -0.1155 0.6288
vn 0.5994 -0.5867 0.5446
vn 0.2376 -0.8885 0.3924
vn 0.1582 -0.8707 0.4657
vn 0.7536 -0.6167 0.2276
vn 0.8850 -0.2123 0.4143
vn 0.7809 -0.6199 0.0764
vn 0.3895 -0.8956 0.2149
vn 0.4017 -0.1893 0.8961
vn 0.4153 -0.1680 0.8941
vn 0.8068 -0.2528 0.5340
vn -0.0810 -0.0036 0.9967
vn -0.0605 0.0025 0.9981
vn -0.0067 0.0993 0.9950
vn 0.4810 0.0218 0.8764
vn 0.8209 -0.1384 0.5541
vn 0.7999 -0.2458 0.5475
vn 0.5370 0.3532 0.7661
vn 0.1064 0.3291 0.9383
vn 0.5556 0.4789 0.6797
vn 0.8384 0.0940 0.5370
vn 0.0730 -0.2253 0.9716
vn 0.0501 -0.2151 0.9753
vn 0.0993 0.3203 0.9421
vn -0.0464 -0.6793 0.7323
vn -0.0556 -0.6647 0.7451
vn -0.1587 -0.6280 0.7619
vn -0.1457 -0.1673 0.9751
vn -0.0169 0.3101 0.9505
vn 0.0925 0.3060 0.9476
vn -0.4743 -0.0805 0.8767
vn -0.3986 -0.5220 0.7540
vn -0.5957 -0.0221 0.8029
vn -0.2479 0.3167 0.9156
vn 0.3760 -0.3882 0.8414
vn 0.4793 -0.2342 0.8458
vn 0.5727 -0.3167 0.7562
vn 0.4279 -0.5293 0.7326
vn 0.2597 -0.6839 0.6818
vn 0.4376 -0.2409 0.8662
vn 0.2210 -0.1885 0.9569
vn -0.0534 -0.6339 0.7715
vn 0.5919 -0.3242 0.7380
vn 0.4502 -0.6259 0.6368
vn 0.5925 -0.2991 0.7480
vn 0.6494 0.1127 0.7520
vn 0.5962 0.2275 0.7699
vn 0.1968 -0.0778 0.9774
vn 0.3264 -0.1362 0.9354
vn 0.3102 -0.3018 0.9015
vn 0.4318 0.3293 0.8396
vn 0.4214 -0.6611 0.6208
vn 0.4546 -0.0209 0.8904
vn 0.5805 -0.0798 0.8104
vn 0.6690 -0.0653 0.7404
vn 0.6715 0.0131 0.7409
vn -0.0304 -0.4392 0.8979
vn 0.1222 -0.5062 0.8537
vn 0.0440 -0.6079 0.7928
vn -0.1539 -0.5025 0.8508
vn -0.2975 -0.1886 0.9359
vn 0.1183 -0.4516 0.8843
vn 0.2251 -0.2565 0.9400
vn -0.2167 0.0929 0.9718
vn 0.0287 -0.6204 0.7838
vn -0.2333 -0.4631 0.8550
vn 0.0229 -0.5997 0.7999
vn 0.3347 -0.7343 0.5906
vn 0.4475 -0.6822 0.5783
vn 0.3226 -0.2358 0.9167
vn 0.2456 -0.3503 0.9039
vn 0.0663 -0.3270 0.9427
vn 0.5962 -0.5249 0.6075
vn -0.2789 -0.3707 0.8859
vn 0.3268 -0.4822 0.8128
vn 0.2615 -0.5778 0.7731
vn 0.2495 -0.6793 0.6902
vn 0.2822 -0.7253 0.6278
vn 0.1083 -0.4389 0.8920
vn 0.3499 -0.3873 0.8530
vn 0.3616 -0.5443 0.7570
vn 0.0367 -0.6169 0.7863
vn -0.1173 -0.5568 0.8223
vn 0.3772 -0.3948 0.8378
vn 0.3057 -0.1725 0.9364
vn -0.2480 -0.2686 0.9308
vn 0.3872 -0.5890 0.7094
vn -0.0068 -0.7016 0.7125
vn 0.4021 -0.5810 0.7077
vn 0.7557 -0.3497 0.5537
vn 0.7879 -0.2315 0.5707
vn 0.3600 -0.0834 0.9293
vn 0.3665 -0.2009 0.9085
vn 0.1683 -0.2764 0.9462
vn 0.7652 -0.0208 0.6435
vn -0.0310 -0.6904 0.7227
vn 0.5456 -0.2346 0.8045
vn 0.5775 -0.3261 0.7485
vn 0.6555 -0.3826 0.6511
vn 0.7160 -0.3843 0.5829
vn 0.5682 0.0903 0.8180
vn 0.4291 0.1415 0.8921
vn 0.4549 0.2436 0.8565
vn 0.6435 0.1785 0.7443
vn 0.8242 -0.0341 0.5652
vn 0.4603 0.0580 0.8859
vn 0.4423 -0.1589 0.8827
vn 0.8101 -0.3195 0.4915
vn 0.4577 0.2254 0.8601
vn 0.7129 0.1618 0.6824
vn 0.4605 0.2170 0.8607
vn 0.0873 0.2674 0.9596
vn -0.0009 0.2325 0.9726
vn 0.3381 -0.1768 0.9244
vn 0.3819 -0.0438 0.9232
vn 0.5261 -0.0402 0.8494
vn -0.0872 0.0608 0.9944
vn 0.7659 0.1130 0.6331
vn 0.2638 0.0845 0.9609
vn 0.2789 0.2025 0.9387
vn 0.2348 0.2895 0.9280
vn 0.1616 0.2844 0.9450
vn -0.0577 -0.3279 0.9430
vn -0.1571 -0.3979 0.9039
vn -0.1340 -0.1740 0.9756
vn -0.0399 -0.1710 0.9844
vn -0.1371 -0.6529 0.7450
vn 0.1276 -0.7648 0.6316
vn 0.2189 -0.2973 0.9293
vn 0.0128 -0.2338 0.9722
vn -0.1823 -0.4946 0.8498
vn -0.1199 -0.1912 0.9742
vn -0.1360 -0.1875 0.9728
vn 0.0503 0.2670 0.9624
vn -0.0151 0.1990 0.9799
vn 0.2847 -0.2095 0.9354
vn 0.0720 -0.3295 0.9414
vn 0.1463 -0.1933 0.9702
vn 0.2405 0.2800 0.9294
vn -0.2083 -0.5541 0.8059
vn -0.0325 -0.0044 0.9994
vn 0.0853 -0.0340 0.9957
vn -0.0604 0.1359 0.9889
vn -0.0962 0.0687 0.9930
vn 0.7957 0.0428 0.6042
vn 0.6971 0.1700 0.6966
vn 0.7593 0.2656 0.5940
vn 0.8876 0.0929 0.4511
vn 0.9477 -0.0826 0.3084
vn 0.6985 0.1239 0.7049
vn 0.6245 -0.0939 0.7753
vn 0.8459 -0.3914 0.3622
vn 0.7641 0.2872 0.5775
vn 0.9378 0.1206 0.3256
vn 0.7469 0.2902 0.5982
vn 0.4129 0.4262 0.8049
vn 0.3056 0.3946 0.8666
vn 0.5306 -0.0999 0.8417
vn 0.6031 0.0216 0.7974
vn 0.7262 -0.0180 0.6872
vn 0.1966 0.2416 0.9503
vn 0.9525 0.0908 0.2908
vn 0.5249 0.1780 0.8324
vn 0.5809 0.3063 0.7541
vn 0.5668 0.4116 0.7137
vn 0.5005 0.4297 0.7516
vn 0.7381 -0.3649 0.5674
vn 0.8242 -0.2230 0.5207
vn 0.8623 -0.3003 0.4078
vn 0.7352 -0.4808 0.4778
vn 0.4572 -0.5755 0.6781
vn 0.7887 -0.2240 0.5724
vn 0.6772 -0.0993 0.7291
vn 0.2553 -0.4522 0.8546
vn 0.8645 -0.3148 0.3918
vn 0.6788 -0.5487 0.4880
vn 0.8517 -0.3205 0.4146
vn 0.9762 0.0028 0.2167
vn 0.9610 0.1227 0.2478
vn 0.6797 0.0029 0.7335
vn 0.7490 -0.0891 0.6566
vn 0.6901 -0.2636 0.6740
vn 0.8837 0.2863 0.3701
vn 0.5983 -0.5812 0.5515
vn 0.8494 -0.0146 0.5276
vn 0.8950 -0.0844 0.4380
vn 0.9440 -0.0935 0.3162
vn 0.9679 -0.0550 0.2453
vn 0.7780 -0.2329 0.5835
vn 0.7917 0.0154 0.6108
vn 0.8902 0.0208 0.4551
vn 0.8649 -0.3073 0.3967
vn 0.7812 -0.4496 0.4330
vn 0.8002 0.0437 0.5982
vn 0.6283 -0.0056 0.7780
vn 0.5388 -0.5438 0.6434
vn 0.9167 0.0489 0.3965
vn 0.8940 -0.3450 0.2860
vn 0.9138 0.0650 0.4010
vn 0.7601 0.4867 0.4305
vn 0.6756 0.5362 0.5059
vn 0.5656 0.0656 0.8221
vn 0.6598 0.0535 0.7495
vn 0.6794 -0.1584 0.7164
vn 0.5180 0.5377 0.6652
vn 0.8812 -0.3682 0.2965
vn 0.7007 0.2436 0.6706
vn 0.7657 0.2703 0.5835
vn 0.7979 0.3590 0.4842
vn 0.7897 0.4342 0.4334
vn 0.4344 0.3271 0.8392
vn 0.3786 0.1865 0.9066
vn 0.2841 0.2412 0.9279
vn 0.3515 0.4361 0.8284
vn 0.5152 0.6121 0.5999
vn 0.4572 0.2005 0.8665
vn 0.6364 0.1404 0.7585
vn 0.7252 0.5611 0.3990
vn 0.3021 0.2392 0.9227
vn 0.3614 0.5150 0.7773
vn 0.3105 0.2400 0.9198
vn 0.1938 -0.1278 0.9727
vn 0.2020 -0.2213 0.9540
vn 0.6369 0.0274 0.7704
vn 0.5359 0.0959 0.8388
vn 0.5465 0.2524 0.7985
vn 0.3317 -0.3431 0.8787
vn 0.3992 0.5684 0.7194
vn 0.4051 0.0006 0.9142
vn 0.2995 0.0449 0.9530
vn 0.2069 0.0241 0.9780
vn 0.1959 -0.0504 0.9793
vn 0.6530 -0.3804 0.6549
vn 0.6664 -0.4772 0.5728
vn 0.5111 -0.4298 0.7444
vn 0.5410 -0.3431 0.7679
vn 0.8256 -0.4665 0.3174
vn 0.9558 -0.2093 0.2064
vn 0.7059 -0.1105 0.6997
vn 0.6059 -0.3030 0.7356
vn 0.7193 -0.5056 0.4764
vn 0.5295 -0.4197 0.7372
vn 0.5209 -0.4337 0.7352
vn 0.1839 -0.1633 0.9693
vn 0.2294 -0.2434 0.9424
vn 0.6532 -0.0324 0.7564
vn 0.6934 -0.2584 0.6726
vn 0.6112 -0.1688 0.7732
vn 0.2174 0.0271 0.9758
vn 0.7442 -0.5302 0.4062
vn 0.4066 -0.3064 0.8607
vn 0.4665 -0.2008 0.8614
vn 0.2733 -0.3012 0.9136
vn 0.3217 -0.3497 0.8799
vn 0.5678 0.0451 0.8219
vn 0.5930 0.2226 0.7738
vn 0.7064 0.1639 0.6886
vn 0.6686 -0.0866 0.7385
vn 0.5823 -0.3036 0.7541
vn 0.5602 0.2055 0.8025
vn 0.3497 0.1881 0.9177
vn 0.2864 -0.3625 0.8869
vn 0.7256 0.1603 0.6691
vn 0.7242 -0.1880 0.6635
vn 0.7159 0.1852 0.6732
vn 0.5861 0.5683 0.5776
vn 0.4893 0.6517 0.5796
vn 0.2807 0.2804 0.9179
vn 0.4194 0.2705 0.8665
vn 0.4754 0.1103 0.8728
vn 0.3023 0.6929 0.6546
vn 0.7126 -0.2348 0.6611
vn 0.4804 0.4108 0.7749
vn 0.6132 0.3885 0.6878
vn 0.6810 0.4179 0.6013
vn 0.6487 0.4873 0.5845
vn 0.2305 -0.1487 0.9617
vn 0.3934 -0.1573 0.9058
vn 0.3638 -0.2944 0.8837
vn 0.1445 -0.2670 0.9528
vn -0.1160 -0.0283 0.9928
vn 0.3681 -0.1029 0.9240
vn 0.3821 0.1258 0.9155
vn -0.1649 0.2598 0.9515
vn 0.3549 -0.3140 0.8806
vn 0.0563 -0.2638 0.9630
vn 0.3418 -0.2939 0.8926
vn 0.6651 -0.3421 0.6638
vn 0.7422 -0.2543 0.6201
vn 0.4585 0.1771 0.8709
vn 0.4390 0.0425 0.8975
vn 0.2711 0.0006 0.9625
vn 0.8083 -0.0488 0.5868
vn -0.0229 -0.1932 0.9809
vn 0.5631 -0.0646 0.8239
vn 0.5439 -0.1853 0.8185
vn 0.5717 -0.3014 0.7630
vn 0.6168 -0.3454 0.7073
vn 0.3542 -0.0938 0.9305
vn 0.5450 0.0385 0.8375
vn 0.6175 -0.1199 0.7773
vn 0.3607 -0.3070 0.8807
vn 0.1991 -0.3073 0.9306
vn 0.5717 0.0390 0.8195
vn 0.4169 0.2307 0.8792
vn -0.0369 -0.0794 0.9961
vn 0.6567 -0.1615 0.7367
vn 0.3538 -0.4188 0.8363
vn 0.6664 -0.1490 0.7305
vn 0.8702 0.1540 0.4680
vn 0.8483 0.2747 0.4527
vn 0.4259 0.3285 0.8430
vn 0.4819 0.2230 0.8474
vn 0.3404 0.0870 0.9363
vn 0.7406 0.4691 0.4811
vn 0.3279 -0.4160 0.8482
vn 0.6496 0.2378 0.7221
vn 0.7143 0.1556 0.6824
vn 0.8020 0.1113 0.5868
vn 0.8520 0.1156 0.5107
vn 0.5279 0.5338 0.6606
vn 0.3863 0.5425 0.7460
vn 0.3618 0.6322 0.6851
vn 0.5513 0.6211 0.5570
vn 0.7937 0.4600 0.3981
vn 0.4504 0.4805 0.7525
vn 0.5295 0.2833 0.7996
vn 0.9012 0.1853 0.3918
vn 0.3726 0.6184 0.6920
vn 0.6162 0.6178 0.4885
vn 0.3790 0.6123 0.6939
vn 0.0298 0.5319 0.8463
vn -0.0330 0.4693 0.8824
vn 0.4470 0.2369 0.8626
vn 0.4276 0.3702 0.8246
vn 0.5499 0.4117 0.7267
vn -0.0331 0.2906 0.9563
vn 0.6816 0.5831 0.4420
vn 0.2683 0.4445 0.8547
vn 0.2283 0.5474 0.8051
vn 0.1498 0.6024 0.7841
vn 0.0878 0.5729 0.8149
vn 0.1604 -0.0504 0.9858
vn 0.0995 -0.1625 0.9817
vn 0.0267 0.0617 0.9977
vn 0.1105 0.1050 0.9883
vn 0.2180 -0.4203 0.8808
vn 0.4960 -0.4415 0.7477
vn 0.3936 0.0847 0.9154
vn 0.1843 0.0683 0.9805
vn 0.1155 -0.2719 0.9554
vn 0.0469 0.0521 0.9975
vn 0.0307 0.0483 0.9983
vn -0.0030 0.5173 0.8558
vn -0.0304 0.4363 0.8993
vn 0.4144 0.1897 0.8901
vn 0.2771 0.0004 0.9608
vn 0.2859 0.1572 0.9452
vn 0.1592 0.5968 0.7864
vn 0.1151 -0.3463 0.9310
vn 0.0450 0.2574 0.9652
vn 0.1631 0.2783 0.9466
vn -0.0425 0.3654 0.9299
vn -0.0448 0.2934 0.9549
vn 0.5988 0.1093 0.7934
vn 0.6776 0.2445 0.6936
vn 0.7604 0.1286 0.6366
vn 0.6461 -0.0670 0.7604
vn 0.4949 -0.2276 0.8386
vn 0.6426 0.2489 0.7246
vn 0.4452 0.3381 0.8292
vn 0.2043 -0.1422 0.9685
vn 0.7762 0.1130 0.6203
vn 0.6610 -0.1991 0.7234
vn 0.7754 0.1397 0.6159
vn 0.7720 0.4945 0.3993
vn 0.7080 0.6012 0.3705
vn 0.4102 0.4430 0.7972
vn 0.5348 0.3729 0.7583
vn 0.5357 0.2136 0.8169
vn 0.5495 0.7225 0.4197
vn 0.6348 -0.2378 0.7351
vn 0.6326 0.4497 0.6305
vn 0.7455 0.3594 0.5612
vn 0.8140 0.3365 0.4734
vn 0.8052 0.4039 0.4341
vn 0.2255 0.0901 0.9701
vn 0.3732 0.0118 0.9277
vn 0.2993 -0.1077 0.9481
vn 0.1053 0.0100 0.9944
vn -0.0604 0.3207 0.9452
vn 0.3681 0.0743 0.9268
vn 0.4552 0.2712 0.8480
vn -0.0151 0.5810 0.8138
vn 0.2843 -0.1232 0.9508
vn 0.0237 0.0449 0.9987
vn 0.2791 -0.0973 0.9553
vn 0.5551 -0.3171 0.7689
vn 0.6540 -0.2776 0.7037
vn 0.5415 0.2781 0.7934
vn 0.4808 0.1726 0.8597
vn 0.3125 0.2104 0.9263
vn 0.7813 -0.1261 0.6113
vn -0.0270 0.1393 0.9899
vn 0.5587 0.0136 0.8293
vn 0.5009 -0.0896 0.8608
vn 0.4861 -0.2195 0.8459
vn 0.5111 -0.2908 0.8089
vn 0.3583 0.0890 0.9294
vn 0.5760 0.1158 0.8091
vn 0.5893 -0.0680 0.8050
vn 0.2920 -0.1189 0.9490
vn 0.1424 -0.0507 0.9886
vn 0.6002 0.1019 0.7933
vn 0.5202 0.3421 0.7825
vn -0.0022 0.2503 0.9682
vn 0.6103 -0.1306 0.7814
vn 0.2465 -0.2301 0.9414
vn 0.6232 -0.1246 0.7721
vn 0.8988 -0.0023 0.4383
vn 0.9165 0.1079 0.3852
vn 0.5584 0.4152 0.7182
vn 0.5771 0.3042 0.7579
vn 0.4045 0.2567 0.8778
vn 0.8799 0.3255 0.3462
vn 0.2237 -0.2156 0.9505
vn 0.7328 0.2235 0.6426
vn 0.7647 0.1167 0.6337
vn 0.8275 0.0188 0.5611
vn 0.8716 -0.0173 0.4900
vn 0.7108 0.5085 0.4859
vn 0.5850 0.5891 0.5574
vn 0.5877 0.6583 0.4705
vn 0.7552 0.5467 0.3617
vn 0.9221 0.2742 0.2729
vn 0.6258 0.5148 0.5860
vn 0.6389 0.3276 0.6961
vn 0.9337 -0.0081 0.3579
vn 0.5938 0.6445 0.4817
vn 0.8114 0.5011 0.3007
vn 0.5978 0.6377 0.4858
vn 0.2511 0.7275 0.6386
vn 0.1736 0.7034 0.6893
vn 0.5496 0.3327 0.7663
vn 0.5726 0.4462 0.6877
vn 0.6957 0.4129 0.5879
vn 0.1196 0.5668 0.8151
vn 0.8591 0.4344 0.2707
vn 0.4481 0.5740 0.6853
vn 0.4410 0.6635 0.6043
vn 0.3836 0.7318 0.5634
vn 0.3172 0.7354 0.5988
vn 0.1928 0.2083 0.9589
vn 0.0984 0.1269 0.9870
vn 0.1039 0.3558 0.9288
vn 0.1964 0.3641 0.9103
vn 0.1205 -0.1733 0.9774
vn 0.3681 -0.3245 0.8713
vn 0.4528 0.2307 0.8613
vn 0.2537 0.3047 0.9180
vn 0.0765 0.0159 0.9970
vn 0.1198 0.3406 0.9325
vn 0.1033 0.3428 0.9337
vn 0.2160 0.7282 0.6505
vn 0.1663 0.6783 0.7157
vn 0.5052 0.3098 0.8056
vn 0.3181 0.2077 0.9250
vn 0.3765 0.3400 0.8618
vn 0.3908 0.7245 0.5678
vn 0.0505 -0.0580 0.9970
vn 0.1829 0.5144 0.8378
vn 0.3001 0.4886 0.8192
vn 0.1335 0.6285 0.7662
vn 0.1093 0.5728 0.8124
vn 0.5888 0.2403 0.7717
vn 0.7074 0.2975 0.6410
vn 0.7512 0.1503 0.6428
vn 0.5793 0.0597 0.8129
vn 0.3843 -0.0078 0.9232
vn 0.6752 0.3233 0.6630
vn 0.5135 0.4978 0.6990
vn 0.1325 0.1995 0.9710
vn 0.7616 0.1258 0.6357
vn 0.5531 -0.0746 0.8298
vn 0.7692 0.1477 0.6217
vn 0.8805 0.3741 0.2913
vn 0.8534 0.4741 0.2166
vn 0.5135 0.5869 0.6260
vn 0.6107 0.4753 0.6333
vn 0.5610 0.3586 0.7461
vn 0.7397 0.6440 0.1952
vn 0.5159 -0.0966 0.8512
vn 0.7299 0.4649 0.5011
vn 0.8103 0.3269 0.4864
vn 0.8698 0.2531 0.4235
vn 0.8831 0.2991 0.3614
vn 0.2251 0.3975 0.8895
vn 0.3417 0.2709 0.9000
vn 0.2338 0.1949 0.9526
vn 0.0854 0.3705 0.9249
vn 0.0257 0.6697 0.7422
vn 0.3564 0.3267 0.8754
vn 0.5019 0.4438 0.7424
vn 0.1522 0.8332 0.5316
vn 0.2148 0.1866 0.9587
vn 0.0187 0.4256 0.9047
vn 0.2179 0.2125 0.9526
vn 0.4148 -0.1305 0.9005
vn 0.5222 -0.1492 0.8397
vn 0.5869 0.4042 0.7016
vn 0.4952 0.3549 0.7930
vn 0.3458 0.4613 0.8170
vn 0.6921 -0.0885 0.7164
vn 0.0002 0.5191 0.8547
vn 0.5203 0.1818 0.8345
vn 0.4327 0.1201 0.8935
vn 0.3784 0.0046 0.9257
vn 0.3804 -0.0794 0.9214
vn 0.3516 0.3433 0.8710
vn 0.5689 0.2586 0.7807
vn 0.5244 0.0923 0.8465
vn 0.2234 0.1876 0.9565
vn 0.1019 0.3047 0.9470
vn 0.5879 0.2334 0.7746
vn 0.5869 0.4619 0.6650
vn 0.0586 0.6007 0.7973
vn 0.5251 0.0222 0.8507
vn 0.1457 0.0999 0.9843
vn 0.5395 0.0203 0.8417
vn 0.8454 -0.0811 0.5280
vn 0.8975 -0.0105 0.4409
vn 0.6472 0.4899 0.5841
vn 0.6296 0.4031 0.6642
vn 0.4487 0.4570 0.7680
vn 0.9312 0.1750 0.3199
vn 0.1284 0.1226 0.9841
vn 0.7545 0.2435 0.6095
vn 0.7516 0.1375 0.6451
vn 0.7820 0.0057 0.6233
vn 0.8138 -0.0663 0.5773
vn 0.8251 0.4376 0.3574
vn 0.7294 0.5715 0.3760
vn 0.7551 0.5971 0.2709
vn 0.8814 0.4097 0.2352
vn 0.9567 0.0894 0.2771
vn 0.7445 0.5063 0.4352
vn 0.6966 0.3820 0.6073
vn 0.8782 -0.1276 0.4610
vn 0.7563 0.5878 0.2871
vn 0.9217 0.3301 0.2038
vn 0.7580 0.5823 0.2940
vn 0.4538 0.8181 0.3533
vn 0.3719 0.8386 0.3981
vn 0.6122 0.4391 0.6577
vn 0.6707 0.5011 0.5467
vn 0.7791 0.3982 0.4842
vn 0.2758 0.7837 0.5567
vn 0.9467 0.2465 0.2073
vn 0.5924 0.6469 0.4802
vn 0.6151 0.6954 0.3716
vn 0.5825 0.7551 0.3009
vn 0.5199 0.7908 0.3231
vn 0.2310 0.5057 0.8312
vn 0.1156 0.4720 0.8740
vn 0.1931 0.6480 0.7368
vn 0.2839 0.6221 0.7297
vn 0.0431 0.1991 0.9791
vn 0.2331 -0.0443 0.9714
vn 0.4867 0.4142 0.7691
vn 0.3197 0.5571 0.7665
vn 0.0598 0.3848 0.9211
vn 0.2033 0.6317 0.7481
vn 0.1884 0.6387 0.7461
vn 0.4204 0.8332 0.3592
vn 0.3567 0.8291 0.4306
vn 0.5621 0.4469 0.6960
vn 0.3504 0.4569 0.8176
vn 0.4482 0.5315 0.7188
vn 0.5869 0.7485 0.3087
vn 0.0121 0.3274 0.9448
vn 0.3192 0.7290 0.6056
vn 0.4227 0.6663 0.6143
vn 0.3090 0.8145 0.4909
vn 0.2679 0.7906 0.5506
vn 0.0282 0.5266 0.8496
vn 0.1610 0.4067 0.8992
vn 0.0414 0.3224 0.9457
vn -0.1497 0.4767 0.8662
vn -0.3011 0.6023 0.7393
vn 0.1667 0.4482 0.8782
vn 0.2667 0.6177 0.7398
vn -0.1986 0.8289 0.5230
vn 0.0254 0.3013 0.9531
vn -0.2808 0.4355 0.8553
vn 0.0522 0.2978 0.9531
vn 0.4150 0.1009 0.9042
vn 0.5275 0.0982 0.8438
vn 0.3753 0.6016 0.7052
vn 0.2973 0.5197 0.8009
vn 0.1361 0.5724 0.8087
vn 0.6586 0.2025 0.7247
vn -0.3178 0.4554 0.8317
vn 0.3716 0.3662 0.8531
vn 0.2756 0.2600 0.9254
vn 0.2512 0.1532 0.9558
vn 0.3207 0.1204 0.9395
vn 0.0309 0.8253 0.5639
vn -0.0569 0.7318 0.6791
vn -0.1709 0.7760 0.6072
vn -0.0404 0.8903 0.4536
vn 0.2841 0.9074 0.3095
vn 0.0058 0.7335 0.6796
vn 0.1984 0.6310 0.7500
vn 0.5454 0.7714 0.3278
vn -0.1853 0.7837 0.5928
vn 0.0005 0.9240 0.3825
vn -0.1594 0.7901 0.5919
vn -0.3920 0.5146 0.7626
vn -0.3577 0.4187 0.8347
vn 0.2009 0.5491 0.8112
vn 0.0977 0.6315 0.7692
vn 0.1457 0.7546 0.6398
vn -0.2129 0.2884 0.9335
vn 0.0990 0.9350 0.3406
vn -0.0655 0.5733 0.8167
vn -0.1650 0.6224 0.7652
vn -0.2926 0.6123 0.7345
vn -0.3640 0.5680 0.7382
vn 0.0211 0.7396 0.6728
vn 0.0358 0.5495 0.8347
vn -0.1482 0.5388 0.8293
vn -0.1815 0.7793 0.5997
vn -0.1035 0.8708 0.4807
vn 0.0207 0.5258 0.8504
vn 0.2668 0.5473 0.7932
vn 0.2084 0.9071 0.3656
vn -0.2111 0.5085 0.8348
vn -0.2884 0.7874 0.5448
vn -0.2057 0.4953 0.8440
vn -0.0914 0.0862 0.9921
vn 0.0191 0.0315 0.9993
vn 0.3394 0.4743 0.8123
vn 0.2255 0.5034 0.8341
vn 0.1867 0.6767 0.7121
vn 0.2404 0.0107 0.9706
vn -0.2725 0.8042 0.5282
vn 0.1379 0.3390 0.9307
vn 0.0294 0.3180 0.9476
vn -0.0700 0.2267 0.9715
vn -0.1064 0.1440 0.9838
vn 0.4301 0.2039 0.8794
vn 0.5173 0.3168 0.7951
vn 0.5895 0.2354 0.7727
vn 0.4699 0.0724 0.8798
vn 0.1892 -0.0735 0.9792
vn 0.4388 0.3279 0.8366
vn 0.2466 0.4238 0.8715
vn -0.0966 -0.0015 0.9954
vn 0.5750 0.2436 0.7811
vn 0.4227 -0.0051 0.9063
vn 0.5676 0.2458 0.7857
vn 0.6778 0.5139 0.5257
vn 0.6578 0.5889 0.4696
vn 0.2557 0.5215 0.8140
vn 0.3704 0.4412 0.8174
vn 0.3317 0.3034 0.8932
vn 0.5207 0.7241 0.4522
vn 0.3538 -0.0511 0.9339
vn 0.5075 0.4851 0.7121
vn 0.6007 0.4130 0.6845
vn 0.6749 0.3962 0.6225
vn 0.6822 0.4532 0.5738
vn 0.1517 0.8279 0.5399
vn 0.0769 0.8871 0.4551
vn 0.3069 0.8334 0.4596
vn 0.3087 0.7831 0.5398
vn -0.2234 0.8669 0.4455
vn -0.3890 0.6772 0.6246
vn 0.1578 0.6437 0.7488
vn 0.2447 0.7690 0.5905
vn -0.0324 0.9030 0.4283
vn 0.2904 0.8311 0.4742
vn 0.2938 0.8381 0.4596
vn 0.6808 0.5377 0.4974
vn 0.6323 0.6159 0.4701
vn 0.2348 0.5738 0.7847
vn 0.1428 0.7514 0.6442
vn 0.2725 0.6728 0.6878
vn 0.6669 0.3977 0.6302
vn -0.1040 0.9116 0.3976
vn 0.4625 0.7220 0.5146
vn 0.4284 0.6622 0.6147
vn 0.5832 0.6742 0.4532
vn 0.5275 0.7253 0.4424
vn 0.4886 0.6235 0.6104
vn 0.5714 0.6828 0.4554
vn 0.6671 0.5663 0.4841
vn 0.5492 0.4684 0.6920
vn 0.3987 0.3676 0.8402
vn 0.5327 0.7003 0.4752
vn 0.3191 0.8096 0.4926
vn 0.0899 0.4777 0.8739
vn 0.6856 0.5461 0.4814
vn 0.5761 0.3427 0.7421
vn 0.6838 0.5648 0.4620
vn 0.6877 0.7219 0.0772
vn 0.6218 0.7830 -0.0138
vn 0.2826 0.8709 0.4022
vn 0.4148 0.8066 0.4211
vn 0.4172 0.7134 0.5630
vn 0.4519 0.8903 -0.0571
vn 0.5508 0.3154 0.7728
vn 0.5233 0.8050 0.2796
vn 0.6488 0.7054 0.2855
vn 0.7289 0.6437 0.2333
vn 0.7213 0.6736 0.1612
vn 0.0978 0.6673 0.7383
vn 0.2538 0.5972 0.7609
vn 0.1847 0.5046 0.8433
vn -0.0198 0.6030 0.7974
vn -0.1952 0.8037 0.5621
vn 0.2454 0.6462 0.7226
vn 0.3304 0.7683 0.5482
vn -0.1485 0.9407 0.3049
vn 0.1704 0.4920 0.8538
vn -0.1031 0.6239 0.7747
vn 0.1633 0.5148 0.8416
vn 0.4720 0.2621 0.8417
vn 0.5759 0.2674 0.7726
vn 0.4222 0.7520 0.5061
vn 0.3598 0.6991 0.6179
vn 0.1827 0.7484 0.6376
vn 0.7051 0.3497 0.6169
vn -0.1574 0.6884 0.7080
vn 0.4497 0.5630 0.6934
vn 0.3943 0.4920 0.7762
vn 0.3887 0.3773 0.8406
vn 0.4220 0.3014 0.8550
vn 0.2345 0.6583 0.7153
vn 0.4636 0.6352 0.6177
vn 0.4876 0.4870 0.7246
vn 0.1780 0.4953 0.8503
vn 0.0210 0.5554 0.8313
vn 0.4904 0.6176 0.6148
vn 0.3990 0.7944 0.4579
vn -0.1365 0.7676 0.6262
vn 0.5148 0.4254 0.7443
vn 0.1401 0.3963 0.9074
vn 0.5284 0.4264 0.7342
vn 0.8361 0.3616 0.4126
vn 0.8541 0.4209 0.3056
vn 0.4408 0.8199 0.3654
vn 0.4606 0.7563 0.4646
vn 0.2773 0.7680 0.5772
vn 0.8105 0.5681 0.1424
vn 0.1155 0.4106 0.9044
vn 0.6337 0.6426 0.4306
vn 0.6724 0.5555 0.4892
vn 0.7490 0.4420 0.4936
vn 0.8035 0.3766 0.4611
vn 0.6154 0.7767 0.1341
vn 0.4774 0.8683 0.1349
vn 0.4869 0.8731 0.0243
vn 0.6727 0.7397 0.0148
vn 0.8644 0.4891 0.1170
vn 0.5183 0.8303 0.2047
vn 0.5281 0.7462 0.4053
vn 0.8811 0.3139 0.3539
vn 0.4923 0.8694 0.0420
vn 0.7386 0.6742 -0.0030
vn 0.4963 0.8667 0.0495
vn 0.1287 0.9871 0.0952
vn 0.0471 0.9883 0.1450
vn 0.4307 0.7809 0.4525
vn 0.4569 0.8286 0.3235
vn 0.5930 0.7579 0.2716
vn -0.0145 0.9462 0.3234
vn 0.7932 0.6088 0.0157
vn 0.3268 0.9149 0.2371
vn 0.3248 0.9383 0.1186
vn 0.2693 0.9622 0.0413
vn 0.1988 0.9780 0.0631
vn 0.0602 0.7516 0.6569
vn -0.0322 0.6917 0.7214
vn -0.0323 0.8417 0.5390
vn 0.0612 0.8486 0.5255
vn 0.0076 0.4480 0.8940
vn 0.2746 0.2940 0.9155
vn 0.3287 0.7433 0.5827
vn 0.1203 0.8122 0.5708
vn -0.0490 0.6059 0.7941
vn -0.0163 0.8336 0.5522
vn -0.0328 0.8341 0.5506
vn 0.0924 0.9905 0.1020
vn 0.0380 0.9828 0.1806
vn 0.3831 0.7802 0.4945
vn 0.1885 0.7462 0.6385
vn 0.2469 0.8221 0.5131
vn 0.2761 0.9598 0.0497
vn -0.0707 0.5436 0.8364
vn 0.0484 0.9249 0.3770
vn 0.1682 0.9073 0.3853
vn 0.0020 0.9686 0.2485
vn -0.0246 0.9481 0.3170
usemtl Tree_Bark
f 1//1 2//2 3//3
f 1//1 3//3 4//4
f 2//2 5//5 6//6
f 2//2 6//6 3//3
f 3//3 6//6 7//7
f 3//3 7//7 8//8
f 4//4 3//3 8//8
f 4//4 8//8 9//9
f 9//9 8//8 10//10
f 9//9 10//10 11//11
f 8//8 7//7 12//12
f 8//8 12//12 10//10
f 10//10 12//12 13//13
f 10//10 13//13 14//14
f 11//11 10//10 14//14
f 11//11 14//14 15//15
f 5//5 16//16 17//17
f 5//5 17//17 18//18
f 16//16 19//19 20//20
f 16//16 20//20 17//17
f 17//17 20//20 21//21
f 17//17 21//21 22//22
f 18//18 17//17 22//22
f 18//18 22//22 23//23
f 15//15 14//14 24//24
f 15//15 24//24 25//25
f 14//14 13//13 26//26
f 14//14 26//26 24//24
f 24//24 26//26 19//19
f 24//24 19//19 27//27
f 25//25 24//24 27//27
f 25//25 27//27 28//28
f 28//28 27//27 29//29
f 28//28 29//29 30//30
f 27//27 19//19 16//16
f 27//27 16//16 29//29
f 29//29 16//16 5//5
f 29//29 5//5 2//2
f 30//30 29//29 2//2
f 30//30 2//2 1//1
f 21//21 31//31 32//32
f 21//21 32//32 33//33
f 31//31 34//34 35//35
f 31//31 35//35 32//32
f 32//32 35//35 36//36
f 32//32 36//36 37//37
f 33//33 32//32 37//37
f 33//33 37//37 38//38
f 13//13 12//12 39//39
f 13//13 39//39 40//40
f 12//12 7//7 41//41
f 12//12 41//41 39//39
f 39//39 41//41 42//42
f 39//39 42//42 43//43
f 40//40 39//39 43//43
f 40//40 43//43 34//34
f 7//7 6//6 44//44
f 7//7 44//44 41//41
f 6//6 5//5 18//18
f 6//6 18//18 44//44
f 44//44 18//18 23//23
f 44//44 23//23 45//45
f 41//41 44//44 45//45
f 41//41 45//45 42//42
f 19//19 26//26 46//46
f 19//19 46//46 20//20
f 26//26 13//13 40//40
f 26//26 40//40 46//46
f 46//46 40//40 34//34
f 46//46 34//34 31//31
f 20//20 46//46 31//31
f 20//20 31//31 21//21
f 38//38 37//37 47//47
f 38//38 47//47 48//48
f 37//37 36//36 49//49
f 37//37 49//49 47//47
f 47//47 49//49 50//50
f 47//47 50//50 51//51
f 48//48 47//47 51//51
f 48//48 51//51 52//52
f 42//42 45//45 53//53
f 42//42 53//53 54//54
f 45//45 23//23 55//55
f 45//45 55//55 53//53
f 53//53 55//55 56//56
f 53//53 56//56 57//57
f 54//54 53//53 57//57
f 54//54 57//57 58//58
f 23//23 22//22 59//59
f 23//23 59//59 55//55
f 22//22 21//21 33//33
f 22//22 33//33 59//59
f 59//59 33//33 38//38
f 59//59 38//38 60//60
f 55//55 59//59 60//60
f 55//55 60//60 56//56
f 34//34 43//43 61//61
f 34//34 61//61 35//35
f 43//43 42//42 54//54
f 43//43 54//54 61//61
f 61//61 54//54 58//58
f 61//61 58//58 62//62
f 35//35 61//61 62//62
f 35//35 62//62 36//36
f 63//63 64//64 65//65
f 63//63 65//65 66//66
f 64//64 52//52 67//67
f 64//64 67//67 65//65
f 65//65 67//67 68//68
f 65//65 68//68 69//69
f 66//66 65//65 69//69
f 66//66 69//69 70//70
f 58//58 57//57 71//71
f 58//58 71//71 72//72
f 57//57 56//56 73//73
f 57//57 73//73 71//71
f 71//71 73//73 63//63
f 71//71 63//63 74//74
f 72//72 71//71 74//74
f 72//72 74//74 75//75
f 56//56 60//60 76//76
f 56//56 76//76 73//73
f 60//60 38//38 48//48
f 60//60 48//48 76//76
f 76//76 48//48 52//52
f 76//76 52//52 64//64
f 73//73 76//76 64//64
f 73//73 64//64 63//63
f 36//36 62//62 77//77
f 36//36 77//77 49//49
f 62//62 58//58 72//72
f 62//62 72//72 77//77
f 77//77 72//72 75//75
f 77//77 75//75 78//78
f 49//49 77//77 78//78
f 49//49 78//78 50//50
f 68//68 79//79 80//80
f 68//68 80//80 81//81
f 79//79 82//82 83//83
f 79//79 83//83 80//80
f 80//80 83//83 84//84
f 80//80 84//84 85//85
f 81//81 80//80 85//85
f 81//81 85//85 86//86
f 50//50 78//78 87//87
f 50//50 87//87 88//88
f 78//78 75//75 89//89
f 78//78 89//89 87//87
f 87//87 89//89 90//90
f 87//87 90//90 91//91
f 88//88 87//87 91//91
f 88//88 91//91 82//82
f 52//52 51//51 92//92
f 52//52 92//92 67//67
f 51//51 50//50 88//88
f 51//51 88//88 92//92
f 92//92 88//88 82//82
f 92//92 82//82 79//79
f 67//67 92//92 79//79
f 67//67 79//79 68//68
f 75//75 74//74 93//93
f 75//75 93//93 89//89
f 74//74 63//63 66//66
f 74//74 66//66 93//93
f 93//93 66//66 70//70
f 93//93 70//70 94//94
f 89//89 93//93 94//94
f 89//89 94//94 90//90
f 95//95 96//96 97//97
f 95//95 97//97 98//98
f 96//96 99//99 100//100
f 96//96 100//100 97//97
f 97//97 100//100 101//101
f 97//97 101//101 102//102
f 98//98 97//97 102//102
f 98//98 102//102 103//103
f 90//90 94//94 104//104
f 90//90 104//104 105//105
f 94//94 70//70 106//106
f 94//94 106//106 104//104
f 104//104 106//106 99//99
f 104//104 99//99 96//96
f 105//105 104//104 96//96
f 105//105 96//96 95//95
f 70//70 69//69 107//107
f 70//70 107//107 106//106
f 69//69 68//68 81//81
f 69//69 81//81 107//107
f 107//107 81//81 86//86
f 107//107 86//86 108//108
f 106//106 107//107 108//108
f 106//106 108//108 99//99
f 82//82 91//91 109//109
f 82//82 109//109 83//83
f 91//91 90//90 105//105
f 91//91 105//105 109//109
f 109//109 105//105 95//95
f 109//109 95//95 110//110
f 83//83 109//109 110//110
f 83//83 110//110 84//84
f 103//103 102//102 111//111
f 103//103 111//111 112//112
f 102//102 101//101 113//113
f 102//102 113//113 111//111
f 111//111 113//113 114//114
f 111//111 114//114 115//115
f 112//112 111//111 115//115
f 112//112 115//115 116//116
f 99//99 108//108 117//117
f 99//99 117//117 100//100
f 108//108 86//86 118//118
f 108//108 118//118 117//117
f 117//117 118//118 114//114
f 117//117 114//114 113//113
f 100//100 117//117 113//113
f 100//100 113//113 101//101
f 84//84 110//110 119//119
f 84//84 119//119 120//120
f 110//110 95//95 98//98
f 110//110 98//98 119//119
f 119//119 98//98 103//103
f 119//119 103//103 112//112
f 120//120 119//119 112//112
f 120//120 112//112 116//116
f 86//86 85//85 121//121
f 86//86 121//121 118//118
f 85//85 84//84 120//120
f 85//85 120//120 121//121
f 121//121 120//120 116//116
f 121//121 116//116 115//115
f 118//118 121//121 115//115
f 118//118 115//115 114//114
f 122//122 123//123 124//124
f 122//122 124//124 125//125
f 123//123 126//126 127//127
f 123//123 127//127 124//124
f 124//124 127//127 128//128
f 124//124 128//128 129//129
f 125//125 124//124 129//129
f 125//125 129//129 130//130
f 131//131 132//132 133//133
f 131//131 133//133 134//134
f 132//132 135//135 136//136
f 132//132 136//136 133//133
f 133//133 136//136 137//137
f 133//133 137//137 138//138
f 134//134 133//133 138//138
f 134//134 138//138 139//139
f 140//140 141//141 142//142
f 140//140 142//142 143//143
f 141//141 144//144 145//145
f 141//141 145//145 142//142
f 142//142 145//145 146//146
f 142//142 146//146 147//147
f 143//143 142//142 147//147
f 143//143 147//147 148//148
f 144//144 149//149 150//150
f 144//144 150//150 145//145
f 149//149 122//122 125//125
f 149//149 125//125 150//150
f 150//150 125//125 130//130
f 150//150 130//130 151//151
f 145//145 150//150 151//151
f 145//145 151//151 146//146
f 126//126 152//152 153//153
f 126//126 153//153 127//127
f 152//152 140//140 143//143
f 152//152 143//143 153//153
f 153//153 143//143 148//148
f 153//153 148//148 154//154
f 127//127 153//153 154//154
f 127//127 154//154 128//128
f 139//139 138//138 155//155
f 139//139 155//155 156//156
f 138//138 137//137 157//157
f 138//138 157//157 155//155
f 155//155 157//157 158//158
f 155//155 158//158 159//159
f 156//156 155//155 159//159
f 156//156 159//159 160//160
f 135//135 161//161 162//162
f 135//135 162//162 136//136
f 161//161 163//163 164//164
f 161//161 164//164 162//162
f 162//162 164//164 158//158
f 162//162 158//158 157//157
f 136//136 162//162 157//157
f 136//136 157//157 137//137
f 165//165 166//166 167//167
f 165//165 167//167 168//168
f 166//166 131//131 134//134
f 166//166 134//134 167//167
f 167//167 134//134 139//139
f 167//167 139//139 156//156
f 168//168 167//167 156//156
f 168//168 156//156 160//160
f 163//163 169//169 170//170
f 163//163 170//170 164//164
f 169//169 165//165 168//168
f 169//169 168//168 170//170
f 170//170 168//168 160//160
f 170//170 160//160 159//159
f 164//164 170//170 159//159
f 164//164 159//159 158//158
f 171//171 172//172 173//173
f 171//171 173//173 174//174
f 172//172 175//175 176//176
f 172//172 176//176 173//173
f 173//173 176//176 177//177
f 173//173 177//177 178//178
f 174//174 173//173 178//178
f 174//174 178//178 179//179
f 180//180 181//181 182//182
f 180//180 182//182 183//183
f 181//181 184//184 185//185
f 181//181 185//185 182//182
f 182//182 185//185 186//186
f 182//182 186//186 187//187
f 183//183 182//182 187//187
f 183//183 187//187 188//188
f 175//175 189//189 190//190
f 175//175 190//190 176//176
f 189//189 180//180 183//183
f 189//189 183//183 190//190
f 190//190 183//183 188//188
f 190//190 188//188 191//191
f 176//176 190//190 191//191
f 176//176 191//191 177//177
f 184//184 192//192 193//193
f 184//184 193//193 185//185
f 192//192 171//171 174//174
f 192//192 174//174 193//193
f 193//193 174//174 179//179
f 193//193 179//179 194//194
f 185//185 193//193 194//194
f 185//185 194//194 186//186
f 179//179 178//178 195//195
f 179//179 195//195 196//196
f 178//178 177//177 197//197
f 178//178 197//197 195//195
f 195//195 197//197 140//140
f 195//195 140//140 152//152
f 196//196 195//195 152//152
f 196//196 152//152 126//126
f 188//188 187//187 198//198
f 188//188 198//198 199//199
f 187//187 186//186 200//200
f 187//187 200//200 198//198
f 198//198 200//200 122//122
f 198//198 122//122 149//149
f 199//199 198//198 149//149
f 199//199 149//149 144//144
f 177//177 191//191 201//201
f 177//177 201//201 197//197
f 191//191 188//188 199//199
f 191//191 199//199 201//201
f 201//201 199//199 144//144
f 201//201 144//144 141//141
f 197//197 201//201 141//141
f 197//197 141//141 140//140
f 186//186 194//194 202//202
f 186//186 202//202 200//200
f 194//194 179//179 196//196
f 194//194 196//196 202//202
f 202//202 196//196 126//126
f 202//202 126//126 123//123
f 200//200 202//202 123//123
f 200//200 123//123 122//122
f 130//130 129//129 203//203
f 130//130 203//203 204//204
f 129//129 128//128 205//205
f 129//129 205//205 203//203
f 203//203 205//205 165//165
f 203//203 165//165 169//169
f 204//204 203//203 169//169
f 204//204 169//169 163//163
f 128//128 154//154 206//206
f 128//128 206//206 205//205
f 154//154 148//148 207//207
f 154//154 207//207 206//206
f 206//206 207//207 131//131
f 206//206 131//131 166//166
f 205//205 206//206 166//166
f 205//205 166//166 165//165
f 146//146 151//151 208//208
f 146//146 208//208 209//209
f 151//151 130//130 204//204
f 151//151 204//204 208//208
f 208//208 204//204 163//163
f 208//208 163//163 161//161
f 209//209 208//208 161//161
f 209//209 161//161 135//135
f 148//148 147//147 210//210
f 148//148 210//210 207//207
f 147//147 146//146 209//209
f 147//147 209//209 210//210
f 210//210 209//209 135//135
f 210//210 135//135 132//132
f 207//207 210//210 132//132
f 207//207 132//132 131//131
f 211//211 212//212 213//213
f 211//211 213//213 214//214
f 212//212 215//215 216//216
f 212//212 216//216 213//213
f 213//213 216//216 217//217
f 213//213 217//217 218//218
f 214//214 213//213 218//218
f 214//214 218//218 219//219
f 220//220 221//221 222//222
f 220//220 222//222 223//223
f 221//221 224//224 225//225
f 221//221 225//225 222//222
f 222//222 225//225 226//226
f 222//222 226//226 227//227
f 223//223 222//222 227//227
f 223//223 227//227 228//228
f 229//229 230//230 231//231
f 229//229 231//231 232//232
f 230//230 233//233 234//234
f 230//230 234//234 231//231
f 231//231 234//234 235//235
f 231//231 235//235 236//236
f 232//232 231//231 236//236
f 232//232 236//236 237//237
f 233//233 238//238 239//239
f 233//233 239//239 234//234
f 238//238 211//211 214//214
f 238//238 214//214 239//239
f 239//239 214//214 219//219
f 239//239 219//219 240//240
f 234//234 239//239 240//240
f 234//234 240//240 235//235
f 215//215 241//241 242//242
f 215//215 242//242 216//216
f 241//241 229//229 232//232
f 241//241 232//232 242//242
f 242//242 232//232 237//237
f 242//242 237//237 243//243
f 216//216 242//242 243//243
f 216//216 243//243 217//217
f 228//228 227//227 244//244
f 228//228 244//244 245//245
f 227//227 226//226 246//246
f 227//227 246//246 244//244
f 244//244 246//246 247//247
f 244//244 247//247 248//248
f 245//245 244//244 248//248
f 245//245 248//248 249//249
f 224//224 250//250 251//251
f 224//224 251//251 225//225
f 250//250 252//252 253//253
f 250//250 253//253 251//251
f 251//251 253//253 247//247
f 251//251 247//247 246//246
f 225//225 251//251 246//246
f 225//225 246//246 226//226
f 254//254 255//255 256//256
f 254//254 256//256 257//257
f 255//255 220//220 223//223
f 255//255 223//223 256//256
f 256//256 223//223 228//228
f 256//256 228//228 245//245
f 257//257 256//256 245//245
f 257//257 245//245 249//249
f 252//252 258//258 259//259
f 252//252 259//259 253//253
f 258//258 254//254 257//257
f 258//258 257//257 259//259
f 259//259 257//257 249//249
f 259//259 249//249 248//248
f 253//253 259//259 248//248
f 253//253 248//248 247//247
f 260//260 261//261 262//262
f 260//260 262//262 263//263
f 261//261 264//264 265//265
f 261//261 265//265 262//262
f 262//262 265//265 266//266
f 262//262 266//266 267//267
f 263//263 262//262 267//267
f 263//263 267//267 268//268
f 269//269 270//270 271//271
f 269//269 271//271 272//272
f 270//270 273//273 274//274
f 270//270 274//274 271//271
f 271//271 274//274 275//275
f 271//271 275//275 276//276
f 272//272 271//271 276//276
f 272//272 276//276 277//277
f 278//278 279//279 280//280
f 278//278 280//280 281//281
f 279//279 282//282 283//283
f 279//279 283//283 280//280
f 280//280 283//283 284//284
f 280//280 284//284 285//285
f 281//281 280//280 285//285
f 281//281 285//285 286//286
f 275//275 287//287 288//288
f 275//275 288//288 289//289
f 287//287 268//268 290//290
f 287//287 290//290 288//288
f 288//288 290//290 291//291
f 288//288 291//291 292//292
f 289//289 288//288 292//292
f 289//289 292//292 293//293
f 266//266 294//294 295//295
f 266//266 295//295 296//296
f 294//294 277//277 297//297
f 294//294 297//297 295//295
f 295//295 297//297 298//298
f 295//295 298//298 299//299
f 296//296 295//295 299//299
f 296//296 299//299 300//300
f 268//268 267//267 301//301
f 268//268 301//301 290//290
f 267//267 266//266 296//296
f 267//267 296//296 301//301
f 301//301 296//296 300//300
f 301//301 300//300 302//302
f 290//290 301//301 302//302
f 290//290 302//302 291//291
f 277//277 276//276 303//303
f 277//277 303//303 297//297
f 276//276 275//275 289//289
f 276//276 289//289 303//303
f 303//303 289//289 293//293
f 303//303 293//293 304//304
f 297//297 303//303 304//304
f 297//297 304//304 298//298
f 219//219 218//218 305//305
f 219//219 305//305 306//306
f 218//218 217//217 307//307
f 218//218 307//307 305//305
f 305//305 307//307 254//254
f 305//305 254//254 258//258
f 306//306 305//305 258//258
f 306//306 258//258 252//252
f 217//217 243//243 308//308
f 217//217 308//308 307//307
f 243//243 237//237 309//309
f 243//243 309//309 308//308
f 308//308 309//309 220//220
f 308//308 220//220 255//255
f 307//307 308//308 255//255
f 307//307 255//255 254//254
f 235//235 240//240 310//310
f 235//235 310//310 311//311
f 240//240 219//219 306//306
f 240//240 306//306 310//310
f 310//310 306//306 252//252
f 310//310 252//252 250//250
f 311//311 310//310 250//250
f 311//311 250//250 224//224
f 237//237 236//236 312//312
f 237//237 312//312 309//309
f 236//236 235//235 311//311
f 236//236 311//311 312//312
f 312//312 311//311 224//224
f 312//312 224//224 221//221
f 309//309 312//312 221//221
f 309//309 221//221 220//220
f 313//313 314//314 315//315
f 313//313 315//315 316//316
f 314//314 317//317 318//318
f 314//314 318//318 315//315
f 315//315 318//318 319//319
f 315//315 319//319 320//320
f 316//316 315//315 320//320
f 316//316 320//320 321//321
f 322//322 323//323 324//324
f 322//322 324//324 325//325
f 323//323 326//326 327//327
f 323//323 327//327 324//324
f 324//324 327//327 328//328
f 324//324 328//328 329//329
f 325//325 324//324 329//329
f 325//325 329//329 330//330
f 331//331 332//332 333//333
f 331//331 333//333 334//334
f 332//332 335//335 336//336
f 332//332 336//336 333//333
f 333//333 336//336 337//337
f 333//333 337//337 338//338
f 334//334 333//333 338//338
f 334//334 338//338 339//339
f 339//339 338//338 340//340
f 339//339 340//340 341//341
f 338//338 337//337 342//342
f 338//338 342//342 340//340
f 340//340 342//342 317//317
f 340//340 317//317 314//314
f 341//341 340//340 314//314
f 341//341 314//314 313//313
f 321//321 320//320 343//343
f 321//321 343//343 344//344
f 320//320 319//319 345//345
f 320//320 345//345 343//343
f 343//343 345//345 335//335
f 343//343 335//335 332//332
f 344//344 343//343 332//332
f 344//344 332//332 331//331
f 326//326 346//346 347//347
f 326//326 347//347 327//327
f 346//346 348//348 349//349
f 346//346 349//349 347//347
f 347//347 349//349 350//350
f 347//347 350//350 351//351
f 327//327 347//347 351//351
f 327//327 351//351 328//328
f 330//330 329//329 352//352
f 330//330 352//352 353//353
f 329//329 328//328 351//351
f 329//329 351//351 352//352
f 352//352 351//351 350//350
f 352//352 350//350 354//354
f 353//353 352//352 354//354
f 353//353 354//354 355//355
f 356//356 357//357 358//358
f 356//356 358//358 359//359
f 357//357 348//348 346//346
f 357//357 346//346 358//358
f 358//358 346//346 326//326
f 358//358 326//326 323//323
f 359//359 358//358 323//323
f 359//359 323//323 322//322
f 355//355 354//354 360//360
f 355//355 360//360 361//361
f 354//354 350//350 349//349
f 354//354 349//349 360//360
f 360//360 349//349 348//348
f 360//360 348//348 357//357
f 361//361 360//360 357//357
f 361//361 357//357 356//356
f 317//317 362//362 363//363
f 317//317 363//363 318//318
f 362//362 355//355 361//361
f 362//362 361//361 363//363
f 363//363 361//361 356//356
f 363//363 356//356 364//364
f 318//318 363//363 364//364
f 318//318 364//364 319//319
f 319//319 364//364 365//365
f 319//319 365//365 345//345
f 364//364 356//356 359//359
f 364//364 359//359 365//365
f 365//365 359//359 322//322
f 365//365 322//322 366//366
f 345//345 365//365 366//366
f 345//345 366//366 335//335
f 337//337 367//367 368//368
f 337//337 368//368 342//342
f 367//367 330//330 353//353
f 367//367 353//353 368//368
f 368//368 353//353 355//355
f 368//368 355//355 362//362
f 342//342 368//368 362//362
f 342//342 362//362 317//317
f 335//335 366//366 369//369
f 335//335 369//369 336//336
f 366//366 322//322 325//325
f 366//366 325//325 369//369
f 369//369 325//325 330//330
f 369//369 330//330 367//367
f 336//336 369//369 367//367
f 336//336 367//367 337//337
f 370//370 371//371 372//372
f 370//370 372//372 373//373
f 371//371 374//374 375//375
f 371//371 375//375 372//372
f 372//372 375//375 376//376
f 372//372 376//376 377//377
f 373//373 372//372 377//377
f 373//373 377//377 378//378
f 379//379 380//380 381//381
f 379//379 381//381 382//382
f 380//380 383//383 384//384
f 380//380 384//384 381//381
f 381//381 384//384 385//385
f 381//381 385//385 386//386
f 382//382 381//381 386//386
f 382//382 386//386 387//387
f 388//388 389//389 390//390
f 388//388 390//390 391//391
f 389//389 392//392 393//393
f 389//389 393//393 390//390
f 390//390 393//393 394//394
f 390//390 394//394 395//395
f 391//391 390//390 395//395
f 391//391 395//395 396//396
f 392//392 397//397 398//398
f 392//392 398//398 393//393
f 397//397 370//370 373//373
f 397//397 373//373 398//398
f 398//398 373//373 378//378
f 398//398 378//378 399//399
f 393//393 398//398 399//399
f 393//393 399//399 394//394
f 374//374 400//400 401//401
f 374//374 401//401 375//375
f 400//400 388//388 391//391
f 400//400 391//391 401//401
f 401//401 391//391 396//396
f 401//401 396//396 402//402
f 375//375 401//401 402//402
f 375//375 402//402 376//376
f 387//387 386//386 403//403
f 387//387 403//403 404//404
f 386//386 385//385 405//405
f 386//386 405//405 403//403
f 403//403 405//405 406//406
f 403//403 406//406 407//407
f 404//404 403//403 407//407
f 404//404 407//407 408//408
f 383//383 409//409 410//410
f 383//383 410//410 384//384
f 409//409 411//411 412//412
f 409//409 412//412 410//410
f 410//410 412//412 406//406
f 410//410 406//406 405//405
f 384//384 410//410 405//405
f 384//384 405//405 385//385
f 413//413 414//414 415//415
f 413//413 415//415 416//416
f 414//414 379//379 382//382
f 414//414 382//382 415//415
f 415//415 382//382 387//387
f 415//415 387//387 404//404
f 416//416 415//415 404//404
f 416//416 404//404 408//408
f 411//411 417//417 418//418
f 411//411 418//418 412//412
f 417//417 413//413 416//416
f 417//417 416//416 418//418
f 418//418 416//416 408//408
f 418//418 408//408 407//407
f 412//412 418//418 407//407
f 412//412 407//407 406//406
f 419//419 420//420 421//421
f 419//419 421//421 422//422
f 420//420 423//423 424//424
f 420//420 424//424 421//421
f 421//421 424//424 425//425
f 421//421 425//425 426//426
f 422//422 421//421 426//426
f 422//422 426//426 427//427
f 428//428 429//429 430//430
f 428//428 430//430 431//431
f 429//429 432//432 433//433
f 429//429 433//433 430//430
f 430//430 433//433 434//434
f 430//430 434//434 435//435
f 431//431 430//430 435//435
f 431//431 435//435 436//436
f 423//423 437//437 438//438
f 423//423 438//438 424//424
f 437//437 428//428 431//431
f 437//437 431//431 438//438
f 438//438 431//431 436//436
f 438//438 436//436 439//439
f 424//424 438//438 439//439
f 424//424 439//439 425//425
f 432//432 440//440 441//441
f 432//432 441//441 433//433
f 440//440 419//419 422//422
f 440//440 422//422 441//441
f 441//441 422//422 427//427
f 441//441 427//427 442//442
f 433//433 441//441 442//442
f 433//433 442//442 434//434
f 427//427 426//426 443//443
f 427//427 443//443 444//444
f 426//426 425//425 445//445
f 426//426 445//445 443//443
f 443//443 445//445 388//388
f 443//443 388//388 400//400
f 444//444 443//443 400//400
f 444//444 400//400 374//374
f 436//436 435//435 446//446
f 436//436 446//446 447//447
f 435//435 434//434 448//448
f 435//435 448//448 446//446
f 446//446 448//448 370//370
f 446//446 370//370 397//397
f 447//447 446//446 397//397
f 447//447 397//397 392//392
f 425//425 439//439 449//449
f 425//425 449//449 445//445
f 439//439 436//436 447//447
f 439//439 447//447 449//449
f 449//449 447//447 392//392
f 449//449 392//392 389//389
f 445//445 449//449 389//389
f 445//445 389//389 388//388
f 434//434 442//442 450//450
f 434//434 450//450 448//448
f 442//442 427//427 444//444
f 442//442 444//444 450//450
f 450//450 444//444 374//374
f 450//450 374//374 371//371
f 448//448 450//450 371//371
f 448//448 371//371 370//370
f 378//378 377//377 451//451
f 378//378 451//451 452//452
f 377//377 376//376 453//453
f 377//377 453//453 451//451
f 451//451 453//453 413//413
f 451//451 413//413 417//417
f 452//452 451//451 417//417
f 452//452 417//417 411//411
f 376//376 402//402 454//454
f 376//376 454//454 453//453
f 402//402 396//396 455//455
f 402//402 455//455 454//454
f 454//454 455//455 379//379
f 454//454 379//379 414//414
f 453//453 454//454 414//414
f 453//453 414//414 413//413
f 394//394 399//399 456//456
f 394//394 456//456 457//457
f 399//399 378//378 452//452
f 399//399 452//452 456//456
f 456//456 452//452 411//411
f 456//456 411//411 409//409
f 457//457 456//456 409//409
f 457//457 409//409 383//383
f 396//396 395//395 458//458
f 396//396 458//458 455//455
f 395//395 394//394 457//457
f 395//395 457//457 458//458
f 458//458 457//457 383//383
f 458//458 383//383 380//380
f 455//455 458//458 380//380
f 455//455 380//380 379//379
f 459//459 460//460 461//461
f 459//459 461//461 462//462
f 460//460 463//463 464//464
f 460//460 464//464 461//461
f 461//461 464//464 465//465
f 461//461 465//465 466//466
f 462//462 461//461 466//466
f 462//462 466//466 467//467
f 468//468 469//469 470//470
f 468//468 470//470 471//471
f 469//469 472//472 473//473
f 469//469 473//473 470//470
f 470//470 473//473 474//474
f 470//470 474//474 475//475
f 471//471 470//470 475//475
f 471//471 475//475 476//476
f 477//477 478//478 479//479
f 477//477 479//479 480//480
f 478//478 481//481 482//482
f 478//478 482//482 479//479
f 479//479 482//482 483//483
f 479//479 483//483 484//484
f 480//480 479//479 484//484
f 480//480 484//484 485//485
f 481//481 486//486 487//487
f 481//481 487//487 482//482
f 486//486 459//459 462//462
f 486//486 462//462 487//487
f 487//487 462//462 467//467
f 487//487 467//467 488//488
f 482//482 487//487 488//488
f 482//482 488//488 483//483
f 463//463 489//489 490//490
f 463//463 490//490 464//464
f 489//489 477//477 480//480
f 489//489 480//480 490//490
f 490//490 480//480 485//485
f 490//490 485//485 491//491
f 464//464 490//490 491//491
f 464//464 491//491 465//465
f 476//476 475//475 492//492
f 476//476 492//492 493//493
f 475//475 474//474 494//494
f 475//475 494//494 492//492
f 492//492 494//494 495//495
f 492//492 495//495 496//496
f 493//493 492//492 496//496
f 493//493 496//496 497//497
f 472//472 498//498 499//499
f 472//472 499//499 473//473
f 498//498 500//500 501//501
f 498//498 501//501 499//499
f 499//499 501//501 495//495
f 499//499 495//495 494//494
f 473//473 499//499 494//494
f 473//473 494//494 474//474
f 502//502 503//503 504//504
f 502//502 504//504 505//505
f 503//503 468//468 471//471
f 503//503 471//471 504//504
f 504//504 471//471 476//476
f 504//504 476//476 493//493
f 505//505 504//504 493//493
f 505//505 493//493 497//497
f 500//500 506//506 507//507
f 500//500 507//507 501//501
f 506//506 502//502 505//505
f 506//506 505//505 507//507
f 507//507 505//505 497//497
f 507//507 497//497 496//496
f 501//501 507//507 496//496
f 501//501 496//496 495//495
f 467//467 466//466 508//508
f 467//467 508//508 509//509
f 466//466 465//465 510//510
f 466//466 510//510 508//508
f 508//508 510//510 502//502
f 508//508 502//502 506//506
f 509//509 508//508 506//506
f 509//509 506//506 500//500
f 465//465 491//491 511//511
f 465//465 511//511 510//510
f 491//491 485//485 512//512
f 491//491 512//512 511//511
f 511//511 512//512 468//468
f 511//511 468//468 503//503
f 510//510 511//511 503//503
f 510//510 503//503 502//502
f 483//483 488//488 513//513
f 483//483 513//513 514//514
f 488//488 467//467 509//509
f 488//488 509//509 513//513
f 513//513 509//509 500//500
f 513//513 500//500 498//498
f 514//514 513//513 498//498
f 514//514 498//498 472//472
f 485//485 484//484 515//515
f 485//485 515//515 512//512
f 484//484 483//483 514//514
f 484//484 514//514 515//515
f 515//515 514//514 472//472
f 515//515 472//472 469//469
f 512//512 515//515 469//469
f 512//512 469//469 468//468
f 516//516 517//517 518//518
f 516//516 518//518 519//519
f 517//517 520//520 521//521
f 517//517 521//521 518//518
f 518//518 521//521 522//522
f 518//518 522//522 523//523
f 519//519 518//518 523//523
f 519//519 523//523 524//524
f 525//525 526//526 527//527
f 525//525 527//527 528//528
f 526//526 529//529 530//530
f 526//526 530//530 527//527
f 527//527 530//530 531//531
f 527//527 531//531 532//532
f 528//528 527//527 532//532
f 528//528 532//532 533//533
f 534//534 535//535 536//536
f 534//534 536//536 537//537
f 535//535 538//538 539//539
f 535//535 539//539 536//536
f 536//536 539//539 540//540
f 536//536 540//540 541//541
f 537//537 536//536 541//541
f 537//537 541//541 542//542
f 542//542 541//541 543//543
f 542//542 543//543 544//544
f 541//541 540//540 545//545
f 541//541 545//545 543//543
f 543//543 545//545 520//520
f 543//543 520//520 517//517
f 544//544 543//543 517//517
f 544//544 517//517 516//516
f 524//524 523//523 546//546
f 524//524 546//546 547//547
f 523//523 522//522 548//548
f 523//523 548//548 546//546
f 546//546 548//548 538//538
f 546//546 538//538 535//535
f 547//547 546//546 535//535
f 547//547 535//535 534//534
f 529//529 549//549 550//550
f 529//529 550//550 530//530
f 549//549 551//551 552//552
f 549//549 552//552 550//550
f 550//550 552//552 553//553
f 550//550 553//553 554//554
f 530//530 550//550 554//554
f 530//530 554//554 531//531
f 533//533 532//532 555//555
f 533//533 555//555 556//556
f 532//532 531//531 554//554
f 532//532 554//554 555//555
f 555//555 554//554 553//553
f 555//555 553//553 557//557
f 556//556 555//555 557//557
f 556//556 557//557 558//558
f 559//559 560//560 561//561
f 559//559 561//561 562//562
f 560//560 551//551 549//549
f 560//560 549//549 561//561
f 561//561 549//549 529//529
f 561//561 529//529 526//526
f 562//562 561//561 526//526
f 562//562 526//526 525//525
f 558//558 557//557 563//563
f 558//558 563//563 564//564
f 557//557 553//553 552//552
f 557//557 552//552 563//563
f 563//563 552//552 551//551
f 563//563 551//551 560//560
f 564//564 563//563 560//560
f 564//564 560//560 559//559
f 565//565 566//566 567//567
f 565//565 567//567 568//568
f 566//566 569//569 570//570
f 566//566 570//570 567//567
f 567//567 570//570 571//571
f 567//567 571//571 572//572
f 568//568 567//567 572//572
f 568//568 572//572 573//573
f 574//574 575//575 576//576
f 574//574 576//576 577//577
f 575//575 578//578 579//579
f 575//575 579//579 576//576
f 576//576 579//579 580//580
f 576//576 580//580 581//581
f 577//577 576//576 581//581
f 577//577 581//581 582//582
f 573//573 572//572 583//583
f 573//573 583//583 584//584
f 572//572 571//571 585//585
f 572//572 585//585 583//583
f 583//583 585//585 578//578
f 583//583 578//578 575//575
f 584//584 583//583 575//575
f 584//584 575//575 574//574
f 582//582 581//581 586//586
f 582//582 586//586 587//587
f 581//581 580//580 588//588
f 581//581 588//588 586//586
f 586//586 588//588 569//569
f 586//586 569//569 566//566
f 587//587 586//586 566//566
f 587//587 566//566 565//565
f 569//569 589//589 590//590
f 569//569 590//590 570//570
f 589//589 524//524 547//547
f 589//589 547//547 590//590
f 590//590 547//547 534//534
f 590//590 534//534 591//591
f 570//570 590//590 591//591
f 570//570 591//591 571//571
f 578//578 592//592 593//593
f 578//578 593//593 579//579
f 592//592 542//542 544//544
f 592//592 544//544 593//593
f 593//593 544//544 516//516
f 593//593 516//516 594//594
f 579//579 593//593 594//594
f 579//579 594//594 580//580
f 571//571 591//591 595//595
f 571//571 595//595 585//585
f 591//591 534//534 537//537
f 591//591 537//537 595//595
f 595//595 537//537 542//542
f 595//595 542//542 592//592
f 585//585 595//595 592//592
f 585//585 592//592 578//578
f 580//580 594//594 596//596
f 580//580 596//596 588//588
f 594//594 516//516 519//519
f 594//594 519//519 596//596
f 596//596 519//519 524//524
f 596//596 524//524 589//589
f 588//588 596//596 589//589
f 588//588 589//589 569//569
f 520//520 597//597 598//598
f 520//520 598//598 521//521
f 597//597 558//558 564//564
f 597//597 564//564 598//598
f 598//598 564//564 559//559
f 598//598 559//559 599//599
f 521//521 598//598 599//599
f 521//521 599//599 522//522
f 522//522 599//599 600//600
f 522//522 600//600 548//548
f 599//599 559//559 562//562
f 599//599 562//562 600//600
f 600//600 562//562 525//525
f 600//600 525//525 601//601
f 548//548 600//600 601//601
f 548//548 601//601 538//538
f 540//540 602//602 603//603
f 540//540 603//603 545//545
f 602//602 533//533 556//556
f 602//602 556//556 603//603
f 603//603 556//556 558//558
f 603//603 558//558 597//597
f 545//545 603//603 597//597
f 545//545 597//597 520//520
f 538//538 601//601 604//604
f 538//538 604//604 539//539
f 601//601 525//525 528//528
f 601//601 528//528 604//604
f 604//604 528//528 533//533
f 604//604 533//533 602//602
f 539//539 604//604 602//602
f 539//539 602//602 540//540
f 605//605 606//606 607//607
f 605//605 607//607 608//608
f 606//606 582//582 587//587
f 606//606 587//587 607//607
f 607//607 587//587 565//565
f 607//607 565//565 609//609
f 608//608 607//607 609//609
f 608//608 609//609 610//610
f 611//611 612//612 613//613
f 611//611 613//613 614//614
f 612//612 573//573 584//584
f 612//612 584//584 613//613
f 613//613 584//584 574//574
f 613//613 574//574 615//615
f 614//614 613//613 615//615
f 614//614 615//615 616//616
f 616//616 615//615 617//617
f 616//616 617//617 618//618
f 615//615 574//574 577//577
f 615//615 577//577 617//617
f 617//617 577//577 582//582
f 617//617 582//582 606//606
f 618//618 617//617 606//606
f 618//618 606//606 605//605
f 610//610 609//609 619//619
f 610//610 619//619 620//620
f 609//609 565//565 568//568
f 609//609 568//568 619//619
f 619//619 568//568 573//573
f 619//619 573//573 612//612
f 620//620 619//619 612//612
f 620//620 612//612 611//611
f 621//621 622//622 623//623
f 621//621 623//623 624//624
f 622//622 610//610 620//620
f 622//622 620//620 623//623
f 623//623 620//620 611//611
f 623//623 611//611 625//625
f 624//624 623//623 625//625
f 624//624 625//625 626//626
f 627//627 628//628 629//629
f 627//627 629//629 630//630
f 628//628 616//616 618//618
f 628//628 618//618 629//629
f 629//629 618//618 605//605
f 629//629 605//605 631//631
f 630//630 629//629 631//631
f 630//630 631//631 632//632
f 626//626 625//625 633//633
f 626//626 633//633 634//634
f 625//625 611//611 614//614
f 625//625 614//614 633//633
f 633//633 614//614 616//616
f 633//633 616//616 628//628
f 634//634 633//633 628//628
f 634//634 628//628 627//627
f 632//632 631//631 635//635
f 632//632 635//635 636//636
f 631//631 605//605 608//608
f 631//631 608//608 635//635
f 635//635 608//608 610//610
f 635//635 610//610 622//622
f 636//636 635//635 622//622
f 636//636 622//622 621//621
f 637//637 638//638 639//639
f 637//637 639//639 640//640
f 638//638 641//641 642//642
f 638//638 642//642 639//639
f 639//639 642//642 643//643
f 639//639 643//643 644//644
f 640//640 639//639 644//644
f 640//640 644//644 645//645
f 646//646 647//647 648//648
f 646//646 648//648 649//649
f 647//647 650//650 651//651
f 647//647 651//651 648//648
f 648//648 651//651 652//652
f 648//648 652//652 653//653
f 649//649 648//648 653//653
f 649//649 653//653 654//654
f 655//655 656//656 657//657
f 655//655 657//657 658//658
f 656//656 659//659 660//660
f 656//656 660//660 657//657
f 657//657 660//660 661//661
f 657//657 661//661 662//662
f 658//658 657//657 662//662
f 658//658 662//662 663//663
f 663//663 662//662 664//664
f 663//663 664//664 665//665
f 662//662 661//661 666//666
f 662//662 666//666 664//664
f 664//664 666//666 641//641
f 664//664 641//641 638//638
f 665//665 664//664 638//638
f 665//665 638//638 637//637
f 645//645 644//644 667//667
f 645//645 667//667 668//668
f 644//644 643//643 669//669
f 644//644 669//669 667//667
f 667//667 669//669 659//659
f 667//667 659//659 656//656
f 668//668 667//667 656//656
f 668//668 656//656 655//655
f 650//650 670//670 671//671
f 650//650 671//671 651//651
f 670//670 672//672 673//673
f 670//670 673//673 671//671
f 671//671 673//673 674//674
f 671//671 674//674 675//675
f 651//651 671//671 675//675
f 651//651 675//675 652//652
f 654//654 653//653 676//676
f 654//654 676//676 677//677
f 653//653 652//652 675//675
f 653//653 675//675 676//676
f 676//676 675//675 674//674
f 676//676 674//674 678//678
f 677//677 676//676 678//678
f 677//677 678//678 679//679
f 680//680 681//681 682//682
f 680//680 682//682 683//683
f 681//681 672//672 670//670
f 681//681 670//670 682//682
f 682//682 670//670 650//650
f 682//682 650//650 647//647
f 683//683 682//682 647//647
f 683//683 647//647 646//646
f 679//679 678//678 684//684
f 679//679 684//684 685//685
f 678//678 674//674 673//673
f 678//678 673//673 684//684
f 684//684 673//673 672//672
f 684//684 672//672 681//681
f 685//685 684//684 681//681
f 685//685 681//681 680//680
f 641//641 686//686 687//687
f 641//641 687//687 642//642
f 686//686 679//679 685//685
f 686//686 685//685 687//687
f 687//687 685//685 680//680
f 687//687 680//680 688//688
f 642//642 687//687 688//688
f 642//642 688//688 643//643
f 643//643 688//688 689//689
f 643//643 689//689 669//669
f 688//688 680//680 683//683
f 688//688 683//683 689//689
f 689//689 683//683 646//646
f 689//689 646//646 690//690
f 669//669 689//689 690//690
f 669//669 690//690 659//659
f 661//661 691//691 692//692
f 661//661 692//692 666//666
f 691//691 654//654 677//677
f 691//691 677//677 692//692
f 692//692 677//677 679//679
f 692//692 679//679 686//686
f 666//666 692//692 686//686
f 666//666 686//686 641//641
f 659//659 690//690 693//693
f 659//659 693//693 660//660
f 690//690 646//646 649//649
f 690//690 649//649 693//693
f 693//693 649//649 654//654
f 693//693 654//654 691//691
f 660//660 693//693 691//691
f 660//660 691//691 661//661
f 264//264 694//694 695//695
f 264//264 695//695 265//265
f 694//694 269//269 272//272
f 694//694 272//272 695//695
f 695//695 272//272 277//277
f 695//695 277//277 294//294
f 265//265 695//695 294//294
f 265//265 294//294 266//266
f 273//273 696//696 697//697
f 273//273 697//697 274//274
f 696//696 260//260 263//263
f 696//696 263//263 697//697
f 697//697 263//263 268//268
f 697//697 268//268 287//287
f 274//274 697//697 287//287
f 274//274 287//287 275//275
f 698//698 699//699 700//700
f 698//698 700//700 701//701
f 699//699 278//278 281//281
f 699//699 281//281 700//700
f 700//700 281//281 286//286
f 700//700 286//286 702//702
f 701//701 700//700 702//702
f 701//701 702//702 703//703
f 282//282 704//704 705//705
f 282//282 705//705 283//283
f 704//704 706//706 707//707
f 704//704 707//707 705//705
f 705//705 707//707 708//708
f 705//705 708//708 709//709
f 283//283 705//705 709//709
f 283//283 709//709 284//284
f 273//273 270//270 710//710
f 273//273 710//710 711//711
f 270//270 269//269 712//712
f 270//270 712//712 710//710
f 710//710 712//712 703//703
f 710//710 703//703 702//702
f 711//711 710//710 702//702
f 711//711 702//702 286//286
f 264//264 261//261 713//713
f 264//264 713//713 714//714
f 261//261 260//260 715//715
f 261//261 715//715 713//713
f 713//713 715//715 284//284
f 713//713 284//284 709//709
f 714//714 713//713 709//709
f 714//714 709//709 708//708
f 269//269 694//694 716//716
f 269//269 716//716 712//712
f 694//694 264//264 714//714
f 694//694 714//714 716//716
f 716//716 714//714 708//708
f 716//716 708//708 717//717
f 712//712 716//716 717//717
f 712//712 717//717 703//703
f 260//260 696//696 718//718
f 260//260 718//718 715//715
f 696//696 273//273 711//711
f 696//696 711//711 718//718
f 718//718 711//711 286//286
f 718//718 286//286 285//285
f 715//715 718//718 285//285
f 715//715 285//285 284//284
f 706//706 719//719 720//720
f 706//706 720//720 707//707
f 719//719 698//698 701//701
f 719//719 701//701 720//720
f 720//720 701//701 703//703
f 720//720 703//703 717//717
f 707//707 720//720 717//717
f 707//707 717//717 708//708
f 721//721 722//722 723//723
f 721//721 723//723 724//724
f 722//722 725//725 726//726
f 722//722 726//726 723//723
f 723//723 726//726 727//727
f 723//723 727//727 728//728
f 724//724 723//723 728//728
f 724//724 728//728 729//729
f 730//730 731//731 732//732
f 730//730 732//732 733//733
f 731//731 734//734 735//735
f 731//731 735//735 732//732
f 732//732 735//735 736//736
f 732//732 736//736 737//737
f 733//733 732//732 737//737
f 733//733 737//737 738//738
f 739//739 740//740 741//741
f 739//739 741//741 742//742
f 740//740 743//743 744//744
f 740//740 744//744 741//741
f 741//741 744//744 745//745
f 741//741 745//745 746//746
f 742//742 741//741 746//746
f 742//742 746//746 747//747
f 743//743 748//748 749//749
f 743//743 749//749 744//744
f 748//748 721//721 724//724
f 748//748 724//724 749//749
f 749//749 724//724 729//729
f 749//749 729//729 750//750
f 744//744 749//749 750//750
f 744//744 750//750 745//745
f 725//725 751//751 752//752
f 725//725 752//752 726//726
f 751//751 739//739 742//742
f 751//751 742//742 752//752
f 752//752 742//742 747//747
f 752//752 747//747 753//753
f 726//726 752//752 753//753
f 726//726 753//753 727//727
f 738//738 737//737 754//754
f 738//738 754//754 755//755
f 737//737 736//736 756//756
f 737//737 756//756 754//754
f 754//754 756//756 757//757
f 754//754 757//757 758//758
f 755//755 754//754 758//758
f 755//755 758//758 759//759
f 734//734 760//760 761//761
f 734//734 761//761 735//735
f 760//760 762//762 763//763
f 760//760 763//763 761//761
f 761//761 763//763 757//757
f 761//761 757//757 756//756
f 735//735 761//761 756//756
f 735//735 756//756 736//736
f 764//764 765//765 766//766
f 764//764 766//766 767//767
f 765//765 730//730 733//733
f 765//765 733//733 766//766
f 766//766 733//733 738//738
f 766//766 738//738 755//755
f 767//767 766//766 755//755
f 767//767 755//755 759//759
f 762//762 768//768 769//769
f 762//762 769//769 763//763
f 768//768 764//764 767//767
f 768//768 767//767 769//769
f 769//769 767//767 759//759
f 769//769 759//759 758//758
f 763//763 769//769 758//758
f 763//763 758//758 757//757
f 729//729 728//728 770//770
f 729//729 770//770 771//771
f 728//728 727//727 772//772
f 728//728 772//772 770//770
f 770//770 772//772 764//764
f 770//770 764//764 768//768
f 771//771 770//770 768//768
f 771//771 768//768 762//762
f 727//727 753//753 773//773
f 727//727 773//773 772//772
f 753//753 747//747 774//774
f 753//753 774//774 773//773
f 773//773 774//774 730//730
f 773//773 730//730 765//765
f 772//772 773//773 765//765
f 772//772 765//765 764//764
f 745//745 750//750 775//775
f 745//745 775//775 776//776
f 750//750 729//729 771//771
f 750//750 771//771 775//775
f 775//775 771//771 762//762
f 775//775 762//762 760//760
f 776//776 775//775 760//760
f 776//776 760//760 734//734
f 747//747 746//746 777//777
f 747//747 777//777 774//774
f 746//746 745//745 776//776
f 746//746 776//776 777//777
f 777//777 776//776 734//734
f 777//777 734//734 731//731
f 774//774 777//777 731//731
f 774//774 731//731 730//730
f 778//778 779//779 780//780
f 778//778 780//780 781//781
f 779//779 782//782 783//783
f 779//779 783//783 780//780
f 780//780 783//783 784//784
f 780//780 784//784 785//785
f 781//781 780//780 785//785
f 781//781 785//785 786//786
f 787//787 788//788 789//789
f 787//787 789//789 790//790
f 788//788 791//791 792//792
f 788//788 792//792 789//789
f 789//789 792//792 793//793
f 789//789 793//793 794//794
f 790//790 789//789 794//794
f 790//790 794//794 795//795
f 796//796 797//797 798//798
f 796//796 798//798 799//799
f 797//797 800//800 801//801
f 797//797 801//801 798//798
f 798//798 801//801 802//802
f 798//798 802//802 803//803
f 799//799 798//798 803//803
f 799//799 803//803 804//804
f 800//800 805//805 806//806
f 800//800 806//806 801//801
f 805//805 778//778 781//781
f 805//805 781//781 806//806
f 806//806 781//781 786//786
f 806//806 786//786 807//807
f 801//801 806//806 807//807
f 801//801 807//807 802//802
f 782//782 808//808 809//809
f 782//782 809//809 783//783
f 808//808 796//796 799//799
f 808//808 799//799 809//809
f 809//809 799//799 804//804
f 809//809 804//804 810//810
f 783//783 809//809 810//810
f 783//783 810//810 784//784
f 795//795 794//794 811//811
f 795//795 811//811 812//812
f 794//794 793//793 813//813
f 794//794 813//813 811//811
f 811//811 813//813 814//814
f 811//811 814//814 815//815
f 812//812 811//811 815//815
f 812//812 815//815 816//816
f 791//791 817//817 818//818
f 791//791 818//818 792//792
f 817//817 819//819 820//820
f 817//817 820//820 818//818
f 818//818 820//820 814//814
f 818//818 814//814 813//813
f 792//792 818//818 813//813
f 792//792 813//813 793//793
f 821//821 822//822 823//823
f 821//821 823//823 824//824
f 822//822 787//787 790//790
f 822//822 790//790 823//823
f 823//823 790//790 795//795
f 823//823 795//795 812//812
f 824//824 823//823 812//812
f 824//824 812//812 816//816
f 819//819 825//825 826//826
f 819//819 826//826 820//820
f 825//825 821//821 824//824
f 825//825 824//824 826//826
f 826//826 824//824 816//816
f 826//826 816//816 815//815
f 820//820 826//826 815//815
f 820//820 815//815 814//814
f 786//786 785//785 827//827
f 786//786 827//827 828//828
f 785//785 784//784 829//829
f 785//785 829//829 827//827
f 827//827 829//829 821//821
f 827//827 821//821 825//825
f 828//828 827//827 825//825
f 828//828 825//825 819//819
f 784//784 810//810 830//830
f 784//784 830//830 829//829
f 810//810 804//804 831//831
f 810//810 831//831 830//830
f 830//830 831//831 787//787
f 830//830 787//787 822//822
f 829//829 830//830 822//822
f 829//829 822//822 821//821
f 802//802 807//807 832//832
f 802//802 832//832 833//833
f 807//807 786//786 828//828
f 807//807 828//828 832//832
f 832//832 828//828 819//819
f 832//832 819//819 817//817
f 833//833 832//832 817//817
f 833//833 817//817 791//791
f 804//804 803//803 834//834
f 804//804 834//834 831//831
f 803//803 802//802 833//833
f 803//803 833//833 834//834
f 834//834 833//833 791//791
f 834//834 791//791 788//788
f 831//831 834//834 788//788
f 831//831 788//788 787//787
f 835//835 836//836 837//837
f 835//835 837//837 838//838
f 836//836 839//839 840//840
f 836//836 840//840 837//837
f 837//837 840//840 841//841
f 837//837 841//841 842//842
f 838//838 837//837 842//842
f 838//838 842//842 843//843
f 844//844 845//845 846//846
f 844//844 846//846 847//847
f 845//845 848//848 849//849
f 845//845 849//849 846//846
f 846//846 849//849 850//850
f 846//846 850//850 851//851
f 847//847 846//846 851//851
f 847//847 851//851 852//852
f 853//853 854//854 855//855
f 853//853 855//855 856//856
f 854//854 857//857 858//858
f 854//854 858//858 855//855
f 855//855 858//858 859//859
f 855//855 859//859 860//860
f 856//856 855//855 860//860
f 856//856 860//860 861//861
f 861//861 860//860 862//862
f 861//861 862//862 863//863
f 860//860 859//859 864//864
f 860//860 864//864 862//862
f 862//862 864//864 839//839
f 862//862 839//839 836//836
f 863//863 862//862 836//836
f 863//863 836//836 835//835
f 843//843 842//842 865//865
f 843//843 865//865 866//866
f 842//842 841//841 867//867
f 842//842 867//867 865//865
f 865//865 867//867 857//857
f 865//865 857//857 854//854
f 866//866 865//865 854//854
f 866//866 854//854 853//853
f 848//848 868//868 869//869
f 848//848 869//869 849//849
f 868//868 870//870 871//871
f 868//868 871//871 869//869
f 869//869 871//871 872//872
f 869//869 872//872 873//873
f 849//849 869//869 873//873
f 849//849 873//873 850//850
f 852//852 851//851 874//874
f 852//852 874//874 875//875
f 851//851 850//850 873//873
f 851//851 873//873 874//874
f 874//874 873//873 872//872
f 874//874 872//872 876//876
f 875//875 874//874 876//876
f 875//875 876//876 877//877
f 878//878 879//879 880//880
f 878//878 880//880 881//881
f 879//879 870//870 868//868
f 879//879 868//868 880//880
f 880//880 868//868 848//848
f 880//880 848//848 845//845
f 881//881 880//880 845//845
f 881//881 845//845 844//844
f 877//877 876//876 882//882
f 877//877 882//882 883//883
f 876//876 872//872 871//871
f 876//876 871//871 882//882
f 882//882 871//871 870//870
f 882//882 870//870 879//879
f 883//883 882//882 879//879
f 883//883 879//879 878//878
f 884//884 885//885 886//886
f 884//884 886//886 887//887
f 885//885 888//888 889//889
f 885//885 889//889 886//886
f 886//886 889//889 890//890
f 886//886 890//890 891//891
f 887//887 886//886 891//891
f 887//887 891//891 892//892
f 893//893 894//894 895//895
f 893//893 895//895 896//896
f 894//894 897//897 898//898
f 894//894 898//898 895//895
f 895//895 898//898 899//899
f 895//895 899//899 900//900
f 896//896 895//895 900//900
f 896//896 900//900 901//901
f 892//892 891//891 902//902
f 892//892 902//902 903//903
f 891//891 890//890 904//904
f 891//891 904//904 902//902
f 902//902 904//904 897//897
f 902//902 897//897 894//894
f 903//903 902//902 894//894
f 903//903 894//894 893//893
f 901//901 900//900 905//905
f 901//901 905//905 906//906
f 900//900 899//899 907//907
f 900//900 907//907 905//905
f 905//905 907//907 888//888
f 905//905 888//888 885//885
f 906//906 905//905 885//885
f 906//906 885//885 884//884
f 888//888 908//908 909//909
f 888//888 909//909 889//889
f 908//908 843//843 866//866
f 908//908 866//866 909//909
f 909//909 866//866 853//853
f 909//909 853//853 910//910
f 889//889 909//909 910//910
f 889//889 910//910 890//890
f 897//897 911//911 912//912
f 897//897 912//912 898//898
f 911//911 861//861 863//863
f 911//911 863//863 912//912
f 912//912 863//863 835//835
f 912//912 835//835 913//913
f 898//898 912//912 913//913
f 898//898 913//913 899//899
f 890//890 910//910 914//914
f 890//890 914//914 904//904
f 910//910 853//853 856//856
f 910//910 856//856 914//914
f 914//914 856//856 861//861
f 914//914 861//861 911//911
f 904//904 914//914 911//911
f 904//904 911//911 897//897
f 899//899 913//913 915//915
f 899//899 915//915 907//907
f 913//913 835//835 838//838
f 913//913 838//838 915//915
f 915//915 838//838 843//843
f 915//915 843//843 908//908
f 907//907 915//915 908//908
f 907//907 908//908 888//888
f 839//839 916//916 917//917
f 839//839 917//917 840//840
f 916//916 877//877 883//883
f 916//916 883//883 917//917
f 917//917 883//883 878//878
f 917//917 878//878 918//918
f 840//840 917//917 918//918
f 840//840 918//918 841//841
f 841//841 918//918 919//919
f 841//841 919//919 867//867
f 918//918 878//878 881//881
f 918//918 881//881 919//919
f 919//919 881//881 844//844
f 919//919 844//844 920//920
f 867//867 919//919 920//920
f 867//867 920//920 857//857
f 859//859 921//921 922//922
f 859//859 922//922 864//864
f 921//921 852//852 875//875
f 921//921 875//875 922//922
f 922//922 875//875 877//877
f 922//922 877//877 916//916
f 864//864 922//922 916//916
f 864//864 916//916 839//839
f 857//857 920//920 923//923
f 857//857 923//923 858//858
f 920//920 844//844 847//847
f 920//920 847//847 923//923
f 923//923 847//847 852//852
f 923//923 852//852 921//921
f 858//858 923//923 921//921
f 858//858 921//921 859//859
f 924//924 925//925 926//926
f 924//924 926//926 927//927
f 925//925 928//928 929//929
f 925//925 929//929 926//926
f 926//926 929//929 930//930
f 926//926 930//930 931//931
f 927//927 926//926 931//931
f 927//927 931//931 932//932
f 933//933 934//934 935//935
f 933//933 935//935 936//936
f 934//934 937//937 938//938
f 934//934 938//938 935//935
f 935//935 938//938 939//939
f 935//935 939//939 940//940
f 936//936 935//935 940//940
f 936//936 940//940 941//941
f 942//942 943//943 944//944
f 942//942 944//944 945//945
f 943//943 946//946 947//947
f 943//943 947//947 944//944
f 944//944 947//947 948//948
f 944//944 948//948 949//949
f 945//945 944//944 949//949
f 945//945 949//949 950//950
f 946//946 951//951 952//952
f 946//946 952//952 947//947
f 951//951 924//924 927//927
f 951//951 927//927 952//952
f 952//952 927//927 932//932
f 952//952 932//932 953//953
f 947//947 952//952 953//953
f 947//947 953//953 948//948
f 928//928 954//954 955//955
f 928//928 955//955 929//929
f 954//954 942//942 945//945
f 954//954 945//945 955//955
f 955//955 945//945 950//950
f 955//955 950//950 956//956
f 929//929 955//955 956//956
f 929//929 956//956 930//930
f 941//941 940//940 957//957
f 941//941 957//957 958//958
f 940//940 939//939 959//959
f 940//940 959//959 957//957
f 957//957 959//959 960//960
f 957//957 960//960 961//961
f 958//958 957//957 961//961
f 958//958 961//961 962//962
f 937//937 963//963 964//964
f 937//937 964//964 938//938
f 963//963 965//965 966//966
f 963//963 966//966 964//964
f 964//964 966//966 960//960
f 964//964 960//960 959//959
f 938//938 964//964 959//959
f 938//938 959//959 939//939
f 967//967 968//968 969//969
f 967//967 969//969 970//970
f 968//968 933//933 936//936
f 968//968 936//936 969//969
f 969//969 936//936 941//941
f 969//969 941//941 958//958
f 970//970 969//969 958//958
f 970//970 958//958 962//962
f 965//965 971//971 972//972
f 965//965 972//972 966//966
f 971//971 967//967 970//970
f 971//971 970//970 972//972
f 972//972 970//970 962//962
f 972//972 962//962 961//961
f 966//966 972//972 961//961
f 966//966 961//961 960//960
f 932//932 931//931 973//973
f 932//932 973//973 974//974
f 931//931 930//930 975//975
f 931//931 975//975 973//973
f 973//973 975//975 967//967
f 973//973 967//967 971//971
f 974//974 973//973 971//971
f 974//974 971//971 965//965
f 930//930 956//956 976//976
f 930//930 976//976 975//975
f 956//956 950//950 977//977
f 956//956 977//977 976//976
f 976//976 977//977 933//933
f 976//976 933//933 968//968
f 975//975 976//976 968//968
f 975//975 968//968 967//967
f 948//948 953//953 978//978
f 948//948 978//978 979//979
f 953//953 932//932 974//974
f 953//953 974//974 978//978
f 978//978 974//974 965//965
f 978//978 965//965 963//963
f 979//979 978//978 963//963
f 979//979 963//963 937//937
f 950//950 949//949 980//980
f 950//950 980//980 977//977
f 949//949 948//948 979//979
f 949//949 979//979 980//980
f 980//980 979//979 937//937
f 980//980 937//937 934//934
f 977//977 980//980 934//934
f 977//977 934//934 933//933
f 981//981 982//982 983//983
f 981//981 983//983 984//984
f 982//982 985//985 986//986
f 982//982 986//986 983//983
f 983//983 986//986 987//987
f 983//983 987//987 988//988
f 984//984 983//983 988//988
f 984//984 988//988 989//989
f 990//990 991//991 992//992
f 990//990 992//992 993//993
f 991//991 994//994 995//995
f 991//991 995//995 992//992
f 992//992 995//995 996//996
f 992//992 996//996 997//997
f 993//993 992//992 997//997
f 993//993 997//997 998//998
f 999//999 1000//1000 1001//1001
f 999//999 1001//1001 1002//1002
f 1000//1000 1003//1003 1004//1004
f 1000//1000 1004//1004 1001//1001
f 1001//1001 1004//1004 1005//1005
f 1001//1001 1005//1005 1006//1006
f 1002//1002 1001//1001 1006//1006
f 1002//1002 1006//1006 1007//1007
f 1007//1007 1006//1006 1008//1008
f 1007//1007 1008//1008 1009//1009
f 1006//1006 1005//1005 1010//1010
f 1006//1006 1010//1010 1008//1008
f 1008//1008 1010//1010 985//985
f 1008//1008 985//985 982//982
f 1009//1009 1008//1008 982//982
f 1009//1009 982//982 981//981
f 989//989 988//988 1011//1011
f 989//989 1011//1011 1012//1012
f 988//988 987//987 1013//1013
f 988//988 1013//1013 1011//1011
f 1011//1011 1013//1013 1003//1003
f 1011//1011 1003//1003 1000//1000
f 1012//1012 1011//1011 1000//1000
f 1012//1012 1000//1000 999//999
f 994//994 1014//1014 1015//1015
f 994//994 1015//1015 995//995
f 1014//1014 1016//1016 1017//1017
f 1014//1014 1017//1017 1015//1015
f 1015//1015 1017//1017 1018//1018
f 1015//1015 1018//1018 1019//1019
f 995//995 1015//1015 1019//1019
f 995//995 1019//1019 996//996
f 998//998 997//997 1020//1020
f 998//998 1020//1020 1021//1021
f 997//997 996//996 1019//1019
f 997//997 1019//1019 1020//1020
f 1020//1020 1019//1019 1018//1018
f 1020//1020 1018//1018 1022//1022
f 1021//1021 1020//1020 1022//1022
f 1021//1021 1022//1022 1023//1023
f 1024//1024 1025//1025 1026//1026
f 1024//1024 1026//1026 1027//1027
f 1025//1025 1016//1016 1014//1014
f 1025//1025 1014//1014 1026//1026
f 1026//1026 1014//1014 994//994
f 1026//1026 994//994 991//991
f 1027//1027 1026//1026 991//991
f 1027//1027 991//991 990//990
f 1023//1023 1022//1022 1028//1028
f 1023//1023 1028//1028 1029//1029
f 1022//1022 1018//1018 1017//1017
f 1022//1022 1017//1017 1028//1028
f 1028//1028 1017//1017 1016//1016
f 1028//1028 1016//1016 1025//1025
f 1029//1029 1028//1028 1025//1025
f 1029//1029 1025//1025 1024//1024
f 985//985 1030//1030 1031//1031
f 985//985 1031//1031 986//986
f 1030//1030 1023//1023 1029//1029
f 1030//1030 1029//1029 1031//1031
f 1031//1031 1029//1029 1024//1024
f 1031//1031 1024//1024 1032//1032
f 986//986 1031//1031 1032//1032
f 986//986 1032//1032 987//987
f 987//987 1032//1032 1033//1033
f 987//987 1033//1033 1013//1013
f 1032//1032 1024//1024 1027//1027
f 1032//1032 1027//1027 1033//1033
f 1033//1033 1027//1027 990//990
f 1033//1033 990//990 1034//1034
f 1013//1013 1033//1033 1034//1034
f 1013//1013 1034//1034 1003//1003
f 1005//1005 1035//1035 1036//1036
f 1005//1005 1036//1036 1010//1010
f 1035//1035 998//998 1021//1021
f 1035//1035 1021//1021 1036//1036
f 1036//1036 1021//1021 1023//1023
f 1036//1036 1023//1023 1030//1030
f 1010//1010 1036//1036 1030//1030
f 1010//1010 1030//1030 985//985
f 1003//1003 1034//1034 1037//1037
f 1003//1003 1037//1037 1004//1004
f 1034//1034 990//990 993//993
f 1034//1034 993//993 1037//1037
f 1037//1037 993//993 998//998
f 1037//1037 998//998 1035//1035
f 1004//1004 1037//1037 1035//1035
f 1004//1004 1035//1035 1005//1005
f 293//293 292//292 1038//1038
f 293//293 1038//1038 1039//1039
f 292//292 291//291 1040//1040
f 292//292 1040//1040 1038//1038
f 1038//1038 1040//1040 229//229
f 1038//1038 229//229 241//241
f 1039//1039 1038//1038 241//241
f 1039//1039 241//241 215//215
f 300//300 299//299 1041//1041
f 300//300 1041//1041 1042//1042
f 299//299 298//298 1043//1043
f 299//299 1043//1043 1041//1041
f 1041//1041 1043//1043 211//211
f 1041//1041 211//211 238//238
f 1042//1042 1041//1041 238//238
f 1042//1042 238//238 233//233
f 291//291 302//302 1044//1044
f 291//291 1044//1044 1040//1040
f 302//302 300//300 1042//1042
f 302//302 1042//1042 1044//1044
f 1044//1044 1042//1042 233//233
f 1044//1044 233//233 230//230
f 1040//1040 1044//1044 230//230
f 1040//1040 230//230 229//229
f 298//298 304//304 1045//1045
f 298//298 1045//1045 1043//1043
f 304//304 293//293 1039//1039
f 304//304 1039//1039 1045//1045
f 1045//1045 1039//1039 215//215
f 1045//1045 215//215 212//212
f 1043//1043 1045//1045 212//212
f 1043//1043 212//212 211//211
f 1046//1046 1047//1047 1048//1048
f 1046//1046 1048//1048 1049//1049
f 1047//1047 1050//1050 1051//1051
f 1047//1047 1051//1051 1048//1048
f 1048//1048 1051//1051 1052//1052
f 1048//1048 1052//1052 1053//1053
f 1049//1049 1048//1048 1053//1053
f 1049//1049 1053//1053 1054//1054
f 1055//1055 1056//1056 1057//1057
f 1055//1055 1057//1057 1058//1058
f 1056//1056 1059//1059 1060//1060
f 1056//1056 1060//1060 1057//1057
f 1057//1057 1060//1060 1061//1061
f 1057//1057 1061//1061 1062//1062
f 1058//1058 1057//1057 1062//1062
f 1058//1058 1062//1062 1063//1063
f 1064//1064 1065//1065 1066//1066
f 1064//1064 1066//1066 1067//1067
f 1065//1065 1068//1068 1069//1069
f 1065//1065 1069//1069 1066//1066
f 1066//1066 1069//1069 1070//1070
f 1066//1066 1070//1070 1071//1071
f 1067//1067 1066//1066 1071//1071
f 1067//1067 1071//1071 1072//1072
f 1068//1068 1073//1073 1074//1074
f 1068//1068 1074//1074 1069//1069
f 1073//1073 1046//1046 1049//1049
f 1073//1073 1049//1049 1074//1074
f 1074//1074 1049//1049 1054//1054
f 1074//1074 1054//1054 1075//1075
f 1069//1069 1074//1074 1075//1075
f 1069//1069 1075//1075 1070//1070
f 1050//1050 1076//1076 1077//1077
f 1050//1050 1077//1077 1051//1051
f 1076//1076 1064//1064 1067//1067
f 1076//1076 1067//1067 1077//1077
f 1077//1077 1067//1067 1072//1072
f 1077//1077 1072//1072 1078//1078
f 1051//1051 1077//1077 1078//1078
f 1051//1051 1078//1078 1052//1052
f 1063//1063 1062//1062 1079//1079
f 1063//1063 1079//1079 1080//1080
f 1062//1062 1061//1061 1081//1081
f 1062//1062 1081//1081 1079//1079
f 1079//1079 1081//1081 1082//1082
f 1079//1079 1082//1082 1083//1083
f 1080//1080 1079//1079 1083//1083
f 1080//1080 1083//1083 1084//1084
f 1059//1059 1085//1085 1086//1086
f 1059//1059 1086//1086 1060//1060
f 1085//1085 1087//1087 1088//1088
f 1085//1085 1088//1088 1086//1086
f 1086//1086 1088//1088 1082//1082
f 1086//1086 1082//1082 1081//1081
f 1060//1060 1086//1086 1081//1081
f 1060//1060 1081//1081 1061//1061
f 1089//1089 1090//1090 1091//1091
f 1089//1089 1091//1091 1092//1092
f 1090//1090 1055//1055 1058//1058
f 1090//1090 1058//1058 1091//1091
f 1091//1091 1058//1058 1063//1063
f 1091//1091 1063//1063 1080//1080
f 1092//1092 1091//1091 1080//1080
f 1092//1092 1080//1080 1084//1084
f 1087//1087 1093//1093 1094//1094
f 1087//1087 1094//1094 1088//1088
f 1093//1093 1089//1089 1092//1092
f 1093//1093 1092//1092 1094//1094
f 1094//1094 1092//1092 1084//1084
f 1094//1094 1084//1084 1083//1083
f 1088//1088 1094//1094 1083//1083
f 1088//1088 1083//1083 1082//1082
f 1054//1054 1053//1053 1095//1095
f 1054//1054 1095//1095 1096//1096
f 1053//1053 1052//1052 1097//1097
f 1053//1053 1097//1097 1095//1095
f 1095//1095 1097//1097 1089//1089
f 1095//1095 1089//1089 1093//1093
f 1096//1096 1095//1095 1093//1093
f 1096//1096 1093//1093 1087//1087
f 1052//1052 1078//1078 1098//1098
f 1052//1052 1098//1098 1097//1097
f 1078//1078 1072//1072 1099//1099
f 1078//1078 1099//1099 1098//1098
f 1098//1098 1099//1099 1055//1055
f 1098//1098 1055//1055 1090//1090
f 1097//1097 1098//1098 1090//1090
f 1097//1097 1090//1090 1089//1089
f 1070//1070 1075//1075 1100//1100
f 1070//1070 1100//1100 1101//1101
f 1075//1075 1054//1054 1096//1096
f 1075//1075 1096//1096 1100//1100
f 1100//1100 1096//1096 1087//1087
f 1100//1100 1087//1087 1085//1085
f 1101//1101 1100//1100 1085//1085
f 1101//1101 1085//1085 1059//1059
f 1102//1102 1103//1103 1104//1104
f 1102//1102 1104//1104 1105//1105
f 1103//1103 1106//1106 1107//1107
f 1103//1103 1107//1107 1104//1104
f 1104//1104 1107//1107 1108//1108
f 1104//1104 1108//1108 1109//1109
f 1105//1105 1104//1104 1109//1109
f 1105//1105 1109//1109 1110//1110
f 1111//1111 1112//1112 1113//1113
f 1111//1111 1113//1113 1114//1114
f 1112//1112 1115//1115 1116//1116
f 1112//1112 1116//1116 1113//1113
f 1113//1113 1116//1116 1117//1117
f 1113//1113 1117//1117 1118//1118
f 1114//1114 1113//1113 1118//1118
f 1114//1114 1118//1118 1119//1119
f 1120//1120 1121//1121 1122//1122
f 1120//1120 1122//1122 1123//1123
f 1121//1121 1124//1124 1125//1125
f 1121//1121 1125//1125 1122//1122
f 1122//1122 1125//1125 1126//1126
f 1122//1122 1126//1126 1127//1127
f 1123//1123 1122//1122 1127//1127
f 1123//1123 1127//1127 1128//1128
f 1124//1124 1129//1129 1130//1130
f 1124//1124 1130//1130 1125//1125
f 1129//1129 1102//1102 1105//1105
f 1129//1129 1105//1105 1130//1130
f 1130//1130 1105//1105 1110//1110
f 1130//1130 1110//1110 1131//1131
f 1125//1125 1130//1130 1131//1131
f 1125//1125 1131//1131 1126//1126
f 1106//1106 1132//1132 1133//1133
f 1106//1106 1133//1133 1107//1107
f 1132//1132 1120//1120 1123//1123
f 1132//1132 1123//1123 1133//1133
f 1133//1133 1123//1123 1128//1128
f 1133//1133 1128//1128 1134//1134
f 1107//1107 1133//1133 1134//1134
f 1107//1107 1134//1134 1108//1108
f 1119//1119 1118//1118 1135//1135
f 1119//1119 1135//1135 1136//1136
f 1118//1118 1117//1117 1137//1137
f 1118//1118 1137//1137 1135//1135
f 1135//1135 1137//1137 1138//1138
f 1135//1135 1138//1138 1139//1139
f 1136//1136 1135//1135 1139//1139
f 1136//1136 1139//1139 1140//1140
f 1115//1115 1141//1141 1142//1142
f 1115//1115 1142//1142 1116//1116
f 1141//1141 1143//1143 1144//1144
f 1141//1141 1144//1144 1142//1142
f 1142//1142 1144//1144 1138//1138
f 1142//1142 1138//1138 1137//1137
f 1116//1116 1142//1142 1137//1137
f 1116//1116 1137//1137 1117//1117
f 1145//1145 1146//1146 1147//1147
f 1145//1145 1147//1147 1148//1148
f 1146//1146 1111//1111 1114//1114
f 1146//1146 1114//1114 1147//1147
f 1147//1147 1114//1114 1119//1119
f 1147//1147 1119//1119 1136//1136
f 1148//1148 1147//1147 1136//1136
f 1148//1148 1136//1136 1140//1140
f 1143//1143 1149//1149 1150//1150
f 1143//1143 1150//1150 1144//1144
f 1149//1149 1145//1145 1148//1148
f 1149//1149 1148//1148 1150//1150
f 1150//1150 1148//1148 1140//1140
f 1150//1150 1140//1140 1139//1139
f 1144//1144 1150//1150 1139//1139
f 1144//1144 1139//1139 1138//1138
f 1151//1151 1152//1152 1153//1153
f 1151//1151 1153//1153 1154//1154
f 1152//1152 1155//1155 1156//1156
f 1152//1152 1156//1156 1153//1153
f 1153//1153 1156//1156 1120//1120
f 1153//1153 1120//1120 1132//1132
f 1154//1154 1153//1153 1132//1132
f 1154//1154 1132//1132 1106//1106
f 1157//1157 1158//1158 1159//1159
f 1157//1157 1159//1159 1160//1160
f 1158//1158 1161//1161 1162//1162
f 1158//1158 1162//1162 1159//1159
f 1159//1159 1162//1162 1102//1102
f 1159//1159 1102//1102 1129//1129
f 1160//1160 1159//1159 1129//1129
f 1160//1160 1129//1129 1124//1124
f 1155//1155 1163//1163 1164//1164
f 1155//1155 1164//1164 1156//1156
f 1163//1163 1157//1157 1160//1160
f 1163//1163 1160//1160 1164//1164
f 1164//1164 1160//1160 1124//1124
f 1164//1164 1124//1124 1121//1121
f 1156//1156 1164//1164 1121//1121
f 1156//1156 1121//1121 1120//1120
f 1161//1161 1165//1165 1166//1166
f 1161//1161 1166//1166 1162//1162
f 1165//1165 1151//1151 1154//1154
f 1165//1165 1154//1154 1166//1166
f 1166//1166 1154//1154 1106//1106
f 1166//1166 1106//1106 1103//1103
f 1162//1162 1166//1166 1103//1103
f 1162//1162 1103//1103 1102//1102
f 1110//1110 1109//1109 1167//1167
f 1110//1110 1167//1167 1168//1168
f 1109//1109 1108//1108 1169//1169
f 1109//1109 1169//1169 1167//1167
f 1167//1167 1169//1169 1145//1145
f 1167//1167 1145//1145 1149//1149
f 1168//1168 1167//1167 1149//1149
f 1168//1168 1149//1149 1143//1143
f 1108//1108 1134//1134 1170//1170
f 1108//1108 1170//1170 1169//1169
f 1134//1134 1128//1128 1171//1171
f 1134//1134 1171//1171 1170//1170
f 1170//1170 1171//1171 1111//1111
f 1170//1170 1111//1111 1146//1146
f 1169//1169 1170//1170 1146//1146
f 1169//1169 1146//1146 1145//1145
f 1126//1126 1131//1131 1172//1172
f 1126//1126 1172//1172 1173//1173
f 1131//1131 1110//1110 1168//1168
f 1131//1131 1168//1168 1172//1172
f 1172//1172 1168//1168 1143//1143
f 1172//1172 1143//1143 1141//1141
f 1173//1173 1172//1172 1141//1141
f 1173//1173 1141//1141 1115//1115
f 1128//1128 1127//1127 1174//1174
f 1128//1128 1174//1174 1171//1171
f 1127//1127 1126//1126 1173//1173
f 1127//1127 1173//1173 1174//1174
f 1174//1174 1173//1173 1115//1115
f 1174//1174 1115//1115 1112//1112
f 1171//1171 1174//1174 1112//1112
f 1171//1171 1112//1112 1111//1111
f 1072//1072 1071//1071 1175//1175
f 1072//1072 1175//1175 1099//1099
f 1071//1071 1070//1070 1101//1101
f 1071//1071 1101//1101 1175//1175
f 1175//1175 1101//1101 1059//1059
f 1175//1175 1059//1059 1056//1056
f 1099//1099 1175//1175 1056//1056
f 1099//1099 1056//1056 1055//1055
f 1176//1176 1177//1177 1178//1178
f 1176//1176 1178//1178 1179//1179
f 1177//1177 1180//1180 1181//1181
f 1177//1177 1181//1181 1178//1178
f 1178//1178 1181//1181 1182//1182
f 1178//1178 1182//1182 1183//1183
f 1179//1179 1178//1178 1183//1183
f 1179//1179 1183//1183 1184//1184
f 1185//1185 1186//1186 1187//1187
f 1185//1185 1187//1187 1188//1188
f 1186//1186 1189//1189 1190//1190
f 1186//1186 1190//1190 1187//1187
f 1187//1187 1190//1190 1191//1191
f 1187//1187 1191//1191 1192//1192
f 1188//1188 1187//1187 1192//1192
f 1188//1188 1192//1192 1193//1193
f 1194//1194 1195//1195 1196//1196
f 1194//1194 1196//1196 1197//1197
f 1195//1195 1198//1198 1199//1199
f 1195//1195 1199//1199 1196//1196
f 1196//1196 1199//1199 1200//1200
f 1196//1196 1200//1200 1201//1201
f 1197//1197 1196//1196 1201//1201
f 1197//1197 1201//1201 1202//1202
f 1198//1198 1203//1203 1204//1204
f 1198//1198 1204//1204 1199//1199
f 1203//1203 1176//1176 1179//1179
f 1203//1203 1179//1179 1204//1204
f 1204//1204 1179//1179 1184//1184
f 1204//1204 1184//1184 1205//1205
f 1199//1199 1204//1204 1205//1205
f 1199//1199 1205//1205 1200//1200
f 1180//1180 1206//1206 1207//1207
f 1180//1180 1207//1207 1181//1181
f 1206//1206 1194//1194 1197//1197
f 1206//1206 1197//1197 1207//1207
f 1207//1207 1197//1197 1202//1202
f 1207//1207 1202//1202 1208//1208
f 1181//1181 1207//1207 1208//1208
f 1181//1181 1208//1208 1182//1182
f 1193//1193 1192//1192 1209//1209
f 1193//1193 1209//1209 1210//1210
f 1192//1192 1191//1191 1211//1211
f 1192//1192 1211//1211 1209//1209
f 1209//1209 1211//1211 1212//1212
f 1209//1209 1212//1212 1213//1213
f 1210//1210 1209//1209 1213//1213
f 1210//1210 1213//1213 1214//1214
f 1189//1189 1215//1215 1216//1216
f 1189//1189 1216//1216 1190//1190
f 1215//1215 1217//1217 1218//1218
f 1215//1215 1218//1218 1216//1216
f 1216//1216 1218//1218 1212//1212
f 1216//1216 1212//1212 1211//1211
f 1190//1190 1216//1216 1211//1211
f 1190//1190 1211//1211 1191//1191
f 1219//1219 1220//1220 1221//1221
f 1219//1219 1221//1221 1222//1222
f 1220//1220 1185//1185 1188//1188
f 1220//1220 1188//1188 1221//1221
f 1221//1221 1188//1188 1193//1193
f 1221//1221 1193//1193 1210//1210
f 1222//1222 1221//1221 1210//1210
f 1222//1222 1210//1210 1214//1214
f 1217//1217 1223//1223 1224//1224
f 1217//1217 1224//1224 1218//1218
f 1223//1223 1219//1219 1222//1222
f 1223//1223 1222//1222 1224//1224
f 1224//1224 1222//1222 1214//1214
f 1224//1224 1214//1214 1213//1213
f 1218//1218 1224//1224 1213//1213
f 1218//1218 1213//1213 1212//1212
f 1184//1184 1183//1183 1225//1225
f 1184//1184 1225//1225 1226//1226
f 1183//1183 1182//1182 1227//1227
f 1183//1183 1227//1227 1225//1225
f 1225//1225 1227//1227 1219//1219
f 1225//1225 1219//1219 1223//1223
f 1226//1226 1225//1225 1223//1223
f 1226//1226 1223//1223 1217//1217
f 1182//1182 1208//1208 1228//1228
f 1182//1182 1228//1228 1227//1227
f 1208//1208 1202//1202 1229//1229
f 1208//1208 1229//1229 1228//1228
f 1228//1228 1229//1229 1185//1185
f 1228//1228 1185//1185 1220//1220
f 1227//1227 1228//1228 1220//1220
f 1227//1227 1220//1220 1219//1219
f 1200//1200 1205//1205 1230//1230
f 1200//1200 1230//1230 1231//1231
f 1205//1205 1184//1184 1226//1226
f 1205//1205 1226//1226 1230//1230
f 1230//1230 1226//1226 1217//1217
f 1230//1230 1217//1217 1215//1215
f 1231//1231 1230//1230 1215//1215
f 1231//1231 1215//1215 1189//1189
f 1202//1202 1201//1201 1232//1232
f 1202//1202 1232//1232 1229//1229
f 1201//1201 1200//1200 1231//1231
f 1201//1201 1231//1231 1232//1232
f 1232//1232 1231//1231 1189//1189
f 1232//1232 1189//1189 1186//1186
f 1229//1229 1232//1232 1186//1186
f 1229//1229 1186//1186 1185//1185
f 1233//1233 1234//1234 1235//1235
f 1233//1233 1235//1235 1236//1236
f 1234//1234 1237//1237 1238//1238
f 1234//1234 1238//1238 1235//1235
f 1235//1235 1238//1238 1239//1239
f 1235//1235 1239//1239 1240//1240
f 1236//1236 1235//1235 1240//1240
f 1236//1236 1240//1240 1241//1241
f 1242//1242 1243//1243 1244//1244
f 1242//1242 1244//1244 1245//1245
f 1243//1243 1246//1246 1247//1247
f 1243//1243 1247//1247 1244//1244
f 1244//1244 1247//1247 1248//1248
f 1244//1244 1248//1248 1249//1249
f 1245//1245 1244//1244 1249//1249
f 1245//1245 1249//1249 1250//1250
f 1251//1251 1252//1252 1253//1253
f 1251//1251 1253//1253 1254//1254
f 1252//1252 1255//1255 1256//1256
f 1252//1252 1256//1256 1253//1253
f 1253//1253 1256//1256 1257//1257
f 1253//1253 1257//1257 1258//1258
f 1254//1254 1253//1253 1258//1258
f 1254//1254 1258//1258 1259//1259
f 1255//1255 1260//1260 1261//1261
f 1255//1255 1261//1261 1256//1256
f 1260//1260 1233//1233 1236//1236
f 1260//1260 1236//1236 1261//1261
f 1261//1261 1236//1236 1241//1241
f 1261//1261 1241//1241 1262//1262
f 1256//1256 1261//1261 1262//1262
f 1256//1256 1262//1262 1257//1257
f 1237//1237 1263//1263 1264//1264
f 1237//1237 1264//1264 1238//1238
f 1263//1263 1251//1251 1254//1254
f 1263//1263 1254//1254 1264//1264
f 1264//1264 1254//1254 1259//1259
f 1264//1264 1259//1259 1265//1265
f 1238//1238 1264//1264 1265//1265
f 1238//1238 1265//1265 1239//1239
f 1250//1250 1249//1249 1266//1266
f 1250//1250 1266//1266 1267//1267
f 1249//1249 1248//1248 1268//1268
f 1249//1249 1268//1268 1266//1266
f 1266//1266 1268//1268 1269//1269
f 1266//1266 1269//1269 1270//1270
f 1267//1267 1266//1266 1270//1270
f 1267//1267 1270//1270 1271//1271
f 1246//1246 1272//1272 1273//1273
f 1246//1246 1273//1273 1247//1247
f 1272//1272 1274//1274 1275//1275
f 1272//1272 1275//1275 1273//1273
f 1273//1273 1275//1275 1269//1269
f 1273//1273 1269//1269 1268//1268
f 1247//1247 1273//1273 1268//1268
f 1247//1247 1268//1268 1248//1248
f 1276//1276 1277//1277 1278//1278
f 1276//1276 1278//1278 1279//1279
f 1277//1277 1242//1242 1245//1245
f 1277//1277 1245//1245 1278//1278
f 1278//1278 1245//1245 1250//1250
f 1278//1278 1250//1250 1267//1267
f 1279//1279 1278//1278 1267//1267
f 1279//1279 1267//1267 1271//1271
f 1274//1274 1280//1280 1281//1281
f 1274//1274 1281//1281 1275//1275
f 1280//1280 1276//1276 1279//1279
f 1280//1280 1279//1279 1281//1281
f 1281//1281 1279//1279 1271//1271
f 1281//1281 1271//1271 1270//1270
f 1275//1275 1281//1281 1270//1270
f 1275//1275 1270//1270 1269//1269
f 1241//1241 1240//1240 1282//1282
f 1241//1241 1282//1282 1283//1283
f 1240//1240 1239//1239 1284//1284
f 1240//1240 1284//1284 1282//1282
f 1282//1282 1284//1284 1276//1276
f 1282//1282 1276//1276 1280//1280
f 1283//1283 1282//1282 1280//1280
f 1283//1283 1280//1280 1274//1274
f 1239//1239 1265//1265 1285//1285
f 1239//1239 1285//1285 1284//1284
f 1265//1265 1259//1259 1286//1286
f 1265//1265 1286//1286 1285//1285
f 1285//1285 1286//1286 1242//1242
f 1285//1285 1242//1242 1277//1277
f 1284//1284 1285//1285 1277//1277
f 1284//1284 1277//1277 1276//1276
f 1257//1257 1262//1262 1287//1287
f 1257//1257 1287//1287 1288//1288
f 1262//1262 1241//1241 1283//1283
f 1262//1262 1283//1283 1287//1287
f 1287//1287 1283//1283 1274//1274
f 1287//1287 1274//1274 1272//1272
f 1288//1288 1287//1287 1272//1272
f 1288//1288 1272//1272 1246//1246
f 1259//1259 1258//1258 1289//1289
f 1259//1259 1289//1289 1286//1286
f 1258//1258 1257//1257 1288//1288
f 1258//1258 1288//1288 1289//1289
f 1289//1289 1288//1288 1246//1246
f 1289//1289 1246//1246 1243//1243
f 1286//1286 1289//1289 1243//1243
f 1286//1286 1243//1243 1242//1242
f 1290//1290 1291//1291 1292//1292
f 1290//1290 1292//1292 1293//1293
f 1291//1291 1294//1294 1295//1295
f 1291//1291 1295//1295 1292//1292
f 1292//1292 1295//1295 1296//1296
f 1292//1292 1296//1296 1297//1297
f 1293//1293 1292//1292 1297//1297
f 1293//1293 1297//1297 1298//1298
f 1299//1299 1300//1300 1301//1301
f 1299//1299 1301//1301 1302//1302
f 1300//1300 1303//1303 1304//1304
f 1300//1300 1304//1304 1301//1301
f 1301//1301 1304//1304 1305//1305
f 1301//1301 1305//1305 1306//1306
f 1302//1302 1301//1301 1306//1306
f 1302//1302 1306//1306 1307//1307
f 1308//1308 1309//1309 1310//1310
f 1308//1308 1310//1310 1311//1311
f 1309//1309 1312//1312 1313//1313
f 1309//1309 1313//1313 1310//1310
f 1310//1310 1313//1313 1314//1314
f 1310//1310 1314//1314 1315//1315
f 1311//1311 1310//1310 1315//1315
f 1311//1311 1315//1315 1316//1316
f 1312//1312 1317//1317 1318//1318
f 1312//1312 1318//1318 1313//1313
f 1317//1317 1290//1290 1293//1293
f 1317//1317 1293//1293 1318//1318
f 1318//1318 1293//1293 1298//1298
f 1318//1318 1298//1298 1319//1319
f 1313//1313 1318//1318 1319//1319
f 1313//1313 1319//1319 1314//1314
f 1294//1294 1320//1320 1321//1321
f 1294//1294 1321//1321 1295//1295
f 1320//1320 1308//1308 1311//1311
f 1320//1320 1311//1311 1321//1321
f 1321//1321 1311//1311 1316//1316
f 1321//1321 1316//1316 1322//1322
f 1295//1295 1321//1321 1322//1322
f 1295//1295 1322//1322 1296//1296
f 1307//1307 1306//1306 1323//1323
f 1307//1307 1323//1323 1324//1324
f 1306//1306 1305//1305 1325//1325
f 1306//1306 1325//1325 1323//1323
f 1323//1323 1325//1325 1326//1326
f 1323//1323 1326//1326 1327//1327
f 1324//1324 1323//1323 1327//1327
f 1324//1324 1327//1327 1328//1328
f 1303//1303 1329//1329 1330//1330
f 1303//1303 1330//1330 1304//1304
f 1329//1329 1331//1331 1332//1332
f 1329//1329 1332//1332 1330//1330
f 1330//1330 1332//1332 1326//1326
f 1330//1330 1326//1326 1325//1325
f 1304//1304 1330//1330 1325//1325
f 1304//1304 1325//1325 1305//1305
f 1333//1333 1334//1334 1335//1335
f 1333//1333 1335//1335 1336//1336
f 1334//1334 1299//1299 1302//1302
f 1334//1334 1302//1302 1335//1335
f 1335//1335 1302//1302 1307//1307
f 1335//1335 1307//1307 1324//1324
f 1336//1336 1335//1335 1324//1324
f 1336//1336 1324//1324 1328//1328
f 1331//1331 1337//1337 1338//1338
f 1331//1331 1338//1338 1332//1332
f 1337//1337 1333//1333 1336//1336
f 1337//1337 1336//1336 1338//1338
f 1338//1338 1336//1336 1328//1328
f 1338//1338 1328//1328 1327//1327
f 1332//1332 1338//1338 1327//1327
f 1332//1332 1327//1327 1326//1326
f 1339//1339 1340//1340 1341//1341
f 1339//1339 1341//1341 1342//1342
f 1340//1340 1343//1343 1344//1344
f 1340//1340 1344//1344 1341//1341
f 1341//1341 1344//1344 1345//1345
f 1341//1341 1345//1345 1346//1346
f 1342//1342 1341//1341 1346//1346
f 1342//1342 1346//1346 1347//1347
f 1348//1348 1349//1349 1350//1350
f 1348//1348 1350//1350 1351//1351
f 1349//1349 1352//1352 1353//1353
f 1349//1349 1353//1353 1350//1350
f 1350//1350 1353//1353 1354//1354
f 1350//1350 1354//1354 1355//1355
f 1351//1351 1350//1350 1355//1355
f 1351//1351 1355//1355 1356//1356
f 1357//1357 1358//1358 1359//1359
f 1357//1357 1359//1359 1360//1360
f 1358//1358 1361//1361 1362//1362
f 1358//1358 1362//1362 1359//1359
f 1359//1359 1362//1362 1363//1363
f 1359//1359 1363//1363 1364//1364
f 1360//1360 1359//1359 1364//1364
f 1360//1360 1364//1364 1365//1365
f 1354//1354 1366//1366 1367//1367
f 1354//1354 1367//1367 1368//1368
f 1366//1366 1347//1347 1369//1369
f 1366//1366 1369//1369 1367//1367
f 1367//1367 1369//1369 1370//1370
f 1367//1367 1370//1370 1371//1371
f 1368//1368 1367//1367 1371//1371
f 1368//1368 1371//1371 1372//1372
f 1345//1345 1373//1373 1374//1374
f 1345//1345 1374//1374 1375//1375
f 1373//1373 1356//1356 1376//1376
f 1373//1373 1376//1376 1374//1374
f 1374//1374 1376//1376 1377//1377
f 1374//1374 1377//1377 1378//1378
f 1375//1375 1374//1374 1378//1378
f 1375//1375 1378//1378 1379//1379
f 1347//1347 1346//1346 1380//1380
f 1347//1347 1380//1380 1369//1369
f 1346//1346 1345//1345 1375//1375
f 1346//1346 1375//1375 1380//1380
f 1380//1380 1375//1375 1379//1379
f 1380//1380 1379//1379 1381//1381
f 1369//1369 1380//1380 1381//1381
f 1369//1369 1381//1381 1370//1370
f 1356//1356 1355//1355 1382//1382
f 1356//1356 1382//1382 1376//1376
f 1355//1355 1354//1354 1368//1368
f 1355//1355 1368//1368 1382//1382
f 1382//1382 1368//1368 1372//1372
f 1382//1382 1372//1372 1383//1383
f 1376//1376 1382//1382 1383//1383
f 1376//1376 1383//1383 1377//1377
f 1298//1298 1297//1297 1384//1384
f 1298//1298 1384//1384 1385//1385
f 1297//1297 1296//1296 1386//1386
f 1297//1297 1386//1386 1384//1384
f 1384//1384 1386//1386 1333//1333
f 1384//1384 1333//1333 1337//1337
f 1385//1385 1384//1384 1337//1337
f 1385//1385 1337//1337 1331//1331
f 1296//1296 1322//1322 1387//1387
f 1296//1296 1387//1387 1386//1386
f 1322//1322 1316//1316 1388//1388
f 1322//1322 1388//1388 1387//1387
f 1387//1387 1388//1388 1299//1299
f 1387//1387 1299//1299 1334//1334
f 1386//1386 1387//1387 1334//1334
f 1386//1386 1334//1334 1333//1333
f 1314//1314 1319//1319 1389//1389
f 1314//1314 1389//1389 1390//1390
f 1319//1319 1298//1298 1385//1385
f 1319//1319 1385//1385 1389//1389
f 1389//1389 1385//1385 1331//1331
f 1389//1389 1331//1331 1329//1329
f 1390//1390 1389//1389 1329//1329
f 1390//1390 1329//1329 1303//1303
f 1316//1316 1315//1315 1391//1391
f 1316//1316 1391//1391 1388//1388
f 1315//1315 1314//1314 1390//1390
f 1315//1315 1390//1390 1391//1391
f 1391//1391 1390//1390 1303//1303
f 1391//1391 1303//1303 1300//1300
f 1388//1388 1391//1391 1300//1300
f 1388//1388 1300//1300 1299//1299
f 1392//1392 1393//1393 1394//1394
f 1392//1392 1394//1394 1395//1395
f 1393//1393 1396//1396 1397//1397
f 1393//1393 1397//1397 1394//1394
f 1394//1394 1397//1397 1398//1398
f 1394//1394 1398//1398 1399//1399
f 1395//1395 1394//1394 1399//1399
f 1395//1395 1399//1399 1400//1400
f 1401//1401 1402//1402 1403//1403
f 1401//1401 1403//1403 1404//1404
f 1402//1402 1405//1405 1406//1406
f 1402//1402 1406//1406 1403//1403
f 1403//1403 1406//1406 1407//1407
f 1403//1403 1407//1407 1408//1408
f 1404//1404 1403//1403 1408//1408
f 1404//1404 1408//1408 1409//1409
f 1410//1410 1411//1411 1412//1412
f 1410//1410 1412//1412 1413//1413
f 1411//1411 1414//1414 1415//1415
f 1411//1411 1415//1415 1412//1412
f 1412//1412 1415//1415 1416//1416
f 1412//1412 1416//1416 1417//1417
f 1413//1413 1412//1412 1417//1417
f 1413//1413 1417//1417 1418//1418
f 1418//1418 1417//1417 1419//1419
f 1418//1418 1419//1419 1420//1420
f 1417//1417 1416//1416 1421//1421
f 1417//1417 1421//1421 1419//1419
f 1419//1419 1421//1421 1396//1396
f 1419//1419 1396//1396 1393//1393
f 1420//1420 1419//1419 1393//1393
f 1420//1420 1393//1393 1392//1392
f 1400//1400 1399//1399 1422//1422
f 1400//1400 1422//1422 1423//1423
f 1399//1399 1398//1398 1424//1424
f 1399//1399 1424//1424 1422//1422
f 1422//1422 1424//1424 1414//1414
f 1422//1422 1414//1414 1411//1411
f 1423//1423 1422//1422 1411//1411
f 1423//1423 1411//1411 1410//1410
f 1405//1405 1425//1425 1426//1426
f 1405//1405 1426//1426 1406//1406
f 1425//1425 1427//1427 1428//1428
f 1425//1425 1428//1428 1426//1426
f 1426//1426 1428//1428 1429//1429
f 1426//1426 1429//1429 1430//1430
f 1406//1406 1426//1426 1430//1430
f 1406//1406 1430//1430 1407//1407
f 1409//1409 1408//1408 1431//1431
f 1409//1409 1431//1431 1432//1432
f 1408//1408 1407//1407 1430//1430
f 1408//1408 1430//1430 1431//1431
f 1431//1431 1430//1430 1429//1429
f 1431//1431 1429//1429 1433//1433
f 1432//1432 1431//1431 1433//1433
f 1432//1432 1433//1433 1434//1434
f 1435//1435 1436//1436 1437//1437
f 1435//1435 1437//1437 1438//1438
f 1436//1436 1427//1427 1425//1425
f 1436//1436 1425//1425 1437//1437
f 1437//1437 1425//1425 1405//1405
f 1437//1437 1405//1405 1402//1402
f 1438//1438 1437//1437 1402//1402
f 1438//1438 1402//1402 1401//1401
f 1434//1434 1433//1433 1439//1439
f 1434//1434 1439//1439 1440//1440
f 1433//1433 1429//1429 1428//1428
f 1433//1433 1428//1428 1439//1439
f 1439//1439 1428//1428 1427//1427
f 1439//1439 1427//1427 1436//1436
f 1440//1440 1439//1439 1436//1436
f 1440//1440 1436//1436 1435//1435
f 1396//1396 1441//1441 1442//1442
f 1396//1396 1442//1442 1397//1397
f 1441//1441 1434//1434 1440//1440
f 1441//1441 1440//1440 1442//1442
f 1442//1442 1440//1440 1435//1435
f 1442//1442 1435//1435 1443//1443
f 1397//1397 1442//1442 1443//1443
f 1397//1397 1443//1443 1398//1398
f 1398//1398 1443//1443 1444//1444
f 1398//1398 1444//1444 1424//1424
f 1443//1443 1435//1435 1438//1438
f 1443//1443 1438//1438 1444//1444
f 1444//1444 1438//1438 1401//1401
f 1444//1444 1401//1401 1445//1445
f 1424//1424 1444//1444 1445//1445
f 1424//1424 1445//1445 1414//1414
f 1416//1416 1446//1446 1447//1447
f 1416//1416 1447//1447 1421//1421
f 1446//1446 1409//1409 1432//1432
f 1446//1446 1432//1432 1447//1447
f 1447//1447 1432//1432 1434//1434
f 1447//1447 1434//1434 1441//1441
f 1421//1421 1447//1447 1441//1441
f 1421//1421 1441//1441 1396//1396
f 1414//1414 1445//1445 1448//1448
f 1414//1414 1448//1448 1415//1415
f 1445//1445 1401//1401 1404//1404
f 1445//1445 1404//1404 1448//1448
f 1448//1448 1404//1404 1409//1409
f 1448//1448 1409//1409 1446//1446
f 1415//1415 1448//1448 1446//1446
f 1415//1415 1446//1446 1416//1416
f 1449//1449 1450//1450 1451//1451
f 1449//1449 1451//1451 1452//1452
f 1450//1450 1453//1453 1454//1454
f 1450//1450 1454//1454 1451//1451
f 1451//1451 1454//1454 1455//1455
f 1451//1451 1455//1455 1456//1456
f 1452//1452 1451//1451 1456//1456
f 1452//1452 1456//1456 1457//1457
f 1458//1458 1459//1459 1460//1460
f 1458//1458 1460//1460 1461//1461
f 1459//1459 1462//1462 1463//1463
f 1459//1459 1463//1463 1460//1460
f 1460//1460 1463//1463 1464//1464
f 1460//1460 1464//1464 1465//1465
f 1461//1461 1460//1460 1465//1465
f 1461//1461 1465//1465 1466//1466
f 1467//1467 1468//1468 1469//1469
f 1467//1467 1469//1469 1470//1470
f 1468//1468 1471//1471 1472//1472
f 1468//1468 1472//1472 1469//1469
f 1469//1469 1472//1472 1473//1473
f 1469//1469 1473//1473 1474//1474
f 1470//1470 1469//1469 1474//1474
f 1470//1470 1474//1474 1475//1475
f 1471//1471 1476//1476 1477//1477
f 1471//1471 1477//1477 1472//1472
f 1476//1476 1449//1449 1452//1452
f 1476//1476 1452//1452 1477//1477
f 1477//1477 1452//1452 1457//1457
f 1477//1477 1457//1457 1478//1478
f 1472//1472 1477//1477 1478//1478
f 1472//1472 1478//1478 1473//1473
f 1453//1453 1479//1479 1480//1480
f 1453//1453 1480//1480 1454//1454
f 1479//1479 1467//1467 1470//1470
f 1479//1479 1470//1470 1480//1480
f 1480//1480 1470//1470 1475//1475
f 1480//1480 1475//1475 1481//1481
f 1454//1454 1480//1480 1481//1481
f 1454//1454 1481//1481 1455//1455
f 1466//1466 1465//1465 1482//1482
f 1466//1466 1482//1482 1483//1483
f 1465//1465 1464//1464 1484//1484
f 1465//1465 1484//1484 1482//1482
f 1482//1482 1484//1484 1485//1485
f 1482//1482 1485//1485 1486//1486
f 1483//1483 1482//1482 1486//1486
f 1483//1483 1486//1486 1487//1487
f 1462//1462 1488//1488 1489//1489
f 1462//1462 1489//1489 1463//1463
f 1488//1488 1490//1490 1491//1491
f 1488//1488 1491//1491 1489//1489
f 1489//1489 1491//1491 1485//1485
f 1489//1489 1485//1485 1484//1484
f 1463//1463 1489//1489 1484//1484
f 1463//1463 1484//1484 1464//1464
f 1492//1492 1493//1493 1494//1494
f 1492//1492 1494//1494 1495//1495
f 1493//1493 1458//1458 1461//1461
f 1493//1493 1461//1461 1494//1494
f 1494//1494 1461//1461 1466//1466
f 1494//1494 1466//1466 1483//1483
f 1495//1495 1494//1494 1483//1483
f 1495//1495 1483//1483 1487//1487
f 1490//1490 1496//1496 1497//1497
f 1490//1490 1497//1497 1491//1491
f 1496//1496 1492//1492 1495//1495
f 1496//1496 1495//1495 1497//1497
f 1497//1497 1495//1495 1487//1487
f 1497//1497 1487//1487 1486//1486
f 1491//1491 1497//1497 1486//1486
f 1491//1491 1486//1486 1485//1485
f 1498//1498 1499//1499 1500//1500
f 1498//1498 1500//1500 1501//1501
f 1499//1499 1502//1502 1503//1503
f 1499//1499 1503//1503 1500//1500
f 1500//1500 1503//1503 1504//1504
f 1500//1500 1504//1504 1505//1505
f 1501//1501 1500//1500 1505//1505
f 1501//1501 1505//1505 1506//1506
f 1507//1507 1508//1508 1509//1509
f 1507//1507 1509//1509 1510//1510
f 1508//1508 1511//1511 1512//1512
f 1508//1508 1512//1512 1509//1509
f 1509//1509 1512//1512 1513//1513
f 1509//1509 1513//1513 1514//1514
f 1510//1510 1509//1509 1514//1514
f 1510//1510 1514//1514 1515//1515
f 1502//1502 1516//1516 1517//1517
f 1502//1502 1517//1517 1503//1503
f 1516//1516 1507//1507 1510//1510
f 1516//1516 1510//1510 1517//1517
f 1517//1517 1510//1510 1515//1515
f 1517//1517 1515//1515 1518//1518
f 1503//1503 1517//1517 1518//1518
f 1503//1503 1518//1518 1504//1504
f 1511//1511 1519//1519 1520//1520
f 1511//1511 1520//1520 1512//1512
f 1519//1519 1498//1498 1501//1501
f 1519//1519 1501//1501 1520//1520
f 1520//1520 1501//1501 1506//1506
f 1520//1520 1506//1506 1521//1521
f 1512//1512 1520//1520 1521//1521
f 1512//1512 1521//1521 1513//1513
f 1506//1506 1505//1505 1522//1522
f 1506//1506 1522//1522 1523//1523
f 1505//1505 1504//1504 1524//1524
f 1505//1505 1524//1524 1522//1522
f 1522//1522 1524//1524 1467//1467
f 1522//1522 1467//1467 1479//1479
f 1523//1523 1522//1522 1479//1479
f 1523//1523 1479//1479 1453//1453
f 1515//1515 1514//1514 1525//1525
f 1515//1515 1525//1525 1526//1526
f 1514//1514 1513//1513 1527//1527
f 1514//1514 1527//1527 1525//1525
f 1525//1525 1527//1527 1449//1449
f 1525//1525 1449//1449 1476//1476
f 1526//1526 1525//1525 1476//1476
f 1526//1526 1476//1476 1471//1471
f 1504//1504 1518//1518 1528//1528
f 1504//1504 1528//1528 1524//1524
f 1518//1518 1515//1515 1526//1526
f 1518//1518 1526//1526 1528//1528
f 1528//1528 1526//1526 1471//1471
f 1528//1528 1471//1471 1468//1468
f 1524//1524 1528//1528 1468//1468
f 1524//1524 1468//1468 1467//1467
f 1513//1513 1521//1521 1529//1529
f 1513//1513 1529//1529 1527//1527
f 1521//1521 1506//1506 1523//1523
f 1521//1521 1523//1523 1529//1529
f 1529//1529 1523//1523 1453//1453
f 1529//1529 1453//1453 1450//1450
f 1527//1527 1529//1529 1450//1450
f 1527//1527 1450//1450 1449//1449
f 1457//1457 1456//1456 1530//1530
f 1457//1457 1530//1530 1531//1531
f 1456//1456 1455//1455 1532//1532
f 1456//1456 1532//1532 1530//1530
f 1530//1530 1532//1532 1492//1492
f 1530//1530 1492//1492 1496//1496
f 1531//1531 1530//1530 1496//1496
f 1531//1531 1496//1496 1490//1490
f 1455//1455 1481//1481 1533//1533
f 1455//1455 1533//1533 1532//1532
f 1481//1481 1475//1475 1534//1534
f 1481//1481 1534//1534 1533//1533
f 1533//1533 1534//1534 1458//1458
f 1533//1533 1458//1458 1493//1493
f 1532//1532 1533//1533 1493//1493
f 1532//1532 1493//1493 1492//1492
f 1473//1473 1478//1478 1535//1535
f 1473//1473 1535//1535 1536//1536
f 1478//1478 1457//1457 1531//1531
f 1478//1478 1531//1531 1535//1535
f 1535//1535 1531//1531 1490//1490
f 1535//1535 1490//1490 1488//1488
f 1536//1536 1535//1535 1488//1488
f 1536//1536 1488//1488 1462//1462
f 1475//1475 1474//1474 1537//1537
f 1475//1475 1537//1537 1534//1534
f 1474//1474 1473//1473 1536//1536
f 1474//1474 1536//1536 1537//1537
f 1537//1537 1536//1536 1462//1462
f 1537//1537 1462//1462 1459//1459
f 1534//1534 1537//1537 1459//1459
f 1534//1534 1459//1459 1458//1458
f 1538//1538 1539//1539 1540//1540
f 1538//1538 1540//1540 1541//1541
f 1539//1539 1542//1542 1543//1543
f 1539//1539 1543//1543 1540//1540
f 1540//1540 1543//1543 1544//1544
f 1540//1540 1544//1544 1545//1545
f 1541//1541 1540//1540 1545//1545
f 1541//1541 1545//1545 1546//1546
f 1547//1547 1548//1548 1549//1549
f 1547//1547 1549//1549 1550//1550
f 1548//1548 1551//1551 1552//1552
f 1548//1548 1552//1552 1549//1549
f 1549//1549 1552//1552 1553//1553
f 1549//1549 1553//1553 1554//1554
f 1550//1550 1549//1549 1554//1554
f 1550//1550 1554//1554 1555//1555
f 1556//1556 1557//1557 1558//1558
f 1556//1556 1558//1558 1559//1559
f 1557//1557 1560//1560 1561//1561
f 1557//1557 1561//1561 1558//1558
f 1558//1558 1561//1561 1562//1562
f 1558//1558 1562//1562 1563//1563
f 1559//1559 1558//1558 1563//1563
f 1559//1559 1563//1563 1564//1564
f 1560//1560 1565//1565 1566//1566
f 1560//1560 1566//1566 1561//1561
f 1565//1565 1538//1538 1541//1541
f 1565//1565 1541//1541 1566//1566
f 1566//1566 1541//1541 1546//1546
f 1566//1566 1546//1546 1567//1567
f 1561//1561 1566//1566 1567//1567
f 1561//1561 1567//1567 1562//1562
f 1542//1542 1568//1568 1569//1569
f 1542//1542 1569//1569 1543//1543
f 1568//1568 1556//1556 1559//1559
f 1568//1568 1559//1559 1569//1569
f 1569//1569 1559//1559 1564//1564
f 1569//1569 1564//1564 1570//1570
f 1543//1543 1569//1569 1570//1570
f 1543//1543 1570//1570 1544//1544
f 1555//1555 1554//1554 1571//1571
f 1555//1555 1571//1571 1572//1572
f 1554//1554 1553//1553 1573//1573
f 1554//1554 1573//1573 1571//1571
f 1571//1571 1573//1573 1574//1574
f 1571//1571 1574//1574 1575//1575
f 1572//1572 1571//1571 1575//1575
f 1572//1572 1575//1575 1576//1576
f 1551//1551 1577//1577 1578//1578
f 1551//1551 1578//1578 1552//1552
f 1577//1577 1579//1579 1580//1580
f 1577//1577 1580//1580 1578//1578
f 1578//1578 1580//1580 1574//1574
f 1578//1578 1574//1574 1573//1573
f 1552//1552 1578//1578 1573//1573
f 1552//1552 1573//1573 1553//1553
f 1581//1581 1582//1582 1583//1583
f 1581//1581 1583//1583 1584//1584
f 1582//1582 1547//1547 1550//1550
f 1582//1582 1550//1550 1583//1583
f 1583//1583 1550//1550 1555//1555
f 1583//1583 1555//1555 1572//1572
f 1584//1584 1583//1583 1572//1572
f 1584//1584 1572//1572 1576//1576
f 1579//1579 1585//1585 1586//1586
f 1579//1579 1586//1586 1580//1580
f 1585//1585 1581//1581 1584//1584
f 1585//1585 1584//1584 1586//1586
f 1586//1586 1584//1584 1576//1576
f 1586//1586 1576//1576 1575//1575
f 1580//1580 1586//1586 1575//1575
f 1580//1580 1575//1575 1574//1574
f 1546//1546 1545//1545 1587//1587
f 1546//1546 1587//1587 1588//1588
f 1545//1545 1544//1544 1589//1589
f 1545//1545 1589//1589 1587//1587
f 1587//1587 1589//1589 1581//1581
f 1587//1587 1581//1581 1585//1585
f 1588//1588 1587//1587 1585//1585
f 1588//1588 1585//1585 1579//1579
f 1544//1544 1570//1570 1590//1590
f 1544//1544 1590//1590 1589//1589
f 1570//1570 1564//1564 1591//1591
f 1570//1570 1591//1591 1590//1590
f 1590//1590 1591//1591 1547//1547
f 1590//1590 1547//1547 1582//1582
f 1589//1589 1590//1590 1582//1582
f 1589//1589 1582//1582 1581//1581
f 1562//1562 1567//1567 1592//1592
f 1562//1562 1592//1592 1593//1593
f 1567//1567 1546//1546 1588//1588
f 1567//1567 1588//1588 1592//1592
f 1592//1592 1588//1588 1579//1579
f 1592//1592 1579//1579 1577//1577
f 1593//1593 1592//1592 1577//1577
f 1593//1593 1577//1577 1551//1551
f 1564//1564 1563//1563 1594//1594
f 1564//1564 1594//1594 1591//1591
f 1563//1563 1562//1562 1593//1593
f 1563//1563 1593//1593 1594//1594
f 1594//1594 1593//1593 1551//1551
f 1594//1594 1551//1551 1548//1548
f 1591//1591 1594//1594 1548//1548
f 1591//1591 1548//1548 1547//1547
f 1595//1595 1596//1596 1597//1597
f 1595//1595 1597//1597 1598//1598
f 1596//1596 1599//1599 1600//1600
f 1596//1596 1600//1600 1597//1597
f 1597//1597 1600//1600 1601//1601
f 1597//1597 1601//1601 1602//1602
f 1598//1598 1597//1597 1602//1602
f 1598//1598 1602//1602 1603//1603
f 1604//1604 1605//1605 1606//1606
f 1604//1604 1606//1606 1607//1607
f 1605//1605 1608//1608 1609//1609
f 1605//1605 1609//1609 1606//1606
f 1606//1606 1609//1609 1610//1610
f 1606//1606 1610//1610 1611//1611
f 1607//1607 1606//1606 1611//1611
f 1607//1607 1611//1611 1612//1612
f 1613//1613 1614//1614 1615//1615
f 1613//1613 1615//1615 1616//1616
f 1614//1614 1617//1617 1618//1618
f 1614//1614 1618//1618 1615//1615
f 1615//1615 1618//1618 1619//1619
f 1615//1615 1619//1619 1620//1620
f 1616//1616 1615//1615 1620//1620
f 1616//1616 1620//1620 1621//1621
f 1621//1621 1620//1620 1622//1622
f 1621//1621 1622//1622 1623//1623
f 1620//1620 1619//1619 1624//1624
f 1620//1620 1624//1624 1622//1622
f 1622//1622 1624//1624 1599//1599
f 1622//1622 1599//1599 1596//1596
f 1623//1623 1622//1622 1596//1596
f 1623//1623 1596//1596 1595//1595
f 1603//1603 1602//1602 1625//1625
f 1603//1603 1625//1625 1626//1626
f 1602//1602 1601//1601 1627//1627
f 1602//1602 1627//1627 1625//1625
f 1625//1625 1627//1627 1617//1617
f 1625//1625 1617//1617 1614//1614
f 1626//1626 1625//1625 1614//1614
f 1626//1626 1614//1614 1613//1613
f 1608//1608 1628//1628 1629//1629
f 1608//1608 1629//1629 1609//1609
f 1628//1628 1630//1630 1631//1631
f 1628//1628 1631//1631 1629//1629
f 1629//1629 1631//1631 1632//1632
f 1629//1629 1632//1632 1633//1633
f 1609//1609 1629//1629 1633//1633
f 1609//1609 1633//1633 1610//1610
f 1612//1612 1611//1611 1634//1634
f 1612//1612 1634//1634 1635//1635
f 1611//1611 1610//1610 1633//1633
f 1611//1611 1633//1633 1634//1634
f 1634//1634 1633//1633 1632//1632
f 1634//1634 1632//1632 1636//1636
f 1635//1635 1634//1634 1636//1636
f 1635//1635 1636//1636 1637//1637
f 1638//1638 1639//1639 1640//1640
f 1638//1638 1640//1640 1641//1641
f 1639//1639 1630//1630 1628//1628
f 1639//1639 1628//1628 1640//1640
f 1640//1640 1628//1628 1608//1608
f 1640//1640 1608//1608 1605//1605
f 1641//1641 1640//1640 1605//1605
f 1641//1641 1605//1605 1604//1604
f 1637//1637 1636//1636 1642//1642
f 1637//1637 1642//1642 1643//1643
f 1636//1636 1632//1632 1631//1631
f 1636//1636 1631//1631 1642//1642
f 1642//1642 1631//1631 1630//1630
f 1642//1642 1630//1630 1639//1639
f 1643//1643 1642//1642 1639//1639
f 1643//1643 1639//1639 1638//1638
f 1644//1644 1645//1645 1646//1646
f 1644//1644 1646//1646 1647//1647
f 1645//1645 1648//1648 1649//1649
f 1645//1645 1649//1649 1646//1646
f 1646//1646 1649//1649 1650//1650
f 1646//1646 1650//1650 1651//1651
f 1647//1647 1646//1646 1651//1651
f 1647//1647 1651//1651 1652//1652
f 1653//1653 1654//1654 1655//1655
f 1653//1653 1655//1655 1656//1656
f 1654//1654 1657//1657 1658//1658
f 1654//1654 1658//1658 1655//1655
f 1655//1655 1658//1658 1659//1659
f 1655//1655 1659//1659 1660//1660
f 1656//1656 1655//1655 1660//1660
f 1656//1656 1660//1660 1661//1661
f 1652//1652 1651//1651 1662//1662
f 1652//1652 1662//1662 1663//1663
f 1651//1651 1650//1650 1664//1664
f 1651//1651 1664//1664 1662//1662
f 1662//1662 1664//1664 1657//1657
f 1662//1662 1657//1657 1654//1654
f 1663//1663 1662//1662 1654//1654
f 1663//1663 1654//1654 1653//1653
f 1661//1661 1660//1660 1665//1665
f 1661//1661 1665//1665 1666//1666
f 1660//1660 1659//1659 1667//1667
f 1660//1660 1667//1667 1665//1665
f 1665//1665 1667//1667 1648//1648
f 1665//1665 1648//1648 1645//1645
f 1666//1666 1665//1665 1645//1645
f 1666//1666 1645//1645 1644//1644
f 1648//1648 1668//1668 1669//1669
f 1648//1648 1669//1669 1649//1649
f 1668//1668 1603//1603 1626//1626
f 1668//1668 1626//1626 1669//1669
f 1669//1669 1626//1626 1613//1613
f 1669//1669 1613//1613 1670//1670
f 1649//1649 1669//1669 1670//1670
f 1649//1649 1670//1670 1650//1650
f 1657//1657 1671//1671 1672//1672
f 1657//1657 1672//1672 1658//1658
f 1671//1671 1621//1621 1623//1623
f 1671//1671 1623//1623 1672//1672
f 1672//1672 1623//1623 1595//1595
f 1672//1672 1595//1595 1673//1673
f 1658//1658 1672//1672 1673//1673
f 1658//1658 1673//1673 1659//1659
f 1650//1650 1670//1670 1674//1674
f 1650//1650 1674//1674 1664//1664
f 1670//1670 1613//1613 1616//1616
f 1670//1670 1616//1616 1674//1674
f 1674//1674 1616//1616 1621//1621
f 1674//1674 1621//1621 1671//1671
f 1664//1664 1674//1674 1671//1671
f 1664//1664 1671//1671 1657//1657
f 1659//1659 1673//1673 1675//1675
f 1659//1659 1675//1675 1667//1667
f 1673//1673 1595//1595 1598//1598
f 1673//1673 1598//1598 1675//1675
f 1675//1675 1598//1598 1603//1603
f 1675//1675 1603//1603 1668//1668
f 1667//1667 1675//1675 1668//1668
f 1667//1667 1668//1668 1648//1648
f 1599//1599 1676//1676 1677//1677
f 1599//1599 1677//1677 1600//1600
f 1676//1676 1637//1637 1643//1643
f 1676//1676 1643//1643 1677//1677
f 1677//1677 1643//1643 1638//1638
f 1677//1677 1638//1638 1678//1678
f 1600//1600 1677//1677 1678//1678
f 1600//1600 1678//1678 1601//1601
f 1601//1601 1678//1678 1679//1679
f 1601//1601 1679//1679 1627//1627
f 1678//1678 1638//1638 1641//1641
f 1678//1678 1641//1641 1679//1679
f 1679//1679 1641//1641 1604//1604
f 1679//1679 1604//1604 1680//1680
f 1627//1627 1679//1679 1680//1680
f 1627//1627 1680//1680 1617//1617
f 1619//1619 1681//1681 1682//1682
f 1619//1619 1682//1682 1624//1624
f 1681//1681 1612//1612 1635//1635
f 1681//1681 1635//1635 1682//1682
f 1682//1682 1635//1635 1637//1637
f 1682//1682 1637//1637 1676//1676
f 1624//1624 1682//1682 1676//1676
f 1624//1624 1676//1676 1599//1599
f 1617//1617 1680//1680 1683//1683
f 1617//1617 1683//1683 1618//1618
f 1680//1680 1604//1604 1607//1607
f 1680//1680 1607//1607 1683//1683
f 1683//1683 1607//1607 1612//1612
f 1683//1683 1612//1612 1681//1681
f 1618//1618 1683//1683 1681//1681
f 1618//1618 1681//1681 1619//1619
f 1684//1684 1685//1685 1686//1686
f 1684//1684 1686//1686 1687//1687
f 1685//1685 1661//1661 1666//1666
f 1685//1685 1666//1666 1686//1686
f 1686//1686 1666//1666 1644//1644
f 1686//1686 1644//1644 1688//1688
f 1687//1687 1686//1686 1688//1688
f 1687//1687 1688//1688 1689//1689
f 1690//1690 1691//1691 1692//1692
f 1690//1690 1692//1692 1693//1693
f 1691//1691 1652//1652 1663//1663
f 1691//1691 1663//1663 1692//1692
f 1692//1692 1663//1663 1653//1653
f 1692//1692 1653//1653 1694//1694
f 1693//1693 1692//1692 1694//1694
f 1693//1693 1694//1694 1695//1695
f 1695//1695 1694//1694 1696//1696
f 1695//1695 1696//1696 1697//1697
f 1694//1694 1653//1653 1656//1656
f 1694//1694 1656//1656 1696//1696
f 1696//1696 1656//1656 1661//1661
f 1696//1696 1661//1661 1685//1685
f 1697//1697 1696//1696 1685//1685
f 1697//1697 1685//1685 1684//1684
f 1689//1689 1688//1688 1698//1698
f 1689//1689 1698//1698 1699//1699
f 1688//1688 1644//1644 1647//1647
f 1688//1688 1647//1647 1698//1698
f 1698//1698 1647//1647 1652//1652
f 1698//1698 1652//1652 1691//1691
f 1699//1699 1698//1698 1691//1691
f 1699//1699 1691//1691 1690//1690
f 1700//1700 1701//1701 1702//1702
f 1700//1700 1702//1702 1703//1703
f 1701//1701 1689//1689 1699//1699
f 1701//1701 1699//1699 1702//1702
f 1702//1702 1699//1699 1690//1690
f 1702//1702 1690//1690 1704//1704
f 1703//1703 1702//1702 1704//1704
f 1703//1703 1704//1704 1705//1705
f 1706//1706 1707//1707 1708//1708
f 1706//1706 1708//1708 1709//1709
f 1707//1707 1695//1695 1697//1697
f 1707//1707 1697//1697 1708//1708
f 1708//1708 1697//1697 1684//1684
f 1708//1708 1684//1684 1710//1710
f 1709//1709 1708//1708 1710//1710
f 1709//1709 1710//1710 1711//1711
f 1705//1705 1704//1704 1712//1712
f 1705//1705 1712//1712 1713//1713
f 1704//1704 1690//1690 1693//1693
f 1704//1704 1693//1693 1712//1712
f 1712//1712 1693//1693 1695//1695
f 1712//1712 1695//1695 1707//1707
f 1713//1713 1712//1712 1707//1707
f 1713//1713 1707//1707 1706//1706
f 1711//1711 1710//1710 1714//1714
f 1711//1711 1714//1714 1715//1715
f 1710//1710 1684//1684 1687//1687
f 1710//1710 1687//1687 1714//1714
f 1714//1714 1687//1687 1689//1689
f 1714//1714 1689//1689 1701//1701
f 1715//1715 1714//1714 1701//1701
f 1715//1715 1701//1701 1700//1700
f 1716//1716 1717//1717 1718//1718
f 1716//1716 1718//1718 1719//1719
f 1717//1717 1720//1720 1721//1721
f 1717//1717 1721//1721 1718//1718
f 1718//1718 1721//1721 1722//1722
f 1718//1718 1722//1722 1723//1723
f 1719//1719 1718//1718 1723//1723
f 1719//1719 1723//1723 1724//1724
f 1725//1725 1726//1726 1727//1727
f 1725//1725 1727//1727 1728//1728
f 1726//1726 1729//1729 1730//1730
f 1726//1726 1730//1730 1727//1727
f 1727//1727 1730//1730 1731//1731
f 1727//1727 1731//1731 1732//1732
f 1728//1728 1727//1727 1732//1732
f 1728//1728 1732//1732 1733//1733
f 1734//1734 1735//1735 1736//1736
f 1734//1734 1736//1736 1737//1737
f 1735//1735 1738//1738 1739//1739
f 1735//1735 1739//1739 1736//1736
f 1736//1736 1739//1739 1740//1740
f 1736//1736 1740//1740 1741//1741
f 1737//1737 1736//1736 1741//1741
f 1737//1737 1741//1741 1742//1742
f 1742//1742 1741//1741 1743//1743
f 1742//1742 1743//1743 1744//1744
f 1741//1741 1740//1740 1745//1745
f 1741//1741 1745//1745 1743//1743
f 1743//1743 1745//1745 1720//1720
f 1743//1743 1720//1720 1717//1717
f 1744//1744 1743//1743 1717//1717
f 1744//1744 1717//1717 1716//1716
f 1724//1724 1723//1723 1746//1746
f 1724//1724 1746//1746 1747//1747
f 1723//1723 1722//1722 1748//1748
f 1723//1723 1748//1748 1746//1746
f 1746//1746 1748//1748 1738//1738
f 1746//1746 1738//1738 1735//1735
f 1747//1747 1746//1746 1735//1735
f 1747//1747 1735//1735 1734//1734
f 1729//1729 1749//1749 1750//1750
f 1729//1729 1750//1750 1730//1730
f 1749//1749 1751//1751 1752//1752
f 1749//1749 1752//1752 1750//1750
f 1750//1750 1752//1752 1753//1753
f 1750//1750 1753//1753 1754//1754
f 1730//1730 1750//1750 1754//1754
f 1730//1730 1754//1754 1731//1731
f 1733//1733 1732//1732 1755//1755
f 1733//1733 1755//1755 1756//1756
f 1732//1732 1731//1731 1754//1754
f 1732//1732 1754//1754 1755//1755
f 1755//1755 1754//1754 1753//1753
f 1755//1755 1753//1753 1757//1757
f 1756//1756 1755//1755 1757//1757
f 1756//1756 1757//1757 1758//1758
f 1759//1759 1760//1760 1761//1761
f 1759//1759 1761//1761 1762//1762
f 1760//1760 1751//1751 1749//1749
f 1760//1760 1749//1749 1761//1761
f 1761//1761 1749//1749 1729//1729
f 1761//1761 1729//1729 1726//1726
f 1762//1762 1761//1761 1726//1726
f 1762//1762 1726//1726 1725//1725
f 1758//1758 1757//1757 1763//1763
f 1758//1758 1763//1763 1764//1764
f 1757//1757 1753//1753 1752//1752
f 1757//1757 1752//1752 1763//1763
f 1763//1763 1752//1752 1751//1751
f 1763//1763 1751//1751 1760//1760
f 1764//1764 1763//1763 1760//1760
f 1764//1764 1760//1760 1759//1759
f 1720//1720 1765//1765 1766//1766
f 1720//1720 1766//1766 1721//1721
f 1765//1765 1758//1758 1764//1764
f 1765//1765 1764//1764 1766//1766
f 1766//1766 1764//1764 1759//1759
f 1766//1766 1759//1759 1767//1767
f 1721//1721 1766//1766 1767//1767
f 1721//1721 1767//1767 1722//1722
f 1722//1722 1767//1767 1768//1768
f 1722//1722 1768//1768 1748//1748
f 1767//1767 1759//1759 1762//1762
f 1767//1767 1762//1762 1768//1768
f 1768//1768 1762//1762 1725//1725
f 1768//1768 1725//1725 1769//1769
f 1748//1748 1768//1768 1769//1769
f 1748//1748 1769//1769 1738//1738
f 1740//1740 1770//1770 1771//1771
f 1740//1740 1771//1771 1745//1745
f 1770//1770 1733//1733 1756//1756
f 1770//1770 1756//1756 1771//1771
f 1771//1771 1756//1756 1758//1758
f 1771//1771 1758//1758 1765//1765
f 1745//1745 1771//1771 1765//1765
f 1745//1745 1765//1765 1720//1720
f 1738//1738 1769//1769 1772//1772
f 1738//1738 1772//1772 1739//1739
f 1769//1769 1725//1725 1728//1728
f 1769//1769 1728//1728 1772//1772
f 1772//1772 1728//1728 1733//1733
f 1772//1772 1733//1733 1770//1770
f 1739//1739 1772//1772 1770//1770
f 1739//1739 1770//1770 1740//1740
f 1343//1343 1773//1773 1774//1774
f 1343//1343 1774//1774 1344//1344
f 1773//1773 1348//1348 1351//1351
f 1773//1773 1351//1351 1774//1774
f 1774//1774 1351//1351 1356//1356
f 1774//1774 1356//1356 1373//1373
f 1344//1344 1774//1774 1373//1373
f 1344//1344 1373//1373 1345//1345
f 1352//1352 1775//1775 1776//1776
f 1352//1352 1776//1776 1353//1353
f 1775//1775 1339//1339 1342//1342
f 1775//1775 1342//1342 1776//1776
f 1776//1776 1342//1342 1347//1347
f 1776//1776 1347//1347 1366//1366
f 1353//1353 1776//1776 1366//1366
f 1353//1353 1366//1366 1354//1354
f 1777//1777 1778//1778 1779//1779
f 1777//1777 1779//1779 1780//1780
f 1778//1778 1357//1357 1360//1360
f 1778//1778 1360//1360 1779//1779
f 1779//1779 1360//1360 1365//1365
f 1779//1779 1365//1365 1781//1781
f 1780//1780 1779//1779 1781//1781
f 1780//1780 1781//1781 1782//1782
f 1361//1361 1783//1783 1784//1784
f 1361//1361 1784//1784 1362//1362
f 1783//1783 1785//1785 1786//1786
f 1783//1783 1786//1786 1784//1784
f 1784//1784 1786//1786 1787//1787
f 1784//1784 1787//1787 1788//1788
f 1362//1362 1784//1784 1788//1788
f 1362//1362 1788//1788 1363//1363
f 1352//1352 1349//1349 1789//1789
f 1352//1352 1789//1789 1790//1790
f 1349//1349 1348//1348 1791//1791
f 1349//1349 1791//1791 1789//1789
f 1789//1789 1791//1791 1782//1782
f 1789//1789 1782//1782 1781//1781
f 1790//1790 1789//1789 1781//1781
f 1790//1790 1781//1781 1365//1365
f 1343//1343 1340//1340 1792//1792
f 1343//1343 1792//1792 1793//1793
f 1340//1340 1339//1339 1794//1794
f 1340//1340 1794//1794 1792//1792
f 1792//1792 1794//1794 1363//1363
f 1792//1792 1363//1363 1788//1788
f 1793//1793 1792//1792 1788//1788
f 1793//1793 1788//1788 1787//1787
f 1348//1348 1773//1773 1795//1795
f 1348//1348 1795//1795 1791//1791
f 1773//1773 1343//1343 1793//1793
f 1773//1773 1793//1793 1795//1795
f 1795//1795 1793//1793 1787//1787
f 1795//1795 1787//1787 1796//1796
f 1791//1791 1795//1795 1796//1796
f 1791//1791 1796//1796 1782//1782
f 1339//1339 1775//1775 1797//1797
f 1339//1339 1797//1797 1794//1794
f 1775//1775 1352//1352 1790//1790
f 1775//1775 1790//1790 1797//1797
f 1797//1797 1790//1790 1365//1365
f 1797//1797 1365//1365 1364//1364
f 1794//1794 1797//1797 1364//1364
f 1794//1794 1364//1364 1363//1363
f 1785//1785 1798//1798 1799//1799
f 1785//1785 1799//1799 1786//1786
f 1798//1798 1777//1777 1780//1780
f 1798//1798 1780//1780 1799//1799
f 1799//1799 1780//1780 1782//1782
f 1799//1799 1782//1782 1796//1796
f 1786//1786 1799//1799 1796//1796
f 1786//1786 1796//1796 1787//1787
f 1800//1800 1801//1801 1802//1802
f 1800//1800 1802//1802 1803//1803
f 1801//1801 1804//1804 1805//1805
f 1801//1801 1805//1805 1802//1802
f 1802//1802 1805//1805 1806//1806
f 1802//1802 1806//1806 1807//1807
f 1803//1803 1802//1802 1807//1807
f 1803//1803 1807//1807 1808//1808
f 1809//1809 1810//1810 1811//1811
f 1809//1809 1811//1811 1812//1812
f 1810//1810 1813//1813 1814//1814
f 1810//1810 1814//1814 1811//1811
f 1811//1811 1814//1814 1815//1815
f 1811//1811 1815//1815 1816//1816
f 1812//1812 1811//1811 1816//1816
f 1812//1812 1816//1816 1817//1817
f 1818//1818 1819//1819 1820//1820
f 1818//1818 1820//1820 1821//1821
f 1819//1819 1822//1822 1823//1823
f 1819//1819 1823//1823 1820//1820
f 1820//1820 1823//1823 1824//1824
f 1820//1820 1824//1824 1825//1825
f 1821//1821 1820//1820 1825//1825
f 1821//1821 1825//1825 1826//1826
f 1822//1822 1827//1827 1828//1828
f 1822//1822 1828//1828 1823//1823
f 1827//1827 1800//1800 1803//1803
f 1827//1827 1803//1803 1828//1828
f 1828//1828 1803//1803 1808//1808
f 1828//1828 1808//1808 1829//1829
f 1823//1823 1828//1828 1829//1829
f 1823//1823 1829//1829 1824//1824
f 1804//1804 1830//1830 1831//1831
f 1804//1804 1831//1831 1805//1805
f 1830//1830 1818//1818 1821//1821
f 1830//1830 1821//1821 1831//1831
f 1831//1831 1821//1821 1826//1826
f 1831//1831 1826//1826 1832//1832
f 1805//1805 1831//1831 1832//1832
f 1805//1805 1832//1832 1806//1806
f 1817//1817 1816//1816 1833//1833
f 1817//1817 1833//1833 1834//1834
f 1816//1816 1815//1815 1835//1835
f 1816//1816 1835//1835 1833//1833
f 1833//1833 1835//1835 1836//1836
f 1833//1833 1836//1836 1837//1837
f 1834//1834 1833//1833 1837//1837
f 1834//1834 1837//1837 1838//1838
f 1813//1813 1839//1839 1840//1840
f 1813//1813 1840//1840 1814//1814
f 1839//1839 1841//1841 1842//1842
f 1839//1839 1842//1842 1840//1840
f 1840//1840 1842//1842 1836//1836
f 1840//1840 1836//1836 1835//1835
f 1814//1814 1840//1840 1835//1835
f 1814//1814 1835//1835 1815//1815
f 1843//1843 1844//1844 1845//1845
f 1843//1843 1845//1845 1846//1846
f 1844//1844 1809//1809 1812//1812
f 1844//1844 1812//1812 1845//1845
f 1845//1845 1812//1812 1817//1817
f 1845//1845 1817//1817 1834//1834
f 1846//1846 1845//1845 1834//1834
f 1846//1846 1834//1834 1838//1838
f 1841//1841 1847//1847 1848//1848
f 1841//1841 1848//1848 1842//1842
f 1847//1847 1843//1843 1846//1846
f 1847//1847 1846//1846 1848//1848
f 1848//1848 1846//1846 1838//1838
f 1848//1848 1838//1838 1837//1837
f 1842//1842 1848//1848 1837//1837
f 1842//1842 1837//1837 1836//1836
f 1808//1808 1807//1807 1849//1849
f 1808//1808 1849//1849 1850//1850
f 1807//1807 1806//1806 1851//1851
f 1807//1807 1851//1851 1849//1849
f 1849//1849 1851//1851 1843//1843
f 1849//1849 1843//1843 1847//1847
f 1850//1850 1849//1849 1847//1847
f 1850//1850 1847//1847 1841//1841
f 1806//1806 1832//1832 1852//1852
f 1806//1806 1852//1852 1851//1851
f 1832//1832 1826//1826 1853//1853
f 1832//1832 1853//1853 1852//1852
f 1852//1852 1853//1853 1809//1809
f 1852//1852 1809//1809 1844//1844
f 1851//1851 1852//1852 1844//1844
f 1851//1851 1844//1844 1843//1843
f 1824//1824 1829//1829 1854//1854
f 1824//1824 1854//1854 1855//1855
f 1829//1829 1808//1808 1850//1850
f 1829//1829 1850//1850 1854//1854
f 1854//1854 1850//1850 1841//1841
f 1854//1854 1841//1841 1839//1839
f 1855//1855 1854//1854 1839//1839
f 1855//1855 1839//1839 1813//1813
f 1826//1826 1825//1825 1856//1856
f 1826//1826 1856//1856 1853//1853
f 1825//1825 1824//1824 1855//1855
f 1825//1825 1855//1855 1856//1856
f 1856//1856 1855//1855 1813//1813
f 1856//1856 1813//1813 1810//1810
f 1853//1853 1856//1856 1810//1810
f 1853//1853 1810//1810 1809//1809
f 1857//1857 1858//1858 1859//1859
f 1857//1857 1859//1859 1860//1860
f 1858//1858 1861//1861 1862//1862
f 1858//1858 1862//1862 1859//1859
f 1859//1859 1862//1862 1863//1863
f 1859//1859 1863//1863 1864//1864
f 1860//1860 1859//1859 1864//1864
f 1860//1860 1864//1864 1865//1865
f 1866//1866 1867//1867 1868//1868
f 1866//1866 1868//1868 1869//1869
f 1867//1867 1870//1870 1871//1871
f 1867//1867 1871//1871 1868//1868
f 1868//1868 1871//1871 1872//1872
f 1868//1868 1872//1872 1873//1873
f 1869//1869 1868//1868 1873//1873
f 1869//1869 1873//1873 1874//1874
f 1875//1875 1876//1876 1877//1877
f 1875//1875 1877//1877 1878//1878
f 1876//1876 1879//1879 1880//1880
f 1876//1876 1880//1880 1877//1877
f 1877//1877 1880//1880 1881//1881
f 1877//1877 1881//1881 1882//1882
f 1878//1878 1877//1877 1882//1882
f 1878//1878 1882//1882 1883//1883
f 1879//1879 1884//1884 1885//1885
f 1879//1879 1885//1885 1880//1880
f 1884//1884 1857//1857 1860//1860
f 1884//1884 1860//1860 1885//1885
f 1885//1885 1860//1860 1865//1865
f 1885//1885 1865//1865 1886//1886
f 1880//1880 1885//1885 1886//1886
f 1880//1880 1886//1886 1881//1881
f 1861//1861 1887//1887 1888//1888
f 1861//1861 1888//1888 1862//1862
f 1887//1887 1875//1875 1878//1878
f 1887//1887 1878//1878 1888//1888
f 1888//1888 1878//1878 1883//1883
f 1888//1888 1883//1883 1889//1889
f 1862//1862 1888//1888 1889//1889
f 1862//1862 1889//1889 1863//1863
f 1874//1874 1873//1873 1890//1890
f 1874//1874 1890//1890 1891//1891
f 1873//1873 1872//1872 1892//1892
f 1873//1873 1892//1892 1890//1890
f 1890//1890 1892//1892 1893//1893
f 1890//1890 1893//1893 1894//1894
f 1891//1891 1890//1890 1894//1894
f 1891//1891 1894//1894 1895//1895
f 1870//1870 1896//1896 1897//1897
f 1870//1870 1897//1897 1871//1871
f 1896//1896 1898//1898 1899//1899
f 1896//1896 1899//1899 1897//1897
f 1897//1897 1899//1899 1893//1893
f 1897//1897 1893//1893 1892//1892
f 1871//1871 1897//1897 1892//1892
f 1871//1871 1892//1892 1872//1872
f 1900//1900 1901//1901 1902//1902
f 1900//1900 1902//1902 1903//1903
f 1901//1901 1866//1866 1869//1869
f 1901//1901 1869//1869 1902//1902
f 1902//1902 1869//1869 1874//1874
f 1902//1902 1874//1874 1891//1891
f 1903//1903 1902//1902 1891//1891
f 1903//1903 1891//1891 1895//1895
f 1898//1898 1904//1904 1905//1905
f 1898//1898 1905//1905 1899//1899
f 1904//1904 1900//1900 1903//1903
f 1904//1904 1903//1903 1905//1905
f 1905//1905 1903//1903 1895//1895
f 1905//1905 1895//1895 1894//1894
f 1899//1899 1905//1905 1894//1894
f 1899//1899 1894//1894 1893//1893
f 1865//1865 1864//1864 1906//1906
f 1865//1865 1906//1906 1907//1907
f 1864//1864 1863//1863 1908//1908
f 1864//1864 1908//1908 1906//1906
f 1906//1906 1908//1908 1900//1900
f 1906//1906 1900//1900 1904//1904
f 1907//1907 1906//1906 1904//1904
f 1907//1907 1904//1904 1898//1898
f 1863//1863 1889//1889 1909//1909
f 1863//1863 1909//1909 1908//1908
f 1889//1889 1883//1883 1910//1910
f 1889//1889 1910//1910 1909//1909
f 1909//1909 1910//1910 1866//1866
f 1909//1909 1866//1866 1901//1901
f 1908//1908 1909//1909 1901//1901
f 1908//1908 1901//1901 1900//1900
f 1881//1881 1886//1886 1911//1911
f 1881//1881 1911//1911 1912//1912
f 1886//1886 1865//1865 1907//1907
f 1886//1886 1907//1907 1911//1911
f 1911//1911 1907//1907 1898//1898
f 1911//1911 1898//1898 1896//1896
f 1912//1912 1911//1911 1896//1896
f 1912//1912 1896//1896 1870//1870
f 1883//1883 1882//1882 1913//1913
f 1883//1883 1913//1913 1910//1910
f 1882//1882 1881//1881 1912//1912
f 1882//1882 1912//1912 1913//1913
f 1913//1913 1912//1912 1870//1870
f 1913//1913 1870//1870 1867//1867
f 1910//1910 1913//1913 1867//1867
f 1910//1910 1867//1867 1866//1866
f 1372//1372 1371//1371 1914//1914
f 1372//1372 1914//1914 1915//1915
f 1371//1371 1370//1370 1916//1916
f 1371//1371 1916//1916 1914//1914
f 1914//1914 1916//1916 1308//1308
f 1914//1914 1308//1308 1320//1320
f 1915//1915 1914//1914 1320//1320
f 1915//1915 1320//1320 1294//1294
f 1379//1379 1378//1378 1917//1917
f 1379//1379 1917//1917 1918//1918
f 1378//1378 1377//1377 1919//1919
f 1378//1378 1919//1919 1917//1917
f 1917//1917 1919//1919 1290//1290
f 1917//1917 1290//1290 1317//1317
f 1918//1918 1917//1917 1317//1317
f 1918//1918 1317//1317 1312//1312
f 1370//1370 1381//1381 1920//1920
f 1370//1370 1920//1920 1916//1916
f 1381//1381 1379//1379 1918//1918
f 1381//1381 1918//1918 1920//1920
f 1920//1920 1918//1918 1312//1312
f 1920//1920 1312//1312 1309//1309
f 1916//1916 1920//1920 1309//1309
f 1916//1916 1309//1309 1308//1308
f 1377//1377 1383//1383 1921//1921
f 1377//1377 1921//1921 1919//1919
f 1383//1383 1372//1372 1915//1915
f 1383//1383 1915//1915 1921//1921
f 1921//1921 1915//1915 1294//1294
f 1921//1921 1294//1294 1291//1291
f 1919//1919 1921//1921 1291//1291
f 1919//1919 1291//1291 1290//1290
f 1922//1922 1923//1923 1924//1924
f 1922//1922 1924//1924 1925//1925
f 1923//1923 1926//1926 1927//1927
f 1923//1923 1927//1927 1924//1924
f 1924//1924 1927//1927 1928//1928
f 1924//1924 1928//1928 1929//1929
f 1925//1925 1924//1924 1929//1929
f 1925//1925 1929//1929 1930//1930
f 1931//1931 1932//1932 1933//1933
f 1931//1931 1933//1933 1934//1934
f 1932//1932 1935//1935 1936//1936
f 1932//1932 1936//1936 1933//1933
f 1933//1933 1936//1936 1937//1937
f 1933//1933 1937//1937 1938//1938
f 1934//1934 1933//1933 1938//1938
f 1934//1934 1938//1938 1939//1939
f 1940//1940 1941//1941 1942//1942
f 1940//1940 1942//1942 1943//1943
f 1941//1941 1944//1944 1945//1945
f 1941//1941 1945//1945 1942//1942
f 1942//1942 1945//1945 1946//1946
f 1942//1942 1946//1946 1947//1947
f 1943//1943 1942//1942 1947//1947
f 1943//1943 1947//1947 1948//1948
f 1944//1944 1949//1949 1950//1950
f 1944//1944 1950//1950 1945//1945
f 1949//1949 1922//1922 1925//1925
f 1949//1949 1925//1925 1950//1950
f 1950//1950 1925//1925 1930//1930
f 1950//1950 1930//1930 1951//1951
f 1945//1945 1950//1950 1951//1951
f 1945//1945 1951//1951 1946//1946
f 1926//1926 1952//1952 1953//1953
f 1926//1926 1953//1953 1927//1927
f 1952//1952 1940//1940 1943//1943
f 1952//1952 1943//1943 1953//1953
f 1953//1953 1943//1943 1948//1948
f 1953//1953 1948//1948 1954//1954
f 1927//1927 1953//1953 1954//1954
f 1927//1927 1954//1954 1928//1928
f 1939//1939 1938//1938 1955//1955
f 1939//1939 1955//1955 1956//1956
f 1938//1938 1937//1937 1957//1957
f 1938//1938 1957//1957 1955//1955
f 1955//1955 1957//1957 1958//1958
f 1955//1955 1958//1958 1959//1959
f 1956//1956 1955//1955 1959//1959
f 1956//1956 1959//1959 1960//1960
f 1935//1935 1961//1961 1962//1962
f 1935//1935 1962//1962 1936//1936
f 1961//1961 1963//1963 1964//1964
f 1961//1961 1964//1964 1962//1962
f 1962//1962 1964//1964 1958//1958
f 1962//1962 1958//1958 1957//1957
f 1936//1936 1962//1962 1957//1957
f 1936//1936 1957//1957 1937//1937
f 1965//1965 1966//1966 1967//1967
f 1965//1965 1967//1967 1968//1968
f 1966//1966 1931//1931 1934//1934
f 1966//1966 1934//1934 1967//1967
f 1967//1967 1934//1934 1939//1939
f 1967//1967 1939//1939 1956//1956
f 1968//1968 1967//1967 1956//1956
f 1968//1968 1956//1956 1960//1960
f 1963//1963 1969//1969 1970//1970
f 1963//1963 1970//1970 1964//1964
f 1969//1969 1965//1965 1968//1968
f 1969//1969 1968//1968 1970//1970
f 1970//1970 1968//1968 1960//1960
f 1970//1970 1960//1960 1959//1959
f 1964//1964 1970//1970 1959//1959
f 1964//1964 1959//1959 1958//1958
f 1930//1930 1929//1929 1971//1971
f 1930//1930 1971//1971 1972//1972
f 1929//1929 1928//1928 1973//1973
f 1929//1929 1973//1973 1971//1971
f 1971//1971 1973//1973 1965//1965
f 1971//1971 1965//1965 1969//1969
f 1972//1972 1971//1971 1969//1969
f 1972//1972 1969//1969 1963//1963
f 1928//1928 1954//1954 1974//1974
f 1928//1928 1974//1974 1973//1973
f 1954//1954 1948//1948 1975//1975
f 1954//1954 1975//1975 1974//1974
f 1974//1974 1975//1975 1931//1931
f 1974//1974 1931//1931 1966//1966
f 1973//1973 1974//1974 1966//1966
f 1973//1973 1966//1966 1965//1965
f 1946//1946 1951//1951 1976//1976
f 1946//1946 1976//1976 1977//1977
f 1951//1951 1930//1930 1972//1972
f 1951//1951 1972//1972 1976//1976
f 1976//1976 1972//1972 1963//1963
f 1976//1976 1963//1963 1961//1961
f 1977//1977 1976//1976 1961//1961
f 1977//1977 1961//1961 1935//1935
f 1948//1948 1947//1947 1978//1978
f 1948//1948 1978//1978 1975//1975
f 1947//1947 1946//1946 1977//1977
f 1947//1947 1977//1977 1978//1978
f 1978//1978 1977//1977 1935//1935
f 1978//1978 1935//1935 1932//1932
f 1975//1975 1978//1978 1932//1932
f 1975//1975 1932//1932 1931//1931
f 1979//1979 1980//1980 1981//1981
f 1979//1979 1981//1981 1982//1982
f 1980//1980 1983//1983 1984//1984
f 1980//1980 1984//1984 1981//1981
f 1981//1981 1984//1984 1985//1985
f 1981//1981 1985//1985 1986//1986
f 1982//1982 1981//1981 1986//1986
f 1982//1982 1986//1986 1987//1987
f 1988//1988 1989//1989 1990//1990
f 1988//1988 1990//1990 1991//1991
f 1989//1989 1992//1992 1993//1993
f 1989//1989 1993//1993 1990//1990
f 1990//1990 1993//1993 1994//1994
f 1990//1990 1994//1994 1995//1995
f 1991//1991 1990//1990 1995//1995
f 1991//1991 1995//1995 1996//1996
f 1997//1997 1998//1998 1999//1999
f 1997//1997 1999//1999 2000//2000
f 1998//1998 2001//2001 2002//2002
f 1998//1998 2002//2002 1999//1999
f 1999//1999 2002//2002 2003//2003
f 1999//1999 2003//2003 2004//2004
f 2000//2000 1999//1999 2004//2004
f 2000//2000 2004//2004 2005//2005
f 2001//2001 2006//2006 2007//2007
f 2001//2001 2007//2007 2002//2002
f 2006//2006 1979//1979 1982//1982
f 2006//2006 1982//1982 2007//2007
f 2007//2007 1982//1982 1987//1987
f 2007//2007 1987//1987 2008//2008
f 2002//2002 2007//2007 2008//2008
f 2002//2002 2008//2008 2003//2003
f 1983//1983 2009//2009 2010//2010
f 1983//1983 2010//2010 1984//1984
f 2009//2009 1997//1997 2000//2000
f 2009//2009 2000//2000 2010//2010
f 2010//2010 2000//2000 2005//2005
f 2010//2010 2005//2005 2011//2011
f 1984//1984 2010//2010 2011//2011
f 1984//1984 2011//2011 1985//1985
f 1996//1996 1995//1995 2012//2012
f 1996//1996 2012//2012 2013//2013
f 1995//1995 1994//1994 2014//2014
f 1995//1995 2014//2014 2012//2012
f 2012//2012 2014//2014 2015//2015
f 2012//2012 2015//2015 2016//2016
f 2013//2013 2012//2012 2016//2016
f 2013//2013 2016//2016 2017//2017
f 1992//1992 2018//2018 2019//2019
f 1992//1992 2019//2019 1993//1993
f 2018//2018 2020//2020 2021//2021
f 2018//2018 2021//2021 2019//2019
f 2019//2019 2021//2021 2015//2015
f 2019//2019 2015//2015 2014//2014
f 1993//1993 2019//2019 2014//2014
f 1993//1993 2014//2014 1994//1994
f 2022//2022 2023//2023 2024//2024
f 2022//2022 2024//2024 2025//2025
f 2023//2023 1988//1988 1991//1991
f 2023//2023 1991//1991 2024//2024
f 2024//2024 1991//1991 1996//1996
f 2024//2024 1996//1996 2013//2013
f 2025//2025 2024//2024 2013//2013
f 2025//2025 2013//2013 2017//2017
f 2020//2020 2026//2026 2027//2027
f 2020//2020 2027//2027 2021//2021
f 2026//2026 2022//2022 2025//2025
f 2026//2026 2025//2025 2027//2027
f 2027//2027 2025//2025 2017//2017
f 2027//2027 2017//2017 2016//2016
f 2021//2021 2027//2027 2016//2016
f 2021//2021 2016//2016 2015//2015
f 1987//1987 1986//1986 2028//2028
f 1987//1987 2028//2028 2029//2029
f 1986//1986 1985//1985 2030//2030
f 1986//1986 2030//2030 2028//2028
f 2028//2028 2030//2030 2022//2022
f 2028//2028 2022//2022 2026//2026
f 2029//2029 2028//2028 2026//2026
f 2029//2029 2026//2026 2020//2020
f 1985//1985 2011//2011 2031//2031
f 1985//1985 2031//2031 2030//2030
f 2011//2011 2005//2005 2032//2032
f 2011//2011 2032//2032 2031//2031
f 2031//2031 2032//2032 1988//1988
f 2031//2031 1988//1988 2023//2023
f 2030//2030 2031//2031 2023//2023
f 2030//2030 2023//2023 2022//2022
f 2003//2003 2008//2008 2033//2033
f 2003//2003 2033//2033 2034//2034
f 2008//2008 1987//1987 2029//2029
f 2008//2008 2029//2029 2033//2033
f 2033//2033 2029//2029 2020//2020
f 2033//2033 2020//2020 2018//2018
f 2034//2034 2033//2033 2018//2018
f 2034//2034 2018//2018 1992//1992
f 2005//2005 2004//2004 2035//2035
f 2005//2005 2035//2035 2032//2032
f 2004//2004 2003//2003 2034//2034
f 2004//2004 2034//2034 2035//2035
f 2035//2035 2034//2034 1992//1992
f 2035//2035 1992//1992 1989//1989
f 2032//2032 2035//2035 1989//1989
f 2032//2032 1989//1989 1988//1988
f 2036//2036 2037//2037 2038//2038
f 2036//2036 2038//2038 2039//2039
f 2037//2037 2040//2040 2041//2041
f 2037//2037 2041//2041 2038//2038
f 2038//2038 2041//2041 2042//2042
f 2038//2038 2042//2042 2043//2043
f 2039//2039 2038//2038 2043//2043
f 2039//2039 2043//2043 2044//2044
f 2045//2045 2046//2046 2047//2047
f 2045//2045 2047//2047 2048//2048
f 2046//2046 2049//2049 2050//2050
f 2046//2046 2050//2050 2047//2047
f 2047//2047 2050//2050 2051//2051
f 2047//2047 2051//2051 2052//2052
f 2048//2048 2047//2047 2052//2052
f 2048//2048 2052//2052 2053//2053
f 2054//2054 2055//2055 2056//2056
f 2054//2054 2056//2056 2057//2057
f 2055//2055 2058//2058 2059//2059
f 2055//2055 2059//2059 2056//2056
f 2056//2056 2059//2059 2060//2060
f 2056//2056 2060//2060 2061//2061
f 2057//2057 2056//2056 2061//2061
f 2057//2057 2061//2061 2062//2062
f 2058//2058 2063//2063 2064//2064
f 2058//2058 2064//2064 2059//2059
f 2063//2063 2036//2036 2039//2039
f 2063//2063 2039//2039 2064//2064
f 2064//2064 2039//2039 2044//2044
f 2064//2064 2044//2044 2065//2065
f 2059//2059 2064//2064 2065//2065
f 2059//2059 2065//2065 2060//2060
f 2040//2040 2066//2066 2067//2067
f 2040//2040 2067//2067 2041//2041
f 2066//2066 2054//2054 2057//2057
f 2066//2066 2057//2057 2067//2067
f 2067//2067 2057//2057 2062//2062
f 2067//2067 2062//2062 2068//2068
f 2041//2041 2067//2067 2068//2068
f 2041//2041 2068//2068 2042//2042
f 2053//2053 2052//2052 2069//2069
f 2053//2053 2069//2069 2070//2070
f 2052//2052 2051//2051 2071//2071
f 2052//2052 2071//2071 2069//2069
f 2069//2069 2071//2071 2072//2072
f 2069//2069 2072//2072 2073//2073
f 2070//2070 2069//2069 2073//2073
f 2070//2070 2073//2073 2074//2074
f 2049//2049 2075//2075 2076//2076
f 2049//2049 2076//2076 2050//2050
f 2075//2075 2077//2077 2078//2078
f 2075//2075 2078//2078 2076//2076
f 2076//2076 2078//2078 2072//2072
f 2076//2076 2072//2072 2071//2071
f 2050//2050 2076//2076 2071//2071
f 2050//2050 2071//2071 2051//2051
f 2079//2079 2080//2080 2081//2081
f 2079//2079 2081//2081 2082//2082
f 2080//2080 2045//2045 2048//2048
f 2080//2080 2048//2048 2081//2081
f 2081//2081 2048//2048 2053//2053
f 2081//2081 2053//2053 2070//2070
f 2082//2082 2081//2081 2070//2070
f 2082//2082 2070//2070 2074//2074
f 2077//2077 2083//2083 2084//2084
f 2077//2077 2084//2084 2078//2078
f 2083//2083 2079//2079 2082//2082
f 2083//2083 2082//2082 2084//2084
f 2084//2084 2082//2082 2074//2074
f 2084//2084 2074//2074 2073//2073
f 2078//2078 2084//2084 2073//2073
f 2078//2078 2073//2073 2072//2072
f 2044//2044 2043//2043 2085//2085
f 2044//2044 2085//2085 2086//2086
f 2043//2043 2042//2042 2087//2087
f 2043//2043 2087//2087 2085//2085
f 2085//2085 2087//2087 2079//2079
f 2085//2085 2079//2079 2083//2083
f 2086//2086 2085//2085 2083//2083
f 2086//2086 2083//2083 2077//2077
f 2042//2042 2068//2068 2088//2088
f 2042//2042 2088//2088 2087//2087
f 2068//2068 2062//2062 2089//2089
f 2068//2068 2089//2089 2088//2088
f 2088//2088 2089//2089 2045//2045
f 2088//2088 2045//2045 2080//2080
f 2087//2087 2088//2088 2080//2080
f 2087//2087 2080//2080 2079//2079
f 2060//2060 2065//2065 2090//2090
f 2060//2060 2090//2090 2091//2091
f 2065//2065 2044//2044 2086//2086
f 2065//2065 2086//2086 2090//2090
f 2090//2090 2086//2086 2077//2077
f 2090//2090 2077//2077 2075//2075
f 2091//2091 2090//2090 2075//2075
f 2091//2091 2075//2075 2049//2049
f 2062//2062 2061//2061 2092//2092
f 2062//2062 2092//2092 2089//2089
f 2061//2061 2060//2060 2091//2091
f 2061//2061 2091//2091 2092//2092
f 2092//2092 2091//2091 2049//2049
f 2092//2092 2049//2049 2046//2046
f 2089//2089 2092//2092 2046//2046
f 2089//2089 2046//2046 2045//2045
f 2093//2093 2094//2094 2095//2095
f 2093//2093 2095//2095 2096//2096
f 2094//2094 2097//2097 2098//2098
f 2094//2094 2098//2098 2095//2095
f 2095//2095 2098//2098 2099//2099
f 2095//2095 2099//2099 2100//2100
f 2096//2096 2095//2095 2100//2100
f 2096//2096 2100//2100 2101//2101
f 2102//2102 2103//2103 2104//2104
f 2102//2102 2104//2104 2105//2105
f 2103//2103 2106//2106 2107//2107
f 2103//2103 2107//2107 2104//2104
f 2104//2104 2107//2107 2108//2108
f 2104//2104 2108//2108 2109//2109
f 2105//2105 2104//2104 2109//2109
f 2105//2105 2109//2109 2110//2110
f 2111//2111 2112//2112 2113//2113
f 2111//2111 2113//2113 2114//2114
f 2112//2112 2115//2115 2116//2116
f 2112//2112 2116//2116 2113//2113
f 2113//2113 2116//2116 2117//2117
f 2113//2113 2117//2117 2118//2118
f 2114//2114 2113//2113 2118//2118
f 2114//2114 2118//2118 2119//2119
f 2119//2119 2118//2118 2120//2120
f 2119//2119 2120//2120 2121//2121
f 2118//2118 2117//2117 2122//2122
f 2118//2118 2122//2122 2120//2120
f 2120//2120 2122//2122 2097//2097
f 2120//2120 2097//2097 2094//2094
f 2121//2121 2120//2120 2094//2094
f 2121//2121 2094//2094 2093//2093
f 2101//2101 2100//2100 2123//2123
f 2101//2101 2123//2123 2124//2124
f 2100//2100 2099//2099 2125//2125
f 2100//2100 2125//2125 2123//2123
f 2123//2123 2125//2125 2115//2115
f 2123//2123 2115//2115 2112//2112
f 2124//2124 2123//2123 2112//2112
f 2124//2124 2112//2112 2111//2111
f 2106//2106 2126//2126 2127//2127
f 2106//2106 2127//2127 2107//2107
f 2126//2126 2128//2128 2129//2129
f 2126//2126 2129//2129 2127//2127
f 2127//2127 2129//2129 2130//2130
f 2127//2127 2130//2130 2131//2131
f 2107//2107 2127//2127 2131//2131
f 2107//2107 2131//2131 2108//2108
f 2110//2110 2109//2109 2132//2132
f 2110//2110 2132//2132 2133//2133
f 2109//2109 2108//2108 2131//2131
f 2109//2109 2131//2131 2132//2132
f 2132//2132 2131//2131 2130//2130
f 2132//2132 2130//2130 2134//2134
f 2133//2133 2132//2132 2134//2134
f 2133//2133 2134//2134 2135//2135
f 2136//2136 2137//2137 2138//2138
f 2136//2136 2138//2138 2139//2139
f 2137//2137 2128//2128 2126//2126
f 2137//2137 2126//2126 2138//2138
f 2138//2138 2126//2126 2106//2106
f 2138//2138 2106//2106 2103//2103
f 2139//2139 2138//2138 2103//2103
f 2139//2139 2103//2103 2102//2102
f 2135//2135 2134//2134 2140//2140
f 2135//2135 2140//2140 2141//2141
f 2134//2134 2130//2130 2129//2129
f 2134//2134 2129//2129 2140//2140
f 2140//2140 2129//2129 2128//2128
f 2140//2140 2128//2128 2137//2137
f 2141//2141 2140//2140 2137//2137
f 2141//2141 2137//2137 2136//2136
f 2097//2097 2142//2142 2143//2143
f 2097//2097 2143//2143 2098//2098
f 2142//2142 2135//2135 2141//2141
f 2142//2142 2141//2141 2143//2143
f 2143//2143 2141//2141 2136//2136
f 2143//2143 2136//2136 2144//2144
f 2098//2098 2143//2143 2144//2144
f 2098//2098 2144//2144 2099//2099
f 2099//2099 2144//2144 2145//2145
f 2099//2099 2145//2145 2125//2125
f 2144//2144 2136//2136 2139//2139
f 2144//2144 2139//2139 2145//2145
f 2145//2145 2139//2139 2102//2102
f 2145//2145 2102//2102 2146//2146
f 2125//2125 2145//2145 2146//2146
f 2125//2125 2146//2146 2115//2115
f 2117//2117 2147//2147 2148//2148
f 2117//2117 2148//2148 2122//2122
f 2147//2147 2110//2110 2133//2133
f 2147//2147 2133//2133 2148//2148
f 2148//2148 2133//2133 2135//2135
f 2148//2148 2135//2135 2142//2142
f 2122//2122 2148//2148 2142//2142
f 2122//2122 2142//2142 2097//2097
f 2115//2115 2146//2146 2149//2149
f 2115//2115 2149//2149 2116//2116
f 2146//2146 2102//2102 2105//2105
f 2146//2146 2105//2105 2149//2149
f 2149//2149 2105//2105 2110//2110
f 2149//2149 2110//2110 2147//2147
f 2116//2116 2149//2149 2147//2147
f 2116//2116 2147//2147 2117//2117
f 2150//2150 2151//2151 2152//2152
f 2150//2150 2152//2152 2153//2153
f 2151//2151 2154//2154 2155//2155
f 2151//2151 2155//2155 2152//2152
f 2152//2152 2155//2155 2156//2156
f 2152//2152 2156//2156 2157//2157
f 2153//2153 2152//2152 2157//2157
f 2153//2153 2157//2157 2158//2158
f 2159//2159 2160//2160 2161//2161
f 2159//2159 2161//2161 2162//2162
f 2160//2160 2163//2163 2164//2164
f 2160//2160 2164//2164 2161//2161
f 2161//2161 2164//2164 2165//2165
f 2161//2161 2165//2165 2166//2166
f 2162//2162 2161//2161 2166//2166
f 2162//2162 2166//2166 2167//2167
f 2168//2168 2169//2169 2170//2170
f 2168//2168 2170//2170 2171//2171
f 2169//2169 2172//2172 2173//2173
f 2169//2169 2173//2173 2170//2170
f 2170//2170 2173//2173 2174//2174
f 2170//2170 2174//2174 2175//2175
f 2171//2171 2170//2170 2175//2175
f 2171//2171 2175//2175 2176//2176
f 2172//2172 2177//2177 2178//2178
f 2172//2172 2178//2178 2173//2173
f 2177//2177 2150//2150 2153//2153
f 2177//2177 2153//2153 2178//2178
f 2178//2178 2153//2153 2158//2158
f 2178//2178 2158//2158 2179//2179
f 2173//2173 2178//2178 2179//2179
f 2173//2173 2179//2179 2174//2174
f 2154//2154 2180//2180 2181//2181
f 2154//2154 2181//2181 2155//2155
f 2180//2180 2168//2168 2171//2171
f 2180//2180 2171//2171 2181//2181
f 2181//2181 2171//2171 2176//2176
f 2181//2181 2176//2176 2182//2182
f 2155//2155 2181//2181 2182//2182
f 2155//2155 2182//2182 2156//2156
f 2167//2167 2166//2166 2183//2183
f 2167//2167 2183//2183 2184//2184
f 2166//2166 2165//2165 2185//2185
f 2166//2166 2185//2185 2183//2183
f 2183//2183 2185//2185 2186//2186
f 2183//2183 2186//2186 2187//2187
f 2184//2184 2183//2183 2187//2187
f 2184//2184 2187//2187 2188//2188
f 2163//2163 2189//2189 2190//2190
f 2163//2163 2190//2190 2164//2164
f 2189//2189 2191//2191 2192//2192
f 2189//2189 2192//2192 2190//2190
f 2190//2190 2192//2192 2186//2186
f 2190//2190 2186//2186 2185//2185
f 2164//2164 2190//2190 2185//2185
f 2164//2164 2185//2185 2165//2165
f 2193//2193 2194//2194 2195//2195
f 2193//2193 2195//2195 2196//2196
f 2194//2194 2159//2159 2162//2162
f 2194//2194 2162//2162 2195//2195
f 2195//2195 2162//2162 2167//2167
f 2195//2195 2167//2167 2184//2184
f 2196//2196 2195//2195 2184//2184
f 2196//2196 2184//2184 2188//2188
f 2191//2191 2197//2197 2198//2198
f 2191//2191 2198//2198 2192//2192
f 2197//2197 2193//2193 2196//2196
f 2197//2197 2196//2196 2198//2198
f 2198//2198 2196//2196 2188//2188
f 2198//2198 2188//2188 2187//2187
f 2192//2192 2198//2198 2187//2187
f 2192//2192 2187//2187 2186//2186
f 2199//2199 2200//2200 2201//2201
f 2199//2199 2201//2201 2202//2202
f 2200//2200 2203//2203 2204//2204
f 2200//2200 2204//2204 2201//2201
f 2201//2201 2204//2204 2205//2205
f 2201//2201 2205//2205 2206//2206
f 2202//2202 2201//2201 2206//2206
f 2202//2202 2206//2206 2207//2207
f 2208//2208 2209//2209 2210//2210
f 2208//2208 2210//2210 2211//2211
f 2209//2209 2212//2212 2213//2213
f 2209//2209 2213//2213 2210//2210
f 2210//2210 2213//2213 2214//2214
f 2210//2210 2214//2214 2215//2215
f 2211//2211 2210//2210 2215//2215
f 2211//2211 2215//2215 2216//2216
f 2203//2203 2217//2217 2218//2218
f 2203//2203 2218//2218 2204//2204
f 2217//2217 2208//2208 2211//2211
f 2217//2217 2211//2211 2218//2218
f 2218//2218 2211//2211 2216//2216
f 2218//2218 2216//2216 2219//2219
f 2204//2204 2218//2218 2219//2219
f 2204//2204 2219//2219 2205//2205
f 2212//2212 2220//2220 2221//2221
f 2212//2212 2221//2221 2213//2213
f 2220//2220 2199//2199 2202//2202
f 2220//2220 2202//2202 2221//2221
f 2221//2221 2202//2202 2207//2207
f 2221//2221 2207//2207 2222//2222
f 2213//2213 2221//2221 2222//2222
f 2213//2213 2222//2222 2214//2214
f 2207//2207 2206//2206 2223//2223
f 2207//2207 2223//2223 2224//2224
f 2206//2206 2205//2205 2225//2225
f 2206//2206 2225//2225 2223//2223
f 2223//2223 2225//2225 2168//2168
f 2223//2223 2168//2168 2180//2180
f 2224//2224 2223//2223 2180//2180
f 2224//2224 2180//2180 2154//2154
f 2216//2216 2215//2215 2226//2226
f 2216//2216 2226//2226 2227//2227
f 2215//2215 2214//2214 2228//2228
f 2215//2215 2228//2228 2226//2226
f 2226//2226 2228//2228 2150//2150
f 2226//2226 2150//2150 2177//2177
f 2227//2227 2226//2226 2177//2177
f 2227//2227 2177//2177 2172//2172
f 2205//2205 2219//2219 2229//2229
f 2205//2205 2229//2229 2225//2225
f 2219//2219 2216//2216 2227//2227
f 2219//2219 2227//2227 2229//2229
f 2229//2229 2227//2227 2172//2172
f 2229//2229 2172//2172 2169//2169
f 2225//2225 2229//2229 2169//2169
f 2225//2225 2169//2169 2168//2168
f 2214//2214 2222//2222 2230//2230
f 2214//2214 2230//2230 2228//2228
f 2222//2222 2207//2207 2224//2224
f 2222//2222 2224//2224 2230//2230
f 2230//2230 2224//2224 2154//2154
f 2230//2230 2154//2154 2151//2151
f 2228//2228 2230//2230 2151//2151
f 2228//2228 2151//2151 2150//2150
f 2158//2158 2157//2157 2231//2231
f 2158//2158 2231//2231 2232//2232
f 2157//2157 2156//2156 2233//2233
f 2157//2157 2233//2233 2231//2231
f 2231//2231 2233//2233 2193//2193
f 2231//2231 2193//2193 2197//2197
f 2232//2232 2231//2231 2197//2197
f 2232//2232 2197//2197 2191//2191
f 2156//2156 2182//2182 2234//2234
f 2156//2156 2234//2234 2233//2233
f 2182//2182 2176//2176 2235//2235
f 2182//2182 2235//2235 2234//2234
f 2234//2234 2235//2235 2159//2159
f 2234//2234 2159//2159 2194//2194
f 2233//2233 2234//2234 2194//2194
f 2233//2233 2194//2194 2193//2193
f 2174//2174 2179//2179 2236//2236
f 2174//2174 2236//2236 2237//2237
f 2179//2179 2158//2158 2232//2232
f 2179//2179 2232//2232 2236//2236
f 2236//2236 2232//2232 2191//2191
f 2236//2236 2191//2191 2189//2189
f 2237//2237 2236//2236 2189//2189
f 2237//2237 2189//2189 2163//2163
f 2176//2176 2175//2175 2238//2238
f 2176//2176 2238//2238 2235//2235
f 2175//2175 2174//2174 2237//2237
f 2175//2175 2237//2237 2238//2238
f 2238//2238 2237//2237 2163//2163
f 2238//2238 2163//2163 2160//2160
f 2235//2235 2238//2238 2160//2160
f 2235//2235 2160//2160 2159//2159
f 2239//2239 2240//2240 2241//2241
f 2239//2239 2241//2241 2242//2242
f 2240//2240 2243//2243 2244//2244
f 2240//2240 2244//2244 2241//2241
f 2241//2241 2244//2244 2245//2245
f 2241//2241 2245//2245 2246//2246
f 2242//2242 2241//2241 2246//2246
f 2242//2242 2246//2246 2247//2247
f 2248//2248 2249//2249 2250//2250
f 2248//2248 2250//2250 2251//2251
f 2249//2249 2252//2252 2253//2253
f 2249//2249 2253//2253 2250//2250
f 2250//2250 2253//2253 2254//2254
f 2250//2250 2254//2254 2255//2255
f 2251//2251 2250//2250 2255//2255
f 2251//2251 2255//2255 2256//2256
f 2257//2257 2258//2258 2259//2259
f 2257//2257 2259//2259 2260//2260
f 2258//2258 2261//2261 2262//2262
f 2258//2258 2262//2262 2259//2259
f 2259//2259 2262//2262 2263//2263
f 2259//2259 2263//2263 2264//2264
f 2260//2260 2259//2259 2264//2264
f 2260//2260 2264//2264 2265//2265
f 2261//2261 2266//2266 2267//2267
f 2261//2261 2267//2267 2262//2262
f 2266//2266 2239//2239 2242//2242
f 2266//2266 2242//2242 2267//2267
f 2267//2267 2242//2242 2247//2247
f 2267//2267 2247//2247 2268//2268
f 2262//2262 2267//2267 2268//2268
f 2262//2262 2268//2268 2263//2263
f 2243//2243 2269//2269 2270//2270
f 2243//2243 2270//2270 2244//2244
f 2269//2269 2257//2257 2260//2260
f 2269//2269 2260//2260 2270//2270
f 2270//2270 2260//2260 2265//2265
f 2270//2270 2265//2265 2271//2271
f 2244//2244 2270//2270 2271//2271
f 2244//2244 2271//2271 2245//2245
f 2256//2256 2255//2255 2272//2272
f 2256//2256 2272//2272 2273//2273
f 2255//2255 2254//2254 2274//2274
f 2255//2255 2274//2274 2272//2272
f 2272//2272 2274//2274 2275//2275
f 2272//2272 2275//2275 2276//2276
f 2273//2273 2272//2272 2276//2276
f 2273//2273 2276//2276 2277//2277
f 2252//2252 2278//2278 2279//2279
f 2252//2252 2279//2279 2253//2253
f 2278//2278 2280//2280 2281//2281
f 2278//2278 2281//2281 2279//2279
f 2279//2279 2281//2281 2275//2275
f 2279//2279 2275//2275 2274//2274
f 2253//2253 2279//2279 2274//2274
f 2253//2253 2274//2274 2254//2254
f 2282//2282 2283//2283 2284//2284
f 2282//2282 2284//2284 2285//2285
f 2283//2283 2248//2248 2251//2251
f 2283//2283 2251//2251 2284//2284
f 2284//2284 2251//2251 2256//2256
f 2284//2284 2256//2256 2273//2273
f 2285//2285 2284//2284 2273//2273
f 2285//2285 2273//2273 2277//2277
f 2280//2280 2286//2286 2287//2287
f 2280//2280 2287//2287 2281//2281
f 2286//2286 2282//2282 2285//2285
f 2286//2286 2285//2285 2287//2287
f 2287//2287 2285//2285 2277//2277
f 2287//2287 2277//2277 2276//2276
f 2281//2281 2287//2287 2276//2276
f 2281//2281 2276//2276 2275//2275
f 2247//2247 2246//2246 2288//2288
f 2247//2247 2288//2288 2289//2289
f 2246//2246 2245//2245 2290//2290
f 2246//2246 2290//2290 2288//2288
f 2288//2288 2290//2290 2282//2282
f 2288//2288 2282//2282 2286//2286
f 2289//2289 2288//2288 2286//2286
f 2289//2289 2286//2286 2280//2280
f 2245//2245 2271//2271 2291//2291
f 2245//2245 2291//2291 2290//2290
f 2271//2271 2265//2265 2292//2292
f 2271//2271 2292//2292 2291//2291
f 2291//2291 2292//2292 2248//2248
f 2291//2291 2248//2248 2283//2283
f 2290//2290 2291//2291 2283//2283
f 2290//2290 2283//2283 2282//2282
f 2263//2263 2268//2268 2293//2293
f 2263//2263 2293//2293 2294//2294
f 2268//2268 2247//2247 2289//2289
f 2268//2268 2289//2289 2293//2293
f 2293//2293 2289//2289 2280//2280
f 2293//2293 2280//2280 2278//2278
f 2294//2294 2293//2293 2278//2278
f 2294//2294 2278//2278 2252//2252
f 2265//2265 2264//2264 2295//2295
f 2265//2265 2295//2295 2292//2292
f 2264//2264 2263//2263 2294//2294
f 2264//2264 2294//2294 2295//2295
f 2295//2295 2294//2294 2252//2252
f 2295//2295 2252//2252 2249//2249
f 2292//2292 2295//2295 2249//2249
f 2292//2292 2249//2249 2248//2248
f 2296//2296 2297//2297 2298//2298
f 2296//2296 2298//2298 2299//2299
f 2297//2297 2300//2300 2301//2301
f 2297//2297 2301//2301 2298//2298
f 2298//2298 2301//2301 2302//2302
f 2298//2298 2302//2302 2303//2303
f 2299//2299 2298//2298 2303//2303
f 2299//2299 2303//2303 2304//2304
f 2305//2305 2306//2306 2307//2307
f 2305//2305 2307//2307 2308//2308
f 2306//2306 2309//2309 2310//2310
f 2306//2306 2310//2310 2307//2307
f 2307//2307 2310//2310 2311//2311
f 2307//2307 2311//2311 2312//2312
f 2308//2308 2307//2307 2312//2312
f 2308//2308 2312//2312 2313//2313
f 2314//2314 2315//2315 2316//2316
f 2314//2314 2316//2316 2317//2317
f 2315//2315 2318//2318 2319//2319
f 2315//2315 2319//2319 2316//2316
f 2316//2316 2319//2319 2320//2320
f 2316//2316 2320//2320 2321//2321
f 2317//2317 2316//2316 2321//2321
f 2317//2317 2321//2321 2322//2322
f 2322//2322 2321//2321 2323//2323
f 2322//2322 2323//2323 2324//2324
f 2321//2321 2320//2320 2325//2325
f 2321//2321 2325//2325 2323//2323
f 2323//2323 2325//2325 2300//2300
f 2323//2323 2300//2300 2297//2297
f 2324//2324 2323//2323 2297//2297
f 2324//2324 2297//2297 2296//2296
f 2304//2304 2303//2303 2326//2326
f 2304//2304 2326//2326 2327//2327
f 2303//2303 2302//2302 2328//2328
f 2303//2303 2328//2328 2326//2326
f 2326//2326 2328//2328 2318//2318
f 2326//2326 2318//2318 2315//2315
f 2327//2327 2326//2326 2315//2315
f 2327//2327 2315//2315 2314//2314
f 2309//2309 2329//2329 2330//2330
f 2309//2309 2330//2330 2310//2310
f 2329//2329 2331//2331 2332//2332
f 2329//2329 2332//2332 2330//2330
f 2330//2330 2332//2332 2333//2333
f 2330//2330 2333//2333 2334//2334
f 2310//2310 2330//2330 2334//2334
f 2310//2310 2334//2334 2311//2311
f 2313//2313 2312//2312 2335//2335
f 2313//2313 2335//2335 2336//2336
f 2312//2312 2311//2311 2334//2334
f 2312//2312 2334//2334 2335//2335
f 2335//2335 2334//2334 2333//2333
f 2335//2335 2333//2333 2337//2337
f 2336//2336 2335//2335 2337//2337
f 2336//2336 2337//2337 2338//2338
f 2339//2339 2340//2340 2341//2341
f 2339//2339 2341//2341 2342//2342
f 2340//2340 2331//2331 2329//2329
f 2340//2340 2329//2329 2341//2341
f 2341//2341 2329//2329 2309//2309
f 2341//2341 2309//2309 2306//2306
f 2342//2342 2341//2341 2306//2306
f 2342//2342 2306//2306 2305//2305
f 2338//2338 2337//2337 2343//2343
f 2338//2338 2343//2343 2344//2344
f 2337//2337 2333//2333 2332//2332
f 2337//2337 2332//2332 2343//2343
f 2343//2343 2332//2332 2331//2331
f 2343//2343 2331//2331 2340//2340
f 2344//2344 2343//2343 2340//2340
f 2344//2344 2340//2340 2339//2339
f 2300//2300 2345//2345 2346//2346
f 2300//2300 2346//2346 2301//2301
f 2345//2345 2338//2338 2344//2344
f 2345//2345 2344//2344 2346//2346
f 2346//2346 2344//2344 2339//2339
f 2346//2346 2339//2339 2347//2347
f 2301//2301 2346//2346 2347//2347
f 2301//2301 2347//2347 2302//2302
f 2302//2302 2347//2347 2348//2348
f 2302//2302 2348//2348 2328//2328
f 2347//2347 2339//2339 2342//2342
f 2347//2347 2342//2342 2348//2348
f 2348//2348 2342//2342 2305//2305
f 2348//2348 2305//2305 2349//2349
f 2328//2328 2348//2348 2349//2349
f 2328//2328 2349//2349 2318//2318
f 2320//2320 2350//2350 2351//2351
f 2320//2320 2351//2351 2325//2325
f 2350//2350 2313//2313 2336//2336
f 2350//2350 2336//2336 2351//2351
f 2351//2351 2336//2336 2338//2338
f 2351//2351 2338//2338 2345//2345
f 2325//2325 2351//2351 2345//2345
f 2325//2325 2345//2345 2300//2300
f 2318//2318 2349//2349 2352//2352
f 2318//2318 2352//2352 2319//2319
f 2349//2349 2305//2305 2308//2308
f 2349//2349 2308//2308 2352//2352
f 2352//2352 2308//2308 2313//2313
f 2352//2352 2313//2313 2350//2350
f 2319//2319 2352//2352 2350//2350
f 2319//2319 2350//2350 2320//2320
f 2353//2353 2354//2354 2355//2355
f 2353//2353 2355//2355 2356//2356
f 2354//2354 2357//2357 2358//2358
f 2354//2354 2358//2358 2355//2355
f 2355//2355 2358//2358 2359//2359
f 2355//2355 2359//2359 2360//2360
f 2356//2356 2355//2355 2360//2360
f 2356//2356 2360//2360 2361//2361
f 2362//2362 2363//2363 2364//2364
f 2362//2362 2364//2364 2365//2365
f 2363//2363 2366//2366 2367//2367
f 2363//2363 2367//2367 2364//2364
f 2364//2364 2367//2367 2368//2368
f 2364//2364 2368//2368 2369//2369
f 2365//2365 2364//2364 2369//2369
f 2365//2365 2369//2369 2370//2370
f 2371//2371 2372//2372 2373//2373
f 2371//2371 2373//2373 2374//2374
f 2372//2372 2375//2375 2376//2376
f 2372//2372 2376//2376 2373//2373
f 2373//2373 2376//2376 2377//2377
f 2373//2373 2377//2377 2378//2378
f 2374//2374 2373//2373 2378//2378
f 2374//2374 2378//2378 2379//2379
f 2375//2375 2380//2380 2381//2381
f 2375//2375 2381//2381 2376//2376
f 2380//2380 2353//2353 2356//2356
f 2380//2380 2356//2356 2381//2381
f 2381//2381 2356//2356 2361//2361
f 2381//2381 2361//2361 2382//2382
f 2376//2376 2381//2381 2382//2382
f 2376//2376 2382//2382 2377//2377
f 2357//2357 2383//2383 2384//2384
f 2357//2357 2384//2384 2358//2358
f 2383//2383 2371//2371 2374//2374
f 2383//2383 2374//2374 2384//2384
f 2384//2384 2374//2374 2379//2379
f 2384//2384 2379//2379 2385//2385
f 2358//2358 2384//2384 2385//2385
f 2358//2358 2385//2385 2359//2359
f 2370//2370 2369//2369 2386//2386
f 2370//2370 2386//2386 2387//2387
f 2369//2369 2368//2368 2388//2388
f 2369//2369 2388//2388 2386//2386
f 2386//2386 2388//2388 2389//2389
f 2386//2386 2389//2389 2390//2390
f 2387//2387 2386//2386 2390//2390
f 2387//2387 2390//2390 2391//2391
f 2366//2366 2392//2392 2393//2393
f 2366//2366 2393//2393 2367//2367
f 2392//2392 2394//2394 2395//2395
f 2392//2392 2395//2395 2393//2393
f 2393//2393 2395//2395 2389//2389
f 2393//2393 2389//2389 2388//2388
f 2367//2367 2393//2393 2388//2388
f 2367//2367 2388//2388 2368//2368
f 2396//2396 2397//2397 2398//2398
f 2396//2396 2398//2398 2399//2399
f 2397//2397 2362//2362 2365//2365
f 2397//2397 2365//2365 2398//2398
f 2398//2398 2365//2365 2370//2370
f 2398//2398 2370//2370 2387//2387
f 2399//2399 2398//2398 2387//2387
f 2399//2399 2387//2387 2391//2391
f 2394//2394 2400//2400 2401//2401
f 2394//2394 2401//2401 2395//2395
f 2400//2400 2396//2396 2399//2399
f 2400//2400 2399//2399 2401//2401
f 2401//2401 2399//2399 2391//2391
f 2401//2401 2391//2391 2390//2390
f 2395//2395 2401//2401 2390//2390
f 2395//2395 2390//2390 2389//2389
f 2361//2361 2360//2360 2402//2402
f 2361//2361 2402//2402 2403//2403
f 2360//2360 2359//2359 2404//2404
f 2360//2360 2404//2404 2402//2402
f 2402//2402 2404//2404 2396//2396
f 2402//2402 2396//2396 2400//2400
f 2403//2403 2402//2402 2400//2400
f 2403//2403 2400//2400 2394//2394
f 2359//2359 2385//2385 2405//2405
f 2359//2359 2405//2405 2404//2404
f 2385//2385 2379//2379 2406//2406
f 2385//2385 2406//2406 2405//2405
f 2405//2405 2406//2406 2362//2362
f 2405//2405 2362//2362 2397//2397
f 2404//2404 2405//2405 2397//2397
f 2404//2404 2397//2397 2396//2396
f 2377//2377 2382//2382 2407//2407
f 2377//2377 2407//2407 2408//2408
f 2382//2382 2361//2361 2403//2403
f 2382//2382 2403//2403 2407//2407
f 2407//2407 2403//2403 2394//2394
f 2407//2407 2394//2394 2392//2392
f 2408//2408 2407//2407 2392//2392
f 2408//2408 2392//2392 2366//2366
f 2379//2379 2378//2378 2409//2409
f 2379//2379 2409//2409 2406//2406
f 2378//2378 2377//2377 2408//2408
f 2378//2378 2408//2408 2409//2409
f 2409//2409 2408//2408 2366//2366
f 2409//2409 2366//2366 2363//2363
f 2406//2406 2409//2409 2363//2363
f 2406//2406 2363//2363 2362//2362
f 2410//2410 2411//2411 2412//2412
f 2410//2410 2412//2412 2413//2413
f 2411//2411 2414//2414 2415//2415
f 2411//2411 2415//2415 2412//2412
f 2412//2412 2415//2415 2054//2054
f 2412//2412 2054//2054 2066//2066
f 2413//2413 2412//2412 2066//2066
f 2413//2413 2066//2066 2040//2040
f 2416//2416 2417//2417 2418//2418
f 2416//2416 2418//2418 2419//2419
f 2417//2417 2420//2420 2421//2421
f 2417//2417 2421//2421 2418//2418
f 2418//2418 2421//2421 2036//2036
f 2418//2418 2036//2036 2063//2063
f 2419//2419 2418//2418 2063//2063
f 2419//2419 2063//2063 2058//2058
f 2414//2414 2422//2422 2423//2423
f 2414//2414 2423//2423 2415//2415
f 2422//2422 2416//2416 2419//2419
f 2422//2422 2419//2419 2423//2423
f 2423//2423 2419//2419 2058//2058
f 2423//2423 2058//2058 2055//2055
f 2415//2415 2423//2423 2055//2055
f 2415//2415 2055//2055 2054//2054
f 2420//2420 2424//2424 2425//2425
f 2420//2420 2425//2425 2421//2421
f 2424//2424 2410//2410 2413//2413
f 2424//2424 2413//2413 2425//2425
f 2425//2425 2413//2413 2040//2040
f 2425//2425 2040//2040 2037//2037
f 2421//2421 2425//2425 2037//2037
f 2421//2421 2037//2037 2036//2036
f 2426//2426 2427//2427 2428//2428
f 2426//2426 2428//2428 2429//2429
f 2427//2427 2430//2430 2431//2431
f 2427//2427 2431//2431 2428//2428
f 2428//2428 2431//2431 2432//2432
f 2428//2428 2432//2432 2433//2433
f 2429//2429 2428//2428 2433//2433
f 2429//2429 2433//2433 2434//2434
f 2435//2435 2436//2436 2437//2437
f 2435//2435 2437//2437 2438//2438
f 2436//2436 2439//2439 2440//2440
f 2436//2436 2440//2440 2437//2437
f 2437//2437 2440//2440 2441//2441
f 2437//2437 2441//2441 2442//2442
f 2438//2438 2437//2437 2442//2442
f 2438//2438 2442//2442 2443//2443
f 2444//2444 2445//2445 2446//2446
f 2444//2444 2446//2446 2447//2447
f 2445//2445 2448//2448 2449//2449
f 2445//2445 2449//2449 2446//2446
f 2446//2446 2449//2449 2450//2450
f 2446//2446 2450//2450 2451//2451
f 2447//2447 2446//2446 2451//2451
f 2447//2447 2451//2451 2452//2452
f 2448//2448 2453//2453 2454//2454
f 2448//2448 2454//2454 2449//2449
f 2453//2453 2426//2426 2429//2429
f 2453//2453 2429//2429 2454//2454
f 2454//2454 2429//2429 2434//2434
f 2454//2454 2434//2434 2455//2455
f 2449//2449 2454//2454 2455//2455
f 2449//2449 2455//2455 2450//2450
f 2430//2430 2456//2456 2457//2457
f 2430//2430 2457//2457 2431//2431
f 2456//2456 2444//2444 2447//2447
f 2456//2456 2447//2447 2457//2457
f 2457//2457 2447//2447 2452//2452
f 2457//2457 2452//2452 2458//2458
f 2431//2431 2457//2457 2458//2458
f 2431//2431 2458//2458 2432//2432
f 2443//2443 2442//2442 2459//2459
f 2443//2443 2459//2459 2460//2460
f 2442//2442 2441//2441 2461//2461
f 2442//2442 2461//2461 2459//2459
f 2459//2459 2461//2461 2462//2462
f 2459//2459 2462//2462 2463//2463
f 2460//2460 2459//2459 2463//2463
f 2460//2460 2463//2463 2464//2464
f 2439//2439 2465//2465 2466//2466
f 2439//2439 2466//2466 2440//2440
f 2465//2465 2467//2467 2468//2468
f 2465//2465 2468//2468 2466//2466
f 2466//2466 2468//2468 2462//2462
f 2466//2466 2462//2462 2461//2461
f 2440//2440 2466//2466 2461//2461
f 2440//2440 2461//2461 2441//2441
f 2469//2469 2470//2470 2471//2471
f 2469//2469 2471//2471 2472//2472
f 2470//2470 2435//2435 2438//2438
f 2470//2470 2438//2438 2471//2471
f 2471//2471 2438//2438 2443//2443
f 2471//2471 2443//2443 2460//2460
f 2472//2472 2471//2471 2460//2460
f 2472//2472 2460//2460 2464//2464
f 2467//2467 2473//2473 2474//2474
f 2467//2467 2474//2474 2468//2468
f 2473//2473 2469//2469 2472//2472
f 2473//2473 2472//2472 2474//2474
f 2474//2474 2472//2472 2464//2464
f 2474//2474 2464//2464 2463//2463
f 2468//2468 2474//2474 2463//2463
f 2468//2468 2463//2463 2462//2462
f 2434//2434 2433//2433 2475//2475
f 2434//2434 2475//2475 2476//2476
f 2433//2433 2432//2432 2477//2477
f 2433//2433 2477//2477 2475//2475
f 2475//2475 2477//2477 2469//2469
f 2475//2475 2469//2469 2473//2473
f 2476//2476 2475//2475 2473//2473
f 2476//2476 2473//2473 2467//2467
f 2432//2432 2458//2458 2478//2478
f 2432//2432 2478//2478 2477//2477
f 2458//2458 2452//2452 2479//2479
f 2458//2458 2479//2479 2478//2478
f 2478//2478 2479//2479 2435//2435
f 2478//2478 2435//2435 2470//2470
f 2477//2477 2478//2478 2470//2470
f 2477//2477 2470//2470 2469//2469
f 2450//2450 2455//2455 2480//2480
f 2450//2450 2480//2480 2481//2481
f 2455//2455 2434//2434 2476//2476
f 2455//2455 2476//2476 2480//2480
f 2480//2480 2476//2476 2467//2467
f 2480//2480 2467//2467 2465//2465
f 2481//2481 2480//2480 2465//2465
f 2481//2481 2465//2465 2439//2439
f 2452//2452 2451//2451 2482//2482
f 2452//2452 2482//2482 2479//2479
f 2451//2451 2450//2450 2481//2481
f 2451//2451 2481//2481 2482//2482
f 2482//2482 2481//2481 2439//2439
f 2482//2482 2439//2439 2436//2436
f 2479//2479 2482//2482 2436//2436
f 2479//2479 2436//2436 2435//2435
f 2483//2483 2484//2484 2485//2485
f 2483//2483 2485//2485 2486//2486
f 2484//2484 2487//2487 2488//2488
f 2484//2484 2488//2488 2485//2485
f 2485//2485 2488//2488 2489//2489
f 2485//2485 2489//2489 2490//2490
f 2486//2486 2485//2485 2490//2490
f 2486//2486 2490//2490 2491//2491
f 2492//2492 2493//2493 2494//2494
f 2492//2492 2494//2494 2495//2495
f 2493//2493 2496//2496 2497//2497
f 2493//2493 2497//2497 2494//2494
f 2494//2494 2497//2497 2498//2498
f 2494//2494 2498//2498 2499//2499
f 2495//2495 2494//2494 2499//2499
f 2495//2495 2499//2499 2500//2500
f 2501//2501 2502//2502 2503//2503
f 2501//2501 2503//2503 2504//2504
f 2502//2502 2505//2505 2506//2506
f 2502//2502 2506//2506 2503//2503
f 2503//2503 2506//2506 2507//2507
f 2503//2503 2507//2507 2508//2508
f 2504//2504 2503//2503 2508//2508
f 2504//2504 2508//2508 2509//2509
f 2505//2505 2510//2510 2511//2511
f 2505//2505 2511//2511 2506//2506
f 2510//2510 2483//2483 2486//2486
f 2510//2510 2486//2486 2511//2511
f 2511//2511 2486//2486 2491//2491
f 2511//2511 2491//2491 2512//2512
f 2506//2506 2511//2511 2512//2512
f 2506//2506 2512//2512 2507//2507
f 2487//2487 2513//2513 2514//2514
f 2487//2487 2514//2514 2488//2488
f 2513//2513 2501//2501 2504//2504
f 2513//2513 2504//2504 2514//2514
f 2514//2514 2504//2504 2509//2509
f 2514//2514 2509//2509 2515//2515
f 2488//2488 2514//2514 2515//2515
f 2488//2488 2515//2515 2489//2489
f 2500//2500 2499//2499 2516//2516
f 2500//2500 2516//2516 2517//2517
f 2499//2499 2498//2498 2518//2518
f 2499//2499 2518//2518 2516//2516
f 2516//2516 2518//2518 2519//2519
f 2516//2516 2519//2519 2520//2520
f 2517//2517 2516//2516 2520//2520
f 2517//2517 2520//2520 2521//2521
f 2496//2496 2522//2522 2523//2523
f 2496//2496 2523//2523 2497//2497
f 2522//2522 2524//2524 2525//2525
f 2522//2522 2525//2525 2523//2523
f 2523//2523 2525//2525 2519//2519
f 2523//2523 2519//2519 2518//2518
f 2497//2497 2523//2523 2518//2518
f 2497//2497 2518//2518 2498//2498
f 2526//2526 2527//2527 2528//2528
f 2526//2526 2528//2528 2529//2529
f 2527//2527 2492//2492 2495//2495
f 2527//2527 2495//2495 2528//2528
f 2528//2528 2495//2495 2500//2500
f 2528//2528 2500//2500 2517//2517
f 2529//2529 2528//2528 2517//2517
f 2529//2529 2517//2517 2521//2521
f 2524//2524 2530//2530 2531//2531
f 2524//2524 2531//2531 2525//2525
f 2530//2530 2526//2526 2529//2529
f 2530//2530 2529//2529 2531//2531
f 2531//2531 2529//2529 2521//2521
f 2531//2531 2521//2521 2520//2520
f 2525//2525 2531//2531 2520//2520
f 2525//2525 2520//2520 2519//2519
f 2491//2491 2490//2490 2532//2532
f 2491//2491 2532//2532 2533//2533
f 2490//2490 2489//2489 2534//2534
f 2490//2490 2534//2534 2532//2532
f 2532//2532 2534//2534 2526//2526
f 2532//2532 2526//2526 2530//2530
f 2533//2533 2532//2532 2530//2530
f 2533//2533 2530//2530 2524//2524
f 2489//2489 2515//2515 2535//2535
f 2489//2489 2535//2535 2534//2534
f 2515//2515 2509//2509 2536//2536
f 2515//2515 2536//2536 2535//2535
f 2535//2535 2536//2536 2492//2492
f 2535//2535 2492//2492 2527//2527
f 2534//2534 2535//2535 2527//2527
f 2534//2534 2527//2527 2526//2526
f 2507//2507 2512//2512 2537//2537
f 2507//2507 2537//2537 2538//2538
f 2512//2512 2491//2491 2533//2533
f 2512//2512 2533//2533 2537//2537
f 2537//2537 2533//2533 2524//2524
f 2537//2537 2524//2524 2522//2522
f 2538//2538 2537//2537 2522//2522
f 2538//2538 2522//2522 2496//2496
f 2509//2509 2508//2508 2539//2539
f 2509//2509 2539//2539 2536//2536
f 2508//2508 2507//2507 2538//2538
f 2508//2508 2538//2538 2539//2539
f 2539//2539 2538//2538 2496//2496
f 2539//2539 2496//2496 2493//2493
f 2536//2536 2539//2539 2493//2493
f 2536//2536 2493//2493 2492//2492
f 2540//2540 2541//2541 2542//2542
f 2540//2540 2542//2542 2543//2543
f 2541//2541 2544//2544 2545//2545
f 2541//2541 2545//2545 2542//2542
f 2542//2542 2545//2545 2546//2546
f 2542//2542 2546//2546 2547//2547
f 2543//2543 2542//2542 2547//2547
f 2543//2543 2547//2547 2548//2548
f 2549//2549 2550//2550 2551//2551
f 2549//2549 2551//2551 2552//2552
f 2550//2550 2553//2553 2554//2554
f 2550//2550 2554//2554 2551//2551
f 2551//2551 2554//2554 2555//2555
f 2551//2551 2555//2555 2556//2556
f 2552//2552 2551//2551 2556//2556
f 2552//2552 2556//2556 2557//2557
f 2553//2553 2558//2558 2559//2559
f 2553//2553 2559//2559 2554//2554
f 2558//2558 2540//2540 2543//2543
f 2558//2558 2543//2543 2559//2559
f 2559//2559 2543//2543 2548//2548
f 2559//2559 2548//2548 2560//2560
f 2554//2554 2559//2559 2560//2560
f 2554//2554 2560//2560 2555//2555
f 2544//2544 2561//2561 2562//2562
f 2544//2544 2562//2562 2545//2545
f 2561//2561 2549//2549 2552//2552
f 2561//2561 2552//2552 2562//2562
f 2562//2562 2552//2552 2557//2557
f 2562//2562 2557//2557 2563//2563
f 2545//2545 2562//2562 2563//2563
f 2545//2545 2563//2563 2546//2546
f 2548//2548 2547//2547 2564//2564
f 2548//2548 2564//2564 2565//2565
f 2547//2547 2546//2546 2566//2566
f 2547//2547 2566//2566 2564//2564
f 2564//2564 2566//2566 2199//2199
f 2564//2564 2199//2199 2220//2220
f 2565//2565 2564//2564 2220//2220
f 2565//2565 2220//2220 2212//2212
f 2557//2557 2556//2556 2567//2567
f 2557//2557 2567//2567 2568//2568
f 2556//2556 2555//2555 2569//2569
f 2556//2556 2569//2569 2567//2567
f 2567//2567 2569//2569 2208//2208
f 2567//2567 2208//2208 2217//2217
f 2568//2568 2567//2567 2217//2217
f 2568//2568 2217//2217 2203//2203
f 2555//2555 2560//2560 2570//2570
f 2555//2555 2570//2570 2569//2569
f 2560//2560 2548//2548 2565//2565
f 2560//2560 2565//2565 2570//2570
f 2570//2570 2565//2565 2212//2212
f 2570//2570 2212//2212 2209//2209
f 2569//2569 2570//2570 2209//2209
f 2569//2569 2209//2209 2208//2208
f 2546//2546 2563//2563 2571//2571
f 2546//2546 2571//2571 2566//2566
f 2563//2563 2557//2557 2568//2568
f 2563//2563 2568//2568 2571//2571
f 2571//2571 2568//2568 2203//2203
f 2571//2571 2203//2203 2200//2200
f 2566//2566 2571//2571 2200//2200
f 2566//2566 2200//2200 2199//2199
usemtl Tree_Leaves
f 2572/1/2572 2573/2/2573 2574/3/2574
f 2573/2/2573 2575/4/2575 2576/5/2576
f 2573/2/2573 2576/5/2576 2577/6/2577
f 2573/2/2573 2577/6/2577 2578/7/2578
f 2574/3/2574 2573/2/2573 2578/7/2578
f 2574/3/2574 2578/7/2578 2579/8/2579
f 2574/3/2574 2579/8/2579 2580/9/2580
f 2581/10/2581 2582/11/2582 2583/12/2583
f 2573/2/2573 2572/1/2572 2575/4/2575
f 2578/7/2578 2577/6/2577 2582/11/2582
f 2578/7/2578 2582/11/2582 2581/10/2581
f 2583/12/2583 2584/13/2584 2581/10/2581
f 2584/13/2584 2579/8/2579 2578/7/2578
f 2584/13/2584 2578/7/2578 2581/10/2581
f 2585/14/2585 2586/15/2586 2587/16/2587
f 2586/15/2586 2588/17/2588 2589/18/2589
f 2586/15/2586 2589/18/2589 2590/19/2590
f 2586/15/2586 2590/19/2590 2591/20/2591
f 2587/16/2587 2586/15/2586 2591/20/2591
f 2587/16/2587 2591/20/2591 2592/21/2592
f 2587/16/2587 2592/21/2592 2593/22/2593
f 2594/23/2594 2595/24/2595 2596/25/2596
f 2586/15/2586 2585/14/2585 2588/17/2588
f 2591/20/2591 2590/19/2590 2595/24/2595
f 2591/20/2591 2595/24/2595 2594/23/2594
f 2596/25/2596 2597/26/2597 2594/23/2594
f 2597/26/2597 2592/21/2592 2591/20/2591
f 2597/26/2597 2591/20/2591 2594/23/2594
f 2598/27/2598 2599/28/2599 2600/29/2600
f 2599/28/2599 2601/30/2601 2602/31/2602
f 2599/28/2599 2602/31/2602 2603/32/2603
f 2599/28/2599 2603/32/2603 2604/33/2604
f 2600/29/2600 2599/28/2599 2604/33/2604
f 2600/29/2600 2604/33/2604 2605/34/2605
f 2600/29/2600 2605/34/2605 2606/35/2606
f 2607/36/2607 2608/37/2608 2609/38/2609
f 2599/28/2599 2598/27/2598 2601/30/2601
f 2604/33/2604 2603/32/2603 2608/37/2608
f 2604/33/2604 2608/37/2608 2607/36/2607
f 2609/38/2609 2610/39/2610 2607/36/2607
f 2610/39/2610 2605/34/2605 2604/33/2604
f 2610/39/2610 2604/33/2604 2607/36/2607
f 2611/40/2611 2612/41/2612 2613/42/2613
f 2612/41/2612 2614/43/2614 2615/44/2615
f 2612/41/2612 2615/44/2615 2616/45/2616
f 2612/41/2612 2616/45/2616 2617/46/2617
f 2613/42/2613 2612/41/2612 2617/46/2617
f 2613/42/2613 2617/46/2617 2618/47/2618
f 2613/42/2613 2618/47/2618 2619/48/2619
f 2620/49/2620 2621/50/2621 2622/51/2622
f 2612/41/2612 2611/40/2611 2614/43/2614
f 2617/46/2617 2616/45/2616 2621/50/2621
f 2617/46/2617 2621/50/2621 2620/49/2620
f 2622/51/2622 2623/52/2623 2620/49/2620
f 2623/52/2623 2618/47/2618 2617/46/2617
f 2623/52/2623 2617/46/2617 2620/49/2620
f 2624/53/2624 2625/54/2625 2626/55/2626
f 2625/54/2625 2627/56/2627 2628/57/2628
f 2625/54/2625 2628/57/2628 2629/58/2629
f 2625/54/2625 2629/58/2629 2630/59/2630
f 2626/55/2626 2625/54/2625 2630/59/2630
f 2626/55/2626 2630/59/2630 2631/60/2631
f 2626/55/2626 2631/60/2631 2632/61/2632
f 2633/62/2633 2634/63/2634 2635/64/2635
f 2625/54/2625 2624/53/2624 2627/56/2627
f 2630/59/2630 2629/58/2629 2634/63/2634
f 2630/59/2630 2634/63/2634 2633/62/2633
f 2635/64/2635 2636/65/2636 2633/62/2633
f 2636/65/2636 2631/60/2631 2630/59/2630
f 2636/65/2636 2630/59/2630 2633/62/2633
f 2637/66/2637 2638/67/2638 2639/68/2639
f 2638/67/2638 2640/69/2640 2641/70/2641
f 2638/67/2638 2641/70/2641 2642/71/2642
f 2638/67/2638 2642/71/2642 2643/72/2643
f 2639/68/2639 2638/67/2638 2643/72/2643
f 2639/68/2639 2643/72/2643 2644/73/2644
f 2639/68/2639 2644/73/2644 2645/74/2645
f 2646/75/2646 2647/76/2647 2648/77/2648
f 2638/67/2638 2637/66/2637 2640/69/2640
f 2643/72/2643 2642/71/2642 2647/76/2647
f 2643/72/2643 2647/76/2647 2646/75/2646
f 2648/77/2648 2649/78/2649 2646/75/2646
f 2649/78/2649 2644/73/2644 2643/72/2643
f 2649/78/2649 2643/72/2643 2646/75/2646
f 2650/79/2650 2651/80/2651 2652/81/2652
f 2651/80/2651 2653/82/2653 2654/83/2654
f 2651/80/2651 2654/83/2654 2655/84/2655
f 2651/80/2651 2655/84/2655 2656/85/2656
f 2652/81/2652 2651/80/2651 2656/85/2656
f 2652/81/2652 2656/85/2656 2657/86/2657
f 2652/81/2652 2657/86/2657 2658/87/2658
f 2659/88/2659 2660/89/2660 2661/90/2661
f 2651/80/2651 2650/79/2650 2653/82/2653
f 2656/85/2656 2655/84/2655 2660/89/2660
f 2656/85/2656 2660/89/2660 2659/88/2659
f 2661/90/2661 2662/91/2662 2659/88/2659
f 2662/91/2662 2657/86/2657 2656/85/2656
f 2662/91/2662 2656/85/2656 2659/88/2659
f 2663/92/2663 2664/93/2664 2665/94/2665
f 2664/93/2664 2666/95/2666 2667/96/2667
f 2664/93/2664 2667/96/2667 2668/97/2668
f 2664/93/2664 2668/97/2668 2669/98/2669
f 2665/94/2665 2664/93/2664 2669/98/2669
f 2665/94/2665 2669/98/2669 2670/99/2670
f 2665/94/2665 2670/99/2670 2671/100/2671
f 2672/101/2672 2673/102/2673 2674/103/2674
f 2664/93/2664 2663/92/2663 2666/95/2666
f 2669/98/2669 2668/97/2668 2673/102/2673
f 2669/98/2669 2673/102/2673 2672/101/2672
f 2674/103/2674 2675/104/2675 2672/101/2672
f 2675/104/2675 2670/99/2670 2669/98/2669
f 2675/104/2675 2669/98/2669 2672/101/2672
f 2676/105/2676 2677/106/2677 2678/107/2678
f 2676/105/2676 2678/107/2678 2679/108/2679
f 2680/109/2680 2681/110/2681 2682/111/2682
f 2680/109/2680 2682/111/2682 2683/112/2683
f 2679/108/2679 2678/107/2678 2684/113/2684
f 2679/108/2679 2684/113/2684 2685/114/2685
f 2686/115/2686 2687/116/2687 2688/117/2688
f 2686/115/2686 2688/117/2688 2681/110/2681
f 2689/118/2689 2690/119/2690 2691/120/2691
f 2681/110/2681 2688/117/2688 2692/121/2692
f 2681/110/2681 2692/121/2692 2682/111/2682
f 2693/122/2693 2686/115/2686 2681/110/2681
f 2693/122/2693 2681/110/2681 2680/109/2680
f 2690/119/2690 2694/123/2694 2695/124/2695
f 2690/119/2690 2695/124/2695 2677/106/2677
f 2691/120/2691 2690/119/2690 2677/106/2677
f 2691/120/2691 2677/106/2677 2676/105/2676
f 2678/107/2678 2696/125/2696 2697/126/2697
f 2678/107/2678 2697/126/2697 2684/113/2684
f 2690/119/2690 2689/118/2689 2694/123/2694
f 2677/106/2677 2695/124/2695 2696/125/2696
f 2677/106/2677 2696/125/2696 2678/107/2678
f 2684/113/2684 2686/115/2686 2693/122/2693
f 2684/113/2684 2693/122/2693 2685/114/2685
f 2697/126/2697 2687/116/2687 2686/115/2686
f 2697/126/2697 2686/115/2686 2684/113/2684
f 2698/127/2698 2699/128/2699 2700/129/2700
f 2698/127/2698 2700/129/2700 2701/130/2701
f 2702/131/2702 2703/132/2703 2704/133/2704
f 2702/131/2702 2704/133/2704 2705/134/2705
f 2701/130/2701 2700/129/2700 2706/135/2706
f 2701/130/2701 2706/135/2706 2707/136/2707
f 2708/137/2708 2709/138/2709 2710/139/2710
f 2708/137/2708 2710/139/2710 2703/132/2703
f 2711/140/2711 2712/141/2712 2713/142/2713
f 2703/132/2703 2710/139/2710 2714/143/2714
f 2703/132/2703 2714/143/2714 2704/133/2704
f 2715/144/2715 2708/137/2708 2703/132/2703
f 2715/144/2715 2703/132/2703 2702/131/2702
f 2712/141/2712 2716/145/2716 2717/146/2717
f 2712/141/2712 2717/146/2717 2699/128/2699
f 2713/142/2713 2712/141/2712 2699/128/2699
f 2713/142/2713 2699/128/2699 2698/127/2698
f 2700/129/2700 2718/147/2718 2719/148/2719
f 2700/129/2700 2719/148/2719 2706/135/2706
f 2712/141/2712 2711/140/2711 2716/145/2716
f 2699/128/2699 2717/146/2717 2718/147/2718
f 2699/128/2699 2718/147/2718 2700/129/2700
f 2706/135/2706 2708/137/2708 2715/144/2715
f 2706/135/2706 2715/144/2715 2707/136/2707
f 2719/148/2719 2709/138/2709 2708/137/2708
f 2719/148/2719 2708/137/2708 2706/135/2706
f 2720/149/2720 2721/150/2721 2722/151/2722
f 2720/149/2720 2722/151/2722 2723/152/2723
f 2724/153/2724 2725/154/2725 2726/155/2726
f 2724/153/2724 2726/155/2726 2727/156/2727
f 2723/152/2723 2722/151/2722 2728/157/2728
f 2723/152/2723 2728/157/2728 2729/158/2729
f 2730/159/2730 2731/160/2731 2732/161/2732
f 2730/159/2730 2732/161/2732 2725/154/2725
f 2733/162/2733 2734/163/2734 2735/164/2735
f 2725/154/2725 2732/161/2732 2736/165/2736
f 2725/154/2725 2736/165/2736 2726/155/2726
f 2737/166/2737 2730/159/2730 2725/154/2725
f 2737/166/2737 2725/154/2725 2724/153/2724
f 2734/163/2734 2738/167/2738 2739/168/2739
f 2734/163/2734 2739/168/2739 2721/150/2721
f 2735/164/2735 2734/163/2734 2721/150/2721
f 2735/164/2735 2721/150/2721 2720/149/2720
f 2722/151/2722 2740/169/2740 2741/170/2741
f 2722/151/2722 2741/170/2741 2728/157/2728
f 2734/163/2734 2733/162/2733 2738/167/2738
f 2721/150/2721 2739/168/2739 2740/169/2740
f 2721/150/2721 2740/169/2740 2722/151/2722
f 2728/157/2728 2730/159/2730 2737/166/2737
f 2728/157/2728 2737/166/2737 2729/158/2729
f 2741/170/2741 2731/160/2731 2730/159/2730
f 2741/170/2741 2730/159/2730 2728/157/2728
f 2742/171/2742 2743/172/2743 2744/173/2744
f 2742/171/2742 2744/173/2744 2745/174/2745
f 2746/175/2746 2747/176/2747 2748/177/2748
f 2746/175/2746 2748/177/2748 2749/178/2749
f 2745/174/2745 2744/173/2744 2750/179/2750
f 2745/174/2745 2750/179/2750 2751/180/2751
f 2752/181/2752 2753/182/2753 2754/183/2754
f 2752/181/2752 2754/183/2754 2747/176/2747
f 2755/184/2755 2756/185/2756 2757/186/2757
f 2747/176/2747 2754/183/2754 2758/187/2758
f 2747/176/2747 2758/187/2758 2748/177/2748
f 2759/188/2759 2752/181/2752 2747/176/2747
f 2759/188/2759 2747/176/2747 2746/175/2746
f 2756/185/2756 2760/189/2760 2761/190/2761
f 2756/185/2756 2761/190/2761 2743/172/2743
f 2757/186/2757 2756/185/2756 2743/172/2743
f 2757/186/2757 2743/172/2743 2742/171/2742
f 2744/173/2744 2762/191/2762 2763/192/2763
f 2744/173/2744 2763/192/2763 2750/179/2750
f 2756/185/2756 2755/184/2755 2760/189/2760
f 2743/172/2743 2761/190/2761 2762/191/2762
f 2743/172/2743 2762/191/2762 2744/173/2744
f 2750/179/2750 2752/181/2752 2759/188/2759
f 2750/179/2750 2759/188/2759 2751/180/2751
f 2763/192/2763 2753/182/2753 2752/181/2752
f 2763/192/2763 2752/181/2752 2750/179/2750
f 2764/193/2764 2765/194/2765 2766/195/2766
f 2764/193/2764 2766/195/2766 2767/196/2767
f 2768/197/2768 2769/198/2769 2770/199/2770
f 2768/197/2768 2770/199/2770 2771/200/2771
f 2765/194/2765 2772/201/2772 2773/202/2773
f 2765/194/2765 2773/202/2773 2766/195/2766
f 2774/203/2774 2771/200/2771 2775/204/2775
f 2774/203/2774 2775/204/2775 2776/205/2776
f 2777/206/2777 2778/207/2778 2779/208/2779
f 2771/200/2771 2770/199/2770 2780/209/2780
f 2771/200/2771 2780/209/2780 2775/204/2775
f 2781/210/2781 2768/197/2768 2771/200/2771
f 2781/210/2781 2771/200/2771 2774/203/2774
f 2779/208/2779 2767/196/2767 2782/211/2782
f 2779/208/2779 2782/211/2782 2783/212/2783
f 2778/207/2778 2764/193/2764 2767/196/2767
f 2778/207/2778 2767/196/2767 2779/208/2779
f 2766/195/2766 2773/202/2773 2784/213/2784
f 2766/195/2766 2784/213/2784 2785/214/2785
f 2779/208/2779 2783/212/2783 2777/206/2777
f 2767/196/2767 2766/195/2766 2785/214/2785
f 2767/196/2767 2785/214/2785 2782/211/2782
f 2773/202/2773 2772/201/2772 2781/210/2781
f 2773/202/2773 2781/210/2781 2774/203/2774
f 2784/213/2784 2773/202/2773 2774/203/2774
f 2784/213/2784 2774/203/2774 2776/205/2776
f 2786/215/2786 2787/216/2787 2788/217/2788
f 2786/215/2786 2788/217/2788 2789/218/2789
f 2790/219/2790 2791/220/2791 2792/221/2792
f 2790/219/2790 2792/221/2792 2793/222/2793
f 2789/218/2789 2788/217/2788 2794/223/2794
f 2789/218/2789 2794/223/2794 2795/224/2795
f 2796/225/2796 2797/226/2797 2798/227/2798
f 2796/225/2796 2798/227/2798 2791/220/2791
f 2799/228/2799 2800/229/2800 2801/230/2801
f 2791/220/2791 2798/227/2798 2802/231/2802
f 2791/220/2791 2802/231/2802 2792/221/2792
f 2803/232/2803 2796/225/2796 2791/220/2791
f 2803/232/2803 2791/220/2791 2790/219/2790
f 2800/229/2800 2804/233/2804 2805/234/2805
f 2800/229/2800 2805/234/2805 2787/216/2787
f 2801/230/2801 2800/229/2800 2787/216/2787
f 2801/230/2801 2787/216/2787 2786/215/2786
f 2788/217/2788 2806/235/2806 2807/236/2807
f 2788/217/2788 2807/236/2807 2794/223/2794
f 2800/229/2800 2799/228/2799 2804/233/2804
f 2787/216/2787 2805/234/2805 2806/235/2806
f 2787/216/2787 2806/235/2806 2788/217/2788
f 2794/223/2794 2796/225/2796 2803/232/2803
f 2794/223/2794 2803/232/2803 2795/224/2795
f 2807/236/2807 2797/226/2797 2796/225/2796
f 2807/236/2807 2796/225/2796 2794/223/2794
f 2808/237/2808 2809/238/2809 2810/239/2810
f 2808/237/2808 2810/239/2810 2811/240/2811
f 2812/241/2812 2813/242/2813 2814/243/2814
f 2812/241/2812 2814/243/2814 2815/244/2815
f 2811/240/2811 2810/239/2810 2816/245/2816
f 2811/240/2811 2816/245/2816 2817/246/2817
f 2818/247/2818 2819/248/2819 2820/249/2820
f 2818/247/2818 2820/249/2820 2813/242/2813
f 2821/250/2821 2822/251/2822 2823/252/2823
f 2813/242/2813 2820/249/2820 2824/253/2824
f 2813/242/2813 2824/253/2824 2814/243/2814
f 2825/254/2825 2818/247/2818 2813/242/2813
f 2825/254/2825 2813/242/2813 2812/241/2812
f 2822/251/2822 2826/255/2826 2827/256/2827
f 2822/251/2822 2827/256/2827 2809/238/2809
f 2823/252/2823 2822/251/2822 2809/238/2809
f 2823/252/2823 2809/238/2809 2808/237/2808
f 2810/239/2810 2828/257/2828 2829/258/2829
f 2810/239/2810 2829/258/2829 2816/245/2816
f 2822/251/2822 2821/250/2821 2826/255/2826
f 2809/238/2809 2827/256/2827 2828/257/2828
f 2809/238/2809 2828/257/2828 2810/239/2810
f 2816/245/2816 2818/247/2818 2825/254/2825
f 2816/245/2816 2825/254/2825 2817/246/2817
f 2829/258/2829 2819/248/2819 2818/247/2818
f 2829/258/2829 2818/247/2818 2816/245/2816
f 2830/259/2830 2831/260/2831 2832/261/2832
f 2830/259/2830 2832/261/2832 2833/262/2833
f 2834/263/2834 2835/264/2835 2836/265/2836
f 2834/263/2834 2836/265/2836 2837/266/2837
f 2833/262/2833 2832/261/2832 2838/267/2838
f 2833/262/2833 2838/267/2838 2839/268/2839
f 2840/269/2840 2841/270/2841 2842/271/2842
f 2840/269/2840 2842/271/2842 2835/264/2835
f 2843/272/2843 2844/273/2844 2845/274/2845
f 2835/264/2835 2842/271/2842 2846/275/2846
f 2835/264/2835 2846/275/2846 2836/265/2836
f 2847/276/2847 2840/269/2840 2835/264/2835
f 2847/276/2847 2835/264/2835 2834/263/2834
f 2844/273/2844 2848/277/2848 2849/278/2849
f 2844/273/2844 2849/278/2849 2831/260/2831
f 2845/274/2845 2844/273/2844 2831/260/2831
f 2845/274/2845 2831/260/2831 2830/259/2830
f 2832/261/2832 2850/279/2850 2851/280/2851
f 2832/261/2832 2851/280/2851 2838/267/2838
f 2844/273/2844 2843/272/2843 2848/277/2848
f 2831/260/2831 2849/278/2849 2850/279/2850
f 2831/260/2831 2850/279/2850 2832/261/2832
f 2838/267/2838 2840/269/2840 2847/276/2847
f 2838/267/2838 2847/276/2847 2839/268/2839
f 2851/280/2851 2841/270/2841 2840/269/2840
f 2851/280/2851 2840/269/2840 2838/267/2838
f 2852/281/2852 2853/282/2853 2854/283/2854
f 2852/281/2852 2854/283/2854 2855/284/2855
f 2856/285/2856 2857/286/2857 2858/287/2858
f 2856/285/2856 2858/287/2858 2859/288/2859
f 2855/284/2855 2854/283/2854 2860/289/2860
f 2855/284/2855 2860/289/2860 2861/290/2861
f 2862/291/2862 2863/292/2863 2864/293/2864
f 2862/291/2862 2864/293/2864 2857/286/2857
f 2865/294/2865 2866/295/2866 2867/296/2867
f 2857/286/2857 2864/293/2864 2868/297/2868
f 2857/286/2857 2868/297/2868 2858/287/2858
f 2869/298/2869 2862/291/2862 2857/286/2857
f 2869/298/2869 2857/286/2857 2856/285/2856
f 2866/295/2866 2870/299/2870 2871/300/2871
f 2866/295/2866 2871/300/2871 2853/282/2853
f 2867/296/2867 2866/295/2866 2853/282/2853
f 2867/296/2867 2853/282/2853 2852/281/2852
f 2854/283/2854 2872/301/2872 2873/302/2873
f 2854/283/2854 2873/302/2873 2860/289/2860
f 2866/295/2866 2865/294/2865 2870/299/2870
f 2853/282/2853 2871/300/2871 2872/301/2872
f 2853/282/2853 2872/301/2872 2854/283/2854
f 2860/289/2860 2862/291/2862 2869/298/2869
f 2860/289/2860 2869/298/2869 2861/290/2861
f 2873/302/2873 2863/292/2863 2862/291/2862
f 2873/302/2873 2862/291/2862 2860/289/2860
f 2874/303/2874 2875/304/2875 2876/305/2876
f 2874/303/2874 2876/305/2876 2877/306/2877
f 2878/307/2878 2879/308/2879 2880/309/2880
f 2878/307/2878 2880/309/2880 2881/310/2881
f 2875/304/2875 2882/311/2882 2883/312/2883
f 2875/304/2875 2883/312/2883 2876/305/2876
f 2884/313/2884 2881/310/2881 2885/314/2885
f 2884/313/2884 2885/314/2885 2886/315/2886
f 2887/316/2887 2888/317/2888 2889/318/2889
f 2881/310/2881 2880/309/2880 2890/319/2890
f 2881/310/2881 2890/319/2890 2885/314/2885
f 2891/320/2891 2878/307/2878 2881/310/2881
f 2891/320/2891 2881/310/2881 2884/313/2884
f 2889/318/2889 2877/306/2877 2892/321/2892
f 2889/318/2889 2892/321/2892 2893/322/2893
f 2888/317/2888 2874/303/2874 2877/306/2877
f 2888/317/2888 2877/306/2877 2889/318/2889
f 2876/305/2876 2883/312/2883 2894/323/2894
f 2876/305/2876 2894/323/2894 2895/324/2895
f 2889/318/2889 2893/322/2893 2887/316/2887
f 2877/306/2877 2876/305/2876 2895/324/2895
f 2877/306/2877 2895/324/2895 2892/321/2892
f 2883/312/2883 2882/311/2882 2891/320/2891
f 2883/312/2883 2891/320/2891 2884/313/2884
f 2894/323/2894 2883/312/2883 2884/313/2884
f 2894/323/2894 2884/313/2884 2886/315/2886
f 2896/325/2896 2897/326/2897 2898/327/2898
f 2896/325/2896 2898/327/2898 2899/328/2899
f 2900/329/2900 2901/330/2901 2902/331/2902
f 2900/329/2900 2902/331/2902 2903/332/2903
f 2899/328/2899 2898/327/2898 2904/333/2904
f 2899/328/2899 2904/333/2904 2905/334/2905
f 2906/335/2906 2907/336/2907 2908/337/2908
f 2906/335/2906 2908/337/2908 2901/330/2901
f 2909/338/2909 2910/339/2910 2911/340/2911
f 2901/330/2901 2908/337/2908 2912/341/2912
f 2901/330/2901 2912/341/2912 2902/331/2902
f 2913/342/2913 2906/335/2906 2901/330/2901
f 2913/342/2913 2901/330/2901 2900/329/2900
f 2910/339/2910 2914/343/2914 2915/344/2915
f 2910/339/2910 2915/344/2915 2897/326/2897
f 2911/340/2911 2910/339/2910 2897/326/2897
f 2911/340/2911 2897/326/2897 2896/325/2896
f 2898/327/2898 2916/345/2916 2917/346/2917
f 2898/327/2898 2917/346/2917 2904/333/2904
f 2910/339/2910 2909/338/2909 2914/343/2914
f 2897/326/2897 2915/344/2915 2916/345/2916
f 2897/326/2897 2916/345/2916 2898/327/2898
f 2904/333/2904 2906/335/2906 2913/342/2913
f 2904/333/2904 2913/342/2913 2905/334/2905
f 2917/346/2917 2907/336/2907 2906/335/2906
f 2917/346/2917 2906/335/2906 2904/333/2904
f 2918/347/2918 2919/348/2919 2920/349/2920
f 2918/347/2918 2920/349/2920 2921/350/2921
f 2922/351/2922 2923/352/2923 2924/353/2924
f 2922/351/2922 2924/353/2924 2925/354/2925
f 2921/350/2921 2920/349/2920 2926/355/2926
f 2921/350/2921 2926/355/2926 2927/356/2927
f 2928/357/2928 2929/358/2929 2930/359/2930
f 2928/357/2928 2930/359/2930 2923/352/2923
f 2931/360/2931 2932/361/2932 2933/362/2933
f 2923/352/2923 2930/359/2930 2934/363/2934
f 2923/352/2923 2934/363/2934 2924/353/2924
f 2935/364/2935 2928/357/2928 2923/352/2923
f 2935/364/2935 2923/352/2923 2922/351/2922
f 2932/361/2932 2936/365/2936 2937/366/2937
f 2932/361/2932 2937/366/2937 2919/348/2919
f 2933/362/2933 2932/361/2932 2919/348/2919
f 2933/362/2933 2919/348/2919 2918/347/2918
f 2920/349/2920 2938/367/2938 2939/368/2939
f 2920/349/2920 2939/368/2939 2926/355/2926
f 2932/361/2932 2931/360/2931 2936/365/2936
f 2919/348/2919 2937/366/2937 2938/367/2938
f 2919/348/2919 2938/367/2938 2920/349/2920
f 2926/355/2926 2928/357/2928 2935/364/2935
f 2926/355/2926 2935/364/2935 2927/356/2927
f 2939/368/2939 2929/358/2929 2928/357/2928
f 2939/368/2939 2928/357/2928 2926/355/2926
f 2940/369/2940 2941/370/2941 2942/371/2942
f 2940/369/2940 2942/371/2942 2943/372/2943
f 2944/373/2944 2945/374/2945 2946/375/2946
f 2944/373/2944 2946/375/2946 2947/376/2947
f 2943/372/2943 2942/371/2942 2948/377/2948
f 2943/372/2943 2948/377/2948 2949/378/2949
f 2950/379/2950 2951/380/2951 2952/381/2952
f 2950/379/2950 2952/381/2952 2945/374/2945
f 2953/382/2953 2954/383/2954 2955/384/2955
f 2945/374/2945 2952/381/2952 2956/385/2956
f 2945/374/2945 2956/385/2956 2946/375/2946
f 2957/386/2957 2950/379/2950 2945/374/2945
f 2957/386/2957 2945/374/2945 2944/373/2944
f 2954/383/2954 2958/387/2958 2959/388/2959
f 2954/383/2954 2959/388/2959 2941/370/2941
f 2955/384/2955 2954/383/2954 2941/370/2941
f 2955/384/2955 2941/370/2941 2940/369/2940
f 2942/371/2942 2960/389/2960 2961/390/2961
f 2942/371/2942 2961/390/2961 2948/377/2948
f 2954/383/2954 2953/382/2953 2958/387/2958
f 2941/370/2941 2959/388/2959 2960/389/2960
f 2941/370/2941 2960/389/2960 2942/371/2942
f 2948/377/2948 2950/379/2950 2957/386/2957
f 2948/377/2948 2957/386/2957 2949/378/2949
f 2961/390/2961 2951/380/2951 2950/379/2950
f 2961/390/2961 2950/379/2950 2948/377/2948
f 2962/391/2962 2963/392/2963 2964/393/2964
f 2962/391/2962 2964/393/2964 2965/394/2965
f 2966/395/2966 2967/396/2967 2968/397/2968
f 2966/395/2966 2968/397/2968 2969/398/2969
f 2965/394/2965 2964/393/2964 2970/399/2970
f 2965/394/2965 2970/399/2970 2971/400/2971
f 2972/401/2972 2973/402/2973 2974/403/2974
f 2972/401/2972 2974/403/2974 2967/396/2967
f 2975/404/2975 2976/405/2976 2977/406/2977
f 2967/396/2967 2974/403/2974 2978/407/2978
f 2967/396/2967 2978/407/2978 2968/397/2968
f 2979/408/2979 2972/401/2972 2967/396/2967
f 2979/408/2979 2967/396/2967 2966/395/2966
f 2976/405/2976 2980/409/2980 2981/410/2981
f 2976/405/2976 2981/410/2981 2963/392/2963
f 2977/406/2977 2976/405/2976 2963/392/2963
f 2977/406/2977 2963/392/2963 2962/391/2962
f 2964/393/2964 2982/411/2982 2983/412/2983
f 2964/393/2964 2983/412/2983 2970/399/2970
f 2976/405/2976 2975/404/2975 2980/409/2980
f 2963/392/2963 2981/410/2981 2982/411/2982
f 2963/392/2963 2982/411/2982 2964/393/2964
f 2970/399/2970 2972/401/2972 2979/408/2979
f 2970/399/2970 2979/408/2979 2971/400/2971
f 2983/412/2983 2973/402/2973 2972/401/2972
f 2983/412/2983 2972/401/2972 2970/399/2970
f 2984/413/2984 2985/414/2985 2986/415/2986
f 2984/413/2984 2986/415/2986 2987/416/2987
f 2988/417/2988 2989/418/2989 2990/419/2990
f 2988/417/2988 2990/419/2990 2991/420/2991
f 2985/414/2985 2992/421/2992 2993/422/2993
f 2985/414/2985 2993/422/2993 2986/415/2986
f 2994/423/2994 2991/420/2991 2995/424/2995
f 2994/423/2994 2995/424/2995 2996/425/2996
f 2997/426/2997 2998/427/2998 2999/428/2999
f 2991/420/2991 2990/419/2990 3000/429/3000
f 2991/420/2991 3000/429/3000 2995/424/2995
f 3001/430/3001 2988/417/2988 2991/420/2991
f 3001/430/3001 2991/420/2991 2994/423/2994
f 2999/428/2999 2987/416/2987 3002/431/3002
f 2999/428/2999 3002/431/3002 3003/432/3003
f 2998/427/2998 2984/413/2984 2987/416/2987
f 2998/427/2998 2987/416/2987 2999/428/2999
f 2986/415/2986 2993/422/2993 3004/433/3004
f 2986/415/2986 3004/433/3004 3005/434/3005
f 2999/428/2999 3003/432/3003 2997/426/2997
f 2987/416/2987 2986/415/2986 3005/434/3005
f 2987/416/2987 3005/434/3005 3002/431/3002
f 2993/422/2993 2992/421/2992 3001/430/3001
f 2993/422/2993 3001/430/3001 2994/423/2994
f 3004/433/3004 2993/422/2993 2994/423/2994
f 3004/433/3004 2994/423/2994 2996/425/2996
f 3006/435/3006 3007/436/3007 3008/437/3008
f 3006/435/3006 3008/437/3008 3009/438/3009
f 3010/439/3010 3011/440/3011 3012/441/3012
f 3010/439/3010 3012/441/3012 3013/442/3013
f 3009/438/3009 3008/437/3008 3014/443/3014
f 3009/438/3009 3014/443/3014 3015/444/3015
f 3016/445/3016 3017/446/3017 3018/447/3018
f 3016/445/3016 3018/447/3018 3011/440/3011
f 3019/448/3019 3020/449/3020 3021/450/3021
f 3011/440/3011 3018/447/3018 3022/451/3022
f 3011/440/3011 3022/451/3022 3012/441/3012
f 3023/452/3023 3016/445/3016 3011/440/3011
f 3023/452/3023 3011/440/3011 3010/439/3010
f 3020/449/3020 3024/453/3024 3025/454/3025
f 3020/449/3020 3025/454/3025 3007/436/3007
f 3021/450/3021 3020/449/3020 3007/436/3007
f 3021/450/3021 3007/436/3007 3006/435/3006
f 3008/437/3008 3026/455/3026 3027/456/3027
f 3008/437/3008 3027/456/3027 3014/443/3014
f 3020/449/3020 3019/448/3019 3024/453/3024
f 3007/436/3007 3025/454/3025 3026/455/3026
f 3007/436/3007 3026/455/3026 3008/437/3008
f 3014/443/3014 3016/445/3016 3023/452/3023
f 3014/443/3014 3023/452/3023 3015/444/3015
f 3027/456/3027 3017/446/3017 3016/445/3016
f 3027/456/3027 3016/445/3016 3014/443/3014
f 3028/457/3028 3029/458/3029 3030/459/3030
f 3028/457/3028 3030/459/3030 3031/460/3031
f 3032/461/3032 3033/462/3033 3034/463/3034
f 3032/461/3032 3034/463/3034 3035/464/3035
f 3031/460/3031 3030/459/3030 3036/465/3036
f 3031/460/3031 3036/465/3036 3037/466/3037
f 3038/467/3038 3039/468/3039 3040/469/3040
f 3038/467/3038 3040/469/3040 3033/462/3033
f 3041/470/3041 3042/471/3042 3043/472/3043
f 3033/462/3033 3040/469/3040 3044/473/3044
f 3033/462/3033 3044/473/3044 3034/463/3034
f 3045/474/3045 3038/467/3038 3033/462/3033
f 3045/474/3045 3033/462/3033 3032/461/3032
f 3042/471/3042 3046/475/3046 3047/476/3047
f 3042/471/3042 3047/476/3047 3029/458/3029
f 3043/472/3043 3042/471/3042 3029/458/3029
f 3043/472/3043 3029/458/3029 3028/457/3028
f 3030/459/3030 3048/477/3048 3049/478/3049
f 3030/459/3030 3049/478/3049 3036/465/3036
f 3042/471/3042 3041/470/3041 3046/475/3046
f 3029/458/3029 3047/476/3047 3048/477/3048
f 3029/458/3029 3048/477/3048 3030/459/3030
f 3036/465/3036 3038/467/3038 3045/474/3045
f 3036/465/3036 3045/474/3045 3037/466/3037
f 3049/478/3049 3039/468/3039 3038/467/3038
f 3049/478/3049 3038/467/3038 3036/465/3036
f 3050/479/3050 3051/480/3051 3052/481/3052
f 3050/479/3050 3052/481/3052 3053/482/3053
f 3054/483/3054 3055/484/3055 3056/485/3056
f 3054/483/3054 3056/485/3056 3057/486/3057
f 3053/482/3053 3052/481/3052 3058/487/3058
f 3053/482/3053 3058/487/3058 3059/488/3059
f 3060/489/3060 3061/490/3061 3062/491/3062
f 3060/489/3060 3062/491/3062 3055/484/3055
f 3063/492/3063 3064/493/3064 3065/494/3065
f 3055/484/3055 3062/491/3062 3066/495/3066
f 3055/484/3055 3066/495/3066 3056/485/3056
f 3067/496/3067 3060/489/3060 3055/484/3055
f 3067/496/3067 3055/484/3055 3054/483/3054
f 3064/493/3064 3068/497/3068 3069/498/3069
f 3064/493/3064 3069/498/3069 3051/480/3051
f 3065/494/3065 3064/493/3064 3051/480/3051
f 3065/494/3065 3051/480/3051 3050/479/3050
f 3052/481/3052 3070/499/3070 3071/500/3071
f 3052/481/3052 3071/500/3071 3058/487/3058
f 3064/493/3064 3063/492/3063 3068/497/3068
f 3051/480/3051 3069/498/3069 3070/499/3070
f 3051/480/3051 3070/499/3070 3052/481/3052
f 3058/487/3058 3060/489/3060 3067/496/3067
f 3058/487/3058 3067/496/3067 3059/488/3059
f 3071/500/3071 3061/490/3061 3060/489/3060
f 3071/500/3071 3060/489/3060 3058/487/3058
f 3072/501/3072 3073/502/3073 3074/503/3074
f 3072/501/3072 3074/503/3074 3075/504/3075
f 3076/505/3076 3077/506/3077 3078/507/3078
f 3076/505/3076 3078/507/3078 3079/508/3079
f 3075/504/3075 3074/503/3074 3080/509/3080
f 3075/504/3075 3080/509/3080 3081/510/3081
f 3082/511/3082 3083/512/3083 3084/513/3084
f 3082/511/3082 3084/513/3084 3077/506/3077
f 3085/514/3085 3086/515/3086 3087/516/3087
f 3077/506/3077 3084/513/3084 3088/517/3088
f 3077/506/3077 3088/517/3088 3078/507/3078
f 3089/518/3089 3082/511/3082 3077/506/3077
f 3089/518/3089 3077/506/3077 3076/505/3076
f 3086/515/3086 3090/519/3090 3091/520/3091
f 3086/515/3086 3091/520/3091 3073/502/3073
f 3087/516/3087 3086/515/3086 3073/502/3073
f 3087/516/3087 3073/502/3073 3072/501/3072
f 3074/503/3074 3092/521/3092 3093/522/3093
f 3074/503/3074 3093/522/3093 3080/509/3080
f 3086/515/3086 3085/514/3085 3090/519/3090
f 3073/502/3073 3091/520/3091 3092/521/3092
f 3073/502/3073 3092/521/3092 3074/503/3074
f 3080/509/3080 3082/511/3082 3089/518/3089
f 3080/509/3080 3089/518/3089 3081/510/3081
f 3093/522/3093 3083/512/3083 3082/511/3082
f 3093/522/3093 3082/511/3082 3080/509/3080
f 3094/523/3094 3095/524/3095 3096/525/3096
f 3094/523/3094 3096/525/3096 3097/526/3097
f 3098/527/3098 3099/528/3099 3100/529/3100
f 3098/527/3098 3100/529/3100 3101/530/3101
f 3095/524/3095 3102/531/3102 3103/532/3103
f 3095/524/3095 3103/532/3103 3096/525/3096
f 3104/533/3104 3101/530/3101 3105/534/3105
f 3104/533/3104 3105/534/3105 3106/535/3106
f 3107/536/3107 3108/537/3108 3109/538/3109
f 3101/530/3101 3100/529/3100 3110/539/3110
f 3101/530/3101 3110/539/3110 3105/534/3105
f 3111/540/3111 3098/527/3098 3101/530/3101
f 3111/540/3111 3101/530/3101 3104/533/3104
f 3109/538/3109 3097/526/3097 3112/541/3112
f 3109/538/3109 3112/541/3112 3113/542/3113
f 3108/537/3108 3094/523/3094 3097/526/3097
f 3108/537/3108 3097/526/3097 3109/538/3109
f 3096/525/3096 3103/532/3103 3114/543/3114
f 3096/525/3096 3114/543/3114 3115/544/3115
f 3109/538/3109 3113/542/3113 3107/536/3107
f 3097/526/3097 3096/525/3096 3115/544/3115
f 3097/526/3097 3115/544/3115 3112/541/3112
f 3103/532/3103 3102/531/3102 3111/540/3111
f 3103/532/3103 3111/540/3111 3104/533/3104
f 3114/543/3114 3103/532/3103 3104/533/3104
f 3114/543/3114 3104/533/3104 3106/535/3106
f 3116/545/3116 3117/546/3117 3118/547/3118
f 3116/545/3116 3118/547/3118 3119/548/3119
f 3120/549/3120 3121/550/3121 3122/551/3122
f 3120/549/3120 3122/551/3122 3123/552/3123
f 3119/548/3119 3118/547/3118 3124/553/3124
f 3119/548/3119 3124/553/3124 3125/554/3125
f 3126/555/3126 3127/556/3127 3128/557/3128
f 3126/555/3126 3128/557/3128 3121/550/3121
f 3129/558/3129 3130/559/3130 3131/560/3131
f 3121/550/3121 3128/557/3128 3132/561/3132
f 3121/550/3121 3132/561/3132 3122/551/3122
f 3133/562/3133 3126/555/3126 3121/550/3121
f 3133/562/3133 3121/550/3121 3120/549/3120
f 3130/559/3130 3134/563/3134 3135/564/3135
f 3130/559/3130 3135/564/3135 3117/546/3117
f 3131/560/3131 3130/559/3130 3117/546/3117
f 3131/560/3131 3117/546/3117 3116/545/3116
f 3118/547/3118 3136/565/3136 3137/566/3137
f 3118/547/3118 3137/566/3137 3124/553/3124
f 3130/559/3130 3129/558/3129 3134/563/3134
f 3117/546/3117 3135/564/3135 3136/565/3136
f 3117/546/3117 3136/565/3136 3118/547/3118
f 3124/553/3124 3126/555/3126 3133/562/3133
f 3124/553/3124 3133/562/3133 3125/554/3125
f 3137/566/3137 3127/556/3127 3126/555/3126
f 3137/566/3137 3126/555/3126 3124/553/3124
f 3138/567/3138 3139/568/3139 3140/569/3140
f 3138/567/3138 3140/569/3140 3141/570/3141
f 3142/571/3142 3143/572/3143 3144/573/3144
f 3142/571/3142 3144/573/3144 3145/574/3145
f 3141/570/3141 3140/569/3140 3146/575/3146
f 3141/570/3141 3146/575/3146 3147/576/3147
f 3148/577/3148 3149/578/3149 3150/579/3150
f 3148/577/3148 3150/579/3150 3143/572/3143
f 3151/580/3151 3152/581/3152 3153/582/3153
f 3143/572/3143 3150/579/3150 3154/583/3154
f 3143/572/3143 3154/583/3154 3144/573/3144
f 3155/584/3155 3148/577/3148 3143/572/3143
f 3155/584/3155 3143/572/3143 3142/571/3142
f 3152/581/3152 3156/585/3156 3157/586/3157
f 3152/581/3152 3157/586/3157 3139/568/3139
f 3153/582/3153 3152/581/3152 3139/568/3139
f 3153/582/3153 3139/568/3139 3138/567/3138
f 3140/569/3140 3158/587/3158 3159/588/3159
f 3140/569/3140 3159/588/3159 3146/575/3146
f 3152/581/3152 3151/580/3151 3156/585/3156
f 3139/568/3139 3157/586/3157 3158/587/3158
f 3139/568/3139 3158/587/3158 3140/569/3140
f 3146/575/3146 3148/577/3148 3155/584/3155
f 3146/575/3146 3155/584/3155 3147/576/3147
f 3159/588/3159 3149/578/3149 3148/577/3148
f 3159/588/3159 3148/577/3148 3146/575/3146
f 3160/589/3160 3161/590/3161 3162/591/3162
f 3160/589/3160 3162/591/3162 3163/592/3163
f 3164/593/3164 3165/594/3165 3166/595/3166
f 3164/593/3164 3166/595/3166 3167/596/3167
f 3163/592/3163 3162/591/3162 3168/597/3168
f 3163/592/3163 3168/597/3168 3169/598/3169
f 3170/599/3170 3171/600/3171 3172/601/3172
f 3170/599/3170 3172/601/3172 3165/594/3165
f 3173/602/3173 3174/603/3174 3175/604/3175
f 3165/594/3165 3172/601/3172 3176/605/3176
f 3165/594/3165 3176/605/3176 3166/595/3166
f 3177/606/3177 3170/599/3170 3165/594/3165
f 3177/606/3177 3165/594/3165 3164/593/3164
f 3174/603/3174 3178/607/3178 3179/608/3179
f 3174/603/3174 3179/608/3179 3161/590/3161
f 3175/604/3175 3174/603/3174 3161/590/3161
f 3175/604/3175 3161/590/3161 3160/589/3160
f 3162/591/3162 3180/609/3180 3181/610/3181
f 3162/591/3162 3181/610/3181 3168/597/3168
f 3174/603/3174 3173/602/3173 3178/607/3178
f 3161/590/3161 3179/608/3179 3180/609/3180
f 3161/590/3161 3180/609/3180 3162/591/3162
f 3168/597/3168 3170/599/3170 3177/606/3177
f 3168/597/3168 3177/606/3177 3169/598/3169
f 3181/610/3181 3171/600/3171 3170/599/3170
f 3181/610/3181 3170/599/3170 3168/597/3168
f 3182/611/3182 3183/612/3183 3184/613/3184
f 3182/611/3182 3184/613/3184 3185/614/3185
f 3186/615/3186 3187/616/3187 3188/617/3188
f 3186/615/3186 3188/617/3188 3189/618/3189
f 3185/614/3185 3184/613/3184 3190/619/3190
f 3185/614/3185 3190/619/3190 3191/620/3191
f 3192/621/3192 3193/622/3193 3194/623/3194
f 3192/621/3192 3194/623/3194 3187/616/3187
f 3195/624/3195 3196/625/3196 3197/626/3197
f 3187/616/3187 3194/623/3194 3198/627/3198
f 3187/616/3187 3198/627/3198 3188/617/3188
f 3199/628/3199 3192/621/3192 3187/616/3187
f 3199/628/3199 3187/616/3187 3186/615/3186
f 3196/625/3196 3200/629/3200 3201/630/3201
f 3196/625/3196 3201/630/3201 3183/612/3183
f 3197/626/3197 3196/625/3196 3183/612/3183
f 3197/626/3197 3183/612/3183 3182/611/3182
f 3184/613/3184 3202/631/3202 3203/632/3203
f 3184/613/3184 3203/632/3203 3190/619/3190
f 3196/625/3196 3195/624/3195 3200/629/3200
f 3183/612/3183 3201/630/3201 3202/631/3202
f 3183/612/3183 3202/631/3202 3184/613/3184
f 3190/619/3190 3192/621/3192 3199/628/3199
f 3190/619/3190 3199/628/3199 3191/620/3191
f 3203/632/3203 3193/622/3193 3192/621/3192
f 3203/632/3203 3192/621/3192 3190/619/3190
f 3204/633/3204 3205/634/3205 3206/635/3206
f 3204/633/3204 3206/635/3206 3207/636/3207
f 3208/637/3208 3209/638/3209 3210/639/3210
f 3208/637/3208 3210/639/3210 3211/640/3211
f 3205/634/3205 3212/641/3212 3213/642/3213
f 3205/634/3205 3213/642/3213 3206/635/3206
f 3214/643/3214 3211/640/3211 3215/644/3215
f 3214/643/3214 3215/644/3215 3216/645/3216
f 3217/646/3217 3218/647/3218 3219/648/3219
f 3211/640/3211 3210/639/3210 3220/649/3220
f 3211/640/3211 3220/649/3220 3215/644/3215
f 3221/650/3221 3208/637/3208 3211/640/3211
f 3221/650/3221 3211/640/3211 3214/643/3214
f 3219/648/3219 3207/636/3207 3222/651/3222
f 3219/648/3219 3222/651/3222 3223/652/3223
f 3218/647/3218 3204/633/3204 3207/636/3207
f 3218/647/3218 3207/636/3207 3219/648/3219
f 3206/635/3206 3213/642/3213 3224/653/3224
f 3206/635/3206 3224/653/3224 3225/654/3225
f 3219/648/3219 3223/652/3223 3217/646/3217
f 3207/636/3207 3206/635/3206 3225/654/3225
f 3207/636/3207 3225/654/3225 3222/651/3222
f 3213/642/3213 3212/641/3212 3221/650/3221
f 3213/642/3213 3221/650/3221 3214/643/3214
f 3224/653/3224 3213/642/3213 3214/643/3214
f 3224/653/3224 3214/643/3214 3216/645/3216
f 3226/655/3226 3227/656/3227 3228/657/3228
f 3226/655/3226 3228/657/3228 3229/658/3229
f 3230/659/3230 3231/660/3231 3232/661/3232
f 3230/659/3230 3232/661/3232 3233/662/3233
f 3229/658/3229 3228/657/3228 3234/663/3234
f 3229/658/3229 3234/663/3234 3235/664/3235
f 3236/665/3236 3237/666/3237 3238/667/3238
f 3236/665/3236 3238/667/3238 3231/660/3231
f 3239/668/3239 3240/669/3240 3241/670/3241
f 3231/660/3231 3238/667/3238 3242/671/3242
f 3231/660/3231 3242/671/3242 3232/661/3232
f 3243/672/3243 3236/665/3236 3231/660/3231
f 3243/672/3243 3231/660/3231 3230/659/3230
f 3240/669/3240 3244/673/3244 3245/674/3245
f 3240/669/3240 3245/674/3245 3227/656/3227
f 3241/670/3241 3240/669/3240 3227/656/3227
f 3241/670/3241 3227/656/3227 3226/655/3226
f 3228/657/3228 3246/675/3246 3247/676/3247
f 3228/657/3228 3247/676/3247 3234/663/3234
f 3240/669/3240 3239/668/3239 3244/673/3244
f 3227/656/3227 3245/674/3245 3246/675/3246
f 3227/656/3227 3246/675/3246 3228/657/3228
f 3234/663/3234 3236/665/3236 3243/672/3243
f 3234/663/3234 3243/672/3243 3235/664/3235
f 3247/676/3247 3237/666/3237 3236/665/3236
f 3247/676/3247 3236/665/3236 3234/663/3234
f 3248/677/3248 3249/678/3249 3250/679/3250
f 3248/677/3248 3250/679/3250 3251/680/3251
f 3252/681/3252 3253/682/3253 3254/683/3254
f 3252/681/3252 3254/683/3254 3255/684/3255
f 3251/680/3251 3250/679/3250 3256/685/3256
f 3251/680/3251 3256/685/3256 3257/686/3257
f 3258/687/3258 3259/688/3259 3260/689/3260
f 3258/687/3258 3260/689/3260 3253/682/3253
f 3261/690/3261 3262/691/3262 3263/692/3263
f 3253/682/3253 3260/689/3260 3264/693/3264
f 3253/682/3253 3264/693/3264 3254/683/3254
f 3265/694/3265 3258/687/3258 3253/682/3253
f 3265/694/3265 3253/682/3253 3252/681/3252
f 3262/691/3262 3266/695/3266 3267/696/3267
f 3262/691/3262 3267/696/3267 3249/678/3249
f 3263/692/3263 3262/691/3262 3249/678/3249
f 3263/692/3263 3249/678/3249 3248/677/3248
f 3250/679/3250 3268/697/3268 3269/698/3269
f 3250/679/3250 3269/698/3269 3256/685/3256
f 3262/691/3262 3261/690/3261 3266/695/3266
f 3249/678/3249 3267/696/3267 3268/697/3268
f 3249/678/3249 3268/697/3268 3250/679/3250
f 3256/685/3256 3258/687/3258 3265/694/3265
f 3256/685/3256 3265/694/3265 3257/686/3257
f 3269/698/3269 3259/688/3259 3258/687/3258
f 3269/698/3269 3258/687/3258 3256/685/3256
f 3270/699/3270 3271/700/3271 3272/701/3272
f 3270/699/3270 3272/701/3272 3273/702/3273
f 3274/703/3274 3275/704/3275 3276/705/3276
f 3274/703/3274 3276/705/3276 3277/706/3277
f 3273/702/3273 3272/701/3272 3278/707/3278
f 3273/702/3273 3278/707/3278 3279/708/3279
f 3280/709/3280 3281/710/3281 3282/711/3282
f 3280/709/3280 3282/711/3282 3275/704/3275
f 3283/712/3283 3284/713/3284 3285/714/3285
f 3275/704/3275 3282/711/3282 3286/715/3286
f 3275/704/3275 3286/715/3286 3276/705/3276
f 3287/716/3287 3280/709/3280 3275/704/3275
f 3287/716/3287 3275/704/3275 3274/703/3274
f 3284/713/3284 3288/717/3288 3289/718/3289
f 3284/713/3284 3289/718/3289 3271/700/3271
f 3285/714/3285 3284/713/3284 3271/700/3271
f 3285/714/3285 3271/700/3271 3270/699/3270
f 3272/701/3272 3290/719/3290 3291/720/3291
f 3272/701/3272 3291/720/3291 3278/707/3278
f 3284/713/3284 3283/712/3283 3288/717/3288
f 3271/700/3271 3289/718/3289 3290/719/3290
f 3271/700/3271 3290/719/3290 3272/701/3272
f 3278/707/3278 3280/709/3280 3287/716/3287
f 3278/707/3278 3287/716/3287 3279/708/3279
f 3291/720/3291 3281/710/3281 3280/709/3280
f 3291/720/3291 3280/709/3280 3278/707/3278
f 3292/721/3292 3293/722/3293 3294/723/3294
f 3292/721/3292 3294/723/3294 3295/724/3295
f 3296/725/3296 3297/726/3297 3298/727/3298
f 3296/725/3296 3298/727/3298 3299/728/3299
f 3295/724/3295 3294/723/3294 3300/729/3300
f 3295/724/3295 3300/729/3300 3301/730/3301
f 3302/731/3302 3303/732/3303 3304/733/3304
f 3302/731/3302 3304/733/3304 3297/726/3297
f 3305/734/3305 3306/735/3306 3307/736/3307
f 3297/726/3297 3304/733/3304 3308/737/3308
f 3297/726/3297 3308/737/3308 3298/727/3298
f 3309/738/3309 3302/731/3302 3297/726/3297
f 3309/738/3309 3297/726/3297 3296/725/3296
f 3306/735/3306 3310/739/3310 3311/740/3311
f 3306/735/3306 3311/740/3311 3293/722/3293
f 3307/736/3307 3306/735/3306 3293/722/3293
f 3307/736/3307 3293/722/3293 3292/721/3292
f 3294/723/3294 3312/741/3312 3313/742/3313
f 3294/723/3294 3313/742/3313 3300/729/3300
f 3306/735/3306 3305/734/3305 3310/739/3310
f 3293/722/3293 3311/740/3311 3312/741/3312
f 3293/722/3293 3312/741/3312 3294/723/3294
f 3300/729/3300 3302/731/3302 3309/738/3309
f 3300/729/3300 3309/738/3309 3301/730/3301
f 3313/742/3313 3303/732/3303 3302/731/3302
f 3313/742/3313 3302/731/3302 3300/729/3300
f 3314/743/3314 3315/744/3315 3316/745/3316
f 3314/743/3314 3316/745/3316 3317/746/3317
f 3318/747/3318 3319/748/3319 3320/749/3320
f 3318/747/3318 3320/749/3320 3321/750/3321
f 3315/744/3315 3322/751/3322 3323/752/3323
f 3315/744/3315 3323/752/3323 3316/745/3316
f 3324/753/3324 3321/750/3321 3325/754/3325
f 3324/753/3324 3325/754/3325 3326/755/3326
f 3327/756/3327 3328/757/3328 3329/758/3329
f 3321/750/3321 3320/749/3320 3330/759/3330
f 3321/750/3321 3330/759/3330 3325/754/3325
f 3331/760/3331 3318/747/3318 3321/750/3321
f 3331/760/3331 3321/750/3321 3324/753/3324
f 3329/758/3329 3317/746/3317 3332/761/3332
f 3329/758/3329 3332/761/3332 3333/762/3333
f 3328/757/3328 3314/743/3314 3317/746/3317
f 3328/757/3328 3317/746/3317 3329/758/3329
f 3316/745/3316 3323/752/3323 3334/763/3334
f 3316/745/3316 3334/763/3334 3335/764/3335
f 3329/758/3329 3333/762/3333 3327/756/3327
f 3317/746/3317 3316/745/3316 3335/764/3335
f 3317/746/3317 3335/764/3335 3332/761/3332
f 3323/752/3323 3322/751/3322 3331/760/3331
f 3323/752/3323 3331/760/3331 3324/753/3324
f 3334/763/3334 3323/752/3323 3324/753/3324
f 3334/763/3334 3324/753/3324 3326/755/3326
f 3336/765/3336 3337/766/3337 3338/767/3338
f 3336/765/3336 3338/767/3338 3339/768/3339
f 3340/769/3340 3341/770/3341 3342/771/3342
f 3340/769/3340 3342/771/3342 3343/772/3343
f 3339/768/3339 3338/767/3338 3344/773/3344
f 3339/768/3339 3344/773/3344 3345/774/3345
f 3346/775/3346 3347/776/3347 3348/777/3348
f 3346/775/3346 3348/777/3348 3341/770/3341
f 3349/778/3349 3350/779/3350 3351/780/3351
f 3341/770/3341 3348/777/3348 3352/781/3352
f 3341/770/3341 3352/781/3352 3342/771/3342
f 3353/782/3353 3346/775/3346 3341/770/3341
f 3353/782/3353 3341/770/3341 3340/769/3340
f 3350/779/3350 3354/783/3354 3355/784/3355
f 3350/779/3350 3355/784/3355 3337/766/3337
f 3351/780/3351 3350/779/3350 3337/766/3337
f 3351/780/3351 3337/766/3337 3336/765/3336
f 3338/767/3338 3356/785/3356 3357/786/3357
f 3338/767/3338 3357/786/3357 3344/773/3344
f 3350/779/3350 3349/778/3349 3354/783/3354
f 3337/766/3337 3355/784/3355 3356/785/3356
f 3337/766/3337 3356/785/3356 3338/767/3338
f 3344/773/3344 3346/775/3346 3353/782/3353
f 3344/773/3344 3353/782/3353 3345/774/3345
f 3357/786/3357 3347/776/3347 3346/775/3346
f 3357/786/3357 3346/775/3346 3344/773/3344
f 3358/787/3358 3359/788/3359 3360/789/3360
f 3358/787/3358 3360/789/3360 3361/790/3361
f 3362/791/3362 3363/792/3363 3364/793/3364
f 3362/791/3362 3364/793/3364 3365/794/3365
f 3361/790/3361 3360/789/3360 3366/795/3366
f 3361/790/3361 3366/795/3366 3367/796/3367
f 3368/797/3368 3369/798/3369 3370/799/3370
f 3368/797/3368 3370/799/3370 3363/792/3363
f 3371/800/3371 3372/801/3372 3373/802/3373
f 3363/792/3363 3370/799/3370 3374/803/3374
f 3363/792/3363 3374/803/3374 3364/793/3364
f 3375/804/3375 3368/797/3368 3363/792/3363
f 3375/804/3375 3363/792/3363 3362/791/3362
f 3372/801/3372 3376/805/3376 3377/806/3377
f 3372/801/3372 3377/806/3377 3359/788/3359
f 3373/802/3373 3372/801/3372 3359/788/3359
f 3373/802/3373 3359/788/3359 3358/787/3358
f 3360/789/3360 3378/807/3378 3379/808/3379
f 3360/789/3360 3379/808/3379 3366/795/3366
f 3372/801/3372 3371/800/3371 3376/805/3376
f 3359/788/3359 3377/806/3377 3378/807/3378
f 3359/788/3359 3378/807/3378 3360/789/3360
f 3366/795/3366 3368/797/3368 3375/804/3375
f 3366/795/3366 3375/804/3375 3367/796/3367
f 3379/808/3379 3369/798/3369 3368/797/3368
f 3379/808/3379 3368/797/3368 3366/795/3366
f 3380/809/3380 3381/810/3381 3382/811/3382
f 3380/809/3380 3382/811/3382 3383/812/3383
f 3384/813/3384 3385/814/3385 3386/815/3386
f 3384/813/3384 3386/815/3386 3387/816/3387
f 3383/812/3383 3382/811/3382 3388/817/3388
f 3383/812/3383 3388/817/3388 3389/818/3389
f 3390/819/3390 3391/820/3391 3392/821/3392
f 3390/819/3390 3392/821/3392 3385/814/3385
f 3393/822/3393 3394/823/3394 3395/824/3395
f 3385/814/3385 3392/821/3392 3396/825/3396
f 3385/814/3385 3396/825/3396 3386/815/3386
f 3397/826/3397 3390/819/3390 3385/814/3385
f 3397/826/3397 3385/814/3385 3384/813/3384
f 3394/823/3394 3398/827/3398 3399/828/3399
f 3394/823/3394 3399/828/3399 3381/810/3381
f 3395/824/3395 3394/823/3394 3381/810/3381
f 3395/824/3395 3381/810/3381 3380/809/3380
f 3382/811/3382 3400/829/3400 3401/830/3401
f 3382/811/3382 3401/830/3401 3388/817/3388
f 3394/823/3394 3393/822/3393 3398/827/3398
f 3381/810/3381 3399/828/3399 3400/829/3400
f 3381/810/3381 3400/829/3400 3382/811/3382
f 3388/817/3388 3390/819/3390 3397/826/3397
f 3388/817/3388 3397/826/3397 3389/818/3389
f 3401/830/3401 3391/820/3391 3390/819/3390
f 3401/830/3401 3390/819/3390 3388/817/3388
f 3402/831/3402 3403/832/3403 3404/833/3404
f 3402/831/3402 3404/833/3404 3405/834/3405
f 3406/835/3406 3407/836/3407 3408/837/3408
f 3406/835/3406 3408/837/3408 3409/838/3409
f 3405/834/3405 3404/833/3404 3410/839/3410
f 3405/834/3405 3410/839/3410 3411/840/3411
f 3412/841/3412 3413/842/3413 3414/843/3414
f 3412/841/3412 3414/843/3414 3407/836/3407
f 3415/844/3415 3416/845/3416 3417/846/3417
f 3407/836/3407 3414/843/3414 3418/847/3418
f 3407/836/3407 3418/847/3418 3408/837/3408
f 3419/848/3419 3412/841/3412 3407/836/3407
f 3419/848/3419 3407/836/3407 3406/835/3406
f 3416/845/3416 3420/849/3420 3421/850/3421
f 3416/845/3416 3421/850/3421 3403/832/3403
f 3417/846/3417 3416/845/3416 3403/832/3403
f 3417/846/3417 3403/832/3403 3402/831/3402
f 3404/833/3404 3422/851/3422 3423/852/3423
f 3404/833/3404 3423/852/3423 3410/839/3410
f 3416/845/3416 3415/844/3415 3420/849/3420
f 3403/832/3403 3421/850/3421 3422/851/3422
f 3403/832/3403 3422/851/3422 3404/833/3404
f 3410/839/3410 3412/841/3412 3419/848/3419
f 3410/839/3410 3419/848/3419 3411/840/3411
f 3423/852/3423 3413/842/3413 3412/841/3412
f 3423/852/3423 3412/841/3412 3410/839/3410
f 3424/853/3424 3425/854/3425 3426/855/3426
f 3424/853/3424 3426/855/3426 3427/856/3427
f 3428/857/3428 3429/858/3429 3430/859/3430
f 3428/857/3428 3430/859/3430 3431/860/3431
f 3425/854/3425 3432/861/3432 3433/862/3433
f 3425/854/3425 3433/862/3433 3426/855/3426
f 3434/863/3434 3431/860/3431 3435/864/3435
f 3434/863/3434 3435/864/3435 3436/865/3436
f 3437/866/3437 3438/867/3438 3439/868/3439
f 3431/860/3431 3430/859/3430 3440/869/3440
f 3431/860/3431 3440/869/3440 3435/864/3435
f 3441/870/3441 3428/857/3428 3431/860/3431
f 3441/870/3441 3431/860/3431 3434/863/3434
f 3439/868/3439 3427/856/3427 3442/871/3442
f 3439/868/3439 3442/871/3442 3443/872/3443
f 3438/867/3438 3424/853/3424 3427/856/3427
f 3438/867/3438 3427/856/3427 3439/868/3439
f 3426/855/3426 3433/862/3433 3444/873/3444
f 3426/855/3426 3444/873/3444 3445/874/3445
f 3439/868/3439 3443/872/3443 3437/866/3437
f 3427/856/3427 3426/855/3426 3445/874/3445
f 3427/856/3427 3445/874/3445 3442/871/3442
f 3433/862/3433 3432/861/3432 3441/870/3441
f 3433/862/3433 3441/870/3441 3434/863/3434
f 3444/873/3444 3433/862/3433 3434/863/3434
f 3444/873/3444 3434/863/3434 3436/865/3436
