# RedwoodSnag_A -- composed by tools/bake-assets.mjs from the CC0 packs in vendor/.
# Geometry is theirs; the arrangement is ours. Do not edit by hand.
mtllib RedwoodSnag_A.mtl
o RedwoodSnag_A
v -0.04431 0.80230 -0.01737
v -0.03840 0.78717 -0.01826
v -0.03834 0.78812 -0.01946
v -0.04427 0.80333 -0.01842
v -0.04854 0.81273 -0.01784
v -0.04998 0.81563 -0.01697
v -0.04880 0.80988 -0.01665
v -0.04470 0.79942 -0.01669
v -0.03884 0.78402 -0.01746
v -0.04571 0.79491 -0.01884
v -0.03994 0.77838 -0.01986
v -0.04002 0.77727 -0.01869
v -0.04578 0.79375 -0.01781
v -0.04954 0.80600 -0.01742
v -0.05091 0.81071 -0.01794
v -0.04926 0.80896 -0.01858
v -0.04529 0.79792 -0.01949
v -0.03947 0.78169 -0.02064
v -0.04531 0.79591 -0.01697
v -0.03952 0.77994 -0.01774
v -0.05060 0.81124 -0.01670
v -0.04470 0.80130 -0.01924
v -0.03882 0.78561 -0.02038
v -0.05029 0.81510 -0.01821
v -0.01833 0.78561 -0.04313
v -0.01053 0.74648 -0.03662
v -0.01196 0.74321 -0.03489
v -0.01974 0.78265 -0.04154
v -0.02812 0.82289 -0.04830
v -0.02661 0.82513 -0.04969
v -0.02499 0.83074 -0.05001
v -0.01680 0.79223 -0.04356
v -0.00899 0.75369 -0.03708
v -0.01786 0.80022 -0.03846
v -0.01003 0.76226 -0.03157
v -0.00862 0.76524 -0.03338
v -0.01646 0.80292 -0.04014
v -0.02467 0.84062 -0.04685
v -0.02617 0.83863 -0.04537
v -0.02778 0.83326 -0.04498
v -0.01938 0.79387 -0.03795
v -0.01157 0.75534 -0.03101
v -0.01614 0.79912 -0.04220
v -0.00831 0.76116 -0.03561
v -0.02431 0.83695 -0.04873
v -0.02005 0.78671 -0.03940
v -0.01226 0.74758 -0.03257
v -0.02847 0.82680 -0.04634
v -0.06845 0.95587 -0.06741
v -0.05920 0.93179 -0.06366
v -0.05961 0.92756 -0.06448
v -0.06877 0.95229 -0.06808
v -0.07314 0.96372 -0.06944
v -0.07442 0.97017 -0.06959
v -0.07302 0.96748 -0.06823
v -0.06860 0.95770 -0.06635
v -0.05940 0.93407 -0.06240
v -0.07029 0.94886 -0.06586
v -0.06163 0.92404 -0.06191
v -0.06122 0.92842 -0.06103
v -0.06997 0.95257 -0.06515
v -0.07392 0.96378 -0.06739
v -0.07555 0.96522 -0.06851
v -0.07405 0.95990 -0.06864
v -0.07015 0.94690 -0.06697
v -0.06144 0.92159 -0.06322
v -0.06949 0.94867 -0.06782
v -0.06056 0.92347 -0.06421
v -0.07507 0.96524 -0.06984
v -0.06925 0.95606 -0.06545
v -0.06027 0.93236 -0.06136
v -0.07491 0.97015 -0.06827
v -0.03135 0.85706 -0.04853
v -0.02983 0.85888 -0.04995
v -0.03599 0.87410 -0.05240
v -0.03740 0.87224 -0.05102
v -0.03891 0.86723 -0.05065
v -0.03297 0.85195 -0.04817
v -0.03177 0.84393 -0.05273
v -0.03329 0.84187 -0.05139
v -0.03922 0.85757 -0.05374
v -0.03780 0.85967 -0.05504
v -0.03628 0.86490 -0.05534
v -0.03014 0.84927 -0.05302
v -0.03365 0.84572 -0.04950
v -0.03955 0.86121 -0.05192
v -0.02946 0.85527 -0.05177
v -0.03565 0.87069 -0.05415
v -0.07686 0.97280 -0.06986
v -0.04835 0.90088 -0.05592
v -0.04719 0.90269 -0.05715
v -0.04960 0.89634 -0.05557
v -0.04870 0.88999 -0.05941
v -0.04986 0.88798 -0.05825
v -0.04744 0.89472 -0.05970
v -0.05013 0.89107 -0.05666
v -0.04691 0.89979 -0.05867
v -0.05129 0.93556 -0.08916
v -0.04660 0.91651 -0.08090
v -0.04739 0.91257 -0.08107
v -0.05194 0.93224 -0.08928
v -0.05415 0.94222 -0.09289
v -0.05446 0.94764 -0.09416
v -0.05364 0.94715 -0.09247
v -0.05121 0.93933 -0.08868
v -0.04651 0.92110 -0.08035
v -0.05353 0.93733 -0.08771
v -0.04940 0.91911 -0.07938
v -0.04858 0.92326 -0.07919
v -0.05287 0.94083 -0.08757
v -0.05477 0.94806 -0.09167
v -0.05591 0.94862 -0.09310
v -0.05530 0.94296 -0.09210
v -0.05364 0.93339 -0.08820
v -0.04951 0.91431 -0.07995
v -0.05292 0.93160 -0.08884
v -0.04860 0.91198 -0.08063
v -0.05552 0.94491 -0.09390
v -0.05191 0.94129 -0.08802
v -0.04739 0.92364 -0.07965
v -0.05485 0.95135 -0.09336
v -0.03272 0.86660 -0.05305
v -0.03079 0.85934 -0.05008
v -0.02937 0.85504 -0.05086
v -0.03131 0.86236 -0.05386
v -0.03452 0.87466 -0.05922
v -0.03585 0.87862 -0.05841
v -0.03761 0.87847 -0.05794
v -0.03458 0.86652 -0.05261
v -0.03266 0.85933 -0.04967
v -0.03451 0.84938 -0.05450
v -0.03258 0.84213 -0.05153
v -0.03404 0.84611 -0.05079
v -0.03595 0.85330 -0.05372
v -0.03893 0.86581 -0.05901
v -0.03757 0.86215 -0.05980
v -0.03578 0.86260 -0.06024
v -0.03262 0.84977 -0.05492
v -0.03068 0.84245 -0.05192
v -0.03581 0.86056 -0.05296
v -0.03390 0.85339 -0.05003
v -0.03879 0.87273 -0.05827
v -0.03142 0.85543 -0.05459
v -0.02947 0.84808 -0.05158
v -0.03463 0.86804 -0.05994
v -0.05610 0.95202 -0.09537
v -0.04139 0.90019 -0.06852
v -0.04027 0.89689 -0.06929
v -0.04289 0.89993 -0.06806
v -0.04288 0.88592 -0.06973
v -0.04403 0.88897 -0.06898
v -0.04135 0.88644 -0.07017
v -0.04390 0.89491 -0.06832
v -0.04037 0.89120 -0.06993
v -0.00994 0.65740 -0.01529
v -0.01047 0.59140 -0.00242
v -0.00917 0.60117 -0.00002
v -0.00877 0.66627 -0.01312
v -0.00773 0.71850 -0.02391
v -0.00870 0.71079 -0.02578
v -0.00816 0.70509 -0.02820
v -0.00927 0.65076 -0.01808
v -0.00971 0.58408 -0.00549
v -0.00259 0.66630 -0.01775
v -0.00226 0.60118 -0.00514
v -0.00355 0.59181 -0.00740
v -0.00374 0.65780 -0.01981
v -0.00361 0.71143 -0.02972
v -0.00265 0.71882 -0.02795
v -0.00320 0.72421 -0.02563
v -0.00327 0.67257 -0.01508
v -0.00302 0.60809 -0.00219
v -0.00594 0.67194 -0.01329
v -0.00601 0.60741 -0.00022
v -0.00540 0.72354 -0.02407
v -0.00659 0.65176 -0.01975
v -0.00672 0.58517 -0.00734
v -0.00595 0.70607 -0.02966
v -0.00897 0.73156 -0.02979
v -0.00817 0.73920 -0.02810
v -0.00857 0.72663 -0.03213
v -0.00418 0.74242 -0.03238
v -0.00498 0.73507 -0.03397
v -0.00459 0.74705 -0.03014
v -0.00632 0.74517 -0.02847
v -0.00684 0.72881 -0.03370
v -0.00805 0.74694 -0.02881
v -0.00446 0.74310 -0.03022
v -0.00453 0.74352 -0.03215
v -0.00816 0.74741 -0.03074
v -0.01367 0.75338 -0.02878
v -0.01353 0.75288 -0.02692
v -0.01382 0.74835 -0.02550
v -0.00840 0.74232 -0.02733
v -0.00484 0.73852 -0.02873
v -0.00987 0.73031 -0.03061
v -0.00627 0.72647 -0.03202
v -0.00624 0.72575 -0.03011
v -0.00979 0.72954 -0.02871
v -0.01517 0.73599 -0.02684
v -0.01528 0.73679 -0.02866
v -0.01495 0.74161 -0.03005
v -0.00949 0.73524 -0.03205
v -0.00586 0.73135 -0.03347
v -0.00914 0.73503 -0.02746
v -0.00560 0.73125 -0.02886
v -0.01453 0.74128 -0.02563
v -0.00878 0.74223 -0.03196
v -0.00514 0.73832 -0.03338
v -0.01428 0.74839 -0.02996
v -0.05226 0.81802 -0.01724
v -0.03540 0.77936 -0.01944
v -0.03147 0.77319 -0.02127
v -0.03165 0.77379 -0.02270
v -0.03546 0.78013 -0.02075
v -0.03572 0.77597 -0.01851
v -0.03166 0.76950 -0.02019
v -0.03689 0.76889 -0.02096
v -0.03291 0.76082 -0.02271
v -0.03276 0.76000 -0.02130
v -0.03687 0.76793 -0.01968
v -0.03655 0.77247 -0.02187
v -0.03270 0.76474 -0.02376
v -0.03634 0.77123 -0.01873
v -0.03222 0.76400 -0.02033
v -0.03596 0.77702 -0.02168
v -0.03217 0.77001 -0.02364
v -0.00149 0.87568 -0.05926
v -0.00426 0.85723 -0.05465
v -0.00408 0.85444 -0.05515
v -0.00132 0.87350 -0.05972
v -0.00022 0.88267 -0.06185
v 0.00010 0.88713 -0.06228
v -0.00072 0.88539 -0.06142
v -0.00201 0.87757 -0.05911
v -0.00485 0.85967 -0.05451
v -0.00288 0.87453 -0.06046
v -0.00593 0.85584 -0.05609
v -0.00613 0.85860 -0.05561
v -0.00307 0.87669 -0.06002
v -0.00145 0.88478 -0.06204
v -0.00082 0.88636 -0.06307
v -0.00093 0.88208 -0.06246
v -0.00233 0.87266 -0.06059
v -0.00530 0.85342 -0.05620
v -0.00266 0.87780 -0.05947
v -0.00563 0.86000 -0.05496
v -0.00070 0.88845 -0.06239
v -0.00171 0.87240 -0.06025
v -0.00456 0.85306 -0.05578
v -0.00002 0.88505 -0.06296
v -0.01306 0.79752 -0.04003
v -0.01405 0.78987 -0.03843
v -0.01389 0.78523 -0.03902
v -0.01288 0.79294 -0.04065
v -0.01110 0.80584 -0.04357
v -0.01128 0.81014 -0.04296
v -0.01206 0.81395 -0.04286
v -0.01385 0.80158 -0.03995
v -0.01483 0.79399 -0.03836
v -0.01552 0.79546 -0.04216
v -0.01651 0.78781 -0.04055
v -0.01672 0.79241 -0.03999
v -0.01574 0.80000 -0.04158
v -0.01386 0.81244 -0.04442
v -0.01364 0.80818 -0.04499
v -0.01282 0.80440 -0.04506
v -0.01468 0.79144 -0.04220
v -0.01569 0.78373 -0.04057
v -0.01496 0.80222 -0.04066
v -0.01594 0.79465 -0.03907
v -0.01313 0.81454 -0.04353
v -0.01361 0.79076 -0.04153
v -0.01462 0.78303 -0.03990
v -0.01180 0.80378 -0.04442
v 0.00025 0.89063 -0.06361
v -0.00794 0.83271 -0.04853
v -0.00776 0.82911 -0.04909
v -0.00863 0.83589 -0.04840
v -0.00998 0.83101 -0.05028
v -0.01020 0.83458 -0.04976
v -0.00925 0.82786 -0.05037
v -0.00956 0.83636 -0.04897
v -0.00835 0.82736 -0.04984
v -0.03483 0.97341 -0.08626
v -0.03676 0.96416 -0.08409
v -0.03659 0.96211 -0.08442
v -0.03467 0.97168 -0.08657
v -0.03346 0.97829 -0.08807
v -0.03311 0.98161 -0.08836
v -0.03386 0.98049 -0.08782
v -0.03522 0.97496 -0.08622
v -0.03719 0.96599 -0.08407
v -0.03573 0.97264 -0.08734
v -0.03778 0.96327 -0.08532
v -0.03797 0.96531 -0.08501
v -0.03591 0.97436 -0.08705
v -0.03433 0.98009 -0.08839
v -0.03370 0.98109 -0.08908
v -0.03391 0.97790 -0.08862
v -0.03532 0.97111 -0.08736
v -0.03733 0.96146 -0.08532
v -0.03566 0.97520 -0.08658
v -0.03768 0.96629 -0.08448
v -0.03368 0.98273 -0.08856
v -0.03490 0.97085 -0.08702
v -0.03686 0.96114 -0.08493
v -0.03313 0.97997 -0.08888
v -0.03878 0.95749 -0.08418
v -0.03996 0.94768 -0.08246
v -0.04017 0.95006 -0.08211
v -0.03897 0.95968 -0.08386
v -0.03831 0.95555 -0.08417
v -0.03945 0.94558 -0.08245
v -0.03867 0.96075 -0.08330
v -0.03983 0.95125 -0.08152
v -0.03926 0.95094 -0.08105
v -0.03814 0.96043 -0.08286
v -0.03781 0.95521 -0.08376
v -0.03890 0.94525 -0.08200
v -0.03752 0.95626 -0.08322
v -0.03859 0.94642 -0.08144
v -0.03278 0.98413 -0.08936
v -0.03770 0.95847 -0.08288
v -0.03878 0.94882 -0.08107
v -0.04114 0.92771 -0.07711
v -0.04414 0.90087 -0.07207
v -0.04388 0.89750 -0.07255
v -0.04092 0.92488 -0.07752
v -0.04171 0.93016 -0.07709
v -0.04482 0.90375 -0.07205
v -0.04129 0.92345 -0.07817
v -0.04433 0.89574 -0.07329
v -0.04510 0.89606 -0.07388
v -0.04194 0.92378 -0.07868
v -0.04238 0.93046 -0.07762
v -0.04562 0.90403 -0.07267
v -0.04278 0.92901 -0.07830
v -0.04610 0.90224 -0.07345
v -0.04253 0.92621 -0.07869
v -0.04581 0.89890 -0.07389
v -0.07901 0.91012 -0.05683
v -0.07532 0.90873 -0.05685
v -0.07528 0.90930 -0.05746
v -0.07900 0.91064 -0.05738
v -0.08153 0.91111 -0.05731
v -0.08240 0.91114 -0.05695
v -0.08155 0.90954 -0.05670
v -0.07907 0.90842 -0.05649
v -0.07541 0.90683 -0.05645
v -0.07918 0.90542 -0.05761
v -0.07550 0.90339 -0.05773
v -0.07555 0.90273 -0.05713
v -0.07919 0.90482 -0.05708
v -0.08164 0.90707 -0.05711
v -0.08251 0.90801 -0.05746
v -0.08162 0.90871 -0.05771
v -0.07912 0.90720 -0.05795
v -0.07541 0.90539 -0.05811
v -0.07914 0.90624 -0.05664
v -0.07551 0.90435 -0.05663
v -0.08246 0.90853 -0.05681
v -0.07905 0.90930 -0.05781
v -0.07532 0.90777 -0.05795
v -0.08246 0.91061 -0.05759
v -0.07342 0.90292 -0.05790
v -0.07025 0.90365 -0.05840
v -0.07032 0.90288 -0.05771
v -0.07348 0.90221 -0.05727
v -0.07331 0.90504 -0.05830
v -0.07013 0.90596 -0.05883
v -0.07344 0.90394 -0.05673
v -0.07029 0.90473 -0.05713
v -0.07019 0.90758 -0.05693
v -0.07334 0.90657 -0.05654
v -0.07321 0.90757 -0.05813
v -0.07004 0.90869 -0.05865
v -0.07318 0.90919 -0.05761
v -0.07001 0.91043 -0.05808
v -0.08358 0.91018 -0.05720
v -0.07324 0.90859 -0.05696
v -0.07008 0.90977 -0.05738
v -0.06317 0.91236 -0.05829
v -0.05439 0.91564 -0.05944
v -0.05426 0.91661 -0.06041
v -0.06307 0.91316 -0.05911
v -0.06330 0.90978 -0.05777
v -0.05454 0.91259 -0.05883
v -0.06308 0.91114 -0.05976
v -0.05425 0.91426 -0.06118
v -0.05433 0.91052 -0.06144
v -0.06317 0.90797 -0.05998
v -0.06339 0.90648 -0.05801
v -0.05462 0.90870 -0.05912
v -0.06341 0.90434 -0.05868
v -0.05461 0.90619 -0.05992
v -0.06331 0.90526 -0.05948
v -0.05448 0.90731 -0.06086
v -0.06475 0.98761 -0.07331
v -0.06372 0.97631 -0.07113
v -0.06326 0.97556 -0.07153
v -0.06435 0.98704 -0.07368
v -0.06518 0.99458 -0.07517
v -0.06568 0.99764 -0.07542
v -0.06582 0.99466 -0.07481
v -0.06528 0.98730 -0.07319
v -0.06432 0.97606 -0.07101
v -0.06529 0.98407 -0.07428
v -0.06433 0.97228 -0.07223
v -0.06480 0.97297 -0.07185
v -0.06569 0.98458 -0.07393
v -0.06610 0.99280 -0.07532
v -0.06604 0.99529 -0.07606
v -0.06546 0.99278 -0.07566
v -0.06475 0.98445 -0.07439
v -0.06371 0.97261 -0.07234
v -0.06564 0.98597 -0.07348
v -0.06474 0.97459 -0.07135
v -0.06626 0.99645 -0.07551
v -0.06440 0.98571 -0.07412
v -0.06331 0.97401 -0.07202
v -0.06545 0.99647 -0.07597
v -0.06360 0.96583 -0.07111
v -0.06209 0.95651 -0.06948
v -0.06263 0.95733 -0.06906
v -0.06410 0.96659 -0.07071
v -0.06294 0.96615 -0.07121
v -0.06137 0.95686 -0.06959
v -0.06404 0.96833 -0.07018
v -0.06257 0.95925 -0.06849
v -0.06210 0.96097 -0.06811
v -0.06360 0.96990 -0.06982
v -0.06251 0.96764 -0.07087
v -0.06091 0.95850 -0.06923
v -0.06247 0.96930 -0.07036
v -0.06087 0.96033 -0.06869
v -0.06614 1.00000 -0.07639
v -0.06295 0.97014 -0.06995
v -0.06140 0.96124 -0.06824
v -0.05800 0.94178 -0.06452
v -0.05368 0.91703 -0.05978
v -0.05294 0.91574 -0.06037
v -0.05738 0.94070 -0.06503
v -0.05882 0.94144 -0.06436
v -0.05465 0.91661 -0.05960
v -0.05742 0.93851 -0.06565
v -0.05297 0.91310 -0.06108
v -0.05358 0.91071 -0.06155
v -0.05794 0.93654 -0.06605
v -0.05936 0.93937 -0.06480
v -0.05527 0.91409 -0.06010
v -0.05941 0.93708 -0.06544
v -0.05532 0.91133 -0.06085
v -0.05877 0.93610 -0.06592
v -0.05456 0.91016 -0.06140
v -0.01721 0.90365 -0.06196
v -0.01655 0.89266 -0.05981
v -0.01611 0.89179 -0.06016
v -0.01683 0.90298 -0.06229
v -0.01741 0.91036 -0.06376
v -0.01781 0.91340 -0.06404
v -0.01803 0.91062 -0.06346
v -0.01773 0.90350 -0.06187
v -0.01714 0.89259 -0.05972
v -0.01774 0.90039 -0.06291
v -0.01715 0.88895 -0.06088
v -0.01760 0.88974 -0.06055
v -0.01813 0.90100 -0.06259
v -0.01830 0.90891 -0.06395
v -0.01816 0.91123 -0.06467
v -0.01767 0.90870 -0.06424
v -0.01721 0.90060 -0.06298
v -0.01655 0.88908 -0.06095
v -0.01808 0.90233 -0.06216
v -0.01754 0.89129 -0.06006
v -0.01838 0.91243 -0.06415
v -0.01687 0.90171 -0.06270
v -0.01615 0.89032 -0.06062
v -0.01758 0.91220 -0.06455
v -0.01663 0.88263 -0.05976
v -0.01544 0.87336 -0.05811
v -0.01596 0.87432 -0.05774
v -0.01711 0.88351 -0.05941
v -0.01599 0.88274 -0.05982
v -0.01474 0.87350 -0.05818
v -0.01705 0.88517 -0.05890
v -0.01590 0.87615 -0.05720
v -0.01545 0.87768 -0.05681
v -0.01662 0.88656 -0.05854
v -0.01557 0.88405 -0.05948
v -0.01430 0.87495 -0.05781
v -0.01553 0.88564 -0.05899
v -0.01425 0.87670 -0.05729
v -0.01815 0.91575 -0.06499
v -0.01600 0.88660 -0.05862
v -0.01477 0.87773 -0.05690
v -0.01208 0.85834 -0.05313
v -0.00866 0.83369 -0.04834
v -0.00794 0.83222 -0.04885
v -0.01147 0.85712 -0.05358
v -0.01287 0.85826 -0.05303
v -0.00959 0.83356 -0.04822
v -0.01151 0.85502 -0.05417
v -0.00797 0.82969 -0.04953
v -0.00857 0.82756 -0.05001
v -0.01203 0.85327 -0.05458
v -0.01339 0.85641 -0.05347
v -0.01020 0.83132 -0.04872
v -0.01345 0.85422 -0.05408
v -0.01026 0.82867 -0.04943
v -0.01283 0.85309 -0.05451
v -0.00952 0.82732 -0.04992
v 0.00620 0.84705 -0.02157
v 0.00823 0.81926 -0.02083
v 0.00879 0.81891 -0.02188
v 0.00664 0.84727 -0.02256
v 0.00477 0.86542 -0.02295
v 0.00394 0.87162 -0.02244
v 0.00385 0.86439 -0.02192
v 0.00530 0.84608 -0.02106
v 0.00719 0.81889 -0.02034
v 0.00435 0.84408 -0.02346
v 0.00630 0.81639 -0.02311
v 0.00571 0.81669 -0.02209
v 0.00388 0.84380 -0.02251
v 0.00288 0.86283 -0.02292
v 0.00272 0.86965 -0.02370
v 0.00383 0.86391 -0.02392
v 0.00529 0.84510 -0.02394
v 0.00738 0.81681 -0.02355
v 0.00436 0.84473 -0.02154
v 0.00618 0.81778 -0.02097
v 0.00274 0.86986 -0.02241
v 0.00619 0.84639 -0.02349
v 0.00836 0.81787 -0.02297
v 0.00393 0.87141 -0.02373
v -0.00363 0.68782 -0.01642
v -0.00514 0.67313 -0.01607
v -0.00403 0.66830 -0.01712
v -0.00250 0.68312 -0.01747
v -0.00003 0.70547 -0.01812
v -0.00114 0.70986 -0.01710
v -0.00259 0.71437 -0.01721
v -0.00510 0.69265 -0.01654
v -0.00659 0.67809 -0.01620
v -0.00501 0.68832 -0.02109
v -0.00652 0.67363 -0.02074
v -0.00765 0.67847 -0.01978
v -0.00616 0.69303 -0.02013
v -0.00361 0.71474 -0.02068
v -0.00247 0.71034 -0.02161
v -0.00100 0.70582 -0.02142
v -0.00351 0.68349 -0.02089
v -0.00504 0.66867 -0.02053
v -0.00607 0.69443 -0.01820
v -0.00755 0.67991 -0.01785
v -0.00353 0.71604 -0.01881
v -0.00257 0.68171 -0.01932
v -0.00410 0.66685 -0.01896
v -0.00008 0.70416 -0.01990
v 0.00268 0.87899 -0.02325
v 0.00885 0.80226 -0.02038
v 0.00742 0.78253 -0.01975
v 0.00831 0.77980 -0.02061
v 0.00957 0.80078 -0.02135
v 0.00773 0.80334 -0.02012
v 0.00623 0.78524 -0.01974
v 0.00727 0.80070 -0.02319
v 0.00622 0.78243 -0.02317
v 0.00531 0.78516 -0.02236
v 0.00652 0.80214 -0.02228
v 0.00841 0.79965 -0.02340
v 0.00743 0.77973 -0.02311
v 0.00681 0.80316 -0.02101
v 0.00542 0.78611 -0.02092
v 0.00930 0.79980 -0.02257
v 0.00822 0.77886 -0.02200
v 0.00430 0.74176 -0.02095
v 0.00347 0.74317 -0.02231
v 0.00434 0.74286 -0.01935
v 0.00113 0.75184 -0.01995
v 0.00199 0.75041 -0.01852
v 0.00107 0.75074 -0.02162
v 0.00212 0.74701 -0.02247
v 0.00332 0.74658 -0.01843
v -0.02351 0.75906 -0.02680
v -0.02409 0.75295 -0.02689
v -0.02294 0.76353 -0.02574
v -0.02358 0.75248 -0.02294
v -0.02297 0.75885 -0.02282
v -0.02418 0.74775 -0.02403
v -0.02433 0.74854 -0.02565
v -0.02276 0.76299 -0.02409
v -0.00434 0.52561 0.00423
v -0.00732 0.52547 0.00583
v -0.00120 0.53109 0.00433
v 0.00223 0.47300 0.01572
v -0.00071 0.46957 0.01536
v -0.00349 0.47088 0.01652
v -0.00366 0.54696 0.01106
v -0.00070 0.54672 0.00933
v -0.00679 0.54187 0.01108
v -0.00303 0.48547 0.02119
v -0.00010 0.48856 0.02144
v 0.00267 0.48690 0.02016
v 0.00007 0.53978 0.00656
v 0.00340 0.48025 0.01779
v -0.00807 0.53280 0.00873
v -0.00421 0.47788 0.01901
v -0.09427 0.67591 -0.02922
v -0.09126 0.65502 -0.02432
v -0.09240 0.65463 -0.02360
v -0.09530 0.67554 -0.02863
v -0.09725 0.69108 -0.03183
v -0.09731 0.69633 -0.03335
v -0.09582 0.69290 -0.03221
v -0.09327 0.67832 -0.02924
v -0.09012 0.65771 -0.02439
v -0.09438 0.68407 -0.02700
v -0.09125 0.66418 -0.02176
v -0.09012 0.66474 -0.02243
v -0.09335 0.68459 -0.02754
v -0.09588 0.69719 -0.03104
v -0.09738 0.70175 -0.03188
v -0.09730 0.69524 -0.03070
v -0.09538 0.68151 -0.02701
v -0.09239 0.66133 -0.02173
v -0.09297 0.68194 -0.02849
v -0.08974 0.66177 -0.02354
v -0.09642 0.70018 -0.03283
v -0.09568 0.67804 -0.02773
v -0.09277 0.65743 -0.02254
v -0.09828 0.69790 -0.03240
v -0.10415 0.58917 0.00209
v -0.09239 0.54999 0.00438
v -0.09026 0.55579 0.00391
v -0.10219 0.59497 0.00166
v -0.11430 0.63686 -0.00061
v -0.11597 0.63054 -0.00019
v -0.11739 0.62422 -0.00126
v -0.10583 0.58338 0.00091
v -0.09421 0.54418 0.00311
v -0.10304 0.58917 -0.00434
v -0.09119 0.54999 -0.00257
v -0.09334 0.54418 -0.00198
v -0.10502 0.58338 -0.00379
v -0.11664 0.62422 -0.00560
v -0.11495 0.63054 -0.00613
v -0.11351 0.63686 -0.00518
v -0.10134 0.59497 -0.00328
v -0.08935 0.55579 -0.00142
v -0.10604 0.58144 -0.00154
v -0.09443 0.54225 0.00045
v -0.11754 0.62212 -0.00352
v -0.10115 0.59690 -0.00070
v -0.08915 0.55773 0.00136
v -0.11338 0.63897 -0.00281
v -0.14828 0.73309 -0.00920
v -0.13999 0.70891 -0.00806
v -0.13995 0.71022 -0.00656
v -0.14824 0.73411 -0.00795
v -0.15283 0.74868 -0.00880
v -0.15455 0.75280 -0.00986
v -0.15257 0.74913 -0.01046
v -0.14787 0.73475 -0.01033
v -0.13949 0.71085 -0.00942
v -0.14649 0.74385 -0.00873
v -0.13787 0.72190 -0.00753
v -0.13790 0.72061 -0.00910
v -0.14651 0.74284 -0.01004
v -0.15158 0.75458 -0.01024
v -0.15324 0.75968 -0.00954
v -0.15185 0.75412 -0.00853
v -0.14691 0.74217 -0.00754
v -0.13838 0.71995 -0.00609
v -0.14764 0.73803 -0.00734
v -0.13925 0.71498 -0.00584
v -0.15407 0.75595 -0.00862
v -0.14712 0.73891 -0.01059
v -0.13862 0.71583 -0.00975
v -0.15373 0.75653 -0.01078
v -0.12043 0.65556 -0.00699
v -0.12205 0.64916 -0.00647
v -0.12562 0.66741 -0.00711
v -0.12409 0.67355 -0.00760
v -0.12280 0.67966 -0.00671
v -0.11906 0.66195 -0.00607
v -0.12142 0.65556 -0.00121
v -0.11982 0.66195 -0.00163
v -0.12353 0.67956 -0.00246
v -0.12504 0.67342 -0.00206
v -0.12631 0.66732 -0.00306
v -0.12278 0.64916 -0.00224
v -0.11895 0.66409 -0.00376
v -0.12270 0.68165 -0.00450
v -0.12291 0.64703 -0.00444
v -0.12644 0.66532 -0.00516
v -0.15607 0.76216 -0.00994
v -0.13055 0.69385 -0.00864
v -0.13176 0.68819 -0.00822
v -0.12954 0.69938 -0.00785
v -0.13135 0.69333 -0.00384
v -0.13015 0.69898 -0.00417
v -0.13234 0.68781 -0.00471
v -0.12947 0.70104 -0.00594
v -0.13242 0.68614 -0.00654
v -0.07577 0.65709 0.02642
v -0.06859 0.62314 0.02286
v -0.06762 0.62526 0.02372
v -0.07494 0.65877 0.02712
v -0.07833 0.67479 0.02838
v -0.08009 0.67914 0.02849
v -0.07922 0.67387 0.02715
v -0.07621 0.65745 0.02535
v -0.06914 0.62367 0.02158
v -0.07421 0.66526 0.02492
v -0.06691 0.63376 0.02117
v -0.06792 0.63160 0.02026
v -0.07507 0.66354 0.02418
v -0.07838 0.67793 0.02634
v -0.07897 0.68424 0.02744
v -0.07747 0.67889 0.02761
v -0.07374 0.66493 0.02604
v -0.06632 0.63327 0.02250
v -0.07412 0.66208 0.02688
v -0.06671 0.62954 0.02347
v -0.07895 0.68229 0.02877
v -0.07585 0.66027 0.02446
v -0.06879 0.62736 0.02056
v -0.08010 0.68109 0.02716
v -0.04731 0.52642 0.00881
v -0.04575 0.51829 0.00807
v -0.04605 0.51200 0.00947
v -0.04763 0.52020 0.01022
v -0.05145 0.53895 0.01219
v -0.05111 0.54479 0.01082
v -0.05004 0.55140 0.01048
v -0.04622 0.53344 0.00847
v -0.04467 0.52538 0.00774
v -0.04423 0.52963 0.01311
v -0.04267 0.52150 0.01237
v -0.04231 0.52784 0.01105
v -0.04385 0.53591 0.01178
v -0.04778 0.55377 0.01364
v -0.04817 0.54787 0.01494
v -0.04930 0.54120 0.01520
v -0.04538 0.52255 0.01337
v -0.04380 0.51436 0.01262
v -0.04479 0.53689 0.00985
v -0.04325 0.52885 0.00912
v -0.04867 0.55467 0.01179
v -0.04675 0.51916 0.01207
v -0.04517 0.51094 0.01132
v -0.05062 0.53799 0.01396
v -0.08104 0.68853 0.02873
v -0.05941 0.58365 0.01537
v -0.05976 0.57880 0.01659
v -0.05843 0.58917 0.01505
v -0.05686 0.58632 0.01894
v -0.05647 0.59122 0.01779
v -0.05789 0.58076 0.01920
v -0.05722 0.59193 0.01618
v -0.05905 0.57804 0.01814
v -0.05884 0.53578 0.00657
v -0.04032 0.53490 0.00975
v -0.04000 0.53091 0.00578
v -0.05868 0.53224 0.00306
v -0.07716 0.53427 0.00037
v -0.07722 0.53736 0.00341
v -0.07817 0.53427 0.00628
v -0.05985 0.53224 0.00989
v -0.04132 0.53091 0.01350
v -0.06224 0.50744 0.00583
v -0.04308 0.50305 0.00888
v -0.04337 0.50703 0.01266
v -0.06238 0.51098 0.00918
v -0.08080 0.51573 0.00566
v -0.08076 0.51264 0.00276
v -0.07983 0.51573 0.00003
v -0.06126 0.51098 0.00267
v -0.04210 0.50703 0.00531
v -0.05978 0.52161 0.00176
v -0.04084 0.51897 0.00429
v -0.07833 0.52500 -0.00076
v -0.06131 0.52161 0.01064
v -0.04256 0.51897 0.01434
v -0.07965 0.52500 0.00693
v -0.08425 0.54128 0.00220
v -0.08433 0.53884 -0.00066
v -0.08528 0.53884 0.00487
v -0.08875 0.52178 0.00143
v -0.08864 0.52421 0.00416
v -0.08773 0.52421 -0.00111
v -0.08588 0.53153 -0.00179
v -0.08712 0.53153 0.00542
v -0.08737 0.53786 -0.00205
v -0.08721 0.52375 0.00053
v -0.08887 0.52409 0.00186
v -0.08904 0.53834 -0.00074
v -0.08947 0.55998 -0.00455
v -0.08785 0.55936 -0.00579
v -0.08594 0.56176 -0.00603
v -0.08541 0.54051 -0.00231
v -0.08525 0.52653 0.00024
v -0.08617 0.55035 0.00213
v -0.08601 0.53623 0.00470
v -0.08432 0.53612 0.00345
v -0.08448 0.55010 0.00089
v -0.08504 0.57104 -0.00292
v -0.08669 0.57144 -0.00176
v -0.08862 0.56882 -0.00160
v -0.08816 0.54748 0.00232
v -0.08799 0.53323 0.00492
v -0.08433 0.54570 -0.00096
v -0.08418 0.53177 0.00158
v -0.08490 0.56674 -0.00471
v -0.08921 0.54251 0.00104
v -0.08904 0.52822 0.00365
v -0.08964 0.56407 -0.00284
v -0.09835 0.70539 -0.03412
v -0.09030 0.64455 -0.02127
v -0.09000 0.62968 -0.01785
v -0.09131 0.63037 -0.01695
v -0.09151 0.64467 -0.02046
v -0.08900 0.64676 -0.02136
v -0.08850 0.63141 -0.01797
v -0.08992 0.65393 -0.01843
v -0.08920 0.63935 -0.01470
v -0.08789 0.63884 -0.01554
v -0.08870 0.65397 -0.01918
v -0.09123 0.65154 -0.01838
v -0.09072 0.63745 -0.01464
v -0.08843 0.65074 -0.02041
v -0.08772 0.63533 -0.01692
v -0.09179 0.64773 -0.01928
v -0.09148 0.63371 -0.01563
v -0.13515 0.52743 -0.00591
v -0.12780 0.53713 -0.00530
v -0.12771 0.53598 -0.00439
v -0.13514 0.52638 -0.00515
v -0.13865 0.52279 -0.00554
v -0.13983 0.52196 -0.00616
v -0.13874 0.52535 -0.00636
v -0.13533 0.52996 -0.00635
v -0.12807 0.54005 -0.00584
v -0.13580 0.53331 -0.00466
v -0.12857 0.54420 -0.00379
v -0.12867 0.54548 -0.00468
v -0.13582 0.53447 -0.00539
v -0.13908 0.52844 -0.00570
v -0.14026 0.52587 -0.00533
v -0.13898 0.52579 -0.00490
v -0.13561 0.53068 -0.00424
v -0.12828 0.54115 -0.00329
v -0.13561 0.53283 -0.00607
v -0.12843 0.54347 -0.00549
v -0.14010 0.52562 -0.00626
v -0.13534 0.52791 -0.00450
v -0.12793 0.53786 -0.00360
v -0.14000 0.52222 -0.00522
v -0.10425 0.56781 -0.00313
v -0.10146 0.57114 -0.00267
v -0.10112 0.56979 -0.00131
v -0.10393 0.56642 -0.00177
v -0.10882 0.56031 -0.00240
v -0.10909 0.56170 -0.00370
v -0.10963 0.56559 -0.00446
v -0.10485 0.57182 -0.00392
v -0.10209 0.57510 -0.00347
v -0.10539 0.57825 -0.00090
v -0.10260 0.58158 -0.00044
v -0.10297 0.58312 -0.00176
v -0.10573 0.57983 -0.00221
v -0.11047 0.57326 -0.00282
v -0.11018 0.57169 -0.00157
v -0.10961 0.56762 -0.00084
v -0.10477 0.57405 -0.00014
v -0.10195 0.57743 0.00032
v -0.10545 0.57676 -0.00342
v -0.10269 0.58003 -0.00296
v -0.11019 0.57033 -0.00398
v -0.10419 0.56931 -0.00061
v -0.10137 0.57269 -0.00015
v -0.10908 0.56306 -0.00129
v -0.14157 0.52177 -0.00590
v -0.11802 0.55001 -0.00449
v -0.11784 0.54872 -0.00337
v -0.11844 0.55346 -0.00515
v -0.11897 0.55866 -0.00265
v -0.11917 0.56011 -0.00373
v -0.11853 0.55506 -0.00202
v -0.11891 0.55760 -0.00473
v -0.11808 0.55107 -0.00241
v -0.08795 0.59931 0.01704
v -0.08393 0.60189 0.01690
v -0.08383 0.60088 0.01754
v -0.08789 0.59839 0.01760
v -0.09066 0.59719 0.01765
v -0.09163 0.59715 0.01730
v -0.09074 0.59929 0.01706
v -0.08805 0.60136 0.01673
v -0.08409 0.60418 0.01656
v -0.08815 0.60383 0.01809
v -0.08415 0.60702 0.01810
v -0.08426 0.60813 0.01748
v -0.08821 0.60483 0.01754
v -0.09085 0.60166 0.01761
v -0.09176 0.60015 0.01800
v -0.09076 0.59949 0.01819
v -0.08804 0.60170 0.01837
v -0.08399 0.60463 0.01841
v -0.08816 0.60361 0.01700
v -0.08422 0.60672 0.01686
v -0.09174 0.60003 0.01727
v -0.08794 0.59954 0.01813
v -0.08387 0.60219 0.01814
v -0.09165 0.59726 0.01803
v -0.08187 0.60803 0.01819
v -0.07836 0.60783 0.01852
v -0.07850 0.60911 0.01781
v -0.08200 0.60920 0.01753
v -0.08169 0.60550 0.01852
v -0.07816 0.60509 0.01888
v -0.08196 0.60770 0.01688
v -0.07847 0.60750 0.01710
v -0.07834 0.60458 0.01675
v -0.08182 0.60501 0.01656
v -0.08156 0.60290 0.01823
v -0.07803 0.60228 0.01856
v -0.08152 0.60151 0.01759
v -0.07801 0.60077 0.01787
v -0.09291 0.59767 0.01768
v -0.08165 0.60257 0.01692
v -0.07815 0.60194 0.01714
v -0.07049 0.60056 0.01763
v -0.06075 0.59880 0.01825
v -0.06053 0.59714 0.01925
v -0.07031 0.59918 0.01848
v -0.07071 0.60365 0.01718
v -0.06101 0.60247 0.01773
v -0.07031 0.60091 0.01927
v -0.06050 0.59918 0.02018
v -0.06063 0.60303 0.02063
v -0.07045 0.60418 0.01965
v -0.07084 0.60705 0.01759
v -0.06114 0.60647 0.01821
v -0.07084 0.60891 0.01841
v -0.06111 0.60865 0.01918
v -0.07067 0.60740 0.01923
v -0.06089 0.60685 0.02014
v -0.13573 0.79802 -0.00668
v -0.13422 0.78287 -0.00677
v -0.13476 0.78179 -0.00644
v -0.13623 0.79719 -0.00639
v -0.13714 0.80772 -0.00627
v -0.13716 0.81180 -0.00646
v -0.13640 0.80883 -0.00640
v -0.13518 0.79895 -0.00659
v -0.13361 0.78407 -0.00667
v -0.13552 0.79844 -0.00515
v -0.13397 0.78334 -0.00503
v -0.13342 0.78443 -0.00533
v -0.13502 0.79928 -0.00541
v -0.13629 0.80906 -0.00559
v -0.13702 0.81208 -0.00544
v -0.13703 0.80793 -0.00549
v -0.13607 0.79750 -0.00526
v -0.13459 0.78213 -0.00516
v -0.13493 0.79941 -0.00603
v -0.13332 0.78463 -0.00603
v -0.13661 0.81261 -0.00602
v -0.13632 0.79705 -0.00580
v -0.13487 0.78158 -0.00577
v -0.13757 0.81127 -0.00587
v -0.13330 0.77453 -0.00502
v -0.13271 0.76057 -0.00513
v -0.13208 0.76190 -0.00547
v -0.13272 0.77573 -0.00534
v -0.13395 0.77321 -0.00516
v -0.13341 0.75916 -0.00529
v -0.13262 0.77597 -0.00608
v -0.13197 0.76222 -0.00627
v -0.13230 0.76162 -0.00700
v -0.13292 0.77538 -0.00676
v -0.13424 0.77262 -0.00580
v -0.13373 0.75857 -0.00598
v -0.13413 0.77287 -0.00652
v -0.13362 0.75889 -0.00675
v -0.13758 0.81651 -0.00596
v -0.13356 0.77407 -0.00687
v -0.13300 0.76021 -0.00713
v -0.13176 0.72989 -0.00769
v -0.13020 0.69134 -0.00840
v -0.13105 0.68940 -0.00790
v -0.13249 0.72830 -0.00726
v -0.13095 0.73152 -0.00754
v -0.12924 0.69324 -0.00822
v -0.13262 0.72782 -0.00637
v -0.13120 0.68872 -0.00686
v -0.13074 0.68933 -0.00590
v -0.13223 0.72842 -0.00556
v -0.13057 0.73212 -0.00669
v -0.12878 0.69385 -0.00722
v -0.13069 0.73164 -0.00576
v -0.12892 0.69317 -0.00612
v -0.13142 0.73005 -0.00537
v -0.12978 0.69123 -0.00567
v -0.15716 0.70495 -0.01163
v -0.15313 0.70529 -0.01106
v -0.15313 0.70301 -0.01066
v -0.15720 0.70293 -0.01128
v -0.15995 0.70325 -0.01162
v -0.16087 0.70448 -0.01200
v -0.15992 0.70633 -0.01183
v -0.15719 0.70736 -0.01160
v -0.15320 0.70801 -0.01104
v -0.15743 0.70652 -0.01015
v -0.15343 0.70708 -0.00938
v -0.15343 0.70939 -0.00975
v -0.15740 0.70857 -0.01047
v -0.16007 0.70715 -0.01106
v -0.16105 0.70553 -0.01102
v -0.16009 0.70405 -0.01087
v -0.15739 0.70408 -0.01020
v -0.15336 0.70432 -0.00943
v -0.15729 0.70871 -0.01108
v -0.15333 0.70954 -0.01045
v -0.16093 0.70700 -0.01163
v -0.15729 0.70276 -0.01069
v -0.15323 0.70282 -0.00999
v -0.16099 0.70301 -0.01138
v -0.15117 0.70653 -0.00898
v -0.14775 0.70383 -0.00845
v -0.14777 0.70649 -0.00887
v -0.15119 0.70899 -0.00937
v -0.15108 0.70360 -0.00903
v -0.14765 0.70066 -0.00852
v -0.15108 0.70915 -0.01012
v -0.14767 0.70668 -0.00968
v -0.14754 0.70494 -0.01036
v -0.15095 0.70753 -0.01075
v -0.15095 0.70202 -0.00963
v -0.14752 0.69895 -0.00916
v -0.15085 0.70221 -0.01034
v -0.14743 0.69918 -0.00993
v -0.16218 0.70476 -0.01171
v -0.15086 0.70464 -0.01077
v -0.14744 0.70181 -0.01039
v -0.13997 0.69561 -0.00956
v -0.13046 0.68774 -0.00850
v -0.13040 0.68409 -0.00789
v -0.13993 0.69254 -0.00903
v -0.14007 0.69927 -0.00952
v -0.13058 0.69205 -0.00845
v -0.14002 0.69225 -0.00813
v -0.13047 0.68373 -0.00683
v -0.13060 0.68603 -0.00594
v -0.14015 0.69422 -0.00738
v -0.14021 0.70128 -0.00873
v -0.13071 0.69441 -0.00751
v -0.14029 0.70103 -0.00779
v -0.13079 0.69410 -0.00640
v -0.14026 0.69792 -0.00730
v -0.13073 0.69040 -0.00584
v -0.14108 0.59984 -0.00795
v -0.13738 0.59550 -0.00738
v -0.13755 0.59345 -0.00700
v -0.14126 0.59806 -0.00761
v -0.14375 0.60154 -0.00795
v -0.14450 0.60371 -0.00832
v -0.14350 0.60430 -0.00817
v -0.14093 0.60207 -0.00793
v -0.13725 0.59807 -0.00737
v -0.14121 0.60168 -0.00654
v -0.13753 0.59758 -0.00578
v -0.13736 0.59967 -0.00614
v -0.14104 0.60349 -0.00685
v -0.14357 0.60527 -0.00743
v -0.14458 0.60493 -0.00739
v -0.14382 0.60248 -0.00724
v -0.14136 0.59941 -0.00658
v -0.13766 0.59498 -0.00582
v -0.14093 0.60346 -0.00744
v -0.13726 0.59964 -0.00682
v -0.14437 0.60609 -0.00798
v -0.14136 0.59806 -0.00704
v -0.13766 0.59344 -0.00635
v -0.14471 0.60255 -0.00773
v -0.13551 0.59448 -0.00539
v -0.13258 0.58807 -0.00486
v -0.13241 0.59050 -0.00527
v -0.13535 0.59671 -0.00577
v -0.13564 0.59170 -0.00543
v -0.13272 0.58506 -0.00491
v -0.13524 0.59670 -0.00649
v -0.13231 0.59050 -0.00604
v -0.13231 0.58872 -0.00669
v -0.13523 0.59502 -0.00708
v -0.13563 0.59007 -0.00599
v -0.13273 0.58332 -0.00551
v -0.13553 0.59009 -0.00668
v -0.13263 0.58337 -0.00625
v -0.14567 0.60550 -0.00806
v -0.13536 0.59228 -0.00709
v -0.13245 0.58575 -0.00670
v -0.12608 0.57146 -0.00584
v -0.11798 0.55329 -0.00476
v -0.11820 0.54994 -0.00415
v -0.12627 0.56865 -0.00533
v -0.12591 0.57491 -0.00582
v -0.11778 0.55737 -0.00472
v -0.12637 0.56854 -0.00447
v -0.11829 0.54975 -0.00314
v -0.11824 0.55206 -0.00230
v -0.12635 0.57053 -0.00376
v -0.12589 0.57695 -0.00507
v -0.11773 0.55973 -0.00384
v -0.12599 0.57689 -0.00417
v -0.11782 0.55959 -0.00277
v -0.12618 0.57403 -0.00370
v -0.11804 0.55619 -0.00222
v -0.09991 0.49066 -0.02866
v -0.09442 0.47804 -0.02383
v -0.09526 0.47553 -0.02304
v -0.10079 0.48875 -0.02803
v -0.10426 0.49932 -0.03120
v -0.10490 0.50379 -0.03275
v -0.10315 0.50323 -0.03166
v -0.09924 0.49448 -0.02875
v -0.09386 0.48255 -0.02400
v -0.10075 0.49828 -0.02649
v -0.09559 0.48606 -0.02137
v -0.09476 0.48872 -0.02212
v -0.09989 0.50033 -0.02708
v -0.10359 0.50724 -0.03052
v -0.10546 0.50886 -0.03130
v -0.10469 0.50321 -0.03009
v -0.10141 0.49432 -0.02644
v -0.09612 0.48140 -0.02124
v -0.09931 0.49838 -0.02803
v -0.09408 0.48683 -0.02321
v -0.10445 0.50883 -0.03229
v -0.10136 0.49056 -0.02712
v -0.09592 0.47727 -0.02198
v -0.10591 0.50381 -0.03175
v -0.06585 0.51229 0.00062
v -0.06276 0.51692 0.00348
v -0.06283 0.51140 0.00511
v -0.06595 0.50671 0.00223
v -0.07076 0.49889 -0.00205
v -0.07064 0.50436 -0.00357
v -0.07142 0.51129 -0.00425
v -0.06670 0.51938 -0.00011
v -0.06364 0.52394 0.00272
v -0.06963 0.51832 0.00410
v -0.06654 0.52294 0.00696
v -0.06654 0.52857 0.00540
v -0.06960 0.52401 0.00256
v -0.07422 0.51576 -0.00167
v -0.07428 0.51018 -0.00021
v -0.07343 0.50315 0.00041
v -0.06871 0.51112 0.00477
v -0.06559 0.51581 0.00765
v -0.06829 0.52382 0.00085
v -0.06524 0.52836 0.00367
v -0.07294 0.51561 -0.00332
v -0.06719 0.50679 0.00388
v -0.06406 0.51150 0.00677
v -0.07197 0.49894 -0.00047
v -0.10680 0.51027 -0.03350
v -0.09101 0.47308 -0.02079
v -0.08678 0.47669 -0.01714
v -0.08706 0.47242 -0.01604
v -0.09159 0.46971 -0.01986
v -0.09090 0.47811 -0.02108
v -0.08716 0.48226 -0.01757
v -0.09288 0.47973 -0.01825
v -0.08944 0.48186 -0.01448
v -0.08920 0.48623 -0.01553
v -0.09234 0.48322 -0.01913
v -0.09296 0.47458 -0.01800
v -0.08901 0.47620 -0.01410
v -0.09151 0.48209 -0.02030
v -0.08821 0.48590 -0.01679
v -0.09238 0.47072 -0.01873
v -0.08801 0.47265 -0.01483
v -0.08006 0.48481 -0.00772
v -0.08135 0.48861 -0.00692
v -0.07896 0.48480 -0.00912
v -0.08080 0.50002 -0.01016
v -0.07946 0.49612 -0.01101
v -0.08196 0.50012 -0.00870
v -0.08206 0.49502 -0.00744
v -0.07880 0.48981 -0.01044
v -0.09058 0.60014 -0.00928
v -0.08966 0.60434 -0.00815
v -0.09043 0.59640 -0.01080
v -0.08629 0.60197 -0.01085
v -0.08723 0.59757 -0.01205
v -0.08642 0.60591 -0.00926
v -0.08791 0.60648 -0.00825
v -0.08896 0.59563 -0.01188
v -0.01546 0.49020 0.01904
v -0.01534 0.50583 0.01808
v -0.02784 0.52128 0.01588
v -0.02749 0.50603 0.01678
v -0.02668 0.49077 0.01507
v -0.01514 0.47457 0.01739
v -0.00138 0.45535 0.02037
v -0.00064 0.47079 0.02194
v 0.00055 0.48623 0.02090
v -0.01367 0.49020 0.00860
v -0.01383 0.47457 0.00975
v -0.02537 0.49077 0.00743
v -0.02569 0.50603 0.00634
v -0.02647 0.52128 0.00786
v -0.01396 0.50583 0.01006
v 0.00192 0.48623 0.01288
v 0.00115 0.47079 0.01150
v -0.00006 0.45535 0.01273
v -0.01445 0.46936 0.01349
v -0.02583 0.48569 0.01115
v -0.00105 0.45020 0.01650
v -0.01468 0.51104 0.01415
v -0.02734 0.52637 0.01198
v 0.00156 0.49137 0.01694
v -0.03285 0.53304 0.01103
v -0.03220 0.52845 0.00691
v -0.03358 0.52845 0.01493
v -0.03316 0.49636 0.01013
v -0.03378 0.50095 0.01406
v -0.03247 0.50095 0.00642
v -0.03211 0.51470 0.00536
v -0.03390 0.51470 0.01580
v -0.01418 0.28707 0.01867
v -0.01260 0.28123 0.01291
v -0.01272 0.26245 0.01273
v -0.01440 0.26743 0.01867
v -0.01272 0.26245 0.02460
v -0.01260 0.28123 0.02443
v -0.01243 0.28864 0.02434
v -0.01400 0.29378 0.01867
v -0.01243 0.28864 0.01300
v -0.00154 0.24035 0.01867
v -0.00312 0.24619 0.02453
v -0.00265 0.23256 0.02470
v -0.00097 0.22757 0.01867
v -0.00265 0.23256 0.01264
v -0.00312 0.24619 0.01281
v -0.00299 0.25777 0.01288
v -0.00142 0.25263 0.01867
v -0.00299 0.25777 0.02445
v -0.00786 0.26371 0.02642
v -0.00768 0.24750 0.02665
v -0.00771 0.27321 0.02631
v -0.00786 0.26371 0.01092
v -0.00768 0.24750 0.01069
v -0.00771 0.27321 0.01103
v -0.00832 0.34679 0.01867
v -0.00676 0.34980 0.01399
v -0.01039 0.32154 0.01349
v -0.01201 0.32106 0.01867
v -0.01039 0.32154 0.02384
v -0.00676 0.34980 0.02334
v -0.00308 0.37957 0.02292
v -0.00456 0.37554 0.01867
v -0.00308 0.37956 0.01442
v 0.00418 0.37090 0.01867
v 0.00261 0.36789 0.02344
v -0.00069 0.32446 0.02400
v 0.00093 0.32495 0.01867
v -0.00069 0.32446 0.01334
v 0.00261 0.36789 0.01389
v 0.00578 0.40373 0.01441
v 0.00725 0.40776 0.01867
v 0.00578 0.40374 0.02293
v -0.00207 0.35885 0.02497
v -0.00554 0.32300 0.02567
v 0.00135 0.39165 0.02434
v -0.00207 0.35885 0.01237
v -0.00554 0.32300 0.01167
v 0.00135 0.39165 0.01300
v -0.00718 0.29371 0.01125
v -0.00237 0.28581 0.01303
v -0.01199 0.30162 0.01318
v -0.00718 0.29371 0.02609
v -0.01199 0.30162 0.02416
v -0.00237 0.28581 0.02430
v -0.00077 0.28317 0.01867
v -0.01359 0.30425 0.01867
v 0.00842 0.42224 0.01867
v 0.00703 0.41962 0.01461
v 0.00675 0.43372 0.01458
v 0.00809 0.43439 0.01865
v 0.00675 0.43381 0.02273
v 0.00703 0.41964 0.02273
v -0.00274 0.40138 0.01867
v -0.00135 0.40400 0.02282
v -0.00130 0.43008 0.02287
v -0.00265 0.42940 0.01866
v -0.00131 0.42997 0.01445
v -0.00135 0.40398 0.01452
v 0.00284 0.41180 0.01320
v 0.00272 0.43183 0.01313
v 0.00284 0.41183 0.02414
v 0.00273 0.43196 0.02418
v 0.00667 0.46425 0.01860
v 0.00533 0.46417 0.01439
v 0.00419 0.49877 0.01418
v 0.00554 0.49895 0.01847
v 0.00420 0.49920 0.02277
v 0.00533 0.46444 0.02281
v -0.00405 0.46467 0.01863
v -0.00269 0.46477 0.02289
v -0.00381 0.49947 0.02273
v -0.00517 0.49925 0.01850
v -0.00387 0.49896 0.01427
v -0.00273 0.46446 0.01436
v 0.00130 0.46426 0.01296
v 0.00016 0.49879 0.01280
v 0.00133 0.46465 0.02427
v 0.00021 0.49942 0.02417
v 0.00087 0.52507 0.01276
v 0.00475 0.52531 0.01405
v -0.00299 0.52500 0.01420
v -0.00139 0.54269 0.01397
v 0.00226 0.54289 0.01257
v 0.00595 0.54323 0.01373
v 0.00094 0.52576 0.02367
v -0.00293 0.52556 0.02224
v 0.00480 0.52578 0.02237
v 0.00611 0.54358 0.02161
v 0.00244 0.54342 0.02284
v -0.00126 0.54313 0.02150
v -0.00453 0.07795 0.00768
v 0.00351 0.07861 0.01043
v 0.01006 0.00329 0.01337
v -0.00352 0.00188 0.00881
v -0.01747 0.00047 0.01361
v -0.01256 0.07730 0.01042
v -0.01310 0.15023 0.01154
v -0.00627 0.14822 0.00914
v 0.00056 0.14621 0.01150
v -0.00453 0.07795 0.02966
v -0.01256 0.07730 0.02692
v -0.01747 0.00047 0.04215
v -0.00352 0.00188 0.04620
v 0.01006 0.00329 0.04092
v 0.00351 0.07861 0.02690
v 0.00056 0.14621 0.02584
v -0.00627 0.14822 0.02820
v -0.01310 0.15023 0.02579
v 0.00618 0.07883 0.01867
v 0.01451 0.00376 0.02703
v 0.00284 0.14554 0.01867
v -0.01524 0.07708 0.01867
v -0.02220 0.00000 0.02800
v -0.01538 0.15090 0.01867
v -0.00425 0.52523 0.01822
v -0.00255 0.54283 0.01775
v 0.00360 0.55213 0.02179
v 0.00708 0.55198 0.02051
v 0.00902 0.56074 0.01730
v 0.00601 0.56167 0.01882
v 0.00270 0.56309 0.01808
v 0.00001 0.55226 0.02061
v 0.00314 0.55205 0.01192
v -0.00031 0.55215 0.01338
v 0.00181 0.56446 0.01147
v 0.00479 0.56360 0.00979
v 0.00806 0.56226 0.01037
v 0.00672 0.55197 0.01292
v -0.00133 0.55224 0.01704
v 0.00121 0.56415 0.01493
v 0.00607 0.52559 0.01821
v 0.00725 0.54349 0.01766
v 0.00808 0.55194 0.01667
v 0.00959 0.56112 0.01368
v 0.09683 0.59672 0.02166
v 0.09733 0.59513 0.02265
v 0.09050 0.58535 0.02555
v 0.08998 0.58704 0.02438
v 0.08944 0.59127 0.02379
v 0.09634 0.60051 0.02117
v 0.10127 0.60686 0.01988
v 0.10332 0.60653 0.01961
v 0.10201 0.60316 0.02088
v 0.09689 0.60551 0.02372
v 0.09638 0.60727 0.02276
v 0.08939 0.59906 0.02557
v 0.08991 0.59718 0.02670
v 0.09046 0.59277 0.02724
v 0.09737 0.60156 0.02416
v 0.10204 0.60765 0.02193
v 0.10335 0.61238 0.02098
v 0.10130 0.61149 0.02097
v 0.09620 0.60481 0.02172
v 0.08923 0.59618 0.02440
v 0.10284 0.61185 0.01967
v 0.09752 0.59742 0.02365
v 0.09066 0.58804 0.02668
v 0.10383 0.60706 0.02092
v 0.08098 0.52767 0.05324
v 0.08031 0.53576 0.05198
v 0.06560 0.52268 0.04801
v 0.06638 0.51435 0.04939
v 0.06768 0.50515 0.04909
v 0.08213 0.51879 0.05296
v 0.09671 0.53403 0.05684
v 0.09587 0.54284 0.05715
v 0.09548 0.55092 0.05603
v 0.08291 0.52449 0.04706
v 0.08354 0.51646 0.04844
v 0.06921 0.50263 0.04420
v 0.06847 0.51091 0.04271
v 0.06721 0.52004 0.04288
v 0.08179 0.53332 0.04723
v 0.09685 0.54867 0.05164
v 0.09766 0.53990 0.05144
v 0.09802 0.53188 0.05266
v 0.08314 0.51481 0.05089
v 0.06879 0.50098 0.04684
v 0.09757 0.53014 0.05490
v 0.08076 0.53736 0.04942
v 0.06606 0.52428 0.04525
v 0.09597 0.55260 0.05369
v 0.14953 0.65554 0.06713
v 0.14899 0.65752 0.06817
v 0.13828 0.63130 0.06592
v 0.13889 0.62883 0.06466
v 0.13914 0.62988 0.06317
v 0.14970 0.65634 0.06588
v 0.15439 0.66961 0.06731
v 0.15601 0.67337 0.06858
v 0.15389 0.67043 0.06890
v 0.14805 0.66672 0.06631
v 0.14861 0.66470 0.06521
v 0.13804 0.64037 0.06241
v 0.13740 0.64287 0.06375
v 0.13714 0.64186 0.06531
v 0.14786 0.66594 0.06761
v 0.15307 0.67613 0.06849
v 0.15491 0.68057 0.06801
v 0.15358 0.67528 0.06685
v 0.14830 0.66193 0.06828
v 0.13756 0.63682 0.06608
v 0.15514 0.67751 0.06934
v 0.14928 0.66032 0.06516
v 0.13874 0.63488 0.06232
v 0.15579 0.67644 0.06726
v 0.10514 0.55228 0.05347
v 0.10544 0.54430 0.05465
v 0.10441 0.56097 0.05368
v 0.11122 0.57812 0.05536
v 0.11197 0.56991 0.05517
v 0.11230 0.56237 0.05631
v 0.10341 0.55513 0.05903
v 0.10308 0.56316 0.05795
v 0.10417 0.54639 0.05871
v 0.11109 0.56437 0.06020
v 0.11031 0.57264 0.06049
v 0.10994 0.58022 0.05945
v 0.10357 0.56485 0.05567
v 0.11040 0.58181 0.05726
v 0.10498 0.54256 0.05682
v 0.11188 0.56074 0.05840
v 0.15768 0.68225 0.06882
v 0.12473 0.60109 0.05856
v 0.12510 0.59473 0.05956
v 0.12400 0.60805 0.05870
v 0.12329 0.60346 0.06316
v 0.12290 0.60987 0.06224
v 0.12405 0.59646 0.06294
v 0.12326 0.61119 0.06034
v 0.12476 0.59337 0.06138
v 0.14465 0.57462 0.09004
v 0.14413 0.57833 0.09051
v 0.13502 0.57300 0.08343
v 0.13562 0.56853 0.08283
v 0.13653 0.56701 0.08184
v 0.14539 0.57335 0.08920
v 0.14942 0.57760 0.09261
v 0.15038 0.57945 0.09438
v 0.14855 0.58107 0.09353
v 0.14550 0.58438 0.08856
v 0.14606 0.58055 0.08805
v 0.13751 0.57571 0.08062
v 0.13687 0.58032 0.08125
v 0.13592 0.58199 0.08228
v 0.14474 0.58577 0.08943
v 0.14893 0.58616 0.09274
v 0.15085 0.58591 0.09331
v 0.14983 0.58259 0.09179
v 0.14422 0.58290 0.09020
v 0.13521 0.57852 0.08312
v 0.15005 0.58494 0.09445
v 0.14594 0.57610 0.08840
v 0.13728 0.57033 0.08096
v 0.15119 0.58042 0.09325
v 0.10941 0.55102 0.05740
v 0.10808 0.54605 0.05850
v 0.10461 0.54300 0.05589
v 0.10597 0.54798 0.05482
v 0.10656 0.55598 0.05455
v 0.10997 0.55902 0.05710
v 0.11572 0.56310 0.06178
v 0.11522 0.55546 0.06210
v 0.11399 0.55071 0.06319
v 0.10636 0.56310 0.06059
v 0.10763 0.56829 0.05955
v 0.10422 0.56526 0.05700
v 0.10291 0.56006 0.05801
v 0.10237 0.55184 0.05823
v 0.10585 0.55489 0.06083
v 0.11185 0.55917 0.06543
v 0.11230 0.56702 0.06516
v 0.11348 0.57198 0.06413
v 0.10911 0.56585 0.05810
v 0.10571 0.56282 0.05556
v 0.11488 0.56964 0.06273
v 0.10666 0.54828 0.05989
v 0.10317 0.54522 0.05728
v 0.11264 0.55284 0.06454
v 0.15246 0.58374 0.09537
v 0.12577 0.56267 0.07108
v 0.12477 0.55858 0.07207
v 0.12615 0.56928 0.07074
v 0.12324 0.57269 0.07372
v 0.12420 0.57697 0.07277
v 0.12292 0.56591 0.07401
v 0.12540 0.57494 0.07154
v 0.12362 0.56043 0.07326
v 0.04566 0.46934 0.03683
v 0.04678 0.46465 0.03415
v 0.03308 0.42469 0.02789
v 0.03175 0.42927 0.03064
v 0.03114 0.42648 0.03379
v 0.04496 0.46686 0.03984
v 0.05479 0.50304 0.04449
v 0.05557 0.50519 0.04163
v 0.05651 0.50041 0.03903
v 0.04734 0.44062 0.03812
v 0.04624 0.44531 0.04069
v 0.03329 0.40440 0.03485
v 0.03462 0.39980 0.03219
v 0.03522 0.40257 0.02915
v 0.04803 0.44311 0.03522
v 0.05699 0.47969 0.03995
v 0.05625 0.47749 0.04269
v 0.05534 0.48222 0.04516
v 0.04771 0.45351 0.03375
v 0.03447 0.41333 0.02755
v 0.05703 0.48962 0.03860
v 0.04530 0.45645 0.04120
v 0.03189 0.41574 0.03529
v 0.05478 0.49306 0.04572
v 0.06002 0.51853 0.04354
v 0.06105 0.51398 0.04105
v 0.05939 0.51671 0.04637
v 0.06161 0.49308 0.04486
v 0.06062 0.49756 0.04723
v 0.06220 0.49495 0.04216
v 0.06190 0.50402 0.04074
v 0.05973 0.50758 0.04766
v 0.06389 0.50694 0.04127
v 0.06467 0.50560 0.04321
v 0.06178 0.49527 0.04531
v 0.06103 0.49670 0.04335
v 0.05996 0.50222 0.04219
v 0.06279 0.51237 0.04012
v 0.06724 0.52745 0.03726
v 0.06835 0.52230 0.03835
v 0.06914 0.52110 0.04022
v 0.06258 0.52330 0.04446
v 0.06178 0.52494 0.04257
v 0.05895 0.51479 0.04464
v 0.05972 0.51306 0.04654
v 0.06082 0.50724 0.04765
v 0.06371 0.51758 0.04555
v 0.06821 0.53269 0.04248
v 0.06708 0.53813 0.04144
v 0.06627 0.53961 0.03964
v 0.06196 0.51983 0.04084
v 0.05914 0.50971 0.04290
v 0.06643 0.53463 0.03796
v 0.06451 0.51041 0.04489
v 0.06161 0.50005 0.04699
v 0.06900 0.52579 0.04183
v 0.10550 0.61223 0.01950
v 0.08672 0.58172 0.02654
v 0.08732 0.58044 0.02782
v 0.08400 0.57084 0.03070
v 0.08330 0.57170 0.02928
v 0.08238 0.57565 0.02848
v 0.08600 0.58580 0.02585
v 0.08626 0.59291 0.02892
v 0.08565 0.59439 0.02768
v 0.08171 0.58517 0.03038
v 0.08242 0.58409 0.03175
v 0.08335 0.57991 0.03251
v 0.08699 0.58863 0.02956
v 0.08560 0.59103 0.02644
v 0.08177 0.58125 0.02907
v 0.08738 0.58361 0.02901
v 0.08394 0.57453 0.03197
v 0.10142 0.41475 0.06046
v 0.10096 0.41443 0.06111
v 0.09596 0.43597 0.05833
v 0.09656 0.43614 0.05757
v 0.09734 0.43785 0.05726
v 0.10203 0.41636 0.06017
v 0.10415 0.40655 0.06175
v 0.10453 0.40187 0.06242
v 0.10343 0.40508 0.06241
v 0.10204 0.41987 0.06191
v 0.10251 0.42029 0.06128
v 0.09792 0.44259 0.05860
v 0.09731 0.44231 0.05932
v 0.09652 0.44048 0.05960
v 0.10142 0.41817 0.06217
v 0.10375 0.40769 0.06315
v 0.10494 0.40528 0.06338
v 0.10448 0.40924 0.06251
v 0.10245 0.41866 0.06058
v 0.09786 0.44055 0.05776
v 0.10519 0.40460 0.06248
v 0.10101 0.41596 0.06179
v 0.09601 0.43790 0.05914
v 0.10428 0.40255 0.06332
v 0.08088 0.50446 0.04854
v 0.07988 0.50481 0.04957
v 0.07789 0.51288 0.04867
v 0.07890 0.51244 0.04765
v 0.08018 0.51428 0.04727
v 0.08215 0.50638 0.04816
v 0.08537 0.49244 0.04991
v 0.08417 0.49049 0.05029
v 0.08324 0.49073 0.05129
v 0.08199 0.51356 0.05112
v 0.08300 0.51337 0.05014
v 0.08104 0.52127 0.04925
v 0.08001 0.52154 0.05022
v 0.07870 0.51953 0.05055
v 0.08070 0.51147 0.05146
v 0.08402 0.49710 0.05310
v 0.08524 0.49920 0.05276
v 0.08619 0.49913 0.05180
v 0.08296 0.51016 0.04892
v 0.08100 0.51803 0.04804
v 0.08614 0.49609 0.05063
v 0.07991 0.50785 0.05074
v 0.07791 0.51594 0.04983
v 0.08327 0.49360 0.05242
v 0.10574 0.39900 0.06347
v 0.09011 0.46456 0.05374
v 0.08933 0.46460 0.05463
v 0.09111 0.46640 0.05339
v 0.09103 0.47210 0.05588
v 0.09182 0.47220 0.05503
v 0.09001 0.47012 0.05620
v 0.09177 0.46963 0.05401
v 0.08937 0.46703 0.05561
v 0.14659 0.49641 0.08230
v 0.14620 0.49607 0.08277
v 0.14395 0.50898 0.08156
v 0.14441 0.50924 0.08105
v 0.14501 0.51037 0.08089
v 0.14711 0.49752 0.08216
v 0.14842 0.48875 0.08320
v 0.14857 0.48484 0.08360
v 0.14781 0.48764 0.08362
v 0.14709 0.49947 0.08356
v 0.14749 0.49987 0.08312
v 0.14544 0.51305 0.08199
v 0.14497 0.51273 0.08248
v 0.14436 0.51153 0.08261
v 0.14656 0.49831 0.08369
v 0.14806 0.48920 0.08426
v 0.14890 0.48687 0.08443
v 0.14868 0.49036 0.08386
v 0.14745 0.49894 0.08254
v 0.14541 0.51196 0.08134
v 0.14913 0.48663 0.08374
v 0.14623 0.49694 0.08332
v 0.14397 0.51001 0.08219
v 0.14834 0.48508 0.08429
v 0.14360 0.51974 0.08190
v 0.14411 0.52005 0.08139
v 0.14168 0.52964 0.08055
v 0.14112 0.52932 0.08110
v 0.14041 0.52797 0.08124
v 0.14294 0.51850 0.08203
v 0.14407 0.51886 0.08069
v 0.14366 0.51718 0.08022
v 0.14121 0.52648 0.07929
v 0.14166 0.52833 0.07980
v 0.14253 0.51689 0.08159
v 0.13998 0.52619 0.08076
v 0.13997 0.52495 0.08004
v 0.14251 0.51577 0.08092
v 0.14937 0.48182 0.08438
v 0.14301 0.51600 0.08038
v 0.14051 0.52520 0.07947
v 0.13505 0.54531 0.07746
v 0.13441 0.54504 0.07812
v 0.12733 0.57059 0.07568
v 0.12811 0.57089 0.07491
v 0.12907 0.57270 0.07468
v 0.13587 0.54682 0.07726
v 0.13440 0.54655 0.07895
v 0.13489 0.54868 0.07950
v 0.12787 0.57502 0.07729
v 0.12731 0.57244 0.07665
v 0.13637 0.54905 0.07785
v 0.12964 0.57539 0.07536
v 0.12963 0.57734 0.07637
v 0.13638 0.55064 0.07871
v 0.13572 0.55028 0.07934
v 0.12884 0.57694 0.07710
v 0.13919 0.72305 0.06116
v 0.13948 0.72239 0.06168
v 0.13773 0.70749 0.06158
v 0.13742 0.70837 0.06100
v 0.13687 0.70971 0.06077
v 0.13869 0.72412 0.06096
v 0.13999 0.73377 0.06129
v 0.14079 0.73652 0.06146
v 0.14056 0.73267 0.06178
v 0.13835 0.72470 0.06240
v 0.13804 0.72539 0.06191
v 0.13613 0.71114 0.06185
v 0.13646 0.71023 0.06241
v 0.13703 0.70885 0.06261
v 0.13886 0.72360 0.06258
v 0.14013 0.73351 0.06241
v 0.14023 0.73761 0.06229
v 0.13955 0.73464 0.06194
v 0.13823 0.72505 0.06132
v 0.13635 0.71080 0.06118
v 0.14013 0.73773 0.06157
v 0.13931 0.72270 0.06225
v 0.13753 0.70779 0.06223
v 0.14088 0.73640 0.06218
v 0.13559 0.70170 0.06246
v 0.13525 0.70272 0.06187
v 0.13432 0.68916 0.06202
v 0.13469 0.68803 0.06265
v 0.13534 0.68641 0.06288
v 0.13619 0.70020 0.06268
v 0.13548 0.70239 0.06116
v 0.13603 0.70123 0.06072
v 0.13517 0.68765 0.06077
v 0.13458 0.68886 0.06124
v 0.13672 0.69907 0.06227
v 0.13591 0.68524 0.06243
v 0.13615 0.68497 0.06169
v 0.13694 0.69878 0.06158
v 0.14109 0.74146 0.06191
v 0.13661 0.69976 0.06096
v 0.13580 0.68607 0.06103
v 0.13403 0.65610 0.06118
v 0.13444 0.65477 0.06194
v 0.13226 0.61636 0.06226
v 0.13178 0.61800 0.06136
v 0.13090 0.62015 0.06102
v 0.13329 0.65794 0.06088
v 0.13416 0.65497 0.06280
v 0.13348 0.65625 0.06332
v 0.13112 0.61789 0.06388
v 0.13192 0.61649 0.06327
v 0.13259 0.65925 0.06143
v 0.13007 0.62160 0.06167
v 0.12970 0.62176 0.06272
v 0.13229 0.65949 0.06232
v 0.13272 0.65812 0.06306
v 0.13022 0.62009 0.06358
v 0.15766 0.62470 0.07008
v 0.15749 0.62299 0.07048
v 0.15359 0.62417 0.06920
v 0.15383 0.62609 0.06876
v 0.15397 0.62877 0.06870
v 0.15775 0.62708 0.07002
v 0.16026 0.62547 0.07108
v 0.16112 0.62339 0.07143
v 0.16011 0.62261 0.07140
v 0.15731 0.62736 0.07144
v 0.15748 0.62912 0.07107
v 0.15366 0.63109 0.06989
v 0.15343 0.62911 0.07030
v 0.15330 0.62638 0.07033
v 0.15723 0.62493 0.07148
v 0.15993 0.62397 0.07210
v 0.16089 0.62516 0.07234
v 0.16008 0.62687 0.07180
v 0.15766 0.62879 0.07047
v 0.15387 0.63071 0.06922
v 0.16109 0.62613 0.07168
v 0.15731 0.62327 0.07105
v 0.15338 0.62450 0.06984
v 0.16092 0.62241 0.07209
v 0.15122 0.62924 0.06966
v 0.15148 0.63133 0.06923
v 0.14813 0.62980 0.06823
v 0.14785 0.62752 0.06870
v 0.14770 0.62438 0.06872
v 0.15107 0.62634 0.06969
v 0.15171 0.63092 0.06852
v 0.15181 0.62887 0.06797
v 0.14852 0.62715 0.06688
v 0.14840 0.62937 0.06747
v 0.15117 0.62434 0.06917
v 0.14781 0.62223 0.06816
v 0.14807 0.62186 0.06743
v 0.15139 0.62399 0.06849
v 0.16218 0.62369 0.07226
v 0.15166 0.62603 0.06802
v 0.14836 0.62407 0.06694
v 0.14113 0.61979 0.06456
v 0.14078 0.61719 0.06513
v 0.13152 0.61126 0.06219
v 0.13195 0.61435 0.06153
v 0.13216 0.61860 0.06146
v 0.14132 0.62339 0.06449
v 0.14046 0.61760 0.06597
v 0.14031 0.62010 0.06661
v 0.13091 0.61466 0.06392
v 0.13111 0.61173 0.06317
v 0.14116 0.62596 0.06517
v 0.13195 0.62162 0.06225
v 0.13152 0.62217 0.06327
v 0.14082 0.62644 0.06605
v 0.14048 0.62377 0.06658
v 0.13111 0.61900 0.06389
v 0.11518 0.46753 0.06201
v 0.11497 0.46592 0.06238
v 0.11131 0.46850 0.06113
v 0.11158 0.47030 0.06072
v 0.11176 0.47281 0.06069
v 0.11532 0.46977 0.06197
v 0.11767 0.46727 0.06300
v 0.11844 0.46496 0.06333
v 0.11745 0.46457 0.06329
v 0.11489 0.47004 0.06333
v 0.11509 0.47170 0.06298
v 0.11150 0.47500 0.06183
v 0.11124 0.47315 0.06221
v 0.11106 0.47059 0.06222
v 0.11476 0.46775 0.06335
v 0.11730 0.46584 0.06396
v 0.11824 0.46663 0.06421
v 0.11751 0.46859 0.06369
v 0.11526 0.47138 0.06241
v 0.11171 0.47463 0.06119
v 0.11846 0.46755 0.06359
v 0.11481 0.46618 0.06293
v 0.11111 0.46882 0.06174
v 0.11822 0.46403 0.06395
v 0.10915 0.47409 0.06158
v 0.10944 0.47604 0.06118
v 0.10623 0.47582 0.06019
v 0.10591 0.47370 0.06061
v 0.10570 0.47076 0.06061
v 0.10894 0.47137 0.06158
v 0.10967 0.47565 0.06050
v 0.10972 0.47371 0.05996
v 0.10656 0.47331 0.05888
v 0.10649 0.47540 0.05946
v 0.10900 0.46949 0.06108
v 0.10576 0.46873 0.06007
v 0.10601 0.46837 0.05937
v 0.10922 0.46915 0.06042
v 0.11944 0.46479 0.06414
v 0.10952 0.47105 0.06000
v 0.10634 0.47043 0.05891
v 0.09940 0.46906 0.05654
v 0.09900 0.46665 0.05706
v 0.09009 0.46446 0.05412
v 0.09056 0.46733 0.05352
v 0.09086 0.47131 0.05348
v 0.09965 0.47243 0.05650
v 0.09869 0.46706 0.05786
v 0.09859 0.46943 0.05849
v 0.08956 0.46773 0.05579
v 0.08969 0.46494 0.05506
v 0.09954 0.47486 0.05717
v 0.09071 0.47418 0.05426
v 0.09030 0.47474 0.05523
v 0.09922 0.47535 0.05801
v 0.09884 0.47286 0.05849
v 0.08984 0.47179 0.05580
v 0.07665 0.55121 0.03689
v 0.07592 0.55736 0.03748
v 0.07676 0.54695 0.03544
v 0.07421 0.55878 0.03348
v 0.07495 0.55237 0.03284
v 0.07408 0.56330 0.03497
v 0.07486 0.56211 0.03657
v 0.07600 0.54788 0.03379
v 0.01519 0.38889 0.02917
v 0.01458 0.40018 0.02773
v -0.00334 0.38094 0.02167
v -0.00315 0.36898 0.02296
v -0.00227 0.35651 0.02230
v 0.01648 0.37706 0.02866
v 0.01789 0.38672 0.02136
v 0.01848 0.37543 0.02292
v -0.00024 0.35499 0.01660
v -0.00038 0.36691 0.01517
v -0.00121 0.37935 0.01569
v 0.01663 0.39856 0.02176
v 0.01779 0.37239 0.02596
v -0.00108 0.35169 0.01958
v 0.01529 0.40323 0.02457
v -0.00244 0.38421 0.01855
v 0.02726 0.70189 -0.04212
v 0.02515 0.68304 -0.03631
v 0.02607 0.68508 -0.03547
v 0.02805 0.70388 -0.04139
v 0.02972 0.71592 -0.04554
v 0.02973 0.71909 -0.04738
v 0.02908 0.71200 -0.04655
v 0.02713 0.69845 -0.04290
v 0.02497 0.67925 -0.03722
v 0.02989 0.69614 -0.04233
v 0.02809 0.67601 -0.03655
v 0.02723 0.67385 -0.03741
v 0.02915 0.69404 -0.04307
v 0.03047 0.70897 -0.04666
v 0.03149 0.71527 -0.04753
v 0.03107 0.71299 -0.04565
v 0.02998 0.69967 -0.04155
v 0.02822 0.67993 -0.03564
v 0.02799 0.69532 -0.04324
v 0.02592 0.67555 -0.03761
v 0.03020 0.71456 -0.04809
v 0.02916 0.70270 -0.04121
v 0.02732 0.68350 -0.03526
v 0.03102 0.71980 -0.04682
v 0.03605 0.67018 -0.00463
v 0.02509 0.63125 0.00034
v 0.02469 0.62485 -0.00168
v 0.03575 0.66422 -0.00658
v 0.04733 0.70392 -0.01194
v 0.04740 0.70904 -0.00999
v 0.04648 0.71682 -0.00897
v 0.03529 0.67901 -0.00369
v 0.02434 0.64076 0.00127
v 0.03182 0.68166 -0.00869
v 0.02052 0.64366 -0.00405
v 0.02100 0.64984 -0.00194
v 0.03220 0.68742 -0.00667
v 0.04363 0.72459 -0.01172
v 0.04349 0.71966 -0.01374
v 0.04434 0.71207 -0.01483
v 0.03251 0.67304 -0.00970
v 0.02119 0.63438 -0.00506
v 0.03368 0.68565 -0.00468
v 0.02263 0.64792 0.00017
v 0.04492 0.72283 -0.00984
v 0.03420 0.66620 -0.00864
v 0.02299 0.62700 -0.00388
v 0.04596 0.70588 -0.01389
v 0.09207 0.81946 -0.04183
v 0.08232 0.80023 -0.03509
v 0.08330 0.79616 -0.03449
v 0.09286 0.81601 -0.04132
v 0.09712 0.82477 -0.04479
v 0.09816 0.83035 -0.04625
v 0.09603 0.82773 -0.04584
v 0.09129 0.82026 -0.04283
v 0.08142 0.80127 -0.03630
v 0.09213 0.80888 -0.04375
v 0.08264 0.78810 -0.03755
v 0.08161 0.79230 -0.03819
v 0.09130 0.81243 -0.04430
v 0.09599 0.82219 -0.04682
v 0.09809 0.82306 -0.04745
v 0.09712 0.81913 -0.04574
v 0.09294 0.80797 -0.04272
v 0.08359 0.78693 -0.03629
v 0.09317 0.81126 -0.04176
v 0.08377 0.79067 -0.03508
v 0.09884 0.82478 -0.04617
v 0.09103 0.81707 -0.04382
v 0.08120 0.79766 -0.03755
v 0.09742 0.82864 -0.04753
v 0.04981 0.73656 -0.01721
v 0.04989 0.74127 -0.01520
v 0.05633 0.75318 -0.01965
v 0.05621 0.74856 -0.02155
v 0.05701 0.74147 -0.02257
v 0.05068 0.72926 -0.01830
v 0.05361 0.72623 -0.01355
v 0.05360 0.72133 -0.01550
v 0.05980 0.73388 -0.01988
v 0.05985 0.73868 -0.01805
v 0.05899 0.74595 -0.01709
v 0.05267 0.73372 -0.01252
v 0.05229 0.72326 -0.01741
v 0.05853 0.73569 -0.02170
v 0.05113 0.73953 -0.01335
v 0.05754 0.75155 -0.01789
v 0.10014 0.83089 -0.04820
v 0.06813 0.77188 -0.02923
v 0.06830 0.77605 -0.02763
v 0.06875 0.76557 -0.03007
v 0.07128 0.76332 -0.02620
v 0.07117 0.75899 -0.02774
v 0.07061 0.76978 -0.02541
v 0.07004 0.76051 -0.02931
v 0.06937 0.77469 -0.02612
v 0.09770 0.83528 -0.01169
v 0.08751 0.81263 -0.01205
v 0.08823 0.80787 -0.01223
v 0.09827 0.83127 -0.01184
v 0.10284 0.84274 -0.01195
v 0.10410 0.84925 -0.01178
v 0.10211 0.84803 -0.01225
v 0.09723 0.83887 -0.01227
v 0.08698 0.81702 -0.01274
v 0.09811 0.83355 -0.01461
v 0.08826 0.81114 -0.01552
v 0.08751 0.81613 -0.01535
v 0.09751 0.83776 -0.01447
v 0.10227 0.84711 -0.01377
v 0.10427 0.84784 -0.01373
v 0.10301 0.84164 -0.01346
v 0.09860 0.82978 -0.01402
v 0.08882 0.80653 -0.01481
v 0.09861 0.82922 -0.01286
v 0.08874 0.80563 -0.01343
v 0.10466 0.84509 -0.01256
v 0.09720 0.83961 -0.01344
v 0.08703 0.81814 -0.01413
v 0.10371 0.85200 -0.01295
v 0.05453 0.74923 -0.01600
v 0.05069 0.74090 -0.01590
v 0.05031 0.73855 -0.01389
v 0.05419 0.74696 -0.01398
v 0.06092 0.76142 -0.01387
v 0.06120 0.76349 -0.01581
v 0.06208 0.76113 -0.01750
v 0.05550 0.74688 -0.01776
v 0.05170 0.73864 -0.01766
v 0.05704 0.73077 -0.01496
v 0.05321 0.72245 -0.01487
v 0.05363 0.72446 -0.01686
v 0.05743 0.73271 -0.01696
v 0.06393 0.74756 -0.01674
v 0.06361 0.74582 -0.01482
v 0.06268 0.74849 -0.01314
v 0.05603 0.73345 -0.01322
v 0.05215 0.72504 -0.01313
v 0.05669 0.73973 -0.01798
v 0.05290 0.73151 -0.01788
v 0.06321 0.75425 -0.01772
v 0.05488 0.74028 -0.01297
v 0.05100 0.73184 -0.01288
v 0.06160 0.75506 -0.01291
v 0.10628 0.85325 -0.01262
v 0.07353 0.78961 -0.01506
v 0.07336 0.78799 -0.01337
v 0.07423 0.78740 -0.01653
v 0.07562 0.77430 -0.01420
v 0.07583 0.77565 -0.01587
v 0.07489 0.77678 -0.01274
v 0.07518 0.78138 -0.01673
v 0.07397 0.78253 -0.01253
v 0.01834 0.61106 -0.00185
v 0.01628 0.60144 0.00073
v 0.01422 0.60756 -0.00069
v 0.01635 0.61831 -0.00302
v 0.01999 0.60843 0.00048
v 0.01752 0.59875 0.00332
v 0.01701 0.62957 0.00278
v 0.01302 0.61516 0.00540
v 0.01500 0.60926 0.00673
v 0.01890 0.62255 0.00387
v 0.01544 0.63197 0.00054
v 0.01186 0.61764 0.00290
v 0.01531 0.62675 -0.00181
v 0.01250 0.61403 0.00045
v 0.02004 0.61388 0.00275
v 0.01680 0.60257 0.00568
v 0.01694 0.63148 -0.00268
v 0.01604 0.62650 0.00141
v 0.01769 0.62869 0.00264
v 0.01860 0.63374 -0.00148
v 0.02014 0.64165 -0.00761
v 0.01852 0.63939 -0.00873
v 0.01781 0.63349 -0.00991
v 0.01622 0.62546 -0.00395
v 0.01534 0.62054 0.00010
v 0.02073 0.61642 -0.00298
v 0.01983 0.61144 0.00110
v 0.01825 0.60897 -0.00013
v 0.01914 0.61389 -0.00418
v 0.02063 0.62230 -0.01014
v 0.02219 0.62482 -0.00902
v 0.02283 0.63099 -0.00783
v 0.02138 0.62272 -0.00171
v 0.02047 0.61767 0.00241
v 0.01729 0.61825 -0.00448
v 0.01641 0.61335 -0.00044
v 0.01885 0.62649 -0.01041
v 0.02037 0.62966 -0.00118
v 0.01946 0.62459 0.00295
v 0.02186 0.63772 -0.00734
v 0.03129 0.72324 -0.04920
v 0.02472 0.67399 -0.03289
v 0.02411 0.66670 -0.02822
v 0.02539 0.66870 -0.02741
v 0.02581 0.67600 -0.03206
v 0.02436 0.66975 -0.03377
v 0.02356 0.66193 -0.02908
v 0.02766 0.66507 -0.03312
v 0.02707 0.65564 -0.02846
v 0.02584 0.65343 -0.02927
v 0.02662 0.66290 -0.03395
v 0.02796 0.66947 -0.03224
v 0.02756 0.66061 -0.02759
v 0.02526 0.66526 -0.03414
v 0.02440 0.65652 -0.02945
v 0.02711 0.67380 -0.03187
v 0.02677 0.66582 -0.02722
v 0.03711 0.79583 0.01210
v 0.03532 0.76959 0.00831
v 0.03561 0.76731 0.00903
v 0.03737 0.79414 0.01273
v 0.03833 0.80676 0.01428
v 0.03844 0.81213 0.01445
v 0.03833 0.80870 0.01336
v 0.03736 0.79714 0.01142
v 0.03563 0.77141 0.00754
v 0.03910 0.79432 0.01192
v 0.03771 0.76776 0.00810
v 0.03747 0.77001 0.00738
v 0.03888 0.79598 0.01129
v 0.03937 0.80790 0.01327
v 0.03976 0.81112 0.01434
v 0.03935 0.80598 0.01419
v 0.03882 0.79303 0.01260
v 0.03736 0.76597 0.00887
v 0.03812 0.79706 0.01114
v 0.03656 0.77139 0.00721
v 0.03911 0.81280 0.01379
v 0.03809 0.79309 0.01288
v 0.03648 0.76596 0.00920
v 0.03910 0.81045 0.01500
v 0.02967 0.68511 -0.00361
v 0.02906 0.67466 -0.00484
v 0.02944 0.67053 -0.00392
v 0.03005 0.68107 -0.00266
v 0.03116 0.69898 -0.00034
v 0.03079 0.70273 -0.00126
v 0.03126 0.70584 -0.00226
v 0.03016 0.68847 -0.00463
v 0.02957 0.67812 -0.00585
v 0.03320 0.68241 -0.00392
v 0.03259 0.67196 -0.00515
v 0.03228 0.67605 -0.00609
v 0.03288 0.68640 -0.00487
v 0.03386 0.70386 -0.00249
v 0.03417 0.70015 -0.00156
v 0.03364 0.69709 -0.00056
v 0.03264 0.67909 -0.00289
v 0.03203 0.66855 -0.00414
v 0.03155 0.68867 -0.00508
v 0.03095 0.67834 -0.00629
v 0.03258 0.70599 -0.00270
v 0.03132 0.67885 -0.00245
v 0.03070 0.66828 -0.00371
v 0.03238 0.69690 -0.00013
v 0.03943 0.81714 0.01519
v 0.03294 0.73472 0.00328
v 0.03328 0.73166 0.00411
v 0.03334 0.73723 0.00239
v 0.03587 0.73249 0.00302
v 0.03559 0.73551 0.00219
v 0.03543 0.73002 0.00393
v 0.03448 0.73730 0.00200
v 0.03433 0.72991 0.00431
v 0.08337 0.88877 -0.00390
v 0.08298 0.87520 -0.00613
v 0.08313 0.87353 -0.00560
v 0.08351 0.88741 -0.00341
v 0.08386 0.89689 -0.00199
v 0.08385 0.90097 -0.00180
v 0.08394 0.89855 -0.00267
v 0.08362 0.88995 -0.00437
v 0.08326 0.87666 -0.00664
v 0.08491 0.88805 -0.00380
v 0.08473 0.87436 -0.00601
v 0.08461 0.87601 -0.00655
v 0.08480 0.88940 -0.00429
v 0.08475 0.89817 -0.00262
v 0.08487 0.90049 -0.00173
v 0.08465 0.89652 -0.00194
v 0.08463 0.88688 -0.00334
v 0.08441 0.87292 -0.00551
v 0.08423 0.89010 -0.00449
v 0.08396 0.87685 -0.00676
v 0.08442 0.90175 -0.00221
v 0.08405 0.88672 -0.00322
v 0.08375 0.87271 -0.00538
v 0.08430 0.89971 -0.00132
v 0.08452 0.86628 -0.00710
v 0.08396 0.85328 -0.00838
v 0.08382 0.85525 -0.00898
v 0.08439 0.86808 -0.00766
v 0.08418 0.86471 -0.00657
v 0.08359 0.85160 -0.00781
v 0.08370 0.86900 -0.00788
v 0.08309 0.85629 -0.00922
v 0.08228 0.85611 -0.00907
v 0.08296 0.86879 -0.00775
v 0.08347 0.86449 -0.00643
v 0.08282 0.85140 -0.00766
v 0.08282 0.86539 -0.00666
v 0.08212 0.85242 -0.00789
v 0.08443 0.90484 -0.00107
v 0.08266 0.86721 -0.00722
v 0.08195 0.85440 -0.00850
v 0.08041 0.82639 -0.01129
v 0.07846 0.79076 -0.01485
v 0.07867 0.78794 -0.01403
v 0.08060 0.82403 -0.01060
v 0.08080 0.82836 -0.01196
v 0.07892 0.79307 -0.01564
v 0.08141 0.82275 -0.01033
v 0.07961 0.78632 -0.01373
v 0.08065 0.78641 -0.01396
v 0.08229 0.82290 -0.01052
v 0.08173 0.82848 -0.01215
v 0.08001 0.79312 -0.01587
v 0.08258 0.82717 -0.01188
v 0.08100 0.79147 -0.01556
v 0.08273 0.82484 -0.01118
v 0.08116 0.78868 -0.01475
v 0.09101 0.75144 -0.05354
v 0.08835 0.75373 -0.05051
v 0.08883 0.75492 -0.05010
v 0.09145 0.75249 -0.05321
v 0.09322 0.75037 -0.05528
v 0.09354 0.74919 -0.05622
v 0.09273 0.74816 -0.05558
v 0.09076 0.74931 -0.05368
v 0.08810 0.75129 -0.05069
v 0.09177 0.74708 -0.05274
v 0.08922 0.74877 -0.04960
v 0.08877 0.74748 -0.04999
v 0.09135 0.74596 -0.05306
v 0.09313 0.74587 -0.05516
v 0.09405 0.74629 -0.05569
v 0.09361 0.74815 -0.05487
v 0.09201 0.74930 -0.05262
v 0.08946 0.75130 -0.04943
v 0.09094 0.74709 -0.05345
v 0.08831 0.74877 -0.05044
v 0.09348 0.74630 -0.05614
v 0.09184 0.75143 -0.05284
v 0.08927 0.75373 -0.04967
v 0.09412 0.74918 -0.05578
v 0.08786 0.75053 -0.04780
v 0.08598 0.75495 -0.04502
v 0.08547 0.75344 -0.04548
v 0.08739 0.74915 -0.04822
v 0.08811 0.75322 -0.04761
v 0.08625 0.75786 -0.04483
v 0.08691 0.75051 -0.04870
v 0.08496 0.75488 -0.04601
v 0.08472 0.75776 -0.04632
v 0.08668 0.75319 -0.04898
v 0.08790 0.75581 -0.04787
v 0.08603 0.76064 -0.04511
v 0.08744 0.75707 -0.04833
v 0.08554 0.76198 -0.04562
v 0.09460 0.74723 -0.05689
v 0.08695 0.75578 -0.04878
v 0.08501 0.76058 -0.04610
v 0.08077 0.77107 -0.04026
v 0.07538 0.78440 -0.03282
v 0.07609 0.78642 -0.03214
v 0.08138 0.77274 -0.03969
v 0.08044 0.76778 -0.04050
v 0.07499 0.78051 -0.03310
v 0.08193 0.77123 -0.03907
v 0.07672 0.78468 -0.03140
v 0.07700 0.78093 -0.03097
v 0.08218 0.76802 -0.03873
v 0.08071 0.76445 -0.04013
v 0.07529 0.77662 -0.03264
v 0.08128 0.76282 -0.03949
v 0.07595 0.77474 -0.03187
v 0.08187 0.76461 -0.03894
v 0.07663 0.77690 -0.03122
v 0.09423 0.86169 -0.03754
v 0.09170 0.84896 -0.03727
v 0.09171 0.84899 -0.03658
v 0.09426 0.86183 -0.03693
v 0.09607 0.87021 -0.03720
v 0.09663 0.87314 -0.03767
v 0.09623 0.86934 -0.03795
v 0.09451 0.86072 -0.03802
v 0.09204 0.84797 -0.03781
v 0.09543 0.85833 -0.03701
v 0.09306 0.84513 -0.03666
v 0.09308 0.84503 -0.03735
v 0.09543 0.85814 -0.03761
v 0.09686 0.86757 -0.03767
v 0.09743 0.87090 -0.03732
v 0.09668 0.86850 -0.03693
v 0.09513 0.85937 -0.03654
v 0.09270 0.84618 -0.03613
v 0.09502 0.85923 -0.03799
v 0.09262 0.84632 -0.03778
v 0.09714 0.87139 -0.03798
v 0.09465 0.86079 -0.03656
v 0.09214 0.84777 -0.03615
v 0.09693 0.87265 -0.03702
v 0.09161 0.83810 -0.03631
v 0.08919 0.82842 -0.03545
v 0.08923 0.82836 -0.03623
v 0.09164 0.83804 -0.03704
v 0.09122 0.83920 -0.03575
v 0.08876 0.82961 -0.03484
v 0.09116 0.83943 -0.03751
v 0.08872 0.82990 -0.03674
v 0.08806 0.83183 -0.03678
v 0.09054 0.84119 -0.03754
v 0.09063 0.84088 -0.03577
v 0.08813 0.83146 -0.03486
v 0.09017 0.84220 -0.03622
v 0.08765 0.83292 -0.03536
v 0.09776 0.87602 -0.03757
v 0.09018 0.84220 -0.03696
v 0.08766 0.83294 -0.03616
v 0.08216 0.81266 -0.03439
v 0.07516 0.78687 -0.03215
v 0.07510 0.78681 -0.03105
v 0.08212 0.81262 -0.03346
v 0.08262 0.81134 -0.03511
v 0.07570 0.78530 -0.03300
v 0.08267 0.81086 -0.03288
v 0.07572 0.78467 -0.03036
v 0.07655 0.78198 -0.03032
v 0.08339 0.80864 -0.03285
v 0.08337 0.80903 -0.03507
v 0.07657 0.78249 -0.03293
v 0.08394 0.80717 -0.03447
v 0.07722 0.78023 -0.03223
v 0.08388 0.80723 -0.03356
v 0.07713 0.78028 -0.03115
v 0.05065 0.81163 -0.00080
v 0.04841 0.79887 -0.00083
v 0.04838 0.79874 -0.00016
v 0.05065 0.81162 -0.00021
v 0.05227 0.82008 -0.00028
v 0.05278 0.82310 -0.00067
v 0.05247 0.81946 -0.00100
v 0.05095 0.81088 -0.00126
v 0.04876 0.79813 -0.00134
v 0.05182 0.80856 -0.00029
v 0.04973 0.79537 -0.00024
v 0.04978 0.79545 -0.00090
v 0.05184 0.80852 -0.00087
v 0.05308 0.81784 -0.00073
v 0.05356 0.82106 -0.00033
v 0.05286 0.81851 -0.00002
v 0.05150 0.80937 0.00016
v 0.04935 0.79618 0.00026
v 0.05145 0.80957 -0.00123
v 0.04934 0.79668 -0.00131
v 0.05330 0.82162 -0.00096
v 0.05102 0.81063 0.00014
v 0.04880 0.79757 0.00024
v 0.05305 0.82254 -0.00004
v 0.04844 0.78828 -0.00007
v 0.04623 0.77831 0.00052
v 0.04630 0.77844 -0.00023
v 0.04850 0.78840 -0.00076
v 0.04803 0.78910 0.00047
v 0.04579 0.77921 0.00110
v 0.04803 0.78973 -0.00121
v 0.04581 0.77992 -0.00071
v 0.04515 0.78162 -0.00075
v 0.04742 0.79127 -0.00124
v 0.04744 0.79058 0.00045
v 0.04516 0.78084 0.00108
v 0.04700 0.79184 0.00001
v 0.04469 0.78224 0.00061
v 0.05382 0.82607 -0.00048
v 0.04704 0.79203 -0.00069
v 0.04474 0.78245 -0.00015
v 0.03970 0.76149 0.00102
v 0.03331 0.73485 0.00250
v 0.03321 0.73451 0.00355
v 0.03964 0.76123 0.00190
v 0.04019 0.76051 0.00033
v 0.03388 0.73366 0.00169
v 0.04016 0.75953 0.00245
v 0.03381 0.73244 0.00420
v 0.03464 0.73006 0.00424
v 0.04088 0.75757 0.00248
v 0.04094 0.75846 0.00037
v 0.03475 0.73117 0.00175
v 0.04149 0.75667 0.00094
v 0.03538 0.72899 0.00242
v 0.04140 0.75650 0.00181
v 0.03525 0.72876 0.00345
v 0.02451 0.65178 -0.01753
v 0.02537 0.64570 -0.01796
v 0.02295 0.65528 -0.01776
v 0.02174 0.64142 -0.02014
v 0.02082 0.64774 -0.01971
v 0.02335 0.63769 -0.01992
v 0.02477 0.64006 -0.01897
v 0.02147 0.65315 -0.01870
v 0.01284 0.58121 0.00714
v 0.01101 0.58483 0.00480
v 0.01318 0.57959 0.01025
v 0.01127 0.58183 0.01224
v 0.00865 0.58576 0.01246
v 0.00688 0.58924 0.01025
v 0.00659 0.59071 0.00726
v 0.00845 0.58862 0.00514
v -0.03368 0.40555 0.02084
v -0.03344 0.40630 0.02158
v -0.02747 0.38601 0.02103
v -0.02781 0.38532 0.02014
v -0.02843 0.38318 0.01967
v -0.03414 0.40360 0.02043
v -0.03681 0.41302 0.02103
v -0.03745 0.41774 0.02142
v -0.03635 0.41501 0.02182
v -0.03462 0.40075 0.02219
v -0.03487 0.39991 0.02147
v -0.02930 0.37875 0.02091
v -0.02894 0.37954 0.02176
v -0.02830 0.38178 0.02221
v -0.03413 0.40279 0.02257
v -0.03683 0.41256 0.02251
v -0.03808 0.41454 0.02231
v -0.03731 0.41049 0.02174
v -0.03463 0.40129 0.02076
v -0.02902 0.38048 0.02007
v -0.03805 0.41478 0.02136
v -0.03366 0.40501 0.02226
v -0.02772 0.38438 0.02184
v -0.03747 0.41750 0.02237
v -0.00896 0.32083 0.01814
v -0.00832 0.32127 0.01942
v -0.00601 0.31378 0.01937
v -0.00667 0.31342 0.01810
v -0.00775 0.31093 0.01742
v -0.01002 0.31826 0.01746
v -0.01386 0.33138 0.01777
v -0.01287 0.33394 0.01843
v -0.01228 0.33446 0.01966
v -0.01063 0.31231 0.02053
v -0.01131 0.31172 0.01930
v -0.00903 0.30438 0.01926
v -0.00834 0.30490 0.02049
v -0.00723 0.30754 0.02112
v -0.00954 0.31503 0.02117
v -0.01345 0.32849 0.02133
v -0.01447 0.32578 0.02072
v -0.01509 0.32511 0.01953
v -0.01095 0.31446 0.01806
v -0.00869 0.30716 0.01802
v -0.01474 0.32771 0.01835
v -0.00864 0.31868 0.02061
v -0.00632 0.31116 0.02057
v -0.01260 0.33201 0.02080
v -0.03897 0.42047 0.02198
v -0.02001 0.35844 0.01922
v -0.01954 0.35905 0.02029
v -0.02083 0.35607 0.01864
v -0.02140 0.35137 0.02120
v -0.02190 0.35063 0.02017
v -0.02056 0.35388 0.02174
v -0.02158 0.35283 0.01914
v -0.01983 0.35698 0.02128
v -0.04630 0.34815 0.01986
v -0.04624 0.34997 0.02023
v -0.04233 0.34847 0.02018
v -0.04243 0.34642 0.01977
v -0.04255 0.34385 0.01975
v -0.04638 0.34586 0.01985
v -0.04896 0.34774 0.02007
v -0.04984 0.34983 0.02009
v -0.04889 0.35061 0.02032
v -0.04637 0.34627 0.02127
v -0.04643 0.34441 0.02093
v -0.04261 0.34221 0.02098
v -0.04251 0.34429 0.02137
v -0.04238 0.34690 0.02135
v -0.04629 0.34859 0.02126
v -0.04893 0.34965 0.02104
v -0.04988 0.34858 0.02103
v -0.04900 0.34675 0.02081
v -0.04643 0.34444 0.02033
v -0.04262 0.34225 0.02030
v -0.04989 0.34734 0.02040
v -0.04624 0.34997 0.02080
v -0.04232 0.34846 0.02083
v -0.04983 0.35107 0.02072
v -0.04031 0.34399 0.02140
v -0.04043 0.34179 0.02099
v -0.03709 0.34297 0.02097
v -0.03695 0.34536 0.02141
v -0.03680 0.34836 0.02139
v -0.04017 0.34677 0.02138
v -0.04045 0.34184 0.02027
v -0.04038 0.34353 0.01969
v -0.03706 0.34484 0.01956
v -0.03712 0.34301 0.02019
v -0.04010 0.34842 0.02083
v -0.03673 0.35015 0.02079
v -0.03676 0.35015 0.02004
v -0.04012 0.34843 0.02014
v -0.05103 0.34987 0.02056
v -0.04024 0.34627 0.01970
v -0.03690 0.34780 0.01957
v -0.02961 0.35116 0.01930
v -0.02943 0.35391 0.01984
v -0.02011 0.35869 0.01958
v -0.02033 0.35543 0.01895
v -0.02053 0.35135 0.01895
v -0.02978 0.34771 0.01929
v -0.02937 0.35392 0.02071
v -0.02942 0.35185 0.02140
v -0.02005 0.35628 0.02142
v -0.02001 0.35872 0.02060
v -0.02983 0.34558 0.02003
v -0.02057 0.34885 0.01981
v -0.02047 0.34882 0.02088
v -0.02977 0.34554 0.02093
v -0.02960 0.34834 0.02143
v -0.02025 0.35214 0.02146
v 0.04902 0.54673 0.02257
v 0.04914 0.54738 0.02334
v 0.04650 0.51883 0.02531
v 0.04638 0.51833 0.02437
v 0.04576 0.51888 0.02367
v 0.04848 0.54695 0.02200
v 0.04969 0.56039 0.02143
v 0.05050 0.56489 0.02152
v 0.05017 0.56080 0.02235
v 0.04737 0.55024 0.02337
v 0.04722 0.54966 0.02261
v 0.04424 0.52213 0.02440
v 0.04439 0.52256 0.02533
v 0.04504 0.52193 0.02602
v 0.04794 0.54995 0.02393
v 0.04933 0.56260 0.02275
v 0.04941 0.56724 0.02205
v 0.04882 0.56224 0.02185
v 0.04773 0.54825 0.02208
v 0.04487 0.52052 0.02376
v 0.04963 0.56575 0.02121
v 0.04866 0.54872 0.02386
v 0.04590 0.52036 0.02594
v 0.05028 0.56638 0.02237
v 0.03797 0.42766 0.03036
v 0.03806 0.42766 0.03179
v 0.03710 0.41700 0.03272
v 0.03701 0.41711 0.03128
v 0.03619 0.41877 0.03020
v 0.03714 0.42923 0.02929
v 0.03887 0.44754 0.02798
v 0.03967 0.44617 0.02900
v 0.03978 0.44630 0.03037
v 0.03504 0.43391 0.03178
v 0.03489 0.43403 0.03038
v 0.03394 0.42358 0.03129
v 0.03408 0.42336 0.03270
v 0.03495 0.42158 0.03375
v 0.03592 0.43223 0.03283
v 0.03772 0.45068 0.03136
v 0.03687 0.45216 0.03036
v 0.03671 0.45214 0.02902
v 0.03585 0.43191 0.02942
v 0.03491 0.42149 0.03033
v 0.03763 0.45007 0.02811
v 0.03715 0.42966 0.03273
v 0.03618 0.41897 0.03365
v 0.03891 0.44826 0.03126
v 0.05054 0.57192 0.02140
v 0.04287 0.48060 0.02676
v 0.04298 0.48092 0.02793
v 0.04215 0.48158 0.02588
v 0.04044 0.48579 0.02794
v 0.04028 0.48557 0.02679
v 0.04120 0.48471 0.02879
v 0.04107 0.48370 0.02600
v 0.04224 0.48269 0.02870
v 0.03175 0.56664 0.01608
v 0.03212 0.56768 0.01644
v 0.03307 0.55383 0.01807
v 0.03263 0.55278 0.01764
v 0.03200 0.55222 0.01757
v 0.03119 0.56604 0.01603
v 0.03074 0.57581 0.01513
v 0.03093 0.57958 0.01479
v 0.03139 0.57704 0.01540
v 0.03105 0.56839 0.01732
v 0.03065 0.56738 0.01698
v 0.03139 0.55374 0.01865
v 0.03184 0.55475 0.01905
v 0.03249 0.55528 0.01910
v 0.03161 0.56896 0.01735
v 0.03103 0.57793 0.01603
v 0.03047 0.58074 0.01561
v 0.03037 0.57673 0.01578
v 0.03076 0.56644 0.01644
v 0.03151 0.55272 0.01803
v 0.03029 0.57933 0.01504
v 0.03203 0.56859 0.01696
v 0.03296 0.55481 0.01866
v 0.03112 0.58099 0.01536
v 0.03249 0.54728 0.02002
v 0.03200 0.54624 0.01959
v 0.03338 0.53535 0.02100
v 0.03390 0.53644 0.02147
v 0.03465 0.53700 0.02152
v 0.03318 0.54779 0.02007
v 0.03213 0.54518 0.01892
v 0.03265 0.54465 0.01843
v 0.03406 0.53371 0.01975
v 0.03351 0.53424 0.02028
v 0.03368 0.54730 0.01961
v 0.03519 0.53651 0.02101
v 0.03531 0.53544 0.02033
v 0.03379 0.54628 0.01897
v 0.03047 0.58437 0.01470
v 0.03333 0.54521 0.01852
v 0.03480 0.53431 0.01983
v 0.03802 0.51047 0.02271
v 0.03862 0.51174 0.02329
v 0.04283 0.48160 0.02705
v 0.04211 0.48015 0.02637
v 0.04110 0.47931 0.02627
v 0.03716 0.50976 0.02262
v 0.03850 0.51289 0.02409
v 0.03788 0.51340 0.02469
v 0.04198 0.48338 0.02873
v 0.04270 0.48287 0.02801
v 0.03653 0.51031 0.02325
v 0.04036 0.47988 0.02703
v 0.04021 0.48119 0.02803
v 0.03639 0.51150 0.02410
v 0.03701 0.51273 0.02463
v 0.04095 0.48259 0.02866
v -0.00724 0.20687 0.01012
v -0.00146 0.19838 0.01222
v -0.01302 0.21536 0.01230
v -0.00724 0.20687 0.02722
v -0.01302 0.21536 0.02504
v -0.00146 0.19838 0.02512
v 0.00047 0.19555 0.01867
v -0.01495 0.21819 0.01867
vn 0.4840 0.7056 0.5176
vn 0.5610 0.6724 0.4828
vn 0.4851 0.8408 -0.2404
vn 0.4766 0.8506 -0.2219
vn 0.4390 0.8732 -0.2116
vn 0.2424 0.8016 0.5465
vn 0.1154 0.1821 0.9765
vn 0.1749 0.1541 0.9724
vn 0.2929 0.1156 0.9491
vn -0.5628 -0.6313 -0.5336
vn -0.6004 -0.6329 -0.4888
vn -0.5176 -0.8099 0.2759
vn -0.5650 -0.7922 0.2306
vn -0.6057 -0.7633 0.2248
vn -0.7367 -0.4822 -0.4741
vn -0.2775 -0.0662 -0.9585
vn -0.2573 -0.0857 -0.9625
vn -0.3440 -0.0734 -0.9361
vn -0.2548 -0.4656 0.8475
vn -0.1465 -0.4933 0.8575
vn -0.4595 -0.3110 0.8320
vn 0.1726 0.5242 -0.8339
vn 0.1064 0.5350 -0.8381
vn -0.0278 0.6350 -0.7720
vn -0.0676 -0.5929 -0.8025
vn -0.0740 -0.5931 -0.8017
vn -0.6572 -0.7062 -0.2634
vn -0.6488 -0.7107 -0.2719
vn -0.6025 -0.7527 -0.2654
vn -0.0586 -0.5882 -0.8066
vn 0.5014 -0.0813 -0.8614
vn 0.5347 -0.1180 -0.8367
vn 0.5350 -0.1135 -0.8372
vn 0.0897 0.6320 0.7697
vn 0.0833 0.6319 0.7706
vn 0.6430 0.7268 0.2415
vn 0.6431 0.7253 0.2457
vn 0.6097 0.7614 0.2203
vn 0.0988 0.6362 0.7651
vn -0.4896 0.1263 0.8628
vn -0.5385 0.1474 0.8296
vn -0.5483 0.1412 0.8242
vn 0.8163 0.4132 -0.4036
vn 0.8147 0.4150 -0.4049
vn 0.7691 0.4646 -0.4389
vn -0.8267 -0.4007 0.3949
vn -0.8291 -0.3977 0.3929
vn -0.7788 -0.4547 0.4322
vn 0.5823 0.6120 -0.5351
vn 0.6026 0.5992 -0.5271
vn 0.3703 0.0076 -0.9289
vn 0.3484 0.0177 -0.9372
vn 0.3092 0.0393 -0.9502
vn 0.3621 0.7174 -0.5952
vn 0.4192 0.8956 0.1490
vn 0.4584 0.8739 0.1618
vn 0.4800 0.8613 0.1668
vn -0.6614 -0.5581 0.5010
vn -0.6421 -0.5723 0.5101
vn -0.4045 0.0364 0.9138
vn -0.4249 0.0495 0.9039
vn -0.4615 0.0724 0.8842
vn -0.8216 -0.4068 0.3992
vn -0.5722 -0.7895 -0.2221
vn -0.5363 -0.8177 -0.2092
vn -0.5161 -0.8325 -0.2015
vn -0.1071 -0.5728 -0.8127
vn -0.0844 -0.5842 -0.8072
vn -0.3112 -0.4329 -0.8460
vn 0.0501 0.6506 0.7577
vn 0.0730 0.6404 0.7646
vn -0.1608 0.7374 0.6560
vn 0.0955 0.6446 0.7585
vn 0.5302 0.8306 0.1703
vn 0.4753 0.8648 0.1621
vn 0.0777 0.6360 0.7678
vn -0.3907 0.0202 0.9203
vn -0.4123 0.0657 0.9087
vn -0.0617 -0.5795 -0.8126
vn -0.5261 -0.8195 -0.2275
vn -0.5017 -0.8441 -0.1891
vn -0.0797 -0.5888 -0.8043
vn 0.3659 0.0135 -0.9306
vn 0.4224 -0.0082 -0.9064
vn -0.6709 -0.5509 0.4964
vn -0.6218 -0.5864 0.5191
vn 0.6602 0.5590 -0.5016
vn 0.5917 0.6062 -0.5315
vn -0.7788 0.5303 -0.3352
vn 0.0744 0.6404 0.7645
vn 0.4800 0.8617 0.1644
vn -0.4026 0.0336 0.9148
vn -0.0829 -0.5842 -0.8074
vn -0.5141 -0.8343 -0.1992
vn 0.3705 0.0101 -0.9288
vn -0.6390 -0.5745 0.5115
vn 0.6009 0.6003 -0.5278
vn 0.8070 -0.1425 -0.5731
vn 0.8184 -0.1539 -0.5536
vn 0.3272 -0.7202 -0.6118
vn 0.3130 -0.7103 -0.6305
vn 0.2893 -0.6890 -0.6645
vn 0.6661 -0.0255 -0.7454
vn 0.8027 0.5425 -0.2479
vn 0.8263 0.5210 -0.2139
vn 0.8390 0.5074 -0.1964
vn -0.8498 0.1876 0.4927
vn -0.8398 0.1764 0.5135
vn -0.3356 0.7535 0.5654
vn -0.3471 0.7638 0.5442
vn -0.3678 0.7808 0.5050
vn -0.9158 0.2867 0.2812
vn -0.8845 -0.4586 0.0857
vn -0.8669 -0.4832 0.1223
vn -0.8565 -0.4960 0.1426
vn -0.3726 -0.8598 -0.3491
vn -0.3583 -0.8727 -0.3316
vn -0.4825 -0.7087 -0.5147
vn 0.3609 0.8996 0.2461
vn 0.3758 0.8883 0.2642
vn 0.2191 0.9742 0.0546
vn 0.3799 0.8809 0.2824
vn 0.4397 0.8650 0.2417
vn 0.8457 0.4628 -0.2658
vn 0.8308 0.5138 -0.2139
vn 0.8366 0.5086 -0.2035
vn 0.3778 0.8855 0.2704
vn -0.3314 0.7414 0.5835
vn -0.3198 0.7207 0.6151
vn -0.2542 0.7432 0.6189
vn -0.3545 -0.8809 -0.3136
vn -0.2917 -0.8894 -0.3519
vn -0.8021 -0.5712 0.1742
vn -0.8346 -0.5143 0.1973
vn -0.8496 -0.5016 0.1630
vn -0.3565 -0.8758 -0.3255
vn 0.3263 -0.7156 -0.6176
vn 0.3210 -0.7092 -0.6277
vn 0.3762 -0.6634 -0.6468
vn -0.8078 0.1433 0.5717
vn -0.7929 0.1290 0.5956
vn -0.8290 0.1648 0.5345
vn 0.8011 -0.1368 -0.5827
vn 0.7945 -0.1305 -0.5931
vn 0.8123 -0.1478 -0.5642
vn -0.4212 0.4433 -0.7913
vn 0.3770 0.8876 0.2645
vn 0.8392 0.5062 -0.1986
vn -0.3354 0.7514 0.5682
vn -0.3571 -0.8733 -0.3313
vn -0.8556 -0.4966 0.1460
vn 0.3287 -0.7185 -0.6130
vn -0.8382 0.1746 0.5167
vn 0.8175 -0.1530 -0.5552
vn -0.9958 0.0850 0.0334
vn -0.9952 0.0026 0.0976
vn -0.6673 0.4277 0.6097
vn -0.6770 0.4861 0.5526
vn -0.6764 0.4666 0.5699
vn -0.9968 0.0609 0.0523
vn -0.7836 -0.3676 -0.5009
vn -0.7839 -0.3460 -0.5155
vn -0.7758 -0.4166 -0.4739
vn 0.9969 -0.0416 -0.0674
vn 0.9948 0.0024 -0.1014
vn 0.6585 -0.4214 -0.6236
vn 0.6767 -0.4402 -0.5901
vn 0.6914 -0.3756 -0.6172
vn 0.9911 0.0370 -0.1280
vn 0.7955 0.4345 0.4225
vn 0.7838 0.3937 0.4802
vn 0.7682 0.4323 0.4722
vn 0.0864 0.6348 0.7678
vn 0.0827 0.6213 0.7792
vn 0.1044 0.6352 0.7653
vn -0.0710 -0.5900 -0.8043
vn -0.0747 -0.6039 -0.7935
vn -0.0529 -0.5892 -0.8062
vn -0.9505 -0.1917 0.2445
vn -0.5964 0.3149 0.7383
vn -0.7108 -0.5754 -0.4045
vn 0.9083 0.2811 -0.3099
vn 0.6374 -0.1896 -0.7469
vn 0.7402 0.6110 0.2807
vn 0.1408 0.6387 0.7565
vn -0.0162 -0.5834 -0.8121
vn 0.3635 0.8615 0.3545
vn 0.3510 0.8909 0.2882
vn 0.0752 0.9023 -0.4246
vn 0.1125 0.9242 -0.3651
vn 0.1247 0.9214 -0.3680
vn 0.3521 0.8659 0.3552
vn 0.3599 0.2847 0.8885
vn 0.3939 0.2694 0.8788
vn 0.4202 0.3244 0.8475
vn -0.3806 -0.8408 -0.3850
vn -0.3901 -0.8044 -0.4482
vn -0.1350 -0.9457 0.2958
vn -0.1278 -0.9240 0.3604
vn -0.1647 -0.9155 0.3672
vn -0.3919 -0.8360 -0.3840
vn -0.3924 -0.2615 -0.8818
vn -0.4037 -0.2569 -0.8781
vn -0.4005 -0.1859 -0.8972
vn 0.1890 -0.4596 0.8678
vn 0.2143 -0.4664 0.8582
vn 0.1460 -0.4471 0.8825
vn -0.2002 0.4627 -0.8636
vn -0.2113 0.4656 -0.8594
vn -0.1788 0.4567 -0.8715
vn -0.8275 0.5527 0.0986
vn 0.5525 0.7188 0.4220
vn 0.4247 0.8288 0.3643
vn 0.1658 0.9167 -0.3636
vn 0.3348 0.8891 -0.3120
vn 0.3967 0.1143 0.9108
vn 0.3975 0.2239 0.8899
vn -0.5934 -0.6875 -0.4186
vn -0.4875 -0.7773 -0.3978
vn -0.2618 -0.9042 0.3374
vn -0.4040 -0.8585 0.3158
vn -0.4716 -0.1249 -0.8729
vn -0.4489 -0.2055 -0.8697
vn 0.0053 -0.5171 0.8559
vn 0.1101 -0.4863 0.8668
vn -0.0970 0.5267 -0.8445
vn -0.1842 0.4844 -0.8552
vn 0.7783 0.1752 0.6029
vn 0.7709 0.1552 0.6178
vn 0.9057 -0.4043 0.1273
vn 0.9158 -0.3850 0.1141
vn 0.9324 -0.3509 0.0869
vn 0.8319 0.3488 0.4316
vn 0.2013 0.6965 0.6888
vn 0.1846 0.6669 0.7219
vn 0.1749 0.6501 0.7395
vn -0.7154 -0.1357 -0.6854
vn -0.7242 -0.1560 -0.6718
vn -0.8860 0.4293 -0.1755
vn -0.8741 0.4466 -0.1912
vn -0.8510 0.4775 -0.2188
vn -0.5969 0.0514 -0.8007
vn -0.1132 -0.5685 -0.8149
vn -0.1295 -0.6025 -0.7875
vn -0.1365 -0.6213 -0.7716
vn -0.4992 0.7725 0.3924
vn -0.5103 0.7565 0.4091
vn -0.3792 0.8981 0.2229
vn 0.5410 -0.7061 -0.4569
vn 0.5312 -0.7233 -0.4413
vn 0.6198 -0.5114 -0.5952
vn 0.7606 0.1463 0.6326
vn 0.7960 0.0910 0.5984
vn 0.9019 -0.4292 0.0485
vn 0.9128 -0.3927 0.1123
vn 0.9080 -0.4011 0.1209
vn 0.7675 0.1515 0.6229
vn 0.1611 0.6385 0.7525
vn 0.1396 0.6151 0.7760
vn 0.1902 0.5726 0.7975
vn -0.7351 -0.1650 -0.6575
vn -0.6935 -0.2190 -0.6863
vn -0.9257 0.3403 -0.1650
vn -0.9089 0.3969 -0.1283
vn -0.8942 0.4189 -0.1576
vn -0.7279 -0.1597 -0.6669
vn -0.1314 -0.6175 -0.7756
vn -0.1256 -0.6088 -0.7833
vn -0.0542 -0.6281 -0.7762
vn -0.5403 0.7073 0.4558
vn -0.5523 0.6851 0.4750
vn -0.5213 0.7395 0.4259
vn 0.5459 -0.6972 -0.4646
vn 0.5510 -0.6875 -0.4730
vn 0.5365 -0.7140 -0.4498
vn 0.4112 0.6544 -0.6346
vn 0.7710 0.1538 0.6180
vn 0.9057 -0.4050 0.1249
vn 0.1724 0.6485 0.7414
vn -0.7241 -0.1574 -0.6715
vn -0.8872 0.4280 -0.1724
vn -0.1341 -0.6214 -0.7719
vn -0.5120 0.7539 0.4117
vn 0.5320 -0.7219 -0.4426
vn 0.6698 0.1570 0.7257
vn 0.6662 0.1565 0.7292
vn 0.8768 -0.4033 0.2618
vn 0.8630 -0.4216 0.2783
vn 0.8809 -0.3966 0.2583
vn 0.7615 0.3178 0.5648
vn 0.1164 0.7060 0.6986
vn 0.0877 0.6773 0.7305
vn 0.0520 0.6511 0.7572
vn -0.5940 -0.1200 -0.7955
vn -0.6241 -0.1478 -0.7672
vn -0.8504 0.4335 -0.2981
vn -0.8058 0.4804 -0.3462
vn -0.7705 0.5145 -0.3764
vn -0.4428 0.0578 -0.8948
vn -0.0003 -0.5868 -0.8097
vn -0.0235 -0.6152 -0.7880
vn -0.0320 -0.6157 -0.7873
vn -0.5221 0.8034 0.2864
vn -0.5677 0.7546 0.3292
vn -0.3605 0.9232 0.1330
vn 0.5764 -0.7410 -0.3446
vn 0.5886 -0.7230 -0.3617
vn 0.6846 -0.5615 -0.4648
vn -0.6520 -0.1744 -0.7379
vn -0.6537 -0.1994 -0.7300
vn -0.9275 0.3160 -0.1997
vn -0.9009 0.3662 -0.2332
vn -0.0150 -0.5881 -0.8086
vn 0.0161 -0.5748 -0.8181
vn -0.6208 0.6826 0.3856
vn -0.6464 0.6355 0.4224
vn 0.0234 0.6005 0.7992
vn 0.0203 0.6220 0.7827
vn 0.6358 -0.6490 -0.4178
vn 0.6623 -0.6041 -0.4432
vn 0.9222 -0.3323 0.1977
vn 0.9425 -0.2945 0.1581
vn 0.5531 0.6119 -0.5654
vn 0.6856 0.1846 0.7042
vn 0.7054 0.1959 0.6812
vn 0.7015 0.1998 0.6841
vn 0.7393 0.1603 0.6541
vn 0.9388 -0.3252 0.1136
vn 0.9427 -0.2924 0.1610
vn 0.0208 0.6013 0.7987
vn 0.0804 0.5815 0.8096
vn 0.6621 -0.6041 -0.4435
vn 0.6645 -0.6034 -0.4408
vn 0.0822 -0.5932 -0.8008
vn 0.0182 -0.5755 -0.8176
vn -0.6467 0.6353 0.4220
vn -0.6449 0.6359 0.4239
vn -0.9276 0.3136 -0.2032
vn -0.9270 0.2781 -0.2515
vn -0.6495 -0.2033 -0.7326
vn -0.6022 -0.2452 -0.7597
vn 0.0591 0.8426 0.5352
vn 0.0632 0.8409 0.5375
vn 0.0386 0.9772 -0.2088
vn 0.0669 0.9755 -0.2096
vn 0.0304 0.9779 -0.2067
vn -0.1855 0.8249 0.5339
vn -0.0686 0.2113 0.9750
vn -0.0175 0.2046 0.9787
vn 0.0318 0.1892 0.9814
vn -0.1599 -0.8106 -0.5634
vn -0.1111 -0.8201 -0.5613
vn -0.0925 -0.9747 0.2036
vn -0.1724 -0.9644 0.2005
vn -0.2288 -0.9525 0.2012
vn -0.4031 -0.7553 -0.5167
vn -0.1288 -0.1784 -0.9755
vn -0.0867 -0.1841 -0.9791
vn -0.0822 -0.1912 -0.9781
vn -0.1090 -0.5407 0.8341
vn -0.0307 -0.5535 0.8323
vn -0.3532 -0.4838 0.8007
vn 0.0085 0.5522 -0.8337
vn -0.0191 0.5523 -0.8334
vn -0.2299 0.5606 -0.7955
vn -0.0634 -0.8274 -0.5580
vn -0.0415 -0.8201 -0.5707
vn 0.0787 -0.9781 0.1925
vn 0.0137 -0.9790 0.2036
vn -0.1208 -0.1907 -0.9742
vn -0.1490 -0.1697 -0.9742
vn 0.0742 -0.5624 0.8235
vn 0.1389 -0.5600 0.8167
vn 0.1032 0.1917 0.9760
vn 0.0804 0.1776 0.9808
vn -0.1226 0.5556 -0.8224
vn -0.1792 0.5590 -0.8096
vn -0.0671 0.9764 -0.2052
vn -0.1252 0.9704 -0.2065
vn -0.9911 0.1328 0.0055
vn 0.0208 0.8420 0.5390
vn -0.0095 0.8481 0.5297
vn -0.0085 0.8449 0.5349
vn -0.0184 0.8761 0.4818
vn -0.1317 0.9570 -0.2586
vn -0.1248 0.9712 -0.2031
vn 0.1035 0.1891 0.9765
vn 0.0970 0.2510 0.9631
vn -0.1792 0.5587 -0.8098
vn -0.1791 0.5617 -0.8077
vn -0.1554 -0.0998 -0.9828
vn -0.1491 -0.1676 -0.9745
vn 0.1389 -0.5605 0.8164
vn 0.1389 -0.5583 0.8179
vn 0.0781 -0.9790 0.1884
vn 0.0704 -0.9890 0.1298
vn -0.0425 -0.8165 -0.5757
vn -0.0532 -0.7751 -0.6296
vn 0.3831 0.6648 0.6414
vn 0.3819 0.6617 0.6452
vn 0.8771 0.4692 0.1031
vn 0.8860 0.4479 0.1195
vn 0.8736 0.4763 0.0998
vn 0.2846 0.8266 0.4856
vn -0.3824 0.5528 0.7404
vn -0.3716 0.5142 0.7730
vn -0.3677 0.4714 0.8016
vn -0.3786 -0.5856 -0.7168
vn -0.3699 -0.6249 -0.6875
vn -0.8911 -0.4317 -0.1396
vn -0.9095 -0.3704 -0.1885
vn -0.9205 -0.3232 -0.2198
vn -0.4460 -0.3630 -0.8181
vn 0.3390 -0.3941 -0.8542
vn 0.3512 -0.4286 -0.8324
vn 0.3468 -0.4357 -0.8306
vn -0.9000 0.0819 0.4282
vn -0.8815 0.0183 0.4719
vn -0.9237 0.2751 0.2666
vn 0.8734 -0.0040 -0.4869
vn 0.8637 0.0157 -0.5038
vn 0.7761 0.1843 -0.6030
vn -0.3607 -0.6616 -0.6574
vn -0.3406 -0.6777 -0.6517
vn -0.8280 -0.5590 -0.0433
vn -0.8573 -0.5093 -0.0751
vn 0.3316 -0.4066 -0.8513
vn 0.3379 -0.3742 -0.8636
vn -0.8469 -0.0645 0.5278
vn -0.8189 -0.1114 0.5630
vn -0.3380 0.4203 0.8421
vn -0.3594 0.4299 0.8282
vn 0.8241 0.0950 -0.5584
vn 0.8001 0.1420 -0.5828
vn 0.8376 0.5448 0.0405
vn 0.8133 0.5818 0.0023
vn -0.2473 0.7808 -0.5738
vn 0.3671 0.6929 0.6206
vn 0.3662 0.7143 0.5964
vn 0.3613 0.7137 0.6001
vn 0.4102 0.7185 0.5617
vn 0.8286 0.5581 -0.0440
vn 0.8122 0.5833 0.0053
vn -0.3402 0.4187 0.8420
vn -0.2877 0.4547 0.8429
vn 0.8000 0.1417 -0.5830
vn 0.8013 0.1443 -0.5806
vn 0.3941 -0.3317 -0.8571
vn 0.3397 -0.3730 -0.8634
vn -0.8191 -0.1118 0.5627
vn -0.8182 -0.1099 0.5644
vn -0.8267 -0.5607 -0.0470
vn -0.8058 -0.5840 -0.0981
vn -0.3355 -0.6768 -0.6553
vn -0.2786 -0.6657 -0.6923
vn 0.3938 0.6409 0.6589
vn 0.3922 0.6380 0.6626
vn 0.9020 0.4045 0.1510
vn 0.9084 0.3828 0.1680
vn 0.8993 0.4118 0.1474
vn 0.3166 0.8080 0.4968
vn -0.3822 0.5864 0.7142
vn -0.3762 0.5474 0.7476
vn -0.3771 0.5046 0.7766
vn -0.3792 -0.5630 -0.7343
vn -0.3752 -0.6025 -0.7044
vn -0.9112 -0.3665 -0.1884
vn -0.9222 -0.3044 -0.2387
vn -0.9278 -0.2568 -0.2707
vn -0.4242 -0.3370 -0.8406
vn 0.3572 -0.4260 -0.8312
vn 0.3656 -0.4611 -0.8085
vn 0.3606 -0.4678 -0.8070
vn -0.9144 0.1518 0.3752
vn -0.9032 0.0874 0.4202
vn -0.9146 0.3447 0.2115
vn 0.8971 -0.0727 -0.4358
vn 0.8898 -0.0525 -0.4532
vn 0.8208 0.1211 -0.5583
vn -0.3704 -0.6395 -0.6736
vn -0.3520 -0.6570 -0.6667
vn -0.8632 -0.4971 -0.0880
vn -0.8869 -0.4456 -0.1217
vn 0.3488 -0.4379 -0.8286
vn 0.3581 -0.4062 -0.8407
vn -0.8781 0.0029 0.4784
vn -0.8557 -0.0457 0.5155
vn -0.3535 0.4519 0.8190
vn -0.3734 0.4630 0.8039
vn 0.8594 0.0290 -0.5104
vn 0.8404 0.0773 -0.5364
vn 0.8718 0.4822 0.0859
vn 0.8526 0.5206 0.0461
vn -0.1559 0.7913 -0.5912
vn 0.3813 0.6699 0.6371
vn 0.3833 0.6911 0.6128
vn 0.3782 0.6909 0.6162
vn 0.4294 0.6917 0.5806
vn 0.8687 0.4954 0.0009
vn 0.8514 0.5222 0.0490
vn -0.3558 0.4505 0.8188
vn -0.3010 0.4826 0.8225
vn 0.8403 0.0771 -0.5367
vn 0.8416 0.0796 -0.5343
vn 0.4168 -0.3679 -0.8312
vn 0.3600 -0.4051 -0.8404
vn -0.8559 -0.0460 0.5151
vn -0.8549 -0.0442 0.5169
vn -0.8618 -0.4989 -0.0916
vn -0.8398 -0.5242 -0.1413
vn -0.3466 -0.6565 -0.6700
vn -0.2870 -0.6500 -0.7037
vn 0.6681 0.3087 0.6770
vn 0.6600 0.2216 0.7179
vn 0.9706 0.2374 0.0410
vn 0.9437 0.3299 -0.0235
vn 0.9214 0.3869 -0.0361
vn 0.5486 0.5385 0.6396
vn -0.0348 0.1826 0.9826
vn -0.0277 0.1298 0.9912
vn -0.0746 0.0671 0.9950
vn -0.6684 -0.2077 -0.7142
vn -0.6267 -0.1785 -0.7586
vn -0.9711 -0.2345 -0.0451
vn -0.9711 -0.2388 0.0052
vn -0.9803 -0.1971 0.0127
vn -0.7353 0.0230 -0.6774
vn -0.0180 0.0096 -0.9998
vn 0.0165 -0.0267 -0.9995
vn 0.1150 -0.0168 -0.9932
vn -0.7036 -0.1024 0.7032
vn -0.7467 -0.1339 0.6515
vn -0.7354 0.1351 0.6640
vn 0.6794 0.1916 -0.7083
vn 0.7577 0.1423 -0.6369
vn 0.5598 0.4243 -0.7118
vn 0.3029 -0.0287 0.9526
vn 0.3644 -0.0618 0.9292
vn 0.8583 -0.3162 0.4042
vn 0.8279 -0.3054 0.4705
vn 0.8222 -0.3167 0.4730
vn 0.3108 -0.0194 0.9503
vn -0.4001 0.3109 0.8621
vn -0.4210 0.2784 0.8633
vn -0.3752 0.2389 0.8956
vn -0.2645 0.0224 -0.9641
vn -0.2007 -0.0110 -0.9796
vn -0.7986 0.2769 -0.5344
vn -0.8188 0.3142 -0.4804
vn -0.8002 0.3469 -0.4893
vn -0.2566 0.0316 -0.9660
vn 0.4279 -0.2812 -0.8590
vn 0.4341 -0.2700 -0.8594
vn 0.4955 -0.2835 -0.8210
vn -0.8702 0.4130 0.2686
vn -0.8813 0.3870 0.2712
vn -0.8503 0.4554 0.2639
vn 0.8753 -0.4014 -0.2698
vn 0.8800 -0.3900 -0.2709
vn 0.8657 -0.4230 -0.2676
vn -0.2959 0.9515 -0.0841
vn 0.5807 0.0790 0.8103
vn 0.4127 -0.0199 0.9107
vn 0.8895 -0.2438 0.3864
vn 0.9780 -0.0027 0.2084
vn -0.1792 0.1081 0.9779
vn -0.3429 0.2463 0.9065
vn -0.4531 -0.0141 -0.8913
vn -0.3055 0.0604 -0.9503
vn -0.8446 0.3056 -0.4396
vn -0.9648 0.0274 -0.2616
vn 0.3355 -0.0577 -0.9403
vn 0.4209 -0.2003 -0.8847
vn -0.8519 0.0703 0.5189
vn -0.8671 0.3751 0.3279
vn 0.8767 -0.0620 -0.4771
vn 0.8881 -0.3196 -0.3302
vn 0.8662 -0.4176 -0.2743
vn 0.4280 -0.2747 -0.8610
vn 0.8311 -0.3123 0.4602
vn -0.8439 0.4639 0.2694
vn -0.3820 0.3155 0.8686
vn -0.7965 0.3568 -0.4881
vn -0.2571 0.0410 -0.9655
vn 0.3311 -0.0174 0.9434
vn -0.1700 0.4574 -0.8729
vn -0.3955 -0.2555 -0.8822
vn 0.1348 0.9192 -0.3701
vn 0.1217 -0.4478 0.8858
vn 0.3502 0.2844 0.8925
vn -0.1961 -0.9107 0.3634
vn -0.4114 -0.8253 -0.3869
vn 0.3561 0.8641 0.3557
vn -0.0605 -0.6240 -0.7791
vn -0.7521 -0.5008 -0.4284
vn 0.6489 -0.3853 -0.6561
vn 0.6542 -0.3660 -0.6619
vn -0.0429 -0.6290 -0.7762
vn -0.7326 -0.5355 -0.4201
vn 0.0969 0.6010 0.7933
vn 0.7593 0.4736 0.4464
vn -0.6414 0.3605 0.6772
vn -0.6199 0.3420 0.7063
vn 0.1144 0.5953 0.7953
vn 0.7633 0.4835 0.4284
vn 0.9861 0.0681 -0.1518
vn 0.9813 0.0913 -0.1694
vn -0.9812 -0.0920 0.1699
vn -0.9723 -0.1271 0.1963
vn -0.0032 -0.6563 -0.7545
vn 0.0049 -0.7218 -0.6921
vn -0.6519 -0.6777 -0.3403
vn -0.6460 -0.6723 -0.3615
vn -0.6591 -0.6418 -0.3920
vn -0.0826 -0.4475 -0.8905
vn 0.6208 -0.1757 -0.7640
vn 0.6455 -0.2261 -0.7295
vn 0.6721 -0.3300 -0.6628
vn -0.0696 0.7140 0.6967
vn -0.0415 0.7500 0.6601
vn 0.6528 0.7006 0.2880
vn 0.6003 0.7428 0.2964
vn 0.5707 0.7749 0.2716
vn -0.1507 0.8434 0.5158
vn -0.7089 0.3028 0.6370
vn -0.6960 0.2883 0.6577
vn -0.6982 0.3686 0.6138
vn 0.8913 0.3487 -0.2897
vn 0.9339 0.2508 -0.2550
vn 0.7464 0.5078 -0.4300
vn -0.9326 -0.2843 0.2224
vn -0.9532 -0.2229 0.2043
vn -0.9909 -0.1196 0.0618
vn -0.1953 -0.0086 0.9807
vn -0.1941 -0.0023 0.9810
vn 0.3267 0.5648 0.7578
vn 0.3228 0.5558 0.7661
vn 0.3518 0.5048 0.7883
vn -0.2022 -0.0171 0.9792
vn -0.6246 -0.5111 0.5905
vn -0.5845 -0.5485 0.5979
vn -0.5879 -0.5483 0.5948
vn 0.1432 -0.0087 -0.9897
vn 0.1444 -0.0023 -0.9895
vn -0.3556 -0.5483 -0.7569
vn -0.3514 -0.5485 -0.7587
vn -0.3917 -0.5111 -0.7651
vn 0.1363 -0.0171 -0.9905
vn 0.5948 0.5048 -0.6256
vn 0.5600 0.5558 -0.6144
vn 0.5609 0.5648 -0.6053
vn -0.6391 -0.7613 -0.1098
vn -0.6412 -0.7594 -0.1102
vn -0.6958 -0.7082 -0.1196
vn 0.6252 0.7730 0.1074
vn 0.6219 0.7758 0.1068
vn 0.6849 0.7190 0.1177
vn -0.5878 -0.7957 -0.1463
vn -0.5733 -0.8076 -0.1381
vn -0.5522 -0.5951 0.5839
vn -0.5487 -0.6006 0.5815
vn -0.5767 -0.5761 0.5793
vn -0.7661 -0.6217 -0.1629
vn -0.3587 -0.4839 -0.7983
vn -0.3191 -0.5167 -0.7945
vn -0.2900 -0.5459 -0.7861
vn 0.4998 0.8560 0.1319
vn 0.5132 0.8497 0.1210
vn 0.4801 0.6280 -0.6125
vn 0.4519 0.6548 -0.6058
vn 0.4100 0.6843 -0.6030
vn 0.2830 0.9529 0.1086
vn 0.1907 0.5915 0.7834
vn 0.2217 0.5742 0.7881
vn 0.2198 0.5872 0.7790
vn -0.2191 -0.0434 0.9747
vn -0.2295 -0.0283 0.9729
vn -0.3884 0.1098 0.9149
vn 0.1078 0.0735 -0.9915
vn 0.1420 0.0363 -0.9892
vn -0.0905 0.2358 -0.9676
vn 0.1458 -0.0109 -0.9893
vn -0.4258 -0.4603 -0.7790
vn -0.3653 -0.4894 -0.7919
vn 0.1694 0.0096 -0.9855
vn 0.5985 0.5345 -0.5967
vn 0.6394 0.4664 -0.6113
vn -0.2065 0.0003 0.9784
vn 0.3865 0.4734 0.7915
vn 0.3301 0.5497 0.7674
vn -0.2173 0.0365 0.9754
vn -0.6403 -0.4646 0.6117
vn -0.6683 -0.4506 0.5919
vn 0.7371 0.6633 0.1290
vn 0.6574 0.7438 0.1207
vn -0.7573 -0.6403 -0.1289
vn -0.7085 -0.6945 -0.1252
vn -0.8234 0.5598 -0.0928
vn 0.1577 0.0153 -0.9874
vn -0.3000 -0.5484 -0.7805
vn 0.5088 0.6039 -0.6135
vn -0.2459 0.0176 0.9691
vn 0.2261 0.6057 0.7629
vn -0.5863 -0.5472 0.5973
vn 0.5357 0.8372 0.1100
vn -0.6066 -0.7851 -0.1251
vn -0.5536 -0.6523 0.5177
vn -0.5382 -0.6709 0.5102
vn 0.0092 -0.3703 0.9289
vn -0.0037 -0.3497 0.9369
vn -0.0302 -0.3134 0.9492
vn -0.6863 -0.4464 0.5742
vn -0.8342 -0.5230 -0.1748
vn -0.8076 -0.5593 -0.1869
vn -0.7924 -0.5792 -0.1915
vn 0.4896 0.7243 -0.4854
vn 0.5063 0.7068 -0.4940
vn -0.0574 0.3989 -0.9152
vn -0.0731 0.4176 -0.9057
vn -0.1008 0.4512 -0.8867
vn 0.3173 0.8651 -0.3884
vn 0.7084 0.6621 0.2444
vn 0.7411 0.6299 0.2324
vn 0.7585 0.6116 0.2252
vn 0.5315 0.1733 0.8291
vn 0.5457 0.1521 0.8241
vn 0.3673 0.3591 0.8580
vn -0.6172 -0.1262 -0.7766
vn -0.6041 -0.1476 -0.7831
vn -0.7315 0.0727 -0.6779
vn -0.5898 -0.1566 -0.7922
vn -0.6239 -0.2060 -0.7539
vn -0.8060 -0.5809 -0.1138
vn -0.8033 -0.5664 -0.1842
vn -0.7953 -0.5766 -0.1872
vn -0.6009 -0.1510 -0.7849
vn -0.0443 0.3907 -0.9195
vn -0.0133 0.3664 -0.9304
vn -0.0468 0.3091 -0.9499
vn 0.5605 0.1432 0.8157
vn 0.5220 0.0927 0.8479
vn 0.8096 0.5324 0.2472
vn 0.7930 0.5766 0.1967
vn 0.7683 0.6025 0.2164
vn 0.5491 0.1487 0.8224
vn 0.0037 -0.3683 0.9297
vn -0.0036 -0.3579 0.9338
vn -0.0670 -0.3883 0.9191
vn 0.5487 0.6583 -0.5153
vn 0.5713 0.6299 -0.5262
vn 0.5183 0.6937 -0.5002
vn -0.5595 -0.6450 0.5205
vn -0.5694 -0.6324 0.5252
vn -0.5442 -0.6637 0.5131
vn -0.6293 0.7091 0.3180
vn -0.6043 -0.1489 -0.7827
vn -0.7927 -0.5796 -0.1891
vn -0.0553 0.3980 -0.9157
vn 0.5455 0.1508 0.8245
vn 0.7598 0.6105 0.2237
vn 0.0069 -0.3712 0.9285
vn 0.5079 0.7051 -0.4949
vn -0.5390 -0.6699 0.5105
vn 0.0154 0.9999 0.0043
vn 0.0394 0.9992 0.0104
vn 0.1270 0.7660 -0.6302
vn 0.1095 0.7596 -0.6411
vn 0.1610 0.7426 -0.6502
vn 0.0757 0.9970 0.0136
vn -0.0651 0.7358 0.6741
vn -0.1117 0.7421 0.6609
vn -0.0895 0.7293 0.6783
vn -0.0622 -0.9980 -0.0120
vn -0.1054 -0.9942 -0.0194
vn -0.1850 -0.7575 0.6261
vn -0.1630 -0.7605 0.6286
vn -0.2415 -0.7504 0.6153
vn -0.1727 -0.9845 -0.0303
vn -0.0256 -0.7449 -0.6667
vn 0.0507 -0.7462 -0.6638
vn 0.0142 -0.7247 -0.6889
vn 0.1344 0.0077 -0.9909
vn 0.1258 0.0438 -0.9911
vn 0.1370 -0.0200 -0.9904
vn -0.1962 -0.0376 0.9798
vn -0.1898 -0.0537 0.9804
vn -0.1974 -0.0368 0.9796
vn 0.3833 0.9213 0.0660
vn 0.3835 0.6368 -0.6689
vn 0.1387 0.6348 0.7602
vn -0.4792 -0.8738 -0.0821
vn -0.4702 -0.6665 0.5786
vn -0.2517 -0.6653 -0.7028
vn 0.1252 -0.0604 -0.9903
vn -0.2108 -0.0645 0.9754
vn -0.2448 -0.5763 -0.7797
vn -0.3150 -0.5703 -0.7586
vn -0.8928 -0.2933 -0.3418
vn -0.8573 -0.3361 -0.3900
vn -0.8557 -0.3471 -0.3837
vn -0.2489 -0.5664 -0.7857
vn 0.5271 -0.4366 -0.7291
vn 0.5352 -0.4654 -0.7049
vn 0.4802 -0.5041 -0.7178
vn 0.2060 0.5881 0.7821
vn 0.1339 0.5892 0.7968
vn 0.8166 0.3646 0.4475
vn 0.8513 0.3509 0.3901
vn 0.8449 0.3843 0.3720
vn 0.2018 0.5978 0.7759
vn -0.5424 0.4620 0.7016
vn -0.5445 0.4717 0.6936
vn -0.6046 0.4510 0.6566
vn 0.9722 -0.0824 -0.2192
vn 0.9736 -0.1050 -0.2027
vn 0.9681 -0.0443 -0.2464
vn -0.9729 0.0925 0.2119
vn -0.9735 0.1023 0.2047
vn -0.9714 0.0734 0.2257
vn -0.4192 0.6586 -0.6249
vn -0.0718 -0.7241 -0.6859
vn -0.2065 -0.6273 -0.7509
vn -0.8429 -0.3858 -0.3751
vn -0.7601 -0.5432 -0.3566
vn 0.6609 -0.4295 -0.6154
vn 0.5739 -0.4576 -0.6792
vn 0.0473 0.7557 0.6532
vn 0.1381 0.6756 0.7242
vn 0.8003 0.4760 0.3648
vn 0.7320 0.6023 0.3184
vn -0.6378 0.5039 0.5825
vn -0.5790 0.5022 0.6423
vn 0.9722 0.1100 -0.2068
vn 0.9766 0.0006 -0.2152
vn -0.9845 -0.0240 0.1740
vn -0.9784 0.0713 0.1939
vn 0.2692 -0.7486 -0.6059
vn 0.2941 -0.7436 -0.6004
vn 0.2920 -0.9479 0.1276
vn 0.2685 -0.9556 0.1212
vn 0.2244 -0.9679 0.1129
vn 0.0222 -0.7812 -0.6239
vn 0.0314 -0.1118 -0.9932
vn 0.0770 -0.0987 -0.9921
vn 0.1020 -0.0910 -0.9906
vn -0.3616 0.6907 0.6263
vn -0.3373 0.6969 0.6329
vn -0.3459 0.9311 -0.1155
vn -0.3700 0.9214 -0.1188
vn -0.4129 0.9021 -0.1252
vn -0.5811 0.5955 0.5548
vn -0.2171 0.0395 0.9753
vn -0.1729 0.0517 0.9836
vn -0.1481 0.0564 0.9874
vn -0.1837 0.5916 -0.7850
vn -0.1597 0.6007 -0.7834
vn -0.4025 0.4871 -0.7750
vn 0.0883 -0.6252 0.7755
vn 0.1121 -0.6174 0.7786
vn -0.1502 -0.6801 0.7176
vn 0.3118 -0.7344 -0.6028
vn 0.3205 -0.7765 -0.5426
vn 0.2503 -0.9475 0.1991
vn 0.2726 -0.9535 0.1284
vn 0.2850 -0.9498 0.1293
vn 0.3005 -0.7407 -0.6009
vn 0.1205 -0.0787 -0.9896
vn 0.1552 -0.0602 -0.9860
vn 0.1954 -0.1155 -0.9739
vn -0.3198 0.7068 0.6310
vn -0.3085 0.6588 0.6862
vn -0.2758 0.9597 -0.0533
vn -0.2875 0.9501 -0.1211
vn -0.3251 0.9381 -0.1191
vn -0.3309 0.7002 0.6327
vn -0.1539 0.0517 0.9867
vn -0.1659 0.0470 0.9850
vn -0.1534 -0.0262 0.9878
vn -0.0900 0.6247 -0.7757
vn -0.0600 0.6339 -0.7711
vn -0.1351 0.6096 -0.7811
vn 0.0763 -0.6290 0.7737
vn 0.0632 -0.6329 0.7716
vn 0.0992 -0.6217 0.7770
vn -0.9390 -0.3305 -0.0946
vn 0.2952 -0.7439 -0.5996
vn 0.2907 -0.9480 0.1297
vn 0.1047 -0.0887 -0.9905
vn -0.3361 0.6967 0.6337
vn -0.3427 0.9322 -0.1165
vn -0.1484 0.0539 0.9875
vn -0.1560 0.6021 -0.7831
vn 0.1101 -0.6181 0.7783
vn 0.0753 -0.7459 -0.6618
vn 0.0791 -0.7435 -0.6640
vn 0.1077 -0.9928 0.0523
vn 0.1359 -0.9894 0.0519
vn 0.0994 -0.9938 0.0506
vn -0.1694 -0.7448 -0.6454
vn -0.1151 -0.0650 -0.9912
vn -0.0648 -0.0545 -0.9964
vn -0.0167 -0.0356 -0.9992
vn -0.1722 0.7033 0.6897
vn -0.1242 0.7162 0.6867
vn -0.1609 0.9859 -0.0448
vn -0.2398 0.9700 -0.0393
vn -0.2953 0.9546 -0.0390
vn -0.4141 0.6397 0.6475
vn -0.0796 0.0194 0.9966
vn -0.0379 0.0273 0.9989
vn -0.0338 0.0347 0.9988
vn -0.1904 0.6526 -0.7334
vn -0.1130 0.6701 -0.7336
vn -0.4285 0.5751 -0.6969
vn 0.0909 -0.6705 0.7364
vn 0.0633 -0.6724 0.7375
vn -0.1486 -0.6888 0.7095
vn -0.0773 0.7272 0.6821
vn -0.0543 0.7195 0.6924
vn 0.0101 0.9991 -0.0421
vn -0.0553 0.9972 -0.0496
vn -0.0725 0.0323 0.9968
vn -0.0993 0.0097 0.9950
vn -0.0084 0.6845 -0.7289
vn 0.0566 0.6855 -0.7259
vn 0.0549 -0.0342 -0.9979
vn 0.0310 -0.0210 -0.9993
vn -0.0403 -0.6808 0.7313
vn -0.0972 -0.6860 0.7211
vn 0.0021 -0.9985 0.0543
vn -0.0561 -0.9967 0.0595
vn -0.9803 -0.1960 0.0244
vn 0.0369 -0.7472 -0.6636
vn 0.0076 -0.7567 -0.6538
vn 0.0081 -0.7526 -0.6584
vn 0.0032 -0.7921 -0.6104
vn -0.0601 -0.9917 0.1133
vn -0.0558 -0.9969 0.0560
vn 0.0550 -0.0314 -0.9980
vn 0.0529 -0.0949 -0.9941
vn -0.0972 -0.6857 0.7213
vn -0.0971 -0.6884 0.7188
vn -0.1011 -0.0610 0.9930
vn -0.0994 0.0075 0.9950
vn 0.0565 0.6859 -0.7255
vn 0.0566 0.6839 -0.7274
vn 0.0097 0.9992 -0.0379
vn 0.0050 0.9997 0.0219
vn -0.0548 0.7151 0.6969
vn -0.0598 0.6654 0.7441
vn -0.1734 -0.0228 -0.9846
vn -0.1694 -0.0257 -0.9852
vn -0.7760 -0.2411 -0.5829
vn -0.7665 -0.2678 -0.5838
vn -0.7776 -0.2328 -0.5841
vn -0.2394 0.2106 -0.9478
vn 0.5035 0.3193 -0.8028
vn 0.5265 0.2731 -0.8052
vn 0.5540 0.2296 -0.8003
vn 0.1014 0.1050 0.9893
vn 0.1244 0.0609 0.9904
vn 0.7538 0.2901 0.5896
vn 0.7198 0.3632 0.5916
vn 0.6947 0.4149 0.5875
vn 0.0203 0.3404 0.9401
vn -0.5875 -0.1378 0.7974
vn -0.5730 -0.1777 0.8001
vn -0.5662 -0.1807 0.8042
vn 0.8917 0.4266 -0.1510
vn 0.9235 0.3540 -0.1477
vn 0.7547 0.6393 -0.1478
vn -0.9305 -0.3333 0.1517
vn -0.9391 -0.3071 0.1541
vn -0.9850 -0.0980 0.1422
vn 0.1465 0.0179 0.9890
vn 0.1399 -0.0075 0.9901
vn 0.8023 0.1256 0.5836
vn 0.7900 0.1904 0.5828
vn -0.5760 -0.1432 0.8048
vn -0.5987 -0.1196 0.7920
vn 0.9564 0.2536 -0.1451
vn 0.9705 0.1902 -0.1483
vn 0.5711 0.1602 -0.8051
vn 0.5765 0.1852 -0.7958
vn -0.9663 -0.2065 0.1539
vn -0.9775 -0.1499 0.1481
vn -0.8062 -0.1400 -0.5749
vn -0.8213 -0.0846 -0.5641
vn -0.3951 0.9186 -0.0088
vn -0.1824 0.0146 -0.9831
vn -0.2023 0.0396 -0.9785
vn -0.1964 0.0406 -0.9797
vn -0.2562 0.0299 -0.9662
vn -0.8500 -0.0918 -0.5187
vn -0.8194 -0.0841 -0.5670
vn 0.5733 0.1604 -0.8035
vn 0.5212 0.1536 -0.8395
vn -0.9775 -0.1499 0.1485
vn -0.9781 -0.1498 0.1448
vn -0.6528 -0.1264 0.7469
vn -0.6004 -0.1199 0.7906
vn 0.9706 0.1901 -0.1478
vn 0.9701 0.1902 -0.1504
vn 0.7999 0.1251 0.5870
vn 0.7642 0.1166 0.6344
vn 0.1338 -0.0086 0.9910
vn 0.0663 -0.0203 0.9976
vn 0.1182 -0.2717 -0.9551
vn 0.1224 -0.2690 -0.9553
vn 0.0356 -0.8674 -0.4964
vn 0.0636 -0.8679 -0.4926
vn 0.0275 -0.8661 -0.4991
vn -0.1258 -0.2480 -0.9606
vn 0.0193 0.4970 -0.8675
vn 0.0705 0.5020 -0.8620
vn 0.1195 0.5130 -0.8500
vn -0.2206 0.2337 0.9470
vn -0.1719 0.2399 0.9555
vn -0.0896 0.8645 0.4946
vn -0.1693 0.8585 0.4840
vn -0.2252 0.8527 0.4713
vn -0.4579 0.2351 0.8574
vn -0.2155 -0.5126 0.8312
vn -0.1740 -0.5127 0.8408
vn -0.1695 -0.5070 0.8451
vn -0.0448 0.9637 -0.2633
vn 0.0328 0.9683 -0.2475
vn -0.2901 0.9104 -0.2949
vn -0.0551 -0.9672 0.2478
vn -0.0826 -0.9659 0.2455
vn -0.2892 -0.9370 0.1961
vn -0.1242 0.2454 0.9614
vn -0.1034 0.2305 0.9676
vn 0.0799 0.8517 0.5179
vn 0.0161 0.8628 0.5053
vn -0.2076 -0.5029 0.8390
vn -0.2353 -0.5173 0.8228
vn 0.1365 0.9642 -0.2273
vn 0.2004 0.9549 -0.2190
vn 0.1902 0.5042 -0.8424
vn 0.1677 0.5190 -0.8382
vn -0.1847 -0.9561 0.2274
vn -0.2399 -0.9475 0.2114
vn -0.0694 -0.8595 -0.5065
vn -0.1276 -0.8532 -0.5058
vn -0.9848 -0.0489 -0.1669
vn 0.0805 -0.2668 -0.9604
vn 0.0496 -0.2762 -0.9598
vn 0.0509 -0.2704 -0.9614
vn 0.0369 -0.3285 -0.9438
vn -0.1387 -0.8777 -0.4588
vn -0.1268 -0.8515 -0.5088
vn 0.1905 0.5065 -0.8409
vn 0.1838 0.4519 -0.8729
vn -0.2399 -0.9474 0.2118
vn -0.2396 -0.9483 0.2082
vn -0.2413 -0.5747 0.7820
vn -0.2355 -0.5191 0.8217
vn 0.2003 0.9551 -0.2184
vn 0.2005 0.9544 -0.2211
vn 0.0789 0.8496 0.5214
vn 0.0661 0.8183 0.5709
vn -0.1048 0.2244 0.9688
vn -0.1195 0.1582 0.9801
vn 0.0310 -0.3098 -0.9503
vn 0.0358 -0.3086 -0.9505
vn -0.2287 -0.8451 -0.4833
vn -0.2021 -0.8541 -0.4793
vn -0.2359 -0.8415 -0.4860
vn -0.1944 -0.2134 -0.9574
vn 0.1697 0.4540 -0.8747
vn 0.2200 0.4433 -0.8690
vn 0.2701 0.4391 -0.8569
vn -0.1400 0.3045 0.9422
vn -0.0918 0.2958 0.9508
vn 0.1763 0.8587 0.4812
vn 0.0985 0.8770 0.4703
vn 0.0435 0.8883 0.4573
vn -0.3657 0.3764 0.8512
vn -0.3613 -0.4100 0.8375
vn -0.3218 -0.4225 0.8473
vn -0.3158 -0.4183 0.8516
vn 0.2496 0.9276 -0.2778
vn 0.3250 0.9088 -0.2617
vn -0.0002 0.9507 -0.3100
vn -0.3459 -0.9010 0.2618
vn -0.3717 -0.8914 0.2594
vn -0.5598 -0.8020 0.2085
vn -0.0447 0.2867 0.9570
vn -0.0294 0.2663 0.9635
vn 0.3339 0.7956 0.5056
vn 0.2765 0.8252 0.4925
vn -0.3509 -0.4030 0.8453
vn -0.3816 -0.4085 0.8291
vn 0.4225 0.8738 -0.2408
vn 0.4806 0.8457 -0.2321
vn 0.3348 0.4094 -0.8487
vn 0.3177 0.4304 -0.8449
vn -0.4660 -0.8514 0.2406
vn -0.5160 -0.8268 0.2242
vn -0.3263 -0.8059 -0.4940
vn -0.3798 -0.7823 -0.4937
vn -0.9531 0.2492 -0.1715
vn -0.0035 -0.2939 -0.9558
vn -0.0358 -0.2934 -0.9553
vn -0.0327 -0.2883 -0.9570
vn -0.0637 -0.3392 -0.9386
vn -0.3979 -0.8015 -0.4464
vn -0.3786 -0.7809 -0.4968
vn 0.3357 0.4116 -0.8473
vn 0.3128 0.3611 -0.8785
vn -0.5160 -0.8267 0.2245
vn -0.5159 -0.8276 0.2210
vn -0.4048 -0.4620 0.7891
vn -0.3823 -0.4102 0.8280
vn 0.4806 0.8459 -0.2315
vn 0.4806 0.8451 -0.2341
vn 0.3324 0.7939 0.5091
vn 0.3106 0.7688 0.5590
vn -0.0325 0.2610 0.9648
vn -0.0666 0.2025 0.9770
vn 0.2439 -0.6226 -0.7436
vn 0.3329 -0.6250 -0.7060
vn -0.2044 -0.9340 -0.2929
vn -0.3117 -0.8963 -0.3153
vn -0.3572 -0.8673 -0.3467
vn 0.0726 -0.4760 -0.8765
vn 0.6102 0.0608 -0.7899
vn 0.6512 0.0474 -0.7575
vn 0.6994 0.0862 -0.7095
vn -0.3387 0.6351 0.6942
vn -0.3944 0.5971 0.6985
vn 0.1995 0.9349 0.2936
vn 0.2397 0.9345 0.2630
vn 0.2182 0.9489 0.2282
vn -0.4597 0.7298 0.5060
vn -0.7468 0.0151 0.6649
vn -0.7251 -0.0236 0.6882
vn -0.7348 -0.1201 0.6675
vn 0.6456 0.6886 -0.3304
vn 0.6316 0.7273 -0.2684
vn 0.4609 0.7491 -0.4759
vn -0.7068 -0.6537 0.2704
vn -0.6272 -0.7372 0.2514
vn -0.8549 -0.5065 0.1126
vn 0.7019 -0.3004 -0.6459
vn 0.7017 -0.3655 -0.6115
vn 0.4425 -0.8889 -0.1185
vn 0.4869 -0.8571 -0.1680
vn 0.4967 -0.8529 -0.1609
vn 0.6934 -0.3070 -0.6519
vn 0.4643 0.4386 -0.7694
vn 0.4885 0.4553 -0.7444
vn 0.5352 0.4052 -0.7412
vn -0.7093 0.2614 0.6546
vn -0.7036 0.1940 0.6836
vn -0.5177 0.8243 0.2291
vn -0.5009 0.8492 0.1674
vn -0.5307 0.8347 0.1475
vn -0.7175 0.2546 0.6484
vn -0.4839 -0.4625 0.7429
vn -0.4922 -0.4674 0.7344
vn -0.4596 -0.5298 0.7128
vn -0.0068 0.9153 -0.4027
vn 0.0133 0.9231 -0.3843
vn -0.0402 0.9007 -0.4327
vn -0.0022 -0.9189 0.3946
vn -0.0109 -0.9222 0.3865
vn 0.0146 -0.9121 0.4098
vn -0.6725 0.4098 -0.6163
vn 0.5027 -0.5634 -0.6556
vn 0.6563 -0.4084 -0.6345
vn 0.3786 -0.9111 -0.1627
vn 0.0791 -0.9702 -0.2291
vn 0.6677 0.1950 -0.7184
vn 0.5357 0.3741 -0.7570
vn -0.6161 0.4444 0.6503
vn -0.7211 0.3068 0.6212
vn -0.4628 0.8739 0.1487
vn -0.1360 0.9598 0.2454
vn -0.6857 -0.3438 0.6415
vn -0.5564 -0.4457 0.7013
vn 0.4056 0.8562 -0.3201
vn 0.0622 0.9078 -0.4149
vn -0.3820 -0.8796 0.2835
vn -0.1025 -0.9219 0.3736
vn 0.0060 -0.9119 0.4104
vn -0.4898 -0.4618 0.7395
vn 0.4836 -0.8612 -0.1564
vn -0.0422 0.8954 -0.4432
vn 0.4646 0.4212 -0.7789
vn -0.5367 0.8322 0.1391
vn -0.7233 0.2564 0.6411
vn 0.6854 -0.3270 -0.6506
vn -0.9715 0.0648 0.2279
vn -0.5472 0.4635 0.6969
vn -0.8542 -0.3563 -0.3787
vn 0.9672 -0.0207 -0.2531
vn 0.5287 -0.4271 -0.7335
vn 0.8341 0.4136 0.3650
vn 0.1896 0.6140 0.7662
vn -0.2468 -0.5698 -0.7839
vn -0.2145 -0.0749 0.9739
vn 0.0688 0.6627 0.7457
vn 0.0794 0.6629 0.7445
vn -0.2053 -0.1085 0.9727
vn -0.3597 -0.7311 0.5798
vn -0.3688 -0.7029 0.6082
vn -0.3702 -0.6914 0.6204
vn -0.2132 -0.0577 0.9753
vn 0.0664 0.6612 0.7473
vn 0.1939 0.0282 -0.9806
vn -0.0853 -0.6730 -0.7347
vn -0.1058 -0.6659 -0.7385
vn 0.1802 0.0560 -0.9820
vn 0.3276 0.7255 -0.6053
vn 0.3313 0.7051 -0.6269
vn 0.3300 0.6829 -0.6517
vn 0.1873 -0.0068 -0.9823
vn -0.0909 -0.6920 -0.7162
vn -0.3201 -0.9452 -0.0634
vn -0.3244 -0.9434 -0.0697
vn -0.3220 -0.9454 -0.0499
vn 0.2826 0.9577 0.0540
vn 0.2833 0.9574 0.0563
vn 0.2828 0.9578 0.0517
vn 0.1732 0.9842 0.0360
vn 0.2373 0.7604 -0.6045
vn 0.0149 0.7084 0.7057
vn -0.2485 -0.9673 -0.0505
vn -0.2800 -0.7432 0.6077
vn -0.0749 -0.6770 -0.7322
vn 0.1545 0.0762 -0.9851
vn -0.1782 -0.0763 0.9810
vn -0.9971 0.0767 0.0000
vn -0.7299 0.0704 -0.6800
vn -0.7308 0.0448 -0.6811
vn -0.9992 0.0410 0.0000
vn -0.7308 0.0448 0.6811
vn -0.7299 0.0704 0.6800
vn -0.7198 0.1114 0.6852
vn -0.9913 0.1316 0.0000
vn -0.7198 0.1114 -0.6852
vn 0.9969 0.0791 0.0000
vn 0.7537 0.0629 0.6542
vn 0.7553 0.1348 0.6414
vn 0.9865 0.1635 0.0000
vn 0.7553 0.1348 -0.6414
vn 0.7537 0.0629 -0.6542
vn 0.7385 -0.0296 -0.6736
vn 0.9983 -0.0583 0.0000
vn 0.7385 -0.0296 0.6736
vn 0.0114 0.0444 0.9990
vn 0.0363 0.0677 0.9970
vn 0.0108 0.0403 0.9991
vn 0.0114 0.0444 -0.9990
vn 0.0363 0.0677 -0.9970
vn 0.0108 0.0403 -0.9991
vn -0.8805 0.4741 0.0000
vn -0.6943 0.3866 -0.6070
vn -0.6935 0.3260 -0.6424
vn -0.9141 0.4056 0.0000
vn -0.6935 0.3260 0.6424
vn -0.6943 0.3866 0.6070
vn -0.7201 0.3104 0.6205
vn -0.9215 0.3884 0.0001
vn -0.7202 0.3106 -0.6204
vn 0.9537 -0.3007 0.0000
vn 0.7076 -0.1950 0.6791
vn 0.7044 -0.1368 0.6965
vn 0.9750 -0.2222 0.0000
vn 0.7044 -0.1368 -0.6965
vn 0.7076 -0.1949 -0.6792
vn 0.7144 -0.2068 -0.6684
vn 0.9519 -0.3064 0.0000
vn 0.7146 -0.2070 0.6682
vn -0.0527 0.1082 0.9927
vn -0.0355 0.0947 0.9949
vn -0.0104 0.0456 0.9989
vn -0.0527 0.1083 -0.9927
vn -0.0355 0.0947 -0.9949
vn -0.0107 0.0459 -0.9989
vn -0.0085 0.0522 -0.9986
vn 0.7197 -0.0730 -0.6905
vn -0.7142 0.1957 -0.6720
vn -0.0085 0.0522 0.9986
vn -0.7142 0.1957 0.6720
vn 0.7197 -0.0730 0.6905
vn 0.9927 -0.1207 0.0000
vn -0.9685 0.2489 0.0000
vn 0.9965 -0.0837 0.0005
vn 0.7444 -0.0849 -0.6624
vn 0.7156 0.0854 -0.6933
vn 0.9906 0.1370 -0.0007
vn 0.7160 0.0917 0.6921
vn 0.7439 -0.0822 0.6632
vn -0.9871 0.1600 0.0007
vn -0.7042 0.1141 0.7008
vn -0.6921 -0.0580 0.7195
vn -0.9972 -0.0753 0.0027
vn -0.6941 -0.0640 -0.7171
vn -0.7049 0.1131 -0.7002
vn 0.0407 -0.0078 -0.9991
vn 0.0269 -0.0088 -0.9996
vn 0.0407 -0.0054 0.9992
vn 0.0281 -0.0004 0.9996
vn 0.9877 0.1565 -0.0011
vn 0.7075 0.0977 -0.6999
vn 0.6994 0.0023 -0.7147
vn 0.9997 0.0247 -0.0003
vn 0.6996 0.0410 0.7134
vn 0.7085 0.1113 0.6968
vn -0.9896 -0.1440 0.0065
vn -0.7088 -0.0988 0.6985
vn -0.7308 0.0304 0.6819
vn -0.9999 0.0068 0.0083
vn -0.7403 -0.0080 -0.6722
vn -0.7140 -0.1148 -0.6907
vn -0.0007 -0.0183 -0.9998
vn -0.0342 -0.0119 -0.9993
vn 0.0038 0.0026 1.0000
vn -0.0282 0.0438 0.9986
vn -0.0399 -0.0114 -0.9991
vn 0.6921 -0.1548 -0.7050
vn -0.7281 0.1595 -0.6667
vn -0.7229 0.2110 -0.6579
vn -0.0463 -0.1420 -0.9888
vn 0.6639 -0.3601 -0.6554
vn -0.0298 0.1395 0.9898
vn -0.7027 0.2498 0.6662
vn 0.6945 -0.0410 0.7183
vn 0.6938 0.0067 0.7201
vn -0.0056 0.3063 0.9519
vn -0.6292 0.4492 0.6343
vn -0.0017 0.0872 -0.9962
vn 0.7005 0.1701 -0.6931
vn 0.7089 0.1744 -0.6834
vn 0.0144 0.0912 -0.9957
vn -0.7011 0.0168 -0.7128
vn -0.7147 0.0183 -0.6992
vn -0.7205 0.0283 -0.6929
vn 0.0015 0.0788 -0.9969
vn 0.7113 0.1579 -0.6849
vn -0.0017 0.0872 0.9962
vn -0.7147 0.0183 0.6992
vn -0.7011 0.0168 0.7128
vn 0.0144 0.0912 0.9957
vn 0.7089 0.1744 0.6834
vn 0.7005 0.1701 0.6931
vn 0.7113 0.1579 0.6849
vn 0.0015 0.0788 0.9969
vn -0.7205 0.0283 0.6929
vn 0.9803 0.1973 0.0000
vn 0.9798 0.2001 0.0000
vn 0.9825 0.1863 0.0000
vn -0.9999 -0.0158 0.0000
vn -0.9997 -0.0226 0.0000
vn -1.0000 0.0070 0.0000
vn -0.9683 0.2495 0.0080
vn -0.9089 0.4166 0.0183
vn 0.0575 0.5720 0.8182
vn 0.7304 0.1934 0.6550
vn 0.8519 0.0095 0.5236
vn 0.2021 0.6812 0.7037
vn -0.2971 0.8037 0.5156
vn -0.4975 0.6704 0.5505
vn -0.1168 -0.3962 -0.9107
vn -0.7531 0.2106 -0.6233
vn -0.8036 0.2192 -0.5533
vn -0.2926 -0.4552 -0.8410
vn 0.2791 -0.7437 -0.6075
vn 0.5166 -0.6339 -0.5755
vn -0.8161 0.5765 0.0400
vn -0.6947 0.7082 0.1258
vn 0.9851 -0.1720 0.0026
vn 0.9515 -0.3074 0.0122
vn 0.8835 -0.4682 -0.0146
vn 0.7170 -0.6778 -0.1626
vn 0.0282 -0.7311 -0.6817
vn 0.3487 -0.9367 -0.0315
vn 0.3417 -0.9398 -0.0102
vn -0.0353 -0.7737 -0.6326
vn -0.3853 -0.1419 -0.9118
vn -0.2881 -0.0737 -0.9548
vn -0.2308 -0.0461 -0.9719
vn 0.2446 -0.6053 -0.7575
vn 0.3862 -0.9210 -0.0513
vn 0.0799 0.7406 0.6671
vn -0.2527 0.9675 -0.0020
vn -0.3092 0.9503 -0.0356
vn 0.0905 0.7772 0.6227
vn 0.4445 0.1558 0.8821
vn 0.3869 0.0939 0.9173
vn 0.4125 0.0974 0.9057
vn 0.2806 0.7864 0.5503
vn -0.2043 0.9789 -0.0088
vn -0.4053 0.6248 -0.6674
vn -0.4982 0.5623 -0.6600
vn -0.1590 0.6783 -0.7174
vn 0.4960 -0.5979 0.6297
vn 0.5480 -0.5555 0.6254
vn 0.6865 -0.5073 0.5210
vn -0.2777 0.1021 0.9552
vn -0.3270 0.7774 0.5373
vn -0.3224 0.7854 0.5284
vn -0.2758 0.1082 0.9551
vn -0.0540 -0.6159 0.7860
vn -0.0580 -0.6141 0.7871
vn -0.0065 -0.5990 0.8007
vn -0.2757 0.0914 0.9569
vn -0.3827 0.7485 0.5416
vn 0.3140 -0.1409 -0.9389
vn 0.3494 -0.7814 -0.5170
vn 0.3520 -0.7826 -0.5135
vn 0.3160 -0.1347 -0.9392
vn 0.0870 0.6173 -0.7819
vn 0.0876 0.6072 -0.7897
vn 0.0420 0.5742 -0.8177
vn 0.3159 -0.1514 -0.9366
vn 0.4006 -0.7662 -0.5025
vn 0.1934 -0.9637 0.1840
vn 0.1960 -0.9630 0.1848
vn 0.2659 -0.9422 0.2039
vn -0.1762 0.9679 -0.1792
vn -0.1721 0.9689 -0.1780
vn -0.2518 0.9469 -0.2001
vn 0.4907 -0.8317 0.2600
vn 0.1574 -0.5011 0.8510
vn 0.1383 -0.5169 0.8448
vn 0.4699 -0.8451 0.2552
vn 0.5507 -0.6862 -0.4753
vn 0.5710 -0.6709 -0.4731
vn 0.6079 -0.6435 -0.4652
vn 0.6796 -0.6702 0.2983
vn 0.1942 -0.4736 0.8591
vn -0.4050 0.8823 -0.2397
vn -0.0610 0.5454 -0.8359
vn -0.0827 0.5322 -0.8425
vn -0.4271 0.8704 -0.2451
vn -0.5025 0.7046 0.5011
vn -0.4799 0.7174 0.5050
vn -0.4384 0.7397 0.5105
vn -0.1846 0.9659 -0.1816
vn -0.0220 0.5688 -0.8222
vn -0.2430 0.1307 0.9612
vn -0.2627 0.1141 0.9581
vn -0.0365 0.2712 0.9618
vn 0.3481 -0.1119 -0.9308
vn 0.3289 -0.1288 -0.9355
vn 0.5288 0.0391 -0.8478
vn 0.3264 -0.1522 -0.9329
vn 0.5046 -0.7228 -0.4722
vn -0.0523 0.5295 -0.8467
vn -0.1038 0.5256 -0.8444
vn 0.3225 -0.1312 -0.9374
vn 0.5568 -0.6837 -0.4716
vn -0.2650 0.0905 0.9600
vn -0.4800 0.7050 0.5221
vn 0.0994 -0.5564 0.8250
vn 0.1455 -0.5149 0.8448
vn -0.2693 0.1117 0.9566
vn -0.5214 0.6970 0.4922
vn -0.3939 0.8881 -0.2370
vn -0.4494 0.8575 -0.2504
vn 0.4064 -0.8816 0.2401
vn 0.4811 -0.8379 0.2578
vn 0.8432 0.4992 0.1994
vn 0.3284 -0.1301 -0.9355
vn 0.5518 -0.6868 -0.4731
vn -0.0861 0.5316 -0.8426
vn -0.2632 0.1127 0.9581
vn -0.5054 0.7037 0.4994
vn 0.1404 -0.5179 0.8439
vn -0.4305 0.8684 -0.2459
vn 0.4716 -0.8440 0.2556
vn -0.2508 -0.8123 0.5266
vn -0.5658 -0.1847 0.8036
vn -0.5849 -0.1915 0.7881
vn -0.2704 -0.8158 0.5112
vn 0.2108 -0.9765 -0.0437
vn 0.2324 -0.9721 -0.0307
vn 0.2695 -0.9630 -0.0040
vn -0.0479 -0.7489 0.6609
vn -0.5288 -0.1755 0.8304
vn 0.3288 0.8234 -0.4625
vn 0.6500 0.1841 -0.7373
vn 0.6307 0.1805 -0.7547
vn 0.3094 0.8214 -0.4792
vn -0.1793 0.9795 0.0919
vn -0.1584 0.9815 0.1076
vn -0.1199 0.9835 0.1353
vn 0.5003 0.8155 -0.2910
vn 0.6835 0.1910 -0.7045
vn -0.5359 0.5524 0.6385
vn -0.5574 0.5463 0.6252
vn -0.3154 0.5775 0.7530
vn 0.6046 -0.5726 -0.5537
vn 0.5841 -0.5798 -0.5680
vn 0.7754 -0.4987 -0.3873
vn 0.5709 -0.5780 -0.5831
vn 0.2243 -0.9741 -0.0288
vn 0.1882 -0.9815 0.0358
vn 0.5472 -0.6361 -0.5440
vn 0.5776 0.1175 -0.8078
vn 0.5818 0.1851 -0.7920
vn 0.6133 0.1837 -0.7682
vn 0.5792 -0.5796 -0.5732
vn 0.2147 -0.9760 -0.0373
vn -0.5711 0.5486 0.6106
vn -0.2187 0.9748 0.0448
vn -0.2744 0.9580 0.0828
vn -0.5901 0.4858 0.6448
vn -0.5418 -0.2613 0.7989
vn -0.5685 -0.1920 0.8000
vn -0.5788 -0.1931 0.7922
vn -0.5625 0.5467 0.6203
vn -0.1924 0.9785 0.0740
vn 0.2522 0.8125 -0.5255
vn 0.2273 0.8074 -0.5445
vn 0.2893 0.8188 -0.4959
vn -0.2409 -0.8103 0.5343
vn -0.2300 -0.8080 0.5425
vn -0.2598 -0.8140 0.5196
vn 0.7680 0.1099 0.6310
vn 0.5831 -0.5806 -0.5682
vn 0.2103 -0.9768 -0.0413
vn 0.6280 0.1814 -0.7568
vn -0.5585 0.5454 0.6250
vn -0.1810 0.9795 0.0888
vn -0.5836 -0.1936 0.7886
vn 0.3063 0.8210 -0.4818
vn -0.2688 -0.8155 0.5125
vn -0.5361 0.8040 -0.2571
vn -0.0548 0.5604 -0.8264
vn 0.0173 0.5852 -0.8107
vn -0.4027 0.8908 -0.2104
vn -0.5659 0.6478 0.5100
vn -0.6857 0.5963 0.4174
vn -0.6766 0.6209 0.3958
vn -0.5342 0.8026 -0.2654
vn -0.0884 0.5644 -0.8207
vn 0.5683 -0.7780 0.2679
vn 0.1270 -0.5634 0.8164
vn 0.0490 -0.6215 0.7819
vn 0.4262 -0.8800 0.2094
vn 0.5786 -0.6674 -0.4689
vn 0.7116 -0.5870 -0.3862
vn 0.7067 -0.6035 -0.3693
vn 0.5575 -0.7809 0.2816
vn 0.0936 -0.5466 0.8321
vn 0.4916 -0.0616 -0.8686
vn 0.4231 -0.0758 -0.9029
vn 0.4723 -0.0718 -0.8785
vn -0.4267 0.0236 0.9041
vn -0.3757 0.0101 0.9267
vn -0.4444 0.0604 0.8938
vn -0.3477 0.9133 -0.2121
vn -0.0222 0.6262 -0.7794
vn -0.4887 0.7399 0.4623
vn 0.3571 -0.9025 0.2410
vn -0.0024 -0.5646 0.8253
vn 0.5177 -0.7169 -0.4670
vn 0.3728 -0.0849 -0.9240
vn -0.3600 0.1191 0.9253
vn 0.2631 -0.7657 -0.5870
vn 0.6793 -0.7319 0.0536
vn 0.7056 -0.6993 0.1141
vn 0.3111 -0.7856 -0.5348
vn -0.2927 -0.3872 -0.8743
vn -0.3231 -0.3274 -0.8879
vn -0.2931 -0.3099 -0.9045
vn 0.2735 -0.7597 -0.5899
vn 0.6703 -0.7398 0.0581
vn -0.2287 0.7605 0.6078
vn -0.6679 0.7425 -0.0503
vn -0.6596 0.7514 0.0171
vn -0.1786 0.7343 0.6550
vn 0.3912 0.2762 0.8779
vn 0.3381 0.3269 0.8825
vn 0.3286 0.3208 0.8883
vn -0.2182 0.7661 0.6046
vn -0.6398 0.7660 -0.0621
vn -0.6966 0.2895 -0.6565
vn -0.7151 0.2732 -0.6434
vn -0.6641 0.3163 -0.6774
vn 0.7049 -0.2823 0.6507
vn 0.7129 -0.2752 0.6450
vn 0.6890 -0.2959 0.6616
vn 0.8984 0.2881 -0.3314
vn 0.0204 -0.8065 -0.5909
vn 0.4944 -0.8687 0.0308
vn 0.6389 -0.7671 0.0585
vn 0.1975 -0.7894 -0.5812
vn -0.3606 -0.2994 -0.8834
vn -0.4429 -0.2256 -0.8677
vn 0.0272 0.8180 0.5746
vn -0.4289 0.9020 -0.0493
vn -0.5599 0.8273 -0.0446
vn -0.1107 0.7986 0.5916
vn 0.4011 0.3296 0.8547
vn 0.4734 0.2949 0.8300
vn -0.6136 0.4627 -0.6399
vn -0.6635 0.3658 -0.6526
vn 0.6768 -0.3979 0.6194
vn 0.7072 -0.3069 0.6369
vn -0.2899 -0.6705 -0.6830
vn -0.6997 -0.7127 -0.0491
vn -0.7171 -0.6948 -0.0544
vn -0.3093 -0.6546 -0.6898
vn 0.3085 -0.2314 -0.9226
vn 0.3251 -0.2489 -0.9123
vn 0.3549 -0.2798 -0.8921
vn -0.1056 -0.8059 -0.5826
vn -0.6675 -0.7437 -0.0358
vn 0.3261 0.5844 0.7430
vn 0.7616 0.6405 0.0984
vn 0.7460 0.6599 0.0901
vn 0.3072 0.6015 0.7375
vn -0.2874 0.1808 0.9406
vn -0.2686 0.1655 0.9489
vn -0.2364 0.1346 0.9623
vn 0.4835 0.3945 0.7814
vn 0.7888 0.6043 0.1125
vn 0.7545 0.2956 -0.5860
vn 0.7394 0.3139 -0.5956
vn 0.8718 0.1135 -0.4765
vn -0.6918 -0.3670 0.6218
vn -0.7081 -0.3496 0.6135
vn -0.5071 -0.5265 0.6824
vn -0.3177 -0.6395 -0.7001
vn -0.7050 -0.7078 -0.0446
vn -0.7156 -0.6979 0.0283
vn -0.3699 -0.6615 -0.6524
vn 0.2176 -0.2109 -0.9530
vn 0.2795 -0.1809 -0.9429
vn 0.2995 -0.2125 -0.9301
vn -0.3127 -0.6494 -0.6932
vn -0.7133 -0.6991 -0.0496
vn 0.2990 0.6171 0.7278
vn 0.7119 0.6999 0.0580
vn 0.6778 0.7266 0.1124
vn 0.2443 0.5900 0.7696
vn -0.3214 0.1053 0.9411
vn -0.2768 0.1646 0.9467
vn -0.2847 0.1741 0.9427
vn 0.3039 0.6069 0.7344
vn 0.7346 0.6741 0.0773
vn 0.6930 0.3658 -0.6212
vn 0.6720 0.3874 -0.6311
vn 0.7234 0.3325 -0.6051
vn -0.6835 -0.3757 0.6258
vn -0.6743 -0.3851 0.6301
vn -0.6993 -0.3591 0.6180
vn 0.6172 -0.7035 0.3524
vn -0.3106 -0.6542 -0.6896
vn -0.7171 -0.6951 -0.0519
vn 0.3075 -0.2282 -0.9238
vn 0.3059 0.6019 0.7377
vn 0.7444 0.6620 0.0877
vn -0.2883 0.1785 0.9408
vn 0.7370 0.3168 -0.5971
vn -0.7067 -0.3511 0.6142
vn -0.3023 -0.5413 -0.7846
vn -0.7601 -0.6221 -0.1877
vn -0.7439 -0.6438 -0.1792
vn -0.3025 -0.5371 -0.7874
vn 0.3480 -0.1139 -0.9306
vn 0.3662 -0.1602 -0.9166
vn 0.3907 -0.2018 -0.8981
vn -0.1460 -0.7063 -0.6927
vn -0.7384 -0.6503 -0.1785
vn 0.3282 0.4463 0.8325
vn 0.8114 0.5381 0.2281
vn 0.7718 0.6030 0.2015
vn 0.3061 0.4882 0.8173
vn -0.3150 0.0787 0.9458
vn -0.3173 0.0706 0.9457
vn -0.2941 0.0361 0.9551
vn 0.4613 0.2316 0.8565
vn 0.8379 0.4889 0.2427
vn 0.8201 0.2879 -0.4946
vn 0.7806 0.3535 -0.5155
vn 0.9131 0.0718 -0.4014
vn -0.7672 -0.3686 0.5249
vn -0.7507 -0.3887 0.5342
vn -0.6115 -0.5475 0.5712
vn 0.2840 0.5278 0.8005
vn 0.7113 0.6830 0.1662
vn 0.6666 0.7296 0.1532
vn 0.2600 0.5387 0.8013
vn -0.2869 0.0155 0.9578
vn -0.2904 0.0504 0.9556
vn 0.7193 0.4357 -0.5411
vn 0.3261 -0.0707 -0.9427
vn 0.3011 -0.0638 -0.9514
vn 0.6759 0.4810 -0.5584
vn -0.6856 -0.4661 0.5592
vn -0.6477 -0.5095 0.5665
vn -0.6409 -0.7579 -0.1221
vn -0.6787 -0.7199 -0.1455
vn 0.5095 -0.8099 0.2907
vn -0.2772 -0.5686 -0.7745
vn -0.2677 -0.5947 -0.7581
vn -0.2637 -0.5918 -0.7618
vn -0.6399 -0.7581 -0.1255
vn -0.6544 -0.7529 -0.0699
vn -0.3037 -0.6201 -0.7234
vn 0.2611 -0.1091 -0.9591
vn 0.3029 -0.0618 -0.9510
vn -0.6476 -0.5093 0.5667
vn -0.2883 0.0139 0.9574
vn -0.3315 -0.0373 0.9427
vn -0.6485 -0.5114 0.5638
vn 0.6761 0.4813 -0.5579
vn 0.6754 0.4798 -0.5600
vn 0.6473 0.7315 0.2144
vn 0.6654 0.7298 0.1572
vn 0.2558 0.5356 0.8048
vn 0.2094 0.4996 0.8406
vn 0.5790 -0.2208 -0.7849
vn 0.9052 -0.4054 -0.1277
vn 0.9165 -0.3794 -0.1268
vn 0.5753 -0.2237 -0.7868
vn -0.1200 0.0901 -0.9887
vn -0.0881 0.1307 -0.9875
vn -0.0630 0.1756 -0.9824
vn 0.6501 0.0125 -0.7597
vn 0.9195 -0.3716 -0.1285
vn -0.5068 0.2997 0.8083
vn -0.8554 0.4986 0.1404
vn -0.8937 0.4279 0.1350
vn -0.5331 0.2575 0.8059
vn 0.1351 -0.0419 0.9899
vn 0.1433 -0.0400 0.9889
vn 0.1623 -0.0020 0.9867
vn -0.3846 0.5176 0.7643
vn -0.8250 0.5476 0.1399
vn -0.6793 0.4226 -0.6000
vn -0.7179 0.3533 -0.5999
vn -0.5326 0.6264 -0.5692
vn 0.7249 -0.3324 0.6033
vn 0.7347 -0.3066 0.6051
vn 0.8061 -0.1058 0.5823
vn -0.5575 0.2159 0.8016
vn -0.9351 0.3302 0.1284
vn -0.9543 0.2674 0.1338
vn -0.5551 0.1910 0.8096
vn 0.1769 0.0144 0.9841
vn 0.1481 -0.0053 0.9890
vn -0.7605 0.2566 -0.5965
vn -0.1474 0.0483 -0.9879
vn -0.1415 0.0217 -0.9897
vn -0.7793 0.1943 -0.5957
vn 0.7712 -0.2091 0.6013
vn 0.7906 -0.1552 0.5923
vn 0.9678 -0.2241 -0.1146
vn 0.9522 -0.2800 -0.1221
vn 0.4677 0.8835 0.0247
vn 0.5909 -0.1843 -0.7854
vn 0.6097 -0.1597 -0.7764
vn 0.6050 -0.1586 -0.7803
vn 0.9674 -0.2241 -0.1181
vn 0.9728 -0.2234 -0.0607
vn 0.6513 -0.1688 -0.7398
vn -0.0829 0.0067 -0.9965
vn -0.1442 0.0224 -0.9893
vn 0.7904 -0.1551 0.5926
vn 0.1789 0.0138 0.9838
vn 0.2439 -0.0031 0.9698
vn 0.7925 -0.1557 0.5897
vn -0.7797 0.1944 -0.5953
vn -0.7781 0.1940 -0.5974
vn -0.9433 0.2670 0.1971
vn -0.9537 0.2674 0.1380
vn -0.5501 0.1898 0.8132
vn -0.4942 0.1771 0.8511
vn 0.2757 -0.4479 -0.8505
vn 0.0518 -0.9442 -0.3252
vn 0.0786 -0.9455 -0.3160
vn 0.2723 -0.4452 -0.8530
vn 0.3238 0.3416 -0.8823
vn 0.3715 0.3267 -0.8691
vn 0.4189 0.3187 -0.8502
vn 0.4988 -0.4351 -0.7496
vn 0.0871 -0.9451 -0.3150
vn -0.1853 0.4053 0.8952
vn 0.0451 0.9293 0.3665
vn -0.0299 0.9403 0.3391
vn -0.2317 0.4148 0.8799
vn -0.2763 -0.3386 0.8994
vn -0.2711 -0.3452 0.8985
vn -0.2299 -0.3486 0.9086
vn 0.0656 0.3801 0.9226
vn 0.0999 0.9191 0.3813
vn 0.2706 0.8915 -0.3634
vn 0.1950 0.9021 -0.3850
vn 0.4969 0.8238 -0.2729
vn -0.1752 -0.9018 0.3951
vn -0.1494 -0.9019 0.4052
vn 0.0600 -0.8910 0.4499
vn -0.2762 0.4232 0.8629
vn -0.1292 0.9447 0.3014
vn -0.1929 0.9387 0.2856
vn -0.2993 0.4106 0.8613
vn -0.2091 -0.3555 0.9110
vn -0.2392 -0.3373 0.9105
vn 0.0932 0.9059 -0.4131
vn 0.2764 0.3516 -0.8944
vn 0.2563 0.3372 -0.9059
vn 0.0314 0.9008 -0.4330
vn -0.0492 -0.8998 0.4336
vn 0.0080 -0.8965 0.4429
vn 0.2301 -0.9396 -0.2533
vn 0.1777 -0.9437 -0.2790
vn 0.9458 -0.1179 0.3025
vn 0.3123 -0.4457 -0.8390
vn 0.3385 -0.4559 -0.8231
vn 0.3386 -0.4505 -0.8260
vn 0.2310 -0.9385 -0.2566
vn 0.2167 -0.9549 -0.2031
vn 0.3365 -0.5046 -0.7951
vn 0.2689 0.2797 -0.9216
vn 0.2556 0.3398 -0.9051
vn 0.0079 -0.8964 0.4432
vn -0.2087 -0.3575 0.9103
vn -0.1930 -0.4200 0.8868
vn 0.0091 -0.8979 0.4401
vn 0.0313 0.9011 -0.4325
vn 0.0321 0.8999 -0.4348
vn -0.2076 0.9158 0.3437
vn -0.1939 0.9374 0.2894
vn -0.2993 0.4048 0.8640
vn -0.2991 0.3416 0.8910
vn 0.2456 -0.4474 -0.8600
vn -0.0278 -0.9359 -0.3511
vn -0.0014 -0.9398 -0.3417
vn 0.2426 -0.4443 -0.8624
vn 0.3638 0.3354 -0.8690
vn 0.4098 0.3159 -0.8557
vn 0.4562 0.3032 -0.8366
vn 0.4678 -0.4571 -0.7565
vn 0.0071 -0.9402 -0.3406
vn -0.1600 0.3956 0.9044
vn 0.1226 0.9113 0.3930
vn 0.0492 0.9296 0.3652
vn -0.2051 0.4097 0.8889
vn -0.3165 -0.3370 0.8867
vn -0.3119 -0.3441 0.8856
vn -0.2713 -0.3514 0.8961
vn 0.0874 0.3476 0.9336
vn 0.1760 0.8958 0.4080
vn 0.3530 0.8734 -0.3354
vn 0.2789 0.8913 -0.3575
vn 0.5713 0.7835 -0.2445
vn -0.2593 -0.8931 0.3677
vn -0.2337 -0.8958 0.3781
vn -0.0248 -0.9048 0.4252
vn -0.2486 0.4224 0.8716
vn -0.0489 0.9439 0.3266
vn -0.1126 0.9441 0.3100
vn -0.2726 0.4119 0.8695
vn -0.2512 -0.3602 0.8984
vn -0.2796 -0.3393 0.8982
vn 0.1782 0.9049 -0.3864
vn 0.3177 0.3499 -0.8813
vn 0.2965 0.3376 -0.8934
vn 0.1165 0.9059 -0.4071
vn -0.1341 -0.9033 0.4075
vn -0.0770 -0.9054 0.4175
vn 0.1492 -0.9491 -0.2774
vn 0.0970 -0.9478 -0.3037
vn 0.9278 -0.2097 0.3087
vn 0.2821 -0.4487 -0.8480
vn 0.3071 -0.4616 -0.8322
vn 0.3078 -0.4562 -0.8349
vn 0.1502 -0.9480 -0.2806
vn 0.1338 -0.9645 -0.2277
vn 0.3005 -0.5106 -0.8056
vn 0.3042 0.2797 -0.9106
vn 0.2961 0.3402 -0.8925
vn -0.0771 -0.9053 0.4178
vn -0.2510 -0.3622 0.8977
vn -0.2406 -0.4251 0.8726
vn -0.0760 -0.9068 0.4147
vn 0.1164 0.9062 -0.4066
vn 0.1171 0.9050 -0.4089
vn -0.1300 0.9210 0.3673
vn -0.1138 0.9427 0.3138
vn -0.2732 0.4062 0.8720
vn -0.2789 0.3425 0.8972
vn 0.6841 -0.3032 0.6634
vn 0.3350 0.3192 0.8865
vn 0.6628 -0.7463 0.0616
vn -0.6497 0.3356 -0.6821
vn -0.2881 -0.3017 -0.9088
vn -0.6149 0.7861 -0.0624
vn -0.1971 0.7735 0.6024
vn 0.2694 -0.7615 -0.5895
vn -0.3411 0.0297 0.9396
vn -0.4314 0.7069 0.5605
vn -0.3880 0.7179 0.5780
vn -0.3280 0.0318 0.9441
vn -0.0767 -0.6537 0.7529
vn -0.0500 -0.6470 0.7609
vn 0.3580 -0.0834 -0.9300
vn 0.4340 -0.7230 -0.5375
vn 0.3874 -0.7400 -0.5498
vn 0.3419 -0.0915 -0.9353
vn 0.0933 0.6290 -0.7718
vn 0.0721 0.6212 -0.7803
vn 0.2664 -0.9510 0.1569
vn 0.2157 -0.9661 0.1420
vn -0.2580 0.9532 -0.1573
vn -0.2118 0.9674 -0.1389
vn -0.8545 0.5161 0.0586
vn -0.8656 0.4804 0.1414
vn -0.3055 0.7986 0.5185
vn -0.3171 0.8057 0.5003
vn -0.3081 0.8306 0.4639
vn -0.7565 0.6360 -0.1522
vn -0.8624 -0.0340 -0.5051
vn -0.8878 -0.0684 -0.4550
vn -0.9307 -0.1171 -0.3466
vn 0.8957 -0.4302 -0.1125
vn 0.8840 -0.4355 -0.1696
vn 0.2901 -0.7714 -0.5663
vn 0.3488 -0.7388 -0.5767
vn 0.3704 -0.7041 -0.6058
vn 0.9173 -0.2739 -0.2889
vn 0.9168 0.1648 0.3638
vn 0.9126 0.1439 0.3826
vn 0.9408 0.1623 0.2975
vn -0.3878 -0.5869 -0.7107
vn -0.4530 -0.6304 -0.6303
vn -0.2916 -0.4063 -0.8660
vn 0.4120 0.6522 0.6363
vn 0.4519 0.6725 0.5861
vn 0.4567 0.7744 0.4379
vn 0.6520 -0.4141 0.6352
vn 0.6557 -0.4159 0.6302
vn 0.6341 -0.7680 -0.0897
vn 0.6350 -0.7687 -0.0769
vn 0.5999 -0.7993 -0.0348
vn 0.6491 -0.4068 0.6428
vn 0.3196 0.2150 0.9228
vn 0.2793 0.1826 0.9427
vn 0.2794 0.1871 0.9418
vn -0.6421 0.4632 -0.6109
vn -0.6384 0.4614 -0.6160
vn -0.6083 0.7889 0.0869
vn -0.6116 0.7866 0.0847
vn -0.5707 0.8186 0.0655
vn -0.6445 0.4702 -0.6029
vn -0.3287 -0.1698 -0.9290
vn -0.2716 -0.1540 -0.9500
vn -0.2611 -0.1611 -0.9518
vn -0.2348 0.6632 0.7107
vn -0.2327 0.6649 0.7098
vn -0.1773 0.7086 0.6830
vn 0.2480 -0.6519 -0.7166
vn 0.2512 -0.6492 -0.7179
vn 0.1888 -0.6999 -0.6888
vn 0.0172 0.8259 0.5636
vn -0.0020 0.8167 0.5771
vn 0.4563 0.2835 0.8435
vn 0.4769 0.2897 0.8298
vn 0.5124 0.3040 0.8031
vn 0.2068 0.8881 0.4105
vn -0.3923 0.9173 -0.0680
vn -0.4276 0.9030 -0.0413
vn -0.4456 0.8949 -0.0250
vn 0.0602 -0.7857 -0.6157
vn 0.0407 -0.7966 -0.6031
vn -0.4227 -0.2463 -0.8722
vn -0.4018 -0.2365 -0.8847
vn -0.3630 -0.2190 -0.9057
vn 0.2415 -0.6575 -0.7137
vn 0.5475 -0.8363 -0.0289
vn 0.5143 -0.8576 -0.0025
vn 0.4953 -0.8687 0.0118
vn 0.6855 -0.4020 0.6071
vn 0.6665 -0.4087 0.6235
vn 0.8441 -0.3087 0.4383
vn -0.6070 0.4743 -0.6376
vn -0.6272 0.4683 -0.6223
vn -0.3922 0.5295 -0.7522
vn -0.6375 0.4788 -0.6037
vn -0.4810 0.8765 0.0183
vn -0.4389 0.8981 -0.0265
vn -0.6326 0.4646 -0.6196
vn -0.4366 -0.2599 -0.8613
vn -0.4138 -0.2192 -0.8836
vn 0.6557 -0.3980 0.6416
vn 0.5213 -0.8532 0.0169
vn 0.4766 -0.8790 0.0180
vn 0.6613 -0.4126 0.6264
vn 0.4604 0.2884 0.8396
vn 0.4052 0.2757 0.8717
vn 0.0699 -0.7801 -0.6218
vn 0.0207 -0.8073 -0.5898
vn -0.0590 0.7864 0.6149
vn 0.0083 0.8217 0.5698
vn 0.7620 0.3952 -0.5130
vn -0.6280 0.4687 -0.6212
vn -0.4437 0.8959 -0.0236
vn -0.4246 -0.2488 -0.8705
vn 0.6657 -0.4084 0.6246
vn 0.4922 -0.8704 0.0124
vn 0.4560 0.2859 0.8428
vn 0.0376 -0.7983 -0.6011
vn -0.0005 0.8175 0.5760
vn -0.0982 0.1673 0.9810
vn -0.1203 0.1551 0.9805
vn 0.2493 -0.4841 0.8387
vn 0.2727 -0.4741 0.8372
vn 0.3138 -0.4523 0.8348
vn 0.1237 0.2819 0.9514
vn -0.3437 0.7510 0.5638
vn -0.3848 0.7290 0.5662
vn -0.4062 0.7153 0.5686
vn 0.1867 -0.1177 -0.9753
vn 0.1645 -0.1303 -0.9777
vn -0.2090 0.5234 -0.8260
vn -0.1855 0.5350 -0.8242
vn -0.1425 0.5545 -0.8199
vn 0.3890 0.0051 -0.9212
vn 0.5193 -0.6565 -0.5471
vn 0.4803 -0.6834 -0.5498
vn 0.4582 -0.6974 -0.5510
vn 0.5123 -0.8314 0.2154
vn 0.4898 -0.8440 0.2187
vn 0.7086 -0.6786 0.1934
vn -0.4272 0.8877 -0.1718
vn -0.4505 0.8767 -0.1688
vn -0.1900 0.9657 -0.1770
vn -0.4669 0.8668 -0.1750
vn -0.4755 0.8738 -0.1018
vn -0.3582 0.6887 0.6304
vn -0.3877 0.7231 0.5716
vn -0.3994 0.7174 0.5708
vn -0.4565 0.8732 -0.1705
vn -0.2254 0.5091 -0.8307
vn -0.2567 0.4856 -0.8356
vn -0.3028 0.5213 -0.7979
vn 0.4738 -0.8546 0.2127
vn 0.4613 -0.8404 0.2843
vn 0.3990 -0.7630 -0.5086
vn 0.4027 -0.7210 -0.5638
vn 0.4383 -0.7053 -0.5571
vn 0.4840 -0.8477 0.2171
vn 0.2543 -0.4788 0.8403
vn 0.2653 -0.4719 0.8408
vn 0.2432 -0.4117 0.8783
vn 0.0998 -0.1664 -0.9810
vn 0.0720 -0.1816 -0.9807
vn 0.1416 -0.1432 -0.9795
vn -0.0871 0.1734 0.9810
vn -0.0749 0.1800 0.9808
vn -0.1084 0.1617 0.9809
vn 0.8709 0.4884 0.0553
vn -0.4516 0.8763 -0.1680
vn -0.4047 0.7147 0.5704
vn -0.2113 0.5210 -0.8270
vn 0.4887 -0.8443 0.2196
vn 0.4551 -0.6984 -0.5524
vn 0.2492 -0.4820 0.8400
vn 0.1610 -0.1323 -0.9780
vn -0.1185 0.1561 0.9806
vn 0.1767 -0.7077 -0.6840
vn 0.2267 -0.7990 -0.5570
vn -0.3336 -0.4796 -0.8116
vn -0.3540 -0.2562 -0.8995
vn 0.6212 -0.7758 -0.1107
vn 0.7268 -0.6864 0.0262
vn -0.2294 0.7038 0.6723
vn -0.3290 0.7525 0.5705
vn 0.2394 0.5052 0.8291
vn 0.3175 0.2765 0.9071
vn -0.6477 0.7591 0.0654
vn -0.7681 0.6392 -0.0377
vn -0.7098 0.3680 -0.6006
vn -0.7589 0.1136 -0.6413
vn 0.7147 -0.3416 0.6103
vn 0.7372 -0.0308 0.6750
vn -0.6953 0.7162 0.0598
vn -0.6440 0.7597 0.0897
vn 0.0644 0.9504 0.3043
vn -0.0087 0.9547 0.2974
vn -0.0131 0.9510 0.3089
vn -0.6902 0.7219 0.0503
vn -0.9645 0.0502 -0.2591
vn -0.9736 0.0327 -0.2260
vn -0.9783 0.0888 -0.1870
vn 0.7239 -0.6877 -0.0552
vn 0.7693 -0.6384 -0.0248
vn 0.0805 -0.9587 -0.2728
vn 0.0214 -0.9516 -0.3066
vn 0.0360 -0.9397 -0.3402
vn 0.7287 -0.6818 -0.0647
vn 0.9731 -0.0246 0.2289
vn 0.9758 -0.0193 0.2176
vn 0.9716 0.0529 0.2308
vn -0.6681 -0.6450 -0.3709
vn -0.6741 -0.6532 -0.3449
vn -0.6569 -0.6301 -0.4141
vn 0.6709 0.6487 0.3594
vn 0.6734 0.6522 0.3480
vn 0.6656 0.6416 0.3813
vn 0.2823 0.6282 -0.7250
vn -0.8249 0.5388 0.1709
vn -0.7313 0.6743 0.1029
vn -0.0397 0.9400 0.3389
vn -0.1730 0.8802 0.4420
vn -0.9625 -0.1247 -0.2409
vn -0.9733 -0.0142 -0.2292
vn 0.8391 -0.5036 -0.2059
vn 0.7818 -0.6091 -0.1332
vn 0.1138 -0.9097 -0.3993
vn 0.2037 -0.8419 -0.4997
vn 0.9804 0.1169 0.1585
vn 0.9838 0.0349 0.1759
vn -0.5362 -0.6737 -0.5086
vn -0.6142 -0.6601 -0.4325
vn 0.5795 0.6931 0.4288
vn 0.6497 0.6660 0.3666
vn -0.9669 0.2206 0.1282
vn -0.9731 0.1968 0.1198
vn -0.6895 -0.2035 0.6951
vn -0.6863 -0.1800 0.7047
vn -0.6768 -0.1383 0.7231
vn -0.8739 0.4333 0.2201
vn -0.6547 0.5667 -0.5002
vn -0.6686 0.5279 -0.5237
vn -0.6753 0.5061 -0.5365
vn 0.9875 -0.1517 -0.0437
vn 0.9830 -0.1758 -0.0523
vn 0.7127 0.2417 -0.6586
vn 0.7166 0.2641 -0.6455
vn 0.7220 0.3045 -0.6213
vn 0.9955 0.0773 0.0557
vn 0.6911 -0.3988 0.6027
vn 0.6815 -0.4406 0.5844
vn 0.6742 -0.4633 0.5752
vn 0.0288 0.5397 -0.8414
vn 0.0236 0.5185 -0.8548
vn 0.0769 0.7216 -0.6880
vn -0.0080 -0.4536 0.8911
vn -0.0132 -0.4755 0.8796
vn 0.0434 -0.2219 0.9741
vn -0.9774 0.1829 0.1059
vn -0.9747 0.1455 0.1696
vn -0.6275 -0.2117 0.7493
vn -0.6829 -0.1877 0.7060
vn -0.6862 -0.1986 0.6998
vn -0.9747 0.1915 0.1152
vn -0.6760 0.4893 -0.5510
vn -0.6795 0.4572 -0.5738
vn -0.7287 0.4239 -0.5378
vn 0.9796 -0.1898 -0.0663
vn 0.9742 -0.2257 -0.0018
vn 0.7313 0.1458 -0.6662
vn 0.6923 0.1959 -0.6945
vn 0.7047 0.2263 -0.6725
vn 0.9818 -0.1811 -0.0568
vn 0.6737 -0.4577 0.5802
vn 0.6757 -0.4465 0.5865
vn 0.6235 -0.4500 0.6393
vn 0.0084 0.4552 -0.8903
vn 0.0019 0.4274 -0.9040
vn 0.0182 0.4964 -0.8679
vn -0.0054 -0.4426 0.8967
vn -0.0026 -0.4304 0.9026
vn -0.0104 -0.4637 0.8859
vn 0.2045 0.8475 0.4898
vn -0.9733 0.1955 0.1201
vn -0.6877 -0.2037 0.6969
vn -0.6751 0.5036 -0.5390
vn 0.9828 -0.1771 -0.0519
vn 0.7112 0.2396 -0.6610
vn 0.6728 -0.4628 0.5772
vn 0.0228 0.5151 -0.8568
vn -0.0128 -0.4737 0.8806
vn -0.9880 0.1532 -0.0208
vn -0.9882 0.1512 -0.0254
vn -0.7718 -0.2368 0.5901
vn -0.7751 -0.2609 0.5755
vn -0.7719 -0.2288 0.5931
vn -0.9279 0.3603 0.0960
vn -0.6064 0.5543 -0.5701
vn -0.6113 0.5138 -0.6019
vn -0.6079 0.4752 -0.6361
vn 0.9905 -0.0863 0.1074
vn 0.9891 -0.1254 0.0767
vn 0.7816 0.2791 -0.5578
vn 0.7883 0.3439 -0.5102
vn 0.7876 0.3906 -0.4765
vn 0.9650 0.1380 0.2231
vn 0.6132 -0.3914 0.6862
vn 0.6122 -0.4282 0.6647
vn 0.6172 -0.4308 0.6583
vn 0.1235 0.5857 -0.8010
vn 0.1216 0.5200 -0.8455
vn 0.1323 0.7684 -0.6262
vn -0.1157 -0.5020 0.8571
vn -0.1109 -0.4785 0.8710
vn -0.0972 -0.2816 0.9546
vn 0.9855 -0.1631 0.0465
vn 0.9808 -0.1889 0.0481
vn 0.7588 0.1294 -0.6384
vn 0.7662 0.1901 -0.6138
vn 0.6220 -0.3963 0.6753
vn 0.6086 -0.3746 0.6995
vn 0.1143 0.4278 -0.8966
vn 0.1036 0.3695 -0.9234
vn -0.6205 0.4120 -0.6673
vn -0.6061 0.4351 -0.6658
vn -0.1001 -0.3858 0.9172
vn -0.0986 -0.3317 0.9382
vn -0.7537 -0.1457 0.6408
vn -0.7374 -0.0969 0.6685
vn 0.0592 0.8253 0.5616
vn -0.9823 0.1875 -0.0045
vn -0.9780 0.2075 0.0205
vn -0.9776 0.2097 0.0148
vn -0.9797 0.1870 0.0728
vn -0.7013 -0.1178 0.7031
vn -0.7397 -0.0955 0.6662
vn -0.6184 0.4122 -0.6690
vn -0.6656 0.4048 -0.6270
vn -0.0983 -0.3317 0.9382
vn -0.1019 -0.3310 0.9381
vn 0.5522 -0.3805 0.7418
vn 0.6069 -0.3748 0.7009
vn 0.1042 0.3694 -0.9234
vn 0.1016 0.3699 -0.9235
vn 0.7614 0.1278 -0.6355
vn 0.7977 0.1042 -0.5940
vn 0.9801 -0.1912 0.0539
vn 0.9696 -0.2146 0.1177
vn -0.4462 0.7049 -0.5514
vn -0.4506 0.7037 -0.5494
vn 0.1270 0.9815 -0.1429
vn 0.1090 0.9866 -0.1216
vn 0.1309 0.9799 -0.1504
vn -0.2844 0.6322 -0.7207
vn -0.6905 -0.0156 -0.7232
vn -0.7268 -0.0110 -0.6867
vn -0.7612 -0.0150 -0.6483
vn 0.5336 -0.6917 0.4867
vn 0.5000 -0.6899 0.5234
vn -0.0877 -0.9904 0.1068
vn -0.0329 -0.9983 0.0482
vn 0.0036 -1.0000 0.0036
vn 0.6581 -0.7044 0.2660
vn 0.8205 0.0019 0.5717
vn 0.7956 0.0067 0.6058
vn 0.7919 0.0008 0.6107
vn -0.5540 -0.7113 -0.4325
vn -0.6041 -0.7052 -0.3712
vn -0.3686 -0.7062 -0.6045
vn 0.6197 0.6991 0.3566
vn 0.6377 0.6928 0.3366
vn 0.7478 0.6446 0.1590
vn 0.4661 -0.6867 0.5578
vn 0.4613 -0.6721 0.5792
vn -0.1919 -0.9522 0.2376
vn -0.1576 -0.9702 0.1843
vn 0.8143 -0.0083 0.5804
vn 0.8327 0.0052 0.5537
vn -0.6665 -0.6878 -0.2877
vn -0.7039 -0.6693 -0.2378
vn -0.8041 0.0049 -0.5944
vn -0.7927 -0.0148 -0.6095
vn 0.6975 0.6700 0.2544
vn 0.7250 0.6576 0.2048
vn 0.1939 0.9559 -0.2208
vn 0.2331 0.9371 -0.2599
vn 0.6469 -0.1018 -0.7558
vn -0.4240 0.6947 -0.5810
vn -0.3971 0.6955 -0.5988
vn -0.4016 0.6916 -0.6003
vn -0.3552 0.7299 -0.5840
vn 0.2767 0.9336 -0.2278
vn 0.2303 0.9372 -0.2619
vn -0.8047 0.0023 -0.5937
vn -0.7906 0.0625 -0.6091
vn 0.7252 0.6574 0.2050
vn 0.7235 0.6598 0.2028
vn 0.8431 0.0720 0.5329
vn 0.8331 0.0073 0.5531
vn -0.7036 -0.6697 -0.2375
vn -0.7048 -0.6679 -0.2391
vn -0.1884 -0.9523 0.2400
vn -0.1392 -0.9516 0.2742
vn 0.4657 -0.6679 0.5805
vn 0.5131 -0.6199 0.5937
vn -0.7384 0.5879 -0.3303
vn -0.7405 0.5840 -0.3326
vn -0.6567 0.6260 0.4206
vn -0.6749 0.6044 0.4234
vn -0.6520 0.6326 0.4180
vn -0.5570 0.7514 -0.3536
vn -0.3090 0.2858 -0.9071
vn -0.3405 0.2448 -0.9078
vn -0.3645 0.1990 -0.9097
vn 0.7919 -0.4960 0.3562
vn 0.7643 -0.5375 0.3563
vn 0.6932 -0.5860 -0.4195
vn 0.7420 -0.5218 -0.4210
vn 0.7724 -0.4729 -0.4239
vn 0.9114 -0.2788 0.3026
vn 0.4226 -0.1213 0.8982
vn 0.3983 -0.1558 0.9039
vn 0.3999 -0.1638 0.9018
vn 0.2688 -0.2164 -0.9386
vn 0.2240 -0.2817 -0.9330
vn 0.4052 -0.0047 -0.9142
vn -0.2075 0.2966 0.9322
vn -0.1885 0.3165 0.9297
vn -0.0569 0.4773 0.8769
vn 0.7357 -0.5765 0.3554
vn 0.7183 -0.5884 0.3712
vn 0.5799 -0.7125 -0.3951
vn 0.6229 -0.6653 -0.4116
vn 0.4253 -0.1354 0.8949
vn 0.4302 -0.1007 0.8971
vn 0.1596 -0.3640 -0.9176
vn 0.1148 -0.4095 -0.9050
vn -0.4143 0.1489 -0.8979
vn -0.3898 0.1560 -0.9076
vn -0.1217 0.3942 0.9109
vn -0.0878 0.4384 0.8945
vn -0.5840 0.7018 0.4080
vn -0.5394 0.7393 0.4031
vn 0.5911 0.8044 -0.0597
vn -0.7124 0.6154 -0.3374
vn -0.6937 0.6405 -0.3296
vn -0.6932 0.6380 -0.3352
vn -0.6965 0.6617 -0.2777
vn -0.5144 0.7298 0.4503
vn -0.5410 0.7398 0.4000
vn -0.4127 0.1469 -0.8989
vn -0.4481 0.1930 -0.8729
vn -0.0876 0.4382 0.8946
vn -0.0901 0.4404 0.8933
vn 0.3882 -0.0487 0.9203
vn 0.4290 -0.0991 0.8979
vn 0.1152 -0.4099 -0.9048
vn 0.1133 -0.4082 -0.9058
vn 0.5818 -0.7130 -0.3913
vn 0.6067 -0.7199 -0.3372
vn 0.7176 -0.5856 0.3769
vn 0.7080 -0.5544 0.4374
vn -0.7585 0.5641 -0.3262
vn -0.7603 0.5602 -0.3288
vn -0.7088 0.5603 0.4285
vn -0.7258 0.5376 0.4292
vn -0.7044 0.5673 0.4265
vn -0.5865 0.7388 -0.3319
vn -0.2896 0.3232 -0.9009
vn -0.3186 0.2806 -0.9054
vn -0.3396 0.2337 -0.9111
vn 0.8054 -0.4711 0.3598
vn 0.7804 -0.5139 0.3562
vn 0.7429 -0.5185 -0.4235
vn 0.7877 -0.4516 -0.4191
vn 0.8153 -0.4010 -0.4177
vn 0.9138 -0.2445 0.3242
vn 0.3935 -0.1522 0.9067
vn 0.3711 -0.1883 0.9093
vn 0.3732 -0.1962 0.9068
vn 0.3179 -0.1423 -0.9374
vn 0.2769 -0.2103 -0.9376
vn 0.4404 0.0749 -0.8947
vn -0.2612 0.2261 0.9384
vn -0.2434 0.2472 0.9379
vn -0.1197 0.4182 0.9004
vn 0.7542 -0.5544 0.3517
vn 0.7370 -0.5682 0.3660
vn 0.6364 -0.6524 -0.4115
vn 0.6771 -0.6020 -0.4233
vn 0.3971 -0.1659 0.9026
vn 0.3999 -0.1312 0.9071
vn 0.2169 -0.2969 -0.9299
vn 0.1745 -0.3456 -0.9220
vn -0.3868 0.1802 -0.9044
vn -0.3624 0.1893 -0.9126
vn -0.1807 0.3296 0.9267
vn -0.1489 0.3766 0.9144
vn -0.6403 0.6407 0.4236
vn -0.5979 0.6810 0.4228
vn 0.5440 0.8390 0.0135
vn -0.7340 0.5933 -0.3305
vn -0.7171 0.6189 -0.3204
vn -0.7163 0.6169 -0.3261
vn -0.7232 0.6367 -0.2675
vn -0.5743 0.6700 0.4704
vn -0.5994 0.6816 0.4197
vn -0.3851 0.1783 -0.9055
vn -0.4241 0.2206 -0.8783
vn -0.1486 0.3764 0.9145
vn -0.1513 0.3785 0.9131
vn 0.3540 -0.0832 0.9316
vn 0.3985 -0.1297 0.9080
vn 0.1749 -0.3459 -0.9218
vn 0.1729 -0.3444 -0.9228
vn 0.6381 -0.6531 -0.4077
vn 0.6613 -0.6619 -0.3531
vn 0.7359 -0.5659 0.3718
vn 0.7221 -0.5391 0.4336
vn 0.6613 0.6413 0.3891
vn 0.9738 -0.0182 0.2266
vn -0.0169 0.9479 0.3182
vn -0.6449 -0.6281 -0.4354
vn -0.9617 0.0503 -0.2693
vn 0.0564 -0.9301 -0.3629
vn 0.7399 -0.6681 -0.0786
vn -0.6924 0.7195 0.0532
vn 0.4766 -0.7929 -0.3796
vn -0.0474 -0.6779 -0.7336
vn 0.8794 -0.3770 0.2908
vn 0.5033 0.4288 0.7502
vn -0.0486 0.7306 0.6811
vn -0.5381 0.7654 0.3529
vn -0.8471 0.4309 -0.3110
vn -0.5842 -0.2201 -0.7812
vn 0.4329 0.6316 -0.6432
vn 0.6294 0.7737 0.0729
vn 0.6488 0.7572 0.0751
vn 0.4546 0.6172 -0.6422
vn -0.0329 0.1130 -0.9930
vn -0.0530 0.1297 -0.9901
vn -0.0896 0.1590 -0.9832
vn 0.2179 0.7559 -0.6174
vn 0.5926 0.8023 0.0725
vn -0.4916 -0.5446 0.6795
vn -0.7082 -0.7040 -0.0527
vn -0.6895 -0.7223 -0.0537
vn -0.4708 -0.5600 0.6817
vn 0.0037 -0.0635 0.9980
vn -0.0177 -0.0495 0.9986
vn -0.0545 -0.0210 0.9983
vn -0.6664 -0.3692 0.6477
vn -0.7409 -0.6696 -0.0515
vn -0.5205 -0.4242 -0.7410
vn -0.5020 -0.4417 -0.7436
vn -0.6781 -0.2459 -0.6927
vn 0.4451 0.4918 0.7484
vn 0.4642 0.4754 0.7473
vn 0.2398 0.6362 0.7333
vn 0.4668 0.6022 -0.6476
vn 0.6334 0.7697 0.0793
vn 0.6223 0.7677 0.1528
vn 0.5005 0.6337 -0.5898
vn 0.0641 0.0994 -0.9930
vn 0.0044 0.0642 -0.9979
vn -0.0207 0.0946 -0.9953
vn 0.4593 0.6121 -0.6437
vn 0.6434 0.7615 0.0780
vn -0.4590 -0.5756 0.6768
vn -0.6445 -0.7614 -0.0695
vn -0.6265 -0.7794 -0.0048
vn -0.4214 -0.5392 0.7292
vn 0.0306 0.0148 0.9994
vn -0.0093 -0.0479 0.9988
vn 0.0001 -0.0569 0.9984
vn -0.4663 -0.5654 0.6804
vn -0.6738 -0.7364 -0.0609
vn -0.4464 -0.4906 -0.7483
vn -0.4220 -0.5107 -0.7491
vn -0.4826 -0.4593 -0.7458
vn 0.4353 0.4999 0.7488
vn 0.4246 0.5086 0.7490
vn 0.4539 0.4843 0.7479
vn -0.7431 0.6652 0.0722
vn 0.4558 0.6170 -0.6415
vn 0.6480 0.7577 0.0774
vn -0.0313 0.1099 -0.9934
vn -0.4695 -0.5603 0.6824
vn -0.6871 -0.7244 -0.0552
vn 0.0044 -0.0611 0.9981
vn -0.4990 -0.4444 -0.7440
vn 0.4627 0.4768 0.7474
vn -0.0073 0.3392 -0.9407
vn 0.0651 0.8978 -0.4356
vn 0.0369 0.8997 -0.4349
vn -0.0034 0.3362 -0.9418
vn -0.0611 -0.4491 -0.8914
vn -0.1103 -0.4333 -0.8945
vn -0.1610 -0.4238 -0.8913
vn -0.2504 0.3354 -0.9082
vn 0.0284 0.8994 -0.4363
vn -0.0912 -0.2927 0.9518
vn -0.1696 -0.8794 0.4449
vn -0.0900 -0.8925 0.4420
vn -0.0426 -0.3034 0.9519
vn 0.0107 0.4475 0.8942
vn 0.0061 0.4539 0.8910
vn -0.0362 0.4579 0.8883
vn -0.3387 -0.2680 0.9019
vn -0.2260 -0.8682 0.4418
vn -0.1727 -0.9322 -0.3181
vn -0.0943 -0.9442 -0.3155
vn -0.4140 -0.8573 -0.3059
vn 0.0724 0.9449 0.3193
vn 0.0448 0.9459 0.3214
vn -0.1687 0.9375 0.3042
vn 0.0048 -0.3131 0.9497
vn 0.0158 -0.9000 0.4356
vn 0.0814 -0.8951 0.4384
vn 0.0275 -0.3004 0.9534
vn -0.0566 0.4647 0.8836
vn -0.0281 0.4470 0.8941
vn 0.0112 -0.9500 -0.3120
vn -0.0125 -0.4599 -0.8879
vn 0.0104 -0.4466 -0.8947
vn 0.0761 -0.9465 -0.3136
vn -0.0593 0.9458 0.3194
vn -0.1168 0.9429 0.3121
vn -0.1263 0.8993 -0.4187
vn -0.0687 0.9010 -0.4283
vn -0.9901 0.1401 -0.0016
vn -0.0457 0.3378 -0.9401
vn -0.0752 0.3495 -0.9339
vn -0.0746 0.3438 -0.9361
vn -0.1263 0.8978 -0.4219
vn -0.1278 0.9207 -0.3689
vn -0.0803 0.4012 -0.9125
vn 0.0041 -0.3916 -0.9201
vn 0.0107 -0.4491 -0.8934
vn -0.1168 0.9427 0.3124
vn -0.0568 0.4666 0.8826
vn -0.0636 0.5256 0.8483
vn -0.1170 0.9439 0.3089
vn 0.0761 -0.9467 -0.3131
vn 0.0760 -0.9458 -0.3156
vn 0.0791 -0.8652 0.4951
vn 0.0813 -0.8932 0.4422
vn 0.0269 -0.2944 0.9553
vn 0.0203 -0.2284 0.9733
vn 0.8385 -0.3834 -0.3873
vn 0.9130 -0.2158 0.3462
vn 0.9038 -0.2374 0.3562
vn 0.8321 -0.4065 -0.3773
vn 0.2633 -0.3196 -0.9102
vn 0.2717 -0.2954 -0.9159
vn 0.2857 -0.2509 -0.9249
vn 0.8790 -0.1462 -0.4540
vn 0.9276 -0.1744 0.3305
vn -0.7831 0.4791 0.3964
vn -0.8776 0.3160 -0.3605
vn -0.8883 0.2930 -0.3537
vn -0.7910 0.4568 0.4071
vn -0.2277 0.3644 0.9030
vn -0.2219 0.3878 0.8946
vn -0.2075 0.4293 0.8790
vn -0.6721 0.6788 0.2957
vn -0.8566 0.3567 -0.3728
vn -0.4388 -0.0085 -0.8986
vn -0.4485 -0.0316 -0.8932
vn -0.3331 0.2091 -0.9194
vn 0.4755 0.0999 0.8740
vn 0.4669 0.0773 0.8810
vn 0.5449 0.3204 0.7749
vn 0.8231 -0.4245 -0.3773
vn 0.9096 -0.2182 0.3536
vn 0.8916 -0.1808 0.4153
vn 0.8536 -0.4186 -0.3101
vn 0.2825 -0.4063 -0.8690
vn 0.2310 -0.3709 -0.8995
vn 0.2506 -0.3375 -0.9073
vn 0.8291 -0.4130 -0.3769
vn 0.9055 -0.2301 0.3566
vn -0.8007 0.4392 0.4074
vn -0.9072 0.2345 -0.3494
vn -0.9290 0.2380 -0.2835
vn -0.7635 0.4415 0.4714
vn -0.1464 0.3713 0.9169
vn -0.2177 0.3814 0.8984
vn -0.2229 0.3700 0.9019
vn -0.7943 0.4505 0.4077
vn -0.8950 0.2718 -0.3537
vn -0.4749 -0.0983 -0.8745
vn -0.4854 -0.1266 -0.8651
vn -0.4582 -0.0553 -0.8872
vn 0.4798 0.1113 0.8703
vn 0.4843 0.1236 0.8661
vn 0.4716 0.0895 0.8773
vn 0.3618 0.9003 -0.2421
vn 0.8321 -0.4074 -0.3762
vn 0.9035 -0.2357 0.3579
vn 0.2610 -0.3222 -0.9100
vn -0.7909 0.4559 0.4082
vn -0.8892 0.2896 -0.3541
vn -0.2253 0.3647 0.9035
vn -0.4500 -0.0352 -0.8923
vn 0.4676 0.0791 0.8804
vn 0.4729 -0.2370 -0.8486
vn 0.9297 0.1062 -0.3527
vn 0.9221 0.1311 -0.3641
vn 0.4716 -0.2418 -0.8480
vn -0.2856 -0.4637 -0.8387
vn -0.2865 -0.4176 -0.8623
vn -0.2949 -0.3702 -0.8809
vn 0.3841 -0.0209 -0.9231
vn 0.9192 0.1375 -0.3690
vn -0.4640 0.3415 0.8173
vn -0.9485 -0.0078 0.3168
vn -0.9340 -0.0808 0.3479
vn -0.4580 0.2967 0.8380
vn 0.2670 0.5067 0.8198
vn 0.2720 0.5116 0.8150
vn 0.2623 0.5477 0.7945
vn -0.5138 0.5397 0.6669
vn -0.9561 0.0427 0.2900
vn -0.8686 -0.3236 -0.3752
vn -0.8545 -0.3930 -0.3395
vn -0.8803 -0.0878 -0.4662
vn 0.8473 0.4133 0.3337
vn 0.8388 0.4377 0.3238
vn 0.7639 0.6078 0.2170
vn -0.4511 0.2523 0.8561
vn -0.9052 -0.1752 0.3872
vn -0.8796 -0.2277 0.4178
vn -0.4325 0.2393 0.8693
vn 0.2627 0.5656 0.7817
vn 0.2538 0.5391 0.8031
vn -0.8258 -0.4827 -0.2915
vn -0.2801 -0.5073 -0.8150
vn -0.2592 -0.5243 -0.8111
vn -0.8010 -0.5368 -0.2651
vn 0.8048 0.5246 0.2776
vn 0.7845 0.5691 0.2463
vn 0.8654 0.2748 -0.4191
vn 0.8875 0.2231 -0.4032
vn -0.1946 0.8854 -0.4221
vn 0.4590 -0.2049 -0.8645
vn 0.4591 -0.1734 -0.8713
vn 0.4543 -0.1768 -0.8731
vn 0.8646 0.2729 -0.4220
vn 0.8763 0.3034 -0.3744
vn 0.5017 -0.1415 -0.8534
vn -0.2058 -0.5086 -0.8360
vn -0.2615 -0.5250 -0.8099
vn 0.7844 0.5692 0.2466
vn 0.2646 0.5660 0.7808
vn 0.3230 0.5802 0.7477
vn 0.7859 0.5684 0.2434
vn -0.8012 -0.5366 -0.2646
vn -0.8001 -0.5372 -0.2670
vn -0.8622 -0.1924 0.4686
vn -0.8785 -0.2253 0.4212
vn -0.4274 0.2427 0.8709
vn -0.3714 0.2798 0.8853
vn 0.0169 0.0694 -0.9974
vn 0.7323 0.1421 -0.6660
vn -0.7257 0.0400 -0.6869
vn 0.0169 0.0694 0.9974
vn -0.7257 0.0400 0.6869
vn 0.7323 0.1421 0.6660
vn 0.9852 0.1712 0.0000
vn -0.9995 0.0325 0.0000
usemtl Tree_Bark
f 1//1 2//2 3//3
f 1//1 3//3 4//4
f 1//1 4//4 5//5
f 1//1 5//5 6//6
f 1//1 6//6 7//7
f 1//1 7//7 8//8
f 1//1 8//8 9//9
f 1//1 9//9 2//2
f 10//10 11//11 12//12
f 10//10 12//12 13//13
f 10//10 13//13 14//14
f 10//10 14//14 15//15
f 10//10 15//15 16//16
f 10//10 16//16 17//17
f 10//10 17//17 18//18
f 10//10 18//18 11//11
f 19//19 20//20 9//9
f 19//19 9//9 8//8
f 19//19 8//8 7//7
f 19//19 7//7 21//21
f 19//19 21//21 14//14
f 19//19 14//14 13//13
f 19//19 13//13 12//12
f 19//19 12//12 20//20
f 22//22 23//23 18//18
f 22//22 18//18 17//17
f 22//22 17//17 16//16
f 22//22 16//16 24//24
f 22//22 24//24 5//5
f 22//22 5//5 4//4
f 22//22 4//4 3//3
f 22//22 3//3 23//23
f 25//25 26//26 27//27
f 25//25 27//27 28//28
f 25//25 28//28 29//29
f 25//25 29//29 30//30
f 25//25 30//30 31//31
f 25//25 31//31 32//32
f 25//25 32//32 33//33
f 25//25 33//33 26//26
f 34//34 35//35 36//36
f 34//34 36//36 37//37
f 34//34 37//37 38//38
f 34//34 38//38 39//39
f 34//34 39//39 40//40
f 34//34 40//40 41//41
f 34//34 41//41 42//42
f 34//34 42//42 35//35
f 43//43 44//44 33//33
f 43//43 33//33 32//32
f 43//43 32//32 31//31
f 43//43 31//31 45//45
f 43//43 45//45 38//38
f 43//43 38//38 37//37
f 43//43 37//37 36//36
f 43//43 36//36 44//44
f 46//46 47//47 42//42
f 46//46 42//42 41//41
f 46//46 41//41 40//40
f 46//46 40//40 48//48
f 46//46 48//48 29//29
f 46//46 29//29 28//28
f 46//46 28//28 27//27
f 46//46 27//27 47//47
f 49//49 50//50 51//51
f 49//49 51//51 52//52
f 49//49 52//52 53//53
f 49//49 53//53 54//54
f 49//49 54//54 55//55
f 49//49 55//55 56//56
f 49//49 56//56 57//57
f 49//49 57//57 50//50
f 58//58 59//59 60//60
f 58//58 60//60 61//61
f 58//58 61//61 62//62
f 58//58 62//62 63//63
f 58//58 63//63 64//64
f 58//58 64//64 65//65
f 58//58 65//65 66//66
f 58//58 66//66 59//59
f 67//67 68//68 66//66
f 67//67 66//66 65//65
f 67//67 65//65 64//64
f 67//67 64//64 69//69
f 67//67 69//69 53//53
f 67//67 53//53 52//52
f 67//67 52//52 51//51
f 67//67 51//51 68//68
f 70//70 71//71 57//57
f 70//70 57//57 56//56
f 70//70 56//56 55//55
f 70//70 55//55 72//72
f 70//70 72//72 62//62
f 70//70 62//62 61//61
f 70//70 61//61 60//60
f 70//70 60//60 71//71
f 73//73 39//39 38//38
f 73//73 38//38 74//74
f 73//73 74//74 75//75
f 73//73 75//75 76//76
f 73//73 76//76 77//77
f 73//73 77//77 78//78
f 73//73 78//78 40//40
f 73//73 40//40 39//39
f 79//79 30//30 29//29
f 79//79 29//29 80//80
f 79//79 80//80 81//81
f 79//79 81//81 82//82
f 79//79 82//82 83//83
f 79//79 83//83 84//84
f 79//79 84//84 31//31
f 79//79 31//31 30//30
f 85//85 48//48 40//40
f 85//85 40//40 78//78
f 85//85 78//78 77//77
f 85//85 77//77 86//86
f 85//85 86//86 81//81
f 85//85 81//81 80//80
f 85//85 80//80 29//29
f 85//85 29//29 48//48
f 87//87 45//45 31//31
f 87//87 31//31 84//84
f 87//87 84//84 83//83
f 87//87 83//83 88//88
f 87//87 88//88 75//75
f 87//87 75//75 74//74
f 87//87 74//74 38//38
f 87//87 38//38 45//45
f 89//89 63//63 62//62
f 89//89 62//62 72//72
f 89//89 72//72 55//55
f 89//89 55//55 54//54
f 89//89 54//54 53//53
f 89//89 53//53 69//69
f 89//89 69//69 64//64
f 89//89 64//64 63//63
f 90//90 76//76 75//75
f 90//90 75//75 91//91
f 90//90 91//91 57//57
f 90//90 57//57 71//71
f 90//90 71//71 60//60
f 90//90 60//60 92//92
f 90//90 92//92 77//77
f 90//90 77//77 76//76
f 93//93 82//82 81//81
f 93//93 81//81 94//94
f 93//93 94//94 66//66
f 93//93 66//66 68//68
f 93//93 68//68 51//51
f 93//93 51//51 95//95
f 93//93 95//95 83//83
f 93//93 83//83 82//82
f 96//96 86//86 77//77
f 96//96 77//77 92//92
f 96//96 92//92 60//60
f 96//96 60//60 59//59
f 96//96 59//59 66//66
f 96//96 66//66 94//94
f 96//96 94//94 81//81
f 96//96 81//81 86//86
f 97//97 88//88 83//83
f 97//97 83//83 95//95
f 97//97 95//95 51//51
f 97//97 51//51 50//50
f 97//97 50//50 57//57
f 97//97 57//57 91//91
f 97//97 91//91 75//75
f 97//97 75//75 88//88
f 98//98 99//99 100//100
f 98//98 100//100 101//101
f 98//98 101//101 102//102
f 98//98 102//102 103//103
f 98//98 103//103 104//104
f 98//98 104//104 105//105
f 98//98 105//105 106//106
f 98//98 106//106 99//99
f 107//107 108//108 109//109
f 107//107 109//109 110//110
f 107//107 110//110 111//111
f 107//107 111//111 112//112
f 107//107 112//112 113//113
f 107//107 113//113 114//114
f 107//107 114//114 115//115
f 107//107 115//115 108//108
f 116//116 117//117 115//115
f 116//116 115//115 114//114
f 116//116 114//114 113//113
f 116//116 113//113 118//118
f 116//116 118//118 102//102
f 116//116 102//102 101//101
f 116//116 101//101 100//100
f 116//116 100//100 117//117
f 119//119 120//120 106//106
f 119//119 106//106 105//105
f 119//119 105//105 104//104
f 119//119 104//104 121//121
f 119//119 121//121 111//111
f 119//119 111//111 110//110
f 119//119 110//110 109//109
f 119//119 109//109 120//120
f 122//122 123//123 124//124
f 122//122 124//124 125//125
f 122//122 125//125 126//126
f 122//122 126//126 127//127
f 122//122 127//127 128//128
f 122//122 128//128 129//129
f 122//122 129//129 130//130
f 122//122 130//130 123//123
f 131//131 132//132 133//133
f 131//131 133//133 134//134
f 131//131 134//134 135//135
f 131//131 135//135 136//136
f 131//131 136//136 137//137
f 131//131 137//137 138//138
f 131//131 138//138 139//139
f 131//131 139//139 132//132
f 140//140 141//141 130//130
f 140//140 130//130 129//129
f 140//140 129//129 128//128
f 140//140 128//128 142//142
f 140//140 142//142 135//135
f 140//140 135//135 134//134
f 140//140 134//134 133//133
f 140//140 133//133 141//141
f 143//143 144//144 139//139
f 143//143 139//139 138//138
f 143//143 138//138 137//137
f 143//143 137//137 145//145
f 143//143 145//145 126//126
f 143//143 126//126 125//125
f 143//143 125//125 124//124
f 143//143 124//124 144//144
f 146//146 112//112 111//111
f 146//146 111//111 121//121
f 146//146 121//121 104//104
f 146//146 104//104 103//103
f 146//146 103//103 102//102
f 146//146 102//102 118//118
f 146//146 118//118 113//113
f 146//146 113//113 112//112
f 147//147 127//127 126//126
f 147//147 126//126 148//148
f 147//147 148//148 106//106
f 147//147 106//106 120//120
f 147//147 120//120 109//109
f 147//147 109//109 149//149
f 147//147 149//149 128//128
f 147//147 128//128 127//127
f 150//150 136//136 135//135
f 150//150 135//135 151//151
f 150//150 151//151 115//115
f 150//150 115//115 117//117
f 150//150 117//117 100//100
f 150//150 100//100 152//152
f 150//150 152//152 137//137
f 150//150 137//137 136//136
f 153//153 142//142 128//128
f 153//153 128//128 149//149
f 153//153 149//149 109//109
f 153//153 109//109 108//108
f 153//153 108//108 115//115
f 153//153 115//115 151//151
f 153//153 151//151 135//135
f 153//153 135//135 142//142
f 154//154 145//145 137//137
f 154//154 137//137 152//152
f 154//154 152//152 100//100
f 154//154 100//100 99//99
f 154//154 99//99 106//106
f 154//154 106//106 148//148
f 154//154 148//148 126//126
f 154//154 126//126 145//145
f 155//155 156//156 157//157
f 155//155 157//157 158//158
f 155//155 158//158 159//159
f 155//155 159//159 160//160
f 155//155 160//160 161//161
f 155//155 161//161 162//162
f 155//155 162//162 163//163
f 155//155 163//163 156//156
f 164//164 165//165 166//166
f 164//164 166//166 167//167
f 164//164 167//167 168//168
f 164//164 168//168 169//169
f 164//164 169//169 170//170
f 164//164 170//170 171//171
f 164//164 171//171 172//172
f 164//164 172//172 165//165
f 173//173 174//174 172//172
f 173//173 172//172 171//171
f 173//173 171//171 170//170
f 173//173 170//170 175//175
f 173//173 175//175 159//159
f 173//173 159//159 158//158
f 173//173 158//158 157//157
f 173//173 157//157 174//174
f 176//176 177//177 163//163
f 176//176 163//163 162//162
f 176//176 162//162 161//161
f 176//176 161//161 178//178
f 176//176 178//178 168//168
f 176//176 168//168 167//167
f 176//176 167//167 166//166
f 176//176 166//166 177//177
f 179//179 160//160 159//159
f 179//179 159//159 180//180
f 179//179 180//180 42//42
f 179//179 42//42 47//47
f 179//179 47//47 27//27
f 179//179 27//27 181//181
f 179//179 181//181 161//161
f 179//179 161//161 160//160
f 182//182 169//169 168//168
f 182//182 168//168 183//183
f 182//182 183//183 33//33
f 182//182 33//33 44//44
f 182//182 44//44 36//36
f 182//182 36//36 184//184
f 182//182 184//184 170//170
f 182//182 170//170 169//169
f 185//185 175//175 170//170
f 185//185 170//170 184//184
f 185//185 184//184 36//36
f 185//185 36//36 35//35
f 185//185 35//35 42//42
f 185//185 42//42 180//180
f 185//185 180//180 159//159
f 185//185 159//159 175//175
f 186//186 178//178 161//161
f 186//186 161//161 181//181
f 186//186 181//181 27//27
f 186//186 27//27 26//26
f 186//186 26//26 33//33
f 186//186 33//33 183//183
f 186//186 183//183 168//168
f 186//186 168//168 178//178
f 187//187 188//188 189//189
f 187//187 189//189 190//190
f 187//187 190//190 191//191
f 187//187 191//191 192//192
f 187//187 192//192 193//193
f 187//187 193//193 194//194
f 187//187 194//194 195//195
f 187//187 195//195 188//188
f 196//196 197//197 198//198
f 196//196 198//198 199//199
f 196//196 199//199 200//200
f 196//196 200//200 201//201
f 196//196 201//201 202//202
f 196//196 202//202 203//203
f 196//196 203//203 204//204
f 196//196 204//204 197//197
f 205//205 206//206 195//195
f 205//205 195//195 194//194
f 205//205 194//194 193//193
f 205//205 193//193 207//207
f 205//205 207//207 200//200
f 205//205 200//200 199//199
f 205//205 199//199 198//198
f 205//205 198//198 206//206
f 208//208 209//209 204//204
f 208//208 204//204 203//203
f 208//208 203//203 202//202
f 208//208 202//202 210//210
f 208//208 210//210 191//191
f 208//208 191//191 190//190
f 208//208 190//190 189//189
f 208//208 189//189 209//209
f 211//211 21//21 7//7
f 211//211 7//7 6//6
f 211//211 6//6 5//5
f 211//211 5//5 24//24
f 211//211 24//24 16//16
f 211//211 16//16 15//15
f 211//211 15//15 14//14
f 211//211 14//14 21//21
f 212//212 213//213 214//214
f 212//212 214//214 215//215
f 212//212 215//215 3//3
f 212//212 3//3 2//2
f 212//212 2//2 9//9
f 212//212 9//9 216//216
f 212//212 216//216 217//217
f 212//212 217//217 213//213
f 218//218 219//219 220//220
f 218//218 220//220 221//221
f 218//218 221//221 12//12
f 218//218 12//12 11//11
f 218//218 11//11 18//18
f 218//218 18//18 222//222
f 218//218 222//222 223//223
f 218//218 223//223 219//219
f 224//224 225//225 217//217
f 224//224 217//217 216//216
f 224//224 216//216 9//9
f 224//224 9//9 20//20
f 224//224 20//20 12//12
f 224//224 12//12 221//221
f 224//224 221//221 220//220
f 224//224 220//220 225//225
f 226//226 227//227 223//223
f 226//226 223//223 222//222
f 226//226 222//222 18//18
f 226//226 18//18 23//23
f 226//226 23//23 3//3
f 226//226 3//3 215//215
f 226//226 215//215 214//214
f 226//226 214//214 227//227
f 228//228 229//229 230//230
f 228//228 230//230 231//231
f 228//228 231//231 232//232
f 228//228 232//232 233//233
f 228//228 233//233 234//234
f 228//228 234//234 235//235
f 228//228 235//235 236//236
f 228//228 236//236 229//229
f 237//237 238//238 239//239
f 237//237 239//239 240//240
f 237//237 240//240 241//241
f 237//237 241//241 242//242
f 237//237 242//242 243//243
f 237//237 243//243 244//244
f 237//237 244//244 245//245
f 237//237 245//245 238//238
f 246//246 247//247 236//236
f 246//246 236//236 235//235
f 246//246 235//235 234//234
f 246//246 234//234 248//248
f 246//246 248//248 241//241
f 246//246 241//241 240//240
f 246//246 240//240 239//239
f 246//246 239//239 247//247
f 249//249 250//250 245//245
f 249//249 245//245 244//244
f 249//249 244//244 243//243
f 249//249 243//243 251//251
f 249//249 251//251 232//232
f 249//249 232//232 231//231
f 249//249 231//231 230//230
f 249//249 230//230 250//250
f 252//252 253//253 254//254
f 252//252 254//254 255//255
f 252//252 255//255 256//256
f 252//252 256//256 257//257
f 252//252 257//257 258//258
f 252//252 258//258 259//259
f 252//252 259//259 260//260
f 252//252 260//260 253//253
f 261//261 262//262 263//263
f 261//261 263//263 264//264
f 261//261 264//264 265//265
f 261//261 265//265 266//266
f 261//261 266//266 267//267
f 261//261 267//267 268//268
f 261//261 268//268 269//269
f 261//261 269//269 262//262
f 270//270 271//271 260//260
f 270//270 260//260 259//259
f 270//270 259//259 258//258
f 270//270 258//258 272//272
f 270//270 272//272 265//265
f 270//270 265//265 264//264
f 270//270 264//264 263//263
f 270//270 263//263 271//271
f 273//273 274//274 269//269
f 273//273 269//269 268//268
f 273//273 268//268 267//267
f 273//273 267//267 275//275
f 273//273 275//275 256//256
f 273//273 256//256 255//255
f 273//273 255//255 254//254
f 273//273 254//254 274//274
f 276//276 248//248 234//234
f 276//276 234//234 233//233
f 276//276 233//233 232//232
f 276//276 232//232 251//251
f 276//276 251//251 243//243
f 276//276 243//243 242//242
f 276//276 242//242 241//241
f 276//276 241//241 248//248
f 277//277 257//257 256//256
f 277//277 256//256 278//278
f 277//277 278//278 230//230
f 277//277 230//230 229//229
f 277//277 229//229 236//236
f 277//277 236//236 279//279
f 277//277 279//279 258//258
f 277//277 258//258 257//257
f 280//280 266//266 265//265
f 280//280 265//265 281//281
f 280//280 281//281 239//239
f 280//280 239//239 238//238
f 280//280 238//238 245//245
f 280//280 245//245 282//282
f 280//280 282//282 267//267
f 280//280 267//267 266//266
f 283//283 272//272 258//258
f 283//283 258//258 279//279
f 283//283 279//279 236//236
f 283//283 236//236 247//247
f 283//283 247//247 239//239
f 283//283 239//239 281//281
f 283//283 281//281 265//265
f 283//283 265//265 272//272
f 284//284 275//275 267//267
f 284//284 267//267 282//282
f 284//284 282//282 245//245
f 284//284 245//245 250//250
f 284//284 250//250 230//230
f 284//284 230//230 278//278
f 284//284 278//278 256//256
f 284//284 256//256 275//275
f 285//285 286//286 287//287
f 285//285 287//287 288//288
f 285//285 288//288 289//289
f 285//285 289//289 290//290
f 285//285 290//290 291//291
f 285//285 291//291 292//292
f 285//285 292//292 293//293
f 285//285 293//293 286//286
f 294//294 295//295 296//296
f 294//294 296//296 297//297
f 294//294 297//297 298//298
f 294//294 298//298 299//299
f 294//294 299//299 300//300
f 294//294 300//300 301//301
f 294//294 301//301 302//302
f 294//294 302//302 295//295
f 303//303 304//304 293//293
f 303//303 293//293 292//292
f 303//303 292//292 291//291
f 303//303 291//291 305//305
f 303//303 305//305 298//298
f 303//303 298//298 297//297
f 303//303 297//297 296//296
f 303//303 296//296 304//304
f 306//306 307//307 302//302
f 306//306 302//302 301//301
f 306//306 301//301 300//300
f 306//306 300//300 308//308
f 306//306 308//308 289//289
f 306//306 289//289 288//288
f 306//306 288//288 287//287
f 306//306 287//287 307//307
f 309//309 310//310 311//311
f 309//309 311//311 312//312
f 309//309 312//312 296//296
f 309//309 296//296 295//295
f 309//309 295//295 302//302
f 309//309 302//302 313//313
f 309//309 313//313 314//314
f 309//309 314//314 310//310
f 315//315 316//316 317//317
f 315//315 317//317 318//318
f 315//315 318//318 293//293
f 315//315 293//293 304//304
f 315//315 304//304 296//296
f 315//315 296//296 312//312
f 315//315 312//312 311//311
f 315//315 311//311 316//316
f 319//319 320//320 314//314
f 319//319 314//314 313//313
f 319//319 313//313 302//302
f 319//319 302//302 307//307
f 319//319 307//307 287//287
f 319//319 287//287 321//321
f 319//319 321//321 322//322
f 319//319 322//322 320//320
f 323//323 305//305 291//291
f 323//323 291//291 290//290
f 323//323 290//290 289//289
f 323//323 289//289 308//308
f 323//323 308//308 300//300
f 323//323 300//300 299//299
f 323//323 299//299 298//298
f 323//323 298//298 305//305
f 324//324 325//325 322//322
f 324//324 322//322 321//321
f 324//324 321//321 287//287
f 324//324 287//287 286//286
f 324//324 286//286 293//293
f 324//324 293//293 318//318
f 324//324 318//318 317//317
f 324//324 317//317 325//325
f 326//326 327//327 328//328
f 326//326 328//328 329//329
f 326//326 329//329 322//322
f 326//326 322//322 325//325
f 326//326 325//325 317//317
f 326//326 317//317 330//330
f 326//326 330//330 331//331
f 326//326 331//331 327//327
f 332//332 333//333 334//334
f 332//332 334//334 335//335
f 332//332 335//335 314//314
f 332//332 314//314 320//320
f 332//332 320//320 322//322
f 332//332 322//322 329//329
f 332//332 329//329 328//328
f 332//332 328//328 333//333
f 336//336 337//337 331//331
f 336//336 331//331 330//330
f 336//336 330//330 317//317
f 336//336 317//317 316//316
f 336//336 316//316 311//311
f 336//336 311//311 338//338
f 336//336 338//338 339//339
f 336//336 339//339 337//337
f 340//340 341//341 339//339
f 340//340 339//339 338//338
f 340//340 338//338 311//311
f 340//340 311//311 310//310
f 340//340 310//310 314//314
f 340//340 314//314 335//335
f 340//340 335//335 334//334
f 340//340 334//334 341//341
f 342//342 343//343 344//344
f 342//342 344//344 345//345
f 342//342 345//345 346//346
f 342//342 346//346 347//347
f 342//342 347//347 348//348
f 342//342 348//348 349//349
f 342//342 349//349 350//350
f 342//342 350//350 343//343
f 351//351 352//352 353//353
f 351//351 353//353 354//354
f 351//351 354//354 355//355
f 351//351 355//355 356//356
f 351//351 356//356 357//357
f 351//351 357//357 358//358
f 351//351 358//358 359//359
f 351//351 359//359 352//352
f 360//360 361//361 350//350
f 360//360 350//350 349//349
f 360//360 349//349 348//348
f 360//360 348//348 362//362
f 360//360 362//362 355//355
f 360//360 355//355 354//354
f 360//360 354//354 353//353
f 360//360 353//353 361//361
f 363//363 364//364 359//359
f 363//363 359//359 358//358
f 363//363 358//358 357//357
f 363//363 357//357 365//365
f 363//363 365//365 346//346
f 363//363 346//346 345//345
f 363//363 345//345 344//344
f 363//363 344//344 364//364
f 366//366 367//367 368//368
f 366//366 368//368 369//369
f 366//366 369//369 353//353
f 366//366 353//353 352//352
f 366//366 352//352 359//359
f 366//366 359//359 370//370
f 366//366 370//370 371//371
f 366//366 371//371 367//367
f 372//372 373//373 374//374
f 372//372 374//374 375//375
f 372//372 375//375 350//350
f 372//372 350//350 361//361
f 372//372 361//361 353//353
f 372//372 353//353 369//369
f 372//372 369//369 368//368
f 372//372 368//368 373//373
f 376//376 377//377 371//371
f 376//376 371//371 370//370
f 376//376 370//370 359//359
f 376//376 359//359 364//364
f 376//376 364//364 344//344
f 376//376 344//344 378//378
f 376//376 378//378 379//379
f 376//376 379//379 377//377
f 380//380 362//362 348//348
f 380//380 348//348 347//347
f 380//380 347//347 346//346
f 380//380 346//346 365//365
f 380//380 365//365 357//357
f 380//380 357//357 356//356
f 380//380 356//356 355//355
f 380//380 355//355 362//362
f 381//381 382//382 379//379
f 381//381 379//379 378//378
f 381//381 378//378 344//344
f 381//381 344//344 343//343
f 381//381 343//343 350//350
f 381//381 350//350 375//375
f 381//381 375//375 374//374
f 381//381 374//374 382//382
f 383//383 384//384 385//385
f 383//383 385//385 386//386
f 383//383 386//386 379//379
f 383//383 379//379 382//382
f 383//383 382//382 374//374
f 383//383 374//374 387//387
f 383//383 387//387 388//388
f 383//383 388//388 384//384
f 389//389 390//390 391//391
f 389//389 391//391 392//392
f 389//389 392//392 371//371
f 389//389 371//371 377//377
f 389//389 377//377 379//379
f 389//389 379//379 386//386
f 389//389 386//386 385//385
f 389//389 385//385 390//390
f 393//393 394//394 388//388
f 393//393 388//388 387//387
f 393//393 387//387 374//374
f 393//393 374//374 373//373
f 393//393 373//373 368//368
f 393//393 368//368 395//395
f 393//393 395//395 396//396
f 393//393 396//396 394//394
f 397//397 398//398 396//396
f 397//397 396//396 395//395
f 397//397 395//395 368//368
f 397//397 368//368 367//367
f 397//397 367//367 371//371
f 397//397 371//371 392//392
f 397//397 392//392 391//391
f 397//397 391//391 398//398
f 399//399 400//400 401//401
f 399//399 401//401 402//402
f 399//399 402//402 403//403
f 399//399 403//403 404//404
f 399//399 404//404 405//405
f 399//399 405//405 406//406
f 399//399 406//406 407//407
f 399//399 407//407 400//400
f 408//408 409//409 410//410
f 408//408 410//410 411//411
f 408//408 411//411 412//412
f 408//408 412//412 413//413
f 408//408 413//413 414//414
f 408//408 414//414 415//415
f 408//408 415//415 416//416
f 408//408 416//416 409//409
f 417//417 418//418 407//407
f 417//417 407//407 406//406
f 417//417 406//406 405//405
f 417//417 405//405 419//419
f 417//417 419//419 412//412
f 417//417 412//412 411//411
f 417//417 411//411 410//410
f 417//417 410//410 418//418
f 420//420 421//421 416//416
f 420//420 416//416 415//415
f 420//420 415//415 414//414
f 420//420 414//414 422//422
f 420//420 422//422 403//403
f 420//420 403//403 402//402
f 420//420 402//402 401//401
f 420//420 401//401 421//421
f 423//423 424//424 425//425
f 423//423 425//425 426//426
f 423//423 426//426 410//410
f 423//423 410//410 409//409
f 423//423 409//409 416//416
f 423//423 416//416 427//427
f 423//423 427//427 428//428
f 423//423 428//428 424//424
f 429//429 430//430 431//431
f 429//429 431//431 432//432
f 429//429 432//432 407//407
f 429//429 407//407 418//418
f 429//429 418//418 410//410
f 429//429 410//410 426//426
f 429//429 426//426 425//425
f 429//429 425//425 430//430
f 433//433 434//434 428//428
f 433//433 428//428 427//427
f 433//433 427//427 416//416
f 433//433 416//416 421//421
f 433//433 421//421 401//401
f 433//433 401//401 435//435
f 433//433 435//435 436//436
f 433//433 436//436 434//434
f 437//437 419//419 405//405
f 437//437 405//405 404//404
f 437//437 404//404 403//403
f 437//437 403//403 422//422
f 437//437 422//422 414//414
f 437//437 414//414 413//413
f 437//437 413//413 412//412
f 437//437 412//412 419//419
f 438//438 439//439 436//436
f 438//438 436//436 435//435
f 438//438 435//435 401//401
f 438//438 401//401 400//400
f 438//438 400//400 407//407
f 438//438 407//407 432//432
f 438//438 432//432 431//431
f 438//438 431//431 439//439
f 440//440 441//441 442//442
f 440//440 442//442 443//443
f 440//440 443//443 436//436
f 440//440 436//436 439//439
f 440//440 439//439 431//431
f 440//440 431//431 444//444
f 440//440 444//444 445//445
f 440//440 445//445 441//441
f 446//446 447//447 448//448
f 446//446 448//448 449//449
f 446//446 449//449 428//428
f 446//446 428//428 434//434
f 446//446 434//434 436//436
f 446//446 436//436 443//443
f 446//446 443//443 442//442
f 446//446 442//442 447//447
f 450//450 451//451 445//445
f 450//450 445//445 444//444
f 450//450 444//444 431//431
f 450//450 431//431 430//430
f 450//450 430//430 425//425
f 450//450 425//425 452//452
f 450//450 452//452 453//453
f 450//450 453//453 451//451
f 454//454 455//455 453//453
f 454//454 453//453 452//452
f 454//454 452//452 425//425
f 454//454 425//425 424//424
f 454//454 424//424 428//428
f 454//454 428//428 449//449
f 454//454 449//449 448//448
f 454//454 448//448 455//455
f 456//456 457//457 458//458
f 456//456 458//458 459//459
f 456//456 459//459 460//460
f 456//456 460//460 461//461
f 456//456 461//461 462//462
f 456//456 462//462 463//463
f 456//456 463//463 464//464
f 456//456 464//464 457//457
f 465//465 466//466 467//467
f 465//465 467//467 468//468
f 465//465 468//468 469//469
f 465//465 469//469 470//470
f 465//465 470//470 471//471
f 465//465 471//471 472//472
f 465//465 472//472 473//473
f 465//465 473//473 466//466
f 474//474 475//475 464//464
f 474//474 464//464 463//463
f 474//474 463//463 462//462
f 474//474 462//462 476//476
f 474//474 476//476 469//469
f 474//474 469//469 468//468
f 474//474 468//468 467//467
f 474//474 467//467 475//475
f 477//477 478//478 473//473
f 477//477 473//473 472//472
f 477//477 472//472 471//471
f 477//477 471//471 479//479
f 477//477 479//479 460//460
f 477//477 460//460 459//459
f 477//477 459//459 458//458
f 477//477 458//458 478//478
f 480//480 481//481 482//482
f 480//480 482//482 483//483
f 480//480 483//483 467//467
f 480//480 467//467 466//466
f 480//480 466//466 473//473
f 480//480 473//473 484//484
f 480//480 484//484 485//485
f 480//480 485//485 481//481
f 486//486 487//487 488//488
f 486//486 488//488 489//489
f 486//486 489//489 464//464
f 486//486 464//464 475//475
f 486//486 475//475 467//467
f 486//486 467//467 483//483
f 486//486 483//483 482//482
f 486//486 482//482 487//487
f 490//490 491//491 485//485
f 490//490 485//485 484//484
f 490//490 484//484 473//473
f 490//490 473//473 478//478
f 490//490 478//478 458//458
f 490//490 458//458 492//492
f 490//490 492//492 493//493
f 490//490 493//493 491//491
f 494//494 476//476 462//462
f 494//494 462//462 461//461
f 494//494 461//461 460//460
f 494//494 460//460 479//479
f 494//494 479//479 471//471
f 494//494 471//471 470//470
f 494//494 470//470 469//469
f 494//494 469//469 476//476
f 495//495 496//496 493//493
f 495//495 493//493 492//492
f 495//495 492//492 458//458
f 495//495 458//458 457//457
f 495//495 457//457 464//464
f 495//495 464//464 489//489
f 495//495 489//489 488//488
f 495//495 488//488 496//496
f 497//497 498//498 499//499
f 497//497 499//499 500//500
f 497//497 500//500 493//493
f 497//497 493//493 496//496
f 497//497 496//496 488//488
f 497//497 488//488 501//501
f 497//497 501//501 502//502
f 497//497 502//502 498//498
f 503//503 504//504 505//505
f 503//503 505//505 506//506
f 503//503 506//506 485//485
f 503//503 485//485 491//491
f 503//503 491//491 493//493
f 503//503 493//493 500//500
f 503//503 500//500 499//499
f 503//503 499//499 504//504
f 507//507 508//508 502//502
f 507//507 502//502 501//501
f 507//507 501//501 488//488
f 507//507 488//488 487//487
f 507//507 487//487 482//482
f 507//507 482//482 509//509
f 507//507 509//509 510//510
f 507//507 510//510 508//508
f 511//511 512//512 510//510
f 511//511 510//510 509//509
f 511//511 509//509 482//482
f 511//511 482//482 481//481
f 511//511 481//481 485//485
f 511//511 485//485 506//506
f 511//511 506//506 505//505
f 511//511 505//505 512//512
f 513//513 514//514 515//515
f 513//513 515//515 516//516
f 513//513 516//516 517//517
f 513//513 517//517 518//518
f 513//513 518//518 519//519
f 513//513 519//519 520//520
f 513//513 520//520 521//521
f 513//513 521//521 514//514
f 522//522 523//523 524//524
f 522//522 524//524 525//525
f 522//522 525//525 526//526
f 522//522 526//526 527//527
f 522//522 527//527 528//528
f 522//522 528//528 529//529
f 522//522 529//529 530//530
f 522//522 530//530 523//523
f 531//531 532//532 521//521
f 531//531 521//521 520//520
f 531//531 520//520 519//519
f 531//531 519//519 533//533
f 531//531 533//533 526//526
f 531//531 526//526 525//525
f 531//531 525//525 524//524
f 531//531 524//524 532//532
f 534//534 535//535 530//530
f 534//534 530//530 529//529
f 534//534 529//529 528//528
f 534//534 528//528 536//536
f 534//534 536//536 517//517
f 534//534 517//517 516//516
f 534//534 516//516 515//515
f 534//534 515//515 535//535
f 537//537 538//538 539//539
f 537//537 539//539 540//540
f 537//537 540//540 541//541
f 537//537 541//541 542//542
f 537//537 542//542 543//543
f 537//537 543//543 544//544
f 537//537 544//544 545//545
f 537//537 545//545 538//538
f 546//546 547//547 548//548
f 546//546 548//548 549//549
f 546//546 549//549 550//550
f 546//546 550//550 551//551
f 546//546 551//551 552//552
f 546//546 552//552 553//553
f 546//546 553//553 554//554
f 546//546 554//554 547//547
f 555//555 556//556 545//545
f 555//555 545//545 544//544
f 555//555 544//544 543//543
f 555//555 543//543 557//557
f 555//555 557//557 550//550
f 555//555 550//550 549//549
f 555//555 549//549 548//548
f 555//555 548//548 556//556
f 558//558 559//559 554//554
f 558//558 554//554 553//553
f 558//558 553//553 552//552
f 558//558 552//552 560//560
f 558//558 560//560 541//541
f 558//558 541//541 540//540
f 558//558 540//540 539//539
f 558//558 539//539 559//559
f 561//561 533//533 519//519
f 561//561 519//519 518//518
f 561//561 518//518 517//517
f 561//561 517//517 536//536
f 561//561 536//536 528//528
f 561//561 528//528 527//527
f 561//561 527//527 526//526
f 561//561 526//526 533//533
f 562//562 563//563 564//564
f 562//562 564//564 565//565
f 562//562 565//565 515//515
f 562//562 515//515 514//514
f 562//562 514//514 521//521
f 562//562 521//521 566//566
f 562//562 566//566 567//567
f 562//562 567//567 563//563
f 568//568 569//569 570//570
f 568//568 570//570 571//571
f 568//568 571//571 524//524
f 568//568 524//524 523//523
f 568//568 523//523 530//530
f 568//568 530//530 572//572
f 568//568 572//572 573//573
f 568//568 573//573 569//569
f 574//574 575//575 567//567
f 574//574 567//567 566//566
f 574//574 566//566 521//521
f 574//574 521//521 532//532
f 574//574 532//532 524//524
f 574//574 524//524 571//571
f 574//574 571//571 570//570
f 574//574 570//570 575//575
f 576//576 577//577 573//573
f 576//576 573//573 572//572
f 576//576 572//572 530//530
f 576//576 530//530 535//535
f 576//576 535//535 515//515
f 576//576 515//515 565//565
f 576//576 565//565 564//564
f 576//576 564//564 577//577
f 578//578 560//560 552//552
f 578//578 552//552 579//579
f 578//578 579//579 573//573
f 578//578 573//573 577//577
f 578//578 577//577 564//564
f 578//578 564//564 580//580
f 578//578 580//580 541//541
f 578//578 541//541 560//560
f 581//581 557//557 543//543
f 581//581 543//543 582//582
f 581//581 582//582 567//567
f 581//581 567//567 575//575
f 581//581 575//575 570//570
f 581//581 570//570 583//583
f 581//581 583//583 550//550
f 581//581 550//550 557//557
f 584//584 551//551 550//550
f 584//584 550//550 583//583
f 584//584 583//583 570//570
f 584//584 570//570 569//569
f 584//584 569//569 573//573
f 584//584 573//573 579//579
f 584//584 579//579 552//552
f 584//584 552//552 551//551
f 585//585 542//542 541//541
f 585//585 541//541 580//580
f 585//585 580//580 564//564
f 585//585 564//564 563//563
f 585//585 563//563 567//567
f 585//585 567//567 582//582
f 585//585 582//582 543//543
f 585//585 543//543 542//542
f 586//586 210//210 202//202
f 586//586 202//202 587//587
f 586//586 587//587 223//223
f 586//586 223//223 227//227
f 586//586 227//227 214//214
f 586//586 214//214 588//588
f 586//586 588//588 191//191
f 586//586 191//191 210//210
f 589//589 207//207 193//193
f 589//589 193//193 590//590
f 589//589 590//590 217//217
f 589//589 217//217 225//225
f 589//589 225//225 220//220
f 589//589 220//220 591//591
f 589//589 591//591 200//200
f 589//589 200//200 207//207
f 592//592 201//201 200//200
f 592//592 200//200 591//591
f 592//592 591//591 220//220
f 592//592 220//220 219//219
f 592//592 219//219 223//223
f 592//592 223//223 587//587
f 592//592 587//587 202//202
f 592//592 202//202 201//201
f 593//593 192//192 191//191
f 593//593 191//191 588//588
f 593//593 588//588 214//214
f 593//593 214//214 213//213
f 593//593 213//213 217//217
f 593//593 217//217 590//590
f 593//593 590//590 193//193
f 593//593 193//193 192//192
f 594//594 595//595 163//163
f 594//594 163//163 177//177
f 594//594 177//177 166//166
f 594//594 166//166 596//596
f 594//594 596//596 597//597
f 594//594 597//597 598//598
f 594//594 598//598 599//599
f 594//594 599//599 595//595
f 600//600 601//601 172//172
f 600//600 172//172 174//174
f 600//600 174//174 157//157
f 600//600 157//157 602//602
f 600//600 602//602 603//603
f 600//600 603//603 604//604
f 600//600 604//604 605//605
f 600//600 605//605 601//601
f 606//606 596//596 166//166
f 606//606 166//166 165//165
f 606//606 165//165 172//172
f 606//606 172//172 601//601
f 606//606 601//601 605//605
f 606//606 605//605 607//607
f 606//606 607//607 597//597
f 606//606 597//597 596//596
f 608//608 602//602 157//157
f 608//608 157//157 156//156
f 608//608 156//156 163//163
f 608//608 163//163 595//595
f 608//608 595//595 599//599
f 608//608 599//599 609//609
f 608//608 609//609 603//603
f 608//608 603//603 602//602
f 610//610 611//611 612//612
f 610//610 612//612 613//613
f 610//610 613//613 614//614
f 610//610 614//614 615//615
f 610//610 615//615 616//616
f 610//610 616//616 617//617
f 610//610 617//617 618//618
f 610//610 618//618 611//611
f 619//619 620//620 621//621
f 619//619 621//621 622//622
f 619//619 622//622 623//623
f 619//619 623//623 624//624
f 619//619 624//624 625//625
f 619//619 625//625 626//626
f 619//619 626//626 627//627
f 619//619 627//627 620//620
f 628//628 629//629 618//618
f 628//628 618//618 617//617
f 628//628 617//617 616//616
f 628//628 616//616 630//630
f 628//628 630//630 623//623
f 628//628 623//623 622//622
f 628//628 622//622 621//621
f 628//628 621//621 629//629
f 631//631 632//632 627//627
f 631//631 627//627 626//626
f 631//631 626//626 625//625
f 631//631 625//625 633//633
f 631//631 633//633 614//614
f 631//631 614//614 613//613
f 631//631 613//613 612//612
f 631//631 612//612 632//632
f 634//634 635//635 636//636
f 634//634 636//636 637//637
f 634//634 637//637 638//638
f 634//634 638//638 639//639
f 634//634 639//639 640//640
f 634//634 640//640 641//641
f 634//634 641//641 642//642
f 634//634 642//642 635//635
f 643//643 644//644 645//645
f 643//643 645//645 646//646
f 643//643 646//646 647//647
f 643//643 647//647 648//648
f 643//643 648//648 649//649
f 643//643 649//649 650//650
f 643//643 650//650 651//651
f 643//643 651//651 644//644
f 652//652 653//653 642//642
f 652//652 642//642 641//641
f 652//652 641//641 640//640
f 652//652 640//640 654//654
f 652//652 654//654 647//647
f 652//652 647//647 646//646
f 652//652 646//646 645//645
f 652//652 645//645 653//653
f 655//655 656//656 651//651
f 655//655 651//651 650//650
f 655//655 650//650 649//649
f 655//655 649//649 657//657
f 655//655 657//657 638//638
f 655//655 638//638 637//637
f 655//655 637//637 636//636
f 655//655 636//636 656//656
f 658//658 659//659 660//660
f 658//658 660//660 661//661
f 658//658 661//661 662//662
f 658//658 662//662 663//663
f 658//658 663//663 664//664
f 658//658 664//664 665//665
f 658//658 665//665 666//666
f 658//658 666//666 659//659
f 667//667 668//668 669//669
f 667//667 669//669 670//670
f 667//667 670//670 671//671
f 667//667 671//671 672//672
f 667//667 672//672 673//673
f 667//667 673//673 674//674
f 667//667 674//674 675//675
f 667//667 675//675 668//668
f 676//676 677//677 675//675
f 676//676 675//675 674//674
f 676//676 674//674 673//673
f 676//676 673//673 678//678
f 676//676 678//678 662//662
f 676//676 662//662 661//661
f 676//676 661//661 660//660
f 676//676 660//660 677//677
f 679//679 680//680 666//666
f 679//679 666//666 665//665
f 679//679 665//665 664//664
f 679//679 664//664 681//681
f 679//679 681//681 671//671
f 679//679 671//671 670//670
f 679//679 670//670 669//669
f 679//679 669//669 680//680
f 682//682 648//648 647//647
f 682//682 647//647 683//683
f 682//682 683//683 684//684
f 682//682 684//684 685//685
f 682//682 685//685 686//686
f 682//682 686//686 687//687
f 682//682 687//687 649//649
f 682//682 649//649 648//648
f 688//688 639//639 638//638
f 688//688 638//638 689//689
f 688//688 689//689 690//690
f 688//688 690//690 691//691
f 688//688 691//691 692//692
f 688//688 692//692 693//693
f 688//688 693//693 640//640
f 688//688 640//640 639//639
f 694//694 657//657 649//649
f 694//694 649//649 687//687
f 694//694 687//687 686//686
f 694//694 686//686 695//695
f 694//694 695//695 690//690
f 694//694 690//690 689//689
f 694//694 689//689 638//638
f 694//694 638//638 657//657
f 696//696 654//654 640//640
f 696//696 640//640 693//693
f 696//696 693//693 692//692
f 696//696 692//692 697//697
f 696//696 697//697 684//684
f 696//696 684//684 683//683
f 696//696 683//683 647//647
f 696//696 647//647 654//654
f 698//698 672//672 671//671
f 698//698 671//671 681//681
f 698//698 681//681 664//664
f 698//698 664//664 663//663
f 698//698 663//663 662//662
f 698//698 662//662 678//678
f 698//698 678//678 673//673
f 698//698 673//673 672//672
f 699//699 685//685 684//684
f 699//699 684//684 700//700
f 699//699 700//700 666//666
f 699//699 666//666 680//680
f 699//699 680//680 669//669
f 699//699 669//669 701//701
f 699//699 701//701 686//686
f 699//699 686//686 685//685
f 702//702 691//691 690//690
f 702//702 690//690 703//703
f 702//702 703//703 675//675
f 702//702 675//675 677//677
f 702//702 677//677 660//660
f 702//702 660//660 704//704
f 702//702 704//704 692//692
f 702//702 692//692 691//691
f 705//705 695//695 686//686
f 705//705 686//686 701//701
f 705//705 701//701 669//669
f 705//705 669//669 668//668
f 705//705 668//668 675//675
f 705//705 675//675 703//703
f 705//705 703//703 690//690
f 705//705 690//690 695//695
f 706//706 697//697 692//692
f 706//706 692//692 704//704
f 706//706 704//704 660//660
f 706//706 660//660 659//659
f 706//706 659//659 666//666
f 706//706 666//666 700//700
f 706//706 700//700 684//684
f 706//706 684//684 697//697
f 707//707 708//708 709//709
f 707//707 709//709 710//710
f 707//707 710//710 711//711
f 707//707 711//711 712//712
f 707//707 712//712 713//713
f 707//707 713//713 714//714
f 707//707 714//714 715//715
f 707//707 715//715 708//708
f 716//716 717//717 718//718
f 716//716 718//718 719//719
f 716//716 719//719 720//720
f 716//716 720//720 721//721
f 716//716 721//721 722//722
f 716//716 722//722 723//723
f 716//716 723//723 724//724
f 716//716 724//724 717//717
f 725//725 726//726 724//724
f 725//725 724//724 723//723
f 725//725 723//723 722//722
f 725//725 722//722 727//727
f 725//725 727//727 711//711
f 725//725 711//711 710//710
f 725//725 710//710 709//709
f 725//725 709//709 726//726
f 728//728 729//729 715//715
f 728//728 715//715 714//714
f 728//728 714//714 713//713
f 728//728 713//713 730//730
f 728//728 730//730 720//720
f 728//728 720//720 719//719
f 728//728 719//719 718//718
f 728//728 718//718 729//729
f 731//731 732//732 733//733
f 731//731 733//733 734//734
f 731//731 734//734 735//735
f 731//731 735//735 736//736
f 731//731 736//736 737//737
f 731//731 737//737 738//738
f 731//731 738//738 739//739
f 731//731 739//739 732//732
f 740//740 741//741 742//742
f 740//740 742//742 743//743
f 740//740 743//743 744//744
f 740//740 744//744 745//745
f 740//740 745//745 746//746
f 740//740 746//746 747//747
f 740//740 747//747 748//748
f 740//740 748//748 741//741
f 749//749 750//750 739//739
f 749//749 739//739 738//738
f 749//749 738//738 737//737
f 749//749 737//737 751//751
f 749//749 751//751 744//744
f 749//749 744//744 743//743
f 749//749 743//743 742//742
f 749//749 742//742 750//750
f 752//752 753//753 748//748
f 752//752 748//748 747//747
f 752//752 747//747 746//746
f 752//752 746//746 754//754
f 752//752 754//754 735//735
f 752//752 735//735 734//734
f 752//752 734//734 733//733
f 752//752 733//733 753//753
f 755//755 721//721 720//720
f 755//755 720//720 730//730
f 755//755 730//730 713//713
f 755//755 713//713 712//712
f 755//755 712//712 711//711
f 755//755 711//711 727//727
f 755//755 727//727 722//722
f 755//755 722//722 721//721
f 756//756 736//736 735//735
f 756//756 735//735 757//757
f 756//756 757//757 715//715
f 756//756 715//715 729//729
f 756//756 729//729 718//718
f 756//756 718//718 758//758
f 756//756 758//758 737//737
f 756//756 737//737 736//736
f 759//759 745//745 744//744
f 759//759 744//744 760//760
f 759//759 760//760 724//724
f 759//759 724//724 726//726
f 759//759 726//726 709//709
f 759//759 709//709 761//761
f 759//759 761//761 746//746
f 759//759 746//746 745//745
f 762//762 751//751 737//737
f 762//762 737//737 758//758
f 762//762 758//758 718//718
f 762//762 718//718 717//717
f 762//762 717//717 724//724
f 762//762 724//724 760//760
f 762//762 760//760 744//744
f 762//762 744//744 751//751
f 763//763 754//754 746//746
f 763//763 746//746 761//761
f 763//763 761//761 709//709
f 763//763 709//709 708//708
f 763//763 708//708 715//715
f 763//763 715//715 757//757
f 763//763 757//757 735//735
f 763//763 735//735 754//754
f 764//764 765//765 766//766
f 764//764 766//766 767//767
f 764//764 767//767 768//768
f 764//764 768//768 769//769
f 764//764 769//769 770//770
f 764//764 770//770 771//771
f 764//764 771//771 772//772
f 764//764 772//772 765//765
f 773//773 774//774 775//775
f 773//773 775//775 776//776
f 773//773 776//776 777//777
f 773//773 777//777 778//778
f 773//773 778//778 779//779
f 773//773 779//779 780//780
f 773//773 780//780 781//781
f 773//773 781//781 774//774
f 782//782 783//783 781//781
f 782//782 781//781 780//780
f 782//782 780//780 779//779
f 782//782 779//779 784//784
f 782//782 784//784 768//768
f 782//782 768//768 767//767
f 782//782 767//767 766//766
f 782//782 766//766 783//783
f 785//785 786//786 772//772
f 785//785 772//772 771//771
f 785//785 771//771 770//770
f 785//785 770//770 787//787
f 785//785 787//787 777//777
f 785//785 777//777 776//776
f 785//785 776//776 775//775
f 785//785 775//775 786//786
f 788//788 769//769 768//768
f 788//788 768//768 789//789
f 788//788 789//789 651//651
f 788//788 651//651 656//656
f 788//788 656//656 636//636
f 788//788 636//636 790//790
f 788//788 790//790 770//770
f 788//788 770//770 769//769
f 791//791 778//778 777//777
f 791//791 777//777 792//792
f 791//791 792//792 642//642
f 791//791 642//642 653//653
f 791//791 653//653 645//645
f 791//791 645//645 793//793
f 791//791 793//793 779//779
f 791//791 779//779 778//778
f 794//794 784//784 779//779
f 794//794 779//779 793//793
f 794//794 793//793 645//645
f 794//794 645//645 644//644
f 794//794 644//644 651//651
f 794//794 651//651 789//789
f 794//794 789//789 768//768
f 794//794 768//768 784//784
f 795//795 787//787 770//770
f 795//795 770//770 790//790
f 795//795 790//790 636//636
f 795//795 636//636 635//635
f 795//795 635//635 642//642
f 795//795 642//642 792//792
f 795//795 792//792 777//777
f 795//795 777//777 787//787
f 796//796 797//797 798//798
f 796//796 798//798 799//799
f 796//796 799//799 800//800
f 796//796 800//800 801//801
f 796//796 801//801 802//802
f 796//796 802//802 803//803
f 796//796 803//803 804//804
f 796//796 804//804 797//797
f 805//805 806//806 807//807
f 805//805 807//807 808//808
f 805//805 808//808 809//809
f 805//805 809//809 810//810
f 805//805 810//810 811//811
f 805//805 811//811 812//812
f 805//805 812//812 813//813
f 805//805 813//813 806//806
f 814//814 815//815 804//804
f 814//814 804//804 803//803
f 814//814 803//803 802//802
f 814//814 802//802 816//816
f 814//814 816//816 809//809
f 814//814 809//809 808//808
f 814//814 808//808 807//807
f 814//814 807//807 815//815
f 817//817 818//818 813//813
f 817//817 813//813 812//812
f 817//817 812//812 811//811
f 817//817 811//811 819//819
f 817//817 819//819 800//800
f 817//817 800//800 799//799
f 817//817 799//799 798//798
f 817//817 798//798 818//818
f 820//820 630//630 616//616
f 820//820 616//616 615//615
f 820//820 615//615 614//614
f 820//820 614//614 633//633
f 820//820 633//633 625//625
f 820//820 625//625 624//624
f 820//820 624//624 623//623
f 820//820 623//623 630//630
f 821//821 822//822 823//823
f 821//821 823//823 824//824
f 821//821 824//824 612//612
f 821//821 612//612 611//611
f 821//821 611//611 618//618
f 821//821 618//618 825//825
f 821//821 825//825 826//826
f 821//821 826//826 822//822
f 827//827 828//828 829//829
f 827//827 829//829 830//830
f 827//827 830//830 621//621
f 827//827 621//621 620//620
f 827//827 620//620 627//627
f 827//827 627//627 831//831
f 827//827 831//831 832//832
f 827//827 832//832 828//828
f 833//833 834//834 826//826
f 833//833 826//826 825//825
f 833//833 825//825 618//618
f 833//833 618//618 629//629
f 833//833 629//629 621//621
f 833//833 621//621 830//830
f 833//833 830//830 829//829
f 833//833 829//829 834//834
f 835//835 836//836 832//832
f 835//835 832//832 831//831
f 835//835 831//831 627//627
f 835//835 627//627 632//632
f 835//835 632//632 612//612
f 835//835 612//612 824//824
f 835//835 824//824 823//823
f 835//835 823//823 836//836
f 837//837 838//838 839//839
f 837//837 839//839 840//840
f 837//837 840//840 841//841
f 837//837 841//841 842//842
f 837//837 842//842 843//843
f 837//837 843//843 844//844
f 837//837 844//844 845//845
f 837//837 845//845 838//838
f 846//846 847//847 848//848
f 846//846 848//848 849//849
f 846//846 849//849 850//850
f 846//846 850//850 851//851
f 846//846 851//851 852//852
f 846//846 852//852 853//853
f 846//846 853//853 854//854
f 846//846 854//854 847//847
f 855//855 856//856 845//845
f 855//855 845//845 844//844
f 855//855 844//844 843//843
f 855//855 843//843 857//857
f 855//855 857//857 850//850
f 855//855 850//850 849//849
f 855//855 849//849 848//848
f 855//855 848//848 856//856
f 858//858 859//859 854//854
f 858//858 854//854 853//853
f 858//858 853//853 852//852
f 858//858 852//852 860//860
f 858//858 860//860 841//841
f 858//858 841//841 840//840
f 858//858 840//840 839//839
f 858//858 839//839 859//859
f 861//861 862//862 863//863
f 861//861 863//863 864//864
f 861//861 864//864 865//865
f 861//861 865//865 866//866
f 861//861 866//866 867//867
f 861//861 867//867 868//868
f 861//861 868//868 869//869
f 861//861 869//869 862//862
f 870//870 871//871 872//872
f 870//870 872//872 873//873
f 870//870 873//873 874//874
f 870//870 874//874 875//875
f 870//870 875//875 876//876
f 870//870 876//876 877//877
f 870//870 877//877 878//878
f 870//870 878//878 871//871
f 879//879 880//880 869//869
f 879//879 869//869 868//868
f 879//879 868//868 867//867
f 879//879 867//867 881//881
f 879//879 881//881 874//874
f 879//879 874//874 873//873
f 879//879 873//873 872//872
f 879//879 872//872 880//880
f 882//882 883//883 878//878
f 882//882 878//878 877//877
f 882//882 877//877 876//876
f 882//882 876//876 884//884
f 882//882 884//884 865//865
f 882//882 865//865 864//864
f 882//882 864//864 863//863
f 882//882 863//863 883//883
f 885//885 857//857 843//843
f 885//885 843//843 842//842
f 885//885 842//842 841//841
f 885//885 841//841 860//860
f 885//885 860//860 852//852
f 885//885 852//852 851//851
f 885//885 851//851 850//850
f 885//885 850//850 857//857
f 886//886 866//866 865//865
f 886//886 865//865 887//887
f 886//886 887//887 839//839
f 886//886 839//839 838//838
f 886//886 838//838 845//845
f 886//886 845//845 888//888
f 886//886 888//888 867//867
f 886//886 867//867 866//866
f 889//889 875//875 874//874
f 889//889 874//874 890//890
f 889//889 890//890 848//848
f 889//889 848//848 847//847
f 889//889 847//847 854//854
f 889//889 854//854 891//891
f 889//889 891//891 876//876
f 889//889 876//876 875//875
f 892//892 881//881 867//867
f 892//892 867//867 888//888
f 892//892 888//888 845//845
f 892//892 845//845 856//856
f 892//892 856//856 848//848
f 892//892 848//848 890//890
f 892//892 890//890 874//874
f 892//892 874//874 881//881
f 893//893 884//884 876//876
f 893//893 876//876 891//891
f 893//893 891//891 854//854
f 893//893 854//854 859//859
f 893//893 859//859 839//839
f 893//893 839//839 887//887
f 893//893 887//887 865//865
f 893//893 865//865 884//884
f 894//894 895//895 896//896
f 894//894 896//896 897//897
f 894//894 897//897 898//898
f 894//894 898//898 899//899
f 894//894 899//899 900//900
f 894//894 900//900 901//901
f 894//894 901//901 902//902
f 894//894 902//902 895//895
f 903//903 904//904 905//905
f 903//903 905//905 906//906
f 903//903 906//906 907//907
f 903//903 907//907 908//908
f 903//903 908//908 909//909
f 903//903 909//909 910//910
f 903//903 910//910 911//911
f 903//903 911//911 904//904
f 912//912 913//913 902//902
f 912//912 902//902 901//901
f 912//912 901//901 900//900
f 912//912 900//900 914//914
f 912//912 914//914 907//907
f 912//912 907//907 906//906
f 912//912 906//906 905//905
f 912//912 905//905 913//913
f 915//915 916//916 911//911
f 915//915 911//911 910//910
f 915//915 910//910 909//909
f 915//915 909//909 917//917
f 915//915 917//917 898//898
f 915//915 898//898 897//897
f 915//915 897//897 896//896
f 915//915 896//896 916//916
f 918//918 919//919 920//920
f 918//918 920//920 921//921
f 918//918 921//921 905//905
f 918//918 905//905 904//904
f 918//918 904//904 911//911
f 918//918 911//911 922//922
f 918//918 922//922 923//923
f 918//918 923//923 919//919
f 924//924 925//925 926//926
f 924//924 926//926 927//927
f 924//924 927//927 902//902
f 924//924 902//902 913//913
f 924//924 913//913 905//905
f 924//924 905//905 921//921
f 924//924 921//921 920//920
f 924//924 920//920 925//925
f 928//928 929//929 923//923
f 928//928 923//923 922//922
f 928//928 922//922 911//911
f 928//928 911//911 916//916
f 928//928 916//916 896//896
f 928//928 896//896 930//930
f 928//928 930//930 931//931
f 928//928 931//931 929//929
f 932//932 914//914 900//900
f 932//932 900//900 899//899
f 932//932 899//899 898//898
f 932//932 898//898 917//917
f 932//932 917//917 909//909
f 932//932 909//909 908//908
f 932//932 908//908 907//907
f 932//932 907//907 914//914
f 933//933 934//934 931//931
f 933//933 931//931 930//930
f 933//933 930//930 896//896
f 933//933 896//896 895//895
f 933//933 895//895 902//902
f 933//933 902//902 927//927
f 933//933 927//927 926//926
f 933//933 926//926 934//934
f 935//935 936//936 937//937
f 935//935 937//937 938//938
f 935//935 938//938 931//931
f 935//935 931//931 934//934
f 935//935 934//934 926//926
f 935//935 926//926 939//939
f 935//935 939//939 940//940
f 935//935 940//940 936//936
f 941//941 942//942 943//943
f 941//941 943//943 944//944
f 941//941 944//944 923//923
f 941//941 923//923 929//929
f 941//941 929//929 931//931
f 941//941 931//931 938//938
f 941//941 938//938 937//937
f 941//941 937//937 942//942
f 945//945 946//946 940//940
f 945//945 940//940 939//939
f 945//945 939//939 926//926
f 945//945 926//926 925//925
f 945//945 925//925 920//920
f 945//945 920//920 947//947
f 945//945 947//947 948//948
f 945//945 948//948 946//946
f 949//949 950//950 948//948
f 949//949 948//948 947//947
f 949//949 947//947 920//920
f 949//949 920//920 919//919
f 949//949 919//919 923//923
f 949//949 923//923 944//944
f 949//949 944//944 943//943
f 949//949 943//943 950//950
f 951//951 952//952 953//953
f 951//951 953//953 954//954
f 951//951 954//954 955//955
f 951//951 955//955 956//956
f 951//951 956//956 957//957
f 951//951 957//957 958//958
f 951//951 958//958 959//959
f 951//951 959//959 952//952
f 960//960 961//961 962//962
f 960//960 962//962 963//963
f 960//960 963//963 964//964
f 960//960 964//964 965//965
f 960//960 965//965 966//966
f 960//960 966//966 967//967
f 960//960 967//967 968//968
f 960//960 968//968 961//961
f 969//969 970//970 959//959
f 969//969 959//959 958//958
f 969//969 958//958 957//957
f 969//969 957//957 971//971
f 969//969 971//971 964//964
f 969//969 964//964 963//963
f 969//969 963//963 962//962
f 969//969 962//962 970//970
f 972//972 973//973 968//968
f 972//972 968//968 967//967
f 972//972 967//967 966//966
f 972//972 966//966 974//974
f 972//972 974//974 955//955
f 972//972 955//955 954//954
f 972//972 954//954 953//953
f 972//972 953//953 973//973
f 975//975 976//976 977//977
f 975//975 977//977 978//978
f 975//975 978//978 962//962
f 975//975 962//962 961//961
f 975//975 961//961 968//968
f 975//975 968//968 979//979
f 975//975 979//979 980//980
f 975//975 980//980 976//976
f 981//981 982//982 983//983
f 981//981 983//983 984//984
f 981//981 984//984 959//959
f 981//981 959//959 970//970
f 981//981 970//970 962//962
f 981//981 962//962 978//978
f 981//981 978//978 977//977
f 981//981 977//977 982//982
f 985//985 986//986 980//980
f 985//985 980//980 979//979
f 985//985 979//979 968//968
f 985//985 968//968 973//973
f 985//985 973//973 953//953
f 985//985 953//953 987//987
f 985//985 987//987 988//988
f 985//985 988//988 986//986
f 989//989 971//971 957//957
f 989//989 957//957 956//956
f 989//989 956//956 955//955
f 989//989 955//955 974//974
f 989//989 974//974 966//966
f 989//989 966//966 965//965
f 989//989 965//965 964//964
f 989//989 964//964 971//971
f 990//990 991//991 988//988
f 990//990 988//988 987//987
f 990//990 987//987 953//953
f 990//990 953//953 952//952
f 990//990 952//952 959//959
f 990//990 959//959 984//984
f 990//990 984//984 983//983
f 990//990 983//983 991//991
f 992//992 993//993 994//994
f 992//992 994//994 995//995
f 992//992 995//995 988//988
f 992//992 988//988 991//991
f 992//992 991//991 983//983
f 992//992 983//983 996//996
f 992//992 996//996 997//997
f 992//992 997//997 993//993
f 998//998 999//999 1000//1000
f 998//998 1000//1000 1001//1001
f 998//998 1001//1001 980//980
f 998//998 980//980 986//986
f 998//998 986//986 988//988
f 998//998 988//988 995//995
f 998//998 995//995 994//994
f 998//998 994//994 999//999
f 1002//1002 1003//1003 997//997
f 1002//1002 997//997 996//996
f 1002//1002 996//996 983//983
f 1002//1002 983//983 982//982
f 1002//1002 982//982 977//977
f 1002//1002 977//977 1004//1004
f 1002//1002 1004//1004 1005//1005
f 1002//1002 1005//1005 1003//1003
f 1006//1006 1007//1007 1005//1005
f 1006//1006 1005//1005 1004//1004
f 1006//1006 1004//1004 977//977
f 1006//1006 977//977 976//976
f 1006//1006 976//976 980//980
f 1006//1006 980//980 1001//1001
f 1006//1006 1001//1001 1000//1000
f 1006//1006 1000//1000 1007//1007
f 1008//1008 1009//1009 1010//1010
f 1008//1008 1010//1010 1011//1011
f 1008//1008 1011//1011 1012//1012
f 1008//1008 1012//1012 1013//1013
f 1008//1008 1013//1013 1014//1014
f 1008//1008 1014//1014 1015//1015
f 1008//1008 1015//1015 1016//1016
f 1008//1008 1016//1016 1009//1009
f 1017//1017 1018//1018 1019//1019
f 1017//1017 1019//1019 1020//1020
f 1017//1017 1020//1020 1021//1021
f 1017//1017 1021//1021 1022//1022
f 1017//1017 1022//1022 1023//1023
f 1017//1017 1023//1023 1024//1024
f 1017//1017 1024//1024 1025//1025
f 1017//1017 1025//1025 1018//1018
f 1026//1026 1027//1027 1016//1016
f 1026//1026 1016//1016 1015//1015
f 1026//1026 1015//1015 1014//1014
f 1026//1026 1014//1014 1028//1028
f 1026//1026 1028//1028 1021//1021
f 1026//1026 1021//1021 1020//1020
f 1026//1026 1020//1020 1019//1019
f 1026//1026 1019//1019 1027//1027
f 1029//1029 1030//1030 1025//1025
f 1029//1029 1025//1025 1024//1024
f 1029//1029 1024//1024 1023//1023
f 1029//1029 1023//1023 1031//1031
f 1029//1029 1031//1031 1012//1012
f 1029//1029 1012//1012 1011//1011
f 1029//1029 1011//1011 1010//1010
f 1029//1029 1010//1010 1030//1030
f 1032//1032 1033//1033 1034//1034
f 1032//1032 1034//1034 1035//1035
f 1032//1032 1035//1035 1019//1019
f 1032//1032 1019//1019 1018//1018
f 1032//1032 1018//1018 1025//1025
f 1032//1032 1025//1025 1036//1036
f 1032//1032 1036//1036 1037//1037
f 1032//1032 1037//1037 1033//1033
f 1038//1038 1039//1039 1040//1040
f 1038//1038 1040//1040 1041//1041
f 1038//1038 1041//1041 1016//1016
f 1038//1038 1016//1016 1027//1027
f 1038//1038 1027//1027 1019//1019
f 1038//1038 1019//1019 1035//1035
f 1038//1038 1035//1035 1034//1034
f 1038//1038 1034//1034 1039//1039
f 1042//1042 1043//1043 1037//1037
f 1042//1042 1037//1037 1036//1036
f 1042//1042 1036//1036 1025//1025
f 1042//1042 1025//1025 1030//1030
f 1042//1042 1030//1030 1010//1010
f 1042//1042 1010//1010 1044//1044
f 1042//1042 1044//1044 1045//1045
f 1042//1042 1045//1045 1043//1043
f 1046//1046 1028//1028 1014//1014
f 1046//1046 1014//1014 1013//1013
f 1046//1046 1013//1013 1012//1012
f 1046//1046 1012//1012 1031//1031
f 1046//1046 1031//1031 1023//1023
f 1046//1046 1023//1023 1022//1022
f 1046//1046 1022//1022 1021//1021
f 1046//1046 1021//1021 1028//1028
f 1047//1047 1048//1048 1045//1045
f 1047//1047 1045//1045 1044//1044
f 1047//1047 1044//1044 1010//1010
f 1047//1047 1010//1010 1009//1009
f 1047//1047 1009//1009 1016//1016
f 1047//1047 1016//1016 1041//1041
f 1047//1047 1041//1041 1040//1040
f 1047//1047 1040//1040 1048//1048
f 1049//1049 1050//1050 1051//1051
f 1049//1049 1051//1051 1052//1052
f 1049//1049 1052//1052 1045//1045
f 1049//1049 1045//1045 1048//1048
f 1049//1049 1048//1048 1040//1040
f 1049//1049 1040//1040 1053//1053
f 1049//1049 1053//1053 1054//1054
f 1049//1049 1054//1054 1050//1050
f 1055//1055 1056//1056 1057//1057
f 1055//1055 1057//1057 1058//1058
f 1055//1055 1058//1058 1037//1037
f 1055//1055 1037//1037 1043//1043
f 1055//1055 1043//1043 1045//1045
f 1055//1055 1045//1045 1052//1052
f 1055//1055 1052//1052 1051//1051
f 1055//1055 1051//1051 1056//1056
f 1059//1059 1060//1060 1054//1054
f 1059//1059 1054//1054 1053//1053
f 1059//1059 1053//1053 1040//1040
f 1059//1059 1040//1040 1039//1039
f 1059//1059 1039//1039 1034//1034
f 1059//1059 1034//1034 1061//1061
f 1059//1059 1061//1061 1062//1062
f 1059//1059 1062//1062 1060//1060
f 1063//1063 1064//1064 1062//1062
f 1063//1063 1062//1062 1061//1061
f 1063//1063 1061//1061 1034//1034
f 1063//1063 1034//1034 1033//1033
f 1063//1063 1033//1033 1037//1037
f 1063//1063 1037//1037 1058//1058
f 1063//1063 1058//1058 1057//1057
f 1063//1063 1057//1057 1064//1064
f 1065//1065 1066//1066 1067//1067
f 1065//1065 1067//1067 1068//1068
f 1065//1065 1068//1068 1069//1069
f 1065//1065 1069//1069 1070//1070
f 1065//1065 1070//1070 1071//1071
f 1065//1065 1071//1071 1072//1072
f 1065//1065 1072//1072 1073//1073
f 1065//1065 1073//1073 1066//1066
f 1074//1074 1075//1075 1076//1076
f 1074//1074 1076//1076 1077//1077
f 1074//1074 1077//1077 1078//1078
f 1074//1074 1078//1078 1079//1079
f 1074//1074 1079//1079 1080//1080
f 1074//1074 1080//1080 1081//1081
f 1074//1074 1081//1081 1082//1082
f 1074//1074 1082//1082 1075//1075
f 1083//1083 1084//1084 1073//1073
f 1083//1083 1073//1073 1072//1072
f 1083//1083 1072//1072 1071//1071
f 1083//1083 1071//1071 1085//1085
f 1083//1083 1085//1085 1078//1078
f 1083//1083 1078//1078 1077//1077
f 1083//1083 1077//1077 1076//1076
f 1083//1083 1076//1076 1084//1084
f 1086//1086 1087//1087 1082//1082
f 1086//1086 1082//1082 1081//1081
f 1086//1086 1081//1081 1080//1080
f 1086//1086 1080//1080 1088//1088
f 1086//1086 1088//1088 1069//1069
f 1086//1086 1069//1069 1068//1068
f 1086//1086 1068//1068 1067//1067
f 1086//1086 1067//1067 1087//1087
f 1089//1089 1090//1090 1091//1091
f 1089//1089 1091//1091 1092//1092
f 1089//1089 1092//1092 1076//1076
f 1089//1089 1076//1076 1075//1075
f 1089//1089 1075//1075 1082//1082
f 1089//1089 1082//1082 1093//1093
f 1089//1089 1093//1093 1094//1094
f 1089//1089 1094//1094 1090//1090
f 1095//1095 1096//1096 1097//1097
f 1095//1095 1097//1097 1098//1098
f 1095//1095 1098//1098 1073//1073
f 1095//1095 1073//1073 1084//1084
f 1095//1095 1084//1084 1076//1076
f 1095//1095 1076//1076 1092//1092
f 1095//1095 1092//1092 1091//1091
f 1095//1095 1091//1091 1096//1096
f 1099//1099 1100//1100 1094//1094
f 1099//1099 1094//1094 1093//1093
f 1099//1099 1093//1093 1082//1082
f 1099//1099 1082//1082 1087//1087
f 1099//1099 1087//1087 1067//1067
f 1099//1099 1067//1067 1101//1101
f 1099//1099 1101//1101 1102//1102
f 1099//1099 1102//1102 1100//1100
f 1103//1103 1085//1085 1071//1071
f 1103//1103 1071//1071 1070//1070
f 1103//1103 1070//1070 1069//1069
f 1103//1103 1069//1069 1088//1088
f 1103//1103 1088//1088 1080//1080
f 1103//1103 1080//1080 1079//1079
f 1103//1103 1079//1079 1078//1078
f 1103//1103 1078//1078 1085//1085
f 1104//1104 1105//1105 1102//1102
f 1104//1104 1102//1102 1101//1101
f 1104//1104 1101//1101 1067//1067
f 1104//1104 1067//1067 1066//1066
f 1104//1104 1066//1066 1073//1073
f 1104//1104 1073//1073 1098//1098
f 1104//1104 1098//1098 1097//1097
f 1104//1104 1097//1097 1105//1105
f 1106//1106 1107//1107 1108//1108
f 1106//1106 1108//1108 1109//1109
f 1106//1106 1109//1109 1102//1102
f 1106//1106 1102//1102 1105//1105
f 1106//1106 1105//1105 1097//1097
f 1106//1106 1097//1097 1110//1110
f 1106//1106 1110//1110 1111//1111
f 1106//1106 1111//1111 1107//1107
f 1112//1112 1113//1113 1114//1114
f 1112//1112 1114//1114 1115//1115
f 1112//1112 1115//1115 1094//1094
f 1112//1112 1094//1094 1100//1100
f 1112//1112 1100//1100 1102//1102
f 1112//1112 1102//1102 1109//1109
f 1112//1112 1109//1109 1108//1108
f 1112//1112 1108//1108 1113//1113
f 1116//1116 1117//1117 1111//1111
f 1116//1116 1111//1111 1110//1110
f 1116//1116 1110//1110 1097//1097
f 1116//1116 1097//1097 1096//1096
f 1116//1116 1096//1096 1091//1091
f 1116//1116 1091//1091 1118//1118
f 1116//1116 1118//1118 1119//1119
f 1116//1116 1119//1119 1117//1117
f 1120//1120 1121//1121 1119//1119
f 1120//1120 1119//1119 1118//1118
f 1120//1120 1118//1118 1091//1091
f 1120//1120 1091//1091 1090//1090
f 1120//1120 1090//1090 1094//1094
f 1120//1120 1094//1094 1115//1115
f 1120//1120 1115//1115 1114//1114
f 1120//1120 1114//1114 1121//1121
f 1122//1122 1123//1123 1124//1124
f 1122//1122 1124//1124 1125//1125
f 1122//1122 1125//1125 1126//1126
f 1122//1122 1126//1126 1127//1127
f 1122//1122 1127//1127 1128//1128
f 1122//1122 1128//1128 1129//1129
f 1122//1122 1129//1129 1130//1130
f 1122//1122 1130//1130 1123//1123
f 1131//1131 1132//1132 1133//1133
f 1131//1131 1133//1133 1134//1134
f 1131//1131 1134//1134 1135//1135
f 1131//1131 1135//1135 1136//1136
f 1131//1131 1136//1136 1137//1137
f 1131//1131 1137//1137 1138//1138
f 1131//1131 1138//1138 1139//1139
f 1131//1131 1139//1139 1132//1132
f 1140//1140 1141//1141 1130//1130
f 1140//1140 1130//1130 1129//1129
f 1140//1140 1129//1129 1128//1128
f 1140//1140 1128//1128 1142//1142
f 1140//1140 1142//1142 1135//1135
f 1140//1140 1135//1135 1134//1134
f 1140//1140 1134//1134 1133//1133
f 1140//1140 1133//1133 1141//1141
f 1143//1143 1144//1144 1139//1139
f 1143//1143 1139//1139 1138//1138
f 1143//1143 1138//1138 1137//1137
f 1143//1143 1137//1137 1145//1145
f 1143//1143 1145//1145 1126//1126
f 1143//1143 1126//1126 1125//1125
f 1143//1143 1125//1125 1124//1124
f 1143//1143 1124//1124 1144//1144
f 1146//1146 1147//1147 1148//1148
f 1146//1146 1148//1148 1149//1149
f 1146//1146 1149//1149 1150//1150
f 1146//1146 1150//1150 1151//1151
f 1146//1146 1151//1151 1152//1152
f 1146//1146 1152//1152 1153//1153
f 1146//1146 1153//1153 1154//1154
f 1146//1146 1154//1154 1147//1147
f 1155//1155 1156//1156 1157//1157
f 1155//1155 1157//1157 1158//1158
f 1155//1155 1158//1158 1159//1159
f 1155//1155 1159//1159 1160//1160
f 1155//1155 1160//1160 1161//1161
f 1155//1155 1161//1161 1162//1162
f 1155//1155 1162//1162 1163//1163
f 1155//1155 1163//1163 1156//1156
f 1164//1164 1165//1165 1154//1154
f 1164//1164 1154//1154 1153//1153
f 1164//1164 1153//1153 1152//1152
f 1164//1164 1152//1152 1166//1166
f 1164//1164 1166//1166 1159//1159
f 1164//1164 1159//1159 1158//1158
f 1164//1164 1158//1158 1157//1157
f 1164//1164 1157//1157 1165//1165
f 1167//1167 1168//1168 1163//1163
f 1167//1167 1163//1163 1162//1162
f 1167//1167 1162//1162 1161//1161
f 1167//1167 1161//1161 1169//1169
f 1167//1167 1169//1169 1150//1150
f 1167//1167 1150//1150 1149//1149
f 1167//1167 1149//1149 1148//1148
f 1167//1167 1148//1148 1168//1168
f 1170//1170 1142//1142 1128//1128
f 1170//1170 1128//1128 1127//1127
f 1170//1170 1127//1127 1126//1126
f 1170//1170 1126//1126 1145//1145
f 1170//1170 1145//1145 1137//1137
f 1170//1170 1137//1137 1136//1136
f 1170//1170 1136//1136 1135//1135
f 1170//1170 1135//1135 1142//1142
f 1171//1171 1172//1172 1173//1173
f 1171//1171 1173//1173 1174//1174
f 1171//1171 1174//1174 1124//1124
f 1171//1171 1124//1124 1123//1123
f 1171//1171 1123//1123 1130//1130
f 1171//1171 1130//1130 1175//1175
f 1171//1171 1175//1175 1176//1176
f 1171//1171 1176//1176 1172//1172
f 1177//1177 1178//1178 1179//1179
f 1177//1177 1179//1179 1180//1180
f 1177//1177 1180//1180 1133//1133
f 1177//1177 1133//1133 1132//1132
f 1177//1177 1132//1132 1139//1139
f 1177//1177 1139//1139 1181//1181
f 1177//1177 1181//1181 1182//1182
f 1177//1177 1182//1182 1178//1178
f 1183//1183 1184//1184 1176//1176
f 1183//1183 1176//1176 1175//1175
f 1183//1183 1175//1175 1130//1130
f 1183//1183 1130//1130 1141//1141
f 1183//1183 1141//1141 1133//1133
f 1183//1183 1133//1133 1180//1180
f 1183//1183 1180//1180 1179//1179
f 1183//1183 1179//1179 1184//1184
f 1185//1185 1186//1186 1182//1182
f 1185//1185 1182//1182 1181//1181
f 1185//1185 1181//1181 1139//1139
f 1185//1185 1139//1139 1144//1144
f 1185//1185 1144//1144 1124//1124
f 1185//1185 1124//1124 1174//1174
f 1185//1185 1174//1174 1173//1173
f 1185//1185 1173//1173 1186//1186
f 1187//1187 1169//1169 1161//1161
f 1187//1187 1161//1161 1188//1188
f 1187//1187 1188//1188 1182//1182
f 1187//1187 1182//1182 1186//1186
f 1187//1187 1186//1186 1173//1173
f 1187//1187 1173//1173 1189//1189
f 1187//1187 1189//1189 1150//1150
f 1187//1187 1150//1150 1169//1169
f 1190//1190 1166//1166 1152//1152
f 1190//1190 1152//1152 1191//1191
f 1190//1190 1191//1191 1176//1176
f 1190//1190 1176//1176 1184//1184
f 1190//1190 1184//1184 1179//1179
f 1190//1190 1179//1179 1192//1192
f 1190//1190 1192//1192 1159//1159
f 1190//1190 1159//1159 1166//1166
f 1193//1193 1160//1160 1159//1159
f 1193//1193 1159//1159 1192//1192
f 1193//1193 1192//1192 1179//1179
f 1193//1193 1179//1179 1178//1178
f 1193//1193 1178//1178 1182//1182
f 1193//1193 1182//1182 1188//1188
f 1193//1193 1188//1188 1161//1161
f 1193//1193 1161//1161 1160//1160
f 1194//1194 1151//1151 1150//1150
f 1194//1194 1150//1150 1189//1189
f 1194//1194 1189//1189 1173//1173
f 1194//1194 1173//1173 1172//1172
f 1194//1194 1172//1172 1176//1176
f 1194//1194 1176//1176 1191//1191
f 1194//1194 1191//1191 1152//1152
f 1194//1194 1152//1152 1151//1151
f 1195//1195 819//819 811//811
f 1195//1195 811//811 1196//1196
f 1195//1195 1196//1196 832//832
f 1195//1195 832//832 836//836
f 1195//1195 836//836 823//823
f 1195//1195 823//823 1197//1197
f 1195//1195 1197//1197 800//800
f 1195//1195 800//800 819//819
f 1198//1198 816//816 802//802
f 1198//1198 802//802 1199//1199
f 1198//1198 1199//1199 826//826
f 1198//1198 826//826 834//834
f 1198//1198 834//834 829//829
f 1198//1198 829//829 1200//1200
f 1198//1198 1200//1200 809//809
f 1198//1198 809//809 816//816
f 1201//1201 810//810 809//809
f 1201//1201 809//809 1200//1200
f 1201//1201 1200//1200 829//829
f 1201//1201 829//829 828//828
f 1201//1201 828//828 832//832
f 1201//1201 832//832 1196//1196
f 1201//1201 1196//1196 811//811
f 1201//1201 811//811 810//810
f 1202//1202 801//801 800//800
f 1202//1202 800//800 1197//1197
f 1202//1202 1197//1197 823//823
f 1202//1202 823//823 822//822
f 1202//1202 822//822 826//826
f 1202//1202 826//826 1199//1199
f 1202//1202 1199//1199 802//802
f 1202//1202 802//802 801//801
f 1203//1203 1204//1204 1205//1205
f 1203//1203 1205//1205 1206//1206
f 1203//1203 1206//1206 1207//1207
f 1203//1203 1207//1207 1208//1208
f 1203//1203 1208//1208 1209//1209
f 1203//1203 1209//1209 1210//1210
f 1203//1203 1210//1210 1211//1211
f 1203//1203 1211//1211 1204//1204
f 1212//1212 1213//1213 1214//1214
f 1212//1212 1214//1214 1215//1215
f 1212//1212 1215//1215 1216//1216
f 1212//1212 1216//1216 1217//1217
f 1212//1212 1217//1217 1218//1218
f 1212//1212 1218//1218 1219//1219
f 1212//1212 1219//1219 1220//1220
f 1212//1212 1220//1220 1213//1213
f 1221//1221 1208//1208 1207//1207
f 1221//1221 1207//1207 1222//1222
f 1221//1221 1222//1222 1214//1214
f 1221//1221 1214//1214 1213//1213
f 1221//1221 1213//1213 1220//1220
f 1221//1221 1220//1220 1223//1223
f 1221//1221 1223//1223 1209//1209
f 1221//1221 1209//1209 1208//1208
f 1224//1224 1217//1217 1216//1216
f 1224//1224 1216//1216 1225//1225
f 1224//1224 1225//1225 1205//1205
f 1224//1224 1205//1205 1204//1204
f 1224//1224 1204//1204 1211//1211
f 1224//1224 1211//1211 1226//1226
f 1224//1224 1226//1226 1218//1218
f 1224//1224 1218//1218 1217//1217
f 1227//1227 1228//1228 766//766
f 1227//1227 766//766 765//765
f 1227//1227 765//765 772//772
f 1227//1227 772//772 1229//1229
f 1227//1227 1229//1229 1205//1205
f 1227//1227 1205//1205 1225//1225
f 1227//1227 1225//1225 1216//1216
f 1227//1227 1216//1216 1228//1228
f 1230//1230 1231//1231 775//775
f 1230//1230 775//775 774//774
f 1230//1230 774//774 781//781
f 1230//1230 781//781 1232//1232
f 1230//1230 1232//1232 1214//1214
f 1230//1230 1214//1214 1222//1222
f 1230//1230 1222//1222 1207//1207
f 1230//1230 1207//1207 1231//1231
f 1233//1233 1232//1232 781//781
f 1233//1233 781//781 783//783
f 1233//1233 783//783 766//766
f 1233//1233 766//766 1228//1228
f 1233//1233 1228//1228 1216//1216
f 1233//1233 1216//1216 1215//1215
f 1233//1233 1215//1215 1214//1214
f 1233//1233 1214//1214 1232//1232
f 1234//1234 1229//1229 772//772
f 1234//1234 772//772 786//786
f 1234//1234 786//786 775//775
f 1234//1234 775//775 1231//1231
f 1234//1234 1231//1231 1207//1207
f 1234//1234 1207//1207 1206//1206
f 1234//1234 1206//1206 1205//1205
f 1234//1234 1205//1205 1229//1229
f 1235//1235 1236//1236 1237//1237
f 1235//1235 1237//1237 1238//1238
f 1235//1235 1238//1238 1239//1239
f 1235//1235 1239//1239 1240//1240
f 1235//1235 1240//1240 1241//1241
f 1235//1235 1241//1241 1242//1242
f 1235//1235 1242//1242 1243//1243
f 1235//1235 1243//1243 1236//1236
f 1244//1244 1245//1245 1246//1246
f 1244//1244 1246//1246 1247//1247
f 1244//1244 1247//1247 1248//1248
f 1244//1244 1248//1248 1249//1249
f 1244//1244 1249//1249 1250//1250
f 1244//1244 1250//1250 1251//1251
f 1244//1244 1251//1251 1252//1252
f 1244//1244 1252//1252 1245//1245
f 1253//1253 1240//1240 1239//1239
f 1253//1253 1239//1239 1254//1254
f 1253//1253 1254//1254 1246//1246
f 1253//1253 1246//1246 1245//1245
f 1253//1253 1245//1245 1252//1252
f 1253//1253 1252//1252 1255//1255
f 1253//1253 1255//1255 1241//1241
f 1253//1253 1241//1241 1240//1240
f 1256//1256 1249//1249 1248//1248
f 1256//1256 1248//1248 1257//1257
f 1256//1256 1257//1257 1237//1237
f 1256//1256 1237//1237 1236//1236
f 1256//1256 1236//1236 1243//1243
f 1256//1256 1243//1243 1258//1258
f 1256//1256 1258//1258 1250//1250
f 1256//1256 1250//1250 1249//1249
f 1259//1259 1260//1260 1261//1261
f 1259//1259 1261//1261 1262//1262
f 1259//1259 1262//1262 1263//1263
f 1259//1259 1263//1263 1264//1264
f 1259//1259 1264//1264 1265//1265
f 1259//1259 1265//1265 1266//1266
f 1259//1259 1266//1266 1267//1267
f 1259//1259 1267//1267 1260//1260
f 1268//1268 1269//1269 1270//1270
f 1268//1268 1270//1270 1271//1271
f 1268//1268 1271//1271 1272//1272
f 1268//1268 1272//1272 1273//1273
f 1268//1268 1273//1273 1274//1274
f 1268//1268 1274//1274 1275//1275
f 1268//1268 1275//1275 1276//1276
f 1268//1268 1276//1276 1269//1269
f 1277//1277 1264//1264 1263//1263
f 1277//1277 1263//1263 1278//1278
f 1277//1277 1278//1278 1270//1270
f 1277//1277 1270//1270 1269//1269
f 1277//1277 1269//1269 1276//1276
f 1277//1277 1276//1276 1279//1279
f 1277//1277 1279//1279 1265//1265
f 1277//1277 1265//1265 1264//1264
f 1280//1280 1273//1273 1272//1272
f 1280//1280 1272//1272 1281//1281
f 1280//1280 1281//1281 1261//1261
f 1280//1280 1261//1261 1260//1260
f 1280//1280 1260//1260 1267//1267
f 1280//1280 1267//1267 1282//1282
f 1280//1280 1282//1282 1274//1274
f 1280//1280 1274//1274 1273//1273
f 1283//1283 1284//1284 1250//1250
f 1283//1283 1250//1250 1258//1258
f 1283//1283 1258//1258 1243//1243
f 1283//1283 1243//1243 1285//1285
f 1283//1283 1285//1285 1261//1261
f 1283//1283 1261//1261 1281//1281
f 1283//1283 1281//1281 1272//1272
f 1283//1283 1272//1272 1284//1284
f 1286//1286 1287//1287 1241//1241
f 1286//1286 1241//1241 1255//1255
f 1286//1286 1255//1255 1252//1252
f 1286//1286 1252//1252 1288//1288
f 1286//1286 1288//1288 1270//1270
f 1286//1286 1270//1270 1278//1278
f 1286//1286 1278//1278 1263//1263
f 1286//1286 1263//1263 1287//1287
f 1289//1289 1288//1288 1252//1252
f 1289//1289 1252//1252 1251//1251
f 1289//1289 1251//1251 1250//1250
f 1289//1289 1250//1250 1284//1284
f 1289//1289 1284//1284 1272//1272
f 1289//1289 1272//1272 1271//1271
f 1289//1289 1271//1271 1270//1270
f 1289//1289 1270//1270 1288//1288
f 1290//1290 1285//1285 1243//1243
f 1290//1290 1243//1243 1242//1242
f 1290//1290 1242//1242 1241//1241
f 1290//1290 1241//1241 1287//1287
f 1290//1290 1287//1287 1263//1263
f 1290//1290 1263//1263 1262//1262
f 1290//1290 1262//1262 1261//1261
f 1290//1290 1261//1261 1285//1285
f 1291//1291 1275//1275 1274//1274
f 1291//1291 1274//1274 1292//1292
f 1291//1291 1292//1292 1293//1293
f 1291//1291 1293//1293 1294//1294
f 1291//1291 1294//1294 1295//1295
f 1291//1291 1295//1295 1296//1296
f 1291//1291 1296//1296 1276//1276
f 1291//1291 1276//1276 1275//1275
f 1297//1297 1266//1266 1265//1265
f 1297//1297 1265//1265 1298//1298
f 1297//1297 1298//1298 1299//1299
f 1297//1297 1299//1299 1300//1300
f 1297//1297 1300//1300 1301//1301
f 1297//1297 1301//1301 1302//1302
f 1297//1297 1302//1302 1267//1267
f 1297//1297 1267//1267 1266//1266
f 1303//1303 1282//1282 1267//1267
f 1303//1303 1267//1267 1302//1302
f 1303//1303 1302//1302 1301//1301
f 1303//1303 1301//1301 1304//1304
f 1303//1303 1304//1304 1293//1293
f 1303//1303 1293//1293 1292//1292
f 1303//1303 1292//1292 1274//1274
f 1303//1303 1274//1274 1282//1282
f 1305//1305 1279//1279 1276//1276
f 1305//1305 1276//1276 1296//1296
f 1305//1305 1296//1296 1295//1295
f 1305//1305 1295//1295 1306//1306
f 1305//1305 1306//1306 1299//1299
f 1305//1305 1299//1299 1298//1298
f 1305//1305 1298//1298 1265//1265
f 1305//1305 1265//1265 1279//1279
f 1307//1307 1294//1294 1293//1293
f 1307//1307 1293//1293 1308//1308
f 1307//1307 1308//1308 1309//1309
f 1307//1307 1309//1309 1310//1310
f 1307//1307 1310//1310 1311//1311
f 1307//1307 1311//1311 1312//1312
f 1307//1307 1312//1312 1295//1295
f 1307//1307 1295//1295 1294//1294
f 1313//1313 1300//1300 1299//1299
f 1313//1313 1299//1299 1314//1314
f 1313//1313 1314//1314 1315//1315
f 1313//1313 1315//1315 1316//1316
f 1313//1313 1316//1316 1317//1317
f 1313//1313 1317//1317 1318//1318
f 1313//1313 1318//1318 1301//1301
f 1313//1313 1301//1301 1300//1300
f 1319//1319 1304//1304 1301//1301
f 1319//1319 1301//1301 1318//1318
f 1319//1319 1318//1318 1317//1317
f 1319//1319 1317//1317 1320//1320
f 1319//1319 1320//1320 1309//1309
f 1319//1319 1309//1309 1308//1308
f 1319//1319 1308//1308 1293//1293
f 1319//1319 1293//1293 1304//1304
f 1321//1321 1306//1306 1295//1295
f 1321//1321 1295//1295 1312//1312
f 1321//1321 1312//1312 1311//1311
f 1321//1321 1311//1311 1322//1322
f 1321//1321 1322//1322 1315//1315
f 1321//1321 1315//1315 1314//1314
f 1321//1321 1314//1314 1299//1299
f 1321//1321 1299//1299 1306//1306
f 1323//1323 1324//1324 1309//1309
f 1323//1323 1309//1309 1320//1320
f 1323//1323 1320//1320 1317//1317
f 1323//1323 1317//1317 1325//1325
f 1323//1323 1325//1325 1326//1326
f 1323//1323 1326//1326 1327//1327
f 1323//1323 1327//1327 1328//1328
f 1323//1323 1328//1328 1324//1324
f 1329//1329 1330//1330 1315//1315
f 1329//1329 1315//1315 1322//1322
f 1329//1329 1322//1322 1311//1311
f 1329//1329 1311//1311 1331//1331
f 1329//1329 1331//1331 1332//1332
f 1329//1329 1332//1332 1333//1333
f 1329//1329 1333//1333 1334//1334
f 1329//1329 1334//1334 1330//1330
f 1335//1335 1336//1336 1337//1337
f 1335//1335 1337//1337 1338//1338
f 1335//1335 1338//1338 1339//1339
f 1335//1335 1339//1339 1340//1340
f 1335//1335 1340//1340 1341//1341
f 1335//1335 1341//1341 1342//1342
f 1335//1335 1342//1342 1343//1343
f 1335//1335 1343//1343 1336//1336
f 1344//1344 1345//1345 1346//1346
f 1344//1344 1346//1346 1347//1347
f 1344//1344 1347//1347 1348//1348
f 1344//1344 1348//1348 1349//1349
f 1344//1344 1349//1349 1350//1350
f 1344//1344 1350//1350 1351//1351
f 1344//1344 1351//1351 1352//1352
f 1344//1344 1352//1352 1345//1345
f 1353//1353 1349//1349 1348//1348
f 1353//1353 1348//1348 1354//1354
f 1353//1353 1354//1354 1337//1337
f 1353//1353 1337//1337 1336//1336
f 1353//1353 1336//1336 1343//1343
f 1353//1353 1343//1343 1355//1355
f 1353//1353 1355//1355 1350//1350
f 1353//1353 1350//1350 1349//1349
f 1356//1356 1340//1340 1339//1339
f 1356//1356 1339//1339 1357//1357
f 1356//1356 1357//1357 1346//1346
f 1356//1356 1346//1346 1345//1345
f 1356//1356 1345//1345 1352//1352
f 1356//1356 1352//1352 1358//1358
f 1356//1356 1358//1358 1341//1341
f 1356//1356 1341//1341 1340//1340
f 1359//1359 1325//1325 1317//1317
f 1359//1359 1317//1317 1316//1316
f 1359//1359 1316//1316 1315//1315
f 1359//1359 1315//1315 1330//1330
f 1359//1359 1330//1330 1334//1334
f 1359//1359 1334//1334 1360//1360
f 1359//1359 1360//1360 1326//1326
f 1359//1359 1326//1326 1325//1325
f 1361//1361 1333//1333 1332//1332
f 1361//1361 1332//1332 1362//1362
f 1361//1361 1362//1362 1363//1363
f 1361//1361 1363//1363 1364//1364
f 1361//1361 1364//1364 1365//1365
f 1361//1361 1365//1365 1366//1366
f 1361//1361 1366//1366 1334//1334
f 1361//1361 1334//1334 1333//1333
f 1367//1367 1327//1327 1326//1326
f 1367//1367 1326//1326 1368//1368
f 1367//1367 1368//1368 1369//1369
f 1367//1367 1369//1369 1370//1370
f 1367//1367 1370//1370 1371//1371
f 1367//1367 1371//1371 1372//1372
f 1367//1367 1372//1372 1328//1328
f 1367//1367 1328//1328 1327//1327
f 1373//1373 1360//1360 1334//1334
f 1373//1373 1334//1334 1366//1366
f 1373//1373 1366//1366 1365//1365
f 1373//1373 1365//1365 1374//1374
f 1373//1373 1374//1374 1369//1369
f 1373//1373 1369//1369 1368//1368
f 1373//1373 1368//1368 1326//1326
f 1373//1373 1326//1326 1360//1360
f 1375//1375 1331//1331 1311//1311
f 1375//1375 1311//1311 1310//1310
f 1375//1375 1310//1310 1309//1309
f 1375//1375 1309//1309 1324//1324
f 1375//1375 1324//1324 1328//1328
f 1375//1375 1328//1328 1376//1376
f 1375//1375 1376//1376 1332//1332
f 1375//1375 1332//1332 1331//1331
f 1377//1377 1376//1376 1328//1328
f 1377//1377 1328//1328 1372//1372
f 1377//1377 1372//1372 1371//1371
f 1377//1377 1371//1371 1378//1378
f 1377//1377 1378//1378 1363//1363
f 1377//1377 1363//1363 1362//1362
f 1377//1377 1362//1362 1332//1332
f 1377//1377 1332//1332 1376//1376
f 1379//1379 1380//1380 1381//1381
f 1379//1379 1381//1381 1382//1382
f 1379//1379 1382//1382 1383//1383
f 1379//1379 1383//1383 1384//1384
f 1379//1379 1384//1384 1385//1385
f 1379//1379 1385//1385 1386//1386
f 1379//1379 1386//1386 1387//1387
f 1379//1379 1387//1387 1380//1380
f 1388//1388 1389//1389 1390//1390
f 1388//1388 1390//1390 1391//1391
f 1388//1388 1391//1391 1392//1392
f 1388//1388 1392//1392 1393//1393
f 1388//1388 1393//1393 1394//1394
f 1388//1388 1394//1394 1395//1395
f 1388//1388 1395//1395 1396//1396
f 1388//1388 1396//1396 1389//1389
f 1397//1397 1384//1384 1383//1383
f 1397//1397 1383//1383 1398//1398
f 1397//1397 1398//1398 1390//1390
f 1397//1397 1390//1390 1389//1389
f 1397//1397 1389//1389 1396//1396
f 1397//1397 1396//1396 1399//1399
f 1397//1397 1399//1399 1385//1385
f 1397//1397 1385//1385 1384//1384
f 1400//1400 1393//1393 1392//1392
f 1400//1400 1392//1392 1401//1401
f 1400//1400 1401//1401 1381//1381
f 1400//1400 1381//1381 1380//1380
f 1400//1400 1380//1380 1387//1387
f 1400//1400 1387//1387 1402//1402
f 1400//1400 1402//1402 1394//1394
f 1400//1400 1394//1394 1393//1393
f 1403//1403 1404//1404 1405//1405
f 1403//1403 1405//1405 1406//1406
f 1403//1403 1406//1406 1407//1407
f 1403//1403 1407//1407 1408//1408
f 1403//1403 1408//1408 1409//1409
f 1403//1403 1409//1409 1410//1410
f 1403//1403 1410//1410 1411//1411
f 1403//1403 1411//1411 1404//1404
f 1412//1412 1413//1413 1414//1414
f 1412//1412 1414//1414 1415//1415
f 1412//1412 1415//1415 1416//1416
f 1412//1412 1416//1416 1417//1417
f 1412//1412 1417//1417 1418//1418
f 1412//1412 1418//1418 1419//1419
f 1412//1412 1419//1419 1420//1420
f 1412//1412 1420//1420 1413//1413
f 1421//1421 1408//1408 1407//1407
f 1421//1421 1407//1407 1422//1422
f 1421//1421 1422//1422 1414//1414
f 1421//1421 1414//1414 1413//1413
f 1421//1421 1413//1413 1420//1420
f 1421//1421 1420//1420 1423//1423
f 1421//1421 1423//1423 1409//1409
f 1421//1421 1409//1409 1408//1408
f 1424//1424 1417//1417 1416//1416
f 1424//1424 1416//1416 1425//1425
f 1424//1424 1425//1425 1405//1405
f 1424//1424 1405//1405 1404//1404
f 1424//1424 1404//1404 1411//1411
f 1424//1424 1411//1411 1426//1426
f 1424//1424 1426//1426 1418//1418
f 1424//1424 1418//1418 1417//1417
f 1427//1427 1428//1428 1429//1429
f 1427//1427 1429//1429 1430//1430
f 1427//1427 1430//1430 1431//1431
f 1427//1427 1431//1431 1432//1432
f 1427//1427 1432//1432 1433//1433
f 1427//1427 1433//1433 1434//1434
f 1427//1427 1434//1434 1435//1435
f 1427//1427 1435//1435 1428//1428
f 1436//1436 1437//1437 1438//1438
f 1436//1436 1438//1438 1439//1439
f 1436//1436 1439//1439 1440//1440
f 1436//1436 1440//1440 1441//1441
f 1436//1436 1441//1441 1442//1442
f 1436//1436 1442//1442 1443//1443
f 1436//1436 1443//1443 1444//1444
f 1436//1436 1444//1444 1437//1437
f 1445//1445 1441//1441 1440//1440
f 1445//1445 1440//1440 1446//1446
f 1445//1445 1446//1446 1429//1429
f 1445//1445 1429//1429 1428//1428
f 1445//1445 1428//1428 1435//1435
f 1445//1445 1435//1435 1447//1447
f 1445//1445 1447//1447 1442//1442
f 1445//1445 1442//1442 1441//1441
f 1448//1448 1432//1432 1431//1431
f 1448//1448 1431//1431 1449//1449
f 1448//1448 1449//1449 1438//1438
f 1448//1448 1438//1438 1437//1437
f 1448//1448 1437//1437 1444//1444
f 1448//1448 1444//1444 1450//1450
f 1448//1448 1450//1450 1433//1433
f 1448//1448 1433//1433 1432//1432
f 1451//1451 1452//1452 1420//1420
f 1451//1451 1420//1420 1419//1419
f 1451//1451 1419//1419 1418//1418
f 1451//1451 1418//1418 1453//1453
f 1451//1451 1453//1453 1454//1454
f 1451//1451 1454//1454 1455//1455
f 1451//1451 1455//1455 1456//1456
f 1451//1451 1456//1456 1452//1452
f 1457//1457 1458//1458 1411//1411
f 1457//1457 1411//1411 1410//1410
f 1457//1457 1410//1410 1409//1409
f 1457//1457 1409//1409 1459//1459
f 1457//1457 1459//1459 1460//1460
f 1457//1457 1460//1460 1461//1461
f 1457//1457 1461//1461 1462//1462
f 1457//1457 1462//1462 1458//1458
f 1463//1463 1453//1453 1418//1418
f 1463//1463 1418//1418 1426//1426
f 1463//1463 1426//1426 1411//1411
f 1463//1463 1411//1411 1458//1458
f 1463//1463 1458//1458 1462//1462
f 1463//1463 1462//1462 1464//1464
f 1463//1463 1464//1464 1454//1454
f 1463//1463 1454//1454 1453//1453
f 1465//1465 1459//1459 1409//1409
f 1465//1465 1409//1409 1423//1423
f 1465//1465 1423//1423 1420//1420
f 1465//1465 1420//1420 1452//1452
f 1465//1465 1452//1452 1456//1456
f 1465//1465 1456//1456 1466//1466
f 1465//1465 1466//1466 1460//1460
f 1465//1465 1460//1460 1459//1459
f 1467//1467 1450//1450 1444//1444
f 1467//1467 1444//1444 1443//1443
f 1467//1467 1443//1443 1442//1442
f 1467//1467 1442//1442 1447//1447
f 1467//1467 1447//1447 1435//1435
f 1467//1467 1435//1435 1434//1434
f 1467//1467 1434//1434 1433//1433
f 1467//1467 1433//1433 1450//1450
f 1468//1468 1469//1469 1456//1456
f 1468//1468 1456//1456 1455//1455
f 1468//1468 1455//1455 1454//1454
f 1468//1468 1454//1454 1470//1470
f 1468//1468 1470//1470 1438//1438
f 1468//1468 1438//1438 1449//1449
f 1468//1468 1449//1449 1431//1431
f 1468//1468 1431//1431 1469//1469
f 1471//1471 1472//1472 1462//1462
f 1471//1471 1462//1462 1461//1461
f 1471//1471 1461//1461 1460//1460
f 1471//1471 1460//1460 1473//1473
f 1471//1471 1473//1473 1429//1429
f 1471//1471 1429//1429 1446//1446
f 1471//1471 1446//1446 1440//1440
f 1471//1471 1440//1440 1472//1472
f 1474//1474 1470//1470 1454//1454
f 1474//1474 1454//1454 1464//1464
f 1474//1474 1464//1464 1462//1462
f 1474//1474 1462//1462 1472//1472
f 1474//1474 1472//1472 1440//1440
f 1474//1474 1440//1440 1439//1439
f 1474//1474 1439//1439 1438//1438
f 1474//1474 1438//1438 1470//1470
f 1475//1475 1473//1473 1460//1460
f 1475//1475 1460//1460 1466//1466
f 1475//1475 1466//1466 1456//1456
f 1475//1475 1456//1456 1469//1469
f 1475//1475 1469//1469 1431//1431
f 1475//1475 1431//1431 1430//1430
f 1475//1475 1430//1430 1429//1429
f 1475//1475 1429//1429 1473//1473
f 1476//1476 1477//1477 1478//1478
f 1476//1476 1478//1478 1479//1479
f 1476//1476 1479//1479 1480//1480
f 1476//1476 1480//1480 1481//1481
f 1476//1476 1481//1481 1482//1482
f 1476//1476 1482//1482 1483//1483
f 1476//1476 1483//1483 1484//1484
f 1476//1476 1484//1484 1477//1477
f 1485//1485 1486//1486 1487//1487
f 1485//1485 1487//1487 1488//1488
f 1485//1485 1488//1488 1489//1489
f 1485//1485 1489//1489 1490//1490
f 1485//1485 1490//1490 1491//1491
f 1485//1485 1491//1491 1492//1492
f 1485//1485 1492//1492 1493//1493
f 1485//1485 1493//1493 1486//1486
f 1494//1494 1490//1490 1489//1489
f 1494//1494 1489//1489 1495//1495
f 1494//1494 1495//1495 1478//1478
f 1494//1494 1478//1478 1477//1477
f 1494//1494 1477//1477 1484//1484
f 1494//1494 1484//1484 1496//1496
f 1494//1494 1496//1496 1491//1491
f 1494//1494 1491//1491 1490//1490
f 1497//1497 1481//1481 1480//1480
f 1497//1497 1480//1480 1498//1498
f 1497//1497 1498//1498 1487//1487
f 1497//1497 1487//1487 1486//1486
f 1497//1497 1486//1486 1493//1493
f 1497//1497 1493//1493 1499//1499
f 1497//1497 1499//1499 1482//1482
f 1497//1497 1482//1482 1481//1481
f 1500//1500 1501//1501 1502//1502
f 1500//1500 1502//1502 1503//1503
f 1500//1500 1503//1503 1504//1504
f 1500//1500 1504//1504 1505//1505
f 1500//1500 1505//1505 1506//1506
f 1500//1500 1506//1506 1507//1507
f 1500//1500 1507//1507 1508//1508
f 1500//1500 1508//1508 1501//1501
f 1509//1509 1510//1510 1511//1511
f 1509//1509 1511//1511 1512//1512
f 1509//1509 1512//1512 1513//1513
f 1509//1509 1513//1513 1514//1514
f 1509//1509 1514//1514 1515//1515
f 1509//1509 1515//1515 1516//1516
f 1509//1509 1516//1516 1517//1517
f 1509//1509 1517//1517 1510//1510
f 1518//1518 1505//1505 1504//1504
f 1518//1518 1504//1504 1519//1519
f 1518//1518 1519//1519 1511//1511
f 1518//1518 1511//1511 1510//1510
f 1518//1518 1510//1510 1517//1517
f 1518//1518 1517//1517 1520//1520
f 1518//1518 1520//1520 1506//1506
f 1518//1518 1506//1506 1505//1505
f 1521//1521 1514//1514 1513//1513
f 1521//1521 1513//1513 1522//1522
f 1521//1521 1522//1522 1502//1502
f 1521//1521 1502//1502 1501//1501
f 1521//1521 1501//1501 1508//1508
f 1521//1521 1508//1508 1523//1523
f 1521//1521 1523//1523 1515//1515
f 1521//1521 1515//1515 1514//1514
f 1524//1524 1499//1499 1493//1493
f 1524//1524 1493//1493 1492//1492
f 1524//1524 1492//1492 1491//1491
f 1524//1524 1491//1491 1496//1496
f 1524//1524 1496//1496 1484//1484
f 1524//1524 1484//1484 1483//1483
f 1524//1524 1483//1483 1482//1482
f 1524//1524 1482//1482 1499//1499
f 1525//1525 1526//1526 1508//1508
f 1525//1525 1508//1508 1507//1507
f 1525//1525 1507//1507 1506//1506
f 1525//1525 1506//1506 1527//1527
f 1525//1525 1527//1527 1487//1487
f 1525//1525 1487//1487 1498//1498
f 1525//1525 1498//1498 1480//1480
f 1525//1525 1480//1480 1526//1526
f 1528//1528 1529//1529 1517//1517
f 1528//1528 1517//1517 1516//1516
f 1528//1528 1516//1516 1515//1515
f 1528//1528 1515//1515 1530//1530
f 1528//1528 1530//1530 1478//1478
f 1528//1528 1478//1478 1495//1495
f 1528//1528 1495//1495 1489//1489
f 1528//1528 1489//1489 1529//1529
f 1531//1531 1527//1527 1506//1506
f 1531//1531 1506//1506 1520//1520
f 1531//1531 1520//1520 1517//1517
f 1531//1531 1517//1517 1529//1529
f 1531//1531 1529//1529 1489//1489
f 1531//1531 1489//1489 1488//1488
f 1531//1531 1488//1488 1487//1487
f 1531//1531 1487//1487 1527//1527
f 1532//1532 1530//1530 1515//1515
f 1532//1532 1515//1515 1523//1523
f 1532//1532 1523//1523 1508//1508
f 1532//1532 1508//1508 1526//1526
f 1532//1532 1526//1526 1480//1480
f 1532//1532 1480//1480 1479//1479
f 1532//1532 1479//1479 1478//1478
f 1532//1532 1478//1478 1530//1530
f 1533//1533 1534//1534 1535//1535
f 1533//1533 1535//1535 1536//1536
f 1533//1533 1536//1536 1537//1537
f 1533//1533 1537//1537 1538//1538
f 1533//1533 1538//1538 1539//1539
f 1533//1533 1539//1539 1540//1540
f 1533//1533 1540//1540 1541//1541
f 1533//1533 1541//1541 1534//1534
f 1542//1542 1543//1543 1544//1544
f 1542//1542 1544//1544 1545//1545
f 1542//1542 1545//1545 1546//1546
f 1542//1542 1546//1546 1547//1547
f 1542//1542 1547//1547 1548//1548
f 1542//1542 1548//1548 1549//1549
f 1542//1542 1549//1549 1550//1550
f 1542//1542 1550//1550 1543//1543
f 1551//1551 1547//1547 1546//1546
f 1551//1551 1546//1546 1552//1552
f 1551//1551 1552//1552 1535//1535
f 1551//1551 1535//1535 1534//1534
f 1551//1551 1534//1534 1541//1541
f 1551//1551 1541//1541 1553//1553
f 1551//1551 1553//1553 1548//1548
f 1551//1551 1548//1548 1547//1547
f 1554//1554 1538//1538 1537//1537
f 1554//1554 1537//1537 1555//1555
f 1554//1554 1555//1555 1544//1544
f 1554//1554 1544//1544 1543//1543
f 1554//1554 1543//1543 1550//1550
f 1554//1554 1550//1550 1556//1556
f 1554//1554 1556//1556 1539//1539
f 1554//1554 1539//1539 1538//1538
f 1557//1557 1558//1558 1541//1541
f 1557//1557 1541//1541 1540//1540
f 1557//1557 1540//1540 1539//1539
f 1557//1557 1539//1539 1559//1559
f 1557//1557 1559//1559 1405//1405
f 1557//1557 1405//1405 1425//1425
f 1557//1557 1425//1425 1416//1416
f 1557//1557 1416//1416 1558//1558
f 1560//1560 1561//1561 1550//1550
f 1560//1560 1550//1550 1549//1549
f 1560//1560 1549//1549 1548//1548
f 1560//1560 1548//1548 1562//1562
f 1560//1560 1562//1562 1414//1414
f 1560//1560 1414//1414 1422//1422
f 1560//1560 1422//1422 1407//1407
f 1560//1560 1407//1407 1561//1561
f 1563//1563 1562//1562 1548//1548
f 1563//1563 1548//1548 1553//1553
f 1563//1563 1553//1553 1541//1541
f 1563//1563 1541//1541 1558//1558
f 1563//1563 1558//1558 1416//1416
f 1563//1563 1416//1416 1415//1415
f 1563//1563 1415//1415 1414//1414
f 1563//1563 1414//1414 1562//1562
f 1564//1564 1559//1559 1539//1539
f 1564//1564 1539//1539 1556//1556
f 1564//1564 1556//1556 1550//1550
f 1564//1564 1550//1550 1561//1561
f 1564//1564 1561//1561 1407//1407
f 1564//1564 1407//1407 1406//1406
f 1564//1564 1406//1406 1405//1405
f 1564//1564 1405//1405 1559//1559
f 1565//1565 1566//1566 1567//1567
f 1565//1565 1567//1567 1568//1568
f 1565//1565 1568//1568 1569//1569
f 1565//1565 1569//1569 1570//1570
f 1565//1565 1570//1570 1571//1571
f 1565//1565 1571//1571 1572//1572
f 1565//1565 1572//1572 1573//1573
f 1565//1565 1573//1573 1566//1566
f 1574//1574 1575//1575 1576//1576
f 1574//1574 1576//1576 1577//1577
f 1574//1574 1577//1577 1578//1578
f 1574//1574 1578//1578 1579//1579
f 1574//1574 1579//1579 1580//1580
f 1574//1574 1580//1580 1581//1581
f 1574//1574 1581//1581 1582//1582
f 1574//1574 1582//1582 1575//1575
f 1583//1583 1570//1570 1569//1569
f 1583//1583 1569//1569 1584//1584
f 1583//1583 1584//1584 1576//1576
f 1583//1583 1576//1576 1575//1575
f 1583//1583 1575//1575 1582//1582
f 1583//1583 1582//1582 1585//1585
f 1583//1583 1585//1585 1571//1571
f 1583//1583 1571//1571 1570//1570
f 1586//1586 1579//1579 1578//1578
f 1586//1586 1578//1578 1587//1587
f 1586//1586 1587//1587 1567//1567
f 1586//1586 1567//1567 1566//1566
f 1586//1586 1566//1566 1573//1573
f 1586//1586 1573//1573 1588//1588
f 1586//1586 1588//1588 1580//1580
f 1586//1586 1580//1580 1579//1579
f 1589//1589 1386//1386 1385//1385
f 1589//1589 1385//1385 1399//1399
f 1589//1589 1399//1399 1396//1396
f 1589//1589 1396//1396 1395//1395
f 1589//1589 1395//1395 1394//1394
f 1589//1589 1394//1394 1402//1402
f 1589//1589 1402//1402 1387//1387
f 1589//1589 1387//1387 1386//1386
f 1590//1590 1591//1591 1592//1592
f 1590//1590 1592//1592 1593//1593
f 1590//1590 1593//1593 1594//1594
f 1590//1590 1594//1594 1595//1595
f 1590//1590 1595//1595 1383//1383
f 1590//1590 1383//1383 1382//1382
f 1590//1590 1382//1382 1381//1381
f 1590//1590 1381//1381 1591//1591
f 1596//1596 1597//1597 1598//1598
f 1596//1596 1598//1598 1599//1599
f 1596//1596 1599//1599 1600//1600
f 1596//1596 1600//1600 1601//1601
f 1596//1596 1601//1601 1392//1392
f 1596//1596 1392//1392 1391//1391
f 1596//1596 1391//1391 1390//1390
f 1596//1596 1390//1390 1597//1597
f 1602//1602 1595//1595 1594//1594
f 1602//1602 1594//1594 1603//1603
f 1602//1602 1603//1603 1598//1598
f 1602//1602 1598//1598 1597//1597
f 1602//1602 1597//1597 1390//1390
f 1602//1602 1390//1390 1398//1398
f 1602//1602 1398//1398 1383//1383
f 1602//1602 1383//1383 1595//1595
f 1604//1604 1601//1601 1600//1600
f 1604//1604 1600//1600 1605//1605
f 1604//1604 1605//1605 1592//1592
f 1604//1604 1592//1592 1591//1591
f 1604//1604 1591//1591 1381//1381
f 1604//1604 1381//1381 1401//1401
f 1604//1604 1401//1401 1392//1392
f 1604//1604 1392//1392 1601//1601
f 1606//1606 1607//1607 1608//1608
f 1606//1606 1608//1608 1609//1609
f 1606//1606 1609//1609 1610//1610
f 1606//1606 1610//1610 1611//1611
f 1606//1606 1611//1611 1612//1612
f 1606//1606 1612//1612 1613//1613
f 1606//1606 1613//1613 1614//1614
f 1606//1606 1614//1614 1607//1607
f 1615//1615 1616//1616 1617//1617
f 1615//1615 1617//1617 1618//1618
f 1615//1615 1618//1618 1619//1619
f 1615//1615 1619//1619 1620//1620
f 1615//1615 1620//1620 1621//1621
f 1615//1615 1621//1621 1622//1622
f 1615//1615 1622//1622 1623//1623
f 1615//1615 1623//1623 1616//1616
f 1624//1624 1611//1611 1610//1610
f 1624//1624 1610//1610 1625//1625
f 1624//1624 1625//1625 1617//1617
f 1624//1624 1617//1617 1616//1616
f 1624//1624 1616//1616 1623//1623
f 1624//1624 1623//1623 1626//1626
f 1624//1624 1626//1626 1612//1612
f 1624//1624 1612//1612 1611//1611
f 1627//1627 1620//1620 1619//1619
f 1627//1627 1619//1619 1628//1628
f 1627//1627 1628//1628 1608//1608
f 1627//1627 1608//1608 1607//1607
f 1627//1627 1607//1607 1614//1614
f 1627//1627 1614//1614 1629//1629
f 1627//1627 1629//1629 1621//1621
f 1627//1627 1621//1621 1620//1620
f 1630//1630 1631//1631 1632//1632
f 1630//1630 1632//1632 1633//1633
f 1630//1630 1633//1633 1634//1634
f 1630//1630 1634//1634 1635//1635
f 1630//1630 1635//1635 1636//1636
f 1630//1630 1636//1636 1637//1637
f 1630//1630 1637//1637 1638//1638
f 1630//1630 1638//1638 1631//1631
f 1639//1639 1640//1640 1641//1641
f 1639//1639 1641//1641 1642//1642
f 1639//1639 1642//1642 1643//1643
f 1639//1639 1643//1643 1644//1644
f 1639//1639 1644//1644 1645//1645
f 1639//1639 1645//1645 1646//1646
f 1639//1639 1646//1646 1647//1647
f 1639//1639 1647//1647 1640//1640
f 1648//1648 1635//1635 1634//1634
f 1648//1648 1634//1634 1649//1649
f 1648//1648 1649//1649 1641//1641
f 1648//1648 1641//1641 1640//1640
f 1648//1648 1640//1640 1647//1647
f 1648//1648 1647//1647 1650//1650
f 1648//1648 1650//1650 1636//1636
f 1648//1648 1636//1636 1635//1635
f 1651//1651 1644//1644 1643//1643
f 1651//1651 1643//1643 1652//1652
f 1651//1651 1652//1652 1632//1632
f 1651//1651 1632//1632 1631//1631
f 1651//1651 1631//1631 1638//1638
f 1651//1651 1638//1638 1653//1653
f 1651//1651 1653//1653 1645//1645
f 1651//1651 1645//1645 1644//1644
f 1654//1654 1613//1613 1612//1612
f 1654//1654 1612//1612 1626//1626
f 1654//1654 1626//1626 1623//1623
f 1654//1654 1623//1623 1622//1622
f 1654//1654 1622//1622 1621//1621
f 1654//1654 1621//1621 1629//1629
f 1654//1654 1629//1629 1614//1614
f 1654//1654 1614//1614 1613//1613
f 1655//1655 1656//1656 1638//1638
f 1655//1655 1638//1638 1637//1637
f 1655//1655 1637//1637 1636//1636
f 1655//1655 1636//1636 1657//1657
f 1655//1655 1657//1657 1610//1610
f 1655//1655 1610//1610 1609//1609
f 1655//1655 1609//1609 1608//1608
f 1655//1655 1608//1608 1656//1656
f 1658//1658 1659//1659 1647//1647
f 1658//1658 1647//1647 1646//1646
f 1658//1658 1646//1646 1645//1645
f 1658//1658 1645//1645 1660//1660
f 1658//1658 1660//1660 1619//1619
f 1658//1658 1619//1619 1618//1618
f 1658//1658 1618//1618 1617//1617
f 1658//1658 1617//1617 1659//1659
f 1661//1661 1657//1657 1636//1636
f 1661//1661 1636//1636 1650//1650
f 1661//1661 1650//1650 1647//1647
f 1661//1661 1647//1647 1659//1659
f 1661//1661 1659//1659 1617//1617
f 1661//1661 1617//1617 1625//1625
f 1661//1661 1625//1625 1610//1610
f 1661//1661 1610//1610 1657//1657
f 1662//1662 1660//1660 1645//1645
f 1662//1662 1645//1645 1653//1653
f 1662//1662 1653//1653 1638//1638
f 1662//1662 1638//1638 1656//1656
f 1662//1662 1656//1656 1608//1608
f 1662//1662 1608//1608 1628//1628
f 1662//1662 1628//1628 1619//1619
f 1662//1662 1619//1619 1660//1660
f 1663//1663 1664//1664 1665//1665
f 1663//1663 1665//1665 1666//1666
f 1663//1663 1666//1666 1667//1667
f 1663//1663 1667//1667 1668//1668
f 1663//1663 1668//1668 1669//1669
f 1663//1663 1669//1669 1670//1670
f 1663//1663 1670//1670 1671//1671
f 1663//1663 1671//1671 1664//1664
f 1672//1672 1673//1673 1674//1674
f 1672//1672 1674//1674 1675//1675
f 1672//1672 1675//1675 1676//1676
f 1672//1672 1676//1676 1677//1677
f 1672//1672 1677//1677 1678//1678
f 1672//1672 1678//1678 1679//1679
f 1672//1672 1679//1679 1680//1680
f 1672//1672 1680//1680 1673//1673
f 1681//1681 1668//1668 1667//1667
f 1681//1681 1667//1667 1682//1682
f 1681//1681 1682//1682 1674//1674
f 1681//1681 1674//1674 1673//1673
f 1681//1681 1673//1673 1680//1680
f 1681//1681 1680//1680 1683//1683
f 1681//1681 1683//1683 1669//1669
f 1681//1681 1669//1669 1668//1668
f 1684//1684 1677//1677 1676//1676
f 1684//1684 1676//1676 1685//1685
f 1684//1684 1685//1685 1665//1665
f 1684//1684 1665//1665 1664//1664
f 1684//1684 1664//1664 1671//1671
f 1684//1684 1671//1671 1686//1686
f 1684//1684 1686//1686 1678//1678
f 1684//1684 1678//1678 1677//1677
f 1687//1687 1688//1688 1689//1689
f 1687//1687 1689//1689 1690//1690
f 1687//1687 1690//1690 1691//1691
f 1687//1687 1691//1691 1692//1692
f 1687//1687 1692//1692 1676//1676
f 1687//1687 1676//1676 1675//1675
f 1687//1687 1675//1675 1674//1674
f 1687//1687 1674//1674 1688//1688
f 1693//1693 1694//1694 1695//1695
f 1693//1693 1695//1695 1696//1696
f 1693//1693 1696//1696 1689//1689
f 1693//1693 1689//1689 1688//1688
f 1693//1693 1688//1688 1674//1674
f 1693//1693 1674//1674 1682//1682
f 1693//1693 1682//1682 1667//1667
f 1693//1693 1667//1667 1694//1694
f 1697//1697 1692//1692 1691//1691
f 1697//1697 1691//1691 1698//1698
f 1697//1697 1698//1698 1699//1699
f 1697//1697 1699//1699 1700//1700
f 1697//1697 1700//1700 1665//1665
f 1697//1697 1665//1665 1685//1685
f 1697//1697 1685//1685 1676//1676
f 1697//1697 1676//1676 1692//1692
f 1701//1701 1670//1670 1669//1669
f 1701//1701 1669//1669 1683//1683
f 1701//1701 1683//1683 1680//1680
f 1701//1701 1680//1680 1679//1679
f 1701//1701 1679//1679 1678//1678
f 1701//1701 1678//1678 1686//1686
f 1701//1701 1686//1686 1671//1671
f 1701//1701 1671//1671 1670//1670
f 1702//1702 1700//1700 1699//1699
f 1702//1702 1699//1699 1703//1703
f 1702//1702 1703//1703 1695//1695
f 1702//1702 1695//1695 1694//1694
f 1702//1702 1694//1694 1667//1667
f 1702//1702 1667//1667 1666//1666
f 1702//1702 1666//1666 1665//1665
f 1702//1702 1665//1665 1700//1700
f 1704//1704 1705//1705 1706//1706
f 1704//1704 1706//1706 1707//1707
f 1704//1704 1707//1707 1708//1708
f 1704//1704 1708//1708 1709//1709
f 1704//1704 1709//1709 1695//1695
f 1704//1704 1695//1695 1703//1703
f 1704//1704 1703//1703 1699//1699
f 1704//1704 1699//1699 1705//1705
f 1710//1710 1711//1711 1712//1712
f 1710//1710 1712//1712 1713//1713
f 1710//1710 1713//1713 1706//1706
f 1710//1710 1706//1706 1705//1705
f 1710//1710 1705//1705 1699//1699
f 1710//1710 1699//1699 1698//1698
f 1710//1710 1698//1698 1691//1691
f 1710//1710 1691//1691 1711//1711
f 1714//1714 1709//1709 1708//1708
f 1714//1714 1708//1708 1715//1715
f 1714//1714 1715//1715 1716//1716
f 1714//1714 1716//1716 1717//1717
f 1714//1714 1717//1717 1689//1689
f 1714//1714 1689//1689 1696//1696
f 1714//1714 1696//1696 1695//1695
f 1714//1714 1695//1695 1709//1709
f 1718//1718 1717//1717 1716//1716
f 1718//1718 1716//1716 1719//1719
f 1718//1718 1719//1719 1712//1712
f 1718//1718 1712//1712 1711//1711
f 1718//1718 1711//1711 1691//1691
f 1718//1718 1691//1691 1690//1690
f 1718//1718 1690//1690 1689//1689
f 1718//1718 1689//1689 1717//1717
f 1720//1720 1721//1721 1722//1722
f 1720//1720 1722//1722 1723//1723
f 1720//1720 1723//1723 1724//1724
f 1720//1720 1724//1724 1725//1725
f 1720//1720 1725//1725 1726//1726
f 1720//1720 1726//1726 1727//1727
f 1720//1720 1727//1727 1728//1728
f 1720//1720 1728//1728 1721//1721
f 1729//1729 1730//1730 1731//1731
f 1729//1729 1731//1731 1732//1732
f 1729//1729 1732//1732 1733//1733
f 1729//1729 1733//1733 1734//1734
f 1729//1729 1734//1734 1735//1735
f 1729//1729 1735//1735 1736//1736
f 1729//1729 1736//1736 1737//1737
f 1729//1729 1737//1737 1730//1730
f 1738//1738 1725//1725 1724//1724
f 1738//1738 1724//1724 1739//1739
f 1738//1738 1739//1739 1731//1731
f 1738//1738 1731//1731 1730//1730
f 1738//1738 1730//1730 1737//1737
f 1738//1738 1737//1737 1740//1740
f 1738//1738 1740//1740 1726//1726
f 1738//1738 1726//1726 1725//1725
f 1741//1741 1734//1734 1733//1733
f 1741//1741 1733//1733 1742//1742
f 1741//1741 1742//1742 1722//1722
f 1741//1741 1722//1722 1721//1721
f 1741//1741 1721//1721 1728//1728
f 1741//1741 1728//1728 1743//1743
f 1741//1741 1743//1743 1735//1735
f 1741//1741 1735//1735 1734//1734
f 1744//1744 1745//1745 1746//1746
f 1744//1744 1746//1746 1747//1747
f 1744//1744 1747//1747 1748//1748
f 1744//1744 1748//1748 1749//1749
f 1744//1744 1749//1749 1733//1733
f 1744//1744 1733//1733 1732//1732
f 1744//1744 1732//1732 1731//1731
f 1744//1744 1731//1731 1745//1745
f 1750//1750 1751//1751 1752//1752
f 1750//1750 1752//1752 1753//1753
f 1750//1750 1753//1753 1746//1746
f 1750//1750 1746//1746 1745//1745
f 1750//1750 1745//1745 1731//1731
f 1750//1750 1731//1731 1739//1739
f 1750//1750 1739//1739 1724//1724
f 1750//1750 1724//1724 1751//1751
f 1754//1754 1749//1749 1748//1748
f 1754//1754 1748//1748 1755//1755
f 1754//1754 1755//1755 1756//1756
f 1754//1754 1756//1756 1757//1757
f 1754//1754 1757//1757 1722//1722
f 1754//1754 1722//1722 1742//1742
f 1754//1754 1742//1742 1733//1733
f 1754//1754 1733//1733 1749//1749
f 1758//1758 1727//1727 1726//1726
f 1758//1758 1726//1726 1740//1740
f 1758//1758 1740//1740 1737//1737
f 1758//1758 1737//1737 1736//1736
f 1758//1758 1736//1736 1735//1735
f 1758//1758 1735//1735 1743//1743
f 1758//1758 1743//1743 1728//1728
f 1758//1758 1728//1728 1727//1727
f 1759//1759 1757//1757 1756//1756
f 1759//1759 1756//1756 1760//1760
f 1759//1759 1760//1760 1752//1752
f 1759//1759 1752//1752 1751//1751
f 1759//1759 1751//1751 1724//1724
f 1759//1759 1724//1724 1723//1723
f 1759//1759 1723//1723 1722//1722
f 1759//1759 1722//1722 1757//1757
f 1761//1761 1762//1762 1763//1763
f 1761//1761 1763//1763 1764//1764
f 1761//1761 1764//1764 1765//1765
f 1761//1761 1765//1765 1766//1766
f 1761//1761 1766//1766 1752//1752
f 1761//1761 1752//1752 1760//1760
f 1761//1761 1760//1760 1756//1756
f 1761//1761 1756//1756 1762//1762
f 1767//1767 1768//1768 1769//1769
f 1767//1767 1769//1769 1770//1770
f 1767//1767 1770//1770 1763//1763
f 1767//1767 1763//1763 1762//1762
f 1767//1767 1762//1762 1756//1756
f 1767//1767 1756//1756 1755//1755
f 1767//1767 1755//1755 1748//1748
f 1767//1767 1748//1748 1768//1768
f 1771//1771 1766//1766 1765//1765
f 1771//1771 1765//1765 1772//1772
f 1771//1771 1772//1772 1773//1773
f 1771//1771 1773//1773 1774//1774
f 1771//1771 1774//1774 1746//1746
f 1771//1771 1746//1746 1753//1753
f 1771//1771 1753//1753 1752//1752
f 1771//1771 1752//1752 1766//1766
f 1775//1775 1774//1774 1773//1773
f 1775//1775 1773//1773 1776//1776
f 1775//1775 1776//1776 1769//1769
f 1775//1775 1769//1769 1768//1768
f 1775//1775 1768//1768 1748//1748
f 1775//1775 1748//1748 1747//1747
f 1775//1775 1747//1747 1746//1746
f 1775//1775 1746//1746 1774//1774
f 1777//1777 1778//1778 1779//1779
f 1777//1777 1779//1779 1780//1780
f 1777//1777 1780//1780 1781//1781
f 1777//1777 1781//1781 1782//1782
f 1777//1777 1782//1782 1783//1783
f 1777//1777 1783//1783 1784//1784
f 1777//1777 1784//1784 1785//1785
f 1777//1777 1785//1785 1778//1778
f 1786//1786 1787//1787 1788//1788
f 1786//1786 1788//1788 1789//1789
f 1786//1786 1789//1789 1790//1790
f 1786//1786 1790//1790 1791//1791
f 1786//1786 1791//1791 1792//1792
f 1786//1786 1792//1792 1793//1793
f 1786//1786 1793//1793 1794//1794
f 1786//1786 1794//1794 1787//1787
f 1795//1795 1782//1782 1781//1781
f 1795//1795 1781//1781 1796//1796
f 1795//1795 1796//1796 1788//1788
f 1795//1795 1788//1788 1787//1787
f 1795//1795 1787//1787 1794//1794
f 1795//1795 1794//1794 1797//1797
f 1795//1795 1797//1797 1783//1783
f 1795//1795 1783//1783 1782//1782
f 1798//1798 1791//1791 1790//1790
f 1798//1798 1790//1790 1799//1799
f 1798//1798 1799//1799 1779//1779
f 1798//1798 1779//1779 1778//1778
f 1798//1798 1778//1778 1785//1785
f 1798//1798 1785//1785 1800//1800
f 1798//1798 1800//1800 1792//1792
f 1798//1798 1792//1792 1791//1791
f 1801//1801 1802//1802 1803//1803
f 1801//1801 1803//1803 1804//1804
f 1801//1801 1804//1804 1805//1805
f 1801//1801 1805//1805 1806//1806
f 1801//1801 1806//1806 1790//1790
f 1801//1801 1790//1790 1789//1789
f 1801//1801 1789//1789 1788//1788
f 1801//1801 1788//1788 1802//1802
f 1807//1807 1808//1808 1809//1809
f 1807//1807 1809//1809 1810//1810
f 1807//1807 1810//1810 1803//1803
f 1807//1807 1803//1803 1802//1802
f 1807//1807 1802//1802 1788//1788
f 1807//1807 1788//1788 1796//1796
f 1807//1807 1796//1796 1781//1781
f 1807//1807 1781//1781 1808//1808
f 1811//1811 1806//1806 1805//1805
f 1811//1811 1805//1805 1812//1812
f 1811//1811 1812//1812 1813//1813
f 1811//1811 1813//1813 1814//1814
f 1811//1811 1814//1814 1779//1779
f 1811//1811 1779//1779 1799//1799
f 1811//1811 1799//1799 1790//1790
f 1811//1811 1790//1790 1806//1806
f 1815//1815 1784//1784 1783//1783
f 1815//1815 1783//1783 1797//1797
f 1815//1815 1797//1797 1794//1794
f 1815//1815 1794//1794 1793//1793
f 1815//1815 1793//1793 1792//1792
f 1815//1815 1792//1792 1800//1800
f 1815//1815 1800//1800 1785//1785
f 1815//1815 1785//1785 1784//1784
f 1816//1816 1814//1814 1813//1813
f 1816//1816 1813//1813 1817//1817
f 1816//1816 1817//1817 1809//1809
f 1816//1816 1809//1809 1808//1808
f 1816//1816 1808//1808 1781//1781
f 1816//1816 1781//1781 1780//1780
f 1816//1816 1780//1780 1779//1779
f 1816//1816 1779//1779 1814//1814
f 1818//1818 1819//1819 1820//1820
f 1818//1818 1820//1820 1821//1821
f 1818//1818 1821//1821 1822//1822
f 1818//1818 1822//1822 1823//1823
f 1818//1818 1823//1823 1809//1809
f 1818//1818 1809//1809 1817//1817
f 1818//1818 1817//1817 1813//1813
f 1818//1818 1813//1813 1819//1819
f 1824//1824 1825//1825 1826//1826
f 1824//1824 1826//1826 1827//1827
f 1824//1824 1827//1827 1820//1820
f 1824//1824 1820//1820 1819//1819
f 1824//1824 1819//1819 1813//1813
f 1824//1824 1813//1813 1812//1812
f 1824//1824 1812//1812 1805//1805
f 1824//1824 1805//1805 1825//1825
f 1828//1828 1823//1823 1822//1822
f 1828//1828 1822//1822 1829//1829
f 1828//1828 1829//1829 1830//1830
f 1828//1828 1830//1830 1831//1831
f 1828//1828 1831//1831 1803//1803
f 1828//1828 1803//1803 1810//1810
f 1828//1828 1810//1810 1809//1809
f 1828//1828 1809//1809 1823//1823
f 1832//1832 1831//1831 1830//1830
f 1832//1832 1830//1830 1833//1833
f 1832//1832 1833//1833 1826//1826
f 1832//1832 1826//1826 1825//1825
f 1832//1832 1825//1825 1805//1805
f 1832//1832 1805//1805 1804//1804
f 1832//1832 1804//1804 1803//1803
f 1832//1832 1803//1803 1831//1831
f 1834//1834 1835//1835 1836//1836
f 1834//1834 1836//1836 1837//1837
f 1834//1834 1837//1837 1838//1838
f 1834//1834 1838//1838 1839//1839
f 1834//1834 1839//1839 1840//1840
f 1834//1834 1840//1840 1841//1841
f 1834//1834 1841//1841 1842//1842
f 1834//1834 1842//1842 1835//1835
f 1843//1843 1844//1844 1845//1845
f 1843//1843 1845//1845 1846//1846
f 1843//1843 1846//1846 1847//1847
f 1843//1843 1847//1847 1848//1848
f 1843//1843 1848//1848 1849//1849
f 1843//1843 1849//1849 1850//1850
f 1843//1843 1850//1850 1851//1851
f 1843//1843 1851//1851 1844//1844
f 1852//1852 1839//1839 1838//1838
f 1852//1852 1838//1838 1853//1853
f 1852//1852 1853//1853 1845//1845
f 1852//1852 1845//1845 1844//1844
f 1852//1852 1844//1844 1851//1851
f 1852//1852 1851//1851 1854//1854
f 1852//1852 1854//1854 1840//1840
f 1852//1852 1840//1840 1839//1839
f 1855//1855 1848//1848 1847//1847
f 1855//1855 1847//1847 1856//1856
f 1855//1855 1856//1856 1836//1836
f 1855//1855 1836//1836 1835//1835
f 1855//1855 1835//1835 1842//1842
f 1855//1855 1842//1842 1857//1857
f 1855//1855 1857//1857 1849//1849
f 1855//1855 1849//1849 1848//1848
f 1858//1858 1859//1859 1860//1860
f 1858//1858 1860//1860 1861//1861
f 1858//1858 1861//1861 1862//1862
f 1858//1858 1862//1862 1863//1863
f 1858//1858 1863//1863 1847//1847
f 1858//1858 1847//1847 1846//1846
f 1858//1858 1846//1846 1845//1845
f 1858//1858 1845//1845 1859//1859
f 1864//1864 1865//1865 1866//1866
f 1864//1864 1866//1866 1867//1867
f 1864//1864 1867//1867 1860//1860
f 1864//1864 1860//1860 1859//1859
f 1864//1864 1859//1859 1845//1845
f 1864//1864 1845//1845 1853//1853
f 1864//1864 1853//1853 1838//1838
f 1864//1864 1838//1838 1865//1865
f 1868//1868 1863//1863 1862//1862
f 1868//1868 1862//1862 1869//1869
f 1868//1868 1869//1869 1870//1870
f 1868//1868 1870//1870 1871//1871
f 1868//1868 1871//1871 1836//1836
f 1868//1868 1836//1836 1856//1856
f 1868//1868 1856//1856 1847//1847
f 1868//1868 1847//1847 1863//1863
f 1872//1872 1841//1841 1840//1840
f 1872//1872 1840//1840 1854//1854
f 1872//1872 1854//1854 1851//1851
f 1872//1872 1851//1851 1850//1850
f 1872//1872 1850//1850 1849//1849
f 1872//1872 1849//1849 1857//1857
f 1872//1872 1857//1857 1842//1842
f 1872//1872 1842//1842 1841//1841
f 1873//1873 1871//1871 1870//1870
f 1873//1873 1870//1870 1874//1874
f 1873//1873 1874//1874 1866//1866
f 1873//1873 1866//1866 1865//1865
f 1873//1873 1865//1865 1838//1838
f 1873//1873 1838//1838 1837//1837
f 1873//1873 1837//1837 1836//1836
f 1873//1873 1836//1836 1871//1871
f 1875//1875 1876//1876 1877//1877
f 1875//1875 1877//1877 1878//1878
f 1875//1875 1878//1878 1879//1879
f 1875//1875 1879//1879 1880//1880
f 1875//1875 1880//1880 1866//1866
f 1875//1875 1866//1866 1874//1874
f 1875//1875 1874//1874 1870//1870
f 1875//1875 1870//1870 1876//1876
f 1881//1881 1882//1882 1883//1883
f 1881//1881 1883//1883 1884//1884
f 1881//1881 1884//1884 1877//1877
f 1881//1881 1877//1877 1876//1876
f 1881//1881 1876//1876 1870//1870
f 1881//1881 1870//1870 1869//1869
f 1881//1881 1869//1869 1862//1862
f 1881//1881 1862//1862 1882//1882
f 1885//1885 1880//1880 1879//1879
f 1885//1885 1879//1879 1886//1886
f 1885//1885 1886//1886 1887//1887
f 1885//1885 1887//1887 1888//1888
f 1885//1885 1888//1888 1860//1860
f 1885//1885 1860//1860 1867//1867
f 1885//1885 1867//1867 1866//1866
f 1885//1885 1866//1866 1880//1880
f 1889//1889 1888//1888 1887//1887
f 1889//1889 1887//1887 1890//1890
f 1889//1889 1890//1890 1883//1883
f 1889//1889 1883//1883 1882//1882
f 1889//1889 1882//1882 1862//1862
f 1889//1889 1862//1862 1861//1861
f 1889//1889 1861//1861 1860//1860
f 1889//1889 1860//1860 1888//1888
f 1891//1891 1892//1892 1580//1580
f 1891//1891 1580//1580 1588//1588
f 1891//1891 1588//1588 1573//1573
f 1891//1891 1573//1573 1893//1893
f 1891//1891 1893//1893 1592//1592
f 1891//1891 1592//1592 1605//1605
f 1891//1891 1605//1605 1600//1600
f 1891//1891 1600//1600 1892//1892
f 1894//1894 1895//1895 1571//1571
f 1894//1894 1571//1571 1585//1585
f 1894//1894 1585//1585 1582//1582
f 1894//1894 1582//1582 1896//1896
f 1894//1894 1896//1896 1598//1598
f 1894//1894 1598//1598 1603//1603
f 1894//1894 1603//1603 1594//1594
f 1894//1894 1594//1594 1895//1895
f 1897//1897 1896//1896 1582//1582
f 1897//1897 1582//1582 1581//1581
f 1897//1897 1581//1581 1580//1580
f 1897//1897 1580//1580 1892//1892
f 1897//1897 1892//1892 1600//1600
f 1897//1897 1600//1600 1599//1599
f 1897//1897 1599//1599 1598//1598
f 1897//1897 1598//1598 1896//1896
f 1898//1898 1893//1893 1573//1573
f 1898//1898 1573//1573 1572//1572
f 1898//1898 1572//1572 1571//1571
f 1898//1898 1571//1571 1895//1895
f 1898//1898 1895//1895 1594//1594
f 1898//1898 1594//1594 1593//1593
f 1898//1898 1593//1593 1592//1592
f 1898//1898 1592//1592 1893//1893
f 1899//1899 1555//1555 1537//1537
f 1899//1899 1537//1537 1900//1900
f 1899//1899 1900//1900 1901//1901
f 1899//1899 1901//1901 1902//1902
f 1899//1899 1902//1902 1903//1903
f 1899//1899 1903//1903 1904//1904
f 1899//1899 1904//1904 1544//1544
f 1899//1899 1544//1544 1555//1555
f 1905//1905 1552//1552 1546//1546
f 1905//1905 1546//1546 1906//1906
f 1905//1905 1906//1906 1907//1907
f 1905//1905 1907//1907 1908//1908
f 1905//1905 1908//1908 1909//1909
f 1905//1905 1909//1909 1910//1910
f 1905//1905 1910//1910 1535//1535
f 1905//1905 1535//1535 1552//1552
f 1911//1911 1545//1545 1544//1544
f 1911//1911 1544//1544 1904//1904
f 1911//1911 1904//1904 1903//1903
f 1911//1911 1903//1903 1912//1912
f 1911//1911 1912//1912 1907//1907
f 1911//1911 1907//1907 1906//1906
f 1911//1911 1906//1906 1546//1546
f 1911//1911 1546//1546 1545//1545
f 1913//1913 1536//1536 1535//1535
f 1913//1913 1535//1535 1910//1910
f 1913//1913 1910//1910 1909//1909
f 1913//1913 1909//1909 1914//1914
f 1913//1913 1914//1914 1901//1901
f 1913//1913 1901//1901 1900//1900
f 1913//1913 1900//1900 1537//1537
f 1913//1913 1537//1537 1536//1536
f 1915//1915 1916//1916 1917//1917
f 1915//1915 1917//1917 1918//1918
f 1915//1915 1918//1918 1919//1919
f 1915//1915 1919//1919 1920//1920
f 1915//1915 1920//1920 1921//1921
f 1915//1915 1921//1921 1922//1922
f 1915//1915 1922//1922 1923//1923
f 1915//1915 1923//1923 1916//1916
f 1924//1924 1925//1925 1926//1926
f 1924//1924 1926//1926 1927//1927
f 1924//1924 1927//1927 1928//1928
f 1924//1924 1928//1928 1929//1929
f 1924//1924 1929//1929 1930//1930
f 1924//1924 1930//1930 1931//1931
f 1924//1924 1931//1931 1932//1932
f 1924//1924 1932//1932 1925//1925
f 1933//1933 1934//1934 1923//1923
f 1933//1933 1923//1923 1922//1922
f 1933//1933 1922//1922 1921//1921
f 1933//1933 1921//1921 1935//1935
f 1933//1933 1935//1935 1928//1928
f 1933//1933 1928//1928 1927//1927
f 1933//1933 1927//1927 1926//1926
f 1933//1933 1926//1926 1934//1934
f 1936//1936 1937//1937 1932//1932
f 1936//1936 1932//1932 1931//1931
f 1936//1936 1931//1931 1930//1930
f 1936//1936 1930//1930 1938//1938
f 1936//1936 1938//1938 1919//1919
f 1936//1936 1919//1919 1918//1918
f 1936//1936 1918//1918 1917//1917
f 1936//1936 1917//1917 1937//1937
f 1939//1939 1940//1940 1941//1941
f 1939//1939 1941//1941 1942//1942
f 1939//1939 1942//1942 1943//1943
f 1939//1939 1943//1943 1944//1944
f 1939//1939 1944//1944 1945//1945
f 1939//1939 1945//1945 1946//1946
f 1939//1939 1946//1946 1947//1947
f 1939//1939 1947//1947 1940//1940
f 1948//1948 1949//1949 1950//1950
f 1948//1948 1950//1950 1951//1951
f 1948//1948 1951//1951 1952//1952
f 1948//1948 1952//1952 1953//1953
f 1948//1948 1953//1953 1954//1954
f 1948//1948 1954//1954 1955//1955
f 1948//1948 1955//1955 1956//1956
f 1948//1948 1956//1956 1949//1949
f 1957//1957 1958//1958 1947//1947
f 1957//1957 1947//1947 1946//1946
f 1957//1957 1946//1946 1945//1945
f 1957//1957 1945//1945 1959//1959
f 1957//1957 1959//1959 1952//1952
f 1957//1957 1952//1952 1951//1951
f 1957//1957 1951//1951 1950//1950
f 1957//1957 1950//1950 1958//1958
f 1960//1960 1961//1961 1956//1956
f 1960//1960 1956//1956 1955//1955
f 1960//1960 1955//1955 1954//1954
f 1960//1960 1954//1954 1962//1962
f 1960//1960 1962//1962 1943//1943
f 1960//1960 1943//1943 1942//1942
f 1960//1960 1942//1942 1941//1941
f 1960//1960 1941//1941 1961//1961
f 1963//1963 1964//1964 1965//1965
f 1963//1963 1965//1965 1966//1966
f 1963//1963 1966//1966 1967//1967
f 1963//1963 1967//1967 1968//1968
f 1963//1963 1968//1968 1969//1969
f 1963//1963 1969//1969 1970//1970
f 1963//1963 1970//1970 1971//1971
f 1963//1963 1971//1971 1964//1964
f 1972//1972 1973//1973 1974//1974
f 1972//1972 1974//1974 1975//1975
f 1972//1972 1975//1975 1976//1976
f 1972//1972 1976//1976 1977//1977
f 1972//1972 1977//1977 1978//1978
f 1972//1972 1978//1978 1979//1979
f 1972//1972 1979//1979 1980//1980
f 1972//1972 1980//1980 1973//1973
f 1981//1981 1982//1982 1980//1980
f 1981//1981 1980//1980 1979//1979
f 1981//1981 1979//1979 1978//1978
f 1981//1981 1978//1978 1983//1983
f 1981//1981 1983//1983 1967//1967
f 1981//1981 1967//1967 1966//1966
f 1981//1981 1966//1966 1965//1965
f 1981//1981 1965//1965 1982//1982
f 1984//1984 1985//1985 1971//1971
f 1984//1984 1971//1971 1970//1970
f 1984//1984 1970//1970 1969//1969
f 1984//1984 1969//1969 1986//1986
f 1984//1984 1986//1986 1976//1976
f 1984//1984 1976//1976 1975//1975
f 1984//1984 1975//1975 1974//1974
f 1984//1984 1974//1974 1985//1985
f 1987//1987 1953//1953 1952//1952
f 1987//1987 1952//1952 1988//1988
f 1987//1987 1988//1988 1989//1989
f 1987//1987 1989//1989 1990//1990
f 1987//1987 1990//1990 1991//1991
f 1987//1987 1991//1991 1992//1992
f 1987//1987 1992//1992 1954//1954
f 1987//1987 1954//1954 1953//1953
f 1993//1993 1944//1944 1943//1943
f 1993//1993 1943//1943 1994//1994
f 1993//1993 1994//1994 1995//1995
f 1993//1993 1995//1995 1996//1996
f 1993//1993 1996//1996 1997//1997
f 1993//1993 1997//1997 1998//1998
f 1993//1993 1998//1998 1945//1945
f 1993//1993 1945//1945 1944//1944
f 1999//1999 1962//1962 1954//1954
f 1999//1999 1954//1954 1992//1992
f 1999//1999 1992//1992 1991//1991
f 1999//1999 1991//1991 2000//2000
f 1999//1999 2000//2000 1995//1995
f 1999//1999 1995//1995 1994//1994
f 1999//1999 1994//1994 1943//1943
f 1999//1999 1943//1943 1962//1962
f 2001//2001 1959//1959 1945//1945
f 2001//2001 1945//1945 1998//1998
f 2001//2001 1998//1998 1997//1997
f 2001//2001 1997//1997 2002//2002
f 2001//2001 2002//2002 1989//1989
f 2001//2001 1989//1989 1988//1988
f 2001//2001 1988//1988 1952//1952
f 2001//2001 1952//1952 1959//1959
f 2003//2003 1977//1977 1976//1976
f 2003//2003 1976//1976 1986//1986
f 2003//2003 1986//1986 1969//1969
f 2003//2003 1969//1969 1968//1968
f 2003//2003 1968//1968 1967//1967
f 2003//2003 1967//1967 1983//1983
f 2003//2003 1983//1983 1978//1978
f 2003//2003 1978//1978 1977//1977
f 2004//2004 1990//1990 1989//1989
f 2004//2004 1989//1989 2005//2005
f 2004//2004 2005//2005 1971//1971
f 2004//2004 1971//1971 1985//1985
f 2004//2004 1985//1985 1974//1974
f 2004//2004 1974//1974 2006//2006
f 2004//2004 2006//2006 1991//1991
f 2004//2004 1991//1991 1990//1990
f 2007//2007 1996//1996 1995//1995
f 2007//2007 1995//1995 2008//2008
f 2007//2007 2008//2008 1980//1980
f 2007//2007 1980//1980 1982//1982
f 2007//2007 1982//1982 1965//1965
f 2007//2007 1965//1965 2009//2009
f 2007//2007 2009//2009 1997//1997
f 2007//2007 1997//1997 1996//1996
f 2010//2010 2000//2000 1991//1991
f 2010//2010 1991//1991 2006//2006
f 2010//2010 2006//2006 1974//1974
f 2010//2010 1974//1974 1973//1973
f 2010//2010 1973//1973 1980//1980
f 2010//2010 1980//1980 2008//2008
f 2010//2010 2008//2008 1995//1995
f 2010//2010 1995//1995 2000//2000
f 2011//2011 2002//2002 1997//1997
f 2011//2011 1997//1997 2009//2009
f 2011//2011 2009//2009 1965//1965
f 2011//2011 1965//1965 1964//1964
f 2011//2011 1964//1964 1971//1971
f 2011//2011 1971//1971 2005//2005
f 2011//2011 2005//2005 1989//1989
f 2011//2011 1989//1989 2002//2002
f 2012//2012 2013//2013 2014//2014
f 2012//2012 2014//2014 2015//2015
f 2012//2012 2015//2015 2016//2016
f 2012//2012 2016//2016 2017//2017
f 2012//2012 2017//2017 2018//2018
f 2012//2012 2018//2018 2019//2019
f 2012//2012 2019//2019 2020//2020
f 2012//2012 2020//2020 2013//2013
f 2021//2021 2022//2022 2023//2023
f 2021//2021 2023//2023 2024//2024
f 2021//2021 2024//2024 2025//2025
f 2021//2021 2025//2025 2026//2026
f 2021//2021 2026//2026 2027//2027
f 2021//2021 2027//2027 2028//2028
f 2021//2021 2028//2028 2029//2029
f 2021//2021 2029//2029 2022//2022
f 2030//2030 2031//2031 2029//2029
f 2030//2030 2029//2029 2028//2028
f 2030//2030 2028//2028 2027//2027
f 2030//2030 2027//2027 2032//2032
f 2030//2030 2032//2032 2016//2016
f 2030//2030 2016//2016 2015//2015
f 2030//2030 2015//2015 2014//2014
f 2030//2030 2014//2014 2031//2031
f 2033//2033 2034//2034 2020//2020
f 2033//2033 2020//2020 2019//2019
f 2033//2033 2019//2019 2018//2018
f 2033//2033 2018//2018 2035//2035
f 2033//2033 2035//2035 2025//2025
f 2033//2033 2025//2025 2024//2024
f 2033//2033 2024//2024 2023//2023
f 2033//2033 2023//2023 2034//2034
f 2036//2036 2037//2037 2038//2038
f 2036//2036 2038//2038 2039//2039
f 2036//2036 2039//2039 2040//2040
f 2036//2036 2040//2040 2041//2041
f 2036//2036 2041//2041 2042//2042
f 2036//2036 2042//2042 2043//2043
f 2036//2036 2043//2043 2044//2044
f 2036//2036 2044//2044 2037//2037
f 2045//2045 2046//2046 2047//2047
f 2045//2045 2047//2047 2048//2048
f 2045//2045 2048//2048 2049//2049
f 2045//2045 2049//2049 2050//2050
f 2045//2045 2050//2050 2051//2051
f 2045//2045 2051//2051 2052//2052
f 2045//2045 2052//2052 2053//2053
f 2045//2045 2053//2053 2046//2046
f 2054//2054 2055//2055 2044//2044
f 2054//2054 2044//2044 2043//2043
f 2054//2054 2043//2043 2042//2042
f 2054//2054 2042//2042 2056//2056
f 2054//2054 2056//2056 2049//2049
f 2054//2054 2049//2049 2048//2048
f 2054//2054 2048//2048 2047//2047
f 2054//2054 2047//2047 2055//2055
f 2057//2057 2058//2058 2053//2053
f 2057//2057 2053//2053 2052//2052
f 2057//2057 2052//2052 2051//2051
f 2057//2057 2051//2051 2059//2059
f 2057//2057 2059//2059 2040//2040
f 2057//2057 2040//2040 2039//2039
f 2057//2057 2039//2039 2038//2038
f 2057//2057 2038//2038 2058//2058
f 2060//2060 2026//2026 2025//2025
f 2060//2060 2025//2025 2035//2035
f 2060//2060 2035//2035 2018//2018
f 2060//2060 2018//2018 2017//2017
f 2060//2060 2017//2017 2016//2016
f 2060//2060 2016//2016 2032//2032
f 2060//2060 2032//2032 2027//2027
f 2060//2060 2027//2027 2026//2026
f 2061//2061 2041//2041 2040//2040
f 2061//2061 2040//2040 2062//2062
f 2061//2061 2062//2062 2020//2020
f 2061//2061 2020//2020 2034//2034
f 2061//2061 2034//2034 2023//2023
f 2061//2061 2023//2023 2063//2063
f 2061//2061 2063//2063 2042//2042
f 2061//2061 2042//2042 2041//2041
f 2064//2064 2050//2050 2049//2049
f 2064//2064 2049//2049 2065//2065
f 2064//2064 2065//2065 2029//2029
f 2064//2064 2029//2029 2031//2031
f 2064//2064 2031//2031 2014//2014
f 2064//2064 2014//2014 2066//2066
f 2064//2064 2066//2066 2051//2051
f 2064//2064 2051//2051 2050//2050
f 2067//2067 2056//2056 2042//2042
f 2067//2067 2042//2042 2063//2063
f 2067//2067 2063//2063 2023//2023
f 2067//2067 2023//2023 2022//2022
f 2067//2067 2022//2022 2029//2029
f 2067//2067 2029//2029 2065//2065
f 2067//2067 2065//2065 2049//2049
f 2067//2067 2049//2049 2056//2056
f 2068//2068 2059//2059 2051//2051
f 2068//2068 2051//2051 2066//2066
f 2068//2068 2066//2066 2014//2014
f 2068//2068 2014//2014 2013//2013
f 2068//2068 2013//2013 2020//2020
f 2068//2068 2020//2020 2062//2062
f 2068//2068 2062//2062 2040//2040
f 2068//2068 2040//2040 2059//2059
f 2069//2069 2070//2070 2071//2071
f 2069//2069 2071//2071 2072//2072
f 2069//2069 2072//2072 1956//1956
f 2069//2069 1956//1956 1961//1961
f 2069//2069 1961//1961 1941//1941
f 2069//2069 1941//1941 2073//2073
f 2069//2069 2073//2073 2074//2074
f 2069//2069 2074//2074 2070//2070
f 2075//2075 2076//2076 2077//2077
f 2075//2075 2077//2077 2078//2078
f 2075//2075 2078//2078 1947//1947
f 2075//2075 1947//1947 1958//1958
f 2075//2075 1958//1958 1950//1950
f 2075//2075 1950//1950 2079//2079
f 2075//2075 2079//2079 2080//2080
f 2075//2075 2080//2080 2076//2076
f 2081//2081 2082//2082 2080//2080
f 2081//2081 2080//2080 2079//2079
f 2081//2081 2079//2079 1950//1950
f 2081//2081 1950//1950 1949//1949
f 2081//2081 1949//1949 1956//1956
f 2081//2081 1956//1956 2072//2072
f 2081//2081 2072//2072 2071//2071
f 2081//2081 2071//2071 2082//2082
f 2083//2083 2084//2084 2074//2074
f 2083//2083 2074//2074 2073//2073
f 2083//2083 2073//2073 1941//1941
f 2083//2083 1941//1941 1940//1940
f 2083//2083 1940//1940 1947//1947
f 2083//2083 1947//1947 2078//2078
f 2083//2083 2078//2078 2077//2077
f 2083//2083 2077//2077 2084//2084
f 2085//2085 2086//2086 2087//2087
f 2085//2085 2087//2087 2088//2088
f 2085//2085 2088//2088 2089//2089
f 2085//2085 2089//2089 2090//2090
f 2085//2085 2090//2090 2091//2091
f 2085//2085 2091//2091 2092//2092
f 2085//2085 2092//2092 2093//2093
f 2085//2085 2093//2093 2086//2086
f 2094//2094 2095//2095 2096//2096
f 2094//2094 2096//2096 2097//2097
f 2094//2094 2097//2097 2098//2098
f 2094//2094 2098//2098 2099//2099
f 2094//2094 2099//2099 2100//2100
f 2094//2094 2100//2100 2101//2101
f 2094//2094 2101//2101 2102//2102
f 2094//2094 2102//2102 2095//2095
f 2103//2103 2104//2104 2093//2093
f 2103//2103 2093//2093 2092//2092
f 2103//2103 2092//2092 2091//2091
f 2103//2103 2091//2091 2105//2105
f 2103//2103 2105//2105 2098//2098
f 2103//2103 2098//2098 2097//2097
f 2103//2103 2097//2097 2096//2096
f 2103//2103 2096//2096 2104//2104
f 2106//2106 2107//2107 2102//2102
f 2106//2106 2102//2102 2101//2101
f 2106//2106 2101//2101 2100//2100
f 2106//2106 2100//2100 2108//2108
f 2106//2106 2108//2108 2089//2089
f 2106//2106 2089//2089 2088//2088
f 2106//2106 2088//2088 2087//2087
f 2106//2106 2087//2087 2107//2107
f 2109//2109 1935//1935 1921//1921
f 2109//2109 1921//1921 1920//1920
f 2109//2109 1920//1920 1919//1919
f 2109//2109 1919//1919 1938//1938
f 2109//2109 1938//1938 1930//1930
f 2109//2109 1930//1930 1929//1929
f 2109//2109 1929//1929 1928//1928
f 2109//2109 1928//1928 1935//1935
f 2110//2110 2111//2111 2112//2112
f 2110//2110 2112//2112 2113//2113
f 2110//2110 2113//2113 1917//1917
f 2110//2110 1917//1917 1916//1916
f 2110//2110 1916//1916 1923//1923
f 2110//2110 1923//1923 2114//2114
f 2110//2110 2114//2114 2115//2115
f 2110//2110 2115//2115 2111//2111
f 2116//2116 2117//2117 2118//2118
f 2116//2116 2118//2118 2119//2119
f 2116//2116 2119//2119 1926//1926
f 2116//2116 1926//1926 1925//1925
f 2116//2116 1925//1925 1932//1932
f 2116//2116 1932//1932 2120//2120
f 2116//2116 2120//2120 2121//2121
f 2116//2116 2121//2121 2117//2117
f 2122//2122 2123//2123 2115//2115
f 2122//2122 2115//2115 2114//2114
f 2122//2122 2114//2114 1923//1923
f 2122//2122 1923//1923 1934//1934
f 2122//2122 1934//1934 1926//1926
f 2122//2122 1926//1926 2119//2119
f 2122//2122 2119//2119 2118//2118
f 2122//2122 2118//2118 2123//2123
f 2124//2124 2125//2125 2121//2121
f 2124//2124 2121//2121 2120//2120
f 2124//2124 2120//2120 1932//1932
f 2124//2124 1932//1932 1937//1937
f 2124//2124 1937//1937 1917//1917
f 2124//2124 1917//1917 2113//2113
f 2124//2124 2113//2113 2112//2112
f 2124//2124 2112//2112 2125//2125
f 2126//2126 2127//2127 2128//2128
f 2126//2126 2128//2128 2129//2129
f 2126//2126 2129//2129 2130//2130
f 2126//2126 2130//2130 2131//2131
f 2126//2126 2131//2131 2132//2132
f 2126//2126 2132//2132 2133//2133
f 2126//2126 2133//2133 2134//2134
f 2126//2126 2134//2134 2127//2127
f 2135//2135 2136//2136 2137//2137
f 2135//2135 2137//2137 2138//2138
f 2135//2135 2138//2138 2139//2139
f 2135//2135 2139//2139 2140//2140
f 2135//2135 2140//2140 2141//2141
f 2135//2135 2141//2141 2142//2142
f 2135//2135 2142//2142 2143//2143
f 2135//2135 2143//2143 2136//2136
f 2144//2144 2145//2145 2134//2134
f 2144//2144 2134//2134 2133//2133
f 2144//2144 2133//2133 2132//2132
f 2144//2144 2132//2132 2146//2146
f 2144//2144 2146//2146 2139//2139
f 2144//2144 2139//2139 2138//2138
f 2144//2144 2138//2138 2137//2137
f 2144//2144 2137//2137 2145//2145
f 2147//2147 2148//2148 2143//2143
f 2147//2147 2143//2143 2142//2142
f 2147//2147 2142//2142 2141//2141
f 2147//2147 2141//2141 2149//2149
f 2147//2147 2149//2149 2130//2130
f 2147//2147 2130//2130 2129//2129
f 2147//2147 2129//2129 2128//2128
f 2147//2147 2128//2128 2148//2148
f 2150//2150 2151//2151 2152//2152
f 2150//2150 2152//2152 2153//2153
f 2150//2150 2153//2153 2154//2154
f 2150//2150 2154//2154 2155//2155
f 2150//2150 2155//2155 2156//2156
f 2150//2150 2156//2156 2157//2157
f 2150//2150 2157//2157 2158//2158
f 2150//2150 2158//2158 2151//2151
f 2159//2159 2160//2160 2161//2161
f 2159//2159 2161//2161 2162//2162
f 2159//2159 2162//2162 2163//2163
f 2159//2159 2163//2163 2164//2164
f 2159//2159 2164//2164 2165//2165
f 2159//2159 2165//2165 2166//2166
f 2159//2159 2166//2166 2167//2167
f 2159//2159 2167//2167 2160//2160
f 2168//2168 2169//2169 2158//2158
f 2168//2168 2158//2158 2157//2157
f 2168//2168 2157//2157 2156//2156
f 2168//2168 2156//2156 2170//2170
f 2168//2168 2170//2170 2163//2163
f 2168//2168 2163//2163 2162//2162
f 2168//2168 2162//2162 2161//2161
f 2168//2168 2161//2161 2169//2169
f 2171//2171 2172//2172 2167//2167
f 2171//2171 2167//2167 2166//2166
f 2171//2171 2166//2166 2165//2165
f 2171//2171 2165//2165 2173//2173
f 2171//2171 2173//2173 2154//2154
f 2171//2171 2154//2154 2153//2153
f 2171//2171 2153//2153 2152//2152
f 2171//2171 2152//2152 2172//2172
f 2174//2174 2146//2146 2132//2132
f 2174//2174 2132//2132 2131//2131
f 2174//2174 2131//2131 2130//2130
f 2174//2174 2130//2130 2149//2149
f 2174//2174 2149//2149 2141//2141
f 2174//2174 2141//2141 2140//2140
f 2174//2174 2140//2140 2139//2139
f 2174//2174 2139//2139 2146//2146
f 2175//2175 2155//2155 2154//2154
f 2175//2175 2154//2154 2176//2176
f 2175//2175 2176//2176 2128//2128
f 2175//2175 2128//2128 2127//2127
f 2175//2175 2127//2127 2134//2134
f 2175//2175 2134//2134 2177//2177
f 2175//2175 2177//2177 2156//2156
f 2175//2175 2156//2156 2155//2155
f 2178//2178 2164//2164 2163//2163
f 2178//2178 2163//2163 2179//2179
f 2178//2178 2179//2179 2137//2137
f 2178//2178 2137//2137 2136//2136
f 2178//2178 2136//2136 2143//2143
f 2178//2178 2143//2143 2180//2180
f 2178//2178 2180//2180 2165//2165
f 2178//2178 2165//2165 2164//2164
f 2181//2181 2170//2170 2156//2156
f 2181//2181 2156//2156 2177//2177
f 2181//2181 2177//2177 2134//2134
f 2181//2181 2134//2134 2145//2145
f 2181//2181 2145//2145 2137//2137
f 2181//2181 2137//2137 2179//2179
f 2181//2181 2179//2179 2163//2163
f 2181//2181 2163//2163 2170//2170
f 2182//2182 2173//2173 2165//2165
f 2182//2182 2165//2165 2180//2180
f 2182//2182 2180//2180 2143//2143
f 2182//2182 2143//2143 2148//2148
f 2182//2182 2148//2148 2128//2128
f 2182//2182 2128//2128 2176//2176
f 2182//2182 2176//2176 2154//2154
f 2182//2182 2154//2154 2173//2173
f 2183//2183 2184//2184 2185//2185
f 2183//2183 2185//2185 2186//2186
f 2183//2183 2186//2186 2187//2187
f 2183//2183 2187//2187 2188//2188
f 2183//2183 2188//2188 2189//2189
f 2183//2183 2189//2189 2190//2190
f 2183//2183 2190//2190 2191//2191
f 2183//2183 2191//2191 2184//2184
f 2192//2192 2193//2193 2194//2194
f 2192//2192 2194//2194 2195//2195
f 2192//2192 2195//2195 2196//2196
f 2192//2192 2196//2196 2197//2197
f 2192//2192 2197//2197 2198//2198
f 2192//2192 2198//2198 2199//2199
f 2192//2192 2199//2199 2200//2200
f 2192//2192 2200//2200 2193//2193
f 2201//2201 2202//2202 2191//2191
f 2201//2201 2191//2191 2190//2190
f 2201//2201 2190//2190 2189//2189
f 2201//2201 2189//2189 2203//2203
f 2201//2201 2203//2203 2196//2196
f 2201//2201 2196//2196 2195//2195
f 2201//2201 2195//2195 2194//2194
f 2201//2201 2194//2194 2202//2202
f 2204//2204 2205//2205 2200//2200
f 2204//2204 2200//2200 2199//2199
f 2204//2204 2199//2199 2198//2198
f 2204//2204 2198//2198 2206//2206
f 2204//2204 2206//2206 2187//2187
f 2204//2204 2187//2187 2186//2186
f 2204//2204 2186//2186 2185//2185
f 2204//2204 2185//2185 2205//2205
f 2207//2207 2208//2208 2209//2209
f 2207//2207 2209//2209 2210//2210
f 2207//2207 2210//2210 2194//2194
f 2207//2207 2194//2194 2193//2193
f 2207//2207 2193//2193 2200//2200
f 2207//2207 2200//2200 2211//2211
f 2207//2207 2211//2211 2212//2212
f 2207//2207 2212//2212 2208//2208
f 2213//2213 2214//2214 2215//2215
f 2213//2213 2215//2215 2216//2216
f 2213//2213 2216//2216 2191//2191
f 2213//2213 2191//2191 2202//2202
f 2213//2213 2202//2202 2194//2194
f 2213//2213 2194//2194 2210//2210
f 2213//2213 2210//2210 2209//2209
f 2213//2213 2209//2209 2214//2214
f 2217//2217 2218//2218 2212//2212
f 2217//2217 2212//2212 2211//2211
f 2217//2217 2211//2211 2200//2200
f 2217//2217 2200//2200 2205//2205
f 2217//2217 2205//2205 2185//2185
f 2217//2217 2185//2185 2219//2219
f 2217//2217 2219//2219 2220//2220
f 2217//2217 2220//2220 2218//2218
f 2221//2221 2203//2203 2189//2189
f 2221//2221 2189//2189 2188//2188
f 2221//2221 2188//2188 2187//2187
f 2221//2221 2187//2187 2206//2206
f 2221//2221 2206//2206 2198//2198
f 2221//2221 2198//2198 2197//2197
f 2221//2221 2197//2197 2196//2196
f 2221//2221 2196//2196 2203//2203
f 2222//2222 2223//2223 2220//2220
f 2222//2222 2220//2220 2219//2219
f 2222//2222 2219//2219 2185//2185
f 2222//2222 2185//2185 2184//2184
f 2222//2222 2184//2184 2191//2191
f 2222//2222 2191//2191 2216//2216
f 2222//2222 2216//2216 2215//2215
f 2222//2222 2215//2215 2223//2223
f 2224//2224 2225//2225 2226//2226
f 2224//2224 2226//2226 2227//2227
f 2224//2224 2227//2227 2220//2220
f 2224//2224 2220//2220 2223//2223
f 2224//2224 2223//2223 2215//2215
f 2224//2224 2215//2215 2228//2228
f 2224//2224 2228//2228 2229//2229
f 2224//2224 2229//2229 2225//2225
f 2230//2230 2231//2231 2232//2232
f 2230//2230 2232//2232 2233//2233
f 2230//2230 2233//2233 2212//2212
f 2230//2230 2212//2212 2218//2218
f 2230//2230 2218//2218 2220//2220
f 2230//2230 2220//2220 2227//2227
f 2230//2230 2227//2227 2226//2226
f 2230//2230 2226//2226 2231//2231
f 2234//2234 2235//2235 2229//2229
f 2234//2234 2229//2229 2228//2228
f 2234//2234 2228//2228 2215//2215
f 2234//2234 2215//2215 2214//2214
f 2234//2234 2214//2214 2209//2209
f 2234//2234 2209//2209 2236//2236
f 2234//2234 2236//2236 2237//2237
f 2234//2234 2237//2237 2235//2235
f 2238//2238 2239//2239 2237//2237
f 2238//2238 2237//2237 2236//2236
f 2238//2238 2236//2236 2209//2209
f 2238//2238 2209//2209 2208//2208
f 2238//2238 2208//2208 2212//2212
f 2238//2238 2212//2212 2233//2233
f 2238//2238 2233//2233 2232//2232
f 2238//2238 2232//2232 2239//2239
f 2240//2240 2241//2241 2242//2242
f 2240//2240 2242//2242 2243//2243
f 2240//2240 2243//2243 2244//2244
f 2240//2240 2244//2244 2245//2245
f 2240//2240 2245//2245 2246//2246
f 2240//2240 2246//2246 2247//2247
f 2240//2240 2247//2247 2248//2248
f 2240//2240 2248//2248 2241//2241
f 2249//2249 2250//2250 2251//2251
f 2249//2249 2251//2251 2252//2252
f 2249//2249 2252//2252 2253//2253
f 2249//2249 2253//2253 2254//2254
f 2249//2249 2254//2254 2255//2255
f 2249//2249 2255//2255 2256//2256
f 2249//2249 2256//2256 2257//2257
f 2249//2249 2257//2257 2250//2250
f 2258//2258 2259//2259 2248//2248
f 2258//2258 2248//2248 2247//2247
f 2258//2258 2247//2247 2246//2246
f 2258//2258 2246//2246 2260//2260
f 2258//2258 2260//2260 2253//2253
f 2258//2258 2253//2253 2252//2252
f 2258//2258 2252//2252 2251//2251
f 2258//2258 2251//2251 2259//2259
f 2261//2261 2262//2262 2257//2257
f 2261//2261 2257//2257 2256//2256
f 2261//2261 2256//2256 2255//2255
f 2261//2261 2255//2255 2263//2263
f 2261//2261 2263//2263 2244//2244
f 2261//2261 2244//2244 2243//2243
f 2261//2261 2243//2243 2242//2242
f 2261//2261 2242//2242 2262//2262
f 2264//2264 2265//2265 2266//2266
f 2264//2264 2266//2266 2267//2267
f 2264//2264 2267//2267 2251//2251
f 2264//2264 2251//2251 2250//2250
f 2264//2264 2250//2250 2257//2257
f 2264//2264 2257//2257 2268//2268
f 2264//2264 2268//2268 2269//2269
f 2264//2264 2269//2269 2265//2265
f 2270//2270 2271//2271 2272//2272
f 2270//2270 2272//2272 2273//2273
f 2270//2270 2273//2273 2248//2248
f 2270//2270 2248//2248 2259//2259
f 2270//2270 2259//2259 2251//2251
f 2270//2270 2251//2251 2267//2267
f 2270//2270 2267//2267 2266//2266
f 2270//2270 2266//2266 2271//2271
f 2274//2274 2275//2275 2269//2269
f 2274//2274 2269//2269 2268//2268
f 2274//2274 2268//2268 2257//2257
f 2274//2274 2257//2257 2262//2262
f 2274//2274 2262//2262 2242//2242
f 2274//2274 2242//2242 2276//2276
f 2274//2274 2276//2276 2277//2277
f 2274//2274 2277//2277 2275//2275
f 2278//2278 2260//2260 2246//2246
f 2278//2278 2246//2246 2245//2245
f 2278//2278 2245//2245 2244//2244
f 2278//2278 2244//2244 2263//2263
f 2278//2278 2263//2263 2255//2255
f 2278//2278 2255//2255 2254//2254
f 2278//2278 2254//2254 2253//2253
f 2278//2278 2253//2253 2260//2260
f 2279//2279 2280//2280 2277//2277
f 2279//2279 2277//2277 2276//2276
f 2279//2279 2276//2276 2242//2242
f 2279//2279 2242//2242 2241//2241
f 2279//2279 2241//2241 2248//2248
f 2279//2279 2248//2248 2273//2273
f 2279//2279 2273//2273 2272//2272
f 2279//2279 2272//2272 2280//2280
f 2281//2281 2282//2282 2283//2283
f 2281//2281 2283//2283 2284//2284
f 2281//2281 2284//2284 2277//2277
f 2281//2281 2277//2277 2280//2280
f 2281//2281 2280//2280 2272//2272
f 2281//2281 2272//2272 2285//2285
f 2281//2281 2285//2285 2286//2286
f 2281//2281 2286//2286 2282//2282
f 2287//2287 2288//2288 2289//2289
f 2287//2287 2289//2289 2290//2290
f 2287//2287 2290//2290 2269//2269
f 2287//2287 2269//2269 2275//2275
f 2287//2287 2275//2275 2277//2277
f 2287//2287 2277//2277 2284//2284
f 2287//2287 2284//2284 2283//2283
f 2287//2287 2283//2283 2288//2288
f 2291//2291 2292//2292 2286//2286
f 2291//2291 2286//2286 2285//2285
f 2291//2291 2285//2285 2272//2272
f 2291//2291 2272//2272 2271//2271
f 2291//2291 2271//2271 2266//2266
f 2291//2291 2266//2266 2293//2293
f 2291//2291 2293//2293 2294//2294
f 2291//2291 2294//2294 2292//2292
f 2295//2295 2296//2296 2294//2294
f 2295//2295 2294//2294 2293//2293
f 2295//2295 2293//2293 2266//2266
f 2295//2295 2266//2266 2265//2265
f 2295//2295 2265//2265 2269//2269
f 2295//2295 2269//2269 2290//2290
f 2295//2295 2290//2290 2289//2289
f 2295//2295 2289//2289 2296//2296
f 2297//2297 2298//2298 2299//2299
f 2297//2297 2299//2299 2300//2300
f 2297//2297 2300//2300 2301//2301
f 2297//2297 2301//2301 2302//2302
f 2297//2297 2302//2302 2303//2303
f 2297//2297 2303//2303 2304//2304
f 2297//2297 2304//2304 2305//2305
f 2297//2297 2305//2305 2298//2298
f 2306//2306 2307//2307 2308//2308
f 2306//2306 2308//2308 2309//2309
f 2306//2306 2309//2309 2310//2310
f 2306//2306 2310//2310 2311//2311
f 2306//2306 2311//2311 2312//2312
f 2306//2306 2312//2312 2313//2313
f 2306//2306 2313//2313 2314//2314
f 2306//2306 2314//2314 2307//2307
f 2315//2315 2316//2316 2305//2305
f 2315//2315 2305//2305 2304//2304
f 2315//2315 2304//2304 2303//2303
f 2315//2315 2303//2303 2317//2317
f 2315//2315 2317//2317 2310//2310
f 2315//2315 2310//2310 2309//2309
f 2315//2315 2309//2309 2308//2308
f 2315//2315 2308//2308 2316//2316
f 2318//2318 2319//2319 2314//2314
f 2318//2318 2314//2314 2313//2313
f 2318//2318 2313//2313 2312//2312
f 2318//2318 2312//2312 2320//2320
f 2318//2318 2320//2320 2301//2301
f 2318//2318 2301//2301 2300//2300
f 2318//2318 2300//2300 2299//2299
f 2318//2318 2299//2299 2319//2319
f 2321//2321 2322//2322 2323//2323
f 2321//2321 2323//2323 2324//2324
f 2321//2321 2324//2324 2308//2308
f 2321//2321 2308//2308 2307//2307
f 2321//2321 2307//2307 2314//2314
f 2321//2321 2314//2314 2325//2325
f 2321//2321 2325//2325 2326//2326
f 2321//2321 2326//2326 2322//2322
f 2327//2327 2328//2328 2329//2329
f 2327//2327 2329//2329 2330//2330
f 2327//2327 2330//2330 2305//2305
f 2327//2327 2305//2305 2316//2316
f 2327//2327 2316//2316 2308//2308
f 2327//2327 2308//2308 2324//2324
f 2327//2327 2324//2324 2323//2323
f 2327//2327 2323//2323 2328//2328
f 2331//2331 2332//2332 2326//2326
f 2331//2331 2326//2326 2325//2325
f 2331//2331 2325//2325 2314//2314
f 2331//2331 2314//2314 2319//2319
f 2331//2331 2319//2319 2299//2299
f 2331//2331 2299//2299 2333//2333
f 2331//2331 2333//2333 2334//2334
f 2331//2331 2334//2334 2332//2332
f 2335//2335 2317//2317 2303//2303
f 2335//2335 2303//2303 2302//2302
f 2335//2335 2302//2302 2301//2301
f 2335//2335 2301//2301 2320//2320
f 2335//2335 2320//2320 2312//2312
f 2335//2335 2312//2312 2311//2311
f 2335//2335 2311//2311 2310//2310
f 2335//2335 2310//2310 2317//2317
f 2336//2336 2337//2337 2334//2334
f 2336//2336 2334//2334 2333//2333
f 2336//2336 2333//2333 2299//2299
f 2336//2336 2299//2299 2298//2298
f 2336//2336 2298//2298 2305//2305
f 2336//2336 2305//2305 2330//2330
f 2336//2336 2330//2330 2329//2329
f 2336//2336 2329//2329 2337//2337
f 2338//2338 2339//2339 2340//2340
f 2338//2338 2340//2340 2341//2341
f 2338//2338 2341//2341 2334//2334
f 2338//2338 2334//2334 2337//2337
f 2338//2338 2337//2337 2329//2329
f 2338//2338 2329//2329 2342//2342
f 2338//2338 2342//2342 2343//2343
f 2338//2338 2343//2343 2339//2339
f 2344//2344 2345//2345 2346//2346
f 2344//2344 2346//2346 2347//2347
f 2344//2344 2347//2347 2326//2326
f 2344//2344 2326//2326 2332//2332
f 2344//2344 2332//2332 2334//2334
f 2344//2344 2334//2334 2341//2341
f 2344//2344 2341//2341 2340//2340
f 2344//2344 2340//2340 2345//2345
f 2348//2348 2349//2349 2343//2343
f 2348//2348 2343//2343 2342//2342
f 2348//2348 2342//2342 2329//2329
f 2348//2348 2329//2329 2328//2328
f 2348//2348 2328//2328 2323//2323
f 2348//2348 2323//2323 2350//2350
f 2348//2348 2350//2350 2351//2351
f 2348//2348 2351//2351 2349//2349
f 2352//2352 2353//2353 2351//2351
f 2352//2352 2351//2351 2350//2350
f 2352//2352 2350//2350 2323//2323
f 2352//2352 2323//2323 2322//2322
f 2352//2352 2322//2322 2326//2326
f 2352//2352 2326//2326 2347//2347
f 2352//2352 2347//2347 2346//2346
f 2352//2352 2346//2346 2353//2353
f 2354//2354 2355//2355 2356//2356
f 2354//2354 2356//2356 2357//2357
f 2354//2354 2357//2357 2358//2358
f 2354//2354 2358//2358 2359//2359
f 2354//2354 2359//2359 2360//2360
f 2354//2354 2360//2360 2361//2361
f 2354//2354 2361//2361 2362//2362
f 2354//2354 2362//2362 2355//2355
f 2363//2363 2364//2364 2365//2365
f 2363//2363 2365//2365 2366//2366
f 2363//2363 2366//2366 2367//2367
f 2363//2363 2367//2367 2368//2368
f 2363//2363 2368//2368 2369//2369
f 2363//2363 2369//2369 2370//2370
f 2363//2363 2370//2370 2371//2371
f 2363//2363 2371//2371 2364//2364
f 2372//2372 2373//2373 2362//2362
f 2372//2372 2362//2362 2361//2361
f 2372//2372 2361//2361 2360//2360
f 2372//2372 2360//2360 2374//2374
f 2372//2372 2374//2374 2367//2367
f 2372//2372 2367//2367 2366//2366
f 2372//2372 2366//2366 2365//2365
f 2372//2372 2365//2365 2373//2373
f 2375//2375 2376//2376 2371//2371
f 2375//2375 2371//2371 2370//2370
f 2375//2375 2370//2370 2369//2369
f 2375//2375 2369//2369 2377//2377
f 2375//2375 2377//2377 2358//2358
f 2375//2375 2358//2358 2357//2357
f 2375//2375 2357//2357 2356//2356
f 2375//2375 2356//2356 2376//2376
f 2378//2378 2379//2379 2380//2380
f 2378//2378 2380//2380 2381//2381
f 2378//2378 2381//2381 2365//2365
f 2378//2378 2365//2365 2364//2364
f 2378//2378 2364//2364 2371//2371
f 2378//2378 2371//2371 2382//2382
f 2378//2378 2382//2382 2383//2383
f 2378//2378 2383//2383 2379//2379
f 2384//2384 2385//2385 2386//2386
f 2384//2384 2386//2386 2387//2387
f 2384//2384 2387//2387 2362//2362
f 2384//2384 2362//2362 2373//2373
f 2384//2384 2373//2373 2365//2365
f 2384//2384 2365//2365 2381//2381
f 2384//2384 2381//2381 2380//2380
f 2384//2384 2380//2380 2385//2385
f 2388//2388 2389//2389 2383//2383
f 2388//2388 2383//2383 2382//2382
f 2388//2388 2382//2382 2371//2371
f 2388//2388 2371//2371 2376//2376
f 2388//2388 2376//2376 2356//2356
f 2388//2388 2356//2356 2390//2390
f 2388//2388 2390//2390 2391//2391
f 2388//2388 2391//2391 2389//2389
f 2392//2392 2374//2374 2360//2360
f 2392//2392 2360//2360 2359//2359
f 2392//2392 2359//2359 2358//2358
f 2392//2392 2358//2358 2377//2377
f 2392//2392 2377//2377 2369//2369
f 2392//2392 2369//2369 2368//2368
f 2392//2392 2368//2368 2367//2367
f 2392//2392 2367//2367 2374//2374
f 2393//2393 2394//2394 2391//2391
f 2393//2393 2391//2391 2390//2390
f 2393//2393 2390//2390 2356//2356
f 2393//2393 2356//2356 2355//2355
f 2393//2393 2355//2355 2362//2362
f 2393//2393 2362//2362 2387//2387
f 2393//2393 2387//2387 2386//2386
f 2393//2393 2386//2386 2394//2394
f 2395//2395 2396//2396 2397//2397
f 2395//2395 2397//2397 2398//2398
f 2395//2395 2398//2398 2391//2391
f 2395//2395 2391//2391 2394//2394
f 2395//2395 2394//2394 2386//2386
f 2395//2395 2386//2386 2399//2399
f 2395//2395 2399//2399 2400//2400
f 2395//2395 2400//2400 2396//2396
f 2401//2401 2402//2402 2403//2403
f 2401//2401 2403//2403 2404//2404
f 2401//2401 2404//2404 2383//2383
f 2401//2401 2383//2383 2389//2389
f 2401//2401 2389//2389 2391//2391
f 2401//2401 2391//2391 2398//2398
f 2401//2401 2398//2398 2397//2397
f 2401//2401 2397//2397 2402//2402
f 2405//2405 2406//2406 2400//2400
f 2405//2405 2400//2400 2399//2399
f 2405//2405 2399//2399 2386//2386
f 2405//2405 2386//2386 2385//2385
f 2405//2405 2385//2385 2380//2380
f 2405//2405 2380//2380 2407//2407
f 2405//2405 2407//2407 2408//2408
f 2405//2405 2408//2408 2406//2406
f 2409//2409 2410//2410 2408//2408
f 2409//2409 2408//2408 2407//2407
f 2409//2409 2407//2407 2380//2380
f 2409//2409 2380//2380 2379//2379
f 2409//2409 2379//2379 2383//2383
f 2409//2409 2383//2383 2404//2404
f 2409//2409 2404//2404 2403//2403
f 2409//2409 2403//2403 2410//2410
f 2411//2411 2108//2108 2100//2100
f 2411//2411 2100//2100 2412//2412
f 2411//2411 2412//2412 2121//2121
f 2411//2411 2121//2121 2125//2125
f 2411//2411 2125//2125 2112//2112
f 2411//2411 2112//2112 2413//2413
f 2411//2411 2413//2413 2089//2089
f 2411//2411 2089//2089 2108//2108
f 2414//2414 2105//2105 2091//2091
f 2414//2414 2091//2091 2415//2415
f 2414//2414 2415//2415 2115//2115
f 2414//2414 2115//2115 2123//2123
f 2414//2414 2123//2123 2118//2118
f 2414//2414 2118//2118 2416//2416
f 2414//2414 2416//2416 2098//2098
f 2414//2414 2098//2098 2105//2105
f 2417//2417 2099//2099 2098//2098
f 2417//2417 2098//2098 2416//2416
f 2417//2417 2416//2416 2118//2118
f 2417//2417 2118//2118 2117//2117
f 2417//2417 2117//2117 2121//2121
f 2417//2417 2121//2121 2412//2412
f 2417//2417 2412//2412 2100//2100
f 2417//2417 2100//2100 2099//2099
f 2418//2418 2090//2090 2089//2089
f 2418//2418 2089//2089 2413//2413
f 2418//2418 2413//2413 2112//2112
f 2418//2418 2112//2112 2111//2111
f 2418//2418 2111//2111 2115//2115
f 2418//2418 2115//2115 2415//2415
f 2418//2418 2415//2415 2091//2091
f 2418//2418 2091//2091 2090//2090
f 2419//2419 1378//1378 1371//1371
f 2419//2419 1371//1371 2420//2420
f 2419//2419 2420//2420 2071//2071
f 2419//2419 2071//2071 2070//2070
f 2419//2419 2070//2070 2074//2074
f 2419//2419 2074//2074 2421//2421
f 2419//2419 2421//2421 1363//1363
f 2419//2419 1363//1363 1378//1378
f 2422//2422 1364//1364 1363//1363
f 2422//2422 1363//1363 2421//2421
f 2422//2422 2421//2421 2074//2074
f 2422//2422 2074//2074 2084//2084
f 2422//2422 2084//2084 2077//2077
f 2422//2422 2077//2077 2423//2423
f 2422//2422 2423//2423 1365//1365
f 2422//2422 1365//1365 1364//1364
f 2424//2424 1374//1374 1365//1365
f 2424//2424 1365//1365 2423//2423
f 2424//2424 2423//2423 2077//2077
f 2424//2424 2077//2077 2076//2076
f 2424//2424 2076//2076 2080//2080
f 2424//2424 2080//2080 2425//2425
f 2424//2424 2425//2425 1369//1369
f 2424//2424 1369//1369 1374//1374
f 2426//2426 1370//1370 1369//1369
f 2426//2426 1369//1369 2425//2425
f 2426//2426 2425//2425 2080//2080
f 2426//2426 2080//2080 2082//2082
f 2426//2426 2082//2082 2071//2071
f 2426//2426 2071//2071 2420//2420
f 2426//2426 2420//2420 1371//1371
f 2426//2426 1371//1371 1370//1370
f 2427//2427 2428//2428 2429//2429
f 2427//2427 2429//2429 2430//2430
f 2427//2427 2430//2430 2431//2431
f 2427//2427 2431//2431 2432//2432
f 2427//2427 2432//2432 2433//2433
f 2427//2427 2433//2433 2434//2434
f 2427//2427 2434//2434 2435//2435
f 2427//2427 2435//2435 2428//2428
f 2436//2436 2437//2437 2438//2438
f 2436//2436 2438//2438 2439//2439
f 2436//2436 2439//2439 2440//2440
f 2436//2436 2440//2440 2441//2441
f 2436//2436 2441//2441 2442//2442
f 2436//2436 2442//2442 2443//2443
f 2436//2436 2443//2443 2444//2444
f 2436//2436 2444//2444 2437//2437
f 2445//2445 2432//2432 2431//2431
f 2445//2445 2431//2431 2446//2446
f 2445//2445 2446//2446 2438//2438
f 2445//2445 2438//2438 2437//2437
f 2445//2445 2437//2437 2444//2444
f 2445//2445 2444//2444 2447//2447
f 2445//2445 2447//2447 2433//2433
f 2445//2445 2433//2433 2432//2432
f 2448//2448 2441//2441 2440//2440
f 2448//2448 2440//2440 2449//2449
f 2448//2448 2449//2449 2429//2429
f 2448//2448 2429//2429 2428//2428
f 2448//2448 2428//2428 2435//2435
f 2448//2448 2435//2435 2450//2450
f 2448//2448 2450//2450 2442//2442
f 2448//2448 2442//2442 2441//2441
f 2451//2451 2452//2452 2453//2453
f 2451//2451 2453//2453 2454//2454
f 2451//2451 2454//2454 2455//2455
f 2451//2451 2455//2455 2456//2456
f 2451//2451 2456//2456 2457//2457
f 2451//2451 2457//2457 2458//2458
f 2451//2451 2458//2458 2459//2459
f 2451//2451 2459//2459 2452//2452
f 2460//2460 2461//2461 2462//2462
f 2460//2460 2462//2462 2463//2463
f 2460//2460 2463//2463 2464//2464
f 2460//2460 2464//2464 2465//2465
f 2460//2460 2465//2465 2466//2466
f 2460//2460 2466//2466 2467//2467
f 2460//2460 2467//2467 2468//2468
f 2460//2460 2468//2468 2461//2461
f 2469//2469 2456//2456 2455//2455
f 2469//2469 2455//2455 2470//2470
f 2469//2469 2470//2470 2462//2462
f 2469//2469 2462//2462 2461//2461
f 2469//2469 2461//2461 2468//2468
f 2469//2469 2468//2468 2471//2471
f 2469//2469 2471//2471 2457//2457
f 2469//2469 2457//2457 2456//2456
f 2472//2472 2465//2465 2464//2464
f 2472//2472 2464//2464 2473//2473
f 2472//2472 2473//2473 2453//2453
f 2472//2472 2453//2453 2452//2452
f 2472//2472 2452//2452 2459//2459
f 2472//2472 2459//2459 2474//2474
f 2472//2472 2474//2474 2466//2466
f 2472//2472 2466//2466 2465//2465
f 2475//2475 2434//2434 2433//2433
f 2475//2475 2433//2433 2447//2447
f 2475//2475 2447//2447 2444//2444
f 2475//2475 2444//2444 2443//2443
f 2475//2475 2443//2443 2442//2442
f 2475//2475 2442//2442 2450//2450
f 2475//2475 2450//2450 2435//2435
f 2475//2475 2435//2435 2434//2434
f 2476//2476 2477//2477 2459//2459
f 2476//2476 2459//2459 2458//2458
f 2476//2476 2458//2458 2457//2457
f 2476//2476 2457//2457 2478//2478
f 2476//2476 2478//2478 2431//2431
f 2476//2476 2431//2431 2430//2430
f 2476//2476 2430//2430 2429//2429
f 2476//2476 2429//2429 2477//2477
f 2479//2479 2480//2480 2468//2468
f 2479//2479 2468//2468 2467//2467
f 2479//2479 2467//2467 2466//2466
f 2479//2479 2466//2466 2481//2481
f 2479//2479 2481//2481 2440//2440
f 2479//2479 2440//2440 2439//2439
f 2479//2479 2439//2439 2438//2438
f 2479//2479 2438//2438 2480//2480
f 2482//2482 2478//2478 2457//2457
f 2482//2482 2457//2457 2471//2471
f 2482//2482 2471//2471 2468//2468
f 2482//2482 2468//2468 2480//2480
f 2482//2482 2480//2480 2438//2438
f 2482//2482 2438//2438 2446//2446
f 2482//2482 2446//2446 2431//2431
f 2482//2482 2431//2431 2478//2478
f 2483//2483 2481//2481 2466//2466
f 2483//2483 2466//2466 2474//2474
f 2483//2483 2474//2474 2459//2459
f 2483//2483 2459//2459 2477//2477
f 2483//2483 2477//2477 2429//2429
f 2483//2483 2429//2429 2449//2449
f 2483//2483 2449//2449 2440//2440
f 2483//2483 2440//2440 2481//2481
f 2484//2484 2485//2485 2486//2486
f 2484//2484 2486//2486 2487//2487
f 2484//2484 2487//2487 2488//2488
f 2484//2484 2488//2488 2489//2489
f 2484//2484 2489//2489 2490//2490
f 2484//2484 2490//2490 2491//2491
f 2484//2484 2491//2491 2492//2492
f 2484//2484 2492//2492 2485//2485
f 2493//2493 2494//2494 2495//2495
f 2493//2493 2495//2495 2496//2496
f 2493//2493 2496//2496 2497//2497
f 2493//2493 2497//2497 2498//2498
f 2493//2493 2498//2498 2499//2499
f 2493//2493 2499//2499 2500//2500
f 2493//2493 2500//2500 2501//2501
f 2493//2493 2501//2501 2494//2494
f 2502//2502 2489//2489 2488//2488
f 2502//2502 2488//2488 2503//2503
f 2502//2502 2503//2503 2495//2495
f 2502//2502 2495//2495 2494//2494
f 2502//2502 2494//2494 2501//2501
f 2502//2502 2501//2501 2504//2504
f 2502//2502 2504//2504 2490//2490
f 2502//2502 2490//2490 2489//2489
f 2505//2505 2498//2498 2497//2497
f 2505//2505 2497//2497 2506//2506
f 2505//2505 2506//2506 2486//2486
f 2505//2505 2486//2486 2485//2485
f 2505//2505 2485//2485 2492//2492
f 2505//2505 2492//2492 2507//2507
f 2505//2505 2507//2507 2499//2499
f 2505//2505 2499//2499 2498//2498
f 2508//2508 2509//2509 2510//2510
f 2508//2508 2510//2510 2511//2511
f 2508//2508 2511//2511 2512//2512
f 2508//2508 2512//2512 2513//2513
f 2508//2508 2513//2513 2497//2497
f 2508//2508 2497//2497 2496//2496
f 2508//2508 2496//2496 2495//2495
f 2508//2508 2495//2495 2509//2509
f 2514//2514 2515//2515 2516//2516
f 2514//2514 2516//2516 2517//2517
f 2514//2514 2517//2517 2510//2510
f 2514//2514 2510//2510 2509//2509
f 2514//2514 2509//2509 2495//2495
f 2514//2514 2495//2495 2503//2503
f 2514//2514 2503//2503 2488//2488
f 2514//2514 2488//2488 2515//2515
f 2518//2518 2513//2513 2512//2512
f 2518//2518 2512//2512 2519//2519
f 2518//2518 2519//2519 2520//2520
f 2518//2518 2520//2520 2521//2521
f 2518//2518 2521//2521 2486//2486
f 2518//2518 2486//2486 2506//2506
f 2518//2518 2506//2506 2497//2497
f 2518//2518 2497//2497 2513//2513
f 2522//2522 2491//2491 2490//2490
f 2522//2522 2490//2490 2504//2504
f 2522//2522 2504//2504 2501//2501
f 2522//2522 2501//2501 2500//2500
f 2522//2522 2500//2500 2499//2499
f 2522//2522 2499//2499 2507//2507
f 2522//2522 2507//2507 2492//2492
f 2522//2522 2492//2492 2491//2491
f 2523//2523 2521//2521 2520//2520
f 2523//2523 2520//2520 2524//2524
f 2523//2523 2524//2524 2516//2516
f 2523//2523 2516//2516 2515//2515
f 2523//2523 2515//2515 2488//2488
f 2523//2523 2488//2488 2487//2487
f 2523//2523 2487//2487 2486//2486
f 2523//2523 2486//2486 2521//2521
f 2525//2525 2526//2526 2527//2527
f 2525//2525 2527//2527 2528//2528
f 2525//2525 2528//2528 2529//2529
f 2525//2525 2529//2529 2530//2530
f 2525//2525 2530//2530 2516//2516
f 2525//2525 2516//2516 2524//2524
f 2525//2525 2524//2524 2520//2520
f 2525//2525 2520//2520 2526//2526
f 2531//2531 2532//2532 2533//2533
f 2531//2531 2533//2533 2534//2534
f 2531//2531 2534//2534 2527//2527
f 2531//2531 2527//2527 2526//2526
f 2531//2531 2526//2526 2520//2520
f 2531//2531 2520//2520 2519//2519
f 2531//2531 2519//2519 2512//2512
f 2531//2531 2512//2512 2532//2532
f 2535//2535 2530//2530 2529//2529
f 2535//2535 2529//2529 2536//2536
f 2535//2535 2536//2536 2537//2537
f 2535//2535 2537//2537 2538//2538
f 2535//2535 2538//2538 2510//2510
f 2535//2535 2510//2510 2517//2517
f 2535//2535 2517//2517 2516//2516
f 2535//2535 2516//2516 2530//2530
f 2539//2539 2538//2538 2537//2537
f 2539//2539 2537//2537 2540//2540
f 2539//2539 2540//2540 2533//2533
f 2539//2539 2533//2533 2532//2532
f 2539//2539 2532//2532 2512//2512
f 2539//2539 2512//2512 2511//2511
f 2539//2539 2511//2511 2510//2510
f 2539//2539 2510//2510 2538//2538
f 2541//2541 2542//2542 2543//2543
f 2541//2541 2543//2543 2544//2544
f 2541//2541 2544//2544 2545//2545
f 2541//2541 2545//2545 2546//2546
f 2541//2541 2546//2546 2547//2547
f 2541//2541 2547//2547 2548//2548
f 2541//2541 2548//2548 2549//2549
f 2541//2541 2549//2549 2542//2542
f 2550//2550 2551//2551 2552//2552
f 2550//2550 2552//2552 2553//2553
f 2550//2550 2553//2553 2554//2554
f 2550//2550 2554//2554 2555//2555
f 2550//2550 2555//2555 2556//2556
f 2550//2550 2556//2556 2557//2557
f 2550//2550 2557//2557 2558//2558
f 2550//2550 2558//2558 2551//2551
f 2559//2559 2546//2546 2545//2545
f 2559//2559 2545//2545 2560//2560
f 2559//2559 2560//2560 2552//2552
f 2559//2559 2552//2552 2551//2551
f 2559//2559 2551//2551 2558//2558
f 2559//2559 2558//2558 2561//2561
f 2559//2559 2561//2561 2547//2547
f 2559//2559 2547//2547 2546//2546
f 2562//2562 2555//2555 2554//2554
f 2562//2562 2554//2554 2563//2563
f 2562//2562 2563//2563 2543//2543
f 2562//2562 2543//2543 2542//2542
f 2562//2562 2542//2542 2549//2549
f 2562//2562 2549//2549 2564//2564
f 2562//2562 2564//2564 2556//2556
f 2562//2562 2556//2556 2555//2555
f 2565//2565 2566//2566 2567//2567
f 2565//2565 2567//2567 2568//2568
f 2565//2565 2568//2568 2569//2569
f 2565//2565 2569//2569 2570//2570
f 2565//2565 2570//2570 2571//2571
f 2565//2565 2571//2571 2572//2572
f 2565//2565 2572//2572 2573//2573
f 2565//2565 2573//2573 2566//2566
f 2574//2574 2575//2575 2576//2576
f 2574//2574 2576//2576 2577//2577
f 2574//2574 2577//2577 2578//2578
f 2574//2574 2578//2578 2579//2579
f 2574//2574 2579//2579 2580//2580
f 2574//2574 2580//2580 2581//2581
f 2574//2574 2581//2581 2582//2582
f 2574//2574 2582//2582 2575//2575
f 2583//2583 2570//2570 2569//2569
f 2583//2583 2569//2569 2584//2584
f 2583//2583 2584//2584 2576//2576
f 2583//2583 2576//2576 2575//2575
f 2583//2583 2575//2575 2582//2582
f 2583//2583 2582//2582 2585//2585
f 2583//2583 2585//2585 2571//2571
f 2583//2583 2571//2571 2570//2570
f 2586//2586 2579//2579 2578//2578
f 2586//2586 2578//2578 2587//2587
f 2586//2586 2587//2587 2567//2567
f 2586//2586 2567//2567 2566//2566
f 2586//2586 2566//2566 2573//2573
f 2586//2586 2573//2573 2588//2588
f 2586//2586 2588//2588 2580//2580
f 2586//2586 2580//2580 2579//2579
f 2589//2589 2548//2548 2547//2547
f 2589//2589 2547//2547 2561//2561
f 2589//2589 2561//2561 2558//2558
f 2589//2589 2558//2558 2557//2557
f 2589//2589 2557//2557 2556//2556
f 2589//2589 2556//2556 2564//2564
f 2589//2589 2564//2564 2549//2549
f 2589//2589 2549//2549 2548//2548
f 2590//2590 2591//2591 2573//2573
f 2590//2590 2573//2573 2572//2572
f 2590//2590 2572//2572 2571//2571
f 2590//2590 2571//2571 2592//2592
f 2590//2590 2592//2592 2545//2545
f 2590//2590 2545//2545 2544//2544
f 2590//2590 2544//2544 2543//2543
f 2590//2590 2543//2543 2591//2591
f 2593//2593 2594//2594 2582//2582
f 2593//2593 2582//2582 2581//2581
f 2593//2593 2581//2581 2580//2580
f 2593//2593 2580//2580 2595//2595
f 2593//2593 2595//2595 2554//2554
f 2593//2593 2554//2554 2553//2553
f 2593//2593 2553//2553 2552//2552
f 2593//2593 2552//2552 2594//2594
f 2596//2596 2592//2592 2571//2571
f 2596//2596 2571//2571 2585//2585
f 2596//2596 2585//2585 2582//2582
f 2596//2596 2582//2582 2594//2594
f 2596//2596 2594//2594 2552//2552
f 2596//2596 2552//2552 2560//2560
f 2596//2596 2560//2560 2545//2545
f 2596//2596 2545//2545 2592//2592
f 2597//2597 2595//2595 2580//2580
f 2597//2597 2580//2580 2588//2588
f 2597//2597 2588//2588 2573//2573
f 2597//2597 2573//2573 2591//2591
f 2597//2597 2591//2591 2543//2543
f 2597//2597 2543//2543 2563//2563
f 2597//2597 2563//2563 2554//2554
f 2597//2597 2554//2554 2595//2595
f 2598//2598 2599//2599 2600//2600
f 2598//2598 2600//2600 2601//2601
f 2598//2598 2601//2601 2602//2602
f 2598//2598 2602//2602 2603//2603
f 2598//2598 2603//2603 2604//2604
f 2598//2598 2604//2604 2605//2605
f 2598//2598 2605//2605 2606//2606
f 2598//2598 2606//2606 2599//2599
f 2607//2607 2608//2608 2609//2609
f 2607//2607 2609//2609 2610//2610
f 2607//2607 2610//2610 2611//2611
f 2607//2607 2611//2611 2612//2612
f 2607//2607 2612//2612 2613//2613
f 2607//2607 2613//2613 2614//2614
f 2607//2607 2614//2614 2615//2615
f 2607//2607 2615//2615 2608//2608
f 2616//2616 2603//2603 2602//2602
f 2616//2616 2602//2602 2617//2617
f 2616//2616 2617//2617 2609//2609
f 2616//2616 2609//2609 2608//2608
f 2616//2616 2608//2608 2615//2615
f 2616//2616 2615//2615 2618//2618
f 2616//2616 2618//2618 2604//2604
f 2616//2616 2604//2604 2603//2603
f 2619//2619 2612//2612 2611//2611
f 2619//2619 2611//2611 2620//2620
f 2619//2619 2620//2620 2600//2600
f 2619//2619 2600//2600 2599//2599
f 2619//2619 2599//2599 2606//2606
f 2619//2619 2606//2606 2621//2621
f 2619//2619 2621//2621 2613//2613
f 2619//2619 2613//2613 2612//2612
f 2622//2622 2623//2623 2624//2624
f 2622//2622 2624//2624 2625//2625
f 2622//2622 2625//2625 2626//2626
f 2622//2622 2626//2626 2627//2627
f 2622//2622 2627//2627 2611//2611
f 2622//2622 2611//2611 2610//2610
f 2622//2622 2610//2610 2609//2609
f 2622//2622 2609//2609 2623//2623
f 2628//2628 2629//2629 2630//2630
f 2628//2628 2630//2630 2631//2631
f 2628//2628 2631//2631 2624//2624
f 2628//2628 2624//2624 2623//2623
f 2628//2628 2623//2623 2609//2609
f 2628//2628 2609//2609 2617//2617
f 2628//2628 2617//2617 2602//2602
f 2628//2628 2602//2602 2629//2629
f 2632//2632 2627//2627 2626//2626
f 2632//2632 2626//2626 2633//2633
f 2632//2632 2633//2633 2634//2634
f 2632//2632 2634//2634 2635//2635
f 2632//2632 2635//2635 2600//2600
f 2632//2632 2600//2600 2620//2620
f 2632//2632 2620//2620 2611//2611
f 2632//2632 2611//2611 2627//2627
f 2636//2636 2605//2605 2604//2604
f 2636//2636 2604//2604 2618//2618
f 2636//2636 2618//2618 2615//2615
f 2636//2636 2615//2615 2614//2614
f 2636//2636 2614//2614 2613//2613
f 2636//2636 2613//2613 2621//2621
f 2636//2636 2621//2621 2606//2606
f 2636//2636 2606//2606 2605//2605
f 2637//2637 2635//2635 2634//2634
f 2637//2637 2634//2634 2638//2638
f 2637//2637 2638//2638 2630//2630
f 2637//2637 2630//2630 2629//2629
f 2637//2637 2629//2629 2602//2602
f 2637//2637 2602//2602 2601//2601
f 2637//2637 2601//2601 2600//2600
f 2637//2637 2600//2600 2635//2635
f 2639//2639 2640//2640 2641//2641
f 2639//2639 2641//2641 2642//2642
f 2639//2639 2642//2642 2643//2643
f 2639//2639 2643//2643 2644//2644
f 2639//2639 2644//2644 2630//2630
f 2639//2639 2630//2630 2638//2638
f 2639//2639 2638//2638 2634//2634
f 2639//2639 2634//2634 2640//2640
f 2645//2645 2646//2646 2647//2647
f 2645//2645 2647//2647 2648//2648
f 2645//2645 2648//2648 2641//2641
f 2645//2645 2641//2641 2640//2640
f 2645//2645 2640//2640 2634//2634
f 2645//2645 2634//2634 2633//2633
f 2645//2645 2633//2633 2626//2626
f 2645//2645 2626//2626 2646//2646
f 2649//2649 2644//2644 2643//2643
f 2649//2649 2643//2643 2650//2650
f 2649//2649 2650//2650 2651//2651
f 2649//2649 2651//2651 2652//2652
f 2649//2649 2652//2652 2624//2624
f 2649//2649 2624//2624 2631//2631
f 2649//2649 2631//2631 2630//2630
f 2649//2649 2630//2630 2644//2644
f 2653//2653 2652//2652 2651//2651
f 2653//2653 2651//2651 2654//2654
f 2653//2653 2654//2654 2647//2647
f 2653//2653 2647//2647 2646//2646
f 2653//2653 2646//2646 2626//2626
f 2653//2653 2626//2626 2625//2625
f 2653//2653 2625//2625 2624//2624
f 2653//2653 2624//2624 2652//2652
f 2655//2655 2656//2656 1343//1343
f 2655//2655 1343//1343 1342//1342
f 2655//2655 1342//1342 1341//1341
f 2655//2655 1341//1341 2657//2657
f 2655//2655 2657//2657 1237//1237
f 2655//2655 1237//1237 1257//1257
f 2655//2655 1257//1257 1248//1248
f 2655//2655 1248//1248 2656//2656
f 2658//2658 2659//2659 1352//1352
f 2658//2658 1352//1352 1351//1351
f 2658//2658 1351//1351 1350//1350
f 2658//2658 1350//1350 2660//2660
f 2658//2658 2660//2660 1246//1246
f 2658//2658 1246//1246 1254//1254
f 2658//2658 1254//1254 1239//1239
f 2658//2658 1239//1239 2659//2659
f 2661//2661 2660//2660 1350//1350
f 2661//2661 1350//1350 1355//1355
f 2661//2661 1355//1355 1343//1343
f 2661//2661 1343//1343 2656//2656
f 2661//2661 2656//2656 1248//1248
f 2661//2661 1248//1248 1247//1247
f 2661//2661 1247//1247 1246//1246
f 2661//2661 1246//1246 2660//2660
f 2662//2662 2657//2657 1341//1341
f 2662//2662 1341//1341 1358//1358
f 2662//2662 1358//1358 1352//1352
f 2662//2662 1352//1352 2659//2659
f 2662//2662 2659//2659 1239//1239
f 2662//2662 1239//1239 1238//1238
f 2662//2662 1238//1238 1237//1237
f 2662//2662 1237//1237 2657//2657
