# RedwoodYoung_C -- composed by tools/bake-assets.mjs from the CC0 packs in vendor/.
# Geometry is theirs; the arrangement is ours. Do not edit by hand.
mtllib RedwoodYoung_C.mtl
o RedwoodYoung_C
v -0.00709 0.38073 -0.00442
v -0.00922 0.26876 -0.00421
v -0.00747 0.26098 -0.00485
v -0.00541 0.37393 -0.00501
v -0.00295 0.49048 -0.00515
v -0.00462 0.49503 -0.00461
v -0.00628 0.49958 -0.00524
v -0.00877 0.38754 -0.00510
v -0.01096 0.27655 -0.00495
v -0.00709 0.38073 -0.00949
v -0.00922 0.26876 -0.00970
v -0.01096 0.27655 -0.00896
v -0.00877 0.38754 -0.00881
v -0.00628 0.49958 -0.00867
v -0.00462 0.49503 -0.00930
v -0.00295 0.49048 -0.00876
v -0.00541 0.37393 -0.00890
v -0.00747 0.26098 -0.00906
v -0.00934 0.38980 -0.00696
v -0.01154 0.27914 -0.00696
v -0.00684 0.50109 -0.00696
v -0.00485 0.37167 -0.00696
v -0.00689 0.25838 -0.00696
v -0.00239 0.48897 -0.00696
v 0.01587 0.90247 -0.00696
v 0.01102 0.82030 -0.00696
v 0.01137 0.81889 -0.00583
v 0.01615 0.90106 -0.00602
v 0.01854 0.93812 -0.00630
v 0.01913 0.95257 -0.00696
v 0.01854 0.93812 -0.00761
v 0.01615 0.90106 -0.00790
v 0.01137 0.81889 -0.00809
v 0.01811 0.89118 -0.00696
v 0.01381 0.80896 -0.00696
v 0.01346 0.81038 -0.00814
v 0.01783 0.89259 -0.00794
v 0.01968 0.93186 -0.00763
v 0.02058 0.94413 -0.00696
v 0.01968 0.93186 -0.00628
v 0.01783 0.89259 -0.00597
v 0.01346 0.81038 -0.00577
v 0.01699 0.89683 -0.00567
v 0.01242 0.81463 -0.00541
v 0.01985 0.94835 -0.00610
v 0.01699 0.89683 -0.00824
v 0.01242 0.81463 -0.00850
v 0.01985 0.94835 -0.00781
v -0.00247 0.55299 -0.00924
v -0.00412 0.55699 -0.00862
v -0.00083 0.61023 -0.00855
v 0.00073 0.60601 -0.00914
v 0.00229 0.60179 -0.00863
v -0.00081 0.54899 -0.00871
v -0.00247 0.55299 -0.00468
v -0.00081 0.54899 -0.00520
v 0.00229 0.60179 -0.00528
v 0.00073 0.60601 -0.00477
v -0.00083 0.61023 -0.00536
v -0.00412 0.55699 -0.00529
v -0.00026 0.54766 -0.00696
v 0.00281 0.60038 -0.00696
v -0.00467 0.55833 -0.00696
v -0.00136 0.61164 -0.00696
v 0.02081 0.96553 -0.00696
v 0.00634 0.70546 -0.00885
v 0.00502 0.70974 -0.00834
v 0.00767 0.70118 -0.00841
v 0.00634 0.70546 -0.00506
v 0.00767 0.70118 -0.00550
v 0.00502 0.70974 -0.00557
v 0.00811 0.69976 -0.00696
v 0.00457 0.71116 -0.00696
v -0.00196 0.91133 0.00914
v -0.00238 0.83180 0.00577
v -0.00158 0.82921 0.00645
v -0.00130 0.90896 0.00970
v -0.00109 0.94670 0.01097
v -0.00149 0.96133 0.01114
v -0.00167 0.95061 0.01001
v -0.00213 0.91458 0.00832
v -0.00258 0.83597 0.00479
v 0.00006 0.91486 0.00808
v 0.00004 0.83808 0.00459
v -0.00079 0.84084 0.00387
v -0.00063 0.91737 0.00749
v -0.00063 0.95213 0.00943
v -0.00014 0.96283 0.01039
v -0.00003 0.94809 0.01042
v 0.00024 0.91147 0.00894
v 0.00026 0.83374 0.00561
v -0.00039 0.90925 0.00955
v -0.00049 0.83032 0.00631
v -0.00044 0.95953 0.01139
v -0.00152 0.91693 0.00767
v -0.00186 0.83956 0.00405
v -0.00119 0.96464 0.01014
v -0.00312 0.59134 -0.00735
v -0.00343 0.56137 -0.00853
v -0.00449 0.55373 -0.00754
v -0.00418 0.58399 -0.00635
v -0.00377 0.63601 -0.00414
v -0.00275 0.64269 -0.00512
v -0.00125 0.64612 -0.00529
v -0.00155 0.59529 -0.00752
v -0.00187 0.56559 -0.00868
v -0.00110 0.57770 -0.00401
v -0.00142 0.54772 -0.00519
v -0.00032 0.55511 -0.00612
v -0.00000 0.58481 -0.00495
v 0.00023 0.63608 -0.00284
v -0.00083 0.62963 -0.00192
v -0.00236 0.62645 -0.00181
v -0.00270 0.57400 -0.00391
v -0.00302 0.54375 -0.00510
v -0.00033 0.59189 -0.00642
v -0.00065 0.56229 -0.00758
v -0.00009 0.64275 -0.00425
v -0.00388 0.57715 -0.00495
v -0.00420 0.54680 -0.00614
v -0.00349 0.62958 -0.00279
v -0.00077 0.97841 0.01148
v -0.00230 0.73679 -0.00077
v -0.00318 0.73156 0.00010
v -0.00100 0.73920 -0.00094
v -0.00063 0.72548 0.00200
v 0.00028 0.73051 0.00118
v -0.00196 0.72328 0.00213
v 0.00001 0.73609 -0.00005
v -0.00294 0.72618 0.00128
v -0.00637 0.09922 -0.00696
v -0.00523 0.00000 -0.00793
v -0.00651 0.00040 -0.01188
v -0.00728 0.09928 -0.00980
v -0.00835 0.17721 -0.00932
v -0.00762 0.17697 -0.00696
v -0.00835 0.17721 -0.00459
v -0.00728 0.09928 -0.00411
v -0.00651 0.00040 -0.00396
v -0.01366 0.09967 -0.00696
v -0.01538 0.00324 -0.00784
v -0.01412 0.00283 -0.00411
v -0.01275 0.09962 -0.00424
v -0.01273 0.17867 -0.00470
v -0.01346 0.17892 -0.00696
v -0.01273 0.17867 -0.00921
v -0.01275 0.09962 -0.00967
v -0.01412 0.00283 -0.01159
v -0.01001 0.09945 -0.01066
v -0.01033 0.00162 -0.01302
v -0.01054 0.17794 -0.01004
v -0.01001 0.09945 -0.00325
v -0.01033 0.00162 -0.00275
v -0.01054 0.17794 -0.00387
v -0.00781 0.21175 -0.00696
v -0.00844 0.21326 -0.00914
v -0.00844 0.21326 -0.00477
v -0.01284 0.22380 -0.00696
v -0.01221 0.22229 -0.00488
v -0.01221 0.22229 -0.00904
v -0.01032 0.21777 -0.00980
v -0.01032 0.21777 -0.00411
v -0.02960 0.53118 -0.00647
v -0.02518 0.49247 -0.00697
v -0.02528 0.48991 -0.00628
v -0.02972 0.52934 -0.00589
v -0.03166 0.54881 -0.00572
v -0.03228 0.55627 -0.00604
v -0.03131 0.55258 -0.00634
v -0.02926 0.53501 -0.00678
v -0.02482 0.49743 -0.00734
v -0.02876 0.53911 -0.00542
v -0.02417 0.50202 -0.00571
v -0.02405 0.50476 -0.00638
v -0.02862 0.54110 -0.00598
v -0.03087 0.55675 -0.00579
v -0.03172 0.56154 -0.00535
v -0.03123 0.55285 -0.00519
v -0.02911 0.53514 -0.00513
v -0.02455 0.49689 -0.00536
v -0.02886 0.53902 -0.00653
v -0.02435 0.50237 -0.00703
v -0.03176 0.56129 -0.00609
v -0.02950 0.53127 -0.00536
v -0.02500 0.49212 -0.00565
v -0.03224 0.55653 -0.00530
v -0.01108 0.36806 -0.00841
v -0.00945 0.35283 -0.00842
v -0.00947 0.34796 -0.00743
v -0.01112 0.36332 -0.00741
v -0.01401 0.38955 -0.00725
v -0.01396 0.39393 -0.00821
v -0.01355 0.40167 -0.00872
v -0.01068 0.37633 -0.00894
v -0.00907 0.36122 -0.00895
v -0.00960 0.38215 -0.00655
v -0.00797 0.36692 -0.00656
v -0.00792 0.37204 -0.00752
v -0.00954 0.38715 -0.00751
v -0.01245 0.41204 -0.00735
v -0.01253 0.40742 -0.00643
v -0.01296 0.39942 -0.00595
v -0.01003 0.37363 -0.00605
v -0.00838 0.35827 -0.00607
v -0.01003 0.38395 -0.00847
v -0.00842 0.36889 -0.00848
v -0.01292 0.40892 -0.00827
v -0.01065 0.36627 -0.00648
v -0.00899 0.35086 -0.00650
v -0.01357 0.39243 -0.00636
v -0.03294 0.56683 -0.00561
v -0.01931 0.44106 -0.00764
v -0.01939 0.43753 -0.00681
v -0.01892 0.44751 -0.00809
v -0.01808 0.45274 -0.00610
v -0.01797 0.45649 -0.00690
v -0.01848 0.44608 -0.00568
v -0.01837 0.45370 -0.00771
v -0.01902 0.44011 -0.00603
v -0.01624 0.90220 0.00115
v -0.01364 0.88515 0.00103
v -0.01374 0.88298 0.00151
v -0.01635 0.90041 0.00157
v -0.01806 0.91290 0.00164
v -0.01860 0.91800 0.00138
v -0.01781 0.91640 0.00121
v -0.01601 0.90559 0.00095
v -0.01341 0.88915 0.00081
v -0.01578 0.90862 0.00204
v -0.01311 0.89244 0.00204
v -0.01300 0.89474 0.00158
v -0.01566 0.91052 0.00163
v -0.01756 0.91978 0.00167
v -0.01829 0.92227 0.00197
v -0.01782 0.91618 0.00209
v -0.01601 0.90511 0.00222
v -0.01335 0.88831 0.00225
v -0.01578 0.90894 0.00119
v -0.01315 0.89299 0.00108
v -0.01827 0.92236 0.00140
v -0.01624 0.90188 0.00200
v -0.01360 0.88460 0.00199
v -0.01862 0.91790 0.00194
v -0.01170 0.88208 0.00210
v -0.00977 0.86371 0.00230
v -0.00965 0.86647 0.00177
v -0.01159 0.88458 0.00161
v -0.01195 0.87765 0.00231
v -0.01004 0.85892 0.00253
v -0.01175 0.88276 0.00107
v -0.00983 0.86458 0.00120
v -0.01014 0.86022 0.00088
v -0.01203 0.87867 0.00078
v -0.01221 0.87370 0.00204
v -0.01033 0.85471 0.00224
v -0.01236 0.87202 0.00153
v -0.01050 0.85297 0.00169
v -0.01926 0.92504 0.00170
v -0.01226 0.87438 0.00102
v -0.01040 0.85558 0.00114
v -0.00631 0.81443 0.00139
v -0.00111 0.76212 0.00171
v -0.00124 0.75831 0.00246
v -0.00642 0.81129 0.00202
v -0.00600 0.81984 0.00110
v -0.00074 0.76851 0.00137
v -0.00622 0.81317 0.00267
v -0.00098 0.76036 0.00321
v -0.00055 0.76587 0.00362
v -0.00586 0.81796 0.00301
v -0.00563 0.82479 0.00146
v -0.00030 0.77421 0.00180
v -0.00541 0.82683 0.00213
v -0.00002 0.77644 0.00259
v -0.00554 0.82353 0.00274
v -0.00017 0.77245 0.00330
v 0.02948 0.82216 -0.00738
v 0.02668 0.80823 -0.00744
v 0.02645 0.81160 -0.00710
v 0.02930 0.82525 -0.00708
v 0.03127 0.83385 -0.00702
v 0.03204 0.83509 -0.00721
v 0.03153 0.82890 -0.00722
v 0.02971 0.81828 -0.00739
v 0.02697 0.80397 -0.00745
v 0.02968 0.81904 -0.00623
v 0.02690 0.80468 -0.00614
v 0.02713 0.80125 -0.00645
v 0.02986 0.81589 -0.00651
v 0.03163 0.82727 -0.00662
v 0.03217 0.83302 -0.00645
v 0.03137 0.83226 -0.00643
v 0.02945 0.82297 -0.00625
v 0.02661 0.80900 -0.00615
v 0.02985 0.81592 -0.00700
v 0.02714 0.80133 -0.00700
v 0.03226 0.83081 -0.00695
v 0.02931 0.82528 -0.00662
v 0.02645 0.81158 -0.00657
v 0.03194 0.83730 -0.00670
v 0.02526 0.79800 -0.00610
v 0.02262 0.79102 -0.00607
v 0.02290 0.78712 -0.00643
v 0.02552 0.79440 -0.00643
v 0.02495 0.80256 -0.00611
v 0.02228 0.79596 -0.00609
v 0.02552 0.79451 -0.00702
v 0.02292 0.78726 -0.00706
v 0.02273 0.79032 -0.00758
v 0.02534 0.79731 -0.00749
v 0.02477 0.80529 -0.00656
v 0.02210 0.79894 -0.00658
v 0.02478 0.80533 -0.00713
v 0.02212 0.79900 -0.00719
v 0.03294 0.83854 -0.00684
v 0.02503 0.80180 -0.00748
v 0.02240 0.79518 -0.00757
v 0.01663 0.78072 -0.00776
v 0.00929 0.76232 -0.00800
v 0.00888 0.76755 -0.00749
v 0.01629 0.78516 -0.00732
v 0.01701 0.77504 -0.00777
v 0.00974 0.75560 -0.00800
v 0.01625 0.78504 -0.00662
v 0.00881 0.76736 -0.00667
v 0.00902 0.76315 -0.00600
v 0.01644 0.78151 -0.00605
v 0.01721 0.77142 -0.00717
v 0.00996 0.75128 -0.00730
v 0.01717 0.77121 -0.00643
v 0.00988 0.75098 -0.00644
v 0.01683 0.77574 -0.00603
v 0.00948 0.75631 -0.00596
v 0.00962 0.96362 -0.00738
v 0.01003 0.93393 -0.00744
v 0.00962 0.93307 -0.00710
v 0.00925 0.96310 -0.00708
v 0.00907 0.98349 -0.00702
v 0.00922 0.99077 -0.00721
v 0.00965 0.98412 -0.00722
v 0.01008 0.96431 -0.00739
v 0.01055 0.93498 -0.00745
v 0.00999 0.96428 -0.00623
v 0.01046 0.93466 -0.00614
v 0.01088 0.93554 -0.00645
v 0.01037 0.96482 -0.00651
v 0.00985 0.98447 -0.00662
v 0.00947 0.99121 -0.00645
v 0.00926 0.98383 -0.00643
v 0.00952 0.96358 -0.00625
v 0.00993 0.93360 -0.00615
v 0.01036 0.96476 -0.00700
v 0.01087 0.93558 -0.00700
v 0.00972 0.99130 -0.00695
v 0.00924 0.96314 -0.00662
v 0.00962 0.93301 -0.00657
v 0.00896 0.99068 -0.00670
v 0.01055 0.91778 -0.00610
v 0.01033 0.89188 -0.00607
v 0.01081 0.89304 -0.00643
v 0.01100 0.91880 -0.00643
v 0.00999 0.91657 -0.00611
v 0.00972 0.89060 -0.00609
v 0.01099 0.91890 -0.00702
v 0.01081 0.89324 -0.00706
v 0.01044 0.89264 -0.00758
v 0.01065 0.91827 -0.00749
v 0.00966 0.91595 -0.00656
v 0.00937 0.89001 -0.00658
v 0.00966 0.91606 -0.00713
v 0.00937 0.89022 -0.00719
v 0.00919 1.00000 -0.00684
v 0.01010 0.91708 -0.00748
v 0.00984 0.89137 -0.00757
v 0.00928 0.83512 -0.00776
v 0.00857 0.76361 -0.00800
v 0.00791 0.76181 -0.00749
v 0.00873 0.83369 -0.00732
v 0.00998 0.83658 -0.00777
v 0.00939 0.76530 -0.00800
v 0.00872 0.83325 -0.00662
v 0.00790 0.76108 -0.00667
v 0.00839 0.76150 -0.00600
v 0.00914 0.83377 -0.00605
v 0.01041 0.83710 -0.00717
v 0.00990 0.76572 -0.00730
v 0.01041 0.83666 -0.00643
v 0.00990 0.76498 -0.00644
v 0.00985 0.83523 -0.00603
v 0.00923 0.76319 -0.00596
v -0.01965 0.63542 -0.00725
v -0.01898 0.60749 -0.00731
v -0.01936 0.60632 -0.00698
v -0.02000 0.63461 -0.00697
v -0.02036 0.65389 -0.00690
v -0.02029 0.66094 -0.00709
v -0.01981 0.65498 -0.00710
v -0.01922 0.63647 -0.00726
v -0.01849 0.60893 -0.00731
v -0.01930 0.63637 -0.00615
v -0.01858 0.60855 -0.00606
v -0.01818 0.60974 -0.00636
v -0.01895 0.63720 -0.00641
v -0.01962 0.65548 -0.00652
v -0.02006 0.66157 -0.00636
v -0.02018 0.65437 -0.00634
v -0.01974 0.63531 -0.00616
v -0.01907 0.60709 -0.00607
v -0.01895 0.63714 -0.00688
v -0.01819 0.60977 -0.00689
v -0.01982 0.66187 -0.00684
v -0.02000 0.63465 -0.00652
v -0.01936 0.60627 -0.00648
v -0.02053 0.66064 -0.00660
v -0.01833 0.59255 -0.00602
v -0.01829 0.56769 -0.00600
v -0.01784 0.56920 -0.00634
v -0.01791 0.59390 -0.00634
v -0.01885 0.59093 -0.00604
v -0.01886 0.56596 -0.00602
v -0.01792 0.59399 -0.00690
v -0.01785 0.56939 -0.00695
v -0.01820 0.56851 -0.00744
v -0.01824 0.59309 -0.00736
v -0.01916 0.59005 -0.00647
v -0.01919 0.56509 -0.00648
v -0.01916 0.59016 -0.00701
v -0.01919 0.56530 -0.00707
v -0.02041 0.66971 -0.00673
v -0.01875 0.59149 -0.00735
v -0.01875 0.56679 -0.00743
v -0.01875 0.51274 -0.00761
v -0.01876 0.44402 -0.00784
v -0.01937 0.44175 -0.00736
v -0.01927 0.51091 -0.00719
v -0.01810 0.51472 -0.00762
v -0.01799 0.44633 -0.00785
v -0.01927 0.51048 -0.00652
v -0.01937 0.44104 -0.00657
v -0.01890 0.44187 -0.00593
v -0.01888 0.51133 -0.00598
v -0.01770 0.51558 -0.00705
v -0.01751 0.44716 -0.00717
v -0.01769 0.51516 -0.00634
v -0.01750 0.44645 -0.00635
v -0.01822 0.51332 -0.00595
v -0.01812 0.44418 -0.00589
vn -0.0204 0.0189 0.9996
vn -0.0142 0.0210 0.9997
vn 0.7123 -0.1199 0.6915
vn 0.7033 -0.1220 0.7004
vn 0.6744 -0.1752 0.7173
vn -0.0312 0.0209 0.9993
vn -0.6970 0.2030 0.6877
vn -0.7100 0.1492 0.6882
vn -0.7116 0.1527 0.6858
vn -0.0204 0.0189 -0.9996
vn -0.0142 0.0210 -0.9997
vn -0.7116 0.1527 -0.6858
vn -0.7100 0.1492 -0.6882
vn -0.6970 0.2030 -0.6877
vn -0.0312 0.0209 -0.9993
vn 0.6744 -0.1752 -0.7173
vn 0.7033 -0.1220 -0.7004
vn 0.7123 -0.1199 -0.6915
vn -0.9802 0.1979 0.0000
vn -0.9797 0.2006 0.0000
vn -0.9618 0.2739 0.0000
vn 0.9837 -0.1798 0.0000
vn 0.9845 -0.1755 0.0000
vn 0.9659 -0.2590 0.0000
vn -0.8604 0.5097 0.0000
vn -0.8730 0.4878 0.0000
vn -0.6218 0.3577 0.6967
vn -0.6070 0.3784 0.6988
vn -0.5810 0.4171 0.6989
vn -0.7060 0.7082 0.0000
vn -0.5810 0.4171 -0.6989
vn -0.6070 0.3784 -0.6988
vn -0.6218 0.3577 -0.6967
vn 0.9076 -0.4198 0.0000
vn 0.8966 -0.4429 0.0000
vn 0.6365 -0.3033 -0.7091
vn 0.6487 -0.2801 -0.7077
vn 0.6699 -0.2379 -0.7033
vn 0.9820 -0.1887 0.0000
vn 0.6699 -0.2379 0.7033
vn 0.6487 -0.2801 0.7077
vn 0.6365 -0.3033 0.7091
vn 0.0071 0.0550 0.9985
vn -0.0089 0.0346 0.9994
vn 0.1454 0.2584 0.9550
vn 0.0071 0.0550 -0.9985
vn -0.0089 0.0346 -0.9994
vn 0.1454 0.2584 -0.9550
vn -0.0325 0.0320 -0.9990
vn -0.6583 0.3131 -0.6846
vn -0.6199 0.3647 -0.6948
vn -0.0110 0.0278 -0.9996
vn 0.6303 -0.3243 -0.7054
vn 0.6342 -0.2757 -0.7224
vn -0.0325 0.0320 0.9990
vn 0.6342 -0.2757 0.7224
vn 0.6303 -0.3243 0.7054
vn -0.0110 0.0278 0.9996
vn -0.6199 0.3647 0.6948
vn -0.6583 0.3131 0.6846
vn 0.9129 -0.4081 0.0000
vn 0.8846 -0.4663 0.0000
vn -0.9069 0.4213 0.0000
vn -0.8662 0.4997 0.0000
vn 0.4657 0.8850 0.0000
vn -0.0102 0.0341 -0.9994
vn -0.6227 0.3594 -0.6950
vn 0.6359 -0.3067 -0.7082
vn -0.0102 0.0341 0.9994
vn 0.6359 -0.3067 0.7082
vn -0.6227 0.3594 0.6950
vn 0.8948 -0.4465 0.0000
vn -0.8719 0.4896 0.0000
vn -0.8721 -0.1196 0.4745
vn -0.8736 -0.1430 0.4652
vn -0.2887 -0.3359 0.8966
vn -0.2840 -0.3128 0.9064
vn -0.2785 -0.2692 0.9219
vn -0.8275 0.1162 0.5494
vn -0.9557 0.2155 -0.2006
vn -0.9611 0.1718 -0.2160
vn -0.9638 0.1473 -0.2225
vn 0.8746 0.2134 -0.4355
vn 0.8748 0.1899 -0.4458
vn 0.2732 0.3889 -0.8798
vn 0.2745 0.4126 -0.8686
vn 0.2769 0.4546 -0.8466
vn 0.8439 0.4272 -0.3247
vn 0.9585 -0.0332 0.2832
vn 0.9602 -0.0782 0.2681
vn 0.9603 -0.1029 0.2592
vn 0.4681 -0.3014 0.8307
vn 0.4639 -0.3261 0.8237
vn 0.4773 -0.0562 0.8770
vn -0.4994 0.3910 -0.7731
vn -0.5045 0.3670 -0.7815
vn -0.4482 0.6061 -0.6571
vn -0.5007 0.3500 -0.7917
vn -0.5633 0.3363 -0.7547
vn -0.9788 0.1488 -0.1411
vn -0.9633 0.1646 -0.2120
vn -0.9640 0.1529 -0.2175
vn -0.5037 0.3608 -0.7850
vn 0.2782 0.3685 -0.8870
vn 0.2828 0.3315 -0.9001
vn 0.2178 0.3200 -0.9220
vn 0.4681 -0.3434 0.8143
vn 0.4015 -0.3542 0.8446
vn 0.9406 -0.1973 0.2761
vn 0.9619 -0.1546 0.2256
vn 0.9617 -0.1207 0.2460
vn 0.4649 -0.3324 0.8206
vn -0.2908 -0.3289 0.8985
vn -0.2907 -0.3167 0.9029
vn -0.3595 -0.2945 0.8855
vn 0.8722 0.1213 -0.4738
vn 0.8697 0.0918 -0.4850
vn 0.8744 0.1657 -0.4560
vn -0.8712 -0.1078 0.4790
vn -0.8700 -0.0949 0.4839
vn -0.8728 -0.1304 0.4703
vn 0.0244 0.9231 0.3838
vn -0.5054 0.3659 -0.7815
vn -0.9643 0.1474 -0.2200
vn 0.2744 0.3858 -0.8808
vn 0.4630 -0.3272 0.8237
vn 0.9607 -0.1054 0.2568
vn -0.2908 -0.3346 0.8964
vn 0.8748 0.1862 -0.4473
vn -0.8735 -0.1411 0.4660
vn 0.9874 0.1581 0.0000
vn 0.9859 0.1671 0.0000
vn 0.7149 0.1482 -0.6834
vn 0.6977 0.1394 -0.7027
vn 0.7053 0.0912 -0.7030
vn 0.9953 0.0973 0.0000
vn 0.7053 0.0912 0.7030
vn 0.6977 0.1394 0.7027
vn 0.7149 0.1482 0.6834
vn -1.0000 0.0094 0.0000
vn -1.0000 -0.0028 0.0000
vn -0.6969 0.0254 0.7167
vn -0.7181 0.0314 0.6952
vn -0.7287 0.0735 0.6809
vn -0.9972 0.0746 0.0000
vn -0.7287 0.0735 -0.6809
vn -0.7181 0.0314 -0.6952
vn -0.6969 0.0254 -0.7167
vn -0.0234 0.0764 -0.9968
vn 0.0051 0.0799 -0.9968
vn -0.0305 0.0689 -0.9972
vn -0.0234 0.0764 0.9968
vn 0.0051 0.0799 0.9968
vn -0.0305 0.0689 0.9972
vn 0.9978 -0.0666 0.0000
vn 0.7069 -0.0355 -0.7064
vn 0.7069 -0.0355 0.7064
vn -0.9849 0.1730 0.0000
vn -0.7252 0.1371 0.6748
vn -0.7252 0.1371 -0.6748
vn -0.0323 0.0428 -0.9986
vn -0.0323 0.0428 0.9986
vn -0.5758 -0.5053 -0.6427
vn -0.5591 -0.5252 -0.6416
vn -0.6788 -0.7303 0.0763
vn -0.6974 -0.7129 0.0740
vn -0.7300 -0.6796 0.0733
vn -0.7238 -0.3057 -0.6186
vn -0.1643 0.0658 -0.9842
vn -0.1310 0.0327 -0.9908
vn -0.1122 0.0146 -0.9936
vn 0.4826 0.5539 0.6785
vn 0.5002 0.5350 0.6808
vn 0.6394 0.7668 -0.0553
vn 0.6191 0.7834 -0.0544
vn 0.5812 0.8120 -0.0535
vn 0.2885 0.7075 0.6451
vn 0.0108 0.0618 0.9980
vn 0.0433 0.0284 0.9987
vn 0.0596 0.0088 0.9982
vn 0.3651 0.5615 -0.7426
vn 0.3846 0.5450 -0.7450
vn 0.1699 0.6980 -0.6957
vn -0.4409 -0.4941 0.7493
vn -0.4224 -0.5114 0.7484
vn -0.6076 -0.3067 0.7326
vn -0.5427 -0.5357 -0.6469
vn -0.5704 -0.5725 -0.5890
vn -0.6926 -0.7048 0.1538
vn -0.6930 -0.7164 0.0804
vn -0.6838 -0.7254 0.0792
vn -0.5534 -0.5293 -0.6431
vn -0.0925 0.0045 -0.9957
vn -0.0594 -0.0169 -0.9981
vn -0.0876 -0.0803 -0.9929
vn 0.5170 0.5250 0.6761
vn 0.4850 0.4838 0.7285
vn 0.7031 0.7111 -0.0059
vn 0.6835 0.7266 -0.0707
vn 0.6552 0.7529 -0.0623
vn 0.5061 0.5311 0.6796
vn 0.0527 0.0116 0.9985
vn 0.0427 0.0199 0.9989
vn -0.0151 -0.0268 0.9995
vn 0.4396 0.4954 -0.7493
vn 0.4623 0.4734 -0.7498
vn 0.4043 0.5277 -0.7470
vn -0.4500 -0.4854 0.7496
vn -0.4599 -0.4757 0.7498
vn -0.4324 -0.5021 0.7489
vn -0.7457 0.6630 0.0658
vn -0.5587 -0.5264 -0.6409
vn -0.6794 -0.7295 0.0786
vn -0.1089 0.0134 -0.9940
vn 0.5006 0.5338 0.6815
vn 0.6418 0.7647 -0.0568
vn 0.0573 0.0078 0.9983
vn 0.3876 0.5424 -0.7454
vn -0.4240 -0.5100 0.7485
vn -0.4345 -0.5416 -0.7197
vn -0.4300 -0.5424 -0.7217
vn -0.6120 -0.7903 -0.0278
vn -0.5894 -0.8074 -0.0285
vn -0.6186 -0.7851 -0.0296
vn -0.6107 -0.3723 -0.6989
vn -0.0864 0.1015 -0.9911
vn -0.0427 0.0745 -0.9963
vn 0.0051 0.0549 -0.9985
vn 0.3341 0.5763 0.7459
vn 0.3777 0.5525 0.7430
vn 0.5687 0.8218 0.0357
vn 0.5006 0.8647 0.0413
vn 0.4499 0.8921 0.0414
vn 0.1175 0.7013 0.7031
vn -0.0857 0.0005 0.9963
vn -0.0502 -0.0230 0.9985
vn -0.0421 -0.0205 0.9989
vn 0.3454 0.6506 -0.6764
vn 0.4133 0.6095 -0.6765
vn 0.1188 0.7576 -0.6419
vn -0.4296 -0.5946 0.6796
vn -0.4508 -0.5769 0.6811
vn -0.6137 -0.4399 0.6557
vn 0.4193 0.5281 0.7385
vn 0.4300 0.5060 0.7477
vn 0.7008 0.7124 0.0365
vn 0.6527 0.7570 0.0299
vn -0.0716 0.0047 0.9974
vn -0.1065 0.0073 0.9943
vn 0.4984 0.5470 -0.6726
vn 0.5458 0.5024 -0.6706
vn 0.0577 0.0062 -0.9983
vn 0.0497 0.0322 -0.9982
vn -0.5310 -0.5107 0.6761
vn -0.5752 -0.4743 0.6665
vn -0.6921 -0.7213 -0.0245
vn -0.7330 -0.6800 -0.0181
vn -0.8428 0.5375 0.0262
vn -0.4630 -0.5158 -0.7208
vn -0.4910 -0.5029 -0.7113
vn -0.4877 -0.5001 -0.7156
vn -0.5206 -0.5283 -0.6708
vn -0.7348 -0.6774 0.0360
vn -0.7328 -0.6801 -0.0216
vn 0.0597 0.0081 -0.9982
vn 0.0140 -0.0363 -0.9992
vn -0.5750 -0.4741 0.6668
vn -0.5767 -0.4759 0.6640
vn -0.1567 -0.0420 0.9868
vn -0.1080 0.0057 0.9941
vn 0.5460 0.5027 -0.6702
vn 0.5448 0.5013 -0.6722
vn 0.7005 0.7125 0.0407
vn 0.6950 0.7120 0.1004
vn 0.4265 0.5028 0.7518
vn 0.3864 0.4674 0.7951
vn -0.1207 0.3137 -0.9418
vn -0.1232 0.3095 -0.9429
vn -0.3641 0.8222 -0.4376
vn -0.3897 0.8101 -0.4382
vn -0.3561 0.8249 -0.4390
vn 0.1072 0.3989 -0.9107
vn 0.3008 -0.3406 -0.8908
vn 0.2570 -0.3679 -0.8936
vn 0.2170 -0.4005 -0.8902
vn 0.1955 -0.2345 0.9523
vn 0.1541 -0.2621 0.9526
vn 0.4110 -0.7960 0.4444
vn 0.4802 -0.7548 0.4468
vn 0.5287 -0.7238 0.4433
vn 0.4168 -0.1215 0.9009
vn -0.1296 0.4441 0.8866
vn -0.1675 0.4250 0.8896
vn -0.1694 0.4173 0.8928
vn 0.4993 -0.8067 -0.3161
vn 0.4307 -0.8465 -0.3129
vn 0.6968 -0.6490 -0.3055
vn -0.4105 0.8551 0.3166
vn -0.3852 0.8661 0.3186
vn -0.1834 0.9361 0.3002
vn 0.1136 -0.2885 0.9507
vn 0.0878 -0.2849 0.9545
vn 0.2522 -0.8610 0.4417
vn 0.3151 -0.8416 0.4386
vn -0.1331 0.4310 0.8925
vn -0.1131 0.4579 0.8818
vn 0.3346 -0.8903 -0.3089
vn 0.2728 -0.9107 -0.3101
vn 0.1494 -0.4242 -0.8931
vn 0.1756 -0.4282 -0.8865
vn -0.2882 0.9039 0.3160
vn -0.2336 0.9222 0.3083
vn -0.2662 0.8619 -0.4316
vn -0.2119 0.8814 -0.4223
vn 0.8709 0.4914 -0.0077
vn -0.0844 0.3264 -0.9414
vn -0.0612 0.3481 -0.9355
vn -0.0597 0.3426 -0.9376
vn -0.0751 0.3982 -0.9142
vn -0.2181 0.9020 -0.3726
vn -0.2114 0.8799 -0.4255
vn 0.1500 -0.4266 -0.8919
vn 0.1352 -0.3709 -0.9188
vn -0.2335 0.9221 0.3086
vn -0.2338 0.9232 0.3052
vn -0.1289 0.5170 0.8463
vn -0.1136 0.4597 0.8808
vn 0.2729 -0.9109 -0.3096
vn 0.2727 -0.9101 -0.3121
vn 0.2517 -0.8592 0.4455
vn 0.2437 -0.8320 0.4984
vn 0.0862 -0.2791 0.9564
vn 0.0684 -0.2152 0.9742
vn -0.3361 -0.0048 -0.9418
vn -0.3330 -0.0087 -0.9429
vn -0.8973 -0.0575 -0.4376
vn -0.8948 -0.0857 -0.4382
vn -0.8971 -0.0491 -0.4391
vn -0.3373 0.2385 -0.9107
vn 0.4235 0.1645 -0.8908
vn 0.4340 0.1140 -0.8937
vn 0.4508 0.0652 -0.8902
vn 0.2876 0.1024 0.9523
vn 0.2993 0.0540 0.9526
vn 0.8890 0.1106 0.4444
vn 0.8743 0.1898 0.4468
vn 0.8619 0.2460 0.4433
vn 0.2580 0.3491 0.9009
vn -0.4615 0.0319 0.8866
vn -0.4567 -0.0103 0.8896
vn -0.4502 -0.0148 0.8928
vn 0.9296 0.1897 -0.3161
vn 0.9432 0.1116 -0.3129
vn 0.8498 0.4296 -0.3055
vn -0.9443 -0.0897 0.3166
vn -0.9459 -0.0621 0.3186
vn -0.9418 0.1514 0.3002
vn 0.3100 0.0069 0.9507
vn 0.2977 -0.0161 0.9545
vn 0.8951 -0.0609 0.4417
vn 0.8987 0.0049 0.4386
vn -0.4505 0.0240 0.8925
vn -0.4688 0.0521 0.8818
vn 0.9511 0.0063 -0.3089
vn 0.9489 -0.0587 -0.3101
vn 0.4497 -0.0064 -0.8931
vn 0.4625 0.0168 -0.8865
vn -0.9478 0.0420 0.3160
vn -0.9461 0.0995 0.3083
vn -0.9008 0.0481 -0.4316
vn -0.9003 0.1058 -0.4223
vn -0.1601 0.9871 -0.0077
vn -0.3355 0.0336 -0.9414
vn -0.3478 0.0628 -0.9355
vn -0.3421 0.0624 -0.9376
vn -0.3996 0.0671 -0.9142
vn -0.9218 0.1070 -0.3726
vn -0.8988 0.1057 -0.4255
vn 0.4522 -0.0066 -0.8919
vn 0.3947 -0.0013 -0.9188
vn -0.9460 0.0995 0.3086
vn -0.9471 0.0996 0.3052
vn -0.5296 0.0577 0.8463
vn -0.4707 0.0523 0.8808
vn 0.9491 -0.0587 -0.3095
vn 0.9482 -0.0586 -0.3121
vn 0.8932 -0.0607 0.4455
vn 0.8650 -0.0588 0.4984
vn 0.2917 -0.0156 0.9564
vn 0.2255 -0.0102 0.9742
vn -0.3342 -0.0363 -0.9418
vn -0.3308 -0.0398 -0.9429
vn -0.8880 -0.1412 -0.4376
vn -0.8829 -0.1691 -0.4382
vn -0.8886 -0.1328 -0.4390
vn -0.3581 0.2058 -0.9107
vn 0.4063 0.2034 -0.8908
vn 0.4215 0.1541 -0.8937
vn 0.4427 0.1071 -0.8902
vn 0.2768 0.1289 0.9523
vn 0.2929 0.0818 0.9526
vn 0.8747 0.1933 0.4444
vn 0.8527 0.2708 0.4468
vn 0.8351 0.3256 0.4433
vn 0.2242 0.3717 0.9009
vn -0.4625 -0.0114 0.8866
vn -0.4537 -0.0530 0.8896
vn -0.4468 -0.0568 0.8928
vn 0.9077 0.2759 -0.3161
vn 0.9286 0.1994 -0.3129
vn 0.8058 0.5072 -0.3055
vn -0.9318 -0.1777 0.3166
vn -0.9359 -0.1504 0.3186
vn -0.9518 0.0626 0.3002
vn 0.3080 0.0359 0.9507
vn 0.2979 0.0118 0.9545
vn 0.8969 0.0232 0.4417
vn 0.8943 0.0890 0.4386
vn -0.4507 -0.0182 0.8925
vn -0.4716 0.0080 0.8818
vn 0.9463 0.0953 -0.3089
vn 0.9502 0.0304 -0.3101
vn 0.4484 0.0357 -0.8931
vn 0.4589 0.0600 -0.8865
vn -0.9476 -0.0469 0.3160
vn -0.9512 0.0105 0.3083
vn -0.9013 -0.0365 -0.4316
vn -0.9062 0.0211 -0.4223
vn -0.2518 0.9678 -0.0077
vn -0.3372 0.0021 -0.9414
vn -0.3522 0.0300 -0.9355
vn -0.3464 0.0301 -0.9376
vn -0.4042 0.0294 -0.9142
vn -0.9278 0.0203 -0.3726
vn -0.9047 0.0211 -0.4255
vn 0.4508 0.0357 -0.8919
vn 0.3931 0.0356 -0.9188
vn -0.9511 0.0105 0.3086
vn -0.9522 0.0106 0.3052
vn -0.5327 0.0079 0.8463
vn -0.4735 0.0080 0.8808
vn 0.9504 0.0304 -0.3096
vn 0.9496 0.0304 -0.3121
vn 0.8950 0.0232 0.4455
vn 0.8667 0.0224 0.4984
vn 0.2919 0.0118 0.9564
vn 0.2255 0.0110 0.9742
v -0.00078 0.63486 -0.10290
v -0.00898 0.63377 -0.10395
v -0.01166 0.69108 -0.10543
v -0.01273 0.61860 -0.09146
v -0.01480 0.61424 -0.09086
v -0.02034 0.61275 -0.09452
v -0.01797 0.63534 -0.10433
v -0.01975 0.68771 -0.10763
v -0.01686 0.69582 -0.10721
v -0.02533 0.62464 -0.10795
v -0.02649 0.61325 -0.10307
v -0.02722 0.61901 -0.10967
v -0.02668 0.66037 -0.10978
v -0.02228 0.56753 -0.08531
v -0.02370 0.58797 -0.09196
v -0.01295 0.62369 -0.09149
v -0.03433 0.61844 -0.08751
v -0.03593 0.62331 -0.08887
v -0.03537 0.63005 -0.09531
v -0.02519 0.61358 -0.09859
v -0.01412 0.63994 -0.09894
v -0.01223 0.63710 -0.09611
v -0.02674 0.62057 -0.10686
v -0.03183 0.62862 -0.10522
v -0.02722 0.61901 -0.10967
v -0.01945 0.63986 -0.10692
v -0.05074 0.66065 -0.10007
v -0.04308 0.65121 -0.10229
v -0.03799 0.63528 -0.09029
v -0.03806 0.70411 -0.10524
v -0.03617 0.70597 -0.10662
v -0.03154 0.68712 -0.10860
v -0.03442 0.64374 -0.10404
v -0.03074 0.62128 -0.09312
v -0.03306 0.62376 -0.09061
v -0.02847 0.62521 -0.10848
v -0.02706 0.64683 -0.11078
v -0.02721 0.61746 -0.11035
v -0.02576 0.61158 -0.10102
v -0.01817 0.72381 -0.11896
v -0.02059 0.69372 -0.11515
v -0.02950 0.71576 -0.10630
v -0.00931 0.68134 -0.10830
v -0.00871 0.67205 -0.10744
v -0.01266 0.64911 -0.10661
v -0.02297 0.66291 -0.11015
v -0.03257 0.68390 -0.10352
v -0.03263 0.69892 -0.10373
v -0.02611 0.62838 -0.10960
v -0.02096 0.62150 -0.10787
v -0.02721 0.61727 -0.11031
v -0.03235 0.64257 -0.10477
v -0.01947 0.57415 -0.07881
v -0.02146 0.60418 -0.08435
v -0.01088 0.64628 -0.08045
v -0.03412 0.62394 -0.07814
v -0.03597 0.63014 -0.07931
v -0.03538 0.64665 -0.08552
v -0.02368 0.63954 -0.08948
v -0.01244 0.67325 -0.08712
v -0.01037 0.66723 -0.08424
v -0.02535 0.65784 -0.09772
v -0.03119 0.66120 -0.09576
v -0.02574 0.65998 -0.10081
v -0.01801 0.68180 -0.09585
v -0.05062 0.63822 -0.08439
v -0.04270 0.64816 -0.08818
v -0.03325 0.62775 -0.07770
v -0.04359 0.71222 -0.08703
v -0.04224 0.71971 -0.08846
v -0.03633 0.71420 -0.09255
v -0.03387 0.66138 -0.09140
v -0.02544 0.63335 -0.08248
v -0.02736 0.62754 -0.07948
v -0.02728 0.66218 -0.09811
v -0.02854 0.68848 -0.09870
v -0.02574 0.65998 -0.10081
v -0.02150 0.64504 -0.09188
v -0.03219 0.78635 -0.10143
v -0.02998 0.74858 -0.10003
v -0.03972 0.73309 -0.08937
v -0.01679 0.75659 -0.09352
v -0.01490 0.74877 -0.09336
v -0.01550 0.71759 -0.09453
v -0.02744 0.70865 -0.09746
v -0.03803 0.69361 -0.08921
v -0.04006 0.70688 -0.08820
v -0.02584 0.66975 -0.09983
v -0.01988 0.67428 -0.09841
v -0.02554 0.65825 -0.10152
v -0.03271 0.65973 -0.09389
v 0.00254 0.67535 -0.09119
v -0.00633 0.67154 -0.09293
v -0.01130 0.72894 -0.08827
v -0.00990 0.62823 -0.08257
v -0.01200 0.62147 -0.08261
v -0.01795 0.62438 -0.08678
v -0.01615 0.66846 -0.09378
v -0.01996 0.72542 -0.09140
v -0.01712 0.73419 -0.08988
v -0.02375 0.66119 -0.09905
v -0.02462 0.63912 -0.09559
v -0.02561 0.65818 -0.10151
v -0.02650 0.69910 -0.09703
v -0.04472 0.60628 -0.07178
v -0.04792 0.65442 -0.07482
v -0.04089 0.66091 -0.07876
v -0.03779 0.61486 -0.07173
v -0.02264 0.63966 -0.08070
v -0.02737 0.67359 -0.08709
v -0.02238 0.67916 -0.08856
v -0.01907 0.66676 -0.08258
v -0.03870 0.66278 -0.08036
v -0.03554 0.61717 -0.07250
v -0.03342 0.66773 -0.08353
v -0.03687 0.73248 -0.07973
v -0.02897 0.73090 -0.08312
v -0.06100 0.63889 -0.07427
v -0.05460 0.64698 -0.07383
v -0.05215 0.60841 -0.07092
v -0.02287 0.72157 -0.08400
v -0.02927 0.62339 -0.07521
v -0.05751 0.68575 -0.07288
v -0.05211 0.71226 -0.07543
v -0.04565 0.72710 -0.07736
v -0.04362 0.73159 -0.07812
v 0.00018 0.62964 -0.06707
v -0.01051 0.60337 -0.06670
v -0.01374 0.62765 -0.07250
v -0.00298 0.65560 -0.07078
v -0.01259 0.70280 -0.08088
v -0.02022 0.66911 -0.08416
v -0.02261 0.68608 -0.08690
v -0.01959 0.71073 -0.08278
v -0.01477 0.63440 -0.07464
v -0.00402 0.66315 -0.07230
v -0.01728 0.65117 -0.07914
v -0.03055 0.63556 -0.07181
v -0.03215 0.66180 -0.07798
v -0.00467 0.54898 -0.06243
v -0.00756 0.57577 -0.06379
v 0.00112 0.59835 -0.06331
v -0.03133 0.68611 -0.08104
v -0.00695 0.68477 -0.07568
v -0.01545 0.56365 -0.06081
v -0.02263 0.58160 -0.06413
v -0.02739 0.60497 -0.06637
v -0.02888 0.61162 -0.06739
v -0.01998 0.57171 -0.06777
v -0.03142 0.58881 -0.07095
v -0.02874 0.61515 -0.07615
v -0.01722 0.59995 -0.06946
v -0.01412 0.66162 -0.08221
v -0.02443 0.66468 -0.08685
v -0.02274 0.68409 -0.08921
v -0.01713 0.68992 -0.08426
v -0.02800 0.62302 -0.07813
v -0.01642 0.60836 -0.07094
v -0.02623 0.64251 -0.08223
v -0.03868 0.67460 -0.07598
v -0.03443 0.69781 -0.08163
v -0.03724 0.53478 -0.06797
v -0.03445 0.56166 -0.06871
v -0.02505 0.54717 -0.06708
v -0.02933 0.71166 -0.08390
v -0.01420 0.63164 -0.07551
v -0.04226 0.57787 -0.06653
v -0.04363 0.61233 -0.06969
v -0.04253 0.64360 -0.07119
v -0.04224 0.65301 -0.07206
v -0.04137 0.80041 -0.07465
v -0.02974 0.81101 -0.07738
v -0.02792 0.77525 -0.08061
v -0.03957 0.76649 -0.07528
v -0.03386 0.68995 -0.08003
v -0.02519 0.70620 -0.08697
v -0.02410 0.68146 -0.08796
v -0.02732 0.67053 -0.08132
v -0.02744 0.76395 -0.08191
v -0.03909 0.75535 -0.07578
v -0.02629 0.73723 -0.08400
v -0.00989 0.75280 -0.07940
v -0.01077 0.71346 -0.08217
v -0.03379 0.87355 -0.07809
v -0.03186 0.84335 -0.07695
v -0.04097 0.83587 -0.07416
v -0.01345 0.68464 -0.08262
v -0.03775 0.72449 -0.07677
v -0.02141 0.85579 -0.07595
v -0.01439 0.82770 -0.07758
v -0.01075 0.79578 -0.07809
v -0.00972 0.78563 -0.07842
v 0.00606 0.66436 -0.07099
v -0.00162 0.65758 -0.07218
v -0.00389 0.70563 -0.07924
v 0.00382 0.71435 -0.07508
v -0.01939 0.64754 -0.07951
v -0.02591 0.66514 -0.08216
v -0.02419 0.68035 -0.08895
v -0.01868 0.68635 -0.08731
v -0.00409 0.65501 -0.07260
v -0.00627 0.70247 -0.08083
v -0.01206 0.69545 -0.08359
v -0.02337 0.74785 -0.08438
v -0.01577 0.76811 -0.08095
v 0.01835 0.72415 -0.07397
v 0.01312 0.68093 -0.06985
v 0.01122 0.71966 -0.07372
v -0.02830 0.72540 -0.08506
v -0.01098 0.64769 -0.07411
v 0.00144 0.78137 -0.07702
v 0.00975 0.76594 -0.07389
v -0.00907 0.78240 -0.07934
v -0.00657 0.78254 -0.07866
v -0.03979 0.81212 -0.04367
v -0.02806 0.84166 -0.05009
v -0.02557 0.80582 -0.05575
v -0.03568 0.77723 -0.04455
v -0.02744 0.70288 -0.05798
v -0.02092 0.73707 -0.06757
v -0.01853 0.71187 -0.07002
v -0.01955 0.69077 -0.06214
v -0.02493 0.79467 -0.05795
v -0.03469 0.76586 -0.04576
v -0.02309 0.76779 -0.06247
v -0.00499 0.80268 -0.06146
v -0.00437 0.76012 -0.06601
v -0.03546 0.90761 -0.04768
v -0.03151 0.87544 -0.04800
v -0.04082 0.85239 -0.04228
v -0.00568 0.72515 -0.06692
v -0.03213 0.73398 -0.04985
v -0.02124 0.90088 -0.04897
v -0.01323 0.87887 -0.05402
v -0.00803 0.84816 -0.05767
v -0.00648 0.83848 -0.05900
v -0.02093 0.57780 -0.04204
v -0.03076 0.62823 -0.03936
v -0.02638 0.65191 -0.04774
v -0.01551 0.60147 -0.04796
v -0.00750 0.66528 -0.06259
v -0.01960 0.69759 -0.06414
v -0.01622 0.71479 -0.06838
v -0.00754 0.70477 -0.06496
v -0.02534 0.65922 -0.05071
v -0.01408 0.60900 -0.05021
v -0.02251 0.67708 -0.05708
v -0.02817 0.74383 -0.04633
v -0.02294 0.75931 -0.05538
v -0.04325 0.58298 -0.03122
v -0.03690 0.60532 -0.03432
v -0.02836 0.56465 -0.03561
v -0.01682 0.76123 -0.06063
v -0.00971 0.63032 -0.05548
v -0.04142 0.64431 -0.02944
v -0.03911 0.68740 -0.03416
v -0.03442 0.71892 -0.03801
v -0.03321 0.72861 -0.03957
v -0.04217 0.67082 -0.03821
v -0.04112 0.73652 -0.04242
v -0.03454 0.72907 -0.05056
v -0.03411 0.66338 -0.04214
v -0.01965 0.66295 -0.06168
v -0.02259 0.71904 -0.06692
v -0.01742 0.71504 -0.07109
v -0.01309 0.68636 -0.06570
v -0.03270 0.72721 -0.05350
v -0.03198 0.66129 -0.04450
v -0.02795 0.72285 -0.05981
v -0.02048 0.79744 -0.05328
v -0.01450 0.78082 -0.06187
v -0.05674 0.75370 -0.03518
v -0.04879 0.74571 -0.03786
v -0.05004 0.69166 -0.03557
v -0.01000 0.75714 -0.06581
v -0.02619 0.65549 -0.05165
v -0.04566 0.79154 -0.03567
v -0.03729 0.80777 -0.04153
v -0.02875 0.80991 -0.04530
v -0.02630 0.81080 -0.04696
v 0.01407 0.84393 -0.05899
v 0.01916 0.78449 -0.06369
v 0.00884 0.76576 -0.06564
v 0.00495 0.82563 -0.05785
v -0.01612 0.77572 -0.05947
v -0.01131 0.73372 -0.06950
v -0.01815 0.72159 -0.06931
v -0.02021 0.73581 -0.06029
v 0.00549 0.76034 -0.06660
v 0.00185 0.82026 -0.05783
v -0.00219 0.74744 -0.06764
v 0.00742 0.66355 -0.06393
v -0.00444 0.65829 -0.06493
v 0.03530 0.82217 -0.06805
v 0.02771 0.80413 -0.06497
v 0.02412 0.85082 -0.06053
v -0.01321 0.66529 -0.06360
v -0.00664 0.80522 -0.05728
v 0.03402 0.75136 -0.06513
v 0.02754 0.70667 -0.06589
v 0.01947 0.67906 -0.06483
v 0.01682 0.67098 -0.06469
v -0.01089 0.55536 -0.04930
v -0.01499 0.59475 -0.04988
v -0.00412 0.61937 -0.06129
v 0.00132 0.58022 -0.05717
v -0.02414 0.68748 -0.05719
v -0.02158 0.72691 -0.06110
v -0.01875 0.72184 -0.07046
v -0.01529 0.69387 -0.06914
v -0.01643 0.60729 -0.05009
v -0.00601 0.63137 -0.06290
v -0.01013 0.66066 -0.06552
v 0.00137 0.73454 -0.06892
v 0.00979 0.69895 -0.06638
v 0.00793 0.50500 -0.05729
v -0.00425 0.52179 -0.04932
v 0.00498 0.54198 -0.05627
v -0.00625 0.75517 -0.06811
v -0.02057 0.64235 -0.05109
v 0.01878 0.61015 -0.06340
v 0.01740 0.56168 -0.05915
v 0.01584 0.66669 -0.06567
v 0.01668 0.65336 -0.06500
v -0.05544 0.62581 -0.02757
v -0.05414 0.70897 -0.02514
v -0.04305 0.71331 -0.03241
v -0.04382 0.62265 -0.02859
v -0.01856 0.64860 -0.04363
v -0.02181 0.72395 -0.04749
v -0.01369 0.72489 -0.05056
v -0.00973 0.68415 -0.04418
v -0.03967 0.71544 -0.03525
v -0.04020 0.62308 -0.03014
v -0.03136 0.71937 -0.04101
v -0.02751 0.80828 -0.02620
v -0.01613 0.79783 -0.03391
v -0.07590 0.71410 -0.02218
v -0.06511 0.71036 -0.02249
v -0.06629 0.64273 -0.02371
v -0.00827 0.77371 -0.03830
v -0.03017 0.62540 -0.03537
v -0.06422 0.76899 -0.01535
v -0.05278 0.80146 -0.01753
v -0.04123 0.81349 -0.02058
v -0.03764 0.81743 -0.02179
v 0.01596 0.54819 -0.03158
v -0.00365 0.53342 -0.03098
v -0.00588 0.59028 -0.03563
v 0.01428 0.60170 -0.03291
v 0.00505 0.71638 -0.03916
v -0.01132 0.69420 -0.04589
v -0.01293 0.73073 -0.04714
v -0.00464 0.74792 -0.03884
v -0.00675 0.60780 -0.03767
v 0.01357 0.61871 -0.03393
v -0.00876 0.64899 -0.04153
v -0.03013 0.63633 -0.02838
v -0.02967 0.69341 -0.03385
v -0.00169 0.43238 -0.03317
v -0.00260 0.48019 -0.03097
v 0.01358 0.49187 -0.03014
v -0.02548 0.73413 -0.03565
v 0.01169 0.66470 -0.03538
v -0.01582 0.47231 -0.02557
v -0.02460 0.52225 -0.02607
v -0.02889 0.57165 -0.02503
v -0.03035 0.58702 -0.02526
v -0.02230 0.51221 -0.03358
v -0.03762 0.56985 -0.03264
v -0.03057 0.61513 -0.03798
v -0.01454 0.55063 -0.03345
v -0.00290 0.66506 -0.04581
v -0.01854 0.70430 -0.04916
v -0.01363 0.73436 -0.05080
v -0.00387 0.71712 -0.04441
v -0.02861 0.62993 -0.04019
v -0.01235 0.56471 -0.03486
v -0.02375 0.66457 -0.04445
v -0.03761 0.72040 -0.02723
v -0.02866 0.75900 -0.03411
v -0.05332 0.49822 -0.03310
v -0.04560 0.53210 -0.03172
v -0.03318 0.48674 -0.03401
v -0.01933 0.77353 -0.03738
v -0.00634 0.60497 -0.03949
v -0.05499 0.56625 -0.02402
v -0.05277 0.62639 -0.02403
v -0.04706 0.67217 -0.02272
v -0.04546 0.68718 -0.02295
v -0.02467 0.90052 -0.00873
v -0.00597 0.89739 -0.01512
v -0.00835 0.85152 -0.02497
v -0.02656 0.85032 -0.01446
v -0.02869 0.74240 -0.03288
v -0.01413 0.76495 -0.04393
v -0.01590 0.73027 -0.04884
v -0.02155 0.70410 -0.03925
v -0.00927 0.83799 -0.02848
v -0.02738 0.83489 -0.01675
v -0.01133 0.80330 -0.03529
v 0.01599 0.77720 -0.03156
v 0.00910 0.73093 -0.04034
v -0.00378 0.99653 -0.00713
v -0.00480 0.94661 -0.00979
v -0.01926 0.94844 -0.00371
v 0.00115 0.69725 -0.04377
v -0.02959 0.79097 -0.02248
v 0.01275 0.93868 -0.00999
v 0.01942 0.88800 -0.01812
v 0.02059 0.83630 -0.02398
v 0.02075 0.82060 -0.02606
v 0.02909 0.59491 -0.03496
v 0.01646 0.60528 -0.03519
v 0.01875 0.69700 -0.03907
v 0.03199 0.68136 -0.03415
v -0.01247 0.64946 -0.04187
v -0.02022 0.69565 -0.04163
v -0.01630 0.73154 -0.05043
v -0.00701 0.72363 -0.04894
v 0.01235 0.60814 -0.03537
v 0.01456 0.70196 -0.04109
v 0.00459 0.71210 -0.04430
v -0.00554 0.81294 -0.03544
v 0.00900 0.81579 -0.03014
v 0.05535 0.66054 -0.03579
v 0.04208 0.59986 -0.03338
v 0.04400 0.66909 -0.03376
v -0.01605 0.79377 -0.03771
v 0.00080 0.61689 -0.03640
v 0.03717 0.78645 -0.02796
v 0.04797 0.73816 -0.02778
v 0.02121 0.81706 -0.02804
v 0.02506 0.81000 -0.02779
v -0.04224 0.51444 -0.00985
v -0.04992 0.60397 -0.00219
v -0.03862 0.63972 -0.01000
v -0.02915 0.53661 -0.01069
v -0.00509 0.63369 -0.02576
v -0.01729 0.71193 -0.02617
v -0.00863 0.73331 -0.02936
v 0.00064 0.69108 -0.02398
v -0.03530 0.65214 -0.01306
v -0.02530 0.54634 -0.01233
v -0.02692 0.68000 -0.01924
v -0.03171 0.76795 0.00344
v -0.01848 0.78887 -0.00572
v -0.07429 0.56050 0.00058
v -0.06201 0.57954 0.00049
v -0.05584 0.50568 -0.00484
v -0.00738 0.78417 -0.01189
v -0.01482 0.57551 -0.01789
v -0.06714 0.63685 0.01229
v -0.05828 0.69817 0.01209
v -0.04708 0.73866 0.00972
v -0.04364 0.75175 0.00868
v 0.04481 0.58569 -0.01569
v 0.02489 0.52785 -0.01673
v 0.01583 0.58922 -0.01907
v 0.03692 0.64108 -0.01429
v 0.01362 0.75153 -0.01555
v -0.00233 0.70035 -0.02549
v -0.00824 0.73755 -0.02496
v -0.00054 0.76468 -0.01382
v 0.01280 0.60838 -0.02052
v 0.03419 0.65894 -0.01455
v 0.00578 0.65252 -0.02281
v -0.01558 0.57993 -0.00904
v -0.02175 0.64805 -0.01221
v 0.03817 0.42572 -0.02496
v 0.03197 0.47284 -0.01970
v 0.04854 0.51859 -0.01730
v -0.02178 0.70254 -0.01181
v 0.02691 0.70596 -0.01373
v 0.01860 0.43077 -0.01439
v 0.00335 0.46650 -0.01255
v -0.00682 0.50946 -0.00872
v -0.01015 0.52314 -0.00818
v 0.00656 0.46853 -0.02186
v -0.01667 0.49721 -0.01818
v -0.01427 0.56640 -0.02157
v 0.01084 0.52604 -0.01916
v 0.01019 0.68668 -0.02667
v -0.01159 0.69947 -0.02910
v -0.00963 0.74387 -0.02910
v 0.00341 0.73911 -0.02210
v -0.01389 0.58879 -0.02324
v 0.01159 0.54727 -0.01992
v -0.01263 0.64079 -0.02606
v -0.03311 0.65331 -0.00324
v -0.02796 0.72096 -0.00873
v -0.02602 0.38763 -0.02353
v -0.02121 0.43886 -0.01962
v -0.00261 0.41871 -0.02432
v -0.01950 0.75969 -0.01133
v 0.01346 0.60812 -0.02281
v -0.03491 0.44759 -0.00904
v -0.03915 0.51693 -0.00553
v -0.03789 0.57676 -0.00111
v -0.03781 0.59651 -0.00045
v -0.03785 0.85450 0.02939
v -0.01726 0.89733 0.02256
v -0.01536 0.85348 0.00823
v -0.03467 0.80265 0.01970
v -0.02607 0.70174 -0.00823
v -0.01320 0.76839 -0.01929
v -0.01157 0.73259 -0.02712
v -0.01431 0.68240 -0.01759
v -0.01507 0.84071 0.00329
v -0.03399 0.78676 0.01609
v -0.01388 0.80631 -0.00680
v 0.01934 0.83185 -0.00263
v 0.01640 0.77695 -0.01592
v -0.02543 1.00000 0.03771
v -0.02115 0.94702 0.03169
v -0.03693 0.91206 0.03829
v 0.01118 0.72763 -0.02224
v -0.03187 0.74099 0.00674
v -0.00095 0.97569 0.03181
v 0.01157 0.94390 0.01967
v 0.01827 0.89702 0.00987
v 0.02007 0.88270 0.00653
v 0.05387 0.66714 -0.01640
v 0.03879 0.65193 -0.01667
v 0.03087 0.75945 -0.01591
v 0.04748 0.76531 -0.01040
v 0.00162 0.64556 -0.02336
v -0.01205 0.67862 -0.02080
v -0.01223 0.73482 -0.02894
v -0.00104 0.74430 -0.02722
v 0.03393 0.64653 -0.01690
v 0.02559 0.75812 -0.01820
v 0.01329 0.75142 -0.02187
v -0.00858 0.82905 -0.00617
v 0.00743 0.85712 0.00091
v 0.07543 0.79387 -0.01244
v 0.06772 0.69815 -0.01366
v 0.06210 0.77701 -0.01008
v -0.01816 0.78870 -0.01042
v 0.02018 0.63271 -0.01815
v 0.04185 0.88261 0.00311
v 0.05913 0.85325 0.00107
v 0.02085 0.88195 0.00402
v 0.02590 0.88221 0.00410
v -0.01448 0.45940 -0.00878
v -0.02999 0.51521 0.00292
v -0.02284 0.57528 -0.00082
v -0.00456 0.50156 -0.00644
v 0.00869 0.64580 -0.01164
v -0.00975 0.69465 -0.00895
v -0.00375 0.73182 -0.00951
v 0.00855 0.70326 -0.00567
v -0.02090 0.59560 -0.00253
v -0.00192 0.51856 -0.00689
v -0.01571 0.64183 -0.00559
v -0.02872 0.68168 0.02076
v -0.01838 0.73372 0.01509
v -0.04828 0.43324 -0.00041
v -0.03882 0.47035 0.00235
v -0.02620 0.42275 -0.00639
v -0.00769 0.75593 0.01042
v 0.00506 0.56861 -0.00899
v -0.04907 0.49685 0.01640
v -0.04668 0.56547 0.02114
v -0.04016 0.62252 0.02287
v -0.03821 0.64101 0.02314
v 0.05859 0.67340 0.00189
v 0.04578 0.59111 -0.00534
v 0.03183 0.63289 -0.00509
v 0.04620 0.70706 0.00551
v 0.01463 0.76682 0.00783
v 0.00500 0.70841 -0.00696
v -0.00388 0.73050 -0.00500
v 0.00042 0.75266 0.00834
v 0.02731 0.64651 -0.00573
v 0.04204 0.71850 0.00597
v 0.01682 0.67650 -0.00619
v 0.00378 0.55982 -0.00037
v -0.00814 0.61336 -0.00010
v 0.06760 0.53427 -0.01759
v 0.05744 0.55849 -0.01055
v 0.06828 0.62290 -0.00322
v -0.01325 0.66051 0.00357
v 0.03099 0.74657 0.00861
v 0.04902 0.49269 -0.00987
v 0.03172 0.49635 -0.00803
v 0.01835 0.51220 -0.00315
v 0.01401 0.51798 -0.00226
v 0.03464 0.51544 -0.01635
v 0.01066 0.49735 -0.01427
v 0.00648 0.56629 -0.01298
v 0.03315 0.56940 -0.00969
v 0.01775 0.71867 -0.00720
v -0.00332 0.69695 -0.01173
v -0.00566 0.73907 -0.00876
v 0.00658 0.74748 -0.00058
v 0.00478 0.58868 -0.01316
v 0.03188 0.59021 -0.00903
v 0.00114 0.63992 -0.01253
v -0.01919 0.58759 0.00722
v -0.02067 0.66244 0.00679
v 0.01242 0.39281 -0.02731
v 0.01197 0.44060 -0.01981
v 0.03095 0.45980 -0.02298
v -0.01649 0.71371 0.00782
v 0.02797 0.65031 -0.00783
v -0.00157 0.41195 -0.01106
v -0.01198 0.46112 -0.00407
v -0.01648 0.50990 0.00395
v -0.01826 0.52648 0.00579
v -0.04289 0.71390 0.04995
v -0.02792 0.79428 0.04884
v -0.02182 0.77749 0.03276
v -0.03496 0.68624 0.03799
v -0.01717 0.64809 0.00636
v -0.01139 0.74201 0.00161
v -0.00642 0.72345 -0.00782
v -0.00443 0.66267 -0.00214
v -0.02027 0.77315 0.02731
v -0.03280 0.67810 0.03366
v -0.01578 0.75800 0.01574
v 0.01213 0.82998 0.02582
v 0.01481 0.79415 0.00940
v -0.04524 0.85116 0.06842
v -0.03628 0.81960 0.06004
v -0.04758 0.75437 0.06206
v 0.01475 0.75048 -0.00035
v -0.02641 0.65359 0.02224
v -0.02048 0.87799 0.06466
v -0.00584 0.88652 0.05285
v 0.00484 0.86917 0.04157
v 0.00789 0.86391 0.03776
v 0.05930 0.76063 0.00740
v 0.04694 0.72270 0.00415
v 0.02967 0.80278 0.01032
v 0.04421 0.82830 0.01821
v 0.01367 0.66421 -0.00771
v -0.00195 0.66724 -0.00513
v -0.00720 0.72664 -0.00952
v 0.00212 0.75125 -0.00576
v 0.04300 0.71024 0.00293
v 0.02501 0.79582 0.00733
v 0.01446 0.77432 0.00174
v -0.01307 0.78587 0.01846
v -0.00118 0.82783 0.02911
v 0.06714 0.90220 0.02183
v 0.06903 0.80719 0.01379
v 0.05648 0.86234 0.02123
v -0.01799 0.74016 0.01064
v 0.03174 0.67698 -0.00098
v 0.02788 0.90430 0.03747
v 0.04644 0.90981 0.03610
v 0.00872 0.86779 0.03542
v 0.01331 0.87627 0.03620
v 0.05983 0.52740 0.01680
v 0.03882 0.47612 0.00673
v 0.02868 0.54034 0.00770
v 0.05053 0.56993 0.02496
v 0.02350 0.70088 0.02600
v 0.00878 0.66711 0.00816
v 0.00171 0.70547 0.01126
v 0.00743 0.71187 0.02637
v 0.02544 0.56217 0.00732
v 0.04740 0.58783 0.02617
v 0.01770 0.61132 0.00766
v -0.00783 0.51078 0.00965
v -0.01468 0.58579 0.01279
v 0.05635 0.39226 -0.00749
v 0.04786 0.42943 0.00078
v 0.06499 0.46743 0.00957
v -0.01549 0.64258 0.01849
v 0.03850 0.64086 0.02851
v 0.03266 0.36946 -0.00146
v 0.01516 0.39739 -0.00014
v 0.00248 0.44044 0.00374
v -0.00149 0.45485 0.00467
v 0.01630 0.81026 0.07821
v 0.03685 0.75413 0.06663
v 0.02567 0.73695 0.05178
v 0.00519 0.78208 0.06728
v -0.01346 0.71886 0.03665
v 0.00656 0.70896 0.02207
v -0.00059 0.68975 0.01396
v -0.01251 0.67016 0.02479
v 0.02243 0.73375 0.04653
v 0.00186 0.77515 0.06314
v 0.01471 0.72220 0.03505
v 0.03535 0.60454 0.03307
v 0.02184 0.59924 0.01945
v 0.05923 0.82416 0.08216
v 0.04854 0.78600 0.07586
v 0.03161 0.82675 0.08669
v 0.00868 0.59832 0.01445
v -0.00729 0.75091 0.05315
v 0.06152 0.72517 0.07220
v 0.05738 0.67307 0.05734
v 0.04934 0.62853 0.04726
v 0.04699 0.61670 0.04354
v 0.05831 0.71850 0.05391
v 0.05794 0.63543 0.03430
v 0.04148 0.65654 0.02751
v 0.04244 0.72159 0.05365
v 0.00612 0.75062 0.03298
v 0.01071 0.69522 0.01221
v -0.00057 0.70164 0.00958
v -0.00547 0.71350 0.02525
v 0.03643 0.66440 0.02463
v 0.03731 0.72703 0.05176
v 0.02430 0.67966 0.01890
v 0.02186 0.53089 0.01524
v 0.00544 0.56827 0.00954
v 0.08863 0.62677 0.03367
v 0.07377 0.62673 0.03522
v 0.07386 0.70002 0.04954
v -0.00588 0.60399 0.01118
v 0.02289 0.74449 0.04564
v 0.07329 0.54527 0.02977
v 0.05710 0.51996 0.02185
v 0.04119 0.50747 0.01996
v 0.03626 0.50543 0.01856
v -0.03345 0.39368 0.01274
v -0.04853 0.48189 0.02132
v -0.03485 0.54219 0.01801
v -0.01948 0.43980 0.01420
v 0.00931 0.57173 0.01326
v -0.00789 0.65355 0.01051
v 0.00223 0.68810 0.01032
v 0.01263 0.64256 0.01890
v -0.03058 0.56190 0.01634
v -0.01494 0.45552 0.01399
v -0.02005 0.60389 0.01423
v -0.03796 0.68717 0.04187
v -0.02034 0.72888 0.03628
v -0.07451 0.40052 0.01434
v -0.06160 0.43577 0.01914
v -0.04989 0.36288 0.01363
v -0.00518 0.73706 0.03268
v -0.00218 0.49731 0.01419
v -0.07500 0.49589 0.03316
v -0.06820 0.57956 0.03885
v -0.05653 0.63666 0.04267
v -0.05280 0.65470 0.04342
v -0.00595 0.84102 0.07744
v 0.00262 0.79694 0.06627
v -0.02081 0.77179 0.04992
v -0.02901 0.80013 0.06657
v 0.01787 0.71181 0.03192
v 0.01366 0.66163 0.01909
v 0.00240 0.69316 0.00840
v -0.00393 0.71999 0.01784
v 0.00554 0.78329 0.06263
v -0.01819 0.76484 0.04423
v -0.01166 0.74222 0.03238
v -0.02738 0.61754 0.01683
v -0.04112 0.63835 0.03186
v -0.04430 0.89165 0.08564
v -0.01856 0.87217 0.08766
v -0.03660 0.84263 0.07774
v -0.01350 0.60484 0.01009
v 0.01360 0.74694 0.05180
v -0.05888 0.73281 0.05926
v -0.05686 0.79179 0.07505
v -0.05221 0.66670 0.04254
v -0.05392 0.68146 0.04674
v -0.02846 0.37208 0.00668
v -0.04064 0.42994 0.02660
v -0.02823 0.48941 0.02656
v -0.01412 0.39867 0.01123
v 0.01152 0.54001 0.01586
v -0.00484 0.61030 0.02592
v 0.00464 0.64195 0.02754
v 0.01614 0.58938 0.02726
v -0.02458 0.51093 0.02615
v -0.00990 0.41361 0.01178
v -0.01539 0.55744 0.02597
v -0.02538 0.56980 0.05994
v -0.01018 0.62011 0.05663
v -0.06736 0.37480 0.01890
v -0.05391 0.39602 0.02355
v -0.04414 0.34529 0.00800
v 0.00313 0.63724 0.05178
v 0.00160 0.46007 0.01268
v -0.06247 0.41243 0.04264
v -0.05425 0.47218 0.05327
v -0.04252 0.51978 0.05898
v -0.03891 0.53593 0.06056
v 0.06929 0.47923 0.02483
v 0.04840 0.42337 0.01201
v 0.03631 0.48466 0.01811
v 0.05844 0.52415 0.03362
v 0.02845 0.62369 0.04632
v 0.01258 0.60165 0.02688
v 0.00461 0.63286 0.03232
v 0.01171 0.62683 0.04794
v 0.03236 0.50588 0.01932
v 0.05477 0.54070 0.03576
v 0.02313 0.55163 0.02307
v -0.00009 0.43752 0.02144
v -0.00902 0.50831 0.02824
v 0.06741 0.35710 -0.00960
v 0.05844 0.38328 0.00171
v 0.07578 0.42300 0.01342
v -0.01079 0.55754 0.03708
v 0.04492 0.57976 0.04280
v 0.04406 0.32488 -0.00184
v 0.02536 0.34826 0.00324
v 0.01210 0.37377 0.01202
v 0.00782 0.38392 0.01417
v 0.02969 0.37878 -0.00458
v 0.00195 0.38798 -0.00004
v 0.00280 0.46276 0.00794
v 0.03258 0.42510 0.00748
v 0.02741 0.59593 0.02546
v 0.00229 0.60907 0.02209
v 0.00315 0.65068 0.02928
v 0.01767 0.62896 0.03687
v 0.00267 0.48856 0.00994
v 0.03284 0.44721 0.01019
v 0.00270 0.54542 0.01561
v -0.02288 0.48330 0.03572
v -0.01867 0.56369 0.04191
v -0.00491 0.30000 -0.02338
v -0.00130 0.33705 -0.01110
v 0.02095 0.33753 -0.01593
v -0.01000 0.60959 0.04675
v 0.03330 0.51263 0.01726
v -0.01806 0.30982 -0.00193
v -0.02535 0.36232 0.01151
v -0.02612 0.40483 0.02508
v -0.02670 0.42116 0.02878
v -0.03711 0.57078 0.09652
v -0.01438 0.63642 0.09981
v -0.00972 0.63913 0.08002
v -0.03110 0.55258 0.07995
v -0.01595 0.54494 0.03965
v -0.00245 0.64312 0.04165
v 0.00114 0.63381 0.02908
v -0.00117 0.55817 0.02968
v -0.00861 0.64213 0.07351
v -0.02955 0.54885 0.07423
v -0.00539 0.64075 0.05900
v 0.03147 0.66103 0.07158
v 0.03085 0.64907 0.05033
v -0.02810 0.68397 0.12863
v -0.02109 0.65409 0.11543
v -0.03855 0.59774 0.11383
v 0.02692 0.62089 0.03607
v -0.02497 0.53501 0.05877
v 0.00110 0.68578 0.12289
v 0.01735 0.69603 0.10852
v 0.02724 0.68371 0.09312
v 0.03001 0.68091 0.08807
v 0.07716 0.55917 0.03815
v 0.06041 0.54179 0.03337
v 0.04795 0.63684 0.04968
v 0.06632 0.63034 0.05807
v 0.01863 0.54568 0.02088
v 0.00178 0.56489 0.02644
v 0.00044 0.64113 0.02764
v 0.01281 0.64781 0.03232
v 0.05505 0.53616 0.03162
v 0.04213 0.64098 0.04661
v 0.02856 0.64236 0.04041
v -0.00009 0.66134 0.06388
v 0.01679 0.67056 0.07709
v 0.09754 0.67050 0.06463
v 0.09181 0.58349 0.04749
v 0.08265 0.64421 0.06227
v -0.00945 0.63408 0.05231
v 0.03986 0.52334 0.02635
v 0.05518 0.69701 0.08801
v 0.07600 0.68066 0.08402
v 0.03112 0.68793 0.08574
v 0.03688 0.68933 0.08658
vt 0.33620 0.98385
vt 0.33457 0.81939
vt 0.10112 0.81939
vt 0.56727 0.81939
vt 0.59411 0.78141
vt 0.55528 0.65493
vt 0.33295 0.65493
vt 0.09204 0.65493
vt 0.06419 0.71837
vt 0.33132 0.49048
vt 0.44250 0.49048
vt 0.33085 0.44213
vt 0.17283 0.49048
vt 0.33620 0.98385
vt 0.33457 0.81939
vt 0.10112 0.81939
vt 0.56727 0.81939
vt 0.59411 0.78141
vt 0.55528 0.65493
vt 0.33295 0.65493
vt 0.09204 0.65493
vt 0.06419 0.71837
vt 0.33132 0.49048
vt 0.44250 0.49048
vt 0.33085 0.44213
vt 0.17283 0.49048
vt 0.33620 0.98385
vt 0.33457 0.81939
vt 0.10112 0.81939
vt 0.56727 0.81939
vt 0.59411 0.78141
vt 0.55528 0.65493
vt 0.33295 0.65493
vt 0.09204 0.65493
vt 0.06419 0.71837
vt 0.33132 0.49048
vt 0.44250 0.49048
vt 0.33085 0.44213
vt 0.17283 0.49048
vt 0.33620 0.98385
vt 0.33457 0.81939
vt 0.10112 0.81939
vt 0.56727 0.81939
vt 0.59411 0.78141
vt 0.55528 0.65493
vt 0.33295 0.65493
vt 0.09204 0.65493
vt 0.06419 0.71837
vt 0.33132 0.49048
vt 0.44250 0.49048
vt 0.33085 0.44213
vt 0.17283 0.49048
vt 0.33620 0.98385
vt 0.33457 0.81939
vt 0.10112 0.81939
vt 0.56727 0.81939
vt 0.59411 0.78141
vt 0.55528 0.65493
vt 0.33295 0.65493
vt 0.09204 0.65493
vt 0.06419 0.71837
vt 0.33132 0.49048
vt 0.44250 0.49048
vt 0.33085 0.44213
vt 0.17283 0.49048
vt 0.33620 0.98385
vt 0.33457 0.81939
vt 0.10112 0.81939
vt 0.56727 0.81939
vt 0.59411 0.78141
vt 0.55528 0.65493
vt 0.33295 0.65493
vt 0.09204 0.65493
vt 0.06419 0.71837
vt 0.33132 0.49048
vt 0.44250 0.49048
vt 0.33085 0.44213
vt 0.17283 0.49048
vt 0.33620 0.98385
vt 0.33457 0.81939
vt 0.10112 0.81939
vt 0.56727 0.81939
vt 0.59411 0.78141
vt 0.55528 0.65493
vt 0.33295 0.65493
vt 0.09204 0.65493
vt 0.06419 0.71837
vt 0.33132 0.49048
vt 0.44250 0.49048
vt 0.33085 0.44213
vt 0.17283 0.49048
vt 0.33620 0.98385
vt 0.33457 0.81939
vt 0.10112 0.81939
vt 0.56727 0.81939
vt 0.59411 0.78141
vt 0.55528 0.65493
vt 0.33295 0.65493
vt 0.09204 0.65493
vt 0.06419 0.71837
vt 0.33132 0.49048
vt 0.44250 0.49048
vt 0.33085 0.44213
vt 0.17283 0.49048
vt 0.04101 0.65493
vt 0.33295 0.65493
vt 0.33132 0.49048
vt 0.03834 0.49048
vt 0.09177 0.16156
vt 0.32808 0.16156
vt 0.32685 0.03682
vt 0.21941 0.03682
vt 0.33085 0.44213
vt 0.03716 0.44213
vt 0.32970 0.32602
vt 0.69817 0.32602
vt 0.64207 0.16156
vt 0.33620 0.98385
vt 0.33457 0.81939
vt 0.10112 0.81939
vt 0.54988 0.03682
vt 0.03433 0.32602
vt 0.56727 0.81939
vt 0.68347 0.65493
vt 0.72497 0.49048
vt 0.73717 0.44213
vt 0.04101 0.65493
vt 0.33295 0.65493
vt 0.33132 0.49048
vt 0.03834 0.49048
vt 0.09177 0.16156
vt 0.32808 0.16156
vt 0.32685 0.03682
vt 0.21941 0.03682
vt 0.33085 0.44213
vt 0.03716 0.44213
vt 0.32970 0.32602
vt 0.69817 0.32602
vt 0.64207 0.16156
vt 0.33620 0.98385
vt 0.33457 0.81939
vt 0.10112 0.81939
vt 0.54988 0.03682
vt 0.03433 0.32602
vt 0.56727 0.81939
vt 0.68347 0.65493
vt 0.72497 0.49048
vt 0.73717 0.44213
vt 0.04101 0.65493
vt 0.33295 0.65493
vt 0.33132 0.49048
vt 0.03834 0.49048
vt 0.09177 0.16156
vt 0.32808 0.16156
vt 0.32685 0.03682
vt 0.21941 0.03682
vt 0.33085 0.44213
vt 0.03716 0.44213
vt 0.32970 0.32602
vt 0.69817 0.32602
vt 0.64207 0.16156
vt 0.33620 0.98385
vt 0.33457 0.81939
vt 0.10112 0.81939
vt 0.54988 0.03682
vt 0.03433 0.32602
vt 0.56727 0.81939
vt 0.68347 0.65493
vt 0.72497 0.49048
vt 0.73717 0.44213
vt 0.04101 0.65493
vt 0.33295 0.65493
vt 0.33132 0.49048
vt 0.03834 0.49048
vt 0.09177 0.16156
vt 0.32808 0.16156
vt 0.32685 0.03682
vt 0.21941 0.03682
vt 0.33085 0.44213
vt 0.03716 0.44213
vt 0.32970 0.32602
vt 0.69817 0.32602
vt 0.64207 0.16156
vt 0.33620 0.98385
vt 0.33457 0.81939
vt 0.10112 0.81939
vt 0.54988 0.03682
vt 0.03433 0.32602
vt 0.56727 0.81939
vt 0.68347 0.65493
vt 0.72497 0.49048
vt 0.73717 0.44213
vt 0.04101 0.65493
vt 0.03834 0.49048
vt 0.33132 0.49048
vt 0.33295 0.65493
vt 0.09177 0.16156
vt 0.21941 0.03682
vt 0.32685 0.03682
vt 0.32808 0.16156
vt 0.03716 0.44213
vt 0.33085 0.44213
vt 0.32970 0.32602
vt 0.64207 0.16156
vt 0.69817 0.32602
vt 0.33620 0.98385
vt 0.10112 0.81939
vt 0.33457 0.81939
vt 0.54988 0.03682
vt 0.03433 0.32602
vt 0.68347 0.65493
vt 0.56727 0.81939
vt 0.73717 0.44213
vt 0.72497 0.49048
vt 0.04101 0.65493
vt 0.33295 0.65493
vt 0.33132 0.49048
vt 0.03834 0.49048
vt 0.09177 0.16156
vt 0.32808 0.16156
vt 0.32685 0.03682
vt 0.21941 0.03682
vt 0.33085 0.44213
vt 0.03716 0.44213
vt 0.32970 0.32602
vt 0.69817 0.32602
vt 0.64207 0.16156
vt 0.33620 0.98385
vt 0.33457 0.81939
vt 0.10112 0.81939
vt 0.54988 0.03682
vt 0.03433 0.32602
vt 0.56727 0.81939
vt 0.68347 0.65493
vt 0.72497 0.49048
vt 0.73717 0.44213
vt 0.04101 0.65493
vt 0.33295 0.65493
vt 0.33132 0.49048
vt 0.03834 0.49048
vt 0.09177 0.16156
vt 0.32808 0.16156
vt 0.32685 0.03682
vt 0.21941 0.03682
vt 0.33085 0.44213
vt 0.03716 0.44213
vt 0.32970 0.32602
vt 0.69817 0.32602
vt 0.64207 0.16156
vt 0.33620 0.98385
vt 0.33457 0.81939
vt 0.10112 0.81939
vt 0.54988 0.03682
vt 0.03433 0.32602
vt 0.56727 0.81939
vt 0.68347 0.65493
vt 0.72497 0.49048
vt 0.73717 0.44213
vt 0.04101 0.65493
vt 0.33295 0.65493
vt 0.33132 0.49048
vt 0.03834 0.49048
vt 0.09177 0.16156
vt 0.32808 0.16156
vt 0.32685 0.03682
vt 0.21941 0.03682
vt 0.33085 0.44213
vt 0.03716 0.44213
vt 0.32970 0.32602
vt 0.69817 0.32602
vt 0.64207 0.16156
vt 0.33620 0.98385
vt 0.33457 0.81939
vt 0.10112 0.81939
vt 0.54988 0.03682
vt 0.03433 0.32602
vt 0.56727 0.81939
vt 0.68347 0.65493
vt 0.72497 0.49048
vt 0.73717 0.44213
vt 0.04101 0.65493
vt 0.33295 0.65493
vt 0.33132 0.49048
vt 0.03834 0.49048
vt 0.09177 0.16156
vt 0.32808 0.16156
vt 0.32685 0.03682
vt 0.21941 0.03682
vt 0.33085 0.44213
vt 0.03716 0.44213
vt 0.32970 0.32602
vt 0.69817 0.32602
vt 0.64207 0.16156
vt 0.33620 0.98385
vt 0.33457 0.81939
vt 0.10112 0.81939
vt 0.54988 0.03682
vt 0.03433 0.32602
vt 0.56727 0.81939
vt 0.68347 0.65493
vt 0.72497 0.49048
vt 0.73717 0.44213
vt 0.04101 0.65493
vt 0.03834 0.49048
vt 0.33132 0.49048
vt 0.33295 0.65493
vt 0.09177 0.16156
vt 0.21941 0.03682
vt 0.32685 0.03682
vt 0.32808 0.16156
vt 0.03716 0.44213
vt 0.33085 0.44213
vt 0.32970 0.32602
vt 0.64207 0.16156
vt 0.69817 0.32602
vt 0.33620 0.98385
vt 0.10112 0.81939
vt 0.33457 0.81939
vt 0.54988 0.03682
vt 0.03433 0.32602
vt 0.68347 0.65493
vt 0.56727 0.81939
vt 0.73717 0.44213
vt 0.72497 0.49048
vt 0.04101 0.65493
vt 0.33295 0.65493
vt 0.33132 0.49048
vt 0.03834 0.49048
vt 0.09177 0.16156
vt 0.32808 0.16156
vt 0.32685 0.03682
vt 0.21941 0.03682
vt 0.33085 0.44213
vt 0.03716 0.44213
vt 0.32970 0.32602
vt 0.69817 0.32602
vt 0.64207 0.16156
vt 0.33620 0.98385
vt 0.33457 0.81939
vt 0.10112 0.81939
vt 0.54988 0.03682
vt 0.03433 0.32602
vt 0.56727 0.81939
vt 0.68347 0.65493
vt 0.72497 0.49048
vt 0.73717 0.44213
vt 0.04101 0.65493
vt 0.33295 0.65493
vt 0.33132 0.49048
vt 0.03834 0.49048
vt 0.09177 0.16156
vt 0.32808 0.16156
vt 0.32685 0.03682
vt 0.21941 0.03682
vt 0.33085 0.44213
vt 0.03716 0.44213
vt 0.32970 0.32602
vt 0.69817 0.32602
vt 0.64207 0.16156
vt 0.33620 0.98385
vt 0.33457 0.81939
vt 0.10112 0.81939
vt 0.54988 0.03682
vt 0.03433 0.32602
vt 0.56727 0.81939
vt 0.68347 0.65493
vt 0.72497 0.49048
vt 0.73717 0.44213
vt 0.04101 0.65493
vt 0.33295 0.65493
vt 0.33132 0.49048
vt 0.03834 0.49048
vt 0.09177 0.16156
vt 0.32808 0.16156
vt 0.32685 0.03682
vt 0.21941 0.03682
vt 0.33085 0.44213
vt 0.03716 0.44213
vt 0.32970 0.32602
vt 0.69817 0.32602
vt 0.64207 0.16156
vt 0.33620 0.98385
vt 0.33457 0.81939
vt 0.10112 0.81939
vt 0.54988 0.03682
vt 0.03433 0.32602
vt 0.56727 0.81939
vt 0.68347 0.65493
vt 0.72497 0.49048
vt 0.73717 0.44213
vt 0.04101 0.65493
vt 0.33295 0.65493
vt 0.33132 0.49048
vt 0.03834 0.49048
vt 0.09177 0.16156
vt 0.32808 0.16156
vt 0.32685 0.03682
vt 0.21941 0.03682
vt 0.33085 0.44213
vt 0.03716 0.44213
vt 0.32970 0.32602
vt 0.69817 0.32602
vt 0.64207 0.16156
vt 0.33620 0.98385
vt 0.33457 0.81939
vt 0.10112 0.81939
vt 0.54988 0.03682
vt 0.03433 0.32602
vt 0.56727 0.81939
vt 0.68347 0.65493
vt 0.72497 0.49048
vt 0.73717 0.44213
vt 0.04101 0.65493
vt 0.03834 0.49048
vt 0.33132 0.49048
vt 0.33295 0.65493
vt 0.09177 0.16156
vt 0.21941 0.03682
vt 0.32685 0.03682
vt 0.32808 0.16156
vt 0.03716 0.44213
vt 0.33085 0.44213
vt 0.32970 0.32602
vt 0.64207 0.16156
vt 0.69817 0.32602
vt 0.33620 0.98385
vt 0.10112 0.81939
vt 0.33457 0.81939
vt 0.54988 0.03682
vt 0.03433 0.32602
vt 0.68347 0.65493
vt 0.56727 0.81939
vt 0.73717 0.44213
vt 0.72497 0.49048
vt 0.04101 0.65493
vt 0.33295 0.65493
vt 0.33132 0.49048
vt 0.03834 0.49048
vt 0.09177 0.16156
vt 0.32808 0.16156
vt 0.32685 0.03682
vt 0.21941 0.03682
vt 0.33085 0.44213
vt 0.03716 0.44213
vt 0.32970 0.32602
vt 0.69817 0.32602
vt 0.64207 0.16156
vt 0.33620 0.98385
vt 0.33457 0.81939
vt 0.10112 0.81939
vt 0.54988 0.03682
vt 0.03433 0.32602
vt 0.56727 0.81939
vt 0.68347 0.65493
vt 0.72497 0.49048
vt 0.73717 0.44213
vt 0.04101 0.65493
vt 0.33295 0.65493
vt 0.33132 0.49048
vt 0.03834 0.49048
vt 0.09177 0.16156
vt 0.32808 0.16156
vt 0.32685 0.03682
vt 0.21941 0.03682
vt 0.33085 0.44213
vt 0.03716 0.44213
vt 0.32970 0.32602
vt 0.69817 0.32602
vt 0.64207 0.16156
vt 0.33620 0.98385
vt 0.33457 0.81939
vt 0.10112 0.81939
vt 0.54988 0.03682
vt 0.03433 0.32602
vt 0.56727 0.81939
vt 0.68347 0.65493
vt 0.72497 0.49048
vt 0.73717 0.44213
vt 0.04101 0.65493
vt 0.33295 0.65493
vt 0.33132 0.49048
vt 0.03834 0.49048
vt 0.09177 0.16156
vt 0.32808 0.16156
vt 0.32685 0.03682
vt 0.21941 0.03682
vt 0.33085 0.44213
vt 0.03716 0.44213
vt 0.32970 0.32602
vt 0.69817 0.32602
vt 0.64207 0.16156
vt 0.33620 0.98385
vt 0.33457 0.81939
vt 0.10112 0.81939
vt 0.54988 0.03682
vt 0.03433 0.32602
vt 0.56727 0.81939
vt 0.68347 0.65493
vt 0.72497 0.49048
vt 0.73717 0.44213
vt 0.04101 0.65493
vt 0.33295 0.65493
vt 0.33132 0.49048
vt 0.03834 0.49048
vt 0.09177 0.16156
vt 0.32808 0.16156
vt 0.32685 0.03682
vt 0.21941 0.03682
vt 0.33085 0.44213
vt 0.03716 0.44213
vt 0.32970 0.32602
vt 0.69817 0.32602
vt 0.64207 0.16156
vt 0.33620 0.98385
vt 0.33457 0.81939
vt 0.10112 0.81939
vt 0.54988 0.03682
vt 0.03433 0.32602
vt 0.56727 0.81939
vt 0.68347 0.65493
vt 0.72497 0.49048
vt 0.73717 0.44213
vt 0.04101 0.65493
vt 0.03834 0.49048
vt 0.33132 0.49048
vt 0.33295 0.65493
vt 0.09177 0.16156
vt 0.21941 0.03682
vt 0.32685 0.03682
vt 0.32808 0.16156
vt 0.03716 0.44213
vt 0.33085 0.44213
vt 0.32970 0.32602
vt 0.64207 0.16156
vt 0.69817 0.32602
vt 0.33620 0.98385
vt 0.10112 0.81939
vt 0.33457 0.81939
vt 0.54988 0.03682
vt 0.03433 0.32602
vt 0.68347 0.65493
vt 0.56727 0.81939
vt 0.73717 0.44213
vt 0.72497 0.49048
vt 0.04101 0.65493
vt 0.33295 0.65493
vt 0.33132 0.49048
vt 0.03834 0.49048
vt 0.09177 0.16156
vt 0.32808 0.16156
vt 0.32685 0.03682
vt 0.21941 0.03682
vt 0.33085 0.44213
vt 0.03716 0.44213
vt 0.32970 0.32602
vt 0.69817 0.32602
vt 0.64207 0.16156
vt 0.33620 0.98385
vt 0.33457 0.81939
vt 0.10112 0.81939
vt 0.54988 0.03682
vt 0.03433 0.32602
vt 0.56727 0.81939
vt 0.68347 0.65493
vt 0.72497 0.49048
vt 0.73717 0.44213
vt 0.04101 0.65493
vt 0.33295 0.65493
vt 0.33132 0.49048
vt 0.03834 0.49048
vt 0.09177 0.16156
vt 0.32808 0.16156
vt 0.32685 0.03682
vt 0.21941 0.03682
vt 0.33085 0.44213
vt 0.03716 0.44213
vt 0.32970 0.32602
vt 0.69817 0.32602
vt 0.64207 0.16156
vt 0.33620 0.98385
vt 0.33457 0.81939
vt 0.10112 0.81939
vt 0.54988 0.03682
vt 0.03433 0.32602
vt 0.56727 0.81939
vt 0.68347 0.65493
vt 0.72497 0.49048
vt 0.73717 0.44213
vt 0.04101 0.65493
vt 0.33295 0.65493
vt 0.33132 0.49048
vt 0.03834 0.49048
vt 0.09177 0.16156
vt 0.32808 0.16156
vt 0.32685 0.03682
vt 0.21941 0.03682
vt 0.33085 0.44213
vt 0.03716 0.44213
vt 0.32970 0.32602
vt 0.69817 0.32602
vt 0.64207 0.16156
vt 0.33620 0.98385
vt 0.33457 0.81939
vt 0.10112 0.81939
vt 0.54988 0.03682
vt 0.03433 0.32602
vt 0.56727 0.81939
vt 0.68347 0.65493
vt 0.72497 0.49048
vt 0.73717 0.44213
vt 0.04101 0.65493
vt 0.33295 0.65493
vt 0.33132 0.49048
vt 0.03834 0.49048
vt 0.09177 0.16156
vt 0.32808 0.16156
vt 0.32685 0.03682
vt 0.21941 0.03682
vt 0.33085 0.44213
vt 0.03716 0.44213
vt 0.32970 0.32602
vt 0.69817 0.32602
vt 0.64207 0.16156
vt 0.33620 0.98385
vt 0.33457 0.81939
vt 0.10112 0.81939
vt 0.54988 0.03682
vt 0.03433 0.32602
vt 0.56727 0.81939
vt 0.68347 0.65493
vt 0.72497 0.49048
vt 0.73717 0.44213
vt 0.04101 0.65493
vt 0.03834 0.49048
vt 0.33132 0.49048
vt 0.33295 0.65493
vt 0.09177 0.16156
vt 0.21941 0.03682
vt 0.32685 0.03682
vt 0.32808 0.16156
vt 0.03716 0.44213
vt 0.33085 0.44213
vt 0.32970 0.32602
vt 0.64207 0.16156
vt 0.69817 0.32602
vt 0.33620 0.98385
vt 0.10112 0.81939
vt 0.33457 0.81939
vt 0.54988 0.03682
vt 0.03433 0.32602
vt 0.68347 0.65493
vt 0.56727 0.81939
vt 0.73717 0.44213
vt 0.72497 0.49048
vt 0.04101 0.65493
vt 0.33295 0.65493
vt 0.33132 0.49048
vt 0.03834 0.49048
vt 0.09177 0.16156
vt 0.32808 0.16156
vt 0.32685 0.03682
vt 0.21941 0.03682
vt 0.33085 0.44213
vt 0.03716 0.44213
vt 0.32970 0.32602
vt 0.69817 0.32602
vt 0.64207 0.16156
vt 0.33620 0.98385
vt 0.33457 0.81939
vt 0.10112 0.81939
vt 0.54988 0.03682
vt 0.03433 0.32602
vt 0.56727 0.81939
vt 0.68347 0.65493
vt 0.72497 0.49048
vt 0.73717 0.44213
vt 0.04101 0.65493
vt 0.33295 0.65493
vt 0.33132 0.49048
vt 0.03834 0.49048
vt 0.09177 0.16156
vt 0.32808 0.16156
vt 0.32685 0.03682
vt 0.21941 0.03682
vt 0.33085 0.44213
vt 0.03716 0.44213
vt 0.32970 0.32602
vt 0.69817 0.32602
vt 0.64207 0.16156
vt 0.33620 0.98385
vt 0.33457 0.81939
vt 0.10112 0.81939
vt 0.54988 0.03682
vt 0.03433 0.32602
vt 0.56727 0.81939
vt 0.68347 0.65493
vt 0.72497 0.49048
vt 0.73717 0.44213
vt 0.04101 0.65493
vt 0.33295 0.65493
vt 0.33132 0.49048
vt 0.03834 0.49048
vt 0.09177 0.16156
vt 0.32808 0.16156
vt 0.32685 0.03682
vt 0.21941 0.03682
vt 0.33085 0.44213
vt 0.03716 0.44213
vt 0.32970 0.32602
vt 0.69817 0.32602
vt 0.64207 0.16156
vt 0.33620 0.98385
vt 0.33457 0.81939
vt 0.10112 0.81939
vt 0.54988 0.03682
vt 0.03433 0.32602
vt 0.56727 0.81939
vt 0.68347 0.65493
vt 0.72497 0.49048
vt 0.73717 0.44213
vt 0.04101 0.65493
vt 0.33295 0.65493
vt 0.33132 0.49048
vt 0.03834 0.49048
vt 0.09177 0.16156
vt 0.32808 0.16156
vt 0.32685 0.03682
vt 0.21941 0.03682
vt 0.33085 0.44213
vt 0.03716 0.44213
vt 0.32970 0.32602
vt 0.69817 0.32602
vt 0.64207 0.16156
vt 0.33620 0.98385
vt 0.33457 0.81939
vt 0.10112 0.81939
vt 0.54988 0.03682
vt 0.03433 0.32602
vt 0.56727 0.81939
vt 0.68347 0.65493
vt 0.72497 0.49048
vt 0.73717 0.44213
vt 0.04101 0.65493
vt 0.03834 0.49048
vt 0.33132 0.49048
vt 0.33295 0.65493
vt 0.09177 0.16156
vt 0.21941 0.03682
vt 0.32685 0.03682
vt 0.32808 0.16156
vt 0.03716 0.44213
vt 0.33085 0.44213
vt 0.32970 0.32602
vt 0.64207 0.16156
vt 0.69817 0.32602
vt 0.33620 0.98385
vt 0.10112 0.81939
vt 0.33457 0.81939
vt 0.54988 0.03682
vt 0.03433 0.32602
vt 0.68347 0.65493
vt 0.56727 0.81939
vt 0.73717 0.44213
vt 0.72497 0.49048
vt 0.04101 0.65493
vt 0.33295 0.65493
vt 0.33132 0.49048
vt 0.03834 0.49048
vt 0.09177 0.16156
vt 0.32808 0.16156
vt 0.32685 0.03682
vt 0.21941 0.03682
vt 0.33085 0.44213
vt 0.03716 0.44213
vt 0.32970 0.32602
vt 0.69817 0.32602
vt 0.64207 0.16156
vt 0.33620 0.98385
vt 0.33457 0.81939
vt 0.10112 0.81939
vt 0.54988 0.03682
vt 0.03433 0.32602
vt 0.56727 0.81939
vt 0.68347 0.65493
vt 0.72497 0.49048
vt 0.73717 0.44213
vt 0.04101 0.65493
vt 0.33295 0.65493
vt 0.33132 0.49048
vt 0.03834 0.49048
vt 0.09177 0.16156
vt 0.32808 0.16156
vt 0.32685 0.03682
vt 0.21941 0.03682
vt 0.33085 0.44213
vt 0.03716 0.44213
vt 0.32970 0.32602
vt 0.69817 0.32602
vt 0.64207 0.16156
vt 0.33620 0.98385
vt 0.33457 0.81939
vt 0.10112 0.81939
vt 0.54988 0.03682
vt 0.03433 0.32602
vt 0.56727 0.81939
vt 0.68347 0.65493
vt 0.72497 0.49048
vt 0.73717 0.44213
vt 0.04101 0.65493
vt 0.33295 0.65493
vt 0.33132 0.49048
vt 0.03834 0.49048
vt 0.09177 0.16156
vt 0.32808 0.16156
vt 0.32685 0.03682
vt 0.21941 0.03682
vt 0.33085 0.44213
vt 0.03716 0.44213
vt 0.32970 0.32602
vt 0.69817 0.32602
vt 0.64207 0.16156
vt 0.33620 0.98385
vt 0.33457 0.81939
vt 0.10112 0.81939
vt 0.54988 0.03682
vt 0.03433 0.32602
vt 0.56727 0.81939
vt 0.68347 0.65493
vt 0.72497 0.49048
vt 0.73717 0.44213
vt 0.04101 0.65493
vt 0.33295 0.65493
vt 0.33132 0.49048
vt 0.03834 0.49048
vt 0.09177 0.16156
vt 0.32808 0.16156
vt 0.32685 0.03682
vt 0.21941 0.03682
vt 0.33085 0.44213
vt 0.03716 0.44213
vt 0.32970 0.32602
vt 0.69817 0.32602
vt 0.64207 0.16156
vt 0.33620 0.98385
vt 0.33457 0.81939
vt 0.10112 0.81939
vt 0.54988 0.03682
vt 0.03433 0.32602
vt 0.56727 0.81939
vt 0.68347 0.65493
vt 0.72497 0.49048
vt 0.73717 0.44213
vt 0.04101 0.65493
vt 0.03834 0.49048
vt 0.33132 0.49048
vt 0.33295 0.65493
vt 0.09177 0.16156
vt 0.21941 0.03682
vt 0.32685 0.03682
vt 0.32808 0.16156
vt 0.03716 0.44213
vt 0.33085 0.44213
vt 0.32970 0.32602
vt 0.64207 0.16156
vt 0.69817 0.32602
vt 0.33620 0.98385
vt 0.10112 0.81939
vt 0.33457 0.81939
vt 0.54988 0.03682
vt 0.03433 0.32602
vt 0.68347 0.65493
vt 0.56727 0.81939
vt 0.73717 0.44213
vt 0.72497 0.49048
vn 0.1161 -0.6447 -0.7555
vn 0.1404 -0.6376 -0.7574
vn 0.1531 -0.1461 -0.9774
vn 0.1213 -0.9399 -0.3191
vn 0.1349 -0.9328 -0.3341
vn 0.2429 -0.9091 -0.3385
vn 0.3357 -0.5972 -0.7285
vn 0.2660 -0.1603 -0.9506
vn 0.1590 -0.1614 -0.9740
vn 0.6426 -0.4787 -0.5983
vn 0.4865 -0.8140 -0.3174
vn 0.7510 -0.3943 -0.5296
vn 0.4825 -0.1410 -0.8645
vn -0.0631 -0.8212 -0.5671
vn -0.0511 -0.8342 -0.5491
vn 0.4671 -0.6871 -0.5566
vn -0.5426 -0.7602 -0.3574
vn -0.5255 -0.7730 -0.3555
vn -0.4802 -0.8332 -0.2743
vn 0.0080 -0.9253 -0.3792
vn 0.4656 -0.7552 -0.4614
vn 0.4544 -0.6977 -0.5539
vn 0.0972 -0.9943 -0.0439
vn -0.3624 -0.9300 -0.0608
vn 0.1498 -0.9836 0.1000
vn 0.4806 -0.8421 -0.2449
vn -0.3763 -0.6338 -0.6758
vn -0.3984 -0.6332 -0.6636
vn -0.3456 -0.9151 -0.2077
vn -0.3680 -0.1645 -0.9151
vn -0.3821 -0.1783 -0.9067
vn -0.4819 -0.1702 -0.8595
vn -0.5730 -0.5822 -0.5768
vn -0.4527 -0.8705 -0.1928
vn -0.3539 -0.9088 -0.2207
vn -0.8213 -0.4268 -0.3784
vn -0.6929 -0.1276 -0.7096
vn -0.8963 -0.3556 -0.2648
vn -0.6423 -0.7577 -0.1157
vn -0.2411 -0.4019 -0.8833
vn -0.2415 -0.3787 -0.8935
vn -0.6844 -0.1274 -0.7179
vn 0.2751 -0.4903 -0.8270
vn 0.2619 -0.4780 -0.8384
vn 0.2680 -0.3782 -0.8861
vn -0.1991 -0.1935 -0.9607
vn -0.6313 -0.0399 -0.7745
vn -0.6721 -0.1307 -0.7288
vn -0.0936 0.1433 -0.9853
vn 0.2844 -0.1244 -0.9506
vn -0.0607 0.2903 -0.9550
vn -0.5266 0.1602 -0.8348
vn 0.0539 -0.6148 -0.7868
vn 0.0670 -0.6312 -0.7727
vn 0.5631 -0.4329 -0.7039
vn -0.4349 -0.6725 -0.5989
vn -0.4164 -0.6833 -0.5998
vn -0.3663 -0.7597 -0.5372
vn 0.1323 -0.7620 -0.6338
vn 0.5675 -0.5261 -0.6334
vn 0.5517 -0.4451 -0.7054
vn 0.2201 -0.9183 -0.3289
vn -0.2433 -0.9027 -0.3549
vn 0.2671 -0.9457 -0.1852
vn 0.5871 -0.6718 -0.4517
vn -0.2432 -0.5179 -0.8201
vn -0.2606 -0.5304 -0.8067
vn -0.0051 -0.8761 -0.4822
vn -0.4681 -0.0456 -0.8825
vn -0.4737 -0.0659 -0.8782
vn -0.5560 -0.1155 -0.8231
vn -0.4178 -0.5867 -0.6938
vn -0.1149 -0.8885 -0.4441
vn -0.0178 -0.8707 -0.4916
vn -0.6565 -0.6167 -0.4344
vn -0.7287 -0.2123 -0.6510
vn -0.7261 -0.6199 -0.2975
vn -0.3113 -0.8956 -0.3177
vn -0.1274 -0.1893 -0.9737
vn -0.1410 -0.1680 -0.9757
vn -0.6194 -0.2528 -0.7432
vn 0.3638 -0.0036 -0.9315
vn 0.3446 0.0025 -0.9387
vn 0.2922 0.0993 -0.9512
vn -0.2090 0.0218 -0.9776
vn -0.6271 -0.1384 -0.7665
vn -0.6090 -0.2458 -0.7542
vn -0.2944 0.3532 -0.8881
vn 0.1676 0.3291 -0.9293
vn -0.3370 0.4789 -0.8106
vn -0.6488 0.0940 -0.7551
vn 0.2091 -0.2253 -0.9516
vn 0.2321 -0.2151 -0.9486
vn 0.1754 0.3203 -0.9309
vn 0.2548 -0.6793 -0.6881
vn 0.2673 -0.6647 -0.6977
vn 0.3709 -0.6280 -0.6842
vn 0.4196 -0.1673 -0.8922
vn 0.2892 0.3101 -0.9056
vn 0.1835 0.3060 -0.9342
vn 0.7061 -0.0805 -0.7035
vn 0.5983 -0.5220 -0.6078
vn 0.8012 -0.0221 -0.5980
vn 0.5004 0.3167 -0.8058
vn -0.1185 -0.3882 -0.9139
vn -0.2162 -0.2342 -0.9479
vn -0.3314 -0.3167 -0.8888
vn -0.1995 -0.5293 -0.8247
vn -0.0530 -0.6839 -0.7277
vn -0.1704 -0.2409 -0.9554
vn 0.0631 -0.1885 -0.9800
vn 0.2728 -0.6339 -0.7237
vn -0.3550 -0.3242 -0.8769
vn -0.2484 -0.6259 -0.7393
vn -0.3527 -0.2991 -0.8866
vn -0.4060 0.1127 -0.9069
vn -0.3500 0.2275 -0.9087
vn 0.0922 -0.0778 -0.9927
vn -0.0440 -0.1362 -0.9897
vn -0.0382 -0.3018 -0.9526
vn -0.1725 0.3293 -0.9283
vn -0.2254 -0.6611 -0.7157
vn -0.1798 -0.0209 -0.9835
vn -0.3233 -0.0798 -0.9430
vn -0.4282 -0.0653 -0.9013
vn -0.4304 0.0131 -0.9026
vn 0.2870 -0.4392 -0.8513
vn 0.1282 -0.5062 -0.8528
vn 0.1855 -0.6079 -0.7720
vn 0.3918 -0.5025 -0.7707
vn 0.5537 -0.1886 -0.8110
vn 0.1407 -0.4516 -0.8810
vn 0.0544 -0.2565 -0.9650
vn 0.4867 0.0929 -0.8687
vn 0.1976 -0.6204 -0.7590
vn 0.4690 -0.4631 -0.7520
vn 0.2078 -0.5997 -0.7727
vn -0.1510 -0.7343 -0.6618
vn -0.2625 -0.6822 -0.6825
vn -0.0457 -0.2358 -0.9708
vn 0.0244 -0.3503 -0.9363
vn 0.2072 -0.3270 -0.9220
vn -0.3966 -0.5249 -0.7532
vn 0.5216 -0.3707 -0.7684
vn -0.0795 -0.4822 -0.8724
vn -0.0285 -0.5778 -0.8157
vn -0.0408 -0.6793 -0.7328
vn -0.0900 -0.7253 -0.6824
vn 0.1524 -0.4389 -0.8855
vn -0.0901 -0.3873 -0.9175
vn -0.1289 -0.5443 -0.8289
vn 0.1907 -0.6169 -0.7637
vn 0.3485 -0.5568 -0.7540
vn -0.1207 -0.3948 -0.9109
vn -0.0239 -0.1725 -0.9847
vn 0.5049 -0.2686 -0.8203
vn -0.1671 -0.5890 -0.7907
vn 0.2111 -0.7016 -0.6805
vn -0.1819 -0.5810 -0.7933
vn -0.5649 -0.3497 -0.7474
vn -0.5908 -0.2315 -0.7729
vn -0.0779 -0.0834 -0.9935
vn -0.0902 -0.2009 -0.9755
vn 0.1105 -0.2764 -0.9546
vn -0.5482 -0.0208 -0.8361
vn 0.2372 -0.6904 -0.6834
vn -0.2916 -0.2346 -0.9273
vn -0.3382 -0.3261 -0.8828
vn -0.4409 -0.3826 -0.8119
vn -0.5184 -0.3843 -0.7640
vn -0.3093 0.0903 -0.9467
vn -0.1548 0.1415 -0.9777
vn -0.1897 0.2436 -0.9511
vn -0.4026 0.1785 -0.8978
vn -0.6272 -0.0341 -0.7781
vn -0.1864 0.0580 -0.9808
vn -0.1702 -0.1589 -0.9725
vn -0.6348 -0.3195 -0.7035
vn -0.1914 0.2254 -0.9553
vn -0.4869 0.1618 -0.8584
vn -0.1939 0.2170 -0.9567
vn 0.1920 0.2674 -0.9443
vn 0.2802 0.2325 -0.9314
vn -0.0583 -0.1768 -0.9825
vn -0.1007 -0.0438 -0.9940
vn -0.2600 -0.0402 -0.9647
vn 0.3691 0.0608 -0.9274
vn -0.5518 0.1130 -0.8264
vn 0.0233 0.0845 -0.9962
vn 0.0024 0.2025 -0.9793
vn 0.0416 0.2895 -0.9563
vn 0.1166 0.2844 -0.9516
vn 0.3261 -0.3279 -0.8866
vn 0.4101 -0.3979 -0.8207
vn 0.4085 -0.1740 -0.8960
vn 0.3209 -0.1710 -0.9315
vn 0.3452 -0.6529 -0.6742
vn 0.0592 -0.7648 -0.6416
vn 0.0572 -0.2973 -0.9530
vn 0.2670 -0.2338 -0.9349
vn 0.4187 -0.4946 -0.7616
vn 0.3947 -0.1912 -0.8987
vn 0.4097 -0.1875 -0.8928
vn 0.2283 0.2670 -0.9363
vn 0.2959 0.1990 -0.9343
vn -0.0041 -0.2095 -0.9778
vn 0.2014 -0.3295 -0.9224
vn 0.1385 -0.1933 -0.9714
vn 0.0366 0.2800 -0.9593
vn 0.4310 -0.5541 -0.7121
vn 0.3181 -0.0044 -0.9480
vn 0.2042 -0.0340 -0.9783
vn 0.3418 0.1359 -0.9299
vn 0.3774 0.0687 -0.9235
vn -0.5886 0.0428 -0.8073
vn -0.4676 0.1700 -0.8674
vn -0.5568 0.2656 -0.7870
vn -0.7207 0.0929 -0.6870
vn -0.8192 -0.0826 -0.5676
vn -0.4666 0.1239 -0.8758
vn -0.3756 -0.0939 -0.9220
vn -0.7062 -0.3914 -0.5899
vn -0.5661 0.2872 -0.7727
vn -0.8048 0.1206 -0.5812
vn -0.5436 0.2902 -0.7875
vn -0.1644 0.4262 -0.8896
vn -0.0438 0.3946 -0.9178
vn -0.2665 -0.0999 -0.9586
vn -0.3486 0.0216 -0.9370
vn -0.4982 -0.0180 -0.8668
vn 0.0846 0.2416 -0.9667
vn -0.8288 0.0908 -0.5521
vn -0.2638 0.1780 -0.9481
vn -0.3399 0.3063 -0.8892
vn -0.3379 0.4116 -0.8464
vn -0.2636 0.4297 -0.8637
vn -0.5440 -0.3649 -0.7555
vn -0.6399 -0.2230 -0.7354
vn -0.7088 -0.3003 -0.6383
vn -0.5671 -0.4808 -0.6688
vn -0.2432 -0.5755 -0.7808
vn -0.5911 -0.2240 -0.7748
vn -0.4392 -0.0993 -0.8928
vn 0.0009 -0.4522 -0.8919
vn -0.7156 -0.3148 -0.6236
vn -0.5101 -0.5487 -0.6624
vn -0.6967 -0.3205 -0.6418
vn -0.8728 0.0028 -0.4880
vn -0.8494 0.1227 -0.5134
vn -0.4404 0.0029 -0.8978
vn -0.5289 -0.0891 -0.8441
vn -0.4674 -0.2636 -0.8438
vn -0.7402 0.2863 -0.6083
vn -0.4147 -0.5812 -0.7001
vn -0.6621 -0.0146 -0.7493
vn -0.7315 -0.0844 -0.6766
vn -0.8135 -0.0935 -0.5740
vn -0.8566 -0.0550 -0.5129
vn -0.5776 -0.2329 -0.7823
vn -0.5829 0.0154 -0.8124
vn -0.7220 0.0208 -0.6916
vn -0.7146 -0.3073 -0.6284
vn -0.6240 -0.4496 -0.6392
vn -0.5947 0.0437 -0.8028
vn -0.3784 -0.0056 -0.9256
vn -0.3313 -0.5438 -0.7711
vn -0.7642 0.0489 -0.6430
vn -0.7741 -0.3450 -0.5307
vn -0.7601 0.0650 -0.6466
vn -0.6044 0.4867 -0.6306
vn -0.5019 0.5362 -0.6786
vn -0.3056 0.0656 -0.9499
vn -0.4167 0.0535 -0.9075
vn -0.4450 -0.1584 -0.8814
vn -0.3052 0.5377 -0.7859
vn -0.7589 -0.3682 -0.5371
vn -0.4786 0.2436 -0.8435
vn -0.5659 0.2703 -0.7789
vn -0.6253 0.3590 -0.6929
vn -0.6320 0.4342 -0.6419
vn -0.1751 0.3271 -0.9286
vn -0.1022 0.1865 -0.9771
vn -0.0057 0.2412 -0.9704
vn -0.0988 0.4361 -0.8945
vn -0.3212 0.6121 -0.7226
vn -0.1891 0.2005 -0.9613
vn -0.3917 0.1404 -0.9093
vn -0.5801 0.5611 -0.5905
vn -0.0244 0.2392 -0.9706
vn -0.1230 0.5150 -0.8484
vn -0.0332 0.2400 -0.9702
vn 0.0938 -0.1278 -0.9874
vn 0.0805 -0.2213 -0.9718
vn -0.3888 0.0274 -0.9209
vn -0.2724 0.0959 -0.9574
vn -0.2941 0.2524 -0.9218
vn -0.0654 -0.3431 -0.9370
vn -0.1758 0.5684 -0.8038
vn -0.1255 0.0006 -0.9921
vn -0.0132 0.0449 -0.9989
vn 0.0827 0.0241 -0.9962
vn 0.0936 -0.0504 -0.9943
vn -0.4374 -0.3804 -0.8149
vn -0.4738 -0.4772 -0.7401
vn -0.2757 -0.4298 -0.8598
vn -0.2977 -0.3431 -0.8909
vn -0.6997 -0.4665 -0.5411
vn -0.8563 -0.2093 -0.4722
vn -0.4752 -0.1105 -0.8730
vn -0.3691 -0.3030 -0.8786
vn -0.5522 -0.5056 -0.6629
vn -0.2955 -0.4197 -0.8583
vn -0.2878 -0.4337 -0.8539
vn 0.1022 -0.1633 -0.9813
vn 0.0509 -0.2434 -0.9686
vn -0.4085 -0.0324 -0.9121
vn -0.4710 -0.2584 -0.8434
vn -0.3634 -0.1688 -0.9162
vn 0.0720 0.0271 -0.9971
vn -0.5962 -0.5302 -0.6029
vn -0.1423 -0.3064 -0.9412
vn -0.1995 -0.2008 -0.9591
vn 0.0006 -0.3012 -0.9536
vn -0.0554 -0.3497 -0.9353
vn -0.3079 0.0451 -0.9503
vn -0.3458 0.2226 -0.9115
vn -0.4789 0.1639 -0.8624
vn -0.4283 -0.0866 -0.8995
vn -0.3412 -0.3036 -0.8896
vn -0.3061 0.2055 -0.9296
vn -0.0714 0.1881 -0.9795
vn -0.0197 -0.3625 -0.9318
vn -0.5029 0.1603 -0.8493
vn -0.5031 -0.1880 -0.8435
vn -0.4924 0.1852 -0.8504
vn -0.3955 0.5683 -0.7216
vn -0.3022 0.6517 -0.6957
vn -0.0053 0.2804 -0.9599
vn -0.1529 0.2705 -0.9505
vn -0.2046 0.1103 -0.9726
vn -0.1016 0.6929 -0.7138
vn -0.4928 -0.2348 -0.8379
vn -0.2376 0.4108 -0.8802
vn -0.3899 0.3885 -0.8350
vn -0.4796 0.4179 -0.7716
vn -0.4535 0.4873 -0.7462
vn 0.0554 -0.1487 -0.9874
vn -0.1167 -0.1573 -0.9806
vn -0.0947 -0.2944 -0.9509
vn 0.1353 -0.2670 -0.9542
vn 0.3962 -0.0283 -0.9177
vn -0.0872 -0.1029 -0.9908
vn -0.1030 0.1258 -0.9867
vn 0.4312 0.2598 -0.8641
vn -0.0870 -0.3140 -0.9454
vn 0.2226 -0.2638 -0.9386
vn -0.0711 -0.2939 -0.9532
vn -0.4464 -0.3421 -0.8268
vn -0.5329 -0.2543 -0.8071
vn -0.1891 0.1771 -0.9659
vn -0.1627 0.0425 -0.9857
vn 0.0168 0.0006 -0.9998
vn -0.6057 -0.0488 -0.7942
vn 0.3036 -0.1932 -0.9330
vn -0.3028 -0.0646 -0.9509
vn -0.2859 -0.1853 -0.9402
vn -0.3285 -0.3014 -0.8951
vn -0.3877 -0.3454 -0.8546
vn -0.0720 -0.0938 -0.9930
vn -0.2815 0.0385 -0.9588
vn -0.3683 -0.1199 -0.9219
vn -0.0926 -0.3070 -0.9472
vn 0.0765 -0.3073 -0.9485
vn -0.3122 0.0390 -0.9492
vn -0.1469 0.2307 -0.9619
vn 0.3214 -0.0794 -0.9435
vn -0.4175 -0.1615 -0.8943
vn -0.0987 -0.4188 -0.9027
vn -0.4286 -0.1490 -0.8911
vn -0.6991 0.1540 -0.6982
vn -0.6825 0.2747 -0.6773
vn -0.1658 0.3285 -0.9298
vn -0.2182 0.2230 -0.9501
vn -0.0571 0.0870 -0.9946
vn -0.5712 0.4691 -0.6736
vn -0.0705 -0.4160 -0.9066
vn -0.4148 0.2378 -0.8783
vn -0.4882 0.1556 -0.8588
vn -0.5997 0.1113 -0.7924
vn -0.6694 0.1156 -0.7339
vn -0.3159 0.5338 -0.7844
vn -0.1558 0.5425 -0.8255
vn -0.1498 0.6322 -0.7602
vn -0.3681 0.6211 -0.6919
vn -0.6459 0.4600 -0.6093
vn -0.2153 0.4805 -0.8502
vn -0.2776 0.2833 -0.9180
vn -0.7507 0.1853 -0.6342
vn -0.1582 0.6184 -0.7698
vn -0.4500 0.6178 -0.6449
vn -0.1638 0.6123 -0.7735
vn 0.2145 0.5319 -0.8191
vn 0.2850 0.4693 -0.8358
vn -0.1804 0.2369 -0.9547
vn -0.1728 0.3702 -0.9127
vn -0.3180 0.4117 -0.8540
vn 0.3064 0.2906 -0.9065
vn -0.5260 0.5831 -0.6192
vn -0.0115 0.4445 -0.8957
vn 0.0125 0.5474 -0.8368
vn 0.0817 0.6024 -0.7941
vn 0.1500 0.5729 -0.8058
vn 0.1295 -0.0504 -0.9903
vn 0.1867 -0.1625 -0.9689
vn 0.2609 0.0617 -0.9634
vn 0.1780 0.1050 -0.9784
vn 0.0441 -0.4203 -0.9063
vn -0.2604 -0.4415 -0.8587
vn -0.1141 0.0847 -0.9899
vn 0.1051 0.0683 -0.9922
vn 0.1637 -0.2719 -0.9483
vn 0.2416 0.0521 -0.9689
vn 0.2573 0.0483 -0.9651
vn 0.2487 0.5173 -0.8189
vn 0.2874 0.4363 -0.8527
vn -0.1413 0.1897 -0.9716
vn 0.0105 0.0004 -0.9999
vn -0.0023 0.1572 -0.9875
vn 0.0734 0.5968 -0.7990
vn 0.1571 -0.3463 -0.9248
vn 0.2342 0.2574 -0.9375
vn 0.1156 0.2783 -0.9536
vn 0.3078 0.3654 -0.8785
vn 0.3172 0.2934 -0.9018
vn -0.3457 0.1093 -0.9320
vn -0.4498 0.2445 -0.8590
vn -0.5455 0.1286 -0.8281
vn -0.4005 -0.0670 -0.9139
vn -0.2332 -0.2276 -0.9454
vn -0.4074 0.2489 -0.8786
vn -0.1883 0.3381 -0.9221
vn 0.0825 -0.1422 -0.9864
vn -0.5653 0.1130 -0.8171
vn -0.4254 -0.1991 -0.8828
vn -0.5658 0.1397 -0.8126
vn -0.6248 0.4945 -0.6042
vn -0.5717 0.6012 -0.5582
vn -0.1639 0.4430 -0.8814
vn -0.2945 0.3729 -0.8799
vn -0.2785 0.2136 -0.9364
vn -0.4058 0.7225 -0.5598
vn -0.3969 -0.2378 -0.8865
vn -0.4249 0.4497 -0.7856
vn -0.5529 0.3594 -0.7517
vn -0.6438 0.3365 -0.6872
vn -0.6466 0.4039 -0.6471
vn 0.0626 0.0901 -0.9940
vn -0.0911 0.0118 -0.9958
vn -0.0144 -0.1077 -0.9941
vn 0.1847 0.0100 -0.9827
vn 0.3293 0.3207 -0.8881
vn -0.0864 0.0743 -0.9935
vn -0.1925 0.2712 -0.9431
vn 0.2482 0.5810 -0.7752
vn 0.0008 -0.1232 -0.9923
vn 0.2641 0.0449 -0.9635
vn 0.0070 -0.0973 -0.9952
vn -0.3108 -0.3171 -0.8960
vn -0.4243 -0.2776 -0.8619
vn -0.2908 0.2781 -0.9155
vn -0.2136 0.1726 -0.9616
vn -0.0333 0.2104 -0.9770
vn -0.5728 -0.1261 -0.8099
vn 0.3101 0.1393 -0.9404
vn -0.2970 0.0136 -0.9548
vn -0.2326 -0.0896 -0.9684
vn -0.2227 -0.2195 -0.9498
vn -0.2572 -0.2908 -0.9216
vn -0.0763 0.0890 -0.9932
vn -0.3194 0.1158 -0.9405
vn -0.3333 -0.0680 -0.9404
vn -0.0072 -0.1189 -0.9929
vn 0.1475 -0.0507 -0.9878
vn -0.3471 0.1019 -0.9322
vn -0.2736 0.3421 -0.8989
vn 0.2801 0.2503 -0.9267
vn -0.3601 -0.1306 -0.9237
vn 0.0343 -0.2301 -0.9726
vn -0.3752 -0.1246 -0.9186
vn -0.7350 -0.0023 -0.6780
vn -0.7673 0.1079 -0.6322
vn -0.3286 0.4152 -0.8483
vn -0.3351 0.3042 -0.8917
vn -0.1354 0.2567 -0.9570
vn -0.7434 0.3255 -0.5843
vn 0.0587 -0.2156 -0.9747
vn -0.5174 0.2235 -0.8260
vn -0.5505 0.1167 -0.8267
vn -0.6315 0.0188 -0.7751
vn -0.6941 -0.0173 -0.7196
vn -0.5413 0.5085 -0.6696
vn -0.4002 0.5891 -0.7019
vn -0.4278 0.6583 -0.6194
vn -0.6195 0.5467 -0.5633
vn -0.8049 0.2742 -0.5262
vn -0.4311 0.5148 -0.7410
vn -0.4121 0.3276 -0.8503
vn -0.7916 -0.0081 -0.6110
vn -0.4304 0.6445 -0.6320
vn -0.6908 0.5011 -0.5211
vn -0.4331 0.6377 -0.6370
vn -0.0571 0.7275 -0.6838
vn 0.0317 0.7034 -0.7101
vn -0.3063 0.3327 -0.8919
vn -0.3509 0.4462 -0.8232
vn -0.4975 0.4129 -0.7629
vn 0.1195 0.5668 -0.8151
vn -0.7451 0.4344 -0.5060
vn -0.2324 0.5740 -0.7851
vn -0.2489 0.6635 -0.7055
vn -0.2057 0.7318 -0.6498
vn -0.1319 0.7354 -0.6647
vn 0.0907 0.2083 -0.9739
vn 0.1892 0.1269 -0.9737
vn 0.1672 0.3558 -0.9195
vn 0.0733 0.3641 -0.9284
vn 0.1653 -0.1733 -0.9709
vn -0.1024 -0.3245 -0.9403
vn -0.1863 0.2307 -0.9551
vn 0.0206 0.3047 -0.9522
vn 0.2131 0.0159 -0.9769
vn 0.1531 0.3406 -0.9276
vn 0.1692 0.3428 -0.9240
vn -0.0200 0.7282 -0.6851
vn 0.0462 0.6783 -0.7333
vn -0.2525 0.3098 -0.9167
vn -0.0390 0.2077 -0.9774
vn -0.1132 0.3400 -0.9336
vn -0.2112 0.7245 -0.6561
vn 0.2379 -0.0580 -0.9695
vn 0.0655 0.5144 -0.8551
vn -0.0522 0.4886 -0.8709
vn 0.0922 0.6285 -0.7722
vn 0.1286 0.5728 -0.8096
vn -0.3423 0.2403 -0.9083
vn -0.4935 0.2975 -0.8172
vn -0.5349 0.1503 -0.8315
vn -0.3214 0.0597 -0.9450
vn -0.1029 -0.0078 -0.9947
vn -0.4563 0.3233 -0.8290
vn -0.2911 0.4978 -0.8170
vn 0.1520 0.1995 -0.9681
vn -0.5469 0.1258 -0.8277
vn -0.2914 -0.0746 -0.9537
vn -0.5582 0.1477 -0.8165
vn -0.7597 0.3741 -0.5319
vn -0.7552 0.4741 -0.4526
vn -0.3121 0.5869 -0.7471
vn -0.4031 0.4753 -0.7820
vn -0.3230 0.3586 -0.8758
vn -0.6524 0.6440 -0.3994
vn -0.2497 -0.0966 -0.9635
vn -0.5552 0.4649 -0.6896
vn -0.6364 0.3269 -0.6987
vn -0.7116 0.2531 -0.6555
vn -0.7421 0.2991 -0.5998
vn 0.0399 0.3975 -0.9167
vn -0.0688 0.2709 -0.9602
vn 0.0496 0.1949 -0.9796
vn 0.1838 0.3705 -0.9105
vn 0.1885 0.6697 -0.7183
vn -0.0900 0.3267 -0.9408
vn -0.2675 0.4438 -0.8553
vn 0.0069 0.8332 -0.5529
vn 0.0696 0.1866 -0.9800
vn 0.2419 0.4256 -0.8719
vn 0.0649 0.2125 -0.9750
vn -0.1387 -0.1305 -0.9817
vn -0.2590 -0.1492 -0.9543
vn -0.3607 0.4042 -0.8406
vn -0.2466 0.3549 -0.9018
vn -0.0966 0.4613 -0.8819
vn -0.4571 -0.0885 -0.8850
vn 0.2453 0.5191 -0.8187
vn -0.2587 0.1818 -0.9487
vn -0.1578 0.1201 -0.9801
vn -0.0966 0.0046 -0.9953
vn -0.0998 -0.0794 -0.9918
vn -0.0866 0.3433 -0.9352
vn -0.3207 0.2586 -0.9112
vn -0.2591 0.0923 -0.9615
vn 0.0607 0.1876 -0.9804
vn 0.1744 0.3047 -0.9363
vn -0.3406 0.2334 -0.9108
vn -0.3712 0.4619 -0.8055
vn 0.1729 0.6007 -0.7805
vn -0.2587 0.0222 -0.9657
vn 0.1431 0.0999 -0.9846
vn -0.2750 0.0203 -0.9612
vn -0.6581 -0.0811 -0.7486
vn -0.7330 -0.0105 -0.6801
vn -0.4521 0.4899 -0.7454
vn -0.4123 0.4031 -0.8171
vn -0.2092 0.4570 -0.8645
vn -0.8001 0.1750 -0.5738
vn 0.1596 0.1226 -0.9795
vn -0.5477 0.2435 -0.8005
vn -0.5347 0.1375 -0.8338
vn -0.5701 0.0057 -0.8216
vn -0.6137 -0.0663 -0.7867
vn -0.6877 0.4376 -0.5793
vn -0.5907 0.5715 -0.5697
vn -0.6454 0.5971 -0.4764
vn -0.7767 0.4097 -0.4784
vn -0.8368 0.0894 -0.5402
vn -0.5881 0.5063 -0.6307
vn -0.4928 0.3820 -0.7818
vn -0.7088 -0.1276 -0.6938
vn -0.6420 0.5878 -0.4922
vn -0.8243 0.3301 -0.4600
vn -0.6417 0.5823 -0.4993
vn -0.3332 0.8181 -0.4687
vn -0.2419 0.8386 -0.4881
vn -0.3975 0.4391 -0.8058
vn -0.4855 0.5011 -0.7163
vn -0.6072 0.3982 -0.6876
vn -0.1043 0.7837 -0.6124
vn -0.8473 0.2465 -0.4705
vn -0.4296 0.6469 -0.6301
vn -0.4824 0.6954 -0.5326
vn -0.4715 0.7551 -0.4555
vn -0.4052 0.7908 -0.4588
vn 0.0175 0.5057 -0.8625
vn 0.1403 0.4720 -0.8704
vn 0.0266 0.6480 -0.7612
vn -0.0623 0.6221 -0.7804
vn 0.2399 0.1991 -0.9502
vn 0.0557 -0.0443 -0.9974
vn -0.2453 0.4142 -0.8765
vn -0.0861 0.5571 -0.8260
vn 0.2072 0.3848 -0.8995
vn 0.0201 0.6317 -0.7749
vn 0.0338 0.6387 -0.7688
vn -0.2996 0.8332 -0.4648
vn -0.2180 0.8291 -0.5149
vn -0.3385 0.4469 -0.8281
vn -0.1009 0.4569 -0.8838
vn -0.2229 0.5315 -0.8172
vn -0.4735 0.7485 -0.4643
vn 0.2597 0.3274 -0.9085
vn -0.1318 0.7290 -0.6718
vn -0.2285 0.6663 -0.7098
vn -0.1550 0.8145 -0.5590
vn -0.0985 0.7906 -0.6043
vn 0.2170 0.5266 -0.8220
vn 0.1040 0.4067 -0.9076
vn 0.2319 0.3224 -0.9178
vn 0.3922 0.4767 -0.7867
vn 0.5007 0.6023 -0.6217
vn 0.0925 0.4482 -0.8891
vn -0.0430 0.6177 -0.7852
vn 0.3405 0.8289 -0.4439
vn 0.2494 0.3013 -0.9203
vn 0.5146 0.4355 -0.7386
vn 0.2237 0.2978 -0.9280
vn -0.1378 0.1009 -0.9853
vn -0.2630 0.0982 -0.9598
vn -0.1570 0.6016 -0.7833
vn -0.0548 0.5197 -0.8526
vn 0.1019 0.5724 -0.8137
vn -0.4228 0.2025 -0.8833
vn 0.5433 0.4554 -0.7054
vn -0.1109 0.3662 -0.9239
vn 0.0018 0.2600 -0.9656
vn 0.0339 0.1532 -0.9877
vn -0.0373 0.1204 -0.9920
vn 0.1323 0.8253 -0.5491
vn 0.2495 0.7318 -0.6342
vn 0.3381 0.7760 -0.5325
vn 0.1690 0.8903 -0.4229
vn -0.1832 0.9074 -0.3781
vn 0.1896 0.7335 -0.6527
vn 0.0253 0.6310 -0.7754
vn -0.4283 0.7714 -0.4706
vn 0.3478 0.7837 -0.5146
vn 0.1093 0.9240 -0.3665
vn 0.3226 0.7901 -0.5212
vn 0.5945 0.5146 -0.6179
vn 0.5823 0.4187 -0.6968
vn 0.0406 0.5491 -0.8348
vn 0.1273 0.6315 -0.7649
vn 0.0441 0.7546 -0.6547
vn 0.4720 0.2884 -0.8330
vn 0.0030 0.9350 -0.3546
vn 0.2973 0.5733 -0.7635
vn 0.3778 0.6224 -0.6855
vn 0.4913 0.6123 -0.6195
vn 0.5607 0.5680 -0.6026
vn 0.1730 0.7396 -0.6505
vn 0.2054 0.5495 -0.8099
vn 0.3801 0.5388 -0.7518
vn 0.3461 0.7793 -0.5223
vn 0.2372 0.8708 -0.4307
vn 0.2244 0.5258 -0.8205
vn -0.0277 0.5473 -0.8365
vn -0.0946 0.9071 -0.4100
vn 0.4420 0.5085 -0.7390
vn 0.4327 0.7874 -0.4390
vn 0.4395 0.4953 -0.7494
vn 0.3725 0.0862 -0.9240
vn 0.2687 0.0315 -0.9627
vn -0.0918 0.4743 -0.8756
vn 0.0235 0.5034 -0.8638
vn 0.0256 0.6767 -0.7358
vn 0.0485 0.0107 -0.9987
vn 0.4128 0.8042 -0.4277
vn 0.1352 0.3390 -0.9311
vn 0.2440 0.3180 -0.9161
vn 0.3461 0.2267 -0.9104
vn 0.3845 0.1440 -0.9118
vn -0.1594 0.2039 -0.9659
vn -0.2671 0.3168 -0.9102
vn -0.3428 0.2354 -0.9094
vn -0.1974 0.0724 -0.9776
vn 0.1000 -0.0735 -0.9922
vn -0.1801 0.3279 -0.9274
vn 0.0141 0.4238 -0.9056
vn 0.3784 -0.0015 -0.9257
vn -0.3264 0.2436 -0.9133
vn -0.1446 -0.0051 -0.9895
vn -0.3181 0.2458 -0.9157
vn -0.4983 0.5139 -0.6982
vn -0.4952 0.5889 -0.6388
vn -0.0112 0.5215 -0.8532
vn -0.1200 0.4412 -0.8894
vn -0.0612 0.3034 -0.9509
vn -0.3689 0.7241 -0.5827
vn -0.0706 -0.0511 -0.9962
vn -0.2816 0.4851 -0.8279
vn -0.3788 0.4130 -0.8282
vn -0.4677 0.3962 -0.7901
vn -0.4886 0.4532 -0.7456
vn 0.0098 0.8279 -0.5607
vn 0.0571 0.8871 -0.4580
vn -0.1620 0.8334 -0.5284
vn -0.1407 0.7831 -0.6057
vn 0.3420 0.8669 -0.3626
vn 0.5520 0.6772 -0.4866
vn 0.0639 0.6437 -0.7626
vn -0.0648 0.7690 -0.6359
vn 0.1541 0.9030 -0.4010
vn -0.1419 0.8311 -0.5377
vn -0.1494 0.8381 -0.5246
vn -0.5093 0.5377 -0.6720
vn -0.4706 0.6159 -0.6319
vn 0.0005 0.5738 -0.8191
vn 0.0483 0.7514 -0.6581
vn -0.0635 0.6728 -0.7371
vn -0.4579 0.3977 -0.7952
vn 0.2138 0.9116 -0.3510
vn -0.2952 0.7220 -0.6258
vn -0.2338 0.6622 -0.7119
vn -0.4284 0.6742 -0.6016
vn -0.3782 0.7253 -0.5752
vn -0.2927 0.6235 -0.7250
vn -0.4165 0.6828 -0.6003
vn -0.4999 0.5663 -0.6553
vn -0.3273 0.4684 -0.8206
vn -0.1406 0.3676 -0.9193
vn -0.3738 0.7003 -0.6082
vn -0.1642 0.8096 -0.5635
vn 0.1648 0.4777 -0.8629
vn -0.5184 0.5461 -0.6581
vn -0.3386 0.3427 -0.8763
vn -0.5223 0.5648 -0.6389
vn -0.6366 0.7219 -0.2714
vn -0.5996 0.7830 -0.1654
vn -0.1551 0.8709 -0.4664
vn -0.2764 0.8066 -0.5225
vn -0.2380 0.7134 -0.6591
vn -0.4493 0.8903 -0.0751
vn -0.3057 0.3154 -0.8984
vn -0.4209 0.8050 -0.4181
vn -0.5395 0.7054 -0.4598
vn -0.6312 0.6437 -0.4328
vn -0.6446 0.6736 -0.3615
vn 0.1183 0.6673 -0.7353
vn -0.0245 0.5972 -0.8017
vn 0.0653 0.5046 -0.8609
vn 0.2480 0.6030 -0.7581
vn 0.3484 0.8037 -0.4823
vn -0.0275 0.6462 -0.7626
vn -0.1591 0.7683 -0.6200
vn 0.2298 0.9407 -0.2494
vn 0.0820 0.4920 -0.8668
vn 0.3212 0.6239 -0.7125
vn 0.0853 0.5148 -0.8531
vn -0.2104 0.2621 -0.9418
vn -0.3298 0.2674 -0.9055
vn -0.2591 0.7520 -0.6061
vn -0.1672 0.6991 -0.6952
vn 0.0081 0.7484 -0.6632
vn -0.4982 0.3497 -0.7935
vn 0.3541 0.6884 -0.6330
vn -0.2316 0.5630 -0.7934
vn -0.1547 0.4920 -0.8567
vn -0.1309 0.3773 -0.9168
vn -0.1587 0.3014 -0.9402
vn -0.0192 0.6583 -0.7525
vn -0.2667 0.6352 -0.7248
vn -0.2589 0.4870 -0.8342
vn 0.0737 0.4953 -0.8656
vn 0.2186 0.5554 -0.8023
vn -0.2932 0.6176 -0.7298
vn -0.2507 0.7944 -0.5532
vn 0.3106 0.7676 -0.5606
vn -0.2794 0.4254 -0.8608
vn 0.1264 0.3963 -0.9094
vn -0.2953 0.4264 -0.8550
vn -0.6824 0.3616 -0.6353
vn -0.7304 0.4209 -0.5381
vn -0.3173 0.8199 -0.4766
vn -0.3078 0.7563 -0.5773
vn -0.0999 0.7680 -0.6325
vn -0.7355 0.5681 -0.3692
vn 0.1491 0.4106 -0.8995
vn -0.4833 0.6426 -0.5945
vn -0.5035 0.5555 -0.6617
vn -0.5757 0.4420 -0.6879
vn -0.6373 0.3766 -0.6724
vn -0.5510 0.7767 -0.3052
vn -0.4185 0.8683 -0.2664
vn -0.4594 0.8731 -0.1632
vn -0.6402 0.7397 -0.2074
vn -0.7944 0.4891 -0.3603
vn -0.4377 0.8303 -0.3450
vn -0.3895 0.7462 -0.5399
vn -0.7423 0.3139 -0.5921
vn -0.4595 0.8694 -0.1816
vn -0.7083 0.6742 -0.2092
vn -0.4612 0.8667 -0.1899
vn -0.0959 0.9871 -0.1281
vn -0.0034 0.9883 -0.1524
vn -0.2826 0.7809 -0.5572
vn -0.3447 0.8286 -0.4411
vn -0.4901 0.7579 -0.4305
vn 0.1068 0.9462 -0.3056
vn -0.7553 0.6088 -0.2428
vn -0.2449 0.9149 -0.3210
vn -0.2771 0.9383 -0.2068
vn -0.2461 0.9622 -0.1169
vn -0.1723 0.9780 -0.1176
vn 0.1310 0.7516 -0.6465
vn 0.2380 0.6917 -0.6818
vn 0.1857 0.8417 -0.5070
vn 0.0923 0.8486 -0.5210
vn 0.2495 0.4480 -0.8585
vn -0.0001 0.2940 -0.9558
vn -0.1475 0.7433 -0.6525
vn 0.0487 0.8122 -0.5813
vn 0.2750 0.6059 -0.7466
vn 0.1742 0.8336 -0.5242
vn 0.1896 0.8341 -0.5180
vn -0.0592 0.9905 -0.1243
vn 0.0155 0.9828 -0.1839
vn -0.2249 0.7802 -0.5837
vn 0.0028 0.7462 -0.6657
vn -0.0891 0.8221 -0.5624
vn -0.2502 0.9598 -0.1269
vn 0.3079 0.5436 -0.7808
vn 0.0619 0.9249 -0.3750
vn -0.0505 0.9073 -0.4174
vn 0.0695 0.9686 -0.2386
vn 0.1146 0.9481 -0.2966
usemtl Tree_Bark
f 1//1 2//2 3//3
f 1//1 3//3 4//4
f 1//1 4//4 5//5
f 1//1 5//5 6//6
f 1//1 6//6 7//7
f 1//1 7//7 8//8
f 1//1 8//8 9//9
f 1//1 9//9 2//2
f 10//10 11//11 12//12
f 10//10 12//12 13//13
f 10//10 13//13 14//14
f 10//10 14//14 15//15
f 10//10 15//15 16//16
f 10//10 16//16 17//17
f 10//10 17//17 18//18
f 10//10 18//18 11//11
f 19//19 20//20 9//9
f 19//19 9//9 8//8
f 19//19 8//8 7//7
f 19//19 7//7 21//21
f 19//19 21//21 14//14
f 19//19 14//14 13//13
f 19//19 13//13 12//12
f 19//19 12//12 20//20
f 22//22 23//23 18//18
f 22//22 18//18 17//17
f 22//22 17//17 16//16
f 22//22 16//16 24//24
f 22//22 24//24 5//5
f 22//22 5//5 4//4
f 22//22 4//4 3//3
f 22//22 3//3 23//23
f 25//25 26//26 27//27
f 25//25 27//27 28//28
f 25//25 28//28 29//29
f 25//25 29//29 30//30
f 25//25 30//30 31//31
f 25//25 31//31 32//32
f 25//25 32//32 33//33
f 25//25 33//33 26//26
f 34//34 35//35 36//36
f 34//34 36//36 37//37
f 34//34 37//37 38//38
f 34//34 38//38 39//39
f 34//34 39//39 40//40
f 34//34 40//40 41//41
f 34//34 41//41 42//42
f 34//34 42//42 35//35
f 43//43 44//44 42//42
f 43//43 42//42 41//41
f 43//43 41//41 40//40
f 43//43 40//40 45//45
f 43//43 45//45 29//29
f 43//43 29//29 28//28
f 43//43 28//28 27//27
f 43//43 27//27 44//44
f 46//46 47//47 33//33
f 46//46 33//33 32//32
f 46//46 32//32 31//31
f 46//46 31//31 48//48
f 46//46 48//48 38//38
f 46//46 38//38 37//37
f 46//46 37//37 36//36
f 46//46 36//36 47//47
f 49//49 15//15 14//14
f 49//49 14//14 50//50
f 49//49 50//50 51//51
f 49//49 51//51 52//52
f 49//49 52//52 53//53
f 49//49 53//53 54//54
f 49//49 54//54 16//16
f 49//49 16//16 15//15
f 55//55 6//6 5//5
f 55//55 5//5 56//56
f 55//55 56//56 57//57
f 55//55 57//57 58//58
f 55//55 58//58 59//59
f 55//55 59//59 60//60
f 55//55 60//60 7//7
f 55//55 7//7 6//6
f 61//61 24//24 16//16
f 61//61 16//16 54//54
f 61//61 54//54 53//53
f 61//61 53//53 62//62
f 61//61 62//62 57//57
f 61//61 57//57 56//56
f 61//61 56//56 5//5
f 61//61 5//5 24//24
f 63//63 21//21 7//7
f 63//63 7//7 60//60
f 63//63 60//60 59//59
f 63//63 59//59 64//64
f 63//63 64//64 51//51
f 63//63 51//51 50//50
f 63//63 50//50 14//14
f 63//63 14//14 21//21
f 65//65 39//39 38//38
f 65//65 38//38 48//48
f 65//65 48//48 31//31
f 65//65 31//31 30//30
f 65//65 30//30 29//29
f 65//65 29//29 45//45
f 65//65 45//45 40//40
f 65//65 40//40 39//39
f 66//66 52//52 51//51
f 66//66 51//51 67//67
f 66//66 67//67 33//33
f 66//66 33//33 47//47
f 66//66 47//47 36//36
f 66//66 36//36 68//68
f 66//66 68//68 53//53
f 66//66 53//53 52//52
f 69//69 58//58 57//57
f 69//69 57//57 70//70
f 69//69 70//70 42//42
f 69//69 42//42 44//44
f 69//69 44//44 27//27
f 69//69 27//27 71//71
f 69//69 71//71 59//59
f 69//69 59//59 58//58
f 72//72 62//62 53//53
f 72//72 53//53 68//68
f 72//72 68//68 36//36
f 72//72 36//36 35//35
f 72//72 35//35 42//42
f 72//72 42//42 70//70
f 72//72 70//70 57//57
f 72//72 57//57 62//62
f 73//73 64//64 59//59
f 73//73 59//59 71//71
f 73//73 71//71 27//27
f 73//73 27//27 26//26
f 73//73 26//26 33//33
f 73//73 33//33 67//67
f 73//73 67//67 51//51
f 73//73 51//51 64//64
f 74//74 75//75 76//76
f 74//74 76//76 77//77
f 74//74 77//77 78//78
f 74//74 78//78 79//79
f 74//74 79//79 80//80
f 74//74 80//80 81//81
f 74//74 81//81 82//82
f 74//74 82//82 75//75
f 83//83 84//84 85//85
f 83//83 85//85 86//86
f 83//83 86//86 87//87
f 83//83 87//87 88//88
f 83//83 88//88 89//89
f 83//83 89//89 90//90
f 83//83 90//90 91//91
f 83//83 91//91 84//84
f 92//92 93//93 91//91
f 92//92 91//91 90//90
f 92//92 90//90 89//89
f 92//92 89//89 94//94
f 92//92 94//94 78//78
f 92//92 78//78 77//77
f 92//92 77//77 76//76
f 92//92 76//76 93//93
f 95//95 96//96 82//82
f 95//95 82//82 81//81
f 95//95 81//81 80//80
f 95//95 80//80 97//97
f 95//95 97//97 87//87
f 95//95 87//87 86//86
f 95//95 86//86 85//85
f 95//95 85//85 96//96
f 98//98 99//99 100//100
f 98//98 100//100 101//101
f 98//98 101//101 102//102
f 98//98 102//102 103//103
f 98//98 103//103 104//104
f 98//98 104//104 105//105
f 98//98 105//105 106//106
f 98//98 106//106 99//99
f 107//107 108//108 109//109
f 107//107 109//109 110//110
f 107//107 110//110 111//111
f 107//107 111//111 112//112
f 107//107 112//112 113//113
f 107//107 113//113 114//114
f 107//107 114//114 115//115
f 107//107 115//115 108//108
f 116//116 117//117 106//106
f 116//116 106//106 105//105
f 116//116 105//105 104//104
f 116//116 104//104 118//118
f 116//116 118//118 111//111
f 116//116 111//111 110//110
f 116//116 110//110 109//109
f 116//116 109//109 117//117
f 119//119 120//120 115//115
f 119//119 115//115 114//114
f 119//119 114//114 113//113
f 119//119 113//113 121//121
f 119//119 121//121 102//102
f 119//119 102//102 101//101
f 119//119 101//101 100//100
f 119//119 100//100 120//120
f 122//122 88//88 87//87
f 122//122 87//87 97//97
f 122//122 97//97 80//80
f 122//122 80//80 79//79
f 122//122 79//79 78//78
f 122//122 78//78 94//94
f 122//122 94//94 89//89
f 122//122 89//89 88//88
f 123//123 103//103 102//102
f 123//123 102//102 124//124
f 123//123 124//124 82//82
f 123//123 82//82 96//96
f 123//123 96//96 85//85
f 123//123 85//85 125//125
f 123//123 125//125 104//104
f 123//123 104//104 103//103
f 126//126 112//112 111//111
f 126//126 111//111 127//127
f 126//126 127//127 91//91
f 126//126 91//91 93//93
f 126//126 93//93 76//76
f 126//126 76//76 128//128
f 126//126 128//128 113//113
f 126//126 113//113 112//112
f 129//129 118//118 104//104
f 129//129 104//104 125//125
f 129//129 125//125 85//85
f 129//129 85//85 84//84
f 129//129 84//84 91//91
f 129//129 91//91 127//127
f 129//129 127//127 111//111
f 129//129 111//111 118//118
f 130//130 121//121 113//113
f 130//130 113//113 128//128
f 130//130 128//128 76//76
f 130//130 76//76 75//75
f 130//130 75//75 82//82
f 130//130 82//82 124//124
f 130//130 124//124 102//102
f 130//130 102//102 121//121
f 131//131 132//132 133//133
f 131//131 133//133 134//134
f 131//131 134//134 135//135
f 131//131 135//135 136//136
f 131//131 136//136 137//137
f 131//131 137//137 138//138
f 131//131 138//138 139//139
f 131//131 139//139 132//132
f 140//140 141//141 142//142
f 140//140 142//142 143//143
f 140//140 143//143 144//144
f 140//140 144//144 145//145
f 140//140 145//145 146//146
f 140//140 146//146 147//147
f 140//140 147//147 148//148
f 140//140 148//148 141//141
f 149//149 150//150 148//148
f 149//149 148//148 147//147
f 149//149 147//147 146//146
f 149//149 146//146 151//151
f 149//149 151//151 135//135
f 149//149 135//135 134//134
f 149//149 134//134 133//133
f 149//149 133//133 150//150
f 152//152 153//153 139//139
f 152//152 139//139 138//138
f 152//152 138//138 137//137
f 152//152 137//137 154//154
f 152//152 154//154 144//144
f 152//152 144//144 143//143
f 152//152 143//143 142//142
f 152//152 142//142 153//153
f 155//155 136//136 135//135
f 155//155 135//135 156//156
f 155//155 156//156 18//18
f 155//155 18//18 23//23
f 155//155 23//23 3//3
f 155//155 3//3 157//157
f 155//155 157//157 137//137
f 155//155 137//137 136//136
f 158//158 145//145 144//144
f 158//158 144//144 159//159
f 158//158 159//159 9//9
f 158//158 9//9 20//20
f 158//158 20//20 12//12
f 158//158 12//12 160//160
f 158//158 160//160 146//146
f 158//158 146//146 145//145
f 161//161 151//151 146//146
f 161//161 146//146 160//160
f 161//161 160//160 12//12
f 161//161 12//12 11//11
f 161//161 11//11 18//18
f 161//161 18//18 156//156
f 161//161 156//156 135//135
f 161//161 135//135 151//151
f 162//162 154//154 137//137
f 162//162 137//137 157//157
f 162//162 157//157 3//3
f 162//162 3//3 2//2
f 162//162 2//2 9//9
f 162//162 9//9 159//159
f 162//162 159//159 144//144
f 162//162 144//144 154//154
f 163//163 164//164 165//165
f 163//163 165//165 166//166
f 163//163 166//166 167//167
f 163//163 167//167 168//168
f 163//163 168//168 169//169
f 163//163 169//169 170//170
f 163//163 170//170 171//171
f 163//163 171//171 164//164
f 172//172 173//173 174//174
f 172//172 174//174 175//175
f 172//172 175//175 176//176
f 172//172 176//176 177//177
f 172//172 177//177 178//178
f 172//172 178//178 179//179
f 172//172 179//179 180//180
f 172//172 180//180 173//173
f 181//181 182//182 171//171
f 181//181 171//171 170//170
f 181//181 170//170 169//169
f 181//181 169//169 183//183
f 181//181 183//183 176//176
f 181//181 176//176 175//175
f 181//181 175//175 174//174
f 181//181 174//174 182//182
f 184//184 185//185 180//180
f 184//184 180//180 179//179
f 184//184 179//179 178//178
f 184//184 178//178 186//186
f 184//184 186//186 167//167
f 184//184 167//167 166//166
f 184//184 166//166 165//165
f 184//184 165//165 185//185
f 187//187 188//188 189//189
f 187//187 189//189 190//190
f 187//187 190//190 191//191
f 187//187 191//191 192//192
f 187//187 192//192 193//193
f 187//187 193//193 194//194
f 187//187 194//194 195//195
f 187//187 195//195 188//188
f 196//196 197//197 198//198
f 196//196 198//198 199//199
f 196//196 199//199 200//200
f 196//196 200//200 201//201
f 196//196 201//201 202//202
f 196//196 202//202 203//203
f 196//196 203//203 204//204
f 196//196 204//204 197//197
f 205//205 206//206 195//195
f 205//205 195//195 194//194
f 205//205 194//194 193//193
f 205//205 193//193 207//207
f 205//205 207//207 200//200
f 205//205 200//200 199//199
f 205//205 199//199 198//198
f 205//205 198//198 206//206
f 208//208 209//209 204//204
f 208//208 204//204 203//203
f 208//208 203//203 202//202
f 208//208 202//202 210//210
f 208//208 210//210 191//191
f 208//208 191//191 190//190
f 208//208 190//190 189//189
f 208//208 189//189 209//209
f 211//211 183//183 169//169
f 211//211 169//169 168//168
f 211//211 168//168 167//167
f 211//211 167//167 186//186
f 211//211 186//186 178//178
f 211//211 178//178 177//177
f 211//211 177//177 176//176
f 211//211 176//176 183//183
f 212//212 192//192 191//191
f 212//212 191//191 213//213
f 212//212 213//213 165//165
f 212//212 165//165 164//164
f 212//212 164//164 171//171
f 212//212 171//171 214//214
f 212//212 214//214 193//193
f 212//212 193//193 192//192
f 215//215 201//201 200//200
f 215//215 200//200 216//216
f 215//215 216//216 174//174
f 215//215 174//174 173//173
f 215//215 173//173 180//180
f 215//215 180//180 217//217
f 215//215 217//217 202//202
f 215//215 202//202 201//201
f 218//218 207//207 193//193
f 218//218 193//193 214//214
f 218//218 214//214 171//171
f 218//218 171//171 182//182
f 218//218 182//182 174//174
f 218//218 174//174 216//216
f 218//218 216//216 200//200
f 218//218 200//200 207//207
f 219//219 210//210 202//202
f 219//219 202//202 217//217
f 219//219 217//217 180//180
f 219//219 180//180 185//185
f 219//219 185//185 165//165
f 219//219 165//165 213//213
f 219//219 213//213 191//191
f 219//219 191//191 210//210
f 220//220 221//221 222//222
f 220//220 222//222 223//223
f 220//220 223//223 224//224
f 220//220 224//224 225//225
f 220//220 225//225 226//226
f 220//220 226//226 227//227
f 220//220 227//227 228//228
f 220//220 228//228 221//221
f 229//229 230//230 231//231
f 229//229 231//231 232//232
f 229//229 232//232 233//233
f 229//229 233//233 234//234
f 229//229 234//234 235//235
f 229//229 235//235 236//236
f 229//229 236//236 237//237
f 229//229 237//237 230//230
f 238//238 239//239 228//228
f 238//238 228//228 227//227
f 238//238 227//227 226//226
f 238//238 226//226 240//240
f 238//238 240//240 233//233
f 238//238 233//233 232//232
f 238//238 232//232 231//231
f 238//238 231//231 239//239
f 241//241 242//242 237//237
f 241//241 237//237 236//236
f 241//241 236//236 235//235
f 241//241 235//235 243//243
f 241//241 243//243 224//224
f 241//241 224//224 223//223
f 241//241 223//223 222//222
f 241//241 222//222 242//242
f 244//244 245//245 246//246
f 244//244 246//246 247//247
f 244//244 247//247 231//231
f 244//244 231//231 230//230
f 244//244 230//230 237//237
f 244//244 237//237 248//248
f 244//244 248//248 249//249
f 244//244 249//249 245//245
f 250//250 251//251 252//252
f 250//250 252//252 253//253
f 250//250 253//253 228//228
f 250//250 228//228 239//239
f 250//250 239//239 231//231
f 250//250 231//231 247//247
f 250//250 247//247 246//246
f 250//250 246//246 251//251
f 254//254 255//255 249//249
f 254//254 249//249 248//248
f 254//254 248//248 237//237
f 254//254 237//237 242//242
f 254//254 242//242 222//222
f 254//254 222//222 256//256
f 254//254 256//256 257//257
f 254//254 257//257 255//255
f 258//258 240//240 226//226
f 258//258 226//226 225//225
f 258//258 225//225 224//224
f 258//258 224//224 243//243
f 258//258 243//243 235//235
f 258//258 235//235 234//234
f 258//258 234//234 233//233
f 258//258 233//233 240//240
f 259//259 260//260 257//257
f 259//259 257//257 256//256
f 259//259 256//256 222//222
f 259//259 222//222 221//221
f 259//259 221//221 228//228
f 259//259 228//228 253//253
f 259//259 253//253 252//252
f 259//259 252//252 260//260
f 261//261 262//262 263//263
f 261//261 263//263 264//264
f 261//261 264//264 257//257
f 261//261 257//257 260//260
f 261//261 260//260 252//252
f 261//261 252//252 265//265
f 261//261 265//265 266//266
f 261//261 266//266 262//262
f 267//267 268//268 269//269
f 267//267 269//269 270//270
f 267//267 270//270 249//249
f 267//267 249//249 255//255
f 267//267 255//255 257//257
f 267//267 257//257 264//264
f 267//267 264//264 263//263
f 267//267 263//263 268//268
f 271//271 272//272 266//266
f 271//271 266//266 265//265
f 271//271 265//265 252//252
f 271//271 252//252 251//251
f 271//271 251//251 246//246
f 271//271 246//246 273//273
f 271//271 273//273 274//274
f 271//271 274//274 272//272
f 275//275 276//276 274//274
f 275//275 274//274 273//273
f 275//275 273//273 246//246
f 275//275 246//246 245//245
f 275//275 245//245 249//249
f 275//275 249//249 270//270
f 275//275 270//270 269//269
f 275//275 269//269 276//276
f 277//277 278//278 279//279
f 277//277 279//279 280//280
f 277//277 280//280 281//281
f 277//277 281//281 282//282
f 277//277 282//282 283//283
f 277//277 283//283 284//284
f 277//277 284//284 285//285
f 277//277 285//285 278//278
f 286//286 287//287 288//288
f 286//286 288//288 289//289
f 286//286 289//289 290//290
f 286//286 290//290 291//291
f 286//286 291//291 292//292
f 286//286 292//292 293//293
f 286//286 293//293 294//294
f 286//286 294//294 287//287
f 295//295 296//296 285//285
f 295//295 285//285 284//284
f 295//295 284//284 283//283
f 295//295 283//283 297//297
f 295//295 297//297 290//290
f 295//295 290//290 289//289
f 295//295 289//289 288//288
f 295//295 288//288 296//296
f 298//298 299//299 294//294
f 298//298 294//294 293//293
f 298//298 293//293 292//292
f 298//298 292//292 300//300
f 298//298 300//300 281//281
f 298//298 281//281 280//280
f 298//298 280//280 279//279
f 298//298 279//279 299//299
f 301//301 302//302 303//303
f 301//301 303//303 304//304
f 301//301 304//304 288//288
f 301//301 288//288 287//287
f 301//301 287//287 294//294
f 301//301 294//294 305//305
f 301//301 305//305 306//306
f 301//301 306//306 302//302
f 307//307 308//308 309//309
f 307//307 309//309 310//310
f 307//307 310//310 285//285
f 307//307 285//285 296//296
f 307//307 296//296 288//288
f 307//307 288//288 304//304
f 307//307 304//304 303//303
f 307//307 303//303 308//308
f 311//311 312//312 306//306
f 311//311 306//306 305//305
f 311//311 305//305 294//294
f 311//311 294//294 299//299
f 311//311 299//299 279//279
f 311//311 279//279 313//313
f 311//311 313//313 314//314
f 311//311 314//314 312//312
f 315//315 297//297 283//283
f 315//315 283//283 282//282
f 315//315 282//282 281//281
f 315//315 281//281 300//300
f 315//315 300//300 292//292
f 315//315 292//292 291//291
f 315//315 291//291 290//290
f 315//315 290//290 297//297
f 316//316 317//317 314//314
f 316//316 314//314 313//313
f 316//316 313//313 279//279
f 316//316 279//279 278//278
f 316//316 278//278 285//285
f 316//316 285//285 310//310
f 316//316 310//310 309//309
f 316//316 309//309 317//317
f 318//318 319//319 320//320
f 318//318 320//320 321//321
f 318//318 321//321 314//314
f 318//318 314//314 317//317
f 318//318 317//317 309//309
f 318//318 309//309 322//322
f 318//318 322//322 323//323
f 318//318 323//323 319//319
f 324//324 325//325 326//326
f 324//324 326//326 327//327
f 324//324 327//327 306//306
f 324//324 306//306 312//312
f 324//324 312//312 314//314
f 324//324 314//314 321//321
f 324//324 321//321 320//320
f 324//324 320//320 325//325
f 328//328 329//329 323//323
f 328//328 323//323 322//322
f 328//328 322//322 309//309
f 328//328 309//309 308//308
f 328//328 308//308 303//303
f 328//328 303//303 330//330
f 328//328 330//330 331//331
f 328//328 331//331 329//329
f 332//332 333//333 331//331
f 332//332 331//331 330//330
f 332//332 330//330 303//303
f 332//332 303//303 302//302
f 332//332 302//302 306//306
f 332//332 306//306 327//327
f 332//332 327//327 326//326
f 332//332 326//326 333//333
f 334//334 335//335 336//336
f 334//334 336//336 337//337
f 334//334 337//337 338//338
f 334//334 338//338 339//339
f 334//334 339//339 340//340
f 334//334 340//340 341//341
f 334//334 341//341 342//342
f 334//334 342//342 335//335
f 343//343 344//344 345//345
f 343//343 345//345 346//346
f 343//343 346//346 347//347
f 343//343 347//347 348//348
f 343//343 348//348 349//349
f 343//343 349//349 350//350
f 343//343 350//350 351//351
f 343//343 351//351 344//344
f 352//352 353//353 342//342
f 352//352 342//342 341//341
f 352//352 341//341 340//340
f 352//352 340//340 354//354
f 352//352 354//354 347//347
f 352//352 347//347 346//346
f 352//352 346//346 345//345
f 352//352 345//345 353//353
f 355//355 356//356 351//351
f 355//355 351//351 350//350
f 355//355 350//350 349//349
f 355//355 349//349 357//357
f 355//355 357//357 338//338
f 355//355 338//338 337//337
f 355//355 337//337 336//336
f 355//355 336//336 356//356
f 358//358 359//359 360//360
f 358//358 360//360 361//361
f 358//358 361//361 345//345
f 358//358 345//345 344//344
f 358//358 344//344 351//351
f 358//358 351//351 362//362
f 358//358 362//362 363//363
f 358//358 363//363 359//359
f 364//364 365//365 366//366
f 364//364 366//366 367//367
f 364//364 367//367 342//342
f 364//364 342//342 353//353
f 364//364 353//353 345//345
f 364//364 345//345 361//361
f 364//364 361//361 360//360
f 364//364 360//360 365//365
f 368//368 369//369 363//363
f 368//368 363//363 362//362
f 368//368 362//362 351//351
f 368//368 351//351 356//356
f 368//368 356//356 336//336
f 368//368 336//336 370//370
f 368//368 370//370 371//371
f 368//368 371//371 369//369
f 372//372 354//354 340//340
f 372//372 340//340 339//339
f 372//372 339//339 338//338
f 372//372 338//338 357//357
f 372//372 357//357 349//349
f 372//372 349//349 348//348
f 372//372 348//348 347//347
f 372//372 347//347 354//354
f 373//373 374//374 371//371
f 373//373 371//371 370//370
f 373//373 370//370 336//336
f 373//373 336//336 335//335
f 373//373 335//335 342//342
f 373//373 342//342 367//367
f 373//373 367//367 366//366
f 373//373 366//366 374//374
f 375//375 376//376 377//377
f 375//375 377//377 378//378
f 375//375 378//378 371//371
f 375//375 371//371 374//374
f 375//375 374//374 366//366
f 375//375 366//366 379//379
f 375//375 379//379 380//380
f 375//375 380//380 376//376
f 381//381 382//382 383//383
f 381//381 383//383 384//384
f 381//381 384//384 363//363
f 381//381 363//363 369//369
f 381//381 369//369 371//371
f 381//381 371//371 378//378
f 381//381 378//378 377//377
f 381//381 377//377 382//382
f 385//385 386//386 380//380
f 385//385 380//380 379//379
f 385//385 379//379 366//366
f 385//385 366//366 365//365
f 385//385 365//365 360//360
f 385//385 360//360 387//387
f 385//385 387//387 388//388
f 385//385 388//388 386//386
f 389//389 390//390 388//388
f 389//389 388//388 387//387
f 389//389 387//387 360//360
f 389//389 360//360 359//359
f 389//389 359//359 363//363
f 389//389 363//363 384//384
f 389//389 384//384 383//383
f 389//389 383//383 390//390
f 391//391 392//392 393//393
f 391//391 393//393 394//394
f 391//391 394//394 395//395
f 391//391 395//395 396//396
f 391//391 396//396 397//397
f 391//391 397//397 398//398
f 391//391 398//398 399//399
f 391//391 399//399 392//392
f 400//400 401//401 402//402
f 400//400 402//402 403//403
f 400//400 403//403 404//404
f 400//400 404//404 405//405
f 400//400 405//405 406//406
f 400//400 406//406 407//407
f 400//400 407//407 408//408
f 400//400 408//408 401//401
f 409//409 410//410 399//399
f 409//409 399//399 398//398
f 409//409 398//398 397//397
f 409//409 397//397 411//411
f 409//409 411//411 404//404
f 409//409 404//404 403//403
f 409//409 403//403 402//402
f 409//409 402//402 410//410
f 412//412 413//413 408//408
f 412//412 408//408 407//407
f 412//412 407//407 406//406
f 412//412 406//406 414//414
f 412//412 414//414 395//395
f 412//412 395//395 394//394
f 412//412 394//394 393//393
f 412//412 393//393 413//413
f 415//415 416//416 417//417
f 415//415 417//417 418//418
f 415//415 418//418 402//402
f 415//415 402//402 401//401
f 415//415 401//401 408//408
f 415//415 408//408 419//419
f 415//415 419//419 420//420
f 415//415 420//420 416//416
f 421//421 422//422 423//423
f 421//421 423//423 424//424
f 421//421 424//424 399//399
f 421//421 399//399 410//410
f 421//421 410//410 402//402
f 421//421 402//402 418//418
f 421//421 418//418 417//417
f 421//421 417//417 422//422
f 425//425 426//426 420//420
f 425//425 420//420 419//419
f 425//425 419//419 408//408
f 425//425 408//408 413//413
f 425//425 413//413 393//393
f 425//425 393//393 427//427
f 425//425 427//427 428//428
f 425//425 428//428 426//426
f 429//429 411//411 397//397
f 429//429 397//397 396//396
f 429//429 396//396 395//395
f 429//429 395//395 414//414
f 429//429 414//414 406//406
f 429//429 406//406 405//405
f 429//429 405//405 404//404
f 429//429 404//404 411//411
f 430//430 431//431 428//428
f 430//430 428//428 427//427
f 430//430 427//427 393//393
f 430//430 393//393 392//392
f 430//430 392//392 399//399
f 430//430 399//399 424//424
f 430//430 424//424 423//423
f 430//430 423//423 431//431
f 432//432 433//433 434//434
f 432//432 434//434 435//435
f 432//432 435//435 428//428
f 432//432 428//428 431//431
f 432//432 431//431 423//423
f 432//432 423//423 436//436
f 432//432 436//436 437//437
f 432//432 437//437 433//433
f 438//438 439//439 440//440
f 438//438 440//440 441//441
f 438//438 441//441 420//420
f 438//438 420//420 426//426
f 438//438 426//426 428//428
f 438//438 428//428 435//435
f 438//438 435//435 434//434
f 438//438 434//434 439//439
f 442//442 443//443 437//437
f 442//442 437//437 436//436
f 442//442 436//436 423//423
f 442//442 423//423 422//422
f 442//442 422//422 417//417
f 442//442 417//417 444//444
f 442//442 444//444 445//445
f 442//442 445//445 443//443
f 446//446 447//447 445//445
f 446//446 445//445 444//444
f 446//446 444//444 417//417
f 446//446 417//417 416//416
f 446//446 416//416 420//420
f 446//446 420//420 441//441
f 446//446 441//441 440//440
f 446//446 440//440 447//447
usemtl Tree_Leaves
f 448/1/448 449/2/449 450/3/450
f 449/2/449 451/4/451 452/5/452
f 449/2/449 452/5/452 453/6/453
f 449/2/449 453/6/453 454/7/454
f 450/3/450 449/2/449 454/7/454
f 450/3/450 454/7/454 455/8/455
f 450/3/450 455/8/455 456/9/456
f 457/10/457 458/11/458 459/12/459
f 449/2/449 448/1/448 451/4/451
f 454/7/454 453/6/453 458/11/458
f 454/7/454 458/11/458 457/10/457
f 459/12/459 460/13/460 457/10/457
f 460/13/460 455/8/455 454/7/454
f 460/13/460 454/7/454 457/10/457
f 461/14/461 462/15/462 463/16/463
f 462/15/462 464/17/464 465/18/465
f 462/15/462 465/18/465 466/19/466
f 462/15/462 466/19/466 467/20/467
f 463/16/463 462/15/462 467/20/467
f 463/16/463 467/20/467 468/21/468
f 463/16/463 468/21/468 469/22/469
f 470/23/470 471/24/471 472/25/472
f 462/15/462 461/14/461 464/17/464
f 467/20/467 466/19/466 471/24/471
f 467/20/467 471/24/471 470/23/470
f 472/25/472 473/26/473 470/23/470
f 473/26/473 468/21/468 467/20/467
f 473/26/473 467/20/467 470/23/470
f 474/27/474 475/28/475 476/29/476
f 475/28/475 477/30/477 478/31/478
f 475/28/475 478/31/478 479/32/479
f 475/28/475 479/32/479 480/33/480
f 476/29/476 475/28/475 480/33/480
f 476/29/476 480/33/480 481/34/481
f 476/29/476 481/34/481 482/35/482
f 483/36/483 484/37/484 485/38/485
f 475/28/475 474/27/474 477/30/477
f 480/33/480 479/32/479 484/37/484
f 480/33/480 484/37/484 483/36/483
f 485/38/485 486/39/486 483/36/483
f 486/39/486 481/34/481 480/33/480
f 486/39/486 480/33/480 483/36/483
f 487/40/487 488/41/488 489/42/489
f 488/41/488 490/43/490 491/44/491
f 488/41/488 491/44/491 492/45/492
f 488/41/488 492/45/492 493/46/493
f 489/42/489 488/41/488 493/46/493
f 489/42/489 493/46/493 494/47/494
f 489/42/489 494/47/494 495/48/495
f 496/49/496 497/50/497 498/51/498
f 488/41/488 487/40/487 490/43/490
f 493/46/493 492/45/492 497/50/497
f 493/46/493 497/50/497 496/49/496
f 498/51/498 499/52/499 496/49/496
f 499/52/499 494/47/494 493/46/493
f 499/52/499 493/46/493 496/49/496
f 500/53/500 501/54/501 502/55/502
f 501/54/501 503/56/503 504/57/504
f 501/54/501 504/57/504 505/58/505
f 501/54/501 505/58/505 506/59/506
f 502/55/502 501/54/501 506/59/506
f 502/55/502 506/59/506 507/60/507
f 502/55/502 507/60/507 508/61/508
f 509/62/509 510/63/510 511/64/511
f 501/54/501 500/53/500 503/56/503
f 506/59/506 505/58/505 510/63/510
f 506/59/506 510/63/510 509/62/509
f 511/64/511 512/65/512 509/62/509
f 512/65/512 507/60/507 506/59/506
f 512/65/512 506/59/506 509/62/509
f 513/66/513 514/67/514 515/68/515
f 514/67/514 516/69/516 517/70/517
f 514/67/514 517/70/517 518/71/518
f 514/67/514 518/71/518 519/72/519
f 515/68/515 514/67/514 519/72/519
f 515/68/515 519/72/519 520/73/520
f 515/68/515 520/73/520 521/74/521
f 522/75/522 523/76/523 524/77/524
f 514/67/514 513/66/513 516/69/516
f 519/72/519 518/71/518 523/76/523
f 519/72/519 523/76/523 522/75/522
f 524/77/524 525/78/525 522/75/522
f 525/78/525 520/73/520 519/72/519
f 525/78/525 519/72/519 522/75/522
f 526/79/526 527/80/527 528/81/528
f 527/80/527 529/82/529 530/83/530
f 527/80/527 530/83/530 531/84/531
f 527/80/527 531/84/531 532/85/532
f 528/81/528 527/80/527 532/85/532
f 528/81/528 532/85/532 533/86/533
f 528/81/528 533/86/533 534/87/534
f 535/88/535 536/89/536 537/90/537
f 527/80/527 526/79/526 529/82/529
f 532/85/532 531/84/531 536/89/536
f 532/85/532 536/89/536 535/88/535
f 537/90/537 538/91/538 535/88/535
f 538/91/538 533/86/533 532/85/532
f 538/91/538 532/85/532 535/88/535
f 539/92/539 540/93/540 541/94/541
f 540/93/540 542/95/542 543/96/543
f 540/93/540 543/96/543 544/97/544
f 540/93/540 544/97/544 545/98/545
f 541/94/541 540/93/540 545/98/545
f 541/94/541 545/98/545 546/99/546
f 541/94/541 546/99/546 547/100/547
f 548/101/548 549/102/549 550/103/550
f 540/93/540 539/92/539 542/95/542
f 545/98/545 544/97/544 549/102/549
f 545/98/545 549/102/549 548/101/548
f 550/103/550 551/104/551 548/101/548
f 551/104/551 546/99/546 545/98/545
f 551/104/551 545/98/545 548/101/548
f 552/105/552 553/106/553 554/107/554
f 552/105/552 554/107/554 555/108/555
f 556/109/556 557/110/557 558/111/558
f 556/109/556 558/111/558 559/112/559
f 555/108/555 554/107/554 560/113/560
f 555/108/555 560/113/560 561/114/561
f 562/115/562 563/116/563 564/117/564
f 562/115/562 564/117/564 557/110/557
f 565/118/565 566/119/566 567/120/567
f 557/110/557 564/117/564 568/121/568
f 557/110/557 568/121/568 558/111/558
f 569/122/569 562/115/562 557/110/557
f 569/122/569 557/110/557 556/109/556
f 566/119/566 570/123/570 571/124/571
f 566/119/566 571/124/571 553/106/553
f 567/120/567 566/119/566 553/106/553
f 567/120/567 553/106/553 552/105/552
f 554/107/554 572/125/572 573/126/573
f 554/107/554 573/126/573 560/113/560
f 566/119/566 565/118/565 570/123/570
f 553/106/553 571/124/571 572/125/572
f 553/106/553 572/125/572 554/107/554
f 560/113/560 562/115/562 569/122/569
f 560/113/560 569/122/569 561/114/561
f 573/126/573 563/116/563 562/115/562
f 573/126/573 562/115/562 560/113/560
f 574/127/574 575/128/575 576/129/576
f 574/127/574 576/129/576 577/130/577
f 578/131/578 579/132/579 580/133/580
f 578/131/578 580/133/580 581/134/581
f 577/130/577 576/129/576 582/135/582
f 577/130/577 582/135/582 583/136/583
f 584/137/584 585/138/585 586/139/586
f 584/137/584 586/139/586 579/132/579
f 587/140/587 588/141/588 589/142/589
f 579/132/579 586/139/586 590/143/590
f 579/132/579 590/143/590 580/133/580
f 591/144/591 584/137/584 579/132/579
f 591/144/591 579/132/579 578/131/578
f 588/141/588 592/145/592 593/146/593
f 588/141/588 593/146/593 575/128/575
f 589/142/589 588/141/588 575/128/575
f 589/142/589 575/128/575 574/127/574
f 576/129/576 594/147/594 595/148/595
f 576/129/576 595/148/595 582/135/582
f 588/141/588 587/140/587 592/145/592
f 575/128/575 593/146/593 594/147/594
f 575/128/575 594/147/594 576/129/576
f 582/135/582 584/137/584 591/144/591
f 582/135/582 591/144/591 583/136/583
f 595/148/595 585/138/585 584/137/584
f 595/148/595 584/137/584 582/135/582
f 596/149/596 597/150/597 598/151/598
f 596/149/596 598/151/598 599/152/599
f 600/153/600 601/154/601 602/155/602
f 600/153/600 602/155/602 603/156/603
f 599/152/599 598/151/598 604/157/604
f 599/152/599 604/157/604 605/158/605
f 606/159/606 607/160/607 608/161/608
f 606/159/606 608/161/608 601/154/601
f 609/162/609 610/163/610 611/164/611
f 601/154/601 608/161/608 612/165/612
f 601/154/601 612/165/612 602/155/602
f 613/166/613 606/159/606 601/154/601
f 613/166/613 601/154/601 600/153/600
f 610/163/610 614/167/614 615/168/615
f 610/163/610 615/168/615 597/150/597
f 611/164/611 610/163/610 597/150/597
f 611/164/611 597/150/597 596/149/596
f 598/151/598 616/169/616 617/170/617
f 598/151/598 617/170/617 604/157/604
f 610/163/610 609/162/609 614/167/614
f 597/150/597 615/168/615 616/169/616
f 597/150/597 616/169/616 598/151/598
f 604/157/604 606/159/606 613/166/613
f 604/157/604 613/166/613 605/158/605
f 617/170/617 607/160/607 606/159/606
f 617/170/617 606/159/606 604/157/604
f 618/171/618 619/172/619 620/173/620
f 618/171/618 620/173/620 621/174/621
f 622/175/622 623/176/623 624/177/624
f 622/175/622 624/177/624 625/178/625
f 621/174/621 620/173/620 626/179/626
f 621/174/621 626/179/626 627/180/627
f 628/181/628 629/182/629 630/183/630
f 628/181/628 630/183/630 623/176/623
f 631/184/631 632/185/632 633/186/633
f 623/176/623 630/183/630 634/187/634
f 623/176/623 634/187/634 624/177/624
f 635/188/635 628/181/628 623/176/623
f 635/188/635 623/176/623 622/175/622
f 632/185/632 636/189/636 637/190/637
f 632/185/632 637/190/637 619/172/619
f 633/186/633 632/185/632 619/172/619
f 633/186/633 619/172/619 618/171/618
f 620/173/620 638/191/638 639/192/639
f 620/173/620 639/192/639 626/179/626
f 632/185/632 631/184/631 636/189/636
f 619/172/619 637/190/637 638/191/638
f 619/172/619 638/191/638 620/173/620
f 626/179/626 628/181/628 635/188/635
f 626/179/626 635/188/635 627/180/627
f 639/192/639 629/182/629 628/181/628
f 639/192/639 628/181/628 626/179/626
f 640/193/640 641/194/641 642/195/642
f 640/193/640 642/195/642 643/196/643
f 644/197/644 645/198/645 646/199/646
f 644/197/644 646/199/646 647/200/647
f 641/194/641 648/201/648 649/202/649
f 641/194/641 649/202/649 642/195/642
f 650/203/650 647/200/647 651/204/651
f 650/203/650 651/204/651 652/205/652
f 653/206/653 654/207/654 655/208/655
f 647/200/647 646/199/646 656/209/656
f 647/200/647 656/209/656 651/204/651
f 657/210/657 644/197/644 647/200/647
f 657/210/657 647/200/647 650/203/650
f 655/208/655 643/196/643 658/211/658
f 655/208/655 658/211/658 659/212/659
f 654/207/654 640/193/640 643/196/643
f 654/207/654 643/196/643 655/208/655
f 642/195/642 649/202/649 660/213/660
f 642/195/642 660/213/660 661/214/661
f 655/208/655 659/212/659 653/206/653
f 643/196/643 642/195/642 661/214/661
f 643/196/643 661/214/661 658/211/658
f 649/202/649 648/201/648 657/210/657
f 649/202/649 657/210/657 650/203/650
f 660/213/660 649/202/649 650/203/650
f 660/213/660 650/203/650 652/205/652
f 662/215/662 663/216/663 664/217/664
f 662/215/662 664/217/664 665/218/665
f 666/219/666 667/220/667 668/221/668
f 666/219/666 668/221/668 669/222/669
f 665/218/665 664/217/664 670/223/670
f 665/218/665 670/223/670 671/224/671
f 672/225/672 673/226/673 674/227/674
f 672/225/672 674/227/674 667/220/667
f 675/228/675 676/229/676 677/230/677
f 667/220/667 674/227/674 678/231/678
f 667/220/667 678/231/678 668/221/668
f 679/232/679 672/225/672 667/220/667
f 679/232/679 667/220/667 666/219/666
f 676/229/676 680/233/680 681/234/681
f 676/229/676 681/234/681 663/216/663
f 677/230/677 676/229/676 663/216/663
f 677/230/677 663/216/663 662/215/662
f 664/217/664 682/235/682 683/236/683
f 664/217/664 683/236/683 670/223/670
f 676/229/676 675/228/675 680/233/680
f 663/216/663 681/234/681 682/235/682
f 663/216/663 682/235/682 664/217/664
f 670/223/670 672/225/672 679/232/679
f 670/223/670 679/232/679 671/224/671
f 683/236/683 673/226/673 672/225/672
f 683/236/683 672/225/672 670/223/670
f 684/237/684 685/238/685 686/239/686
f 684/237/684 686/239/686 687/240/687
f 688/241/688 689/242/689 690/243/690
f 688/241/688 690/243/690 691/244/691
f 687/240/687 686/239/686 692/245/692
f 687/240/687 692/245/692 693/246/693
f 694/247/694 695/248/695 696/249/696
f 694/247/694 696/249/696 689/242/689
f 697/250/697 698/251/698 699/252/699
f 689/242/689 696/249/696 700/253/700
f 689/242/689 700/253/700 690/243/690
f 701/254/701 694/247/694 689/242/689
f 701/254/701 689/242/689 688/241/688
f 698/251/698 702/255/702 703/256/703
f 698/251/698 703/256/703 685/238/685
f 699/252/699 698/251/698 685/238/685
f 699/252/699 685/238/685 684/237/684
f 686/239/686 704/257/704 705/258/705
f 686/239/686 705/258/705 692/245/692
f 698/251/698 697/250/697 702/255/702
f 685/238/685 703/256/703 704/257/704
f 685/238/685 704/257/704 686/239/686
f 692/245/692 694/247/694 701/254/701
f 692/245/692 701/254/701 693/246/693
f 705/258/705 695/248/695 694/247/694
f 705/258/705 694/247/694 692/245/692
f 706/259/706 707/260/707 708/261/708
f 706/259/706 708/261/708 709/262/709
f 710/263/710 711/264/711 712/265/712
f 710/263/710 712/265/712 713/266/713
f 709/262/709 708/261/708 714/267/714
f 709/262/709 714/267/714 715/268/715
f 716/269/716 717/270/717 718/271/718
f 716/269/716 718/271/718 711/264/711
f 719/272/719 720/273/720 721/274/721
f 711/264/711 718/271/718 722/275/722
f 711/264/711 722/275/722 712/265/712
f 723/276/723 716/269/716 711/264/711
f 723/276/723 711/264/711 710/263/710
f 720/273/720 724/277/724 725/278/725
f 720/273/720 725/278/725 707/260/707
f 721/274/721 720/273/720 707/260/707
f 721/274/721 707/260/707 706/259/706
f 708/261/708 726/279/726 727/280/727
f 708/261/708 727/280/727 714/267/714
f 720/273/720 719/272/719 724/277/724
f 707/260/707 725/278/725 726/279/726
f 707/260/707 726/279/726 708/261/708
f 714/267/714 716/269/716 723/276/723
f 714/267/714 723/276/723 715/268/715
f 727/280/727 717/270/717 716/269/716
f 727/280/727 716/269/716 714/267/714
f 728/281/728 729/282/729 730/283/730
f 728/281/728 730/283/730 731/284/731
f 732/285/732 733/286/733 734/287/734
f 732/285/732 734/287/734 735/288/735
f 731/284/731 730/283/730 736/289/736
f 731/284/731 736/289/736 737/290/737
f 738/291/738 739/292/739 740/293/740
f 738/291/738 740/293/740 733/286/733
f 741/294/741 742/295/742 743/296/743
f 733/286/733 740/293/740 744/297/744
f 733/286/733 744/297/744 734/287/734
f 745/298/745 738/291/738 733/286/733
f 745/298/745 733/286/733 732/285/732
f 742/295/742 746/299/746 747/300/747
f 742/295/742 747/300/747 729/282/729
f 743/296/743 742/295/742 729/282/729
f 743/296/743 729/282/729 728/281/728
f 730/283/730 748/301/748 749/302/749
f 730/283/730 749/302/749 736/289/736
f 742/295/742 741/294/741 746/299/746
f 729/282/729 747/300/747 748/301/748
f 729/282/729 748/301/748 730/283/730
f 736/289/736 738/291/738 745/298/745
f 736/289/736 745/298/745 737/290/737
f 749/302/749 739/292/739 738/291/738
f 749/302/749 738/291/738 736/289/736
f 750/303/750 751/304/751 752/305/752
f 750/303/750 752/305/752 753/306/753
f 754/307/754 755/308/755 756/309/756
f 754/307/754 756/309/756 757/310/757
f 751/304/751 758/311/758 759/312/759
f 751/304/751 759/312/759 752/305/752
f 760/313/760 757/310/757 761/314/761
f 760/313/760 761/314/761 762/315/762
f 763/316/763 764/317/764 765/318/765
f 757/310/757 756/309/756 766/319/766
f 757/310/757 766/319/766 761/314/761
f 767/320/767 754/307/754 757/310/757
f 767/320/767 757/310/757 760/313/760
f 765/318/765 753/306/753 768/321/768
f 765/318/765 768/321/768 769/322/769
f 764/317/764 750/303/750 753/306/753
f 764/317/764 753/306/753 765/318/765
f 752/305/752 759/312/759 770/323/770
f 752/305/752 770/323/770 771/324/771
f 765/318/765 769/322/769 763/316/763
f 753/306/753 752/305/752 771/324/771
f 753/306/753 771/324/771 768/321/768
f 759/312/759 758/311/758 767/320/767
f 759/312/759 767/320/767 760/313/760
f 770/323/770 759/312/759 760/313/760
f 770/323/770 760/313/760 762/315/762
f 772/325/772 773/326/773 774/327/774
f 772/325/772 774/327/774 775/328/775
f 776/329/776 777/330/777 778/331/778
f 776/329/776 778/331/778 779/332/779
f 775/328/775 774/327/774 780/333/780
f 775/328/775 780/333/780 781/334/781
f 782/335/782 783/336/783 784/337/784
f 782/335/782 784/337/784 777/330/777
f 785/338/785 786/339/786 787/340/787
f 777/330/777 784/337/784 788/341/788
f 777/330/777 788/341/788 778/331/778
f 789/342/789 782/335/782 777/330/777
f 789/342/789 777/330/777 776/329/776
f 786/339/786 790/343/790 791/344/791
f 786/339/786 791/344/791 773/326/773
f 787/340/787 786/339/786 773/326/773
f 787/340/787 773/326/773 772/325/772
f 774/327/774 792/345/792 793/346/793
f 774/327/774 793/346/793 780/333/780
f 786/339/786 785/338/785 790/343/790
f 773/326/773 791/344/791 792/345/792
f 773/326/773 792/345/792 774/327/774
f 780/333/780 782/335/782 789/342/789
f 780/333/780 789/342/789 781/334/781
f 793/346/793 783/336/783 782/335/782
f 793/346/793 782/335/782 780/333/780
f 794/347/794 795/348/795 796/349/796
f 794/347/794 796/349/796 797/350/797
f 798/351/798 799/352/799 800/353/800
f 798/351/798 800/353/800 801/354/801
f 797/350/797 796/349/796 802/355/802
f 797/350/797 802/355/802 803/356/803
f 804/357/804 805/358/805 806/359/806
f 804/357/804 806/359/806 799/352/799
f 807/360/807 808/361/808 809/362/809
f 799/352/799 806/359/806 810/363/810
f 799/352/799 810/363/810 800/353/800
f 811/364/811 804/357/804 799/352/799
f 811/364/811 799/352/799 798/351/798
f 808/361/808 812/365/812 813/366/813
f 808/361/808 813/366/813 795/348/795
f 809/362/809 808/361/808 795/348/795
f 809/362/809 795/348/795 794/347/794
f 796/349/796 814/367/814 815/368/815
f 796/349/796 815/368/815 802/355/802
f 808/361/808 807/360/807 812/365/812
f 795/348/795 813/366/813 814/367/814
f 795/348/795 814/367/814 796/349/796
f 802/355/802 804/357/804 811/364/811
f 802/355/802 811/364/811 803/356/803
f 815/368/815 805/358/805 804/357/804
f 815/368/815 804/357/804 802/355/802
f 816/369/816 817/370/817 818/371/818
f 816/369/816 818/371/818 819/372/819
f 820/373/820 821/374/821 822/375/822
f 820/373/820 822/375/822 823/376/823
f 819/372/819 818/371/818 824/377/824
f 819/372/819 824/377/824 825/378/825
f 826/379/826 827/380/827 828/381/828
f 826/379/826 828/381/828 821/374/821
f 829/382/829 830/383/830 831/384/831
f 821/374/821 828/381/828 832/385/832
f 821/374/821 832/385/832 822/375/822
f 833/386/833 826/379/826 821/374/821
f 833/386/833 821/374/821 820/373/820
f 830/383/830 834/387/834 835/388/835
f 830/383/830 835/388/835 817/370/817
f 831/384/831 830/383/830 817/370/817
f 831/384/831 817/370/817 816/369/816
f 818/371/818 836/389/836 837/390/837
f 818/371/818 837/390/837 824/377/824
f 830/383/830 829/382/829 834/387/834
f 817/370/817 835/388/835 836/389/836
f 817/370/817 836/389/836 818/371/818
f 824/377/824 826/379/826 833/386/833
f 824/377/824 833/386/833 825/378/825
f 837/390/837 827/380/827 826/379/826
f 837/390/837 826/379/826 824/377/824
f 838/391/838 839/392/839 840/393/840
f 838/391/838 840/393/840 841/394/841
f 842/395/842 843/396/843 844/397/844
f 842/395/842 844/397/844 845/398/845
f 841/394/841 840/393/840 846/399/846
f 841/394/841 846/399/846 847/400/847
f 848/401/848 849/402/849 850/403/850
f 848/401/848 850/403/850 843/396/843
f 851/404/851 852/405/852 853/406/853
f 843/396/843 850/403/850 854/407/854
f 843/396/843 854/407/854 844/397/844
f 855/408/855 848/401/848 843/396/843
f 855/408/855 843/396/843 842/395/842
f 852/405/852 856/409/856 857/410/857
f 852/405/852 857/410/857 839/392/839
f 853/406/853 852/405/852 839/392/839
f 853/406/853 839/392/839 838/391/838
f 840/393/840 858/411/858 859/412/859
f 840/393/840 859/412/859 846/399/846
f 852/405/852 851/404/851 856/409/856
f 839/392/839 857/410/857 858/411/858
f 839/392/839 858/411/858 840/393/840
f 846/399/846 848/401/848 855/408/855
f 846/399/846 855/408/855 847/400/847
f 859/412/859 849/402/849 848/401/848
f 859/412/859 848/401/848 846/399/846
f 860/413/860 861/414/861 862/415/862
f 860/413/860 862/415/862 863/416/863
f 864/417/864 865/418/865 866/419/866
f 864/417/864 866/419/866 867/420/867
f 861/414/861 868/421/868 869/422/869
f 861/414/861 869/422/869 862/415/862
f 870/423/870 867/420/867 871/424/871
f 870/423/870 871/424/871 872/425/872
f 873/426/873 874/427/874 875/428/875
f 867/420/867 866/419/866 876/429/876
f 867/420/867 876/429/876 871/424/871
f 877/430/877 864/417/864 867/420/867
f 877/430/877 867/420/867 870/423/870
f 875/428/875 863/416/863 878/431/878
f 875/428/875 878/431/878 879/432/879
f 874/427/874 860/413/860 863/416/863
f 874/427/874 863/416/863 875/428/875
f 862/415/862 869/422/869 880/433/880
f 862/415/862 880/433/880 881/434/881
f 875/428/875 879/432/879 873/426/873
f 863/416/863 862/415/862 881/434/881
f 863/416/863 881/434/881 878/431/878
f 869/422/869 868/421/868 877/430/877
f 869/422/869 877/430/877 870/423/870
f 880/433/880 869/422/869 870/423/870
f 880/433/880 870/423/870 872/425/872
f 882/435/882 883/436/883 884/437/884
f 882/435/882 884/437/884 885/438/885
f 886/439/886 887/440/887 888/441/888
f 886/439/886 888/441/888 889/442/889
f 885/438/885 884/437/884 890/443/890
f 885/438/885 890/443/890 891/444/891
f 892/445/892 893/446/893 894/447/894
f 892/445/892 894/447/894 887/440/887
f 895/448/895 896/449/896 897/450/897
f 887/440/887 894/447/894 898/451/898
f 887/440/887 898/451/898 888/441/888
f 899/452/899 892/445/892 887/440/887
f 899/452/899 887/440/887 886/439/886
f 896/449/896 900/453/900 901/454/901
f 896/449/896 901/454/901 883/436/883
f 897/450/897 896/449/896 883/436/883
f 897/450/897 883/436/883 882/435/882
f 884/437/884 902/455/902 903/456/903
f 884/437/884 903/456/903 890/443/890
f 896/449/896 895/448/895 900/453/900
f 883/436/883 901/454/901 902/455/902
f 883/436/883 902/455/902 884/437/884
f 890/443/890 892/445/892 899/452/899
f 890/443/890 899/452/899 891/444/891
f 903/456/903 893/446/893 892/445/892
f 903/456/903 892/445/892 890/443/890
f 904/457/904 905/458/905 906/459/906
f 904/457/904 906/459/906 907/460/907
f 908/461/908 909/462/909 910/463/910
f 908/461/908 910/463/910 911/464/911
f 907/460/907 906/459/906 912/465/912
f 907/460/907 912/465/912 913/466/913
f 914/467/914 915/468/915 916/469/916
f 914/467/914 916/469/916 909/462/909
f 917/470/917 918/471/918 919/472/919
f 909/462/909 916/469/916 920/473/920
f 909/462/909 920/473/920 910/463/910
f 921/474/921 914/467/914 909/462/909
f 921/474/921 909/462/909 908/461/908
f 918/471/918 922/475/922 923/476/923
f 918/471/918 923/476/923 905/458/905
f 919/472/919 918/471/918 905/458/905
f 919/472/919 905/458/905 904/457/904
f 906/459/906 924/477/924 925/478/925
f 906/459/906 925/478/925 912/465/912
f 918/471/918 917/470/917 922/475/922
f 905/458/905 923/476/923 924/477/924
f 905/458/905 924/477/924 906/459/906
f 912/465/912 914/467/914 921/474/921
f 912/465/912 921/474/921 913/466/913
f 925/478/925 915/468/915 914/467/914
f 925/478/925 914/467/914 912/465/912
f 926/479/926 927/480/927 928/481/928
f 926/479/926 928/481/928 929/482/929
f 930/483/930 931/484/931 932/485/932
f 930/483/930 932/485/932 933/486/933
f 929/482/929 928/481/928 934/487/934
f 929/482/929 934/487/934 935/488/935
f 936/489/936 937/490/937 938/491/938
f 936/489/936 938/491/938 931/484/931
f 939/492/939 940/493/940 941/494/941
f 931/484/931 938/491/938 942/495/942
f 931/484/931 942/495/942 932/485/932
f 943/496/943 936/489/936 931/484/931
f 943/496/943 931/484/931 930/483/930
f 940/493/940 944/497/944 945/498/945
f 940/493/940 945/498/945 927/480/927
f 941/494/941 940/493/940 927/480/927
f 941/494/941 927/480/927 926/479/926
f 928/481/928 946/499/946 947/500/947
f 928/481/928 947/500/947 934/487/934
f 940/493/940 939/492/939 944/497/944
f 927/480/927 945/498/945 946/499/946
f 927/480/927 946/499/946 928/481/928
f 934/487/934 936/489/936 943/496/943
f 934/487/934 943/496/943 935/488/935
f 947/500/947 937/490/937 936/489/936
f 947/500/947 936/489/936 934/487/934
f 948/501/948 949/502/949 950/503/950
f 948/501/948 950/503/950 951/504/951
f 952/505/952 953/506/953 954/507/954
f 952/505/952 954/507/954 955/508/955
f 951/504/951 950/503/950 956/509/956
f 951/504/951 956/509/956 957/510/957
f 958/511/958 959/512/959 960/513/960
f 958/511/958 960/513/960 953/506/953
f 961/514/961 962/515/962 963/516/963
f 953/506/953 960/513/960 964/517/964
f 953/506/953 964/517/964 954/507/954
f 965/518/965 958/511/958 953/506/953
f 965/518/965 953/506/953 952/505/952
f 962/515/962 966/519/966 967/520/967
f 962/515/962 967/520/967 949/502/949
f 963/516/963 962/515/962 949/502/949
f 963/516/963 949/502/949 948/501/948
f 950/503/950 968/521/968 969/522/969
f 950/503/950 969/522/969 956/509/956
f 962/515/962 961/514/961 966/519/966
f 949/502/949 967/520/967 968/521/968
f 949/502/949 968/521/968 950/503/950
f 956/509/956 958/511/958 965/518/965
f 956/509/956 965/518/965 957/510/957
f 969/522/969 959/512/959 958/511/958
f 969/522/969 958/511/958 956/509/956
f 970/523/970 971/524/971 972/525/972
f 970/523/970 972/525/972 973/526/973
f 974/527/974 975/528/975 976/529/976
f 974/527/974 976/529/976 977/530/977
f 971/524/971 978/531/978 979/532/979
f 971/524/971 979/532/979 972/525/972
f 980/533/980 977/530/977 981/534/981
f 980/533/980 981/534/981 982/535/982
f 983/536/983 984/537/984 985/538/985
f 977/530/977 976/529/976 986/539/986
f 977/530/977 986/539/986 981/534/981
f 987/540/987 974/527/974 977/530/977
f 987/540/987 977/530/977 980/533/980
f 985/538/985 973/526/973 988/541/988
f 985/538/985 988/541/988 989/542/989
f 984/537/984 970/523/970 973/526/973
f 984/537/984 973/526/973 985/538/985
f 972/525/972 979/532/979 990/543/990
f 972/525/972 990/543/990 991/544/991
f 985/538/985 989/542/989 983/536/983
f 973/526/973 972/525/972 991/544/991
f 973/526/973 991/544/991 988/541/988
f 979/532/979 978/531/978 987/540/987
f 979/532/979 987/540/987 980/533/980
f 990/543/990 979/532/979 980/533/980
f 990/543/990 980/533/980 982/535/982
f 992/545/992 993/546/993 994/547/994
f 992/545/992 994/547/994 995/548/995
f 996/549/996 997/550/997 998/551/998
f 996/549/996 998/551/998 999/552/999
f 995/548/995 994/547/994 1000/553/1000
f 995/548/995 1000/553/1000 1001/554/1001
f 1002/555/1002 1003/556/1003 1004/557/1004
f 1002/555/1002 1004/557/1004 997/550/997
f 1005/558/1005 1006/559/1006 1007/560/1007
f 997/550/997 1004/557/1004 1008/561/1008
f 997/550/997 1008/561/1008 998/551/998
f 1009/562/1009 1002/555/1002 997/550/997
f 1009/562/1009 997/550/997 996/549/996
f 1006/559/1006 1010/563/1010 1011/564/1011
f 1006/559/1006 1011/564/1011 993/546/993
f 1007/560/1007 1006/559/1006 993/546/993
f 1007/560/1007 993/546/993 992/545/992
f 994/547/994 1012/565/1012 1013/566/1013
f 994/547/994 1013/566/1013 1000/553/1000
f 1006/559/1006 1005/558/1005 1010/563/1010
f 993/546/993 1011/564/1011 1012/565/1012
f 993/546/993 1012/565/1012 994/547/994
f 1000/553/1000 1002/555/1002 1009/562/1009
f 1000/553/1000 1009/562/1009 1001/554/1001
f 1013/566/1013 1003/556/1003 1002/555/1002
f 1013/566/1013 1002/555/1002 1000/553/1000
f 1014/567/1014 1015/568/1015 1016/569/1016
f 1014/567/1014 1016/569/1016 1017/570/1017
f 1018/571/1018 1019/572/1019 1020/573/1020
f 1018/571/1018 1020/573/1020 1021/574/1021
f 1017/570/1017 1016/569/1016 1022/575/1022
f 1017/570/1017 1022/575/1022 1023/576/1023
f 1024/577/1024 1025/578/1025 1026/579/1026
f 1024/577/1024 1026/579/1026 1019/572/1019
f 1027/580/1027 1028/581/1028 1029/582/1029
f 1019/572/1019 1026/579/1026 1030/583/1030
f 1019/572/1019 1030/583/1030 1020/573/1020
f 1031/584/1031 1024/577/1024 1019/572/1019
f 1031/584/1031 1019/572/1019 1018/571/1018
f 1028/581/1028 1032/585/1032 1033/586/1033
f 1028/581/1028 1033/586/1033 1015/568/1015
f 1029/582/1029 1028/581/1028 1015/568/1015
f 1029/582/1029 1015/568/1015 1014/567/1014
f 1016/569/1016 1034/587/1034 1035/588/1035
f 1016/569/1016 1035/588/1035 1022/575/1022
f 1028/581/1028 1027/580/1027 1032/585/1032
f 1015/568/1015 1033/586/1033 1034/587/1034
f 1015/568/1015 1034/587/1034 1016/569/1016
f 1022/575/1022 1024/577/1024 1031/584/1031
f 1022/575/1022 1031/584/1031 1023/576/1023
f 1035/588/1035 1025/578/1025 1024/577/1024
f 1035/588/1035 1024/577/1024 1022/575/1022
f 1036/589/1036 1037/590/1037 1038/591/1038
f 1036/589/1036 1038/591/1038 1039/592/1039
f 1040/593/1040 1041/594/1041 1042/595/1042
f 1040/593/1040 1042/595/1042 1043/596/1043
f 1039/592/1039 1038/591/1038 1044/597/1044
f 1039/592/1039 1044/597/1044 1045/598/1045
f 1046/599/1046 1047/600/1047 1048/601/1048
f 1046/599/1046 1048/601/1048 1041/594/1041
f 1049/602/1049 1050/603/1050 1051/604/1051
f 1041/594/1041 1048/601/1048 1052/605/1052
f 1041/594/1041 1052/605/1052 1042/595/1042
f 1053/606/1053 1046/599/1046 1041/594/1041
f 1053/606/1053 1041/594/1041 1040/593/1040
f 1050/603/1050 1054/607/1054 1055/608/1055
f 1050/603/1050 1055/608/1055 1037/590/1037
f 1051/604/1051 1050/603/1050 1037/590/1037
f 1051/604/1051 1037/590/1037 1036/589/1036
f 1038/591/1038 1056/609/1056 1057/610/1057
f 1038/591/1038 1057/610/1057 1044/597/1044
f 1050/603/1050 1049/602/1049 1054/607/1054
f 1037/590/1037 1055/608/1055 1056/609/1056
f 1037/590/1037 1056/609/1056 1038/591/1038
f 1044/597/1044 1046/599/1046 1053/606/1053
f 1044/597/1044 1053/606/1053 1045/598/1045
f 1057/610/1057 1047/600/1047 1046/599/1046
f 1057/610/1057 1046/599/1046 1044/597/1044
f 1058/611/1058 1059/612/1059 1060/613/1060
f 1058/611/1058 1060/613/1060 1061/614/1061
f 1062/615/1062 1063/616/1063 1064/617/1064
f 1062/615/1062 1064/617/1064 1065/618/1065
f 1061/614/1061 1060/613/1060 1066/619/1066
f 1061/614/1061 1066/619/1066 1067/620/1067
f 1068/621/1068 1069/622/1069 1070/623/1070
f 1068/621/1068 1070/623/1070 1063/616/1063
f 1071/624/1071 1072/625/1072 1073/626/1073
f 1063/616/1063 1070/623/1070 1074/627/1074
f 1063/616/1063 1074/627/1074 1064/617/1064
f 1075/628/1075 1068/621/1068 1063/616/1063
f 1075/628/1075 1063/616/1063 1062/615/1062
f 1072/625/1072 1076/629/1076 1077/630/1077
f 1072/625/1072 1077/630/1077 1059/612/1059
f 1073/626/1073 1072/625/1072 1059/612/1059
f 1073/626/1073 1059/612/1059 1058/611/1058
f 1060/613/1060 1078/631/1078 1079/632/1079
f 1060/613/1060 1079/632/1079 1066/619/1066
f 1072/625/1072 1071/624/1071 1076/629/1076
f 1059/612/1059 1077/630/1077 1078/631/1078
f 1059/612/1059 1078/631/1078 1060/613/1060
f 1066/619/1066 1068/621/1068 1075/628/1075
f 1066/619/1066 1075/628/1075 1067/620/1067
f 1079/632/1079 1069/622/1069 1068/621/1068
f 1079/632/1079 1068/621/1068 1066/619/1066
f 1080/633/1080 1081/634/1081 1082/635/1082
f 1080/633/1080 1082/635/1082 1083/636/1083
f 1084/637/1084 1085/638/1085 1086/639/1086
f 1084/637/1084 1086/639/1086 1087/640/1087
f 1081/634/1081 1088/641/1088 1089/642/1089
f 1081/634/1081 1089/642/1089 1082/635/1082
f 1090/643/1090 1087/640/1087 1091/644/1091
f 1090/643/1090 1091/644/1091 1092/645/1092
f 1093/646/1093 1094/647/1094 1095/648/1095
f 1087/640/1087 1086/639/1086 1096/649/1096
f 1087/640/1087 1096/649/1096 1091/644/1091
f 1097/650/1097 1084/637/1084 1087/640/1087
f 1097/650/1097 1087/640/1087 1090/643/1090
f 1095/648/1095 1083/636/1083 1098/651/1098
f 1095/648/1095 1098/651/1098 1099/652/1099
f 1094/647/1094 1080/633/1080 1083/636/1083
f 1094/647/1094 1083/636/1083 1095/648/1095
f 1082/635/1082 1089/642/1089 1100/653/1100
f 1082/635/1082 1100/653/1100 1101/654/1101
f 1095/648/1095 1099/652/1099 1093/646/1093
f 1083/636/1083 1082/635/1082 1101/654/1101
f 1083/636/1083 1101/654/1101 1098/651/1098
f 1089/642/1089 1088/641/1088 1097/650/1097
f 1089/642/1089 1097/650/1097 1090/643/1090
f 1100/653/1100 1089/642/1089 1090/643/1090
f 1100/653/1100 1090/643/1090 1092/645/1092
f 1102/655/1102 1103/656/1103 1104/657/1104
f 1102/655/1102 1104/657/1104 1105/658/1105
f 1106/659/1106 1107/660/1107 1108/661/1108
f 1106/659/1106 1108/661/1108 1109/662/1109
f 1105/658/1105 1104/657/1104 1110/663/1110
f 1105/658/1105 1110/663/1110 1111/664/1111
f 1112/665/1112 1113/666/1113 1114/667/1114
f 1112/665/1112 1114/667/1114 1107/660/1107
f 1115/668/1115 1116/669/1116 1117/670/1117
f 1107/660/1107 1114/667/1114 1118/671/1118
f 1107/660/1107 1118/671/1118 1108/661/1108
f 1119/672/1119 1112/665/1112 1107/660/1107
f 1119/672/1119 1107/660/1107 1106/659/1106
f 1116/669/1116 1120/673/1120 1121/674/1121
f 1116/669/1116 1121/674/1121 1103/656/1103
f 1117/670/1117 1116/669/1116 1103/656/1103
f 1117/670/1117 1103/656/1103 1102/655/1102
f 1104/657/1104 1122/675/1122 1123/676/1123
f 1104/657/1104 1123/676/1123 1110/663/1110
f 1116/669/1116 1115/668/1115 1120/673/1120
f 1103/656/1103 1121/674/1121 1122/675/1122
f 1103/656/1103 1122/675/1122 1104/657/1104
f 1110/663/1110 1112/665/1112 1119/672/1119
f 1110/663/1110 1119/672/1119 1111/664/1111
f 1123/676/1123 1113/666/1113 1112/665/1112
f 1123/676/1123 1112/665/1112 1110/663/1110
f 1124/677/1124 1125/678/1125 1126/679/1126
f 1124/677/1124 1126/679/1126 1127/680/1127
f 1128/681/1128 1129/682/1129 1130/683/1130
f 1128/681/1128 1130/683/1130 1131/684/1131
f 1127/680/1127 1126/679/1126 1132/685/1132
f 1127/680/1127 1132/685/1132 1133/686/1133
f 1134/687/1134 1135/688/1135 1136/689/1136
f 1134/687/1134 1136/689/1136 1129/682/1129
f 1137/690/1137 1138/691/1138 1139/692/1139
f 1129/682/1129 1136/689/1136 1140/693/1140
f 1129/682/1129 1140/693/1140 1130/683/1130
f 1141/694/1141 1134/687/1134 1129/682/1129
f 1141/694/1141 1129/682/1129 1128/681/1128
f 1138/691/1138 1142/695/1142 1143/696/1143
f 1138/691/1138 1143/696/1143 1125/678/1125
f 1139/692/1139 1138/691/1138 1125/678/1125
f 1139/692/1139 1125/678/1125 1124/677/1124
f 1126/679/1126 1144/697/1144 1145/698/1145
f 1126/679/1126 1145/698/1145 1132/685/1132
f 1138/691/1138 1137/690/1137 1142/695/1142
f 1125/678/1125 1143/696/1143 1144/697/1144
f 1125/678/1125 1144/697/1144 1126/679/1126
f 1132/685/1132 1134/687/1134 1141/694/1141
f 1132/685/1132 1141/694/1141 1133/686/1133
f 1145/698/1145 1135/688/1135 1134/687/1134
f 1145/698/1145 1134/687/1134 1132/685/1132
f 1146/699/1146 1147/700/1147 1148/701/1148
f 1146/699/1146 1148/701/1148 1149/702/1149
f 1150/703/1150 1151/704/1151 1152/705/1152
f 1150/703/1150 1152/705/1152 1153/706/1153
f 1149/702/1149 1148/701/1148 1154/707/1154
f 1149/702/1149 1154/707/1154 1155/708/1155
f 1156/709/1156 1157/710/1157 1158/711/1158
f 1156/709/1156 1158/711/1158 1151/704/1151
f 1159/712/1159 1160/713/1160 1161/714/1161
f 1151/704/1151 1158/711/1158 1162/715/1162
f 1151/704/1151 1162/715/1162 1152/705/1152
f 1163/716/1163 1156/709/1156 1151/704/1151
f 1163/716/1163 1151/704/1151 1150/703/1150
f 1160/713/1160 1164/717/1164 1165/718/1165
f 1160/713/1160 1165/718/1165 1147/700/1147
f 1161/714/1161 1160/713/1160 1147/700/1147
f 1161/714/1161 1147/700/1147 1146/699/1146
f 1148/701/1148 1166/719/1166 1167/720/1167
f 1148/701/1148 1167/720/1167 1154/707/1154
f 1160/713/1160 1159/712/1159 1164/717/1164
f 1147/700/1147 1165/718/1165 1166/719/1166
f 1147/700/1147 1166/719/1166 1148/701/1148
f 1154/707/1154 1156/709/1156 1163/716/1163
f 1154/707/1154 1163/716/1163 1155/708/1155
f 1167/720/1167 1157/710/1157 1156/709/1156
f 1167/720/1167 1156/709/1156 1154/707/1154
f 1168/721/1168 1169/722/1169 1170/723/1170
f 1168/721/1168 1170/723/1170 1171/724/1171
f 1172/725/1172 1173/726/1173 1174/727/1174
f 1172/725/1172 1174/727/1174 1175/728/1175
f 1171/724/1171 1170/723/1170 1176/729/1176
f 1171/724/1171 1176/729/1176 1177/730/1177
f 1178/731/1178 1179/732/1179 1180/733/1180
f 1178/731/1178 1180/733/1180 1173/726/1173
f 1181/734/1181 1182/735/1182 1183/736/1183
f 1173/726/1173 1180/733/1180 1184/737/1184
f 1173/726/1173 1184/737/1184 1174/727/1174
f 1185/738/1185 1178/731/1178 1173/726/1173
f 1185/738/1185 1173/726/1173 1172/725/1172
f 1182/735/1182 1186/739/1186 1187/740/1187
f 1182/735/1182 1187/740/1187 1169/722/1169
f 1183/736/1183 1182/735/1182 1169/722/1169
f 1183/736/1183 1169/722/1169 1168/721/1168
f 1170/723/1170 1188/741/1188 1189/742/1189
f 1170/723/1170 1189/742/1189 1176/729/1176
f 1182/735/1182 1181/734/1181 1186/739/1186
f 1169/722/1169 1187/740/1187 1188/741/1188
f 1169/722/1169 1188/741/1188 1170/723/1170
f 1176/729/1176 1178/731/1178 1185/738/1185
f 1176/729/1176 1185/738/1185 1177/730/1177
f 1189/742/1189 1179/732/1179 1178/731/1178
f 1189/742/1189 1178/731/1178 1176/729/1176
f 1190/743/1190 1191/744/1191 1192/745/1192
f 1190/743/1190 1192/745/1192 1193/746/1193
f 1194/747/1194 1195/748/1195 1196/749/1196
f 1194/747/1194 1196/749/1196 1197/750/1197
f 1191/744/1191 1198/751/1198 1199/752/1199
f 1191/744/1191 1199/752/1199 1192/745/1192
f 1200/753/1200 1197/750/1197 1201/754/1201
f 1200/753/1200 1201/754/1201 1202/755/1202
f 1203/756/1203 1204/757/1204 1205/758/1205
f 1197/750/1197 1196/749/1196 1206/759/1206
f 1197/750/1197 1206/759/1206 1201/754/1201
f 1207/760/1207 1194/747/1194 1197/750/1197
f 1207/760/1207 1197/750/1197 1200/753/1200
f 1205/758/1205 1193/746/1193 1208/761/1208
f 1205/758/1205 1208/761/1208 1209/762/1209
f 1204/757/1204 1190/743/1190 1193/746/1193
f 1204/757/1204 1193/746/1193 1205/758/1205
f 1192/745/1192 1199/752/1199 1210/763/1210
f 1192/745/1192 1210/763/1210 1211/764/1211
f 1205/758/1205 1209/762/1209 1203/756/1203
f 1193/746/1193 1192/745/1192 1211/764/1211
f 1193/746/1193 1211/764/1211 1208/761/1208
f 1199/752/1199 1198/751/1198 1207/760/1207
f 1199/752/1199 1207/760/1207 1200/753/1200
f 1210/763/1210 1199/752/1199 1200/753/1200
f 1210/763/1210 1200/753/1200 1202/755/1202
f 1212/765/1212 1213/766/1213 1214/767/1214
f 1212/765/1212 1214/767/1214 1215/768/1215
f 1216/769/1216 1217/770/1217 1218/771/1218
f 1216/769/1216 1218/771/1218 1219/772/1219
f 1215/768/1215 1214/767/1214 1220/773/1220
f 1215/768/1215 1220/773/1220 1221/774/1221
f 1222/775/1222 1223/776/1223 1224/777/1224
f 1222/775/1222 1224/777/1224 1217/770/1217
f 1225/778/1225 1226/779/1226 1227/780/1227
f 1217/770/1217 1224/777/1224 1228/781/1228
f 1217/770/1217 1228/781/1228 1218/771/1218
f 1229/782/1229 1222/775/1222 1217/770/1217
f 1229/782/1229 1217/770/1217 1216/769/1216
f 1226/779/1226 1230/783/1230 1231/784/1231
f 1226/779/1226 1231/784/1231 1213/766/1213
f 1227/780/1227 1226/779/1226 1213/766/1213
f 1227/780/1227 1213/766/1213 1212/765/1212
f 1214/767/1214 1232/785/1232 1233/786/1233
f 1214/767/1214 1233/786/1233 1220/773/1220
f 1226/779/1226 1225/778/1225 1230/783/1230
f 1213/766/1213 1231/784/1231 1232/785/1232
f 1213/766/1213 1232/785/1232 1214/767/1214
f 1220/773/1220 1222/775/1222 1229/782/1229
f 1220/773/1220 1229/782/1229 1221/774/1221
f 1233/786/1233 1223/776/1223 1222/775/1222
f 1233/786/1233 1222/775/1222 1220/773/1220
f 1234/787/1234 1235/788/1235 1236/789/1236
f 1234/787/1234 1236/789/1236 1237/790/1237
f 1238/791/1238 1239/792/1239 1240/793/1240
f 1238/791/1238 1240/793/1240 1241/794/1241
f 1237/790/1237 1236/789/1236 1242/795/1242
f 1237/790/1237 1242/795/1242 1243/796/1243
f 1244/797/1244 1245/798/1245 1246/799/1246
f 1244/797/1244 1246/799/1246 1239/792/1239
f 1247/800/1247 1248/801/1248 1249/802/1249
f 1239/792/1239 1246/799/1246 1250/803/1250
f 1239/792/1239 1250/803/1250 1240/793/1240
f 1251/804/1251 1244/797/1244 1239/792/1239
f 1251/804/1251 1239/792/1239 1238/791/1238
f 1248/801/1248 1252/805/1252 1253/806/1253
f 1248/801/1248 1253/806/1253 1235/788/1235
f 1249/802/1249 1248/801/1248 1235/788/1235
f 1249/802/1249 1235/788/1235 1234/787/1234
f 1236/789/1236 1254/807/1254 1255/808/1255
f 1236/789/1236 1255/808/1255 1242/795/1242
f 1248/801/1248 1247/800/1247 1252/805/1252
f 1235/788/1235 1253/806/1253 1254/807/1254
f 1235/788/1235 1254/807/1254 1236/789/1236
f 1242/795/1242 1244/797/1244 1251/804/1251
f 1242/795/1242 1251/804/1251 1243/796/1243
f 1255/808/1255 1245/798/1245 1244/797/1244
f 1255/808/1255 1244/797/1244 1242/795/1242
f 1256/809/1256 1257/810/1257 1258/811/1258
f 1256/809/1256 1258/811/1258 1259/812/1259
f 1260/813/1260 1261/814/1261 1262/815/1262
f 1260/813/1260 1262/815/1262 1263/816/1263
f 1259/812/1259 1258/811/1258 1264/817/1264
f 1259/812/1259 1264/817/1264 1265/818/1265
f 1266/819/1266 1267/820/1267 1268/821/1268
f 1266/819/1266 1268/821/1268 1261/814/1261
f 1269/822/1269 1270/823/1270 1271/824/1271
f 1261/814/1261 1268/821/1268 1272/825/1272
f 1261/814/1261 1272/825/1272 1262/815/1262
f 1273/826/1273 1266/819/1266 1261/814/1261
f 1273/826/1273 1261/814/1261 1260/813/1260
f 1270/823/1270 1274/827/1274 1275/828/1275
f 1270/823/1270 1275/828/1275 1257/810/1257
f 1271/824/1271 1270/823/1270 1257/810/1257
f 1271/824/1271 1257/810/1257 1256/809/1256
f 1258/811/1258 1276/829/1276 1277/830/1277
f 1258/811/1258 1277/830/1277 1264/817/1264
f 1270/823/1270 1269/822/1269 1274/827/1274
f 1257/810/1257 1275/828/1275 1276/829/1276
f 1257/810/1257 1276/829/1276 1258/811/1258
f 1264/817/1264 1266/819/1266 1273/826/1273
f 1264/817/1264 1273/826/1273 1265/818/1265
f 1277/830/1277 1267/820/1267 1266/819/1266
f 1277/830/1277 1266/819/1266 1264/817/1264
f 1278/831/1278 1279/832/1279 1280/833/1280
f 1278/831/1278 1280/833/1280 1281/834/1281
f 1282/835/1282 1283/836/1283 1284/837/1284
f 1282/835/1282 1284/837/1284 1285/838/1285
f 1281/834/1281 1280/833/1280 1286/839/1286
f 1281/834/1281 1286/839/1286 1287/840/1287
f 1288/841/1288 1289/842/1289 1290/843/1290
f 1288/841/1288 1290/843/1290 1283/836/1283
f 1291/844/1291 1292/845/1292 1293/846/1293
f 1283/836/1283 1290/843/1290 1294/847/1294
f 1283/836/1283 1294/847/1294 1284/837/1284
f 1295/848/1295 1288/841/1288 1283/836/1283
f 1295/848/1295 1283/836/1283 1282/835/1282
f 1292/845/1292 1296/849/1296 1297/850/1297
f 1292/845/1292 1297/850/1297 1279/832/1279
f 1293/846/1293 1292/845/1292 1279/832/1279
f 1293/846/1293 1279/832/1279 1278/831/1278
f 1280/833/1280 1298/851/1298 1299/852/1299
f 1280/833/1280 1299/852/1299 1286/839/1286
f 1292/845/1292 1291/844/1291 1296/849/1296
f 1279/832/1279 1297/850/1297 1298/851/1298
f 1279/832/1279 1298/851/1298 1280/833/1280
f 1286/839/1286 1288/841/1288 1295/848/1295
f 1286/839/1286 1295/848/1295 1287/840/1287
f 1299/852/1299 1289/842/1289 1288/841/1288
f 1299/852/1299 1288/841/1288 1286/839/1286
f 1300/853/1300 1301/854/1301 1302/855/1302
f 1300/853/1300 1302/855/1302 1303/856/1303
f 1304/857/1304 1305/858/1305 1306/859/1306
f 1304/857/1304 1306/859/1306 1307/860/1307
f 1301/854/1301 1308/861/1308 1309/862/1309
f 1301/854/1301 1309/862/1309 1302/855/1302
f 1310/863/1310 1307/860/1307 1311/864/1311
f 1310/863/1310 1311/864/1311 1312/865/1312
f 1313/866/1313 1314/867/1314 1315/868/1315
f 1307/860/1307 1306/859/1306 1316/869/1316
f 1307/860/1307 1316/869/1316 1311/864/1311
f 1317/870/1317 1304/857/1304 1307/860/1307
f 1317/870/1317 1307/860/1307 1310/863/1310
f 1315/868/1315 1303/856/1303 1318/871/1318
f 1315/868/1315 1318/871/1318 1319/872/1319
f 1314/867/1314 1300/853/1300 1303/856/1303
f 1314/867/1314 1303/856/1303 1315/868/1315
f 1302/855/1302 1309/862/1309 1320/873/1320
f 1302/855/1302 1320/873/1320 1321/874/1321
f 1315/868/1315 1319/872/1319 1313/866/1313
f 1303/856/1303 1302/855/1302 1321/874/1321
f 1303/856/1303 1321/874/1321 1318/871/1318
f 1309/862/1309 1308/861/1308 1317/870/1317
f 1309/862/1309 1317/870/1317 1310/863/1310
f 1320/873/1320 1309/862/1309 1310/863/1310
f 1320/873/1320 1310/863/1310 1312/865/1312
