# StylizedRedwood_Cap_2 -- generated by tools/bake-trees.mjs from @dgreenheck/ez-tree (MIT).
# Do not edit by hand: re-run the baker.
mtllib StylizedRedwood_Cap_2.mtl
o StylizedRedwood_Cap_2
v 3.6920 0.0000 0.0000
v 2.9869 0.0000 2.1701
v 1.1409 0.0000 3.5113
v -1.1409 0.0000 3.5113
v -2.9869 0.0000 2.1701
v -3.6920 0.0000 0.0000
v -2.9869 0.0000 -2.1701
v -1.1409 0.0000 -3.5113
v 1.1409 0.0000 -3.5113
v 2.9869 0.0000 -2.1701
v 3.6920 0.0000 0.0000
v 2.9869 2.5021 -0.0000
v 2.4164 2.5023 1.7556
v 0.9230 2.5017 2.8408
v -0.9231 2.5004 2.8410
v -2.4169 2.4989 1.7560
v -2.9877 2.4979 0.0000
v -2.4171 2.4977 -1.7561
v -0.9232 2.4983 -2.8414
v 0.9231 2.4996 -2.8412
v 2.4166 2.5011 -1.7558
v 2.9869 2.5021 -0.0000
v 2.5631 5.0036 -0.0011
v 2.0734 5.0016 1.5068
v 0.7907 4.9991 2.4390
v -0.7950 4.9969 2.4392
v -2.0780 4.9959 1.5071
v -2.5680 4.9964 -0.0011
v -2.0778 4.9984 -1.5092
v -0.7949 5.0009 -2.4410
v 0.7906 5.0031 -2.4408
v 2.0732 5.0041 -1.5089
v 2.5631 5.0036 -0.0011
v 2.3993 7.5074 0.0012
v 1.9400 7.5026 1.4148
v 0.7375 7.4969 2.2884
v -0.7488 7.4923 2.2884
v -1.9513 7.4906 1.4147
v -2.4106 7.4926 0.0011
v -1.9513 7.4973 -1.4125
v -0.7488 7.5031 -2.2862
v 0.7375 7.5077 -2.2861
v 1.9400 7.5094 -1.4125
v 2.3993 7.5074 0.0012
v 2.3266 10.0000 0.0071
v 1.8797 10.0000 1.3825
v 0.7097 10.0000 2.2325
v -0.7365 10.0000 2.2325
v -1.9065 10.0000 1.3825
v -2.3534 10.0000 0.0071
v -1.9065 10.0000 -1.3684
v -0.7365 10.0000 -2.2184
v 0.7097 10.0000 -2.2184
v 1.8797 10.0000 -1.3684
v 2.3266 10.0000 0.0071
v 2.2616 12.5002 0.0071
v 1.8271 12.5000 1.3443
v 0.6896 12.4998 2.1707
v -0.7164 12.4997 2.1707
v -1.8539 12.4997 1.3443
v -2.2884 12.4997 0.0071
v -1.8539 12.4999 -1.3302
v -0.7164 12.5001 -2.1566
v 0.6896 12.5003 -2.1566
v 1.8271 12.5003 -1.3302
v 2.2616 12.5002 0.0071
v 2.1964 15.0000 0.0073
v 1.7743 15.0000 1.3063
v 0.6693 15.0000 2.1091
v -0.6966 15.0000 2.1091
v -1.8016 15.0000 1.3063
v -2.2236 15.0000 0.0073
v -1.8016 15.0000 -1.2917
v -0.6966 15.0000 -2.0945
v 0.6693 15.0000 -2.0945
v 1.7743 15.0000 -1.2917
v 2.1964 15.0000 0.0073
v 2.1314 17.5003 0.0073
v 1.7217 17.5001 1.2681
v 0.6492 17.4999 2.0473
v -0.6765 17.4997 2.0473
v -1.7490 17.4996 1.2681
v -2.1586 17.4997 0.0073
v -1.7490 17.4999 -1.2535
v -0.6765 17.5001 -2.0327
v 0.6492 17.5003 -2.0327
v 1.7217 17.5003 -1.2535
v 2.1314 17.5003 0.0073
v 2.0660 20.0000 0.0075
v 1.6688 20.0000 1.2301
v 0.6288 20.0000 1.9857
v -0.6567 20.0000 1.9857
v -1.6967 20.0000 1.2301
v -2.0940 20.0000 0.0075
v -1.6967 20.0000 -1.2151
v -0.6567 20.0000 -1.9707
v 0.6288 20.0000 -1.9707
v 1.6688 20.0000 -1.2151
v 2.0660 20.0000 0.0075
v 2.0010 22.5000 0.0075
v 1.6162 22.5000 1.1919
v 0.6087 22.5000 1.9239
v -0.6366 22.5000 1.9239
v -1.6441 22.5000 1.1919
v -2.0290 22.5000 0.0075
v -1.6441 22.5000 -1.1769
v -0.6366 22.5000 -1.9088
v 0.6087 22.5000 -1.9088
v 1.6162 22.5000 -1.1769
v 2.0010 22.5000 0.0075
v 1.9360 25.0000 0.0075
v 1.5636 25.0000 1.1537
v 0.5886 25.0000 1.8621
v -0.6166 25.0000 1.8621
v -1.5916 25.0000 1.1537
v -1.9640 25.0000 0.0075
v -1.5916 25.0000 -1.1386
v -0.6166 25.0000 -1.8470
v 0.5886 25.0000 -1.8470
v 1.5636 25.0000 -1.1386
v 1.9360 25.0000 0.0075
v 1.8710 27.5000 0.0075
v 1.5110 27.5000 1.1155
v 0.5685 27.5000 1.8003
v -0.5965 27.5000 1.8003
v -1.5390 27.5000 1.1155
v -1.8990 27.5000 0.0075
v -1.5390 27.5000 -1.1004
v -0.5965 27.5000 -1.7852
v 0.5685 27.5000 -1.7852
v 1.5110 27.5000 -1.1004
v 1.8710 27.5000 0.0075
v 1.8060 30.0000 0.0075
v 1.4584 30.0000 1.0773
v 0.5484 30.0000 1.7385
v -0.5764 30.0000 1.7385
v -1.4864 30.0000 1.0773
v -1.8340 30.0000 0.0075
v -1.4864 30.0000 -1.0622
v -0.5764 30.0000 -1.7234
v 0.5484 30.0000 -1.7234
v 1.4584 30.0000 -1.0622
v 1.8060 30.0000 0.0075
v 1.7410 32.5000 0.0075
v 1.4059 32.5000 1.0391
v 0.5284 32.5000 1.6766
v -0.5563 32.5000 1.6766
v -1.4338 32.5000 1.0391
v -1.7690 32.5000 0.0075
v -1.4338 32.5000 -1.0240
v -0.5563 32.5000 -1.6616
v 0.5284 32.5000 -1.6616
v 1.4059 32.5000 -1.0240
v 1.7410 32.5000 0.0075
v 1.6760 35.0000 0.0075
v 1.3533 35.0000 1.0009
v 0.5083 35.0000 1.6148
v -0.5362 35.0000 1.6148
v -1.3812 35.0000 1.0009
v -1.7040 35.0000 0.0075
v -1.3812 35.0000 -0.9858
v -0.5362 35.0000 -1.5998
v 0.5083 35.0000 -1.5998
v 1.3533 35.0000 -0.9858
v 1.6760 35.0000 0.0075
v 1.6110 37.5000 0.0075
v 1.3007 37.5000 0.9627
v 0.4882 37.5000 1.5530
v -0.5161 37.5000 1.5530
v -1.3286 37.5000 0.9627
v -1.6390 37.5000 0.0075
v -1.3286 37.5000 -0.9476
v -0.5161 37.5000 -1.5379
v 0.4882 37.5000 -1.5379
v 1.3007 37.5000 -0.9476
v 1.6110 37.5000 0.0075
v 1.5460 40.0000 0.0075
v 1.2481 40.0000 0.9245
v 0.4681 40.0000 1.4912
v -0.4960 40.0000 1.4912
v -1.2760 40.0000 0.9245
v -1.5740 40.0000 0.0075
v -1.2760 40.0000 -0.9094
v -0.4960 40.0000 -1.4761
v 0.4681 40.0000 -1.4761
v 1.2481 40.0000 -0.9094
v 1.5460 40.0000 0.0075
v 1.4810 42.5000 0.0075
v 1.1955 42.5000 0.8863
v 0.4480 42.5000 1.4294
v -0.4759 42.5000 1.4294
v -1.2234 42.5000 0.8863
v -1.5090 42.5000 0.0075
v -1.2234 42.5000 -0.8712
v -0.4759 42.5000 -1.4143
v 0.4480 42.5000 -1.4143
v 1.1955 42.5000 -0.8712
v 1.4810 42.5000 0.0075
v 1.4160 45.0000 0.0075
v 1.1429 45.0000 0.8481
v 0.4279 45.0000 1.3675
v -0.4559 45.0000 1.3675
v -1.1709 45.0000 0.8481
v -1.4440 45.0000 0.0075
v -1.1709 45.0000 -0.8330
v -0.4559 45.0000 -1.3525
v 0.4279 45.0000 -1.3525
v 1.1429 45.0000 -0.8330
v 1.4160 45.0000 0.0075
v 1.3510 47.5000 0.0075
v 1.0903 47.5000 0.8099
v 0.4078 47.5000 1.3057
v -0.4358 47.5000 1.3057
v -1.1183 47.5000 0.8099
v -1.3790 47.5000 0.0075
v -1.1183 47.5000 -0.7948
v -0.4358 47.5000 -1.2907
v 0.4078 47.5000 -1.2907
v 1.0903 47.5000 -0.7948
v 1.3510 47.5000 0.0075
v 1.2860 50.0000 0.0075
v 1.0378 50.0000 0.7717
v 0.3878 50.0000 1.2439
v -0.4157 50.0000 1.2439
v -1.0657 50.0000 0.7717
v -1.3140 50.0000 0.0075
v -1.0657 50.0000 -0.7566
v -0.4157 50.0000 -1.2288
v 0.3878 50.0000 -1.2288
v 1.0378 50.0000 -0.7566
v 1.2860 50.0000 0.0075
v 1.2210 52.5000 0.0075
v 0.9852 52.5000 0.7334
v 0.3677 52.5000 1.1821
v -0.3956 52.5000 1.1821
v -1.0131 52.5000 0.7334
v -1.2490 52.5000 0.0075
v -1.0131 52.5000 -0.7184
v -0.3956 52.5000 -1.1670
v 0.3677 52.5000 -1.1670
v 0.9852 52.5000 -0.7184
v 1.2210 52.5000 0.0075
v 1.1560 55.0000 0.0075
v 0.9326 55.0000 0.6952
v 0.3476 55.0000 1.1203
v -0.3755 55.0000 1.1203
v -0.9605 55.0000 0.6952
v -1.1840 55.0000 0.0075
v -0.9605 55.0000 -0.6802
v -0.3755 55.0000 -1.1052
v 0.3476 55.0000 -1.1052
v 0.9326 55.0000 -0.6802
v 1.1560 55.0000 0.0075
v 1.0910 57.5000 0.0075
v 0.8800 57.5000 0.6570
v 0.3275 57.5000 1.0585
v -0.3554 57.5000 1.0585
v -0.9079 57.5000 0.6570
v -1.1190 57.5000 0.0075
v -0.9079 57.5000 -0.6420
v -0.3554 57.5000 -1.0434
v 0.3275 57.5000 -1.0434
v 0.8800 57.5000 -0.6420
v 1.0910 57.5000 0.0075
v 1.0260 60.0000 0.0075
v 0.8274 60.0000 0.6188
v 0.3074 60.0000 0.9966
v -0.3353 60.0000 0.9966
v -0.8553 60.0000 0.6188
v -1.0540 60.0000 0.0075
v -0.8553 60.0000 -0.6038
v -0.3353 60.0000 -0.9816
v 0.3074 60.0000 -0.9816
v 0.8274 60.0000 -0.6038
v 1.0260 60.0000 0.0075
v 0.9610 62.5000 0.0075
v 0.7748 62.5000 0.5806
v 0.2873 62.5000 0.9348
v -0.3153 62.5000 0.9348
v -0.8028 62.5000 0.5806
v -0.9890 62.5000 0.0075
v -0.8028 62.5000 -0.5656
v -0.3153 62.5000 -0.9197
v 0.2873 62.5000 -0.9197
v 0.7748 62.5000 -0.5656
v 0.9610 62.5000 0.0075
v 0.8960 65.0000 0.0075
v 0.7222 65.0000 0.5424
v 0.2672 65.0000 0.8730
v -0.2952 65.0000 0.8730
v -0.7502 65.0000 0.5424
v -0.9240 65.0000 0.0075
v -0.7502 65.0000 -0.5274
v -0.2952 65.0000 -0.8579
v 0.2672 65.0000 -0.8579
v 0.7222 65.0000 -0.5274
v 0.8960 65.0000 0.0075
v 0.8310 67.5000 0.0075
v 0.6697 67.5000 0.5042
v 0.2472 67.5000 0.8112
v -0.2751 67.5000 0.8112
v -0.6976 67.5000 0.5042
v -0.8590 67.5000 0.0075
v -0.6976 67.5000 -0.4891
v -0.2751 67.5000 -0.7961
v 0.2472 67.5000 -0.7961
v 0.6697 67.5000 -0.4891
v 0.8310 67.5000 0.0075
v 0.7660 70.0000 0.0075
v 0.6171 70.0000 0.4660
v 0.2271 70.0000 0.7494
v -0.2550 70.0000 0.7494
v -0.6450 70.0000 0.4660
v -0.7940 70.0000 0.0075
v -0.6450 70.0000 -0.4509
v -0.2550 70.0000 -0.7343
v 0.2271 70.0000 -0.7343
v 0.6171 70.0000 -0.4509
v 0.7660 70.0000 0.0075
v 0.7010 72.5000 0.0075
v 0.5645 72.5000 0.4278
v 0.2070 72.5000 0.6875
v -0.2349 72.5000 0.6875
v -0.5924 72.5000 0.4278
v -0.7290 72.5000 0.0075
v -0.5924 72.5000 -0.4127
v -0.2349 72.5000 -0.6725
v 0.2070 72.5000 -0.6725
v 0.5645 72.5000 -0.4127
v 0.7010 72.5000 0.0075
v 0.6360 75.0000 0.0075
v 0.5119 75.0000 0.3896
v 0.1869 75.0000 0.6257
v -0.2148 75.0000 0.6257
v -0.5398 75.0000 0.3896
v -0.6640 75.0000 0.0075
v -0.5398 75.0000 -0.3745
v -0.2148 75.0000 -0.6107
v 0.1869 75.0000 -0.6107
v 0.5119 75.0000 -0.3745
v 0.6360 75.0000 0.0075
v 0.5710 77.5000 0.0075
v 0.4593 77.5000 0.3514
v 0.1668 77.5000 0.5639
v -0.1947 77.5000 0.5639
v -0.4872 77.5000 0.3514
v -0.5990 77.5000 0.0075
v -0.4872 77.5000 -0.3363
v -0.1947 77.5000 -0.5488
v 0.1668 77.5000 -0.5488
v 0.4593 77.5000 -0.3363
v 0.5710 77.5000 0.0075
v 0.5060 80.0000 0.0075
v 0.4067 80.0000 0.3132
v 0.1467 80.0000 0.5021
v -0.1747 80.0000 0.5021
v -0.4347 80.0000 0.3132
v -0.5340 80.0000 0.0075
v -0.4347 80.0000 -0.2981
v -0.1747 80.0000 -0.4870
v 0.1467 80.0000 -0.4870
v 0.4067 80.0000 -0.2981
v 0.5060 80.0000 0.0075
v 0.4410 82.5000 0.0075
v 0.3541 82.5000 0.2750
v 0.1266 82.5000 0.4403
v -0.1546 82.5000 0.4403
v -0.3821 82.5000 0.2750
v -0.4690 82.5000 0.0075
v -0.3821 82.5000 -0.2599
v -0.1546 82.5000 -0.4252
v 0.1266 82.5000 -0.4252
v 0.3541 82.5000 -0.2599
v 0.4410 82.5000 0.0075
v 0.3760 85.0000 0.0075
v 0.3015 85.0000 0.2368
v 0.1065 85.0000 0.3784
v -0.1345 85.0000 0.3784
v -0.3295 85.0000 0.2368
v -0.4040 85.0000 0.0075
v -0.3295 85.0000 -0.2217
v -0.1345 85.0000 -0.3634
v 0.1065 85.0000 -0.3634
v 0.3015 85.0000 -0.2217
v 0.3760 85.0000 0.0075
v 0.3110 87.5000 0.0075
v 0.2490 87.5000 0.1986
v 0.0865 87.5000 0.3166
v -0.1144 87.5000 0.3166
v -0.2769 87.5000 0.1986
v -0.3390 87.5000 0.0075
v -0.2769 87.5000 -0.1835
v -0.1144 87.5000 -0.3016
v 0.0865 87.5000 -0.3016
v 0.2490 87.5000 -0.1835
v 0.3110 87.5000 0.0075
v 0.2460 90.0000 0.0075
v 0.1964 90.0000 0.1604
v 0.0664 90.0000 0.2548
v -0.0943 90.0000 0.2548
v -0.2243 90.0000 0.1604
v -0.2740 90.0000 0.0075
v -0.2243 90.0000 -0.1453
v -0.0943 90.0000 -0.2397
v 0.0664 90.0000 -0.2397
v 0.1964 90.0000 -0.1453
v 0.2460 90.0000 0.0075
v 0.1810 92.5000 0.0075
v 0.1438 92.5000 0.1222
v 0.0463 92.5000 0.1930
v -0.0742 92.5000 0.1930
v -0.1717 92.5000 0.1222
v -0.2090 92.5000 0.0075
v -0.1717 92.5000 -0.1071
v -0.0742 92.5000 -0.1779
v 0.0463 92.5000 -0.1779
v 0.1438 92.5000 -0.1071
v 0.1810 92.5000 0.0075
v 0.1160 95.0000 0.0075
v 0.0912 95.0000 0.0839
v 0.0262 95.0000 0.1312
v -0.0541 95.0000 0.1312
v -0.1191 95.0000 0.0839
v -0.1440 95.0000 0.0075
v -0.1191 95.0000 -0.0689
v -0.0541 95.0000 -0.1161
v 0.0262 95.0000 -0.1161
v 0.0912 95.0000 -0.0689
v 0.1160 95.0000 0.0075
v 0.0510 97.5000 0.0075
v 0.0386 97.5000 0.0457
v 0.0061 97.5000 0.0694
v -0.0341 97.5000 0.0694
v -0.0666 97.5000 0.0457
v -0.0790 97.5000 0.0075
v -0.0666 97.5000 -0.0307
v -0.0341 97.5000 -0.0543
v 0.0061 97.5000 -0.0543
v 0.0386 97.5000 -0.0307
v 0.0510 97.5000 0.0075
v -0.0140 100.0000 0.0075
v -0.0140 100.0000 0.0075
v -0.0140 100.0000 0.0075
v -0.0140 100.0000 0.0075
v -0.0140 100.0000 0.0075
v -0.0140 100.0000 0.0075
v -0.0140 100.0000 0.0075
v -0.0140 100.0000 0.0075
v -0.0140 100.0000 0.0075
v -0.0140 100.0000 0.0075
v -0.0140 100.0000 0.0075
v -0.2976 61.2269 0.3486
v -0.0677 60.8073 0.1411
v 0.2364 60.9676 -0.2510
v 0.1945 61.4862 -0.2858
v -0.1355 61.6464 0.0847
v -0.2976 61.2269 0.3486
v -1.1016 61.1016 -0.4168
v -0.9071 60.7582 -0.5984
v -0.6392 60.9037 -0.9081
v -0.6682 61.3372 -0.9178
v -0.9540 61.4595 -0.6142
v -1.1016 61.1016 -0.4168
v -1.8927 61.0271 -1.2373
v -1.7223 60.7560 -1.3727
v -1.4747 60.8791 -1.5833
v -1.4920 61.2262 -1.5781
v -1.7503 61.3177 -1.3643
v -1.8927 61.0271 -1.2373
v -2.5673 61.0036 -2.1664
v -2.4262 60.8041 -2.2571
v -2.2094 60.9011 -2.3647
v -2.2166 61.1606 -2.3405
v -2.4378 61.2240 -2.2179
v -2.5673 61.0036 -2.1664
v -3.0259 61.0942 -3.1892
v -2.9293 60.9540 -3.2242
v -2.7728 61.0082 -3.2769
v -2.7726 61.1820 -3.2744
v -2.9290 61.2352 -3.2203
v -3.0259 61.0942 -3.1892
v -3.3016 61.0991 -4.2357
v -3.2632 61.0399 -4.2864
v -3.1940 61.0772 -4.3234
v -3.1897 61.1594 -4.2957
v -3.2562 61.1729 -4.2414
v -3.3016 61.0991 -4.2357
v -3.8656 61.4277 -5.1224
v -3.8656 61.4277 -5.1224
v -3.8656 61.4277 -5.1224
v -3.8656 61.4277 -5.1224
v -3.8656 61.4277 -5.1224
v -3.8656 61.4277 -5.1224
v -0.1786 69.0821 0.3206
v -0.0337 68.7476 0.1206
v 0.1385 68.8754 -0.2356
v 0.1000 69.2889 -0.2558
v -0.0960 69.4167 0.0879
v -0.1786 69.0821 0.3206
v -0.9090 69.0467 -0.1367
v -0.8016 68.7370 -0.2488
v -0.6712 68.7777 -0.5672
v -0.6981 69.1126 -0.6519
v -0.8451 69.2789 -0.3858
v -0.9090 69.0467 -0.1367
v -1.6703 68.8859 -0.5299
v -1.5922 68.6368 -0.6231
v -1.4928 68.6687 -0.8799
v -1.5094 68.9375 -0.9454
v -1.6190 69.0718 -0.7291
v -1.6703 68.8859 -0.5299
v -2.4705 68.7084 -0.9168
v -2.4016 68.5421 -1.0209
v -2.3017 68.6093 -1.1904
v -2.3089 68.8171 -1.1911
v -2.4132 68.8783 -1.0220
v -2.4705 68.7084 -0.9168
v -3.1985 68.7051 -1.4283
v -3.1498 68.5811 -1.4666
v -3.0719 68.5988 -1.5798
v -3.0725 68.7337 -1.6116
v -3.1507 68.7994 -1.5180
v -3.1985 68.7051 -1.4283
v -3.8651 68.5889 -1.9827
v -3.8458 68.5223 -1.9830
v -3.8109 68.5104 -2.0416
v -3.8086 68.5696 -2.0776
v -3.8422 68.6181 -2.0412
v -3.8651 68.5889 -1.9827
v -4.5825 68.3459 -2.4268
v -4.5825 68.3459 -2.4268
v -4.5825 68.3459 -2.4268
v -4.5825 68.3459 -2.4268
v -4.5825 68.3459 -2.4268
v -4.5825 68.3459 -2.4268
v -0.1482 56.7668 0.4836
v -0.0081 56.2990 0.1680
v 0.1239 56.4777 -0.3693
v 0.0654 57.0559 -0.3858
v -0.1028 57.2346 0.1413
v -0.1482 56.7668 0.4836
v -1.2196 56.7340 0.0766
v -1.1612 56.2891 -0.1063
v -1.1378 56.3274 -0.5887
v -1.1816 56.7959 -0.7040
v -1.2322 57.0472 -0.2929
v -1.2196 56.7340 0.0766
v -2.3492 56.5631 -0.0719
v -2.3613 56.2162 -0.2443
v -2.4303 56.2723 -0.6216
v -2.4608 56.6539 -0.6823
v -2.4107 56.8337 -0.3426
v -2.3492 56.5631 -0.0719
v -3.6253 56.4556 0.0649
v -3.5982 56.2138 -0.0942
v -3.5839 56.2916 -0.3740
v -3.6020 56.5814 -0.3877
v -3.6276 56.6828 -0.1165
v -3.6253 56.4556 0.0649
v -4.8274 56.4216 -0.1119
v -4.8201 56.2352 -0.1644
v -4.8220 56.2275 -0.3581
v -4.8305 56.4091 -0.4252
v -4.8338 56.5291 -0.2730
v -4.8274 56.4216 -0.1119
v -6.0551 56.3501 -0.1790
v -6.0506 56.2544 -0.1938
v -6.0459 56.2391 -0.2894
v -6.0476 56.3252 -0.3337
v -6.0533 56.3938 -0.2655
v -6.0551 56.3501 -0.1790
v -7.2733 56.2619 -0.3038
v -7.2733 56.2619 -0.3038
v -7.2733 56.2619 -0.3038
v -7.2733 56.2619 -0.3038
v -7.2733 56.2619 -0.3038
v -7.2733 56.2619 -0.3038
v -0.0363 70.1293 0.3485
v 0.0130 69.8061 0.1151
v 0.0250 69.9295 -0.2670
v -0.0169 70.3290 -0.2697
v -0.0548 70.4525 0.1107
v -0.0363 70.1293 0.3485
v -0.8560 69.9894 0.2326
v -0.8307 69.7595 -0.0095
v -0.8374 69.9184 -0.3041
v -0.8668 70.2464 -0.2440
v -0.8783 70.2903 0.0876
v -0.8560 69.9894 0.2326
v -1.7442 69.9417 0.1541
v -1.6969 69.7455 -0.0220
v -1.6496 69.8580 -0.2605
v -1.6677 70.1236 -0.2317
v -1.7261 70.1754 0.0245
v -1.7442 69.9417 0.1541
v -2.5438 69.9669 -0.0821
v -2.5220 69.7843 -0.1629
v -2.5014 69.8063 -0.3614
v -2.5104 70.0025 -0.4035
v -2.5367 70.1018 -0.2308
v -2.5438 69.9669 -0.0821
v -3.3918 69.8917 -0.2335
v -3.3696 69.7724 -0.2901
v -3.3368 69.7929 -0.4183
v -3.3387 69.9249 -0.4409
v -3.3727 69.9859 -0.3266
v -3.3918 69.8917 -0.2335
v -4.2048 69.8534 -0.5167
v -4.1879 69.7887 -0.5155
v -4.1582 69.7738 -0.5736
v -4.1568 69.8295 -0.6108
v -4.1855 69.8787 -0.5757
v -4.2048 69.8534 -0.5167
v -4.9304 69.6226 -0.8905
v -4.9304 69.6226 -0.8905
v -4.9304 69.6226 -0.8905
v -4.9304 69.6226 -0.8905
v -4.9304 69.6226 -0.8905
v -4.9304 69.6226 -0.8905
v 0.0087 86.2245 0.1635
v 0.0085 86.0754 0.0535
v -0.0227 86.1323 -0.1200
v -0.0419 86.3166 -0.1173
v -0.0225 86.3735 0.0580
v 0.0087 86.2245 0.1635
v -0.4042 86.2122 0.1913
v -0.3910 86.0710 0.1303
v -0.3877 86.0855 -0.0234
v -0.3988 86.2357 -0.0573
v -0.4089 86.3140 0.0753
v -0.4042 86.2122 0.1913
v -0.8109 86.1705 0.1526
v -0.7913 86.0599 0.1013
v -0.7657 86.0772 -0.0183
v -0.7696 86.1986 -0.0409
v -0.7975 86.2562 0.0647
v -0.8109 86.1705 0.1526
v -1.1583 86.1300 0.0448
v -1.1654 86.0514 -0.0037
v -1.1746 86.0737 -0.0932
v -1.1731 86.1661 -0.0999
v -1.1630 86.2009 -0.0147
v -1.1583 86.1300 0.0448
v -1.5613 86.1383 0.0606
v -1.5609 86.0855 0.0286
v -1.5521 86.0993 -0.0309
v -1.5470 86.1607 -0.0357
v -1.5527 86.1848 0.0209
v -1.5613 86.1383 0.0606
v -1.9568 86.1679 -0.0220
v -1.9505 86.1395 -0.0323
v -1.9307 86.1421 -0.0558
v -1.9249 86.1721 -0.0601
v -1.9410 86.1881 -0.0392
v -1.9568 86.1679 -0.0220
v -2.2406 86.1846 -0.2908
v -2.2406 86.1846 -0.2908
v -2.2406 86.1846 -0.2908
v -2.2406 86.1846 -0.2908
v -2.2406 86.1846 -0.2908
v -2.2406 86.1846 -0.2908
v 0.1732 52.7333 0.5148
v 0.0943 52.2219 0.1457
v -0.1342 52.4172 -0.4144
v -0.1966 53.0494 -0.3914
v -0.0066 53.2447 0.1829
v 0.1732 52.7333 0.5148
v -1.0397 52.5518 0.8575
v -1.1558 52.1590 0.5215
v -1.4207 52.3664 0.1124
v -1.4684 52.8874 0.1955
v -1.2329 53.0020 0.6560
v -1.0397 52.5518 0.8575
v -2.2425 52.4148 1.4243
v -2.3372 52.0529 1.2254
v -2.5457 52.1497 0.8694
v -2.5799 52.5716 0.8483
v -2.3925 52.7355 1.1913
v -2.2425 52.4148 1.4243
v -3.4648 52.3938 2.0094
v -3.5274 52.0975 1.9131
v -3.6642 52.1142 1.6266
v -3.6861 52.4208 1.5460
v -3.5629 52.5937 1.7825
v -3.4648 52.3938 2.0094
v -4.7327 52.3897 2.5270
v -4.7612 52.2189 2.4048
v -4.8249 52.2850 2.2138
v -4.8358 52.4966 2.2180
v -4.7788 52.5613 2.4115
v -4.7327 52.3897 2.5270
v -6.0098 52.2929 2.8244
v -6.0437 52.2291 2.7470
v -6.1037 52.2864 2.6811
v -6.1068 52.3858 2.7178
v -6.0487 52.3898 2.8063
v -6.0098 52.2929 2.8244
v -7.1475 52.0156 3.4803
v -7.1475 52.0156 3.4803
v -7.1475 52.0156 3.4803
v -7.1475 52.0156 3.4803
v -7.1475 52.0156 3.4803
v -7.1475 52.0156 3.4803
v 0.2590 55.2877 0.4401
v 0.1134 54.8039 0.1141
v -0.2082 54.9887 -0.3592
v -0.2614 55.5867 -0.3257
v 0.0274 55.7715 0.1683
v 0.2590 55.2877 0.4401
v -0.9213 55.1647 1.0756
v -0.9984 54.7541 0.7990
v -1.1876 54.8978 0.3578
v -1.2274 55.3973 0.3618
v -1.0628 55.5623 0.8054
v -0.9213 55.1647 1.0756
v -2.1749 54.9956 1.4772
v -2.2060 54.7220 1.1858
v -2.3000 54.9130 0.8461
v -2.3270 55.3046 0.9275
v -2.2497 55.3556 1.3175
v -2.1749 54.9956 1.4772
v -3.4871 54.8421 1.6571
v -3.4720 54.6632 1.4159
v -3.4722 54.8374 1.1709
v -3.4873 55.1240 1.2606
v -3.4966 55.1269 1.5611
v -3.4871 54.8421 1.6571
v -4.7874 54.8605 1.5406
v -4.7557 54.7007 1.4238
v -4.7135 54.7663 1.2392
v -4.7192 54.9666 1.2418
v -4.7649 55.0248 1.4281
v -4.7874 54.8605 1.5406
v -5.9879 54.8503 1.1651
v -5.9827 54.7588 1.1246
v -5.9743 54.7694 1.0253
v -5.9742 54.8674 1.0044
v -5.9826 54.9174 1.0909
v -5.9879 54.8503 1.1651
v -7.2422 54.8105 0.9721
v -7.2422 54.8105 0.9721
v -7.2422 54.8105 0.9721
v -7.2422 54.8105 0.9721
v -7.2422 54.8105 0.9721
v -7.2422 54.8105 0.9721
v 0.1013 85.5603 0.1259
v 0.0334 85.4041 0.0326
v -0.1000 85.4637 -0.0953
v -0.1145 85.6569 -0.0811
v 0.0099 85.7166 0.0556
v 0.1013 85.5603 0.1259
v -0.1874 85.5058 0.3614
v -0.2612 85.3878 0.2787
v -0.3961 85.4491 0.2137
v -0.4057 85.6050 0.2561
v -0.2767 85.6400 0.3474
v -0.1874 85.5058 0.3614
v -0.4422 85.3962 0.7083
v -0.4889 85.3061 0.6278
v -0.5712 85.3640 0.5464
v -0.5755 85.4898 0.5766
v -0.4957 85.5097 0.6766
v -0.4422 85.3962 0.7083
v -0.7686 85.3498 0.9489
v -0.8057 85.2657 0.9175
v -0.8658 85.2851 0.8438
v -0.8659 85.3812 0.8297
v -0.8058 85.4212 0.8946
v -0.7686 85.3498 0.9489
v -1.1020 85.3911 1.1946
v -1.1256 85.3328 1.1792
v -1.1592 85.3387 1.1242
v -1.1564 85.4006 1.1055
v -1.1211 85.4330 1.1490
v -1.1020 85.3911 1.1946
v -1.4645 85.4566 1.3922
v -1.4727 85.4325 1.3722
v -1.4792 85.4454 1.3432
v -1.4750 85.4774 1.3453
v -1.4660 85.4843 1.3756
v -1.4645 85.4566 1.3922
v -1.8638 85.5034 1.4731
v -1.8638 85.5034 1.4731
v -1.8638 85.5034 1.4731
v -1.8638 85.5034 1.4731
v -1.8638 85.5034 1.4731
v -1.8638 85.5034 1.4731
v 0.0937 88.6861 0.0794
v 0.0264 88.5637 0.0191
v -0.0966 88.6104 -0.0572
v -0.1055 88.7618 -0.0440
v 0.0121 88.8085 0.0405
v 0.0937 88.6861 0.0794
v -0.0844 88.6523 0.2888
v -0.1528 88.5569 0.2409
v -0.2741 88.5937 0.2369
v -0.2806 88.7119 0.2823
v -0.1634 88.7481 0.3143
v -0.0844 88.6523 0.2888
v -0.1506 88.5451 0.5593
v -0.2051 88.4626 0.5364
v -0.3023 88.4825 0.5572
v -0.3080 88.5772 0.5930
v -0.2143 88.6159 0.5943
v -0.1506 88.5451 0.5593
v -0.1302 88.4288 0.8708
v -0.1717 88.3673 0.8536
v -0.2450 88.3876 0.8539
v -0.2489 88.4616 0.8712
v -0.1779 88.4870 0.8817
v -0.1302 88.4288 0.8708
v -0.1764 88.3534 1.1986
v -0.2019 88.3118 1.1848
v -0.2442 88.3264 1.1610
v -0.2449 88.3771 1.1600
v -0.2030 88.3938 1.1833
v -0.1764 88.3534 1.1986
v -0.3525 88.3644 1.4650
v -0.3657 88.3457 1.4758
v -0.3857 88.3407 1.4610
v -0.3849 88.3563 1.4411
v -0.3643 88.3710 1.4435
v -0.3525 88.3644 1.4650
v -0.5439 88.5713 1.6192
v -0.5439 88.5713 1.6192
v -0.5439 88.5713 1.6192
v -0.5439 88.5713 1.6192
v -0.5439 88.5713 1.6192
v -0.5439 88.5713 1.6192
v 0.4226 58.9134 0.1817
v 0.1383 58.4688 0.0179
v -0.3565 58.6386 -0.1602
v -0.3779 59.1882 -0.1065
v 0.1036 59.3580 0.1047
v 0.4226 58.9134 0.1817
v -0.0704 58.8000 1.2037
v -0.3146 58.4223 1.1049
v -0.7361 58.5552 0.9757
v -0.7524 59.0149 0.9946
v -0.3410 59.1663 1.1355
v -0.0704 58.8000 1.2037
v -0.4916 58.7378 2.2415
v -0.6952 58.4390 2.1712
v -1.0444 58.5472 2.1257
v -1.0566 58.9129 2.1679
v -0.7150 59.0308 2.2395
v -0.4916 58.7378 2.2415
v -0.7597 58.5929 3.3660
v -0.9132 58.3794 3.2813
v -1.1753 58.4648 3.2627
v -1.1838 58.7310 3.3360
v -0.9269 58.8102 3.3999
v -0.7597 58.5929 3.3660
v -1.0151 58.2899 4.4267
v -1.1184 58.1377 4.4345
v -1.2949 58.1891 4.4452
v -1.3007 58.3732 4.4441
v -1.1278 58.4355 4.4327
v -1.0151 58.2899 4.4267
v -1.0256 58.3071 5.5719
v -1.0726 58.2282 5.5653
v -1.1550 58.2409 5.6045
v -1.1588 58.3276 5.6353
v -1.0788 58.3685 5.6151
v -1.0256 58.3071 5.5719
v -0.6641 57.9503 6.6223
v -0.6641 57.9503 6.6223
v -0.6641 57.9503 6.6223
v -0.6641 57.9503 6.6223
v -0.6641 57.9503 6.6223
v -0.6641 57.9503 6.6223
v -0.0094 99.5947 0.0083
v -0.0125 99.5903 0.0073
v -0.0176 99.5919 0.0066
v -0.0177 99.5974 0.0072
v -0.0126 99.5990 0.0082
v -0.0094 99.5947 0.0083
v -0.0120 99.5934 0.0188
v -0.0147 99.5934 0.0225
v -0.0190 99.5934 0.0211
v -0.0190 99.5934 0.0165
v -0.0147 99.5934 0.0151
v -0.0120 99.5934 0.0188
v -0.0128 99.6049 0.0188
v -0.0149 99.6049 0.0217
v -0.0184 99.6049 0.0206
v -0.0184 99.6049 0.0170
v -0.0149 99.6049 0.0159
v -0.0128 99.6049 0.0188
v -0.0136 99.6164 0.0188
v -0.0152 99.6164 0.0210
v -0.0178 99.6164 0.0202
v -0.0178 99.6164 0.0174
v -0.0152 99.6164 0.0166
v -0.0136 99.6164 0.0188
v -0.0144 99.6279 0.0188
v -0.0154 99.6279 0.0203
v -0.0172 99.6279 0.0197
v -0.0172 99.6279 0.0179
v -0.0154 99.6279 0.0173
v -0.0144 99.6279 0.0188
v -0.0151 99.6394 0.0188
v -0.0157 99.6394 0.0195
v -0.0165 99.6394 0.0192
v -0.0165 99.6394 0.0183
v -0.0157 99.6394 0.0181
v -0.0151 99.6394 0.0188
v -0.0159 99.6509 0.0188
v -0.0159 99.6509 0.0188
v -0.0159 99.6509 0.0188
v -0.0159 99.6509 0.0188
v -0.0159 99.6509 0.0188
v -0.0159 99.6509 0.0188
v 0.2227 79.2950 -0.0018
v 0.0582 79.0709 -0.0189
v -0.2060 79.1565 0.0005
v -0.2049 79.4334 0.0296
v 0.0601 79.5190 0.0282
v 0.2227 79.2950 -0.0018
v 0.2057 79.2362 0.6065
v 0.0687 79.0515 0.6376
v -0.1508 79.1185 0.6036
v -0.1495 79.3446 0.5515
v 0.0708 79.4174 0.5533
v 0.2057 79.2362 0.6065
v 0.1173 79.3629 1.1384
v 0.0089 79.2149 1.1665
v -0.1658 79.2746 1.1859
v -0.1654 79.4595 1.1697
v 0.0096 79.5141 1.1404
v 0.1173 79.3629 1.1384
v 0.1566 79.4017 1.7120
v 0.0780 79.3121 1.7841
v -0.0502 79.3655 1.7939
v -0.0509 79.4881 1.7278
v 0.0769 79.5104 1.6772
v 0.1566 79.4017 1.7120
v 0.2605 79.6555 2.2111
v 0.2151 79.6280 2.2872
v 0.1383 79.6796 2.2950
v 0.1364 79.7391 2.2238
v 0.2119 79.7242 2.1719
v 0.2605 79.6555 2.2111
v 0.5268 80.0656 2.5541
v 0.5018 80.0668 2.5932
v 0.4596 80.0828 2.5828
v 0.4584 80.0917 2.5373
v 0.4999 80.0810 2.5195
v 0.5268 80.0656 2.5541
v 0.6727 80.6255 2.6586
v 0.6727 80.6255 2.6586
v 0.6727 80.6255 2.6586
v 0.6727 80.6255 2.6586
v 0.6727 80.6255 2.6586
v 0.6727 80.6255 2.6586
v 0.3102 70.7636 -0.0748
v 0.0780 70.4473 -0.0501
v -0.2813 70.5681 0.0542
v -0.2712 70.9591 0.0941
v 0.0944 71.0800 0.0143
v 0.3102 70.7636 -0.0748
v 0.4614 70.6622 0.7494
v 0.2671 70.4104 0.8282
v -0.0353 70.5271 0.8763
v -0.0279 70.8509 0.8273
v 0.2791 70.9345 0.7488
v 0.4614 70.6622 0.7494
v 0.5842 70.7892 1.5927
v 0.4260 70.5811 1.6121
v 0.1791 70.6679 1.6252
v 0.1846 70.9298 1.6139
v 0.4350 71.0047 1.5938
v 0.5842 70.7892 1.5927
v 0.5771 70.8329 2.3826
v 0.4647 70.6723 2.3981
v 0.2875 70.7282 2.4622
v 0.2903 70.9233 2.4864
v 0.4693 70.9880 2.4372
v 0.5771 70.8329 2.3826
v 0.7631 70.7257 3.1559
v 0.6984 70.6217 3.2024
v 0.5935 70.6652 3.2678
v 0.5934 70.7961 3.2618
v 0.6983 70.8335 3.1926
v 0.7631 70.7257 3.1559
v 1.1607 70.7687 3.8783
v 1.1320 70.7112 3.8912
v 1.0829 70.7220 3.9332
v 1.0812 70.7862 3.9462
v 1.1292 70.8151 3.9122
v 1.1607 70.7687 3.8783
v 1.6354 70.6459 4.5482
v 1.6354 70.6459 4.5482
v 1.6354 70.6459 4.5482
v 1.6354 70.6459 4.5482
v 1.6354 70.6459 4.5482
v 1.6354 70.6459 4.5482
v 0.2371 75.5308 -0.1163
v 0.0513 75.2661 -0.0557
v -0.2247 75.3672 0.0923
v -0.2095 75.6945 0.1231
v 0.0759 75.7956 -0.0058
v 0.2371 75.5308 -0.1163
v 0.5021 75.4470 0.5272
v 0.3477 75.2333 0.6025
v 0.1149 75.3306 0.7101
v 0.1256 75.6045 0.7013
v 0.3648 75.6764 0.5883
v 0.5021 75.4470 0.5272
v 0.7586 75.4599 1.1856
v 0.6331 75.2875 1.2374
v 0.4412 75.3633 1.3118
v 0.4480 75.5825 1.3059
v 0.6441 75.6422 1.2280
v 0.7586 75.4599 1.1856
v 0.9585 75.4484 1.8323
v 0.8733 75.3435 1.9261
v 0.7402 75.4222 1.9823
v 0.7431 75.5758 1.9233
v 0.8781 75.5920 1.8305
v 0.9585 75.4484 1.8323
v 1.2888 75.6734 2.4475
v 1.2238 75.6196 2.5177
v 1.1209 75.6542 2.5018
v 1.1223 75.7293 2.4219
v 1.2260 75.7412 2.3884
v 1.2888 75.6734 2.4475
v 1.3366 76.1730 2.9210
v 1.3054 76.1577 2.9634
v 1.2549 76.1774 2.9552
v 1.2549 76.2049 2.9077
v 1.3054 76.2021 2.8865
v 1.3366 76.1730 2.9210
v 1.4636 76.7647 3.2625
v 1.4636 76.7647 3.2625
v 1.4636 76.7647 3.2625
v 1.4636 76.7647 3.2625
v 1.4636 76.7647 3.2625
v 1.4636 76.7647 3.2625
v 0.3607 58.2891 -0.2879
v 0.0725 57.8378 -0.1210
v -0.3353 58.0102 0.2235
v -0.2990 58.5681 0.2696
v 0.1312 58.7405 -0.0465
v 0.3607 58.2891 -0.2879
v 1.0386 58.1244 0.7050
v 0.7919 57.7771 0.8974
v 0.4371 57.9667 1.1356
v 0.4646 58.4312 1.0903
v 0.8364 58.5286 0.8242
v 1.0386 58.1244 0.7050
v 1.6566 58.1573 1.7326
v 1.4578 57.9104 1.9309
v 1.1674 58.0909 2.0825
v 1.1869 58.4494 1.9778
v 1.4892 58.4904 1.7616
v 1.6566 58.1573 1.7326
v 2.2542 58.4207 2.7521
v 2.0976 58.2346 2.8918
v 1.8646 58.3648 2.9780
v 1.8771 58.6313 2.8915
v 2.1179 58.6658 2.7518
v 2.2542 58.4207 2.7521
v 2.7038 58.7102 3.7721
v 2.6153 58.6165 3.9075
v 2.4819 58.7276 3.9771
v 2.4880 58.8900 3.8847
v 2.6251 58.8793 3.7580
v 2.7038 58.7102 3.7721
v 3.4060 59.1744 4.5992
v 3.3660 59.1097 4.6536
v 3.3033 59.1525 4.7081
v 3.3044 59.2437 4.6873
v 3.3679 59.2572 4.6200
v 3.4060 59.1744 4.5992
v 4.1819 59.3635 5.4739
v 4.1819 59.3635 5.4739
v 4.1819 59.3635 5.4739
v 4.1819 59.3635 5.4739
v 4.1819 59.3635 5.4739
v 4.1819 59.3635 5.4739
v 0.1062 83.5740 -0.1369
v 0.0088 83.3962 -0.0491
v -0.1200 83.4641 0.1170
v -0.1023 83.6838 0.1318
v 0.0375 83.7517 -0.0252
v 0.1062 83.5740 -0.1369
v 0.4461 83.4977 0.1899
v 0.3650 83.3706 0.2955
v 0.2520 83.4573 0.4122
v 0.2633 83.6380 0.3786
v 0.3832 83.6629 0.2412
v 0.4461 83.4977 0.1899
v 0.7382 83.5029 0.5133
v 0.6993 83.4395 0.6404
v 0.6451 83.5442 0.7287
v 0.6505 83.6722 0.6562
v 0.7080 83.6467 0.5231
v 0.7382 83.5029 0.5133
v 1.1595 83.5848 0.7193
v 1.1276 83.5544 0.8206
v 1.0779 83.6409 0.8681
v 1.0791 83.7247 0.7961
v 1.1295 83.6900 0.7042
v 1.1595 83.5848 0.7193
v 1.5737 83.7677 0.9170
v 1.5403 83.7205 0.9626
v 1.4841 83.7558 0.9946
v 1.4828 83.8247 0.9688
v 1.5382 83.8321 0.9208
v 1.5737 83.7677 0.9170
v 1.8360 83.9147 1.2947
v 1.8153 83.8863 1.3054
v 1.7802 83.8975 1.3063
v 1.7793 83.9329 1.2961
v 1.8138 83.9435 1.2889
v 1.8360 83.9147 1.2947
v 1.8577 84.0439 1.7423
v 1.8577 84.0439 1.7423
v 1.8577 84.0439 1.7423
v 1.8577 84.0439 1.7423
v 1.8577 84.0439 1.7423
v 1.8577 84.0439 1.7423
v -0.0023 97.8150 -0.0146
v -0.0126 97.7914 -0.0005
v -0.0247 97.8004 0.0247
v -0.0220 97.8296 0.0261
v -0.0082 97.8387 0.0019
v -0.0023 97.8150 -0.0146
v 0.0597 97.8010 0.0333
v 0.0463 97.7988 0.0537
v 0.0249 97.8101 0.0499
v 0.0251 97.8192 0.0272
v 0.0466 97.8136 0.0169
v 0.0597 97.8010 0.0333
v 0.0809 97.8636 0.0584
v 0.0692 97.8600 0.0736
v 0.0508 97.8584 0.0669
v 0.0513 97.8610 0.0475
v 0.0699 97.8642 0.0422
v 0.0809 97.8636 0.0584
v 0.0688 97.9225 0.0655
v 0.0601 97.9221 0.0774
v 0.0461 97.9221 0.0728
v 0.0462 97.9223 0.0581
v 0.0602 97.9226 0.0536
v 0.0688 97.9225 0.0655
v 0.0638 97.9842 0.0666
v 0.0580 97.9842 0.0745
v 0.0487 97.9842 0.0715
v 0.0487 97.9842 0.0617
v 0.0580 97.9842 0.0587
v 0.0638 97.9842 0.0666
v 0.0596 98.0461 0.0666
v 0.0568 98.0461 0.0705
v 0.0521 98.0461 0.0690
v 0.0521 98.0461 0.0641
v 0.0568 98.0461 0.0626
v 0.0596 98.0461 0.0666
v 0.0555 98.1080 0.0666
v 0.0555 98.1080 0.0666
v 0.0555 98.1080 0.0666
v 0.0555 98.1080 0.0666
v 0.0555 98.1080 0.0666
v 0.0555 98.1080 0.0666
v 0.1216 56.3285 -0.4733
v -0.0199 55.8559 -0.1545
v -0.1532 56.0364 0.3882
v -0.0941 56.6205 0.4049
v 0.0757 56.8010 -0.1276
v 0.1216 56.3285 -0.4733
v 1.1983 56.2852 -0.0649
v 1.1436 55.8404 0.1319
v 1.1260 55.8914 0.6184
v 1.1698 56.3677 0.7222
v 1.2145 56.6110 0.2999
v 1.1983 56.2852 -0.0649
v 2.4334 56.0873 0.0681
v 2.3859 55.7623 0.2811
v 2.3580 55.8671 0.6573
v 2.3881 56.2570 0.6768
v 2.4347 56.3931 0.3127
v 2.4334 56.0873 0.0681
v 3.6621 56.0003 0.2727
v 3.6236 55.7457 0.4139
v 3.5904 55.8045 0.6997
v 3.6084 56.0955 0.7352
v 3.6527 56.2165 0.4713
v 3.6621 56.0003 0.2727
v 4.8907 55.8713 0.5187
v 4.8563 55.7171 0.6343
v 4.8139 55.7841 0.8134
v 4.8222 55.9796 0.8083
v 4.8696 56.0335 0.6262
v 4.8907 55.8713 0.5187
v 6.0902 55.8430 0.9073
v 6.0613 55.7585 0.9475
v 6.0172 55.7790 1.0325
v 6.0188 55.8761 1.0447
v 6.0639 55.9156 0.9674
v 6.0902 55.8430 0.9073
v 7.1359 55.7426 1.5664
v 7.1359 55.7426 1.5664
v 7.1359 55.7426 1.5664
v 7.1359 55.7426 1.5664
v 7.1359 55.7426 1.5664
v 7.1359 55.7426 1.5664
v -0.0074 91.2722 -0.0921
v -0.0219 91.1777 -0.0239
v -0.0254 91.2138 0.0877
v -0.0131 91.3306 0.0885
v -0.0020 91.3666 -0.0226
v -0.0074 91.2722 -0.0921
v 0.2078 91.2387 -0.0558
v 0.2203 91.1654 0.0077
v 0.2481 91.2039 0.0932
v 0.2529 91.3010 0.0825
v 0.2280 91.3225 -0.0096
v 0.2078 91.2387 -0.0558
v 0.4611 91.2484 -0.1076
v 0.4675 91.1738 -0.0848
v 0.4750 91.1729 -0.0069
v 0.4731 91.2469 0.0185
v 0.4646 91.2935 -0.0438
v 0.4611 91.2484 -0.1076
v 0.7118 91.2498 -0.1172
v 0.7185 91.1973 -0.0917
v 0.7191 91.2054 -0.0336
v 0.7128 91.2628 -0.0232
v 0.7082 91.2902 -0.0749
v 0.7118 91.2498 -0.1172
v 0.9635 91.2507 -0.1019
v 0.9664 91.2382 -0.0649
v 0.9600 91.2687 -0.0413
v 0.9531 91.3001 -0.0637
v 0.9553 91.2889 -0.1011
v 0.9635 91.2507 -0.1019
v 1.2133 91.3154 -0.0863
v 1.2087 91.3079 -0.0688
v 1.1941 91.3186 -0.0614
v 1.1897 91.3327 -0.0743
v 1.2016 91.3307 -0.0897
v 1.2133 91.3154 -0.0863
v 1.3663 91.4708 0.0313
v 1.3663 91.4708 0.0313
v 1.3663 91.4708 0.0313
v 1.3663 91.4708 0.0313
v 1.3663 91.4708 0.0313
v 1.3663 91.4708 0.0313
v -0.0419 82.9725 -0.1852
v -0.0418 82.7883 -0.0493
v -0.0032 82.8586 0.1652
v 0.0205 83.0864 0.1618
v -0.0034 83.1568 -0.0548
v -0.0419 82.9725 -0.1852
v 0.4534 82.8917 -0.2206
v 0.4466 82.7616 -0.0812
v 0.4595 82.8533 0.0857
v 0.4743 83.0400 0.0494
v 0.4705 83.0638 -0.1399
v 0.4534 82.8917 -0.2206
v 0.9010 82.8721 -0.1991
v 0.9236 82.7555 -0.1031
v 0.9707 82.8127 0.0303
v 0.9773 82.9646 0.0169
v 0.9342 83.0013 -0.1249
v 0.9010 82.8721 -0.1991
v 1.3789 82.8325 -0.3177
v 1.3928 82.7521 -0.2374
v 1.4158 82.8047 -0.1383
v 1.4161 82.9176 -0.1574
v 1.3933 82.9348 -0.2683
v 1.3789 82.8325 -0.3177
v 1.8365 82.8269 -0.3785
v 1.8640 82.7676 -0.3391
v 1.9013 82.7948 -0.2784
v 1.8968 82.8710 -0.2802
v 1.8568 82.8908 -0.3420
v 1.8365 82.8269 -0.3785
v 2.2740 82.8533 -0.6133
v 2.2815 82.8195 -0.5972
v 2.2846 82.8249 -0.5596
v 2.2791 82.8619 -0.5524
v 2.2725 82.8795 -0.5856
v 2.2740 82.8533 -0.6133
v 2.7512 82.9289 -0.6321
v 2.7512 82.9289 -0.6321
v 2.7512 82.9289 -0.6321
v 2.7512 82.9289 -0.6321
v 2.7512 82.9289 -0.6321
v 2.7512 82.9289 -0.6321
v -0.0805 83.2048 -0.1727
v -0.0524 83.0231 -0.0416
v 0.0288 83.0925 0.1575
v 0.0509 83.3172 0.1493
v -0.0166 83.3866 -0.0548
v -0.0805 83.2048 -0.1727
v 0.4027 83.1530 -0.3140
v 0.4110 83.0026 -0.2012
v 0.4457 83.0629 -0.0263
v 0.4587 83.2506 -0.0310
v 0.4321 83.3063 -0.2089
v 0.4027 83.1530 -0.3140
v 0.8369 83.1284 -0.3494
v 0.8751 83.0014 -0.2780
v 0.9446 83.0392 -0.1499
v 0.9493 83.1895 -0.1421
v 0.8827 83.2446 -0.2654
v 0.8369 83.1284 -0.3494
v 1.2676 83.1099 -0.5457
v 1.3025 83.0256 -0.4791
v 1.3564 83.0708 -0.3908
v 1.3549 83.1831 -0.4028
v 1.3001 83.2073 -0.4985
v 1.2676 83.1099 -0.5457
v 1.7274 83.1069 -0.7671
v 1.7311 83.0412 -0.7305
v 1.7285 83.0555 -0.6566
v 1.7233 83.1300 -0.6475
v 1.7226 83.1618 -0.7158
v 1.7274 83.1069 -0.7671
v 2.2104 83.1239 -0.7232
v 2.2082 83.0998 -0.6943
v 2.1964 83.1189 -0.6641
v 2.1914 83.1548 -0.6743
v 2.2001 83.1579 -0.7108
v 2.2104 83.1239 -0.7232
v 2.6529 83.2267 -0.5779
v 2.6529 83.2267 -0.5779
v 2.6529 83.2267 -0.5779
v 2.6529 83.2267 -0.5779
v 2.6529 83.2267 -0.5779
v 2.6529 83.2267 -0.5779
v -0.0324 96.9790 -0.0217
v -0.0226 96.9463 0.0003
v -0.0008 96.9588 0.0323
v 0.0027 96.9992 0.0300
v -0.0168 97.0117 -0.0033
v -0.0324 96.9790 -0.0217
v 0.0646 96.9835 -0.0625
v 0.0619 96.9500 -0.0582
v 0.0539 96.9442 -0.0258
v 0.0516 96.9741 -0.0101
v 0.0582 96.9984 -0.0328
v 0.0646 96.9835 -0.0625
v 0.1565 96.9765 -0.0316
v 0.1500 96.9502 -0.0321
v 0.1313 96.9458 -0.0131
v 0.1262 96.9694 -0.0008
v 0.1418 96.9883 -0.0122
v 0.1565 96.9765 -0.0316
v 0.2113 96.9561 0.0255
v 0.2112 96.9366 0.0312
v 0.1995 96.9349 0.0477
v 0.1924 96.9534 0.0523
v 0.1996 96.9665 0.0386
v 0.2113 96.9561 0.0255
v 0.2778 96.9633 0.0794
v 0.2783 96.9548 0.0899
v 0.2688 96.9587 0.0988
v 0.2625 96.9695 0.0938
v 0.2680 96.9724 0.0818
v 0.2778 96.9633 0.0794
v 0.3288 97.0154 0.1214
v 0.3326 97.0117 0.1256
v 0.3300 97.0124 0.1318
v 0.3246 97.0165 0.1315
v 0.3239 97.0183 0.1250
v 0.3288 97.0154 0.1214
v 0.3783 97.0827 0.1408
v 0.3783 97.0827 0.1408
v 0.3783 97.0827 0.1408
v 0.3783 97.0827 0.1408
v 0.3783 97.0827 0.1408
v 0.3783 97.0827 0.1408
v -0.2265 73.3723 -0.2107
v -0.1013 73.0842 -0.0388
v 0.1446 73.1942 0.1971
v 0.1714 73.5504 0.1710
v -0.0580 73.6604 -0.0810
v -0.2265 73.3723 -0.2107
v 0.4045 73.2880 -0.7403
v 0.4732 73.0511 -0.5723
v 0.6113 73.1491 -0.3266
v 0.6280 73.4466 -0.3427
v 0.5002 73.5325 -0.5984
v 0.4045 73.2880 -0.7403
v 1.1054 73.2680 -1.0502
v 1.1568 73.0559 -0.9535
v 1.2523 73.0943 -0.7380
v 1.2598 73.3301 -0.7016
v 1.1690 73.4375 -0.8945
v 1.1054 73.2680 -1.0502
v 1.8329 73.3195 -1.3114
v 1.8629 73.1469 -1.2744
v 1.9115 73.1349 -1.1024
v 1.9115 73.3000 -1.0332
v 1.8629 73.4141 -1.1624
v 1.8329 73.3195 -1.3114
v 2.5439 73.3667 -1.4578
v 2.5865 73.2597 -1.4265
v 2.6470 73.2724 -1.3244
v 2.6418 73.3874 -1.2926
v 2.5780 73.4456 -1.3750
v 2.5439 73.3667 -1.4578
v 3.2158 73.5092 -1.8073
v 3.2309 73.4515 -1.8058
v 3.2449 73.4375 -1.7495
v 3.2384 73.4866 -1.7162
v 3.2204 73.5309 -1.7519
v 3.2158 73.5092 -1.8073
v 3.9493 73.6684 -1.8987
v 3.9493 73.6684 -1.8987
v 3.9493 73.6684 -1.8987
v 3.9493 73.6684 -1.8987
v 3.9493 73.6684 -1.8987
v 3.9493 73.6684 -1.8987
v -0.4569 53.4401 -0.2884
v -0.1802 52.9363 -0.0399
v 0.3262 53.1287 0.2741
v 0.3625 53.7515 0.2197
v -0.1214 53.9439 -0.1279
v -0.4569 53.4401 -0.2884
v 0.3090 53.2934 -1.2630
v 0.5695 52.8829 -1.0734
v 1.0309 53.0519 -0.8977
v 1.0555 53.5668 -0.9785
v 0.6094 53.7160 -1.2043
v 0.3090 53.2934 -1.2630
v 0.9557 53.0430 -2.4720
v 1.1442 52.7513 -2.2403
v 1.4728 52.9278 -2.0529
v 1.4874 53.3286 -2.1688
v 1.1679 53.3998 -2.4278
v 0.9557 53.0430 -2.4720
v 1.7638 52.7221 -3.4015
v 1.9258 52.5237 -3.2215
v 2.1990 52.6590 -3.1499
v 2.2057 52.9410 -3.2858
v 1.9368 52.9800 -3.4413
v 1.7638 52.7221 -3.4015
v 2.4135 52.1586 -4.4595
v 2.5077 52.0861 -4.2879
v 2.6628 52.2170 -4.2393
v 2.6645 52.3704 -4.3809
v 2.5104 52.3342 -4.5169
v 2.4135 52.1586 -4.4595
v 3.3341 51.4925 -5.1936
v 3.3665 51.4460 -5.1060
v 3.4160 51.5173 -5.0480
v 3.4143 51.6079 -5.0999
v 3.3637 51.5925 -5.1899
v 3.3341 51.4925 -5.1936
v 4.5174 51.2164 -5.7149
v 4.5174 51.2164 -5.7149
v 4.5174 51.2164 -5.7149
v 4.5174 51.2164 -5.7149
v 4.5174 51.2164 -5.7149
v 4.5174 51.2164 -5.7149
v -0.3832 65.2497 -0.1398
v -0.1427 64.8737 -0.0013
v 0.2757 65.0173 0.1494
v 0.2938 65.4821 0.1040
v -0.1134 65.6257 -0.0747
v -0.3832 65.2497 -0.1398
v 0.0395 65.1157 -1.0165
v 0.2452 64.8394 -0.8348
v 0.5941 64.9879 -0.7459
v 0.6040 65.3560 -0.8727
v 0.2613 65.4350 -1.0399
v 0.0395 65.1157 -1.0165
v 0.4427 64.8112 -1.8230
v 0.6179 64.6114 -1.6604
v 0.9074 64.7258 -1.6472
v 0.9111 64.9964 -1.8015
v 0.6240 65.0492 -1.9102
v 0.4427 64.8112 -1.8230
v 0.7332 64.3350 -2.6325
v 0.8679 64.2046 -2.4930
v 1.0848 64.2912 -2.5005
v 1.0841 64.4752 -2.6446
v 0.8668 64.5023 -2.7261
v 0.7332 64.3350 -2.6325
v 1.0071 63.7524 -3.3694
v 1.1000 63.6774 -3.2693
v 1.2453 63.7293 -3.2904
v 1.2423 63.8363 -3.4036
v 1.0950 63.8506 -3.4524
v 1.0071 63.7524 -3.3694
v 1.2259 63.0592 -4.0296
v 1.2749 63.0087 -3.9961
v 1.3474 63.0355 -4.0057
v 1.3432 63.1025 -4.0451
v 1.2682 63.1172 -4.0599
v 1.2259 63.0592 -4.0296
v 1.3623 62.5705 -4.8760
v 1.3623 62.5705 -4.8760
v 1.3623 62.5705 -4.8760
v 1.3623 62.5705 -4.8760
v 1.3623 62.5705 -4.8760
v 1.3623 62.5705 -4.8760
v -0.2168 82.0110 -0.0273
v -0.0801 81.8163 0.0169
v 0.1480 81.8907 0.0482
v 0.1523 82.1313 0.0233
v -0.0732 82.2056 -0.0234
v -0.2168 82.0110 -0.0273
v -0.0873 81.9526 -0.5556
v 0.0247 81.7932 -0.5037
v 0.2019 81.8611 -0.4357
v 0.1994 82.0625 -0.4455
v 0.0207 82.1190 -0.5196
v -0.0873 81.9526 -0.5556
v 0.1257 81.9255 -0.9819
v 0.2251 81.8088 -0.9319
v 0.3746 81.8691 -0.9273
v 0.3676 82.0232 -0.9744
v 0.2138 82.0581 -1.0082
v 0.1257 81.9255 -0.9819
v 0.2324 81.7952 -1.4375
v 0.3035 81.6996 -1.4168
v 0.4178 81.7324 -1.4393
v 0.4173 81.8483 -1.4738
v 0.3027 81.8872 -1.4727
v 0.2324 81.7952 -1.4375
v 0.2127 81.6419 -1.9384
v 0.2633 81.5855 -1.9108
v 0.3382 81.6151 -1.9148
v 0.3339 81.6898 -1.9449
v 0.2563 81.7063 -1.9595
v 0.2127 81.6419 -1.9384
v 0.2976 81.4529 -2.4153
v 0.3239 81.4274 -2.3985
v 0.3580 81.4476 -2.3911
v 0.3528 81.4857 -2.4033
v 0.3155 81.4890 -2.4182
v 0.2976 81.4529 -2.4153
v 0.5037 81.3363 -2.8679
v 0.5037 81.3363 -2.8679
v 0.5037 81.3363 -2.8679
v 0.5037 81.3363 -2.8679
v 0.5037 81.3363 -2.8679
v 0.5037 81.3363 -2.8679
v -0.4297 63.6277 0.0239
v -0.1408 63.2341 0.0539
v 0.3234 63.3844 0.0198
v 0.3214 63.8709 -0.0312
v -0.1441 64.0213 -0.0287
v -0.4297 63.6277 0.0239
v -0.3873 63.5130 -0.9204
v -0.1611 63.1902 -1.0242
v 0.2128 63.3231 -1.1174
v 0.2176 63.7281 -1.0713
v -0.1533 63.8454 -0.9495
v -0.3873 63.5130 -0.9204
v -0.5744 63.6099 -1.8530
v -0.4211 63.3704 -2.0126
v -0.1564 63.4973 -2.1546
v -0.1460 63.8152 -2.0827
v -0.4044 63.8848 -1.8963
v -0.5744 63.6099 -1.8530
v -1.0546 63.7923 -2.7234
v -0.9547 63.6531 -2.8980
v -0.7699 63.7783 -2.9980
v -0.7557 63.9949 -2.8853
v -0.9316 64.0036 -2.7156
v -1.0546 63.7923 -2.7234
v -1.6121 64.2333 -3.4180
v -1.5750 64.1135 -3.5222
v -1.4916 64.1787 -3.6462
v -1.4772 64.3388 -3.6187
v -1.5517 64.3725 -3.4776
v -1.6121 64.2333 -3.4180
v -2.4629 64.4276 -3.9861
v -2.4445 64.3535 -4.0147
v -2.3978 64.3629 -4.0809
v -2.3874 64.4428 -4.0933
v -2.4276 64.4828 -4.0347
v -2.4629 64.4276 -3.9861
v -3.2676 64.4321 -4.6337
v -3.2676 64.4321 -4.6337
v -3.2676 64.4321 -4.6337
v -3.2676 64.4321 -4.6337
v -3.2676 64.4321 -4.6337
v -3.2676 64.4321 -4.6337
v -0.2935 74.7855 0.0786
v -0.0933 74.5127 0.0573
v 0.2166 74.6169 -0.0327
v 0.2078 74.9541 -0.0671
v -0.1074 75.0583 0.0017
v -0.2935 74.7855 0.0786
v -0.4261 74.7091 -0.6419
v -0.2614 74.4817 -0.6745
v 0.0035 74.5710 -0.7162
v 0.0025 74.8535 -0.7093
v -0.2630 74.9388 -0.6635
v -0.4261 74.7091 -0.6419
v -0.4963 74.7205 -1.4074
v -0.3591 74.5430 -1.3799
v -0.1476 74.6205 -1.3604
v -0.1542 74.8459 -1.3760
v -0.3697 74.9077 -1.4050
v -0.4963 74.7205 -1.4074
v -0.3549 74.6733 -2.1524
v -0.2555 74.5417 -2.1131
v -0.1115 74.6026 -2.0473
v -0.1220 74.7718 -2.0459
v -0.2724 74.8155 -2.1108
v -0.3549 74.6733 -2.1524
v -0.0275 74.6888 -2.7661
v 0.0457 74.6124 -2.7263
v 0.1462 74.6630 -2.7151
v 0.1350 74.7706 -2.7479
v 0.0277 74.7865 -2.7794
v -0.0275 74.6888 -2.7661
v 0.1867 74.5094 -3.4157
v 0.2271 74.4706 -3.4230
v 0.2771 74.4968 -3.4202
v 0.2676 74.5518 -3.4111
v 0.2116 74.5595 -3.4083
v 0.1867 74.5094 -3.4157
v 0.2145 74.6310 -4.1207
v 0.2145 74.6310 -4.1207
v 0.2145 74.6310 -4.1207
v 0.2145 74.6310 -4.1207
v 0.2145 74.6310 -4.1207
v 0.2145 74.6310 -4.1207
v -0.1168 89.9749 0.0583
v -0.0407 89.8665 0.0334
v 0.0724 89.9079 -0.0272
v 0.0661 90.0420 -0.0398
v -0.0508 90.0834 0.0130
v -0.1168 89.9749 0.0583
v -0.2163 89.9530 -0.1903
v -0.1633 89.8575 -0.2167
v -0.0766 89.8833 -0.2834
v -0.0760 89.9947 -0.2981
v -0.1624 90.0377 -0.2406
v -0.2163 89.9530 -0.1903
v -0.3774 89.9324 -0.4539
v -0.3314 89.8590 -0.4299
v -0.2496 89.8641 -0.4668
v -0.2451 89.9407 -0.5136
v -0.3241 89.9829 -0.5057
v -0.3774 89.9324 -0.4539
v -0.4565 89.7944 -0.6997
v -0.4232 89.7503 -0.6611
v -0.3594 89.7478 -0.6827
v -0.3533 89.7904 -0.7346
v -0.4134 89.8191 -0.7451
v -0.4565 89.7944 -0.6997
v -0.5073 89.5793 -0.8861
v -0.4856 89.5635 -0.8500
v -0.4424 89.5584 -0.8610
v -0.4373 89.5711 -0.9038
v -0.4775 89.5839 -0.9193
v -0.5073 89.5793 -0.8861
v -0.5361 89.2925 -0.9730
v -0.5282 89.2966 -0.9524
v -0.5125 89.3126 -0.9541
v -0.5108 89.3184 -0.9757
v -0.5253 89.3059 -0.9874
v -0.5361 89.2925 -0.9730
v -0.3230 89.1065 -1.0056
v -0.3230 89.1065 -1.0056
v -0.3230 89.1065 -1.0056
v -0.3230 89.1065 -1.0056
v -0.3230 89.1065 -1.0056
v -0.3230 89.1065 -1.0056
v -0.0842 92.1869 0.0629
v -0.0302 92.1024 0.0316
v 0.0462 92.1347 -0.0329
v 0.0394 92.2392 -0.0415
v -0.0412 92.2715 0.0177
v -0.0842 92.1869 0.0629
v -0.2199 92.1604 -0.1392
v -0.1726 92.0928 -0.1685
v -0.0944 92.1233 -0.1935
v -0.0934 92.2098 -0.1796
v -0.1710 92.2327 -0.1460
v -0.2199 92.1604 -0.1392
v -0.2774 92.2103 -0.3376
v -0.2485 92.1469 -0.3452
v -0.1923 92.1535 -0.3865
v -0.1865 92.2210 -0.4044
v -0.2390 92.2561 -0.3742
v -0.2774 92.2103 -0.3376
v -0.3839 92.1766 -0.5168
v -0.3713 92.1263 -0.5251
v -0.3366 92.1245 -0.5645
v -0.3277 92.1738 -0.5805
v -0.3570 92.2060 -0.5510
v -0.3839 92.1766 -0.5168
v -0.5171 92.1674 -0.6751
v -0.5260 92.1350 -0.6651
v -0.5282 92.1151 -0.6938
v -0.5207 92.1351 -0.7216
v -0.5139 92.1675 -0.7100
v -0.5171 92.1674 -0.6751
v -0.7377 92.2052 -0.7012
v -0.7407 92.1880 -0.7018
v -0.7364 92.1823 -0.7178
v -0.7306 92.1960 -0.7270
v -0.7314 92.2102 -0.7168
v -0.7377 92.2052 -0.7012
v -0.9416 92.2356 -0.7831
v -0.9416 92.2356 -0.7831
v -0.9416 92.2356 -0.7831
v -0.9416 92.2356 -0.7831
v -0.9416 92.2356 -0.7831
v -0.9416 92.2356 -0.7831
v -2.2315 60.9717 -2.2431
v -2.2734 61.0808 -2.1083
v -2.4025 61.0102 -2.2093
v -2.2315 60.9717 -2.2431
v -2.1920 61.8596 -2.9056
v -2.2261 61.9451 -2.8302
v -2.3067 61.8904 -2.8986
v -2.1920 61.8596 -2.9056
v -2.0597 62.6728 -3.6995
v -2.0795 62.6678 -3.6436
v -2.1154 62.6548 -3.6892
v -2.0597 62.6728 -3.6995
v -2.4327 63.7287 -3.7052
v -2.4330 63.7270 -3.7051
v -2.4338 63.7279 -3.7063
v -2.4327 63.7287 -3.7052
v -2.1047 60.9149 -1.9565
v -2.0225 61.0835 -1.9051
v -2.1933 61.0830 -1.9981
v -2.1047 60.9149 -1.9565
v -1.5296 60.9993 -3.0481
v -1.4653 61.0905 -2.9822
v -1.5783 61.1191 -3.0390
v -1.5296 60.9993 -3.0481
v -0.9411 61.3565 -4.0215
v -0.9012 61.4063 -4.0328
v -0.9564 61.4008 -4.0663
v -0.9411 61.3565 -4.0215
v -0.3540 60.7293 -4.8873
v -0.3532 60.7308 -4.8872
v -0.3546 60.7307 -4.8882
v -0.3540 60.7293 -4.8873
v -1.6329 60.9815 -1.2364
v -1.4173 61.0470 -1.3144
v -1.6131 61.1244 -1.4262
v -1.6329 60.9815 -1.2364
v -1.5660 59.8200 -2.1536
v -1.4254 59.8672 -2.2108
v -1.5561 59.8801 -2.3004
v -1.5660 59.8200 -2.1536
v -1.3023 58.4599 -2.7373
v -1.2320 58.4880 -2.7614
v -1.2982 58.5072 -2.8011
v -1.3023 58.4599 -2.7373
v -1.0999 57.2866 -3.6421
v -1.0987 57.2878 -3.6420
v -1.1001 57.2881 -3.6429
v -1.0999 57.2866 -3.6421
v -3.2175 61.1267 -4.1056
v -3.1681 61.0835 -4.0956
v -3.1756 61.1121 -4.1550
v -3.2175 61.1267 -4.1056
v -3.4583 60.7842 -4.2408
v -3.4205 60.7887 -4.2182
v -3.4287 60.8148 -4.2530
v -3.4583 60.7842 -4.2408
v -3.2635 60.5208 -4.4814
v -3.2476 60.5074 -4.4890
v -3.2468 60.5291 -4.4933
v -3.2635 60.5208 -4.4814
v -3.4719 60.4596 -4.8355
v -3.4727 60.4581 -4.8353
v -3.4724 60.4588 -4.8369
v -3.4719 60.4596 -4.8355
v -3.7709 61.3844 -4.9930
v -3.7713 61.3759 -4.9917
v -3.7721 61.3790 -4.9997
v -3.7709 61.3844 -4.9930
v -3.8235 61.3830 -4.9911
v -3.8243 61.3816 -4.9855
v -3.8285 61.3843 -4.9885
v -3.8235 61.3830 -4.9911
v -3.8039 61.4315 -4.9737
v -3.8064 61.4315 -4.9722
v -3.8064 61.4315 -4.9751
v -3.8039 61.4315 -4.9737
v -3.8046 61.4860 -4.9737
v -3.8061 61.4860 -4.9728
v -3.8061 61.4860 -4.9745
v -3.8046 61.4860 -4.9737
v -2.8102 61.1275 -3.2171
v -2.8755 61.0913 -3.1258
v -2.9013 61.0548 -3.2349
v -2.8102 61.1275 -3.2171
v -3.2704 61.6967 -3.2845
v -3.3215 61.6549 -3.2419
v -3.3349 61.6674 -3.3183
v -3.2704 61.6967 -3.2845
v -3.6567 62.3005 -3.1159
v -3.6858 62.2829 -3.0962
v -3.6899 62.2908 -3.1344
v -3.6567 62.3005 -3.1159
v -3.9618 62.9524 -2.9497
v -3.9632 62.9518 -2.9489
v -3.9633 62.9530 -2.9501
v -3.9618 62.9524 -2.9497
v -2.3923 68.6351 -1.0504
v -2.3191 68.7490 -1.0731
v -2.4540 68.7481 -1.0981
v -2.3923 68.6351 -1.0504
v -2.1962 68.3340 -2.0847
v -2.1549 68.4150 -2.0745
v -2.2436 68.4114 -2.0964
v -2.1962 68.3340 -2.0847
v -1.9343 68.3623 -3.1404
v -1.9212 68.4016 -3.1209
v -1.9639 68.3970 -3.1367
v -1.9343 68.3623 -3.1404
v -1.6223 68.7599 -4.0944
v -1.6225 68.7612 -4.0933
v -1.6239 68.7606 -4.0940
v -1.6223 68.7599 -4.0944
v -3.2367 68.6703 -1.5371
v -3.1632 68.6595 -1.5813
v -3.2366 68.6779 -1.6232
v -3.2367 68.6703 -1.5371
v -3.3587 67.9751 -1.6424
v -3.3133 68.0092 -1.6322
v -3.3644 68.0324 -1.6454
v -3.3587 67.9751 -1.6424
v -3.1882 67.9710 -2.3024
v -3.1678 67.9912 -2.2997
v -3.1956 67.9984 -2.2972
v -3.1882 67.9710 -2.3024
v -3.2137 68.1043 -2.9685
v -3.2131 68.1058 -2.9677
v -3.2147 68.1057 -2.9684
v -3.2137 68.1043 -2.9685
v -2.8650 68.7340 -1.3040
v -2.7868 68.6593 -1.3237
v -2.8552 68.6897 -1.4041
v -2.8650 68.7340 -1.3040
v -3.4102 68.0816 -1.0926
v -3.3441 68.0513 -1.1017
v -3.3887 68.0600 -1.1592
v -3.4102 68.0816 -1.0926
v -3.7229 67.3012 -0.9645
v -3.7066 67.2684 -0.9644
v -3.7267 67.2788 -0.9932
v -3.7229 67.3012 -0.9645
v -4.4202 66.9359 -0.6096
v -4.4192 66.9348 -0.6088
v -4.4202 66.9342 -0.6101
v -4.4202 66.9359 -0.6096
v -3.9119 68.5589 -2.0803
v -3.9018 68.5342 -2.0492
v -3.9310 68.5229 -2.0757
v -3.9119 68.5589 -2.0803
v -4.1240 68.6852 -1.8903
v -4.1379 68.6779 -1.8679
v -4.1505 68.6784 -1.8922
v -4.1240 68.6852 -1.8903
v -4.2124 68.9884 -1.8341
v -4.2238 68.9878 -1.8266
v -4.2246 68.9878 -1.8402
v -4.2124 68.9884 -1.8341
v -4.2346 69.3099 -1.8338
v -4.2360 69.3100 -1.8329
v -4.2361 69.3098 -1.8347
v -4.2346 69.3099 -1.8338
v -4.5570 68.3531 -2.4141
v -4.5571 68.3537 -2.4126
v -4.5582 68.3527 -2.4132
v -4.5570 68.3531 -2.4141
v -4.5634 68.3625 -2.4175
v -4.5643 68.3625 -2.4170
v -4.5643 68.3625 -2.4180
v -4.5634 68.3625 -2.4175
v -4.5637 68.3746 -2.4175
v -4.5641 68.3746 -2.4172
v -4.5641 68.3746 -2.4177
v -4.5637 68.3746 -2.4175
v -4.5630 68.3867 -2.4175
v -4.5645 68.3867 -2.4166
v -4.5645 68.3867 -2.4183
v -4.5630 68.3867 -2.4175
v -4.1216 68.4635 -2.1881
v -4.1148 68.4891 -2.1789
v -4.1415 68.4805 -2.1781
v -4.1216 68.4635 -2.1881
v -4.1554 68.5534 -2.3924
v -4.1519 68.5641 -2.3775
v -4.1695 68.5596 -2.3818
v -4.1554 68.5534 -2.3924
v -4.1706 68.7374 -2.5118
v -4.1745 68.7412 -2.5041
v -4.1795 68.7402 -2.5120
v -4.1706 68.7374 -2.5118
v -4.1091 68.9389 -2.5765
v -4.1105 68.9394 -2.5757
v -4.1106 68.9392 -2.5774
v -4.1091 68.9389 -2.5765
v -2.8002 56.5311 -0.4525
v -2.6912 56.5211 -0.2435
v -2.8969 56.4097 -0.2748
v -2.8002 56.5311 -0.4525
v -3.4241 57.6136 -0.0130
v -3.3880 57.5839 0.1372
v -3.5234 57.5311 0.0770
v -3.4241 57.6136 -0.0130
v -4.0405 58.7282 0.3991
v -4.0162 58.6989 0.4680
v -4.0831 58.6730 0.4356
v -4.0405 58.7282 0.3991
v -4.7226 59.6458 1.0747
v -4.7218 59.6443 1.0750
v -4.7232 59.6444 1.0740
v -4.7226 59.6458 1.0747
v -2.3302 56.4001 -0.4858
v -2.2405 56.6196 -0.3792
v -2.4690 56.5219 -0.3029
v -2.3302 56.4001 -0.4858
v -3.0015 57.2235 -1.4913
v -2.9596 57.3658 -1.4016
v -3.1128 57.2890 -1.3757
v -3.0015 57.2235 -1.4913
v -3.6049 58.0895 -2.4976
v -3.5878 58.1629 -2.4548
v -3.6646 58.1241 -2.4452
v -3.6049 58.0895 -2.4976
v -4.1493 58.9009 -3.5853
v -4.1493 58.9016 -3.5837
v -4.1508 58.9009 -3.5844
v -4.1493 58.9009 -3.5853
v -3.0244 56.3494 -0.2543
v -2.9406 56.5333 -0.3493
v -3.1364 56.5422 -0.2423
v -3.0244 56.3494 -0.2543
v -3.6054 56.1286 -1.3011
v -3.5770 56.2277 -1.4085
v -3.7094 56.2275 -1.3406
v -3.6054 56.1286 -1.3011
v -4.0573 55.3693 -2.1725
v -4.0419 55.3958 -2.2403
v -4.1096 55.4056 -2.2110
v -4.0573 55.3693 -2.1725
v -4.4462 54.3068 -2.7171
v -4.4455 54.3066 -2.7187
v -4.4470 54.3075 -2.7185
v -4.4462 54.3068 -2.7171
v -2.7596 56.4445 -0.1996
v -2.6548 56.4691 -0.4116
v -2.8743 56.5536 -0.3770
v -2.7596 56.4445 -0.1996
v -3.2602 55.2800 -0.6368
v -3.2088 55.3196 -0.7814
v -3.3573 55.3539 -0.7380
v -3.2602 55.2800 -0.6368
v -3.6709 54.1610 -1.1527
v -3.6566 54.1076 -1.2095
v -3.7293 54.1381 -1.2011
v -3.6709 54.1610 -1.1527
v -4.0001 53.1516 -0.3410
v -4.0001 53.1499 -0.3411
v -4.0016 53.1507 -0.3412
v -4.0001 53.1516 -0.3410
v -3.8125 56.5165 -0.1333
v -3.7234 56.3698 -0.1943
v -3.8892 56.4091 -0.2589
v -3.8125 56.5165 -0.1333
v -4.2138 55.9328 0.5603
v -4.1867 55.8144 0.5601
v -4.2938 55.8522 0.5173
v -4.2138 55.9328 0.5603
v -4.6263 55.8027 1.4700
v -4.6189 55.7516 1.5020
v -4.6696 55.7602 1.4698
v -4.6263 55.8027 1.4700
v -5.0779 56.2162 2.2920
v -5.0778 56.2145 2.2916
v -5.0791 56.2155 2.2909
v -5.0779 56.2162 2.2920
v -3.1170 56.5943 -0.2971
v -3.0017 56.4264 -0.2154
v -3.2035 56.3926 -0.2947
v -3.1170 56.5943 -0.2971
v -3.5952 56.7707 0.8619
v -3.5090 56.6528 0.8705
v -3.6426 56.6416 0.8119
v -3.5952 56.7707 0.8619
v -4.0569 56.4691 1.9702
v -4.0107 56.4123 1.9700
v -4.0770 56.4057 1.9398
v -4.0569 56.4691 1.9702
v -4.5038 56.0545 3.0436
v -4.5026 56.0534 3.0429
v -4.5042 56.0537 3.0421
v -4.5038 56.0545 3.0436
v -2.6876 69.9683 -0.3197
v -2.6525 69.9195 -0.2113
v -2.7502 69.8727 -0.2717
v -2.6876 69.9683 -0.3197
v -3.2834 70.5807 0.1798
v -3.2840 70.5658 0.2611
v -3.3461 70.5389 0.2137
v -3.2834 70.5807 0.1798
v -3.7960 71.4390 0.3530
v -3.7829 71.4327 0.3917
v -3.8146 71.4108 0.3768
v -3.7960 71.4390 0.3530
v -4.4399 72.1304 0.7053
v -4.4403 72.1302 0.7070
v -4.4414 72.1297 0.7057
v -4.4399 72.1304 0.7053
v -4.1514 69.8181 -0.5771
v -4.1419 69.8407 -0.5388
v -4.1818 69.8193 -0.5433
v -4.1514 69.8181 -0.5771
v -4.2943 70.1330 -0.7098
v -4.3033 70.1336 -0.6808
v -4.3238 70.1306 -0.7030
v -4.2943 70.1330 -0.7098
v -4.3325 70.5002 -0.7197
v -4.3423 70.5022 -0.7082
v -4.3475 70.4990 -0.7221
v -4.3325 70.5002 -0.7197
v -4.3580 70.8616 -0.7944
v -4.3592 70.8628 -0.7940
v -4.3597 70.8612 -0.7946
v -4.3580 70.8616 -0.7944
v -1.7552 69.8678 -0.1016
v -1.6876 70.0281 -0.0998
v -1.8503 70.0017 -0.0443
v -1.7552 69.8678 -0.1016
v -2.2306 70.1196 -1.3969
v -2.2014 70.2316 -1.4053
v -2.3104 70.2018 -1.3791
v -2.2306 70.1196 -1.3969
v -2.5607 70.1346 -2.7660
v -2.5525 70.1911 -2.7758
v -2.6062 70.1702 -2.7700
v -2.5607 70.1346 -2.7660
v -2.6352 69.9319 -4.1640
v -2.6350 69.9331 -4.1653
v -2.6365 69.9322 -4.1653
v -2.6352 69.9319 -4.1640
v -1.8535 69.8946 -0.0298
v -1.7660 69.9742 -0.1510
v -1.9269 70.0175 -0.1204
v -1.8535 69.8946 -0.0298
v -2.2724 68.9798 -0.9785
v -2.2215 69.0464 -1.0542
v -2.3307 69.0617 -1.0299
v -2.2724 68.9798 -0.9785
v -2.6156 68.1252 -2.0088
v -2.5972 68.1686 -2.0399
v -2.6523 68.1633 -2.0286
v -2.6156 68.1252 -2.0088
v -2.7853 67.4014 -3.1687
v -2.7849 67.4019 -3.1702
v -2.7865 67.4015 -3.1699
v -2.7853 67.4014 -3.1687
v -1.5686 69.9766 0.0424
v -1.4747 69.9482 -0.1140
v -1.6463 70.0159 -0.1204
v -1.5686 69.9766 0.0424
v -2.1263 68.5374 -0.0885
v -2.0457 68.5885 -0.1663
v -2.1626 68.6269 -0.1648
v -2.1263 68.5374 -0.0885
v -2.4700 67.5449 -1.1445
v -2.4280 67.5566 -1.1879
v -2.4875 67.5676 -1.1989
v -2.4700 67.5449 -1.1445
v -2.6204 66.1609 -1.7068
v -2.6194 66.1600 -1.7079
v -2.6210 66.1604 -1.7083
v -2.6204 66.1609 -1.7068
v -4.6075 69.7200 -0.7515
v -4.5996 69.7075 -0.7394
v -4.6130 69.7017 -0.7517
v -4.6075 69.7200 -0.7515
v -4.7184 69.7491 -0.6424
v -4.7107 69.7396 -0.6388
v -4.7209 69.7371 -0.6460
v -4.7184 69.7491 -0.6424
v -4.7977 69.7208 -0.5138
v -4.8032 69.7209 -0.5105
v -4.8033 69.7208 -0.5169
v -4.7977 69.7208 -0.5138
v -4.8004 69.8763 -0.5152
v -4.8019 69.8763 -0.5143
v -4.8019 69.8763 -0.5160
v -4.8004 69.8763 -0.5152
v -0.7389 86.1180 0.0231
v -0.7082 86.1894 0.0556
v -0.7832 86.1605 0.0807
v -0.7389 86.1180 0.0231
v -1.3936 86.9010 -1.0216
v -1.3840 86.9533 -1.0396
v -1.4350 86.9388 -1.0211
v -1.3936 86.9010 -1.0216
v -1.7838 86.5138 -2.3997
v -1.7774 86.5389 -2.4104
v -1.8037 86.5333 -2.4025
v -1.7838 86.5138 -2.3997
v -2.0897 86.0257 -3.7684
v -2.0897 86.0275 -3.7685
v -2.0910 86.0265 -3.7692
v -2.0897 86.0257 -3.7684
v -1.1803 86.0907 -0.0240
v -1.1466 86.1364 -0.0459
v -1.2036 86.1469 -0.0269
v -1.1803 86.0907 -0.0240
v -1.5425 85.9025 -1.0065
v -1.5245 85.9287 -1.0318
v -1.5643 85.9316 -1.0245
v -1.5425 85.9025 -1.0065
v -1.7435 85.2512 -1.8409
v -1.7352 85.2687 -1.8469
v -1.7554 85.2664 -1.8472
v -1.7435 85.2512 -1.8409
v -1.6843 84.8877 -2.8503
v -1.6842 84.8894 -2.8498
v -1.6856 84.8888 -2.8507
v -1.6843 84.8877 -2.8503
v -1.4594 86.1239 0.0239
v -1.4408 86.1248 -0.0181
v -1.4810 86.1456 -0.0104
v -1.4594 86.1239 0.0239
v -1.8411 85.4611 -0.1847
v -1.8434 85.4305 -0.1851
v -1.8662 85.4477 -0.1962
v -1.8411 85.4611 -0.1847
v -2.1906 85.4685 0.5505
v -2.1937 85.4561 0.5419
v -2.2015 85.4691 0.5397
v -2.1906 85.4685 0.5505
v -2.7454 85.2233 1.0862
v -2.7461 85.2218 1.0867
v -2.7471 85.2231 1.0866
v -2.7454 85.2233 1.0862
v -1.9518 86.1717 -0.0422
v -1.9452 86.1529 -0.0430
v -1.9486 86.1630 -0.0598
v -1.9518 86.1717 -0.0422
v -2.2727 86.0467 -0.0512
v -2.2841 86.0433 -0.0453
v -2.2840 86.0467 -0.0581
v -2.2727 86.0467 -0.0512
v -2.3315 86.3809 0.0372
v -2.3364 86.3792 0.0413
v -2.3375 86.3836 0.0364
v -2.3315 86.3809 0.0372
v -2.2432 86.6455 0.2519
v -2.2447 86.6455 0.2528
v -2.2447 86.6455 0.2511
v -2.2432 86.6455 0.2519
v -1.2621 86.1582 -0.0305
v -1.2412 86.1125 -0.0052
v -1.2903 86.1096 -0.0326
v -1.2621 86.1582 -0.0305
v -1.7383 86.3883 0.8164
v -1.7346 86.3510 0.8177
v -1.7633 86.3663 0.7991
v -1.7383 86.3883 0.8164
v -2.2938 86.3482 1.6464
v -2.2910 86.3342 1.6343
v -2.3016 86.3489 1.6294
v -2.2938 86.3482 1.6464
v -3.0991 85.8776 1.9867
v -3.0979 85.8787 1.9873
v -3.0996 85.8790 1.9875
v -3.0991 85.8776 1.9867
v -0.7731 86.1603 0.0051
v -0.7394 86.1709 0.0797
v -0.8102 86.1293 0.0720
v -0.7731 86.1603 0.0051
v -1.5177 87.3980 0.1811
v -1.4971 87.4046 0.2318
v -1.5455 87.3793 0.2248
v -1.5177 87.3980 0.1811
v -2.2079 88.6891 0.3283
v -2.1937 88.6656 0.3306
v -2.2169 88.6663 0.3157
v -2.2079 88.6891 0.3283
v -2.9801 88.3205 1.5061
v -2.9805 88.3192 1.5070
v -2.9815 88.3196 1.5057
v -2.9801 88.3205 1.5061
v -5.8207 52.3789 2.6730
v -5.7704 52.3126 2.6836
v -5.8532 52.3017 2.6761
v -5.8207 52.3789 2.6730
v -5.8546 52.3956 3.0921
v -5.8335 52.3513 3.1190
v -5.8875 52.3520 3.1043
v -5.8546 52.3956 3.0921
v -5.9568 52.5632 3.4853
v -5.9477 52.5369 3.4878
v -5.9730 52.5419 3.4770
v -5.9568 52.5632 3.4853
v -6.1303 52.5258 3.8777
v -6.1310 52.5253 3.8792
v -6.1320 52.5253 3.8778
v -6.1303 52.5258 3.8777
v -2.8117 52.3862 1.1636
v -2.6016 52.4127 1.3166
v -2.8197 52.3047 1.4118
v -2.8117 52.3862 1.1636
v -3.2249 53.6043 1.5959
v -3.0781 53.5957 1.6893
v -3.2286 53.5412 1.7582
v -3.2249 53.6043 1.5959
v -3.4246 54.7983 2.1126
v -3.3588 54.8300 2.1601
v -3.4374 54.8193 2.1961
v -3.4246 54.7983 2.1126
v -3.7432 56.0648 1.7901
v -3.7419 56.0643 1.7912
v -3.7436 56.0639 1.7916
v -3.7432 56.0648 1.7901
v -5.1153 52.3391 2.3926
v -5.0389 52.4231 2.4420
v -5.1133 52.3564 2.5152
v -5.1153 52.3391 2.3926
v -5.5499 52.8213 2.3483
v -5.5108 52.8463 2.4166
v -5.5646 52.7838 2.4204
v -5.5499 52.8213 2.3483
v -6.0189 53.2365 2.4924
v -5.9931 53.2404 2.5244
v -6.0233 53.2123 2.5256
v -6.0189 53.2365 2.4924
v -6.4011 53.6608 2.7762
v -6.4005 53.6594 2.7770
v -6.4017 53.6593 2.7757
v -6.4011 53.6608 2.7762
v -5.9500 52.2797 2.7274
v -5.9304 52.3442 2.6920
v -5.9847 52.3451 2.7454
v -5.9500 52.2797 2.7274
v -6.2238 52.2389 2.4226
v -6.2071 52.2764 2.4524
v -6.2468 52.2484 2.4668
v -6.2238 52.2389 2.4226
v -6.4564 52.5011 2.2586
v -6.4649 52.5120 2.2799
v -6.4812 52.5012 2.2638
v -6.4564 52.5011 2.2586
v -6.5053 52.8451 2.0777
v -6.5066 52.8453 2.0789
v -6.5069 52.8451 2.0772
v -6.5053 52.8451 2.0777
v -3.5064 52.2949 1.8693
v -3.5175 52.2990 1.6580
v -3.6748 52.3804 1.7738
v -3.5064 52.2949 1.8693
v -4.0223 51.3563 1.8456
v -4.0315 51.3167 1.7106
v -4.1328 51.3964 1.7677
v -4.0223 51.3563 1.8456
v -4.5746 50.4728 2.1043
v -4.5871 50.4277 2.0516
v -4.6352 50.4765 2.0683
v -4.5746 50.4728 2.1043
v -5.0580 49.7669 2.7771
v -5.0586 49.7658 2.7759
v -5.0597 49.7668 2.7768
v -5.0580 49.7669 2.7771
v -6.4394 52.2264 3.0303
v -6.4364 52.1927 3.0005
v -6.4769 52.2078 3.0135
v -6.4394 52.2264 3.0303
v -6.4444 52.0485 3.2022
v -6.4435 52.0639 3.1764
v -6.4698 52.0540 3.1871
v -6.4444 52.0485 3.2022
v -6.4223 51.8513 3.0661
v -6.4215 51.8639 3.0743
v -6.4346 51.8567 3.0728
v -6.4223 51.8513 3.0661
v -6.4717 51.9844 2.8818
v -6.4720 51.9833 2.8831
v -6.4731 51.9834 2.8818
v -6.4717 51.9844 2.8818
v -6.0779 54.8265 1.1068
v -6.0637 54.8195 1.0480
v -6.1160 54.8464 1.0637
v -6.0779 54.8265 1.1068
v -6.2317 54.5299 1.0933
v -6.2249 54.5297 1.0532
v -6.2562 54.5506 1.0684
v -6.2317 54.5299 1.0933
v -6.4262 54.2615 1.0472
v -6.4239 54.2741 1.0315
v -6.4415 54.2736 1.0416
v -6.4262 54.2615 1.0472
v -6.5419 54.0345 0.8374
v -6.5422 54.0329 0.8367
v -6.5431 54.0343 0.8361
v -6.5419 54.0345 0.8374
v -6.7560 54.8325 1.0204
v -6.7449 54.8099 1.0160
v -6.7683 54.8146 1.0068
v -6.7560 54.8325 1.0204
v -6.8043 54.7697 1.1259
v -6.8120 54.7685 1.1411
v -6.8212 54.7681 1.1268
v -6.8043 54.7697 1.1259
v -6.8225 54.9036 1.1358
v -6.8269 54.9101 1.1392
v -6.8286 54.9075 1.1312
v -6.8225 54.9036 1.1358
v -6.7310 54.9969 1.0866
v -6.7325 54.9975 1.0871
v -6.7324 54.9966 1.0856
v -6.7310 54.9969 1.0866
v -6.6031 54.8380 1.0173
v -6.5863 54.8174 1.0380
v -6.6177 54.8097 1.0283
v -6.6031 54.8380 1.0173
v -6.6633 54.9067 1.1621
v -6.6620 54.9195 1.1805
v -6.6818 54.9111 1.1741
v -6.6633 54.9067 1.1621
v -6.6948 55.0586 1.0677
v -6.6986 55.0635 1.0770
v -6.7051 55.0632 1.0678
v -6.6948 55.0586 1.0677
v -6.6285 55.2217 1.0156
v -6.6300 55.2217 1.0165
v -6.6300 55.2217 1.0147
v -6.6285 55.2217 1.0156
v -6.0422 54.8368 1.0421
v -6.0006 54.8428 1.0900
v -6.0572 54.8155 1.1002
v -6.0422 54.8368 1.0421
v -6.1678 55.1591 1.1400
v -6.1493 55.1375 1.1715
v -6.1870 55.1251 1.1565
v -6.1678 55.1591 1.1400
v -6.3219 55.3390 1.3770
v -6.3193 55.3491 1.3955
v -6.3379 55.3401 1.3908
v -6.3219 55.3390 1.3770
v -6.4323 55.6375 1.2406
v -6.4333 55.6368 1.2419
v -6.4340 55.6373 1.2404
v -6.4323 55.6375 1.2406
v -5.8236 54.7978 1.0998
v -5.7954 54.8639 1.1200
v -5.8668 54.8478 1.1345
v -5.8236 54.7978 1.0998
v -5.9306 54.9651 0.7520
v -5.9152 55.0117 0.7605
v -5.9633 55.0000 0.7658
v -5.9306 54.9651 0.7520
v -5.9965 55.0717 0.3692
v -5.9925 55.0962 0.3710
v -6.0157 55.0875 0.3700
v -5.9965 55.0717 0.3692
v -5.9951 55.1125 -0.0346
v -5.9951 55.1142 -0.0343
v -5.9966 55.1134 -0.0345
v -5.9951 55.1125 -0.0346
v -4.8611 54.8085 1.3998
v -4.7958 54.8690 1.3092
v -4.9141 54.9056 1.3375
v -4.8611 54.8085 1.3998
v -5.1120 54.3856 0.9081
v -5.0614 54.4303 0.8571
v -5.1427 54.4521 0.8656
v -5.1120 54.3856 0.9081
v -5.2744 53.9848 0.3496
v -5.2488 54.0185 0.3488
v -5.2908 54.0239 0.3508
v -5.2744 53.9848 0.3496
v -5.3018 54.0176 -0.3392
v -5.3012 54.0162 -0.3400
v -5.3028 54.0167 -0.3404
v -5.3018 54.0176 -0.3392
v -1.3962 85.4556 1.3266
v -1.3924 85.4316 1.3176
v -1.4164 85.4410 1.3197
v -1.3962 85.4556 1.3266
v -1.4232 85.2874 1.7189
v -1.4251 85.2832 1.7355
v -1.4388 85.2883 1.7263
v -1.4232 85.2874 1.7189
v -1.3490 85.6950 1.8435
v -1.3503 85.7035 1.8440
v -1.3539 85.6990 1.8376
v -1.3490 85.6950 1.8435
v -0.9978 85.7709 1.5957
v -0.9981 85.7701 1.5972
v -0.9992 85.7699 1.5959
v -0.9978 85.7709 1.5957
v -1.1696 85.4101 1.1663
v -1.1498 85.3776 1.1804
v -1.1900 85.3762 1.1752
v -1.1696 85.4101 1.1663
v -1.2555 85.6260 1.8104
v -1.2507 85.6007 1.8186
v -1.2752 85.6075 1.8094
v -1.2555 85.6260 1.8104
v -1.4472 85.7852 2.4455
v -1.4503 85.7728 2.4500
v -1.4594 85.7800 2.4431
v -1.4472 85.7852 2.4455
v -1.6829 86.0497 3.0297
v -1.6838 86.0486 3.0286
v -1.6844 86.0502 3.0289
v -1.6829 86.0497 3.0297
v -1.2015 85.3980 1.1688
v -1.1737 85.3982 1.1962
v -1.2096 85.3856 1.2049
v -1.2015 85.3980 1.1688
v -1.3677 86.0106 1.3479
v -1.3542 86.0006 1.3678
v -1.3801 85.9987 1.3674
v -1.3677 86.0106 1.3479
v -1.4101 86.5790 1.6753
v -1.4093 86.5714 1.6859
v -1.4207 86.5730 1.6799
v -1.4101 86.5790 1.6753
v -1.5396 87.0937 2.0623
v -1.5396 87.0923 2.0613
v -1.5401 87.0938 2.0606
v -1.5396 87.0937 2.0623
v -0.8166 85.3195 0.8460
v -0.7801 85.3734 0.8561
v -0.8092 85.3433 0.9069
v -0.8166 85.3195 0.8460
v -1.7117 85.9588 0.7212
v -1.6796 85.9885 0.7178
v -1.7068 85.9895 0.7522
v -1.7117 85.9588 0.7212
v -2.3848 86.6425 0.1630
v -2.3674 86.6541 0.1696
v -2.3859 86.6546 0.1813
v -2.3848 86.6425 0.1630
v -2.7324 87.5187 -0.4196
v -2.7317 87.5180 -0.4182
v -2.7334 87.5180 -0.4184
v -2.7324 87.5187 -0.4196
v -1.6217 85.4685 1.4064
v -1.6127 85.4777 1.4027
v -1.6237 85.4814 1.4094
v -1.6217 85.4685 1.4064
v -1.7243 85.5057 1.2139
v -1.7275 85.4986 1.2096
v -1.7322 85.5062 1.2098
v -1.7243 85.5057 1.2139
v -1.8292 85.4348 1.3985
v -1.8331 85.4348 1.4007
v -1.8331 85.4348 1.3963
v -1.8292 85.4348 1.3985
v -1.8308 85.6598 1.3985
v -1.8323 85.6598 1.3994
v -1.8323 85.6598 1.3976
v -1.8308 85.6598 1.3985
v -1.7826 85.4934 1.4533
v -1.7814 85.4934 1.4491
v -1.7848 85.4959 1.4504
v -1.7826 85.4934 1.4533
v -1.8274 85.4375 1.4377
v -1.8300 85.4375 1.4392
v -1.8300 85.4375 1.4362
v -1.8274 85.4375 1.4377
v -1.8283 85.5119 1.4377
v -1.8296 85.5119 1.4384
v -1.8296 85.5119 1.4370
v -1.8283 85.5119 1.4377
v -1.8281 85.5863 1.4377
v -1.8296 85.5863 1.4386
v -1.8296 85.5863 1.4368
v -1.8281 85.5863 1.4377
v -0.4887 88.4979 1.5638
v -0.4832 88.4989 1.5631
v -0.4858 88.5003 1.5680
v -0.4887 88.4979 1.5638
v -0.5089 88.6084 1.5199
v -0.5122 88.6084 1.5218
v -0.5122 88.6084 1.5180
v -0.5089 88.6084 1.5199
v -0.5095 88.7293 1.5191
v -0.5111 88.7293 1.5200
v -0.5111 88.7293 1.5182
v -0.5095 88.7293 1.5191
v -0.5096 88.8503 1.5191
v -0.5111 88.8503 1.5200
v -0.5111 88.8503 1.5182
v -0.5096 88.8503 1.5191
v -0.2062 88.3995 0.8641
v -0.1871 88.4433 0.8485
v -0.1917 88.4340 0.8976
v -0.2062 88.3995 0.8641
v -1.2000 88.8432 0.8685
v -1.1818 88.8491 0.8410
v -1.1753 88.8658 0.8693
v -1.2000 88.8432 0.8685
v -1.8864 89.6200 0.5562
v -1.8742 89.6311 0.5591
v -1.8779 89.6195 0.5706
v -1.8864 89.6200 0.5562
v -2.6023 90.2896 1.0077
v -2.6016 90.2911 1.0073
v -2.6012 90.2897 1.0063
v -2.6023 90.2896 1.0077
v -0.5049 88.5230 1.5853
v -0.5060 88.5226 1.5818
v -0.5065 88.5258 1.5836
v -0.5049 88.5230 1.5853
v -0.5755 88.4988 1.6086
v -0.5776 88.4988 1.6099
v -0.5776 88.4988 1.6074
v -0.5755 88.4988 1.6086
v -0.5762 88.5782 1.6086
v -0.5773 88.5782 1.6092
v -0.5773 88.5782 1.6080
v -0.5762 88.5782 1.6086
v -0.5759 88.6577 1.6086
v -0.5774 88.6577 1.6095
v -0.5774 88.6577 1.6078
v -0.5759 88.6577 1.6086
v -0.2503 88.3590 1.2737
v -0.2642 88.3395 1.2588
v -0.2780 88.3620 1.2688
v -0.2503 88.3590 1.2737
v -0.3785 88.0541 1.7756
v -0.3908 88.0446 1.7863
v -0.3970 88.0568 1.7734
v -0.3785 88.0541 1.7756
v -0.3692 88.4948 2.1967
v -0.3754 88.4893 2.1923
v -0.3753 88.4986 2.1907
v -0.3692 88.4948 2.1967
v -0.7673 88.5739 2.6468
v -0.7688 88.5739 2.6476
v -0.7688 88.5739 2.6459
v -0.7673 88.5739 2.6468
v -0.3416 88.3655 1.4140
v -0.3404 88.3472 1.4073
v -0.3557 88.3527 1.4179
v -0.3416 88.3655 1.4140
v -0.1417 88.2410 1.7677
v -0.1449 88.2330 1.7580
v -0.1507 88.2446 1.7590
v -0.1417 88.2410 1.7677
v -0.4409 88.0674 2.0021
v -0.4444 88.0626 1.9994
v -0.4434 88.0681 1.9961
v -0.4409 88.0674 2.0021
v -0.7914 88.2264 2.1635
v -0.7929 88.2264 2.1643
v -0.7929 88.2264 2.1626
v -0.7914 88.2264 2.1635
v -0.2562 88.3611 1.2259
v -0.2329 88.3463 1.2373
v -0.2566 88.3522 1.2545
v -0.2562 88.3611 1.2259
v 0.0208 88.9220 1.4150
v 0.0253 88.9027 1.4124
v 0.0071 88.9080 1.4186
v 0.0208 88.9220 1.4150
v 0.2185 88.8764 2.0245
v 0.2143 88.8698 2.0306
v 0.2090 88.8737 2.0231
v 0.2185 88.8764 2.0245
v 0.0225 89.3518 2.4094
v 0.0210 89.3518 2.4103
v 0.0210 89.3518 2.4085
v 0.0225 89.3518 2.4094
v -0.9801 58.7387 3.0514
v -0.8698 58.6035 2.9564
v -0.9800 58.5497 3.1127
v -0.9801 58.7387 3.0514
v -0.0711 58.9328 3.7437
v 0.0142 58.8373 3.7100
v -0.0665 58.8205 3.8137
v -0.0711 58.9328 3.7437
v 0.7487 59.3697 4.4588
v 0.8019 59.3333 4.4436
v 0.7563 59.3094 4.4853
v 0.7487 59.3697 4.4588
v 1.3504 59.8085 5.3682
v 1.3514 59.8071 5.3684
v 1.3500 59.8072 5.3694
v 1.3504 59.8085 5.3682
v -0.9958 58.1968 5.9019
v -0.9784 58.2121 5.8646
v -0.9551 58.1850 5.8902
v -0.9958 58.1968 5.9019
v -0.8883 58.4053 5.9996
v -0.8811 58.4132 6.0269
v -0.8710 58.3881 6.0157
v -0.8883 58.4053 5.9996
v -1.0852 58.2849 6.1061
v -1.0927 58.2737 6.1119
v -1.0889 58.2735 6.0978
v -1.0852 58.2849 6.1061
v -1.3126 58.3953 6.0441
v -1.3130 58.3937 6.0445
v -1.3124 58.3941 6.0429
v -1.3126 58.3953 6.0441
v -1.1290 58.3952 3.7951
v -1.0624 58.5266 3.7410
v -1.0153 58.4652 3.8776
v -1.1290 58.3952 3.7951
v -1.7305 58.9155 4.2648
v -1.7126 58.9933 4.1972
v -1.6728 58.9978 4.2939
v -1.7305 58.9155 4.2648
v -2.4875 59.3820 4.5630
v -2.4767 59.4049 4.5172
v -2.4506 59.4190 4.5603
v -2.4875 59.3820 4.5630
v -3.1111 60.0512 4.7213
v -3.1117 60.0522 4.7199
v -3.1105 60.0528 4.7211
v -3.1111 60.0512 4.7213
v -0.7770 58.5915 2.2838
v -0.8749 58.7951 2.2096
v -0.8107 58.7701 2.4371
v -0.7770 58.5915 2.2838
v -2.1037 58.1245 2.6175
v -2.1201 58.2613 2.5392
v -2.0700 58.2616 2.6896
v -2.1037 58.1245 2.6175
v -3.4057 58.2725 3.0710
v -3.4551 58.3085 3.0206
v -3.4268 58.3479 3.0833
v -3.4057 58.2725 3.0710
v -4.5256 57.8769 3.8250
v -4.5268 57.8764 3.8238
v -4.5261 57.8779 3.8237
v -4.5256 57.8769 3.8250
v -0.7744 58.0443 6.3376
v -0.7911 58.0429 6.3377
v -0.7828 58.0460 6.3519
v -0.7744 58.0443 6.3376
v -0.7700 57.9516 6.3583
v -0.7807 57.9489 6.3566
v -0.7736 57.9415 6.3611
v -0.7700 57.9516 6.3583
v -0.7485 57.9142 6.2685
v -0.7533 57.9142 6.2713
v -0.7533 57.9142 6.2658
v -0.7485 57.9142 6.2685
v -0.7507 58.0129 6.2685
v -0.7522 58.0129 6.2694
v -0.7522 58.0129 6.2677
v -0.7507 58.0129 6.2685
v -1.1157 58.3364 4.7166
v -1.1700 58.2605 4.6634
v -1.1754 58.2652 4.7706
v -1.1157 58.3364 4.7166
v -0.6270 57.9312 4.7545
v -0.6616 57.8748 4.7273
v -0.6697 57.8919 4.7964
v -0.6270 57.9312 4.7545
v -0.1484 57.5377 4.9006
v -0.1654 57.5062 4.9017
v -0.1724 57.5313 4.9263
v -0.1484 57.5377 4.9006
v 0.2974 57.2897 5.2807
v 0.2960 57.2888 5.2812
v 0.2959 57.2899 5.2798
v 0.2974 57.2897 5.2807
v -0.0159 99.6508 0.0188
v -0.0159 99.6508 0.0188
v -0.0159 99.6508 0.0188
v -0.0159 99.6508 0.0188
v -0.0157 99.6513 0.0179
v -0.0157 99.6513 0.0179
v -0.0157 99.6513 0.0179
v -0.0157 99.6513 0.0179
v -0.0157 99.6523 0.0179
v -0.0157 99.6523 0.0179
v -0.0157 99.6523 0.0179
v -0.0157 99.6523 0.0179
v -0.0147 99.6534 0.0179
v -0.0162 99.6534 0.0187
v -0.0162 99.6534 0.0170
v -0.0147 99.6534 0.0179
v -0.0166 99.6179 0.0195
v -0.0159 99.6171 0.0182
v -0.0153 99.6186 0.0187
v -0.0166 99.6179 0.0195
v -0.7159 100.0729 -0.5972
v -0.7169 100.0729 -0.5966
v -0.7169 100.0729 -0.5978
v -0.7159 100.0729 -0.5972
v -0.7162 101.1109 -0.5972
v -0.7167 101.1109 -0.5969
v -0.7167 101.1109 -0.5975
v -0.7162 101.1109 -0.5972
v -0.7156 102.1489 -0.5972
v -0.7171 102.1489 -0.5963
v -0.7171 102.1489 -0.5981
v -0.7156 102.1489 -0.5972
v -0.0158 99.6455 0.0189
v -0.0160 99.6454 0.0187
v -0.0159 99.6456 0.0187
v -0.0158 99.6455 0.0189
v -0.1592 99.7193 0.0673
v -0.1593 99.7193 0.0674
v -0.1593 99.7193 0.0672
v -0.1592 99.7193 0.0673
v -0.1592 99.8877 0.0673
v -0.1593 99.8877 0.0673
v -0.1593 99.8877 0.0672
v -0.1592 99.8877 0.0673
v -0.1583 100.0562 0.0673
v -0.1598 100.0562 0.0681
v -0.1598 100.0562 0.0664
v -0.1583 100.0562 0.0673
v -0.0154 99.6336 0.0189
v -0.0162 99.6332 0.0189
v -0.0161 99.6340 0.0185
v -0.0154 99.6336 0.0189
v -0.1112 99.8714 0.4968
v -0.1118 99.8714 0.4971
v -0.1118 99.8714 0.4965
v -0.1112 99.8714 0.4968
v -0.1114 100.4137 0.4968
v -0.1117 100.4137 0.4969
v -0.1117 100.4137 0.4966
v -0.1114 100.4137 0.4968
v -0.1106 100.9561 0.4968
v -0.1121 100.9561 0.4976
v -0.1121 100.9561 0.4959
v -0.1106 100.9561 0.4968
v -0.0151 99.6124 0.0179
v -0.0160 99.6115 0.0195
v -0.0166 99.6133 0.0189
v -0.0151 99.6124 0.0179
v 0.8009 100.1424 0.7362
v 0.7997 100.1424 0.7369
v 0.7997 100.1424 0.7355
v 0.8009 100.1424 0.7362
v 0.8005 101.3512 0.7362
v 0.7999 101.3512 0.7365
v 0.7999 101.3512 0.7359
v 0.8005 101.3512 0.7362
v 0.8011 102.5601 0.7362
v 0.7996 102.5601 0.7371
v 0.7996 102.5601 0.7353
v 0.8011 102.5601 0.7362
v -0.0162 99.6199 0.0179
v -0.0154 99.6191 0.0191
v -0.0161 99.6206 0.0193
v -0.0162 99.6199 0.0179
v 0.8149 100.0473 -0.2619
v 0.8139 100.0473 -0.2613
v 0.8139 100.0473 -0.2624
v 0.8149 100.0473 -0.2619
v 0.8145 101.0222 -0.2619
v 0.8141 101.0222 -0.2616
v 0.8141 101.0222 -0.2621
v 0.8145 101.0222 -0.2619
v 0.8152 101.9972 -0.2619
v 0.8137 101.9972 -0.2610
v 0.8137 101.9972 -0.2627
v 0.8152 101.9972 -0.2619
v 0.0019 79.2849 1.1002
v -0.0716 79.3543 1.0231
v -0.0286 79.4043 1.1318
v 0.0019 79.2849 1.1002
v -1.2135 78.8225 1.7709
v -1.2764 78.8792 1.7689
v -1.2516 78.8460 1.8428
v -1.2135 78.8225 1.7709
v -2.2205 77.7272 1.6337
v -2.2526 77.7427 1.6108
v -2.2376 77.7646 1.6439
v -2.2205 77.7272 1.6337
v -3.2093 77.0558 2.5269
v -3.2109 77.0553 2.5265
v -3.2103 77.0569 2.5260
v -3.2093 77.0558 2.5269
v 0.6588 80.5791 2.6501
v 0.6563 80.5787 2.6506
v 0.6570 80.5810 2.6498
v 0.6588 80.5791 2.6501
v 0.6624 80.5880 2.6790
v 0.6610 80.5880 2.6798
v 0.6610 80.5880 2.6781
v 0.6624 80.5880 2.6790
v 0.6619 80.6182 2.6790
v 0.6612 80.6182 2.6794
v 0.6612 80.6182 2.6785
v 0.6619 80.6182 2.6790
v 0.6625 80.6485 2.6790
v 0.6610 80.6485 2.6798
v 0.6610 80.6485 2.6781
v 0.6625 80.6485 2.6790
v 0.3003 79.8132 2.3128
v 0.2803 79.7824 2.3494
v 0.2795 79.8338 2.3556
v 0.3003 79.8132 2.3128
v 0.8335 79.7703 2.6029
v 0.8267 79.7832 2.6342
v 0.8232 79.8030 2.6062
v 0.8335 79.7703 2.6029
v 1.4064 79.9540 2.6625
v 1.4087 79.9614 2.6779
v 1.4049 79.9711 2.6642
v 1.4064 79.9540 2.6625
v 1.9999 80.0268 2.5489
v 1.9986 80.0271 2.5500
v 1.9983 80.0273 2.5483
v 1.9999 80.0268 2.5489
v -0.0711 79.4247 1.1450
v -0.0130 79.3197 1.1191
v -0.0305 79.3529 1.2359
v -0.0711 79.4247 1.1450
v 1.1881 80.0970 1.1696
v 1.2383 80.0665 1.1126
v 1.2360 80.0331 1.1873
v 1.1881 80.0970 1.1696
v 2.2411 80.9699 1.6057
v 2.2648 80.9811 1.5742
v 2.2700 80.9445 1.5917
v 2.2411 80.9699 1.6057
v 3.2064 81.5387 2.5104
v 3.2074 81.5397 2.5093
v 3.2082 81.5386 2.5103
v 3.2064 81.5387 2.5104
v -0.1048 79.3764 1.1926
v -0.0158 79.3608 1.1105
v 0.0108 79.3629 1.2297
v -0.1048 79.3764 1.1926
v 0.1073 80.7972 1.1239
v 0.1593 80.7695 1.0677
v 0.1868 80.7925 1.1408
v 0.1073 80.7972 1.1239
v 0.3155 82.1208 0.6346
v 0.3345 82.1310 0.6001
v 0.3550 82.1120 0.6297
v 0.3155 82.1208 0.6346
v 0.6860 83.3892 1.1928
v 0.6860 83.3882 1.1913
v 0.6874 83.3882 1.1924
v 0.6860 83.3892 1.1928
v 0.2624 79.7930 2.3551
v 0.2651 79.7820 2.3034
v 0.3014 79.8133 2.3258
v 0.2624 79.7930 2.3551
v -0.0812 80.2962 2.2228
v -0.0861 80.2805 2.1917
v -0.0571 80.2996 2.1974
v -0.0812 80.2962 2.2228
v -0.3651 80.8056 2.0007
v -0.3754 80.7916 1.9976
v -0.3619 80.7951 1.9869
v -0.3651 80.8056 2.0007
v -0.7359 81.1494 1.6425
v -0.7375 81.1494 1.6433
v -0.7367 81.1509 1.6428
v -0.7359 81.1494 1.6425
v 0.2484 70.7429 1.5375
v 0.3576 70.8254 1.4222
v 0.4188 70.7741 1.5823
v 0.2484 70.7429 1.5375
v -0.1076 72.0651 2.1031
v -0.0451 72.1292 2.0244
v 0.0051 72.0956 2.1272
v -0.1076 72.0651 2.1031
v -0.5447 73.3217 2.7334
v -0.5327 73.3680 2.6978
v -0.5015 73.3601 2.7480
v -0.5447 73.3217 2.7334
v -1.5140 74.1764 3.4689
v -1.5136 74.1781 3.4689
v -1.5124 74.1769 3.4694
v -1.5140 74.1764 3.4689
v 0.3615 70.7053 1.7453
v 0.3220 70.8582 1.6933
v 0.4312 70.8381 1.8170
v 0.3615 70.7053 1.7453
v -0.6625 70.7928 2.7051
v -0.6972 70.8524 2.6184
v -0.6193 70.8930 2.6859
v -0.6625 70.7928 2.7051
v -1.6395 71.4018 3.4823
v -1.6615 71.4131 3.4328
v -1.6196 71.4438 3.4521
v -1.6395 71.4018 3.4823
v -2.5435 72.2769 4.0532
v -2.5441 72.2777 4.0518
v -2.5426 72.2782 4.0525
v -2.5435 72.2769 4.0532
v 0.5006 70.7732 2.5058
v 0.3829 70.8142 2.5098
v 0.4677 70.8603 2.5888
v 0.5006 70.7732 2.5058
v 0.2381 70.0359 3.2028
v 0.1745 70.0894 3.2000
v 0.2339 70.0984 3.2575
v 0.2381 70.0359 3.2028
v -0.3123 69.4488 3.8749
v -0.3416 69.4715 3.8561
v -0.3100 69.4903 3.8756
v -0.3123 69.4488 3.8749
v -0.8725 69.4860 4.7472
v -0.8737 69.4857 4.7460
v -0.8724 69.4867 4.7456
v -0.8725 69.4860 4.7472
v 0.4486 70.8285 1.5648
v 0.3111 70.7273 1.5275
v 0.3138 70.8198 1.6757
v 0.4486 70.8285 1.5648
v 1.0593 69.6831 2.2706
v 0.9581 69.6617 2.2171
v 0.9595 69.6891 2.3303
v 1.0593 69.6831 2.2706
v 1.1415 68.2629 2.6240
v 1.0942 68.2494 2.5928
v 1.0965 68.2998 2.6219
v 1.1415 68.2629 2.6240
v 0.5297 67.6246 3.7765
v 0.5282 67.6241 3.7758
v 0.5283 67.6251 3.7772
v 0.5297 67.6246 3.7765
v 0.6342 70.7986 3.0926
v 0.6304 70.7202 3.0409
v 0.6210 70.7154 3.1342
v 0.6342 70.7986 3.0926
v 1.4265 70.6817 3.1507
v 1.3935 70.6291 3.1433
v 1.3834 70.6656 3.1931
v 1.4265 70.6817 3.1507
v 1.9595 70.2676 3.5560
v 1.9377 70.2456 3.5604
v 1.9316 70.2754 3.5679
v 1.9595 70.2676 3.5560
v 2.2182 70.1359 4.2817
v 2.2169 70.1351 4.2810
v 2.2168 70.1368 4.2812
v 2.2182 70.1359 4.2817
v 0.4312 70.8446 2.6543
v 0.4919 70.8050 2.5592
v 0.5171 70.7626 2.6682
v 0.4312 70.8446 2.6543
v 1.1205 71.5508 2.7797
v 1.1520 71.5351 2.7082
v 1.1777 71.4957 2.7726
v 1.1205 71.5508 2.7797
v 1.8208 72.2219 2.9155
v 1.8409 72.2360 2.8841
v 1.8606 72.2192 2.9144
v 1.8208 72.2219 2.9155
v 1.9124 73.1114 3.3486
v 1.9126 73.1128 3.3477
v 1.9140 73.1122 3.3485
v 1.9124 73.1114 3.3486
v 0.6128 75.5465 1.3288
v 0.6219 75.4123 1.2896
v 0.6313 75.4465 1.4252
v 0.6128 75.5465 1.3288
v 2.0138 75.6508 1.2291
v 1.9890 75.5842 1.1684
v 2.0017 75.5629 1.2584
v 2.0138 75.6508 1.2291
v 3.3588 75.3488 0.9769
v 3.3307 75.3349 0.9422
v 3.3404 75.3058 0.9775
v 3.3588 75.3488 0.9769
v 4.4467 74.8491 0.2662
v 4.4453 74.8487 0.2652
v 4.4459 74.8476 0.2665
v 4.4467 74.8491 0.2662
v 1.2017 75.8866 2.6289
v 1.2473 75.8529 2.6132
v 1.2490 75.8830 2.6638
v 1.2017 75.8866 2.6289
v 1.4674 76.3438 2.3412
v 1.4791 76.3074 2.3503
v 1.4723 76.3335 2.3788
v 1.4674 76.3438 2.3412
v 2.0229 76.4959 2.3252
v 2.0380 76.4961 2.3377
v 2.0305 76.5130 2.3311
v 2.0229 76.4959 2.3252
v 2.4015 76.4915 1.8806
v 2.4026 76.4902 1.8811
v 2.4020 76.4903 1.8794
v 2.4015 76.4915 1.8806
v 0.7075 75.4346 1.7221
v 0.7465 75.5087 1.6353
v 0.8204 75.4770 1.7252
v 0.7075 75.4346 1.7221
v 0.3685 76.3758 2.3454
v 0.3680 76.4406 2.2978
v 0.4241 76.4332 2.3549
v 0.3685 76.3758 2.3454
v -0.3422 76.9880 3.1276
v -0.3393 76.9687 3.0924
v -0.3067 76.9855 3.1088
v -0.3422 76.9880 3.1276
v -0.5646 78.0027 2.5313
v -0.5651 78.0025 2.5296
v -0.5634 78.0026 2.5300
v -0.5646 78.0027 2.5313
v 0.8542 75.4363 1.9528
v 0.8103 75.4673 1.8587
v 0.8709 75.5368 1.9157
v 0.8542 75.4363 1.9528
v -0.0133 75.7851 2.4436
v -0.0660 75.8147 2.4039
v -0.0227 75.8567 2.4437
v -0.0133 75.7851 2.4436
v -0.7101 75.7142 3.2766
v -0.7249 75.7277 3.2465
v -0.6997 75.7466 3.2643
v -0.7101 75.7142 3.2766
v -1.4805 76.2008 3.8523
v -1.4808 76.1996 3.8511
v -1.4793 76.2004 3.8511
v -1.4805 76.2008 3.8523
v 0.7422 75.4345 1.4703
v 0.6115 75.4521 1.4675
v 0.6861 75.5251 1.5480
v 0.7422 75.4345 1.4703
v 0.5809 74.5462 2.4280
v 0.4943 74.5594 2.4211
v 0.5438 74.6156 2.4672
v 0.5809 74.5462 2.4280
v 0.3584 73.8383 3.5166
v 0.3248 73.8636 3.5039
v 0.3518 73.8773 3.5357
v 0.3584 73.8383 3.5166
v -0.4210 73.2926 4.4170
v -0.4221 73.2935 4.4161
v -0.4209 73.2943 4.4169
v -0.4210 73.2926 4.4170
v 0.8100 75.5123 1.6698
v 0.7262 75.4266 1.6584
v 0.7421 75.4816 1.7644
v 0.8100 75.5123 1.6698
v 1.5960 74.6800 2.0074
v 1.5424 74.6356 1.9673
v 1.5572 74.6205 2.0448
v 1.5960 74.6800 2.0074
v 2.4523 73.8906 1.6990
v 2.4166 73.8952 1.6811
v 2.4252 73.8610 1.7003
v 2.4523 73.8906 1.6990
v 2.8802 73.4241 0.6832
v 2.8786 73.4245 0.6826
v 2.8791 73.4251 0.6841
v 2.8802 73.4241 0.6832
v 1.5974 58.4067 2.1082
v 1.5487 58.1830 2.0771
v 1.5630 58.2695 2.2908
v 1.5974 58.4067 2.1082
v 2.9406 58.0637 2.1802
v 2.8521 57.9554 2.1158
v 2.8572 57.9695 2.2690
v 2.9406 58.0637 2.1802
v 3.9478 57.1541 2.2345
v 3.8904 57.1214 2.1950
v 3.8953 57.1114 2.2711
v 3.9478 57.1541 2.2345
v 4.6681 56.0342 2.0409
v 4.6678 56.0330 2.0398
v 4.6682 56.0326 2.0415
v 4.6681 56.0342 2.0409
v 2.2558 58.6835 3.3609
v 2.3170 58.5728 3.2707
v 2.3558 58.5809 3.4209
v 2.2558 58.6835 3.3609
v 2.9614 59.2093 3.1384
v 2.9984 59.1203 3.1005
v 3.0331 59.1564 3.1911
v 2.9614 59.2093 3.1384
v 3.6409 59.6402 2.7293
v 3.6431 59.6165 2.6834
v 3.6662 59.5953 2.7246
v 3.6409 59.6402 2.7293
v 4.4108 60.0664 2.5168
v 4.4108 60.0651 2.5156
v 4.4120 60.0652 2.5169
v 4.4108 60.0664 2.5168
v 2.1388 58.5563 3.2321
v 2.1978 58.5695 3.0771
v 2.3028 58.5501 3.2046
v 2.1388 58.5563 3.2321
v 2.2230 59.4837 3.3012
v 2.2499 59.5587 3.2240
v 2.3273 59.5205 3.2937
v 2.2230 59.4837 3.3012
v 2.0404 60.2095 3.8925
v 2.0476 60.2644 3.8897
v 2.0905 60.2314 3.9016
v 2.0404 60.2095 3.8925
v 1.8557 60.3116 4.8381
v 1.8556 60.3122 4.8398
v 1.8567 60.3110 4.8394
v 1.8557 60.3116 4.8381
v 2.9116 58.9019 4.2347
v 2.8798 58.9736 4.1781
v 2.9692 58.9769 4.2146
v 2.9116 58.9019 4.2347
v 2.7173 59.2346 4.6969
v 2.6978 59.2087 4.6412
v 2.7602 59.2220 4.6504
v 2.7173 59.2346 4.6969
v 2.6445 59.7556 4.4545
v 2.6310 59.7267 4.4499
v 2.6628 59.7303 4.4467
v 2.6445 59.7556 4.4545
v 2.5778 59.8575 3.9033
v 2.5770 59.8568 3.9047
v 2.5786 59.8563 3.9043
v 2.5778 59.8575 3.9033
v 3.5920 59.2196 4.8665
v 3.5572 59.2370 4.8884
v 3.5981 59.2538 4.8946
v 3.5920 59.2196 4.8665
v 3.6317 59.0662 5.0918
v 3.6046 59.0665 5.0795
v 3.6281 59.0756 5.0638
v 3.6317 59.0662 5.0918
v 3.5917 59.3162 5.1685
v 3.5782 59.3099 5.1676
v 3.5866 59.3112 5.1554
v 3.5917 59.3162 5.1685
v 3.4803 59.5447 5.1165
v 3.4788 59.5448 5.1175
v 3.4790 59.5458 5.1161
v 3.4803 59.5447 5.1165
v 4.0947 59.3453 5.3827
v 4.0891 59.3424 5.3849
v 4.0929 59.3460 5.3891
v 4.0947 59.3453 5.3827
v 4.1151 59.3123 5.3950
v 4.1113 59.3129 5.3973
v 4.1113 59.3132 5.3928
v 4.1151 59.3123 5.3950
v 4.1214 59.3508 5.3977
v 4.1195 59.3508 5.3988
v 4.1195 59.3508 5.3966
v 4.1214 59.3508 5.3977
v 4.1211 59.3897 5.3977
v 4.1196 59.3897 5.3985
v 4.1196 59.3897 5.3968
v 4.1211 59.3897 5.3977
v 1.7661 83.9128 1.2654
v 1.7773 83.8952 1.2484
v 1.7846 83.8953 1.2743
v 1.7661 83.9128 1.2654
v 2.0573 84.1693 1.1865
v 2.0607 84.1588 1.1724
v 2.0739 84.1633 1.1836
v 2.0573 84.1693 1.1865
v 2.1429 84.4837 0.9648
v 2.1375 84.4867 0.9582
v 2.1465 84.4874 0.9574
v 2.1429 84.4837 0.9648
v 2.1319 84.8435 1.1353
v 2.1304 84.8435 1.1362
v 2.1304 84.8435 1.1345
v 2.1319 84.8435 1.1353
v 1.3881 83.7453 0.9297
v 1.3924 83.7400 0.8743
v 1.4375 83.7332 0.9066
v 1.3881 83.7453 0.9297
v 1.5662 84.5611 0.8516
v 1.5593 84.5360 0.8250
v 1.5941 84.5407 0.8376
v 1.5662 84.5611 0.8516
v 1.7032 85.1196 0.2491
v 1.6962 85.1168 0.2661
v 1.7110 85.1279 0.2639
v 1.7032 85.1196 0.2491
v 2.2077 84.4734 0.3590
v 2.2061 84.4739 0.3594
v 2.2067 84.4741 0.3577
v 2.2077 84.4734 0.3590
v 1.3135 83.6821 0.8888
v 1.2916 83.7214 0.8475
v 1.3502 83.7243 0.8643
v 1.3135 83.6821 0.8888
v 1.1040 84.2734 1.5086
v 1.0784 84.2885 1.5364
v 1.1185 84.2884 1.5435
v 1.1040 84.2734 1.5086
v 1.0340 83.4710 1.8980
v 1.0208 83.4676 1.9132
v 1.0396 83.4599 1.9142
v 1.0340 83.4710 1.8980
v 0.7452 82.7181 1.4921
v 0.7439 82.7173 1.4929
v 0.7450 82.7163 1.4920
v 0.7452 82.7181 1.4921
v 0.8770 83.5453 0.6730
v 0.8112 83.6015 0.6877
v 0.8937 83.6310 0.6816
v 0.8770 83.5453 0.6730
v 1.0289 83.4267 1.9892
v 0.9787 83.4317 1.9596
v 1.0296 83.4415 1.9326
v 1.0289 83.4267 1.9892
v 0.9553 84.6924 2.2976
v 0.9273 84.6898 2.2894
v 0.9487 84.6831 2.2706
v 0.9553 84.6924 2.2976
v 0.9540 85.9138 1.8577
v 0.9525 85.9144 1.8570
v 0.9537 85.9136 1.8560
v 0.9540 85.9138 1.8577
v 0.8885 83.5816 0.6393
v 0.8235 83.5722 0.6970
v 0.8891 83.6275 0.7137
v 0.8885 83.5816 0.6393
v 1.5397 82.6307 1.2411
v 1.4916 82.6282 1.2739
v 1.5317 82.6693 1.2840
v 1.5397 82.6307 1.2411
v 2.1254 81.8442 2.0758
v 2.1178 81.8442 2.1039
v 2.1340 81.8659 2.0933
v 2.1254 81.8442 2.0758
v 3.1984 81.1887 2.3819
v 3.1970 81.1895 2.3826
v 3.1976 81.1900 2.3810
v 3.1984 81.1887 2.3819
v 0.6304 83.6075 0.5283
v 0.5914 83.5132 0.5189
v 0.6371 83.5413 0.6063
v 0.6304 83.6075 0.5283
v 1.9336 83.0904 0.0340
v 1.9372 83.0496 -0.0207
v 1.9752 83.0362 0.0345
v 1.9336 83.0904 0.0340
v 3.0692 83.9295 -0.5375
v 3.0539 83.9133 -0.5634
v 3.0765 83.8968 -0.5439
v 3.0692 83.9295 -0.5375
v 4.1837 84.3440 -1.4769
v 4.1835 84.3456 -1.4773
v 4.1849 84.3448 -1.4779
v 4.1837 84.3440 -1.4769
v 0.0551 98.0929 0.0663
v 0.0558 98.0925 0.0666
v 0.0555 98.0932 0.0669
v 0.0551 98.0929 0.0663
v 0.1109 98.1316 0.0094
v 0.1104 98.1316 0.0096
v 0.1104 98.1316 0.0091
v 0.1109 98.1316 0.0094
v 0.1107 98.2199 0.0094
v 0.1105 98.2199 0.0095
v 0.1105 98.2199 0.0093
v 0.1107 98.2199 0.0094
v 0.1115 98.3083 0.0094
v 0.1100 98.3083 0.0102
v 0.1100 98.3083 0.0085
v 0.1115 98.3083 0.0094
v 0.0516 97.9705 0.0675
v 0.0572 97.9673 0.0642
v 0.0580 97.9738 0.0673
v 0.0516 97.9705 0.0675
v -0.1438 98.3301 -0.6200
v -0.1483 98.3296 -0.6217
v -0.1445 98.3293 -0.6247
v -0.1438 98.3301 -0.6200
v -0.1800 99.1219 -0.7425
v -0.1821 99.1219 -0.7413
v -0.1821 99.1219 -0.7437
v -0.1800 99.1219 -0.7425
v -0.1804 99.9241 -0.7425
v -0.1819 99.9241 -0.7416
v -0.1819 99.9241 -0.7434
v -0.1804 99.9241 -0.7425
v 0.0581 97.8961 0.0684
v 0.0586 97.8920 0.0581
v 0.0624 97.9022 0.0602
v 0.0581 97.8961 0.0684
v -1.0495 98.3696 -0.1845
v -1.0563 98.3681 -0.1822
v -1.0553 98.3726 -0.1880
v -1.0495 98.3696 -0.1845
v -1.0019 99.3499 0.5649
v -1.0051 99.3499 0.5668
v -1.0051 99.3499 0.5631
v -1.0019 99.3499 0.5649
v -1.0031 100.5847 0.5649
v -1.0046 100.5847 0.5658
v -1.0046 100.5847 0.5641
v -1.0031 100.5847 0.5649
v 0.0560 98.0825 0.0671
v 0.0550 98.0819 0.0665
v 0.0554 98.0831 0.0661
v 0.0560 98.0825 0.0671
v -0.0367 98.1477 0.1628
v -0.0374 98.1477 0.1632
v -0.0374 98.1477 0.1623
v -0.0367 98.1477 0.1628
v -0.0369 98.2963 0.1628
v -0.0373 98.2963 0.1630
v -0.0373 98.2963 0.1626
v -0.0369 98.2963 0.1628
v -0.0362 98.4449 0.1628
v -0.0377 98.4449 0.1637
v -0.0377 98.4449 0.1619
v -0.0362 98.4449 0.1628
v 0.0600 97.9626 0.0650
v 0.0541 97.9591 0.0684
v 0.0531 97.9660 0.0652
v 0.0600 97.9626 0.0650
v 0.2648 98.3276 0.8028
v 0.2612 98.3270 0.8064
v 0.2599 98.3286 0.8017
v 0.2648 98.3276 0.8028
v 0.3776 99.1357 1.0355
v 0.3754 99.1357 1.0368
v 0.3754 99.1357 1.0342
v 0.3776 99.1357 1.0355
v 0.3771 99.9841 1.0355
v 0.3756 99.9841 1.0364
v 0.3756 99.9841 1.0346
v 0.3771 99.9841 1.0355
v 0.0603 97.9051 0.0573
v 0.0606 97.8994 0.0663
v 0.0552 97.9086 0.0660
v 0.0603 97.9051 0.0573
v 1.0390 98.4949 0.3939
v 1.0378 98.4928 0.4006
v 1.0325 98.4956 0.3968
v 1.0390 98.4949 0.3939
v 1.3271 99.5779 0.7954
v 1.3240 99.5779 0.7971
v 1.3240 99.5779 0.7936
v 1.3271 99.5779 0.7954
v 1.3260 100.7678 0.7954
v 1.3245 100.7678 0.7962
v 1.3245 100.7678 0.7945
v 1.3260 100.7678 0.7954
v 4.6194 55.8214 0.6862
v 4.5694 55.9491 0.6514
v 4.7013 55.9125 0.6155
v 4.6194 55.8214 0.6862
v 4.8918 56.1479 1.3733
v 4.8542 56.2166 1.3208
v 4.9427 56.1881 1.3048
v 4.8918 56.1479 1.3733
v 5.1665 56.7252 1.8710
v 5.1363 56.7264 1.8348
v 5.1803 56.7108 1.8282
v 5.1665 56.7252 1.8710
v 5.3962 57.4527 1.6748
v 5.3946 57.4528 1.6741
v 5.3960 57.4525 1.6731
v 5.3962 57.4527 1.6748
v 2.4346 55.9491 0.3165
v 2.3089 56.1081 0.4759
v 2.5550 56.1549 0.4148
v 2.4346 55.9491 0.3165
v 2.8512 55.2506 1.4313
v 2.7843 55.2786 1.5871
v 2.9464 55.3250 1.5535
v 2.8512 55.2506 1.4313
v 3.3132 53.9826 1.9050
v 3.2828 53.9866 1.9853
v 3.3621 54.0148 1.9679
v 3.3132 53.9826 1.9050
v 3.8426 52.6842 2.2157
v 3.8420 52.6851 2.2170
v 3.8435 52.6856 2.2163
v 3.8426 52.6842 2.2157
v 2.5082 56.0784 0.2625
v 2.3616 56.0133 0.4606
v 2.5955 56.1066 0.5004
v 2.5082 56.0784 0.2625
v 3.0307 54.7737 0.2738
v 2.9375 54.7074 0.3995
v 3.0906 54.7733 0.4329
v 3.0307 54.7737 0.2738
v 3.6303 53.4941 0.0962
v 3.5691 53.4667 0.1484
v 3.6440 53.4913 0.1800
v 3.6303 53.4941 0.0962
v 4.1030 52.1575 0.0163
v 4.1016 52.1578 0.0172
v 4.1030 52.1587 0.0176
v 4.1030 52.1575 0.0163
v 2.5853 56.1900 0.3551
v 2.4515 55.9796 0.3820
v 2.6655 56.0093 0.5094
v 2.5853 56.1900 0.3551
v 3.2842 55.5710 -0.6389
v 3.1960 55.4338 -0.6751
v 3.3416 55.4206 -0.5941
v 3.2842 55.5710 -0.6389
v 3.9448 55.4113 -1.8373
v 3.9039 55.3533 -1.8815
v 3.9788 55.3358 -1.8488
v 3.9448 55.4113 -1.8373
v 4.5587 55.8223 -3.0213
v 4.5576 55.8219 -3.0225
v 4.5591 55.8212 -3.0225
v 4.5587 55.8223 -3.0213
v 4.4412 55.9825 0.6733
v 4.3849 55.8940 0.5642
v 4.5070 55.8499 0.6420
v 4.4412 55.9825 0.6733
v 4.9338 56.3296 0.1027
v 4.9024 56.2818 0.0196
v 4.9880 56.2533 0.0649
v 4.9338 56.3296 0.1027
v 5.3748 56.8609 -0.4118
v 5.3516 56.8181 -0.4250
v 5.3968 56.8164 -0.4029
v 5.3748 56.8609 -0.4118
v 5.7457 56.8648 -1.1687
v 5.7442 56.8639 -1.1687
v 5.7457 56.8631 -1.1685
v 5.7457 56.8648 -1.1687
v 4.0251 55.9407 0.6713
v 3.9819 55.9812 0.5093
v 4.1296 55.8978 0.5409
v 4.0251 55.9407 0.6713
v 4.5008 56.8081 0.7223
v 4.4510 56.7909 0.6201
v 4.5520 56.7412 0.6440
v 4.5008 56.8081 0.7223
v 4.9563 57.5229 0.3331
v 4.9378 57.5678 0.3022
v 4.9892 57.5445 0.2912
v 4.9563 57.5229 0.3331
v 5.3677 58.1449 0.9393
v 5.3662 58.1454 0.9386
v 5.3676 58.1451 0.9375
v 5.3677 58.1449 0.9393
v 1.2389 91.3481 -0.0572
v 1.2297 91.3469 -0.0525
v 1.2329 91.3564 -0.0554
v 1.2389 91.3481 -0.0572
v 1.3621 91.3828 0.2012
v 1.3620 91.3866 0.2071
v 1.3611 91.3896 0.2009
v 1.3621 91.3828 0.2012
v 1.6504 91.4262 0.1817
v 1.6474 91.4262 0.1834
v 1.6474 91.4262 0.1800
v 1.6504 91.4262 0.1817
v 1.6494 91.7165 0.1817
v 1.6479 91.7165 0.1826
v 1.6479 91.7165 0.1808
v 1.6494 91.7165 0.1817
v 0.9077 91.2786 -0.0798
v 0.8983 91.2519 -0.0756
v 0.9233 91.2602 -0.0645
v 0.9077 91.2786 -0.0798
v 1.2821 91.0236 -0.7267
v 1.2725 91.0324 -0.7405
v 1.2915 91.0315 -0.7412
v 1.2821 91.0236 -0.7267
v 1.3332 91.7187 -0.3337
v 1.3255 91.7133 -0.3321
v 1.3333 91.7094 -0.3360
v 1.3332 91.7187 -0.3337
v 1.0591 91.8940 -1.0599
v 1.0577 91.8942 -1.0589
v 1.0581 91.8926 -1.0596
v 1.0591 91.8940 -1.0599
v 1.2807 91.3975 -0.0247
v 1.2835 91.3917 -0.0240
v 1.2852 91.3966 -0.0200
v 1.2807 91.3975 -0.0247
v 1.4170 91.4453 -0.1388
v 1.4132 91.4453 -0.1367
v 1.4132 91.4453 -0.1410
v 1.4170 91.4453 -0.1388
v 1.4158 91.6275 -0.1388
v 1.4139 91.6275 -0.1378
v 1.4139 91.6275 -0.1399
v 1.4158 91.6275 -0.1388
v 1.4155 91.8097 -0.1388
v 1.4140 91.8097 -0.1380
v 1.4140 91.8097 -0.1397
v 1.4155 91.8097 -0.1388
v 1.3403 91.4483 0.0156
v 1.3409 91.4474 0.0139
v 1.3422 91.4481 0.0152
v 1.3403 91.4483 0.0156
v 1.3423 91.4977 -0.0090
v 1.3412 91.4977 -0.0084
v 1.3412 91.4977 -0.0097
v 1.3423 91.4977 -0.0090
v 1.3419 91.5529 -0.0090
v 1.3414 91.5529 -0.0087
v 1.3414 91.5529 -0.0094
v 1.3419 91.5529 -0.0090
v 1.3425 91.6081 -0.0090
v 1.3410 91.6081 -0.0082
v 1.3410 91.6081 -0.0099
v 1.3425 91.6081 -0.0090
v 0.9838 91.2675 -0.0626
v 0.9736 91.2754 -0.0835
v 0.9969 91.2812 -0.0782
v 0.9838 91.2675 -0.0626
v 0.7797 91.8376 0.2501
v 0.7640 91.8413 0.2471
v 0.7758 91.8474 0.2375
v 0.7797 91.8376 0.2501
v 0.8292 92.3902 0.6567
v 0.8221 92.3865 0.6583
v 0.8252 92.3864 0.6507
v 0.8292 92.3902 0.6567
v 0.4953 92.9676 0.5039
v 0.4938 92.9676 0.5048
v 0.4938 92.9676 0.5030
v 0.4953 92.9676 0.5039
v 1.2914 91.3985 -0.0174
v 1.2858 91.3997 -0.0194
v 1.2902 91.4038 -0.0201
v 1.2914 91.3985 -0.0174
v 1.2518 91.4691 0.1305
v 1.2482 91.4691 0.1325
v 1.2482 91.4691 0.1285
v 1.2518 91.4691 0.1305
v 1.2506 91.6382 0.1305
v 1.2488 91.6382 0.1315
v 1.2488 91.6382 0.1295
v 1.2506 91.6382 0.1305
v 1.2504 91.8074 0.1305
v 1.2489 91.8074 0.1314
v 1.2489 91.8074 0.1296
v 1.2504 91.8074 0.1305
v 2.7256 82.9242 -0.6286
v 2.7248 82.9248 -0.6295
v 2.7261 82.9245 -0.6298
v 2.7256 82.9242 -0.6286
v 2.7324 82.9419 -0.6227
v 2.7316 82.9419 -0.6222
v 2.7316 82.9419 -0.6231
v 2.7324 82.9419 -0.6227
v 2.7321 82.9615 -0.6227
v 2.7317 82.9615 -0.6225
v 2.7317 82.9615 -0.6229
v 2.7321 82.9615 -0.6227
v 2.7329 82.9812 -0.6227
v 2.7314 82.9812 -0.6218
v 2.7314 82.9812 -0.6236
v 2.7329 82.9812 -0.6227
v 1.5873 82.8064 -0.2483
v 1.5560 82.8646 -0.2447
v 1.5991 82.8531 -0.2936
v 1.5873 82.8064 -0.2483
v 2.2778 83.1594 0.2699
v 2.2668 83.1960 0.2919
v 2.2933 83.1985 0.2567
v 2.2778 83.1594 0.2699
v 3.0276 83.0657 0.8385
v 3.0268 83.0875 0.8351
v 3.0420 83.0753 0.8248
v 3.0276 83.0657 0.8385
v 3.6291 83.2103 1.5535
v 3.6274 83.2104 1.5531
v 3.6285 83.2093 1.5523
v 3.6291 83.2103 1.5535
v 1.6557 82.8091 -0.2987
v 1.6451 82.8453 -0.2498
v 1.6891 82.8603 -0.2905
v 1.6557 82.8091 -0.2987
v 2.2480 82.3590 0.1755
v 2.2406 82.3816 0.2091
v 2.2669 82.3953 0.1805
v 2.2480 82.3590 0.1755
v 2.9217 81.9675 0.5977
v 2.9085 81.9720 0.6129
v 2.9178 81.9871 0.6025
v 2.9217 81.9675 0.5977
v 3.5814 81.9682 1.1834
v 3.5800 81.9693 1.1836
v 3.5807 81.9689 1.1820
v 3.5814 81.9682 1.1834
v 0.9796 82.8803 -0.1477
v 0.9538 82.8566 -0.0557
v 1.0422 82.8960 -0.0734
v 0.9796 82.8803 -0.1477
v 1.5162 81.6100 -0.3038
v 1.5039 81.5732 -0.2508
v 1.5651 81.5932 -0.2634
v 1.5162 81.6100 -0.3038
v 1.7459 80.4371 -1.0431
v 1.7391 80.4230 -1.0143
v 1.7702 80.4255 -1.0243
v 1.7459 80.4371 -1.0431
v 1.6464 79.1791 -1.6619
v 1.6454 79.1805 -1.6619
v 1.6469 79.1806 -1.6628
v 1.6464 79.1791 -1.6619
v 1.8029 82.8606 -0.3237
v 1.7808 82.8142 -0.3068
v 1.8335 82.8235 -0.2989
v 1.8029 82.8606 -0.3237
v 1.9680 82.5284 -0.9984
v 1.9467 82.5003 -0.9904
v 1.9826 82.4971 -0.9878
v 1.9680 82.5284 -0.9984
v 2.0020 82.2828 -1.7226
v 1.9887 82.2717 -1.7276
v 2.0059 82.2676 -1.7315
v 2.0020 82.2828 -1.7226
v 1.9331 82.6536 -2.3966
v 1.9316 82.6527 -2.3964
v 1.9327 82.6523 -2.3977
v 1.9331 82.6536 -2.3966
v 1.8604 82.8559 -0.3052
v 1.8295 82.8251 -0.3324
v 1.8783 82.8114 -0.3238
v 1.8604 82.8559 -0.3052
v 2.0695 83.1892 -0.9344
v 2.0409 83.1704 -0.9358
v 2.0713 83.1556 -0.9410
v 2.0695 83.1892 -0.9344
v 2.0101 83.3156 -1.6620
v 1.9956 83.3131 -1.6533
v 2.0090 83.3027 -1.6509
v 2.0101 83.3156 -1.6620
v 1.7596 82.8696 -2.1887
v 1.7585 82.8710 -2.1889
v 1.7602 82.8712 -2.1888
v 1.7596 82.8696 -2.1887
v 2.3108 83.1641 -0.6605
v 2.3162 83.1531 -0.6745
v 2.3210 83.1489 -0.6570
v 2.3108 83.1641 -0.6605
v 2.5374 83.2972 -0.6864
v 2.5371 83.3046 -0.6964
v 2.5479 83.3021 -0.6908
v 2.5374 83.2972 -0.6864
v 2.5114 83.5168 -0.5308
v 2.5061 83.5159 -0.5278
v 2.5082 83.5115 -0.5316
v 2.5114 83.5168 -0.5308
v 2.3748 83.6263 -0.7349
v 2.3733 83.6263 -0.7340
v 2.3733 83.6263 -0.7357
v 2.3748 83.6263 -0.7349
v 1.6485 83.1066 -0.6211
v 1.6062 83.1144 -0.6561
v 1.6526 83.0898 -0.6738
v 1.6485 83.1066 -0.6211
v 1.9520 83.8253 -0.8424
v 1.9160 83.8204 -0.8493
v 1.9412 83.8099 -0.8742
v 1.9520 83.8253 -0.8424
v 1.9118 84.5420 -1.1927
v 1.8937 84.5440 -1.1895
v 1.9003 84.5453 -1.2068
v 1.9118 84.5420 -1.1927
v 2.0091 85.3327 -1.0966
v 2.0075 85.3331 -1.0961
v 2.0078 85.3320 -1.0974
v 2.0091 85.3327 -1.0966
v 2.6344 83.2224 -0.5822
v 2.6340 83.2231 -0.5828
v 2.6350 83.2230 -0.5828
v 2.6344 83.2224 -0.5822
v 2.6365 83.2332 -0.5722
v 2.6359 83.2332 -0.5719
v 2.6359 83.2332 -0.5726
v 2.6365 83.2332 -0.5722
v 2.6363 83.2479 -0.5722
v 2.6360 83.2479 -0.5720
v 2.6360 83.2479 -0.5724
v 2.6363 83.2479 -0.5722
v 2.6371 83.2626 -0.5722
v 2.6356 83.2626 -0.5714
v 2.6356 83.2626 -0.5731
v 2.6371 83.2626 -0.5722
v 2.5265 83.1960 -0.6116
v 2.5212 83.2004 -0.6102
v 2.5278 83.2027 -0.6097
v 2.5265 83.1960 -0.6116
v 2.5299 83.1712 -0.5122
v 2.5257 83.1713 -0.5101
v 2.5261 83.1719 -0.5148
v 2.5299 83.1712 -0.5122
v 2.5376 83.2722 -0.4982
v 2.5355 83.2722 -0.4970
v 2.5355 83.2722 -0.4994
v 2.5376 83.2722 -0.4982
v 2.5372 83.3744 -0.4982
v 2.5357 83.3744 -0.4973
v 2.5357 83.3744 -0.4991
v 2.5372 83.3744 -0.4982
v 1.9061 83.1076 -0.7226
v 1.8826 83.1012 -0.6899
v 1.9163 83.1239 -0.6867
v 1.9061 83.1076 -0.7226
v 2.2253 82.6179 -0.5678
v 2.1994 82.6259 -0.5655
v 2.2184 82.6435 -0.5736
v 2.2253 82.6179 -0.5678
v 2.3147 82.7745 -0.0069
v 2.3061 82.7844 -0.0033
v 2.3133 82.7854 -0.0148
v 2.3147 82.7745 -0.0069
v 2.7439 83.0510 0.2861
v 2.7438 83.0504 0.2878
v 2.7435 83.0521 0.2874
v 2.7439 83.0510 0.2861
v 1.5646 83.1354 -0.6303
v 1.5455 83.0849 -0.6053
v 1.6028 83.1000 -0.6017
v 1.5646 83.1354 -0.6303
v 1.7282 82.6961 -1.3645
v 1.7092 82.6785 -1.3346
v 1.7487 82.6814 -1.3340
v 1.7282 82.6961 -1.3645
v 1.7942 81.9385 -1.7424
v 1.7801 81.9278 -1.7513
v 1.7991 81.9252 -1.7563
v 1.7942 81.9385 -1.7424
v 1.7149 82.5335 -2.3568
v 1.7133 82.5333 -2.3572
v 1.7145 82.5328 -2.3583
v 1.7149 82.5335 -2.3568
v 0.2423 96.9538 0.0731
v 0.2391 96.9599 0.0649
v 0.2493 96.9603 0.0682
v 0.2423 96.9538 0.0731
v 0.0421 97.5953 0.6239
v 0.0350 97.5943 0.6244
v 0.0385 97.5921 0.6185
v 0.0421 97.5953 0.6239
v -0.0838 98.3693 0.2560
v -0.0863 98.3711 0.2579
v -0.0860 98.3717 0.2544
v -0.0838 98.3693 0.2560
v 0.4956 98.9966 0.4132
v 0.4941 98.9966 0.4141
v 0.4941 98.9966 0.4123
v 0.4956 98.9966 0.4132
v 0.1311 96.9575 -0.0261
v 0.1203 96.9696 -0.0171
v 0.1385 96.9727 -0.0187
v 0.1311 96.9575 -0.0261
v 0.3681 96.2327 1.2535
v 0.3596 96.2241 1.2564
v 0.3707 96.2206 1.2520
v 0.3681 96.2327 1.2535
v -0.1588 96.2813 -0.1402
v -0.1647 96.2798 -0.1393
v -0.1623 96.2797 -0.1450
v -0.1588 96.2813 -0.1402
v -0.5425 97.7120 -0.3248
v -0.5440 97.7120 -0.3240
v -0.5440 97.7120 -0.3257
v -0.5425 97.7120 -0.3248
v 0.2979 96.9845 0.1021
v 0.2928 96.9829 0.1067
v 0.2955 96.9894 0.1066
v 0.2979 96.9845 0.1021
v 0.6910 96.8304 0.4857
v 0.6863 96.8306 0.4854
v 0.6889 96.8315 0.4816
v 0.6910 96.8304 0.4857
v 0.7069 97.3829 0.6157
v 0.7048 97.3829 0.6169
v 0.7048 97.3829 0.6146
v 0.7069 97.3829 0.6157
v 0.7065 97.9508 0.6157
v 0.7050 97.9508 0.6166
v 0.7050 97.9508 0.6149
v 0.7065 97.9508 0.6157
v 0.1833 96.9631 0.0149
v 0.1751 96.9506 0.0129
v 0.1818 96.9531 0.0262
v 0.1833 96.9631 0.0149
v 1.1735 96.3683 -0.3788
v 1.1691 96.3622 -0.3720
v 1.1683 96.3722 -0.3711
v 1.1735 96.3683 -0.3788
v 2.1795 96.3879 0.3095
v 2.1751 96.3879 0.3120
v 2.1751 96.3879 0.3069
v 2.1795 96.3879 0.3095
v 2.1775 97.6044 0.3095
v 2.1760 97.6044 0.3103
v 2.1760 97.6044 0.3086
v 2.1775 97.6044 0.3095
v 0.1421 96.9738 -0.0107
v 0.1433 96.9609 -0.0226
v 0.1522 96.9597 -0.0075
v 0.1421 96.9738 -0.0107
v 1.2557 97.6149 -0.6010
v 1.2499 97.6191 -0.6103
v 1.2602 97.6136 -0.6117
v 1.2557 97.6149 -0.6010
v 1.9429 98.8445 -0.4665
v 1.9386 98.8485 -0.4658
v 1.9429 98.8495 -0.4697
v 1.9429 98.8445 -0.4665
v 2.7056 99.4801 0.5451
v 2.7041 99.4801 0.5460
v 2.7041 99.4801 0.5443
v 2.7056 99.4801 0.5451
v 0.3687 97.0702 0.1386
v 0.3689 97.0700 0.1378
v 0.3694 97.0704 0.1383
v 0.3687 97.0702 0.1386
v 0.3445 97.1270 0.1138
v 0.3440 97.1270 0.1141
v 0.3440 97.1270 0.1136
v 0.3445 97.1270 0.1138
v 0.3444 97.1936 0.1138
v 0.3441 97.1936 0.1140
v 0.3441 97.1936 0.1137
v 0.3444 97.1936 0.1138
v 0.3452 97.2602 0.1138
v 0.3437 97.2602 0.1147
v 0.3437 97.2602 0.1130
v 0.3452 97.2602 0.1138
v 3.2639 73.4838 -1.7525
v 3.2470 73.5006 -1.7817
v 3.2836 73.4919 -1.7835
v 3.2639 73.4838 -1.7525
v 3.3502 73.8130 -1.6413
v 3.3305 73.7975 -1.6406
v 3.3537 73.7882 -1.6428
v 3.3502 73.8130 -1.6413
v 3.3221 73.8229 -1.9838
v 3.3136 73.8145 -1.9800
v 3.3228 73.8111 -1.9879
v 3.3221 73.8229 -1.9838
v 3.1203 73.8971 -2.2512
v 3.1188 73.8971 -2.2504
v 3.1188 73.8971 -2.2521
v 3.1203 73.8971 -2.2512
v 2.1586 73.2355 -1.2475
v 2.1080 73.3191 -1.2122
v 2.1726 73.3279 -1.2931
v 2.1586 73.2355 -1.2475
v 2.8607 73.4389 -0.6634
v 2.8444 73.4959 -0.6274
v 2.8851 73.5006 -0.6833
v 2.8607 73.4389 -0.6634
v 3.6272 73.3342 -0.1016
v 3.6179 73.3675 -0.1038
v 3.6385 73.3537 -0.1280
v 3.6272 73.3342 -0.1016
v 4.3904 73.5959 0.3964
v 4.3904 73.5975 0.3971
v 4.3914 73.5972 0.3957
v 4.3904 73.5959 0.3964
v 1.8207 73.2130 -1.2065
v 1.8068 73.2649 -1.0983
v 1.8898 73.3071 -1.1753
v 1.8207 73.2130 -1.2065
v 2.5722 72.5396 -0.7639
v 2.5662 72.5721 -0.6904
v 2.6184 72.6025 -0.7437
v 2.5722 72.5396 -0.7639
v 3.3685 71.8590 -0.3639
v 3.3495 71.8914 -0.3494
v 3.3732 71.8948 -0.3817
v 3.3685 71.8590 -0.3639
v 4.2270 72.0924 0.2892
v 4.2254 72.0928 0.2898
v 4.2261 72.0937 0.2886
v 4.2270 72.0924 0.2892
v 2.0674 73.3104 -1.2868
v 2.0682 73.2480 -1.2003
v 2.1538 73.3068 -1.2244
v 2.0674 73.3104 -1.2868
v 2.4344 72.5684 -1.8055
v 2.4318 72.5241 -1.7499
v 2.4845 72.5717 -1.7551
v 2.4344 72.5684 -1.8055
v 2.9870 71.9005 -2.2802
v 2.9746 71.8972 -2.2470
v 2.9972 71.9234 -2.2549
v 2.9870 71.9005 -2.2802
v 3.7359 71.3279 -2.0390
v 3.7360 71.3268 -2.0377
v 3.7366 71.3284 -2.0376
v 3.7359 71.3279 -2.0390
v 3.6097 73.5920 -1.8363
v 3.6047 73.5746 -1.8404
v 3.6213 73.5779 -1.8328
v 3.6097 73.5920 -1.8363
v 3.6842 73.6036 -1.9893
v 3.6723 73.6002 -1.9894
v 3.6809 73.5927 -1.9943
v 3.6842 73.6036 -1.9893
v 3.6622 73.6726 -2.1406
v 3.6564 73.6743 -2.1392
v 3.6582 73.6741 -2.1451
v 3.6622 73.6726 -2.1406
v 3.7082 73.8364 -2.1341
v 3.7067 73.8356 -2.1336
v 3.7072 73.8355 -2.1353
v 3.7082 73.8364 -2.1341
v 3.8713 73.6493 -1.8820
v 3.8690 73.6482 -1.8855
v 3.8732 73.6474 -1.8854
v 3.8713 73.6493 -1.8820
v 3.8798 73.6838 -1.8995
v 3.8773 73.6838 -1.8981
v 3.8773 73.6838 -1.9009
v 3.8798 73.6838 -1.8995
v 3.8790 73.7230 -1.8995
v 3.8777 73.7230 -1.8988
v 3.8777 73.7230 -1.9002
v 3.8790 73.7230 -1.8995
v 3.8791 73.7622 -1.8995
v 3.8776 73.7622 -1.8986
v 3.8776 73.7622 -1.9004
v 3.8791 73.7622 -1.8995
v 4.0042 51.3461 -5.4663
v 4.0028 51.3583 -5.4381
v 4.0265 51.3649 -5.4566
v 4.0042 51.3461 -5.4663
v 4.0882 51.2410 -5.3993
v 4.0841 51.2221 -5.3925
v 4.1035 51.2288 -5.3932
v 4.0882 51.2410 -5.3993
v 4.1067 51.1787 -5.5468
v 4.1017 51.1725 -5.5404
v 4.1096 51.1689 -5.5459
v 4.1067 51.1787 -5.5468
v 4.0063 51.1335 -5.6629
v 4.0048 51.1335 -5.6621
v 4.0049 51.1333 -5.6638
v 4.0063 51.1335 -5.6629
v 1.7980 52.9047 -3.1829
v 1.8125 52.7779 -3.0032
v 1.9840 52.7941 -3.1408
v 1.7980 52.9047 -3.1829
v 1.4186 51.9794 -3.7573
v 1.4343 51.8888 -3.6427
v 1.5491 51.9179 -3.7297
v 1.4186 51.9794 -3.7573
v 1.1725 51.0747 -4.3790
v 1.1661 51.0048 -4.3573
v 1.2237 51.0254 -4.3980
v 1.1725 51.0747 -4.3790
v 0.5972 50.7919 -5.3352
v 0.5970 50.7903 -5.3347
v 0.5984 50.7908 -5.3357
v 0.5972 50.7919 -5.3352
v 3.8362 51.4290 -5.3656
v 3.8128 51.3948 -5.3627
v 3.8540 51.3921 -5.3590
v 3.8362 51.4290 -5.3656
v 3.8544 51.3847 -5.5892
v 3.8368 51.3756 -5.5699
v 3.8630 51.3667 -5.5701
v 3.8544 51.3847 -5.5892
v 3.7998 51.2155 -5.7016
v 3.7868 51.2112 -5.7029
v 3.7963 51.2075 -5.7123
v 3.7998 51.2155 -5.7016
v 3.7478 51.3879 -5.8224
v 3.7462 51.3877 -5.8217
v 3.7465 51.3871 -5.8232
v 3.7478 51.3879 -5.8224
v 1.3135 53.1599 -2.0283
v 1.0275 53.1862 -2.0266
v 1.1552 53.0204 -2.2232
v 1.3135 53.1599 -2.0283
v 1.3670 54.3319 -2.9818
v 1.1775 54.3562 -2.9938
v 1.2600 54.2045 -3.0765
v 1.3670 54.3319 -2.9818
v 1.4973 55.1108 -4.2762
v 1.4061 55.1001 -4.2492
v 1.4435 55.0422 -4.3156
v 1.4973 55.1108 -4.2762
v 1.0208 56.0386 -5.3549
v 1.0196 56.0387 -5.3537
v 1.0201 56.0372 -5.3543
v 1.0208 56.0386 -5.3549
v 4.0134 51.3501 -5.4366
v 3.9947 51.3690 -5.4524
v 4.0163 51.3526 -5.4673
v 4.0134 51.3501 -5.4366
v 4.1233 51.4848 -5.4324
v 4.1029 51.4828 -5.4300
v 4.1146 51.4663 -5.4344
v 4.1233 51.4848 -5.4324
v 4.0964 51.5061 -5.5944
v 4.0894 51.5092 -5.5875
v 4.0916 51.4992 -5.5885
v 4.0964 51.5061 -5.5944
v 3.9771 51.4900 -5.7013
v 3.9756 51.4894 -5.7008
v 3.9757 51.4909 -5.7016
v 3.9771 51.4900 -5.7013
v 1.1052 52.9674 -2.0766
v 1.1848 53.2077 -1.9394
v 1.1905 53.1976 -2.2271
v 1.1052 52.9674 -2.0766
v 2.5029 52.5472 -2.0369
v 2.6136 52.6693 -1.9385
v 2.6173 52.6697 -2.1304
v 2.5029 52.5472 -2.0369
v 3.6549 51.5647 -2.0084
v 3.6967 51.6430 -1.9719
v 3.6992 51.6268 -2.0665
v 3.6549 51.5647 -2.0084
v 4.9678 50.8479 -1.8518
v 4.9678 50.8491 -1.8505
v 4.9678 50.8496 -1.8522
v 4.9678 50.8479 -1.8518
v 1.3550 62.6147 -4.7946
v 1.3568 62.6192 -4.7946
v 1.3551 62.6172 -4.7988
v 1.3550 62.6147 -4.7946
v 1.3883 62.6042 -4.8026
v 1.3855 62.6042 -4.8010
v 1.3855 62.6042 -4.8042
v 1.3883 62.6042 -4.8026
v 1.3874 62.6382 -4.8026
v 1.3860 62.6382 -4.8018
v 1.3860 62.6382 -4.8034
v 1.3874 62.6382 -4.8026
v 1.3874 62.6722 -4.8026
v 1.3859 62.6722 -4.8017
v 1.3859 62.6722 -4.8034
v 1.3874 62.6722 -4.8026
v 1.1824 63.3652 -3.7274
v 1.2444 63.3915 -3.6957
v 1.2443 63.3734 -3.7680
v 1.1824 63.3652 -3.7274
v 1.3425 62.8785 -3.6145
v 1.3817 62.8841 -3.5845
v 1.3788 62.9102 -3.6267
v 1.3425 62.8785 -3.6145
v 1.6056 62.5010 -3.8670
v 1.6236 62.5041 -3.8501
v 1.6192 62.5219 -3.8669
v 1.6056 62.5010 -3.8670
v 1.9583 62.2897 -4.1863
v 1.9584 62.2879 -4.1863
v 1.9584 62.2888 -4.1878
v 1.9583 62.2897 -4.1863
v 0.8084 64.5330 -2.4447
v 0.8591 64.4674 -2.2989
v 0.9465 64.4380 -2.4390
v 0.8084 64.5330 -2.4447
v 0.1940 63.5656 -2.6392
v 0.2096 63.5266 -2.5356
v 0.2647 63.4808 -2.6214
v 0.1940 63.5656 -2.6392
v -0.6738 62.7709 -2.7776
v -0.6557 62.7735 -2.7248
v -0.6311 62.7388 -2.7611
v -0.6738 62.7709 -2.7776
v -1.4055 61.9141 -2.4545
v -1.4062 61.9127 -2.4539
v -1.4056 61.9127 -2.4555
v -1.4055 61.9141 -2.4545
v 0.8150 64.7550 -2.1222
v 0.7096 64.6746 -1.9890
v 0.8232 64.5692 -2.0953
v 0.8150 64.7550 -2.1222
v -0.1733 64.5569 -2.9766
v -0.2305 64.5010 -2.8802
v -0.1595 64.4338 -2.9585
v -0.1733 64.5569 -2.9766
v -1.2194 64.2956 -3.7083
v -1.2626 64.2735 -3.6687
v -1.2310 64.2341 -3.7058
v -1.2194 64.2956 -3.7083
v -2.1571 64.4035 -4.6232
v -2.1576 64.4021 -4.6222
v -2.1568 64.4019 -4.6238
v -2.1571 64.4035 -4.6232
v 1.3249 63.0130 -4.1340
v 1.2814 63.0193 -4.1233
v 1.2954 62.9789 -4.1383
v 1.3249 63.0130 -4.1340
v 1.2555 63.0945 -4.4392
v 1.2308 63.1072 -4.4274
v 1.2367 63.0781 -4.4223
v 1.2555 63.0945 -4.4392
v 1.0836 63.0195 -4.6915
v 1.0729 63.0175 -4.6811
v 1.0731 63.0088 -4.6934
v 1.0836 63.0195 -4.6915
v 0.8915 63.2227 -4.8390
v 0.8900 63.2227 -4.8382
v 0.8900 63.2227 -4.8399
v 0.8915 63.2227 -4.8390
v 1.2189 63.5352 -3.5300
v 1.1749 63.6110 -3.5396
v 1.1554 63.5419 -3.5908
v 1.2189 63.5352 -3.5300
v 1.6083 63.7221 -3.9530
v 1.5996 63.7800 -3.9482
v 1.5900 63.7530 -3.9995
v 1.6083 63.7221 -3.9530
v 2.1962 63.8499 -4.1170
v 2.1804 63.8690 -4.1328
v 2.1789 63.8403 -4.1388
v 2.1962 63.8499 -4.1170
v 2.6546 63.9132 -4.5257
v 2.6531 63.9132 -4.5248
v 2.6531 63.9132 -4.5265
v 2.6546 63.9132 -4.5257
v 0.2553 81.6299 -1.9584
v 0.2916 81.6416 -1.9224
v 0.3012 81.6506 -1.9732
v 0.2553 81.6299 -1.9584
v 0.5421 81.0034 -2.0087
v 0.5578 80.9723 -2.0048
v 0.5673 80.9936 -2.0309
v 0.5421 81.0034 -2.0087
v 0.0773 80.6953 -2.4304
v 0.0630 80.6858 -2.4337
v 0.0686 80.6975 -2.4454
v 0.0773 80.6953 -2.4304
v -0.3324 81.1896 -2.1315
v -0.3339 81.1897 -2.1307
v -0.3339 81.1897 -2.1324
v -0.3324 81.1896 -2.1315
v 0.4429 81.3802 -2.7177
v 0.4449 81.3749 -2.7110
v 0.4510 81.3769 -2.7171
v 0.4429 81.3802 -2.7177
v 0.4162 81.2843 -2.7798
v 0.4110 81.2828 -2.7775
v 0.4120 81.2823 -2.7833
v 0.4162 81.2843 -2.7798
v 0.3755 81.3945 -2.7958
v 0.3730 81.3945 -2.7944
v 0.3730 81.3945 -2.7973
v 0.3755 81.3945 -2.7958
v 0.3748 81.5136 -2.7958
v 0.3733 81.5136 -2.7950
v 0.3733 81.5136 -2.7967
v 0.3748 81.5136 -2.7958
v 0.3452 81.8227 -1.4968
v 0.3047 81.7795 -1.4455
v 0.3429 81.7448 -1.5045
v 0.3452 81.8227 -1.4968
v -0.5259 81.8795 -2.1176
v -0.5427 81.8845 -2.0685
v -0.5229 81.8390 -2.0847
v -0.5259 81.8795 -2.1176
v -1.4949 81.5672 -2.3946
v -1.4992 81.5504 -2.3751
v -1.4915 81.5416 -2.3985
v -1.4949 81.5672 -2.3946
v -2.5063 81.4678 -2.6895
v -2.5062 81.4682 -2.6879
v -2.5063 81.4665 -2.6884
v -2.5063 81.4678 -2.6895
v 0.3786 81.8057 -1.4355
v 0.3023 81.8168 -1.4118
v 0.3192 81.7632 -1.4697
v 0.3786 81.8057 -1.4355
v 0.2426 82.5671 -2.1899
v 0.1942 82.5747 -2.1678
v 0.2001 82.5777 -2.2212
v 0.2426 82.5671 -2.1899
v 0.4301 83.6493 -2.1069
v 0.4103 83.6328 -2.0994
v 0.4133 83.6392 -2.1253
v 0.4301 83.6493 -2.1069
v -0.2424 84.4968 -1.9787
v -0.2438 84.4963 -1.9778
v -0.2438 84.4978 -1.9788
v -0.2424 84.4968 -1.9787
v 0.3596 81.7712 -1.3940
v 0.3221 81.8435 -1.3815
v 0.3042 81.7988 -1.4484
v 0.3596 81.7712 -1.3940
v 1.1536 82.2937 -1.9715
v 1.1355 82.3374 -1.9435
v 1.1255 82.3332 -1.9974
v 1.1536 82.2937 -1.9715
v 2.0976 82.8405 -2.1872
v 2.0889 82.8649 -2.1781
v 2.0856 82.8581 -2.2045
v 2.0976 82.8405 -2.1872
v 3.0834 83.2978 -2.4263
v 3.0838 83.2994 -2.4259
v 3.0838 83.2989 -2.4276
v 3.0834 83.2978 -2.4263
v 0.2215 81.8794 -0.9208
v 0.2565 81.9642 -0.8608
v 0.2488 81.9735 -0.9698
v 0.2215 81.8794 -0.9208
v 1.6589 81.4343 -1.0811
v 1.6297 81.4524 -1.0166
v 1.6220 81.4970 -1.0740
v 1.6589 81.4343 -1.0811
v 2.9091 82.1557 -0.6949
v 2.8841 82.1377 -0.6753
v 2.8788 82.1729 -0.6839
v 2.9091 82.1557 -0.6949
v 3.5765 82.5613 0.5627
v 3.5762 82.5619 0.5643
v 3.5758 82.5629 0.5629
v 3.5765 82.5613 0.5627
v -2.1643 64.3255 -3.8742
v -2.1118 64.3710 -3.8877
v -2.1791 64.3911 -3.8960
v -2.1643 64.3255 -3.8742
v -2.1410 64.2095 -4.3615
v -2.1172 64.2147 -4.3211
v -2.1633 64.2244 -4.3228
v -2.1410 64.2095 -4.3615
v -2.0411 64.6503 -4.4484
v -2.0311 64.6716 -4.4477
v -2.0533 64.6692 -4.4555
v -2.0411 64.6503 -4.4484
v -1.8796 64.6019 -4.8897
v -1.8797 64.6035 -4.8903
v -1.8809 64.6024 -4.8908
v -1.8796 64.6019 -4.8897
v -0.4633 63.6051 -1.9748
v -0.2580 63.5886 -2.0315
v -0.3798 63.7430 -2.1149
v -0.4633 63.6051 -1.9748
v -0.7987 62.7474 -3.0737
v -0.6575 62.7513 -3.0921
v -0.7421 62.8339 -3.1716
v -0.7987 62.7474 -3.0737
v -0.8585 61.7109 -4.0745
v -0.7962 61.7442 -4.0656
v -0.8390 61.7626 -4.1194
v -0.8585 61.7109 -4.0745
v -0.1959 60.7719 -4.9223
v -0.1946 60.7728 -4.9216
v -0.1957 60.7736 -4.9226
v -0.1959 60.7719 -4.9223
v -1.4030 64.1890 -3.3125
v -1.3443 64.0869 -3.3433
v -1.3868 64.1612 -3.4299
v -1.4030 64.1890 -3.3125
v -2.0661 63.7840 -3.3563
v -2.0798 63.7086 -3.3296
v -2.1047 63.7306 -3.4037
v -2.0661 63.7840 -3.3563
v -2.7741 63.9859 -3.0601
v -2.8017 63.9855 -3.0304
v -2.8116 63.9723 -3.0674
v -2.7741 63.9859 -3.0601
v -3.0260 64.7340 -3.2585
v -3.0269 64.7337 -3.2570
v -3.0273 64.7329 -3.2585
v -3.0260 64.7340 -3.2585
v -2.5180 64.4364 -4.1300
v -2.5116 64.4107 -4.0906
v -2.5481 64.4012 -4.1196
v -2.5180 64.4364 -4.1300
v -2.6935 64.6296 -3.9570
v -2.7053 64.6076 -3.9374
v -2.7241 64.6217 -3.9587
v -2.6935 64.6296 -3.9570
v -2.7748 64.8510 -3.7325
v -2.7764 64.8367 -3.7392
v -2.7818 64.8496 -3.7467
v -2.7748 64.8510 -3.7325
v -3.0583 64.8096 -3.5973
v -3.0597 64.8096 -3.5964
v -3.0598 64.8097 -3.5981
v -3.0583 64.8096 -3.5973
v -2.4793 64.4093 -4.1134
v -2.4685 64.4265 -4.0678
v -2.5146 64.4100 -4.0780
v -2.4793 64.4093 -4.1134
v -2.5659 64.7333 -4.1941
v -2.5682 64.7167 -4.1654
v -2.5945 64.7184 -4.1857
v -2.5659 64.7333 -4.1941
v -2.6728 65.0109 -4.0295
v -2.6723 64.9966 -4.0209
v -2.6831 64.9984 -4.0335
v -2.6728 65.0109 -4.0295
v -2.9035 65.1224 -3.8163
v -2.9047 65.1218 -3.8152
v -2.9052 65.1225 -3.8168
v -2.9035 65.1224 -3.8163
v -0.9739 63.8450 -3.0118
v -0.9331 63.9491 -2.9065
v -1.0811 63.9308 -2.9431
v -0.9739 63.8450 -3.0118
v -0.8814 64.5758 -3.7283
v -0.8639 64.6476 -3.6574
v -0.9599 64.6258 -3.6856
v -0.8814 64.5758 -3.7283
v -0.8334 65.3246 -4.4510
v -0.8324 65.3345 -4.4008
v -0.8772 65.3311 -4.4253
v -0.8334 65.3246 -4.4510
v -0.8147 66.3360 -4.6242
v -0.8151 66.3367 -4.6226
v -0.8163 66.3366 -4.6238
v -0.8147 66.3360 -4.6242
v 0.1919 74.5321 -3.2697
v 0.2069 74.5716 -3.2528
v 0.1954 74.5686 -3.2967
v 0.1919 74.5321 -3.2697
v 0.6073 74.4314 -3.3852
v 0.6156 74.4403 -3.3574
v 0.6048 74.4605 -3.3773
v 0.6073 74.4314 -3.3852
v 1.0171 74.5105 -3.5223
v 1.0184 74.5191 -3.5099
v 1.0124 74.5249 -3.5226
v 1.0171 74.5105 -3.5223
v 1.4143 74.6443 -3.6518
v 1.4134 74.6453 -3.6507
v 1.4130 74.6453 -3.6524
v 1.4143 74.6443 -3.6518
v -0.0856 74.6829 -2.5272
v -0.0250 74.6865 -2.4628
v -0.0060 74.7181 -2.5432
v -0.0856 74.6829 -2.5272
v 0.2423 73.9021 -2.7607
v 0.2544 73.9293 -2.7097
v 0.2640 73.9570 -2.7609
v 0.2423 73.9021 -2.7607
v 1.0412 73.6107 -2.7797
v 1.0485 73.6042 -2.7518
v 1.0489 73.6323 -2.7610
v 1.0412 73.6107 -2.7797
v 1.8620 73.5276 -2.9994
v 1.8607 73.5280 -2.9983
v 1.8606 73.5284 -3.0000
v 1.8620 73.5276 -2.9994
v -0.3557 74.7894 -1.4334
v -0.3238 74.6702 -1.3508
v -0.2273 74.7176 -1.4532
v -0.3557 74.7894 -1.4334
v -0.9623 73.9197 -2.4098
v -0.9372 73.8516 -2.3425
v -0.8719 73.8793 -2.4115
v -0.9623 73.9197 -2.4098
v -1.4084 72.8729 -3.2381
v -1.4159 72.8263 -3.2527
v -1.3820 72.8541 -3.2755
v -1.4084 72.8729 -3.2381
v -2.3950 73.3032 -4.1809
v -2.3954 73.3018 -4.1819
v -2.3940 73.3028 -4.1823
v -2.3950 73.3032 -4.1809
v 0.0512 74.7453 -2.6815
v 0.0039 74.6854 -2.6636
v 0.0616 74.6756 -2.7158
v 0.0512 74.7453 -2.6815
v -0.4108 74.9268 -3.2334
v -0.4563 74.9014 -3.2284
v -0.4234 74.8889 -3.2671
v -0.4108 74.9268 -3.2334
v -0.7499 75.4132 -3.6856
v -0.7757 75.4151 -3.6823
v -0.7657 75.4134 -3.7064
v -0.7499 75.4132 -3.6856
v -0.7090 76.1670 -3.7234
v -0.7105 76.1665 -3.7228
v -0.7102 76.1665 -3.7245
v -0.7090 76.1670 -3.7234
v 0.1593 74.6487 -2.9832
v 0.1026 74.6447 -2.9595
v 0.1149 74.6195 -3.0143
v 0.1593 74.6487 -2.9832
v 0.0019 75.1516 -3.2530
v -0.0358 75.1602 -3.2393
v -0.0299 75.1287 -3.2649
v 0.0019 75.1516 -3.2530
v -0.0954 75.5066 -3.7164
v -0.1131 75.5066 -3.7061
v -0.1131 75.5066 -3.7266
v -0.0954 75.5066 -3.7164
v -0.1064 76.0997 -3.7169
v -0.1074 76.0993 -3.7156
v -0.1078 76.1007 -3.7165
v -0.1064 76.0997 -3.7169
v 0.2373 74.5430 -3.6317
v 0.2339 74.5559 -3.6088
v 0.2137 74.5536 -3.6258
v 0.2373 74.5430 -3.6317
v 0.3066 74.7746 -3.7369
v 0.2979 74.7645 -3.7254
v 0.2903 74.7689 -3.7407
v 0.3066 74.7746 -3.7369
v 0.2004 74.9804 -3.6205
v 0.2001 74.9734 -3.6259
v 0.2008 74.9816 -3.6292
v 0.2004 74.9804 -3.6205
v -0.0532 74.9961 -3.6345
v -0.0546 74.9958 -3.6336
v -0.0547 74.9964 -3.6352
v -0.0532 74.9961 -3.6345
v -0.4168 89.7314 -0.7757
v -0.4268 89.7367 -0.7367
v -0.4169 89.6998 -0.7502
v -0.4168 89.7314 -0.7757
v -1.3514 89.5581 -0.9795
v -1.3702 89.5535 -0.9607
v -1.3677 89.5367 -0.9817
v -1.3514 89.5581 -0.9795
v -1.9974 90.0907 -1.4856
v -2.0094 90.0888 -1.4795
v -2.0089 90.0928 -1.4925
v -1.9974 90.0907 -1.4856
v -2.0038 91.0314 -1.1954
v -2.0046 91.0300 -1.1946
v -2.0044 91.0301 -1.1964
v -2.0038 91.0314 -1.1954
v -0.3583 89.8122 -0.6717
v -0.3913 89.8250 -0.6397
v -0.3968 89.7849 -0.6648
v -0.3583 89.8122 -0.6717
v -0.9379 90.3903 -1.4916
v -0.9468 90.4142 -1.4726
v -0.9551 90.3844 -1.4656
v -0.9379 90.3903 -1.4916
v -1.9104 90.5234 -2.0954
v -1.9184 90.5290 -2.0828
v -1.9237 90.5162 -2.0906
v -1.9104 90.5234 -2.0954
v -2.5376 91.2028 -2.7868
v -2.5390 91.2032 -2.7859
v -2.5391 91.2030 -2.7876
v -2.5376 91.2028 -2.7868
v -0.4411 89.6052 -0.8392
v -0.4553 89.6338 -0.8472
v -0.4707 89.6054 -0.8536
v -0.4411 89.6052 -0.8392
v -0.0977 89.5889 -1.5562
v -0.1093 89.5959 -1.5734
v -0.1164 89.5788 -1.5617
v -0.0977 89.5889 -1.5562
v 0.3025 89.0941 -2.0345
v 0.2961 89.0971 -2.0430
v 0.2960 89.0868 -2.0394
v 0.3025 89.0941 -2.0345
v 0.8864 88.9107 -2.5452
v 0.8853 88.9115 -2.5463
v 0.8866 88.9103 -2.5469
v 0.8864 88.9107 -2.5452
v -0.4096 89.7588 -0.6930
v -0.3909 89.7861 -0.7215
v -0.4169 89.7540 -0.7358
v -0.4096 89.7588 -0.6930
v 0.4251 89.1058 -0.7791
v 0.4403 89.1307 -0.7781
v 0.4253 89.1237 -0.8021
v 0.4251 89.1058 -0.7791
v 1.2732 88.6168 -1.1652
v 1.2816 88.6229 -1.1754
v 1.2792 88.6085 -1.1755
v 1.2732 88.6168 -1.1652
v 2.1311 88.4713 -0.5601
v 2.1296 88.4713 -0.5593
v 2.1296 88.4713 -0.5610
v 2.1311 88.4713 -0.5601
v -0.4835 89.5767 -0.8707
v -0.4543 89.5843 -0.8693
v -0.4657 89.5728 -0.8949
v -0.4835 89.5767 -0.8707
v -0.3026 88.8905 -0.6539
v -0.2986 88.9020 -0.6378
v -0.3073 88.9101 -0.6541
v -0.3026 88.8905 -0.6539
v 0.3615 89.0530 -0.9277
v 0.3567 89.0602 -0.9226
v 0.3545 89.0587 -0.9323
v 0.3615 89.0530 -0.9277
v 0.8787 89.5383 -1.1187
v 0.8772 89.5383 -1.1178
v 0.8772 89.5383 -1.1195
v 0.8787 89.5383 -1.1187
v -0.5010 89.4633 -0.9269
v -0.4930 89.4739 -0.9070
v -0.4788 89.4590 -0.9191
v -0.5010 89.4633 -0.9269
v -0.6889 89.0198 -0.6123
v -0.6893 89.0302 -0.6002
v -0.6866 89.0147 -0.5974
v -0.6889 89.0198 -0.6123
v -1.2520 88.9314 -0.5432
v -1.2589 88.9314 -0.5392
v -1.2589 88.9314 -0.5472
v -1.2520 88.9314 -0.5432
v -1.2557 89.5102 -0.5427
v -1.2574 89.5096 -0.5427
v -1.2567 89.5101 -0.5442
v -1.2557 89.5102 -0.5427
v -0.3588 92.1811 -0.5372
v -0.3416 92.1531 -0.5242
v -0.3494 92.1547 -0.5586
v -0.3588 92.1811 -0.5372
v -1.3183 91.6523 -0.3452
v -1.2999 91.6637 -0.3359
v -1.3057 91.6673 -0.3584
v -1.3183 91.6523 -0.3452
v -0.6476 90.8443 -0.6465
v -0.6437 90.8337 -0.6430
v -0.6456 90.8359 -0.6545
v -0.6476 90.8443 -0.6465
v -1.6817 90.4906 -0.5412
v -1.6830 90.4895 -0.5415
v -1.6825 90.4905 -0.5427
v -1.6817 90.4906 -0.5412
v -0.7391 92.1998 -0.7200
v -0.7344 92.1920 -0.7130
v -0.7424 92.1991 -0.7091
v -0.7391 92.1998 -0.7200
v -0.4824 92.4280 -0.6222
v -0.4869 92.4341 -0.6212
v -0.4897 92.4277 -0.6243
v -0.4824 92.4280 -0.6222
v -0.3980 92.5515 -0.9442
v -0.4011 92.5494 -0.9444
v -0.3998 92.5510 -0.9475
v -0.3980 92.5515 -0.9442
v -0.5976 92.8384 -0.8827
v -0.5991 92.8384 -0.8818
v -0.5991 92.8384 -0.8835
v -0.5976 92.8384 -0.8827
v -0.3132 92.1666 -0.5251
v -0.3286 92.1801 -0.4942
v -0.3487 92.1591 -0.5173
v -0.3132 92.1666 -0.5251
v -0.6458 93.1236 -1.0886
v -0.6593 93.1074 -1.0756
v -0.6673 93.1152 -1.0977
v -0.6458 93.1236 -1.0886
v -1.2072 93.9871 -0.5777
v -1.2162 93.9898 -0.5697
v -1.2182 93.9910 -0.5818
v -1.2072 93.9871 -0.5777
v -0.8413 95.0820 -0.5278
v -0.8428 95.0820 -0.5269
v -0.8428 95.0820 -0.5287
v -0.8413 95.0820 -0.5278
v -0.8029 92.2054 -0.7339
v -0.7963 92.2077 -0.7378
v -0.7997 92.2126 -0.7326
v -0.8029 92.2054 -0.7339
v -0.9371 92.3038 -0.9174
v -0.9408 92.3026 -0.9138
v -0.9422 92.3045 -0.9186
v -0.9371 92.3038 -0.9174
v -0.9297 92.5355 -0.8273
v -0.9320 92.5355 -0.8259
v -0.9320 92.5355 -0.8286
v -0.9297 92.5355 -0.8273
v -0.9302 92.7841 -0.8273
v -0.9317 92.7841 -0.8264
v -0.9317 92.7841 -0.8281
v -0.9302 92.7841 -0.8273
v -0.4551 92.1427 -0.6177
v -0.4336 92.1506 -0.6342
v -0.4594 92.1613 -0.6385
v -0.4551 92.1427 -0.6177
v -0.6284 91.4841 -1.1887
v -0.6231 91.4943 -1.1738
v -0.6400 91.4971 -1.1815
v -0.6284 91.4841 -1.1887
v -0.2801 92.0972 -1.7211
v -0.2828 92.0920 -1.7137
v -0.2893 92.0961 -1.7191
v -0.2801 92.0972 -1.7211
v -0.2526 92.8141 -1.2136
v -0.2540 92.8134 -1.2129
v -0.2542 92.8142 -1.2144
v -0.2526 92.8141 -1.2136
v -0.8512 92.2197 -0.7502
v -0.8513 92.2159 -0.7534
v -0.8541 92.2200 -0.7543
v -0.8512 92.2197 -0.7502
v -0.9680 92.1538 -0.6722
v -0.9709 92.1538 -0.6705
v -0.9709 92.1538 -0.6739
v -0.9680 92.1538 -0.6722
v -0.9690 92.3104 -0.6722
v -0.9704 92.3104 -0.6714
v -0.9704 92.3104 -0.6731
v -0.9690 92.3104 -0.6722
v -0.9690 92.4670 -0.6722
v -0.9705 92.4670 -0.6714
v -0.9705 92.4670 -0.6731
v -0.9690 92.4670 -0.6722
vt 0.0000 0.0000
vt 1.3558 0.0000
vt 2.7117 0.0000
vt 4.0675 0.0000
vt 5.4234 0.0000
vt 6.7792 0.0000
vt 8.1351 0.0000
vt 9.4909 0.0000
vt 10.8468 0.0000
vt 12.2026 0.0000
vt 13.5585 0.0000
vt 0.0000 1.4712
vt 1.0970 1.4712
vt 2.1941 1.4712
vt 3.2911 1.4712
vt 4.3882 1.4712
vt 5.4852 1.4712
vt 6.5822 1.4712
vt 7.6793 1.4712
vt 8.7763 1.4712
vt 9.8734 1.4712
vt 10.9704 1.4712
vt 0.0000 2.9420
vt 0.9422 2.9420
vt 1.8844 2.9420
vt 2.8265 2.9420
vt 3.7687 2.9420
vt 4.7109 2.9420
vt 5.6531 2.9420
vt 6.5952 2.9420
vt 7.5374 2.9420
vt 8.4796 2.9420
vt 9.4218 2.9420
vt 0.0000 4.4129
vt 0.8832 4.4129
vt 1.7664 4.4129
vt 2.6496 4.4129
vt 3.5328 4.4129
vt 4.4161 4.4129
vt 5.2993 4.4129
vt 6.1825 4.4129
vt 7.0657 4.4129
vt 7.9489 4.4129
vt 8.8321 4.4129
vt 0.0000 5.8831
vt 0.8593 5.8831
vt 1.7187 5.8831
vt 2.5780 5.8831
vt 3.4374 5.8831
vt 4.2967 5.8831
vt 5.1560 5.8831
vt 6.0154 5.8831
vt 6.8747 5.8831
vt 7.7341 5.8831
vt 8.5934 5.8831
vt 0.0000 7.3537
vt 0.8355 7.3537
vt 1.6709 7.3537
vt 2.5064 7.3537
vt 3.3419 7.3537
vt 4.1773 7.3537
vt 5.0128 7.3537
vt 5.8483 7.3537
vt 6.6838 7.3537
vt 7.5192 7.3537
vt 8.3547 7.3537
vt 0.0000 8.8243
vt 0.8116 8.8243
vt 1.6232 8.8243
vt 2.4348 8.8243
vt 3.2464 8.8243
vt 4.0580 8.8243
vt 4.8696 8.8243
vt 5.6812 8.8243
vt 6.4928 8.8243
vt 7.3044 8.8243
vt 8.1160 8.8243
vt 0.0000 10.2949
vt 0.7877 10.2949
vt 1.5755 10.2949
vt 2.3632 10.2949
vt 3.1509 10.2949
vt 3.9386 10.2949
vt 4.7264 10.2949
vt 5.5141 10.2949
vt 6.3018 10.2949
vt 7.0896 10.2949
vt 7.8773 10.2949
vt 0.0000 11.7655
vt 0.7639 11.7655
vt 1.5277 11.7655
vt 2.2916 11.7655
vt 3.0554 11.7655
vt 3.8193 11.7655
vt 4.5831 11.7655
vt 5.3470 11.7655
vt 6.1109 11.7655
vt 6.8747 11.7655
vt 7.6386 11.7655
vt 0.0000 13.2360
vt 0.7400 13.2360
vt 1.4800 13.2360
vt 2.2200 13.2360
vt 2.9599 13.2360
vt 3.6999 13.2360
vt 4.4399 13.2360
vt 5.1799 13.2360
vt 5.9199 13.2360
vt 6.6599 13.2360
vt 7.3999 13.2360
vt 0.0000 14.7066
vt 0.7161 14.7066
vt 1.4322 14.7066
vt 2.1483 14.7066
vt 2.8645 14.7066
vt 3.5806 14.7066
vt 4.2967 14.7066
vt 5.0128 14.7066
vt 5.7289 14.7066
vt 6.4450 14.7066
vt 7.1612 14.7066
vt 0.0000 16.1772
vt 0.6922 16.1772
vt 1.3845 16.1772
vt 2.0767 16.1772
vt 2.7690 16.1772
vt 3.4612 16.1772
vt 4.1535 16.1772
vt 4.8457 16.1772
vt 5.5380 16.1772
vt 6.2302 16.1772
vt 6.9225 16.1772
vt 0.0000 17.6478
vt 0.6684 17.6478
vt 1.3368 17.6478
vt 2.0051 17.6478
vt 2.6735 17.6478
vt 3.3419 17.6478
vt 4.0103 17.6478
vt 4.6786 17.6478
vt 5.3470 17.6478
vt 6.0154 17.6478
vt 6.6838 17.6478
vt 0.0000 19.1184
vt 0.6445 19.1184
vt 1.2890 19.1184
vt 1.9335 19.1184
vt 2.5780 19.1184
vt 3.2225 19.1184
vt 3.8670 19.1184
vt 4.5115 19.1184
vt 5.1560 19.1184
vt 5.8005 19.1184
vt 6.4450 19.1184
vt 0.0000 20.5890
vt 0.6206 20.5890
vt 1.2413 20.5890
vt 1.8619 20.5890
vt 2.4825 20.5890
vt 3.1032 20.5890
vt 3.7238 20.5890
vt 4.3444 20.5890
vt 4.9651 20.5890
vt 5.5857 20.5890
vt 6.2063 20.5890
vt 0.0000 22.0596
vt 0.5968 22.0596
vt 1.1935 22.0596
vt 1.7903 22.0596
vt 2.3871 22.0596
vt 2.9838 22.0596
vt 3.5806 22.0596
vt 4.1773 22.0596
vt 4.7741 22.0596
vt 5.3709 22.0596
vt 5.9676 22.0596
vt 0.0000 23.5302
vt 0.5729 23.5302
vt 1.1458 23.5302
vt 1.7187 23.5302
vt 2.2916 23.5302
vt 2.8645 23.5302
vt 3.4374 23.5302
vt 4.0103 23.5302
vt 4.5831 23.5302
vt 5.1560 23.5302
vt 5.7289 23.5302
vt 0.0000 25.0008
vt 0.5490 25.0008
vt 1.0980 25.0008
vt 1.6471 25.0008
vt 2.1961 25.0008
vt 2.7451 25.0008
vt 3.2941 25.0008
vt 3.8432 25.0008
vt 4.3922 25.0008
vt 4.9412 25.0008
vt 5.4902 25.0008
vt 0.0000 26.4714
vt 0.5252 26.4714
vt 1.0503 26.4714
vt 1.5755 26.4714
vt 2.1006 26.4714
vt 2.6258 26.4714
vt 3.1509 26.4714
vt 3.6761 26.4714
vt 4.2012 26.4714
vt 4.7264 26.4714
vt 5.2515 26.4714
vt 0.0000 27.9420
vt 0.5013 27.9420
vt 1.0026 27.9420
vt 1.5038 27.9420
vt 2.0051 27.9420
vt 2.5064 27.9420
vt 3.0077 27.9420
vt 3.5090 27.9420
vt 4.0103 27.9420
vt 4.5115 27.9420
vt 5.0128 27.9420
vt 0.0000 29.4126
vt 0.4774 29.4126
vt 0.9548 29.4126
vt 1.4322 29.4126
vt 1.9096 29.4126
vt 2.3871 29.4126
vt 2.8645 29.4126
vt 3.3419 29.4126
vt 3.8193 29.4126
vt 4.2967 29.4126
vt 4.7741 29.4126
vt 0.0000 30.8832
vt 0.4535 30.8832
vt 0.9071 30.8832
vt 1.3606 30.8832
vt 1.8142 30.8832
vt 2.2677 30.8832
vt 2.7212 30.8832
vt 3.1748 30.8832
vt 3.6283 30.8832
vt 4.0819 30.8832
vt 4.5354 30.8832
vt 0.0000 32.3537
vt 0.4297 32.3537
vt 0.8593 32.3537
vt 1.2890 32.3537
vt 1.7187 32.3537
vt 2.1483 32.3537
vt 2.5780 32.3537
vt 3.0077 32.3537
vt 3.4374 32.3537
vt 3.8670 32.3537
vt 4.2967 32.3537
vt 0.0000 33.8243
vt 0.4058 33.8243
vt 0.8116 33.8243
vt 1.2174 33.8243
vt 1.6232 33.8243
vt 2.0290 33.8243
vt 2.4348 33.8243
vt 2.8406 33.8243
vt 3.2464 33.8243
vt 3.6522 33.8243
vt 4.0580 33.8243
vt 0.0000 35.2949
vt 0.3819 35.2949
vt 0.7639 35.2949
vt 1.1458 35.2949
vt 1.5277 35.2949
vt 1.9096 35.2949
vt 2.2916 35.2949
vt 2.6735 35.2949
vt 3.0554 35.2949
vt 3.4374 35.2949
vt 3.8193 35.2949
vt 0.0000 36.7655
vt 0.3581 36.7655
vt 0.7161 36.7655
vt 1.0742 36.7655
vt 1.4322 36.7655
vt 1.7903 36.7655
vt 2.1483 36.7655
vt 2.5064 36.7655
vt 2.8645 36.7655
vt 3.2225 36.7655
vt 3.5806 36.7655
vt 0.0000 38.2361
vt 0.3342 38.2361
vt 0.6684 38.2361
vt 1.0026 38.2361
vt 1.3368 38.2361
vt 1.6709 38.2361
vt 2.0051 38.2361
vt 2.3393 38.2361
vt 2.6735 38.2361
vt 3.0077 38.2361
vt 3.3419 38.2361
vt 0.0000 39.7067
vt 0.3103 39.7067
vt 0.6206 39.7067
vt 0.9310 39.7067
vt 1.2413 39.7067
vt 1.5516 39.7067
vt 1.8619 39.7067
vt 2.1722 39.7067
vt 2.4825 39.7067
vt 2.7929 39.7067
vt 3.1032 39.7067
vt 0.0000 41.1773
vt 0.2864 41.1773
vt 0.5729 41.1773
vt 0.8593 41.1773
vt 1.1458 41.1773
vt 1.4322 41.1773
vt 1.7187 41.1773
vt 2.0051 41.1773
vt 2.2916 41.1773
vt 2.5780 41.1773
vt 2.8645 41.1773
vt 0.0000 42.6479
vt 0.2626 42.6479
vt 0.5252 42.6479
vt 0.7877 42.6479
vt 1.0503 42.6479
vt 1.3129 42.6479
vt 1.5755 42.6479
vt 1.8380 42.6479
vt 2.1006 42.6479
vt 2.3632 42.6479
vt 2.6258 42.6479
vt 0.0000 44.1185
vt 0.2387 44.1185
vt 0.4774 44.1185
vt 0.7161 44.1185
vt 0.9548 44.1185
vt 1.1935 44.1185
vt 1.4322 44.1185
vt 1.6709 44.1185
vt 1.9096 44.1185
vt 2.1483 44.1185
vt 2.3871 44.1185
vt 0.0000 45.5891
vt 0.2148 45.5891
vt 0.4297 45.5891
vt 0.6445 45.5891
vt 0.8593 45.5891
vt 1.0742 45.5891
vt 1.2890 45.5891
vt 1.5038 45.5891
vt 1.7187 45.5891
vt 1.9335 45.5891
vt 2.1483 45.5891
vt 0.0000 47.0597
vt 0.1910 47.0597
vt 0.3819 47.0597
vt 0.5729 47.0597
vt 0.7639 47.0597
vt 0.9548 47.0597
vt 1.1458 47.0597
vt 1.3368 47.0597
vt 1.5277 47.0597
vt 1.7187 47.0597
vt 1.9096 47.0597
vt 0.0000 48.5303
vt 0.1671 48.5303
vt 0.3342 48.5303
vt 0.5013 48.5303
vt 0.6684 48.5303
vt 0.8355 48.5303
vt 1.0026 48.5303
vt 1.1697 48.5303
vt 1.3368 48.5303
vt 1.5038 48.5303
vt 1.6709 48.5303
vt 0.0000 50.0009
vt 0.1432 50.0009
vt 0.2864 50.0009
vt 0.4297 50.0009
vt 0.5729 50.0009
vt 0.7161 50.0009
vt 0.8593 50.0009
vt 1.0026 50.0009
vt 1.1458 50.0009
vt 1.2890 50.0009
vt 1.4322 50.0009
vt 0.0000 51.4714
vt 0.1194 51.4714
vt 0.2387 51.4714
vt 0.3581 51.4714
vt 0.4774 51.4714
vt 0.5968 51.4714
vt 0.7161 51.4714
vt 0.8355 51.4714
vt 0.9548 51.4714
vt 1.0742 51.4714
vt 1.1935 51.4714
vt 0.0000 52.9420
vt 0.0955 52.9420
vt 0.1910 52.9420
vt 0.2864 52.9420
vt 0.3819 52.9420
vt 0.4774 52.9420
vt 0.5729 52.9420
vt 0.6684 52.9420
vt 0.7639 52.9420
vt 0.8593 52.9420
vt 0.9548 52.9420
vt 0.0000 54.4126
vt 0.0716 54.4126
vt 0.1432 54.4126
vt 0.2148 54.4126
vt 0.2864 54.4126
vt 0.3581 54.4126
vt 0.4297 54.4126
vt 0.5013 54.4126
vt 0.5729 54.4126
vt 0.6445 54.4126
vt 0.7161 54.4126
vt 0.0000 55.8832
vt 0.0477 55.8832
vt 0.0955 55.8832
vt 0.1432 55.8832
vt 0.1910 55.8832
vt 0.2387 55.8832
vt 0.2864 55.8832
vt 0.3342 55.8832
vt 0.3819 55.8832
vt 0.4297 55.8832
vt 0.4774 55.8832
vt 0.0000 57.3538
vt 0.0239 57.3538
vt 0.0477 57.3538
vt 0.0716 57.3538
vt 0.0955 57.3538
vt 0.1194 57.3538
vt 0.1432 57.3538
vt 0.1671 57.3538
vt 0.1910 57.3538
vt 0.2148 57.3538
vt 0.2387 57.3538
vt 0.0000 58.8244
vt 0.0040 58.8244
vt 0.0080 58.8244
vt 0.0120 58.8244
vt 0.0160 58.8244
vt 0.0200 58.8244
vt 0.0240 58.8244
vt 0.0280 58.8244
vt 0.0320 58.8244
vt 0.0360 58.8244
vt 0.0400 58.8244
vt 0.0000 0.0000
vt 0.3207 0.0000
vt 0.6413 0.0000
vt 0.9620 0.0000
vt 1.2827 0.0000
vt 1.6034 0.0000
vt 0.0000 0.6478
vt 0.2672 0.6478
vt 0.5345 0.6478
vt 0.8017 0.6478
vt 1.0689 0.6478
vt 1.3361 0.6478
vt 0.0000 1.2981
vt 0.2138 1.2981
vt 0.4276 1.2981
vt 0.6413 1.2981
vt 0.8551 1.2981
vt 1.0689 1.2981
vt 0.0000 1.9490
vt 0.1603 1.9490
vt 0.3207 1.9490
vt 0.4810 1.9490
vt 0.6413 1.9490
vt 0.8017 1.9490
vt 0.0000 2.5976
vt 0.1069 2.5976
vt 0.2138 2.5976
vt 0.3207 2.5976
vt 0.4276 2.5976
vt 0.5345 2.5976
vt 0.0000 3.2419
vt 0.0534 3.2419
vt 0.1069 3.2419
vt 0.1603 3.2419
vt 0.2138 3.2419
vt 0.2672 3.2419
vt 0.0000 3.8882
vt 0.0080 3.8882
vt 0.0160 3.8882
vt 0.0240 3.8882
vt 0.0320 3.8882
vt 0.0400 3.8882
vt 0.0000 0.0000
vt 0.2557 0.0000
vt 0.5114 0.0000
vt 0.7671 0.0000
vt 1.0228 0.0000
vt 1.2785 0.0000
vt 0.0000 0.5136
vt 0.2131 0.5136
vt 0.4262 0.5136
vt 0.6393 0.5136
vt 0.8524 0.5136
vt 1.0654 0.5136
vt 0.0000 1.0283
vt 0.1705 1.0283
vt 0.3409 1.0283
vt 0.5114 1.0283
vt 0.6819 1.0283
vt 0.8524 1.0283
vt 0.0000 1.5464
vt 0.1279 1.5464
vt 0.2557 1.5464
vt 0.3836 1.5464
vt 0.5114 1.5464
vt 0.6393 1.5464
vt 0.0000 2.0628
vt 0.0852 2.0628
vt 0.1705 2.0628
vt 0.2557 2.0628
vt 0.3409 2.0628
vt 0.4262 2.0628
vt 0.0000 2.5778
vt 0.0426 2.5778
vt 0.0852 2.5778
vt 0.1279 2.5778
vt 0.1705 2.5778
vt 0.2131 2.5778
vt 0.0000 3.0931
vt 0.0080 3.0931
vt 0.0160 3.0931
vt 0.0240 3.0931
vt 0.0320 3.0931
vt 0.0400 3.0931
vt 0.0000 0.0000
vt 0.3576 0.0000
vt 0.7151 0.0000
vt 1.0727 0.0000
vt 1.4302 0.0000
vt 1.7878 0.0000
vt 0.0000 0.7122
vt 0.2980 0.7122
vt 0.5959 0.7122
vt 0.8939 0.7122
vt 1.1919 0.7122
vt 1.4898 0.7122
vt 0.0000 1.4253
vt 0.2384 1.4253
vt 0.4767 1.4253
vt 0.7151 1.4253
vt 0.9535 1.4253
vt 1.1919 1.4253
vt 0.0000 2.1517
vt 0.1788 2.1517
vt 0.3576 2.1517
vt 0.5363 2.1517
vt 0.7151 2.1517
vt 0.8939 2.1517
vt 0.0000 2.8710
vt 0.1192 2.8710
vt 0.2384 2.8710
vt 0.3576 2.8710
vt 0.4767 2.8710
vt 0.5959 2.8710
vt 0.0000 3.5920
vt 0.0596 3.5920
vt 0.1192 3.5920
vt 0.1788 3.5920
vt 0.2384 3.5920
vt 0.2980 3.5920
vt 0.0000 4.3126
vt 0.0080 4.3126
vt 0.0160 4.3126
vt 0.0240 4.3126
vt 0.0320 4.3126
vt 0.0400 4.3126
vt 0.0000 0.0000
vt 0.2470 0.0000
vt 0.4941 0.0000
vt 0.7411 0.0000
vt 0.9882 0.0000
vt 1.2352 0.0000
vt 0.0000 0.4969
vt 0.2059 0.4969
vt 0.4117 0.4969
vt 0.6176 0.4969
vt 0.8235 0.4969
vt 1.0294 0.4969
vt 0.0000 0.9991
vt 0.1647 0.9991
vt 0.3294 0.9991
vt 0.4941 0.9991
vt 0.6588 0.9991
vt 0.8235 0.9991
vt 0.0000 1.4954
vt 0.1235 1.4954
vt 0.2470 1.4954
vt 0.3706 1.4954
vt 0.4941 1.4954
vt 0.6176 1.4954
vt 0.0000 1.9949
vt 0.0823 1.9949
vt 0.1647 1.9949
vt 0.2470 1.9949
vt 0.3294 1.9949
vt 0.4117 1.9949
vt 0.0000 2.4940
vt 0.0412 2.4940
vt 0.0823 2.4940
vt 0.1235 2.4940
vt 0.1647 2.4940
vt 0.2059 2.4940
vt 0.0000 2.9919
vt 0.0080 2.9919
vt 0.0160 2.9919
vt 0.0240 2.9919
vt 0.0320 2.9919
vt 0.0400 2.9919
vt 0.0000 0.0000
vt 0.1139 0.0000
vt 0.2279 0.0000
vt 0.3418 0.0000
vt 0.4557 0.0000
vt 0.5697 0.0000
vt 0.0000 0.2317
vt 0.0949 0.2317
vt 0.1899 0.2317
vt 0.2848 0.2317
vt 0.3798 0.2317
vt 0.4747 0.2317
vt 0.0000 0.4632
vt 0.0760 0.4632
vt 0.1519 0.4632
vt 0.2279 0.4632
vt 0.3038 0.4632
vt 0.3798 0.4632
vt 0.0000 0.6903
vt 0.0570 0.6903
vt 0.1139 0.6903
vt 0.1709 0.6903
vt 0.2279 0.6903
vt 0.2848 0.6903
vt 0.0000 0.9211
vt 0.0380 0.9211
vt 0.0760 0.9211
vt 0.1139 0.9211
vt 0.1519 0.9211
vt 0.1899 0.9211
vt 0.0000 1.1521
vt 0.0190 1.1521
vt 0.0380 1.1521
vt 0.0570 1.1521
vt 0.0760 1.1521
vt 0.0949 1.1521
vt 0.0000 1.3817
vt 0.0080 1.3817
vt 0.0160 1.3817
vt 0.0240 1.3817
vt 0.0320 1.3817
vt 0.0400 1.3817
vt 0.0000 0.0000
vt 0.3909 0.0000
vt 0.7818 0.0000
vt 1.1728 0.0000
vt 1.5637 0.0000
vt 1.9546 0.0000
vt 0.0000 0.7809
vt 0.3258 0.7809
vt 0.6515 0.7809
vt 0.9773 0.7809
vt 1.3031 0.7809
vt 1.6288 0.7809
vt 0.0000 1.5681
vt 0.2606 1.5681
vt 0.5212 1.5681
vt 0.7818 1.5681
vt 1.0425 1.5681
vt 1.3031 1.5681
vt 0.0000 2.3571
vt 0.1955 2.3571
vt 0.3909 2.3571
vt 0.5864 2.3571
vt 0.7818 2.3571
vt 0.9773 2.3571
vt 0.0000 3.1475
vt 0.1303 3.1475
vt 0.2606 3.1475
vt 0.3909 3.1475
vt 0.5212 3.1475
vt 0.6515 3.1475
vt 0.0000 3.9325
vt 0.0652 3.9325
vt 0.1303 3.9325
vt 0.1955 3.9325
vt 0.2606 3.9325
vt 0.3258 3.9325
vt 0.0000 4.7203
vt 0.0080 4.7203
vt 0.0160 4.7203
vt 0.0240 4.7203
vt 0.0320 4.7203
vt 0.0400 4.7203
vt 0.0000 0.0000
vt 0.3698 0.0000
vt 0.7396 0.0000
vt 1.1094 0.0000
vt 1.4792 0.0000
vt 1.8490 0.0000
vt 0.0000 0.7527
vt 0.3082 0.7527
vt 0.6163 0.7527
vt 0.9245 0.7527
vt 1.2326 0.7527
vt 1.5408 0.7527
vt 0.0000 1.5034
vt 0.2465 1.5034
vt 0.4931 1.5034
vt 0.7396 1.5034
vt 0.9861 1.5034
vt 1.2326 1.5034
vt 0.0000 2.2549
vt 0.1849 2.2549
vt 0.3698 2.2549
vt 0.5547 2.2549
vt 0.7396 2.2549
vt 0.9245 2.2549
vt 0.0000 3.0035
vt 0.1233 3.0035
vt 0.2465 3.0035
vt 0.3698 3.0035
vt 0.4931 3.0035
vt 0.6163 3.0035
vt 0.0000 3.7476
vt 0.0616 3.7476
vt 0.1233 3.7476
vt 0.1849 3.7476
vt 0.2465 3.7476
vt 0.3082 3.7476
vt 0.0000 4.4928
vt 0.0080 4.4928
vt 0.0160 4.4928
vt 0.0240 4.4928
vt 0.0320 4.4928
vt 0.0400 4.4928
vt 0.0000 0.0000
vt 0.1194 0.0000
vt 0.2388 0.0000
vt 0.3583 0.0000
vt 0.4777 0.0000
vt 0.5971 0.0000
vt 0.0000 0.2373
vt 0.0995 0.2373
vt 0.1990 0.2373
vt 0.2986 0.2373
vt 0.3981 0.2373
vt 0.4976 0.2373
vt 0.0000 0.4813
vt 0.0796 0.4813
vt 0.1592 0.4813
vt 0.2388 0.4813
vt 0.3185 0.4813
vt 0.3981 0.4813
vt 0.0000 0.7217
vt 0.0597 0.7217
vt 0.1194 0.7217
vt 0.1791 0.7217
vt 0.2388 0.7217
vt 0.2986 0.7217
vt 0.0000 0.9630
vt 0.0398 0.9630
vt 0.0796 0.9630
vt 0.1194 0.9630
vt 0.1592 0.9630
vt 0.1990 0.9630
vt 0.0000 1.2045
vt 0.0199 1.2045
vt 0.0398 1.2045
vt 0.0597 1.2045
vt 0.0796 1.2045
vt 0.0995 1.2045
vt 0.0000 1.4451
vt 0.0080 1.4451
vt 0.0160 1.4451
vt 0.0240 1.4451
vt 0.0320 1.4451
vt 0.0400 1.4451
vt 0.0000 0.0000
vt 0.0936 0.0000
vt 0.1871 0.0000
vt 0.2807 0.0000
vt 0.3743 0.0000
vt 0.4679 0.0000
vt 0.0000 0.1841
vt 0.0780 0.1841
vt 0.1560 0.1841
vt 0.2339 0.1841
vt 0.3119 0.1841
vt 0.3899 0.1841
vt 0.0000 0.3704
vt 0.0624 0.3704
vt 0.1248 0.3704
vt 0.1871 0.3704
vt 0.2495 0.3704
vt 0.3119 0.3704
vt 0.0000 0.5602
vt 0.0468 0.5602
vt 0.0936 0.5602
vt 0.1404 0.5602
vt 0.1871 0.5602
vt 0.2339 0.5602
vt 0.0000 0.7505
vt 0.0312 0.7505
vt 0.0624 0.7505
vt 0.0936 0.7505
vt 0.1248 0.7505
vt 0.1560 0.7505
vt 0.0000 0.9389
vt 0.0156 0.9389
vt 0.0312 0.9389
vt 0.0468 0.9389
vt 0.0624 0.9389
vt 0.0780 0.9389
vt 0.0000 1.1275
vt 0.0080 1.1275
vt 0.0160 1.1275
vt 0.0240 1.1275
vt 0.0320 1.1275
vt 0.0400 1.1275
vt 0.0000 0.0000
vt 0.3398 0.0000
vt 0.6796 0.0000
vt 1.0194 0.0000
vt 1.3592 0.0000
vt 1.6990 0.0000
vt 0.0000 0.6822
vt 0.2832 0.6822
vt 0.5663 0.6822
vt 0.8495 0.6822
vt 1.1327 0.6822
vt 1.4159 0.6822
vt 0.0000 1.3626
vt 0.2265 1.3626
vt 0.4531 1.3626
vt 0.6796 1.3626
vt 0.9062 1.3626
vt 1.1327 1.3626
vt 0.0000 2.0473
vt 0.1699 2.0473
vt 0.3398 2.0473
vt 0.5097 2.0473
vt 0.6796 2.0473
vt 0.8495 2.0473
vt 0.0000 2.7287
vt 0.1133 2.7287
vt 0.2265 2.7287
vt 0.3398 2.7287
vt 0.4531 2.7287
vt 0.5663 2.7287
vt 0.0000 3.4113
vt 0.0566 3.4113
vt 0.1133 3.4113
vt 0.1699 3.4113
vt 0.2265 3.4113
vt 0.2832 3.4113
vt 0.0000 4.0962
vt 0.0080 4.0962
vt 0.0160 4.0962
vt 0.0240 4.0962
vt 0.0320 4.0962
vt 0.0400 4.0962
vt 0.0000 0.0000
vt 0.0080 0.0000
vt 0.0160 0.0000
vt 0.0240 0.0000
vt 0.0320 0.0000
vt 0.0400 0.0000
vt 0.0000 0.0200
vt 0.0080 0.0200
vt 0.0160 0.0200
vt 0.0240 0.0200
vt 0.0320 0.0200
vt 0.0400 0.0200
vt 0.0000 0.0400
vt 0.0080 0.0400
vt 0.0160 0.0400
vt 0.0240 0.0400
vt 0.0320 0.0400
vt 0.0400 0.0400
vt 0.0000 0.0600
vt 0.0080 0.0600
vt 0.0160 0.0600
vt 0.0240 0.0600
vt 0.0320 0.0600
vt 0.0400 0.0600
vt 0.0000 0.0800
vt 0.0080 0.0800
vt 0.0160 0.0800
vt 0.0240 0.0800
vt 0.0320 0.0800
vt 0.0400 0.0800
vt 0.0000 0.1000
vt 0.0080 0.1000
vt 0.0160 0.1000
vt 0.0240 0.1000
vt 0.0320 0.1000
vt 0.0400 0.1000
vt 0.0000 0.1200
vt 0.0080 0.1200
vt 0.0160 0.1200
vt 0.0240 0.1200
vt 0.0320 0.1200
vt 0.0400 0.1200
vt 0.0000 0.0000
vt 0.1712 0.0000
vt 0.3425 0.0000
vt 0.5137 0.0000
vt 0.6850 0.0000
vt 0.8562 0.0000
vt 0.0000 0.3474
vt 0.1427 0.3474
vt 0.2854 0.3474
vt 0.4281 0.3474
vt 0.5708 0.3474
vt 0.7135 0.3474
vt 0.0000 0.6891
vt 0.1142 0.6891
vt 0.2283 0.6891
vt 0.3425 0.6891
vt 0.4566 0.6891
vt 0.5708 0.6891
vt 0.0000 1.0331
vt 0.0856 1.0331
vt 0.1712 1.0331
vt 0.2569 1.0331
vt 0.3425 1.0331
vt 0.4281 1.0331
vt 0.0000 1.3763
vt 0.0571 1.3763
vt 0.1142 1.3763
vt 0.1712 1.3763
vt 0.2283 1.3763
vt 0.2854 1.3763
vt 0.0000 1.7223
vt 0.0285 1.7223
vt 0.0571 1.7223
vt 0.0856 1.7223
vt 0.1142 1.7223
vt 0.1427 1.7223
vt 0.0000 2.0674
vt 0.0080 2.0674
vt 0.0160 2.0674
vt 0.0240 2.0674
vt 0.0320 2.0674
vt 0.0400 2.0674
vt 0.0000 0.0000
vt 0.2418 0.0000
vt 0.4836 0.0000
vt 0.7254 0.0000
vt 0.9672 0.0000
vt 1.2090 0.0000
vt 0.0000 0.4886
vt 0.2015 0.4886
vt 0.4030 0.4886
vt 0.6045 0.4886
vt 0.8060 0.4886
vt 1.0075 0.4886
vt 0.0000 0.9790
vt 0.1612 0.9790
vt 0.3224 0.9790
vt 0.4836 0.9790
vt 0.6448 0.9790
vt 0.8060 0.9790
vt 0.0000 1.4624
vt 0.1209 1.4624
vt 0.2418 1.4624
vt 0.3627 1.4624
vt 0.4836 1.4624
vt 0.6045 1.4624
vt 0.0000 1.9470
vt 0.0806 1.9470
vt 0.1612 1.9470
vt 0.2418 1.9470
vt 0.3224 1.9470
vt 0.4030 1.9470
vt 0.0000 2.4338
vt 0.0403 2.4338
vt 0.0806 2.4338
vt 0.1209 2.4338
vt 0.1612 2.4338
vt 0.2015 2.4338
vt 0.0000 2.9211
vt 0.0080 2.9211
vt 0.0160 2.9211
vt 0.0240 2.9211
vt 0.0320 2.9211
vt 0.0400 2.9211
vt 0.0000 0.0000
vt 0.2024 0.0000
vt 0.4047 0.0000
vt 0.6071 0.0000
vt 0.8095 0.0000
vt 1.0119 0.0000
vt 0.0000 0.4084
vt 0.1686 0.4084
vt 0.3373 0.4084
vt 0.5059 0.4084
vt 0.6746 0.4084
vt 0.8432 0.4084
vt 0.0000 0.8174
vt 0.1349 0.8174
vt 0.2698 0.8174
vt 0.4047 0.8174
vt 0.5397 0.8174
vt 0.6746 0.8174
vt 0.0000 1.2235
vt 0.1012 1.2235
vt 0.2024 1.2235
vt 0.3036 1.2235
vt 0.4047 1.2235
vt 0.5059 1.2235
vt 0.0000 1.6351
vt 0.0675 1.6351
vt 0.1349 1.6351
vt 0.2024 1.6351
vt 0.2698 1.6351
vt 0.3373 1.6351
vt 0.0000 2.0424
vt 0.0337 2.0424
vt 0.0675 2.0424
vt 0.1012 2.0424
vt 0.1349 2.0424
vt 0.1686 2.0424
vt 0.0000 2.4503
vt 0.0080 2.4503
vt 0.0160 2.4503
vt 0.0240 2.4503
vt 0.0320 2.4503
vt 0.0400 2.4503
vt 0.0000 0.0000
vt 0.3450 0.0000
vt 0.6899 0.0000
vt 1.0349 0.0000
vt 1.3799 0.0000
vt 1.7248 0.0000
vt 0.0000 0.6980
vt 0.2875 0.6980
vt 0.5749 0.6980
vt 0.8624 0.6980
vt 1.1499 0.6980
vt 1.4374 0.6980
vt 0.0000 1.3947
vt 0.2300 1.3947
vt 0.4600 1.3947
vt 0.6899 1.3947
vt 0.9199 1.3947
vt 1.1499 1.3947
vt 0.0000 2.0925
vt 0.1725 2.0925
vt 0.3450 2.0925
vt 0.5175 2.0925
vt 0.6899 2.0925
vt 0.8624 2.0925
vt 0.0000 2.7844
vt 0.1150 2.7844
vt 0.2300 2.7844
vt 0.3450 2.7844
vt 0.4600 2.7844
vt 0.5749 2.7844
vt 0.0000 3.4792
vt 0.0575 3.4792
vt 0.1150 3.4792
vt 0.1725 3.4792
vt 0.2300 3.4792
vt 0.2875 3.4792
vt 0.0000 4.1744
vt 0.0080 4.1744
vt 0.0160 4.1744
vt 0.0240 4.1744
vt 0.0320 4.1744
vt 0.0400 4.1744
vt 0.0000 0.0000
vt 0.1359 0.0000
vt 0.2717 0.0000
vt 0.4076 0.0000
vt 0.5434 0.0000
vt 0.6793 0.0000
vt 0.0000 0.2748
vt 0.1132 0.2748
vt 0.2264 0.2748
vt 0.3396 0.2748
vt 0.4528 0.2748
vt 0.5660 0.2748
vt 0.0000 0.5454
vt 0.0906 0.5454
vt 0.1811 0.5454
vt 0.2717 0.5454
vt 0.3623 0.5454
vt 0.4528 0.5454
vt 0.0000 0.8201
vt 0.0679 0.8201
vt 0.1359 0.8201
vt 0.2038 0.8201
vt 0.2717 0.8201
vt 0.3396 0.8201
vt 0.0000 1.0965
vt 0.0453 1.0965
vt 0.0906 1.0965
vt 0.1359 1.0965
vt 0.1811 1.0965
vt 0.2264 1.0965
vt 0.0000 1.3719
vt 0.0226 1.3719
vt 0.0453 1.3719
vt 0.0679 1.3719
vt 0.0906 1.3719
vt 0.1132 1.3719
vt 0.0000 1.6457
vt 0.0080 1.6457
vt 0.0160 1.6457
vt 0.0240 1.6457
vt 0.0320 1.6457
vt 0.0400 1.6457
vt 0.0000 0.0000
vt 0.0181 0.0000
vt 0.0361 0.0000
vt 0.0542 0.0000
vt 0.0723 0.0000
vt 0.0904 0.0000
vt 0.0000 0.0380
vt 0.0151 0.0380
vt 0.0301 0.0380
vt 0.0452 0.0380
vt 0.0602 0.0380
vt 0.0753 0.0380
vt 0.0000 0.0753
vt 0.0120 0.0753
vt 0.0241 0.0753
vt 0.0361 0.0753
vt 0.0482 0.0753
vt 0.0602 0.0753
vt 0.0000 0.1116
vt 0.0090 0.1116
vt 0.0181 0.1116
vt 0.0271 0.1116
vt 0.0361 0.1116
vt 0.0452 0.1116
vt 0.0000 0.1480
vt 0.0080 0.1480
vt 0.0160 0.1480
vt 0.0240 0.1480
vt 0.0320 0.1480
vt 0.0400 0.1480
vt 0.0000 0.1844
vt 0.0080 0.1844
vt 0.0160 0.1844
vt 0.0240 0.1844
vt 0.0320 0.1844
vt 0.0400 0.1844
vt 0.0000 0.2208
vt 0.0080 0.2208
vt 0.0160 0.2208
vt 0.0240 0.2208
vt 0.0320 0.2208
vt 0.0400 0.2208
vt 0.0000 0.0000
vt 0.3612 0.0000
vt 0.7224 0.0000
vt 1.0836 0.0000
vt 1.4447 0.0000
vt 1.8059 0.0000
vt 0.0000 0.7189
vt 0.3010 0.7189
vt 0.6020 0.7189
vt 0.9030 0.7189
vt 1.2040 0.7189
vt 1.5049 0.7189
vt 0.0000 1.4485
vt 0.2408 1.4485
vt 0.4816 1.4485
vt 0.7224 1.4485
vt 0.9632 1.4485
vt 1.2039 1.4485
vt 0.0000 2.1772
vt 0.1806 2.1772
vt 0.3612 2.1772
vt 0.5418 2.1772
vt 0.7224 2.1772
vt 0.9030 2.1772
vt 0.0000 2.9070
vt 0.1204 2.9070
vt 0.2408 2.9070
vt 0.3612 2.9070
vt 0.4816 2.9070
vt 0.6020 2.9070
vt 0.0000 3.6369
vt 0.0602 3.6369
vt 0.1204 3.6369
vt 0.1806 3.6369
vt 0.2408 3.6369
vt 0.3010 3.6369
vt 0.0000 4.3648
vt 0.0080 4.3648
vt 0.0160 4.3648
vt 0.0240 4.3648
vt 0.0320 4.3648
vt 0.0400 4.3648
vt 0.0000 0.0000
vt 0.0722 0.0000
vt 0.1444 0.0000
vt 0.2166 0.0000
vt 0.2887 0.0000
vt 0.3609 0.0000
vt 0.0000 0.1428
vt 0.0602 0.1428
vt 0.1203 0.1428
vt 0.1805 0.1428
vt 0.2406 0.1428
vt 0.3008 0.1428
vt 0.0000 0.2891
vt 0.0481 0.2891
vt 0.0962 0.2891
vt 0.1444 0.2891
vt 0.1925 0.2891
vt 0.2406 0.2891
vt 0.0000 0.4349
vt 0.0361 0.4349
vt 0.0722 0.4349
vt 0.1083 0.4349
vt 0.1444 0.4349
vt 0.1805 0.4349
vt 0.0000 0.5806
vt 0.0241 0.5806
vt 0.0481 0.5806
vt 0.0722 0.5806
vt 0.0962 0.5806
vt 0.1203 0.5806
vt 0.0000 0.7271
vt 0.0120 0.7271
vt 0.0241 0.7271
vt 0.0361 0.7271
vt 0.0481 0.7271
vt 0.0602 0.7271
vt 0.0000 0.8726
vt 0.0080 0.8726
vt 0.0160 0.8726
vt 0.0240 0.8726
vt 0.0320 0.8726
vt 0.0400 0.8726
vt 0.0000 0.0000
vt 0.1408 0.0000
vt 0.2817 0.0000
vt 0.4225 0.0000
vt 0.5633 0.0000
vt 0.7041 0.0000
vt 0.0000 0.2856
vt 0.1174 0.2856
vt 0.2347 0.2856
vt 0.3521 0.2856
vt 0.4694 0.2856
vt 0.5868 0.2856
vt 0.0000 0.5660
vt 0.0939 0.5660
vt 0.1878 0.5660
vt 0.2817 0.5660
vt 0.3755 0.5660
vt 0.4694 0.5660
vt 0.0000 0.8508
vt 0.0704 0.8508
vt 0.1408 0.8508
vt 0.2112 0.8508
vt 0.2817 0.8508
vt 0.3521 0.8508
vt 0.0000 1.1324
vt 0.0469 1.1324
vt 0.0939 1.1324
vt 0.1408 1.1324
vt 0.1878 1.1324
vt 0.2347 1.1324
vt 0.0000 1.4176
vt 0.0235 1.4176
vt 0.0469 1.4176
vt 0.0704 1.4176
vt 0.0939 1.4176
vt 0.1174 1.4176
vt 0.0000 1.7014
vt 0.0080 1.7014
vt 0.0160 1.7014
vt 0.0240 1.7014
vt 0.0320 1.7014
vt 0.0400 1.7014
vt 0.0000 0.0000
vt 0.1389 0.0000
vt 0.2778 0.0000
vt 0.4167 0.0000
vt 0.5556 0.0000
vt 0.6945 0.0000
vt 0.0000 0.2828
vt 0.1158 0.2828
vt 0.2315 0.2828
vt 0.3473 0.2828
vt 0.4630 0.2828
vt 0.5788 0.2828
vt 0.0000 0.5587
vt 0.0926 0.5587
vt 0.1852 0.5587
vt 0.2778 0.5587
vt 0.3704 0.5587
vt 0.4630 0.5587
vt 0.0000 0.8383
vt 0.0695 0.8383
vt 0.1389 0.8383
vt 0.2084 0.8383
vt 0.2778 0.8383
vt 0.3473 0.8383
vt 0.0000 1.1214
vt 0.0463 1.1214
vt 0.0926 1.1214
vt 0.1389 1.1214
vt 0.1852 1.1214
vt 0.2315 1.1214
vt 0.0000 1.4021
vt 0.0232 1.4021
vt 0.0463 1.4021
vt 0.0695 1.4021
vt 0.0926 1.4021
vt 0.1158 1.4021
vt 0.0000 1.6821
vt 0.0080 1.6821
vt 0.0160 1.6821
vt 0.0240 1.6821
vt 0.0320 1.6821
vt 0.0400 1.6821
vt 0.0000 0.0000
vt 0.0250 0.0000
vt 0.0500 0.0000
vt 0.0750 0.0000
vt 0.0999 0.0000
vt 0.1249 0.0000
vt 0.0000 0.0521
vt 0.0208 0.0521
vt 0.0416 0.0521
vt 0.0625 0.0521
vt 0.0833 0.0521
vt 0.1041 0.0521
vt 0.0000 0.1035
vt 0.0167 0.1035
vt 0.0333 0.1035
vt 0.0500 0.1035
vt 0.0666 0.1035
vt 0.0833 0.1035
vt 0.0000 0.1535
vt 0.0125 0.1535
vt 0.0250 0.1535
vt 0.0375 0.1535
vt 0.0500 0.1535
vt 0.0625 0.1535
vt 0.0000 0.2038
vt 0.0083 0.2038
vt 0.0167 0.2038
vt 0.0250 0.2038
vt 0.0333 0.2038
vt 0.0416 0.2038
vt 0.0000 0.2540
vt 0.0080 0.2540
vt 0.0160 0.2540
vt 0.0240 0.2540
vt 0.0320 0.2540
vt 0.0400 0.2540
vt 0.0000 0.3044
vt 0.0080 0.3044
vt 0.0160 0.3044
vt 0.0240 0.3044
vt 0.0320 0.3044
vt 0.0400 0.3044
vt 0.0000 0.0000
vt 0.2202 0.0000
vt 0.4404 0.0000
vt 0.6607 0.0000
vt 0.8809 0.0000
vt 1.1011 0.0000
vt 0.0000 0.4508
vt 0.1835 0.4508
vt 0.3670 0.4508
vt 0.5506 0.4508
vt 0.7341 0.4508
vt 0.9176 0.4508
vt 0.0000 0.8956
vt 0.1468 0.8956
vt 0.2936 0.8956
vt 0.4404 0.8956
vt 0.5873 0.8956
vt 0.7341 0.8956
vt 0.0000 1.3412
vt 0.1101 1.3412
vt 0.2202 1.3412
vt 0.3303 1.3412
vt 0.4404 1.3412
vt 0.5506 1.3412
vt 0.0000 1.7821
vt 0.0734 1.7821
vt 0.1468 1.7821
vt 0.2202 1.7821
vt 0.2936 1.7821
vt 0.3670 1.7821
vt 0.0000 2.2273
vt 0.0367 2.2273
vt 0.0734 2.2273
vt 0.1101 2.2273
vt 0.1468 2.2273
vt 0.1835 2.2273
vt 0.0000 2.6711
vt 0.0080 2.6711
vt 0.0160 2.6711
vt 0.0240 2.6711
vt 0.0320 2.6711
vt 0.0400 2.6711
vt 0.0000 0.0000
vt 0.3851 0.0000
vt 0.7701 0.0000
vt 1.1552 0.0000
vt 1.5403 0.0000
vt 1.9254 0.0000
vt 0.0000 0.7687
vt 0.3209 0.7687
vt 0.6418 0.7687
vt 0.9627 0.7687
vt 1.2836 0.7687
vt 1.6045 0.7687
vt 0.0000 1.5517
vt 0.2567 1.5517
vt 0.5134 1.5517
vt 0.7701 1.5517
vt 1.0269 1.5517
vt 1.2836 1.5517
vt 0.0000 2.3229
vt 0.1925 2.3229
vt 0.3851 2.3229
vt 0.5776 2.3229
vt 0.7701 2.3229
vt 0.9627 2.3229
vt 0.0000 3.1029
vt 0.1284 3.1029
vt 0.2567 3.1029
vt 0.3851 3.1029
vt 0.5134 3.1029
vt 0.6418 3.1029
vt 0.0000 3.8819
vt 0.0642 3.8819
vt 0.1284 3.8819
vt 0.1925 3.8819
vt 0.2567 3.8819
vt 0.3209 3.8819
vt 0.0000 4.6580
vt 0.0080 4.6580
vt 0.0160 4.6580
vt 0.0240 4.6580
vt 0.0320 4.6580
vt 0.0400 4.6580
vt 0.0000 0.0000
vt 0.2874 0.0000
vt 0.5748 0.0000
vt 0.8622 0.0000
vt 1.1496 0.0000
vt 1.4370 0.0000
vt 0.0000 0.5787
vt 0.2395 0.5787
vt 0.4790 0.5787
vt 0.7185 0.5787
vt 0.9580 0.5787
vt 1.1975 0.5787
vt 0.0000 1.1545
vt 0.1916 1.1545
vt 0.3832 1.1545
vt 0.5748 1.1545
vt 0.7664 1.1545
vt 0.9580 1.1545
vt 0.0000 1.7333
vt 0.1437 1.7333
vt 0.2874 1.7333
vt 0.4311 1.7333
vt 0.5748 1.7333
vt 0.7185 1.7333
vt 0.0000 2.3117
vt 0.0958 2.3117
vt 0.1916 2.3117
vt 0.2874 2.3117
vt 0.3832 2.3117
vt 0.4790 2.3117
vt 0.0000 2.8904
vt 0.0479 2.8904
vt 0.0958 2.8904
vt 0.1437 2.8904
vt 0.1916 2.8904
vt 0.2395 2.8904
vt 0.0000 3.4696
vt 0.0080 3.4696
vt 0.0160 3.4696
vt 0.0240 3.4696
vt 0.0320 3.4696
vt 0.0400 3.4696
vt 0.0000 0.0000
vt 0.1488 0.0000
vt 0.2976 0.0000
vt 0.4463 0.0000
vt 0.5951 0.0000
vt 0.7439 0.0000
vt 0.0000 0.3034
vt 0.1240 0.3034
vt 0.2480 0.3034
vt 0.3719 0.3034
vt 0.4959 0.3034
vt 0.6199 0.3034
vt 0.0000 0.5999
vt 0.0992 0.5999
vt 0.1984 0.5999
vt 0.2976 0.5999
vt 0.3967 0.5999
vt 0.4959 0.5999
vt 0.0000 0.8972
vt 0.0744 0.8972
vt 0.1488 0.8972
vt 0.2232 0.8972
vt 0.2976 0.8972
vt 0.3719 0.8972
vt 0.0000 1.1984
vt 0.0496 1.1984
vt 0.0992 1.1984
vt 0.1488 1.1984
vt 0.1984 1.1984
vt 0.2480 1.1984
vt 0.0000 1.4991
vt 0.0248 1.4991
vt 0.0496 1.4991
vt 0.0744 1.4991
vt 0.0992 1.4991
vt 0.1240 1.4991
vt 0.0000 1.7989
vt 0.0080 1.7989
vt 0.0160 1.7989
vt 0.0240 1.7989
vt 0.0320 1.7989
vt 0.0400 1.7989
vt 0.0000 0.0000
vt 0.3008 0.0000
vt 0.6016 0.0000
vt 0.9025 0.0000
vt 1.2033 0.0000
vt 1.5041 0.0000
vt 0.0000 0.5982
vt 0.2507 0.5982
vt 0.5014 0.5982
vt 0.7520 0.5982
vt 1.0027 0.5982
vt 1.2534 0.5982
vt 0.0000 1.1968
vt 0.2005 1.1968
vt 0.4011 1.1968
vt 0.6016 1.1968
vt 0.8022 1.1968
vt 1.0027 1.1968
vt 0.0000 1.8009
vt 0.1504 1.8009
vt 0.3008 1.8009
vt 0.4512 1.8009
vt 0.6016 1.8009
vt 0.7520 1.8009
vt 0.0000 2.4031
vt 0.1003 2.4031
vt 0.2005 2.4031
vt 0.3008 2.4031
vt 0.4011 2.4031
vt 0.5014 2.4031
vt 0.0000 3.0102
vt 0.0501 3.0102
vt 0.1003 3.0102
vt 0.1504 3.0102
vt 0.2005 3.0102
vt 0.2507 3.0102
vt 0.0000 3.6164
vt 0.0080 3.6164
vt 0.0160 3.6164
vt 0.0240 3.6164
vt 0.0320 3.6164
vt 0.0400 3.6164
vt 0.0000 0.0000
vt 0.2085 0.0000
vt 0.4171 0.0000
vt 0.6256 0.0000
vt 0.8341 0.0000
vt 1.0427 0.0000
vt 0.0000 0.4223
vt 0.1738 0.4223
vt 0.3476 0.4223
vt 0.5213 0.4223
vt 0.6951 0.4223
vt 0.8689 0.4223
vt 0.0000 0.8477
vt 0.1390 0.8477
vt 0.2780 0.8477
vt 0.4171 0.8477
vt 0.5561 0.8477
vt 0.6951 0.8477
vt 0.0000 1.2722
vt 0.1043 1.2722
vt 0.2085 1.2722
vt 0.3128 1.2722
vt 0.4171 1.2722
vt 0.5213 1.2722
vt 0.0000 1.6905
vt 0.0695 1.6905
vt 0.1390 1.6905
vt 0.2085 1.6905
vt 0.2780 1.6905
vt 0.3476 1.6905
vt 0.0000 2.1098
vt 0.0348 2.1098
vt 0.0695 2.1098
vt 0.1043 2.1098
vt 0.1390 2.1098
vt 0.1738 2.1098
vt 0.0000 2.5301
vt 0.0080 2.5301
vt 0.0160 2.5301
vt 0.0240 2.5301
vt 0.0320 2.5301
vt 0.0400 2.5301
vt 0.0000 0.0000
vt 0.0829 0.0000
vt 0.1658 0.0000
vt 0.2487 0.0000
vt 0.3317 0.0000
vt 0.4146 0.0000
vt 0.0000 0.1655
vt 0.0691 0.1655
vt 0.1382 0.1655
vt 0.2073 0.1655
vt 0.2764 0.1655
vt 0.3455 0.1655
vt 0.0000 0.3350
vt 0.0553 0.3350
vt 0.1105 0.3350
vt 0.1658 0.3350
vt 0.2211 0.3350
vt 0.2764 0.3350
vt 0.0000 0.5029
vt 0.0415 0.5029
vt 0.0829 0.5029
vt 0.1244 0.5029
vt 0.1658 0.5029
vt 0.2073 0.5029
vt 0.0000 0.6704
vt 0.0276 0.6704
vt 0.0553 0.6704
vt 0.0829 0.6704
vt 0.1106 0.6704
vt 0.1382 0.6704
vt 0.0000 0.8390
vt 0.0138 0.8390
vt 0.0276 0.8390
vt 0.0415 0.8390
vt 0.0553 0.8390
vt 0.0691 0.8390
vt 0.0000 1.0061
vt 0.0080 1.0061
vt 0.0160 1.0061
vt 0.0240 1.0061
vt 0.0320 1.0061
vt 0.0400 1.0061
vt 0.0000 0.0000
vt 0.0646 0.0000
vt 0.1292 0.0000
vt 0.1939 0.0000
vt 0.2585 0.0000
vt 0.3231 0.0000
vt 0.0000 0.1325
vt 0.0538 0.1325
vt 0.1077 0.1325
vt 0.1615 0.1325
vt 0.2154 0.1325
vt 0.2692 0.1325
vt 0.0000 0.2617
vt 0.0431 0.2617
vt 0.0862 0.2617
vt 0.1292 0.2617
vt 0.1723 0.2617
vt 0.2154 0.2617
vt 0.0000 0.3909
vt 0.0323 0.3909
vt 0.0646 0.3909
vt 0.0969 0.3909
vt 0.1292 0.3909
vt 0.1615 0.3909
vt 0.0000 0.5195
vt 0.0215 0.5195
vt 0.0431 0.5195
vt 0.0646 0.5195
vt 0.0862 0.5195
vt 0.1077 0.5195
vt 0.0000 0.6500
vt 0.0108 0.6500
vt 0.0215 0.6500
vt 0.0323 0.6500
vt 0.0431 0.6500
vt 0.0538 0.6500
vt 0.0000 0.7802
vt 0.0080 0.7802
vt 0.0160 0.7802
vt 0.0240 0.7802
vt 0.0320 0.7802
vt 0.0400 0.7802
vt 0.0000 0.0000
vt 0.1203 0.0000
vt 0.2407 0.0000
vt 0.3610 0.0000
vt 0.0000 0.6565
vt 0.0802 0.6565
vt 0.1605 0.6565
vt 0.2407 0.6565
vt 0.0000 1.3182
vt 0.0401 1.3182
vt 0.0802 1.3182
vt 0.1203 1.3182
vt 0.0000 1.9763
vt 0.0133 1.9763
vt 0.0267 1.9763
vt 0.0400 1.9763
vt 0.0000 3.8934
vt 0.1311 3.8934
vt 0.2622 3.8934
vt 0.3934 3.8934
vt 0.0000 4.6130
vt 0.0874 4.6130
vt 0.1748 4.6130
vt 0.2622 4.6130
vt 0.0000 5.3259
vt 0.0437 5.3259
vt 0.0874 5.3259
vt 0.1311 5.3259
vt 0.0000 6.0429
vt 0.0133 6.0429
vt 0.0267 6.0429
vt 0.0400 6.0429
vt 0.0000 8.2772
vt 0.1607 8.2772
vt 0.3215 8.2772
vt 0.4822 8.2772
vt 0.0000 9.1542
vt 0.1072 9.1542
vt 0.2143 9.1542
vt 0.3215 9.1542
vt 0.0000 10.0344
vt 0.0536 10.0344
vt 0.1072 10.0344
vt 0.1607 10.0344
vt 0.0000 10.9135
vt 0.0133 10.9135
vt 0.0267 10.9135
vt 0.0400 10.9135
vt 0.0000 13.4939
vt 0.0447 13.4939
vt 0.0895 13.4939
vt 0.1342 13.4939
vt 0.0000 13.7420
vt 0.0298 13.7420
vt 0.0597 13.7420
vt 0.0895 13.7420
vt 0.0000 13.9852
vt 0.0149 13.9852
vt 0.0298 13.9852
vt 0.0447 13.9852
vt 0.0000 14.2298
vt 0.0133 14.2298
vt 0.0267 14.2298
vt 0.0400 14.2298
vt 0.0000 14.8075
vt 0.0133 14.8075
vt 0.0267 14.8075
vt 0.0400 14.8075
vt 0.0000 14.8392
vt 0.0133 14.8392
vt 0.0267 14.8392
vt 0.0400 14.8392
vt 0.0000 14.8714
vt 0.0133 14.8714
vt 0.0267 14.8714
vt 0.0400 14.8714
vt 0.0000 14.9034
vt 0.0133 14.9034
vt 0.0267 14.9034
vt 0.0400 14.9034
vt 0.0000 0.0000
vt 0.0795 0.0000
vt 0.1590 0.0000
vt 0.2384 0.0000
vt 0.0000 0.4340
vt 0.0530 0.4340
vt 0.1060 0.4340
vt 0.1590 0.4340
vt 0.0000 0.8682
vt 0.0265 0.8682
vt 0.0530 0.8682
vt 0.0795 0.8682
vt 0.0000 1.3027
vt 0.0133 1.3027
vt 0.0267 1.3027
vt 0.0400 1.3027
vt 0.0000 0.0000
vt 0.0925 0.0000
vt 0.1851 0.0000
vt 0.2776 0.0000
vt 0.0000 0.6370
vt 0.0617 0.6370
vt 0.1234 0.6370
vt 0.1851 0.6370
vt 0.0000 1.2729
vt 0.0308 1.2729
vt 0.0617 1.2729
vt 0.0925 1.2729
vt 0.0000 1.9076
vt 0.0133 1.9076
vt 0.0267 1.9076
vt 0.0400 1.9076
vt 0.0000 3.6651
vt 0.0583 3.6651
vt 0.1166 3.6651
vt 0.1749 3.6651
vt 0.0000 4.0696
vt 0.0389 4.0696
vt 0.0777 4.0696
vt 0.1166 4.0696
vt 0.0000 4.4696
vt 0.0194 4.4696
vt 0.0389 4.4696
vt 0.0583 4.4696
vt 0.0000 4.8694
vt 0.0133 4.8694
vt 0.0267 4.8694
vt 0.0400 4.8694
vt 0.0000 5.9163
vt 0.0741 5.9163
vt 0.1481 5.9163
vt 0.2222 5.9163
vt 0.0000 6.4260
vt 0.0494 6.4260
vt 0.0988 6.4260
vt 0.1481 6.4260
vt 0.0000 6.9319
vt 0.0247 6.9319
vt 0.0494 6.9319
vt 0.0741 6.9319
vt 0.0000 7.4398
vt 0.0133 7.4398
vt 0.0267 7.4398
vt 0.0400 7.4398
vt 0.0000 8.7525
vt 0.0276 8.7525
vt 0.0553 8.7525
vt 0.0829 8.7525
vt 0.0000 8.9405
vt 0.0184 8.9405
vt 0.0369 8.9405
vt 0.0553 8.9405
vt 0.0000 9.1298
vt 0.0133 9.1298
vt 0.0267 9.1298
vt 0.0400 9.1298
vt 0.0000 9.3194
vt 0.0133 9.3194
vt 0.0267 9.3194
vt 0.0400 9.3194
vt 0.0000 10.0041
vt 0.0133 10.0041
vt 0.0267 10.0041
vt 0.0400 10.0041
vt 0.0000 10.0241
vt 0.0133 10.0241
vt 0.0267 10.0241
vt 0.0400 10.0241
vt 0.0000 10.0441
vt 0.0133 10.0441
vt 0.0267 10.0441
vt 0.0400 10.0441
vt 0.0000 10.0641
vt 0.0133 10.0641
vt 0.0267 10.0641
vt 0.0400 10.0641
vt 0.0000 0.0000
vt 0.0189 0.0000
vt 0.0378 0.0000
vt 0.0567 0.0000
vt 0.0000 0.1304
vt 0.0133 0.1304
vt 0.0267 0.1304
vt 0.0400 0.1304
vt 0.0000 0.2600
vt 0.0133 0.2600
vt 0.0267 0.2600
vt 0.0400 0.2600
vt 0.0000 0.3896
vt 0.0133 0.3896
vt 0.0267 0.3896
vt 0.0400 0.3896
vt 0.0000 0.0000
vt 0.1591 0.0000
vt 0.3182 0.0000
vt 0.4773 0.0000
vt 0.0000 0.7799
vt 0.1061 0.7799
vt 0.2121 0.7799
vt 0.3182 0.7799
vt 0.0000 1.5618
vt 0.0530 1.5618
vt 0.1061 1.5618
vt 0.1591 1.5618
vt 0.0000 2.3423
vt 0.0133 2.3423
vt 0.0267 2.3423
vt 0.0400 2.3423
vt 0.0000 4.8284
vt 0.1753 4.8284
vt 0.3505 4.8284
vt 0.5258 4.8284
vt 0.0000 5.6879
vt 0.1168 5.6879
vt 0.2337 5.6879
vt 0.3505 5.6879
vt 0.0000 6.5469
vt 0.0584 6.5469
vt 0.1168 6.5469
vt 0.1752 6.5469
vt 0.0000 7.4064
vt 0.0133 7.4064
vt 0.0267 7.4064
vt 0.0400 7.4064
vt 0.0000 9.9189
vt 0.1506 9.9189
vt 0.3011 9.9189
vt 0.4517 9.9189
vt 0.0000 10.6516
vt 0.1004 10.6516
vt 0.2008 10.6516
vt 0.3011 10.6516
vt 0.0000 11.3878
vt 0.0502 11.3878
vt 0.1004 11.3878
vt 0.1506 11.3878
vt 0.0000 12.1261
vt 0.0133 12.1261
vt 0.0267 12.1261
vt 0.0400 12.1261
vt 0.0000 14.2802
vt 0.1603 14.2802
vt 0.3206 14.2802
vt 0.4809 14.2802
vt 0.0000 15.0669
vt 0.1069 15.0669
vt 0.2137 15.0669
vt 0.3206 15.0669
vt 0.0000 15.8473
vt 0.0534 15.8473
vt 0.1069 15.8473
vt 0.1603 15.8473
vt 0.0000 16.6334
vt 0.0133 16.6334
vt 0.0267 16.6334
vt 0.0400 16.6334
vt 0.0000 18.5812
vt 0.1228 18.5812
vt 0.2456 18.5812
vt 0.3684 18.5812
vt 0.0000 19.1786
vt 0.0819 19.1786
vt 0.1637 19.1786
vt 0.2456 19.1786
vt 0.0000 19.7783
vt 0.0409 19.7783
vt 0.0819 19.7783
vt 0.1228 19.7783
vt 0.0000 20.3807
vt 0.0133 20.3807
vt 0.0267 20.3807
vt 0.0400 20.3807
vt 0.0000 22.2913
vt 0.1479 22.2913
vt 0.2958 22.2913
vt 0.4438 22.2913
vt 0.0000 23.0214
vt 0.0986 23.0214
vt 0.1972 23.0214
vt 0.2958 23.0214
vt 0.0000 23.7474
vt 0.0493 23.7474
vt 0.0986 23.7474
vt 0.1479 23.7474
vt 0.0000 24.4729
vt 0.0133 24.4729
vt 0.0267 24.4729
vt 0.0400 24.4729
vt 0.0000 0.0000
vt 0.0836 0.0000
vt 0.1672 0.0000
vt 0.2507 0.0000
vt 0.0000 0.5904
vt 0.0557 0.5904
vt 0.1114 0.5904
vt 0.1672 0.5904
vt 0.0000 1.1845
vt 0.0279 1.1845
vt 0.0557 1.1845
vt 0.0836 1.1845
vt 0.0000 1.7777
vt 0.0133 1.7777
vt 0.0267 1.7777
vt 0.0400 1.7777
vt 0.0000 3.3339
vt 0.0307 3.3339
vt 0.0613 3.3339
vt 0.0920 3.3339
vt 0.0000 3.5516
vt 0.0204 3.5516
vt 0.0409 3.5516
vt 0.0613 3.5516
vt 0.0000 3.7692
vt 0.0133 3.7692
vt 0.0267 3.7692
vt 0.0400 3.7692
vt 0.0000 3.9868
vt 0.0133 3.9868
vt 0.0267 3.9868
vt 0.0400 3.9868
vt 0.0000 0.0000
vt 0.1173 0.0000
vt 0.2345 0.0000
vt 0.3518 0.0000
vt 0.0000 0.8305
vt 0.0782 0.8305
vt 0.1564 0.8305
vt 0.2345 0.8305
vt 0.0000 1.6618
vt 0.0391 1.6618
vt 0.0782 1.6618
vt 0.1173 1.6618
vt 0.0000 2.4940
vt 0.0133 2.4940
vt 0.0267 2.4940
vt 0.0400 2.4940
vt 0.0000 4.9392
vt 0.1142 4.9392
vt 0.2284 4.9392
vt 0.3426 4.9392
vt 0.0000 5.7505
vt 0.0761 5.7505
vt 0.1523 5.7505
vt 0.2284 5.7505
vt 0.0000 6.5616
vt 0.0381 6.5616
vt 0.0761 6.5616
vt 0.1142 6.5616
vt 0.0000 7.3721
vt 0.0133 7.3721
vt 0.0267 7.3721
vt 0.0400 7.3721
vt 0.0000 9.8640
vt 0.1245 9.8640
vt 0.2489 9.8640
vt 0.3734 9.8640
vt 0.0000 10.7542
vt 0.0830 10.7542
vt 0.1659 10.7542
vt 0.2489 10.7542
vt 0.0000 11.6357
vt 0.0415 11.6357
vt 0.0830 11.6357
vt 0.1245 11.6357
vt 0.0000 12.5189
vt 0.0133 12.5189
vt 0.0267 12.5189
vt 0.0400 12.5189
vt 0.0000 14.9784
vt 0.0133 14.9784
vt 0.0267 14.9784
vt 0.0400 14.9784
vt 0.0000 15.0702
vt 0.0133 15.0702
vt 0.0267 15.0702
vt 0.0400 15.0702
vt 0.0000 15.1614
vt 0.0133 15.1614
vt 0.0267 15.1614
vt 0.0400 15.1614
vt 0.0000 15.2529
vt 0.0133 15.2529
vt 0.0267 15.2529
vt 0.0400 15.2529
vt 0.0000 0.0000
vt 0.0568 0.0000
vt 0.1135 0.0000
vt 0.1703 0.0000
vt 0.0000 0.8699
vt 0.0378 0.8699
vt 0.0757 0.8699
vt 0.1135 0.8699
vt 0.0000 1.7431
vt 0.0189 1.7431
vt 0.0378 1.7431
vt 0.0567 1.7431
vt 0.0000 2.6166
vt 0.0133 2.6166
vt 0.0267 2.6166
vt 0.0400 2.6166
vt 0.0000 4.8808
vt 0.0411 4.8808
vt 0.0821 4.8808
vt 0.1232 4.8808
vt 0.0000 5.5111
vt 0.0274 5.5111
vt 0.0547 5.5111
vt 0.0821 5.5111
vt 0.0000 6.1434
vt 0.0137 6.1434
vt 0.0274 6.1434
vt 0.0411 6.1434
vt 0.0000 6.7753
vt 0.0133 6.7753
vt 0.0267 6.7753
vt 0.0400 6.7753
vt 0.0000 8.6113
vt 0.0310 8.6113
vt 0.0619 8.6113
vt 0.0929 8.6113
vt 0.0000 9.0853
vt 0.0206 9.0853
vt 0.0413 9.0853
vt 0.0619 9.0853
vt 0.0000 9.5624
vt 0.0133 9.5624
vt 0.0267 9.5624
vt 0.0400 9.5624
vt 0.0000 10.0388
vt 0.0133 10.0388
vt 0.0267 10.0388
vt 0.0400 10.0388
vt 0.0000 11.0241
vt 0.0134 11.0241
vt 0.0269 11.0241
vt 0.0403 11.0241
vt 0.0000 11.2300
vt 0.0133 11.2300
vt 0.0267 11.2300
vt 0.0400 11.2300
vt 0.0000 11.4367
vt 0.0133 11.4367
vt 0.0267 11.4367
vt 0.0400 11.4367
vt 0.0000 11.6437
vt 0.0133 11.6437
vt 0.0267 11.6437
vt 0.0400 11.6437
vt 0.0000 12.3139
vt 0.0379 12.3139
vt 0.0759 12.3139
vt 0.1138 12.3139
vt 0.0000 12.8985
vt 0.0253 12.8985
vt 0.0506 12.8985
vt 0.0759 12.8985
vt 0.0000 13.4833
vt 0.0133 13.4833
vt 0.0267 13.4833
vt 0.0400 13.4833
vt 0.0000 14.0672
vt 0.0133 14.0672
vt 0.0267 14.0672
vt 0.0400 14.0672
vt 0.0000 15.8583
vt 0.0557 15.8583
vt 0.1113 15.8583
vt 0.1670 15.8583
vt 0.0000 16.7148
vt 0.0371 16.7148
vt 0.0742 16.7148
vt 0.1113 16.7148
vt 0.0000 17.5736
vt 0.0186 17.5736
vt 0.0371 17.5736
vt 0.0557 17.5736
vt 0.0000 18.4301
vt 0.0133 18.4301
vt 0.0267 18.4301
vt 0.0400 18.4301
vt 0.0000 0.0000
vt 0.0566 0.0000
vt 0.1131 0.0000
vt 0.1697 0.0000
vt 0.0000 0.2521
vt 0.0377 0.2521
vt 0.0754 0.2521
vt 0.1131 0.2521
vt 0.0000 0.5069
vt 0.0189 0.5069
vt 0.0377 0.5069
vt 0.0566 0.5069
vt 0.0000 0.7605
vt 0.0133 0.7605
vt 0.0267 0.7605
vt 0.0400 0.7605
vt 0.0000 0.0000
vt 0.1762 0.0000
vt 0.3524 0.0000
vt 0.5286 0.0000
vt 0.0000 0.7922
vt 0.1175 0.7922
vt 0.2349 0.7922
vt 0.3524 0.7922
vt 0.0000 1.5783
vt 0.0587 1.5783
vt 0.1175 1.5783
vt 0.1762 1.5783
vt 0.0000 2.3687
vt 0.0133 2.3687
vt 0.0267 2.3687
vt 0.0400 2.3687
vt 0.0000 4.7169
vt 0.0835 4.7169
vt 0.1670 4.7169
vt 0.2505 4.7169
vt 0.0000 5.0933
vt 0.0557 5.0933
vt 0.1113 5.0933
vt 0.1670 5.0933
vt 0.0000 5.4686
vt 0.0278 5.4686
vt 0.0557 5.4686
vt 0.0835 5.4686
vt 0.0000 5.8432
vt 0.0133 5.8432
vt 0.0267 5.8432
vt 0.0400 5.8432
vt 0.0000 6.6792
vt 0.0513 6.6792
vt 0.1027 6.6792
vt 0.1540 6.6792
vt 0.0000 6.9123
vt 0.0342 6.9123
vt 0.0685 6.9123
vt 0.1027 6.9123
vt 0.0000 7.1419
vt 0.0171 7.1419
vt 0.0342 7.1419
vt 0.0513 7.1419
vt 0.0000 7.3722
vt 0.0133 7.3722
vt 0.0267 7.3722
vt 0.0400 7.3722
vt 0.0000 0.0000
vt 0.1427 0.0000
vt 0.2854 0.0000
vt 0.4280 0.0000
vt 0.0000 0.6374
vt 0.0951 0.6374
vt 0.1902 0.6374
vt 0.2854 0.6374
vt 0.0000 1.2752
vt 0.0476 1.2752
vt 0.0951 1.2752
vt 0.1427 1.2752
vt 0.0000 1.9152
vt 0.0133 1.9152
vt 0.0267 1.9152
vt 0.0400 1.9152
vt 0.0000 3.5764
vt 0.0304 3.5764
vt 0.0608 3.5764
vt 0.0912 3.5764
vt 0.0000 3.7150
vt 0.0203 3.7150
vt 0.0405 3.7150
vt 0.0608 3.7150
vt 0.0000 3.8526
vt 0.0133 3.8526
vt 0.0267 3.8526
vt 0.0400 3.8526
vt 0.0000 3.9891
vt 0.0133 3.9891
vt 0.0267 3.9891
vt 0.0400 3.9891
vt 0.0000 0.0000
vt 0.0410 0.0000
vt 0.0821 0.0000
vt 0.1231 0.0000
vt 0.0000 0.1951
vt 0.0274 0.1951
vt 0.0547 0.1951
vt 0.0821 0.1951
vt 0.0000 0.3903
vt 0.0137 0.3903
vt 0.0274 0.3903
vt 0.0411 0.3903
vt 0.0000 0.5848
vt 0.0133 0.5848
vt 0.0267 0.5848
vt 0.0400 0.5848
vt 0.0000 1.0767
vt 0.0172 1.0767
vt 0.0345 1.0767
vt 0.0517 1.0767
vt 0.0000 1.1573
vt 0.0133 1.1573
vt 0.0267 1.1573
vt 0.0400 1.1573
vt 0.0000 1.2386
vt 0.0133 1.2386
vt 0.0267 1.2386
vt 0.0400 1.2386
vt 0.0000 1.3204
vt 0.0133 1.3204
vt 0.0267 1.3204
vt 0.0400 1.3204
vt 0.0000 1.4516
vt 0.0227 1.4516
vt 0.0454 1.4516
vt 0.0681 1.4516
vt 0.0000 1.5575
vt 0.0151 1.5575
vt 0.0303 1.5575
vt 0.0454 1.5575
vt 0.0000 1.6650
vt 0.0133 1.6650
vt 0.0267 1.6650
vt 0.0400 1.6650
vt 0.0000 1.7727
vt 0.0133 1.7727
vt 0.0267 1.7727
vt 0.0400 1.7727
vt 0.0000 2.1913
vt 0.0429 2.1913
vt 0.0858 2.1913
vt 0.1287 2.1913
vt 0.0000 2.3967
vt 0.0286 2.3967
vt 0.0572 2.3967
vt 0.0858 2.3967
vt 0.0000 2.5985
vt 0.0143 2.5985
vt 0.0286 2.5985
vt 0.0429 2.5985
vt 0.0000 2.8021
vt 0.0133 2.8021
vt 0.0267 2.8021
vt 0.0400 2.8021
vt 0.0000 3.4019
vt 0.0503 3.4019
vt 0.1006 3.4019
vt 0.1509 3.4019
vt 0.0000 3.6397
vt 0.0335 3.6397
vt 0.0671 3.6397
vt 0.1006 3.6397
vt 0.0000 3.8778
vt 0.0168 3.8778
vt 0.0335 3.8778
vt 0.0503 3.8778
vt 0.0000 4.1164
vt 0.0133 4.1164
vt 0.0267 4.1164
vt 0.0400 4.1164
vt 0.0000 0.0000
vt 0.0856 0.0000
vt 0.1713 0.0000
vt 0.2569 0.0000
vt 0.0000 0.4068
vt 0.0571 0.4068
vt 0.1142 0.4068
vt 0.1713 0.4068
vt 0.0000 0.8151
vt 0.0285 0.8151
vt 0.0571 0.8151
vt 0.0856 0.8151
vt 0.0000 1.2211
vt 0.0133 1.2211
vt 0.0267 1.2211
vt 0.0400 1.2211
vt 0.0000 0.0000
vt 0.0174 0.0000
vt 0.0349 0.0000
vt 0.0523 0.0000
vt 0.0000 0.2550
vt 0.0133 0.2550
vt 0.0267 0.2550
vt 0.0400 0.2550
vt 0.0000 0.5108
vt 0.0133 0.5108
vt 0.0267 0.5108
vt 0.0400 0.5108
vt 0.0000 0.7671
vt 0.0133 0.7671
vt 0.0267 0.7671
vt 0.0400 0.7671
vt 0.0000 1.1158
vt 0.0274 1.1158
vt 0.0547 1.1158
vt 0.0821 1.1158
vt 0.0000 1.5177
vt 0.0182 1.5177
vt 0.0365 1.5177
vt 0.0547 1.5177
vt 0.0000 1.9193
vt 0.0133 1.9193
vt 0.0267 1.9193
vt 0.0400 1.9193
vt 0.0000 2.3210
vt 0.0133 2.3210
vt 0.0267 2.3210
vt 0.0400 2.3210
vt 0.0000 3.5074
vt 0.0263 3.5074
vt 0.0526 3.5074
vt 0.0788 3.5074
vt 0.0000 3.8938
vt 0.0175 3.8938
vt 0.0350 3.8938
vt 0.0526 3.8938
vt 0.0000 4.2799
vt 0.0133 4.2799
vt 0.0267 4.2799
vt 0.0400 4.2799
vt 0.0000 4.6659
vt 0.0133 4.6659
vt 0.0267 4.6659
vt 0.0400 4.6659
vt 0.0000 5.9880
vt 0.0444 5.9880
vt 0.0887 5.9880
vt 0.1331 5.9880
vt 0.0000 6.6393
vt 0.0296 6.6393
vt 0.0591 6.6393
vt 0.0887 6.6393
vt 0.0000 7.2910
vt 0.0148 7.2910
vt 0.0296 7.2910
vt 0.0444 7.2910
vt 0.0000 7.9424
vt 0.0133 7.9424
vt 0.0267 7.9424
vt 0.0400 7.9424
vt 0.0000 9.6823
vt 0.0133 9.6823
vt 0.0267 9.6823
vt 0.0400 9.6823
vt 0.0000 9.8141
vt 0.0133 9.8141
vt 0.0267 9.8141
vt 0.0400 9.8141
vt 0.0000 9.9462
vt 0.0133 9.9462
vt 0.0267 9.9462
vt 0.0400 9.9462
vt 0.0000 10.0786
vt 0.0133 10.0786
vt 0.0267 10.0786
vt 0.0400 10.0786
vt 0.0000 10.1849
vt 0.0133 10.1849
vt 0.0267 10.1849
vt 0.0400 10.1849
vt 0.0000 10.2285
vt 0.0133 10.2285
vt 0.0267 10.2285
vt 0.0400 10.2285
vt 0.0000 10.2722
vt 0.0133 10.2722
vt 0.0267 10.2722
vt 0.0400 10.2722
vt 0.0000 10.3160
vt 0.0133 10.3160
vt 0.0267 10.3160
vt 0.0400 10.3160
vt 0.0000 0.0000
vt 0.0133 0.0000
vt 0.0267 0.0000
vt 0.0400 0.0000
vt 0.0000 0.0711
vt 0.0133 0.0711
vt 0.0267 0.0711
vt 0.0400 0.0711
vt 0.0000 0.1422
vt 0.0133 0.1422
vt 0.0267 0.1422
vt 0.0400 0.1422
vt 0.0000 0.2134
vt 0.0133 0.2134
vt 0.0267 0.2134
vt 0.0400 0.2134
vt 0.0000 0.0000
vt 0.0339 0.0000
vt 0.0677 0.0000
vt 0.1016 0.0000
vt 0.0000 0.6360
vt 0.0226 0.6360
vt 0.0452 0.6360
vt 0.0677 0.6360
vt 0.0000 1.2712
vt 0.0133 1.2712
vt 0.0267 1.2712
vt 0.0400 1.2712
vt 0.0000 1.9059
vt 0.0133 1.9059
vt 0.0267 1.9059
vt 0.0400 1.9059
vt 0.0000 3.5537
vt 0.0133 3.5537
vt 0.0267 3.5537
vt 0.0400 3.5537
vt 0.0000 3.6003
vt 0.0133 3.6003
vt 0.0267 3.6003
vt 0.0400 3.6003
vt 0.0000 3.6470
vt 0.0133 3.6470
vt 0.0267 3.6470
vt 0.0400 3.6470
vt 0.0000 3.6937
vt 0.0133 3.6937
vt 0.0267 3.6937
vt 0.0400 3.6937
vt 0.0000 0.0000
vt 0.0190 0.0000
vt 0.0381 0.0000
vt 0.0571 0.0000
vt 0.0000 0.3560
vt 0.0133 0.3560
vt 0.0267 0.3560
vt 0.0400 0.3560
vt 0.0000 0.7133
vt 0.0133 0.7133
vt 0.0267 0.7133
vt 0.0400 0.7133
vt 0.0000 1.0700
vt 0.0133 1.0700
vt 0.0267 1.0700
vt 0.0400 1.0700
vt 0.0000 1.8476
vt 0.0133 1.8476
vt 0.0267 1.8476
vt 0.0400 1.8476
vt 0.0000 2.0945
vt 0.0133 2.0945
vt 0.0267 2.0945
vt 0.0400 2.0945
vt 0.0000 2.3404
vt 0.0133 2.3404
vt 0.0267 2.3404
vt 0.0400 2.3404
vt 0.0000 2.5863
vt 0.0133 2.5863
vt 0.0267 2.5863
vt 0.0400 2.5863
vt 0.0000 3.2227
vt 0.0202 3.2227
vt 0.0403 3.2227
vt 0.0605 3.2227
vt 0.0000 3.6023
vt 0.0134 3.6023
vt 0.0269 3.6023
vt 0.0403 3.6023
vt 0.0000 3.9802
vt 0.0133 3.9802
vt 0.0267 3.9802
vt 0.0400 3.9802
vt 0.0000 4.3582
vt 0.0133 4.3582
vt 0.0267 4.3582
vt 0.0400 4.3582
vt 0.0000 0.0000
vt 0.1339 0.0000
vt 0.2679 0.0000
vt 0.4018 0.0000
vt 0.0000 0.6887
vt 0.0893 0.6887
vt 0.1786 0.6887
vt 0.2679 0.6887
vt 0.0000 1.3794
vt 0.0446 1.3794
vt 0.0893 1.3794
vt 0.1339 1.3794
vt 0.0000 2.0705
vt 0.0133 2.0705
vt 0.0267 2.0705
vt 0.0400 2.0705
vt 0.0000 3.7653
vt 0.0296 3.7653
vt 0.0592 3.7653
vt 0.0889 3.7653
vt 0.0000 3.9171
vt 0.0197 3.9171
vt 0.0395 3.9171
vt 0.0592 3.9171
vt 0.0000 4.0690
vt 0.0133 4.0690
vt 0.0267 4.0690
vt 0.0400 4.0690
vt 0.0000 4.2219
vt 0.0133 4.2219
vt 0.0267 4.2219
vt 0.0400 4.2219
vt 0.0000 0.0000
vt 0.1058 0.0000
vt 0.2116 0.0000
vt 0.3175 0.0000
vt 0.0000 0.5453
vt 0.0705 0.5453
vt 0.1411 0.5453
vt 0.2116 0.5453
vt 0.0000 1.0927
vt 0.0353 1.0927
vt 0.0705 1.0927
vt 0.1058 1.0927
vt 0.0000 1.6387
vt 0.0133 1.6387
vt 0.0267 1.6387
vt 0.0400 1.6387
vt 0.0000 3.7597
vt 0.1603 3.7597
vt 0.3206 3.7597
vt 0.4809 3.7597
vt 0.0000 4.5925
vt 0.1069 4.5925
vt 0.2137 4.5925
vt 0.3206 4.5925
vt 0.0000 5.4166
vt 0.0534 5.4166
vt 0.1069 5.4166
vt 0.1603 5.4166
vt 0.0000 6.2438
vt 0.0133 6.2438
vt 0.0267 6.2438
vt 0.0400 6.2438
vt 0.0000 8.9000
vt 0.0133 8.9000
vt 0.0267 8.9000
vt 0.0400 8.9000
vt 0.0000 8.9575
vt 0.0133 8.9575
vt 0.0267 8.9575
vt 0.0400 8.9575
vt 0.0000 9.0157
vt 0.0133 9.0157
vt 0.0267 9.0157
vt 0.0400 9.0157
vt 0.0000 9.0738
vt 0.0133 9.0738
vt 0.0267 9.0738
vt 0.0400 9.0738
vt 0.0000 0.0000
vt 0.0724 0.0000
vt 0.1448 0.0000
vt 0.2172 0.0000
vt 0.0000 0.3737
vt 0.0483 0.3737
vt 0.0965 0.3737
vt 0.1448 0.3737
vt 0.0000 0.7475
vt 0.0241 0.7475
vt 0.0483 0.7475
vt 0.0724 0.7475
vt 0.0000 1.1212
vt 0.0133 1.1212
vt 0.0267 1.1212
vt 0.0400 1.1212
vt 0.0000 0.0000
vt 0.0133 0.0000
vt 0.0267 0.0000
vt 0.0400 0.0000
vt 0.0000 0.0200
vt 0.0133 0.0200
vt 0.0267 0.0200
vt 0.0400 0.0200
vt 0.0000 0.0400
vt 0.0133 0.0400
vt 0.0267 0.0400
vt 0.0400 0.0400
vt 0.0000 0.0600
vt 0.0133 0.0600
vt 0.0267 0.0600
vt 0.0400 0.0600
vt 0.0000 0.0000
vt 0.0133 0.0000
vt 0.0267 0.0000
vt 0.0400 0.0000
vt 0.0000 0.6105
vt 0.0133 0.6105
vt 0.0267 0.6105
vt 0.0400 0.6105
vt 0.0000 1.2211
vt 0.0133 1.2211
vt 0.0267 1.2211
vt 0.0400 1.2211
vt 0.0000 1.8317
vt 0.0133 1.8317
vt 0.0267 1.8317
vt 0.0400 1.8317
vt 0.0000 3.4032
vt 0.0133 3.4032
vt 0.0267 3.4032
vt 0.0400 3.4032
vt 0.0000 3.5022
vt 0.0133 3.5022
vt 0.0267 3.5022
vt 0.0400 3.5022
vt 0.0000 3.6013
vt 0.0133 3.6013
vt 0.0267 3.6013
vt 0.0400 3.6013
vt 0.0000 3.7004
vt 0.0133 3.7004
vt 0.0267 3.7004
vt 0.0400 3.7004
vt 0.0000 3.9643
vt 0.0133 3.9643
vt 0.0267 3.9643
vt 0.0400 3.9643
vt 0.0000 4.2834
vt 0.0133 4.2834
vt 0.0267 4.2834
vt 0.0400 4.2834
vt 0.0000 4.6024
vt 0.0133 4.6024
vt 0.0267 4.6024
vt 0.0400 4.6024
vt 0.0000 4.9214
vt 0.0133 4.9214
vt 0.0267 4.9214
vt 0.0400 4.9214
vt 0.0000 5.7623
vt 0.0133 5.7623
vt 0.0267 5.7623
vt 0.0400 5.7623
vt 0.0000 6.4734
vt 0.0133 6.4734
vt 0.0267 6.4734
vt 0.0400 6.4734
vt 0.0000 7.1845
vt 0.0133 7.1845
vt 0.0267 7.1845
vt 0.0400 7.1845
vt 0.0000 7.8956
vt 0.0133 7.8956
vt 0.0267 7.8956
vt 0.0400 7.8956
vt 0.0000 9.7396
vt 0.0133 9.7396
vt 0.0267 9.7396
vt 0.0400 9.7396
vt 0.0000 10.3132
vt 0.0133 10.3132
vt 0.0267 10.3132
vt 0.0400 10.3132
vt 0.0000 10.8867
vt 0.0133 10.8867
vt 0.0267 10.8867
vt 0.0400 10.8867
vt 0.0000 11.4602
vt 0.0133 11.4602
vt 0.0267 11.4602
vt 0.0400 11.4602
vt 0.0000 0.0000
vt 0.0857 0.0000
vt 0.1714 0.0000
vt 0.2571 0.0000
vt 0.0000 0.8734
vt 0.0571 0.8734
vt 0.1143 0.8734
vt 0.1714 0.8734
vt 0.0000 1.7513
vt 0.0286 1.7513
vt 0.0571 1.7513
vt 0.0857 1.7513
vt 0.0000 2.6290
vt 0.0133 2.6290
vt 0.0267 2.6290
vt 0.0400 2.6290
vt 0.0000 5.7075
vt 0.0133 5.7075
vt 0.0267 5.7075
vt 0.0400 5.7075
vt 0.0000 5.7275
vt 0.0133 5.7275
vt 0.0267 5.7275
vt 0.0400 5.7275
vt 0.0000 5.7475
vt 0.0133 5.7475
vt 0.0267 5.7475
vt 0.0400 5.7475
vt 0.0000 5.7675
vt 0.0133 5.7675
vt 0.0267 5.7675
vt 0.0400 5.7675
vt 0.0000 0.0000
vt 0.0349 0.0000
vt 0.0698 0.0000
vt 0.1047 0.0000
vt 0.0000 0.3575
vt 0.0233 0.3575
vt 0.0465 0.3575
vt 0.0698 0.3575
vt 0.0000 0.7144
vt 0.0133 0.7144
vt 0.0267 0.7144
vt 0.0400 0.7144
vt 0.0000 1.0720
vt 0.0133 1.0720
vt 0.0267 1.0720
vt 0.0400 1.0720
vt 0.0000 0.0000
vt 0.0827 0.0000
vt 0.1655 0.0000
vt 0.2482 0.0000
vt 0.0000 0.8453
vt 0.0552 0.8453
vt 0.1103 0.8453
vt 0.1655 0.8453
vt 0.0000 1.6919
vt 0.0276 1.6919
vt 0.0552 1.6919
vt 0.0827 1.6919
vt 0.0000 2.5391
vt 0.0133 2.5391
vt 0.0267 2.5391
vt 0.0400 2.5391
vt 0.0000 4.9721
vt 0.0824 4.9721
vt 0.1647 4.9721
vt 0.2471 4.9721
vt 0.0000 5.8160
vt 0.0549 5.8160
vt 0.1098 5.8160
vt 0.1647 5.8160
vt 0.0000 6.6582
vt 0.0275 6.6582
vt 0.0549 6.6582
vt 0.0824 6.6582
vt 0.0000 7.5016
vt 0.0133 7.5016
vt 0.0267 7.5016
vt 0.0400 7.5016
vt 0.0000 9.7329
vt 0.0356 9.7329
vt 0.0713 9.7329
vt 0.1069 9.7329
vt 0.0000 10.0982
vt 0.0238 10.0982
vt 0.0475 10.0982
vt 0.0713 10.0982
vt 0.0000 10.4636
vt 0.0133 10.4636
vt 0.0267 10.4636
vt 0.0400 10.4636
vt 0.0000 10.8283
vt 0.0133 10.8283
vt 0.0267 10.8283
vt 0.0400 10.8283
vt 0.0000 0.0000
vt 0.1206 0.0000
vt 0.2412 0.0000
vt 0.3618 0.0000
vt 0.0000 0.8737
vt 0.0804 0.8737
vt 0.1608 0.8737
vt 0.2412 0.8737
vt 0.0000 1.7460
vt 0.0402 1.7460
vt 0.0804 1.7460
vt 0.1206 1.7460
vt 0.0000 2.6204
vt 0.0133 2.6204
vt 0.0267 2.6204
vt 0.0400 2.6204
vt 0.0000 5.1202
vt 0.1120 5.1202
vt 0.2241 5.1202
vt 0.3361 5.1202
vt 0.0000 5.9363
vt 0.0747 5.9363
vt 0.1494 5.9363
vt 0.2241 5.9363
vt 0.0000 6.7500
vt 0.0374 6.7500
vt 0.0747 6.7500
vt 0.1121 6.7500
vt 0.0000 7.5625
vt 0.0133 7.5625
vt 0.0267 7.5625
vt 0.0400 7.5625
vt 0.0000 9.7263
vt 0.0841 9.7263
vt 0.1682 9.7263
vt 0.2522 9.7263
vt 0.0000 10.3377
vt 0.0561 10.3377
vt 0.1121 10.3377
vt 0.1682 10.3377
vt 0.0000 10.9491
vt 0.0280 10.9491
vt 0.0561 10.9491
vt 0.0841 10.9491
vt 0.0000 11.5589
vt 0.0133 11.5589
vt 0.0267 11.5589
vt 0.0400 11.5589
vt 0.0000 13.7047
vt 0.1178 13.7047
vt 0.2357 13.7047
vt 0.3535 13.7047
vt 0.0000 14.5628
vt 0.0786 14.5628
vt 0.1571 14.5628
vt 0.2357 14.5628
vt 0.0000 15.4191
vt 0.0393 15.4191
vt 0.0786 15.4191
vt 0.1178 15.4191
vt 0.0000 16.2736
vt 0.0133 16.2736
vt 0.0267 16.2736
vt 0.0400 16.2736
vt 0.0000 18.1615
vt 0.0633 18.1615
vt 0.1267 18.1615
vt 0.1900 18.1615
vt 0.0000 18.6240
vt 0.0422 18.6240
vt 0.0844 18.6240
vt 0.1267 18.6240
vt 0.0000 19.0842
vt 0.0211 19.0842
vt 0.0422 19.0842
vt 0.0633 19.0842
vt 0.0000 19.5436
vt 0.0133 19.5436
vt 0.0267 19.5436
vt 0.0400 19.5436
vt 0.0000 21.0124
vt 0.0806 21.0124
vt 0.1612 21.0124
vt 0.2419 21.0124
vt 0.0000 21.5971
vt 0.0537 21.5971
vt 0.1075 21.5971
vt 0.1612 21.5971
vt 0.0000 22.1796
vt 0.0269 22.1796
vt 0.0537 22.1796
vt 0.0806 22.1796
vt 0.0000 22.7642
vt 0.0133 22.7642
vt 0.0267 22.7642
vt 0.0400 22.7642
vt 0.0000 24.7449
vt 0.0945 24.7449
vt 0.1890 24.7449
vt 0.2835 24.7449
vt 0.0000 25.5660
vt 0.0630 25.5660
vt 0.1260 25.5660
vt 0.1890 25.5660
vt 0.0000 26.3860
vt 0.0315 26.3860
vt 0.0630 26.3860
vt 0.0945 26.3860
vt 0.0000 27.2047
vt 0.0133 27.2047
vt 0.0267 27.2047
vt 0.0400 27.2047
vt 0.0000 29.6330
vt 0.0397 29.6330
vt 0.0794 29.6330
vt 0.1190 29.6330
vt 0.0000 29.9793
vt 0.0265 29.9793
vt 0.0529 29.9793
vt 0.0794 29.9793
vt 0.0000 30.3218
vt 0.0133 30.3218
vt 0.0267 30.3218
vt 0.0400 30.3218
vt 0.0000 30.6655
vt 0.0133 30.6655
vt 0.0267 30.6655
vt 0.0400 30.6655
vt 0.0000 31.8168
vt 0.0813 31.8168
vt 0.1626 31.8168
vt 0.2440 31.8168
vt 0.0000 32.5186
vt 0.0542 32.5186
vt 0.1084 32.5186
vt 0.1627 32.5186
vt 0.0000 33.2266
vt 0.0271 33.2266
vt 0.0542 33.2266
vt 0.0813 33.2266
vt 0.0000 33.9312
vt 0.0133 33.9312
vt 0.0267 33.9312
vt 0.0400 33.9312
vt 0.0000 35.6747
vt 0.0731 35.6747
vt 0.1462 35.6747
vt 0.2193 35.6747
vt 0.0000 36.3049
vt 0.0487 36.3049
vt 0.0975 36.3049
vt 0.1462 36.3049
vt 0.0000 36.9400
vt 0.0244 36.9400
vt 0.0487 36.9400
vt 0.0731 36.9400
vt 0.0000 37.5735
vt 0.0133 37.5735
vt 0.0267 37.5735
vt 0.0400 37.5735
vt 0.0000 39.5122
vt 0.0889 39.5122
vt 0.1778 39.5122
vt 0.2667 39.5122
vt 0.0000 40.2833
vt 0.0593 40.2833
vt 0.1185 40.2833
vt 0.1778 40.2833
vt 0.0000 41.0546
vt 0.0296 41.0546
vt 0.0593 41.0546
vt 0.0889 41.0546
vt 0.0000 41.8248
vt 0.0133 41.8248
vt 0.0267 41.8248
vt 0.0400 41.8248
vt 0.0000 43.9983
vt 0.0812 43.9983
vt 0.1624 43.9983
vt 0.2436 43.9983
vt 0.0000 44.7014
vt 0.0541 44.7014
vt 0.1083 44.7014
vt 0.1624 44.7014
vt 0.0000 45.4062
vt 0.0271 45.4062
vt 0.0541 45.4062
vt 0.0812 45.4062
vt 0.0000 46.1098
vt 0.0133 46.1098
vt 0.0267 46.1098
vt 0.0400 46.1098
vt 0.0000 0.0000
vt 0.1557 0.0000
vt 0.3114 0.0000
vt 0.4672 0.0000
vt 0.0000 0.7976
vt 0.1038 0.7976
vt 0.2076 0.7976
vt 0.3114 0.7976
vt 0.0000 1.5909
vt 0.0519 1.5909
vt 0.1038 1.5909
vt 0.1557 1.5909
vt 0.0000 2.3824
vt 0.0133 2.3824
vt 0.0267 2.3824
vt 0.0400 2.3824
vt 0.0000 4.5906
vt 0.1047 4.5906
vt 0.2094 4.5906
vt 0.3141 4.5906
vt 0.0000 5.1231
vt 0.0698 5.1231
vt 0.1396 5.1231
vt 0.2094 5.1231
vt 0.0000 5.6549
vt 0.0349 5.6549
vt 0.0698 5.6549
vt 0.1047 5.6549
vt 0.0000 6.1872
vt 0.0133 6.1872
vt 0.0267 6.1872
vt 0.0400 6.1872
vt 0.0000 7.8126
vt 0.1122 7.8126
vt 0.2243 7.8126
vt 0.3365 7.8126
vt 0.0000 8.3774
vt 0.0748 8.3774
vt 0.1495 8.3774
vt 0.2243 8.3774
vt 0.0000 8.9451
vt 0.0374 8.9451
vt 0.0748 8.9451
vt 0.1122 8.9451
vt 0.0000 9.5151
vt 0.0133 9.5151
vt 0.0267 9.5151
vt 0.0400 9.5151
vt 0.0000 10.6001
vt 0.0652 10.6001
vt 0.1304 10.6001
vt 0.1956 10.6001
vt 0.0000 10.9369
vt 0.0435 10.9369
vt 0.0869 10.9369
vt 0.1304 10.9369
vt 0.0000 11.2705
vt 0.0217 11.2705
vt 0.0435 11.2705
vt 0.0652 11.2705
vt 0.0000 11.6020
vt 0.0133 11.6020
vt 0.0267 11.6020
vt 0.0400 11.6020
vt 0.0000 12.5047
vt 0.0301 12.5047
vt 0.0602 12.5047
vt 0.0903 12.5047
vt 0.0000 12.6598
vt 0.0201 12.6598
vt 0.0401 12.6598
vt 0.0602 12.6598
vt 0.0000 12.8134
vt 0.0133 12.8134
vt 0.0267 12.8134
vt 0.0400 12.8134
vt 0.0000 12.9662
vt 0.0133 12.9662
vt 0.0267 12.9662
vt 0.0400 12.9662
vt 0.0000 13.3772
vt 0.0133 13.3772
vt 0.0267 13.3772
vt 0.0400 13.3772
vt 0.0000 13.4003
vt 0.0133 13.4003
vt 0.0267 13.4003
vt 0.0400 13.4003
vt 0.0000 13.4233
vt 0.0133 13.4233
vt 0.0267 13.4233
vt 0.0400 13.4233
vt 0.0000 13.4461
vt 0.0133 13.4461
vt 0.0267 13.4461
vt 0.0400 13.4461
vt 0.0000 0.0000
vt 0.0182 0.0000
vt 0.0363 0.0000
vt 0.0545 0.0000
vt 0.0000 0.2339
vt 0.0133 0.2339
vt 0.0267 0.2339
vt 0.0400 0.2339
vt 0.0000 0.4676
vt 0.0133 0.4676
vt 0.0267 0.4676
vt 0.0400 0.4676
vt 0.0000 0.7019
vt 0.0133 0.7019
vt 0.0267 0.7019
vt 0.0400 0.7019
vt 0.0000 1.4908
vt 0.0377 1.4908
vt 0.0753 1.4908
vt 0.1130 1.4908
vt 0.0000 1.9786
vt 0.0251 1.9786
vt 0.0502 1.9786
vt 0.0753 1.9786
vt 0.0000 2.4655
vt 0.0133 2.4655
vt 0.0267 2.4655
vt 0.0400 2.4655
vt 0.0000 2.9517
vt 0.0133 2.9517
vt 0.0267 2.9517
vt 0.0400 2.9517
vt 0.0000 3.7073
vt 0.0412 3.7073
vt 0.0823 3.7073
vt 0.1235 3.7073
vt 0.0000 4.2355
vt 0.0274 4.2355
vt 0.0549 4.2355
vt 0.0823 4.2355
vt 0.0000 4.7657
vt 0.0137 4.7657
vt 0.0275 4.7657
vt 0.0412 4.7657
vt 0.0000 5.2970
vt 0.0133 5.2970
vt 0.0267 5.2970
vt 0.0400 5.2970
vt 0.0000 5.9983
vt 0.0592 5.9983
vt 0.1184 5.9983
vt 0.1775 5.9983
vt 0.0000 6.7667
vt 0.0394 6.7667
vt 0.0789 6.7667
vt 0.1183 6.7667
vt 0.0000 7.5314
vt 0.0197 7.5314
vt 0.0395 7.5314
vt 0.0592 7.5314
vt 0.0000 8.2952
vt 0.0133 8.2952
vt 0.0267 8.2952
vt 0.0400 8.2952
vt 0.0000 9.8299
vt 0.0589 9.8299
vt 0.1179 9.8299
vt 0.1768 9.8299
vt 0.0000 10.5916
vt 0.0393 10.5916
vt 0.0786 10.5916
vt 0.1179 10.5916
vt 0.0000 11.3514
vt 0.0196 11.3514
vt 0.0393 11.3514
vt 0.0589 11.3514
vt 0.0000 12.1122
vt 0.0133 12.1122
vt 0.0267 12.1122
vt 0.0400 12.1122
vt 0.0000 14.4401
vt 0.0691 14.4401
vt 0.1382 14.4401
vt 0.2073 14.4401
vt 0.0000 15.3274
vt 0.0461 15.3274
vt 0.0921 15.3274
vt 0.1382 15.3274
vt 0.0000 16.2202
vt 0.0230 16.2202
vt 0.0461 16.2202
vt 0.0691 16.2202
vt 0.0000 17.1119
vt 0.0133 17.1119
vt 0.0267 17.1119
vt 0.0400 17.1119
vt 0.0000 0.0000
vt 0.0133 0.0000
vt 0.0267 0.0000
vt 0.0400 0.0000
vt 0.0000 0.0520
vt 0.0133 0.0520
vt 0.0267 0.0520
vt 0.0400 0.0520
vt 0.0000 0.1040
vt 0.0133 0.1040
vt 0.0267 0.1040
vt 0.0400 0.1040
vt 0.0000 0.1559
vt 0.0133 0.1559
vt 0.0267 0.1559
vt 0.0400 0.1559
vt 0.0000 0.3602
vt 0.0133 0.3602
vt 0.0267 0.3602
vt 0.0400 0.3602
vt 0.0000 0.8317
vt 0.0133 0.8317
vt 0.0267 0.8317
vt 0.0400 0.8317
vt 0.0000 1.3035
vt 0.0133 1.3035
vt 0.0267 1.3035
vt 0.0400 1.3035
vt 0.0000 1.7754
vt 0.0133 1.7754
vt 0.0267 1.7754
vt 0.0400 1.7754
vt 0.0000 3.0666
vt 0.0133 3.0666
vt 0.0267 3.0666
vt 0.0400 3.0666
vt 0.0000 3.7924
vt 0.0133 3.7924
vt 0.0267 3.7924
vt 0.0400 3.7924
vt 0.0000 4.5187
vt 0.0133 4.5187
vt 0.0267 4.5187
vt 0.0400 4.5187
vt 0.0000 5.2451
vt 0.0133 5.2451
vt 0.0267 5.2451
vt 0.0400 5.2451
vt 0.0000 6.8701
vt 0.0133 6.8701
vt 0.0267 6.8701
vt 0.0400 6.8701
vt 0.0000 6.9575
vt 0.0133 6.9575
vt 0.0267 6.9575
vt 0.0400 6.9575
vt 0.0000 7.0449
vt 0.0133 7.0449
vt 0.0267 7.0449
vt 0.0400 7.0449
vt 0.0000 7.1323
vt 0.0133 7.1323
vt 0.0267 7.1323
vt 0.0400 7.1323
vt 0.0000 7.4269
vt 0.0133 7.4269
vt 0.0267 7.4269
vt 0.0400 7.4269
vt 0.0000 7.9259
vt 0.0133 7.9259
vt 0.0267 7.9259
vt 0.0400 7.9259
vt 0.0000 8.4250
vt 0.0133 8.4250
vt 0.0267 8.4250
vt 0.0400 8.4250
vt 0.0000 8.9240
vt 0.0133 8.9240
vt 0.0267 8.9240
vt 0.0400 8.9240
vt 0.0000 10.2875
vt 0.0133 10.2875
vt 0.0267 10.2875
vt 0.0400 10.2875
vt 0.0000 10.9877
vt 0.0133 10.9877
vt 0.0267 10.9877
vt 0.0400 10.9877
vt 0.0000 11.6877
vt 0.0133 11.6877
vt 0.0267 11.6877
vt 0.0400 11.6877
vt 0.0000 12.3876
vt 0.0133 12.3876
vt 0.0267 12.3876
vt 0.0400 12.3876
vt 0.0000 0.0000
vt 0.0954 0.0000
vt 0.1908 0.0000
vt 0.2862 0.0000
vt 0.0000 0.4661
vt 0.0636 0.4661
vt 0.1272 0.4661
vt 0.1908 0.4661
vt 0.0000 0.9325
vt 0.0318 0.9325
vt 0.0636 0.9325
vt 0.0954 0.9325
vt 0.0000 1.3956
vt 0.0133 1.3956
vt 0.0267 1.3956
vt 0.0400 1.3956
vt 0.0000 0.0000
vt 0.1738 0.0000
vt 0.3477 0.0000
vt 0.5215 0.0000
vt 0.0000 0.8357
vt 0.1159 0.8357
vt 0.2318 0.8357
vt 0.3477 0.8357
vt 0.0000 1.6790
vt 0.0579 1.6790
vt 0.1159 1.6790
vt 0.1738 1.6790
vt 0.0000 2.5231
vt 0.0133 2.5231
vt 0.0267 2.5231
vt 0.0400 2.5231
vt 0.0000 4.9253
vt 0.1719 4.9253
vt 0.3437 4.9253
vt 0.5156 4.9253
vt 0.0000 5.7577
vt 0.1146 5.7577
vt 0.2292 5.7577
vt 0.3437 5.7577
vt 0.0000 6.5928
vt 0.0573 6.5928
vt 0.1146 6.5928
vt 0.1719 6.5928
vt 0.0000 7.4273
vt 0.0133 7.4273
vt 0.0267 7.4273
vt 0.0400 7.4273
vt 0.0000 9.9209
vt 0.1691 9.9209
vt 0.3381 9.9209
vt 0.5072 9.9209
vt 0.0000 10.7368
vt 0.1127 10.7368
vt 0.2254 10.7368
vt 0.3381 10.7368
vt 0.0000 11.5548
vt 0.0563 11.5548
vt 0.1127 11.5548
vt 0.1690 11.5548
vt 0.0000 12.3755
vt 0.0133 12.3755
vt 0.0267 12.3755
vt 0.0400 12.3755
vt 0.0000 14.5304
vt 0.1020 14.5304
vt 0.2041 14.5304
vt 0.3061 14.5304
vt 0.0000 15.0239
vt 0.0680 15.0239
vt 0.1361 15.0239
vt 0.2041 15.0239
vt 0.0000 15.5220
vt 0.0340 15.5220
vt 0.0680 15.5220
vt 0.1020 15.5220
vt 0.0000 16.0175
vt 0.0133 16.0175
vt 0.0267 16.0175
vt 0.0400 16.0175
vt 0.0000 17.5607
vt 0.1163 17.5607
vt 0.2326 17.5607
vt 0.3489 17.5607
vt 0.0000 18.1297
vt 0.0775 18.1297
vt 0.1551 18.1297
vt 0.2326 18.1297
vt 0.0000 18.6902
vt 0.0388 18.6902
vt 0.0775 18.6902
vt 0.1163 18.6902
vt 0.0000 19.2549
vt 0.0133 19.2549
vt 0.0267 19.2549
vt 0.0400 19.2549
vt 0.0000 0.0000
vt 0.0133 0.0000
vt 0.0267 0.0000
vt 0.0400 0.0000
vt 0.0000 0.1705
vt 0.0133 0.1705
vt 0.0267 0.1705
vt 0.0400 0.1705
vt 0.0000 0.3415
vt 0.0133 0.3415
vt 0.0267 0.3415
vt 0.0400 0.3415
vt 0.0000 0.5122
vt 0.0133 0.5122
vt 0.0267 0.5122
vt 0.0400 0.5122
vt 0.0000 1.0431
vt 0.0193 1.0431
vt 0.0385 1.0431
vt 0.0578 1.0431
vt 0.0000 1.5101
vt 0.0133 1.5101
vt 0.0267 1.5101
vt 0.0400 1.5101
vt 0.0000 1.9788
vt 0.0133 1.9788
vt 0.0267 1.9788
vt 0.0400 1.9788
vt 0.0000 2.4468
vt 0.0133 2.4468
vt 0.0267 2.4468
vt 0.0400 2.4468
vt 0.0000 3.1358
vt 0.0133 3.1358
vt 0.0267 3.1358
vt 0.0400 3.1358
vt 0.0000 3.2432
vt 0.0133 3.2432
vt 0.0267 3.2432
vt 0.0400 3.2432
vt 0.0000 3.3504
vt 0.0133 3.3504
vt 0.0267 3.3504
vt 0.0400 3.3504
vt 0.0000 3.4576
vt 0.0133 3.4576
vt 0.0267 3.4576
vt 0.0400 3.4576
vt 0.0000 3.6929
vt 0.0133 3.6929
vt 0.0267 3.6929
vt 0.0400 3.6929
vt 0.0000 3.7254
vt 0.0133 3.7254
vt 0.0267 3.7254
vt 0.0400 3.7254
vt 0.0000 3.7578
vt 0.0133 3.7578
vt 0.0267 3.7578
vt 0.0400 3.7578
vt 0.0000 3.7903
vt 0.0133 3.7903
vt 0.0267 3.7903
vt 0.0400 3.7903
vt 0.0000 0.0000
vt 0.0166 0.0000
vt 0.0332 0.0000
vt 0.0497 0.0000
vt 0.0000 0.4023
vt 0.0133 0.4023
vt 0.0267 0.4023
vt 0.0400 0.4023
vt 0.0000 0.8055
vt 0.0133 0.8055
vt 0.0267 0.8055
vt 0.0400 0.8055
vt 0.0000 1.2083
vt 0.0133 1.2083
vt 0.0267 1.2083
vt 0.0400 1.2083
vt 0.0000 2.2868
vt 0.0133 2.2868
vt 0.0267 2.2868
vt 0.0400 2.2868
vt 0.0000 2.3863
vt 0.0133 2.3863
vt 0.0267 2.3863
vt 0.0400 2.3863
vt 0.0000 2.4857
vt 0.0133 2.4857
vt 0.0267 2.4857
vt 0.0400 2.4857
vt 0.0000 2.5852
vt 0.0133 2.5852
vt 0.0267 2.5852
vt 0.0400 2.5852
vt 0.0000 0.0000
vt 0.0133 0.0000
vt 0.0267 0.0000
vt 0.0400 0.0000
vt 0.0000 0.0200
vt 0.0133 0.0200
vt 0.0267 0.0200
vt 0.0400 0.0200
vt 0.0000 0.0400
vt 0.0133 0.0400
vt 0.0267 0.0400
vt 0.0400 0.0400
vt 0.0000 0.0600
vt 0.0133 0.0600
vt 0.0267 0.0600
vt 0.0400 0.0600
vt 0.0000 0.0000
vt 0.0446 0.0000
vt 0.0892 0.0000
vt 0.1339 0.0000
vt 0.0000 0.5538
vt 0.0297 0.5538
vt 0.0595 0.5538
vt 0.0892 0.5538
vt 0.0000 1.1096
vt 0.0149 1.1096
vt 0.0297 1.1096
vt 0.0446 1.1096
vt 0.0000 1.6653
vt 0.0133 1.6653
vt 0.0267 1.6653
vt 0.0400 1.6653
vt 0.0000 3.2644
vt 0.0416 3.2644
vt 0.0833 3.2644
vt 0.1249 3.2644
vt 0.0000 3.7829
vt 0.0278 3.7829
vt 0.0555 3.7829
vt 0.0833 3.7829
vt 0.0000 4.3020
vt 0.0139 4.3020
vt 0.0278 4.3020
vt 0.0416 4.3020
vt 0.0000 4.8205
vt 0.0133 4.8205
vt 0.0267 4.8205
vt 0.0400 4.8205
vt 0.0000 6.6056
vt 0.0664 6.6056
vt 0.1327 6.6056
vt 0.1991 6.6056
vt 0.0000 7.4293
vt 0.0442 7.4293
vt 0.0885 7.4293
vt 0.1327 7.4293
vt 0.0000 8.2557
vt 0.0221 8.2557
vt 0.0442 8.2557
vt 0.0664 8.2557
vt 0.0000 9.0820
vt 0.0133 9.0820
vt 0.0267 9.0820
vt 0.0400 9.0820
vt 0.0000 11.3784
vt 0.0365 11.3784
vt 0.0730 11.3784
vt 0.1094 11.3784
vt 0.0000 11.8323
vt 0.0243 11.8323
vt 0.0486 11.8323
vt 0.0730 11.8323
vt 0.0000 12.2855
vt 0.0133 12.2855
vt 0.0267 12.2855
vt 0.0400 12.2855
vt 0.0000 12.7398
vt 0.0133 12.7398
vt 0.0267 12.7398
vt 0.0400 12.7398
vt 0.0000 13.9690
vt 0.0347 13.9690
vt 0.0693 13.9690
vt 0.1040 13.9690
vt 0.0000 14.4018
vt 0.0231 14.4018
vt 0.0462 14.4018
vt 0.0693 14.4018
vt 0.0000 14.8344
vt 0.0133 14.8344
vt 0.0267 14.8344
vt 0.0400 14.8344
vt 0.0000 15.2661
vt 0.0133 15.2661
vt 0.0267 15.2661
vt 0.0400 15.2661
vt 0.0000 16.2359
vt 0.0133 16.2359
vt 0.0267 16.2359
vt 0.0400 16.2359
vt 0.0000 16.3936
vt 0.0133 16.3936
vt 0.0267 16.3936
vt 0.0400 16.3936
vt 0.0000 16.5522
vt 0.0133 16.5522
vt 0.0267 16.5522
vt 0.0400 16.5522
vt 0.0000 16.7106
vt 0.0133 16.7106
vt 0.0267 16.7106
vt 0.0400 16.7106
vt 0.0000 17.2437
vt 0.0374 17.2437
vt 0.0748 17.2437
vt 0.1121 17.2437
vt 0.0000 17.7168
vt 0.0249 17.7168
vt 0.0498 17.7168
vt 0.0748 17.7168
vt 0.0000 18.1881
vt 0.0133 18.1881
vt 0.0267 18.1881
vt 0.0400 18.1881
vt 0.0000 18.6601
vt 0.0133 18.6601
vt 0.0267 18.6601
vt 0.0400 18.6601
vt 0.0000 19.9895
vt 0.0133 19.9895
vt 0.0267 19.9895
vt 0.0400 19.9895
vt 0.0000 20.0095
vt 0.0133 20.0095
vt 0.0267 20.0095
vt 0.0400 20.0095
vt 0.0000 20.0295
vt 0.0133 20.0295
vt 0.0267 20.0295
vt 0.0400 20.0295
vt 0.0000 20.0495
vt 0.0133 20.0495
vt 0.0267 20.0495
vt 0.0400 20.0495
vt 0.0000 0.0000
vt 0.0133 0.0000
vt 0.0267 0.0000
vt 0.0400 0.0000
vt 0.0000 0.0601
vt 0.0133 0.0601
vt 0.0267 0.0601
vt 0.0400 0.0601
vt 0.0000 0.1202
vt 0.0133 0.1202
vt 0.0267 0.1202
vt 0.0400 0.1202
vt 0.0000 0.1803
vt 0.0133 0.1803
vt 0.0267 0.1803
vt 0.0400 0.1803
vt 0.0000 0.0000
vt 0.0274 0.0000
vt 0.0549 0.0000
vt 0.0823 0.0000
vt 0.0000 0.3487
vt 0.0183 0.3487
vt 0.0366 0.3487
vt 0.0549 0.3487
vt 0.0000 0.6953
vt 0.0133 0.6953
vt 0.0267 0.6953
vt 0.0400 0.6953
vt 0.0000 1.0417
vt 0.0133 1.0417
vt 0.0267 1.0417
vt 0.0400 1.0417
vt 0.0000 1.9142
vt 0.0400 1.9142
vt 0.0801 1.9142
vt 0.1201 1.9142
vt 0.0000 2.4213
vt 0.0267 2.4213
vt 0.0534 2.4213
vt 0.0801 2.4213
vt 0.0000 2.9252
vt 0.0133 2.9252
vt 0.0267 2.9252
vt 0.0400 2.9252
vt 0.0000 3.4306
vt 0.0133 3.4306
vt 0.0267 3.4306
vt 0.0400 3.4306
vt 0.0000 0.0000
vt 0.0133 0.0000
vt 0.0267 0.0000
vt 0.0400 0.0000
vt 0.0000 0.5106
vt 0.0133 0.5106
vt 0.0267 0.5106
vt 0.0400 0.5106
vt 0.0000 1.0207
vt 0.0133 1.0207
vt 0.0267 1.0207
vt 0.0400 1.0207
vt 0.0000 1.5312
vt 0.0133 1.5312
vt 0.0267 1.5312
vt 0.0400 1.5312
vt 0.0000 2.7724
vt 0.0133 2.7724
vt 0.0267 2.7724
vt 0.0400 2.7724
vt 0.0000 3.6502
vt 0.0133 3.6502
vt 0.0267 3.6502
vt 0.0400 3.6502
vt 0.0000 4.5281
vt 0.0133 4.5281
vt 0.0267 4.5281
vt 0.0400 4.5281
vt 0.0000 5.4063
vt 0.0133 5.4063
vt 0.0267 5.4063
vt 0.0400 5.4063
vt 0.0000 6.1064
vt 0.0133 6.1064
vt 0.0267 6.1064
vt 0.0400 6.1064
vt 0.0000 6.4408
vt 0.0133 6.4408
vt 0.0267 6.4408
vt 0.0400 6.4408
vt 0.0000 6.7748
vt 0.0133 6.7748
vt 0.0267 6.7748
vt 0.0400 6.7748
vt 0.0000 7.1089
vt 0.0133 7.1089
vt 0.0267 7.1089
vt 0.0400 7.1089
vt 0.0000 7.8576
vt 0.0133 7.8576
vt 0.0267 7.8576
vt 0.0400 7.8576
vt 0.0000 8.5738
vt 0.0133 8.5738
vt 0.0267 8.5738
vt 0.0400 8.5738
vt 0.0000 9.2898
vt 0.0133 9.2898
vt 0.0267 9.2898
vt 0.0400 9.2898
vt 0.0000 10.0054
vt 0.0133 10.0054
vt 0.0267 10.0054
vt 0.0400 10.0054
vt 0.0000 11.2723
vt 0.0133 11.2723
vt 0.0267 11.2723
vt 0.0400 11.2723
vt 0.0000 12.1054
vt 0.0133 12.1054
vt 0.0267 12.1054
vt 0.0400 12.1054
vt 0.0000 12.9386
vt 0.0133 12.9386
vt 0.0267 12.9386
vt 0.0400 12.9386
vt 0.0000 13.7721
vt 0.0133 13.7721
vt 0.0267 13.7721
vt 0.0400 13.7721
vt 0.0000 15.7608
vt 0.0133 15.7608
vt 0.0267 15.7608
vt 0.0400 15.7608
vt 0.0000 15.7999
vt 0.0133 15.7999
vt 0.0267 15.7999
vt 0.0400 15.7999
vt 0.0000 15.8391
vt 0.0133 15.8391
vt 0.0267 15.8391
vt 0.0400 15.8391
vt 0.0000 15.8782
vt 0.0133 15.8782
vt 0.0267 15.8782
vt 0.0400 15.8782
vt 0.0000 0.0000
vt 0.0254 0.0000
vt 0.0508 0.0000
vt 0.0762 0.0000
vt 0.0000 0.2042
vt 0.0169 0.2042
vt 0.0338 0.2042
vt 0.0508 0.2042
vt 0.0000 0.4063
vt 0.0133 0.4063
vt 0.0267 0.4063
vt 0.0400 0.4063
vt 0.0000 0.6084
vt 0.0133 0.6084
vt 0.0267 0.6084
vt 0.0400 0.6084
vt 0.0000 0.0000
vt 0.0701 0.0000
vt 0.1401 0.0000
vt 0.2102 0.0000
vt 0.0000 0.5560
vt 0.0467 0.5560
vt 0.0934 0.5560
vt 0.1401 0.5560
vt 0.0000 1.1150
vt 0.0234 1.1150
vt 0.0467 1.1150
vt 0.0701 1.1150
vt 0.0000 1.6729
vt 0.0133 1.6729
vt 0.0267 1.6729
vt 0.0400 1.6729
vt 0.0000 3.4486
vt 0.0815 3.4486
vt 0.1630 3.4486
vt 0.2444 3.4486
vt 0.0000 4.0972
vt 0.0543 4.0972
vt 0.1086 4.0972
vt 0.1630 4.0972
vt 0.0000 4.7486
vt 0.0272 4.7486
vt 0.0543 4.7486
vt 0.0815 4.7486
vt 0.0000 5.3974
vt 0.0133 5.3974
vt 0.0267 5.3974
vt 0.0400 5.3974
vt 0.0000 7.1001
vt 0.0719 7.1001
vt 0.1438 7.1001
vt 0.2157 7.1001
vt 0.0000 7.6731
vt 0.0479 7.6731
vt 0.0959 7.6731
vt 0.1438 7.6731
vt 0.0000 8.2479
vt 0.0240 8.2479
vt 0.0479 8.2479
vt 0.0719 8.2479
vt 0.0000 8.8204
vt 0.0133 8.8204
vt 0.0267 8.8204
vt 0.0400 8.8204
vt 0.0000 10.1550
vt 0.0133 10.1550
vt 0.0267 10.1550
vt 0.0400 10.1550
vt 0.0000 10.2548
vt 0.0133 10.2548
vt 0.0267 10.2548
vt 0.0400 10.2548
vt 0.0000 10.3542
vt 0.0133 10.3542
vt 0.0267 10.3542
vt 0.0400 10.3542
vt 0.0000 10.4539
vt 0.0133 10.4539
vt 0.0267 10.4539
vt 0.0400 10.4539
vt 0.0000 10.6617
vt 0.0133 10.6617
vt 0.0267 10.6617
vt 0.0400 10.6617
vt 0.0000 10.6848
vt 0.0133 10.6848
vt 0.0267 10.6848
vt 0.0400 10.6848
vt 0.0000 10.7078
vt 0.0133 10.7078
vt 0.0267 10.7078
vt 0.0400 10.7078
vt 0.0000 10.7309
vt 0.0133 10.7309
vt 0.0267 10.7309
vt 0.0400 10.7309
vt 0.0000 0.0000
vt 0.0207 0.0000
vt 0.0415 0.0000
vt 0.0622 0.0000
vt 0.0000 0.0928
vt 0.0138 0.0928
vt 0.0277 0.0928
vt 0.0415 0.0928
vt 0.0000 0.1873
vt 0.0133 0.1873
vt 0.0267 0.1873
vt 0.0400 0.1873
vt 0.0000 0.2817
vt 0.0133 0.2817
vt 0.0267 0.2817
vt 0.0400 0.2817
vt 0.0000 0.0000
vt 0.1486 0.0000
vt 0.2972 0.0000
vt 0.4458 0.0000
vt 0.0000 0.6771
vt 0.0991 0.6771
vt 0.1982 0.6771
vt 0.2972 0.6771
vt 0.0000 1.3499
vt 0.0495 1.3499
vt 0.0991 1.3499
vt 0.1486 1.3499
vt 0.0000 2.0267
vt 0.0133 2.0267
vt 0.0267 2.0267
vt 0.0400 2.0267
vt 0.0000 3.9657
vt 0.0280 3.9657
vt 0.0560 3.9657
vt 0.0840 3.9657
vt 0.0000 4.0949
vt 0.0187 4.0949
vt 0.0373 4.0949
vt 0.0560 4.0949
vt 0.0000 4.2213
vt 0.0133 4.2213
vt 0.0267 4.2213
vt 0.0400 4.2213
vt 0.0000 4.3488
vt 0.0133 4.3488
vt 0.0267 4.3488
vt 0.0400 4.3488
vt 0.0000 0.0000
vt 0.1936 0.0000
vt 0.3873 0.0000
vt 0.5809 0.0000
vt 0.0000 0.8835
vt 0.1291 0.8835
vt 0.2582 0.8835
vt 0.3873 0.8835
vt 0.0000 1.7677
vt 0.0645 1.7677
vt 0.1291 1.7677
vt 0.1936 1.7677
vt 0.0000 2.6496
vt 0.0133 2.6496
vt 0.0267 2.6496
vt 0.0400 2.6496
vt 0.0000 5.9180
vt 0.0209 5.9180
vt 0.0417 5.9180
vt 0.0626 5.9180
vt 0.0000 6.0148
vt 0.0139 6.0148
vt 0.0278 6.0148
vt 0.0417 6.0148
vt 0.0000 6.1104
vt 0.0133 6.1104
vt 0.0267 6.1104
vt 0.0400 6.1104
vt 0.0000 6.2053
vt 0.0133 6.2053
vt 0.0267 6.2053
vt 0.0400 6.2053
vt 0.0000 0.0000
vt 0.1941 0.0000
vt 0.3882 0.0000
vt 0.5823 0.0000
vt 0.0000 0.8774
vt 0.1294 0.8774
vt 0.2588 0.8774
vt 0.3882 0.8774
vt 0.0000 1.7629
vt 0.0647 1.7629
vt 0.1294 1.7629
vt 0.1941 1.7629
vt 0.0000 2.6469
vt 0.0133 2.6469
vt 0.0267 2.6469
vt 0.0400 2.6469
vt 0.0000 0.0000
vt 0.0133 0.0000
vt 0.0267 0.0000
vt 0.0400 0.0000
vt 0.0000 0.0203
vt 0.0133 0.0203
vt 0.0267 0.0203
vt 0.0400 0.0203
vt 0.0000 0.0403
vt 0.0133 0.0403
vt 0.0267 0.0403
vt 0.0400 0.0403
vt 0.0000 0.0603
vt 0.0133 0.0603
vt 0.0267 0.0603
vt 0.0400 0.0603
vt 0.0000 0.0000
vt 0.0502 0.0000
vt 0.1005 0.0000
vt 0.1507 0.0000
vt 0.0000 0.3070
vt 0.0335 0.3070
vt 0.0670 0.3070
vt 0.1005 0.3070
vt 0.0000 0.6141
vt 0.0167 0.6141
vt 0.0335 0.6141
vt 0.0502 0.6141
vt 0.0000 0.9205
vt 0.0133 0.9205
vt 0.0267 0.9205
vt 0.0400 0.9205
vt 0.0000 0.0000
vt 0.1130 0.0000
vt 0.2261 0.0000
vt 0.3391 0.0000
vt 0.0000 0.6882
vt 0.0754 0.6882
vt 0.1507 0.6882
vt 0.2261 0.6882
vt 0.0000 1.3796
vt 0.0377 1.3796
vt 0.0754 1.3796
vt 0.1130 1.3796
vt 0.0000 2.0692
vt 0.0133 2.0692
vt 0.0267 2.0692
vt 0.0400 2.0692
vt 0.0000 4.1625
vt 0.1267 4.1625
vt 0.2534 4.1625
vt 0.3800 4.1625
vt 0.0000 4.9364
vt 0.0845 4.9364
vt 0.1689 4.9364
vt 0.2534 4.9364
vt 0.0000 5.7077
vt 0.0422 5.7077
vt 0.0844 5.7077
vt 0.1267 5.7077
vt 0.0000 6.4806
vt 0.0133 6.4806
vt 0.0267 6.4806
vt 0.0400 6.4806
vt 0.0000 8.6964
vt 0.0305 8.6964
vt 0.0611 8.6964
vt 0.0916 8.6964
vt 0.0000 8.8837
vt 0.0204 8.8837
vt 0.0407 8.8837
vt 0.0611 8.8837
vt 0.0000 9.0696
vt 0.0133 9.0696
vt 0.0267 9.0696
vt 0.0400 9.0696
vt 0.0000 9.2557
vt 0.0133 9.2557
vt 0.0267 9.2557
vt 0.0400 9.2557
vt 0.0000 0.0000
vt 0.0594 0.0000
vt 0.1189 0.0000
vt 0.1783 0.0000
vt 0.0000 0.3608
vt 0.0396 0.3608
vt 0.0792 0.3608
vt 0.1189 0.3608
vt 0.0000 0.7244
vt 0.0198 0.7244
vt 0.0396 0.7244
vt 0.0594 0.7244
vt 0.0000 1.0871
vt 0.0133 1.0871
vt 0.0267 1.0871
vt 0.0400 1.0871
vt 0.0000 0.0000
vt 0.0354 0.0000
vt 0.0707 0.0000
vt 0.1061 0.0000
vt 0.0000 0.4142
vt 0.0236 0.4142
vt 0.0472 0.4142
vt 0.0708 0.4142
vt 0.0000 0.8297
vt 0.0133 0.8297
vt 0.0267 0.8297
vt 0.0400 0.8297
vt 0.0000 1.2465
vt 0.0133 1.2465
vt 0.0267 1.2465
vt 0.0400 1.2465
vt 0.0000 1.8297
vt 0.0133 1.8297
vt 0.0267 1.8297
vt 0.0400 1.8297
vt 0.0000 1.8995
vt 0.0133 1.8995
vt 0.0267 1.8995
vt 0.0400 1.8995
vt 0.0000 1.9695
vt 0.0133 1.9695
vt 0.0267 1.9695
vt 0.0400 1.9695
vt 0.0000 2.0396
vt 0.0133 2.0396
vt 0.0267 2.0396
vt 0.0400 2.0396
vt 0.0000 0.0000
vt 0.0528 0.0000
vt 0.1056 0.0000
vt 0.1584 0.0000
vt 0.0000 0.6242
vt 0.0352 0.6242
vt 0.0704 0.6242
vt 0.1056 0.6242
vt 0.0000 1.2460
vt 0.0176 1.2460
vt 0.0352 1.2460
vt 0.0528 1.2460
vt 0.0000 1.8684
vt 0.0133 1.8684
vt 0.0267 1.8684
vt 0.0400 1.8684
vt 0.0000 3.7100
vt 0.0544 3.7100
vt 0.1088 3.7100
vt 0.1632 3.7100
vt 0.0000 4.3497
vt 0.0363 4.3497
vt 0.0725 4.3497
vt 0.1088 4.3497
vt 0.0000 4.9926
vt 0.0181 4.9926
vt 0.0363 4.9926
vt 0.0544 4.9926
vt 0.0000 5.6337
vt 0.0133 5.6337
vt 0.0267 5.6337
vt 0.0400 5.6337
vt 0.0000 7.2933
vt 0.0556 7.2933
vt 0.1111 7.2933
vt 0.1667 7.2933
vt 0.0000 7.9480
vt 0.0370 7.9480
vt 0.0741 7.9480
vt 0.1111 7.9480
vt 0.0000 8.6026
vt 0.0185 8.6026
vt 0.0370 8.6026
vt 0.0556 8.6026
vt 0.0000 9.2574
vt 0.0133 9.2574
vt 0.0267 9.2574
vt 0.0400 9.2574
vt 0.0000 11.3177
vt 0.0739 11.3177
vt 0.1478 11.3177
vt 0.2217 11.3177
vt 0.0000 12.1934
vt 0.0493 12.1934
vt 0.0985 12.1934
vt 0.1478 12.1934
vt 0.0000 13.0664
vt 0.0246 13.0664
vt 0.0493 13.0664
vt 0.0739 13.0664
vt 0.0000 13.9374
vt 0.0133 13.9374
vt 0.0267 13.9374
vt 0.0400 13.9374
vt 0.0000 0.0000
vt 0.0477 0.0000
vt 0.0954 0.0000
vt 0.1431 0.0000
vt 0.0000 0.2820
vt 0.0318 0.2820
vt 0.0636 0.2820
vt 0.0954 0.2820
vt 0.0000 0.5581
vt 0.0159 0.5581
vt 0.0318 0.5581
vt 0.0477 0.5581
vt 0.0000 0.8360
vt 0.0133 0.8360
vt 0.0267 0.8360
vt 0.0400 0.8360
vt 0.0000 0.0000
vt 0.1440 0.0000
vt 0.2880 0.0000
vt 0.4320 0.0000
vt 0.0000 0.8404
vt 0.0960 0.8404
vt 0.1920 0.8404
vt 0.2880 0.8404
vt 0.0000 1.6820
vt 0.0480 1.6820
vt 0.0960 1.6820
vt 0.1440 1.6820
vt 0.0000 2.5215
vt 0.0133 2.5215
vt 0.0267 2.5215
vt 0.0400 2.5215
vt 0.0000 4.8253
vt 0.0821 4.8253
vt 0.1641 4.8253
vt 0.2462 4.8253
vt 0.0000 5.2983
vt 0.0547 5.2983
vt 0.1094 5.2983
vt 0.1641 5.2983
vt 0.0000 5.7738
vt 0.0274 5.7738
vt 0.0547 5.7738
vt 0.0821 5.7738
vt 0.0000 6.2522
vt 0.0133 6.2522
vt 0.0267 6.2522
vt 0.0400 6.2522
vt 0.0000 6.8661
vt 0.0320 6.8661
vt 0.0641 6.8661
vt 0.0961 6.8661
vt 0.0000 7.0521
vt 0.0214 7.0521
vt 0.0427 7.0521
vt 0.0641 7.0521
vt 0.0000 7.2400
vt 0.0133 7.2400
vt 0.0267 7.2400
vt 0.0400 7.2400
vt 0.0000 7.4267
vt 0.0133 7.4267
vt 0.0267 7.4267
vt 0.0400 7.4267
vt 0.0000 7.9298
vt 0.0337 7.9298
vt 0.0674 7.9298
vt 0.1011 7.9298
vt 0.0000 8.1279
vt 0.0225 8.1279
vt 0.0449 8.1279
vt 0.0674 8.1279
vt 0.0000 8.3252
vt 0.0133 8.3252
vt 0.0267 8.3252
vt 0.0400 8.3252
vt 0.0000 8.5215
vt 0.0133 8.5215
vt 0.0267 8.5215
vt 0.0400 8.5215
vt 0.0000 0.0000
vt 0.1035 0.0000
vt 0.2071 0.0000
vt 0.3106 0.0000
vt 0.0000 0.6038
vt 0.0690 0.6038
vt 0.1381 0.6038
vt 0.2071 0.6038
vt 0.0000 1.2096
vt 0.0345 1.2096
vt 0.0690 1.2096
vt 0.1035 1.2096
vt 0.0000 1.8132
vt 0.0133 1.8132
vt 0.0267 1.8132
vt 0.0400 1.8132
vt 0.0000 0.0000
vt 0.0306 0.0000
vt 0.0613 0.0000
vt 0.0919 0.0000
vt 0.0000 0.2583
vt 0.0204 0.2583
vt 0.0409 0.2583
vt 0.0613 0.2583
vt 0.0000 0.5162
vt 0.0133 0.5162
vt 0.0267 0.5162
vt 0.0400 0.5162
vt 0.0000 0.7740
vt 0.0133 0.7740
vt 0.0267 0.7740
vt 0.0400 0.7740
vt 0.0000 0.0000
vt 0.0597 0.0000
vt 0.1193 0.0000
vt 0.1790 0.0000
vt 0.0000 0.5053
vt 0.0398 0.5053
vt 0.0795 0.5053
vt 0.1193 0.5053
vt 0.0000 1.0065
vt 0.0199 1.0065
vt 0.0398 1.0065
vt 0.0597 1.0065
vt 0.0000 1.5083
vt 0.0133 1.5083
vt 0.0267 1.5083
vt 0.0400 1.5083
vt 0.0000 3.2447
vt 0.1001 3.2447
vt 0.2002 3.2447
vt 0.3003 3.2447
vt 0.0000 4.0878
vt 0.0667 4.0878
vt 0.1335 4.0878
vt 0.2002 4.0878
vt 0.0000 4.9260
vt 0.0334 4.9260
vt 0.0667 4.9260
vt 0.1001 4.9260
vt 0.0000 5.7676
vt 0.0133 5.7676
vt 0.0267 5.7676
vt 0.0400 5.7676
vt 0.0000 7.6430
vt 0.0528 7.6430
vt 0.1057 7.6430
vt 0.1585 7.6430
vt 0.0000 8.0854
vt 0.0352 8.0854
vt 0.0705 8.0854
vt 0.1057 8.0854
vt 0.0000 8.5283
vt 0.0176 8.5283
vt 0.0352 8.5283
vt 0.0528 8.5283
vt 0.0000 8.9727
vt 0.0133 8.9727
vt 0.0267 8.9727
vt 0.0400 8.9727
vt 0.0000 10.0868
vt 0.0415 10.0868
vt 0.0830 10.0868
vt 0.1245 10.0868
vt 0.0000 10.4356
vt 0.0277 10.4356
vt 0.0553 10.4356
vt 0.0830 10.4356
vt 0.0000 10.7844
vt 0.0138 10.7844
vt 0.0277 10.7844
vt 0.0415 10.7844
vt 0.0000 11.1334
vt 0.0133 11.1334
vt 0.0267 11.1334
vt 0.0400 11.1334
vt 0.0000 12.0686
vt 0.0179 12.0686
vt 0.0357 12.0686
vt 0.0536 12.0686
vt 0.0000 12.2200
vt 0.0133 12.2200
vt 0.0267 12.2200
vt 0.0400 12.2200
vt 0.0000 12.3708
vt 0.0133 12.3708
vt 0.0267 12.3708
vt 0.0400 12.3708
vt 0.0000 12.5208
vt 0.0133 12.5208
vt 0.0267 12.5208
vt 0.0400 12.5208
vt 0.0000 0.0000
vt 0.0274 0.0000
vt 0.0547 0.0000
vt 0.0821 0.0000
vt 0.0000 0.5769
vt 0.0182 0.5769
vt 0.0365 0.5769
vt 0.0547 0.5769
vt 0.0000 1.1547
vt 0.0133 1.1547
vt 0.0267 1.1547
vt 0.0400 1.1547
vt 0.0000 1.7334
vt 0.0133 1.7334
vt 0.0267 1.7334
vt 0.0400 1.7334
vt 0.0000 2.9713
vt 0.0321 2.9713
vt 0.0643 2.9713
vt 0.0964 2.9713
vt 0.0000 3.6513
vt 0.0214 3.6513
vt 0.0428 3.6513
vt 0.0643 3.6513
vt 0.0000 4.3304
vt 0.0133 4.3304
vt 0.0267 4.3304
vt 0.0400 4.3304
vt 0.0000 5.0098
vt 0.0133 5.0098
vt 0.0267 5.0098
vt 0.0400 5.0098
vt 0.0000 6.9298
vt 0.0222 6.9298
vt 0.0444 6.9298
vt 0.0665 6.9298
vt 0.0000 7.3985
vt 0.0148 7.3985
vt 0.0296 7.3985
vt 0.0444 7.3985
vt 0.0000 7.8674
vt 0.0133 7.8674
vt 0.0267 7.8674
vt 0.0400 7.8674
vt 0.0000 8.3364
vt 0.0133 8.3364
vt 0.0267 8.3364
vt 0.0400 8.3364
vt 0.0000 9.7492
vt 0.0295 9.7492
vt 0.0589 9.7492
vt 0.0884 9.7492
vt 0.0000 10.3727
vt 0.0196 10.3727
vt 0.0393 10.3727
vt 0.0589 10.3727
vt 0.0000 10.9946
vt 0.0133 10.9946
vt 0.0267 10.9946
vt 0.0400 10.9946
vt 0.0000 11.6177
vt 0.0133 11.6177
vt 0.0267 11.6177
vt 0.0400 11.6177
vt 0.0000 13.2913
vt 0.0204 13.2913
vt 0.0408 13.2913
vt 0.0612 13.2913
vt 0.0000 13.7241
vt 0.0136 13.7241
vt 0.0272 13.7241
vt 0.0408 13.7241
vt 0.0000 14.1561
vt 0.0133 14.1561
vt 0.0267 14.1561
vt 0.0400 14.1561
vt 0.0000 14.5879
vt 0.0133 14.5879
vt 0.0267 14.5879
vt 0.0400 14.5879
vt 0.0000 15.4042
vt 0.0161 15.4042
vt 0.0322 15.4042
vt 0.0483 15.4042
vt 0.0000 15.7440
vt 0.0133 15.7440
vt 0.0267 15.7440
vt 0.0400 15.7440
vt 0.0000 16.0837
vt 0.0133 16.0837
vt 0.0267 16.0837
vt 0.0400 16.0837
vt 0.0000 16.4240
vt 0.0133 16.4240
vt 0.0267 16.4240
vt 0.0400 16.4240
vt 0.0000 0.0000
vt 0.0238 0.0000
vt 0.0476 0.0000
vt 0.0715 0.0000
vt 0.0000 0.6482
vt 0.0159 0.6482
vt 0.0318 0.6482
vt 0.0476 0.6482
vt 0.0000 1.2936
vt 0.0133 1.2936
vt 0.0267 1.2936
vt 0.0400 1.2936
vt 0.0000 1.9398
vt 0.0133 1.9398
vt 0.0267 1.9398
vt 0.0400 1.9398
vt 0.0000 3.0918
vt 0.0133 3.0918
vt 0.0267 3.0918
vt 0.0400 3.0918
vt 0.0000 3.3011
vt 0.0133 3.3011
vt 0.0267 3.3011
vt 0.0400 3.3011
vt 0.0000 3.5101
vt 0.0133 3.5101
vt 0.0267 3.5101
vt 0.0400 3.5101
vt 0.0000 3.7191
vt 0.0133 3.7191
vt 0.0267 3.7191
vt 0.0400 3.7191
vt 0.0000 4.1963
vt 0.0250 4.1963
vt 0.0501 4.1963
vt 0.0751 4.1963
vt 0.0000 4.8764
vt 0.0167 4.8764
vt 0.0334 4.8764
vt 0.0501 4.8764
vt 0.0000 5.5551
vt 0.0133 5.5551
vt 0.0267 5.5551
vt 0.0400 5.5551
vt 0.0000 6.2347
vt 0.0133 6.2347
vt 0.0267 6.2347
vt 0.0400 6.2347
vt 0.0000 7.9299
vt 0.0133 7.9299
vt 0.0267 7.9299
vt 0.0400 7.9299
vt 0.0000 8.0760
vt 0.0133 8.0760
vt 0.0267 8.0760
vt 0.0400 8.0760
vt 0.0000 8.2223
vt 0.0133 8.2223
vt 0.0267 8.2223
vt 0.0400 8.2223
vt 0.0000 8.3685
vt 0.0133 8.3685
vt 0.0267 8.3685
vt 0.0400 8.3685
vt 0.0000 8.8513
vt 0.0190 8.8513
vt 0.0381 8.8513
vt 0.0571 8.8513
vt 0.0000 9.3696
vt 0.0133 9.3696
vt 0.0267 9.3696
vt 0.0400 9.3696
vt 0.0000 9.8871
vt 0.0133 9.8871
vt 0.0267 9.8871
vt 0.0400 9.8871
vt 0.0000 10.4040
vt 0.0133 10.4040
vt 0.0267 10.4040
vt 0.0400 10.4040
vt 0.0000 10.9699
vt 0.0133 10.9699
vt 0.0267 10.9699
vt 0.0400 10.9699
vt 0.0000 11.0618
vt 0.0133 11.0618
vt 0.0267 11.0618
vt 0.0400 11.0618
vt 0.0000 11.1539
vt 0.0133 11.1539
vt 0.0267 11.1539
vt 0.0400 11.1539
vt 0.0000 11.2460
vt 0.0133 11.2460
vt 0.0267 11.2460
vt 0.0400 11.2460
vn 0.9186 0.2589 0.2985
vn 0.8283 0.2701 0.4909
vn 0.3816 0.2702 0.8840
vn -0.2109 0.2702 0.9394
vn -0.7228 0.2702 0.6361
vn -0.9586 0.2703 0.0897
vn -0.8283 0.2703 -0.4909
vn -0.3815 0.2703 -0.8840
vn 0.2109 0.2702 -0.9394
vn 0.7228 0.2702 -0.6360
vn 0.9186 0.2589 -0.2985
vn 0.9258 0.2288 0.3008
vn 0.7769 0.2233 0.5887
vn 0.2825 0.2233 0.9329
vn -0.3199 0.2231 0.9208
vn -0.8000 0.2229 0.5570
vn -0.9747 0.2227 -0.0196
vn -0.7771 0.2226 -0.5887
vn -0.2826 0.2227 -0.9330
vn 0.3198 0.2228 -0.9209
vn 0.8000 0.2230 -0.5571
vn 0.9329 0.1946 -0.3031
vn 0.9431 0.1288 0.3065
vn 0.7963 0.1183 0.5933
vn 0.2955 0.1178 0.9481
vn -0.3183 0.1172 0.9407
vn -0.8105 0.1167 0.5739
vn -0.9931 0.1166 -0.0121
vn -0.7963 0.1169 -0.5935
vn -0.2954 0.1174 -0.9481
vn 0.3182 0.1180 -0.9407
vn 0.8103 0.1184 -0.5740
vn 0.9467 0.0955 -0.3076
vn 0.9498 0.0506 0.3087
vn 0.8050 0.0464 0.5914
vn 0.3038 0.0447 0.9517
vn -0.3134 0.0432 0.9486
vn -0.8111 0.0426 0.5834
vn -0.9991 0.0431 -0.0048
vn -0.8054 0.0444 -0.5911
vn -0.3039 0.0461 -0.9516
vn 0.3136 0.0475 -0.9484
vn 0.8112 0.0481 -0.5828
vn 0.9503 0.0399 -0.3087
vn 0.9507 0.0262 0.3089
vn 0.8069 0.0263 0.5901
vn 0.3059 0.0251 0.9517
vn -0.3120 0.0242 0.9498
vn -0.8106 0.0240 0.5850
vn -0.9997 0.0245 -0.0031
vn -0.8070 0.0256 -0.5900
vn -0.3062 0.0269 -0.9516
vn 0.3116 0.0278 -0.9498
vn 0.8104 0.0280 -0.5852
vn 0.9507 0.0260 -0.3089
vn 0.9508 0.0247 0.3089
vn 0.8069 0.0260 0.5901
vn 0.3060 0.0260 0.9517
vn -0.3118 0.0259 0.9498
vn -0.8106 0.0259 0.5851
vn -0.9997 0.0259 -0.0031
vn -0.8069 0.0260 -0.5901
vn -0.3060 0.0260 -0.9517
vn 0.3119 0.0260 -0.9498
vn 0.8106 0.0261 -0.5851
vn 0.9508 0.0248 -0.3089
vn 0.9508 0.0248 0.3089
vn 0.8069 0.0260 0.5902
vn 0.3059 0.0260 0.9517
vn -0.3119 0.0259 0.9497
vn -0.8106 0.0259 0.5850
vn -0.9997 0.0259 -0.0032
vn -0.8069 0.0260 -0.5902
vn -0.3059 0.0260 -0.9517
vn 0.3119 0.0261 -0.9497
vn 0.8106 0.0261 -0.5850
vn 0.9508 0.0248 -0.3089
vn 0.9508 0.0248 0.3089
vn 0.8068 0.0260 0.5902
vn 0.3058 0.0260 0.9517
vn -0.3120 0.0259 0.9497
vn -0.8107 0.0259 0.5849
vn -0.9997 0.0259 -0.0033
vn -0.8068 0.0260 -0.5902
vn -0.3058 0.0260 -0.9517
vn 0.3120 0.0261 -0.9497
vn 0.8107 0.0261 -0.5849
vn 0.9508 0.0248 -0.3089
vn 0.9508 0.0248 0.3089
vn 0.8067 0.0260 0.5903
vn 0.3057 0.0260 0.9518
vn -0.3121 0.0259 0.9497
vn -0.8107 0.0259 0.5848
vn -0.9997 0.0259 -0.0034
vn -0.8068 0.0260 -0.5903
vn -0.3057 0.0260 -0.9518
vn 0.3121 0.0261 -0.9497
vn 0.8107 0.0261 -0.5848
vn 0.9508 0.0248 -0.3089
vn 0.9508 0.0247 0.3089
vn 0.8067 0.0260 0.5904
vn 0.3056 0.0260 0.9518
vn -0.3122 0.0260 0.9497
vn -0.8108 0.0260 0.5848
vn -0.9997 0.0260 -0.0035
vn -0.8067 0.0260 -0.5904
vn -0.3056 0.0260 -0.9518
vn 0.3122 0.0260 -0.9497
vn 0.8108 0.0260 -0.5848
vn 0.9508 0.0247 -0.3089
vn 0.9508 0.0247 0.3089
vn 0.8066 0.0260 0.5905
vn 0.3055 0.0260 0.9518
vn -0.3123 0.0260 0.9496
vn -0.8109 0.0260 0.5847
vn -0.9997 0.0260 -0.0036
vn -0.8066 0.0260 -0.5905
vn -0.3055 0.0260 -0.9518
vn 0.3123 0.0260 -0.9496
vn 0.8109 0.0260 -0.5847
vn 0.9508 0.0247 -0.3089
vn 0.9508 0.0247 0.3089
vn 0.8065 0.0260 0.5906
vn 0.3054 0.0260 0.9519
vn -0.3125 0.0260 0.9496
vn -0.8109 0.0260 0.5846
vn -0.9997 0.0260 -0.0037
vn -0.8065 0.0260 -0.5906
vn -0.3054 0.0260 -0.9519
vn 0.3125 0.0260 -0.9496
vn 0.8109 0.0260 -0.5846
vn 0.9508 0.0247 -0.3089
vn 0.9508 0.0247 0.3089
vn 0.8065 0.0260 0.5907
vn 0.3052 0.0260 0.9519
vn -0.3126 0.0260 0.9495
vn -0.8110 0.0260 0.5845
vn -0.9997 0.0260 -0.0039
vn -0.8065 0.0260 -0.5907
vn -0.3052 0.0260 -0.9519
vn 0.3126 0.0260 -0.9495
vn 0.8110 0.0260 -0.5845
vn 0.9508 0.0247 -0.3089
vn 0.9508 0.0247 0.3089
vn 0.8064 0.0260 0.5908
vn 0.3051 0.0260 0.9520
vn -0.3127 0.0260 0.9495
vn -0.8111 0.0260 0.5843
vn -0.9997 0.0260 -0.0040
vn -0.8064 0.0260 -0.5908
vn -0.3051 0.0260 -0.9520
vn 0.3127 0.0260 -0.9495
vn 0.8111 0.0260 -0.5843
vn 0.9508 0.0247 -0.3089
vn 0.9508 0.0247 0.3089
vn 0.8063 0.0260 0.5910
vn 0.3049 0.0260 0.9520
vn -0.3129 0.0260 0.9494
vn -0.8112 0.0260 0.5842
vn -0.9997 0.0260 -0.0042
vn -0.8063 0.0260 -0.5910
vn -0.3049 0.0260 -0.9520
vn 0.3129 0.0260 -0.9494
vn 0.8112 0.0260 -0.5842
vn 0.9508 0.0247 -0.3089
vn 0.9508 0.0247 0.3089
vn 0.8062 0.0260 0.5911
vn 0.3048 0.0260 0.9521
vn -0.3130 0.0260 0.9494
vn -0.8113 0.0260 0.5841
vn -0.9997 0.0260 -0.0043
vn -0.8062 0.0260 -0.5911
vn -0.3048 0.0260 -0.9521
vn 0.3130 0.0260 -0.9494
vn 0.8113 0.0260 -0.5841
vn 0.9508 0.0247 -0.3089
vn 0.9508 0.0247 0.3089
vn 0.8061 0.0260 0.5912
vn 0.3046 0.0260 0.9521
vn -0.3132 0.0260 0.9493
vn -0.8114 0.0260 0.5839
vn -0.9997 0.0260 -0.0045
vn -0.8061 0.0260 -0.5912
vn -0.3046 0.0260 -0.9521
vn 0.3132 0.0260 -0.9493
vn 0.8114 0.0260 -0.5839
vn 0.9508 0.0247 -0.3089
vn 0.9508 0.0247 0.3089
vn 0.8060 0.0260 0.5914
vn 0.3044 0.0260 0.9522
vn -0.3134 0.0260 0.9493
vn -0.8115 0.0260 0.5838
vn -0.9997 0.0260 -0.0047
vn -0.8060 0.0260 -0.5914
vn -0.3044 0.0260 -0.9522
vn 0.3134 0.0260 -0.9493
vn 0.8115 0.0260 -0.5838
vn 0.9508 0.0247 -0.3089
vn 0.9508 0.0247 0.3089
vn 0.8058 0.0260 0.5916
vn 0.3042 0.0260 0.9522
vn -0.3136 0.0260 0.9492
vn -0.8116 0.0260 0.5836
vn -0.9997 0.0260 -0.0049
vn -0.8058 0.0260 -0.5916
vn -0.3042 0.0260 -0.9522
vn 0.3136 0.0260 -0.9492
vn 0.8116 0.0260 -0.5836
vn 0.9508 0.0247 -0.3089
vn 0.9508 0.0247 0.3089
vn 0.8057 0.0260 0.5917
vn 0.3040 0.0260 0.9523
vn -0.3138 0.0260 0.9491
vn -0.8118 0.0260 0.5834
vn -0.9996 0.0260 -0.0052
vn -0.8057 0.0260 -0.5917
vn -0.3040 0.0260 -0.9523
vn 0.3138 0.0260 -0.9491
vn 0.8118 0.0260 -0.5834
vn 0.9508 0.0247 -0.3089
vn 0.9508 0.0247 0.3089
vn 0.8055 0.0260 0.5920
vn 0.3038 0.0260 0.9524
vn -0.3141 0.0260 0.9490
vn -0.8119 0.0260 0.5832
vn -0.9996 0.0260 -0.0054
vn -0.8055 0.0260 -0.5920
vn -0.3038 0.0260 -0.9524
vn 0.3141 0.0260 -0.9490
vn 0.8119 0.0260 -0.5832
vn 0.9508 0.0247 -0.3089
vn 0.9508 0.0247 0.3089
vn 0.8054 0.0260 0.5922
vn 0.3035 0.0260 0.9525
vn -0.3143 0.0260 0.9490
vn -0.8121 0.0260 0.5830
vn -0.9996 0.0260 -0.0057
vn -0.8054 0.0260 -0.5922
vn -0.3035 0.0260 -0.9525
vn 0.3143 0.0260 -0.9490
vn 0.8121 0.0260 -0.5830
vn 0.9508 0.0247 -0.3089
vn 0.9508 0.0247 0.3089
vn 0.8052 0.0260 0.5924
vn 0.3032 0.0260 0.9526
vn -0.3146 0.0260 0.9489
vn -0.8123 0.0260 0.5827
vn -0.9996 0.0260 -0.0060
vn -0.8052 0.0260 -0.5924
vn -0.3032 0.0260 -0.9526
vn 0.3146 0.0260 -0.9489
vn 0.8123 0.0260 -0.5827
vn 0.9508 0.0247 -0.3089
vn 0.9508 0.0247 0.3089
vn 0.8050 0.0260 0.5927
vn 0.3028 0.0260 0.9527
vn -0.3150 0.0260 0.9487
vn -0.8125 0.0260 0.5824
vn -0.9996 0.0260 -0.0064
vn -0.8050 0.0260 -0.5927
vn -0.3028 0.0260 -0.9527
vn 0.3150 0.0260 -0.9487
vn 0.8125 0.0260 -0.5824
vn 0.9508 0.0247 -0.3089
vn 0.9508 0.0247 0.3089
vn 0.8047 0.0260 0.5930
vn 0.3025 0.0260 0.9528
vn -0.3153 0.0260 0.9486
vn -0.8127 0.0260 0.5821
vn -0.9996 0.0260 -0.0068
vn -0.8047 0.0260 -0.5930
vn -0.3025 0.0260 -0.9528
vn 0.3153 0.0260 -0.9486
vn 0.8127 0.0260 -0.5821
vn 0.9508 0.0247 -0.3089
vn 0.9508 0.0247 0.3089
vn 0.8045 0.0260 0.5934
vn 0.3020 0.0260 0.9529
vn -0.3158 0.0260 0.9485
vn -0.8130 0.0260 0.5817
vn -0.9996 0.0260 -0.0072
vn -0.8045 0.0260 -0.5934
vn -0.3020 0.0260 -0.9529
vn 0.3158 0.0260 -0.9485
vn 0.8130 0.0260 -0.5817
vn 0.9508 0.0247 -0.3089
vn 0.9508 0.0247 0.3089
vn 0.8042 0.0260 0.5938
vn 0.3015 0.0260 0.9531
vn -0.3163 0.0260 0.9483
vn -0.8133 0.0260 0.5813
vn -0.9996 0.0260 -0.0077
vn -0.8042 0.0260 -0.5938
vn -0.3015 0.0260 -0.9531
vn 0.3163 0.0260 -0.9483
vn 0.8133 0.0260 -0.5813
vn 0.9508 0.0247 -0.3089
vn 0.9508 0.0247 0.3089
vn 0.8038 0.0260 0.5943
vn 0.3010 0.0260 0.9533
vn -0.3168 0.0260 0.9481
vn -0.8136 0.0260 0.5808
vn -0.9996 0.0260 -0.0083
vn -0.8038 0.0260 -0.5943
vn -0.3010 0.0260 -0.9533
vn 0.3168 0.0260 -0.9481
vn 0.8136 0.0260 -0.5808
vn 0.9508 0.0247 -0.3089
vn 0.9508 0.0247 0.3089
vn 0.8034 0.0260 0.5949
vn 0.3003 0.0260 0.9535
vn -0.3175 0.0260 0.9479
vn -0.8140 0.0260 0.5803
vn -0.9996 0.0260 -0.0090
vn -0.8034 0.0260 -0.5949
vn -0.3003 0.0260 -0.9535
vn 0.3175 0.0260 -0.9479
vn 0.8140 0.0260 -0.5803
vn 0.9508 0.0247 -0.3089
vn 0.9508 0.0247 0.3089
vn 0.8029 0.0260 0.5955
vn 0.2995 0.0260 0.9537
vn -0.3183 0.0260 0.9476
vn -0.8145 0.0260 0.5796
vn -0.9996 0.0260 -0.0098
vn -0.8029 0.0260 -0.5955
vn -0.2995 0.0260 -0.9537
vn 0.3183 0.0260 -0.9476
vn 0.8145 0.0260 -0.5796
vn 0.9508 0.0247 -0.3089
vn 0.9508 0.0247 0.3089
vn 0.8023 0.0260 0.5963
vn 0.2986 0.0260 0.9540
vn -0.3192 0.0260 0.9473
vn -0.8151 0.0260 0.5788
vn -0.9996 0.0260 -0.0108
vn -0.8023 0.0260 -0.5963
vn -0.2986 0.0260 -0.9540
vn 0.3192 0.0260 -0.9473
vn 0.8151 0.0260 -0.5788
vn 0.9508 0.0247 -0.3089
vn 0.9508 0.0247 0.3089
vn 0.8016 0.0260 0.5973
vn 0.2974 0.0260 0.9544
vn -0.3203 0.0260 0.9469
vn -0.8158 0.0260 0.5778
vn -0.9996 0.0260 -0.0120
vn -0.8016 0.0260 -0.5973
vn -0.2974 0.0260 -0.9544
vn 0.3203 0.0260 -0.9469
vn 0.8158 0.0260 -0.5778
vn 0.9508 0.0247 -0.3089
vn 0.9508 0.0247 0.3089
vn 0.8007 0.0260 0.5985
vn 0.2960 0.0260 0.9548
vn -0.3218 0.0260 0.9465
vn -0.8166 0.0260 0.5766
vn -0.9996 0.0260 -0.0135
vn -0.8007 0.0260 -0.5985
vn -0.2960 0.0260 -0.9548
vn 0.3218 0.0260 -0.9465
vn 0.8166 0.0260 -0.5766
vn 0.9508 0.0247 -0.3089
vn 0.9508 0.0247 0.3089
vn 0.7996 0.0260 0.6000
vn 0.2942 0.0260 0.9554
vn -0.3236 0.0260 0.9458
vn -0.8177 0.0260 0.5750
vn -0.9995 0.0260 -0.0155
vn -0.7996 0.0260 -0.6000
vn -0.2942 0.0260 -0.9554
vn 0.3236 0.0260 -0.9458
vn 0.8177 0.0260 -0.5750
vn 0.9508 0.0247 -0.3089
vn 0.9508 0.0247 0.3089
vn 0.7980 0.0260 0.6021
vn 0.2917 0.0260 0.9562
vn -0.3260 0.0260 0.9450
vn -0.8192 0.0260 0.5729
vn -0.9995 0.0260 -0.0180
vn -0.7980 0.0260 -0.6021
vn -0.2917 0.0260 -0.9562
vn 0.3260 0.0260 -0.9450
vn 0.8192 0.0260 -0.5729
vn 0.9508 0.0247 -0.3089
vn 0.9508 0.0247 0.3089
vn 0.7958 0.0260 0.6050
vn 0.2883 0.0260 0.9572
vn -0.3294 0.0260 0.9438
vn -0.8213 0.0260 0.5699
vn -0.9994 0.0260 -0.0216
vn -0.7958 0.0260 -0.6050
vn -0.2883 0.0260 -0.9572
vn 0.3294 0.0260 -0.9438
vn 0.8213 0.0260 -0.5699
vn 0.9508 0.0247 -0.3089
vn 0.9508 0.0247 0.3089
vn 0.7925 0.0260 0.6093
vn 0.2831 0.0260 0.9587
vn -0.3345 0.0260 0.9420
vn -0.8244 0.0260 0.5655
vn -0.9993 0.0260 -0.0271
vn -0.7925 0.0260 -0.6093
vn -0.2831 0.0260 -0.9587
vn 0.3345 0.0260 -0.9420
vn 0.8244 0.0260 -0.5655
vn 0.9508 0.0247 -0.3089
vn 0.9508 0.0247 0.3089
vn 0.7870 0.0260 0.6164
vn 0.2744 0.0260 0.9613
vn -0.3430 0.0260 0.9390
vn -0.8294 0.0260 0.5580
vn -0.9990 0.0260 -0.0361
vn -0.7870 0.0260 -0.6164
vn -0.2744 0.0260 -0.9613
vn 0.3430 0.0260 -0.9390
vn 0.8294 0.0260 -0.5580
vn 0.9508 0.0247 -0.3089
vn 0.9508 0.0247 0.3089
vn 0.7758 0.0260 0.6305
vn 0.2571 0.0260 0.9660
vn -0.3599 0.0260 0.9326
vn -0.8393 0.0260 0.5430
vn -0.9982 0.0260 -0.0541
vn -0.7758 0.0260 -0.6305
vn -0.2571 0.0260 -0.9660
vn 0.3599 0.0260 -0.9326
vn 0.8393 0.0260 -0.5430
vn 0.9508 0.0247 -0.3089
vn 0.9508 0.0247 0.3089
vn 0.7408 0.0258 0.6713
vn 0.2047 0.0258 0.9785
vn -0.4095 0.0258 0.9119
vn -0.8673 0.0258 0.4971
vn -0.9939 0.0258 -0.1076
vn -0.7408 0.0258 -0.6713
vn -0.2047 0.0258 -0.9785
vn 0.4095 0.0258 -0.9119
vn 0.8673 0.0258 -0.4971
vn 0.9508 0.0247 -0.3089
vn 0.9508 0.0247 0.3089
vn 0.5876 0.0247 0.8088
vn 0.0000 0.0247 0.9997
vn -0.5876 0.0247 0.8088
vn -0.9508 0.0247 0.3089
vn -0.9508 0.0247 -0.3089
vn -0.5876 0.0247 -0.8088
vn 0.0000 0.0247 -0.9997
vn 0.5876 0.0247 -0.8088
vn 0.9508 0.0247 -0.3089
vn 0.0000 0.0000 0.0000
vn -0.5072 -0.5890 0.6292
vn -0.2933 -0.8697 0.3969
vn 0.4401 -0.7412 -0.5069
vn 0.4990 0.4019 -0.7678
vn -0.2008 0.9794 -0.0209
vn -0.6082 0.5700 0.5524
vn -0.5171 -0.6027 0.6077
vn -0.1501 -0.9697 0.1926
vn 0.5313 -0.5327 -0.6587
vn 0.4025 0.6363 -0.6582
vn -0.3552 0.9143 0.1945
vn -0.6198 0.5565 0.5533
vn -0.5669 -0.6205 0.5419
vn -0.1787 -0.9765 0.1206
vn 0.5772 -0.5010 -0.6448
vn 0.4621 0.6683 -0.5829
vn -0.3596 0.9063 0.2223
vn -0.6653 0.5416 0.5139
vn -0.6547 -0.6368 0.4072
vn -0.2038 -0.9790 0.0090
vn 0.6663 -0.4610 -0.5861
vn 0.5593 0.6967 -0.4491
vn -0.3784 0.8963 0.2313
vn -0.7270 0.5425 0.4210
vn -0.7487 -0.6102 0.2590
vn -0.1963 -0.9791 -0.0538
vn 0.7714 -0.4539 -0.4460
vn 0.6437 0.7010 -0.3071
vn -0.4192 0.8905 0.1768
vn -0.7693 0.5728 0.2830
vn -0.7588 -0.6192 0.2019
vn -0.0627 -0.9890 -0.1343
vn 0.8199 -0.3015 -0.4866
vn 0.5275 0.8127 -0.2477
vn -0.5340 0.8076 0.2502
vn -0.7598 0.4994 0.4162
vn -0.7231 -0.6558 0.2168
vn 0.1757 -0.8386 -0.5157
vn 0.7890 0.1593 -0.5934
vn 0.2692 0.9588 0.0911
vn -0.6654 0.4550 0.5919
vn 0.0000 0.0000 0.0000
vn -0.4068 -0.5920 0.6957
vn -0.2575 -0.8356 0.4853
vn 0.2859 -0.7817 -0.5543
vn 0.3262 0.3435 -0.8807
vn -0.1863 0.9812 -0.0495
vn -0.4611 0.6410 0.6136
vn -0.3829 -0.4913 0.7823
vn -0.1114 -0.9119 0.3951
vn 0.3657 -0.6657 -0.6505
vn 0.2646 0.4889 -0.8312
vn -0.2728 0.9570 0.0983
vn -0.4203 0.7150 0.5586
vn -0.3359 -0.4210 0.8426
vn -0.0800 -0.9062 0.4152
vn 0.3292 -0.6748 -0.6606
vn 0.2016 0.4793 -0.8542
vn -0.2836 0.9535 0.1025
vn -0.4255 0.6797 0.5975
vn -0.3573 -0.5296 0.7693
vn -0.1187 -0.9580 0.2611
vn 0.3216 -0.5724 -0.7543
vn 0.2238 0.5927 -0.7737
vn -0.2781 0.9325 0.2303
vn -0.4590 0.6149 0.6413
vn -0.4872 -0.5063 0.7115
vn -0.1956 -0.9414 0.2747
vn 0.4133 -0.6159 -0.6707
vn 0.3742 0.5546 -0.7432
vn -0.2606 0.9522 0.1596
vn -0.4543 0.7569 0.4699
vn -0.5369 -0.2994 0.7887
vn -0.1516 -0.8965 0.4164
vn 0.4597 -0.6878 -0.5618
vn 0.3638 0.4567 -0.8118
vn -0.3069 0.9516 0.0141
vn -0.4189 0.8673 0.2687
vn -0.4849 -0.1445 0.8625
vn 0.0833 -0.9658 0.2457
vn 0.4722 -0.4710 -0.7451
vn 0.1445 0.6562 -0.7407
vn -0.4471 0.8580 0.2529
vn 0.0000 0.0000 0.0000
vn -0.2701 -0.5927 0.7588
vn -0.1602 -0.8323 0.5306
vn 0.1617 -0.7807 -0.6036
vn 0.1331 0.3341 -0.9331
vn -0.1929 0.9809 -0.0245
vn -0.3286 0.6436 0.6912
vn -0.1885 -0.4710 0.8618
vn -0.0053 -0.9087 0.4174
vn 0.1623 -0.6733 -0.7214
vn 0.0305 0.4671 -0.8837
vn -0.2180 0.9647 0.1478
vn -0.2064 0.7228 0.6596
vn -0.0027 -0.4246 0.9054
vn 0.0518 -0.9120 0.4070
vn -0.0349 -0.6655 -0.7456
vn -0.1648 0.4919 -0.8549
vn -0.1601 0.9629 0.2174
vn -0.0424 0.6776 0.7342
vn 0.0544 -0.5084 0.8594
vn -0.0281 -0.9424 0.3334
vn -0.1177 -0.6100 -0.7836
vn -0.1509 0.5583 -0.8158
vn -0.0832 0.9528 0.2921
vn -0.0804 0.6774 0.7312
vn -0.0737 -0.3981 0.9144
vn -0.0165 -0.8892 0.4573
vn 0.0091 -0.7106 -0.7035
vn -0.0646 0.4449 -0.8932
vn -0.1359 0.9797 0.1477
vn -0.0926 0.8403 0.5342
vn -0.0473 -0.2144 0.9756
vn -0.0346 -0.8746 0.4836
vn -0.0338 -0.7317 -0.6808
vn -0.0754 0.4183 -0.9052
vn -0.1019 0.9875 0.1200
vn -0.0933 0.8890 0.4483
vn -0.0895 -0.1563 0.9837
vn -0.0202 -0.9873 0.1575
vn 0.0020 -0.4570 -0.8895
vn -0.0536 0.7018 -0.7104
vn -0.1101 0.8876 0.4473
vn 0.0000 0.0000 0.0000
vn -0.0143 -0.5868 0.8096
vn 0.0135 -0.8948 0.4463
vn 0.0693 -0.7010 -0.7098
vn -0.0402 0.4513 -0.8914
vn -0.1643 0.9747 0.1517
vn -0.1649 0.5078 0.8455
vn -0.0313 -0.6785 0.7340
vn 0.0173 -0.9907 0.1353
vn 0.0060 -0.4326 -0.9016
vn -0.1214 0.7144 -0.6891
vn -0.1858 0.8623 0.4710
vn -0.1432 0.4398 0.8866
vn -0.0767 -0.6987 0.7113
vn -0.0553 -0.9872 0.1496
vn 0.0285 -0.4580 -0.8885
vn -0.0310 0.6977 -0.7157
vn -0.1551 0.8843 0.4405
vn -0.1956 0.5568 0.8073
vn -0.1818 -0.5271 0.8301
vn -0.0515 -0.9349 0.3511
vn 0.1219 -0.6239 -0.7720
vn 0.0484 0.5463 -0.8362
vn -0.1693 0.9561 0.2392
vn -0.1766 0.7276 0.6629
vn -0.1683 -0.4350 0.8846
vn -0.0930 -0.9243 0.3702
vn 0.0818 -0.6480 -0.7572
vn 0.0433 0.5153 -0.8559
vn -0.1561 0.9650 0.2106
vn -0.2260 0.7603 0.6090
vn -0.3186 -0.2725 0.9079
vn -0.1310 -0.8845 0.4477
vn 0.2340 -0.7197 -0.6537
vn 0.1960 0.4265 -0.8830
vn -0.1954 0.9774 0.0811
vn -0.2860 0.9112 0.2966
vn -0.4318 -0.0947 0.8970
vn 0.0723 -0.9571 0.2806
vn 0.4098 -0.5148 -0.7531
vn 0.1142 0.6210 -0.7754
vn -0.4059 0.8806 0.2443
vn 0.0000 0.0000 0.0000
vn 0.0717 -0.5923 0.8025
vn 0.0765 -0.8257 0.5590
vn -0.0978 -0.7963 -0.5969
vn -0.2683 0.3216 -0.9081
vn -0.1916 0.9795 0.0617
vn -0.0169 0.6604 0.7508
vn 0.0684 -0.4704 0.8798
vn 0.0343 -0.8998 0.4349
vn -0.0580 -0.6914 -0.7201
vn -0.1505 0.4769 -0.8660
vn -0.1095 0.9733 0.2015
vn -0.0766 0.7414 0.6667
vn -0.0981 -0.4221 0.9013
vn -0.0621 -0.9118 0.4060
vn 0.0563 -0.6739 -0.7366
vn 0.0082 0.4791 -0.8777
vn -0.1430 0.9718 0.1874
vn -0.2207 0.6891 0.6902
vn -0.1445 -0.4890 0.8602
vn -0.0299 -0.9453 0.3249
vn 0.0262 -0.5964 -0.8023
vn -0.0503 0.5705 -0.8198
vn -0.1557 0.9460 0.2844
vn -0.0797 0.6376 0.7662
vn -0.0447 -0.5220 0.8518
vn -0.1328 -0.9510 0.2792
vn -0.1255 -0.5376 -0.8338
vn -0.0450 0.6208 -0.7827
vn 0.0040 0.9375 0.3480
vn -0.0455 0.6604 0.7495
vn -0.3231 -0.4557 0.8295
vn -0.2437 -0.9558 0.1646
vn 0.1351 -0.4970 -0.8572
vn 0.2433 0.6452 -0.7243
vn -0.0699 0.9233 0.3777
vn -0.2691 0.7390 0.6176
vn -0.6469 -0.3838 0.6590
vn -0.0324 -0.9902 -0.1361
vn 0.5692 -0.2238 -0.7911
vn 0.3263 0.8562 -0.4005
vn -0.4252 0.7573 0.4956
vn 0.0000 0.0000 0.0000
vn 0.3002 -0.5883 0.7509
vn 0.1911 -0.8842 0.4262
vn -0.2258 -0.7128 -0.6640
vn -0.4065 0.4326 -0.8047
vn -0.1033 0.9782 0.1800
vn 0.1844 0.5305 0.8274
vn 0.3091 -0.6404 0.7031
vn 0.1409 -0.9772 0.1589
vn -0.3549 -0.4991 -0.7905
vn -0.4579 0.6529 -0.6033
vn -0.0294 0.8868 0.4612
vn 0.2374 0.5288 0.8149
vn 0.4093 -0.5760 0.7076
vn 0.1895 -0.9488 0.2528
vn -0.4072 -0.5978 -0.6905
vn -0.5233 0.5694 -0.6340
vn 0.0050 0.9376 0.3478
vn 0.2700 0.6848 0.6768
vn 0.3957 -0.4246 0.8143
vn 0.1418 -0.9095 0.3908
vn -0.4084 -0.6703 -0.6196
vn -0.4641 0.4956 -0.7342
vn 0.0516 0.9776 0.2040
vn 0.2779 0.7345 0.6191
vn 0.2909 -0.4929 0.8200
vn 0.0097 -0.9682 0.2499
vn -0.3890 -0.5213 -0.7595
vn -0.3378 0.6457 -0.6848
vn 0.0936 0.9243 0.3699
vn 0.2335 0.5285 0.8162
vn 0.2682 -0.7035 0.6582
vn 0.0069 -0.9925 -0.1217
vn -0.4062 -0.2023 -0.8911
vn -0.3405 0.8560 -0.3890
vn 0.1121 0.7170 0.6880
vn 0.3113 0.2936 0.9038
vn 0.4460 -0.7764 0.4453
vn -0.1971 -0.8211 -0.5357
vn -0.6286 0.2521 -0.7357
vn -0.2523 0.9600 0.1217
vn 0.4119 0.3243 0.8516
vn 0.0000 0.0000 0.0000
vn 0.4296 -0.5900 0.6837
vn 0.2919 -0.8571 0.4244
vn -0.3429 -0.7569 -0.5564
vn -0.5890 0.3824 -0.7119
vn -0.0959 0.9797 0.1759
vn 0.3266 0.5916 0.7371
vn 0.4036 -0.5743 0.7123
vn 0.1322 -0.9639 0.2312
vn -0.4085 -0.5483 -0.7297
vn -0.4548 0.6243 -0.6352
vn 0.0567 0.9225 0.3818
vn 0.2626 0.5592 0.7864
vn 0.2489 -0.6681 0.7012
vn 0.0394 -0.9935 0.1070
vn -0.3109 -0.4124 -0.8563
vn -0.3232 0.7334 -0.5981
vn 0.0206 0.8540 0.5198
vn 0.1424 0.3992 0.9057
vn 0.0954 -0.7736 0.6265
vn -0.0250 -0.9997 -0.0063
vn -0.1756 -0.3006 -0.9374
vn -0.1903 0.8063 -0.5600
vn -0.0480 0.7922 0.6084
vn -0.0274 0.3850 0.9225
vn -0.0985 -0.6972 0.7101
vn -0.0741 -0.9914 0.1078
vn 0.0350 -0.4175 -0.9080
vn 0.0073 0.7304 -0.6829
vn -0.1211 0.8694 0.4791
vn -0.1742 0.6062 0.7760
vn -0.2085 -0.5086 0.8354
vn -0.0632 -0.9793 0.1923
vn 0.1161 -0.4931 -0.8622
vn 0.0481 0.6722 -0.7388
vn -0.1734 0.9042 0.3903
vn -0.1666 0.7373 0.6547
vn -0.1262 -0.4078 0.9043
vn -0.0277 -0.9938 -0.1080
vn 0.0343 -0.2077 -0.9776
vn -0.0260 0.8641 -0.5027
vn -0.1252 0.7404 0.6604
vn 0.0000 0.0000 0.0000
vn 0.5748 -0.5888 0.5683
vn 0.3393 -0.8867 0.3140
vn -0.4836 -0.7041 -0.5199
vn -0.6975 0.4453 -0.5615
vn -0.0214 0.9781 0.2069
vn 0.5113 0.5172 0.6863
vn 0.5981 -0.6461 0.4742
vn 0.2204 -0.9752 0.0226
vn -0.6610 -0.4622 -0.5911
vn -0.6754 0.6733 -0.3007
vn 0.1733 0.8616 0.4770
vn 0.5984 0.4614 0.6550
vn 0.6409 -0.6712 0.3724
vn 0.1880 -0.9819 0.0209
vn -0.6779 -0.4741 -0.5619
vn -0.6813 0.6726 -0.2888
vn 0.2037 0.8553 0.4764
vn 0.5028 0.5186 0.6916
vn 0.5288 -0.5843 0.6156
vn 0.1901 -0.9576 0.2162
vn -0.5745 -0.5764 -0.5812
vn -0.6137 0.5964 -0.5174
vn 0.1324 0.9383 0.3194
vn 0.4338 0.6953 0.5730
vn 0.4683 -0.4341 0.7696
vn 0.0472 -0.9188 0.3919
vn -0.6056 -0.5917 -0.5321
vn -0.4883 0.5642 -0.6658
vn 0.2362 0.9565 0.1710
vn 0.4604 0.6956 0.5515
vn 0.2727 -0.5271 0.8048
vn -0.1802 -0.9662 0.1844
vn -0.5380 -0.3701 -0.7574
vn -0.2376 0.7492 -0.6183
vn 0.3108 0.8536 0.4181
vn 0.3619 0.4925 0.7915
vn 0.0762 -0.6526 0.7538
vn -0.2527 -0.9041 -0.3447
vn -0.3044 0.1020 -0.9471
vn -0.0075 0.9752 -0.2211
vn 0.2278 0.5088 0.8302
vn 0.0000 0.0000 0.0000
vn 0.6589 -0.5912 0.4652
vn 0.3875 -0.8827 0.2658
vn -0.5893 -0.6998 -0.4038
vn -0.8052 0.4502 -0.3861
vn -0.0013 0.9793 0.2023
vn 0.6443 0.5090 0.5708
vn 0.7141 -0.6259 0.3134
vn 0.2613 -0.9611 -0.0891
vn -0.7726 -0.4792 -0.4165
vn -0.7778 0.6244 -0.0721
vn 0.2304 0.8580 0.4592
vn 0.7432 0.4788 0.4673
vn 0.8362 -0.5400 -0.0959
vn 0.3035 -0.9039 -0.3013
vn -0.8151 -0.5523 -0.1752
vn -0.8016 0.5287 0.2791
vn 0.3134 0.8433 0.4367
vn 0.7795 0.5746 0.2494
vn 0.8403 -0.5149 -0.1695
vn 0.2962 -0.9318 -0.2097
vn -0.8167 -0.5758 -0.0384
vn -0.7800 0.5536 0.2918
vn 0.3368 0.8895 0.3086
vn 0.7729 0.5959 0.2181
vn 0.8163 -0.5640 0.1247
vn 0.2184 -0.9752 0.0364
vn -0.8323 -0.5378 -0.1344
vn -0.7662 0.6424 -0.0153
vn 0.3355 0.9130 0.2323
vn 0.6492 0.6891 0.3220
vn 0.7252 -0.3732 0.5786
vn 0.1273 -0.8945 0.4286
vn -0.8059 -0.5687 -0.1644
vn -0.6729 0.5841 -0.4539
vn 0.3416 0.9386 -0.0489
vn 0.5015 0.8651 -0.0098
vn 0.6292 0.0030 0.7772
vn -0.3218 -0.6758 0.6632
vn -0.8687 -0.3701 -0.3293
vn -0.2558 0.4976 -0.8289
vn 0.6700 0.7281 -0.1449
vn 0.0000 0.0000 0.0000
vn 0.7511 -0.5897 0.2969
vn 0.4738 -0.8652 0.1642
vn -0.6135 -0.7467 -0.2570
vn -0.8899 0.3885 -0.2390
vn 0.0248 0.9805 0.1950
vn 0.7023 0.5836 0.4076
vn 0.7621 -0.5786 0.2906
vn 0.2589 -0.9631 0.0740
vn -0.7874 -0.5577 -0.2628
vn -0.7827 0.6035 -0.1520
vn 0.2662 0.9304 0.2519
vn 0.7250 0.5900 0.3553
vn 0.7821 -0.5793 0.2295
vn 0.2526 -0.9668 0.0393
vn -0.8176 -0.5406 -0.1982
vn -0.7790 0.6230 -0.0711
vn 0.3048 0.9210 0.2428
vn 0.7663 0.5762 0.2842
vn 0.8008 -0.5919 0.0915
vn 0.2342 -0.9697 -0.0690
vn -0.8365 -0.5176 -0.1802
vn -0.7740 0.6314 0.0481
vn 0.3513 0.8856 0.3038
vn 0.7709 0.5553 0.3120
vn 0.8190 -0.5734 0.0241
vn 0.2149 -0.9711 -0.1037
vn -0.8596 -0.5073 -0.0603
vn -0.7503 0.6407 0.1628
vn 0.3818 0.8892 0.2522
vn 0.7795 0.6106 0.1398
vn 0.8431 -0.5284 -0.0999
vn 0.1555 -0.9850 -0.0742
vn -0.8769 -0.4623 0.1318
vn -0.6772 0.6941 0.2441
vn 0.4713 0.8755 0.1065
vn 0.7493 0.6620 -0.0174
vn 0.7935 -0.4386 -0.4220
vn -0.2263 -0.9600 -0.1650
vn -0.9053 -0.1770 0.3861
vn -0.3052 0.8284 0.4697
vn 0.7447 0.6667 -0.0298
vn 0.0000 0.0000 0.0000
vn 0.7967 -0.5895 0.1330
vn 0.2043 -0.9603 0.1899
vn -0.5948 -0.8013 0.0644
vn -0.8772 0.4668 0.1124
vn 0.1465 0.8090 0.5692
vn 0.3513 0.8355 0.4226
vn 0.7854 -0.4996 0.3656
vn 0.1917 -0.7708 0.6075
vn -0.7965 -0.3510 0.4923
vn -0.8006 0.5963 -0.0599
vn 0.3728 0.7638 -0.5268
vn 0.7284 0.4353 -0.5292
vn 0.8078 0.0543 0.5869
vn 0.2503 0.0670 0.9658
vn -0.8412 0.0670 0.5365
vn -0.7702 0.0670 -0.6342
vn 0.3652 0.0670 -0.9285
vn 0.8078 0.0544 -0.5869
vn 0.8078 0.0544 0.5869
vn 0.2310 0.0669 0.9707
vn -0.8518 0.0669 0.5196
vn -0.7574 0.0669 -0.6495
vn 0.3837 0.0669 -0.9210
vn 0.8078 0.0544 -0.5869
vn 0.8078 0.0544 0.5869
vn 0.1921 0.0667 0.9791
vn -0.8718 0.0667 0.4853
vn -0.7309 0.0667 -0.6792
vn 0.4201 0.0667 -0.9050
vn 0.8078 0.0543 -0.5869
vn 0.8078 0.0543 0.5869
vn 0.0763 0.0652 0.9950
vn -0.9227 0.0652 0.3800
vn -0.6465 0.0652 -0.7601
vn 0.5231 0.0652 -0.8498
vn 0.8078 0.0544 -0.5869
vn 0.8078 0.0544 0.5869
vn -0.3086 0.0544 0.9496
vn -0.9985 0.0544 0.0000
vn -0.3086 0.0544 -0.9496
vn 0.8078 0.0544 -0.5869
vn 0.0000 0.0000 0.0000
vn 0.8069 -0.5897 -0.0344
vn 0.4835 -0.8746 -0.0352
vn -0.6539 -0.7564 0.0160
vn -0.9065 0.3921 0.1563
vn 0.1085 0.9761 0.1884
vn 0.8005 0.5928 0.0883
vn 0.8089 -0.5856 0.0522
vn 0.2542 -0.9599 0.1182
vn -0.8315 -0.5420 0.1216
vn -0.7828 0.6203 0.0489
vn 0.3439 0.9390 -0.0006
vn 0.8017 0.5972 0.0235
vn 0.8076 -0.5632 0.1747
vn 0.2344 -0.9512 0.2007
vn -0.8431 -0.5180 0.1443
vn -0.7637 0.6451 -0.0242
vn 0.3812 0.9227 -0.0569
vn 0.8144 0.5769 -0.0631
vn 0.7904 -0.6114 0.0391
vn 0.1780 -0.9470 0.2673
vn -0.8350 -0.3954 0.3827
vn -0.6916 0.7195 0.0631
vn 0.4413 0.8630 -0.2458
vn 0.8265 0.4848 -0.2860
vn 0.7619 -0.6236 0.1751
vn 0.1297 -0.7956 0.5918
vn -0.8057 -0.1014 0.5836
vn -0.5875 0.7924 -0.1638
vn 0.4778 0.6384 -0.6034
vn 0.7997 0.2033 -0.5649
vn 0.7359 -0.5851 0.3408
vn 0.0765 -0.4545 0.8875
vn -0.7877 0.2714 0.5531
vn -0.5127 0.6923 -0.5078
vn 0.5018 0.2364 -0.8321
vn 0.7797 -0.0431 -0.6247
vn 0.7990 -0.3050 0.5183
vn -0.2518 -0.0362 0.9671
vn -0.9311 0.3528 0.0924
vn -0.3001 0.3244 -0.8970
vn 0.7691 -0.0822 -0.6338
vn 0.0000 0.0000 0.0000
vn 0.7792 -0.5887 -0.2153
vn 0.4510 -0.8809 -0.1434
vn -0.6567 -0.7388 0.1515
vn -0.8522 0.4069 0.3289
vn 0.1605 0.9768 0.1419
vn 0.8191 0.5671 -0.0867
vn 0.7751 -0.6146 -0.1468
vn 0.2317 -0.9726 0.0212
vn -0.8081 -0.5092 0.2961
vn -0.7082 0.6568 0.2591
vn 0.3951 0.9176 -0.0440
vn 0.8179 0.5531 -0.1586
vn 0.7932 -0.6090 -0.0057
vn 0.2432 -0.9576 0.1541
vn -0.8321 -0.4987 0.2427
vn -0.7460 0.6592 0.0944
vn 0.3797 0.9208 -0.0896
vn 0.8173 0.5690 -0.0912
vn 0.8060 -0.5891 -0.0572
vn 0.2252 -0.9740 -0.0243
vn -0.8402 -0.5154 0.1684
vn -0.7312 0.6461 0.2188
vn 0.4039 0.9129 0.0581
vn 0.8133 0.5753 -0.0869
vn 0.7559 -0.5866 -0.2908
vn 0.1667 -0.9815 -0.0941
vn -0.7817 -0.4873 0.3893
vn -0.6086 0.6713 0.4230
vn 0.4423 0.8960 -0.0385
vn 0.7502 0.5909 -0.2967
vn 0.7232 -0.5417 -0.4285
vn 0.1487 -0.9873 -0.0557
vn -0.7106 -0.4546 0.5370
vn -0.5375 0.7061 0.4611
vn 0.4291 0.8852 -0.1795
vn 0.6316 0.6886 -0.3563
vn 0.6793 -0.4662 -0.5668
vn -0.1817 -0.9825 0.0417
vn -0.7445 -0.1514 0.6502
vn -0.2314 0.8785 0.4178
vn 0.6484 0.6840 -0.3343
vn 0.0000 0.0000 0.0000
vn 0.7176 -0.5887 -0.3722
vn 0.4189 -0.8756 -0.2405
vn -0.6134 -0.7367 0.2846
vn -0.7669 0.4066 0.4965
vn 0.1807 0.9786 0.0988
vn 0.7845 0.5636 -0.2587
vn 0.7167 -0.6127 -0.3332
vn 0.2116 -0.9739 -0.0820
vn -0.7439 -0.5195 0.4203
vn -0.6297 0.6476 0.4290
vn 0.3986 0.9144 -0.0706
vn 0.7829 0.5495 -0.2917
vn 0.7378 -0.6207 -0.2652
vn 0.2043 -0.9789 0.0022
vn -0.7668 -0.4903 0.4142
vn -0.6538 0.6768 0.3384
vn 0.4122 0.9026 -0.1245
vn 0.7986 0.5338 -0.2781
vn 0.7175 -0.6707 -0.1880
vn 0.1442 -0.9785 0.1476
vn -0.7697 -0.3562 0.5298
vn -0.5577 0.7846 0.2708
vn 0.4625 0.8455 -0.2669
vn 0.8006 0.4035 -0.4430
vn 0.7368 -0.6742 0.0504
vn 0.1739 -0.8185 0.5476
vn -0.7774 -0.1329 0.6148
vn -0.6166 0.7819 -0.0920
vn 0.4314 0.6729 -0.6009
vn 0.8120 0.3247 -0.4850
vn 0.7958 -0.4462 0.4094
vn 0.0627 -0.5947 0.8015
vn -0.9029 -0.0425 0.4278
vn -0.6009 0.6380 -0.4815
vn 0.5468 0.5051 -0.6677
vn 0.8140 0.2582 -0.5204
vn 0.7962 -0.4215 0.4341
vn -0.2852 -0.3628 0.8871
vn -0.9537 0.2603 0.1505
vn -0.2856 0.5867 -0.7578
vn 0.7959 0.1654 -0.5825
vn 0.0000 0.0000 0.0000
vn 0.6193 -0.5880 -0.5204
vn 0.3446 -0.8840 -0.3159
vn -0.5514 -0.7263 0.4104
vn -0.6415 0.4232 0.6398
vn 0.2101 0.9766 0.0452
vn 0.7225 0.5443 -0.4262
vn 0.6200 -0.6397 -0.4542
vn 0.1560 -0.9851 -0.0724
vn -0.6636 -0.4729 0.5796
vn -0.5115 0.6916 0.5099
vn 0.4115 0.8906 -0.1937
vn 0.7458 0.4810 -0.4610
vn 0.6460 -0.7022 -0.2993
vn 0.1654 -0.9798 0.1119
vn -0.6844 -0.3633 0.6321
vn -0.5318 0.7673 0.3585
vn 0.4123 0.8478 -0.3336
vn 0.7475 0.4183 -0.5161
vn 0.6838 -0.7066 -0.1819
vn 0.1753 -0.9533 0.2458
vn -0.7236 -0.3046 0.6194
vn -0.5824 0.7838 0.2156
vn 0.4169 0.8093 -0.4137
vn 0.7701 0.3999 -0.4971
vn 0.6812 -0.7249 -0.1024
vn 0.1197 -0.9367 0.3290
vn -0.7239 -0.1938 0.6621
vn -0.5122 0.8441 0.1587
vn 0.4579 0.7450 -0.4850
vn 0.7180 0.3296 -0.6130
vn 0.6498 -0.7271 -0.2216
vn 0.1217 -0.9242 0.3619
vn -0.6468 -0.1311 0.7513
vn -0.4631 0.8711 0.1633
vn 0.4195 0.6912 -0.5885
vn 0.5868 0.4411 -0.6790
vn 0.6045 -0.6971 -0.3855
vn -0.1923 -0.8671 0.4595
vn -0.6705 0.1724 0.7216
vn -0.1691 0.9848 0.0386
vn 0.6189 0.4474 -0.6456
vn 0.0000 0.0000 0.0000
vn 0.4888 -0.5870 -0.6454
vn 0.2516 -0.8960 -0.3660
vn -0.4675 -0.7094 0.5274
vn -0.4903 0.4451 0.7493
vn 0.2272 0.9736 -0.0207
vn 0.6278 0.5173 -0.5816
vn 0.4895 -0.6731 -0.5544
vn 0.0854 -0.9959 -0.0305
vn -0.5411 -0.3916 0.7442
vn -0.3645 0.7421 0.5626
vn 0.3982 0.8517 -0.3407
vn 0.6680 0.3740 -0.6434
vn 0.4471 -0.8154 -0.3677
vn 0.0428 -0.9717 0.2324
vn -0.4607 -0.1355 0.8772
vn -0.2482 0.8965 0.3671
vn 0.3910 0.7010 -0.5964
vn 0.5289 0.1223 -0.8398
vn 0.3693 -0.9018 -0.2245
vn 0.1416 -0.8919 0.4296
vn -0.2955 0.0754 0.9523
vn -0.2212 0.9547 0.1993
vn 0.2598 0.5464 -0.7962
vn 0.4252 0.0617 -0.9030
vn 0.5333 -0.8122 -0.2366
vn 0.2556 -0.8863 0.3862
vn -0.4680 -0.0843 0.8797
vn -0.4718 0.8570 0.2073
vn 0.2532 0.6511 -0.7155
vn 0.5465 0.3442 -0.7635
vn 0.7425 -0.6541 -0.1446
vn 0.1325 -0.9147 0.3819
vn -0.7767 -0.2000 0.5973
vn -0.5818 0.8103 0.0705
vn 0.4635 0.7431 -0.4826
vn 0.7551 0.4980 -0.4265
vn 0.8228 -0.5554 0.1205
vn -0.2770 -0.8949 0.3498
vn -0.9856 0.0231 0.1674
vn -0.3235 0.9300 -0.1747
vn 0.7942 0.5725 -0.2036
vn 0.0000 0.0000 0.0000
vn 0.4048 -0.5919 -0.6971
vn 0.1615 -0.9700 -0.1817
vn -0.3365 -0.6250 0.7044
vn -0.0757 0.6739 0.7349
vn 0.4051 0.9084 -0.1036
vn 0.5260 0.2762 -0.8044
vn 0.5213 -0.8354 -0.1742
vn 0.1992 -0.7977 0.5692
vn -0.4683 0.1382 0.8727
vn -0.3110 0.9462 0.0896
vn 0.3563 0.4945 -0.7928
vn 0.7401 -0.1467 -0.6563
vn 0.7927 -0.3044 0.5282
vn 0.2592 -0.1756 0.9497
vn -0.8078 0.1204 0.5770
vn -0.7490 0.3387 -0.5695
vn 0.3800 0.1844 -0.9064
vn 0.8163 0.1291 -0.5630
vn 0.7944 0.0752 0.6028
vn 0.2182 -0.0102 0.9759
vn -0.8582 -0.0399 0.5118
vn -0.7568 0.0767 -0.6491
vn 0.3824 0.1790 -0.9065
vn 0.8039 0.1338 -0.5795
vn 0.8065 0.0543 0.5887
vn 0.1906 0.0559 0.9801
vn -0.8728 0.0557 0.4849
vn -0.7305 0.0706 -0.6792
vn 0.4206 0.0799 -0.9037
vn 0.8074 0.0625 -0.5866
vn 0.8078 0.0544 0.5869
vn 0.0763 0.0653 0.9949
vn -0.9227 0.0653 0.3800
vn -0.6466 0.0653 -0.7601
vn 0.5231 0.0653 -0.8498
vn 0.8078 0.0544 -0.5869
vn 0.8078 0.0544 0.5869
vn -0.3086 0.0544 0.9497
vn -0.9985 0.0544 0.0000
vn -0.3086 0.0544 -0.9497
vn 0.8078 0.0544 -0.5869
vn 0.0000 0.0000 0.0000
vn 0.2648 -0.5925 -0.7608
vn 0.1549 -0.8369 -0.5251
vn -0.1660 -0.7748 0.6100
vn -0.1344 0.3414 0.9303
vn 0.1922 0.9812 0.0163
vn 0.3305 0.6343 -0.6989
vn 0.1744 -0.4827 -0.8583
vn -0.0040 -0.9180 -0.3966
vn -0.1596 -0.6530 0.7404
vn -0.0244 0.5013 0.8649
vn 0.2171 0.9586 -0.1841
vn 0.1970 0.6939 -0.6926
vn 0.0630 -0.4999 -0.8638
vn 0.0134 -0.9419 -0.3358
vn -0.0324 -0.6141 0.7886
vn 0.0680 0.5538 0.8299
vn 0.1757 0.9466 -0.2703
vn 0.1804 0.6293 -0.7559
vn 0.1014 -0.5190 -0.8487
vn 0.0252 -0.9504 -0.3101
vn -0.0719 -0.5907 0.8037
vn 0.0169 0.5805 0.8141
vn 0.1678 0.9416 -0.2921
vn 0.1900 0.6430 -0.7420
vn 0.1536 -0.5658 -0.8101
vn 0.0579 -0.9776 -0.2022
vn -0.1015 -0.4999 0.8601
vn -0.0237 0.6617 0.7494
vn 0.1830 0.9068 -0.3797
vn 0.2481 0.5807 -0.7754
vn 0.2816 -0.5590 -0.7799
vn 0.0809 -0.9907 -0.1090
vn -0.2380 -0.4299 0.8710
vn -0.1457 0.7186 0.6800
vn 0.2331 0.8762 -0.4218
vn 0.3454 0.6691 -0.6581
vn 0.4256 -0.5036 -0.7519
vn -0.1156 -0.9776 0.1756
vn -0.4311 -0.1062 0.8960
vn -0.0849 0.9064 0.4138
vn 0.4446 0.6608 -0.6047
vn 0.0000 0.0000 0.0000
vn 0.0443 -0.5893 -0.8067
vn 0.0025 -0.8879 -0.4601
vn -0.0584 -0.6987 0.7130
vn 0.0498 0.4275 0.9027
vn 0.1707 0.9779 -0.1209
vn 0.1825 0.5167 -0.8365
vn -0.0068 -0.6351 -0.7724
vn -0.0663 -0.9720 -0.2253
vn 0.0936 -0.5155 0.8518
vn 0.2497 0.6390 0.7276
vn 0.1972 0.8920 -0.4066
vn 0.0017 0.5924 -0.8057
vn -0.1659 -0.4513 -0.8768
vn -0.0394 -0.8871 -0.4600
vn 0.2036 -0.7137 0.6702
vn 0.2278 0.4496 0.8637
vn -0.0034 0.9870 -0.1605
vn -0.0855 0.7911 -0.6057
vn 0.0077 -0.3798 -0.9250
vn 0.1195 -0.9300 -0.3476
vn 0.1674 -0.6053 0.7782
vn 0.0713 0.5644 0.8224
vn -0.0363 0.9602 -0.2769
vn -0.0238 0.5808 -0.8137
vn 0.1644 -0.7697 -0.6169
vn 0.2235 -0.9560 0.1901
vn 0.1048 -0.0859 0.9908
vn -0.0553 0.9099 0.4112
vn -0.0455 0.6757 -0.7358
vn 0.0603 -0.0024 -0.9982
vn 0.3896 -0.8790 -0.2749
vn 0.3175 -0.7516 0.5781
vn -0.1456 0.2737 0.9507
vn -0.3236 0.9455 0.0372
vn 0.0282 0.3637 -0.9311
vn 0.3028 0.0225 -0.9528
vn 0.7418 -0.6651 -0.0861
vn 0.0290 -0.5438 0.8387
vn -0.6737 0.3746 0.6370
vn -0.3953 0.8208 -0.4123
vn 0.4795 0.1782 -0.8593
vn 0.0000 0.0000 0.0000
vn -0.1525 -0.5870 -0.7951
vn -0.1066 -0.8909 -0.4416
vn 0.0807 -0.7069 0.7026
vn 0.2288 0.4497 0.8634
vn 0.1293 0.9738 -0.1870
vn -0.0151 0.5114 -0.8592
vn -0.0867 -0.6773 -0.7305
vn -0.0158 -0.9919 -0.1257
vn 0.1274 -0.4338 0.8920
vn 0.2022 0.7072 0.6775
vn 0.1046 0.8666 -0.4880
vn 0.0488 0.4378 -0.8977
vn -0.0894 -0.6794 -0.7283
vn -0.0723 -0.9891 -0.1286
vn 0.1555 -0.4360 0.8864
vn 0.2506 0.7064 0.6620
vn 0.0862 0.8698 -0.4858
vn -0.0997 0.4928 -0.8644
vn -0.1855 -0.6852 -0.7044
vn 0.0013 -0.9945 -0.1044
vn 0.2978 -0.4045 0.8647
vn 0.2805 0.7326 0.6202
vn -0.0292 0.8571 -0.5143
vn -0.1327 0.4641 -0.8758
vn -0.1882 -0.6571 -0.7300
vn -0.0341 -0.9913 -0.1272
vn 0.3605 -0.4158 0.8350
vn 0.3408 0.7278 0.5951
vn -0.0567 0.8662 -0.4965
vn -0.2928 0.5666 -0.7702
vn -0.2756 -0.5480 -0.7898
vn 0.1129 -0.9727 -0.2029
vn 0.4896 -0.4144 0.7672
vn 0.2698 0.7193 0.6402
vn -0.2395 0.8835 -0.4025
vn -0.2632 0.6939 -0.6703
vn 0.0317 -0.4242 -0.9050
vn 0.2335 -0.9653 0.1170
vn 0.1862 -0.1597 0.9694
vn -0.0447 0.8792 0.4743
vn -0.1402 0.7157 -0.6842
vn 0.0000 0.0000 0.0000
vn -0.2844 -0.5895 -0.7560
vn -0.1976 -0.8627 -0.4656
vn 0.2203 -0.7493 0.6245
vn 0.4245 0.3933 0.8155
vn 0.1230 0.9791 -0.1618
vn -0.1708 0.5787 -0.7975
vn -0.2332 -0.5934 -0.7704
vn -0.0639 -0.9661 -0.2502
vn 0.2588 -0.5503 0.7938
vn 0.3196 0.6074 0.7272
vn 0.0317 0.9250 -0.3787
vn -0.0835 0.5810 -0.8096
vn -0.1998 -0.5589 -0.8048
vn -0.0997 -0.9632 -0.2495
vn 0.2838 -0.5526 0.7837
vn 0.3555 0.6073 0.7105
vn 0.0206 0.9313 -0.3638
vn -0.2364 0.5908 -0.7714
vn -0.3329 -0.6168 -0.7132
vn -0.0490 -0.9780 -0.2026
vn 0.4846 -0.4725 0.7361
vn 0.4361 0.6854 0.5831
vn -0.1212 0.8985 -0.4220
vn -0.3447 0.5332 -0.7726
vn -0.2479 -0.5729 -0.7812
vn 0.0560 -0.9683 -0.2434
vn 0.3618 -0.4888 0.7939
vn 0.2456 0.6686 0.7019
vn -0.1274 0.9140 -0.3853
vn -0.1176 0.6137 -0.7808
vn 0.1772 -0.6284 -0.7574
vn 0.1779 -0.9826 0.0530
vn 0.0143 -0.2603 0.9654
vn -0.0773 0.8287 0.5544
vn 0.0286 0.7900 -0.6125
vn 0.1387 0.3754 -0.9164
vn 0.3604 -0.7303 -0.5804
vn 0.0895 -0.8251 0.5579
vn -0.2338 0.2355 0.9434
vn -0.1626 0.9857 0.0433
vn 0.2045 0.3888 -0.8983
vn 0.0000 0.0000 0.0000
vn -0.2887 -0.5932 -0.7515
vn -0.2669 -0.7699 -0.5797
vn 0.3718 -0.8227 0.4301
vn 0.7388 0.2699 0.6175
vn 0.2721 0.9566 -0.1048
vn -0.2336 0.7132 -0.6608
vn -0.2190 -0.3247 -0.9201
vn -0.0045 -0.7444 -0.6677
vn 0.2355 -0.8389 0.4907
vn 0.2403 0.2775 0.9302
vn -0.0201 0.9997 0.0156
vn 0.0441 0.8983 -0.4372
vn 0.4139 -0.1206 -0.9023
vn 0.3341 -0.7325 -0.5932
vn -0.2062 -0.8793 0.4293
vn -0.3923 0.1722 0.9036
vn 0.0614 0.9867 0.1502
vn 0.3838 0.8830 -0.2701
vn 0.6671 -0.1899 -0.7203
vn 0.3681 -0.8300 -0.4191
vn -0.3442 -0.7998 0.4918
vn -0.5199 0.3256 0.7897
vn 0.1135 0.9923 0.0502
vn 0.4010 0.8142 -0.4198
vn 0.6906 -0.4055 -0.5989
vn 0.4815 -0.8762 -0.0198
vn -0.2285 -0.5056 0.8320
vn -0.5391 0.5989 0.5922
vn -0.0213 0.9152 -0.4023
vn 0.2555 0.6044 -0.7546
vn 0.7339 -0.3351 -0.5908
vn 0.7040 -0.7022 0.1063
vn -0.0434 -0.3421 0.9387
vn -0.6701 0.5471 0.5016
vn -0.3101 0.7362 -0.6016
vn -0.2256 0.5888 -0.7762
vn 0.6115 -0.2317 -0.7565
vn 0.7464 -0.5580 0.3628
vn -0.1061 -0.0537 0.9929
vn -0.7678 0.5845 0.2624
vn -0.3244 0.4745 -0.8183
vn 0.0000 0.0000 0.0000
vn -0.5639 -0.5899 -0.5780
vn -0.3714 -0.8601 -0.3498
vn 0.4585 -0.7491 0.4781
vn 0.7252 0.3923 0.5658
vn 0.0444 0.9783 -0.2024
vn -0.4800 0.5756 -0.6620
vn -0.5015 -0.5963 -0.6268
vn -0.1483 -0.9603 -0.2363
vn 0.5331 -0.5683 0.6268
vn 0.5624 0.6082 0.5602
vn -0.1128 0.9272 -0.3571
vn -0.3519 0.6112 -0.7089
vn -0.3478 -0.5169 -0.7822
vn -0.1271 -0.9218 -0.3662
vn 0.3977 -0.6519 0.6456
vn 0.4601 0.5206 0.7192
vn -0.0305 0.9681 -0.2485
vn -0.2490 0.7461 -0.6175
vn -0.2795 -0.3337 -0.9003
vn -0.0567 -0.8478 -0.5273
vn 0.3509 -0.7448 0.5675
vn 0.3509 0.3864 0.8529
vn -0.0583 0.9959 -0.0686
vn -0.2041 0.8233 -0.5296
vn -0.2248 -0.3109 -0.9235
vn -0.0193 -0.8688 -0.4948
vn 0.4027 -0.6952 0.5954
vn 0.3556 0.4571 0.8152
vn -0.0871 0.9880 -0.1273
vn -0.3139 0.7820 -0.5384
vn -0.3327 -0.2515 -0.9089
vn 0.0570 -0.8468 -0.5288
vn 0.5180 -0.6642 0.5389
vn 0.3395 0.4548 0.8233
vn -0.2276 0.9721 -0.0576
vn -0.2953 0.8977 -0.3269
vn -0.1117 -0.0546 -0.9922
vn 0.2422 -0.9260 -0.2898
vn 0.3330 -0.4992 0.7999
vn 0.0353 0.6359 0.7710
vn -0.2396 0.9106 -0.3366
vn 0.0000 0.0000 0.0000
vn -0.6759 -0.5894 -0.4425
vn -0.4177 -0.8733 -0.2506
vn 0.5617 -0.7287 0.3918
vn 0.8117 0.4121 0.4140
vn 0.0006 0.9802 -0.1982
vn -0.6197 0.5562 -0.5538
vn -0.6956 -0.6047 -0.3878
vn -0.2401 -0.9697 -0.0455
vn 0.7414 -0.5130 0.4327
vn 0.7337 0.6393 0.2302
vn -0.2363 0.8992 -0.3683
vn -0.6818 0.5275 -0.5068
vn -0.7060 -0.6460 -0.2904
vn -0.1776 -0.9839 0.0202
vn 0.7684 -0.4467 0.4583
vn 0.6999 0.6906 0.1823
vn -0.2882 0.8575 -0.4262
vn -0.6696 0.4369 -0.6006
vn -0.6634 -0.7066 -0.2461
vn -0.1621 -0.9639 0.2115
vn 0.7670 -0.3238 0.5540
vn 0.6788 0.7321 0.0577
vn -0.2973 0.7476 -0.5940
vn -0.7047 0.3253 -0.6305
vn -0.6607 -0.7493 -0.0445
vn -0.0781 -0.9187 0.3872
vn 0.8026 -0.1676 0.5725
vn 0.6255 0.7725 -0.1092
vn -0.3677 0.5986 -0.7117
vn -0.6591 0.1561 -0.7357
vn -0.5633 -0.8166 -0.1259
vn -0.0294 -0.8668 0.4978
vn 0.6963 0.0356 0.7169
vn 0.5222 0.8468 -0.1014
vn -0.3055 0.4604 -0.8335
vn -0.4495 0.1658 -0.8778
vn -0.3513 -0.8745 -0.3343
vn 0.2183 -0.7024 0.6775
vn 0.5511 0.4225 0.7196
vn 0.1871 0.9456 -0.2663
vn -0.3706 0.1439 -0.9176
vn 0.0000 0.0000 0.0000
vn -0.7601 -0.5880 -0.2766
vn -0.4505 -0.8800 -0.1502
vn 0.6383 -0.7224 0.2661
vn 0.8685 0.4371 0.2337
vn -0.0687 0.9768 -0.2028
vn -0.7320 0.5422 -0.4125
vn -0.7336 -0.6379 -0.2343
vn -0.2059 -0.9776 0.0440
vn 0.8028 -0.4678 0.3696
vn 0.7368 0.6702 0.0895
vn -0.3001 0.8666 -0.3986
vn -0.7451 0.4537 -0.4888
vn -0.7492 -0.6596 -0.0604
vn -0.2149 -0.9365 0.2772
vn 0.8214 -0.3948 0.4117
vn 0.7480 0.6550 -0.1070
vn -0.3214 0.7648 -0.5584
vn -0.7719 0.3841 -0.5066
vn -0.7701 -0.6266 0.1196
vn -0.1939 -0.8776 0.4385
vn 0.8508 -0.3458 0.3956
vn 0.7408 0.6143 -0.2716
vn -0.3681 0.6757 -0.6387
vn -0.7916 0.3255 -0.5170
vn -0.7686 -0.5966 0.2309
vn -0.1508 -0.8009 0.5796
vn 0.8761 -0.2721 0.3980
vn 0.7120 0.5745 -0.4038
vn -0.4209 0.5610 -0.7128
vn -0.7991 0.2722 -0.5360
vn -0.7763 -0.5590 0.2913
vn -0.0331 -0.7908 0.6112
vn 0.9371 -0.2341 0.2589
vn 0.6197 0.5872 -0.5207
vn -0.5407 0.5373 -0.6472
vn -0.8132 0.3491 -0.4656
vn -0.7694 -0.5990 0.2219
vn 0.3619 -0.8196 0.4441
vn 0.9984 0.0547 -0.0122
vn 0.2605 0.8157 -0.5164
vn -0.8320 0.4117 -0.3718
vn 0.0000 0.0000 0.0000
vn -0.7972 -0.5894 -0.1303
vn -0.4975 -0.8654 -0.0600
vn 0.6541 -0.7463 0.1233
vn 0.9165 0.3983 0.0381
vn -0.0843 0.9785 -0.1881
vn -0.7809 0.5720 -0.2511
vn -0.7768 -0.6014 -0.1868
vn -0.2125 -0.9742 -0.0761
vn 0.8358 -0.5189 0.1793
vn 0.7568 0.6461 0.0990
vn -0.3363 0.9187 -0.2070
vn -0.7742 0.5346 -0.3387
vn -0.7213 -0.6554 -0.2241
vn -0.1802 -0.9826 0.0443
vn 0.8476 -0.4520 0.2780
vn 0.7319 0.6809 0.0278
vn -0.3578 0.8646 -0.3527
vn -0.8055 0.4687 -0.3627
vn -0.7925 -0.6062 0.0673
vn -0.2121 -0.9479 0.2376
vn 0.8670 -0.4828 0.1235
vn 0.7458 0.6193 -0.2456
vn -0.3989 0.8419 -0.3634
vn -0.8214 0.5331 -0.2026
vn -0.7877 -0.5902 0.1766
vn -0.1481 -0.9609 0.2341
vn 0.8930 -0.4469 0.0540
vn 0.6968 0.6561 -0.2899
vn -0.4656 0.8246 -0.3213
vn -0.8449 0.4766 -0.2430
vn -0.7359 -0.6742 0.0626
vn 0.0355 -0.9646 0.2615
vn 0.9549 -0.2371 0.1789
vn 0.5727 0.7858 -0.2337
vn -0.5837 0.7006 -0.4105
vn -0.8383 0.3827 -0.3883
vn -0.6572 -0.7461 -0.1070
vn 0.4291 -0.8418 0.3276
vn 0.9480 0.2076 0.2413
vn 0.1824 0.9518 -0.2467
vn -0.8095 0.3624 -0.4619
vn 0.0000 0.0000 0.0000
vn -0.8069 -0.5896 0.0354
vn -0.4770 -0.8778 0.0432
vn 0.6819 -0.7311 -0.0221
vn 0.9103 0.3883 -0.1433
vn -0.1157 0.9778 -0.1748
vn -0.8142 0.5713 -0.1035
vn -0.8069 -0.5881 0.0560
vn -0.2357 -0.9718 0.0064
vn 0.8230 -0.5316 -0.2002
vn 0.7509 0.6201 -0.2273
vn -0.3742 0.9264 -0.0414
vn -0.8154 0.5683 0.1105
vn -0.7799 -0.6068 0.1534
vn -0.2289 -0.9681 -0.1017
vn 0.7503 -0.4564 -0.4782
vn 0.6672 0.6902 -0.2802
vn -0.3815 0.8986 0.2168
vn -0.7611 0.5001 0.4131
vn -0.7078 -0.6769 0.2020
vn -0.2367 -0.9402 -0.2450
vn 0.6323 -0.3066 -0.7114
vn 0.5648 0.7758 -0.2812
vn -0.3352 0.8250 0.4550
vn -0.6544 0.4170 0.6308
vn -0.6853 -0.6490 0.3304
vn -0.3051 -0.9412 -0.1449
vn 0.4912 -0.3581 -0.7940
vn 0.5363 0.7450 -0.3966
vn -0.2249 0.8452 0.4847
vn -0.4104 0.5591 0.7204
vn -0.5418 -0.5381 0.6457
vn -0.2455 -0.9687 0.0366
vn 0.3727 -0.4502 -0.8114
vn 0.4043 0.7007 -0.5879
vn -0.1974 0.8936 0.4032
vn -0.3421 0.7345 0.5860
vn -0.5719 -0.4147 0.7078
vn 0.0071 -0.9908 -0.1352
vn 0.5148 -0.1964 -0.8345
vn 0.2496 0.8707 -0.4237
vn -0.4221 0.7358 0.5295
vn 0.0000 0.0000 0.0000
vn -0.7811 -0.5894 0.2062
vn -0.4742 -0.8682 0.1464
vn 0.6461 -0.7483 -0.1504
vn 0.8569 0.3938 -0.3326
vn -0.1450 0.9791 -0.1423
vn -0.8101 0.5798 0.0864
vn -0.7893 -0.5926 0.1607
vn -0.2594 -0.9654 0.0264
vn 0.8086 -0.5378 -0.2386
vn 0.7285 0.6309 -0.2669
vn -0.3826 0.9238 -0.0164
vn -0.8135 0.5749 0.0879
vn -0.7955 -0.6058 0.0081
vn -0.2368 -0.9683 -0.0792
vn 0.8520 -0.5128 -0.1059
vn 0.7463 0.6600 -0.0862
vn -0.4031 0.9142 -0.0414
vn -0.8281 0.5539 -0.0858
vn -0.7565 -0.6266 -0.1872
vn -0.1393 -0.9839 -0.1115
vn 0.8780 -0.4591 0.1353
vn 0.7055 0.7002 0.1093
vn -0.4153 0.8957 -0.1588
vn -0.8010 0.5112 -0.3115
vn -0.6676 -0.6897 -0.2805
vn -0.0427 -0.9990 0.0150
vn 0.8818 -0.3532 0.3127
vn 0.6239 0.7763 0.0904
vn -0.4681 0.8120 -0.3487
vn -0.8148 0.4170 -0.4028
vn -0.7043 -0.7068 -0.0667
vn 0.0811 -0.9919 0.0979
vn 0.9684 -0.2312 0.0939
vn 0.5261 0.8401 -0.1325
vn -0.6277 0.7323 -0.2641
vn -0.8708 0.4595 -0.1751
vn -0.6979 -0.7006 -0.1484
vn 0.4633 -0.8618 -0.2065
vn 0.9822 0.1799 -0.0534
vn 0.1417 0.9849 0.0994
vn -0.8967 0.4407 0.0407
vn 0.0000 0.0000 0.0000
vn -0.7297 -0.5908 0.3443
vn -0.4559 -0.8572 0.2395
vn 0.5939 -0.7521 -0.2859
vn 0.7749 0.3770 -0.5073
vn -0.1462 0.9815 -0.1238
vn -0.7662 0.5953 0.2420
vn -0.7316 -0.5500 0.4028
vn -0.2679 -0.9405 0.2090
vn 0.6825 -0.6025 -0.4137
vn 0.6293 0.5519 -0.5472
vn -0.3434 0.9387 -0.0316
vn -0.6724 0.6882 0.2724
vn -0.7591 -0.4118 0.5042
vn -0.3649 -0.8656 0.3429
vn 0.6574 -0.7222 -0.2148
vn 0.7247 0.4081 -0.5552
vn -0.2647 0.9403 -0.2139
vn -0.6588 0.7522 -0.0166
vn -0.8363 -0.2855 0.4680
vn -0.3499 -0.7281 0.5895
vn 0.7348 -0.6573 0.1675
vn 0.7813 0.2703 -0.5626
vn -0.2812 0.7574 -0.5893
vn -0.6911 0.6231 -0.3663
vn -0.8626 -0.1582 0.4805
vn -0.3332 -0.5088 0.7938
vn 0.7932 -0.4886 0.3634
vn 0.7836 0.1231 -0.6089
vn -0.3277 0.4973 -0.8033
vn -0.7381 0.3946 -0.5472
vn -0.8585 -0.2277 0.4595
vn -0.1192 -0.4158 0.9016
vn 0.9138 -0.1168 0.3891
vn 0.7105 0.2525 -0.6569
vn -0.4723 0.1870 -0.8614
vn -0.7380 -0.1199 -0.6640
vn -0.5789 -0.7278 0.3676
vn 0.1824 -0.0772 0.9802
vn 0.7444 0.6275 0.2282
vn 0.3305 0.4125 -0.8489
vn -0.4874 -0.4251 -0.7627
vn 0.0000 0.0000 0.0000
vn -0.6324 -0.5897 0.5024
vn -0.3682 -0.8751 0.3141
vn 0.5330 -0.7438 -0.4033
vn 0.6257 0.4137 -0.6613
vn -0.2079 0.9759 -0.0665
vn -0.7153 0.5587 0.4197
vn -0.6879 -0.6182 0.3802
vn -0.2610 -0.9653 0.0116
vn 0.6482 -0.5199 -0.5564
vn 0.6166 0.6414 -0.4565
vn -0.3216 0.9322 0.1658
vn -0.7160 0.6001 0.3567
vn -0.8230 -0.4977 0.2738
vn -0.3833 -0.9139 0.1335
vn 0.6631 -0.6612 -0.3509
vn 0.7478 0.5042 -0.4320
vn -0.2250 0.9744 0.0033
vn -0.6056 0.7511 0.2628
vn -0.7529 -0.3346 0.5667
vn -0.3795 -0.8347 0.3991
vn 0.5093 -0.7650 -0.3941
vn 0.5973 0.3260 -0.7328
vn -0.2003 0.9662 -0.1622
vn -0.4689 0.8573 0.2126
vn -0.5490 0.0906 0.8309
vn -0.3373 -0.5360 0.7739
vn 0.1001 -0.9602 -0.2607
vn 0.3357 -0.0429 -0.9410
vn 0.0429 0.9245 -0.3788
vn 0.0984 0.9913 0.0876
vn -0.1663 0.1658 0.9720
vn -0.3381 -0.6464 0.6840
vn -0.1965 -0.8650 -0.4616
vn 0.1269 0.1292 -0.9835
vn 0.1877 0.9679 -0.1672
vn 0.0685 0.9430 0.3258
vn -0.3680 0.0330 0.9292
vn -0.3153 -0.9175 0.2425
vn 0.1033 -0.5866 -0.8033
vn 0.3090 0.5684 -0.7625
vn 0.0178 0.9512 0.3081
vn 0.0000 0.0000 0.0000
vn 0.9711 0.1135 0.2100
vn 0.6151 0.4818 0.6241
vn -0.9860 0.1532 0.0665
vn -0.2510 -0.5757 -0.7782
vn 0.9609 0.1300 0.2447
vn -0.0896 0.6695 0.7374
vn -0.8303 -0.2491 -0.4986
vn -0.1570 -0.6473 -0.7458
vn 0.9304 0.1908 0.3131
vn -0.4195 0.5770 0.7008
vn -0.5949 -0.5200 -0.6129
vn -0.0296 -0.3908 -0.9200
vn 0.8809 0.3138 0.3543
vn -0.7361 -0.2079 0.6442
vn -0.1600 -0.0620 -0.9852
vn 0.6149 0.2131 -0.7592
vn 0.7835 -0.4960 0.3744
vn 0.8960 0.0330 0.4429
vn -0.4606 0.8477 -0.2633
vn -0.7804 -0.4241 -0.4595
vn 0.7348 -0.6008 0.3148
vn 0.6574 0.6526 0.3767
vn -0.8517 0.3584 -0.3823
vn -0.7715 -0.3623 -0.5231
vn 0.7383 -0.5759 0.3510
vn 0.4202 0.8389 0.3460
vn -0.7917 0.0722 -0.6066
vn -0.7077 -0.6084 -0.3591
vn 0.6349 -0.3538 0.6868
vn 0.2453 0.8309 -0.4995
vn -0.8453 -0.4856 -0.2230
vn -0.8404 -0.5009 -0.2070
vn 0.4267 -0.5452 0.7216
vn 0.8893 -0.2780 0.3631
vn -0.0709 0.5746 -0.8153
vn -0.9966 0.0097 -0.0819
vn 0.4464 -0.4708 0.7610
vn 0.9684 0.2099 -0.1344
vn -0.6729 0.3018 -0.6753
vn -0.9906 -0.0832 -0.1087
vn 0.4389 -0.3375 0.8327
vn 0.8957 0.2526 -0.3661
vn -0.8210 0.1277 -0.5564
vn -0.9854 -0.1003 -0.1375
vn 0.4515 -0.4947 0.7426
vn 0.5557 0.5310 -0.6397
vn -0.9885 -0.0672 -0.1354
vn -0.9886 -0.1473 -0.0301
vn -0.3187 -0.1456 0.9366
vn 0.1686 -0.5184 0.8384
vn 0.5083 -0.1350 -0.8505
vn -0.5808 0.6343 -0.5103
vn -0.3702 -0.3038 0.8779
vn 0.7873 -0.6010 0.1378
vn 0.0830 0.6326 -0.7700
vn -0.6753 0.3761 -0.6344
vn -0.3456 -0.7663 0.5416
vn 0.9504 -0.0879 0.2982
vn -0.2053 0.5556 -0.8057
vn -0.5965 0.7080 -0.3781
vn -0.5173 -0.7362 0.4364
vn 0.8395 -0.1547 -0.5208
vn -0.3609 0.9313 0.0484
vn 0.7863 0.3329 -0.5204
vn 0.0326 0.1538 0.9876
vn -0.0286 -0.1917 0.9810
vn -0.2055 -0.3835 -0.9004
vn -0.0553 0.7426 -0.6674
vn 0.5106 0.3471 0.7867
vn 0.1936 -0.9299 0.3127
vn -0.7456 0.3556 -0.5636
vn -0.0940 0.0412 -0.9947
vn 0.8051 -0.3271 0.4948
vn -0.4217 0.0063 0.9067
vn -0.5238 0.3123 -0.7925
vn 0.4995 0.0431 -0.8652
vn 0.5000 0.0062 0.8660
vn -0.9288 0.0097 0.3704
vn 0.1437 0.0097 -0.9896
vn 0.4999 0.0062 -0.8660
vn 0.5717 0.5358 0.6213
vn 0.0219 0.1907 0.9814
vn -0.7079 -0.5809 -0.4018
vn 0.2668 0.0792 -0.9605
vn 0.5166 0.4032 0.7553
vn -0.4804 -0.3651 0.7974
vn -0.3384 -0.2069 -0.9180
vn 0.3285 0.3383 -0.8818
vn 0.5486 0.1034 0.8297
vn -0.6863 -0.4986 0.5296
vn -0.1687 0.2130 -0.9624
vn 0.3484 0.4151 -0.8404
vn 0.5414 0.0394 0.8399
vn -0.9188 -0.3916 0.0501
vn 0.3308 0.3774 -0.8650
vn 0.3802 0.3915 -0.8379
vn 0.8291 -0.4747 0.2953
vn 0.9855 0.1167 0.1234
vn -0.5486 0.7507 -0.3680
vn -0.8653 -0.5010 -0.0159
vn 0.8414 -0.4697 0.2674
vn 0.6878 0.7226 -0.0694
vn -0.9591 0.2082 -0.1917
vn -0.8245 -0.5506 -0.1304
vn 0.8841 -0.4280 0.1875
vn 0.4021 0.9023 0.1555
vn -0.9684 -0.0768 -0.2374
vn -0.7295 -0.5951 -0.3373
vn 0.9184 -0.3675 0.1467
vn -0.1847 0.9390 0.2900
vn -0.7149 -0.5303 -0.4559
vn -0.4253 -0.7776 -0.4632
vn 0.4803 -0.2132 0.8508
vn 0.8621 -0.2685 0.4298
vn -0.2111 0.0900 -0.9733
vn -0.9701 0.1638 0.1789
vn 0.4460 -0.4318 0.7840
vn 0.8501 -0.1375 -0.5083
vn -0.7306 0.6065 -0.3137
vn -0.9901 -0.1316 -0.0497
vn 0.6410 -0.7635 0.0783
vn 0.7670 0.6368 0.0791
vn -0.9254 0.3442 -0.1583
vn -0.9601 -0.2491 -0.1271
vn 0.7224 -0.6719 -0.1632
vn 0.2919 0.9459 0.1416
vn -0.9729 -0.2310 -0.0102
vn -0.7956 -0.5992 -0.0895
vn 0.2971 0.0606 0.9529
vn 0.6363 -0.3418 0.6916
vn 0.0182 -0.3858 -0.9224
vn -0.7741 0.5255 -0.3531
vn 0.2388 0.0968 0.9662
vn 0.7972 -0.5994 0.0729
vn -0.4190 0.1067 -0.9017
vn -0.8472 0.3954 -0.3549
vn 0.2277 0.1165 0.9667
vn 0.8182 -0.5531 -0.1570
vn -0.6871 0.0732 -0.7229
vn -0.7712 0.5394 -0.3381
vn 0.3560 0.2078 0.9111
vn 0.2130 -0.8876 -0.4084
vn -0.5885 0.6447 -0.4880
vn -0.5380 0.2426 -0.8073
vn 0.6765 0.6673 0.3115
vn 0.6170 -0.0144 0.7868
vn -0.6104 -0.7853 -0.1030
vn -0.4309 0.4075 -0.8052
vn 0.7549 0.4624 0.4651
vn 0.0297 -0.5812 0.8133
vn -0.7893 -0.0616 -0.6109
vn 0.0529 0.4280 -0.9022
vn 0.6995 0.0899 0.7090
vn -0.6625 -0.2063 0.7201
vn -0.3065 0.0982 -0.9468
vn 0.4410 0.1500 -0.8849
vn 0.5444 0.0370 0.8380
vn -0.9870 -0.0341 0.1570
vn 0.3570 0.0290 -0.9336
vn 0.4767 0.0335 -0.8784
vn 0.8401 0.5231 -0.1436
vn 0.3639 0.5946 0.7169
vn -0.8368 -0.5419 0.0783
vn -0.0822 -0.4398 -0.8943
vn 0.7422 0.4909 0.4562
vn -0.3958 0.0569 0.9166
vn -0.5510 -0.3791 -0.7434
vn 0.4999 0.0171 -0.8659
vn 0.4999 0.0019 0.8661
vn -0.2718 -0.0221 0.9621
vn -0.6972 -0.0221 -0.7166
vn 0.4998 -0.0213 -0.8659
vn 0.4997 -0.0290 0.8657
vn -0.6759 -0.0565 0.7348
vn -0.2982 -0.0565 -0.9528
vn 0.4997 -0.0290 -0.8657
vn 0.9576 -0.1696 -0.2328
vn 0.8805 0.4736 0.0219
vn -0.8081 0.5017 0.3086
vn -0.6340 -0.7436 -0.2121
vn 0.9716 -0.1017 -0.2137
vn 0.3518 0.8201 0.4513
vn -0.9672 -0.2431 0.0731
vn -0.5415 -0.6488 -0.5346
vn 0.9939 0.0335 0.1053
vn -0.0838 0.4997 0.8621
vn -0.8197 -0.2506 -0.5151
vn -0.0700 -0.4203 -0.9047
vn 0.8312 -0.0732 0.5512
vn -0.7357 0.4299 0.5234
vn -0.1482 -0.2589 -0.9545
vn 0.3805 -0.3864 -0.8402
vn 0.7388 0.5711 -0.3578
vn 0.8470 0.4055 0.3437
vn -0.5796 -0.5404 0.6100
vn -0.7269 -0.1739 -0.6643
vn 0.8028 0.5583 -0.2092
vn 0.4908 0.0129 0.8712
vn -0.8942 -0.4436 -0.0606
vn -0.6346 -0.0621 -0.7704
vn 0.8410 0.5352 -0.0795
vn 0.2165 -0.2012 0.9553
vn -0.8534 -0.3384 -0.3965
vn -0.6438 -0.0008 -0.7652
vn 0.7958 0.6052 -0.0181
vn -0.1387 -0.6059 0.7834
vn -0.6830 0.0305 -0.7298
vn -0.1698 0.4993 -0.8496
vn 0.8117 -0.0489 -0.5820
vn 0.8365 0.5104 -0.1995
vn -0.6583 0.3547 0.6639
vn -0.6826 -0.7209 -0.1198
vn 0.8410 0.0171 -0.5407
vn 0.4568 0.8313 0.3166
vn -0.9079 -0.2321 0.3492
vn -0.6447 -0.7339 -0.2141
vn 0.8833 0.0504 -0.4660
vn 0.2198 0.8389 0.4979
vn -0.8997 -0.4227 0.1091
vn -0.6322 -0.7359 -0.2423
vn 0.9058 0.0437 -0.4214
vn -0.2802 0.7337 0.6190
vn -0.6392 -0.7343 -0.2286
vn -0.3046 -0.8302 -0.4668
vn 0.7858 -0.5261 -0.3252
vn 0.8410 0.0875 -0.5339
vn -0.6056 0.7904 0.0926
vn -0.7155 -0.4824 0.5053
vn 0.8249 -0.5000 -0.2637
vn 0.5034 0.6869 -0.5242
vn -0.9496 0.1893 0.2497
vn -0.6704 -0.4344 0.6015
vn 0.9083 -0.4158 -0.0456
vn 0.2199 0.5780 -0.7858
vn -0.9300 -0.0026 0.3676
vn -0.6786 -0.2289 0.6979
vn 0.9244 -0.3745 0.0716
vn -0.2705 0.4699 -0.8402
vn -0.6648 -0.1347 0.7347
vn -0.8494 0.0412 0.5262
vn 0.8087 -0.4769 0.3443
vn 0.8950 -0.3137 -0.3171
vn -0.6259 0.4566 -0.6322
vn -0.7596 0.0990 0.6428
vn 0.8493 -0.4610 0.2573
vn 0.4920 0.0631 -0.8683
vn -0.9353 0.3537 -0.0056
vn -0.7050 -0.0190 0.7089
vn 0.8892 -0.3367 0.3098
vn 0.2551 0.0671 -0.9646
vn -0.9703 0.0682 0.2321
vn -0.6743 0.3311 0.6600
vn 0.9504 -0.0654 0.3040
vn -0.3123 -0.5742 -0.7568
vn -0.6479 0.5939 0.4770
vn -0.4521 0.6438 0.6173
vn 0.7614 0.2067 0.6144
vn 0.8888 -0.3711 0.2689
vn -0.5432 -0.5165 -0.6620
vn -0.7871 0.6152 0.0458
vn 0.8043 0.1977 0.5604
vn 0.5557 -0.8144 -0.1673
vn -0.9520 -0.0129 -0.3059
vn -0.6976 0.7130 -0.0710
vn 0.8753 0.2756 0.3975
vn 0.2124 -0.9642 0.1587
vn -0.9177 0.2573 -0.3028
vn -0.6271 0.6531 -0.4244
vn 0.8885 0.3219 0.3270
vn -0.3399 -0.8838 0.3214
vn -0.5694 0.5656 -0.5965
vn -0.1067 0.8634 -0.4931
vn 0.7527 0.6219 0.2159
vn 0.9095 0.0286 0.4146
vn -0.5224 -0.8524 -0.0230
vn -0.8245 0.3926 -0.4075
vn 0.7501 0.5943 0.2902
vn 0.6447 -0.6410 0.4166
vn -0.8537 -0.3338 -0.3996
vn -0.8487 0.4282 -0.3105
vn 0.6974 0.5530 0.4559
vn 0.5915 -0.8022 0.0810
vn -0.9152 -0.0934 -0.3920
vn -0.8857 0.3986 -0.2379
vn 0.6775 0.5457 0.4931
vn 0.2110 -0.9521 -0.2214
vn -0.8985 0.3751 -0.2280
vn -0.7988 0.5927 -0.1036
vn 0.7401 0.6697 0.0618
vn 0.7425 0.2724 0.6120
vn -0.6044 -0.7484 0.2732
vn -0.5944 0.0635 -0.8016
vn 0.7835 0.6149 0.0897
vn 0.3691 -0.2401 0.8978
vn -0.8792 -0.3768 -0.2915
vn -0.5239 -0.0178 -0.8516
vn 0.8269 0.5614 -0.0313
vn 0.1083 -0.0935 0.9897
vn -0.7764 -0.4315 -0.4594
vn -0.6244 -0.2094 -0.7526
vn 0.6996 0.7065 -0.1063
vn -0.0687 -0.4632 0.8836
vn -0.6435 -0.2251 -0.7316
vn -0.3344 0.1617 -0.9284
vn 0.8950 0.2509 -0.3688
vn 0.7132 0.5587 0.4233
vn -0.8579 -0.1755 0.4830
vn -0.4656 -0.5393 -0.7016
vn 0.9492 0.3146 -0.0119
vn 0.0857 0.3073 0.9478
vn -0.8670 -0.3793 -0.3231
vn -0.1268 -0.2108 -0.9693
vn 0.8747 0.1333 0.4660
vn -0.4599 0.0710 0.8851
vn -0.5380 -0.0863 -0.8385
vn 0.1653 -0.1042 -0.9807
vn 0.7473 0.1857 0.6380
vn -0.9025 0.0586 0.4268
vn 0.1193 -0.1910 -0.9743
vn 0.1347 -0.1915 -0.9722
vn 0.8530 -0.3556 -0.3822
vn 0.9028 0.3068 -0.3015
vn -0.6693 0.6622 0.3369
vn -0.7417 -0.6534 0.1516
vn 0.8899 -0.3022 -0.3416
vn 0.5157 0.8546 -0.0601
vn -0.9680 0.0205 0.2500
vn -0.6800 -0.7195 0.1415
vn 0.9596 -0.2139 -0.1828
vn 0.2043 0.9755 -0.0818
vn -0.9432 -0.2995 0.1439
vn -0.6150 -0.7754 0.1431
vn 0.9881 -0.1509 -0.0307
vn -0.3587 0.9213 -0.1500
vn -0.6339 -0.7600 0.1431
vn -0.3364 -0.9293 0.1526
vn 0.7961 -0.5713 0.1995
vn 0.9400 -0.1578 -0.3025
vn -0.5661 0.6846 -0.4592
vn -0.8300 -0.1644 0.5329
vn 0.8283 -0.5384 0.1549
vn 0.6388 0.3819 -0.6680
vn -0.9363 0.3474 0.0510
vn -0.7942 -0.2742 0.5423
vn 0.8955 -0.4368 0.0853
vn 0.3849 0.6491 -0.6562
vn -0.9710 0.0458 0.2346
vn -0.7371 -0.4552 0.4995
vn 0.9360 -0.3433 0.0773
vn -0.1727 0.8281 -0.5332
vn -0.7665 -0.4891 0.4163
vn -0.5726 -0.6553 0.4927
vn 0.7743 -0.3481 0.5285
vn 0.9173 -0.3830 -0.1088
vn -0.5374 0.2286 -0.8117
vn -0.8034 0.2722 0.5296
vn 0.7614 -0.4295 0.4856
vn 0.6382 -0.1637 -0.7523
vn -0.8371 0.5243 -0.1562
vn -0.8847 0.0600 0.4623
vn 0.7050 -0.5584 0.4372
vn 0.6792 0.3829 -0.6262
vn -0.9643 0.2404 -0.1109
vn -0.9528 -0.0083 0.3035
vn 0.7176 -0.3275 0.6147
vn 0.2472 0.3083 -0.9186
vn -0.9597 -0.0107 0.2808
vn -0.9189 -0.0587 0.3902
vn 0.5673 0.7295 0.3821
vn 0.6912 0.1539 0.7061
vn -0.3975 -0.9114 -0.1066
vn -0.6364 0.2600 -0.7263
vn 0.5786 0.6902 0.4346
vn 0.4402 -0.7153 0.5427
vn -0.6732 -0.3998 -0.6220
vn -0.6771 0.5284 -0.5122
vn 0.6282 0.3592 0.6902
vn 0.0488 -0.9402 0.3370
vn -0.7709 0.3456 -0.5350
vn 0.3634 0.6650 -0.6524
vn 0.5100 0.0166 0.8600
vn -0.9765 0.0136 0.2150
vn 0.3020 0.0026 -0.9533
vn 0.5000 0.0008 -0.8661
vn 0.8132 -0.0878 -0.5753
vn 0.8674 0.4348 -0.2420
vn -0.5915 0.4532 0.6669
vn -0.7092 -0.7007 -0.0780
vn 0.8453 -0.2032 -0.4941
vn 0.5265 0.8281 0.1924
vn -0.9832 -0.0123 0.1819
vn -0.6693 -0.7114 0.2144
vn 0.9472 -0.2709 -0.1717
vn 0.2169 0.9152 -0.3395
vn -0.9309 -0.2211 0.2907
vn -0.6733 -0.6377 0.3741
vn 0.9553 -0.2713 -0.1171
vn -0.2375 0.9257 -0.2943
vn -0.6999 -0.6092 0.3729
vn -0.6270 -0.6788 0.3822
vn 0.7576 -0.6334 -0.1579
vn 0.9359 -0.0543 -0.3480
vn -0.5058 0.8627 -0.0013
vn -0.8520 -0.3562 0.3837
vn 0.7998 -0.5966 -0.0672
vn 0.6875 0.6237 -0.3719
vn -0.9484 0.3071 0.0786
vn -0.8185 -0.3690 0.4404
vn 0.8953 -0.4219 0.1431
vn 0.4352 0.7157 -0.5462
vn -0.9844 0.0347 0.1723
vn -0.8003 -0.5016 0.3284
vn 0.9198 -0.3491 0.1792
vn -0.0436 0.9337 -0.3554
vn -0.8335 -0.5338 0.1425
vn -0.6701 -0.7101 0.2164
vn 0.7696 -0.5469 0.3296
vn 0.7847 -0.3629 -0.5025
vn -0.4253 0.4273 -0.7978
vn -0.6736 0.1712 0.7189
vn 0.7543 -0.3553 0.5521
vn 0.4717 -0.3641 -0.8030
vn -0.9969 0.0669 -0.0403
vn -0.3783 0.9076 0.1822
vn 0.8468 -0.2844 0.4496
vn -0.2338 -0.9588 -0.1615
vn -0.6067 0.7162 -0.3449
vn -0.0703 0.9873 0.1422
vn 0.7092 -0.4854 0.5113
vn -0.5072 -0.4755 -0.7188
vn -0.2422 0.9520 0.1870
vn 0.0280 0.8977 0.4398
vn -0.0106 -0.0451 0.9989
vn 0.2234 -0.7788 0.5861
vn 0.1392 -0.4413 -0.8865
vn -0.3349 0.9173 -0.2154
vn 0.1423 0.0980 0.9850
vn 0.1971 -0.9788 0.0561
vn -0.5843 0.4158 -0.6970
vn 0.3123 0.6607 -0.6826
vn 0.5872 -0.2548 0.7683
vn -0.7596 -0.3810 0.5271
vn -0.1529 0.4328 -0.8884
vn 0.3119 0.4259 -0.8493
vn 0.5748 -0.6219 0.5318
vn -0.9133 -0.0071 0.4073
vn 0.1966 0.5793 -0.7911
vn 0.4406 0.4725 -0.7633
vn 0.7932 0.5285 0.3025
vn 0.8092 -0.2320 0.5397
vn -0.6911 -0.6971 -0.1907
vn -0.6084 0.6010 -0.5183
vn 0.8473 0.2965 0.4406
vn 0.2968 -0.8772 0.3774
vn -0.8372 0.0433 -0.5451
vn -0.3843 0.8694 -0.3106
vn 0.7812 -0.1389 0.6086
vn -0.0860 -0.9751 -0.2042
vn -0.6138 0.6307 -0.4748
vn -0.2119 0.9591 0.1879
vn 0.5586 -0.4520 0.6954
vn -0.1939 -0.3629 -0.9114
vn -0.4030 0.8779 0.2587
vn 0.5169 -0.3066 0.7993
vn 0.7530 0.5118 -0.4135
vn 0.8435 0.4897 0.2209
vn -0.5459 -0.4115 0.7298
vn -0.7274 -0.3551 -0.5871
vn 0.7696 0.5015 -0.3954
vn 0.4718 0.1765 0.8639
vn -0.8680 -0.4903 0.0779
vn -0.6132 -0.2660 -0.7438
vn 0.8485 0.5229 -0.0816
vn 0.0931 -0.3032 0.9484
vn -0.7292 -0.3963 -0.5579
vn -0.3488 0.5746 -0.7404
vn 0.6756 0.4499 0.5840
vn 0.1299 -0.9714 -0.1989
vn -0.7929 0.4863 -0.3671
vn -0.5091 0.8583 -0.0652
vn 0.7928 0.6082 0.0401
vn 0.9875 -0.0786 0.1364
vn -0.5404 -0.8404 0.0417
vn -0.8801 0.4624 -0.1074
vn 0.8495 0.5249 0.0531
vn 0.6619 -0.7029 0.2605
vn -0.9767 -0.2143 0.0090
vn -0.7742 0.5589 -0.2970
vn 0.9038 0.3994 0.1540
vn 0.2769 -0.8466 0.4546
vn -0.9346 0.0783 -0.3470
vn -0.6686 0.6618 -0.3391
vn 0.8508 0.3311 0.4080
vn -0.1327 -0.9869 -0.0920
vn -0.7241 0.6394 -0.2585
vn -0.2608 0.9651 -0.0232
vn 0.4936 0.4347 -0.7532
vn 0.8687 0.4277 -0.2500
vn -0.1544 -0.3131 0.9371
vn -0.9521 -0.2791 -0.1252
vn 0.4993 0.4291 -0.7527
vn 0.8990 0.1776 0.4004
vn -0.7164 -0.4042 0.5686
vn -0.9757 -0.1917 -0.1057
vn 0.5173 0.2983 -0.8021
vn 0.8218 0.0068 0.5698
vn -0.8901 -0.1457 0.4319
vn -0.9746 -0.1989 -0.1034
vn 0.6025 -0.0511 -0.7965
vn 0.3539 0.3673 0.8602
vn -0.9633 -0.2591 -0.0694
vn -0.8332 -0.3237 -0.4483
vn 0.3427 0.2252 -0.9121
vn 0.6762 0.6714 -0.3033
vn -0.2294 -0.0940 0.9688
vn -0.7022 -0.7020 -0.1188
vn 0.4643 0.4935 -0.7355
vn 0.5301 0.6721 0.5170
vn -0.6100 -0.6305 0.4800
vn -0.6531 -0.6011 -0.4606
vn 0.4733 0.7230 -0.5033
vn 0.4831 0.2650 0.8345
vn -0.6736 -0.7385 0.0298
vn -0.7277 -0.4938 -0.4760
vn 0.4894 0.7457 -0.4521
vn 0.2854 -0.2729 0.9187
vn -0.7963 -0.4372 -0.4181
vn -0.2601 0.3638 -0.8944
vn 0.6759 -0.5020 -0.5397
vn 0.5851 0.3878 -0.7122
vn -0.6428 0.6244 0.4436
vn -0.3918 -0.7477 0.5361
vn 0.7256 -0.1247 -0.6767
vn 0.1959 0.9756 -0.0992
vn -0.6697 -0.3320 0.6642
vn -0.3623 -0.9194 -0.1534
vn 0.8596 0.3913 -0.3285
vn 0.0350 0.5859 0.8096
vn -0.7920 -0.5909 -0.1534
vn -0.1571 -0.5447 -0.8238
vn 0.9240 0.2740 0.2666
vn -0.7372 0.2807 0.6146
vn -0.2118 -0.4767 -0.8532
vn 0.2862 -0.4138 -0.8642
vn 0.8756 -0.4799 -0.0553
vn 0.6752 -0.3998 -0.6199
vn -0.8364 0.3765 -0.3983
vn -0.4452 0.2121 0.8699
vn 0.8751 -0.4834 0.0238
vn 0.1674 -0.2354 -0.9574
vn -0.8872 0.3861 0.2528
vn -0.4409 0.3898 0.8085
vn 0.8657 -0.4817 0.1363
vn -0.0904 -0.4098 -0.9077
vn -0.7584 0.5261 0.3848
vn -0.3636 0.6379 0.6789
vn 0.8805 -0.4434 0.1676
vn -0.5927 -0.3644 -0.7183
vn -0.3158 0.7581 0.5705
vn -0.1818 0.7408 0.6467
vn 0.9975 0.0323 0.0627
vn 0.6726 -0.6091 -0.4203
vn -0.8460 -0.4428 -0.2969
vn -0.4483 0.6433 0.6206
vn 0.9970 0.0414 0.0649
vn 0.0014 -0.5445 -0.8388
vn -0.8957 0.4104 0.1712
vn -0.3782 -0.0416 0.9248
vn 0.9988 0.0429 0.0226
vn -0.2306 0.6856 -0.6905
vn -0.7622 -0.3654 0.5344
vn -0.2435 -0.9571 0.1572
vn 0.9764 0.1089 -0.1867
vn -0.4513 0.6988 0.5549
vn -0.5157 -0.7552 -0.4046
vn 0.4741 -0.6485 -0.5955
vn 0.8525 -0.4538 0.2596
vn 0.8009 -0.4422 -0.4036
vn -0.7308 0.3486 -0.5868
vn -0.6097 0.2915 0.7371
vn 0.8418 -0.5038 0.1936
vn 0.3078 -0.2156 -0.9267
vn -0.8637 0.4856 0.1351
vn -0.5135 0.2342 0.8255
vn 0.8418 -0.5383 -0.0396
vn 0.0650 0.2106 -0.9754
vn -0.7636 0.3704 0.5289
vn -0.4617 -0.1707 0.8704
vn 0.9261 -0.3569 -0.1227
vn -0.3307 0.6894 -0.6445
vn -0.5606 -0.3890 0.7311
vn -0.6915 -0.2676 0.6709
vn 0.7951 0.2872 0.5342
vn 0.6129 -0.7859 0.0822
vn -0.5097 -0.7241 -0.4646
vn -0.5883 0.7991 0.1237
vn 0.8270 0.2376 0.5095
vn 0.0997 -0.9788 0.1790
vn -0.9397 0.3257 -0.1049
vn 0.1368 0.6700 -0.7297
vn 0.7741 0.0407 0.6318
vn -0.6481 0.1355 0.7494
vn -0.3182 0.0948 -0.9433
vn 0.4606 -0.3411 -0.8195
vn 0.5087 -0.0415 0.8599
vn -0.6787 0.7344 -0.0081
vn 0.1229 -0.5491 -0.8267
vn 0.4996 -0.7333 -0.4612
vn 0.7676 0.6407 0.0152
vn 0.8556 0.0111 0.5174
vn -0.5090 -0.7911 0.3392
vn -0.7055 0.4374 -0.5576
vn 0.8187 0.5525 -0.1562
vn 0.4695 -0.3819 0.7961
vn -0.9995 0.0109 -0.0299
vn -0.4856 -0.2087 -0.8489
vn 0.9908 0.0998 0.0919
vn -0.1208 0.4751 0.8716
vn -0.8015 -0.2750 -0.5310
vn -0.1466 -0.4077 -0.9013
vn 0.8390 -0.1716 0.5164
vn -0.6852 0.5035 0.5263
vn -0.1752 -0.2317 -0.9569
vn 0.4508 -0.4326 -0.7808
vn 0.6491 0.4411 -0.6198
vn 0.9133 0.3867 0.1277
vn -0.5117 -0.3967 0.7621
vn -0.8236 -0.2038 -0.5293
vn 0.7708 0.5360 -0.3442
vn 0.5240 0.0211 0.8514
vn -0.8618 -0.5062 0.0322
vn -0.7019 0.1096 -0.7038
vn 0.7858 0.5951 -0.1685
vn 0.3260 -0.3844 0.8637
vn -0.9643 -0.1355 -0.2273
vn -0.6138 -0.2184 -0.7586
vn 0.9438 0.2610 -0.2029
vn -0.3581 0.3277 0.8743
vn -0.5798 -0.5066 -0.6381
vn 0.1632 -0.3595 -0.9188
vn 0.8825 -0.2558 -0.3946
vn 0.9239 0.3464 -0.1623
vn -0.6875 0.5873 0.4271
vn -0.7629 -0.6427 -0.0700
vn 0.9033 -0.2502 -0.3486
vn 0.5410 0.8235 0.1709
vn -0.9847 0.0113 0.1742
vn -0.7214 -0.6883 -0.0768
vn 0.9614 -0.2105 -0.1772
vn 0.2525 0.9555 0.1526
vn -0.9641 -0.2657 0.0032
vn -0.6302 -0.7710 -0.0916
vn 0.9879 -0.1543 -0.0127
vn -0.3019 0.9523 0.0438
vn -0.6739 -0.7345 -0.0796
vn -0.5339 -0.8411 -0.0868
vn 0.7712 -0.6210 0.1405
vn 0.9190 -0.2425 -0.3110
vn -0.5102 0.7270 -0.4596
vn -0.8496 -0.1036 0.5171
vn 0.7617 -0.6240 0.1748
vn 0.6961 0.3272 -0.6391
vn -0.8948 0.4464 0.0038
vn -0.8729 -0.1632 0.4598
vn 0.7794 -0.6105 0.1405
vn 0.5379 0.6372 -0.5519
vn -0.9594 0.2211 0.1753
vn -0.8844 -0.3948 0.2489
vn 0.7736 -0.6309 -0.0587
vn 0.1034 0.9946 -0.0108
vn -0.9223 -0.3860 0.0182
vn 0.6921 -0.7191 -0.0617
vn 0.9869 0.1121 0.1160
vn 0.5370 -0.8070 -0.2457
vn -0.8284 -0.5106 -0.2301
vn -0.3325 0.8821 0.3337
vn 0.9954 -0.0287 0.0915
vn -0.1837 -0.9794 0.0838
vn -0.8169 0.5388 0.2059
vn 0.1479 0.8008 -0.5804
vn 0.8678 -0.1496 0.4738
vn -0.5599 0.1648 0.8120
vn -0.3621 0.2705 -0.8920
vn 0.4555 -0.5919 -0.6650
vn 0.5850 -0.0900 0.8060
vn -0.4293 0.8145 -0.3903
vn -0.1368 -0.8760 -0.4625
vn 0.5399 -0.6122 0.5777
vn 0.8635 0.5016 -0.0529
vn 0.9587 -0.1920 0.2097
vn -0.6987 -0.6991 0.1518
vn -0.7790 0.5520 -0.2974
vn 0.9333 0.3532 0.0644
vn 0.4735 -0.7912 0.3872
vn -0.9821 -0.0460 -0.1827
vn -0.5762 0.7417 -0.3434
vn 0.9509 0.0763 0.3000
vn -0.0120 -0.9496 0.3133
vn -0.8320 0.4074 -0.3766
vn -0.2452 0.8839 -0.3982
vn 0.8882 -0.1576 0.4316
vn -0.6391 -0.7617 0.1065
vn -0.2633 0.8345 -0.4841
vn 0.4562 0.8653 -0.2077
vn 0.6500 0.3703 -0.6636
vn 0.9611 0.2759 0.0116
vn -0.4208 -0.3471 0.8381
vn -0.9081 -0.1394 -0.3948
vn 0.7716 0.3556 -0.5274
vn 0.7309 -0.0836 0.6774
vn -0.9242 -0.3128 0.2191
vn -0.8127 0.1294 -0.5681
vn 0.9499 0.2362 -0.2047
vn 0.2912 -0.4479 0.8454
vn -0.9726 0.0206 -0.2317
vn -0.4928 0.4267 -0.7583
vn 0.9794 0.1827 0.0858
vn -0.4939 -0.5852 0.6431
vn -0.5384 0.4154 -0.7332
vn 0.8779 0.4086 -0.2495
vn 0.1810 0.0618 -0.9815
vn 0.4384 0.4843 -0.7571
vn 0.0687 0.3346 0.9398
vn -0.5602 -0.6777 0.4764
vn 0.1793 -0.1414 -0.9736
vn 0.7242 0.6570 -0.2094
vn -0.3720 -0.0490 0.9270
vn -0.6893 -0.4963 0.5277
vn 0.3946 -0.3483 -0.8503
vn 0.7407 0.6684 0.0687
vn -0.6963 -0.0401 0.7166
vn -0.8812 -0.4315 0.1934
vn 0.5343 -0.3103 -0.7863
vn 0.4222 0.6255 0.6561
vn -0.9489 -0.2817 0.1421
vn -0.3497 -0.6110 -0.7102
vn 0.5523 -0.7128 -0.4323
vn 0.6900 0.6042 -0.3984
vn -0.0869 0.9861 0.1414
vn -0.7730 -0.5414 0.3307
vn 0.5073 -0.8611 0.0348
vn 0.4661 0.7748 -0.4271
vn -0.9921 -0.1201 -0.0374
vn -0.1608 0.9266 0.3399
vn 0.7177 -0.5598 0.4141
vn -0.6574 -0.7513 -0.0578
vn -0.3650 0.9310 0.0060
vn 0.3747 0.6621 -0.6490
vn 0.5000 0.0035 0.8660
vn -0.9625 0.0050 0.2713
vn 0.2464 0.0050 -0.9692
vn 0.5000 0.0035 -0.8660
vn 0.7346 -0.6460 0.2075
vn 0.2630 -0.0350 -0.9642
vn -0.6554 0.5171 -0.5505
vn -0.5808 0.2552 0.7730
vn 0.8570 -0.3596 0.3691
vn -0.0837 0.3598 -0.9293
vn -0.8658 -0.0085 0.5004
vn 0.4929 0.1685 -0.8536
vn 0.5000 0.0040 0.8660
vn -0.6594 0.0054 0.7517
vn -0.3213 0.0054 -0.9470
vn 0.5000 0.0011 -0.8660
vn 0.5000 -0.0010 0.8660
vn -0.8418 -0.0018 0.5397
vn -0.0465 -0.0018 -0.9989
vn 0.5000 -0.0010 -0.8660
vn -0.0425 -0.3755 -0.9259
vn 0.9725 0.2292 -0.0409
vn -0.5174 0.2419 0.8208
vn -0.9812 -0.1821 0.0632
vn 0.9461 -0.1469 0.2885
vn 0.2123 0.2725 0.9385
vn -0.9487 -0.1264 -0.2898
vn 0.5008 -0.0965 -0.8601
vn 0.4980 0.0062 0.8672
vn -0.7094 0.0097 0.7047
vn -0.2556 -0.0001 -0.9668
vn 0.5000 -0.0009 -0.8660
vn 0.5000 0.0003 0.8660
vn -0.8774 0.0006 0.4798
vn 0.0232 0.0006 -0.9997
vn 0.5000 0.0003 -0.8660
vn -0.1302 -0.2822 -0.9505
vn 0.0304 0.1110 -0.9934
vn 0.2999 0.7712 0.5614
vn -0.1909 -0.4067 0.8934
vn -0.3321 -0.5934 -0.7333
vn 0.3771 0.4509 -0.8090
vn 0.2398 0.3088 0.9204
vn -0.2441 -0.0176 0.9696
vn -0.2991 -0.3202 -0.8989
vn 0.6809 0.5867 -0.4384
vn -0.1491 0.0115 0.9888
vn -0.6343 -0.6642 0.3957
vn -0.2053 0.3858 -0.8995
vn 0.7069 0.3720 0.6015
vn -0.4930 -0.7819 0.3816
vn 0.7148 0.3599 0.5996
vn 0.3224 -0.9466 -0.0076
vn -0.2081 -0.3992 -0.8929
vn -0.4079 0.9118 0.0474
vn -0.0210 0.7070 0.7069
vn 0.5128 -0.7750 0.3693
vn -0.9477 -0.2034 -0.2458
vn -0.6111 0.5520 0.5673
vn 0.4306 0.5082 -0.7459
vn 0.5000 0.0029 0.8660
vn -0.6146 0.0031 0.7888
vn -0.3758 0.0031 -0.9267
vn 0.5000 0.0000 -0.8660
vn 0.5000 -0.0018 0.8660
vn -0.8136 -0.0033 0.5814
vn -0.0968 -0.0033 -0.9953
vn 0.5000 -0.0018 -0.8660
vn 0.8467 -0.5224 -0.1011
vn 0.0630 -0.8737 -0.4823
vn -0.9722 0.2178 -0.0855
vn 0.0238 0.8523 0.5224
vn 0.7922 -0.6091 0.0376
vn -0.5466 -0.8355 -0.0557
vn -0.4994 0.8396 0.2138
vn 0.3261 0.9166 -0.2314
vn 0.5626 -0.6247 0.5416
vn -0.8337 -0.4969 0.2411
vn -0.0264 0.7258 -0.6874
vn 0.5905 0.7899 -0.1654
vn 0.3597 -0.8113 0.4610
vn -0.7514 -0.2725 -0.6009
vn 0.3561 0.9217 0.1539
vn 0.0665 0.9911 -0.1153
vn 0.8809 0.2124 -0.4230
vn 0.7179 -0.4358 -0.5429
vn -0.8603 -0.3134 0.4022
vn -0.4073 0.7679 0.4944
vn 0.9697 -0.0703 -0.2340
vn -0.0673 -0.9832 -0.1699
vn -0.8270 0.5238 0.2042
vn -0.1483 0.9068 0.3945
vn 0.5491 -0.6779 0.4888
vn -0.3763 -0.7246 -0.5774
vn -0.3750 0.9257 -0.0486
vn 0.0655 0.9963 0.0553
vn 0.1640 -0.5028 0.8487
vn -0.5505 -0.5281 -0.6466
vn 0.3557 0.9247 -0.1356
vn 0.2253 0.8927 -0.3903
vn 0.4711 0.0639 -0.8797
vn 0.8628 -0.2587 -0.4343
vn -0.2118 -0.1892 0.9588
vn -0.8888 0.4528 -0.0709
vn 0.6229 0.1608 -0.7656
vn 0.6632 -0.6484 0.3738
vn -0.9205 0.0412 0.3887
vn -0.6295 0.7768 0.0182
vn 0.9958 -0.0430 -0.0802
vn -0.0367 -0.9706 0.2379
vn -0.8164 0.5730 0.0719
vn -0.1542 0.8939 -0.4209
vn 0.8222 -0.1114 0.5581
vn -0.7461 -0.5697 0.3447
vn -0.1163 0.5961 -0.7945
vn 0.3703 0.6720 -0.6413
vn 0.3265 0.7072 -0.6271
vn 0.6214 0.1022 -0.7768
vn -0.0905 -0.8918 0.4433
vn -0.6264 0.3031 0.7182
vn 0.3587 0.6423 -0.6774
vn 0.6371 -0.5610 -0.5287
vn -0.4255 -0.3770 0.8227
vn -0.6708 0.3442 0.6570
vn 0.3213 0.6385 -0.6993
vn 0.7363 -0.6296 -0.2478
vn -0.5949 -0.2035 0.7776
vn -0.7861 0.1686 0.5947
vn 0.3487 0.7333 -0.5837
vn 0.5472 -0.8308 0.1013
vn -0.8513 0.1032 0.5144
vn -0.8107 0.5077 0.2914
vn -0.8383 0.5153 -0.1781
vn 0.3644 0.4505 -0.8150
vn 0.9572 -0.2187 -0.1896
vn -0.2510 -0.3685 0.8951
vn -0.6450 0.7274 -0.2342
vn 0.8553 0.4320 -0.2860
vn 0.1403 -0.7289 0.6701
vn -0.8884 -0.3707 -0.2708
vn -0.3936 0.8308 0.3934
vn 0.2707 -0.3830 0.8832
vn -0.0309 -0.5890 -0.8075
vn -0.0591 0.6165 -0.7851
vn -0.0276 0.4484 0.8934
vn -0.4710 -0.8814 -0.0354
vn 0.4066 0.3788 -0.8314
vn 0.4744 0.6330 -0.6118
vn -0.6202 -0.0089 -0.7844
vn -0.3559 0.3997 -0.8447
vn 0.6866 0.4818 0.5445
vn 0.0371 -0.6171 0.7860
vn -0.6404 -0.2506 -0.7260
vn 0.1316 0.6794 -0.7219
vn 0.4989 0.0951 0.8614
vn 0.1923 -0.3876 0.9015
vn -0.6038 -0.5461 -0.5808
vn 0.1083 0.6660 -0.7380
vn 0.4601 0.1513 0.8749
vn 0.2082 -0.1347 0.9688
vn -0.7070 -0.5563 -0.4366
vn 0.5008 0.6644 -0.5547
vn 0.1765 -0.0657 0.9821
vn 0.2628 0.0168 0.9647
vn -0.0968 -0.3818 -0.9192
vn -0.3254 0.1529 -0.9331
vn -0.1428 0.6886 0.7110
vn 0.3743 -0.5387 0.7548
vn -0.1447 -0.4512 -0.8806
vn -0.4664 0.7140 -0.5222
vn 0.2837 0.2009 0.9376
vn 0.3024 -0.4249 0.8532
vn -0.2398 -0.7018 -0.6708
vn -0.2842 0.7244 -0.6281
vn 0.2342 0.2322 0.9441
vn 0.4458 -0.0114 0.8951
vn -0.0555 -0.8472 -0.5284
vn -0.5330 0.7972 -0.2835
vn 0.5475 0.0389 0.8359
vn 0.1134 0.8005 0.5884
vn 0.0088 -0.2175 -0.9760
vn -0.5344 -0.2382 -0.8110
vn -0.1192 0.1011 0.9877
vn 0.7750 0.1464 0.6147
vn 0.0132 0.1511 -0.9884
vn -0.9844 0.1682 -0.0515
vn 0.5598 -0.2060 0.8026
vn 0.6659 -0.4664 0.5823
vn -0.0057 0.9937 -0.1115
vn -0.8525 -0.2414 0.4636
vn 0.7031 -0.7110 0.0104
vn 0.3633 -0.6871 -0.6293
vn 0.5000 0.0112 0.8660
vn -0.9737 0.0153 0.2272
vn 0.2901 0.0153 -0.9569
vn 0.4999 0.0112 -0.8660
vn 0.3580 0.3510 -0.8652
vn -0.0301 -0.1874 -0.9818
vn -0.4879 -0.6019 0.6322
vn 0.2994 0.4512 0.8407
vn 0.3614 0.2736 -0.8914
vn -0.3750 -0.7064 -0.6004
vn -0.1507 -0.0437 0.9876
vn 0.3111 0.5773 0.7549
vn 0.4039 -0.0291 -0.9143
vn -0.4528 -0.8730 -0.1811
vn -0.0461 0.4260 0.9036
vn 0.2924 0.8231 0.4868
vn 0.5022 -0.3272 -0.8004
vn -0.6484 -0.6265 0.4325
vn 0.1585 0.9009 0.4041
vn -0.3464 0.5462 0.7627
vn -0.0233 -0.8909 -0.4537
vn 0.9845 -0.0774 0.1573
vn -0.2716 0.8826 0.3838
vn -0.9839 0.0534 -0.1707
vn 0.6437 -0.4593 0.6122
vn 0.8803 0.1342 0.4550
vn -0.9661 0.0655 -0.2497
vn 0.4582 -0.4020 -0.7928
vn 0.4954 -0.1183 0.8606
vn 0.4501 -0.4316 0.7817
vn -0.9020 -0.4316 -0.0011
vn 0.4511 -0.4313 -0.7813
vn 0.4511 -0.4314 0.7813
vn -0.3615 -0.6912 0.6258
vn -0.3612 -0.6912 -0.6260
vn 0.4511 -0.4314 -0.7813
vn -0.6159 -0.7780 0.1244
vn 0.4056 -0.4478 -0.7969
vn 0.6749 0.6894 -0.2632
vn 0.1313 0.8633 0.4873
vn -0.1376 -0.2131 0.9673
vn 0.6689 0.2257 0.7082
vn -0.9462 0.2320 -0.2254
vn 0.4979 -0.0912 -0.8624
vn 0.5000 0.0000 0.8660
vn -0.3271 -0.0002 0.9450
vn -0.6548 -0.0002 -0.7558
vn 0.5000 -0.0002 -0.8660
vn 0.5000 -0.0003 0.8660
vn -0.6933 -0.0006 0.7206
vn -0.2774 -0.0006 -0.9607
vn 0.5000 -0.0003 -0.8660
vn -0.1954 -0.7738 0.6025
vn -0.4862 -0.8665 -0.1131
vn -0.1501 0.3257 -0.9335
vn 0.4730 0.8789 0.0620
vn 0.1764 -0.4112 0.8943
vn -0.7949 -0.5659 0.2191
vn -0.3399 0.7549 -0.5609
vn 0.4722 0.3286 -0.8180
vn 0.5000 -0.0006 0.8660
vn 0.3320 -0.0030 0.9433
vn -0.9829 -0.0030 -0.1841
vn 0.5000 -0.0027 -0.8660
vn 0.5000 -0.0028 0.8660
vn -0.5389 -0.0056 0.8423
vn -0.4600 -0.0056 -0.8879
vn 0.5000 -0.0028 -0.8660
vn 0.4140 -0.7791 0.4707
vn -0.2977 -0.8770 0.3772
vn -0.6570 0.6147 -0.4365
vn 0.4401 0.8361 -0.3274
vn 0.4467 -0.6142 0.6506
vn -0.7652 -0.3369 0.5487
vn -0.1496 0.7353 -0.6610
vn 0.4578 0.4023 -0.7929
vn 0.5000 -0.0001 0.8660
vn -0.0191 -0.0008 0.9998
vn -0.8563 -0.0008 -0.5165
vn 0.5000 -0.0006 -0.8660
vn 0.5000 -0.0008 0.8660
vn -0.6142 -0.0015 0.7891
vn -0.3763 -0.0015 -0.9265
vn 0.5000 -0.0008 -0.8660
vn 0.6156 -0.7780 -0.1253
vn 0.0641 -0.8360 0.5450
vn -0.5923 0.8015 0.0821
vn 0.1494 0.7067 -0.6916
vn 0.5849 -0.7184 0.3765
vn -0.4604 -0.0555 0.8860
vn -0.3617 0.6334 -0.6841
vn 0.4979 0.0911 -0.8624
vn 0.5000 0.0001 0.8660
vn -0.3964 -0.0001 0.9181
vn -0.5969 -0.0001 -0.8023
vn 0.5000 -0.0002 -0.8660
vn 0.5000 -0.0003 0.8660
vn -0.7159 -0.0005 0.6982
vn -0.2467 -0.0005 -0.9691
vn 0.5000 -0.0003 -0.8660
vn 0.1994 -0.7779 -0.5959
vn 0.5248 -0.7053 0.4766
vn -0.3164 0.8675 0.3839
vn -0.4767 0.4190 -0.7728
vn 0.5915 -0.7801 0.2041
vn 0.0041 0.2128 0.9771
vn -0.6679 0.4494 -0.5933
vn 0.4722 -0.3286 -0.8179
vn 0.5000 0.0000 0.8660
vn -0.2976 -0.0003 0.9547
vn -0.6780 -0.0003 -0.7351
vn 0.5000 -0.0003 -0.8660
vn 0.5000 -0.0004 0.8660
vn -0.6844 -0.0007 0.7291
vn -0.2892 -0.0007 -0.9573
vn 0.5000 -0.0004 -0.8660
vn -0.0584 -0.7693 -0.6362
vn -0.4800 -0.0996 -0.8716
vn -0.0130 0.8194 0.5731
vn 0.5611 -0.2920 0.7745
vn -0.1080 -0.4737 -0.8741
vn -0.5004 0.7034 -0.5048
vn 0.2182 0.1225 0.9682
vn 0.4925 -0.5880 0.6416
vn 0.1759 -0.2729 -0.9458
vn -0.8411 0.4611 -0.2827
vn 0.2782 -0.0683 0.9581
vn 0.3993 -0.0475 0.9156
vn 0.0337 -0.8162 -0.5768
vn -0.6889 0.6971 -0.1986
vn 0.6227 0.1112 0.7745
vn 0.1389 0.7116 0.6887
vn 0.2266 -0.9391 0.2584
vn -0.4361 -0.8360 0.3331
vn -0.3696 0.9125 -0.1756
vn 0.5552 0.7797 -0.2895
vn 0.3375 -0.7872 0.5162
vn -0.7303 -0.1132 0.6737
vn -0.0102 0.7767 -0.6297
vn 0.4588 0.3979 -0.7945
vn 0.4999 0.0041 0.8661
vn -0.4975 -0.0001 0.8675
vn -0.5025 -0.0001 -0.8646
vn 0.5001 -0.0042 -0.8660
vn 0.4999 -0.0083 0.8660
vn -0.7547 -0.0157 0.6559
vn -0.1906 -0.0157 -0.9815
vn 0.5000 -0.0083 -0.8660
vn 0.2341 -0.8023 -0.5491
vn -0.2088 -0.9165 0.3413
vn -0.2465 0.7862 0.5667
vn 0.3500 0.7202 -0.5990
vn 0.1375 -0.9902 -0.0251
vn -0.2742 -0.2545 0.9274
vn 0.0604 0.9661 -0.2509
vn 0.2341 0.1658 -0.9580
vn 0.2265 -0.8856 0.4054
vn -0.1086 0.3838 0.9170
vn -0.0726 0.6028 -0.7946
vn -0.0663 0.0639 -0.9958
vn 0.1876 -0.8942 0.4064
vn 0.0339 0.8200 0.5714
vn -0.1998 0.1213 -0.9723
vn -0.0181 -0.7962 -0.6047
vn -0.0849 0.1946 -0.9772
vn 0.1503 -0.2066 -0.9668
vn 0.3970 -0.6260 0.6712
vn -0.2577 0.4959 0.8293
vn -0.2443 0.4858 -0.8392
vn 0.4421 -0.5038 -0.7421
vn 0.2106 -0.2154 0.9535
vn -0.1944 -0.0257 0.9806
vn -0.4452 0.8003 -0.4017
vn 0.6055 -0.0541 -0.7940
vn 0.1315 -0.6148 0.7776
vn -0.1201 -0.5843 0.8026
vn -0.4825 0.8751 -0.0359
vn 0.7425 -0.1676 -0.6486
vn -0.2268 -0.6959 0.6813
vn -0.0594 -0.8153 0.5760
vn -0.6705 0.0644 -0.7391
vn -0.1221 -0.0125 -0.9924
vn 0.9162 -0.0844 0.3918
vn -0.2578 0.0883 0.9622
vn -0.7115 0.0129 -0.7025
vn 0.5132 -0.2118 -0.8317
vn 0.4632 0.0395 0.8854
vn -0.1151 0.2488 0.9617
vn -0.8336 0.0317 -0.5515
vn 0.5565 -0.1072 -0.8239
vn 0.4286 0.1473 0.8914
vn 0.1091 -0.0586 0.9923
vn -0.8488 0.4000 -0.3458
vn 0.8142 0.0442 -0.5789
vn 0.0448 -0.4127 0.9098
vn -0.0431 -0.3918 0.9190
vn -0.8324 -0.5494 0.0724
vn -0.6965 -0.5719 -0.4333
vn 0.7286 0.4076 -0.5505
vn 0.4459 0.5101 0.7355
vn -0.8472 -0.4793 0.2290
vn -0.2780 -0.3641 -0.8889
vn 0.8327 0.5497 0.0664
vn 0.6569 0.5747 0.4881
vn -0.7608 -0.1046 0.6405
vn -0.4474 -0.6026 -0.6608
vn 0.9121 0.3383 -0.2318
vn 0.8384 0.5125 -0.1858
vn -0.5049 0.2961 0.8108
vn -0.1862 -0.7787 -0.5991
vn 0.7896 0.5245 -0.3185
vn -0.7986 -0.4711 0.3746
vn -0.7513 0.0780 -0.6553
vn -0.2670 0.3393 -0.9020
vn 0.9292 0.1581 0.3342
vn -0.1286 -0.4157 0.9004
vn -0.7767 0.0513 -0.6278
vn 0.3628 0.4958 -0.7890
vn 0.5796 -0.1282 0.8047
vn -0.0469 -0.4349 0.8992
vn -0.8110 -0.0873 -0.5785
vn 0.4363 0.5888 -0.6804
vn 0.4460 -0.1488 0.8826
vn 0.1285 -0.4789 0.8684
vn -0.7252 -0.2802 -0.6290
vn 0.5160 0.8293 -0.2144
vn 0.1877 -0.5091 0.8400
vn -0.0235 -0.6672 0.7445
vn -0.6471 -0.3903 -0.6549
vn -0.6968 0.0572 -0.7150
vn 0.3541 0.8328 0.4256
vn 0.5782 -0.4358 0.6898
vn -0.5975 -0.6331 -0.4920
vn -0.5748 0.5659 -0.5910
vn 0.7303 0.4175 0.5407
vn 0.6389 -0.0591 0.7670
vn -0.6186 -0.7807 -0.0887
vn -0.4199 0.4180 -0.8056
vn 0.7367 0.4746 0.4817
vn 0.6683 0.1962 0.7176
vn -0.6538 -0.7483 0.1125
vn -0.0472 0.5494 -0.8342
vn 0.6661 0.2256 0.7110
vn 0.5672 0.0496 0.8221
vn -0.2413 -0.6199 -0.7466
vn -0.8049 -0.2613 -0.5328
vn -0.0904 0.6786 0.7289
vn 0.9527 -0.0409 0.3013
vn -0.3395 -0.5720 -0.7467
vn -0.9495 0.2971 -0.1006
vn 0.5961 0.4252 0.6810
vn 0.9032 -0.1987 0.3805
vn -0.3535 -0.6645 -0.6583
vn -0.8270 0.5559 -0.0842
vn 0.7354 0.2931 0.6109
vn 0.8203 -0.0440 0.5702
vn -0.4565 -0.8515 -0.2581
vn -0.3983 0.8818 -0.2527
vn 0.8402 -0.0149 0.5421
vn 0.5932 0.7250 0.3500
vn 0.4423 -0.2877 -0.8495
vn -0.1033 -0.5871 -0.8029
vn -0.7184 -0.0184 0.6954
vn 0.4530 0.6282 0.6326
vn 0.4697 -0.2455 -0.8480
vn -0.6793 -0.5320 -0.5055
vn -0.1886 0.4277 0.8840
vn 0.4333 0.4139 0.8006
vn 0.5369 -0.3784 -0.7540
vn -0.8490 -0.3448 -0.4004
vn 0.0036 0.4674 0.8841
vn 0.3656 0.4894 0.7917
vn 0.4185 -0.8702 -0.2598
vn -0.9207 0.2080 -0.3304
vn 0.4677 0.6435 0.6059
vn 0.5322 0.5886 0.6085
vn 0.1405 0.5408 -0.8293
vn 0.0756 -0.2549 -0.9640
vn -0.1312 -0.6638 0.7363
vn 0.0112 0.6423 0.7664
vn 0.2621 0.2143 -0.9409
vn -0.0518 -0.9228 -0.3818
vn -0.2394 0.1834 0.9535
vn 0.2083 0.8584 0.4688
vn 0.5081 -0.4071 -0.7590
vn -0.5379 -0.8376 0.0948
vn -0.1334 0.7575 0.6391
vn 0.3467 0.9169 0.1977
vn 0.6301 -0.6930 -0.3504
vn -0.9057 -0.2929 0.3063
vn 0.2596 0.9621 0.0836
vn 0.5178 0.8550 -0.0294
vn -0.5229 0.6152 -0.5900
vn -0.1614 0.3503 -0.9226
vn 0.7300 -0.6645 0.1598
vn -0.1044 -0.0606 0.9927
vn -0.5746 0.6528 -0.4936
vn 0.3162 -0.0750 -0.9457
vn 0.4620 -0.5417 0.7022
vn -0.0217 -0.1660 0.9859
vn -0.7040 0.6139 -0.3570
vn 0.4142 -0.1133 -0.9031
vn 0.4677 -0.3825 0.7969
vn 0.0095 -0.3465 0.9380
vn -0.8681 0.2862 -0.4055
vn 0.8473 0.1918 -0.4952
vn 0.0337 -0.4390 0.8978
vn 0.2633 -0.4441 0.8564
vn -0.0886 0.2739 -0.9577
vn -0.0362 -0.1973 -0.9797
vn 0.1677 -0.7443 0.6464
vn 0.0355 0.5565 0.8301
vn -0.0786 0.5202 -0.8504
vn -0.0143 -0.6880 -0.7256
vn 0.0192 -0.2918 0.9563
vn 0.1539 0.2265 0.9618
vn 0.0578 0.7928 -0.6067
vn -0.3534 -0.5546 -0.7533
vn 0.0973 -0.4047 0.9093
vn 0.3321 -0.1263 0.9348
vn 0.1126 0.8857 -0.4505
vn -0.5716 -0.6880 -0.4472
vn 0.4630 -0.2169 0.8594
vn 0.5102 -0.1036 0.8538
vn -0.4772 -0.2523 -0.8418
vn 0.1842 -0.5656 -0.8038
vn 0.6975 0.0891 0.7110
vn -0.5627 0.6362 0.5279
vn -0.3006 -0.2700 -0.9147
vn 0.7337 -0.6720 -0.1002
vn -0.1201 0.4743 0.8722
vn -0.5142 0.8543 0.0760
vn 0.0935 -0.6940 -0.7138
vn 0.3570 -0.6041 0.7125
vn -0.1782 0.9630 0.2020
vn -0.4388 0.4659 -0.7684
vn -0.0426 -0.9988 -0.0237
vn 0.6572 0.5506 0.5147
vn -0.6263 0.5596 -0.5427
vn 0.7207 -0.3166 0.6168
vn -0.8999 -0.0363 -0.4347
vn -0.5814 0.3129 -0.7510
vn 0.9358 0.3421 0.0854
vn 0.2191 -0.4771 0.8511
vn -0.8991 -0.1763 -0.4007
vn 0.1220 0.6176 -0.7770
vn 0.7379 0.0843 0.6697
vn 0.3597 -0.4889 0.7947
vn -0.8701 -0.4437 -0.2146
vn 0.0610 0.6898 -0.7214
vn 0.8326 -0.1534 0.5323
vn 0.4776 0.1815 0.8596
vn -0.9806 -0.1921 0.0397
vn 0.5141 -0.3212 -0.7953
vn 0.4593 0.5238 0.7174
vn 0.6534 0.4849 0.5813
vn -0.4196 -0.9021 -0.1008
vn -0.5904 -0.5147 -0.6217
vn 0.2144 0.9517 -0.2198
vn 0.5383 0.1556 0.8283
vn -0.3810 -0.9095 -0.1662
vn -0.5306 0.1535 -0.8336
vn 0.3837 0.7845 0.4872
vn 0.6761 0.0683 0.7337
vn -0.3524 -0.9016 -0.2507
vn -0.6955 0.4534 -0.5574
vn 0.6732 0.5582 0.4850
vn 0.6990 0.0499 0.7134
vn -0.5604 -0.8265 -0.0536
vn -0.0853 0.7305 -0.6776
vn 0.6414 0.1218 0.7575
vn 0.6914 0.3417 0.6366
vn -0.0826 -0.7237 -0.6852
vn -0.6500 -0.5142 -0.5596
vn -0.3262 0.6963 0.6393
vn 0.8931 0.2438 0.3781
vn -0.0751 -0.7562 -0.6500
vn -0.9882 -0.0648 -0.1386
vn 0.3672 0.6876 0.6264
vn 0.9116 0.2251 0.3440
vn -0.1976 -0.7862 -0.5855
vn -0.9460 0.3101 -0.0947
vn 0.6509 0.5384 0.5352
vn 0.9031 -0.0536 0.4260
vn -0.2703 -0.7015 -0.6594
vn -0.5524 0.8309 0.0669
vn 0.7854 -0.1239 0.6065
vn 0.7611 -0.0173 0.6484
vn 0.2669 -0.1350 -0.9542
vn -0.0945 -0.4703 -0.8775
vn -0.5208 -0.2558 0.8145
vn 0.3656 0.6041 0.7081
vn 0.3211 0.1502 -0.9351
vn -0.6466 -0.5262 -0.5523
vn -0.0807 0.0327 0.9962
vn 0.3117 0.2419 0.9189
vn 0.2610 0.6916 -0.6735
vn -0.7764 -0.2822 -0.5636
vn 0.1537 -0.4046 0.9015
vn 0.4496 -0.3888 0.8042
vn 0.2715 0.9129 -0.3048
vn -0.9009 -0.3543 -0.2508
vn 0.6138 -0.5878 0.5270
vn -0.6272 -0.7736 0.0911
vn 0.0835 0.1194 -0.9893
vn -0.0161 -0.4020 -0.9155
vn -0.0984 -0.5942 0.7982
vn 0.1615 0.7153 0.6799
vn 0.1573 0.2556 -0.9539
vn -0.1970 -0.8380 -0.5088
vn -0.1496 0.0308 0.9883
vn 0.2584 0.5090 0.8211
vn 0.3381 0.3337 -0.8800
vn -0.5988 -0.6473 -0.4716
vn 0.0136 0.0233 0.9996
vn 0.3927 0.2725 0.8783
vn 0.3700 0.3845 -0.8457
vn -0.8156 -0.5775 -0.0359
vn 0.4645 0.1466 0.8733
vn 0.5982 0.2534 0.7602
vn -0.5113 0.3549 -0.7827
vn -0.1149 -0.1858 -0.9759
vn 0.6326 -0.5451 0.5501
vn -0.1145 0.4971 0.8601
vn -0.4987 0.2489 -0.8303
vn 0.3002 -0.6983 -0.6498
vn 0.3768 0.0162 0.9262
vn 0.0273 0.5734 0.8188
vn -0.6337 0.4276 -0.6447
vn 0.2144 -0.6907 -0.6907
vn 0.4930 0.0178 0.8698
vn 0.3411 0.0971 0.9350
vn -0.5251 0.7412 -0.4183
vn 0.3091 -0.7478 -0.5876
vn 0.2582 0.0177 0.9659
vn 0.1413 0.2254 0.9640
vn -0.9321 0.1103 -0.3450
vn -0.4877 0.1605 -0.8581
vn 0.9954 -0.0057 -0.0955
vn 0.1388 -0.0902 0.9862
vn -0.9469 0.0768 -0.3121
vn 0.1519 0.2944 -0.9435
vn 0.7795 0.0491 0.6245
vn 0.1793 -0.4145 0.8922
vn -0.9518 0.0615 -0.3004
vn 0.2429 0.8231 -0.5134
vn 0.6545 -0.3916 0.6468
vn 0.2575 -0.8263 0.5009
vn -0.9719 0.1195 -0.2026
vn 0.5916 0.8023 0.0796
vn 0.3732 -0.9117 0.1716
vn -0.5481 -0.8363 -0.0167
vn -0.8949 -0.4426 -0.0575
vn -0.9446 0.0655 -0.3217
vn 0.5839 0.7995 -0.1409
vn 0.6702 -0.4496 0.5905
vn -0.8797 -0.4402 0.1799
vn -0.4558 0.6753 -0.5798
vn 0.9925 -0.0971 -0.0738
vn 0.7488 0.1220 0.6515
vn -0.9148 0.1550 0.3731
vn -0.3203 -0.4976 -0.8061
vn 0.9874 0.0696 0.1420
vn 0.8188 0.5149 0.2540
vn -0.8927 0.4109 0.1852
vn 0.0547 -0.9703 -0.2357
vn 0.8288 0.5596 0.0014
vn 0.8214 0.5703 0.0061
vn -0.5924 -0.7106 -0.3795
vn -0.8462 -0.5159 -0.1332
vn 0.4480 0.6784 0.5823
vn 0.9741 -0.0558 -0.2191
vn -0.4596 -0.8774 -0.1379
vn -0.5407 0.3412 0.7689
vn 0.7159 0.5447 -0.4368
vn 0.9489 0.2426 -0.2016
vn -0.2230 -0.2161 0.9506
vn -0.9703 -0.0140 -0.2417
vn 0.6767 0.1869 -0.7121
vn 0.8441 0.2867 -0.4532
vn -0.0703 0.1839 0.9804
vn -0.7489 -0.4260 -0.5077
vn 0.7988 0.2746 -0.5352
vn 0.2759 -0.0832 -0.9576
vn -0.1416 -0.4216 -0.8957
vn -0.6847 -0.6295 -0.3673
vn 0.5453 0.4619 0.6995
vn 0.6085 0.5078 0.6098
vn -0.0885 -0.7726 -0.6287
vn -0.3845 -0.1683 0.9077
vn 0.4449 0.8949 0.0356
vn 0.4978 -0.0287 -0.8668
vn 0.4945 -0.1047 0.8628
vn -0.7192 0.1420 0.6801
vn -0.2151 0.0439 -0.9756
vn 0.5001 -0.0056 -0.8660
vn 0.4999 0.0037 0.8661
vn -0.8997 0.0061 0.4365
vn 0.0719 0.0061 -0.9974
vn 0.5001 0.0037 -0.8659
vn -0.5400 0.3823 -0.7498
vn -0.2427 -0.0053 -0.9701
vn 0.6870 -0.5886 0.4261
vn 0.0250 0.2825 0.9590
vn -0.7266 0.3526 -0.5896
vn 0.1334 -0.6424 -0.7547
vn 0.6375 -0.1096 0.7626
vn 0.3513 0.2941 0.8889
vn -0.9808 0.0985 0.1684
vn 0.0107 -0.5484 -0.8361
vn 0.8668 0.4102 0.2836
vn 0.9545 -0.0165 0.2976
vn -0.6838 -0.3331 0.6492
vn -0.2386 0.4256 -0.8729
vn 0.9631 -0.0886 0.2543
vn 0.4600 0.3918 -0.7968
vn -0.9744 0.2036 -0.0958
vn -0.7231 0.1136 -0.6813
vn 0.9076 -0.1998 -0.3692
vn 0.4310 -0.0071 0.9023
vn -0.9751 0.2200 -0.0275
vn 0.0210 -0.2346 -0.9719
vn 0.8978 -0.2293 0.3759
vn 0.3519 0.3689 0.8603
vn -0.9983 0.0014 -0.0578
vn 0.3182 -0.8731 -0.3694
vn 0.6062 0.5841 0.5398
vn -0.2435 0.8858 -0.3952
vn -0.6808 -0.6015 -0.4180
vn 0.0745 0.1984 0.9773
vn 0.7027 0.4536 -0.5481
vn -0.7758 -0.5544 0.3013
vn -0.9064 -0.4132 0.0879
vn -0.8686 0.2430 -0.4319
vn 0.6723 0.6662 -0.3229
vn 0.4910 -0.5614 0.6661
vn -0.8606 -0.5049 -0.0669
vn -0.3384 0.7744 -0.5345
vn 0.7484 0.0882 0.6574
vn 0.7497 -0.6537 -0.1027
vn -0.7832 -0.0362 -0.6207
vn -0.5492 0.3590 0.7546
vn 0.9545 -0.2482 0.1652
vn 0.8773 -0.1955 -0.4384
vn -0.6896 0.5305 -0.4930
vn -0.2495 -0.4022 0.8809
vn 0.9224 -0.1681 -0.3477
vn 0.8952 -0.1105 -0.4318
vn -0.6488 -0.7609 0.0063
vn -0.9336 -0.3445 0.0985
vn 0.3893 0.9167 0.0902
vn 0.9632 -0.2318 -0.1358
vn -0.5531 -0.7888 0.2682
vn -0.7448 0.5853 0.3206
vn 0.7553 0.3658 -0.5438
vn 0.9969 -0.0104 -0.0775
vn -0.4063 -0.1027 0.9080
vn -0.9090 0.1354 -0.3943
vn 0.8094 0.0164 -0.5870
vn 0.9702 0.0140 -0.2419
vn -0.2905 0.3239 0.9004
vn -0.7164 -0.2192 -0.6623
vn 0.9632 -0.0893 -0.2537
vn 0.9842 -0.0590 -0.1668
vn -0.4326 -0.6747 -0.5980
vn -0.7813 -0.6161 -0.0999
vn 0.1025 0.5578 0.8236
vn 0.8659 0.4304 -0.2549
vn -0.3905 -0.7081 -0.5884
vn -0.8107 -0.2579 0.5256
vn 0.5926 0.7269 0.3469
vn 0.8809 0.3715 -0.2933
vn -0.4531 -0.8176 -0.3552
vn -0.6508 0.0355 0.7584
vn 0.7730 0.6337 -0.0293
vn 0.6869 0.2545 -0.6807
vn -0.4899 -0.8622 -0.1288
vn 0.0303 0.4319 0.9014
vn 0.4879 0.4474 -0.7496
vn -0.1595 -0.6198 -0.7684
vn -0.2742 0.2069 -0.9392
vn -0.4079 -0.2498 -0.8782
vn 0.0839 -0.6626 0.7442
vn 0.4881 0.6057 0.6284
vn -0.3429 0.5194 -0.7827
vn -0.5496 -0.7076 -0.4441
vn 0.6843 -0.2710 0.6769
vn 0.3916 0.2048 0.8971
vn -0.6312 0.7020 -0.3297
vn -0.0976 -0.5189 -0.8492
vn 0.5772 -0.3715 0.7271
vn 0.5693 -0.0327 0.8215
vn -0.4799 0.8565 -0.1898
vn -0.1243 -0.8292 -0.5449
vn 0.6481 -0.0161 0.7614
vn -0.6565 0.0611 -0.7519
vn -0.0962 -0.7764 -0.6229
vn 0.7449 -0.5898 0.3119
vn -0.1415 0.8794 0.4545
vn -0.7802 0.3224 -0.5359
vn 0.5110 -0.8139 0.2766
vn 0.2119 0.2987 0.9305
vn -0.7952 0.3399 -0.5022
vn 0.4560 -0.4101 -0.7898
vn 0.5000 -0.0005 0.8660
vn 0.0365 -0.0051 0.9993
vn -0.8837 -0.0051 -0.4680
vn 0.5000 -0.0041 -0.8660
vn 0.5000 -0.0048 0.8660
vn -0.6020 -0.0095 0.7985
vn -0.3905 -0.0095 -0.9205
vn 0.5000 -0.0048 -0.8660
vn -0.5779 -0.7790 -0.2432
vn 0.5236 -0.6723 -0.5234
vn 0.8319 0.5544 0.0263
vn -0.0070 0.8869 0.4619
vn -0.8097 -0.1831 0.5575
vn 0.4159 -0.1158 0.9020
vn -0.5817 0.3549 -0.7319
vn 0.9323 0.0371 -0.3598
vn 0.0768 0.1120 0.9907
vn -0.9146 -0.0873 0.3948
vn 0.1256 -0.0537 -0.9906
vn 0.4996 -0.0403 -0.8653
vn 0.5000 0.0002 0.8660
vn -0.9089 0.0004 0.4169
vn 0.0934 0.0004 -0.9956
vn 0.5000 0.0002 -0.8660
vn -0.4331 -0.8435 0.3177
vn -0.2341 -0.8043 -0.5462
vn 0.3541 0.4151 -0.8380
vn 0.2028 0.7873 0.5823
vn -0.0865 -0.6164 0.7827
vn -0.1386 -0.8455 -0.5157
vn -0.4213 0.8821 -0.2108
vn 0.5632 0.5998 -0.5684
vn 0.4285 -0.4433 0.7873
vn -0.8258 -0.0832 0.5578
vn -0.0401 0.4595 -0.8873
vn 0.4879 0.2187 -0.8451
vn 0.5000 0.0005 0.8660
vn -0.9501 0.0007 0.3120
vn 0.2048 0.0007 -0.9788
vn 0.5000 0.0005 -0.8660
vn 0.0964 -0.7768 0.6223
vn -0.4495 -0.8772 0.1687
vn -0.4817 0.4448 -0.7551
vn 0.4887 0.8652 -0.1122
vn 0.3159 -0.5164 0.7959
vn -0.8206 -0.4612 0.3375
vn -0.1542 0.7722 -0.6164
vn 0.4561 0.4098 -0.7900
vn 0.5000 0.0000 0.8660
vn -0.2027 -0.0022 0.9792
vn -0.7467 -0.0022 -0.6652
vn 0.5000 -0.0019 -0.8660
vn 0.5000 -0.0025 0.8660
vn -0.6582 -0.0049 0.7528
vn -0.3229 -0.0049 -0.9464
vn 0.5000 -0.0025 -0.8660
vn 0.5918 -0.7757 0.2194
vn -0.0732 -0.8845 0.4607
vn -0.7963 0.6006 -0.0722
vn 0.3355 0.8042 -0.4905
vn 0.6121 -0.6884 0.3892
vn -0.5642 -0.3866 0.7296
vn -0.3341 0.7653 -0.5502
vn 0.3370 0.4891 -0.8045
vn 0.6056 -0.2227 0.7640
vn -0.6666 -0.0150 0.7453
vn -0.2988 0.2026 -0.9326
vn 0.4989 0.0650 -0.8642
vn 0.5000 0.0003 0.8660
vn -0.9153 0.0004 0.4028
vn 0.1088 0.0004 -0.9941
vn 0.5000 0.0003 -0.8660
vn 0.5693 -0.6868 -0.4519
vn 0.4352 -0.8632 0.2558
vn -0.5497 0.5659 0.6145
vn -0.2771 0.7794 -0.5619
vn 0.7219 -0.6520 -0.2320
vn 0.0994 -0.3880 0.9163
vn -0.6922 0.6951 -0.1939
vn -0.1310 0.5125 -0.8486
vn 0.8116 -0.2765 0.5146
vn -0.4734 -0.0963 0.8755
vn -0.5069 0.2944 -0.8101
vn 0.4987 0.0715 -0.8638
vn 0.5000 0.0004 0.8660
vn -0.9472 0.0007 0.3206
vn 0.1960 0.0007 -0.9806
vn 0.5000 0.0004 -0.8660
vn -0.8674 -0.2178 0.4474
vn -0.8937 0.3926 0.2172
vn 0.6899 0.5516 -0.4688
vn 0.7208 -0.6923 0.0338
vn -0.8686 -0.1531 0.4713
vn -0.4749 0.8580 -0.1955
vn 0.9182 -0.1301 -0.3742
vn 0.7192 -0.6654 0.1999
vn -0.8121 0.0340 0.5825
vn -0.3553 0.6691 -0.6527
vn 0.8898 -0.4182 -0.1829
vn 0.8244 -0.4081 0.3923
vn -0.6924 0.3826 0.6117
vn -0.2304 -0.1323 -0.9641
vn 0.9239 -0.2018 0.3252
vn 0.9447 -0.3188 -0.0763
vn -0.8117 -0.5809 -0.0607
vn -0.9349 -0.1089 0.3376
vn 0.5428 0.7528 0.3724
vn 0.8362 -0.2655 -0.4799
vn -0.8096 -0.5628 -0.1665
vn -0.6648 0.3854 0.6399
vn 0.9641 0.2482 0.0946
vn 0.8074 -0.0672 -0.5862
vn -0.8564 -0.4219 -0.2975
vn -0.3770 0.1044 0.9203
vn 0.9528 0.2450 -0.1790
vn 0.7590 0.0972 -0.6438
vn -0.8561 -0.4210 -0.2997
vn 0.1199 0.2234 0.9673
vn 0.7509 0.1515 -0.6428
vn 0.5520 0.0256 -0.8335
vn -0.7196 -0.2936 -0.6292
vn -0.9132 -0.4043 -0.0506
vn 0.4384 0.1141 0.8915
vn 0.8724 0.3439 -0.3472
vn -0.7114 -0.2741 -0.6471
vn -0.7278 -0.3706 0.5770
vn 0.8748 0.2599 0.4090
vn 0.8711 0.3997 -0.2854
vn -0.6598 -0.2007 -0.7242
vn -0.6182 -0.4094 0.6709
vn 0.8949 0.3391 0.2901
vn 0.9117 0.3869 -0.1380
vn -0.5956 -0.1636 -0.7864
vn -0.3255 -0.2247 0.9184
vn 0.9332 0.3366 -0.1257
vn 0.8882 0.3331 -0.3165
vn -0.6604 0.3342 -0.6724
vn -0.8351 -0.1856 -0.5178
vn 0.3884 -0.7036 0.5950
vn 0.8284 0.4980 0.2564
vn -0.6435 0.4596 -0.6121
vn -0.7275 -0.6746 -0.1252
vn 0.8374 -0.2763 0.4715
vn 0.8349 0.4041 0.3735
vn -0.6851 0.6283 -0.3687
vn -0.5455 -0.7841 -0.2960
vn 0.9132 -0.1499 0.3789
vn 0.8291 0.2963 0.4741
vn -0.7397 0.6547 -0.1555
vn -0.0567 -0.9119 -0.4064
vn 0.8155 0.2663 0.5139
vn 0.8980 -0.1315 0.4199
vn -0.7039 0.6840 -0.1917
vn -0.7771 0.2169 -0.5908
vn 0.5250 -0.8375 -0.1515
vn 0.6950 0.1677 0.6992
vn -0.7278 0.6716 -0.1387
vn -0.5061 -0.4060 -0.7610
vn 0.8567 -0.4311 0.2831
vn 0.6501 0.1847 0.7371
vn -0.8000 0.5757 -0.1691
vn -0.2451 -0.6170 -0.7478
vn 0.8142 -0.1959 0.5465
vn 0.6625 0.4413 0.6052
vn -0.7573 0.5399 -0.3674
vn -0.0366 -0.9962 -0.0796
vn 0.8054 0.4420 0.3948
vn 0.8936 0.0968 0.4383
vn -0.8351 0.4385 0.3322
vn -0.8075 0.5088 -0.2985
vn 0.6959 -0.2689 -0.6659
vn 0.6278 -0.3903 0.6734
vn -0.8129 0.4912 0.3128
vn -0.3527 0.2869 -0.8907
vn 0.8315 -0.5551 -0.0230
vn 0.7083 -0.2557 0.6580
vn -0.7256 0.4717 0.5010
vn -0.4436 0.0152 -0.8961
vn 0.9704 -0.2403 0.0254
vn 0.7730 -0.5505 0.3153
vn -0.8353 0.0156 0.5496
vn 0.1321 0.6875 -0.7141
vn 0.7241 -0.6627 0.1911
vn 0.8766 -0.4671 -0.1157
vn 0.1549 -0.9862 0.0586
vn -0.6761 -0.6005 0.4270
vn -0.3880 0.9187 0.0740
vn 0.7969 0.4103 -0.4434
vn 0.0070 -0.9504 0.3109
vn -0.6950 0.1122 0.7102
vn 0.3803 0.8138 -0.4394
vn 0.4937 -0.1329 -0.8594
vn 0.2908 -0.6782 0.6749
vn -0.1439 0.7015 0.6979
vn -0.3661 0.0988 -0.9253
vn 0.4741 -0.3178 -0.8211
vn 0.5000 0.0017 0.8660
vn -0.9452 0.0026 0.3266
vn 0.1898 0.0026 -0.9818
vn 0.5000 0.0017 -0.8660
vn -0.8123 0.1984 -0.5484
vn -0.7636 -0.5645 -0.3135
vn 0.6231 -0.5753 0.5299
vn 0.3864 0.9148 -0.1176
vn -0.8559 0.4940 -0.1530
vn 0.0649 -0.8414 0.5365
vn 0.7736 0.4555 -0.4405
vn 0.4760 -0.8432 0.2498
vn -0.6682 -0.0143 0.7438
vn -0.3273 0.5848 -0.7422
vn 0.8446 -0.5261 -0.0995
vn 0.9184 -0.0454 -0.3931
vn -0.3837 0.8536 0.3523
vn -0.6053 -0.7956 0.0268
vn 0.9249 -0.0830 -0.3711
vn 0.6813 -0.6101 -0.4044
vn -0.5282 -0.3461 -0.7754
vn 0.2430 -0.9537 -0.1773
vn 0.3142 0.7087 0.6317
vn -0.0222 0.9335 0.3578
vn -0.4054 -0.9029 -0.1428
vn 0.2567 0.0027 0.9665
vn -0.6748 0.6487 -0.3519
vn 0.4441 -0.4595 -0.7692
vn 0.5000 0.0028 0.8660
vn -0.7324 0.0044 0.6808
vn -0.2234 0.0045 -0.9747
vn 0.5000 0.0017 -0.8660
vn 0.5000 0.0007 0.8660
vn -0.8972 0.0012 0.4416
vn 0.0662 0.0012 -0.9978
vn 0.5000 0.0007 -0.8660
vn -0.9617 -0.0904 -0.2587
vn 0.1386 -0.3632 -0.9214
vn 0.7936 0.3154 0.5203
vn 0.8115 0.2556 0.5255
vn -0.3557 0.1563 0.9215
vn 0.3137 -0.0761 0.9465
vn -0.9329 0.2123 -0.2908
vn 0.4932 -0.1647 -0.8542
vn 0.5000 0.0012 0.8660
vn -0.3889 -0.0028 0.9213
vn -0.6034 -0.0028 -0.7974
vn 0.5000 -0.0036 -0.8660
vn 0.5000 -0.0056 0.8660
vn -0.7133 -0.0108 0.7007
vn -0.2502 -0.0108 -0.9681
vn 0.5000 -0.0056 -0.8660
vn -0.8599 -0.4450 0.2502
vn -0.9569 -0.2625 -0.1241
vn 0.4082 0.5759 -0.7084
vn 0.9096 0.1204 0.3977
vn -0.5786 -0.5527 0.5997
vn -0.9133 0.0383 -0.4055
vn 0.7058 0.5970 -0.3814
vn 0.9459 0.2542 -0.2016
vn -0.0209 -0.3929 0.9193
vn -0.9703 0.2400 0.0295
vn 0.5180 0.1340 -0.8448
vn 0.6640 0.2944 -0.6873
vn 0.1280 0.3213 0.9383
vn -0.8427 -0.5168 -0.1508
vn 0.6134 0.1518 -0.7751
vn 0.4991 0.0598 -0.8645
vn -0.3119 -0.8872 0.3399
vn -0.7585 -0.6413 0.1162
vn 0.0344 0.9239 -0.3811
vn 0.7782 0.6239 -0.0718
vn 0.0902 -0.7517 0.6533
vn -0.8211 0.0210 0.5703
vn 0.1564 0.7126 -0.6839
vn 0.4545 0.4170 -0.7872
vn 0.5000 0.0027 0.8660
vn -0.7209 0.0043 0.6930
vn -0.2397 0.0043 -0.9708
vn 0.5000 0.0015 -0.8660
vn 0.5000 0.0005 0.8660
vn -0.8876 0.0008 0.4605
vn 0.0450 0.0008 -0.9990
vn 0.5000 0.0005 -0.8660
vn -0.7388 0.0581 0.6714
vn -0.8706 0.2438 0.4273
vn 0.2498 0.3386 -0.9072
vn 0.9446 -0.2549 -0.2068
vn -0.0691 -0.1494 0.9864
vn -0.7224 0.3710 0.5836
vn -0.0955 -0.1424 -0.9852
vn 0.4996 0.0410 -0.8653
vn 0.5001 0.0004 0.8660
vn -0.2172 -0.0158 0.9760
vn -0.7367 -0.0158 -0.6760
vn 0.5000 -0.0143 -0.8659
vn 0.4999 -0.0187 0.8659
vn -0.6615 -0.0367 0.7491
vn -0.3179 -0.0367 -0.9474
vn 0.4999 -0.0187 -0.8659
vn -0.4685 -0.3022 0.8302
vn -0.6432 0.2213 0.7331
vn 0.2101 0.6955 -0.6871
vn 0.6656 -0.5529 -0.5012
vn -0.4582 -0.4498 0.7666
vn -0.5357 0.7563 0.3754
vn 0.6672 0.1807 -0.7226
vn 0.5192 -0.5660 -0.6404
vn -0.6477 -0.2464 0.7209
vn -0.1190 0.9662 0.2288
vn 0.6144 -0.2570 -0.7460
vn 0.3028 -0.9094 -0.2852
vn -0.7681 0.0244 0.6398
vn 0.3761 0.8084 -0.4527
vn 0.4451 -0.8736 -0.1967
vn -0.6809 -0.3496 0.6435
vn -0.7192 -0.6236 0.3065
vn -0.6787 -0.1658 0.7155
vn 0.5995 0.7985 0.0551
vn 0.5244 -0.1874 -0.8306
vn -0.6911 -0.6543 0.3072
vn -0.3099 0.3753 0.8736
vn 0.7288 0.4588 -0.5083
vn 0.5397 -0.0673 -0.8392
vn -0.4840 -0.8547 0.1876
vn -0.3088 0.3648 0.8784
vn 0.5425 0.5702 -0.6169
vn 0.6334 0.2777 -0.7223
vn -0.1707 -0.9658 0.1949
vn -0.4738 0.6771 0.5631
vn 0.6286 0.3230 -0.7075
vn 0.5091 -0.6427 -0.5726
vn -0.8825 -0.3319 -0.3332
vn -0.8647 -0.4164 0.2808
vn 0.7158 0.1893 0.6721
vn 0.6696 0.3629 -0.6480
vn -0.9115 -0.2403 -0.3338
vn -0.4608 -0.3157 0.8294
vn 0.9798 0.1991 0.0200
vn 0.6601 0.4436 -0.6062
vn -0.9741 0.0137 -0.2259
vn -0.1954 -0.5136 0.8355
vn 0.9482 0.2346 -0.2143
vn 0.6577 0.3963 -0.6406
vn -0.9667 0.1711 -0.1905
vn 0.3403 -0.4548 0.8230
vn 0.6747 0.2819 -0.6821
vn -0.9588 0.1828 -0.2174
vn -0.8860 0.2918 -0.3604
vn -0.9664 -0.2117 -0.1458
vn 0.6066 -0.6636 0.4378
vn 0.8470 0.5282 -0.0600
vn -0.8413 0.4215 -0.3384
vn -0.7070 -0.6729 0.2174
vn 0.9553 -0.2119 0.2062
vn 0.9193 0.3913 -0.0424
vn -0.7512 0.6555 -0.0775
vn -0.6298 -0.7500 0.2020
vn 0.9714 -0.1983 -0.1309
vn 0.9741 0.2257 -0.0126
vn -0.6502 0.6353 0.4167
vn -0.3894 -0.8146 -0.4299
vn 0.9879 0.1539 -0.0185
vn 0.9676 -0.1661 -0.1902
vn -0.7451 0.6591 0.1015
vn -0.9487 0.2391 -0.2071
vn 0.3610 -0.8532 -0.3764
vn 0.9251 0.1163 0.3616
vn -0.6384 0.7503 0.1718
vn -0.8562 -0.3497 -0.3803
vn 0.7930 -0.6083 0.0329
vn 0.9962 -0.0003 0.0867
vn -0.4288 0.9031 0.0239
vn -0.8714 -0.4896 -0.0301
vn 0.8389 -0.5408 0.0610
vn 0.9576 -0.2252 -0.1798
vn -0.3417 0.7923 -0.5055
vn -0.4668 -0.5706 0.6757
vn 0.9294 -0.3298 -0.1657
vn -0.9179 0.3798 0.1150
vn -0.4367 0.6158 -0.6558
vn -0.2618 0.3554 -0.8973
vn 0.5836 -0.7867 0.2013
vn 0.0811 0.0788 0.9936
vn -0.7962 0.5735 -0.1925
vn 0.2369 -0.5820 -0.7779
vn 0.8250 -0.0953 0.5570
vn 0.5173 -0.5825 0.6269
vn -0.8024 0.1310 0.5822
vn 0.4541 0.8899 -0.0431
vn 0.2251 -0.9517 0.2088
vn 0.2787 -0.1008 -0.9551
vn 0.1187 0.9055 0.4073
vn -0.8425 -0.4459 0.3021
vn 0.5578 -0.5111 -0.6539
vn 0.3553 -0.7036 -0.6155
vn -0.5213 0.4444 0.7286
vn -0.8380 0.4609 0.2921
vn 0.0719 -0.2802 -0.9573
vn 0.9294 -0.3631 0.0661
vn -0.3627 0.4175 0.8331
vn -0.9438 0.2366 -0.2309
vn 0.5666 -0.5173 -0.6414
vn 0.9231 -0.2576 -0.2856
vn -0.0244 0.2945 0.9553
vn -0.9913 -0.1297 0.0227
vn 0.5113 -0.1430 -0.8474
vn 0.7419 -0.1306 -0.6576
vn 0.1659 -0.1393 0.9763
vn -0.9483 0.1686 -0.2687
vn 0.7170 -0.0017 -0.6971
vn 0.5262 0.0385 -0.8495
vn -0.8845 -0.2161 0.4134
vn -0.9779 0.0854 0.1909
vn 0.6471 0.5482 -0.5299
vn 0.9950 -0.0715 -0.0691
vn -0.2063 -0.4321 0.8779
vn -0.4562 0.4365 0.7755
vn -0.1030 -0.0386 -0.9939
vn 0.4866 0.2298 -0.8428
vn 0.4999 -0.0018 0.8661
vn -0.0727 -0.0271 0.9970
vn -0.8270 -0.0271 -0.5615
vn 0.4999 -0.0225 -0.8658
vn 0.4998 -0.0273 0.8657
vn -0.6255 -0.0539 0.7784
vn -0.3613 -0.0539 -0.9309
vn 0.4998 -0.0273 -0.8657
vn -0.6506 -0.7418 -0.1625
vn -0.9315 -0.3612 -0.0423
vn 0.6706 0.7045 0.2325
vn 0.9376 0.3365 0.0882
vn -0.2961 -0.9403 0.1678
vn -0.4622 0.2355 0.8549
vn 0.5445 0.6184 -0.5666
vn 0.5061 0.5593 -0.6566
vn 0.4692 -0.1176 0.8752
vn -0.7565 0.0421 0.6527
vn -0.1781 0.0952 -0.9794
vn 0.4998 0.0311 -0.8656
vn 0.5000 0.0018 0.8660
vn -0.9064 0.0029 0.4223
vn 0.0874 0.0029 -0.9962
vn 0.5000 0.0018 -0.8660
vn -0.6097 -0.5711 -0.5497
vn -0.8225 -0.5688 -0.0034
vn 0.4515 0.4741 0.7559
vn 0.7627 0.3359 -0.5527
vn -0.4918 -0.7577 -0.4289
vn -0.5875 -0.1078 0.8020
vn 0.5754 0.8064 -0.1363
vn 0.9241 0.1008 -0.3687
vn -0.3701 -0.8052 0.4633
vn -0.8428 0.5017 0.1948
vn 0.7885 0.4599 -0.4083
vn 0.8702 -0.1506 -0.4691
vn -0.1614 -0.5922 0.7895
vn -0.4607 0.8797 -0.1175
vn 0.6655 -0.3109 -0.6786
vn -0.0272 0.7466 -0.6647
vn -0.9272 0.1921 -0.3215
vn -0.9375 -0.3473 -0.0217
vn 0.6979 -0.5558 0.4516
vn 0.7480 0.6295 -0.2104
vn -0.9016 0.2122 -0.3770
vn -0.4667 -0.7843 0.4088
vn 0.9544 0.0903 0.2844
vn 0.7733 0.5012 -0.3884
vn -0.8275 0.4180 -0.3748
vn -0.2842 -0.5230 0.8036
vn 0.9321 -0.1307 -0.3377
vn 0.9261 0.3648 -0.0968
vn -0.6665 0.4900 0.5619
vn -0.3490 -0.6825 -0.6422
vn 0.9823 0.1815 0.0464
vn 0.9683 -0.1049 -0.2266
vn -0.9280 -0.3628 0.0853
vn -0.9742 -0.1421 -0.1751
vn 0.7792 0.5414 -0.3159
vn 0.9450 0.0229 0.3263
vn -0.5459 -0.3205 0.7741
vn -0.4895 0.8474 0.2056
vn 0.5329 -0.3632 -0.7642
vn 0.6938 0.1710 -0.6996
vn 0.2946 0.2172 0.9306
vn -0.9083 -0.2159 0.3583
vn 0.1521 0.0972 -0.9836
vn 0.3981 -0.2526 -0.8819
vn 0.3336 -0.5075 0.7945
vn -0.7368 0.6123 0.2866
vn 0.2220 0.0402 -0.9742
vn 0.4856 -0.2379 -0.8412
vn -0.7986 -0.5750 -0.1777
vn -0.9714 -0.2292 0.0630
vn 0.6673 0.6890 0.2828
vn 0.5220 -0.6929 -0.4973
vn -0.8379 -0.4686 -0.2798
vn -0.1389 0.8279 0.5434
vn 0.8491 -0.4971 -0.1788
vn 0.4057 -0.2245 -0.8860
vn -0.4182 0.7644 0.4907
vn -0.5851 -0.6884 0.4286
vn 0.6586 -0.2758 -0.7002
vn 0.7780 -0.0735 -0.6240
vn 0.1837 0.1738 0.9675
vn -0.9531 -0.2703 -0.1362
vn 0.6115 0.0630 -0.7888
vn 0.4999 0.0223 -0.8658
vn -0.0193 -0.9345 -0.3556
vn -0.4987 -0.8485 0.1771
vn 0.0571 0.9422 0.3301
vn 0.6827 0.5492 -0.4819
vn -0.0482 -0.9950 0.0875
vn -0.5794 0.2048 0.7889
vn 0.2357 0.7979 -0.5548
vn 0.7606 -0.0966 -0.6420
vn 0.2239 -0.1759 0.9586
vn -0.8717 0.0470 0.4877
vn 0.0279 0.1423 -0.9894
vn 0.4988 0.0681 -0.8640
vn 0.5000 0.0003 0.8660
vn -0.9064 0.0005 0.4224
vn 0.0874 0.0005 -0.9962
vn 0.5000 0.0003 -0.8660
vn -0.2026 0.2832 -0.9374
vn -0.5609 -0.5174 -0.6462
vn 0.2529 -0.2078 0.9449
vn 0.5824 0.6913 0.4277
vn -0.1690 -0.2823 -0.9443
vn -0.2910 -0.9164 0.2747
vn 0.3039 0.7308 0.6113
vn 0.2982 0.9182 -0.2609
vn 0.4362 -0.8992 -0.0346
vn -0.4523 -0.0989 0.8863
vn -0.1363 0.8639 -0.4849
vn 0.4992 0.0570 -0.8646
vn 0.5000 0.0008 0.8660
vn -0.9692 0.0011 0.2461
vn 0.2715 0.0011 -0.9624
vn 0.5000 0.0008 -0.8660
vn -0.6130 0.5060 -0.6068
vn -0.5543 0.2468 -0.7949
vn 0.5545 -0.8255 0.1054
vn 0.4680 0.0123 0.8836
vn -0.6943 0.7159 0.0732
vn -0.6942 -0.3663 -0.6196
vn 0.9323 -0.3586 -0.0461
vn 0.7717 -0.5930 0.2296
vn -0.5430 -0.0119 0.8396
vn -0.7781 0.3148 -0.5436
vn 0.9026 -0.0408 -0.4286
vn 0.8055 -0.2488 -0.5378
vn -0.2958 -0.6931 0.6574
vn -0.5213 0.8431 -0.1323
vn 0.8083 -0.0317 -0.5880
vn 0.3945 0.6143 -0.6834
vn -0.8860 -0.4405 -0.1448
vn 0.2150 -0.2794 -0.9358
vn 0.7806 0.5202 0.3465
vn 0.6697 0.5234 0.5268
vn -0.2756 -0.1127 0.9546
vn 0.3525 0.1108 0.9292
vn -0.9548 0.1502 -0.2565
vn 0.4991 -0.0590 -0.8645
vn 0.5000 -0.0007 0.8660
vn 0.0194 -0.0066 0.9998
vn -0.8755 -0.0066 -0.4831
vn 0.5000 -0.0054 -0.8660
vn 0.5000 -0.0063 0.8660
vn -0.6057 -0.0125 0.7956
vn -0.3862 -0.0125 -0.9223
vn 0.5000 -0.0063 -0.8660
vn -0.8525 0.0477 0.5206
vn -0.9373 0.3484 -0.0035
vn 0.6309 0.2046 -0.7484
vn 0.6211 -0.4215 0.6607
vn -0.7415 0.2356 0.6283
vn -0.4302 0.4371 -0.7898
vn 0.7260 -0.6877 0.0007
vn 0.9716 0.1022 0.2135
vn -0.6093 0.7683 0.1962
vn -0.7653 -0.6226 0.1631
vn 0.9024 -0.3538 -0.2459
vn 0.9301 0.1393 -0.3400
vn -0.4009 0.7568 0.5162
vn -0.3979 -0.9174 0.0065
vn 0.8047 0.1041 -0.5844
vn 0.2467 -0.8698 -0.4273
vn -0.4284 -0.5593 0.7097
vn -0.6280 0.0500 0.7766
vn 0.2231 0.8376 -0.4986
vn 0.6464 -0.4294 -0.6307
vn -0.4607 -0.5611 0.6877
vn -0.4962 0.6976 0.5169
vn 0.6429 0.2821 -0.7121
vn 0.5117 -0.5356 -0.6718
vn -0.5600 -0.3429 0.7542
vn -0.1422 0.9367 0.3198
vn 0.5524 -0.1661 -0.8169
vn 0.3895 -0.8107 -0.4371
vn -0.5188 -0.1036 0.8486
vn 0.0171 0.8980 -0.4396
vn 0.5194 -0.7579 -0.3948
vn 0.5486 -0.6836 -0.4814
vn -0.7200 -0.6574 0.2223
vn -0.6380 -0.2752 0.7192
vn 0.6348 0.7557 0.1612
vn 0.4690 -0.0555 -0.8815
vn -0.7138 -0.6616 0.2299
vn -0.2199 0.2720 0.9369
vn 0.7348 0.4832 -0.4761
vn 0.3878 -0.1101 -0.9151
vn -0.6370 -0.6486 0.4166
vn 0.0005 0.6007 0.7995
vn 0.5180 0.2761 -0.8096
vn 0.3946 -0.4433 -0.8048
vn -0.3909 -0.5755 0.7183
vn -0.2171 0.9761 -0.0113
vn 0.6243 -0.3799 -0.6826
vn 0.6019 0.0199 -0.7983
vn -0.9268 -0.3085 -0.2144
vn -0.7468 -0.5988 0.2894
vn 0.8590 0.0136 0.5117
vn 0.4864 0.6469 -0.5873
vn -0.9030 -0.3317 -0.2733
vn -0.1879 -0.7065 0.6824
vn 0.8733 0.4863 0.0296
vn 0.4438 0.6975 -0.5626
vn -0.7665 -0.5369 -0.3524
vn 0.0264 -0.5176 0.8552
vn 0.6310 0.7664 -0.1199
vn 0.4312 0.5786 -0.6923
vn -0.5208 -0.8026 -0.2908
vn -0.0554 0.2789 0.9587
vn 0.5879 0.4983 -0.6372
vn 0.6194 0.5939 -0.5134
vn -0.8557 0.3393 -0.3908
vn -0.8794 -0.0470 -0.4738
vn 0.6284 -0.7724 0.0921
vn 0.8773 0.2700 0.3968
vn -0.6272 0.7775 -0.0450
vn -0.9389 -0.3431 0.0264
vn 0.8004 -0.5993 0.0123
vn 0.9097 -0.4152 0.0025
vn 0.0174 0.7433 0.6687
vn -0.9186 -0.2877 0.2710
vn 0.4465 -0.4259 -0.7869
vn 0.6060 -0.4436 -0.6603
vn 0.2551 -0.1113 0.9605
vn -0.9439 0.2989 -0.1405
vn 0.5683 -0.1216 -0.8138
vn 0.7981 -0.2015 -0.5679
vn -0.8165 0.4082 0.4082
vn -0.9375 0.3477 0.0099
vn 0.4490 -0.2798 -0.8486
vn 0.9810 -0.1905 -0.0353
vn -0.1169 0.3304 0.9366
vn -0.7339 -0.1718 0.6572
vn -0.1498 -0.2236 -0.9631
vn 0.4902 -0.1973 -0.8490
vn 0.5000 0.0074 0.8660
vn -0.6528 0.0096 0.7574
vn -0.3296 0.0096 -0.9441
vn 0.5000 0.0018 -0.8660
vn 0.5000 -0.0022 0.8660
vn -0.8374 -0.0039 0.5466
vn -0.0546 -0.0039 -0.9985
vn 0.5000 -0.0022 -0.8660
vn -0.8226 -0.5357 0.1907
vn -0.5295 -0.2004 0.8243
vn 0.7382 0.5371 0.4081
vn 0.4109 -0.2060 -0.8881
vn -0.9069 -0.3512 -0.2327
vn -0.2988 0.2556 0.9195
vn 0.9320 -0.2827 -0.2267
vn 0.7954 0.5151 -0.3194
vn -0.9161 0.3896 -0.0942
vn -0.3870 -0.7775 0.4956
vn 0.9821 0.0444 -0.1829
vn 0.9074 0.2059 -0.3664
vn -0.5652 0.8042 0.1837
vn -0.1349 -0.9089 0.3945
vn 0.7517 -0.0136 -0.6594
vn -0.2160 -0.8318 0.5112
vn -0.9412 0.2355 0.2423
vn -0.7086 -0.1824 0.6816
vn 0.8796 -0.4716 0.0622
vn 0.3873 0.3701 -0.8444
vn -0.9499 0.1895 0.2487
vn -0.1231 -0.5845 0.8020
vn 0.8695 -0.0529 -0.4911
vn 0.3433 0.4389 -0.8304
vn -0.9494 0.1493 0.2764
vn 0.1158 -0.7295 0.6741
vn 0.7139 0.1476 -0.6845
vn 0.3692 0.6422 -0.6718
vn -0.8632 0.2208 0.4541
vn 0.3259 -0.9453 0.0177
vn 0.5070 0.6936 -0.5117
vn 0.4946 0.7063 -0.5065
vn -0.8189 0.5467 -0.1749
vn -0.9901 -0.0259 -0.1381
vn 0.4632 -0.8805 0.1015
vn 0.9031 0.4293 -0.0124
vn -0.7584 0.6027 -0.2482
vn -0.7325 -0.6764 0.0766
vn 0.9280 -0.2799 0.2458
vn 0.9409 0.2367 -0.2423
vn -0.6404 0.7337 -0.2271
vn -0.4328 -0.4732 0.7673
vn 0.7930 -0.4360 -0.4254
vn 0.8803 0.0846 -0.4668
vn -0.1933 0.5200 0.8320
vn -0.7774 -0.4672 -0.4212
vn 0.8980 -0.0278 -0.4391
vn 0.6452 -0.2983 -0.7034
vn 0.0626 0.6281 0.7756
vn -0.5542 0.5695 0.6071
vn -0.4343 -0.5043 -0.7464
vn 0.8294 -0.3740 -0.4150
vn 0.0584 0.7018 0.7100
vn -0.9387 0.3385 0.0651
vn 0.2427 -0.6767 -0.6951
vn 0.8293 -0.4671 -0.3066
vn 0.0752 0.8338 0.5469
vn -0.9972 0.0733 0.0114
vn 0.4367 -0.7556 -0.4882
vn 0.8155 -0.4059 -0.4126
vn 0.1006 0.7755 0.6232
vn -0.8850 -0.4588 -0.0799
vn 0.7606 -0.2855 -0.5831
vn 0.4973 -0.5369 -0.6815
vn -0.4121 0.3096 0.8569
vn -0.6354 0.6006 0.4853
vn 0.3079 -0.0278 -0.9510
vn 0.7392 -0.6475 0.1854
vn -0.2517 0.4983 0.8296
vn -0.4430 0.6564 -0.6107
vn 0.3478 -0.8592 -0.3752
vn 0.8606 -0.5084 -0.0308
vn 0.0985 0.9948 0.0242
vn -0.9755 0.0842 0.2035
vn 0.4577 -0.8806 -0.1225
vn 0.5732 -0.7603 -0.3054
vn 0.0758 0.9682 -0.2386
vn -0.6881 -0.1567 0.7085
vn 0.4795 -0.7680 -0.4246
vn -0.5022 -0.5740 0.6467
vn -0.1599 -0.4489 0.8791
vn 0.0578 0.1369 0.9889
vn 0.3148 0.7314 -0.6049
vn -0.1311 -0.5127 -0.8485
vn -0.2240 -0.4463 0.8664
vn 0.2964 0.6723 0.6783
vn 0.2441 0.1327 -0.9606
vn -0.2608 -0.4533 -0.8524
vn -0.3031 -0.3364 0.8916
vn 0.5823 0.6749 0.4533
vn 0.0020 -0.0677 -0.9977
vn -0.3011 -0.5246 -0.7963
vn -0.2699 -0.2928 0.9173
vn 0.5337 0.8380 -0.1134
vn -0.2127 -0.5660 -0.7965
vn -0.0176 -0.2442 -0.9696
vn 0.2056 -0.0852 0.9749
vn 0.5319 0.7443 0.4038
vn 0.1259 0.5354 -0.8352
vn -0.3799 -0.8972 -0.2251
vn 0.2816 -0.1777 0.9429
vn 0.1941 0.9761 0.0979
vn -0.6556 -0.4230 -0.6255
vn 0.4354 -0.4916 -0.7542
vn 0.5000 0.0101 0.8660
vn -0.6802 0.0144 0.7329
vn -0.2946 0.0144 -0.9555
vn 0.5000 0.0039 -0.8660
vn 0.5001 -0.0009 0.8660
vn -0.8564 -0.0016 0.5163
vn -0.0190 -0.0016 -0.9998
vn 0.5000 -0.0009 -0.8660
vn -0.4711 0.0493 0.8807
vn 0.0817 0.2232 0.9714
vn 0.7741 0.0203 -0.6327
vn -0.3344 -0.3390 -0.8794
vn -0.5176 -0.1831 0.8358
vn 0.6833 -0.0038 0.7302
vn 0.2581 0.1027 -0.9607
vn -0.3399 0.0541 -0.9389
vn -0.3533 -0.7486 0.5611
vn 0.8131 0.0621 0.5788
vn -0.0738 0.6027 -0.7946
vn -0.4806 0.2939 -0.8262
vn -0.2458 -0.9094 0.3354
vn 0.7335 0.5771 0.3591
vn -0.4986 0.3575 -0.7896
vn -0.0871 -0.8723 0.4812
vn -0.7891 0.4090 0.4584
vn -0.5035 0.1175 0.8559
vn 0.8116 -0.5826 -0.0427
vn 0.1747 0.0746 -0.9818
vn -0.7682 0.5098 0.3872
vn 0.0561 -0.1919 0.9798
vn 0.6299 -0.4619 -0.6244
vn 0.2385 -0.0365 -0.9705
vn -0.6765 0.6820 0.2779
vn 0.1555 -0.2543 0.9545
vn 0.5196 -0.4603 -0.7198
vn 0.1566 -0.2606 -0.9527
vn -0.7020 0.6795 0.2130
vn 0.6208 -0.3163 0.7173
vn 0.0596 -0.3965 -0.9161
vn -0.7126 0.3883 -0.5844
vn -0.3829 0.8932 0.2359
vn -0.6553 0.4480 0.6081
vn 0.1138 -0.9931 0.0299
vn 0.6616 -0.0617 -0.7473
vn -0.3973 0.8823 0.2526
vn -0.6243 -0.2303 0.7464
vn 0.5145 -0.7270 -0.4547
vn 0.6139 -0.0643 -0.7867
vn -0.3350 0.9076 0.2531
vn -0.5236 -0.4049 0.7496
vn 0.4858 -0.5931 -0.6420
vn 0.6403 -0.1438 -0.7546
vn -0.2045 0.9259 0.3178
vn -0.5210 -0.7616 0.3854
vn 0.6780 -0.1686 -0.7155
vn 0.6650 0.3928 -0.6352
vn 0.1900 0.9584 0.2128
vn -0.3120 0.9053 0.2884
vn -0.6048 -0.7800 -0.1607
vn 0.6322 -0.6915 -0.3497
vn 0.3127 0.9497 0.0190
vn -0.8554 0.4979 0.1430
vn 0.0824 -0.9955 -0.0473
vn 0.5527 -0.7984 -0.2391
vn 0.1629 0.9783 -0.1280
vn -0.7603 0.1968 0.6190
vn 0.2576 -0.9421 -0.2146
vn 0.5807 -0.4390 -0.6857
vn 0.3785 0.7510 0.5410
vn -0.8170 -0.4424 0.3698
vn 0.3489 -0.3071 -0.8854
vn 0.4940 -0.1542 -0.8557
vn 0.5680 0.4195 0.7081
vn 0.2632 0.7885 0.5559
vn -0.6819 0.0498 -0.7298
vn 0.0672 -0.9243 -0.3756
vn 0.5386 0.1863 0.8217
vn -0.2947 0.9307 0.2165
vn -0.2816 -0.4300 -0.8578
vn -0.0038 -0.9133 -0.4073
vn 0.2922 0.3730 0.8806
vn -0.2356 0.9167 -0.3228
vn -0.0965 -0.7792 -0.6194
vn 0.2727 -0.9439 0.1862
vn 0.3743 0.7562 0.5367
vn -0.6344 0.2411 -0.7345
vn 0.2868 -0.9418 0.1753
vn 0.0539 -0.9942 -0.0934
vn -0.6066 -0.3355 0.7208
vn 0.2012 -0.0458 0.9785
vn 0.8759 0.3702 -0.3093
vn -0.4441 -0.1166 -0.8884
vn -0.6278 -0.2923 0.7214
vn 0.8020 -0.0086 0.5972
vn 0.2594 -0.0575 -0.9641
vn -0.5912 0.5432 -0.5962
vn -0.4583 -0.1672 0.8729
vn 0.4194 -0.8825 -0.2130
vn -0.0616 0.6745 -0.7357
vn 0.2264 0.9735 -0.0334
vn 0.1254 -0.4360 0.8912
vn -0.7888 -0.3010 -0.5359
vn 0.6158 0.7140 -0.3331
vn 0.3994 0.6936 -0.5995
vn -0.9434 0.0498 0.3278
vn -0.8134 -0.1846 0.5517
vn 0.9503 -0.2446 -0.1925
vn 0.1109 0.5284 -0.8417
vn -0.7798 0.4799 0.4020
vn 0.5003 -0.3428 0.7951
vn 0.0204 -0.2000 -0.9796
vn 0.6055 -0.1259 -0.7858
vn 0.4125 0.2012 0.8885
vn -0.7754 -0.2165 0.5932
vn -0.1122 -0.0144 -0.9936
vn 0.4999 0.0235 -0.8658
vn 0.5000 0.0029 0.8660
vn -0.9303 0.0046 0.3667
vn 0.1476 0.0046 -0.9890
vn 0.5000 0.0029 -0.8660
vn -0.2855 0.8315 0.4766
vn -0.4809 0.5335 0.6958
vn -0.1032 -0.9934 -0.0509
vn 0.5504 -0.1706 -0.8173
vn -0.1655 0.9743 0.1528
vn -0.5782 0.0245 0.8155
vn 0.4096 -0.8594 -0.3059
vn 0.4121 -0.4239 -0.8065
vn -0.3221 0.9234 0.2088
vn -0.2192 -0.2772 0.9355
vn 0.3550 -0.6728 -0.6491
vn 0.2424 0.1511 -0.9583
vn -0.2411 0.7890 0.5651
vn -0.0474 -0.9162 0.3978
vn 0.2658 0.1197 -0.9566
vn 0.2704 -0.6535 -0.7070
vn 0.3028 0.6976 0.6494
vn -0.2888 0.6576 0.6958
vn -0.5642 -0.6039 -0.5630
vn 0.5714 -0.5168 -0.6375
vn 0.3859 0.4897 0.7819
vn -0.8171 0.0637 0.5729
vn -0.1024 -0.4031 -0.9094
vn 0.5686 -0.2671 -0.7781
vn 0.3802 -0.0801 0.9214
vn -0.9399 0.0122 0.3411
vn 0.1591 -0.0158 -0.9871
vn 0.6428 0.2433 -0.7263
vn 0.3027 0.0963 0.9482
vn -0.7935 -0.5705 -0.2120
vn 0.4506 0.4739 -0.7566
vn 0.2449 0.3321 -0.9109
vn 0.5266 0.1286 0.8403
vn 0.2434 0.5440 0.8030
vn -0.6538 0.3390 -0.6765
vn 0.0313 -0.7510 -0.6596
vn 0.5386 -0.1126 0.8350
vn -0.2705 0.7572 0.5945
vn -0.3941 -0.0787 -0.9157
vn 0.0123 -0.5785 -0.8156
vn 0.3716 -0.2954 0.8802
vn -0.3313 0.8367 0.4361
vn -0.1299 -0.1334 -0.9825
vn 0.1554 -0.6414 -0.7513
vn 0.3285 -0.2293 0.9162
vn -0.4254 0.8940 -0.1406
vn 0.1019 -0.6227 -0.7758
vn 0.2076 -0.7657 -0.6088
vn -0.0788 -0.5533 0.8292
vn 0.0878 -0.1573 0.9836
vn 0.2936 0.8694 -0.3974
vn -0.1758 -0.2638 -0.9484
vn -0.0113 -0.8138 0.5810
vn 0.3059 0.4360 0.8464
vn -0.3047 0.5898 -0.7478
vn 0.0502 0.2340 -0.9709
vn 0.4590 -0.8686 0.1868
vn -0.4835 -0.0121 0.8752
vn -0.2285 0.7128 -0.6631
vn 0.1746 0.7140 -0.6781
vn 0.5512 -0.8341 -0.0229
vn -0.8684 -0.0291 0.4950
vn 0.3097 0.8447 -0.4366
vn 0.7355 0.4253 -0.5275
vn 0.6708 -0.7136 0.2019
vn 0.9788 -0.2047 0.0068
vn -0.3545 0.8692 -0.3448
vn -0.8960 -0.4337 0.0957
vn 0.6751 -0.7376 0.0155
vn 0.6493 0.7531 -0.1062
vn -0.9262 0.2490 0.2830
vn -0.7233 -0.3682 -0.5842
vn 0.9003 -0.3510 -0.2573
vn 0.2613 0.4199 0.8691
vn -0.8877 0.2394 -0.3932
vn -0.4937 -0.5912 -0.6378
vn 0.8580 -0.3732 0.3530
vn -0.0192 0.9868 -0.1605
vn -0.7967 -0.5581 -0.2318
vn -0.3454 -0.9382 -0.0235
vn 0.0999 -0.7989 0.5931
vn 0.6474 -0.6976 0.3068
vn 0.2755 0.6786 -0.6808
vn -0.8846 0.4578 -0.0889
vn 0.1039 -0.7704 0.6290
vn 0.9757 -0.2065 -0.0728
vn -0.3876 0.7371 -0.5536
vn -0.9176 0.3565 -0.1757
vn 0.1695 -0.6652 0.7271
vn 0.9826 0.1585 -0.0970
vn -0.6448 0.5074 -0.5717
vn -0.9333 0.0448 -0.3562
vn 0.1916 -0.5796 0.7920
vn 0.6814 0.6739 -0.2856
vn -0.8395 -0.1144 -0.5312
vn -0.8006 -0.0243 -0.5988
vn 0.0846 -0.2431 0.9663
vn 0.2982 -0.6592 0.6903
vn 0.0910 -0.2646 -0.9601
vn -0.4851 0.8087 -0.3326
vn 0.1333 0.0564 0.9895
vn 0.4311 -0.9006 0.0556
vn -0.5341 0.1122 -0.8379
vn -0.2027 0.7249 -0.6584
vn 0.5257 0.3701 0.7660
vn -0.3527 -0.7994 0.4865
vn -0.4405 0.2515 -0.8618
vn 0.1144 0.2042 -0.9722
vn 0.6744 0.3927 0.6253
vn -0.9220 -0.1727 0.3466
vn 0.2126 -0.1811 -0.9602
vn 0.1570 -0.2034 -0.9664
vn 0.8123 0.5393 0.2220
vn 0.6216 -0.0501 0.7818
vn -0.7855 -0.6125 -0.0886
vn -0.3800 0.3637 -0.8505
vn 0.8612 0.2691 0.4313
vn -0.0323 -0.6587 0.7517
vn -0.7974 0.0445 -0.6018
vn 0.0241 0.6730 -0.7393
vn 0.7703 -0.2415 0.5902
vn -0.6025 -0.7354 0.3101
vn -0.3164 0.5676 -0.7601
vn 0.2404 0.9512 -0.1937
vn 0.4401 -0.4193 0.7940
vn -0.3021 -0.6190 -0.7249
vn -0.1461 0.9892 -0.0055
vn -0.0470 0.9785 0.2006
vn 0.9403 0.1794 -0.2893
vn 0.7601 0.4003 0.5118
vn -0.8693 -0.0782 0.4881
vn -0.4711 -0.3635 -0.8037
vn 0.9668 0.2553 -0.0076
vn 0.1431 0.1488 0.9785
vn -0.8717 -0.3575 -0.3351
vn -0.2815 0.1064 -0.9536
vn 0.9044 0.2707 0.3299
vn -0.1537 -0.5555 0.8172
vn -0.7065 0.0265 -0.7072
vn -0.2896 0.5379 -0.7917
vn 0.7204 0.3527 0.5972
vn -0.3363 -0.9233 0.1854
vn -0.4201 0.5357 -0.7325
vn 0.1482 0.9331 -0.3277
vn 0.9605 -0.2471 -0.1282
vn 0.9172 0.2409 0.3175
vn -0.7945 0.4989 0.3464
vn -0.6811 -0.4713 -0.5604
vn 0.9750 -0.1981 -0.1007
vn 0.4106 0.6593 0.6298
vn -0.9908 0.0118 -0.1346
vn -0.6073 -0.5275 -0.5941
vn 0.9938 -0.0970 -0.0539
vn 0.0839 0.6290 0.7729
vn -0.9088 -0.2556 -0.3298
vn -0.5054 -0.3720 -0.7786
vn 0.9998 -0.0194 -0.0077
vn -0.4631 0.1996 0.8635
vn -0.5352 -0.1319 -0.8344
vn -0.2642 -0.1580 -0.9514
vn 0.1418 -0.4348 0.8893
vn 0.2695 -0.0880 0.9590
vn 0.1620 0.8353 -0.5254
vn -0.2858 -0.2636 -0.9213
vn 0.0842 -0.7910 0.6059
vn 0.4712 0.2697 0.8398
vn -0.2668 0.6715 -0.6913
vn -0.2898 0.1592 -0.9438
vn 0.3248 -0.8707 0.3694
vn 0.2414 0.4345 0.8677
vn -0.3753 0.5516 -0.7449
vn -0.2762 -0.1386 -0.9510
vn 0.4214 -0.7420 0.5214
vn -0.0994 0.8650 0.4918
vn -0.2899 -0.0587 -0.9553
vn -0.0633 -0.5904 -0.8046
vn -0.6366 -0.4538 0.6236
vn -0.1319 -0.3622 0.9227
vn 0.8699 0.3939 -0.2968
vn -0.2944 0.1614 -0.9419
vn -0.5928 -0.5787 0.5601
vn 0.5939 -0.0846 0.8001
vn 0.2626 0.6151 -0.7434
vn -0.0755 0.1860 -0.9796
vn -0.2924 -0.9374 0.1893
vn 0.2363 0.1146 0.9649
vn 0.1928 0.7323 -0.6531
vn 0.0317 0.6307 -0.7754
vn -0.1445 -0.9742 -0.1732
vn 0.3041 0.3170 0.8983
vn -0.1238 0.6812 -0.7215
vn -0.2288 -0.8026 -0.5508
vn -0.8795 0.0883 0.4677
vn -0.5914 -0.4047 0.6975
vn 0.8776 -0.4257 -0.2204
vn 0.2550 0.6371 -0.7274
vn -0.8906 0.0908 0.4456
vn 0.0793 -0.7693 0.6339
vn 0.7962 0.1441 -0.5876
vn 0.1439 0.6272 -0.7654
vn -0.8617 0.0078 0.5074
vn 0.3411 -0.8433 0.4152
vn 0.4723 0.3670 -0.8014
vn 0.0995 0.9175 -0.3851
vn -0.7113 -0.1087 0.6944
vn 0.1944 -0.7747 -0.6017
vn 0.4905 0.8631 -0.1206
vn 0.3731 0.9272 0.0327
vn -0.5128 0.5903 0.6234
vn -0.7668 0.0731 0.6377
vn 0.1661 -0.8570 -0.4878
vn 0.7716 0.3284 -0.5448
vn -0.3920 0.6356 0.6651
vn -0.7313 -0.5465 0.4081
vn 0.4762 -0.3574 -0.8035
vn 0.8234 0.1674 -0.5422
vn -0.0542 0.4944 0.8675
vn -0.8901 -0.4333 0.1410
vn 0.4624 -0.1180 -0.8788
vn 0.7907 -0.0485 -0.6103
vn 0.1421 0.0415 0.9890
vn -0.9406 0.0631 -0.3336
vn 0.7567 -0.0718 -0.6497
vn 0.6647 -0.0735 -0.7435
vn 0.2979 0.5219 0.7993
vn -0.2927 0.3989 0.8690
vn -0.6748 -0.4653 -0.5728
vn 0.5900 -0.2229 -0.7760
vn 0.3488 0.6023 0.7180
vn -0.8164 0.2736 0.5085
vn -0.0260 -0.5516 -0.8337
vn 0.5374 -0.4806 -0.6929
vn 0.4147 0.6295 0.6571
vn -0.8791 0.0771 0.4703
vn 0.1138 -0.5873 -0.8013
vn 0.4464 -0.3343 -0.8300
vn 0.5261 0.0096 0.8504
vn -0.9976 0.0101 0.0684
vn 0.4283 0.0098 -0.9036
vn -0.2801 -0.0062 -0.9599
vn 0.9549 -0.1776 0.2381
vn 0.4877 0.2947 0.8217
vn -0.9418 0.3356 0.0178
vn -0.1015 -0.4127 -0.9052
vn 0.8942 -0.0585 0.4439
vn -0.4287 0.2308 0.8735
vn -0.6209 -0.1739 -0.7644
vn 0.4420 0.1314 -0.8873
vn 0.4616 -0.2708 0.8448
vn -0.7563 -0.6464 0.1013
vn 0.0764 0.4982 -0.8637
vn 0.5268 0.8364 0.1510
vn -0.0755 -0.5220 0.8496
vn -0.0059 -0.4312 -0.9022
vn 0.0544 0.9919 0.1144
vn 0.0391 0.9374 0.3459
vn -0.1437 0.9749 -0.1700
vn -0.2787 0.7947 0.5393
vn 0.0809 -0.9299 0.3588
vn 0.2767 -0.4560 -0.8459
vn -0.0296 0.9958 0.0872
vn -0.2396 0.0402 0.9700
vn 0.0225 -0.8507 -0.5252
vn 0.3785 -0.1944 -0.9050
vn 0.3559 0.6216 0.6979
vn -0.6852 -0.3956 0.6115
vn 0.0385 -0.3026 -0.9523
vn 0.5308 0.1131 -0.8399
vn 0.5060 -0.2517 0.8250
vn -0.9999 0.0013 0.0129
vn 0.4440 0.2681 -0.8550
vn 0.6706 0.2228 -0.7075
vn 0.5243 0.8249 0.2110
vn 0.1887 0.8646 0.4656
vn -0.8233 -0.5487 0.1456
vn 0.0927 -0.7734 -0.6271
vn 0.6531 0.7410 -0.1562
vn -0.3617 0.8025 0.4745
vn -0.4238 -0.9041 0.0550
vn -0.0732 -0.9296 -0.3612
vn 0.4973 0.7902 -0.3582
vn -0.3261 0.5591 0.7623
vn -0.2687 -0.9598 -0.0806
vn 0.1690 -0.7270 -0.6655
vn 0.6578 0.7416 0.1313
vn -0.7634 -0.0284 0.6453
vn 0.0433 -0.6920 -0.7206
vn 0.3962 -0.4492 -0.8008
vn 0.7890 0.4930 0.3666
vn 0.1472 0.9887 0.0290
vn -0.8597 -0.3032 -0.4112
vn 0.1559 -0.9821 0.1060
vn 0.6857 0.7111 0.1553
vn -0.3914 0.7713 -0.5019
vn -0.4075 -0.9116 -0.0547
vn 0.2553 -0.7780 0.5741
vn 0.6014 0.7891 -0.1252
vn -0.5725 0.3632 -0.7351
vn -0.2279 -0.8572 0.4618
vn 0.2242 -0.6964 0.6817
vn 0.3615 0.9289 0.0801
vn -0.6670 -0.1277 -0.7340
vn 0.2467 -0.7889 0.5628
vn -0.1120 -0.9690 0.2200
vn 0.4518 0.4782 0.7531
vn 0.5877 0.6797 0.4389
vn -0.0886 -0.0400 -0.9953
vn -0.6104 -0.7869 -0.0902
vn 0.3088 0.1386 0.9410
vn 0.6479 0.7598 -0.0533
vn -0.5261 -0.3303 -0.7836
vn -0.5769 -0.7059 -0.4110
vn 0.3009 0.2575 0.9182
vn 0.3467 0.8209 -0.4538
vn -0.4287 -0.6948 -0.5775
vn -0.3672 -0.8121 0.4535
vn -0.1679 0.8780 0.4482
vn 0.5725 -0.0974 -0.8141
vn -0.4517 -0.7680 0.4541
vn -0.4187 0.5466 0.7252
vn -0.1173 0.2710 0.9554
vn 0.2152 0.3280 0.9198
vn 0.4178 -0.2200 -0.8815
vn -0.6873 -0.3824 -0.6176
vn -0.2966 -0.2050 0.9327
vn 0.9263 -0.0154 0.3764
vn -0.3979 0.4161 -0.8176
vn -0.1075 -0.2735 -0.9559
vn 0.4595 -0.5702 0.6810
vn 0.0025 0.7618 0.6478
vn -0.4464 0.1169 -0.8871
vn 0.0485 -0.6166 -0.7858
vn 0.5204 -0.2310 0.8221
vn -0.6483 0.7527 0.1147
vn 0.0913 -0.4460 -0.8903
vn 0.3766 -0.6579 -0.6522
vn -0.8836 0.4544 0.1126
vn -0.6209 0.6066 0.4965
vn 0.9334 -0.3147 0.1723
vn 0.3699 -0.6445 -0.6692
vn -0.8039 0.5474 -0.2324
vn 0.1673 0.7442 0.6467
vn 0.5046 -0.8584 -0.0922
vn 0.4729 -0.7952 -0.3795
vn 0.0140 0.9593 -0.2820
vn -0.1013 -0.0688 0.9925
vn -0.1472 -0.8255 -0.5449
vn 0.5069 0.4945 -0.7061
vn 0.4251 0.0032 0.9052
vn -0.9954 0.0042 0.0957
vn 0.4226 0.0043 -0.9063
vn 0.8511 0.0060 -0.5249
vn -0.0376 0.4006 0.9155
vn 0.2736 -0.2068 0.9394
vn 0.1920 -0.6685 -0.7185
vn -0.4789 0.6966 -0.5342
vn -0.2042 0.2717 0.9405
vn 0.5638 -0.8242 0.0530
vn 0.0851 0.4480 -0.8900
vn -0.9392 0.0204 -0.3427
vn -0.2972 -0.3254 0.8976
vn 0.9014 0.4160 0.1203
vn -0.2794 -0.2194 -0.9348
vn -0.7521 0.4578 -0.4741
vn 0.0065 0.2662 0.9639
vn 0.2880 -0.9337 -0.2128
vn -0.2855 0.6159 -0.7343
vn -0.3073 0.9408 0.1428
vn 0.5740 -0.3236 -0.7522
vn 0.4320 -0.6822 0.5899
vn -0.6460 0.4976 0.5788
vn -0.4745 0.7272 -0.4960
vn 0.9784 -0.1541 0.1375
vn -0.1771 0.2559 0.9503
vn -0.6596 0.3551 -0.6625
vn 0.3082 -0.7331 -0.6064
vn 0.4046 0.5872 0.7011
vn -0.9043 0.3453 0.2510
vn 0.0977 -0.8324 -0.5455
vn 0.8119 0.0808 -0.5783
vn 0.1950 -0.0762 0.9778
vn -0.8284 -0.5326 -0.1735
vn 0.4636 0.4847 -0.7417
vn 0.4411 0.4710 -0.7640
vn 0.8651 0.4412 0.2386
vn 0.0965 0.5453 0.8327
vn -0.9231 -0.3718 -0.0978
vn 0.1497 -0.4694 -0.8702
vn 0.7142 0.3794 0.5881
vn -0.5045 -0.0247 0.8631
vn -0.4004 -0.4560 -0.7948
vn 0.3744 0.2473 -0.8937
vn 0.6643 -0.0602 0.7450
vn -0.6879 -0.4935 0.5322
vn -0.2678 0.4344 -0.8600
vn 0.4311 0.2593 -0.8642
vn 0.5938 -0.2333 0.7700
vn -0.9133 0.3018 0.2736
vn 0.2401 -0.0351 -0.9701
vn 0.4960 -0.1266 -0.8591
vn 0.0204 -0.8748 -0.4841
vn 0.7995 0.4274 -0.4220
vn -0.1232 0.8532 0.5068
vn -0.8319 -0.2234 0.5079
vn 0.7343 -0.6128 0.2921
vn 0.5146 0.5509 0.6571
vn -0.9905 -0.1337 -0.0312
vn 0.2875 -0.0589 -0.9560
vn 0.6092 -0.2233 0.7609
vn -0.6783 -0.1058 0.7272
vn -0.2904 0.2702 -0.9180
vn 0.4966 0.1158 -0.8602
vn 0.5000 0.0011 0.8660
vn -0.9204 0.0017 0.3910
vn 0.1216 0.0017 -0.9926
vn 0.5000 0.0011 -0.8660
vn 0.6118 -0.6039 0.5108
vn 0.9692 -0.1057 -0.2226
vn -0.2514 0.6517 -0.7156
vn -0.8394 -0.2008 0.5051
vn 0.6815 -0.6191 0.3902
vn 0.6340 0.6144 -0.4696
vn -0.8965 0.3769 0.2328
vn -0.6501 -0.6962 -0.3044
vn 0.9122 -0.4037 0.0708
vn 0.0144 0.4107 0.9116
vn -0.8646 -0.0350 -0.5012
vn -0.1540 0.0964 -0.9834
vn 0.9277 -0.2380 0.2877
vn -0.6840 -0.3965 0.6123
vn -0.2934 0.5601 -0.7747
vn 0.4122 0.5158 -0.7510
vn 0.6580 -0.4968 0.5660
vn 0.1413 -0.8755 -0.4622
vn -0.5810 -0.0245 -0.8135
vn -0.2867 0.9001 0.3280
vn 0.6277 -0.3981 0.6690
vn -0.3595 -0.9128 -0.1937
vn -0.6642 0.7464 -0.0414
vn 0.4001 0.5998 -0.6930
vn 0.5000 0.0023 0.8660
vn -0.6872 0.0033 0.7264
vn -0.2855 0.0033 -0.9584
vn 0.5000 0.0010 -0.8660
vn 0.5000 -0.0001 0.8660
vn -0.8615 -0.0002 0.5078
vn -0.0091 -0.0002 -1.0000
vn 0.5000 -0.0001 -0.8660
v 9.3309 79.0211 9.1918
v 10.1634 78.9509 8.5480
v 10.5373 82.6451 8.4398
v 9.3763 77.9727 7.0870
v 9.5091 77.6917 6.8465
v 10.3370 77.5957 6.6777
v 11.0059 79.0516 7.7739
v 11.4642 82.4277 7.9105
v 11.1663 82.9509 8.1324
v 11.9943 78.3622 7.4369
v 11.6597 77.6277 6.8934
v 12.3202 77.9993 7.4215
v 12.2809 80.6656 7.4809
v 9.6825 74.6806 5.6743
v 10.4095 75.9979 6.1449
v 9.3992 78.3007 7.0695
v 10.9655 77.9624 4.7865
v 11.2319 78.2766 4.7659
v 11.7609 78.7107 5.3959
v 11.1400 77.6491 6.6078
v 10.1750 79.3485 7.6354
v 9.7502 79.1655 7.5508
v 12.0240 78.0999 7.2120
v 12.3347 78.6186 6.6065
v 12.3202 77.9993 7.4215
v 11.3735 79.3435 7.8736
v 13.5725 80.6837 4.4409
v 13.0830 80.0746 5.3310
v 11.5451 79.0479 4.7078
v 12.8964 83.4854 6.0473
v 12.8508 83.6049 6.3419
v 12.6118 82.3899 6.9366
v 12.4608 79.5933 6.2670
v 11.1474 78.1453 5.6148
v 11.1299 78.3051 5.1801
v 12.3246 78.3988 7.2026
v 12.4049 79.7922 7.5360
v 12.3793 77.8993 7.4839
v 11.4097 77.5202 6.7739
v 12.3407 84.7554 9.0729
v 12.2158 82.8156 8.5113
v 12.2222 84.2363 6.9131
v 10.5847 82.0170 8.9105
v 10.4532 81.4186 8.8869
v 10.7340 79.9393 8.4570
v 11.9800 80.8289 7.8478
v 12.2474 82.1824 6.3871
v 12.2724 83.1507 6.3999
v 12.2134 78.6032 7.5151
v 11.5944 78.1594 7.8234
v 12.3758 77.8867 7.4802
v 12.3404 79.5177 6.5194
v 8.8445 75.1069 5.3412
v 9.5222 77.0432 5.6606
v 8.2191 79.7569 6.2618
v 10.1036 78.3172 3.9624
v 10.3757 78.7164 3.9019
v 10.8804 79.7810 4.5133
v 10.1841 79.3226 5.9229
v 8.9595 81.4955 6.7224
v 8.5146 81.1077 6.6488
v 11.0757 80.5020 6.5148
v 11.4248 80.7190 5.8121
v 11.3891 80.6404 6.7575
v 10.2464 82.0469 7.0066
v 12.1508 79.2376 3.0399
v 11.7788 79.8783 4.0948
v 9.9859 78.5623 4.0017
v 11.7557 84.0077 3.9109
v 11.7628 84.4907 4.1606
v 11.5987 84.1357 5.0605
v 11.2736 80.7305 5.1788
v 9.7124 78.9232 5.1345
v 9.6147 78.5489 4.6918
v 11.2843 80.7821 6.3755
v 11.4518 82.4772 6.3156
v 11.3891 80.6404 6.7575
v 10.2033 79.6768 6.3350
v 12.0255 88.7867 6.2321
v 11.7000 86.3520 6.3055
v 11.6180 85.3533 4.4701
v 9.9277 86.8681 6.9065
v 9.7438 86.3641 7.0625
v 9.9025 84.3539 7.1142
v 11.2401 83.7781 6.3030
v 11.4517 82.8081 4.6075
v 11.5434 83.6635 4.3339
v 11.3099 81.2699 6.6608
v 10.6460 81.5622 7.0693
v 11.4351 80.5285 6.8393
v 11.3939 80.6239 5.5078
v 7.9784 81.6308 8.4363
v 8.9335 81.3857 7.7949
v 8.9606 85.0861 6.9281
v 8.3215 78.5937 6.5410
v 8.5140 78.1580 6.3556
v 9.4250 78.3454 6.1954
v 9.8932 81.1866 6.9880
v 10.0219 84.8590 6.4302
v 9.6293 85.4244 6.5496
v 11.0523 80.7184 6.7784
v 10.8183 79.2958 6.3880
v 11.4401 80.5245 6.8328
v 11.1166 83.1624 6.3489
v 10.4851 77.1787 2.4366
v 11.0473 80.2820 2.4223
v 10.7686 80.7002 3.4101
v 9.8565 77.7315 3.0561
v 9.3003 79.3304 5.2259
v 10.3011 81.5173 5.3755
v 9.9851 81.8768 5.9573
v 9.1485 81.0775 5.7170
v 10.7154 80.8207 3.7501
v 9.7237 77.8807 3.3267
v 10.5249 81.1402 4.5106
v 10.4945 85.3143 3.8583
v 10.0874 85.2123 4.8742
v 12.1748 79.2808 1.1960
v 11.5584 79.8023 1.7315
v 11.0767 77.3154 1.6902
v 9.6185 84.6109 5.5030
v 9.4025 78.2814 4.1352
v 11.7354 82.3017 1.3844
v 11.4785 84.0104 2.0992
v 11.0704 84.9675 2.8546
v 10.9562 85.2568 3.1059
v 6.0198 78.6842 6.0533
v 6.9486 76.9910 5.0585
v 7.7613 78.5560 5.2897
v 6.6383 80.3580 6.1025
v 8.4122 83.4005 6.1465
v 9.3940 81.2290 5.7551
v 9.8558 82.3231 5.7873
v 9.2122 83.9118 5.6881
v 8.0468 78.9910 5.3897
v 6.8686 80.8448 6.1462
v 8.6772 80.0721 5.5684
v 9.2126 79.0660 3.7145
v 9.9119 80.7579 4.1258
v 6.0387 73.4846 5.1987
v 6.4213 75.2114 5.0613
v 5.5965 76.6675 5.7991
v 10.1129 82.3248 4.4747
v 7.4366 82.2385 6.1866
v 6.8630 74.4301 4.0831
v 7.8082 75.5876 3.7364
v 8.4384 77.0939 3.5094
v 8.6638 77.5228 3.4669
v 7.8972 74.9501 4.3026
v 9.2132 76.0522 3.5582
v 9.4400 77.7505 4.2683
v 7.8017 76.7705 4.7025
v 8.6690 80.7458 6.1294
v 10.0145 80.9431 5.6188
v 10.0752 82.1943 5.9836
v 9.1244 82.5707 6.0426
v 9.5517 78.2577 4.5127
v 7.8625 77.3123 4.9073
v 9.7611 79.5144 5.0412
v 10.3196 81.5831 3.3577
v 10.4448 83.0791 4.2487
v 9.4683 72.5692 2.7670
v 9.2843 74.3018 3.0838
v 8.2913 73.3679 3.7832
v 10.1907 83.9719 4.9130
v 8.0734 78.8132 5.5192
v 9.7915 75.3467 2.1854
v 10.1990 77.5687 2.3465
v 10.2342 79.5845 2.5805
v 10.2870 80.1909 2.6852
v 10.4421 89.6931 2.9958
v 9.6402 90.3765 4.2890
v 9.7678 88.0710 4.7433
v 10.3362 87.5063 3.2147
v 10.2505 82.5721 4.1565
v 10.0938 83.6196 5.5612
v 10.0848 82.0253 5.7487
v 9.7769 81.3205 4.8607
v 9.8416 87.3430 4.9037
v 10.3387 86.7887 3.3030
v 9.9263 85.6201 5.1952
v 8.0358 86.6241 6.2566
v 8.3645 84.0880 6.4273
v 10.0690 94.4083 3.9881
v 9.7935 92.4616 4.0590
v 10.3616 91.9790 2.9879
v 8.6464 82.2300 6.2264
v 10.3064 84.7987 3.5126
v 8.7625 93.2632 4.9096
v 8.2768 91.4524 5.6885
v 7.9947 89.3946 6.0617
v 7.9321 88.7407 6.1842
v 5.8436 80.9228 6.9356
v 6.6422 80.4855 6.3514
v 7.4812 83.5829 6.7832
v 6.4126 84.1454 7.1022
v 8.9005 79.8382 5.4110
v 9.7257 80.9729 5.0637
v 10.1823 81.9531 5.8295
v 9.5395 82.3401 6.1776
v 6.9014 80.3198 6.1669
v 7.8381 83.3793 6.7110
v 8.6088 82.9271 6.4387
v 9.6974 86.3047 5.4923
v 8.7039 87.6109 5.8669
v 5.0055 84.7769 8.3099
v 5.1054 81.9906 7.4681
v 5.6248 84.4874 7.6455
v 10.2014 84.8574 5.1095
v 7.6581 79.8478 5.6825
v 6.8010 88.4660 7.0622
v 5.7720 87.4714 7.5279
v 7.9559 88.5321 6.3255
v 7.6703 88.5411 6.4891
v 7.5118 90.4484 0.3495
v 7.0330 92.3525 1.9830
v 7.3182 90.0422 2.7172
v 7.2209 88.1991 0.7984
v 7.6879 83.4061 2.7491
v 7.9634 85.6097 4.1993
v 7.9694 83.9852 4.6353
v 7.3514 82.6254 3.8335
v 7.4595 89.3236 2.9728
v 7.2411 87.4661 0.9974
v 7.7000 87.5906 3.5447
v 5.9803 89.8399 5.0824
v 6.3339 87.0958 5.5479
v 7.4823 96.6038 1.1001
v 7.1563 94.5299 1.4848
v 7.4792 93.0442 0.1320
v 6.5338 84.8415 5.5122
v 7.3785 85.4109 1.5953
v 6.3191 96.1703 2.4969
v 6.0522 94.7512 3.6713
v 5.9129 92.7715 4.4687
v 5.8935 92.1472 4.7273
v 5.6675 75.3423 1.9009
v 6.3113 78.5933 0.7750
v 6.6709 80.1200 1.9233
v 5.7115 76.8686 2.9211
v 6.3081 80.9822 4.9587
v 7.5367 83.0648 4.0091
v 7.6139 84.1734 4.6948
v 6.5255 83.5274 5.1685
v 6.8443 80.5913 2.2847
v 5.7860 77.3539 3.2530
v 7.1631 81.7427 3.1124
v 6.7053 86.0458 1.6346
v 7.0489 87.0434 2.9200
v 6.7026 75.6764 -1.0815
v 6.4101 77.1166 -0.2321
v 5.7574 74.4945 0.6528
v 6.9704 87.1673 3.9443
v 5.8669 78.7283 4.1194
v 6.3784 79.6300 -1.0776
v 6.5948 82.4078 -0.4454
v 6.5188 84.4397 0.3241
v 6.5503 85.0644 0.5723
v 7.2338 81.3389 -0.3559
v 7.5184 85.5742 0.1182
v 7.6583 85.0941 1.4426
v 6.8625 80.8591 0.7233
v 7.3188 80.8315 3.7834
v 8.0560 84.4475 3.9905
v 7.9660 84.1898 4.8308
v 7.0909 82.3409 4.7349
v 7.7582 84.9741 1.8731
v 6.8832 80.7249 1.1282
v 7.8987 84.6930 2.8686
v 6.6384 89.5020 2.9524
v 6.8726 88.4302 4.2636
v 8.2725 86.6818 -1.9395
v 7.7991 86.1667 -0.9834
v 7.7055 82.6829 -1.3017
v 6.8227 86.9041 5.0231
v 7.0054 80.3506 2.2921
v 7.3204 89.1212 -0.8981
v 7.0939 90.1679 0.3822
v 6.6647 90.3056 1.4904
v 6.5935 90.3632 1.8593
v 4.0425 92.4990 6.5754
v 4.0071 88.6668 7.4578
v 5.1117 87.4592 6.7045
v 4.7605 91.3194 5.6519
v 6.8029 88.1015 3.9031
v 7.2724 85.3937 5.2382
v 7.8716 84.6122 4.6050
v 7.2455 85.5286 3.6081
v 5.4996 87.1103 6.4883
v 5.0383 90.9730 5.3715
v 6.2847 86.2784 5.8913
v 5.0851 80.8706 6.4216
v 6.2431 80.5315 5.4450
v 2.9466 91.0962 9.3020
v 3.3524 89.9328 8.3418
v 3.2756 92.9429 7.6189
v 6.9127 80.9824 4.5356
v 5.7524 90.0034 4.5586
v 2.7989 86.5313 8.9234
v 3.4501 83.6502 8.4090
v 4.0818 81.8703 7.5868
v 4.3079 81.3493 7.3369
v 5.4171 73.8956 3.4573
v 5.8390 76.4351 3.1407
v 5.8868 78.0223 5.1457
v 5.0262 75.4987 5.2643
v 7.3189 82.4129 2.9752
v 7.4409 84.9547 3.5571
v 8.0284 84.6281 4.6543
v 7.5983 82.8251 4.8479
v 5.9864 77.2435 3.0300
v 6.2013 78.7957 5.1205
v 6.8085 80.6840 4.9862
v 6.0789 85.4466 6.3275
v 5.0922 83.1525 6.8557
v 4.4418 70.6494 5.8703
v 4.8208 71.7318 4.0572
v 4.6156 73.0336 5.5136
v 6.6915 86.7770 5.5680
v 6.4490 79.5036 2.7469
v 4.0149 77.4276 7.3971
v 3.7565 74.3035 6.8899
v 4.4838 81.0730 7.3365
v 4.3480 80.2134 7.3516
v 7.4715 78.4372 -2.5070
v 7.1353 83.7983 -2.6094
v 6.7924 84.0780 -0.9569
v 6.5166 78.2340 -1.3699
v 5.5963 79.9069 2.2567
v 6.2375 84.7645 2.3119
v 5.7823 84.8250 3.3191
v 4.8519 82.1983 3.1014
v 6.7427 84.2154 -0.3977
v 6.3312 78.2614 -0.9046
v 6.5133 84.4689 0.8693
v 4.8335 90.2008 -0.1175
v 4.5044 89.5270 1.6007
v 8.8284 84.1291 -4.8342
v 7.8851 83.8881 -3.8351
v 8.1003 79.5285 -3.8311
v 4.1915 87.9719 2.7035
v 5.8993 78.4109 0.4684
v 7.1611 87.6675 -4.3978
v 6.3282 89.7609 -3.1716
v 5.5633 90.5363 -1.8579
v 5.3495 90.7907 -1.4260
v 1.4051 73.4336 4.2793
v 3.1164 72.4815 2.4598
v 3.7352 76.1472 2.6782
v 1.6762 76.8834 4.2481
v 3.0693 84.2762 3.9795
v 5.1483 82.8460 3.1121
v 5.4061 85.2012 3.0795
v 3.9123 86.3096 3.0786
v 3.9977 77.2762 2.7835
v 1.8316 77.9797 4.2755
v 4.5255 79.9316 2.9501
v 5.2660 79.1157 -0.1567
v 5.7164 82.7951 0.3770
v 3.1367 65.9680 2.8336
v 3.0213 69.0497 2.5537
v 1.4896 69.8026 3.9348
v 5.5020 85.4202 0.9153
v 2.1316 80.9444 4.2372
v 3.7252 68.5421 0.8771
v 4.5606 71.7612 0.1331
v 4.8533 74.9462 -0.3467
v 5.0053 75.9367 -0.4574
v 5.0287 71.1141 1.0156
v 6.3231 74.8298 -0.4476
v 6.1700 77.7490 0.6673
v 4.3183 73.5910 1.7024
v 4.3833 80.9679 3.8622
v 6.0924 83.4971 2.7566
v 5.7989 85.4350 3.3464
v 4.3445 84.3237 3.6493
v 6.1923 78.7031 1.0428
v 4.2488 74.4984 2.0257
v 6.1377 80.9360 1.8639
v 5.8350 84.5356 -0.9336
v 5.6490 87.0240 0.4910
v 7.7785 70.2123 -1.8194
v 6.9592 72.3965 -1.2481
v 6.0470 69.4723 0.0758
v 5.1044 87.9604 1.6247
v 4.1250 77.0938 2.9836
v 7.1117 74.5977 -2.7864
v 6.9123 78.4750 -2.5854
v 6.2810 81.4263 -2.1904
v 6.1570 82.3935 -2.0256
v 3.0070 96.1471 -1.4345
v 1.8975 95.9451 0.8240
v 2.9993 92.9885 1.4964
v 3.6918 92.9107 -1.0888
v 5.5416 85.9534 0.3778
v 5.2259 87.4076 2.6824
v 5.8263 85.1716 2.9646
v 5.4718 83.4845 1.5942
v 3.3973 92.1160 1.7287
v 3.9721 91.9164 -0.9570
v 4.1961 89.8793 2.1564
v 1.4013 88.1968 4.2794
v 2.8107 85.2140 4.4499
v 0.9820 102.3361 0.3018
v 1.3133 99.1182 0.4490
v 2.0677 99.2364 -1.3999
v 3.8354 83.0431 4.0425
v 4.6871 89.0845 -0.6395
v -0.2481 98.6073 2.0469
v -0.1179 95.3401 3.3785
v 0.3047 92.0067 4.0114
v 0.4777 90.9950 4.2131
v 0.5275 76.4457 5.7641
v 1.6856 77.1141 4.6489
v 1.8284 83.0266 5.2042
v 0.1940 82.0189 5.9527
v 4.8908 79.9619 2.6464
v 5.5663 82.9398 1.9267
v 6.0050 85.2535 3.0726
v 5.0356 84.7434 3.7746
v 2.0711 77.2983 4.2948
v 2.3867 83.3467 5.0091
v 3.5738 84.0002 4.4009
v 3.6883 90.5009 2.6918
v 1.9019 90.6850 3.5232
v -1.7607 80.6761 8.2024
v -0.7841 76.7643 6.7918
v -0.9229 81.2275 6.9986
v 4.8391 89.2649 1.9498
v 3.2032 77.8624 3.3484
v -0.8299 88.7936 5.8622
v -1.8174 85.6801 6.8175
v 0.6147 90.7664 4.4323
v 0.2446 90.3112 4.7564
v 4.6885 71.2579 -2.9140
v 4.6909 77.0296 -4.2955
v 4.3767 79.3339 -2.5755
v 3.5854 72.6871 -1.6607
v 2.7762 78.9454 1.8600
v 3.9121 83.9893 0.7996
v 3.4188 85.3677 1.8658
v 2.1006 82.6453 2.2162
v 4.3526 80.1349 -2.0013
v 3.3870 73.3140 -1.1671
v 4.1545 81.9311 -0.6907
v 2.5447 87.6004 -3.1640
v 2.1773 88.9491 -1.1482
v 6.6354 74.2270 -6.7377
v 5.5372 75.4546 -5.6251
v 5.4623 70.6929 -4.5898
v 1.7349 88.6464 0.4062
v 2.9445 75.1946 0.2768
v 4.9368 79.1490 -7.1480
v 4.1576 83.1022 -6.3333
v 3.3630 85.7127 -5.1117
v 3.1466 86.5563 -4.7087
v -2.6214 75.8508 5.4449
v -0.7349 72.1224 3.7453
v 0.2910 76.0788 3.1415
v -2.0374 79.4219 4.6094
v 0.1730 86.5420 2.6255
v 2.5036 83.2428 2.0852
v 2.9885 85.6408 1.5049
v 1.2924 87.3898 1.1954
v 0.6943 77.3136 2.9994
v -1.7676 80.5732 4.3866
v 1.5326 80.1594 2.5737
v 2.2156 75.4795 -0.5888
v 3.0558 79.8715 -0.8583
v -1.1893 65.5381 5.6823
v -1.1049 68.5759 4.6504
v -2.8120 71.5255 5.9260
v 3.0237 83.3841 -0.8966
v -1.1865 83.6041 3.6583
v -0.3788 65.8642 2.9693
v 0.8286 68.1673 1.4311
v 1.3984 70.9367 0.1707
v 1.6499 71.8189 -0.1774
v 1.3763 68.2983 2.5576
v 3.1368 70.1473 0.1355
v 3.2255 74.6077 0.6572
v 0.7484 72.0057 2.6998
v 1.4823 82.3616 3.3174
v 3.6626 83.1860 1.5761
v 3.4862 86.0480 1.7527
v 1.6818 85.7414 2.2964
v 3.3413 76.0509 0.8420
v 0.7489 73.3740 2.8359
v 3.4824 79.4032 1.2086
v 3.2715 80.2104 -2.6884
v 3.3020 84.5715 -1.7299
v 4.4596 63.0831 -0.2245
v 3.6744 66.3855 -0.1427
v 2.4235 65.0862 1.9542
v 2.7743 87.0682 -0.7348
v 0.8410 77.2971 3.2639
v 3.9555 66.9485 -2.3275
v 4.0215 71.4187 -3.0261
v 3.5109 75.2752 -3.3102
v 3.4441 76.5483 -3.3621
v 0.7617 93.1800 -6.0515
v -0.4759 95.9411 -3.5841
v 0.6421 93.1142 -2.1231
v 1.3471 89.8376 -4.8934
v 3.0876 83.3322 -1.6050
v 2.9239 87.6290 0.5490
v 3.4819 85.3215 1.4004
v 2.8705 82.0853 0.2952
v 1.0604 92.2913 -1.6527
v 1.6114 88.8136 -4.5075
v 1.8613 90.0738 -0.6367
v -1.5035 91.7203 1.9771
v -0.0430 88.1807 2.9085
v -1.1042 102.5601 -5.6825
v -0.9475 99.1445 -4.7559
v -0.1213 96.8911 -6.7697
v 0.9951 85.0016 3.0083
v 2.2622 85.8629 -3.4741
v -2.7765 100.9929 -2.9488
v -2.8109 98.9438 -0.7293
v -2.5326 95.9211 0.7555
v -2.3944 94.9980 1.2179
v -3.3727 81.1017 6.3236
v -1.9909 80.1212 4.9913
v -1.3466 87.0530 4.2108
v -3.3380 87.4306 5.2088
v 1.9568 79.7107 2.2481
v 2.9565 81.8419 0.7878
v 3.7059 85.4652 1.5043
v 2.5429 86.0762 2.3562
v -1.5332 79.7732 4.5754
v -0.6656 86.9668 3.9414
v 0.7720 86.5349 3.1648
v 1.3270 91.5396 -0.2168
v -0.7513 93.3492 0.5865
v -5.6701 89.2718 7.9074
v -4.8661 83.1010 7.3239
v -4.6830 88.1849 6.4959
v 2.5717 88.9386 -0.6962
v -0.1829 78.8820 3.4503
v -4.0472 94.9926 3.4861
v -5.4185 93.0996 5.2244
v -2.2388 94.9499 1.5144
v -2.7002 94.9669 1.9619
v 2.0931 67.7099 -0.5130
v 2.4364 71.3075 -2.9623
v 2.1291 75.1798 -1.9817
v 0.9895 70.4278 0.1693
v 0.2653 79.7259 1.8292
v 1.6830 82.8755 -0.0713
v 1.1937 85.2714 0.5180
v -0.2591 83.4303 1.2800
v 2.1082 76.4897 -1.6533
v 0.7923 71.5231 0.4474
v 1.9169 79.4703 -0.9106
v 0.7171 82.0395 -4.4527
v 0.2966 85.3939 -3.0129
v 4.3823 66.0229 -4.3082
v 3.2826 68.4153 -3.7054
v 2.9331 65.3467 -1.7833
v -0.2463 86.8255 -1.6301
v 0.3543 74.7503 1.2646
v 2.9413 70.1241 -5.8917
v 2.2990 74.5473 -6.1038
v 1.5571 78.2256 -5.6727
v 1.3571 79.4176 -5.5222
v -5.4437 81.5054 5.1030
v -3.6400 76.2005 4.6007
v -2.4072 78.8937 3.3230
v -4.6537 83.6750 3.6617
v -2.0214 87.5278 0.6122
v 0.1758 83.7624 1.0766
v 0.7995 85.1866 0.1009
v -0.7884 86.6153 -0.7124
v -1.9424 79.7720 2.9729
v -4.3208 84.4128 3.2458
v -0.9564 81.7050 2.0712
v -0.3068 74.1833 0.3737
v 0.7420 77.6346 -0.7231
v -4.5012 72.5365 7.6667
v -4.2203 74.0978 6.1187
v -5.8564 78.2501 6.4346
v 0.8712 80.6744 -1.5142
v -3.5643 86.2227 2.0140
v -3.5245 69.8555 5.3002
v -2.1321 70.0919 3.5770
v -1.3680 71.1134 1.9343
v -1.0581 71.4858 1.4646
v -1.6472 71.3220 4.5893
v 0.3252 70.1562 2.2439
v 0.5849 74.6003 1.7515
v -2.1115 74.8011 3.8558
v -0.9498 84.4240 2.2446
v 1.3540 83.0234 0.7568
v 1.2980 85.7390 0.2795
v -0.5397 86.2812 0.6441
v 0.7545 76.0437 1.6148
v -2.0569 76.1427 3.6812
v 1.0251 79.3471 1.2297
v 1.0773 75.9738 -2.3775
v 1.2495 80.7991 -2.4717
v 1.3405 63.4165 3.5758
v 0.7052 66.4979 2.8610
v -0.7173 67.7353 4.8536
v 0.7807 84.1039 -2.1882
v -1.8127 80.0170 3.2225
v 1.1362 64.6509 0.8542
v 1.4443 67.8202 -0.7113
v 1.1279 70.9651 -1.8386
v 1.1221 72.0340 -2.1641
v -0.6348 84.1164 -8.3552
v -1.8820 89.2981 -6.9089
v -0.9837 88.2156 -4.9123
v -0.2714 82.3332 -6.5655
v 0.9733 79.8738 -2.1172
v 0.8804 85.9286 -1.1696
v 1.2812 84.7319 0.1265
v 0.5914 80.8135 -0.2064
v -0.6325 87.9357 -4.2825
v -0.0775 81.8085 -5.9817
v 0.0040 86.9596 -2.8376
v -3.4151 91.5995 -1.2327
v -2.1782 89.2894 0.4868
v -2.0855 92.9650 -10.2301
v -2.1378 90.9301 -8.6696
v -1.3026 86.7252 -9.8681
v -1.2965 86.4742 1.3591
v 0.3758 80.2283 -4.3788
v -3.9755 94.6944 -7.6636
v -4.2306 95.2443 -5.2830
v -4.1767 94.1259 -3.3061
v -4.1079 93.7868 -2.6892
v -6.0032 87.1287 4.6710
v -4.5980 84.6838 3.8505
v -3.5994 89.8464 1.7415
v -5.6181 91.4912 2.3387
v -0.5365 80.9130 1.9242
v 0.6373 81.1084 0.2857
v 1.5042 84.9379 0.2087
v 0.3273 86.5241 0.7093
v -4.1350 83.8804 3.6060
v -2.9112 89.3972 1.5910
v -1.4578 88.0111 1.1448
v -0.4847 88.7560 -2.8372
v -2.5137 91.4610 -2.7266
v -8.0075 96.2552 4.0776
v -7.4541 90.1306 4.9709
v -6.9945 93.6856 3.1718
v 0.6619 85.8092 -2.5761
v -2.7690 81.7363 2.9448
v -5.8810 96.3905 -0.8639
v -7.4293 96.7458 0.9303
v -3.9727 94.0368 -2.4038
v -4.4560 94.5839 -2.0610
v -6.8975 72.0935 3.8726
v -4.1004 68.7874 2.8879
v -3.2745 72.9273 1.8883
v -6.7950 74.8349 2.3004
v -4.4552 83.2770 -0.2254
v -1.5249 81.1002 0.0553
v -1.1670 83.5730 -0.8597
v -3.0418 83.9852 -1.7045
v -2.9486 74.3349 1.6309
v -6.6214 75.9887 1.9098
v -2.2824 77.5031 0.9033
v -0.1645 71.0221 -1.5732
v 0.1707 75.8572 -2.4722
v -4.3982 63.3815 5.7454
v -4.3784 65.7774 4.2363
v -6.7109 68.2270 4.9872
v -0.2693 79.5188 -3.0582
v -6.0314 79.4078 0.8986
v -2.8081 61.9112 3.0703
v -1.3523 63.7122 1.3769
v -0.5595 66.4871 -0.1133
v -0.2862 67.4165 -0.5545
v -8.5058 90.3285 -5.5723
v -9.3125 86.7100 -2.6809
v -6.9705 85.6024 -2.3514
v -6.5217 88.5115 -5.5882
v -2.0872 84.4361 -4.5104
v -2.5770 83.7979 -1.3960
v -1.2029 82.5592 -1.3095
v -1.1044 81.2962 -3.3570
v -6.2063 85.3958 -2.1692
v -5.8496 88.0651 -5.5159
v -4.4784 84.6514 -1.8306
v -6.1583 77.0665 0.2042
v -3.7160 76.7245 0.2145
v -12.7253 91.2244 -2.0646
v -11.1962 88.7644 -2.4598
v -10.6471 91.3915 -4.9582
v -2.0824 76.6654 -0.5195
v -4.1270 86.5024 -5.4395
v -12.0354 84.8427 -0.9619
v -10.3252 81.4841 0.0025
v -8.6943 78.6128 0.1864
v -8.1477 77.8504 0.3098
v -10.1004 84.4128 0.3954
v -8.3016 79.0579 2.1273
v -6.2091 80.4186 1.2564
v -8.6482 84.6122 -1.0096
v -3.5192 86.4834 -2.4177
v -2.0626 82.9122 -0.1356
v -0.8113 83.3259 -0.9133
v -1.7804 84.0904 -2.7652
v -5.4951 80.9253 1.0616
v -8.0164 84.9629 -1.3011
v -3.8882 81.9088 0.4863
v -3.3396 72.3181 0.5959
v -1.3485 74.7283 -0.3693
v -11.0073 78.4991 4.9450
v -9.8095 78.4966 3.4681
v -11.1062 83.2215 2.1876
v -0.4771 77.0307 -1.5353
v -6.1677 86.0885 -2.0489
v -9.2757 73.2456 3.9157
v -7.1063 71.6135 3.1722
v -5.5043 70.8084 1.9105
v -4.9338 70.6767 1.5927
v 1.8637 63.4726 -4.1569
v 2.4494 69.1596 -6.2863
v 1.5158 73.0467 -4.7575
v 0.4763 66.4461 -3.0313
v -2.0310 74.9513 -0.3551
v -0.2356 80.2255 -1.6556
v -1.1297 82.4531 -0.7276
v -2.8380 79.5175 -0.5642
v 1.2816 74.3173 -4.2231
v 0.0863 67.4595 -2.6035
v 0.5248 77.0247 -3.0855
v -0.3514 82.3933 -7.1847
v -1.4333 85.0819 -5.0960
v 5.4160 63.9136 -7.9967
v 3.8225 66.1862 -7.2659
v 3.2641 61.4874 -5.7160
v -2.4750 85.6091 -3.4079
v -1.0807 70.1533 -1.4741
v 3.7667 70.0619 -9.7340
v 2.6424 75.4560 -9.6350
v 1.2484 79.1372 -8.9286
v 0.8453 80.3000 -8.6596
v -6.4344 92.3115 -7.5059
v -6.1996 89.4693 -5.7290
v -2.6191 87.8483 -6.3656
v -3.3801 89.6750 -8.6030
v -4.4811 83.9813 -1.2657
v -2.9476 80.7465 -0.4890
v -0.9714 82.7791 -0.5404
v -1.2511 84.5092 -1.9593
v -6.1345 88.5898 -5.1389
v -2.3436 87.4001 -5.6180
v -1.8650 85.9419 -3.9638
v 0.9493 77.9042 -3.9789
v 0.8341 79.2457 -6.5687
v -3.7193 95.5753 -11.6958
v -6.2183 94.3195 -9.5603
v -3.7016 92.4153 -10.2912
v 0.3077 77.0858 -2.1232
v -5.8857 86.2460 -3.4381
v -0.0326 85.3351 -10.6326
v -1.6358 89.1374 -11.8722
v 0.8709 81.0734 -8.5279
v 0.6469 82.0247 -9.0591
v 1.9609 62.0805 -3.1627
v 1.2644 65.8106 -6.0517
v 0.1505 69.6440 -4.9316
v 0.2605 63.7945 -2.2818
v -2.4645 72.9063 -0.3914
v -1.8965 77.4377 -2.7684
v -2.8966 79.4779 -2.0612
v -3.9062 76.0891 -1.0009
v -0.1407 71.0316 -4.5660
v -0.1685 64.7577 -1.9515
v -0.9525 74.0301 -3.7229
v -3.1101 74.8270 -7.6792
v -4.1797 78.0700 -6.0136
v 4.3622 62.2555 -7.7637
v 2.7330 63.6234 -6.9711
v 3.2529 60.3537 -4.6921
v -4.9408 79.1741 -4.3790
v -1.2849 67.7525 -0.9973
v 1.7858 64.6817 -9.4601
v 0.0887 68.5332 -9.6768
v -1.4810 71.6024 -9.1357
v -1.9470 72.6430 -8.9526
v -8.4710 68.9879 4.0010
v -5.4375 65.3866 3.2740
v -4.8983 69.3379 1.6378
v -8.2850 71.8836 2.2331
v -6.7289 78.3008 -1.6094
v -3.5515 76.8801 -1.2876
v -3.3235 78.8919 -2.4940
v -5.3679 78.5030 -3.2614
v -4.6515 70.7057 1.1735
v -8.1484 72.9505 1.7099
v -4.1585 73.6552 0.0053
v -1.9212 66.2990 -1.9386
v -1.7292 70.8629 -3.3539
v -5.2039 61.1144 6.9310
v -5.4149 62.8027 5.1053
v -8.0284 65.3630 5.6113
v -2.3655 74.0366 -4.3090
v -7.8952 75.4687 0.1902
v -3.7995 59.0374 4.1307
v -2.5738 60.5451 1.9907
v -2.1702 62.1895 0.0068
v -1.9788 62.8435 -0.5718
v -2.2604 62.5121 3.0845
v -0.1717 63.1051 0.1787
v -0.9669 67.9261 -0.4631
v -3.6055 65.4983 2.2589
v -4.7585 76.5113 0.1750
v -2.1938 77.3583 -1.7817
v -2.9180 80.0408 -2.3519
v -4.9085 78.6404 -1.7289
v -1.1349 69.5893 -0.6546
v -3.8727 66.9235 2.0381
v -1.6477 73.2551 -1.1625
v -1.1555 69.2507 -5.2741
v -2.0917 74.4329 -5.4528
v 2.5457 57.4337 1.6628
v 1.1166 59.8221 0.8822
v -0.4528 59.8528 3.3195
v -3.3073 77.3915 -5.1086
v -4.5504 71.1414 1.4427
v 1.7992 58.0668 -1.4515
v 1.2464 61.4511 -3.3173
v 0.0943 64.1919 -4.6085
v -0.1868 65.2442 -4.9927
v -5.3458 74.8896 -12.0269
v -7.6881 79.1216 -10.2785
v -6.3261 79.2959 -8.0775
v -4.3954 73.7168 -9.9950
v -2.1324 73.2242 -5.0045
v -3.5276 79.5533 -3.9698
v -2.7188 78.9534 -2.5150
v -2.5653 74.0770 -2.7771
v -5.8405 79.4893 -7.3917
v -4.0206 73.4761 -9.3414
v -4.8248 79.4005 -5.7954
v -9.2739 80.7078 -3.6109
v -7.3063 79.9372 -1.7539
v -9.0467 82.1869 -14.1068
v -8.4899 80.2603 -12.2878
v -6.7742 76.6279 -13.7149
v -5.6688 78.1202 -0.8237
v -3.0411 72.5837 -7.5364
v -11.1590 82.3036 -10.9625
v -11.3278 82.9642 -8.2060
v -10.8324 82.1702 -5.9308
v -10.6264 81.9898 -5.2269
v -10.3779 74.1417 3.5098
v -8.4410 73.0211 2.4329
v -8.7869 79.1484 -0.1569
v -11.1955 78.7296 0.7422
v -3.5565 73.2720 -0.2032
v -2.5397 74.5099 -2.2204
v -2.5279 79.4250 -2.4483
v -4.0616 79.8556 -1.7558
v -7.8009 72.6582 2.1078
v -7.9864 79.4153 -0.4036
v -6.2076 79.5047 -1.0673
v -5.7415 80.7279 -5.7580
v -8.4488 81.3224 -5.4275
v -14.5959 81.3182 2.9615
v -12.5378 75.7092 3.9883
v -13.0439 79.6239 1.8329
v -3.8568 78.9704 -5.5582
v -5.9587 71.8314 1.2150
v -12.8868 83.0272 -2.9561
v -14.4026 81.9733 -0.7230
v -10.5174 82.4423 -4.9174
v -11.1107 82.5322 -4.4743
vt 0.3362 0.9839
vt 0.3346 0.8194
vt 0.1011 0.8194
vt 0.5673 0.8194
vt 0.5941 0.7814
vt 0.5553 0.6549
vt 0.3329 0.6549
vt 0.0920 0.6549
vt 0.0642 0.7184
vt 0.3313 0.4905
vt 0.4425 0.4905
vt 0.3308 0.4421
vt 0.1728 0.4905
vt 0.3362 0.9839
vt 0.3346 0.8194
vt 0.1011 0.8194
vt 0.5673 0.8194
vt 0.5941 0.7814
vt 0.5553 0.6549
vt 0.3329 0.6549
vt 0.0920 0.6549
vt 0.0642 0.7184
vt 0.3313 0.4905
vt 0.4425 0.4905
vt 0.3308 0.4421
vt 0.1728 0.4905
vt 0.3362 0.9839
vt 0.3346 0.8194
vt 0.1011 0.8194
vt 0.5673 0.8194
vt 0.5941 0.7814
vt 0.5553 0.6549
vt 0.3329 0.6549
vt 0.0920 0.6549
vt 0.0642 0.7184
vt 0.3313 0.4905
vt 0.4425 0.4905
vt 0.3308 0.4421
vt 0.1728 0.4905
vt 0.3362 0.9839
vt 0.3346 0.8194
vt 0.1011 0.8194
vt 0.5673 0.8194
vt 0.5941 0.7814
vt 0.5553 0.6549
vt 0.3329 0.6549
vt 0.0920 0.6549
vt 0.0642 0.7184
vt 0.3313 0.4905
vt 0.4425 0.4905
vt 0.3308 0.4421
vt 0.1728 0.4905
vt 0.3362 0.9839
vt 0.3346 0.8194
vt 0.1011 0.8194
vt 0.5673 0.8194
vt 0.5941 0.7814
vt 0.5553 0.6549
vt 0.3329 0.6549
vt 0.0920 0.6549
vt 0.0642 0.7184
vt 0.3313 0.4905
vt 0.4425 0.4905
vt 0.3308 0.4421
vt 0.1728 0.4905
vt 0.3362 0.9839
vt 0.3346 0.8194
vt 0.1011 0.8194
vt 0.5673 0.8194
vt 0.5941 0.7814
vt 0.5553 0.6549
vt 0.3329 0.6549
vt 0.0920 0.6549
vt 0.0642 0.7184
vt 0.3313 0.4905
vt 0.4425 0.4905
vt 0.3308 0.4421
vt 0.1728 0.4905
vt 0.3362 0.9839
vt 0.3346 0.8194
vt 0.1011 0.8194
vt 0.5673 0.8194
vt 0.5941 0.7814
vt 0.5553 0.6549
vt 0.3329 0.6549
vt 0.0920 0.6549
vt 0.0642 0.7184
vt 0.3313 0.4905
vt 0.4425 0.4905
vt 0.3308 0.4421
vt 0.1728 0.4905
vt 0.3362 0.9839
vt 0.3346 0.8194
vt 0.1011 0.8194
vt 0.5673 0.8194
vt 0.5941 0.7814
vt 0.5553 0.6549
vt 0.3329 0.6549
vt 0.0920 0.6549
vt 0.0642 0.7184
vt 0.3313 0.4905
vt 0.4425 0.4905
vt 0.3308 0.4421
vt 0.1728 0.4905
vt 0.0410 0.6549
vt 0.3329 0.6549
vt 0.3313 0.4905
vt 0.0383 0.4905
vt 0.0918 0.1616
vt 0.3281 0.1616
vt 0.3268 0.0368
vt 0.2194 0.0368
vt 0.3308 0.4421
vt 0.0372 0.4421
vt 0.3297 0.3260
vt 0.6982 0.3260
vt 0.6421 0.1616
vt 0.3362 0.9839
vt 0.3346 0.8194
vt 0.1011 0.8194
vt 0.5499 0.0368
vt 0.0343 0.3260
vt 0.5673 0.8194
vt 0.6835 0.6549
vt 0.7250 0.4905
vt 0.7372 0.4421
vt 0.0410 0.6549
vt 0.3329 0.6549
vt 0.3313 0.4905
vt 0.0383 0.4905
vt 0.0918 0.1616
vt 0.3281 0.1616
vt 0.3268 0.0368
vt 0.2194 0.0368
vt 0.3308 0.4421
vt 0.0372 0.4421
vt 0.3297 0.3260
vt 0.6982 0.3260
vt 0.6421 0.1616
vt 0.3362 0.9839
vt 0.3346 0.8194
vt 0.1011 0.8194
vt 0.5499 0.0368
vt 0.0343 0.3260
vt 0.5673 0.8194
vt 0.6835 0.6549
vt 0.7250 0.4905
vt 0.7372 0.4421
vt 0.0410 0.6549
vt 0.3329 0.6549
vt 0.3313 0.4905
vt 0.0383 0.4905
vt 0.0918 0.1616
vt 0.3281 0.1616
vt 0.3268 0.0368
vt 0.2194 0.0368
vt 0.3308 0.4421
vt 0.0372 0.4421
vt 0.3297 0.3260
vt 0.6982 0.3260
vt 0.6421 0.1616
vt 0.3362 0.9839
vt 0.3346 0.8194
vt 0.1011 0.8194
vt 0.5499 0.0368
vt 0.0343 0.3260
vt 0.5673 0.8194
vt 0.6835 0.6549
vt 0.7250 0.4905
vt 0.7372 0.4421
vt 0.0410 0.6549
vt 0.3329 0.6549
vt 0.3313 0.4905
vt 0.0383 0.4905
vt 0.0918 0.1616
vt 0.3281 0.1616
vt 0.3268 0.0368
vt 0.2194 0.0368
vt 0.3308 0.4421
vt 0.0372 0.4421
vt 0.3297 0.3260
vt 0.6982 0.3260
vt 0.6421 0.1616
vt 0.3362 0.9839
vt 0.3346 0.8194
vt 0.1011 0.8194
vt 0.5499 0.0368
vt 0.0343 0.3260
vt 0.5673 0.8194
vt 0.6835 0.6549
vt 0.7250 0.4905
vt 0.7372 0.4421
vt 0.0410 0.6549
vt 0.0383 0.4905
vt 0.3313 0.4905
vt 0.3329 0.6549
vt 0.0918 0.1616
vt 0.2194 0.0368
vt 0.3268 0.0368
vt 0.3281 0.1616
vt 0.0372 0.4421
vt 0.3308 0.4421
vt 0.3297 0.3260
vt 0.6421 0.1616
vt 0.6982 0.3260
vt 0.3362 0.9839
vt 0.1011 0.8194
vt 0.3346 0.8194
vt 0.5499 0.0368
vt 0.0343 0.3260
vt 0.6835 0.6549
vt 0.5673 0.8194
vt 0.7372 0.4421
vt 0.7250 0.4905
vt 0.0410 0.6549
vt 0.3329 0.6549
vt 0.3313 0.4905
vt 0.0383 0.4905
vt 0.0918 0.1616
vt 0.3281 0.1616
vt 0.3268 0.0368
vt 0.2194 0.0368
vt 0.3308 0.4421
vt 0.0372 0.4421
vt 0.3297 0.3260
vt 0.6982 0.3260
vt 0.6421 0.1616
vt 0.3362 0.9839
vt 0.3346 0.8194
vt 0.1011 0.8194
vt 0.5499 0.0368
vt 0.0343 0.3260
vt 0.5673 0.8194
vt 0.6835 0.6549
vt 0.7250 0.4905
vt 0.7372 0.4421
vt 0.0410 0.6549
vt 0.3329 0.6549
vt 0.3313 0.4905
vt 0.0383 0.4905
vt 0.0918 0.1616
vt 0.3281 0.1616
vt 0.3268 0.0368
vt 0.2194 0.0368
vt 0.3308 0.4421
vt 0.0372 0.4421
vt 0.3297 0.3260
vt 0.6982 0.3260
vt 0.6421 0.1616
vt 0.3362 0.9839
vt 0.3346 0.8194
vt 0.1011 0.8194
vt 0.5499 0.0368
vt 0.0343 0.3260
vt 0.5673 0.8194
vt 0.6835 0.6549
vt 0.7250 0.4905
vt 0.7372 0.4421
vt 0.0410 0.6549
vt 0.3329 0.6549
vt 0.3313 0.4905
vt 0.0383 0.4905
vt 0.0918 0.1616
vt 0.3281 0.1616
vt 0.3268 0.0368
vt 0.2194 0.0368
vt 0.3308 0.4421
vt 0.0372 0.4421
vt 0.3297 0.3260
vt 0.6982 0.3260
vt 0.6421 0.1616
vt 0.3362 0.9839
vt 0.3346 0.8194
vt 0.1011 0.8194
vt 0.5499 0.0368
vt 0.0343 0.3260
vt 0.5673 0.8194
vt 0.6835 0.6549
vt 0.7250 0.4905
vt 0.7372 0.4421
vt 0.0410 0.6549
vt 0.3329 0.6549
vt 0.3313 0.4905
vt 0.0383 0.4905
vt 0.0918 0.1616
vt 0.3281 0.1616
vt 0.3268 0.0368
vt 0.2194 0.0368
vt 0.3308 0.4421
vt 0.0372 0.4421
vt 0.3297 0.3260
vt 0.6982 0.3260
vt 0.6421 0.1616
vt 0.3362 0.9839
vt 0.3346 0.8194
vt 0.1011 0.8194
vt 0.5499 0.0368
vt 0.0343 0.3260
vt 0.5673 0.8194
vt 0.6835 0.6549
vt 0.7250 0.4905
vt 0.7372 0.4421
vt 0.0410 0.6549
vt 0.0383 0.4905
vt 0.3313 0.4905
vt 0.3329 0.6549
vt 0.0918 0.1616
vt 0.2194 0.0368
vt 0.3268 0.0368
vt 0.3281 0.1616
vt 0.0372 0.4421
vt 0.3308 0.4421
vt 0.3297 0.3260
vt 0.6421 0.1616
vt 0.6982 0.3260
vt 0.3362 0.9839
vt 0.1011 0.8194
vt 0.3346 0.8194
vt 0.5499 0.0368
vt 0.0343 0.3260
vt 0.6835 0.6549
vt 0.5673 0.8194
vt 0.7372 0.4421
vt 0.7250 0.4905
vt 0.0410 0.6549
vt 0.3329 0.6549
vt 0.3313 0.4905
vt 0.0383 0.4905
vt 0.0918 0.1616
vt 0.3281 0.1616
vt 0.3268 0.0368
vt 0.2194 0.0368
vt 0.3308 0.4421
vt 0.0372 0.4421
vt 0.3297 0.3260
vt 0.6982 0.3260
vt 0.6421 0.1616
vt 0.3362 0.9839
vt 0.3346 0.8194
vt 0.1011 0.8194
vt 0.5499 0.0368
vt 0.0343 0.3260
vt 0.5673 0.8194
vt 0.6835 0.6549
vt 0.7250 0.4905
vt 0.7372 0.4421
vt 0.0410 0.6549
vt 0.3329 0.6549
vt 0.3313 0.4905
vt 0.0383 0.4905
vt 0.0918 0.1616
vt 0.3281 0.1616
vt 0.3268 0.0368
vt 0.2194 0.0368
vt 0.3308 0.4421
vt 0.0372 0.4421
vt 0.3297 0.3260
vt 0.6982 0.3260
vt 0.6421 0.1616
vt 0.3362 0.9839
vt 0.3346 0.8194
vt 0.1011 0.8194
vt 0.5499 0.0368
vt 0.0343 0.3260
vt 0.5673 0.8194
vt 0.6835 0.6549
vt 0.7250 0.4905
vt 0.7372 0.4421
vt 0.0410 0.6549
vt 0.3329 0.6549
vt 0.3313 0.4905
vt 0.0383 0.4905
vt 0.0918 0.1616
vt 0.3281 0.1616
vt 0.3268 0.0368
vt 0.2194 0.0368
vt 0.3308 0.4421
vt 0.0372 0.4421
vt 0.3297 0.3260
vt 0.6982 0.3260
vt 0.6421 0.1616
vt 0.3362 0.9839
vt 0.3346 0.8194
vt 0.1011 0.8194
vt 0.5499 0.0368
vt 0.0343 0.3260
vt 0.5673 0.8194
vt 0.6835 0.6549
vt 0.7250 0.4905
vt 0.7372 0.4421
vt 0.0410 0.6549
vt 0.3329 0.6549
vt 0.3313 0.4905
vt 0.0383 0.4905
vt 0.0918 0.1616
vt 0.3281 0.1616
vt 0.3268 0.0368
vt 0.2194 0.0368
vt 0.3308 0.4421
vt 0.0372 0.4421
vt 0.3297 0.3260
vt 0.6982 0.3260
vt 0.6421 0.1616
vt 0.3362 0.9839
vt 0.3346 0.8194
vt 0.1011 0.8194
vt 0.5499 0.0368
vt 0.0343 0.3260
vt 0.5673 0.8194
vt 0.6835 0.6549
vt 0.7250 0.4905
vt 0.7372 0.4421
vt 0.0410 0.6549
vt 0.0383 0.4905
vt 0.3313 0.4905
vt 0.3329 0.6549
vt 0.0918 0.1616
vt 0.2194 0.0368
vt 0.3268 0.0368
vt 0.3281 0.1616
vt 0.0372 0.4421
vt 0.3308 0.4421
vt 0.3297 0.3260
vt 0.6421 0.1616
vt 0.6982 0.3260
vt 0.3362 0.9839
vt 0.1011 0.8194
vt 0.3346 0.8194
vt 0.5499 0.0368
vt 0.0343 0.3260
vt 0.6835 0.6549
vt 0.5673 0.8194
vt 0.7372 0.4421
vt 0.7250 0.4905
vt 0.0410 0.6549
vt 0.3329 0.6549
vt 0.3313 0.4905
vt 0.0383 0.4905
vt 0.0918 0.1616
vt 0.3281 0.1616
vt 0.3268 0.0368
vt 0.2194 0.0368
vt 0.3308 0.4421
vt 0.0372 0.4421
vt 0.3297 0.3260
vt 0.6982 0.3260
vt 0.6421 0.1616
vt 0.3362 0.9839
vt 0.3346 0.8194
vt 0.1011 0.8194
vt 0.5499 0.0368
vt 0.0343 0.3260
vt 0.5673 0.8194
vt 0.6835 0.6549
vt 0.7250 0.4905
vt 0.7372 0.4421
vt 0.0410 0.6549
vt 0.3329 0.6549
vt 0.3313 0.4905
vt 0.0383 0.4905
vt 0.0918 0.1616
vt 0.3281 0.1616
vt 0.3268 0.0368
vt 0.2194 0.0368
vt 0.3308 0.4421
vt 0.0372 0.4421
vt 0.3297 0.3260
vt 0.6982 0.3260
vt 0.6421 0.1616
vt 0.3362 0.9839
vt 0.3346 0.8194
vt 0.1011 0.8194
vt 0.5499 0.0368
vt 0.0343 0.3260
vt 0.5673 0.8194
vt 0.6835 0.6549
vt 0.7250 0.4905
vt 0.7372 0.4421
vt 0.0410 0.6549
vt 0.3329 0.6549
vt 0.3313 0.4905
vt 0.0383 0.4905
vt 0.0918 0.1616
vt 0.3281 0.1616
vt 0.3268 0.0368
vt 0.2194 0.0368
vt 0.3308 0.4421
vt 0.0372 0.4421
vt 0.3297 0.3260
vt 0.6982 0.3260
vt 0.6421 0.1616
vt 0.3362 0.9839
vt 0.3346 0.8194
vt 0.1011 0.8194
vt 0.5499 0.0368
vt 0.0343 0.3260
vt 0.5673 0.8194
vt 0.6835 0.6549
vt 0.7250 0.4905
vt 0.7372 0.4421
vt 0.0410 0.6549
vt 0.3329 0.6549
vt 0.3313 0.4905
vt 0.0383 0.4905
vt 0.0918 0.1616
vt 0.3281 0.1616
vt 0.3268 0.0368
vt 0.2194 0.0368
vt 0.3308 0.4421
vt 0.0372 0.4421
vt 0.3297 0.3260
vt 0.6982 0.3260
vt 0.6421 0.1616
vt 0.3362 0.9839
vt 0.3346 0.8194
vt 0.1011 0.8194
vt 0.5499 0.0368
vt 0.0343 0.3260
vt 0.5673 0.8194
vt 0.6835 0.6549
vt 0.7250 0.4905
vt 0.7372 0.4421
vt 0.0410 0.6549
vt 0.0383 0.4905
vt 0.3313 0.4905
vt 0.3329 0.6549
vt 0.0918 0.1616
vt 0.2194 0.0368
vt 0.3268 0.0368
vt 0.3281 0.1616
vt 0.0372 0.4421
vt 0.3308 0.4421
vt 0.3297 0.3260
vt 0.6421 0.1616
vt 0.6982 0.3260
vt 0.3362 0.9839
vt 0.1011 0.8194
vt 0.3346 0.8194
vt 0.5499 0.0368
vt 0.0343 0.3260
vt 0.6835 0.6549
vt 0.5673 0.8194
vt 0.7372 0.4421
vt 0.7250 0.4905
vt 0.0410 0.6549
vt 0.3329 0.6549
vt 0.3313 0.4905
vt 0.0383 0.4905
vt 0.0918 0.1616
vt 0.3281 0.1616
vt 0.3268 0.0368
vt 0.2194 0.0368
vt 0.3308 0.4421
vt 0.0372 0.4421
vt 0.3297 0.3260
vt 0.6982 0.3260
vt 0.6421 0.1616
vt 0.3362 0.9839
vt 0.3346 0.8194
vt 0.1011 0.8194
vt 0.5499 0.0368
vt 0.0343 0.3260
vt 0.5673 0.8194
vt 0.6835 0.6549
vt 0.7250 0.4905
vt 0.7372 0.4421
vt 0.0410 0.6549
vt 0.3329 0.6549
vt 0.3313 0.4905
vt 0.0383 0.4905
vt 0.0918 0.1616
vt 0.3281 0.1616
vt 0.3268 0.0368
vt 0.2194 0.0368
vt 0.3308 0.4421
vt 0.0372 0.4421
vt 0.3297 0.3260
vt 0.6982 0.3260
vt 0.6421 0.1616
vt 0.3362 0.9839
vt 0.3346 0.8194
vt 0.1011 0.8194
vt 0.5499 0.0368
vt 0.0343 0.3260
vt 0.5673 0.8194
vt 0.6835 0.6549
vt 0.7250 0.4905
vt 0.7372 0.4421
vt 0.0410 0.6549
vt 0.3329 0.6549
vt 0.3313 0.4905
vt 0.0383 0.4905
vt 0.0918 0.1616
vt 0.3281 0.1616
vt 0.3268 0.0368
vt 0.2194 0.0368
vt 0.3308 0.4421
vt 0.0372 0.4421
vt 0.3297 0.3260
vt 0.6982 0.3260
vt 0.6421 0.1616
vt 0.3362 0.9839
vt 0.3346 0.8194
vt 0.1011 0.8194
vt 0.5499 0.0368
vt 0.0343 0.3260
vt 0.5673 0.8194
vt 0.6835 0.6549
vt 0.7250 0.4905
vt 0.7372 0.4421
vt 0.0410 0.6549
vt 0.3329 0.6549
vt 0.3313 0.4905
vt 0.0383 0.4905
vt 0.0918 0.1616
vt 0.3281 0.1616
vt 0.3268 0.0368
vt 0.2194 0.0368
vt 0.3308 0.4421
vt 0.0372 0.4421
vt 0.3297 0.3260
vt 0.6982 0.3260
vt 0.6421 0.1616
vt 0.3362 0.9839
vt 0.3346 0.8194
vt 0.1011 0.8194
vt 0.5499 0.0368
vt 0.0343 0.3260
vt 0.5673 0.8194
vt 0.6835 0.6549
vt 0.7250 0.4905
vt 0.7372 0.4421
vt 0.0410 0.6549
vt 0.0383 0.4905
vt 0.3313 0.4905
vt 0.3329 0.6549
vt 0.0918 0.1616
vt 0.2194 0.0368
vt 0.3268 0.0368
vt 0.3281 0.1616
vt 0.0372 0.4421
vt 0.3308 0.4421
vt 0.3297 0.3260
vt 0.6421 0.1616
vt 0.6982 0.3260
vt 0.3362 0.9839
vt 0.1011 0.8194
vt 0.3346 0.8194
vt 0.5499 0.0368
vt 0.0343 0.3260
vt 0.6835 0.6549
vt 0.5673 0.8194
vt 0.7372 0.4421
vt 0.7250 0.4905
vt 0.0410 0.6549
vt 0.3329 0.6549
vt 0.3313 0.4905
vt 0.0383 0.4905
vt 0.0918 0.1616
vt 0.3281 0.1616
vt 0.3268 0.0368
vt 0.2194 0.0368
vt 0.3308 0.4421
vt 0.0372 0.4421
vt 0.3297 0.3260
vt 0.6982 0.3260
vt 0.6421 0.1616
vt 0.3362 0.9839
vt 0.3346 0.8194
vt 0.1011 0.8194
vt 0.5499 0.0368
vt 0.0343 0.3260
vt 0.5673 0.8194
vt 0.6835 0.6549
vt 0.7250 0.4905
vt 0.7372 0.4421
vt 0.0410 0.6549
vt 0.3329 0.6549
vt 0.3313 0.4905
vt 0.0383 0.4905
vt 0.0918 0.1616
vt 0.3281 0.1616
vt 0.3268 0.0368
vt 0.2194 0.0368
vt 0.3308 0.4421
vt 0.0372 0.4421
vt 0.3297 0.3260
vt 0.6982 0.3260
vt 0.6421 0.1616
vt 0.3362 0.9839
vt 0.3346 0.8194
vt 0.1011 0.8194
vt 0.5499 0.0368
vt 0.0343 0.3260
vt 0.5673 0.8194
vt 0.6835 0.6549
vt 0.7250 0.4905
vt 0.7372 0.4421
vt 0.0410 0.6549
vt 0.3329 0.6549
vt 0.3313 0.4905
vt 0.0383 0.4905
vt 0.0918 0.1616
vt 0.3281 0.1616
vt 0.3268 0.0368
vt 0.2194 0.0368
vt 0.3308 0.4421
vt 0.0372 0.4421
vt 0.3297 0.3260
vt 0.6982 0.3260
vt 0.6421 0.1616
vt 0.3362 0.9839
vt 0.3346 0.8194
vt 0.1011 0.8194
vt 0.5499 0.0368
vt 0.0343 0.3260
vt 0.5673 0.8194
vt 0.6835 0.6549
vt 0.7250 0.4905
vt 0.7372 0.4421
vt 0.0410 0.6549
vt 0.3329 0.6549
vt 0.3313 0.4905
vt 0.0383 0.4905
vt 0.0918 0.1616
vt 0.3281 0.1616
vt 0.3268 0.0368
vt 0.2194 0.0368
vt 0.3308 0.4421
vt 0.0372 0.4421
vt 0.3297 0.3260
vt 0.6982 0.3260
vt 0.6421 0.1616
vt 0.3362 0.9839
vt 0.3346 0.8194
vt 0.1011 0.8194
vt 0.5499 0.0368
vt 0.0343 0.3260
vt 0.5673 0.8194
vt 0.6835 0.6549
vt 0.7250 0.4905
vt 0.7372 0.4421
vt 0.0410 0.6549
vt 0.0383 0.4905
vt 0.3313 0.4905
vt 0.3329 0.6549
vt 0.0918 0.1616
vt 0.2194 0.0368
vt 0.3268 0.0368
vt 0.3281 0.1616
vt 0.0372 0.4421
vt 0.3308 0.4421
vt 0.3297 0.3260
vt 0.6421 0.1616
vt 0.6982 0.3260
vt 0.3362 0.9839
vt 0.1011 0.8194
vt 0.3346 0.8194
vt 0.5499 0.0368
vt 0.0343 0.3260
vt 0.6835 0.6549
vt 0.5673 0.8194
vt 0.7372 0.4421
vt 0.7250 0.4905
vt 0.0410 0.6549
vt 0.3329 0.6549
vt 0.3313 0.4905
vt 0.0383 0.4905
vt 0.0918 0.1616
vt 0.3281 0.1616
vt 0.3268 0.0368
vt 0.2194 0.0368
vt 0.3308 0.4421
vt 0.0372 0.4421
vt 0.3297 0.3260
vt 0.6982 0.3260
vt 0.6421 0.1616
vt 0.3362 0.9839
vt 0.3346 0.8194
vt 0.1011 0.8194
vt 0.5499 0.0368
vt 0.0343 0.3260
vt 0.5673 0.8194
vt 0.6835 0.6549
vt 0.7250 0.4905
vt 0.7372 0.4421
vt 0.0410 0.6549
vt 0.3329 0.6549
vt 0.3313 0.4905
vt 0.0383 0.4905
vt 0.0918 0.1616
vt 0.3281 0.1616
vt 0.3268 0.0368
vt 0.2194 0.0368
vt 0.3308 0.4421
vt 0.0372 0.4421
vt 0.3297 0.3260
vt 0.6982 0.3260
vt 0.6421 0.1616
vt 0.3362 0.9839
vt 0.3346 0.8194
vt 0.1011 0.8194
vt 0.5499 0.0368
vt 0.0343 0.3260
vt 0.5673 0.8194
vt 0.6835 0.6549
vt 0.7250 0.4905
vt 0.7372 0.4421
vt 0.0410 0.6549
vt 0.3329 0.6549
vt 0.3313 0.4905
vt 0.0383 0.4905
vt 0.0918 0.1616
vt 0.3281 0.1616
vt 0.3268 0.0368
vt 0.2194 0.0368
vt 0.3308 0.4421
vt 0.0372 0.4421
vt 0.3297 0.3260
vt 0.6982 0.3260
vt 0.6421 0.1616
vt 0.3362 0.9839
vt 0.3346 0.8194
vt 0.1011 0.8194
vt 0.5499 0.0368
vt 0.0343 0.3260
vt 0.5673 0.8194
vt 0.6835 0.6549
vt 0.7250 0.4905
vt 0.7372 0.4421
vt 0.0410 0.6549
vt 0.3329 0.6549
vt 0.3313 0.4905
vt 0.0383 0.4905
vt 0.0918 0.1616
vt 0.3281 0.1616
vt 0.3268 0.0368
vt 0.2194 0.0368
vt 0.3308 0.4421
vt 0.0372 0.4421
vt 0.3297 0.3260
vt 0.6982 0.3260
vt 0.6421 0.1616
vt 0.3362 0.9839
vt 0.3346 0.8194
vt 0.1011 0.8194
vt 0.5499 0.0368
vt 0.0343 0.3260
vt 0.5673 0.8194
vt 0.6835 0.6549
vt 0.7250 0.4905
vt 0.7372 0.4421
vt 0.0410 0.6549
vt 0.0383 0.4905
vt 0.3313 0.4905
vt 0.3329 0.6549
vt 0.0918 0.1616
vt 0.2194 0.0368
vt 0.3268 0.0368
vt 0.3281 0.1616
vt 0.0372 0.4421
vt 0.3308 0.4421
vt 0.3297 0.3260
vt 0.6421 0.1616
vt 0.6982 0.3260
vt 0.3362 0.9839
vt 0.1011 0.8194
vt 0.3346 0.8194
vt 0.5499 0.0368
vt 0.0343 0.3260
vt 0.6835 0.6549
vt 0.5673 0.8194
vt 0.7372 0.4421
vt 0.7250 0.4905
vn 0.5522 -0.3580 0.7529
vn 0.5300 -0.3521 0.7714
vn 0.5877 -0.0670 0.8063
vn 0.2557 -0.7812 0.5695
vn 0.2532 -0.7620 0.5960
vn 0.1151 -0.7041 0.7007
vn 0.3279 -0.3206 0.8887
vn 0.4890 -0.0736 0.8692
vn 0.5822 -0.0741 0.8096
vn -0.0348 -0.2405 0.9700
vn -0.1737 -0.5372 0.8254
vn -0.1673 -0.1914 0.9671
vn 0.2722 -0.0646 0.9601
vn 0.6535 -0.5474 0.5227
vn 0.6341 -0.5666 0.5262
vn 0.0799 -0.3949 0.9152
vn 0.8648 -0.4696 -0.1778
vn 0.8590 -0.4845 -0.1657
vn 0.7960 -0.5650 -0.2171
vn 0.4634 -0.7426 0.4835
vn -0.0041 -0.4639 0.8859
vn 0.0898 -0.4048 0.9100
vn -0.0813 -0.9733 0.2148
vn 0.5343 -0.7547 -0.3807
vn -0.3665 -0.9276 0.0730
vn -0.2520 -0.5787 0.7756
vn 0.9013 -0.3490 0.2567
vn 0.9093 -0.3486 0.2272
vn 0.6753 -0.7180 -0.1683
vn 0.9172 -0.0756 0.3912
vn 0.9230 -0.0821 0.3758
vn 0.9596 -0.0783 0.2702
vn 0.9509 -0.3095 0.0032
vn 0.7229 -0.6267 -0.2910
vn 0.6922 -0.7037 -0.1604
vn 0.9173 -0.2098 -0.3385
vn 0.9982 -0.0584 0.0119
vn 0.8657 -0.1704 -0.4707
vn 0.7264 -0.4667 -0.5045
vn 0.8515 -0.1957 0.4864
vn 0.8525 -0.1828 0.4898
vn 0.9980 -0.0583 0.0239
vn 0.4337 -0.2477 0.8663
vn 0.4504 -0.2401 0.8599
vn 0.4641 -0.1826 0.8668
vn 0.8325 -0.0893 0.5468
vn 0.9947 -0.0181 0.1014
vn 0.9974 -0.0598 0.0405
vn 0.7691 0.0657 0.6358
vn 0.4739 -0.0569 0.8787
vn 0.7434 0.1366 0.6547
vn 0.9727 0.0736 0.2203
vn 0.6193 -0.3340 0.7106
vn 0.6033 -0.3469 0.7181
vn 0.1078 -0.2133 0.9710
vn 0.9128 -0.3817 0.1449
vn 0.9056 -0.3914 0.1635
vn 0.8678 -0.4690 0.1643
vn 0.4829 -0.4717 0.7378
vn 0.0527 -0.2707 0.9612
vn 0.1183 -0.2204 0.9682
vn 0.1336 -0.7257 0.6749
vn 0.7114 -0.6901 0.1329
vn -0.1076 -0.7977 0.5934
vn -0.1196 -0.3811 0.9168
vn 0.8474 -0.2653 0.4599
vn 0.8562 -0.2736 0.4382
vn 0.5509 -0.6368 0.5395
vn 0.9558 -0.0207 0.2933
vn 0.9576 -0.0300 0.2866
vn 0.9804 -0.0528 0.1900
vn 0.9218 -0.3128 0.2290
vn 0.6467 -0.6608 0.3809
vn 0.5704 -0.6269 0.5307
vn 0.9231 -0.3355 -0.1878
vn 0.9936 -0.0983 -0.0558
vn 0.8681 -0.3380 -0.3634
vn 0.7376 -0.6751 0.0075
vn 0.7898 -0.0873 0.6071
vn 0.7985 -0.0772 0.5970
vn 0.9889 -0.1179 0.0899
vn 0.4013 -0.0016 0.9159
vn 0.4200 0.0011 0.9075
vn 0.4677 0.0453 0.8827
vn 0.8392 0.0099 0.5437
vn 0.9930 -0.0634 0.0994
vn 0.9878 -0.1145 0.1053
vn 0.8808 0.1691 0.4423
vn 0.5633 0.1565 0.8113
vn 0.8972 0.2407 0.3703
vn 0.9962 0.0429 0.0755
vn 0.5358 -0.1045 0.8378
vn 0.5161 -0.0996 0.8507
vn 0.5573 0.1519 0.8163
vn 0.3848 -0.3878 0.8376
vn 0.3776 -0.3749 0.8467
vn 0.2672 -0.3444 0.9000
vn 0.3379 -0.0769 0.9380
vn 0.4534 0.1467 0.8791
vn 0.5516 0.1446 0.8215
vn -0.0019 -0.0367 0.9993
vn 0.0074 -0.2680 0.9634
vn -0.1438 -0.0100 0.9896
vn 0.2250 0.1500 0.9627
vn 0.7779 -0.1881 0.5995
vn 0.8416 -0.1088 0.5291
vn 0.8992 -0.1500 0.4109
vn 0.8211 -0.2728 0.5013
vn 0.6960 -0.3920 0.6017
vn 0.8151 -0.1121 0.5684
vn 0.6576 -0.0869 0.7483
vn 0.3862 -0.3491 0.8538
vn 0.9098 -0.1539 0.3855
vn 0.8412 -0.3427 0.4183
vn 0.9092 -0.1411 0.3918
vn 0.9331 0.0515 0.3560
vn 0.9089 0.1056 0.4035
vn 0.6382 -0.0354 0.7691
vn 0.7363 -0.0624 0.6738
vn 0.7273 -0.1424 0.6714
vn 0.8142 0.1566 0.5591
vn 0.8232 -0.3718 0.4290
vn 0.8226 -0.0095 0.5685
vn 0.8976 -0.0364 0.4393
vn 0.9417 -0.0297 0.3353
vn 0.9426 0.0060 0.3340
vn 0.4335 -0.2169 0.8746
vn 0.5740 -0.2578 0.7772
vn 0.4932 -0.3287 0.8054
vn 0.2996 -0.2554 0.9192
vn 0.1845 -0.0870 0.9790
vn 0.5718 -0.2242 0.7892
vn 0.6613 -0.1198 0.7405
vn 0.2709 0.0424 0.9617
vn 0.4762 -0.3383 0.8116
vn 0.2196 -0.2311 0.9478
vn 0.4725 -0.3225 0.8202
vn 0.7597 -0.4413 0.4776
vn 0.8413 -0.3904 0.3739
vn 0.7350 -0.1096 0.6691
vn 0.6787 -0.1676 0.7151
vn 0.5283 -0.1554 0.8347
vn 0.9196 -0.2699 0.2853
vn 0.1848 -0.1785 0.9664
vn 0.7454 -0.2427 0.6209
vn 0.6961 -0.3063 0.6493
vn 0.6869 -0.3878 0.6146
vn 0.7156 -0.4320 0.5489
vn 0.5631 -0.2168 0.7975
vn 0.7591 -0.1876 0.6234
vn 0.7744 -0.2829 0.5660
vn 0.4848 -0.3356 0.8077
vn 0.3301 -0.2915 0.8978
vn 0.7791 -0.1917 0.5969
vn 0.7217 -0.0794 0.6877
vn 0.2296 -0.1257 0.9651
vn 0.7955 -0.3145 0.5180
vn 0.4251 -0.4085 0.8077
vn 0.8058 -0.3086 0.5053
vn 0.9765 -0.1673 0.1359
vn 0.9854 -0.1075 0.1317
vn 0.7596 -0.0380 0.6493
vn 0.7658 -0.0928 0.6363
vn 0.6158 -0.1296 0.7772
vn 0.9790 -0.0095 0.2037
vn 0.4000 -0.3980 0.8256
vn 0.8813 -0.1090 0.4598
vn 0.9022 -0.1549 0.4025
vn 0.9423 -0.1850 0.2791
vn 0.9650 -0.1859 0.1849
vn 0.8909 0.0412 0.4522
vn 0.8072 0.0648 0.5866
vn 0.8264 0.1134 0.5516
vn 0.9313 0.0822 0.3548
vn 0.9942 -0.0155 0.1069
vn 0.8264 0.0264 0.5625
vn 0.8162 -0.0730 0.5732
vn 0.9872 -0.1515 0.0508
vn 0.8276 0.1046 0.5514
vn 0.9612 0.0743 0.2655
vn 0.8292 0.1005 0.5498
vn 0.5477 0.1251 0.8273
vn 0.4706 0.1080 0.8757
vn 0.7452 -0.0814 0.6618
vn 0.7746 -0.0199 0.6322
vn 0.8666 -0.0183 0.4987
vn 0.3953 0.0277 0.9181
vn 0.9794 0.0516 0.1952
vn 0.6898 0.0385 0.7230
vn 0.7022 0.0936 0.7058
vn 0.6693 0.1362 0.7304
vn 0.6103 0.1336 0.7808
vn 0.4143 -0.1558 0.8967
vn 0.3104 -0.1934 0.9307
vn 0.3488 -0.0801 0.9338
vn 0.4368 -0.0786 0.8961
vn 0.2858 -0.3648 0.8861
vn 0.5625 -0.4748 0.6769
vn 0.6568 -0.1401 0.7409
vn 0.4828 -0.1087 0.8690
vn 0.2700 -0.2504 0.9297
vn 0.3616 -0.0882 0.9281
vn 0.3464 -0.0864 0.9341
vn 0.5154 0.1249 0.8478
vn 0.4586 0.0919 0.8839
vn 0.7066 -0.0969 0.7009
vn 0.5333 -0.1567 0.8313
vn 0.5977 -0.0892 0.7967
vn 0.6737 0.1314 0.7272
vn 0.2285 -0.2896 0.9295
vn 0.4453 -0.0020 0.8954
vn 0.5475 -0.0155 0.8366
vn 0.4188 0.0622 0.9059
vn 0.3868 0.0313 0.9216
vn 0.9878 0.0195 0.1548
vn 0.9550 0.0782 0.2861
vn 0.9780 0.1243 0.1677
vn 0.9988 0.0424 -0.0238
vn 0.9833 -0.0376 -0.1783
vn 0.9550 0.0567 0.2912
vn 0.9207 -0.0428 0.3879
vn 0.9779 -0.1898 -0.0876
vn 0.9792 0.1350 0.1512
vn 0.9858 0.0551 -0.1589
vn 0.9744 0.1366 0.1786
vn 0.8055 0.2094 0.5544
vn 0.7263 0.1916 0.6602
vn 0.8697 -0.0456 0.4915
vn 0.9092 0.0098 0.4162
vn 0.9654 -0.0082 0.2608
vn 0.6386 0.1124 0.7612
vn 0.9797 0.0414 -0.1962
vn 0.8678 0.0819 0.4901
vn 0.9033 0.1447 0.4038
vn 0.9001 0.2011 0.3866
vn 0.8627 0.2114 0.4594
vn 0.9717 -0.1754 0.1582
vn 0.9922 -0.1034 0.0690
vn 0.9886 -0.1417 -0.0517
vn 0.9670 -0.2418 0.0797
vn 0.8432 -0.3047 0.4429
vn 0.9857 -0.1039 0.1327
vn 0.9456 -0.0453 0.3221
vn 0.6883 -0.2246 0.6898
vn 0.9865 -0.1491 -0.0677
vn 0.9503 -0.2859 0.1236
vn 0.9876 -0.1520 -0.0404
vn 0.9623 0.0013 -0.2721
vn 0.9694 0.0561 -0.2389
vn 0.9462 0.0013 0.3235
vn 0.9738 -0.0406 0.2237
vn 0.9538 -0.1233 0.2739
vn 0.9862 0.1346 -0.0963
vn 0.9214 -0.3088 0.2360
vn 0.9981 -0.0066 0.0618
vn 0.9985 -0.0385 -0.0388
vn 0.9846 -0.0426 -0.1698
vn 0.9696 -0.0250 -0.2432
vn 0.9830 -0.1082 0.1481
vn 0.9867 0.0070 0.1624
vn 0.9997 0.0095 -0.0215
vn 0.9874 -0.1452 -0.0632
vn 0.9747 -0.2230 0.0118
vn 0.9889 0.0199 0.1474
vn 0.9221 -0.0025 0.3870
vn 0.8909 -0.2825 0.3555
vn 0.9961 0.0222 -0.0857
vn 0.9696 -0.1648 -0.1808
vn 0.9963 0.0296 -0.0803
vn 0.9692 0.2455 0.0206
vn 0.9501 0.2774 0.1423
vn 0.8893 0.0299 0.4564
vn 0.9374 0.0243 0.3475
vn 0.9474 -0.0727 0.3118
vn 0.8789 0.2784 0.3873
vn 0.9701 -0.1772 -0.1659
vn 0.9577 0.1134 0.2645
vn 0.9797 0.1266 0.1553
vn 0.9838 0.1722 0.0506
vn 0.9768 0.2140 0.0077
vn 0.8158 0.1554 0.5571
vn 0.7739 0.0860 0.6274
vn 0.7067 0.1123 0.6986
vn 0.7621 0.2151 0.6106
vn 0.8804 0.3319 0.3387
vn 0.8267 0.0926 0.5550
vn 0.9272 0.0643 0.3690
vn 0.9556 0.2945 0.0086
vn 0.7201 0.1113 0.6849
vn 0.7729 0.2634 0.5773
vn 0.7263 0.1117 0.6783
vn 0.6359 -0.0585 0.7695
vn 0.6428 -0.1026 0.7591
vn 0.9264 0.0125 0.3764
vn 0.8727 0.0438 0.4863
vn 0.8824 0.1177 0.4556
vn 0.7444 -0.1638 0.6474
vn 0.8031 0.2996 0.5150
vn 0.7902 0.0003 0.6128
vn 0.7161 0.0204 0.6977
vn 0.6461 0.0110 0.7632
vn 0.6375 -0.0229 0.7701
vn 0.9411 -0.1838 0.2838
vn 0.9483 -0.2396 0.2081
vn 0.8691 -0.2115 0.4471
vn 0.8826 -0.1638 0.4406
vn 0.9646 -0.2331 -0.1232
vn 0.9562 -0.0968 -0.2764
vn 0.9579 -0.0505 0.2827
vn 0.9162 -0.1430 0.3742
vn 0.9623 -0.2574 0.0878
vn 0.8795 -0.2057 0.4291
vn 0.8752 -0.2137 0.4340
vn 0.6282 -0.0750 0.7745
vn 0.6647 -0.1133 0.7385
vn 0.9342 -0.0147 0.3564
vn 0.9551 -0.1207 0.2707
vn 0.9152 -0.0776 0.3954
vn 0.6542 0.0123 0.7562
vn 0.9619 -0.2734 0.0054
vn 0.7963 -0.1448 0.5873
vn 0.8326 -0.0928 0.5460
vn 0.6995 -0.1421 0.7004
vn 0.7371 -0.1673 0.6547
vn 0.8904 0.0205 0.4547
vn 0.9070 0.1032 0.4082
vn 0.9587 0.0753 0.2742
vn 0.9417 -0.0395 0.3342
vn 0.9040 -0.1433 0.4029
vn 0.8887 0.0950 0.4485
vn 0.7537 0.0867 0.6514
vn 0.7108 -0.1741 0.6815
vn 0.9661 0.0736 0.2476
vn 0.9658 -0.0867 0.2443
vn 0.9627 0.0854 0.2568
vn 0.9159 0.2995 0.2674
vn 0.8665 0.3638 0.3417
vn 0.7047 0.1316 0.6971
vn 0.8038 0.1267 0.5812
vn 0.8364 0.0504 0.5457
vn 0.7328 0.4003 0.5503
vn 0.9622 -0.1091 0.2497
vn 0.8493 0.2006 0.4883
vn 0.9230 0.1882 0.3355
vn 0.9532 0.2047 0.2225
vn 0.9417 0.2459 0.2298
vn 0.6648 -0.0682 0.7439
vn 0.7836 -0.0722 0.6170
vn 0.7661 -0.1387 0.6275
vn 0.5961 -0.1249 0.7932
vn 0.3687 -0.0129 0.9294
vn 0.7655 -0.0470 0.6417
vn 0.7754 0.0575 0.6289
vn 0.3145 0.1214 0.9415
vn 0.7603 -0.1487 0.6323
vn 0.5208 -0.1234 0.8447
vn 0.7504 -0.1384 0.6464
vn 0.9453 -0.1633 0.2826
vn 0.9727 -0.1187 0.1992
vn 0.8269 0.0815 0.5563
vn 0.8126 0.0193 0.5825
vn 0.6951 0.0003 0.7189
vn 0.9908 -0.0222 0.1335
vn 0.4517 -0.0891 0.8877
vn 0.8879 -0.0294 0.4591
vn 0.8790 -0.0854 0.4691
vn 0.8982 -0.1422 0.4160
vn 0.9232 -0.1650 0.3471
vn 0.7557 -0.0428 0.6536
vn 0.8775 0.0175 0.4793
vn 0.9175 -0.0548 0.3939
vn 0.7643 -0.1451 0.6283
vn 0.6410 -0.1452 0.7537
vn 0.8925 0.0177 0.4508
vn 0.8010 0.1071 0.5889
vn 0.4409 -0.0362 0.8968
vn 0.9372 -0.0742 0.3407
vn 0.7632 -0.2052 0.6128
vn 0.9415 -0.0683 0.3301
vn 0.9975 0.0707 -0.0006
vn 0.9917 0.1288 -0.0037
vn 0.8102 0.1562 0.5650
vn 0.8429 0.1034 0.5281
vn 0.7458 0.0397 0.6649
vn 0.9688 0.2347 0.0797
vn 0.7438 -0.2036 0.6366
vn 0.9356 0.1106 0.3354
vn 0.9617 0.0714 0.2646
vn 0.9893 0.0508 0.1371
vn 0.9975 0.0528 0.0459
vn 0.8844 0.2758 0.3766
vn 0.7925 0.2817 0.5410
vn 0.7786 0.3477 0.5223
vn 0.8997 0.3389 0.2750
vn 0.9730 0.2292 -0.0283
vn 0.8336 0.2417 0.4968
vn 0.8736 0.1331 0.4681
vn 0.9928 0.0854 -0.0834
vn 0.7862 0.3368 0.5182
vn 0.9272 0.3363 0.1651
vn 0.7906 0.3320 0.5144
vn 0.4854 0.2746 0.8301
vn 0.4286 0.2348 0.8724
vn 0.8210 0.1102 0.5602
vn 0.8130 0.1782 0.5543
vn 0.8908 0.2012 0.4075
vn 0.4392 0.1367 0.8879
vn 0.9475 0.3102 0.0772
vn 0.6985 0.2200 0.6809
vn 0.6675 0.2850 0.6879
vn 0.5968 0.3245 0.7338
vn 0.5391 0.3028 0.7859
vn 0.6092 -0.0229 0.7927
vn 0.5589 -0.0746 0.8259
vn 0.4974 0.0281 0.8671
vn 0.5684 0.0479 0.8214
vn 0.6574 -0.2060 0.7248
vn 0.8606 -0.2183 0.4602
vn 0.7828 0.0386 0.6211
vn 0.6283 0.0311 0.7773
vn 0.5717 -0.1274 0.8105
vn 0.5148 0.0237 0.8570
vn 0.5008 0.0220 0.8653
vn 0.4542 0.2649 0.8506
vn 0.4337 0.2152 0.8750
vn 0.7984 0.0875 0.5958
vn 0.6996 0.0002 0.7146
vn 0.7069 0.0722 0.7037
vn 0.6057 0.3203 0.7284
vn 0.5706 -0.1655 0.8044
vn 0.5109 0.1202 0.8512
vn 0.6115 0.1306 0.7804
vn 0.4267 0.1757 0.8872
vn 0.4282 0.1382 0.8931
vn 0.9077 0.0499 0.4166
vn 0.9482 0.1139 0.2966
vn 0.9778 0.0588 0.2013
vn 0.9310 -0.0305 0.3638
vn 0.8510 -0.1057 0.5144
vn 0.9326 0.1160 0.3418
vn 0.8233 0.1612 0.5442
vn 0.6443 -0.0652 0.7620
vn 0.9825 0.0516 0.1790
vn 0.9399 -0.0920 0.3287
vn 0.9823 0.0640 0.1760
vn 0.9680 0.2504 -0.0162
vn 0.9461 0.3236 -0.0112
vn 0.8044 0.2191 0.5522
vn 0.8804 0.1797 0.4389
vn 0.8750 0.0989 0.4739
vn 0.8920 0.4290 0.1424
vn 0.9286 -0.1106 0.3543
vn 0.9342 0.2231 0.2785
vn 0.9738 0.1724 0.1485
vn 0.9865 0.1603 0.0323
vn 0.9804 0.1968 0.0004
vn 0.6606 0.0411 0.7496
vn 0.7685 0.0054 0.6398
vn 0.7163 -0.0492 0.6960
vn 0.5642 0.0045 0.8256
vn 0.4122 0.1521 0.8983
vn 0.7652 0.0338 0.6429
vn 0.8274 0.1270 0.5470
vn 0.4354 0.3086 0.8457
vn 0.7054 -0.0563 0.7066
vn 0.4948 0.0204 0.8687
vn 0.7014 -0.0444 0.7114
vn 0.8896 -0.1503 0.4314
vn 0.9386 -0.1302 0.3194
vn 0.8804 0.1305 0.4560
vn 0.8409 0.0794 0.5353
vn 0.7272 0.0974 0.6795
vn 0.9840 -0.0577 0.1688
vn 0.4491 0.0638 0.8912
vn 0.8852 0.0062 0.4652
vn 0.8519 -0.0409 0.5220
vn 0.8454 -0.1017 0.5244
vn 0.8629 -0.1369 0.4864
vn 0.7585 0.0406 0.6504
vn 0.8956 0.0529 0.4417
vn 0.9022 -0.0310 0.4301
vn 0.7111 -0.0544 0.7010
vn 0.5947 -0.0231 0.8036
vn 0.9084 0.0465 0.4155
vn 0.8705 0.1633 0.4644
vn 0.4689 0.1167 0.8755
vn 0.9140 -0.0598 0.4013
vn 0.6778 -0.1069 0.7274
vn 0.9204 -0.0570 0.3867
vn 0.9992 -0.0010 -0.0402
vn 0.9942 0.0493 -0.0959
vn 0.8957 0.2031 0.3956
vn 0.9012 0.1436 0.4090
vn 0.7934 0.1199 0.5968
vn 0.9810 0.1546 -0.1174
vn 0.6599 -0.0999 0.7447
vn 0.9693 0.1037 0.2228
vn 0.9791 0.0533 0.1964
vn 0.9948 0.0085 0.1017
vn 0.9998 -0.0079 0.0181
vn 0.9604 0.2593 0.1019
vn 0.9155 0.3146 0.2507
vn 0.9141 0.3694 0.1673
vn 0.9576 0.2845 -0.0454
vn 0.9707 0.1285 -0.2031
vn 0.9326 0.2633 0.2467
vn 0.9332 0.1557 0.3240
vn 0.9918 -0.0037 -0.1276
vn 0.9174 0.3578 0.1742
vn 0.9577 0.2545 -0.1340
vn 0.9194 0.3522 0.1753
vn 0.6877 0.4342 0.5819
vn 0.6154 0.4102 0.6730
vn 0.8871 0.1583 0.4336
vn 0.9048 0.2210 0.3640
vn 0.9584 0.2018 0.2019
vn 0.5697 0.2985 0.7657
vn 0.9595 0.2141 -0.1833
vn 0.8372 0.3036 0.4548
vn 0.8366 0.3739 0.4004
vn 0.7976 0.4386 0.4142
vn 0.7454 0.4424 0.4986
vn 0.6354 0.0964 0.7661
vn 0.5583 0.0581 0.8276
vn 0.5608 0.1705 0.8102
vn 0.6392 0.1750 0.7489
vn 0.5765 -0.0797 0.8132
vn 0.7701 -0.1541 0.6190
vn 0.8246 0.1071 0.5555
vn 0.6844 0.1439 0.7148
vn 0.5401 0.0072 0.8416
vn 0.5747 0.1625 0.8021
vn 0.5604 0.1636 0.8119
vn 0.6550 0.4349 0.6179
vn 0.6097 0.3869 0.6918
vn 0.8601 0.1465 0.4887
vn 0.7313 0.0961 0.6753
vn 0.7766 0.1622 0.6088
vn 0.8028 0.4311 0.4119
vn 0.5179 -0.0264 0.8550
vn 0.6281 0.2630 0.7323
vn 0.7250 0.2467 0.6431
vn 0.5804 0.3448 0.7378
vn 0.5598 0.3027 0.7714
vn 0.9053 0.1118 0.4098
vn 0.9612 0.1402 0.2375
vn 0.9749 0.0689 0.2117
vn 0.8968 0.0272 0.4417
vn 0.7761 -0.0035 0.6306
vn 0.9490 0.1535 0.2753
vn 0.8741 0.2524 0.4150
vn 0.5863 0.0921 0.8048
vn 0.9781 0.0575 0.1999
vn 0.8823 -0.0340 0.4694
vn 0.9805 0.0677 0.1843
vn 0.9687 0.1803 -0.1708
vn 0.9422 0.2377 -0.2360
vn 0.8785 0.3129 0.3609
vn 0.9250 0.2385 0.2958
vn 0.8945 0.1720 0.4126
vn 0.9081 0.3574 -0.2183
vn 0.8610 -0.0441 0.5067
vn 0.9670 0.2322 0.1045
vn 0.9868 0.1553 0.0461
vn 0.9922 0.1181 -0.0406
vn 0.9845 0.1411 -0.1043
vn 0.6629 0.1932 0.7233
vn 0.7497 0.1269 0.6495
vn 0.6677 0.0900 0.7390
vn 0.5442 0.1784 0.8198
vn 0.4667 0.3793 0.7990
vn 0.7618 0.1552 0.6289
vn 0.8643 0.2196 0.4526
vn 0.5760 0.5651 0.5906
vn 0.6527 0.0860 0.7527
vn 0.4814 0.2091 0.8512
vn 0.6553 0.0984 0.7489
vn 0.7976 -0.0597 0.6002
vn 0.8656 -0.0684 0.4961
vn 0.9104 0.1969 0.3638
vn 0.8559 0.1700 0.4884
vn 0.7589 0.2300 0.6092
vn 0.9519 -0.0404 0.3036
vn 0.4572 0.2661 0.8486
vn 0.8651 0.0837 0.4945
vn 0.8093 0.0549 0.5849
vn 0.7720 0.0021 0.6356
vn 0.7738 -0.0362 0.6324
vn 0.7589 0.1639 0.6303
vn 0.8951 0.1208 0.4292
vn 0.8659 0.0421 0.4984
vn 0.6595 0.0865 0.7467
vn 0.5597 0.1439 0.8161
vn 0.9046 0.1085 0.4122
vn 0.9129 0.2304 0.3371
vn 0.5085 0.3232 0.7981
vn 0.8659 0.0101 0.5001
vn 0.5973 0.0456 0.8007
vn 0.8742 0.0092 0.4854
vn 0.9973 -0.0370 0.0642
vn 0.9993 -0.0048 -0.0373
vn 0.9411 0.2475 0.2305
vn 0.9313 0.1963 0.3067
vn 0.8312 0.2274 0.5074
vn 0.9835 0.0805 -0.1619
vn 0.5832 0.0561 0.8104
vn 0.9765 0.1134 0.1832
vn 0.9750 0.0630 0.2132
vn 0.9840 0.0026 0.1780
vn 0.9920 -0.0302 0.1226
vn 0.9728 0.2160 -0.0832
vn 0.9532 0.3018 -0.0172
vn 0.9367 0.3205 -0.1411
vn 0.9533 0.2000 -0.2265
vn 0.9768 0.0408 -0.2103
vn 0.9656 0.2578 0.0338
vn 0.9585 0.1847 0.2174
vn 0.9982 -0.0584 -0.0106
vn 0.9414 0.3136 -0.1242
vn 0.9501 0.1570 -0.2695
vn 0.9436 0.3096 -0.1177
vn 0.8280 0.5430 0.1400
vn 0.7763 0.5733 0.2620
vn 0.9244 0.2169 0.3138
vn 0.9497 0.2545 0.1825
vn 0.9792 0.1936 0.0609
vn 0.7076 0.4974 0.5018
vn 0.9551 0.1149 -0.2730
vn 0.9167 0.3598 0.1736
vn 0.9142 0.4026 0.0453
vn 0.8858 0.4638 -0.0152
vn 0.8607 0.5064 0.0534
vn 0.6692 0.2575 0.6970
vn 0.5689 0.2365 0.7877
vn 0.6360 0.3607 0.6822
vn 0.7158 0.3397 0.6101
vn 0.5102 0.0920 0.8551
vn 0.6664 -0.0202 0.7454
vn 0.8534 0.2026 0.4803
vn 0.7428 0.2917 0.6027
vn 0.5210 0.1862 0.8330
vn 0.6456 0.3473 0.6801
vn 0.6318 0.3530 0.6901
vn 0.8064 0.5651 0.1744
vn 0.7685 0.5589 0.3115
vn 0.8992 0.2214 0.3775
vn 0.7622 0.2273 0.6062
vn 0.8349 0.2743 0.4772
vn 0.8897 0.4565 -0.0087
vn 0.4795 0.1556 0.8636
vn 0.7470 0.4357 0.5021
vn 0.8243 0.3763 0.4229
vn 0.7336 0.5380 0.4151
vn 0.6999 0.5062 0.5039
vn 0.4843 0.2710 0.8319
vn 0.6095 0.1983 0.7675
vn 0.5062 0.1530 0.8487
vn 0.3081 0.2393 0.9208
vn 0.1013 0.3244 0.9405
vn 0.6143 0.2222 0.7571
vn 0.7013 0.3363 0.6286
vn 0.1084 0.5586 0.8223
vn 0.4924 0.1422 0.8587
vn 0.1717 0.2148 0.9614
vn 0.5164 0.1404 0.8447
vn 0.7973 0.0460 0.6018
vn 0.8679 0.0448 0.4947
vn 0.7874 0.3239 0.5245
vn 0.7238 0.2665 0.6365
vn 0.5850 0.3024 0.7526
vn 0.9389 0.0936 0.3312
vn 0.1253 0.2264 0.9659
vn 0.7740 0.1761 0.6082
vn 0.7005 0.1215 0.7032
vn 0.6807 0.0703 0.7292
vn 0.7320 0.0550 0.6791
vn 0.4346 0.5533 0.7107
vn 0.3586 0.4386 0.8240
vn 0.1901 0.4881 0.8518
vn 0.2946 0.6643 0.6870
vn 0.6741 0.7005 0.2341
vn 0.4325 0.4404 0.7868
vn 0.6412 0.3468 0.6846
vn 0.8749 0.4826 0.0413
vn 0.1647 0.4975 0.8517
vn 0.3201 0.7393 0.5924
vn 0.1976 0.5055 0.8399
vn 0.0185 0.2632 0.9646
vn 0.0872 0.2051 0.9748
vn 0.6438 0.2862 0.7097
vn 0.5452 0.3472 0.7631
vn 0.5830 0.4633 0.6674
vn 0.2641 0.1356 0.9549
vn 0.4492 0.7678 0.4569
vn 0.3834 0.3031 0.8724
vn 0.2613 0.3399 0.9034
vn 0.1081 0.3320 0.9371
vn 0.0343 0.2993 0.9535
vn 0.4487 0.4468 0.7740
vn 0.4901 0.2864 0.8233
vn 0.2995 0.2792 0.9123
vn 0.1730 0.4921 0.8531
vn 0.2167 0.6271 0.7482
vn 0.4770 0.2705 0.8363
vn 0.6998 0.2849 0.6550
vn 0.6057 0.6999 0.3786
vn 0.2355 0.2593 0.9367
vn 0.0062 0.5021 0.8648
vn 0.2441 0.2509 0.9367
vn 0.3910 0.0393 0.9195
vn 0.4909 0.0143 0.8711
vn 0.7546 0.2379 0.6116
vn 0.6646 0.2560 0.7020
vn 0.6293 0.3855 0.6748
vn 0.6719 0.0049 0.7406
vn 0.0150 0.5239 0.8517
vn 0.5902 0.1616 0.7909
vn 0.4955 0.1507 0.8554
vn 0.4073 0.1052 0.9072
vn 0.3759 0.0660 0.9243
vn 0.8091 0.0943 0.5800
vn 0.8676 0.1501 0.4740
vn 0.9056 0.1094 0.4099
vn 0.8326 0.0330 0.5529
vn 0.6322 -0.0335 0.7741
vn 0.8187 0.1558 0.5526
vn 0.6807 0.2080 0.7024
vn 0.3869 -0.0007 0.9221
vn 0.8980 0.1134 0.4252
vn 0.8019 -0.0023 0.5975
vn 0.8940 0.1145 0.4332
vn 0.9517 0.2628 0.1591
vn 0.9418 0.3144 0.1194
vn 0.6901 0.2677 0.6724
vn 0.7761 0.2181 0.5917
vn 0.7433 0.1432 0.6535
vn 0.8805 0.4307 0.1980
vn 0.7551 -0.0233 0.6552
vn 0.8699 0.2445 0.4284
vn 0.9178 0.2019 0.3419
vn 0.9505 0.1925 0.2438
vn 0.9538 0.2252 0.1987
vn 0.5768 0.5572 0.5974
vn 0.4626 0.6579 0.5943
vn 0.7285 0.5654 0.3868
vn 0.7366 0.4968 0.4590
vn 0.0229 0.6202 0.7841
vn -0.0581 0.3859 0.9207
vn 0.6029 0.3571 0.7134
vn 0.6801 0.4798 0.5543
vn 0.2938 0.6909 0.6606
vn 0.7148 0.5619 0.4163
vn 0.7163 0.5726 0.3989
vn 0.9515 0.2784 0.1311
vn 0.9323 0.3348 0.1365
vn 0.6733 0.3034 0.6742
vn 0.5803 0.4597 0.6723
vn 0.7071 0.3820 0.5950
vn 0.9474 0.1933 0.2551
vn 0.1662 0.7100 0.6843
vn 0.8504 0.4285 0.3053
vn 0.8281 0.3728 0.4187
vn 0.9108 0.3832 0.1532
vn 0.8832 0.4319 0.1826
vn 0.8653 0.3408 0.3677
vn 0.9057 0.3910 0.1638
vn 0.9460 0.2981 0.1274
vn 0.8932 0.2343 0.3839
vn 0.7932 0.1768 0.5828
vn 0.8883 0.4073 0.2121
vn 0.7427 0.5312 0.4076
vn 0.5454 0.2399 0.8031
vn 0.9521 0.2841 0.1131
vn 0.9021 0.1636 0.3993
vn 0.9501 0.2971 0.0955
vn 0.8383 0.4285 -0.3370
vn 0.7549 0.4966 -0.4283
vn 0.6963 0.6273 0.3488
vn 0.8121 0.5271 0.2503
vn 0.8215 0.4200 0.3857
vn 0.6086 0.6642 -0.4342
vn 0.8871 0.1494 0.4368
vn 0.8511 0.5249 -0.0027
vn 0.9083 0.4121 -0.0723
vn 0.9182 0.3571 -0.1712
vn 0.8893 0.3827 -0.2501
vn 0.5424 0.3772 0.7507
vn 0.6899 0.3206 0.6490
vn 0.6297 0.2568 0.7332
vn 0.4276 0.3250 0.8435
vn 0.1355 0.5232 0.8414
vn 0.6832 0.3592 0.6357
vn 0.7555 0.4789 0.4471
vn 0.0253 0.7835 0.6209
vn 0.6173 0.2488 0.7464
vn 0.3327 0.3411 0.8792
vn 0.6108 0.2633 0.7467
vn 0.8378 0.1225 0.5320
vn 0.8992 0.1251 0.4192
vn 0.8239 0.4604 0.3305
vn 0.7793 0.4061 0.4773
vn 0.6214 0.4564 0.6369
vn 0.9611 0.1673 0.2198
vn 0.2495 0.3961 0.8836
vn 0.8376 0.2958 0.4592
vn 0.7956 0.2488 0.5523
vn 0.7865 0.1821 0.5901
vn 0.8066 0.1422 0.5737
vn 0.6736 0.3694 0.6402
vn 0.8503 0.3502 0.3930
vn 0.8578 0.2457 0.4515
vn 0.6239 0.2509 0.7402
vn 0.4749 0.2905 0.8307
vn 0.8662 0.3362 0.3698
vn 0.8045 0.5110 0.3028
vn 0.2422 0.4781 0.8442
vn 0.8711 0.2089 0.4444
vn 0.5916 0.1925 0.7829
vn 0.8792 0.2095 0.4280
vn 0.9842 0.1736 -0.0351
vn 0.9674 0.2064 -0.1466
vn 0.8217 0.5455 0.1650
vn 0.8468 0.4652 0.2580
vn 0.7100 0.4786 0.5165
vn 0.9057 0.2994 -0.3002
vn 0.5700 0.2005 0.7968
vn 0.9295 0.3562 0.0960
vn 0.9481 0.2906 0.1288
vn 0.9720 0.2186 0.0864
vn 0.9830 0.1817 0.0265
vn 0.8385 0.4889 -0.2406
vn 0.7640 0.6226 -0.1697
vn 0.7003 0.6313 -0.3332
vn 0.7967 0.4470 -0.4067
vn 0.9071 0.2470 -0.3409
vn 0.8223 0.5607 -0.0973
vn 0.8796 0.4540 0.1425
vn 0.9827 0.1486 -0.1105
vn 0.7166 0.6246 -0.3106
vn 0.8114 0.3833 -0.4413
vn 0.7244 0.6198 -0.3017
vn 0.3326 0.9419 0.0478
vn 0.2323 0.9469 0.2221
vn 0.8264 0.4940 0.2703
vn 0.8235 0.5582 0.1011
vn 0.8824 0.4670 -0.0570
vn 0.2611 0.7990 0.5417
vn 0.8400 0.3294 -0.4312
vn 0.6903 0.7175 0.0929
vn 0.6232 0.7768 -0.0904
vn 0.4981 0.8488 -0.1772
vn 0.4175 0.9053 -0.0788
vn 0.4906 0.4599 0.7401
vn 0.3984 0.3992 0.8258
vn 0.3432 0.5781 0.7402
vn 0.4629 0.5891 0.6624
vn 0.4696 0.2221 0.8545
vn 0.7003 0.1385 0.7003
vn 0.7548 0.4508 0.4766
vn 0.5454 0.5348 0.6454
vn 0.3960 0.3271 0.8580
vn 0.3695 0.5656 0.7373
vn 0.3469 0.5664 0.7475
vn 0.2756 0.9563 0.0977
vn 0.2463 0.9243 0.2917
vn 0.7951 0.4932 0.3529
vn 0.6273 0.4540 0.6327
vn 0.6764 0.5487 0.4914
vn 0.5141 0.8411 -0.1680
vn 0.3821 0.2824 0.8799
vn 0.3906 0.7418 0.5452
vn 0.5617 0.7002 0.4406
vn 0.2365 0.8708 0.4309
vn 0.2403 0.8047 0.5429
usemtl Tree_Bark
f 1/1/1 12/12/12 2/2/2
f 2/2/2 12/12/12 13/13/13
f 2/2/2 13/13/13 3/3/3
f 3/3/3 13/13/13 14/14/14
f 3/3/3 14/14/14 4/4/4
f 4/4/4 14/14/14 15/15/15
f 4/4/4 15/15/15 5/5/5
f 5/5/5 15/15/15 16/16/16
f 5/5/5 16/16/16 6/6/6
f 6/6/6 16/16/16 17/17/17
f 6/6/6 17/17/17 7/7/7
f 7/7/7 17/17/17 18/18/18
f 7/7/7 18/18/18 8/8/8
f 8/8/8 18/18/18 19/19/19
f 8/8/8 19/19/19 9/9/9
f 9/9/9 19/19/19 20/20/20
f 9/9/9 20/20/20 10/10/10
f 10/10/10 20/20/20 21/21/21
f 10/10/10 21/21/21 11/11/11
f 11/11/11 21/21/21 22/22/22
f 12/12/12 23/23/23 13/13/13
f 13/13/13 23/23/23 24/24/24
f 13/13/13 24/24/24 14/14/14
f 14/14/14 24/24/24 25/25/25
f 14/14/14 25/25/25 15/15/15
f 15/15/15 25/25/25 26/26/26
f 15/15/15 26/26/26 16/16/16
f 16/16/16 26/26/26 27/27/27
f 16/16/16 27/27/27 17/17/17
f 17/17/17 27/27/27 28/28/28
f 17/17/17 28/28/28 18/18/18
f 18/18/18 28/28/28 29/29/29
f 18/18/18 29/29/29 19/19/19
f 19/19/19 29/29/29 30/30/30
f 19/19/19 30/30/30 20/20/20
f 20/20/20 30/30/30 31/31/31
f 20/20/20 31/31/31 21/21/21
f 21/21/21 31/31/31 32/32/32
f 21/21/21 32/32/32 22/22/22
f 22/22/22 32/32/32 33/33/33
f 23/23/23 34/34/34 24/24/24
f 24/24/24 34/34/34 35/35/35
f 24/24/24 35/35/35 25/25/25
f 25/25/25 35/35/35 36/36/36
f 25/25/25 36/36/36 26/26/26
f 26/26/26 36/36/36 37/37/37
f 26/26/26 37/37/37 27/27/27
f 27/27/27 37/37/37 38/38/38
f 27/27/27 38/38/38 28/28/28
f 28/28/28 38/38/38 39/39/39
f 28/28/28 39/39/39 29/29/29
f 29/29/29 39/39/39 40/40/40
f 29/29/29 40/40/40 30/30/30
f 30/30/30 40/40/40 41/41/41
f 30/30/30 41/41/41 31/31/31
f 31/31/31 41/41/41 42/42/42
f 31/31/31 42/42/42 32/32/32
f 32/32/32 42/42/42 43/43/43
f 32/32/32 43/43/43 33/33/33
f 33/33/33 43/43/43 44/44/44
f 34/34/34 45/45/45 35/35/35
f 35/35/35 45/45/45 46/46/46
f 35/35/35 46/46/46 36/36/36
f 36/36/36 46/46/46 47/47/47
f 36/36/36 47/47/47 37/37/37
f 37/37/37 47/47/47 48/48/48
f 37/37/37 48/48/48 38/38/38
f 38/38/38 48/48/48 49/49/49
f 38/38/38 49/49/49 39/39/39
f 39/39/39 49/49/49 50/50/50
f 39/39/39 50/50/50 40/40/40
f 40/40/40 50/50/50 51/51/51
f 40/40/40 51/51/51 41/41/41
f 41/41/41 51/51/51 52/52/52
f 41/41/41 52/52/52 42/42/42
f 42/42/42 52/52/52 53/53/53
f 42/42/42 53/53/53 43/43/43
f 43/43/43 53/53/53 54/54/54
f 43/43/43 54/54/54 44/44/44
f 44/44/44 54/54/54 55/55/55
f 45/45/45 56/56/56 46/46/46
f 46/46/46 56/56/56 57/57/57
f 46/46/46 57/57/57 47/47/47
f 47/47/47 57/57/57 58/58/58
f 47/47/47 58/58/58 48/48/48
f 48/48/48 58/58/58 59/59/59
f 48/48/48 59/59/59 49/49/49
f 49/49/49 59/59/59 60/60/60
f 49/49/49 60/60/60 50/50/50
f 50/50/50 60/60/60 61/61/61
f 50/50/50 61/61/61 51/51/51
f 51/51/51 61/61/61 62/62/62
f 51/51/51 62/62/62 52/52/52
f 52/52/52 62/62/62 63/63/63
f 52/52/52 63/63/63 53/53/53
f 53/53/53 63/63/63 64/64/64
f 53/53/53 64/64/64 54/54/54
f 54/54/54 64/64/64 65/65/65
f 54/54/54 65/65/65 55/55/55
f 55/55/55 65/65/65 66/66/66
f 56/56/56 67/67/67 57/57/57
f 57/57/57 67/67/67 68/68/68
f 57/57/57 68/68/68 58/58/58
f 58/58/58 68/68/68 69/69/69
f 58/58/58 69/69/69 59/59/59
f 59/59/59 69/69/69 70/70/70
f 59/59/59 70/70/70 60/60/60
f 60/60/60 70/70/70 71/71/71
f 60/60/60 71/71/71 61/61/61
f 61/61/61 71/71/71 72/72/72
f 61/61/61 72/72/72 62/62/62
f 62/62/62 72/72/72 73/73/73
f 62/62/62 73/73/73 63/63/63
f 63/63/63 73/73/73 74/74/74
f 63/63/63 74/74/74 64/64/64
f 64/64/64 74/74/74 75/75/75
f 64/64/64 75/75/75 65/65/65
f 65/65/65 75/75/75 76/76/76
f 65/65/65 76/76/76 66/66/66
f 66/66/66 76/76/76 77/77/77
f 67/67/67 78/78/78 68/68/68
f 68/68/68 78/78/78 79/79/79
f 68/68/68 79/79/79 69/69/69
f 69/69/69 79/79/79 80/80/80
f 69/69/69 80/80/80 70/70/70
f 70/70/70 80/80/80 81/81/81
f 70/70/70 81/81/81 71/71/71
f 71/71/71 81/81/81 82/82/82
f 71/71/71 82/82/82 72/72/72
f 72/72/72 82/82/82 83/83/83
f 72/72/72 83/83/83 73/73/73
f 73/73/73 83/83/83 84/84/84
f 73/73/73 84/84/84 74/74/74
f 74/74/74 84/84/84 85/85/85
f 74/74/74 85/85/85 75/75/75
f 75/75/75 85/85/85 86/86/86
f 75/75/75 86/86/86 76/76/76
f 76/76/76 86/86/86 87/87/87
f 76/76/76 87/87/87 77/77/77
f 77/77/77 87/87/87 88/88/88
f 78/78/78 89/89/89 79/79/79
f 79/79/79 89/89/89 90/90/90
f 79/79/79 90/90/90 80/80/80
f 80/80/80 90/90/90 91/91/91
f 80/80/80 91/91/91 81/81/81
f 81/81/81 91/91/91 92/92/92
f 81/81/81 92/92/92 82/82/82
f 82/82/82 92/92/92 93/93/93
f 82/82/82 93/93/93 83/83/83
f 83/83/83 93/93/93 94/94/94
f 83/83/83 94/94/94 84/84/84
f 84/84/84 94/94/94 95/95/95
f 84/84/84 95/95/95 85/85/85
f 85/85/85 95/95/95 96/96/96
f 85/85/85 96/96/96 86/86/86
f 86/86/86 96/96/96 97/97/97
f 86/86/86 97/97/97 87/87/87
f 87/87/87 97/97/97 98/98/98
f 87/87/87 98/98/98 88/88/88
f 88/88/88 98/98/98 99/99/99
f 89/89/89 100/100/100 90/90/90
f 90/90/90 100/100/100 101/101/101
f 90/90/90 101/101/101 91/91/91
f 91/91/91 101/101/101 102/102/102
f 91/91/91 102/102/102 92/92/92
f 92/92/92 102/102/102 103/103/103
f 92/92/92 103/103/103 93/93/93
f 93/93/93 103/103/103 104/104/104
f 93/93/93 104/104/104 94/94/94
f 94/94/94 104/104/104 105/105/105
f 94/94/94 105/105/105 95/95/95
f 95/95/95 105/105/105 106/106/106
f 95/95/95 106/106/106 96/96/96
f 96/96/96 106/106/106 107/107/107
f 96/96/96 107/107/107 97/97/97
f 97/97/97 107/107/107 108/108/108
f 97/97/97 108/108/108 98/98/98
f 98/98/98 108/108/108 109/109/109
f 98/98/98 109/109/109 99/99/99
f 99/99/99 109/109/109 110/110/110
f 100/100/100 111/111/111 101/101/101
f 101/101/101 111/111/111 112/112/112
f 101/101/101 112/112/112 102/102/102
f 102/102/102 112/112/112 113/113/113
f 102/102/102 113/113/113 103/103/103
f 103/103/103 113/113/113 114/114/114
f 103/103/103 114/114/114 104/104/104
f 104/104/104 114/114/114 115/115/115
f 104/104/104 115/115/115 105/105/105
f 105/105/105 115/115/115 116/116/116
f 105/105/105 116/116/116 106/106/106
f 106/106/106 116/116/116 117/117/117
f 106/106/106 117/117/117 107/107/107
f 107/107/107 117/117/117 118/118/118
f 107/107/107 118/118/118 108/108/108
f 108/108/108 118/118/118 119/119/119
f 108/108/108 119/119/119 109/109/109
f 109/109/109 119/119/119 120/120/120
f 109/109/109 120/120/120 110/110/110
f 110/110/110 120/120/120 121/121/121
f 111/111/111 122/122/122 112/112/112
f 112/112/112 122/122/122 123/123/123
f 112/112/112 123/123/123 113/113/113
f 113/113/113 123/123/123 124/124/124
f 113/113/113 124/124/124 114/114/114
f 114/114/114 124/124/124 125/125/125
f 114/114/114 125/125/125 115/115/115
f 115/115/115 125/125/125 126/126/126
f 115/115/115 126/126/126 116/116/116
f 116/116/116 126/126/126 127/127/127
f 116/116/116 127/127/127 117/117/117
f 117/117/117 127/127/127 128/128/128
f 117/117/117 128/128/128 118/118/118
f 118/118/118 128/128/128 129/129/129
f 118/118/118 129/129/129 119/119/119
f 119/119/119 129/129/129 130/130/130
f 119/119/119 130/130/130 120/120/120
f 120/120/120 130/130/130 131/131/131
f 120/120/120 131/131/131 121/121/121
f 121/121/121 131/131/131 132/132/132
f 122/122/122 133/133/133 123/123/123
f 123/123/123 133/133/133 134/134/134
f 123/123/123 134/134/134 124/124/124
f 124/124/124 134/134/134 135/135/135
f 124/124/124 135/135/135 125/125/125
f 125/125/125 135/135/135 136/136/136
f 125/125/125 136/136/136 126/126/126
f 126/126/126 136/136/136 137/137/137
f 126/126/126 137/137/137 127/127/127
f 127/127/127 137/137/137 138/138/138
f 127/127/127 138/138/138 128/128/128
f 128/128/128 138/138/138 139/139/139
f 128/128/128 139/139/139 129/129/129
f 129/129/129 139/139/139 140/140/140
f 129/129/129 140/140/140 130/130/130
f 130/130/130 140/140/140 141/141/141
f 130/130/130 141/141/141 131/131/131
f 131/131/131 141/141/141 142/142/142
f 131/131/131 142/142/142 132/132/132
f 132/132/132 142/142/142 143/143/143
f 133/133/133 144/144/144 134/134/134
f 134/134/134 144/144/144 145/145/145
f 134/134/134 145/145/145 135/135/135
f 135/135/135 145/145/145 146/146/146
f 135/135/135 146/146/146 136/136/136
f 136/136/136 146/146/146 147/147/147
f 136/136/136 147/147/147 137/137/137
f 137/137/137 147/147/147 148/148/148
f 137/137/137 148/148/148 138/138/138
f 138/138/138 148/148/148 149/149/149
f 138/138/138 149/149/149 139/139/139
f 139/139/139 149/149/149 150/150/150
f 139/139/139 150/150/150 140/140/140
f 140/140/140 150/150/150 151/151/151
f 140/140/140 151/151/151 141/141/141
f 141/141/141 151/151/151 152/152/152
f 141/141/141 152/152/152 142/142/142
f 142/142/142 152/152/152 153/153/153
f 142/142/142 153/153/153 143/143/143
f 143/143/143 153/153/153 154/154/154
f 144/144/144 155/155/155 145/145/145
f 145/145/145 155/155/155 156/156/156
f 145/145/145 156/156/156 146/146/146
f 146/146/146 156/156/156 157/157/157
f 146/146/146 157/157/157 147/147/147
f 147/147/147 157/157/157 158/158/158
f 147/147/147 158/158/158 148/148/148
f 148/148/148 158/158/158 159/159/159
f 148/148/148 159/159/159 149/149/149
f 149/149/149 159/159/159 160/160/160
f 149/149/149 160/160/160 150/150/150
f 150/150/150 160/160/160 161/161/161
f 150/150/150 161/161/161 151/151/151
f 151/151/151 161/161/161 162/162/162
f 151/151/151 162/162/162 152/152/152
f 152/152/152 162/162/162 163/163/163
f 152/152/152 163/163/163 153/153/153
f 153/153/153 163/163/163 164/164/164
f 153/153/153 164/164/164 154/154/154
f 154/154/154 164/164/164 165/165/165
f 155/155/155 166/166/166 156/156/156
f 156/156/156 166/166/166 167/167/167
f 156/156/156 167/167/167 157/157/157
f 157/157/157 167/167/167 168/168/168
f 157/157/157 168/168/168 158/158/158
f 158/158/158 168/168/168 169/169/169
f 158/158/158 169/169/169 159/159/159
f 159/159/159 169/169/169 170/170/170
f 159/159/159 170/170/170 160/160/160
f 160/160/160 170/170/170 171/171/171
f 160/160/160 171/171/171 161/161/161
f 161/161/161 171/171/171 172/172/172
f 161/161/161 172/172/172 162/162/162
f 162/162/162 172/172/172 173/173/173
f 162/162/162 173/173/173 163/163/163
f 163/163/163 173/173/173 174/174/174
f 163/163/163 174/174/174 164/164/164
f 164/164/164 174/174/174 175/175/175
f 164/164/164 175/175/175 165/165/165
f 165/165/165 175/175/175 176/176/176
f 166/166/166 177/177/177 167/167/167
f 167/167/167 177/177/177 178/178/178
f 167/167/167 178/178/178 168/168/168
f 168/168/168 178/178/178 179/179/179
f 168/168/168 179/179/179 169/169/169
f 169/169/169 179/179/179 180/180/180
f 169/169/169 180/180/180 170/170/170
f 170/170/170 180/180/180 181/181/181
f 170/170/170 181/181/181 171/171/171
f 171/171/171 181/181/181 182/182/182
f 171/171/171 182/182/182 172/172/172
f 172/172/172 182/182/182 183/183/183
f 172/172/172 183/183/183 173/173/173
f 173/173/173 183/183/183 184/184/184
f 173/173/173 184/184/184 174/174/174
f 174/174/174 184/184/184 185/185/185
f 174/174/174 185/185/185 175/175/175
f 175/175/175 185/185/185 186/186/186
f 175/175/175 186/186/186 176/176/176
f 176/176/176 186/186/186 187/187/187
f 177/177/177 188/188/188 178/178/178
f 178/178/178 188/188/188 189/189/189
f 178/178/178 189/189/189 179/179/179
f 179/179/179 189/189/189 190/190/190
f 179/179/179 190/190/190 180/180/180
f 180/180/180 190/190/190 191/191/191
f 180/180/180 191/191/191 181/181/181
f 181/181/181 191/191/191 192/192/192
f 181/181/181 192/192/192 182/182/182
f 182/182/182 192/192/192 193/193/193
f 182/182/182 193/193/193 183/183/183
f 183/183/183 193/193/193 194/194/194
f 183/183/183 194/194/194 184/184/184
f 184/184/184 194/194/194 195/195/195
f 184/184/184 195/195/195 185/185/185
f 185/185/185 195/195/195 196/196/196
f 185/185/185 196/196/196 186/186/186
f 186/186/186 196/196/196 197/197/197
f 186/186/186 197/197/197 187/187/187
f 187/187/187 197/197/197 198/198/198
f 188/188/188 199/199/199 189/189/189
f 189/189/189 199/199/199 200/200/200
f 189/189/189 200/200/200 190/190/190
f 190/190/190 200/200/200 201/201/201
f 190/190/190 201/201/201 191/191/191
f 191/191/191 201/201/201 202/202/202
f 191/191/191 202/202/202 192/192/192
f 192/192/192 202/202/202 203/203/203
f 192/192/192 203/203/203 193/193/193
f 193/193/193 203/203/203 204/204/204
f 193/193/193 204/204/204 194/194/194
f 194/194/194 204/204/204 205/205/205
f 194/194/194 205/205/205 195/195/195
f 195/195/195 205/205/205 206/206/206
f 195/195/195 206/206/206 196/196/196
f 196/196/196 206/206/206 207/207/207
f 196/196/196 207/207/207 197/197/197
f 197/197/197 207/207/207 208/208/208
f 197/197/197 208/208/208 198/198/198
f 198/198/198 208/208/208 209/209/209
f 199/199/199 210/210/210 200/200/200
f 200/200/200 210/210/210 211/211/211
f 200/200/200 211/211/211 201/201/201
f 201/201/201 211/211/211 212/212/212
f 201/201/201 212/212/212 202/202/202
f 202/202/202 212/212/212 213/213/213
f 202/202/202 213/213/213 203/203/203
f 203/203/203 213/213/213 214/214/214
f 203/203/203 214/214/214 204/204/204
f 204/204/204 214/214/214 215/215/215
f 204/204/204 215/215/215 205/205/205
f 205/205/205 215/215/215 216/216/216
f 205/205/205 216/216/216 206/206/206
f 206/206/206 216/216/216 217/217/217
f 206/206/206 217/217/217 207/207/207
f 207/207/207 217/217/217 218/218/218
f 207/207/207 218/218/218 208/208/208
f 208/208/208 218/218/218 219/219/219
f 208/208/208 219/219/219 209/209/209
f 209/209/209 219/219/219 220/220/220
f 210/210/210 221/221/221 211/211/211
f 211/211/211 221/221/221 222/222/222
f 211/211/211 222/222/222 212/212/212
f 212/212/212 222/222/222 223/223/223
f 212/212/212 223/223/223 213/213/213
f 213/213/213 223/223/223 224/224/224
f 213/213/213 224/224/224 214/214/214
f 214/214/214 224/224/224 225/225/225
f 214/214/214 225/225/225 215/215/215
f 215/215/215 225/225/225 226/226/226
f 215/215/215 226/226/226 216/216/216
f 216/216/216 226/226/226 227/227/227
f 216/216/216 227/227/227 217/217/217
f 217/217/217 227/227/227 228/228/228
f 217/217/217 228/228/228 218/218/218
f 218/218/218 228/228/228 229/229/229
f 218/218/218 229/229/229 219/219/219
f 219/219/219 229/229/229 230/230/230
f 219/219/219 230/230/230 220/220/220
f 220/220/220 230/230/230 231/231/231
f 221/221/221 232/232/232 222/222/222
f 222/222/222 232/232/232 233/233/233
f 222/222/222 233/233/233 223/223/223
f 223/223/223 233/233/233 234/234/234
f 223/223/223 234/234/234 224/224/224
f 224/224/224 234/234/234 235/235/235
f 224/224/224 235/235/235 225/225/225
f 225/225/225 235/235/235 236/236/236
f 225/225/225 236/236/236 226/226/226
f 226/226/226 236/236/236 237/237/237
f 226/226/226 237/237/237 227/227/227
f 227/227/227 237/237/237 238/238/238
f 227/227/227 238/238/238 228/228/228
f 228/228/228 238/238/238 239/239/239
f 228/228/228 239/239/239 229/229/229
f 229/229/229 239/239/239 240/240/240
f 229/229/229 240/240/240 230/230/230
f 230/230/230 240/240/240 241/241/241
f 230/230/230 241/241/241 231/231/231
f 231/231/231 241/241/241 242/242/242
f 232/232/232 243/243/243 233/233/233
f 233/233/233 243/243/243 244/244/244
f 233/233/233 244/244/244 234/234/234
f 234/234/234 244/244/244 245/245/245
f 234/234/234 245/245/245 235/235/235
f 235/235/235 245/245/245 246/246/246
f 235/235/235 246/246/246 236/236/236
f 236/236/236 246/246/246 247/247/247
f 236/236/236 247/247/247 237/237/237
f 237/237/237 247/247/247 248/248/248
f 237/237/237 248/248/248 238/238/238
f 238/238/238 248/248/248 249/249/249
f 238/238/238 249/249/249 239/239/239
f 239/239/239 249/249/249 250/250/250
f 239/239/239 250/250/250 240/240/240
f 240/240/240 250/250/250 251/251/251
f 240/240/240 251/251/251 241/241/241
f 241/241/241 251/251/251 252/252/252
f 241/241/241 252/252/252 242/242/242
f 242/242/242 252/252/252 253/253/253
f 243/243/243 254/254/254 244/244/244
f 244/244/244 254/254/254 255/255/255
f 244/244/244 255/255/255 245/245/245
f 245/245/245 255/255/255 256/256/256
f 245/245/245 256/256/256 246/246/246
f 246/246/246 256/256/256 257/257/257
f 246/246/246 257/257/257 247/247/247
f 247/247/247 257/257/257 258/258/258
f 247/247/247 258/258/258 248/248/248
f 248/248/248 258/258/258 259/259/259
f 248/248/248 259/259/259 249/249/249
f 249/249/249 259/259/259 260/260/260
f 249/249/249 260/260/260 250/250/250
f 250/250/250 260/260/260 261/261/261
f 250/250/250 261/261/261 251/251/251
f 251/251/251 261/261/261 262/262/262
f 251/251/251 262/262/262 252/252/252
f 252/252/252 262/262/262 263/263/263
f 252/252/252 263/263/263 253/253/253
f 253/253/253 263/263/263 264/264/264
f 254/254/254 265/265/265 255/255/255
f 255/255/255 265/265/265 266/266/266
f 255/255/255 266/266/266 256/256/256
f 256/256/256 266/266/266 267/267/267
f 256/256/256 267/267/267 257/257/257
f 257/257/257 267/267/267 268/268/268
f 257/257/257 268/268/268 258/258/258
f 258/258/258 268/268/268 269/269/269
f 258/258/258 269/269/269 259/259/259
f 259/259/259 269/269/269 270/270/270
f 259/259/259 270/270/270 260/260/260
f 260/260/260 270/270/270 271/271/271
f 260/260/260 271/271/271 261/261/261
f 261/261/261 271/271/271 272/272/272
f 261/261/261 272/272/272 262/262/262
f 262/262/262 272/272/272 273/273/273
f 262/262/262 273/273/273 263/263/263
f 263/263/263 273/273/273 274/274/274
f 263/263/263 274/274/274 264/264/264
f 264/264/264 274/274/274 275/275/275
f 265/265/265 276/276/276 266/266/266
f 266/266/266 276/276/276 277/277/277
f 266/266/266 277/277/277 267/267/267
f 267/267/267 277/277/277 278/278/278
f 267/267/267 278/278/278 268/268/268
f 268/268/268 278/278/278 279/279/279
f 268/268/268 279/279/279 269/269/269
f 269/269/269 279/279/279 280/280/280
f 269/269/269 280/280/280 270/270/270
f 270/270/270 280/280/280 281/281/281
f 270/270/270 281/281/281 271/271/271
f 271/271/271 281/281/281 282/282/282
f 271/271/271 282/282/282 272/272/272
f 272/272/272 282/282/282 283/283/283
f 272/272/272 283/283/283 273/273/273
f 273/273/273 283/283/283 284/284/284
f 273/273/273 284/284/284 274/274/274
f 274/274/274 284/284/284 285/285/285
f 274/274/274 285/285/285 275/275/275
f 275/275/275 285/285/285 286/286/286
f 276/276/276 287/287/287 277/277/277
f 277/277/277 287/287/287 288/288/288
f 277/277/277 288/288/288 278/278/278
f 278/278/278 288/288/288 289/289/289
f 278/278/278 289/289/289 279/279/279
f 279/279/279 289/289/289 290/290/290
f 279/279/279 290/290/290 280/280/280
f 280/280/280 290/290/290 291/291/291
f 280/280/280 291/291/291 281/281/281
f 281/281/281 291/291/291 292/292/292
f 281/281/281 292/292/292 282/282/282
f 282/282/282 292/292/292 293/293/293
f 282/282/282 293/293/293 283/283/283
f 283/283/283 293/293/293 294/294/294
f 283/283/283 294/294/294 284/284/284
f 284/284/284 294/294/294 295/295/295
f 284/284/284 295/295/295 285/285/285
f 285/285/285 295/295/295 296/296/296
f 285/285/285 296/296/296 286/286/286
f 286/286/286 296/296/296 297/297/297
f 287/287/287 298/298/298 288/288/288
f 288/288/288 298/298/298 299/299/299
f 288/288/288 299/299/299 289/289/289
f 289/289/289 299/299/299 300/300/300
f 289/289/289 300/300/300 290/290/290
f 290/290/290 300/300/300 301/301/301
f 290/290/290 301/301/301 291/291/291
f 291/291/291 301/301/301 302/302/302
f 291/291/291 302/302/302 292/292/292
f 292/292/292 302/302/302 303/303/303
f 292/292/292 303/303/303 293/293/293
f 293/293/293 303/303/303 304/304/304
f 293/293/293 304/304/304 294/294/294
f 294/294/294 304/304/304 305/305/305
f 294/294/294 305/305/305 295/295/295
f 295/295/295 305/305/305 306/306/306
f 295/295/295 306/306/306 296/296/296
f 296/296/296 306/306/306 307/307/307
f 296/296/296 307/307/307 297/297/297
f 297/297/297 307/307/307 308/308/308
f 298/298/298 309/309/309 299/299/299
f 299/299/299 309/309/309 310/310/310
f 299/299/299 310/310/310 300/300/300
f 300/300/300 310/310/310 311/311/311
f 300/300/300 311/311/311 301/301/301
f 301/301/301 311/311/311 312/312/312
f 301/301/301 312/312/312 302/302/302
f 302/302/302 312/312/312 313/313/313
f 302/302/302 313/313/313 303/303/303
f 303/303/303 313/313/313 314/314/314
f 303/303/303 314/314/314 304/304/304
f 304/304/304 314/314/314 315/315/315
f 304/304/304 315/315/315 305/305/305
f 305/305/305 315/315/315 316/316/316
f 305/305/305 316/316/316 306/306/306
f 306/306/306 316/316/316 317/317/317
f 306/306/306 317/317/317 307/307/307
f 307/307/307 317/317/317 318/318/318
f 307/307/307 318/318/318 308/308/308
f 308/308/308 318/318/318 319/319/319
f 309/309/309 320/320/320 310/310/310
f 310/310/310 320/320/320 321/321/321
f 310/310/310 321/321/321 311/311/311
f 311/311/311 321/321/321 322/322/322
f 311/311/311 322/322/322 312/312/312
f 312/312/312 322/322/322 323/323/323
f 312/312/312 323/323/323 313/313/313
f 313/313/313 323/323/323 324/324/324
f 313/313/313 324/324/324 314/314/314
f 314/314/314 324/324/324 325/325/325
f 314/314/314 325/325/325 315/315/315
f 315/315/315 325/325/325 326/326/326
f 315/315/315 326/326/326 316/316/316
f 316/316/316 326/326/326 327/327/327
f 316/316/316 327/327/327 317/317/317
f 317/317/317 327/327/327 328/328/328
f 317/317/317 328/328/328 318/318/318
f 318/318/318 328/328/328 329/329/329
f 318/318/318 329/329/329 319/319/319
f 319/319/319 329/329/329 330/330/330
f 320/320/320 331/331/331 321/321/321
f 321/321/321 331/331/331 332/332/332
f 321/321/321 332/332/332 322/322/322
f 322/322/322 332/332/332 333/333/333
f 322/322/322 333/333/333 323/323/323
f 323/323/323 333/333/333 334/334/334
f 323/323/323 334/334/334 324/324/324
f 324/324/324 334/334/334 335/335/335
f 324/324/324 335/335/335 325/325/325
f 325/325/325 335/335/335 336/336/336
f 325/325/325 336/336/336 326/326/326
f 326/326/326 336/336/336 337/337/337
f 326/326/326 337/337/337 327/327/327
f 327/327/327 337/337/337 338/338/338
f 327/327/327 338/338/338 328/328/328
f 328/328/328 338/338/338 339/339/339
f 328/328/328 339/339/339 329/329/329
f 329/329/329 339/339/339 340/340/340
f 329/329/329 340/340/340 330/330/330
f 330/330/330 340/340/340 341/341/341
f 331/331/331 342/342/342 332/332/332
f 332/332/332 342/342/342 343/343/343
f 332/332/332 343/343/343 333/333/333
f 333/333/333 343/343/343 344/344/344
f 333/333/333 344/344/344 334/334/334
f 334/334/334 344/344/344 345/345/345
f 334/334/334 345/345/345 335/335/335
f 335/335/335 345/345/345 346/346/346
f 335/335/335 346/346/346 336/336/336
f 336/336/336 346/346/346 347/347/347
f 336/336/336 347/347/347 337/337/337
f 337/337/337 347/347/347 348/348/348
f 337/337/337 348/348/348 338/338/338
f 338/338/338 348/348/348 349/349/349
f 338/338/338 349/349/349 339/339/339
f 339/339/339 349/349/349 350/350/350
f 339/339/339 350/350/350 340/340/340
f 340/340/340 350/350/350 351/351/351
f 340/340/340 351/351/351 341/341/341
f 341/341/341 351/351/351 352/352/352
f 342/342/342 353/353/353 343/343/343
f 343/343/343 353/353/353 354/354/354
f 343/343/343 354/354/354 344/344/344
f 344/344/344 354/354/354 355/355/355
f 344/344/344 355/355/355 345/345/345
f 345/345/345 355/355/355 356/356/356
f 345/345/345 356/356/356 346/346/346
f 346/346/346 356/356/356 357/357/357
f 346/346/346 357/357/357 347/347/347
f 347/347/347 357/357/357 358/358/358
f 347/347/347 358/358/358 348/348/348
f 348/348/348 358/358/358 359/359/359
f 348/348/348 359/359/359 349/349/349
f 349/349/349 359/359/359 360/360/360
f 349/349/349 360/360/360 350/350/350
f 350/350/350 360/360/360 361/361/361
f 350/350/350 361/361/361 351/351/351
f 351/351/351 361/361/361 362/362/362
f 351/351/351 362/362/362 352/352/352
f 352/352/352 362/362/362 363/363/363
f 353/353/353 364/364/364 354/354/354
f 354/354/354 364/364/364 365/365/365
f 354/354/354 365/365/365 355/355/355
f 355/355/355 365/365/365 366/366/366
f 355/355/355 366/366/366 356/356/356
f 356/356/356 366/366/366 367/367/367
f 356/356/356 367/367/367 357/357/357
f 357/357/357 367/367/367 368/368/368
f 357/357/357 368/368/368 358/358/358
f 358/358/358 368/368/368 369/369/369
f 358/358/358 369/369/369 359/359/359
f 359/359/359 369/369/369 370/370/370
f 359/359/359 370/370/370 360/360/360
f 360/360/360 370/370/370 371/371/371
f 360/360/360 371/371/371 361/361/361
f 361/361/361 371/371/371 372/372/372
f 361/361/361 372/372/372 362/362/362
f 362/362/362 372/372/372 373/373/373
f 362/362/362 373/373/373 363/363/363
f 363/363/363 373/373/373 374/374/374
f 364/364/364 375/375/375 365/365/365
f 365/365/365 375/375/375 376/376/376
f 365/365/365 376/376/376 366/366/366
f 366/366/366 376/376/376 377/377/377
f 366/366/366 377/377/377 367/367/367
f 367/367/367 377/377/377 378/378/378
f 367/367/367 378/378/378 368/368/368
f 368/368/368 378/378/378 379/379/379
f 368/368/368 379/379/379 369/369/369
f 369/369/369 379/379/379 380/380/380
f 369/369/369 380/380/380 370/370/370
f 370/370/370 380/380/380 381/381/381
f 370/370/370 381/381/381 371/371/371
f 371/371/371 381/381/381 382/382/382
f 371/371/371 382/382/382 372/372/372
f 372/372/372 382/382/382 383/383/383
f 372/372/372 383/383/383 373/373/373
f 373/373/373 383/383/383 384/384/384
f 373/373/373 384/384/384 374/374/374
f 374/374/374 384/384/384 385/385/385
f 375/375/375 386/386/386 376/376/376
f 376/376/376 386/386/386 387/387/387
f 376/376/376 387/387/387 377/377/377
f 377/377/377 387/387/387 388/388/388
f 377/377/377 388/388/388 378/378/378
f 378/378/378 388/388/388 389/389/389
f 378/378/378 389/389/389 379/379/379
f 379/379/379 389/389/389 390/390/390
f 379/379/379 390/390/390 380/380/380
f 380/380/380 390/390/390 391/391/391
f 380/380/380 391/391/391 381/381/381
f 381/381/381 391/391/391 392/392/392
f 381/381/381 392/392/392 382/382/382
f 382/382/382 392/392/392 393/393/393
f 382/382/382 393/393/393 383/383/383
f 383/383/383 393/393/393 394/394/394
f 383/383/383 394/394/394 384/384/384
f 384/384/384 394/394/394 395/395/395
f 384/384/384 395/395/395 385/385/385
f 385/385/385 395/395/395 396/396/396
f 386/386/386 397/397/397 387/387/387
f 387/387/387 397/397/397 398/398/398
f 387/387/387 398/398/398 388/388/388
f 388/388/388 398/398/398 399/399/399
f 388/388/388 399/399/399 389/389/389
f 389/389/389 399/399/399 400/400/400
f 389/389/389 400/400/400 390/390/390
f 390/390/390 400/400/400 401/401/401
f 390/390/390 401/401/401 391/391/391
f 391/391/391 401/401/401 402/402/402
f 391/391/391 402/402/402 392/392/392
f 392/392/392 402/402/402 403/403/403
f 392/392/392 403/403/403 393/393/393
f 393/393/393 403/403/403 404/404/404
f 393/393/393 404/404/404 394/394/394
f 394/394/394 404/404/404 405/405/405
f 394/394/394 405/405/405 395/395/395
f 395/395/395 405/405/405 406/406/406
f 395/395/395 406/406/406 396/396/396
f 396/396/396 406/406/406 407/407/407
f 397/397/397 408/408/408 398/398/398
f 398/398/398 408/408/408 409/409/409
f 398/398/398 409/409/409 399/399/399
f 399/399/399 409/409/409 410/410/410
f 399/399/399 410/410/410 400/400/400
f 400/400/400 410/410/410 411/411/411
f 400/400/400 411/411/411 401/401/401
f 401/401/401 411/411/411 412/412/412
f 401/401/401 412/412/412 402/402/402
f 402/402/402 412/412/412 413/413/413
f 402/402/402 413/413/413 403/403/403
f 403/403/403 413/413/413 414/414/414
f 403/403/403 414/414/414 404/404/404
f 404/404/404 414/414/414 415/415/415
f 404/404/404 415/415/415 405/405/405
f 405/405/405 415/415/415 416/416/416
f 405/405/405 416/416/416 406/406/406
f 406/406/406 416/416/416 417/417/417
f 406/406/406 417/417/417 407/407/407
f 407/407/407 417/417/417 418/418/418
f 408/408/408 419/419/419 409/409/409
f 409/409/409 419/419/419 420/420/420
f 409/409/409 420/420/420 410/410/410
f 410/410/410 420/420/420 421/421/421
f 410/410/410 421/421/421 411/411/411
f 411/411/411 421/421/421 422/422/422
f 411/411/411 422/422/422 412/412/412
f 412/412/412 422/422/422 423/423/423
f 412/412/412 423/423/423 413/413/413
f 413/413/413 423/423/423 424/424/424
f 413/413/413 424/424/424 414/414/414
f 414/414/414 424/424/424 425/425/425
f 414/414/414 425/425/425 415/415/415
f 415/415/415 425/425/425 426/426/426
f 415/415/415 426/426/426 416/416/416
f 416/416/416 426/426/426 427/427/427
f 416/416/416 427/427/427 417/417/417
f 417/417/417 427/427/427 428/428/428
f 417/417/417 428/428/428 418/418/418
f 418/418/418 428/428/428 429/429/429
f 419/419/419 430/430/430 420/420/420
f 420/420/420 430/430/430 431/431/431
f 420/420/420 431/431/431 421/421/421
f 421/421/421 431/431/431 432/432/432
f 421/421/421 432/432/432 422/422/422
f 422/422/422 432/432/432 433/433/433
f 422/422/422 433/433/433 423/423/423
f 423/423/423 433/433/433 434/434/434
f 423/423/423 434/434/434 424/424/424
f 424/424/424 434/434/434 435/435/435
f 424/424/424 435/435/435 425/425/425
f 425/425/425 435/435/435 436/436/436
f 425/425/425 436/436/436 426/426/426
f 426/426/426 436/436/436 437/437/437
f 426/426/426 437/437/437 427/427/427
f 427/427/427 437/437/437 438/438/438
f 427/427/427 438/438/438 428/428/428
f 428/428/428 438/438/438 439/439/439
f 428/428/428 439/439/439 429/429/429
f 429/429/429 439/439/439 440/440/440
f 430/430/430 441/441/441 431/431/431
f 431/431/431 441/441/441 442/442/442
f 431/431/431 442/442/442 432/432/432
f 432/432/432 442/442/442 443/443/443
f 432/432/432 443/443/443 433/433/433
f 433/433/433 443/443/443 444/444/444
f 433/433/433 444/444/444 434/434/434
f 434/434/434 444/444/444 445/445/445
f 434/434/434 445/445/445 435/435/435
f 435/435/435 445/445/445 446/446/446
f 435/435/435 446/446/446 436/436/436
f 436/436/436 446/446/446 447/447/447
f 436/436/436 447/447/447 437/437/437
f 437/437/437 447/447/447 448/448/448
f 437/437/437 448/448/448 438/438/438
f 438/438/438 448/448/448 449/449/449
f 438/438/438 449/449/449 439/439/439
f 439/439/439 449/449/449 450/450/450
f 439/439/439 450/450/450 440/440/440
f 440/440/440 450/450/450 451/451/451
f 452/452/452 458/458/458 453/453/453
f 453/453/453 458/458/458 459/459/459
f 453/453/453 459/459/459 454/454/454
f 454/454/454 459/459/459 460/460/460
f 454/454/454 460/460/460 455/455/455
f 455/455/455 460/460/460 461/461/461
f 455/455/455 461/461/461 456/456/456
f 456/456/456 461/461/461 462/462/462
f 456/456/456 462/462/462 457/457/457
f 457/457/457 462/462/462 463/463/463
f 458/458/458 464/464/464 459/459/459
f 459/459/459 464/464/464 465/465/465
f 459/459/459 465/465/465 460/460/460
f 460/460/460 465/465/465 466/466/466
f 460/460/460 466/466/466 461/461/461
f 461/461/461 466/466/466 467/467/467
f 461/461/461 467/467/467 462/462/462
f 462/462/462 467/467/467 468/468/468
f 462/462/462 468/468/468 463/463/463
f 463/463/463 468/468/468 469/469/469
f 464/464/464 470/470/470 465/465/465
f 465/465/465 470/470/470 471/471/471
f 465/465/465 471/471/471 466/466/466
f 466/466/466 471/471/471 472/472/472
f 466/466/466 472/472/472 467/467/467
f 467/467/467 472/472/472 473/473/473
f 467/467/467 473/473/473 468/468/468
f 468/468/468 473/473/473 474/474/474
f 468/468/468 474/474/474 469/469/469
f 469/469/469 474/474/474 475/475/475
f 470/470/470 476/476/476 471/471/471
f 471/471/471 476/476/476 477/477/477
f 471/471/471 477/477/477 472/472/472
f 472/472/472 477/477/477 478/478/478
f 472/472/472 478/478/478 473/473/473
f 473/473/473 478/478/478 479/479/479
f 473/473/473 479/479/479 474/474/474
f 474/474/474 479/479/479 480/480/480
f 474/474/474 480/480/480 475/475/475
f 475/475/475 480/480/480 481/481/481
f 476/476/476 482/482/482 477/477/477
f 477/477/477 482/482/482 483/483/483
f 477/477/477 483/483/483 478/478/478
f 478/478/478 483/483/483 484/484/484
f 478/478/478 484/484/484 479/479/479
f 479/479/479 484/484/484 485/485/485
f 479/479/479 485/485/485 480/480/480
f 480/480/480 485/485/485 486/486/486
f 480/480/480 486/486/486 481/481/481
f 481/481/481 486/486/486 487/487/487
f 482/482/482 488/488/488 483/483/483
f 483/483/483 488/488/488 489/489/489
f 483/483/483 489/489/489 484/484/484
f 484/484/484 489/489/489 490/490/490
f 484/484/484 490/490/490 485/485/485
f 485/485/485 490/490/490 491/491/491
f 485/485/485 491/491/491 486/486/486
f 486/486/486 491/491/491 492/492/492
f 486/486/486 492/492/492 487/487/487
f 487/487/487 492/492/492 493/493/493
f 494/494/494 500/500/500 495/495/495
f 495/495/495 500/500/500 501/501/501
f 495/495/495 501/501/501 496/496/496
f 496/496/496 501/501/501 502/502/502
f 496/496/496 502/502/502 497/497/497
f 497/497/497 502/502/502 503/503/503
f 497/497/497 503/503/503 498/498/498
f 498/498/498 503/503/503 504/504/504
f 498/498/498 504/504/504 499/499/499
f 499/499/499 504/504/504 505/505/505
f 500/500/500 506/506/506 501/501/501
f 501/501/501 506/506/506 507/507/507
f 501/501/501 507/507/507 502/502/502
f 502/502/502 507/507/507 508/508/508
f 502/502/502 508/508/508 503/503/503
f 503/503/503 508/508/508 509/509/509
f 503/503/503 509/509/509 504/504/504
f 504/504/504 509/509/509 510/510/510
f 504/504/504 510/510/510 505/505/505
f 505/505/505 510/510/510 511/511/511
f 506/506/506 512/512/512 507/507/507
f 507/507/507 512/512/512 513/513/513
f 507/507/507 513/513/513 508/508/508
f 508/508/508 513/513/513 514/514/514
f 508/508/508 514/514/514 509/509/509
f 509/509/509 514/514/514 515/515/515
f 509/509/509 515/515/515 510/510/510
f 510/510/510 515/515/515 516/516/516
f 510/510/510 516/516/516 511/511/511
f 511/511/511 516/516/516 517/517/517
f 512/512/512 518/518/518 513/513/513
f 513/513/513 518/518/518 519/519/519
f 513/513/513 519/519/519 514/514/514
f 514/514/514 519/519/519 520/520/520
f 514/514/514 520/520/520 515/515/515
f 515/515/515 520/520/520 521/521/521
f 515/515/515 521/521/521 516/516/516
f 516/516/516 521/521/521 522/522/522
f 516/516/516 522/522/522 517/517/517
f 517/517/517 522/522/522 523/523/523
f 518/518/518 524/524/524 519/519/519
f 519/519/519 524/524/524 525/525/525
f 519/519/519 525/525/525 520/520/520
f 520/520/520 525/525/525 526/526/526
f 520/520/520 526/526/526 521/521/521
f 521/521/521 526/526/526 527/527/527
f 521/521/521 527/527/527 522/522/522
f 522/522/522 527/527/527 528/528/528
f 522/522/522 528/528/528 523/523/523
f 523/523/523 528/528/528 529/529/529
f 524/524/524 530/530/530 525/525/525
f 525/525/525 530/530/530 531/531/531
f 525/525/525 531/531/531 526/526/526
f 526/526/526 531/531/531 532/532/532
f 526/526/526 532/532/532 527/527/527
f 527/527/527 532/532/532 533/533/533
f 527/527/527 533/533/533 528/528/528
f 528/528/528 533/533/533 534/534/534
f 528/528/528 534/534/534 529/529/529
f 529/529/529 534/534/534 535/535/535
f 536/536/536 542/542/542 537/537/537
f 537/537/537 542/542/542 543/543/543
f 537/537/537 543/543/543 538/538/538
f 538/538/538 543/543/543 544/544/544
f 538/538/538 544/544/544 539/539/539
f 539/539/539 544/544/544 545/545/545
f 539/539/539 545/545/545 540/540/540
f 540/540/540 545/545/545 546/546/546
f 540/540/540 546/546/546 541/541/541
f 541/541/541 546/546/546 547/547/547
f 542/542/542 548/548/548 543/543/543
f 543/543/543 548/548/548 549/549/549
f 543/543/543 549/549/549 544/544/544
f 544/544/544 549/549/549 550/550/550
f 544/544/544 550/550/550 545/545/545
f 545/545/545 550/550/550 551/551/551
f 545/545/545 551/551/551 546/546/546
f 546/546/546 551/551/551 552/552/552
f 546/546/546 552/552/552 547/547/547
f 547/547/547 552/552/552 553/553/553
f 548/548/548 554/554/554 549/549/549
f 549/549/549 554/554/554 555/555/555
f 549/549/549 555/555/555 550/550/550
f 550/550/550 555/555/555 556/556/556
f 550/550/550 556/556/556 551/551/551
f 551/551/551 556/556/556 557/557/557
f 551/551/551 557/557/557 552/552/552
f 552/552/552 557/557/557 558/558/558
f 552/552/552 558/558/558 553/553/553
f 553/553/553 558/558/558 559/559/559
f 554/554/554 560/560/560 555/555/555
f 555/555/555 560/560/560 561/561/561
f 555/555/555 561/561/561 556/556/556
f 556/556/556 561/561/561 562/562/562
f 556/556/556 562/562/562 557/557/557
f 557/557/557 562/562/562 563/563/563
f 557/557/557 563/563/563 558/558/558
f 558/558/558 563/563/563 564/564/564
f 558/558/558 564/564/564 559/559/559
f 559/559/559 564/564/564 565/565/565
f 560/560/560 566/566/566 561/561/561
f 561/561/561 566/566/566 567/567/567
f 561/561/561 567/567/567 562/562/562
f 562/562/562 567/567/567 568/568/568
f 562/562/562 568/568/568 563/563/563
f 563/563/563 568/568/568 569/569/569
f 563/563/563 569/569/569 564/564/564
f 564/564/564 569/569/569 570/570/570
f 564/564/564 570/570/570 565/565/565
f 565/565/565 570/570/570 571/571/571
f 566/566/566 572/572/572 567/567/567
f 567/567/567 572/572/572 573/573/573
f 567/567/567 573/573/573 568/568/568
f 568/568/568 573/573/573 574/574/574
f 568/568/568 574/574/574 569/569/569
f 569/569/569 574/574/574 575/575/575
f 569/569/569 575/575/575 570/570/570
f 570/570/570 575/575/575 576/576/576
f 570/570/570 576/576/576 571/571/571
f 571/571/571 576/576/576 577/577/577
f 578/578/578 584/584/584 579/579/579
f 579/579/579 584/584/584 585/585/585
f 579/579/579 585/585/585 580/580/580
f 580/580/580 585/585/585 586/586/586
f 580/580/580 586/586/586 581/581/581
f 581/581/581 586/586/586 587/587/587
f 581/581/581 587/587/587 582/582/582
f 582/582/582 587/587/587 588/588/588
f 582/582/582 588/588/588 583/583/583
f 583/583/583 588/588/588 589/589/589
f 584/584/584 590/590/590 585/585/585
f 585/585/585 590/590/590 591/591/591
f 585/585/585 591/591/591 586/586/586
f 586/586/586 591/591/591 592/592/592
f 586/586/586 592/592/592 587/587/587
f 587/587/587 592/592/592 593/593/593
f 587/587/587 593/593/593 588/588/588
f 588/588/588 593/593/593 594/594/594
f 588/588/588 594/594/594 589/589/589
f 589/589/589 594/594/594 595/595/595
f 590/590/590 596/596/596 591/591/591
f 591/591/591 596/596/596 597/597/597
f 591/591/591 597/597/597 592/592/592
f 592/592/592 597/597/597 598/598/598
f 592/592/592 598/598/598 593/593/593
f 593/593/593 598/598/598 599/599/599
f 593/593/593 599/599/599 594/594/594
f 594/594/594 599/599/599 600/600/600
f 594/594/594 600/600/600 595/595/595
f 595/595/595 600/600/600 601/601/601
f 596/596/596 602/602/602 597/597/597
f 597/597/597 602/602/602 603/603/603
f 597/597/597 603/603/603 598/598/598
f 598/598/598 603/603/603 604/604/604
f 598/598/598 604/604/604 599/599/599
f 599/599/599 604/604/604 605/605/605
f 599/599/599 605/605/605 600/600/600
f 600/600/600 605/605/605 606/606/606
f 600/600/600 606/606/606 601/601/601
f 601/601/601 606/606/606 607/607/607
f 602/602/602 608/608/608 603/603/603
f 603/603/603 608/608/608 609/609/609
f 603/603/603 609/609/609 604/604/604
f 604/604/604 609/609/609 610/610/610
f 604/604/604 610/610/610 605/605/605
f 605/605/605 610/610/610 611/611/611
f 605/605/605 611/611/611 606/606/606
f 606/606/606 611/611/611 612/612/612
f 606/606/606 612/612/612 607/607/607
f 607/607/607 612/612/612 613/613/613
f 608/608/608 614/614/614 609/609/609
f 609/609/609 614/614/614 615/615/615
f 609/609/609 615/615/615 610/610/610
f 610/610/610 615/615/615 616/616/616
f 610/610/610 616/616/616 611/611/611
f 611/611/611 616/616/616 617/617/617
f 611/611/611 617/617/617 612/612/612
f 612/612/612 617/617/617 618/618/618
f 612/612/612 618/618/618 613/613/613
f 613/613/613 618/618/618 619/619/619
f 620/620/620 626/626/626 621/621/621
f 621/621/621 626/626/626 627/627/627
f 621/621/621 627/627/627 622/622/622
f 622/622/622 627/627/627 628/628/628
f 622/622/622 628/628/628 623/623/623
f 623/623/623 628/628/628 629/629/629
f 623/623/623 629/629/629 624/624/624
f 624/624/624 629/629/629 630/630/630
f 624/624/624 630/630/630 625/625/625
f 625/625/625 630/630/630 631/631/631
f 626/626/626 632/632/632 627/627/627
f 627/627/627 632/632/632 633/633/633
f 627/627/627 633/633/633 628/628/628
f 628/628/628 633/633/633 634/634/634
f 628/628/628 634/634/634 629/629/629
f 629/629/629 634/634/634 635/635/635
f 629/629/629 635/635/635 630/630/630
f 630/630/630 635/635/635 636/636/636
f 630/630/630 636/636/636 631/631/631
f 631/631/631 636/636/636 637/637/637
f 632/632/632 638/638/638 633/633/633
f 633/633/633 638/638/638 639/639/639
f 633/633/633 639/639/639 634/634/634
f 634/634/634 639/639/639 640/640/640
f 634/634/634 640/640/640 635/635/635
f 635/635/635 640/640/640 641/641/641
f 635/635/635 641/641/641 636/636/636
f 636/636/636 641/641/641 642/642/642
f 636/636/636 642/642/642 637/637/637
f 637/637/637 642/642/642 643/643/643
f 638/638/638 644/644/644 639/639/639
f 639/639/639 644/644/644 645/645/645
f 639/639/639 645/645/645 640/640/640
f 640/640/640 645/645/645 646/646/646
f 640/640/640 646/646/646 641/641/641
f 641/641/641 646/646/646 647/647/647
f 641/641/641 647/647/647 642/642/642
f 642/642/642 647/647/647 648/648/648
f 642/642/642 648/648/648 643/643/643
f 643/643/643 648/648/648 649/649/649
f 644/644/644 650/650/650 645/645/645
f 645/645/645 650/650/650 651/651/651
f 645/645/645 651/651/651 646/646/646
f 646/646/646 651/651/651 652/652/652
f 646/646/646 652/652/652 647/647/647
f 647/647/647 652/652/652 653/653/653
f 647/647/647 653/653/653 648/648/648
f 648/648/648 653/653/653 654/654/654
f 648/648/648 654/654/654 649/649/649
f 649/649/649 654/654/654 655/655/655
f 650/650/650 656/656/656 651/651/651
f 651/651/651 656/656/656 657/657/657
f 651/651/651 657/657/657 652/652/652
f 652/652/652 657/657/657 658/658/658
f 652/652/652 658/658/658 653/653/653
f 653/653/653 658/658/658 659/659/659
f 653/653/653 659/659/659 654/654/654
f 654/654/654 659/659/659 660/660/660
f 654/654/654 660/660/660 655/655/655
f 655/655/655 660/660/660 661/661/661
f 662/662/662 668/668/668 663/663/663
f 663/663/663 668/668/668 669/669/669
f 663/663/663 669/669/669 664/664/664
f 664/664/664 669/669/669 670/670/670
f 664/664/664 670/670/670 665/665/665
f 665/665/665 670/670/670 671/671/671
f 665/665/665 671/671/671 666/666/666
f 666/666/666 671/671/671 672/672/672
f 666/666/666 672/672/672 667/667/667
f 667/667/667 672/672/672 673/673/673
f 668/668/668 674/674/674 669/669/669
f 669/669/669 674/674/674 675/675/675
f 669/669/669 675/675/675 670/670/670
f 670/670/670 675/675/675 676/676/676
f 670/670/670 676/676/676 671/671/671
f 671/671/671 676/676/676 677/677/677
f 671/671/671 677/677/677 672/672/672
f 672/672/672 677/677/677 678/678/678
f 672/672/672 678/678/678 673/673/673
f 673/673/673 678/678/678 679/679/679
f 674/674/674 680/680/680 675/675/675
f 675/675/675 680/680/680 681/681/681
f 675/675/675 681/681/681 676/676/676
f 676/676/676 681/681/681 682/682/682
f 676/676/676 682/682/682 677/677/677
f 677/677/677 682/682/682 683/683/683
f 677/677/677 683/683/683 678/678/678
f 678/678/678 683/683/683 684/684/684
f 678/678/678 684/684/684 679/679/679
f 679/679/679 684/684/684 685/685/685
f 680/680/680 686/686/686 681/681/681
f 681/681/681 686/686/686 687/687/687
f 681/681/681 687/687/687 682/682/682
f 682/682/682 687/687/687 688/688/688
f 682/682/682 688/688/688 683/683/683
f 683/683/683 688/688/688 689/689/689
f 683/683/683 689/689/689 684/684/684
f 684/684/684 689/689/689 690/690/690
f 684/684/684 690/690/690 685/685/685
f 685/685/685 690/690/690 691/691/691
f 686/686/686 692/692/692 687/687/687
f 687/687/687 692/692/692 693/693/693
f 687/687/687 693/693/693 688/688/688
f 688/688/688 693/693/693 694/694/694
f 688/688/688 694/694/694 689/689/689
f 689/689/689 694/694/694 695/695/695
f 689/689/689 695/695/695 690/690/690
f 690/690/690 695/695/695 696/696/696
f 690/690/690 696/696/696 691/691/691
f 691/691/691 696/696/696 697/697/697
f 692/692/692 698/698/698 693/693/693
f 693/693/693 698/698/698 699/699/699
f 693/693/693 699/699/699 694/694/694
f 694/694/694 699/699/699 700/700/700
f 694/694/694 700/700/700 695/695/695
f 695/695/695 700/700/700 701/701/701
f 695/695/695 701/701/701 696/696/696
f 696/696/696 701/701/701 702/702/702
f 696/696/696 702/702/702 697/697/697
f 697/697/697 702/702/702 703/703/703
f 704/704/704 710/710/710 705/705/705
f 705/705/705 710/710/710 711/711/711
f 705/705/705 711/711/711 706/706/706
f 706/706/706 711/711/711 712/712/712
f 706/706/706 712/712/712 707/707/707
f 707/707/707 712/712/712 713/713/713
f 707/707/707 713/713/713 708/708/708
f 708/708/708 713/713/713 714/714/714
f 708/708/708 714/714/714 709/709/709
f 709/709/709 714/714/714 715/715/715
f 710/710/710 716/716/716 711/711/711
f 711/711/711 716/716/716 717/717/717
f 711/711/711 717/717/717 712/712/712
f 712/712/712 717/717/717 718/718/718
f 712/712/712 718/718/718 713/713/713
f 713/713/713 718/718/718 719/719/719
f 713/713/713 719/719/719 714/714/714
f 714/714/714 719/719/719 720/720/720
f 714/714/714 720/720/720 715/715/715
f 715/715/715 720/720/720 721/721/721
f 716/716/716 722/722/722 717/717/717
f 717/717/717 722/722/722 723/723/723
f 717/717/717 723/723/723 718/718/718
f 718/718/718 723/723/723 724/724/724
f 718/718/718 724/724/724 719/719/719
f 719/719/719 724/724/724 725/725/725
f 719/719/719 725/725/725 720/720/720
f 720/720/720 725/725/725 726/726/726
f 720/720/720 726/726/726 721/721/721
f 721/721/721 726/726/726 727/727/727
f 722/722/722 728/728/728 723/723/723
f 723/723/723 728/728/728 729/729/729
f 723/723/723 729/729/729 724/724/724
f 724/724/724 729/729/729 730/730/730
f 724/724/724 730/730/730 725/725/725
f 725/725/725 730/730/730 731/731/731
f 725/725/725 731/731/731 726/726/726
f 726/726/726 731/731/731 732/732/732
f 726/726/726 732/732/732 727/727/727
f 727/727/727 732/732/732 733/733/733
f 728/728/728 734/734/734 729/729/729
f 729/729/729 734/734/734 735/735/735
f 729/729/729 735/735/735 730/730/730
f 730/730/730 735/735/735 736/736/736
f 730/730/730 736/736/736 731/731/731
f 731/731/731 736/736/736 737/737/737
f 731/731/731 737/737/737 732/732/732
f 732/732/732 737/737/737 738/738/738
f 732/732/732 738/738/738 733/733/733
f 733/733/733 738/738/738 739/739/739
f 734/734/734 740/740/740 735/735/735
f 735/735/735 740/740/740 741/741/741
f 735/735/735 741/741/741 736/736/736
f 736/736/736 741/741/741 742/742/742
f 736/736/736 742/742/742 737/737/737
f 737/737/737 742/742/742 743/743/743
f 737/737/737 743/743/743 738/738/738
f 738/738/738 743/743/743 744/744/744
f 738/738/738 744/744/744 739/739/739
f 739/739/739 744/744/744 745/745/745
f 746/746/746 752/752/752 747/747/747
f 747/747/747 752/752/752 753/753/753
f 747/747/747 753/753/753 748/748/748
f 748/748/748 753/753/753 754/754/754
f 748/748/748 754/754/754 749/749/749
f 749/749/749 754/754/754 755/755/755
f 749/749/749 755/755/755 750/750/750
f 750/750/750 755/755/755 756/756/756
f 750/750/750 756/756/756 751/751/751
f 751/751/751 756/756/756 757/757/757
f 752/752/752 758/758/758 753/753/753
f 753/753/753 758/758/758 759/759/759
f 753/753/753 759/759/759 754/754/754
f 754/754/754 759/759/759 760/760/760
f 754/754/754 760/760/760 755/755/755
f 755/755/755 760/760/760 761/761/761
f 755/755/755 761/761/761 756/756/756
f 756/756/756 761/761/761 762/762/762
f 756/756/756 762/762/762 757/757/757
f 757/757/757 762/762/762 763/763/763
f 758/758/758 764/764/764 759/759/759
f 759/759/759 764/764/764 765/765/765
f 759/759/759 765/765/765 760/760/760
f 760/760/760 765/765/765 766/766/766
f 760/760/760 766/766/766 761/761/761
f 761/761/761 766/766/766 767/767/767
f 761/761/761 767/767/767 762/762/762
f 762/762/762 767/767/767 768/768/768
f 762/762/762 768/768/768 763/763/763
f 763/763/763 768/768/768 769/769/769
f 764/764/764 770/770/770 765/765/765
f 765/765/765 770/770/770 771/771/771
f 765/765/765 771/771/771 766/766/766
f 766/766/766 771/771/771 772/772/772
f 766/766/766 772/772/772 767/767/767
f 767/767/767 772/772/772 773/773/773
f 767/767/767 773/773/773 768/768/768
f 768/768/768 773/773/773 774/774/774
f 768/768/768 774/774/774 769/769/769
f 769/769/769 774/774/774 775/775/775
f 770/770/770 776/776/776 771/771/771
f 771/771/771 776/776/776 777/777/777
f 771/771/771 777/777/777 772/772/772
f 772/772/772 777/777/777 778/778/778
f 772/772/772 778/778/778 773/773/773
f 773/773/773 778/778/778 779/779/779
f 773/773/773 779/779/779 774/774/774
f 774/774/774 779/779/779 780/780/780
f 774/774/774 780/780/780 775/775/775
f 775/775/775 780/780/780 781/781/781
f 776/776/776 782/782/782 777/777/777
f 777/777/777 782/782/782 783/783/783
f 777/777/777 783/783/783 778/778/778
f 778/778/778 783/783/783 784/784/784
f 778/778/778 784/784/784 779/779/779
f 779/779/779 784/784/784 785/785/785
f 779/779/779 785/785/785 780/780/780
f 780/780/780 785/785/785 786/786/786
f 780/780/780 786/786/786 781/781/781
f 781/781/781 786/786/786 787/787/787
f 788/788/788 794/794/794 789/789/789
f 789/789/789 794/794/794 795/795/795
f 789/789/789 795/795/795 790/790/790
f 790/790/790 795/795/795 796/796/796
f 790/790/790 796/796/796 791/791/791
f 791/791/791 796/796/796 797/797/797
f 791/791/791 797/797/797 792/792/792
f 792/792/792 797/797/797 798/798/798
f 792/792/792 798/798/798 793/793/793
f 793/793/793 798/798/798 799/799/799
f 794/794/794 800/800/800 795/795/795
f 795/795/795 800/800/800 801/801/801
f 795/795/795 801/801/801 796/796/796
f 796/796/796 801/801/801 802/802/802
f 796/796/796 802/802/802 797/797/797
f 797/797/797 802/802/802 803/803/803
f 797/797/797 803/803/803 798/798/798
f 798/798/798 803/803/803 804/804/804
f 798/798/798 804/804/804 799/799/799
f 799/799/799 804/804/804 805/805/805
f 800/800/800 806/806/806 801/801/801
f 801/801/801 806/806/806 807/807/807
f 801/801/801 807/807/807 802/802/802
f 802/802/802 807/807/807 808/808/808
f 802/802/802 808/808/808 803/803/803
f 803/803/803 808/808/808 809/809/809
f 803/803/803 809/809/809 804/804/804
f 804/804/804 809/809/809 810/810/810
f 804/804/804 810/810/810 805/805/805
f 805/805/805 810/810/810 811/811/811
f 806/806/806 812/812/812 807/807/807
f 807/807/807 812/812/812 813/813/813
f 807/807/807 813/813/813 808/808/808
f 808/808/808 813/813/813 814/814/814
f 808/808/808 814/814/814 809/809/809
f 809/809/809 814/814/814 815/815/815
f 809/809/809 815/815/815 810/810/810
f 810/810/810 815/815/815 816/816/816
f 810/810/810 816/816/816 811/811/811
f 811/811/811 816/816/816 817/817/817
f 812/812/812 818/818/818 813/813/813
f 813/813/813 818/818/818 819/819/819
f 813/813/813 819/819/819 814/814/814
f 814/814/814 819/819/819 820/820/820
f 814/814/814 820/820/820 815/815/815
f 815/815/815 820/820/820 821/821/821
f 815/815/815 821/821/821 816/816/816
f 816/816/816 821/821/821 822/822/822
f 816/816/816 822/822/822 817/817/817
f 817/817/817 822/822/822 823/823/823
f 818/818/818 824/824/824 819/819/819
f 819/819/819 824/824/824 825/825/825
f 819/819/819 825/825/825 820/820/820
f 820/820/820 825/825/825 826/826/826
f 820/820/820 826/826/826 821/821/821
f 821/821/821 826/826/826 827/827/827
f 821/821/821 827/827/827 822/822/822
f 822/822/822 827/827/827 828/828/828
f 822/822/822 828/828/828 823/823/823
f 823/823/823 828/828/828 829/829/829
f 830/830/830 836/836/836 831/831/831
f 831/831/831 836/836/836 837/837/837
f 831/831/831 837/837/837 832/832/832
f 832/832/832 837/837/837 838/838/838
f 832/832/832 838/838/838 833/833/833
f 833/833/833 838/838/838 839/839/839
f 833/833/833 839/839/839 834/834/834
f 834/834/834 839/839/839 840/840/840
f 834/834/834 840/840/840 835/835/835
f 835/835/835 840/840/840 841/841/841
f 836/836/836 842/842/842 837/837/837
f 837/837/837 842/842/842 843/843/843
f 837/837/837 843/843/843 838/838/838
f 838/838/838 843/843/843 844/844/844
f 838/838/838 844/844/844 839/839/839
f 839/839/839 844/844/844 845/845/845
f 839/839/839 845/845/845 840/840/840
f 840/840/840 845/845/845 846/846/846
f 840/840/840 846/846/846 841/841/841
f 841/841/841 846/846/846 847/847/847
f 842/842/842 848/848/848 843/843/843
f 843/843/843 848/848/848 849/849/849
f 843/843/843 849/849/849 844/844/844
f 844/844/844 849/849/849 850/850/850
f 844/844/844 850/850/850 845/845/845
f 845/845/845 850/850/850 851/851/851
f 845/845/845 851/851/851 846/846/846
f 846/846/846 851/851/851 852/852/852
f 846/846/846 852/852/852 847/847/847
f 847/847/847 852/852/852 853/853/853
f 848/848/848 854/854/854 849/849/849
f 849/849/849 854/854/854 855/855/855
f 849/849/849 855/855/855 850/850/850
f 850/850/850 855/855/855 856/856/856
f 850/850/850 856/856/856 851/851/851
f 851/851/851 856/856/856 857/857/857
f 851/851/851 857/857/857 852/852/852
f 852/852/852 857/857/857 858/858/858
f 852/852/852 858/858/858 853/853/853
f 853/853/853 858/858/858 859/859/859
f 854/854/854 860/860/860 855/855/855
f 855/855/855 860/860/860 861/861/861
f 855/855/855 861/861/861 856/856/856
f 856/856/856 861/861/861 862/862/862
f 856/856/856 862/862/862 857/857/857
f 857/857/857 862/862/862 863/863/863
f 857/857/857 863/863/863 858/858/858
f 858/858/858 863/863/863 864/864/864
f 858/858/858 864/864/864 859/859/859
f 859/859/859 864/864/864 865/865/865
f 860/860/860 866/866/866 861/861/861
f 861/861/861 866/866/866 867/867/867
f 861/861/861 867/867/867 862/862/862
f 862/862/862 867/867/867 868/868/868
f 862/862/862 868/868/868 863/863/863
f 863/863/863 868/868/868 869/869/869
f 863/863/863 869/869/869 864/864/864
f 864/864/864 869/869/869 870/870/870
f 864/864/864 870/870/870 865/865/865
f 865/865/865 870/870/870 871/871/871
f 872/872/872 878/878/878 873/873/873
f 873/873/873 878/878/878 879/879/879
f 873/873/873 879/879/879 874/874/874
f 874/874/874 879/879/879 880/880/880
f 874/874/874 880/880/880 875/875/875
f 875/875/875 880/880/880 881/881/881
f 875/875/875 881/881/881 876/876/876
f 876/876/876 881/881/881 882/882/882
f 876/876/876 882/882/882 877/877/877
f 877/877/877 882/882/882 883/883/883
f 878/878/878 884/884/884 879/879/879
f 879/879/879 884/884/884 885/885/885
f 879/879/879 885/885/885 880/880/880
f 880/880/880 885/885/885 886/886/886
f 880/880/880 886/886/886 881/881/881
f 881/881/881 886/886/886 887/887/887
f 881/881/881 887/887/887 882/882/882
f 882/882/882 887/887/887 888/888/888
f 882/882/882 888/888/888 883/883/883
f 883/883/883 888/888/888 889/889/889
f 884/884/884 890/890/890 885/885/885
f 885/885/885 890/890/890 891/891/891
f 885/885/885 891/891/891 886/886/886
f 886/886/886 891/891/891 892/892/892
f 886/886/886 892/892/892 887/887/887
f 887/887/887 892/892/892 893/893/893
f 887/887/887 893/893/893 888/888/888
f 888/888/888 893/893/893 894/894/894
f 888/888/888 894/894/894 889/889/889
f 889/889/889 894/894/894 895/895/895
f 890/890/890 896/896/896 891/891/891
f 891/891/891 896/896/896 897/897/897
f 891/891/891 897/897/897 892/892/892
f 892/892/892 897/897/897 898/898/898
f 892/892/892 898/898/898 893/893/893
f 893/893/893 898/898/898 899/899/899
f 893/893/893 899/899/899 894/894/894
f 894/894/894 899/899/899 900/900/900
f 894/894/894 900/900/900 895/895/895
f 895/895/895 900/900/900 901/901/901
f 896/896/896 902/902/902 897/897/897
f 897/897/897 902/902/902 903/903/903
f 897/897/897 903/903/903 898/898/898
f 898/898/898 903/903/903 904/904/904
f 898/898/898 904/904/904 899/899/899
f 899/899/899 904/904/904 905/905/905
f 899/899/899 905/905/905 900/900/900
f 900/900/900 905/905/905 906/906/906
f 900/900/900 906/906/906 901/901/901
f 901/901/901 906/906/906 907/907/907
f 902/902/902 908/908/908 903/903/903
f 903/903/903 908/908/908 909/909/909
f 903/903/903 909/909/909 904/904/904
f 904/904/904 909/909/909 910/910/910
f 904/904/904 910/910/910 905/905/905
f 905/905/905 910/910/910 911/911/911
f 905/905/905 911/911/911 906/906/906
f 906/906/906 911/911/911 912/912/912
f 906/906/906 912/912/912 907/907/907
f 907/907/907 912/912/912 913/913/913
f 914/914/914 920/920/920 915/915/915
f 915/915/915 920/920/920 921/921/921
f 915/915/915 921/921/921 916/916/916
f 916/916/916 921/921/921 922/922/922
f 916/916/916 922/922/922 917/917/917
f 917/917/917 922/922/922 923/923/923
f 917/917/917 923/923/923 918/918/918
f 918/918/918 923/923/923 924/924/924
f 918/918/918 924/924/924 919/919/919
f 919/919/919 924/924/924 925/925/925
f 920/920/920 926/926/926 921/921/921
f 921/921/921 926/926/926 927/927/927
f 921/921/921 927/927/927 922/922/922
f 922/922/922 927/927/927 928/928/928
f 922/922/922 928/928/928 923/923/923
f 923/923/923 928/928/928 929/929/929
f 923/923/923 929/929/929 924/924/924
f 924/924/924 929/929/929 930/930/930
f 924/924/924 930/930/930 925/925/925
f 925/925/925 930/930/930 931/931/931
f 926/926/926 932/932/932 927/927/927
f 927/927/927 932/932/932 933/933/933
f 927/927/927 933/933/933 928/928/928
f 928/928/928 933/933/933 934/934/934
f 928/928/928 934/934/934 929/929/929
f 929/929/929 934/934/934 935/935/935
f 929/929/929 935/935/935 930/930/930
f 930/930/930 935/935/935 936/936/936
f 930/930/930 936/936/936 931/931/931
f 931/931/931 936/936/936 937/937/937
f 932/932/932 938/938/938 933/933/933
f 933/933/933 938/938/938 939/939/939
f 933/933/933 939/939/939 934/934/934
f 934/934/934 939/939/939 940/940/940
f 934/934/934 940/940/940 935/935/935
f 935/935/935 940/940/940 941/941/941
f 935/935/935 941/941/941 936/936/936
f 936/936/936 941/941/941 942/942/942
f 936/936/936 942/942/942 937/937/937
f 937/937/937 942/942/942 943/943/943
f 938/938/938 944/944/944 939/939/939
f 939/939/939 944/944/944 945/945/945
f 939/939/939 945/945/945 940/940/940
f 940/940/940 945/945/945 946/946/946
f 940/940/940 946/946/946 941/941/941
f 941/941/941 946/946/946 947/947/947
f 941/941/941 947/947/947 942/942/942
f 942/942/942 947/947/947 948/948/948
f 942/942/942 948/948/948 943/943/943
f 943/943/943 948/948/948 949/949/949
f 944/944/944 950/950/950 945/945/945
f 945/945/945 950/950/950 951/951/951
f 945/945/945 951/951/951 946/946/946
f 946/946/946 951/951/951 952/952/952
f 946/946/946 952/952/952 947/947/947
f 947/947/947 952/952/952 953/953/953
f 947/947/947 953/953/953 948/948/948
f 948/948/948 953/953/953 954/954/954
f 948/948/948 954/954/954 949/949/949
f 949/949/949 954/954/954 955/955/955
f 956/956/956 962/962/962 957/957/957
f 957/957/957 962/962/962 963/963/963
f 957/957/957 963/963/963 958/958/958
f 958/958/958 963/963/963 964/964/964
f 958/958/958 964/964/964 959/959/959
f 959/959/959 964/964/964 965/965/965
f 959/959/959 965/965/965 960/960/960
f 960/960/960 965/965/965 966/966/966
f 960/960/960 966/966/966 961/961/961
f 961/961/961 966/966/966 967/967/967
f 962/962/962 968/968/968 963/963/963
f 963/963/963 968/968/968 969/969/969
f 963/963/963 969/969/969 964/964/964
f 964/964/964 969/969/969 970/970/970
f 964/964/964 970/970/970 965/965/965
f 965/965/965 970/970/970 971/971/971
f 965/965/965 971/971/971 966/966/966
f 966/966/966 971/971/971 972/972/972
f 966/966/966 972/972/972 967/967/967
f 967/967/967 972/972/972 973/973/973
f 968/968/968 974/974/974 969/969/969
f 969/969/969 974/974/974 975/975/975
f 969/969/969 975/975/975 970/970/970
f 970/970/970 975/975/975 976/976/976
f 970/970/970 976/976/976 971/971/971
f 971/971/971 976/976/976 977/977/977
f 971/971/971 977/977/977 972/972/972
f 972/972/972 977/977/977 978/978/978
f 972/972/972 978/978/978 973/973/973
f 973/973/973 978/978/978 979/979/979
f 974/974/974 980/980/980 975/975/975
f 975/975/975 980/980/980 981/981/981
f 975/975/975 981/981/981 976/976/976
f 976/976/976 981/981/981 982/982/982
f 976/976/976 982/982/982 977/977/977
f 977/977/977 982/982/982 983/983/983
f 977/977/977 983/983/983 978/978/978
f 978/978/978 983/983/983 984/984/984
f 978/978/978 984/984/984 979/979/979
f 979/979/979 984/984/984 985/985/985
f 980/980/980 986/986/986 981/981/981
f 981/981/981 986/986/986 987/987/987
f 981/981/981 987/987/987 982/982/982
f 982/982/982 987/987/987 988/988/988
f 982/982/982 988/988/988 983/983/983
f 983/983/983 988/988/988 989/989/989
f 983/983/983 989/989/989 984/984/984
f 984/984/984 989/989/989 990/990/990
f 984/984/984 990/990/990 985/985/985
f 985/985/985 990/990/990 991/991/991
f 986/986/986 992/992/992 987/987/987
f 987/987/987 992/992/992 993/993/993
f 987/987/987 993/993/993 988/988/988
f 988/988/988 993/993/993 994/994/994
f 988/988/988 994/994/994 989/989/989
f 989/989/989 994/994/994 995/995/995
f 989/989/989 995/995/995 990/990/990
f 990/990/990 995/995/995 996/996/996
f 990/990/990 996/996/996 991/991/991
f 991/991/991 996/996/996 997/997/997
f 998/998/998 1004/1004/1004 999/999/999
f 999/999/999 1004/1004/1004 1005/1005/1005
f 999/999/999 1005/1005/1005 1000/1000/1000
f 1000/1000/1000 1005/1005/1005 1006/1006/1006
f 1000/1000/1000 1006/1006/1006 1001/1001/1001
f 1001/1001/1001 1006/1006/1006 1007/1007/1007
f 1001/1001/1001 1007/1007/1007 1002/1002/1002
f 1002/1002/1002 1007/1007/1007 1008/1008/1008
f 1002/1002/1002 1008/1008/1008 1003/1003/1003
f 1003/1003/1003 1008/1008/1008 1009/1009/1009
f 1004/1004/1004 1010/1010/1010 1005/1005/1005
f 1005/1005/1005 1010/1010/1010 1011/1011/1011
f 1005/1005/1005 1011/1011/1011 1006/1006/1006
f 1006/1006/1006 1011/1011/1011 1012/1012/1012
f 1006/1006/1006 1012/1012/1012 1007/1007/1007
f 1007/1007/1007 1012/1012/1012 1013/1013/1013
f 1007/1007/1007 1013/1013/1013 1008/1008/1008
f 1008/1008/1008 1013/1013/1013 1014/1014/1014
f 1008/1008/1008 1014/1014/1014 1009/1009/1009
f 1009/1009/1009 1014/1014/1014 1015/1015/1015
f 1010/1010/1010 1016/1016/1016 1011/1011/1011
f 1011/1011/1011 1016/1016/1016 1017/1017/1017
f 1011/1011/1011 1017/1017/1017 1012/1012/1012
f 1012/1012/1012 1017/1017/1017 1018/1018/1018
f 1012/1012/1012 1018/1018/1018 1013/1013/1013
f 1013/1013/1013 1018/1018/1018 1019/1019/1019
f 1013/1013/1013 1019/1019/1019 1014/1014/1014
f 1014/1014/1014 1019/1019/1019 1020/1020/1020
f 1014/1014/1014 1020/1020/1020 1015/1015/1015
f 1015/1015/1015 1020/1020/1020 1021/1021/1021
f 1016/1016/1016 1022/1022/1022 1017/1017/1017
f 1017/1017/1017 1022/1022/1022 1023/1023/1023
f 1017/1017/1017 1023/1023/1023 1018/1018/1018
f 1018/1018/1018 1023/1023/1023 1024/1024/1024
f 1018/1018/1018 1024/1024/1024 1019/1019/1019
f 1019/1019/1019 1024/1024/1024 1025/1025/1025
f 1019/1019/1019 1025/1025/1025 1020/1020/1020
f 1020/1020/1020 1025/1025/1025 1026/1026/1026
f 1020/1020/1020 1026/1026/1026 1021/1021/1021
f 1021/1021/1021 1026/1026/1026 1027/1027/1027
f 1022/1022/1022 1028/1028/1028 1023/1023/1023
f 1023/1023/1023 1028/1028/1028 1029/1029/1029
f 1023/1023/1023 1029/1029/1029 1024/1024/1024
f 1024/1024/1024 1029/1029/1029 1030/1030/1030
f 1024/1024/1024 1030/1030/1030 1025/1025/1025
f 1025/1025/1025 1030/1030/1030 1031/1031/1031
f 1025/1025/1025 1031/1031/1031 1026/1026/1026
f 1026/1026/1026 1031/1031/1031 1032/1032/1032
f 1026/1026/1026 1032/1032/1032 1027/1027/1027
f 1027/1027/1027 1032/1032/1032 1033/1033/1033
f 1028/1028/1028 1034/1034/1034 1029/1029/1029
f 1029/1029/1029 1034/1034/1034 1035/1035/1035
f 1029/1029/1029 1035/1035/1035 1030/1030/1030
f 1030/1030/1030 1035/1035/1035 1036/1036/1036
f 1030/1030/1030 1036/1036/1036 1031/1031/1031
f 1031/1031/1031 1036/1036/1036 1037/1037/1037
f 1031/1031/1031 1037/1037/1037 1032/1032/1032
f 1032/1032/1032 1037/1037/1037 1038/1038/1038
f 1032/1032/1032 1038/1038/1038 1033/1033/1033
f 1033/1033/1033 1038/1038/1038 1039/1039/1039
f 1040/1040/1040 1046/1046/1046 1041/1041/1041
f 1041/1041/1041 1046/1046/1046 1047/1047/1047
f 1041/1041/1041 1047/1047/1047 1042/1042/1042
f 1042/1042/1042 1047/1047/1047 1048/1048/1048
f 1042/1042/1042 1048/1048/1048 1043/1043/1043
f 1043/1043/1043 1048/1048/1048 1049/1049/1049
f 1043/1043/1043 1049/1049/1049 1044/1044/1044
f 1044/1044/1044 1049/1049/1049 1050/1050/1050
f 1044/1044/1044 1050/1050/1050 1045/1045/1045
f 1045/1045/1045 1050/1050/1050 1051/1051/1051
f 1046/1046/1046 1052/1052/1052 1047/1047/1047
f 1047/1047/1047 1052/1052/1052 1053/1053/1053
f 1047/1047/1047 1053/1053/1053 1048/1048/1048
f 1048/1048/1048 1053/1053/1053 1054/1054/1054
f 1048/1048/1048 1054/1054/1054 1049/1049/1049
f 1049/1049/1049 1054/1054/1054 1055/1055/1055
f 1049/1049/1049 1055/1055/1055 1050/1050/1050
f 1050/1050/1050 1055/1055/1055 1056/1056/1056
f 1050/1050/1050 1056/1056/1056 1051/1051/1051
f 1051/1051/1051 1056/1056/1056 1057/1057/1057
f 1052/1052/1052 1058/1058/1058 1053/1053/1053
f 1053/1053/1053 1058/1058/1058 1059/1059/1059
f 1053/1053/1053 1059/1059/1059 1054/1054/1054
f 1054/1054/1054 1059/1059/1059 1060/1060/1060
f 1054/1054/1054 1060/1060/1060 1055/1055/1055
f 1055/1055/1055 1060/1060/1060 1061/1061/1061
f 1055/1055/1055 1061/1061/1061 1056/1056/1056
f 1056/1056/1056 1061/1061/1061 1062/1062/1062
f 1056/1056/1056 1062/1062/1062 1057/1057/1057
f 1057/1057/1057 1062/1062/1062 1063/1063/1063
f 1058/1058/1058 1064/1064/1064 1059/1059/1059
f 1059/1059/1059 1064/1064/1064 1065/1065/1065
f 1059/1059/1059 1065/1065/1065 1060/1060/1060
f 1060/1060/1060 1065/1065/1065 1066/1066/1066
f 1060/1060/1060 1066/1066/1066 1061/1061/1061
f 1061/1061/1061 1066/1066/1066 1067/1067/1067
f 1061/1061/1061 1067/1067/1067 1062/1062/1062
f 1062/1062/1062 1067/1067/1067 1068/1068/1068
f 1062/1062/1062 1068/1068/1068 1063/1063/1063
f 1063/1063/1063 1068/1068/1068 1069/1069/1069
f 1064/1064/1064 1070/1070/1070 1065/1065/1065
f 1065/1065/1065 1070/1070/1070 1071/1071/1071
f 1065/1065/1065 1071/1071/1071 1066/1066/1066
f 1066/1066/1066 1071/1071/1071 1072/1072/1072
f 1066/1066/1066 1072/1072/1072 1067/1067/1067
f 1067/1067/1067 1072/1072/1072 1073/1073/1073
f 1067/1067/1067 1073/1073/1073 1068/1068/1068
f 1068/1068/1068 1073/1073/1073 1074/1074/1074
f 1068/1068/1068 1074/1074/1074 1069/1069/1069
f 1069/1069/1069 1074/1074/1074 1075/1075/1075
f 1070/1070/1070 1076/1076/1076 1071/1071/1071
f 1071/1071/1071 1076/1076/1076 1077/1077/1077
f 1071/1071/1071 1077/1077/1077 1072/1072/1072
f 1072/1072/1072 1077/1077/1077 1078/1078/1078
f 1072/1072/1072 1078/1078/1078 1073/1073/1073
f 1073/1073/1073 1078/1078/1078 1079/1079/1079
f 1073/1073/1073 1079/1079/1079 1074/1074/1074
f 1074/1074/1074 1079/1079/1079 1080/1080/1080
f 1074/1074/1074 1080/1080/1080 1075/1075/1075
f 1075/1075/1075 1080/1080/1080 1081/1081/1081
f 1082/1082/1082 1088/1088/1088 1083/1083/1083
f 1083/1083/1083 1088/1088/1088 1089/1089/1089
f 1083/1083/1083 1089/1089/1089 1084/1084/1084
f 1084/1084/1084 1089/1089/1089 1090/1090/1090
f 1084/1084/1084 1090/1090/1090 1085/1085/1085
f 1085/1085/1085 1090/1090/1090 1091/1091/1091
f 1085/1085/1085 1091/1091/1091 1086/1086/1086
f 1086/1086/1086 1091/1091/1091 1092/1092/1092
f 1086/1086/1086 1092/1092/1092 1087/1087/1087
f 1087/1087/1087 1092/1092/1092 1093/1093/1093
f 1088/1088/1088 1094/1094/1094 1089/1089/1089
f 1089/1089/1089 1094/1094/1094 1095/1095/1095
f 1089/1089/1089 1095/1095/1095 1090/1090/1090
f 1090/1090/1090 1095/1095/1095 1096/1096/1096
f 1090/1090/1090 1096/1096/1096 1091/1091/1091
f 1091/1091/1091 1096/1096/1096 1097/1097/1097
f 1091/1091/1091 1097/1097/1097 1092/1092/1092
f 1092/1092/1092 1097/1097/1097 1098/1098/1098
f 1092/1092/1092 1098/1098/1098 1093/1093/1093
f 1093/1093/1093 1098/1098/1098 1099/1099/1099
f 1094/1094/1094 1100/1100/1100 1095/1095/1095
f 1095/1095/1095 1100/1100/1100 1101/1101/1101
f 1095/1095/1095 1101/1101/1101 1096/1096/1096
f 1096/1096/1096 1101/1101/1101 1102/1102/1102
f 1096/1096/1096 1102/1102/1102 1097/1097/1097
f 1097/1097/1097 1102/1102/1102 1103/1103/1103
f 1097/1097/1097 1103/1103/1103 1098/1098/1098
f 1098/1098/1098 1103/1103/1103 1104/1104/1104
f 1098/1098/1098 1104/1104/1104 1099/1099/1099
f 1099/1099/1099 1104/1104/1104 1105/1105/1105
f 1100/1100/1100 1106/1106/1106 1101/1101/1101
f 1101/1101/1101 1106/1106/1106 1107/1107/1107
f 1101/1101/1101 1107/1107/1107 1102/1102/1102
f 1102/1102/1102 1107/1107/1107 1108/1108/1108
f 1102/1102/1102 1108/1108/1108 1103/1103/1103
f 1103/1103/1103 1108/1108/1108 1109/1109/1109
f 1103/1103/1103 1109/1109/1109 1104/1104/1104
f 1104/1104/1104 1109/1109/1109 1110/1110/1110
f 1104/1104/1104 1110/1110/1110 1105/1105/1105
f 1105/1105/1105 1110/1110/1110 1111/1111/1111
f 1106/1106/1106 1112/1112/1112 1107/1107/1107
f 1107/1107/1107 1112/1112/1112 1113/1113/1113
f 1107/1107/1107 1113/1113/1113 1108/1108/1108
f 1108/1108/1108 1113/1113/1113 1114/1114/1114
f 1108/1108/1108 1114/1114/1114 1109/1109/1109
f 1109/1109/1109 1114/1114/1114 1115/1115/1115
f 1109/1109/1109 1115/1115/1115 1110/1110/1110
f 1110/1110/1110 1115/1115/1115 1116/1116/1116
f 1110/1110/1110 1116/1116/1116 1111/1111/1111
f 1111/1111/1111 1116/1116/1116 1117/1117/1117
f 1112/1112/1112 1118/1118/1118 1113/1113/1113
f 1113/1113/1113 1118/1118/1118 1119/1119/1119
f 1113/1113/1113 1119/1119/1119 1114/1114/1114
f 1114/1114/1114 1119/1119/1119 1120/1120/1120
f 1114/1114/1114 1120/1120/1120 1115/1115/1115
f 1115/1115/1115 1120/1120/1120 1121/1121/1121
f 1115/1115/1115 1121/1121/1121 1116/1116/1116
f 1116/1116/1116 1121/1121/1121 1122/1122/1122
f 1116/1116/1116 1122/1122/1122 1117/1117/1117
f 1117/1117/1117 1122/1122/1122 1123/1123/1123
f 1124/1124/1124 1130/1130/1130 1125/1125/1125
f 1125/1125/1125 1130/1130/1130 1131/1131/1131
f 1125/1125/1125 1131/1131/1131 1126/1126/1126
f 1126/1126/1126 1131/1131/1131 1132/1132/1132
f 1126/1126/1126 1132/1132/1132 1127/1127/1127
f 1127/1127/1127 1132/1132/1132 1133/1133/1133
f 1127/1127/1127 1133/1133/1133 1128/1128/1128
f 1128/1128/1128 1133/1133/1133 1134/1134/1134
f 1128/1128/1128 1134/1134/1134 1129/1129/1129
f 1129/1129/1129 1134/1134/1134 1135/1135/1135
f 1130/1130/1130 1136/1136/1136 1131/1131/1131
f 1131/1131/1131 1136/1136/1136 1137/1137/1137
f 1131/1131/1131 1137/1137/1137 1132/1132/1132
f 1132/1132/1132 1137/1137/1137 1138/1138/1138
f 1132/1132/1132 1138/1138/1138 1133/1133/1133
f 1133/1133/1133 1138/1138/1138 1139/1139/1139
f 1133/1133/1133 1139/1139/1139 1134/1134/1134
f 1134/1134/1134 1139/1139/1139 1140/1140/1140
f 1134/1134/1134 1140/1140/1140 1135/1135/1135
f 1135/1135/1135 1140/1140/1140 1141/1141/1141
f 1136/1136/1136 1142/1142/1142 1137/1137/1137
f 1137/1137/1137 1142/1142/1142 1143/1143/1143
f 1137/1137/1137 1143/1143/1143 1138/1138/1138
f 1138/1138/1138 1143/1143/1143 1144/1144/1144
f 1138/1138/1138 1144/1144/1144 1139/1139/1139
f 1139/1139/1139 1144/1144/1144 1145/1145/1145
f 1139/1139/1139 1145/1145/1145 1140/1140/1140
f 1140/1140/1140 1145/1145/1145 1146/1146/1146
f 1140/1140/1140 1146/1146/1146 1141/1141/1141
f 1141/1141/1141 1146/1146/1146 1147/1147/1147
f 1142/1142/1142 1148/1148/1148 1143/1143/1143
f 1143/1143/1143 1148/1148/1148 1149/1149/1149
f 1143/1143/1143 1149/1149/1149 1144/1144/1144
f 1144/1144/1144 1149/1149/1149 1150/1150/1150
f 1144/1144/1144 1150/1150/1150 1145/1145/1145
f 1145/1145/1145 1150/1150/1150 1151/1151/1151
f 1145/1145/1145 1151/1151/1151 1146/1146/1146
f 1146/1146/1146 1151/1151/1151 1152/1152/1152
f 1146/1146/1146 1152/1152/1152 1147/1147/1147
f 1147/1147/1147 1152/1152/1152 1153/1153/1153
f 1148/1148/1148 1154/1154/1154 1149/1149/1149
f 1149/1149/1149 1154/1154/1154 1155/1155/1155
f 1149/1149/1149 1155/1155/1155 1150/1150/1150
f 1150/1150/1150 1155/1155/1155 1156/1156/1156
f 1150/1150/1150 1156/1156/1156 1151/1151/1151
f 1151/1151/1151 1156/1156/1156 1157/1157/1157
f 1151/1151/1151 1157/1157/1157 1152/1152/1152
f 1152/1152/1152 1157/1157/1157 1158/1158/1158
f 1152/1152/1152 1158/1158/1158 1153/1153/1153
f 1153/1153/1153 1158/1158/1158 1159/1159/1159
f 1154/1154/1154 1160/1160/1160 1155/1155/1155
f 1155/1155/1155 1160/1160/1160 1161/1161/1161
f 1155/1155/1155 1161/1161/1161 1156/1156/1156
f 1156/1156/1156 1161/1161/1161 1162/1162/1162
f 1156/1156/1156 1162/1162/1162 1157/1157/1157
f 1157/1157/1157 1162/1162/1162 1163/1163/1163
f 1157/1157/1157 1163/1163/1163 1158/1158/1158
f 1158/1158/1158 1163/1163/1163 1164/1164/1164
f 1158/1158/1158 1164/1164/1164 1159/1159/1159
f 1159/1159/1159 1164/1164/1164 1165/1165/1165
f 1166/1166/1166 1172/1172/1172 1167/1167/1167
f 1167/1167/1167 1172/1172/1172 1173/1173/1173
f 1167/1167/1167 1173/1173/1173 1168/1168/1168
f 1168/1168/1168 1173/1173/1173 1174/1174/1174
f 1168/1168/1168 1174/1174/1174 1169/1169/1169
f 1169/1169/1169 1174/1174/1174 1175/1175/1175
f 1169/1169/1169 1175/1175/1175 1170/1170/1170
f 1170/1170/1170 1175/1175/1175 1176/1176/1176
f 1170/1170/1170 1176/1176/1176 1171/1171/1171
f 1171/1171/1171 1176/1176/1176 1177/1177/1177
f 1172/1172/1172 1178/1178/1178 1173/1173/1173
f 1173/1173/1173 1178/1178/1178 1179/1179/1179
f 1173/1173/1173 1179/1179/1179 1174/1174/1174
f 1174/1174/1174 1179/1179/1179 1180/1180/1180
f 1174/1174/1174 1180/1180/1180 1175/1175/1175
f 1175/1175/1175 1180/1180/1180 1181/1181/1181
f 1175/1175/1175 1181/1181/1181 1176/1176/1176
f 1176/1176/1176 1181/1181/1181 1182/1182/1182
f 1176/1176/1176 1182/1182/1182 1177/1177/1177
f 1177/1177/1177 1182/1182/1182 1183/1183/1183
f 1178/1178/1178 1184/1184/1184 1179/1179/1179
f 1179/1179/1179 1184/1184/1184 1185/1185/1185
f 1179/1179/1179 1185/1185/1185 1180/1180/1180
f 1180/1180/1180 1185/1185/1185 1186/1186/1186
f 1180/1180/1180 1186/1186/1186 1181/1181/1181
f 1181/1181/1181 1186/1186/1186 1187/1187/1187
f 1181/1181/1181 1187/1187/1187 1182/1182/1182
f 1182/1182/1182 1187/1187/1187 1188/1188/1188
f 1182/1182/1182 1188/1188/1188 1183/1183/1183
f 1183/1183/1183 1188/1188/1188 1189/1189/1189
f 1184/1184/1184 1190/1190/1190 1185/1185/1185
f 1185/1185/1185 1190/1190/1190 1191/1191/1191
f 1185/1185/1185 1191/1191/1191 1186/1186/1186
f 1186/1186/1186 1191/1191/1191 1192/1192/1192
f 1186/1186/1186 1192/1192/1192 1187/1187/1187
f 1187/1187/1187 1192/1192/1192 1193/1193/1193
f 1187/1187/1187 1193/1193/1193 1188/1188/1188
f 1188/1188/1188 1193/1193/1193 1194/1194/1194
f 1188/1188/1188 1194/1194/1194 1189/1189/1189
f 1189/1189/1189 1194/1194/1194 1195/1195/1195
f 1190/1190/1190 1196/1196/1196 1191/1191/1191
f 1191/1191/1191 1196/1196/1196 1197/1197/1197
f 1191/1191/1191 1197/1197/1197 1192/1192/1192
f 1192/1192/1192 1197/1197/1197 1198/1198/1198
f 1192/1192/1192 1198/1198/1198 1193/1193/1193
f 1193/1193/1193 1198/1198/1198 1199/1199/1199
f 1193/1193/1193 1199/1199/1199 1194/1194/1194
f 1194/1194/1194 1199/1199/1199 1200/1200/1200
f 1194/1194/1194 1200/1200/1200 1195/1195/1195
f 1195/1195/1195 1200/1200/1200 1201/1201/1201
f 1196/1196/1196 1202/1202/1202 1197/1197/1197
f 1197/1197/1197 1202/1202/1202 1203/1203/1203
f 1197/1197/1197 1203/1203/1203 1198/1198/1198
f 1198/1198/1198 1203/1203/1203 1204/1204/1204
f 1198/1198/1198 1204/1204/1204 1199/1199/1199
f 1199/1199/1199 1204/1204/1204 1205/1205/1205
f 1199/1199/1199 1205/1205/1205 1200/1200/1200
f 1200/1200/1200 1205/1205/1205 1206/1206/1206
f 1200/1200/1200 1206/1206/1206 1201/1201/1201
f 1201/1201/1201 1206/1206/1206 1207/1207/1207
f 1208/1208/1208 1214/1214/1214 1209/1209/1209
f 1209/1209/1209 1214/1214/1214 1215/1215/1215
f 1209/1209/1209 1215/1215/1215 1210/1210/1210
f 1210/1210/1210 1215/1215/1215 1216/1216/1216
f 1210/1210/1210 1216/1216/1216 1211/1211/1211
f 1211/1211/1211 1216/1216/1216 1217/1217/1217
f 1211/1211/1211 1217/1217/1217 1212/1212/1212
f 1212/1212/1212 1217/1217/1217 1218/1218/1218
f 1212/1212/1212 1218/1218/1218 1213/1213/1213
f 1213/1213/1213 1218/1218/1218 1219/1219/1219
f 1214/1214/1214 1220/1220/1220 1215/1215/1215
f 1215/1215/1215 1220/1220/1220 1221/1221/1221
f 1215/1215/1215 1221/1221/1221 1216/1216/1216
f 1216/1216/1216 1221/1221/1221 1222/1222/1222
f 1216/1216/1216 1222/1222/1222 1217/1217/1217
f 1217/1217/1217 1222/1222/1222 1223/1223/1223
f 1217/1217/1217 1223/1223/1223 1218/1218/1218
f 1218/1218/1218 1223/1223/1223 1224/1224/1224
f 1218/1218/1218 1224/1224/1224 1219/1219/1219
f 1219/1219/1219 1224/1224/1224 1225/1225/1225
f 1220/1220/1220 1226/1226/1226 1221/1221/1221
f 1221/1221/1221 1226/1226/1226 1227/1227/1227
f 1221/1221/1221 1227/1227/1227 1222/1222/1222
f 1222/1222/1222 1227/1227/1227 1228/1228/1228
f 1222/1222/1222 1228/1228/1228 1223/1223/1223
f 1223/1223/1223 1228/1228/1228 1229/1229/1229
f 1223/1223/1223 1229/1229/1229 1224/1224/1224
f 1224/1224/1224 1229/1229/1229 1230/1230/1230
f 1224/1224/1224 1230/1230/1230 1225/1225/1225
f 1225/1225/1225 1230/1230/1230 1231/1231/1231
f 1226/1226/1226 1232/1232/1232 1227/1227/1227
f 1227/1227/1227 1232/1232/1232 1233/1233/1233
f 1227/1227/1227 1233/1233/1233 1228/1228/1228
f 1228/1228/1228 1233/1233/1233 1234/1234/1234
f 1228/1228/1228 1234/1234/1234 1229/1229/1229
f 1229/1229/1229 1234/1234/1234 1235/1235/1235
f 1229/1229/1229 1235/1235/1235 1230/1230/1230
f 1230/1230/1230 1235/1235/1235 1236/1236/1236
f 1230/1230/1230 1236/1236/1236 1231/1231/1231
f 1231/1231/1231 1236/1236/1236 1237/1237/1237
f 1232/1232/1232 1238/1238/1238 1233/1233/1233
f 1233/1233/1233 1238/1238/1238 1239/1239/1239
f 1233/1233/1233 1239/1239/1239 1234/1234/1234
f 1234/1234/1234 1239/1239/1239 1240/1240/1240
f 1234/1234/1234 1240/1240/1240 1235/1235/1235
f 1235/1235/1235 1240/1240/1240 1241/1241/1241
f 1235/1235/1235 1241/1241/1241 1236/1236/1236
f 1236/1236/1236 1241/1241/1241 1242/1242/1242
f 1236/1236/1236 1242/1242/1242 1237/1237/1237
f 1237/1237/1237 1242/1242/1242 1243/1243/1243
f 1238/1238/1238 1244/1244/1244 1239/1239/1239
f 1239/1239/1239 1244/1244/1244 1245/1245/1245
f 1239/1239/1239 1245/1245/1245 1240/1240/1240
f 1240/1240/1240 1245/1245/1245 1246/1246/1246
f 1240/1240/1240 1246/1246/1246 1241/1241/1241
f 1241/1241/1241 1246/1246/1246 1247/1247/1247
f 1241/1241/1241 1247/1247/1247 1242/1242/1242
f 1242/1242/1242 1247/1247/1247 1248/1248/1248
f 1242/1242/1242 1248/1248/1248 1243/1243/1243
f 1243/1243/1243 1248/1248/1248 1249/1249/1249
f 1250/1250/1250 1256/1256/1256 1251/1251/1251
f 1251/1251/1251 1256/1256/1256 1257/1257/1257
f 1251/1251/1251 1257/1257/1257 1252/1252/1252
f 1252/1252/1252 1257/1257/1257 1258/1258/1258
f 1252/1252/1252 1258/1258/1258 1253/1253/1253
f 1253/1253/1253 1258/1258/1258 1259/1259/1259
f 1253/1253/1253 1259/1259/1259 1254/1254/1254
f 1254/1254/1254 1259/1259/1259 1260/1260/1260
f 1254/1254/1254 1260/1260/1260 1255/1255/1255
f 1255/1255/1255 1260/1260/1260 1261/1261/1261
f 1256/1256/1256 1262/1262/1262 1257/1257/1257
f 1257/1257/1257 1262/1262/1262 1263/1263/1263
f 1257/1257/1257 1263/1263/1263 1258/1258/1258
f 1258/1258/1258 1263/1263/1263 1264/1264/1264
f 1258/1258/1258 1264/1264/1264 1259/1259/1259
f 1259/1259/1259 1264/1264/1264 1265/1265/1265
f 1259/1259/1259 1265/1265/1265 1260/1260/1260
f 1260/1260/1260 1265/1265/1265 1266/1266/1266
f 1260/1260/1260 1266/1266/1266 1261/1261/1261
f 1261/1261/1261 1266/1266/1266 1267/1267/1267
f 1262/1262/1262 1268/1268/1268 1263/1263/1263
f 1263/1263/1263 1268/1268/1268 1269/1269/1269
f 1263/1263/1263 1269/1269/1269 1264/1264/1264
f 1264/1264/1264 1269/1269/1269 1270/1270/1270
f 1264/1264/1264 1270/1270/1270 1265/1265/1265
f 1265/1265/1265 1270/1270/1270 1271/1271/1271
f 1265/1265/1265 1271/1271/1271 1266/1266/1266
f 1266/1266/1266 1271/1271/1271 1272/1272/1272
f 1266/1266/1266 1272/1272/1272 1267/1267/1267
f 1267/1267/1267 1272/1272/1272 1273/1273/1273
f 1268/1268/1268 1274/1274/1274 1269/1269/1269
f 1269/1269/1269 1274/1274/1274 1275/1275/1275
f 1269/1269/1269 1275/1275/1275 1270/1270/1270
f 1270/1270/1270 1275/1275/1275 1276/1276/1276
f 1270/1270/1270 1276/1276/1276 1271/1271/1271
f 1271/1271/1271 1276/1276/1276 1277/1277/1277
f 1271/1271/1271 1277/1277/1277 1272/1272/1272
f 1272/1272/1272 1277/1277/1277 1278/1278/1278
f 1272/1272/1272 1278/1278/1278 1273/1273/1273
f 1273/1273/1273 1278/1278/1278 1279/1279/1279
f 1274/1274/1274 1280/1280/1280 1275/1275/1275
f 1275/1275/1275 1280/1280/1280 1281/1281/1281
f 1275/1275/1275 1281/1281/1281 1276/1276/1276
f 1276/1276/1276 1281/1281/1281 1282/1282/1282
f 1276/1276/1276 1282/1282/1282 1277/1277/1277
f 1277/1277/1277 1282/1282/1282 1283/1283/1283
f 1277/1277/1277 1283/1283/1283 1278/1278/1278
f 1278/1278/1278 1283/1283/1283 1284/1284/1284
f 1278/1278/1278 1284/1284/1284 1279/1279/1279
f 1279/1279/1279 1284/1284/1284 1285/1285/1285
f 1280/1280/1280 1286/1286/1286 1281/1281/1281
f 1281/1281/1281 1286/1286/1286 1287/1287/1287
f 1281/1281/1281 1287/1287/1287 1282/1282/1282
f 1282/1282/1282 1287/1287/1287 1288/1288/1288
f 1282/1282/1282 1288/1288/1288 1283/1283/1283
f 1283/1283/1283 1288/1288/1288 1289/1289/1289
f 1283/1283/1283 1289/1289/1289 1284/1284/1284
f 1284/1284/1284 1289/1289/1289 1290/1290/1290
f 1284/1284/1284 1290/1290/1290 1285/1285/1285
f 1285/1285/1285 1290/1290/1290 1291/1291/1291
f 1292/1292/1292 1298/1298/1298 1293/1293/1293
f 1293/1293/1293 1298/1298/1298 1299/1299/1299
f 1293/1293/1293 1299/1299/1299 1294/1294/1294
f 1294/1294/1294 1299/1299/1299 1300/1300/1300
f 1294/1294/1294 1300/1300/1300 1295/1295/1295
f 1295/1295/1295 1300/1300/1300 1301/1301/1301
f 1295/1295/1295 1301/1301/1301 1296/1296/1296
f 1296/1296/1296 1301/1301/1301 1302/1302/1302
f 1296/1296/1296 1302/1302/1302 1297/1297/1297
f 1297/1297/1297 1302/1302/1302 1303/1303/1303
f 1298/1298/1298 1304/1304/1304 1299/1299/1299
f 1299/1299/1299 1304/1304/1304 1305/1305/1305
f 1299/1299/1299 1305/1305/1305 1300/1300/1300
f 1300/1300/1300 1305/1305/1305 1306/1306/1306
f 1300/1300/1300 1306/1306/1306 1301/1301/1301
f 1301/1301/1301 1306/1306/1306 1307/1307/1307
f 1301/1301/1301 1307/1307/1307 1302/1302/1302
f 1302/1302/1302 1307/1307/1307 1308/1308/1308
f 1302/1302/1302 1308/1308/1308 1303/1303/1303
f 1303/1303/1303 1308/1308/1308 1309/1309/1309
f 1304/1304/1304 1310/1310/1310 1305/1305/1305
f 1305/1305/1305 1310/1310/1310 1311/1311/1311
f 1305/1305/1305 1311/1311/1311 1306/1306/1306
f 1306/1306/1306 1311/1311/1311 1312/1312/1312
f 1306/1306/1306 1312/1312/1312 1307/1307/1307
f 1307/1307/1307 1312/1312/1312 1313/1313/1313
f 1307/1307/1307 1313/1313/1313 1308/1308/1308
f 1308/1308/1308 1313/1313/1313 1314/1314/1314
f 1308/1308/1308 1314/1314/1314 1309/1309/1309
f 1309/1309/1309 1314/1314/1314 1315/1315/1315
f 1310/1310/1310 1316/1316/1316 1311/1311/1311
f 1311/1311/1311 1316/1316/1316 1317/1317/1317
f 1311/1311/1311 1317/1317/1317 1312/1312/1312
f 1312/1312/1312 1317/1317/1317 1318/1318/1318
f 1312/1312/1312 1318/1318/1318 1313/1313/1313
f 1313/1313/1313 1318/1318/1318 1319/1319/1319
f 1313/1313/1313 1319/1319/1319 1314/1314/1314
f 1314/1314/1314 1319/1319/1319 1320/1320/1320
f 1314/1314/1314 1320/1320/1320 1315/1315/1315
f 1315/1315/1315 1320/1320/1320 1321/1321/1321
f 1316/1316/1316 1322/1322/1322 1317/1317/1317
f 1317/1317/1317 1322/1322/1322 1323/1323/1323
f 1317/1317/1317 1323/1323/1323 1318/1318/1318
f 1318/1318/1318 1323/1323/1323 1324/1324/1324
f 1318/1318/1318 1324/1324/1324 1319/1319/1319
f 1319/1319/1319 1324/1324/1324 1325/1325/1325
f 1319/1319/1319 1325/1325/1325 1320/1320/1320
f 1320/1320/1320 1325/1325/1325 1326/1326/1326
f 1320/1320/1320 1326/1326/1326 1321/1321/1321
f 1321/1321/1321 1326/1326/1326 1327/1327/1327
f 1322/1322/1322 1328/1328/1328 1323/1323/1323
f 1323/1323/1323 1328/1328/1328 1329/1329/1329
f 1323/1323/1323 1329/1329/1329 1324/1324/1324
f 1324/1324/1324 1329/1329/1329 1330/1330/1330
f 1324/1324/1324 1330/1330/1330 1325/1325/1325
f 1325/1325/1325 1330/1330/1330 1331/1331/1331
f 1325/1325/1325 1331/1331/1331 1326/1326/1326
f 1326/1326/1326 1331/1331/1331 1332/1332/1332
f 1326/1326/1326 1332/1332/1332 1327/1327/1327
f 1327/1327/1327 1332/1332/1332 1333/1333/1333
f 1334/1334/1334 1340/1340/1340 1335/1335/1335
f 1335/1335/1335 1340/1340/1340 1341/1341/1341
f 1335/1335/1335 1341/1341/1341 1336/1336/1336
f 1336/1336/1336 1341/1341/1341 1342/1342/1342
f 1336/1336/1336 1342/1342/1342 1337/1337/1337
f 1337/1337/1337 1342/1342/1342 1343/1343/1343
f 1337/1337/1337 1343/1343/1343 1338/1338/1338
f 1338/1338/1338 1343/1343/1343 1344/1344/1344
f 1338/1338/1338 1344/1344/1344 1339/1339/1339
f 1339/1339/1339 1344/1344/1344 1345/1345/1345
f 1340/1340/1340 1346/1346/1346 1341/1341/1341
f 1341/1341/1341 1346/1346/1346 1347/1347/1347
f 1341/1341/1341 1347/1347/1347 1342/1342/1342
f 1342/1342/1342 1347/1347/1347 1348/1348/1348
f 1342/1342/1342 1348/1348/1348 1343/1343/1343
f 1343/1343/1343 1348/1348/1348 1349/1349/1349
f 1343/1343/1343 1349/1349/1349 1344/1344/1344
f 1344/1344/1344 1349/1349/1349 1350/1350/1350
f 1344/1344/1344 1350/1350/1350 1345/1345/1345
f 1345/1345/1345 1350/1350/1350 1351/1351/1351
f 1346/1346/1346 1352/1352/1352 1347/1347/1347
f 1347/1347/1347 1352/1352/1352 1353/1353/1353
f 1347/1347/1347 1353/1353/1353 1348/1348/1348
f 1348/1348/1348 1353/1353/1353 1354/1354/1354
f 1348/1348/1348 1354/1354/1354 1349/1349/1349
f 1349/1349/1349 1354/1354/1354 1355/1355/1355
f 1349/1349/1349 1355/1355/1355 1350/1350/1350
f 1350/1350/1350 1355/1355/1355 1356/1356/1356
f 1350/1350/1350 1356/1356/1356 1351/1351/1351
f 1351/1351/1351 1356/1356/1356 1357/1357/1357
f 1352/1352/1352 1358/1358/1358 1353/1353/1353
f 1353/1353/1353 1358/1358/1358 1359/1359/1359
f 1353/1353/1353 1359/1359/1359 1354/1354/1354
f 1354/1354/1354 1359/1359/1359 1360/1360/1360
f 1354/1354/1354 1360/1360/1360 1355/1355/1355
f 1355/1355/1355 1360/1360/1360 1361/1361/1361
f 1355/1355/1355 1361/1361/1361 1356/1356/1356
f 1356/1356/1356 1361/1361/1361 1362/1362/1362
f 1356/1356/1356 1362/1362/1362 1357/1357/1357
f 1357/1357/1357 1362/1362/1362 1363/1363/1363
f 1358/1358/1358 1364/1364/1364 1359/1359/1359
f 1359/1359/1359 1364/1364/1364 1365/1365/1365
f 1359/1359/1359 1365/1365/1365 1360/1360/1360
f 1360/1360/1360 1365/1365/1365 1366/1366/1366
f 1360/1360/1360 1366/1366/1366 1361/1361/1361
f 1361/1361/1361 1366/1366/1366 1367/1367/1367
f 1361/1361/1361 1367/1367/1367 1362/1362/1362
f 1362/1362/1362 1367/1367/1367 1368/1368/1368
f 1362/1362/1362 1368/1368/1368 1363/1363/1363
f 1363/1363/1363 1368/1368/1368 1369/1369/1369
f 1364/1364/1364 1370/1370/1370 1365/1365/1365
f 1365/1365/1365 1370/1370/1370 1371/1371/1371
f 1365/1365/1365 1371/1371/1371 1366/1366/1366
f 1366/1366/1366 1371/1371/1371 1372/1372/1372
f 1366/1366/1366 1372/1372/1372 1367/1367/1367
f 1367/1367/1367 1372/1372/1372 1373/1373/1373
f 1367/1367/1367 1373/1373/1373 1368/1368/1368
f 1368/1368/1368 1373/1373/1373 1374/1374/1374
f 1368/1368/1368 1374/1374/1374 1369/1369/1369
f 1369/1369/1369 1374/1374/1374 1375/1375/1375
f 1376/1376/1376 1382/1382/1382 1377/1377/1377
f 1377/1377/1377 1382/1382/1382 1383/1383/1383
f 1377/1377/1377 1383/1383/1383 1378/1378/1378
f 1378/1378/1378 1383/1383/1383 1384/1384/1384
f 1378/1378/1378 1384/1384/1384 1379/1379/1379
f 1379/1379/1379 1384/1384/1384 1385/1385/1385
f 1379/1379/1379 1385/1385/1385 1380/1380/1380
f 1380/1380/1380 1385/1385/1385 1386/1386/1386
f 1380/1380/1380 1386/1386/1386 1381/1381/1381
f 1381/1381/1381 1386/1386/1386 1387/1387/1387
f 1382/1382/1382 1388/1388/1388 1383/1383/1383
f 1383/1383/1383 1388/1388/1388 1389/1389/1389
f 1383/1383/1383 1389/1389/1389 1384/1384/1384
f 1384/1384/1384 1389/1389/1389 1390/1390/1390
f 1384/1384/1384 1390/1390/1390 1385/1385/1385
f 1385/1385/1385 1390/1390/1390 1391/1391/1391
f 1385/1385/1385 1391/1391/1391 1386/1386/1386
f 1386/1386/1386 1391/1391/1391 1392/1392/1392
f 1386/1386/1386 1392/1392/1392 1387/1387/1387
f 1387/1387/1387 1392/1392/1392 1393/1393/1393
f 1388/1388/1388 1394/1394/1394 1389/1389/1389
f 1389/1389/1389 1394/1394/1394 1395/1395/1395
f 1389/1389/1389 1395/1395/1395 1390/1390/1390
f 1390/1390/1390 1395/1395/1395 1396/1396/1396
f 1390/1390/1390 1396/1396/1396 1391/1391/1391
f 1391/1391/1391 1396/1396/1396 1397/1397/1397
f 1391/1391/1391 1397/1397/1397 1392/1392/1392
f 1392/1392/1392 1397/1397/1397 1398/1398/1398
f 1392/1392/1392 1398/1398/1398 1393/1393/1393
f 1393/1393/1393 1398/1398/1398 1399/1399/1399
f 1394/1394/1394 1400/1400/1400 1395/1395/1395
f 1395/1395/1395 1400/1400/1400 1401/1401/1401
f 1395/1395/1395 1401/1401/1401 1396/1396/1396
f 1396/1396/1396 1401/1401/1401 1402/1402/1402
f 1396/1396/1396 1402/1402/1402 1397/1397/1397
f 1397/1397/1397 1402/1402/1402 1403/1403/1403
f 1397/1397/1397 1403/1403/1403 1398/1398/1398
f 1398/1398/1398 1403/1403/1403 1404/1404/1404
f 1398/1398/1398 1404/1404/1404 1399/1399/1399
f 1399/1399/1399 1404/1404/1404 1405/1405/1405
f 1400/1400/1400 1406/1406/1406 1401/1401/1401
f 1401/1401/1401 1406/1406/1406 1407/1407/1407
f 1401/1401/1401 1407/1407/1407 1402/1402/1402
f 1402/1402/1402 1407/1407/1407 1408/1408/1408
f 1402/1402/1402 1408/1408/1408 1403/1403/1403
f 1403/1403/1403 1408/1408/1408 1409/1409/1409
f 1403/1403/1403 1409/1409/1409 1404/1404/1404
f 1404/1404/1404 1409/1409/1409 1410/1410/1410
f 1404/1404/1404 1410/1410/1410 1405/1405/1405
f 1405/1405/1405 1410/1410/1410 1411/1411/1411
f 1406/1406/1406 1412/1412/1412 1407/1407/1407
f 1407/1407/1407 1412/1412/1412 1413/1413/1413
f 1407/1407/1407 1413/1413/1413 1408/1408/1408
f 1408/1408/1408 1413/1413/1413 1414/1414/1414
f 1408/1408/1408 1414/1414/1414 1409/1409/1409
f 1409/1409/1409 1414/1414/1414 1415/1415/1415
f 1409/1409/1409 1415/1415/1415 1410/1410/1410
f 1410/1410/1410 1415/1415/1415 1416/1416/1416
f 1410/1410/1410 1416/1416/1416 1411/1411/1411
f 1411/1411/1411 1416/1416/1416 1417/1417/1417
f 1418/1418/1418 1424/1424/1424 1419/1419/1419
f 1419/1419/1419 1424/1424/1424 1425/1425/1425
f 1419/1419/1419 1425/1425/1425 1420/1420/1420
f 1420/1420/1420 1425/1425/1425 1426/1426/1426
f 1420/1420/1420 1426/1426/1426 1421/1421/1421
f 1421/1421/1421 1426/1426/1426 1427/1427/1427
f 1421/1421/1421 1427/1427/1427 1422/1422/1422
f 1422/1422/1422 1427/1427/1427 1428/1428/1428
f 1422/1422/1422 1428/1428/1428 1423/1423/1423
f 1423/1423/1423 1428/1428/1428 1429/1429/1429
f 1424/1424/1424 1430/1430/1430 1425/1425/1425
f 1425/1425/1425 1430/1430/1430 1431/1431/1431
f 1425/1425/1425 1431/1431/1431 1426/1426/1426
f 1426/1426/1426 1431/1431/1431 1432/1432/1432
f 1426/1426/1426 1432/1432/1432 1427/1427/1427
f 1427/1427/1427 1432/1432/1432 1433/1433/1433
f 1427/1427/1427 1433/1433/1433 1428/1428/1428
f 1428/1428/1428 1433/1433/1433 1434/1434/1434
f 1428/1428/1428 1434/1434/1434 1429/1429/1429
f 1429/1429/1429 1434/1434/1434 1435/1435/1435
f 1430/1430/1430 1436/1436/1436 1431/1431/1431
f 1431/1431/1431 1436/1436/1436 1437/1437/1437
f 1431/1431/1431 1437/1437/1437 1432/1432/1432
f 1432/1432/1432 1437/1437/1437 1438/1438/1438
f 1432/1432/1432 1438/1438/1438 1433/1433/1433
f 1433/1433/1433 1438/1438/1438 1439/1439/1439
f 1433/1433/1433 1439/1439/1439 1434/1434/1434
f 1434/1434/1434 1439/1439/1439 1440/1440/1440
f 1434/1434/1434 1440/1440/1440 1435/1435/1435
f 1435/1435/1435 1440/1440/1440 1441/1441/1441
f 1436/1436/1436 1442/1442/1442 1437/1437/1437
f 1437/1437/1437 1442/1442/1442 1443/1443/1443
f 1437/1437/1437 1443/1443/1443 1438/1438/1438
f 1438/1438/1438 1443/1443/1443 1444/1444/1444
f 1438/1438/1438 1444/1444/1444 1439/1439/1439
f 1439/1439/1439 1444/1444/1444 1445/1445/1445
f 1439/1439/1439 1445/1445/1445 1440/1440/1440
f 1440/1440/1440 1445/1445/1445 1446/1446/1446
f 1440/1440/1440 1446/1446/1446 1441/1441/1441
f 1441/1441/1441 1446/1446/1446 1447/1447/1447
f 1442/1442/1442 1448/1448/1448 1443/1443/1443
f 1443/1443/1443 1448/1448/1448 1449/1449/1449
f 1443/1443/1443 1449/1449/1449 1444/1444/1444
f 1444/1444/1444 1449/1449/1449 1450/1450/1450
f 1444/1444/1444 1450/1450/1450 1445/1445/1445
f 1445/1445/1445 1450/1450/1450 1451/1451/1451
f 1445/1445/1445 1451/1451/1451 1446/1446/1446
f 1446/1446/1446 1451/1451/1451 1452/1452/1452
f 1446/1446/1446 1452/1452/1452 1447/1447/1447
f 1447/1447/1447 1452/1452/1452 1453/1453/1453
f 1448/1448/1448 1454/1454/1454 1449/1449/1449
f 1449/1449/1449 1454/1454/1454 1455/1455/1455
f 1449/1449/1449 1455/1455/1455 1450/1450/1450
f 1450/1450/1450 1455/1455/1455 1456/1456/1456
f 1450/1450/1450 1456/1456/1456 1451/1451/1451
f 1451/1451/1451 1456/1456/1456 1457/1457/1457
f 1451/1451/1451 1457/1457/1457 1452/1452/1452
f 1452/1452/1452 1457/1457/1457 1458/1458/1458
f 1452/1452/1452 1458/1458/1458 1453/1453/1453
f 1453/1453/1453 1458/1458/1458 1459/1459/1459
f 1460/1460/1460 1466/1466/1466 1461/1461/1461
f 1461/1461/1461 1466/1466/1466 1467/1467/1467
f 1461/1461/1461 1467/1467/1467 1462/1462/1462
f 1462/1462/1462 1467/1467/1467 1468/1468/1468
f 1462/1462/1462 1468/1468/1468 1463/1463/1463
f 1463/1463/1463 1468/1468/1468 1469/1469/1469
f 1463/1463/1463 1469/1469/1469 1464/1464/1464
f 1464/1464/1464 1469/1469/1469 1470/1470/1470
f 1464/1464/1464 1470/1470/1470 1465/1465/1465
f 1465/1465/1465 1470/1470/1470 1471/1471/1471
f 1466/1466/1466 1472/1472/1472 1467/1467/1467
f 1467/1467/1467 1472/1472/1472 1473/1473/1473
f 1467/1467/1467 1473/1473/1473 1468/1468/1468
f 1468/1468/1468 1473/1473/1473 1474/1474/1474
f 1468/1468/1468 1474/1474/1474 1469/1469/1469
f 1469/1469/1469 1474/1474/1474 1475/1475/1475
f 1469/1469/1469 1475/1475/1475 1470/1470/1470
f 1470/1470/1470 1475/1475/1475 1476/1476/1476
f 1470/1470/1470 1476/1476/1476 1471/1471/1471
f 1471/1471/1471 1476/1476/1476 1477/1477/1477
f 1472/1472/1472 1478/1478/1478 1473/1473/1473
f 1473/1473/1473 1478/1478/1478 1479/1479/1479
f 1473/1473/1473 1479/1479/1479 1474/1474/1474
f 1474/1474/1474 1479/1479/1479 1480/1480/1480
f 1474/1474/1474 1480/1480/1480 1475/1475/1475
f 1475/1475/1475 1480/1480/1480 1481/1481/1481
f 1475/1475/1475 1481/1481/1481 1476/1476/1476
f 1476/1476/1476 1481/1481/1481 1482/1482/1482
f 1476/1476/1476 1482/1482/1482 1477/1477/1477
f 1477/1477/1477 1482/1482/1482 1483/1483/1483
f 1478/1478/1478 1484/1484/1484 1479/1479/1479
f 1479/1479/1479 1484/1484/1484 1485/1485/1485
f 1479/1479/1479 1485/1485/1485 1480/1480/1480
f 1480/1480/1480 1485/1485/1485 1486/1486/1486
f 1480/1480/1480 1486/1486/1486 1481/1481/1481
f 1481/1481/1481 1486/1486/1486 1487/1487/1487
f 1481/1481/1481 1487/1487/1487 1482/1482/1482
f 1482/1482/1482 1487/1487/1487 1488/1488/1488
f 1482/1482/1482 1488/1488/1488 1483/1483/1483
f 1483/1483/1483 1488/1488/1488 1489/1489/1489
f 1484/1484/1484 1490/1490/1490 1485/1485/1485
f 1485/1485/1485 1490/1490/1490 1491/1491/1491
f 1485/1485/1485 1491/1491/1491 1486/1486/1486
f 1486/1486/1486 1491/1491/1491 1492/1492/1492
f 1486/1486/1486 1492/1492/1492 1487/1487/1487
f 1487/1487/1487 1492/1492/1492 1493/1493/1493
f 1487/1487/1487 1493/1493/1493 1488/1488/1488
f 1488/1488/1488 1493/1493/1493 1494/1494/1494
f 1488/1488/1488 1494/1494/1494 1489/1489/1489
f 1489/1489/1489 1494/1494/1494 1495/1495/1495
f 1490/1490/1490 1496/1496/1496 1491/1491/1491
f 1491/1491/1491 1496/1496/1496 1497/1497/1497
f 1491/1491/1491 1497/1497/1497 1492/1492/1492
f 1492/1492/1492 1497/1497/1497 1498/1498/1498
f 1492/1492/1492 1498/1498/1498 1493/1493/1493
f 1493/1493/1493 1498/1498/1498 1499/1499/1499
f 1493/1493/1493 1499/1499/1499 1494/1494/1494
f 1494/1494/1494 1499/1499/1499 1500/1500/1500
f 1494/1494/1494 1500/1500/1500 1495/1495/1495
f 1495/1495/1495 1500/1500/1500 1501/1501/1501
f 1502/1502/1502 1508/1508/1508 1503/1503/1503
f 1503/1503/1503 1508/1508/1508 1509/1509/1509
f 1503/1503/1503 1509/1509/1509 1504/1504/1504
f 1504/1504/1504 1509/1509/1509 1510/1510/1510
f 1504/1504/1504 1510/1510/1510 1505/1505/1505
f 1505/1505/1505 1510/1510/1510 1511/1511/1511
f 1505/1505/1505 1511/1511/1511 1506/1506/1506
f 1506/1506/1506 1511/1511/1511 1512/1512/1512
f 1506/1506/1506 1512/1512/1512 1507/1507/1507
f 1507/1507/1507 1512/1512/1512 1513/1513/1513
f 1508/1508/1508 1514/1514/1514 1509/1509/1509
f 1509/1509/1509 1514/1514/1514 1515/1515/1515
f 1509/1509/1509 1515/1515/1515 1510/1510/1510
f 1510/1510/1510 1515/1515/1515 1516/1516/1516
f 1510/1510/1510 1516/1516/1516 1511/1511/1511
f 1511/1511/1511 1516/1516/1516 1517/1517/1517
f 1511/1511/1511 1517/1517/1517 1512/1512/1512
f 1512/1512/1512 1517/1517/1517 1518/1518/1518
f 1512/1512/1512 1518/1518/1518 1513/1513/1513
f 1513/1513/1513 1518/1518/1518 1519/1519/1519
f 1514/1514/1514 1520/1520/1520 1515/1515/1515
f 1515/1515/1515 1520/1520/1520 1521/1521/1521
f 1515/1515/1515 1521/1521/1521 1516/1516/1516
f 1516/1516/1516 1521/1521/1521 1522/1522/1522
f 1516/1516/1516 1522/1522/1522 1517/1517/1517
f 1517/1517/1517 1522/1522/1522 1523/1523/1523
f 1517/1517/1517 1523/1523/1523 1518/1518/1518
f 1518/1518/1518 1523/1523/1523 1524/1524/1524
f 1518/1518/1518 1524/1524/1524 1519/1519/1519
f 1519/1519/1519 1524/1524/1524 1525/1525/1525
f 1520/1520/1520 1526/1526/1526 1521/1521/1521
f 1521/1521/1521 1526/1526/1526 1527/1527/1527
f 1521/1521/1521 1527/1527/1527 1522/1522/1522
f 1522/1522/1522 1527/1527/1527 1528/1528/1528
f 1522/1522/1522 1528/1528/1528 1523/1523/1523
f 1523/1523/1523 1528/1528/1528 1529/1529/1529
f 1523/1523/1523 1529/1529/1529 1524/1524/1524
f 1524/1524/1524 1529/1529/1529 1530/1530/1530
f 1524/1524/1524 1530/1530/1530 1525/1525/1525
f 1525/1525/1525 1530/1530/1530 1531/1531/1531
f 1526/1526/1526 1532/1532/1532 1527/1527/1527
f 1527/1527/1527 1532/1532/1532 1533/1533/1533
f 1527/1527/1527 1533/1533/1533 1528/1528/1528
f 1528/1528/1528 1533/1533/1533 1534/1534/1534
f 1528/1528/1528 1534/1534/1534 1529/1529/1529
f 1529/1529/1529 1534/1534/1534 1535/1535/1535
f 1529/1529/1529 1535/1535/1535 1530/1530/1530
f 1530/1530/1530 1535/1535/1535 1536/1536/1536
f 1530/1530/1530 1536/1536/1536 1531/1531/1531
f 1531/1531/1531 1536/1536/1536 1537/1537/1537
f 1532/1532/1532 1538/1538/1538 1533/1533/1533
f 1533/1533/1533 1538/1538/1538 1539/1539/1539
f 1533/1533/1533 1539/1539/1539 1534/1534/1534
f 1534/1534/1534 1539/1539/1539 1540/1540/1540
f 1534/1534/1534 1540/1540/1540 1535/1535/1535
f 1535/1535/1535 1540/1540/1540 1541/1541/1541
f 1535/1535/1535 1541/1541/1541 1536/1536/1536
f 1536/1536/1536 1541/1541/1541 1542/1542/1542
f 1536/1536/1536 1542/1542/1542 1537/1537/1537
f 1537/1537/1537 1542/1542/1542 1543/1543/1543
f 1544/1544/1544 1550/1550/1550 1545/1545/1545
f 1545/1545/1545 1550/1550/1550 1551/1551/1551
f 1545/1545/1545 1551/1551/1551 1546/1546/1546
f 1546/1546/1546 1551/1551/1551 1552/1552/1552
f 1546/1546/1546 1552/1552/1552 1547/1547/1547
f 1547/1547/1547 1552/1552/1552 1553/1553/1553
f 1547/1547/1547 1553/1553/1553 1548/1548/1548
f 1548/1548/1548 1553/1553/1553 1554/1554/1554
f 1548/1548/1548 1554/1554/1554 1549/1549/1549
f 1549/1549/1549 1554/1554/1554 1555/1555/1555
f 1550/1550/1550 1556/1556/1556 1551/1551/1551
f 1551/1551/1551 1556/1556/1556 1557/1557/1557
f 1551/1551/1551 1557/1557/1557 1552/1552/1552
f 1552/1552/1552 1557/1557/1557 1558/1558/1558
f 1552/1552/1552 1558/1558/1558 1553/1553/1553
f 1553/1553/1553 1558/1558/1558 1559/1559/1559
f 1553/1553/1553 1559/1559/1559 1554/1554/1554
f 1554/1554/1554 1559/1559/1559 1560/1560/1560
f 1554/1554/1554 1560/1560/1560 1555/1555/1555
f 1555/1555/1555 1560/1560/1560 1561/1561/1561
f 1556/1556/1556 1562/1562/1562 1557/1557/1557
f 1557/1557/1557 1562/1562/1562 1563/1563/1563
f 1557/1557/1557 1563/1563/1563 1558/1558/1558
f 1558/1558/1558 1563/1563/1563 1564/1564/1564
f 1558/1558/1558 1564/1564/1564 1559/1559/1559
f 1559/1559/1559 1564/1564/1564 1565/1565/1565
f 1559/1559/1559 1565/1565/1565 1560/1560/1560
f 1560/1560/1560 1565/1565/1565 1566/1566/1566
f 1560/1560/1560 1566/1566/1566 1561/1561/1561
f 1561/1561/1561 1566/1566/1566 1567/1567/1567
f 1562/1562/1562 1568/1568/1568 1563/1563/1563
f 1563/1563/1563 1568/1568/1568 1569/1569/1569
f 1563/1563/1563 1569/1569/1569 1564/1564/1564
f 1564/1564/1564 1569/1569/1569 1570/1570/1570
f 1564/1564/1564 1570/1570/1570 1565/1565/1565
f 1565/1565/1565 1570/1570/1570 1571/1571/1571
f 1565/1565/1565 1571/1571/1571 1566/1566/1566
f 1566/1566/1566 1571/1571/1571 1572/1572/1572
f 1566/1566/1566 1572/1572/1572 1567/1567/1567
f 1567/1567/1567 1572/1572/1572 1573/1573/1573
f 1568/1568/1568 1574/1574/1574 1569/1569/1569
f 1569/1569/1569 1574/1574/1574 1575/1575/1575
f 1569/1569/1569 1575/1575/1575 1570/1570/1570
f 1570/1570/1570 1575/1575/1575 1576/1576/1576
f 1570/1570/1570 1576/1576/1576 1571/1571/1571
f 1571/1571/1571 1576/1576/1576 1577/1577/1577
f 1571/1571/1571 1577/1577/1577 1572/1572/1572
f 1572/1572/1572 1577/1577/1577 1578/1578/1578
f 1572/1572/1572 1578/1578/1578 1573/1573/1573
f 1573/1573/1573 1578/1578/1578 1579/1579/1579
f 1574/1574/1574 1580/1580/1580 1575/1575/1575
f 1575/1575/1575 1580/1580/1580 1581/1581/1581
f 1575/1575/1575 1581/1581/1581 1576/1576/1576
f 1576/1576/1576 1581/1581/1581 1582/1582/1582
f 1576/1576/1576 1582/1582/1582 1577/1577/1577
f 1577/1577/1577 1582/1582/1582 1583/1583/1583
f 1577/1577/1577 1583/1583/1583 1578/1578/1578
f 1578/1578/1578 1583/1583/1583 1584/1584/1584
f 1578/1578/1578 1584/1584/1584 1579/1579/1579
f 1579/1579/1579 1584/1584/1584 1585/1585/1585
f 1586/1586/1586 1592/1592/1592 1587/1587/1587
f 1587/1587/1587 1592/1592/1592 1593/1593/1593
f 1587/1587/1587 1593/1593/1593 1588/1588/1588
f 1588/1588/1588 1593/1593/1593 1594/1594/1594
f 1588/1588/1588 1594/1594/1594 1589/1589/1589
f 1589/1589/1589 1594/1594/1594 1595/1595/1595
f 1589/1589/1589 1595/1595/1595 1590/1590/1590
f 1590/1590/1590 1595/1595/1595 1596/1596/1596
f 1590/1590/1590 1596/1596/1596 1591/1591/1591
f 1591/1591/1591 1596/1596/1596 1597/1597/1597
f 1592/1592/1592 1598/1598/1598 1593/1593/1593
f 1593/1593/1593 1598/1598/1598 1599/1599/1599
f 1593/1593/1593 1599/1599/1599 1594/1594/1594
f 1594/1594/1594 1599/1599/1599 1600/1600/1600
f 1594/1594/1594 1600/1600/1600 1595/1595/1595
f 1595/1595/1595 1600/1600/1600 1601/1601/1601
f 1595/1595/1595 1601/1601/1601 1596/1596/1596
f 1596/1596/1596 1601/1601/1601 1602/1602/1602
f 1596/1596/1596 1602/1602/1602 1597/1597/1597
f 1597/1597/1597 1602/1602/1602 1603/1603/1603
f 1598/1598/1598 1604/1604/1604 1599/1599/1599
f 1599/1599/1599 1604/1604/1604 1605/1605/1605
f 1599/1599/1599 1605/1605/1605 1600/1600/1600
f 1600/1600/1600 1605/1605/1605 1606/1606/1606
f 1600/1600/1600 1606/1606/1606 1601/1601/1601
f 1601/1601/1601 1606/1606/1606 1607/1607/1607
f 1601/1601/1601 1607/1607/1607 1602/1602/1602
f 1602/1602/1602 1607/1607/1607 1608/1608/1608
f 1602/1602/1602 1608/1608/1608 1603/1603/1603
f 1603/1603/1603 1608/1608/1608 1609/1609/1609
f 1604/1604/1604 1610/1610/1610 1605/1605/1605
f 1605/1605/1605 1610/1610/1610 1611/1611/1611
f 1605/1605/1605 1611/1611/1611 1606/1606/1606
f 1606/1606/1606 1611/1611/1611 1612/1612/1612
f 1606/1606/1606 1612/1612/1612 1607/1607/1607
f 1607/1607/1607 1612/1612/1612 1613/1613/1613
f 1607/1607/1607 1613/1613/1613 1608/1608/1608
f 1608/1608/1608 1613/1613/1613 1614/1614/1614
f 1608/1608/1608 1614/1614/1614 1609/1609/1609
f 1609/1609/1609 1614/1614/1614 1615/1615/1615
f 1610/1610/1610 1616/1616/1616 1611/1611/1611
f 1611/1611/1611 1616/1616/1616 1617/1617/1617
f 1611/1611/1611 1617/1617/1617 1612/1612/1612
f 1612/1612/1612 1617/1617/1617 1618/1618/1618
f 1612/1612/1612 1618/1618/1618 1613/1613/1613
f 1613/1613/1613 1618/1618/1618 1619/1619/1619
f 1613/1613/1613 1619/1619/1619 1614/1614/1614
f 1614/1614/1614 1619/1619/1619 1620/1620/1620
f 1614/1614/1614 1620/1620/1620 1615/1615/1615
f 1615/1615/1615 1620/1620/1620 1621/1621/1621
f 1616/1616/1616 1622/1622/1622 1617/1617/1617
f 1617/1617/1617 1622/1622/1622 1623/1623/1623
f 1617/1617/1617 1623/1623/1623 1618/1618/1618
f 1618/1618/1618 1623/1623/1623 1624/1624/1624
f 1618/1618/1618 1624/1624/1624 1619/1619/1619
f 1619/1619/1619 1624/1624/1624 1625/1625/1625
f 1619/1619/1619 1625/1625/1625 1620/1620/1620
f 1620/1620/1620 1625/1625/1625 1626/1626/1626
f 1620/1620/1620 1626/1626/1626 1621/1621/1621
f 1621/1621/1621 1626/1626/1626 1627/1627/1627
f 1628/1628/1628 1634/1634/1634 1629/1629/1629
f 1629/1629/1629 1634/1634/1634 1635/1635/1635
f 1629/1629/1629 1635/1635/1635 1630/1630/1630
f 1630/1630/1630 1635/1635/1635 1636/1636/1636
f 1630/1630/1630 1636/1636/1636 1631/1631/1631
f 1631/1631/1631 1636/1636/1636 1637/1637/1637
f 1631/1631/1631 1637/1637/1637 1632/1632/1632
f 1632/1632/1632 1637/1637/1637 1638/1638/1638
f 1632/1632/1632 1638/1638/1638 1633/1633/1633
f 1633/1633/1633 1638/1638/1638 1639/1639/1639
f 1634/1634/1634 1640/1640/1640 1635/1635/1635
f 1635/1635/1635 1640/1640/1640 1641/1641/1641
f 1635/1635/1635 1641/1641/1641 1636/1636/1636
f 1636/1636/1636 1641/1641/1641 1642/1642/1642
f 1636/1636/1636 1642/1642/1642 1637/1637/1637
f 1637/1637/1637 1642/1642/1642 1643/1643/1643
f 1637/1637/1637 1643/1643/1643 1638/1638/1638
f 1638/1638/1638 1643/1643/1643 1644/1644/1644
f 1638/1638/1638 1644/1644/1644 1639/1639/1639
f 1639/1639/1639 1644/1644/1644 1645/1645/1645
f 1640/1640/1640 1646/1646/1646 1641/1641/1641
f 1641/1641/1641 1646/1646/1646 1647/1647/1647
f 1641/1641/1641 1647/1647/1647 1642/1642/1642
f 1642/1642/1642 1647/1647/1647 1648/1648/1648
f 1642/1642/1642 1648/1648/1648 1643/1643/1643
f 1643/1643/1643 1648/1648/1648 1649/1649/1649
f 1643/1643/1643 1649/1649/1649 1644/1644/1644
f 1644/1644/1644 1649/1649/1649 1650/1650/1650
f 1644/1644/1644 1650/1650/1650 1645/1645/1645
f 1645/1645/1645 1650/1650/1650 1651/1651/1651
f 1646/1646/1646 1652/1652/1652 1647/1647/1647
f 1647/1647/1647 1652/1652/1652 1653/1653/1653
f 1647/1647/1647 1653/1653/1653 1648/1648/1648
f 1648/1648/1648 1653/1653/1653 1654/1654/1654
f 1648/1648/1648 1654/1654/1654 1649/1649/1649
f 1649/1649/1649 1654/1654/1654 1655/1655/1655
f 1649/1649/1649 1655/1655/1655 1650/1650/1650
f 1650/1650/1650 1655/1655/1655 1656/1656/1656
f 1650/1650/1650 1656/1656/1656 1651/1651/1651
f 1651/1651/1651 1656/1656/1656 1657/1657/1657
f 1652/1652/1652 1658/1658/1658 1653/1653/1653
f 1653/1653/1653 1658/1658/1658 1659/1659/1659
f 1653/1653/1653 1659/1659/1659 1654/1654/1654
f 1654/1654/1654 1659/1659/1659 1660/1660/1660
f 1654/1654/1654 1660/1660/1660 1655/1655/1655
f 1655/1655/1655 1660/1660/1660 1661/1661/1661
f 1655/1655/1655 1661/1661/1661 1656/1656/1656
f 1656/1656/1656 1661/1661/1661 1662/1662/1662
f 1656/1656/1656 1662/1662/1662 1657/1657/1657
f 1657/1657/1657 1662/1662/1662 1663/1663/1663
f 1658/1658/1658 1664/1664/1664 1659/1659/1659
f 1659/1659/1659 1664/1664/1664 1665/1665/1665
f 1659/1659/1659 1665/1665/1665 1660/1660/1660
f 1660/1660/1660 1665/1665/1665 1666/1666/1666
f 1660/1660/1660 1666/1666/1666 1661/1661/1661
f 1661/1661/1661 1666/1666/1666 1667/1667/1667
f 1661/1661/1661 1667/1667/1667 1662/1662/1662
f 1662/1662/1662 1667/1667/1667 1668/1668/1668
f 1662/1662/1662 1668/1668/1668 1663/1663/1663
f 1663/1663/1663 1668/1668/1668 1669/1669/1669
f 1670/1670/1670 1676/1676/1676 1671/1671/1671
f 1671/1671/1671 1676/1676/1676 1677/1677/1677
f 1671/1671/1671 1677/1677/1677 1672/1672/1672
f 1672/1672/1672 1677/1677/1677 1678/1678/1678
f 1672/1672/1672 1678/1678/1678 1673/1673/1673
f 1673/1673/1673 1678/1678/1678 1679/1679/1679
f 1673/1673/1673 1679/1679/1679 1674/1674/1674
f 1674/1674/1674 1679/1679/1679 1680/1680/1680
f 1674/1674/1674 1680/1680/1680 1675/1675/1675
f 1675/1675/1675 1680/1680/1680 1681/1681/1681
f 1676/1676/1676 1682/1682/1682 1677/1677/1677
f 1677/1677/1677 1682/1682/1682 1683/1683/1683
f 1677/1677/1677 1683/1683/1683 1678/1678/1678
f 1678/1678/1678 1683/1683/1683 1684/1684/1684
f 1678/1678/1678 1684/1684/1684 1679/1679/1679
f 1679/1679/1679 1684/1684/1684 1685/1685/1685
f 1679/1679/1679 1685/1685/1685 1680/1680/1680
f 1680/1680/1680 1685/1685/1685 1686/1686/1686
f 1680/1680/1680 1686/1686/1686 1681/1681/1681
f 1681/1681/1681 1686/1686/1686 1687/1687/1687
f 1682/1682/1682 1688/1688/1688 1683/1683/1683
f 1683/1683/1683 1688/1688/1688 1689/1689/1689
f 1683/1683/1683 1689/1689/1689 1684/1684/1684
f 1684/1684/1684 1689/1689/1689 1690/1690/1690
f 1684/1684/1684 1690/1690/1690 1685/1685/1685
f 1685/1685/1685 1690/1690/1690 1691/1691/1691
f 1685/1685/1685 1691/1691/1691 1686/1686/1686
f 1686/1686/1686 1691/1691/1691 1692/1692/1692
f 1686/1686/1686 1692/1692/1692 1687/1687/1687
f 1687/1687/1687 1692/1692/1692 1693/1693/1693
f 1688/1688/1688 1694/1694/1694 1689/1689/1689
f 1689/1689/1689 1694/1694/1694 1695/1695/1695
f 1689/1689/1689 1695/1695/1695 1690/1690/1690
f 1690/1690/1690 1695/1695/1695 1696/1696/1696
f 1690/1690/1690 1696/1696/1696 1691/1691/1691
f 1691/1691/1691 1696/1696/1696 1697/1697/1697
f 1691/1691/1691 1697/1697/1697 1692/1692/1692
f 1692/1692/1692 1697/1697/1697 1698/1698/1698
f 1692/1692/1692 1698/1698/1698 1693/1693/1693
f 1693/1693/1693 1698/1698/1698 1699/1699/1699
f 1694/1694/1694 1700/1700/1700 1695/1695/1695
f 1695/1695/1695 1700/1700/1700 1701/1701/1701
f 1695/1695/1695 1701/1701/1701 1696/1696/1696
f 1696/1696/1696 1701/1701/1701 1702/1702/1702
f 1696/1696/1696 1702/1702/1702 1697/1697/1697
f 1697/1697/1697 1702/1702/1702 1703/1703/1703
f 1697/1697/1697 1703/1703/1703 1698/1698/1698
f 1698/1698/1698 1703/1703/1703 1704/1704/1704
f 1698/1698/1698 1704/1704/1704 1699/1699/1699
f 1699/1699/1699 1704/1704/1704 1705/1705/1705
f 1700/1700/1700 1706/1706/1706 1701/1701/1701
f 1701/1701/1701 1706/1706/1706 1707/1707/1707
f 1701/1701/1701 1707/1707/1707 1702/1702/1702
f 1702/1702/1702 1707/1707/1707 1708/1708/1708
f 1702/1702/1702 1708/1708/1708 1703/1703/1703
f 1703/1703/1703 1708/1708/1708 1709/1709/1709
f 1703/1703/1703 1709/1709/1709 1704/1704/1704
f 1704/1704/1704 1709/1709/1709 1710/1710/1710
f 1704/1704/1704 1710/1710/1710 1705/1705/1705
f 1705/1705/1705 1710/1710/1710 1711/1711/1711
f 1712/1712/1712 1716/1716/1716 1713/1713/1713
f 1713/1713/1713 1716/1716/1716 1717/1717/1717
f 1713/1713/1713 1717/1717/1717 1714/1714/1714
f 1714/1714/1714 1717/1717/1717 1718/1718/1718
f 1714/1714/1714 1718/1718/1718 1715/1715/1715
f 1715/1715/1715 1718/1718/1718 1719/1719/1719
f 1716/1716/1716 1720/1720/1720 1717/1717/1717
f 1717/1717/1717 1720/1720/1720 1721/1721/1721
f 1717/1717/1717 1721/1721/1721 1718/1718/1718
f 1718/1718/1718 1721/1721/1721 1722/1722/1722
f 1718/1718/1718 1722/1722/1722 1719/1719/1719
f 1719/1719/1719 1722/1722/1722 1723/1723/1723
f 1720/1720/1720 1724/1724/1724 1721/1721/1721
f 1721/1721/1721 1724/1724/1724 1725/1725/1725
f 1721/1721/1721 1725/1725/1725 1722/1722/1722
f 1722/1722/1722 1725/1725/1725 1726/1726/1726
f 1722/1722/1722 1726/1726/1726 1723/1723/1723
f 1723/1723/1723 1726/1726/1726 1727/1727/1727
f 1728/1728/1728 1732/1732/1732 1729/1729/1729
f 1729/1729/1729 1732/1732/1732 1733/1733/1733
f 1729/1729/1729 1733/1733/1733 1730/1730/1730
f 1730/1730/1730 1733/1733/1733 1734/1734/1734
f 1730/1730/1730 1734/1734/1734 1731/1731/1731
f 1731/1731/1731 1734/1734/1734 1735/1735/1735
f 1732/1732/1732 1736/1736/1736 1733/1733/1733
f 1733/1733/1733 1736/1736/1736 1737/1737/1737
f 1733/1733/1733 1737/1737/1737 1734/1734/1734
f 1734/1734/1734 1737/1737/1737 1738/1738/1738
f 1734/1734/1734 1738/1738/1738 1735/1735/1735
f 1735/1735/1735 1738/1738/1738 1739/1739/1739
f 1736/1736/1736 1740/1740/1740 1737/1737/1737
f 1737/1737/1737 1740/1740/1740 1741/1741/1741
f 1737/1737/1737 1741/1741/1741 1738/1738/1738
f 1738/1738/1738 1741/1741/1741 1742/1742/1742
f 1738/1738/1738 1742/1742/1742 1739/1739/1739
f 1739/1739/1739 1742/1742/1742 1743/1743/1743
f 1744/1744/1744 1748/1748/1748 1745/1745/1745
f 1745/1745/1745 1748/1748/1748 1749/1749/1749
f 1745/1745/1745 1749/1749/1749 1746/1746/1746
f 1746/1746/1746 1749/1749/1749 1750/1750/1750
f 1746/1746/1746 1750/1750/1750 1747/1747/1747
f 1747/1747/1747 1750/1750/1750 1751/1751/1751
f 1748/1748/1748 1752/1752/1752 1749/1749/1749
f 1749/1749/1749 1752/1752/1752 1753/1753/1753
f 1749/1749/1749 1753/1753/1753 1750/1750/1750
f 1750/1750/1750 1753/1753/1753 1754/1754/1754
f 1750/1750/1750 1754/1754/1754 1751/1751/1751
f 1751/1751/1751 1754/1754/1754 1755/1755/1755
f 1752/1752/1752 1756/1756/1756 1753/1753/1753
f 1753/1753/1753 1756/1756/1756 1757/1757/1757
f 1753/1753/1753 1757/1757/1757 1754/1754/1754
f 1754/1754/1754 1757/1757/1757 1758/1758/1758
f 1754/1754/1754 1758/1758/1758 1755/1755/1755
f 1755/1755/1755 1758/1758/1758 1759/1759/1759
f 1760/1760/1760 1764/1764/1764 1761/1761/1761
f 1761/1761/1761 1764/1764/1764 1765/1765/1765
f 1761/1761/1761 1765/1765/1765 1762/1762/1762
f 1762/1762/1762 1765/1765/1765 1766/1766/1766
f 1762/1762/1762 1766/1766/1766 1763/1763/1763
f 1763/1763/1763 1766/1766/1766 1767/1767/1767
f 1764/1764/1764 1768/1768/1768 1765/1765/1765
f 1765/1765/1765 1768/1768/1768 1769/1769/1769
f 1765/1765/1765 1769/1769/1769 1766/1766/1766
f 1766/1766/1766 1769/1769/1769 1770/1770/1770
f 1766/1766/1766 1770/1770/1770 1767/1767/1767
f 1767/1767/1767 1770/1770/1770 1771/1771/1771
f 1768/1768/1768 1772/1772/1772 1769/1769/1769
f 1769/1769/1769 1772/1772/1772 1773/1773/1773
f 1769/1769/1769 1773/1773/1773 1770/1770/1770
f 1770/1770/1770 1773/1773/1773 1774/1774/1774
f 1770/1770/1770 1774/1774/1774 1771/1771/1771
f 1771/1771/1771 1774/1774/1774 1775/1775/1775
f 1776/1776/1776 1780/1780/1780 1777/1777/1777
f 1777/1777/1777 1780/1780/1780 1781/1781/1781
f 1777/1777/1777 1781/1781/1781 1778/1778/1778
f 1778/1778/1778 1781/1781/1781 1782/1782/1782
f 1778/1778/1778 1782/1782/1782 1779/1779/1779
f 1779/1779/1779 1782/1782/1782 1783/1783/1783
f 1780/1780/1780 1784/1784/1784 1781/1781/1781
f 1781/1781/1781 1784/1784/1784 1785/1785/1785
f 1781/1781/1781 1785/1785/1785 1782/1782/1782
f 1782/1782/1782 1785/1785/1785 1786/1786/1786
f 1782/1782/1782 1786/1786/1786 1783/1783/1783
f 1783/1783/1783 1786/1786/1786 1787/1787/1787
f 1784/1784/1784 1788/1788/1788 1785/1785/1785
f 1785/1785/1785 1788/1788/1788 1789/1789/1789
f 1785/1785/1785 1789/1789/1789 1786/1786/1786
f 1786/1786/1786 1789/1789/1789 1790/1790/1790
f 1786/1786/1786 1790/1790/1790 1787/1787/1787
f 1787/1787/1787 1790/1790/1790 1791/1791/1791
f 1792/1792/1792 1796/1796/1796 1793/1793/1793
f 1793/1793/1793 1796/1796/1796 1797/1797/1797
f 1793/1793/1793 1797/1797/1797 1794/1794/1794
f 1794/1794/1794 1797/1797/1797 1798/1798/1798
f 1794/1794/1794 1798/1798/1798 1795/1795/1795
f 1795/1795/1795 1798/1798/1798 1799/1799/1799
f 1796/1796/1796 1800/1800/1800 1797/1797/1797
f 1797/1797/1797 1800/1800/1800 1801/1801/1801
f 1797/1797/1797 1801/1801/1801 1798/1798/1798
f 1798/1798/1798 1801/1801/1801 1802/1802/1802
f 1798/1798/1798 1802/1802/1802 1799/1799/1799
f 1799/1799/1799 1802/1802/1802 1803/1803/1803
f 1800/1800/1800 1804/1804/1804 1801/1801/1801
f 1801/1801/1801 1804/1804/1804 1805/1805/1805
f 1801/1801/1801 1805/1805/1805 1802/1802/1802
f 1802/1802/1802 1805/1805/1805 1806/1806/1806
f 1802/1802/1802 1806/1806/1806 1803/1803/1803
f 1803/1803/1803 1806/1806/1806 1807/1807/1807
f 1808/1808/1808 1812/1812/1812 1809/1809/1809
f 1809/1809/1809 1812/1812/1812 1813/1813/1813
f 1809/1809/1809 1813/1813/1813 1810/1810/1810
f 1810/1810/1810 1813/1813/1813 1814/1814/1814
f 1810/1810/1810 1814/1814/1814 1811/1811/1811
f 1811/1811/1811 1814/1814/1814 1815/1815/1815
f 1812/1812/1812 1816/1816/1816 1813/1813/1813
f 1813/1813/1813 1816/1816/1816 1817/1817/1817
f 1813/1813/1813 1817/1817/1817 1814/1814/1814
f 1814/1814/1814 1817/1817/1817 1818/1818/1818
f 1814/1814/1814 1818/1818/1818 1815/1815/1815
f 1815/1815/1815 1818/1818/1818 1819/1819/1819
f 1816/1816/1816 1820/1820/1820 1817/1817/1817
f 1817/1817/1817 1820/1820/1820 1821/1821/1821
f 1817/1817/1817 1821/1821/1821 1818/1818/1818
f 1818/1818/1818 1821/1821/1821 1822/1822/1822
f 1818/1818/1818 1822/1822/1822 1819/1819/1819
f 1819/1819/1819 1822/1822/1822 1823/1823/1823
f 1824/1824/1824 1828/1828/1828 1825/1825/1825
f 1825/1825/1825 1828/1828/1828 1829/1829/1829
f 1825/1825/1825 1829/1829/1829 1826/1826/1826
f 1826/1826/1826 1829/1829/1829 1830/1830/1830
f 1826/1826/1826 1830/1830/1830 1827/1827/1827
f 1827/1827/1827 1830/1830/1830 1831/1831/1831
f 1828/1828/1828 1832/1832/1832 1829/1829/1829
f 1829/1829/1829 1832/1832/1832 1833/1833/1833
f 1829/1829/1829 1833/1833/1833 1830/1830/1830
f 1830/1830/1830 1833/1833/1833 1834/1834/1834
f 1830/1830/1830 1834/1834/1834 1831/1831/1831
f 1831/1831/1831 1834/1834/1834 1835/1835/1835
f 1832/1832/1832 1836/1836/1836 1833/1833/1833
f 1833/1833/1833 1836/1836/1836 1837/1837/1837
f 1833/1833/1833 1837/1837/1837 1834/1834/1834
f 1834/1834/1834 1837/1837/1837 1838/1838/1838
f 1834/1834/1834 1838/1838/1838 1835/1835/1835
f 1835/1835/1835 1838/1838/1838 1839/1839/1839
f 1840/1840/1840 1844/1844/1844 1841/1841/1841
f 1841/1841/1841 1844/1844/1844 1845/1845/1845
f 1841/1841/1841 1845/1845/1845 1842/1842/1842
f 1842/1842/1842 1845/1845/1845 1846/1846/1846
f 1842/1842/1842 1846/1846/1846 1843/1843/1843
f 1843/1843/1843 1846/1846/1846 1847/1847/1847
f 1844/1844/1844 1848/1848/1848 1845/1845/1845
f 1845/1845/1845 1848/1848/1848 1849/1849/1849
f 1845/1845/1845 1849/1849/1849 1846/1846/1846
f 1846/1846/1846 1849/1849/1849 1850/1850/1850
f 1846/1846/1846 1850/1850/1850 1847/1847/1847
f 1847/1847/1847 1850/1850/1850 1851/1851/1851
f 1848/1848/1848 1852/1852/1852 1849/1849/1849
f 1849/1849/1849 1852/1852/1852 1853/1853/1853
f 1849/1849/1849 1853/1853/1853 1850/1850/1850
f 1850/1850/1850 1853/1853/1853 1854/1854/1854
f 1850/1850/1850 1854/1854/1854 1851/1851/1851
f 1851/1851/1851 1854/1854/1854 1855/1855/1855
f 1856/1856/1856 1860/1860/1860 1857/1857/1857
f 1857/1857/1857 1860/1860/1860 1861/1861/1861
f 1857/1857/1857 1861/1861/1861 1858/1858/1858
f 1858/1858/1858 1861/1861/1861 1862/1862/1862
f 1858/1858/1858 1862/1862/1862 1859/1859/1859
f 1859/1859/1859 1862/1862/1862 1863/1863/1863
f 1860/1860/1860 1864/1864/1864 1861/1861/1861
f 1861/1861/1861 1864/1864/1864 1865/1865/1865
f 1861/1861/1861 1865/1865/1865 1862/1862/1862
f 1862/1862/1862 1865/1865/1865 1866/1866/1866
f 1862/1862/1862 1866/1866/1866 1863/1863/1863
f 1863/1863/1863 1866/1866/1866 1867/1867/1867
f 1864/1864/1864 1868/1868/1868 1865/1865/1865
f 1865/1865/1865 1868/1868/1868 1869/1869/1869
f 1865/1865/1865 1869/1869/1869 1866/1866/1866
f 1866/1866/1866 1869/1869/1869 1870/1870/1870
f 1866/1866/1866 1870/1870/1870 1867/1867/1867
f 1867/1867/1867 1870/1870/1870 1871/1871/1871
f 1872/1872/1872 1876/1876/1876 1873/1873/1873
f 1873/1873/1873 1876/1876/1876 1877/1877/1877
f 1873/1873/1873 1877/1877/1877 1874/1874/1874
f 1874/1874/1874 1877/1877/1877 1878/1878/1878
f 1874/1874/1874 1878/1878/1878 1875/1875/1875
f 1875/1875/1875 1878/1878/1878 1879/1879/1879
f 1876/1876/1876 1880/1880/1880 1877/1877/1877
f 1877/1877/1877 1880/1880/1880 1881/1881/1881
f 1877/1877/1877 1881/1881/1881 1878/1878/1878
f 1878/1878/1878 1881/1881/1881 1882/1882/1882
f 1878/1878/1878 1882/1882/1882 1879/1879/1879
f 1879/1879/1879 1882/1882/1882 1883/1883/1883
f 1880/1880/1880 1884/1884/1884 1881/1881/1881
f 1881/1881/1881 1884/1884/1884 1885/1885/1885
f 1881/1881/1881 1885/1885/1885 1882/1882/1882
f 1882/1882/1882 1885/1885/1885 1886/1886/1886
f 1882/1882/1882 1886/1886/1886 1883/1883/1883
f 1883/1883/1883 1886/1886/1886 1887/1887/1887
f 1888/1888/1888 1892/1892/1892 1889/1889/1889
f 1889/1889/1889 1892/1892/1892 1893/1893/1893
f 1889/1889/1889 1893/1893/1893 1890/1890/1890
f 1890/1890/1890 1893/1893/1893 1894/1894/1894
f 1890/1890/1890 1894/1894/1894 1891/1891/1891
f 1891/1891/1891 1894/1894/1894 1895/1895/1895
f 1892/1892/1892 1896/1896/1896 1893/1893/1893
f 1893/1893/1893 1896/1896/1896 1897/1897/1897
f 1893/1893/1893 1897/1897/1897 1894/1894/1894
f 1894/1894/1894 1897/1897/1897 1898/1898/1898
f 1894/1894/1894 1898/1898/1898 1895/1895/1895
f 1895/1895/1895 1898/1898/1898 1899/1899/1899
f 1896/1896/1896 1900/1900/1900 1897/1897/1897
f 1897/1897/1897 1900/1900/1900 1901/1901/1901
f 1897/1897/1897 1901/1901/1901 1898/1898/1898
f 1898/1898/1898 1901/1901/1901 1902/1902/1902
f 1898/1898/1898 1902/1902/1902 1899/1899/1899
f 1899/1899/1899 1902/1902/1902 1903/1903/1903
f 1904/1904/1904 1908/1908/1908 1905/1905/1905
f 1905/1905/1905 1908/1908/1908 1909/1909/1909
f 1905/1905/1905 1909/1909/1909 1906/1906/1906
f 1906/1906/1906 1909/1909/1909 1910/1910/1910
f 1906/1906/1906 1910/1910/1910 1907/1907/1907
f 1907/1907/1907 1910/1910/1910 1911/1911/1911
f 1908/1908/1908 1912/1912/1912 1909/1909/1909
f 1909/1909/1909 1912/1912/1912 1913/1913/1913
f 1909/1909/1909 1913/1913/1913 1910/1910/1910
f 1910/1910/1910 1913/1913/1913 1914/1914/1914
f 1910/1910/1910 1914/1914/1914 1911/1911/1911
f 1911/1911/1911 1914/1914/1914 1915/1915/1915
f 1912/1912/1912 1916/1916/1916 1913/1913/1913
f 1913/1913/1913 1916/1916/1916 1917/1917/1917
f 1913/1913/1913 1917/1917/1917 1914/1914/1914
f 1914/1914/1914 1917/1917/1917 1918/1918/1918
f 1914/1914/1914 1918/1918/1918 1915/1915/1915
f 1915/1915/1915 1918/1918/1918 1919/1919/1919
f 1920/1920/1920 1924/1924/1924 1921/1921/1921
f 1921/1921/1921 1924/1924/1924 1925/1925/1925
f 1921/1921/1921 1925/1925/1925 1922/1922/1922
f 1922/1922/1922 1925/1925/1925 1926/1926/1926
f 1922/1922/1922 1926/1926/1926 1923/1923/1923
f 1923/1923/1923 1926/1926/1926 1927/1927/1927
f 1924/1924/1924 1928/1928/1928 1925/1925/1925
f 1925/1925/1925 1928/1928/1928 1929/1929/1929
f 1925/1925/1925 1929/1929/1929 1926/1926/1926
f 1926/1926/1926 1929/1929/1929 1930/1930/1930
f 1926/1926/1926 1930/1930/1930 1927/1927/1927
f 1927/1927/1927 1930/1930/1930 1931/1931/1931
f 1928/1928/1928 1932/1932/1932 1929/1929/1929
f 1929/1929/1929 1932/1932/1932 1933/1933/1933
f 1929/1929/1929 1933/1933/1933 1930/1930/1930
f 1930/1930/1930 1933/1933/1933 1934/1934/1934
f 1930/1930/1930 1934/1934/1934 1931/1931/1931
f 1931/1931/1931 1934/1934/1934 1935/1935/1935
f 1936/1936/1936 1940/1940/1940 1937/1937/1937
f 1937/1937/1937 1940/1940/1940 1941/1941/1941
f 1937/1937/1937 1941/1941/1941 1938/1938/1938
f 1938/1938/1938 1941/1941/1941 1942/1942/1942
f 1938/1938/1938 1942/1942/1942 1939/1939/1939
f 1939/1939/1939 1942/1942/1942 1943/1943/1943
f 1940/1940/1940 1944/1944/1944 1941/1941/1941
f 1941/1941/1941 1944/1944/1944 1945/1945/1945
f 1941/1941/1941 1945/1945/1945 1942/1942/1942
f 1942/1942/1942 1945/1945/1945 1946/1946/1946
f 1942/1942/1942 1946/1946/1946 1943/1943/1943
f 1943/1943/1943 1946/1946/1946 1947/1947/1947
f 1944/1944/1944 1948/1948/1948 1945/1945/1945
f 1945/1945/1945 1948/1948/1948 1949/1949/1949
f 1945/1945/1945 1949/1949/1949 1946/1946/1946
f 1946/1946/1946 1949/1949/1949 1950/1950/1950
f 1946/1946/1946 1950/1950/1950 1947/1947/1947
f 1947/1947/1947 1950/1950/1950 1951/1951/1951
f 1952/1952/1952 1956/1956/1956 1953/1953/1953
f 1953/1953/1953 1956/1956/1956 1957/1957/1957
f 1953/1953/1953 1957/1957/1957 1954/1954/1954
f 1954/1954/1954 1957/1957/1957 1958/1958/1958
f 1954/1954/1954 1958/1958/1958 1955/1955/1955
f 1955/1955/1955 1958/1958/1958 1959/1959/1959
f 1956/1956/1956 1960/1960/1960 1957/1957/1957
f 1957/1957/1957 1960/1960/1960 1961/1961/1961
f 1957/1957/1957 1961/1961/1961 1958/1958/1958
f 1958/1958/1958 1961/1961/1961 1962/1962/1962
f 1958/1958/1958 1962/1962/1962 1959/1959/1959
f 1959/1959/1959 1962/1962/1962 1963/1963/1963
f 1960/1960/1960 1964/1964/1964 1961/1961/1961
f 1961/1961/1961 1964/1964/1964 1965/1965/1965
f 1961/1961/1961 1965/1965/1965 1962/1962/1962
f 1962/1962/1962 1965/1965/1965 1966/1966/1966
f 1962/1962/1962 1966/1966/1966 1963/1963/1963
f 1963/1963/1963 1966/1966/1966 1967/1967/1967
f 1968/1968/1968 1972/1972/1972 1969/1969/1969
f 1969/1969/1969 1972/1972/1972 1973/1973/1973
f 1969/1969/1969 1973/1973/1973 1970/1970/1970
f 1970/1970/1970 1973/1973/1973 1974/1974/1974
f 1970/1970/1970 1974/1974/1974 1971/1971/1971
f 1971/1971/1971 1974/1974/1974 1975/1975/1975
f 1972/1972/1972 1976/1976/1976 1973/1973/1973
f 1973/1973/1973 1976/1976/1976 1977/1977/1977
f 1973/1973/1973 1977/1977/1977 1974/1974/1974
f 1974/1974/1974 1977/1977/1977 1978/1978/1978
f 1974/1974/1974 1978/1978/1978 1975/1975/1975
f 1975/1975/1975 1978/1978/1978 1979/1979/1979
f 1976/1976/1976 1980/1980/1980 1977/1977/1977
f 1977/1977/1977 1980/1980/1980 1981/1981/1981
f 1977/1977/1977 1981/1981/1981 1978/1978/1978
f 1978/1978/1978 1981/1981/1981 1982/1982/1982
f 1978/1978/1978 1982/1982/1982 1979/1979/1979
f 1979/1979/1979 1982/1982/1982 1983/1983/1983
f 1984/1984/1984 1988/1988/1988 1985/1985/1985
f 1985/1985/1985 1988/1988/1988 1989/1989/1989
f 1985/1985/1985 1989/1989/1989 1986/1986/1986
f 1986/1986/1986 1989/1989/1989 1990/1990/1990
f 1986/1986/1986 1990/1990/1990 1987/1987/1987
f 1987/1987/1987 1990/1990/1990 1991/1991/1991
f 1988/1988/1988 1992/1992/1992 1989/1989/1989
f 1989/1989/1989 1992/1992/1992 1993/1993/1993
f 1989/1989/1989 1993/1993/1993 1990/1990/1990
f 1990/1990/1990 1993/1993/1993 1994/1994/1994
f 1990/1990/1990 1994/1994/1994 1991/1991/1991
f 1991/1991/1991 1994/1994/1994 1995/1995/1995
f 1992/1992/1992 1996/1996/1996 1993/1993/1993
f 1993/1993/1993 1996/1996/1996 1997/1997/1997
f 1993/1993/1993 1997/1997/1997 1994/1994/1994
f 1994/1994/1994 1997/1997/1997 1998/1998/1998
f 1994/1994/1994 1998/1998/1998 1995/1995/1995
f 1995/1995/1995 1998/1998/1998 1999/1999/1999
f 2000/2000/2000 2004/2004/2004 2001/2001/2001
f 2001/2001/2001 2004/2004/2004 2005/2005/2005
f 2001/2001/2001 2005/2005/2005 2002/2002/2002
f 2002/2002/2002 2005/2005/2005 2006/2006/2006
f 2002/2002/2002 2006/2006/2006 2003/2003/2003
f 2003/2003/2003 2006/2006/2006 2007/2007/2007
f 2004/2004/2004 2008/2008/2008 2005/2005/2005
f 2005/2005/2005 2008/2008/2008 2009/2009/2009
f 2005/2005/2005 2009/2009/2009 2006/2006/2006
f 2006/2006/2006 2009/2009/2009 2010/2010/2010
f 2006/2006/2006 2010/2010/2010 2007/2007/2007
f 2007/2007/2007 2010/2010/2010 2011/2011/2011
f 2008/2008/2008 2012/2012/2012 2009/2009/2009
f 2009/2009/2009 2012/2012/2012 2013/2013/2013
f 2009/2009/2009 2013/2013/2013 2010/2010/2010
f 2010/2010/2010 2013/2013/2013 2014/2014/2014
f 2010/2010/2010 2014/2014/2014 2011/2011/2011
f 2011/2011/2011 2014/2014/2014 2015/2015/2015
f 2016/2016/2016 2020/2020/2020 2017/2017/2017
f 2017/2017/2017 2020/2020/2020 2021/2021/2021
f 2017/2017/2017 2021/2021/2021 2018/2018/2018
f 2018/2018/2018 2021/2021/2021 2022/2022/2022
f 2018/2018/2018 2022/2022/2022 2019/2019/2019
f 2019/2019/2019 2022/2022/2022 2023/2023/2023
f 2020/2020/2020 2024/2024/2024 2021/2021/2021
f 2021/2021/2021 2024/2024/2024 2025/2025/2025
f 2021/2021/2021 2025/2025/2025 2022/2022/2022
f 2022/2022/2022 2025/2025/2025 2026/2026/2026
f 2022/2022/2022 2026/2026/2026 2023/2023/2023
f 2023/2023/2023 2026/2026/2026 2027/2027/2027
f 2024/2024/2024 2028/2028/2028 2025/2025/2025
f 2025/2025/2025 2028/2028/2028 2029/2029/2029
f 2025/2025/2025 2029/2029/2029 2026/2026/2026
f 2026/2026/2026 2029/2029/2029 2030/2030/2030
f 2026/2026/2026 2030/2030/2030 2027/2027/2027
f 2027/2027/2027 2030/2030/2030 2031/2031/2031
f 2032/2032/2032 2036/2036/2036 2033/2033/2033
f 2033/2033/2033 2036/2036/2036 2037/2037/2037
f 2033/2033/2033 2037/2037/2037 2034/2034/2034
f 2034/2034/2034 2037/2037/2037 2038/2038/2038
f 2034/2034/2034 2038/2038/2038 2035/2035/2035
f 2035/2035/2035 2038/2038/2038 2039/2039/2039
f 2036/2036/2036 2040/2040/2040 2037/2037/2037
f 2037/2037/2037 2040/2040/2040 2041/2041/2041
f 2037/2037/2037 2041/2041/2041 2038/2038/2038
f 2038/2038/2038 2041/2041/2041 2042/2042/2042
f 2038/2038/2038 2042/2042/2042 2039/2039/2039
f 2039/2039/2039 2042/2042/2042 2043/2043/2043
f 2040/2040/2040 2044/2044/2044 2041/2041/2041
f 2041/2041/2041 2044/2044/2044 2045/2045/2045
f 2041/2041/2041 2045/2045/2045 2042/2042/2042
f 2042/2042/2042 2045/2045/2045 2046/2046/2046
f 2042/2042/2042 2046/2046/2046 2043/2043/2043
f 2043/2043/2043 2046/2046/2046 2047/2047/2047
f 2048/2048/2048 2052/2052/2052 2049/2049/2049
f 2049/2049/2049 2052/2052/2052 2053/2053/2053
f 2049/2049/2049 2053/2053/2053 2050/2050/2050
f 2050/2050/2050 2053/2053/2053 2054/2054/2054
f 2050/2050/2050 2054/2054/2054 2051/2051/2051
f 2051/2051/2051 2054/2054/2054 2055/2055/2055
f 2052/2052/2052 2056/2056/2056 2053/2053/2053
f 2053/2053/2053 2056/2056/2056 2057/2057/2057
f 2053/2053/2053 2057/2057/2057 2054/2054/2054
f 2054/2054/2054 2057/2057/2057 2058/2058/2058
f 2054/2054/2054 2058/2058/2058 2055/2055/2055
f 2055/2055/2055 2058/2058/2058 2059/2059/2059
f 2056/2056/2056 2060/2060/2060 2057/2057/2057
f 2057/2057/2057 2060/2060/2060 2061/2061/2061
f 2057/2057/2057 2061/2061/2061 2058/2058/2058
f 2058/2058/2058 2061/2061/2061 2062/2062/2062
f 2058/2058/2058 2062/2062/2062 2059/2059/2059
f 2059/2059/2059 2062/2062/2062 2063/2063/2063
f 2064/2064/2064 2068/2068/2068 2065/2065/2065
f 2065/2065/2065 2068/2068/2068 2069/2069/2069
f 2065/2065/2065 2069/2069/2069 2066/2066/2066
f 2066/2066/2066 2069/2069/2069 2070/2070/2070
f 2066/2066/2066 2070/2070/2070 2067/2067/2067
f 2067/2067/2067 2070/2070/2070 2071/2071/2071
f 2068/2068/2068 2072/2072/2072 2069/2069/2069
f 2069/2069/2069 2072/2072/2072 2073/2073/2073
f 2069/2069/2069 2073/2073/2073 2070/2070/2070
f 2070/2070/2070 2073/2073/2073 2074/2074/2074
f 2070/2070/2070 2074/2074/2074 2071/2071/2071
f 2071/2071/2071 2074/2074/2074 2075/2075/2075
f 2072/2072/2072 2076/2076/2076 2073/2073/2073
f 2073/2073/2073 2076/2076/2076 2077/2077/2077
f 2073/2073/2073 2077/2077/2077 2074/2074/2074
f 2074/2074/2074 2077/2077/2077 2078/2078/2078
f 2074/2074/2074 2078/2078/2078 2075/2075/2075
f 2075/2075/2075 2078/2078/2078 2079/2079/2079
f 2080/2080/2080 2084/2084/2084 2081/2081/2081
f 2081/2081/2081 2084/2084/2084 2085/2085/2085
f 2081/2081/2081 2085/2085/2085 2082/2082/2082
f 2082/2082/2082 2085/2085/2085 2086/2086/2086
f 2082/2082/2082 2086/2086/2086 2083/2083/2083
f 2083/2083/2083 2086/2086/2086 2087/2087/2087
f 2084/2084/2084 2088/2088/2088 2085/2085/2085
f 2085/2085/2085 2088/2088/2088 2089/2089/2089
f 2085/2085/2085 2089/2089/2089 2086/2086/2086
f 2086/2086/2086 2089/2089/2089 2090/2090/2090
f 2086/2086/2086 2090/2090/2090 2087/2087/2087
f 2087/2087/2087 2090/2090/2090 2091/2091/2091
f 2088/2088/2088 2092/2092/2092 2089/2089/2089
f 2089/2089/2089 2092/2092/2092 2093/2093/2093
f 2089/2089/2089 2093/2093/2093 2090/2090/2090
f 2090/2090/2090 2093/2093/2093 2094/2094/2094
f 2090/2090/2090 2094/2094/2094 2091/2091/2091
f 2091/2091/2091 2094/2094/2094 2095/2095/2095
f 2096/2096/2096 2100/2100/2100 2097/2097/2097
f 2097/2097/2097 2100/2100/2100 2101/2101/2101
f 2097/2097/2097 2101/2101/2101 2098/2098/2098
f 2098/2098/2098 2101/2101/2101 2102/2102/2102
f 2098/2098/2098 2102/2102/2102 2099/2099/2099
f 2099/2099/2099 2102/2102/2102 2103/2103/2103
f 2100/2100/2100 2104/2104/2104 2101/2101/2101
f 2101/2101/2101 2104/2104/2104 2105/2105/2105
f 2101/2101/2101 2105/2105/2105 2102/2102/2102
f 2102/2102/2102 2105/2105/2105 2106/2106/2106
f 2102/2102/2102 2106/2106/2106 2103/2103/2103
f 2103/2103/2103 2106/2106/2106 2107/2107/2107
f 2104/2104/2104 2108/2108/2108 2105/2105/2105
f 2105/2105/2105 2108/2108/2108 2109/2109/2109
f 2105/2105/2105 2109/2109/2109 2106/2106/2106
f 2106/2106/2106 2109/2109/2109 2110/2110/2110
f 2106/2106/2106 2110/2110/2110 2107/2107/2107
f 2107/2107/2107 2110/2110/2110 2111/2111/2111
f 2112/2112/2112 2116/2116/2116 2113/2113/2113
f 2113/2113/2113 2116/2116/2116 2117/2117/2117
f 2113/2113/2113 2117/2117/2117 2114/2114/2114
f 2114/2114/2114 2117/2117/2117 2118/2118/2118
f 2114/2114/2114 2118/2118/2118 2115/2115/2115
f 2115/2115/2115 2118/2118/2118 2119/2119/2119
f 2116/2116/2116 2120/2120/2120 2117/2117/2117
f 2117/2117/2117 2120/2120/2120 2121/2121/2121
f 2117/2117/2117 2121/2121/2121 2118/2118/2118
f 2118/2118/2118 2121/2121/2121 2122/2122/2122
f 2118/2118/2118 2122/2122/2122 2119/2119/2119
f 2119/2119/2119 2122/2122/2122 2123/2123/2123
f 2120/2120/2120 2124/2124/2124 2121/2121/2121
f 2121/2121/2121 2124/2124/2124 2125/2125/2125
f 2121/2121/2121 2125/2125/2125 2122/2122/2122
f 2122/2122/2122 2125/2125/2125 2126/2126/2126
f 2122/2122/2122 2126/2126/2126 2123/2123/2123
f 2123/2123/2123 2126/2126/2126 2127/2127/2127
f 2128/2128/2128 2132/2132/2132 2129/2129/2129
f 2129/2129/2129 2132/2132/2132 2133/2133/2133
f 2129/2129/2129 2133/2133/2133 2130/2130/2130
f 2130/2130/2130 2133/2133/2133 2134/2134/2134
f 2130/2130/2130 2134/2134/2134 2131/2131/2131
f 2131/2131/2131 2134/2134/2134 2135/2135/2135
f 2132/2132/2132 2136/2136/2136 2133/2133/2133
f 2133/2133/2133 2136/2136/2136 2137/2137/2137
f 2133/2133/2133 2137/2137/2137 2134/2134/2134
f 2134/2134/2134 2137/2137/2137 2138/2138/2138
f 2134/2134/2134 2138/2138/2138 2135/2135/2135
f 2135/2135/2135 2138/2138/2138 2139/2139/2139
f 2136/2136/2136 2140/2140/2140 2137/2137/2137
f 2137/2137/2137 2140/2140/2140 2141/2141/2141
f 2137/2137/2137 2141/2141/2141 2138/2138/2138
f 2138/2138/2138 2141/2141/2141 2142/2142/2142
f 2138/2138/2138 2142/2142/2142 2139/2139/2139
f 2139/2139/2139 2142/2142/2142 2143/2143/2143
f 2144/2144/2144 2148/2148/2148 2145/2145/2145
f 2145/2145/2145 2148/2148/2148 2149/2149/2149
f 2145/2145/2145 2149/2149/2149 2146/2146/2146
f 2146/2146/2146 2149/2149/2149 2150/2150/2150
f 2146/2146/2146 2150/2150/2150 2147/2147/2147
f 2147/2147/2147 2150/2150/2150 2151/2151/2151
f 2148/2148/2148 2152/2152/2152 2149/2149/2149
f 2149/2149/2149 2152/2152/2152 2153/2153/2153
f 2149/2149/2149 2153/2153/2153 2150/2150/2150
f 2150/2150/2150 2153/2153/2153 2154/2154/2154
f 2150/2150/2150 2154/2154/2154 2151/2151/2151
f 2151/2151/2151 2154/2154/2154 2155/2155/2155
f 2152/2152/2152 2156/2156/2156 2153/2153/2153
f 2153/2153/2153 2156/2156/2156 2157/2157/2157
f 2153/2153/2153 2157/2157/2157 2154/2154/2154
f 2154/2154/2154 2157/2157/2157 2158/2158/2158
f 2154/2154/2154 2158/2158/2158 2155/2155/2155
f 2155/2155/2155 2158/2158/2158 2159/2159/2159
f 2160/2160/2160 2164/2164/2164 2161/2161/2161
f 2161/2161/2161 2164/2164/2164 2165/2165/2165
f 2161/2161/2161 2165/2165/2165 2162/2162/2162
f 2162/2162/2162 2165/2165/2165 2166/2166/2166
f 2162/2162/2162 2166/2166/2166 2163/2163/2163
f 2163/2163/2163 2166/2166/2166 2167/2167/2167
f 2164/2164/2164 2168/2168/2168 2165/2165/2165
f 2165/2165/2165 2168/2168/2168 2169/2169/2169
f 2165/2165/2165 2169/2169/2169 2166/2166/2166
f 2166/2166/2166 2169/2169/2169 2170/2170/2170
f 2166/2166/2166 2170/2170/2170 2167/2167/2167
f 2167/2167/2167 2170/2170/2170 2171/2171/2171
f 2168/2168/2168 2172/2172/2172 2169/2169/2169
f 2169/2169/2169 2172/2172/2172 2173/2173/2173
f 2169/2169/2169 2173/2173/2173 2170/2170/2170
f 2170/2170/2170 2173/2173/2173 2174/2174/2174
f 2170/2170/2170 2174/2174/2174 2171/2171/2171
f 2171/2171/2171 2174/2174/2174 2175/2175/2175
f 2176/2176/2176 2180/2180/2180 2177/2177/2177
f 2177/2177/2177 2180/2180/2180 2181/2181/2181
f 2177/2177/2177 2181/2181/2181 2178/2178/2178
f 2178/2178/2178 2181/2181/2181 2182/2182/2182
f 2178/2178/2178 2182/2182/2182 2179/2179/2179
f 2179/2179/2179 2182/2182/2182 2183/2183/2183
f 2180/2180/2180 2184/2184/2184 2181/2181/2181
f 2181/2181/2181 2184/2184/2184 2185/2185/2185
f 2181/2181/2181 2185/2185/2185 2182/2182/2182
f 2182/2182/2182 2185/2185/2185 2186/2186/2186
f 2182/2182/2182 2186/2186/2186 2183/2183/2183
f 2183/2183/2183 2186/2186/2186 2187/2187/2187
f 2184/2184/2184 2188/2188/2188 2185/2185/2185
f 2185/2185/2185 2188/2188/2188 2189/2189/2189
f 2185/2185/2185 2189/2189/2189 2186/2186/2186
f 2186/2186/2186 2189/2189/2189 2190/2190/2190
f 2186/2186/2186 2190/2190/2190 2187/2187/2187
f 2187/2187/2187 2190/2190/2190 2191/2191/2191
f 2192/2192/2192 2196/2196/2196 2193/2193/2193
f 2193/2193/2193 2196/2196/2196 2197/2197/2197
f 2193/2193/2193 2197/2197/2197 2194/2194/2194
f 2194/2194/2194 2197/2197/2197 2198/2198/2198
f 2194/2194/2194 2198/2198/2198 2195/2195/2195
f 2195/2195/2195 2198/2198/2198 2199/2199/2199
f 2196/2196/2196 2200/2200/2200 2197/2197/2197
f 2197/2197/2197 2200/2200/2200 2201/2201/2201
f 2197/2197/2197 2201/2201/2201 2198/2198/2198
f 2198/2198/2198 2201/2201/2201 2202/2202/2202
f 2198/2198/2198 2202/2202/2202 2199/2199/2199
f 2199/2199/2199 2202/2202/2202 2203/2203/2203
f 2200/2200/2200 2204/2204/2204 2201/2201/2201
f 2201/2201/2201 2204/2204/2204 2205/2205/2205
f 2201/2201/2201 2205/2205/2205 2202/2202/2202
f 2202/2202/2202 2205/2205/2205 2206/2206/2206
f 2202/2202/2202 2206/2206/2206 2203/2203/2203
f 2203/2203/2203 2206/2206/2206 2207/2207/2207
f 2208/2208/2208 2212/2212/2212 2209/2209/2209
f 2209/2209/2209 2212/2212/2212 2213/2213/2213
f 2209/2209/2209 2213/2213/2213 2210/2210/2210
f 2210/2210/2210 2213/2213/2213 2214/2214/2214
f 2210/2210/2210 2214/2214/2214 2211/2211/2211
f 2211/2211/2211 2214/2214/2214 2215/2215/2215
f 2212/2212/2212 2216/2216/2216 2213/2213/2213
f 2213/2213/2213 2216/2216/2216 2217/2217/2217
f 2213/2213/2213 2217/2217/2217 2214/2214/2214
f 2214/2214/2214 2217/2217/2217 2218/2218/2218
f 2214/2214/2214 2218/2218/2218 2215/2215/2215
f 2215/2215/2215 2218/2218/2218 2219/2219/2219
f 2216/2216/2216 2220/2220/2220 2217/2217/2217
f 2217/2217/2217 2220/2220/2220 2221/2221/2221
f 2217/2217/2217 2221/2221/2221 2218/2218/2218
f 2218/2218/2218 2221/2221/2221 2222/2222/2222
f 2218/2218/2218 2222/2222/2222 2219/2219/2219
f 2219/2219/2219 2222/2222/2222 2223/2223/2223
f 2224/2224/2224 2228/2228/2228 2225/2225/2225
f 2225/2225/2225 2228/2228/2228 2229/2229/2229
f 2225/2225/2225 2229/2229/2229 2226/2226/2226
f 2226/2226/2226 2229/2229/2229 2230/2230/2230
f 2226/2226/2226 2230/2230/2230 2227/2227/2227
f 2227/2227/2227 2230/2230/2230 2231/2231/2231
f 2228/2228/2228 2232/2232/2232 2229/2229/2229
f 2229/2229/2229 2232/2232/2232 2233/2233/2233
f 2229/2229/2229 2233/2233/2233 2230/2230/2230
f 2230/2230/2230 2233/2233/2233 2234/2234/2234
f 2230/2230/2230 2234/2234/2234 2231/2231/2231
f 2231/2231/2231 2234/2234/2234 2235/2235/2235
f 2232/2232/2232 2236/2236/2236 2233/2233/2233
f 2233/2233/2233 2236/2236/2236 2237/2237/2237
f 2233/2233/2233 2237/2237/2237 2234/2234/2234
f 2234/2234/2234 2237/2237/2237 2238/2238/2238
f 2234/2234/2234 2238/2238/2238 2235/2235/2235
f 2235/2235/2235 2238/2238/2238 2239/2239/2239
f 2240/2240/2240 2244/2244/2244 2241/2241/2241
f 2241/2241/2241 2244/2244/2244 2245/2245/2245
f 2241/2241/2241 2245/2245/2245 2242/2242/2242
f 2242/2242/2242 2245/2245/2245 2246/2246/2246
f 2242/2242/2242 2246/2246/2246 2243/2243/2243
f 2243/2243/2243 2246/2246/2246 2247/2247/2247
f 2244/2244/2244 2248/2248/2248 2245/2245/2245
f 2245/2245/2245 2248/2248/2248 2249/2249/2249
f 2245/2245/2245 2249/2249/2249 2246/2246/2246
f 2246/2246/2246 2249/2249/2249 2250/2250/2250
f 2246/2246/2246 2250/2250/2250 2247/2247/2247
f 2247/2247/2247 2250/2250/2250 2251/2251/2251
f 2248/2248/2248 2252/2252/2252 2249/2249/2249
f 2249/2249/2249 2252/2252/2252 2253/2253/2253
f 2249/2249/2249 2253/2253/2253 2250/2250/2250
f 2250/2250/2250 2253/2253/2253 2254/2254/2254
f 2250/2250/2250 2254/2254/2254 2251/2251/2251
f 2251/2251/2251 2254/2254/2254 2255/2255/2255
f 2256/2256/2256 2260/2260/2260 2257/2257/2257
f 2257/2257/2257 2260/2260/2260 2261/2261/2261
f 2257/2257/2257 2261/2261/2261 2258/2258/2258
f 2258/2258/2258 2261/2261/2261 2262/2262/2262
f 2258/2258/2258 2262/2262/2262 2259/2259/2259
f 2259/2259/2259 2262/2262/2262 2263/2263/2263
f 2260/2260/2260 2264/2264/2264 2261/2261/2261
f 2261/2261/2261 2264/2264/2264 2265/2265/2265
f 2261/2261/2261 2265/2265/2265 2262/2262/2262
f 2262/2262/2262 2265/2265/2265 2266/2266/2266
f 2262/2262/2262 2266/2266/2266 2263/2263/2263
f 2263/2263/2263 2266/2266/2266 2267/2267/2267
f 2264/2264/2264 2268/2268/2268 2265/2265/2265
f 2265/2265/2265 2268/2268/2268 2269/2269/2269
f 2265/2265/2265 2269/2269/2269 2266/2266/2266
f 2266/2266/2266 2269/2269/2269 2270/2270/2270
f 2266/2266/2266 2270/2270/2270 2267/2267/2267
f 2267/2267/2267 2270/2270/2270 2271/2271/2271
f 2272/2272/2272 2276/2276/2276 2273/2273/2273
f 2273/2273/2273 2276/2276/2276 2277/2277/2277
f 2273/2273/2273 2277/2277/2277 2274/2274/2274
f 2274/2274/2274 2277/2277/2277 2278/2278/2278
f 2274/2274/2274 2278/2278/2278 2275/2275/2275
f 2275/2275/2275 2278/2278/2278 2279/2279/2279
f 2276/2276/2276 2280/2280/2280 2277/2277/2277
f 2277/2277/2277 2280/2280/2280 2281/2281/2281
f 2277/2277/2277 2281/2281/2281 2278/2278/2278
f 2278/2278/2278 2281/2281/2281 2282/2282/2282
f 2278/2278/2278 2282/2282/2282 2279/2279/2279
f 2279/2279/2279 2282/2282/2282 2283/2283/2283
f 2280/2280/2280 2284/2284/2284 2281/2281/2281
f 2281/2281/2281 2284/2284/2284 2285/2285/2285
f 2281/2281/2281 2285/2285/2285 2282/2282/2282
f 2282/2282/2282 2285/2285/2285 2286/2286/2286
f 2282/2282/2282 2286/2286/2286 2283/2283/2283
f 2283/2283/2283 2286/2286/2286 2287/2287/2287
f 2288/2288/2288 2292/2292/2292 2289/2289/2289
f 2289/2289/2289 2292/2292/2292 2293/2293/2293
f 2289/2289/2289 2293/2293/2293 2290/2290/2290
f 2290/2290/2290 2293/2293/2293 2294/2294/2294
f 2290/2290/2290 2294/2294/2294 2291/2291/2291
f 2291/2291/2291 2294/2294/2294 2295/2295/2295
f 2292/2292/2292 2296/2296/2296 2293/2293/2293
f 2293/2293/2293 2296/2296/2296 2297/2297/2297
f 2293/2293/2293 2297/2297/2297 2294/2294/2294
f 2294/2294/2294 2297/2297/2297 2298/2298/2298
f 2294/2294/2294 2298/2298/2298 2295/2295/2295
f 2295/2295/2295 2298/2298/2298 2299/2299/2299
f 2296/2296/2296 2300/2300/2300 2297/2297/2297
f 2297/2297/2297 2300/2300/2300 2301/2301/2301
f 2297/2297/2297 2301/2301/2301 2298/2298/2298
f 2298/2298/2298 2301/2301/2301 2302/2302/2302
f 2298/2298/2298 2302/2302/2302 2299/2299/2299
f 2299/2299/2299 2302/2302/2302 2303/2303/2303
f 2304/2304/2304 2308/2308/2308 2305/2305/2305
f 2305/2305/2305 2308/2308/2308 2309/2309/2309
f 2305/2305/2305 2309/2309/2309 2306/2306/2306
f 2306/2306/2306 2309/2309/2309 2310/2310/2310
f 2306/2306/2306 2310/2310/2310 2307/2307/2307
f 2307/2307/2307 2310/2310/2310 2311/2311/2311
f 2308/2308/2308 2312/2312/2312 2309/2309/2309
f 2309/2309/2309 2312/2312/2312 2313/2313/2313
f 2309/2309/2309 2313/2313/2313 2310/2310/2310
f 2310/2310/2310 2313/2313/2313 2314/2314/2314
f 2310/2310/2310 2314/2314/2314 2311/2311/2311
f 2311/2311/2311 2314/2314/2314 2315/2315/2315
f 2312/2312/2312 2316/2316/2316 2313/2313/2313
f 2313/2313/2313 2316/2316/2316 2317/2317/2317
f 2313/2313/2313 2317/2317/2317 2314/2314/2314
f 2314/2314/2314 2317/2317/2317 2318/2318/2318
f 2314/2314/2314 2318/2318/2318 2315/2315/2315
f 2315/2315/2315 2318/2318/2318 2319/2319/2319
f 2320/2320/2320 2324/2324/2324 2321/2321/2321
f 2321/2321/2321 2324/2324/2324 2325/2325/2325
f 2321/2321/2321 2325/2325/2325 2322/2322/2322
f 2322/2322/2322 2325/2325/2325 2326/2326/2326
f 2322/2322/2322 2326/2326/2326 2323/2323/2323
f 2323/2323/2323 2326/2326/2326 2327/2327/2327
f 2324/2324/2324 2328/2328/2328 2325/2325/2325
f 2325/2325/2325 2328/2328/2328 2329/2329/2329
f 2325/2325/2325 2329/2329/2329 2326/2326/2326
f 2326/2326/2326 2329/2329/2329 2330/2330/2330
f 2326/2326/2326 2330/2330/2330 2327/2327/2327
f 2327/2327/2327 2330/2330/2330 2331/2331/2331
f 2328/2328/2328 2332/2332/2332 2329/2329/2329
f 2329/2329/2329 2332/2332/2332 2333/2333/2333
f 2329/2329/2329 2333/2333/2333 2330/2330/2330
f 2330/2330/2330 2333/2333/2333 2334/2334/2334
f 2330/2330/2330 2334/2334/2334 2331/2331/2331
f 2331/2331/2331 2334/2334/2334 2335/2335/2335
f 2336/2336/2336 2340/2340/2340 2337/2337/2337
f 2337/2337/2337 2340/2340/2340 2341/2341/2341
f 2337/2337/2337 2341/2341/2341 2338/2338/2338
f 2338/2338/2338 2341/2341/2341 2342/2342/2342
f 2338/2338/2338 2342/2342/2342 2339/2339/2339
f 2339/2339/2339 2342/2342/2342 2343/2343/2343
f 2340/2340/2340 2344/2344/2344 2341/2341/2341
f 2341/2341/2341 2344/2344/2344 2345/2345/2345
f 2341/2341/2341 2345/2345/2345 2342/2342/2342
f 2342/2342/2342 2345/2345/2345 2346/2346/2346
f 2342/2342/2342 2346/2346/2346 2343/2343/2343
f 2343/2343/2343 2346/2346/2346 2347/2347/2347
f 2344/2344/2344 2348/2348/2348 2345/2345/2345
f 2345/2345/2345 2348/2348/2348 2349/2349/2349
f 2345/2345/2345 2349/2349/2349 2346/2346/2346
f 2346/2346/2346 2349/2349/2349 2350/2350/2350
f 2346/2346/2346 2350/2350/2350 2347/2347/2347
f 2347/2347/2347 2350/2350/2350 2351/2351/2351
f 2352/2352/2352 2356/2356/2356 2353/2353/2353
f 2353/2353/2353 2356/2356/2356 2357/2357/2357
f 2353/2353/2353 2357/2357/2357 2354/2354/2354
f 2354/2354/2354 2357/2357/2357 2358/2358/2358
f 2354/2354/2354 2358/2358/2358 2355/2355/2355
f 2355/2355/2355 2358/2358/2358 2359/2359/2359
f 2356/2356/2356 2360/2360/2360 2357/2357/2357
f 2357/2357/2357 2360/2360/2360 2361/2361/2361
f 2357/2357/2357 2361/2361/2361 2358/2358/2358
f 2358/2358/2358 2361/2361/2361 2362/2362/2362
f 2358/2358/2358 2362/2362/2362 2359/2359/2359
f 2359/2359/2359 2362/2362/2362 2363/2363/2363
f 2360/2360/2360 2364/2364/2364 2361/2361/2361
f 2361/2361/2361 2364/2364/2364 2365/2365/2365
f 2361/2361/2361 2365/2365/2365 2362/2362/2362
f 2362/2362/2362 2365/2365/2365 2366/2366/2366
f 2362/2362/2362 2366/2366/2366 2363/2363/2363
f 2363/2363/2363 2366/2366/2366 2367/2367/2367
f 2368/2368/2368 2372/2372/2372 2369/2369/2369
f 2369/2369/2369 2372/2372/2372 2373/2373/2373
f 2369/2369/2369 2373/2373/2373 2370/2370/2370
f 2370/2370/2370 2373/2373/2373 2374/2374/2374
f 2370/2370/2370 2374/2374/2374 2371/2371/2371
f 2371/2371/2371 2374/2374/2374 2375/2375/2375
f 2372/2372/2372 2376/2376/2376 2373/2373/2373
f 2373/2373/2373 2376/2376/2376 2377/2377/2377
f 2373/2373/2373 2377/2377/2377 2374/2374/2374
f 2374/2374/2374 2377/2377/2377 2378/2378/2378
f 2374/2374/2374 2378/2378/2378 2375/2375/2375
f 2375/2375/2375 2378/2378/2378 2379/2379/2379
f 2376/2376/2376 2380/2380/2380 2377/2377/2377
f 2377/2377/2377 2380/2380/2380 2381/2381/2381
f 2377/2377/2377 2381/2381/2381 2378/2378/2378
f 2378/2378/2378 2381/2381/2381 2382/2382/2382
f 2378/2378/2378 2382/2382/2382 2379/2379/2379
f 2379/2379/2379 2382/2382/2382 2383/2383/2383
f 2384/2384/2384 2388/2388/2388 2385/2385/2385
f 2385/2385/2385 2388/2388/2388 2389/2389/2389
f 2385/2385/2385 2389/2389/2389 2386/2386/2386
f 2386/2386/2386 2389/2389/2389 2390/2390/2390
f 2386/2386/2386 2390/2390/2390 2387/2387/2387
f 2387/2387/2387 2390/2390/2390 2391/2391/2391
f 2388/2388/2388 2392/2392/2392 2389/2389/2389
f 2389/2389/2389 2392/2392/2392 2393/2393/2393
f 2389/2389/2389 2393/2393/2393 2390/2390/2390
f 2390/2390/2390 2393/2393/2393 2394/2394/2394
f 2390/2390/2390 2394/2394/2394 2391/2391/2391
f 2391/2391/2391 2394/2394/2394 2395/2395/2395
f 2392/2392/2392 2396/2396/2396 2393/2393/2393
f 2393/2393/2393 2396/2396/2396 2397/2397/2397
f 2393/2393/2393 2397/2397/2397 2394/2394/2394
f 2394/2394/2394 2397/2397/2397 2398/2398/2398
f 2394/2394/2394 2398/2398/2398 2395/2395/2395
f 2395/2395/2395 2398/2398/2398 2399/2399/2399
f 2400/2400/2400 2404/2404/2404 2401/2401/2401
f 2401/2401/2401 2404/2404/2404 2405/2405/2405
f 2401/2401/2401 2405/2405/2405 2402/2402/2402
f 2402/2402/2402 2405/2405/2405 2406/2406/2406
f 2402/2402/2402 2406/2406/2406 2403/2403/2403
f 2403/2403/2403 2406/2406/2406 2407/2407/2407
f 2404/2404/2404 2408/2408/2408 2405/2405/2405
f 2405/2405/2405 2408/2408/2408 2409/2409/2409
f 2405/2405/2405 2409/2409/2409 2406/2406/2406
f 2406/2406/2406 2409/2409/2409 2410/2410/2410
f 2406/2406/2406 2410/2410/2410 2407/2407/2407
f 2407/2407/2407 2410/2410/2410 2411/2411/2411
f 2408/2408/2408 2412/2412/2412 2409/2409/2409
f 2409/2409/2409 2412/2412/2412 2413/2413/2413
f 2409/2409/2409 2413/2413/2413 2410/2410/2410
f 2410/2410/2410 2413/2413/2413 2414/2414/2414
f 2410/2410/2410 2414/2414/2414 2411/2411/2411
f 2411/2411/2411 2414/2414/2414 2415/2415/2415
f 2416/2416/2416 2420/2420/2420 2417/2417/2417
f 2417/2417/2417 2420/2420/2420 2421/2421/2421
f 2417/2417/2417 2421/2421/2421 2418/2418/2418
f 2418/2418/2418 2421/2421/2421 2422/2422/2422
f 2418/2418/2418 2422/2422/2422 2419/2419/2419
f 2419/2419/2419 2422/2422/2422 2423/2423/2423
f 2420/2420/2420 2424/2424/2424 2421/2421/2421
f 2421/2421/2421 2424/2424/2424 2425/2425/2425
f 2421/2421/2421 2425/2425/2425 2422/2422/2422
f 2422/2422/2422 2425/2425/2425 2426/2426/2426
f 2422/2422/2422 2426/2426/2426 2423/2423/2423
f 2423/2423/2423 2426/2426/2426 2427/2427/2427
f 2424/2424/2424 2428/2428/2428 2425/2425/2425
f 2425/2425/2425 2428/2428/2428 2429/2429/2429
f 2425/2425/2425 2429/2429/2429 2426/2426/2426
f 2426/2426/2426 2429/2429/2429 2430/2430/2430
f 2426/2426/2426 2430/2430/2430 2427/2427/2427
f 2427/2427/2427 2430/2430/2430 2431/2431/2431
f 2432/2432/2432 2436/2436/2436 2433/2433/2433
f 2433/2433/2433 2436/2436/2436 2437/2437/2437
f 2433/2433/2433 2437/2437/2437 2434/2434/2434
f 2434/2434/2434 2437/2437/2437 2438/2438/2438
f 2434/2434/2434 2438/2438/2438 2435/2435/2435
f 2435/2435/2435 2438/2438/2438 2439/2439/2439
f 2436/2436/2436 2440/2440/2440 2437/2437/2437
f 2437/2437/2437 2440/2440/2440 2441/2441/2441
f 2437/2437/2437 2441/2441/2441 2438/2438/2438
f 2438/2438/2438 2441/2441/2441 2442/2442/2442
f 2438/2438/2438 2442/2442/2442 2439/2439/2439
f 2439/2439/2439 2442/2442/2442 2443/2443/2443
f 2440/2440/2440 2444/2444/2444 2441/2441/2441
f 2441/2441/2441 2444/2444/2444 2445/2445/2445
f 2441/2441/2441 2445/2445/2445 2442/2442/2442
f 2442/2442/2442 2445/2445/2445 2446/2446/2446
f 2442/2442/2442 2446/2446/2446 2443/2443/2443
f 2443/2443/2443 2446/2446/2446 2447/2447/2447
f 2448/2448/2448 2452/2452/2452 2449/2449/2449
f 2449/2449/2449 2452/2452/2452 2453/2453/2453
f 2449/2449/2449 2453/2453/2453 2450/2450/2450
f 2450/2450/2450 2453/2453/2453 2454/2454/2454
f 2450/2450/2450 2454/2454/2454 2451/2451/2451
f 2451/2451/2451 2454/2454/2454 2455/2455/2455
f 2452/2452/2452 2456/2456/2456 2453/2453/2453
f 2453/2453/2453 2456/2456/2456 2457/2457/2457
f 2453/2453/2453 2457/2457/2457 2454/2454/2454
f 2454/2454/2454 2457/2457/2457 2458/2458/2458
f 2454/2454/2454 2458/2458/2458 2455/2455/2455
f 2455/2455/2455 2458/2458/2458 2459/2459/2459
f 2456/2456/2456 2460/2460/2460 2457/2457/2457
f 2457/2457/2457 2460/2460/2460 2461/2461/2461
f 2457/2457/2457 2461/2461/2461 2458/2458/2458
f 2458/2458/2458 2461/2461/2461 2462/2462/2462
f 2458/2458/2458 2462/2462/2462 2459/2459/2459
f 2459/2459/2459 2462/2462/2462 2463/2463/2463
f 2464/2464/2464 2468/2468/2468 2465/2465/2465
f 2465/2465/2465 2468/2468/2468 2469/2469/2469
f 2465/2465/2465 2469/2469/2469 2466/2466/2466
f 2466/2466/2466 2469/2469/2469 2470/2470/2470
f 2466/2466/2466 2470/2470/2470 2467/2467/2467
f 2467/2467/2467 2470/2470/2470 2471/2471/2471
f 2468/2468/2468 2472/2472/2472 2469/2469/2469
f 2469/2469/2469 2472/2472/2472 2473/2473/2473
f 2469/2469/2469 2473/2473/2473 2470/2470/2470
f 2470/2470/2470 2473/2473/2473 2474/2474/2474
f 2470/2470/2470 2474/2474/2474 2471/2471/2471
f 2471/2471/2471 2474/2474/2474 2475/2475/2475
f 2472/2472/2472 2476/2476/2476 2473/2473/2473
f 2473/2473/2473 2476/2476/2476 2477/2477/2477
f 2473/2473/2473 2477/2477/2477 2474/2474/2474
f 2474/2474/2474 2477/2477/2477 2478/2478/2478
f 2474/2474/2474 2478/2478/2478 2475/2475/2475
f 2475/2475/2475 2478/2478/2478 2479/2479/2479
f 2480/2480/2480 2484/2484/2484 2481/2481/2481
f 2481/2481/2481 2484/2484/2484 2485/2485/2485
f 2481/2481/2481 2485/2485/2485 2482/2482/2482
f 2482/2482/2482 2485/2485/2485 2486/2486/2486
f 2482/2482/2482 2486/2486/2486 2483/2483/2483
f 2483/2483/2483 2486/2486/2486 2487/2487/2487
f 2484/2484/2484 2488/2488/2488 2485/2485/2485
f 2485/2485/2485 2488/2488/2488 2489/2489/2489
f 2485/2485/2485 2489/2489/2489 2486/2486/2486
f 2486/2486/2486 2489/2489/2489 2490/2490/2490
f 2486/2486/2486 2490/2490/2490 2487/2487/2487
f 2487/2487/2487 2490/2490/2490 2491/2491/2491
f 2488/2488/2488 2492/2492/2492 2489/2489/2489
f 2489/2489/2489 2492/2492/2492 2493/2493/2493
f 2489/2489/2489 2493/2493/2493 2490/2490/2490
f 2490/2490/2490 2493/2493/2493 2494/2494/2494
f 2490/2490/2490 2494/2494/2494 2491/2491/2491
f 2491/2491/2491 2494/2494/2494 2495/2495/2495
f 2496/2496/2496 2500/2500/2500 2497/2497/2497
f 2497/2497/2497 2500/2500/2500 2501/2501/2501
f 2497/2497/2497 2501/2501/2501 2498/2498/2498
f 2498/2498/2498 2501/2501/2501 2502/2502/2502
f 2498/2498/2498 2502/2502/2502 2499/2499/2499
f 2499/2499/2499 2502/2502/2502 2503/2503/2503
f 2500/2500/2500 2504/2504/2504 2501/2501/2501
f 2501/2501/2501 2504/2504/2504 2505/2505/2505
f 2501/2501/2501 2505/2505/2505 2502/2502/2502
f 2502/2502/2502 2505/2505/2505 2506/2506/2506
f 2502/2502/2502 2506/2506/2506 2503/2503/2503
f 2503/2503/2503 2506/2506/2506 2507/2507/2507
f 2504/2504/2504 2508/2508/2508 2505/2505/2505
f 2505/2505/2505 2508/2508/2508 2509/2509/2509
f 2505/2505/2505 2509/2509/2509 2506/2506/2506
f 2506/2506/2506 2509/2509/2509 2510/2510/2510
f 2506/2506/2506 2510/2510/2510 2507/2507/2507
f 2507/2507/2507 2510/2510/2510 2511/2511/2511
f 2512/2512/2512 2516/2516/2516 2513/2513/2513
f 2513/2513/2513 2516/2516/2516 2517/2517/2517
f 2513/2513/2513 2517/2517/2517 2514/2514/2514
f 2514/2514/2514 2517/2517/2517 2518/2518/2518
f 2514/2514/2514 2518/2518/2518 2515/2515/2515
f 2515/2515/2515 2518/2518/2518 2519/2519/2519
f 2516/2516/2516 2520/2520/2520 2517/2517/2517
f 2517/2517/2517 2520/2520/2520 2521/2521/2521
f 2517/2517/2517 2521/2521/2521 2518/2518/2518
f 2518/2518/2518 2521/2521/2521 2522/2522/2522
f 2518/2518/2518 2522/2522/2522 2519/2519/2519
f 2519/2519/2519 2522/2522/2522 2523/2523/2523
f 2520/2520/2520 2524/2524/2524 2521/2521/2521
f 2521/2521/2521 2524/2524/2524 2525/2525/2525
f 2521/2521/2521 2525/2525/2525 2522/2522/2522
f 2522/2522/2522 2525/2525/2525 2526/2526/2526
f 2522/2522/2522 2526/2526/2526 2523/2523/2523
f 2523/2523/2523 2526/2526/2526 2527/2527/2527
f 2528/2528/2528 2532/2532/2532 2529/2529/2529
f 2529/2529/2529 2532/2532/2532 2533/2533/2533
f 2529/2529/2529 2533/2533/2533 2530/2530/2530
f 2530/2530/2530 2533/2533/2533 2534/2534/2534
f 2530/2530/2530 2534/2534/2534 2531/2531/2531
f 2531/2531/2531 2534/2534/2534 2535/2535/2535
f 2532/2532/2532 2536/2536/2536 2533/2533/2533
f 2533/2533/2533 2536/2536/2536 2537/2537/2537
f 2533/2533/2533 2537/2537/2537 2534/2534/2534
f 2534/2534/2534 2537/2537/2537 2538/2538/2538
f 2534/2534/2534 2538/2538/2538 2535/2535/2535
f 2535/2535/2535 2538/2538/2538 2539/2539/2539
f 2536/2536/2536 2540/2540/2540 2537/2537/2537
f 2537/2537/2537 2540/2540/2540 2541/2541/2541
f 2537/2537/2537 2541/2541/2541 2538/2538/2538
f 2538/2538/2538 2541/2541/2541 2542/2542/2542
f 2538/2538/2538 2542/2542/2542 2539/2539/2539
f 2539/2539/2539 2542/2542/2542 2543/2543/2543
f 2544/2544/2544 2548/2548/2548 2545/2545/2545
f 2545/2545/2545 2548/2548/2548 2549/2549/2549
f 2545/2545/2545 2549/2549/2549 2546/2546/2546
f 2546/2546/2546 2549/2549/2549 2550/2550/2550
f 2546/2546/2546 2550/2550/2550 2547/2547/2547
f 2547/2547/2547 2550/2550/2550 2551/2551/2551
f 2548/2548/2548 2552/2552/2552 2549/2549/2549
f 2549/2549/2549 2552/2552/2552 2553/2553/2553
f 2549/2549/2549 2553/2553/2553 2550/2550/2550
f 2550/2550/2550 2553/2553/2553 2554/2554/2554
f 2550/2550/2550 2554/2554/2554 2551/2551/2551
f 2551/2551/2551 2554/2554/2554 2555/2555/2555
f 2552/2552/2552 2556/2556/2556 2553/2553/2553
f 2553/2553/2553 2556/2556/2556 2557/2557/2557
f 2553/2553/2553 2557/2557/2557 2554/2554/2554
f 2554/2554/2554 2557/2557/2557 2558/2558/2558
f 2554/2554/2554 2558/2558/2558 2555/2555/2555
f 2555/2555/2555 2558/2558/2558 2559/2559/2559
f 2560/2560/2560 2564/2564/2564 2561/2561/2561
f 2561/2561/2561 2564/2564/2564 2565/2565/2565
f 2561/2561/2561 2565/2565/2565 2562/2562/2562
f 2562/2562/2562 2565/2565/2565 2566/2566/2566
f 2562/2562/2562 2566/2566/2566 2563/2563/2563
f 2563/2563/2563 2566/2566/2566 2567/2567/2567
f 2564/2564/2564 2568/2568/2568 2565/2565/2565
f 2565/2565/2565 2568/2568/2568 2569/2569/2569
f 2565/2565/2565 2569/2569/2569 2566/2566/2566
f 2566/2566/2566 2569/2569/2569 2570/2570/2570
f 2566/2566/2566 2570/2570/2570 2567/2567/2567
f 2567/2567/2567 2570/2570/2570 2571/2571/2571
f 2568/2568/2568 2572/2572/2572 2569/2569/2569
f 2569/2569/2569 2572/2572/2572 2573/2573/2573
f 2569/2569/2569 2573/2573/2573 2570/2570/2570
f 2570/2570/2570 2573/2573/2573 2574/2574/2574
f 2570/2570/2570 2574/2574/2574 2571/2571/2571
f 2571/2571/2571 2574/2574/2574 2575/2575/2575
f 2576/2576/2576 2580/2580/2580 2577/2577/2577
f 2577/2577/2577 2580/2580/2580 2581/2581/2581
f 2577/2577/2577 2581/2581/2581 2578/2578/2578
f 2578/2578/2578 2581/2581/2581 2582/2582/2582
f 2578/2578/2578 2582/2582/2582 2579/2579/2579
f 2579/2579/2579 2582/2582/2582 2583/2583/2583
f 2580/2580/2580 2584/2584/2584 2581/2581/2581
f 2581/2581/2581 2584/2584/2584 2585/2585/2585
f 2581/2581/2581 2585/2585/2585 2582/2582/2582
f 2582/2582/2582 2585/2585/2585 2586/2586/2586
f 2582/2582/2582 2586/2586/2586 2583/2583/2583
f 2583/2583/2583 2586/2586/2586 2587/2587/2587
f 2584/2584/2584 2588/2588/2588 2585/2585/2585
f 2585/2585/2585 2588/2588/2588 2589/2589/2589
f 2585/2585/2585 2589/2589/2589 2586/2586/2586
f 2586/2586/2586 2589/2589/2589 2590/2590/2590
f 2586/2586/2586 2590/2590/2590 2587/2587/2587
f 2587/2587/2587 2590/2590/2590 2591/2591/2591
f 2592/2592/2592 2596/2596/2596 2593/2593/2593
f 2593/2593/2593 2596/2596/2596 2597/2597/2597
f 2593/2593/2593 2597/2597/2597 2594/2594/2594
f 2594/2594/2594 2597/2597/2597 2598/2598/2598
f 2594/2594/2594 2598/2598/2598 2595/2595/2595
f 2595/2595/2595 2598/2598/2598 2599/2599/2599
f 2596/2596/2596 2600/2600/2600 2597/2597/2597
f 2597/2597/2597 2600/2600/2600 2601/2601/2601
f 2597/2597/2597 2601/2601/2601 2598/2598/2598
f 2598/2598/2598 2601/2601/2601 2602/2602/2602
f 2598/2598/2598 2602/2602/2602 2599/2599/2599
f 2599/2599/2599 2602/2602/2602 2603/2603/2603
f 2600/2600/2600 2604/2604/2604 2601/2601/2601
f 2601/2601/2601 2604/2604/2604 2605/2605/2605
f 2601/2601/2601 2605/2605/2605 2602/2602/2602
f 2602/2602/2602 2605/2605/2605 2606/2606/2606
f 2602/2602/2602 2606/2606/2606 2603/2603/2603
f 2603/2603/2603 2606/2606/2606 2607/2607/2607
f 2608/2608/2608 2612/2612/2612 2609/2609/2609
f 2609/2609/2609 2612/2612/2612 2613/2613/2613
f 2609/2609/2609 2613/2613/2613 2610/2610/2610
f 2610/2610/2610 2613/2613/2613 2614/2614/2614
f 2610/2610/2610 2614/2614/2614 2611/2611/2611
f 2611/2611/2611 2614/2614/2614 2615/2615/2615
f 2612/2612/2612 2616/2616/2616 2613/2613/2613
f 2613/2613/2613 2616/2616/2616 2617/2617/2617
f 2613/2613/2613 2617/2617/2617 2614/2614/2614
f 2614/2614/2614 2617/2617/2617 2618/2618/2618
f 2614/2614/2614 2618/2618/2618 2615/2615/2615
f 2615/2615/2615 2618/2618/2618 2619/2619/2619
f 2616/2616/2616 2620/2620/2620 2617/2617/2617
f 2617/2617/2617 2620/2620/2620 2621/2621/2621
f 2617/2617/2617 2621/2621/2621 2618/2618/2618
f 2618/2618/2618 2621/2621/2621 2622/2622/2622
f 2618/2618/2618 2622/2622/2622 2619/2619/2619
f 2619/2619/2619 2622/2622/2622 2623/2623/2623
f 2624/2624/2624 2628/2628/2628 2625/2625/2625
f 2625/2625/2625 2628/2628/2628 2629/2629/2629
f 2625/2625/2625 2629/2629/2629 2626/2626/2626
f 2626/2626/2626 2629/2629/2629 2630/2630/2630
f 2626/2626/2626 2630/2630/2630 2627/2627/2627
f 2627/2627/2627 2630/2630/2630 2631/2631/2631
f 2628/2628/2628 2632/2632/2632 2629/2629/2629
f 2629/2629/2629 2632/2632/2632 2633/2633/2633
f 2629/2629/2629 2633/2633/2633 2630/2630/2630
f 2630/2630/2630 2633/2633/2633 2634/2634/2634
f 2630/2630/2630 2634/2634/2634 2631/2631/2631
f 2631/2631/2631 2634/2634/2634 2635/2635/2635
f 2632/2632/2632 2636/2636/2636 2633/2633/2633
f 2633/2633/2633 2636/2636/2636 2637/2637/2637
f 2633/2633/2633 2637/2637/2637 2634/2634/2634
f 2634/2634/2634 2637/2637/2637 2638/2638/2638
f 2634/2634/2634 2638/2638/2638 2635/2635/2635
f 2635/2635/2635 2638/2638/2638 2639/2639/2639
f 2640/2640/2640 2644/2644/2644 2641/2641/2641
f 2641/2641/2641 2644/2644/2644 2645/2645/2645
f 2641/2641/2641 2645/2645/2645 2642/2642/2642
f 2642/2642/2642 2645/2645/2645 2646/2646/2646
f 2642/2642/2642 2646/2646/2646 2643/2643/2643
f 2643/2643/2643 2646/2646/2646 2647/2647/2647
f 2644/2644/2644 2648/2648/2648 2645/2645/2645
f 2645/2645/2645 2648/2648/2648 2649/2649/2649
f 2645/2645/2645 2649/2649/2649 2646/2646/2646
f 2646/2646/2646 2649/2649/2649 2650/2650/2650
f 2646/2646/2646 2650/2650/2650 2647/2647/2647
f 2647/2647/2647 2650/2650/2650 2651/2651/2651
f 2648/2648/2648 2652/2652/2652 2649/2649/2649
f 2649/2649/2649 2652/2652/2652 2653/2653/2653
f 2649/2649/2649 2653/2653/2653 2650/2650/2650
f 2650/2650/2650 2653/2653/2653 2654/2654/2654
f 2650/2650/2650 2654/2654/2654 2651/2651/2651
f 2651/2651/2651 2654/2654/2654 2655/2655/2655
f 2656/2656/2656 2660/2660/2660 2657/2657/2657
f 2657/2657/2657 2660/2660/2660 2661/2661/2661
f 2657/2657/2657 2661/2661/2661 2658/2658/2658
f 2658/2658/2658 2661/2661/2661 2662/2662/2662
f 2658/2658/2658 2662/2662/2662 2659/2659/2659
f 2659/2659/2659 2662/2662/2662 2663/2663/2663
f 2660/2660/2660 2664/2664/2664 2661/2661/2661
f 2661/2661/2661 2664/2664/2664 2665/2665/2665
f 2661/2661/2661 2665/2665/2665 2662/2662/2662
f 2662/2662/2662 2665/2665/2665 2666/2666/2666
f 2662/2662/2662 2666/2666/2666 2663/2663/2663
f 2663/2663/2663 2666/2666/2666 2667/2667/2667
f 2664/2664/2664 2668/2668/2668 2665/2665/2665
f 2665/2665/2665 2668/2668/2668 2669/2669/2669
f 2665/2665/2665 2669/2669/2669 2666/2666/2666
f 2666/2666/2666 2669/2669/2669 2670/2670/2670
f 2666/2666/2666 2670/2670/2670 2667/2667/2667
f 2667/2667/2667 2670/2670/2670 2671/2671/2671
f 2672/2672/2672 2676/2676/2676 2673/2673/2673
f 2673/2673/2673 2676/2676/2676 2677/2677/2677
f 2673/2673/2673 2677/2677/2677 2674/2674/2674
f 2674/2674/2674 2677/2677/2677 2678/2678/2678
f 2674/2674/2674 2678/2678/2678 2675/2675/2675
f 2675/2675/2675 2678/2678/2678 2679/2679/2679
f 2676/2676/2676 2680/2680/2680 2677/2677/2677
f 2677/2677/2677 2680/2680/2680 2681/2681/2681
f 2677/2677/2677 2681/2681/2681 2678/2678/2678
f 2678/2678/2678 2681/2681/2681 2682/2682/2682
f 2678/2678/2678 2682/2682/2682 2679/2679/2679
f 2679/2679/2679 2682/2682/2682 2683/2683/2683
f 2680/2680/2680 2684/2684/2684 2681/2681/2681
f 2681/2681/2681 2684/2684/2684 2685/2685/2685
f 2681/2681/2681 2685/2685/2685 2682/2682/2682
f 2682/2682/2682 2685/2685/2685 2686/2686/2686
f 2682/2682/2682 2686/2686/2686 2683/2683/2683
f 2683/2683/2683 2686/2686/2686 2687/2687/2687
f 2688/2688/2688 2692/2692/2692 2689/2689/2689
f 2689/2689/2689 2692/2692/2692 2693/2693/2693
f 2689/2689/2689 2693/2693/2693 2690/2690/2690
f 2690/2690/2690 2693/2693/2693 2694/2694/2694
f 2690/2690/2690 2694/2694/2694 2691/2691/2691
f 2691/2691/2691 2694/2694/2694 2695/2695/2695
f 2692/2692/2692 2696/2696/2696 2693/2693/2693
f 2693/2693/2693 2696/2696/2696 2697/2697/2697
f 2693/2693/2693 2697/2697/2697 2694/2694/2694
f 2694/2694/2694 2697/2697/2697 2698/2698/2698
f 2694/2694/2694 2698/2698/2698 2695/2695/2695
f 2695/2695/2695 2698/2698/2698 2699/2699/2699
f 2696/2696/2696 2700/2700/2700 2697/2697/2697
f 2697/2697/2697 2700/2700/2700 2701/2701/2701
f 2697/2697/2697 2701/2701/2701 2698/2698/2698
f 2698/2698/2698 2701/2701/2701 2702/2702/2702
f 2698/2698/2698 2702/2702/2702 2699/2699/2699
f 2699/2699/2699 2702/2702/2702 2703/2703/2703
f 2704/2704/2704 2708/2708/2708 2705/2705/2705
f 2705/2705/2705 2708/2708/2708 2709/2709/2709
f 2705/2705/2705 2709/2709/2709 2706/2706/2706
f 2706/2706/2706 2709/2709/2709 2710/2710/2710
f 2706/2706/2706 2710/2710/2710 2707/2707/2707
f 2707/2707/2707 2710/2710/2710 2711/2711/2711
f 2708/2708/2708 2712/2712/2712 2709/2709/2709
f 2709/2709/2709 2712/2712/2712 2713/2713/2713
f 2709/2709/2709 2713/2713/2713 2710/2710/2710
f 2710/2710/2710 2713/2713/2713 2714/2714/2714
f 2710/2710/2710 2714/2714/2714 2711/2711/2711
f 2711/2711/2711 2714/2714/2714 2715/2715/2715
f 2712/2712/2712 2716/2716/2716 2713/2713/2713
f 2713/2713/2713 2716/2716/2716 2717/2717/2717
f 2713/2713/2713 2717/2717/2717 2714/2714/2714
f 2714/2714/2714 2717/2717/2717 2718/2718/2718
f 2714/2714/2714 2718/2718/2718 2715/2715/2715
f 2715/2715/2715 2718/2718/2718 2719/2719/2719
f 2720/2720/2720 2724/2724/2724 2721/2721/2721
f 2721/2721/2721 2724/2724/2724 2725/2725/2725
f 2721/2721/2721 2725/2725/2725 2722/2722/2722
f 2722/2722/2722 2725/2725/2725 2726/2726/2726
f 2722/2722/2722 2726/2726/2726 2723/2723/2723
f 2723/2723/2723 2726/2726/2726 2727/2727/2727
f 2724/2724/2724 2728/2728/2728 2725/2725/2725
f 2725/2725/2725 2728/2728/2728 2729/2729/2729
f 2725/2725/2725 2729/2729/2729 2726/2726/2726
f 2726/2726/2726 2729/2729/2729 2730/2730/2730
f 2726/2726/2726 2730/2730/2730 2727/2727/2727
f 2727/2727/2727 2730/2730/2730 2731/2731/2731
f 2728/2728/2728 2732/2732/2732 2729/2729/2729
f 2729/2729/2729 2732/2732/2732 2733/2733/2733
f 2729/2729/2729 2733/2733/2733 2730/2730/2730
f 2730/2730/2730 2733/2733/2733 2734/2734/2734
f 2730/2730/2730 2734/2734/2734 2731/2731/2731
f 2731/2731/2731 2734/2734/2734 2735/2735/2735
f 2736/2736/2736 2740/2740/2740 2737/2737/2737
f 2737/2737/2737 2740/2740/2740 2741/2741/2741
f 2737/2737/2737 2741/2741/2741 2738/2738/2738
f 2738/2738/2738 2741/2741/2741 2742/2742/2742
f 2738/2738/2738 2742/2742/2742 2739/2739/2739
f 2739/2739/2739 2742/2742/2742 2743/2743/2743
f 2740/2740/2740 2744/2744/2744 2741/2741/2741
f 2741/2741/2741 2744/2744/2744 2745/2745/2745
f 2741/2741/2741 2745/2745/2745 2742/2742/2742
f 2742/2742/2742 2745/2745/2745 2746/2746/2746
f 2742/2742/2742 2746/2746/2746 2743/2743/2743
f 2743/2743/2743 2746/2746/2746 2747/2747/2747
f 2744/2744/2744 2748/2748/2748 2745/2745/2745
f 2745/2745/2745 2748/2748/2748 2749/2749/2749
f 2745/2745/2745 2749/2749/2749 2746/2746/2746
f 2746/2746/2746 2749/2749/2749 2750/2750/2750
f 2746/2746/2746 2750/2750/2750 2747/2747/2747
f 2747/2747/2747 2750/2750/2750 2751/2751/2751
f 2752/2752/2752 2756/2756/2756 2753/2753/2753
f 2753/2753/2753 2756/2756/2756 2757/2757/2757
f 2753/2753/2753 2757/2757/2757 2754/2754/2754
f 2754/2754/2754 2757/2757/2757 2758/2758/2758
f 2754/2754/2754 2758/2758/2758 2755/2755/2755
f 2755/2755/2755 2758/2758/2758 2759/2759/2759
f 2756/2756/2756 2760/2760/2760 2757/2757/2757
f 2757/2757/2757 2760/2760/2760 2761/2761/2761
f 2757/2757/2757 2761/2761/2761 2758/2758/2758
f 2758/2758/2758 2761/2761/2761 2762/2762/2762
f 2758/2758/2758 2762/2762/2762 2759/2759/2759
f 2759/2759/2759 2762/2762/2762 2763/2763/2763
f 2760/2760/2760 2764/2764/2764 2761/2761/2761
f 2761/2761/2761 2764/2764/2764 2765/2765/2765
f 2761/2761/2761 2765/2765/2765 2762/2762/2762
f 2762/2762/2762 2765/2765/2765 2766/2766/2766
f 2762/2762/2762 2766/2766/2766 2763/2763/2763
f 2763/2763/2763 2766/2766/2766 2767/2767/2767
f 2768/2768/2768 2772/2772/2772 2769/2769/2769
f 2769/2769/2769 2772/2772/2772 2773/2773/2773
f 2769/2769/2769 2773/2773/2773 2770/2770/2770
f 2770/2770/2770 2773/2773/2773 2774/2774/2774
f 2770/2770/2770 2774/2774/2774 2771/2771/2771
f 2771/2771/2771 2774/2774/2774 2775/2775/2775
f 2772/2772/2772 2776/2776/2776 2773/2773/2773
f 2773/2773/2773 2776/2776/2776 2777/2777/2777
f 2773/2773/2773 2777/2777/2777 2774/2774/2774
f 2774/2774/2774 2777/2777/2777 2778/2778/2778
f 2774/2774/2774 2778/2778/2778 2775/2775/2775
f 2775/2775/2775 2778/2778/2778 2779/2779/2779
f 2776/2776/2776 2780/2780/2780 2777/2777/2777
f 2777/2777/2777 2780/2780/2780 2781/2781/2781
f 2777/2777/2777 2781/2781/2781 2778/2778/2778
f 2778/2778/2778 2781/2781/2781 2782/2782/2782
f 2778/2778/2778 2782/2782/2782 2779/2779/2779
f 2779/2779/2779 2782/2782/2782 2783/2783/2783
f 2784/2784/2784 2788/2788/2788 2785/2785/2785
f 2785/2785/2785 2788/2788/2788 2789/2789/2789
f 2785/2785/2785 2789/2789/2789 2786/2786/2786
f 2786/2786/2786 2789/2789/2789 2790/2790/2790
f 2786/2786/2786 2790/2790/2790 2787/2787/2787
f 2787/2787/2787 2790/2790/2790 2791/2791/2791
f 2788/2788/2788 2792/2792/2792 2789/2789/2789
f 2789/2789/2789 2792/2792/2792 2793/2793/2793
f 2789/2789/2789 2793/2793/2793 2790/2790/2790
f 2790/2790/2790 2793/2793/2793 2794/2794/2794
f 2790/2790/2790 2794/2794/2794 2791/2791/2791
f 2791/2791/2791 2794/2794/2794 2795/2795/2795
f 2792/2792/2792 2796/2796/2796 2793/2793/2793
f 2793/2793/2793 2796/2796/2796 2797/2797/2797
f 2793/2793/2793 2797/2797/2797 2794/2794/2794
f 2794/2794/2794 2797/2797/2797 2798/2798/2798
f 2794/2794/2794 2798/2798/2798 2795/2795/2795
f 2795/2795/2795 2798/2798/2798 2799/2799/2799
f 2800/2800/2800 2804/2804/2804 2801/2801/2801
f 2801/2801/2801 2804/2804/2804 2805/2805/2805
f 2801/2801/2801 2805/2805/2805 2802/2802/2802
f 2802/2802/2802 2805/2805/2805 2806/2806/2806
f 2802/2802/2802 2806/2806/2806 2803/2803/2803
f 2803/2803/2803 2806/2806/2806 2807/2807/2807
f 2804/2804/2804 2808/2808/2808 2805/2805/2805
f 2805/2805/2805 2808/2808/2808 2809/2809/2809
f 2805/2805/2805 2809/2809/2809 2806/2806/2806
f 2806/2806/2806 2809/2809/2809 2810/2810/2810
f 2806/2806/2806 2810/2810/2810 2807/2807/2807
f 2807/2807/2807 2810/2810/2810 2811/2811/2811
f 2808/2808/2808 2812/2812/2812 2809/2809/2809
f 2809/2809/2809 2812/2812/2812 2813/2813/2813
f 2809/2809/2809 2813/2813/2813 2810/2810/2810
f 2810/2810/2810 2813/2813/2813 2814/2814/2814
f 2810/2810/2810 2814/2814/2814 2811/2811/2811
f 2811/2811/2811 2814/2814/2814 2815/2815/2815
f 2816/2816/2816 2820/2820/2820 2817/2817/2817
f 2817/2817/2817 2820/2820/2820 2821/2821/2821
f 2817/2817/2817 2821/2821/2821 2818/2818/2818
f 2818/2818/2818 2821/2821/2821 2822/2822/2822
f 2818/2818/2818 2822/2822/2822 2819/2819/2819
f 2819/2819/2819 2822/2822/2822 2823/2823/2823
f 2820/2820/2820 2824/2824/2824 2821/2821/2821
f 2821/2821/2821 2824/2824/2824 2825/2825/2825
f 2821/2821/2821 2825/2825/2825 2822/2822/2822
f 2822/2822/2822 2825/2825/2825 2826/2826/2826
f 2822/2822/2822 2826/2826/2826 2823/2823/2823
f 2823/2823/2823 2826/2826/2826 2827/2827/2827
f 2824/2824/2824 2828/2828/2828 2825/2825/2825
f 2825/2825/2825 2828/2828/2828 2829/2829/2829
f 2825/2825/2825 2829/2829/2829 2826/2826/2826
f 2826/2826/2826 2829/2829/2829 2830/2830/2830
f 2826/2826/2826 2830/2830/2830 2827/2827/2827
f 2827/2827/2827 2830/2830/2830 2831/2831/2831
f 2832/2832/2832 2836/2836/2836 2833/2833/2833
f 2833/2833/2833 2836/2836/2836 2837/2837/2837
f 2833/2833/2833 2837/2837/2837 2834/2834/2834
f 2834/2834/2834 2837/2837/2837 2838/2838/2838
f 2834/2834/2834 2838/2838/2838 2835/2835/2835
f 2835/2835/2835 2838/2838/2838 2839/2839/2839
f 2836/2836/2836 2840/2840/2840 2837/2837/2837
f 2837/2837/2837 2840/2840/2840 2841/2841/2841
f 2837/2837/2837 2841/2841/2841 2838/2838/2838
f 2838/2838/2838 2841/2841/2841 2842/2842/2842
f 2838/2838/2838 2842/2842/2842 2839/2839/2839
f 2839/2839/2839 2842/2842/2842 2843/2843/2843
f 2840/2840/2840 2844/2844/2844 2841/2841/2841
f 2841/2841/2841 2844/2844/2844 2845/2845/2845
f 2841/2841/2841 2845/2845/2845 2842/2842/2842
f 2842/2842/2842 2845/2845/2845 2846/2846/2846
f 2842/2842/2842 2846/2846/2846 2843/2843/2843
f 2843/2843/2843 2846/2846/2846 2847/2847/2847
f 2848/2848/2848 2852/2852/2852 2849/2849/2849
f 2849/2849/2849 2852/2852/2852 2853/2853/2853
f 2849/2849/2849 2853/2853/2853 2850/2850/2850
f 2850/2850/2850 2853/2853/2853 2854/2854/2854
f 2850/2850/2850 2854/2854/2854 2851/2851/2851
f 2851/2851/2851 2854/2854/2854 2855/2855/2855
f 2852/2852/2852 2856/2856/2856 2853/2853/2853
f 2853/2853/2853 2856/2856/2856 2857/2857/2857
f 2853/2853/2853 2857/2857/2857 2854/2854/2854
f 2854/2854/2854 2857/2857/2857 2858/2858/2858
f 2854/2854/2854 2858/2858/2858 2855/2855/2855
f 2855/2855/2855 2858/2858/2858 2859/2859/2859
f 2856/2856/2856 2860/2860/2860 2857/2857/2857
f 2857/2857/2857 2860/2860/2860 2861/2861/2861
f 2857/2857/2857 2861/2861/2861 2858/2858/2858
f 2858/2858/2858 2861/2861/2861 2862/2862/2862
f 2858/2858/2858 2862/2862/2862 2859/2859/2859
f 2859/2859/2859 2862/2862/2862 2863/2863/2863
f 2864/2864/2864 2868/2868/2868 2865/2865/2865
f 2865/2865/2865 2868/2868/2868 2869/2869/2869
f 2865/2865/2865 2869/2869/2869 2866/2866/2866
f 2866/2866/2866 2869/2869/2869 2870/2870/2870
f 2866/2866/2866 2870/2870/2870 2867/2867/2867
f 2867/2867/2867 2870/2870/2870 2871/2871/2871
f 2868/2868/2868 2872/2872/2872 2869/2869/2869
f 2869/2869/2869 2872/2872/2872 2873/2873/2873
f 2869/2869/2869 2873/2873/2873 2870/2870/2870
f 2870/2870/2870 2873/2873/2873 2874/2874/2874
f 2870/2870/2870 2874/2874/2874 2871/2871/2871
f 2871/2871/2871 2874/2874/2874 2875/2875/2875
f 2872/2872/2872 2876/2876/2876 2873/2873/2873
f 2873/2873/2873 2876/2876/2876 2877/2877/2877
f 2873/2873/2873 2877/2877/2877 2874/2874/2874
f 2874/2874/2874 2877/2877/2877 2878/2878/2878
f 2874/2874/2874 2878/2878/2878 2875/2875/2875
f 2875/2875/2875 2878/2878/2878 2879/2879/2879
f 2880/2880/2880 2884/2884/2884 2881/2881/2881
f 2881/2881/2881 2884/2884/2884 2885/2885/2885
f 2881/2881/2881 2885/2885/2885 2882/2882/2882
f 2882/2882/2882 2885/2885/2885 2886/2886/2886
f 2882/2882/2882 2886/2886/2886 2883/2883/2883
f 2883/2883/2883 2886/2886/2886 2887/2887/2887
f 2884/2884/2884 2888/2888/2888 2885/2885/2885
f 2885/2885/2885 2888/2888/2888 2889/2889/2889
f 2885/2885/2885 2889/2889/2889 2886/2886/2886
f 2886/2886/2886 2889/2889/2889 2890/2890/2890
f 2886/2886/2886 2890/2890/2890 2887/2887/2887
f 2887/2887/2887 2890/2890/2890 2891/2891/2891
f 2888/2888/2888 2892/2892/2892 2889/2889/2889
f 2889/2889/2889 2892/2892/2892 2893/2893/2893
f 2889/2889/2889 2893/2893/2893 2890/2890/2890
f 2890/2890/2890 2893/2893/2893 2894/2894/2894
f 2890/2890/2890 2894/2894/2894 2891/2891/2891
f 2891/2891/2891 2894/2894/2894 2895/2895/2895
f 2896/2896/2896 2900/2900/2900 2897/2897/2897
f 2897/2897/2897 2900/2900/2900 2901/2901/2901
f 2897/2897/2897 2901/2901/2901 2898/2898/2898
f 2898/2898/2898 2901/2901/2901 2902/2902/2902
f 2898/2898/2898 2902/2902/2902 2899/2899/2899
f 2899/2899/2899 2902/2902/2902 2903/2903/2903
f 2900/2900/2900 2904/2904/2904 2901/2901/2901
f 2901/2901/2901 2904/2904/2904 2905/2905/2905
f 2901/2901/2901 2905/2905/2905 2902/2902/2902
f 2902/2902/2902 2905/2905/2905 2906/2906/2906
f 2902/2902/2902 2906/2906/2906 2903/2903/2903
f 2903/2903/2903 2906/2906/2906 2907/2907/2907
f 2904/2904/2904 2908/2908/2908 2905/2905/2905
f 2905/2905/2905 2908/2908/2908 2909/2909/2909
f 2905/2905/2905 2909/2909/2909 2906/2906/2906
f 2906/2906/2906 2909/2909/2909 2910/2910/2910
f 2906/2906/2906 2910/2910/2910 2907/2907/2907
f 2907/2907/2907 2910/2910/2910 2911/2911/2911
f 2912/2912/2912 2916/2916/2916 2913/2913/2913
f 2913/2913/2913 2916/2916/2916 2917/2917/2917
f 2913/2913/2913 2917/2917/2917 2914/2914/2914
f 2914/2914/2914 2917/2917/2917 2918/2918/2918
f 2914/2914/2914 2918/2918/2918 2915/2915/2915
f 2915/2915/2915 2918/2918/2918 2919/2919/2919
f 2916/2916/2916 2920/2920/2920 2917/2917/2917
f 2917/2917/2917 2920/2920/2920 2921/2921/2921
f 2917/2917/2917 2921/2921/2921 2918/2918/2918
f 2918/2918/2918 2921/2921/2921 2922/2922/2922
f 2918/2918/2918 2922/2922/2922 2919/2919/2919
f 2919/2919/2919 2922/2922/2922 2923/2923/2923
f 2920/2920/2920 2924/2924/2924 2921/2921/2921
f 2921/2921/2921 2924/2924/2924 2925/2925/2925
f 2921/2921/2921 2925/2925/2925 2922/2922/2922
f 2922/2922/2922 2925/2925/2925 2926/2926/2926
f 2922/2922/2922 2926/2926/2926 2923/2923/2923
f 2923/2923/2923 2926/2926/2926 2927/2927/2927
f 2928/2928/2928 2932/2932/2932 2929/2929/2929
f 2929/2929/2929 2932/2932/2932 2933/2933/2933
f 2929/2929/2929 2933/2933/2933 2930/2930/2930
f 2930/2930/2930 2933/2933/2933 2934/2934/2934
f 2930/2930/2930 2934/2934/2934 2931/2931/2931
f 2931/2931/2931 2934/2934/2934 2935/2935/2935
f 2932/2932/2932 2936/2936/2936 2933/2933/2933
f 2933/2933/2933 2936/2936/2936 2937/2937/2937
f 2933/2933/2933 2937/2937/2937 2934/2934/2934
f 2934/2934/2934 2937/2937/2937 2938/2938/2938
f 2934/2934/2934 2938/2938/2938 2935/2935/2935
f 2935/2935/2935 2938/2938/2938 2939/2939/2939
f 2936/2936/2936 2940/2940/2940 2937/2937/2937
f 2937/2937/2937 2940/2940/2940 2941/2941/2941
f 2937/2937/2937 2941/2941/2941 2938/2938/2938
f 2938/2938/2938 2941/2941/2941 2942/2942/2942
f 2938/2938/2938 2942/2942/2942 2939/2939/2939
f 2939/2939/2939 2942/2942/2942 2943/2943/2943
f 2944/2944/2944 2948/2948/2948 2945/2945/2945
f 2945/2945/2945 2948/2948/2948 2949/2949/2949
f 2945/2945/2945 2949/2949/2949 2946/2946/2946
f 2946/2946/2946 2949/2949/2949 2950/2950/2950
f 2946/2946/2946 2950/2950/2950 2947/2947/2947
f 2947/2947/2947 2950/2950/2950 2951/2951/2951
f 2948/2948/2948 2952/2952/2952 2949/2949/2949
f 2949/2949/2949 2952/2952/2952 2953/2953/2953
f 2949/2949/2949 2953/2953/2953 2950/2950/2950
f 2950/2950/2950 2953/2953/2953 2954/2954/2954
f 2950/2950/2950 2954/2954/2954 2951/2951/2951
f 2951/2951/2951 2954/2954/2954 2955/2955/2955
f 2952/2952/2952 2956/2956/2956 2953/2953/2953
f 2953/2953/2953 2956/2956/2956 2957/2957/2957
f 2953/2953/2953 2957/2957/2957 2954/2954/2954
f 2954/2954/2954 2957/2957/2957 2958/2958/2958
f 2954/2954/2954 2958/2958/2958 2955/2955/2955
f 2955/2955/2955 2958/2958/2958 2959/2959/2959
f 2960/2960/2960 2964/2964/2964 2961/2961/2961
f 2961/2961/2961 2964/2964/2964 2965/2965/2965
f 2961/2961/2961 2965/2965/2965 2962/2962/2962
f 2962/2962/2962 2965/2965/2965 2966/2966/2966
f 2962/2962/2962 2966/2966/2966 2963/2963/2963
f 2963/2963/2963 2966/2966/2966 2967/2967/2967
f 2964/2964/2964 2968/2968/2968 2965/2965/2965
f 2965/2965/2965 2968/2968/2968 2969/2969/2969
f 2965/2965/2965 2969/2969/2969 2966/2966/2966
f 2966/2966/2966 2969/2969/2969 2970/2970/2970
f 2966/2966/2966 2970/2970/2970 2967/2967/2967
f 2967/2967/2967 2970/2970/2970 2971/2971/2971
f 2968/2968/2968 2972/2972/2972 2969/2969/2969
f 2969/2969/2969 2972/2972/2972 2973/2973/2973
f 2969/2969/2969 2973/2973/2973 2970/2970/2970
f 2970/2970/2970 2973/2973/2973 2974/2974/2974
f 2970/2970/2970 2974/2974/2974 2971/2971/2971
f 2971/2971/2971 2974/2974/2974 2975/2975/2975
f 2976/2976/2976 2980/2980/2980 2977/2977/2977
f 2977/2977/2977 2980/2980/2980 2981/2981/2981
f 2977/2977/2977 2981/2981/2981 2978/2978/2978
f 2978/2978/2978 2981/2981/2981 2982/2982/2982
f 2978/2978/2978 2982/2982/2982 2979/2979/2979
f 2979/2979/2979 2982/2982/2982 2983/2983/2983
f 2980/2980/2980 2984/2984/2984 2981/2981/2981
f 2981/2981/2981 2984/2984/2984 2985/2985/2985
f 2981/2981/2981 2985/2985/2985 2982/2982/2982
f 2982/2982/2982 2985/2985/2985 2986/2986/2986
f 2982/2982/2982 2986/2986/2986 2983/2983/2983
f 2983/2983/2983 2986/2986/2986 2987/2987/2987
f 2984/2984/2984 2988/2988/2988 2985/2985/2985
f 2985/2985/2985 2988/2988/2988 2989/2989/2989
f 2985/2985/2985 2989/2989/2989 2986/2986/2986
f 2986/2986/2986 2989/2989/2989 2990/2990/2990
f 2986/2986/2986 2990/2990/2990 2987/2987/2987
f 2987/2987/2987 2990/2990/2990 2991/2991/2991
f 2992/2992/2992 2996/2996/2996 2993/2993/2993
f 2993/2993/2993 2996/2996/2996 2997/2997/2997
f 2993/2993/2993 2997/2997/2997 2994/2994/2994
f 2994/2994/2994 2997/2997/2997 2998/2998/2998
f 2994/2994/2994 2998/2998/2998 2995/2995/2995
f 2995/2995/2995 2998/2998/2998 2999/2999/2999
f 2996/2996/2996 3000/3000/3000 2997/2997/2997
f 2997/2997/2997 3000/3000/3000 3001/3001/3001
f 2997/2997/2997 3001/3001/3001 2998/2998/2998
f 2998/2998/2998 3001/3001/3001 3002/3002/3002
f 2998/2998/2998 3002/3002/3002 2999/2999/2999
f 2999/2999/2999 3002/3002/3002 3003/3003/3003
f 3000/3000/3000 3004/3004/3004 3001/3001/3001
f 3001/3001/3001 3004/3004/3004 3005/3005/3005
f 3001/3001/3001 3005/3005/3005 3002/3002/3002
f 3002/3002/3002 3005/3005/3005 3006/3006/3006
f 3002/3002/3002 3006/3006/3006 3003/3003/3003
f 3003/3003/3003 3006/3006/3006 3007/3007/3007
f 3008/3008/3008 3012/3012/3012 3009/3009/3009
f 3009/3009/3009 3012/3012/3012 3013/3013/3013
f 3009/3009/3009 3013/3013/3013 3010/3010/3010
f 3010/3010/3010 3013/3013/3013 3014/3014/3014
f 3010/3010/3010 3014/3014/3014 3011/3011/3011
f 3011/3011/3011 3014/3014/3014 3015/3015/3015
f 3012/3012/3012 3016/3016/3016 3013/3013/3013
f 3013/3013/3013 3016/3016/3016 3017/3017/3017
f 3013/3013/3013 3017/3017/3017 3014/3014/3014
f 3014/3014/3014 3017/3017/3017 3018/3018/3018
f 3014/3014/3014 3018/3018/3018 3015/3015/3015
f 3015/3015/3015 3018/3018/3018 3019/3019/3019
f 3016/3016/3016 3020/3020/3020 3017/3017/3017
f 3017/3017/3017 3020/3020/3020 3021/3021/3021
f 3017/3017/3017 3021/3021/3021 3018/3018/3018
f 3018/3018/3018 3021/3021/3021 3022/3022/3022
f 3018/3018/3018 3022/3022/3022 3019/3019/3019
f 3019/3019/3019 3022/3022/3022 3023/3023/3023
f 3024/3024/3024 3028/3028/3028 3025/3025/3025
f 3025/3025/3025 3028/3028/3028 3029/3029/3029
f 3025/3025/3025 3029/3029/3029 3026/3026/3026
f 3026/3026/3026 3029/3029/3029 3030/3030/3030
f 3026/3026/3026 3030/3030/3030 3027/3027/3027
f 3027/3027/3027 3030/3030/3030 3031/3031/3031
f 3028/3028/3028 3032/3032/3032 3029/3029/3029
f 3029/3029/3029 3032/3032/3032 3033/3033/3033
f 3029/3029/3029 3033/3033/3033 3030/3030/3030
f 3030/3030/3030 3033/3033/3033 3034/3034/3034
f 3030/3030/3030 3034/3034/3034 3031/3031/3031
f 3031/3031/3031 3034/3034/3034 3035/3035/3035
f 3032/3032/3032 3036/3036/3036 3033/3033/3033
f 3033/3033/3033 3036/3036/3036 3037/3037/3037
f 3033/3033/3033 3037/3037/3037 3034/3034/3034
f 3034/3034/3034 3037/3037/3037 3038/3038/3038
f 3034/3034/3034 3038/3038/3038 3035/3035/3035
f 3035/3035/3035 3038/3038/3038 3039/3039/3039
f 3040/3040/3040 3044/3044/3044 3041/3041/3041
f 3041/3041/3041 3044/3044/3044 3045/3045/3045
f 3041/3041/3041 3045/3045/3045 3042/3042/3042
f 3042/3042/3042 3045/3045/3045 3046/3046/3046
f 3042/3042/3042 3046/3046/3046 3043/3043/3043
f 3043/3043/3043 3046/3046/3046 3047/3047/3047
f 3044/3044/3044 3048/3048/3048 3045/3045/3045
f 3045/3045/3045 3048/3048/3048 3049/3049/3049
f 3045/3045/3045 3049/3049/3049 3046/3046/3046
f 3046/3046/3046 3049/3049/3049 3050/3050/3050
f 3046/3046/3046 3050/3050/3050 3047/3047/3047
f 3047/3047/3047 3050/3050/3050 3051/3051/3051
f 3048/3048/3048 3052/3052/3052 3049/3049/3049
f 3049/3049/3049 3052/3052/3052 3053/3053/3053
f 3049/3049/3049 3053/3053/3053 3050/3050/3050
f 3050/3050/3050 3053/3053/3053 3054/3054/3054
f 3050/3050/3050 3054/3054/3054 3051/3051/3051
f 3051/3051/3051 3054/3054/3054 3055/3055/3055
f 3056/3056/3056 3060/3060/3060 3057/3057/3057
f 3057/3057/3057 3060/3060/3060 3061/3061/3061
f 3057/3057/3057 3061/3061/3061 3058/3058/3058
f 3058/3058/3058 3061/3061/3061 3062/3062/3062
f 3058/3058/3058 3062/3062/3062 3059/3059/3059
f 3059/3059/3059 3062/3062/3062 3063/3063/3063
f 3060/3060/3060 3064/3064/3064 3061/3061/3061
f 3061/3061/3061 3064/3064/3064 3065/3065/3065
f 3061/3061/3061 3065/3065/3065 3062/3062/3062
f 3062/3062/3062 3065/3065/3065 3066/3066/3066
f 3062/3062/3062 3066/3066/3066 3063/3063/3063
f 3063/3063/3063 3066/3066/3066 3067/3067/3067
f 3064/3064/3064 3068/3068/3068 3065/3065/3065
f 3065/3065/3065 3068/3068/3068 3069/3069/3069
f 3065/3065/3065 3069/3069/3069 3066/3066/3066
f 3066/3066/3066 3069/3069/3069 3070/3070/3070
f 3066/3066/3066 3070/3070/3070 3067/3067/3067
f 3067/3067/3067 3070/3070/3070 3071/3071/3071
f 3072/3072/3072 3076/3076/3076 3073/3073/3073
f 3073/3073/3073 3076/3076/3076 3077/3077/3077
f 3073/3073/3073 3077/3077/3077 3074/3074/3074
f 3074/3074/3074 3077/3077/3077 3078/3078/3078
f 3074/3074/3074 3078/3078/3078 3075/3075/3075
f 3075/3075/3075 3078/3078/3078 3079/3079/3079
f 3076/3076/3076 3080/3080/3080 3077/3077/3077
f 3077/3077/3077 3080/3080/3080 3081/3081/3081
f 3077/3077/3077 3081/3081/3081 3078/3078/3078
f 3078/3078/3078 3081/3081/3081 3082/3082/3082
f 3078/3078/3078 3082/3082/3082 3079/3079/3079
f 3079/3079/3079 3082/3082/3082 3083/3083/3083
f 3080/3080/3080 3084/3084/3084 3081/3081/3081
f 3081/3081/3081 3084/3084/3084 3085/3085/3085
f 3081/3081/3081 3085/3085/3085 3082/3082/3082
f 3082/3082/3082 3085/3085/3085 3086/3086/3086
f 3082/3082/3082 3086/3086/3086 3083/3083/3083
f 3083/3083/3083 3086/3086/3086 3087/3087/3087
f 3088/3088/3088 3092/3092/3092 3089/3089/3089
f 3089/3089/3089 3092/3092/3092 3093/3093/3093
f 3089/3089/3089 3093/3093/3093 3090/3090/3090
f 3090/3090/3090 3093/3093/3093 3094/3094/3094
f 3090/3090/3090 3094/3094/3094 3091/3091/3091
f 3091/3091/3091 3094/3094/3094 3095/3095/3095
f 3092/3092/3092 3096/3096/3096 3093/3093/3093
f 3093/3093/3093 3096/3096/3096 3097/3097/3097
f 3093/3093/3093 3097/3097/3097 3094/3094/3094
f 3094/3094/3094 3097/3097/3097 3098/3098/3098
f 3094/3094/3094 3098/3098/3098 3095/3095/3095
f 3095/3095/3095 3098/3098/3098 3099/3099/3099
f 3096/3096/3096 3100/3100/3100 3097/3097/3097
f 3097/3097/3097 3100/3100/3100 3101/3101/3101
f 3097/3097/3097 3101/3101/3101 3098/3098/3098
f 3098/3098/3098 3101/3101/3101 3102/3102/3102
f 3098/3098/3098 3102/3102/3102 3099/3099/3099
f 3099/3099/3099 3102/3102/3102 3103/3103/3103
f 3104/3104/3104 3108/3108/3108 3105/3105/3105
f 3105/3105/3105 3108/3108/3108 3109/3109/3109
f 3105/3105/3105 3109/3109/3109 3106/3106/3106
f 3106/3106/3106 3109/3109/3109 3110/3110/3110
f 3106/3106/3106 3110/3110/3110 3107/3107/3107
f 3107/3107/3107 3110/3110/3110 3111/3111/3111
f 3108/3108/3108 3112/3112/3112 3109/3109/3109
f 3109/3109/3109 3112/3112/3112 3113/3113/3113
f 3109/3109/3109 3113/3113/3113 3110/3110/3110
f 3110/3110/3110 3113/3113/3113 3114/3114/3114
f 3110/3110/3110 3114/3114/3114 3111/3111/3111
f 3111/3111/3111 3114/3114/3114 3115/3115/3115
f 3112/3112/3112 3116/3116/3116 3113/3113/3113
f 3113/3113/3113 3116/3116/3116 3117/3117/3117
f 3113/3113/3113 3117/3117/3117 3114/3114/3114
f 3114/3114/3114 3117/3117/3117 3118/3118/3118
f 3114/3114/3114 3118/3118/3118 3115/3115/3115
f 3115/3115/3115 3118/3118/3118 3119/3119/3119
f 3120/3120/3120 3124/3124/3124 3121/3121/3121
f 3121/3121/3121 3124/3124/3124 3125/3125/3125
f 3121/3121/3121 3125/3125/3125 3122/3122/3122
f 3122/3122/3122 3125/3125/3125 3126/3126/3126
f 3122/3122/3122 3126/3126/3126 3123/3123/3123
f 3123/3123/3123 3126/3126/3126 3127/3127/3127
f 3124/3124/3124 3128/3128/3128 3125/3125/3125
f 3125/3125/3125 3128/3128/3128 3129/3129/3129
f 3125/3125/3125 3129/3129/3129 3126/3126/3126
f 3126/3126/3126 3129/3129/3129 3130/3130/3130
f 3126/3126/3126 3130/3130/3130 3127/3127/3127
f 3127/3127/3127 3130/3130/3130 3131/3131/3131
f 3128/3128/3128 3132/3132/3132 3129/3129/3129
f 3129/3129/3129 3132/3132/3132 3133/3133/3133
f 3129/3129/3129 3133/3133/3133 3130/3130/3130
f 3130/3130/3130 3133/3133/3133 3134/3134/3134
f 3130/3130/3130 3134/3134/3134 3131/3131/3131
f 3131/3131/3131 3134/3134/3134 3135/3135/3135
f 3136/3136/3136 3140/3140/3140 3137/3137/3137
f 3137/3137/3137 3140/3140/3140 3141/3141/3141
f 3137/3137/3137 3141/3141/3141 3138/3138/3138
f 3138/3138/3138 3141/3141/3141 3142/3142/3142
f 3138/3138/3138 3142/3142/3142 3139/3139/3139
f 3139/3139/3139 3142/3142/3142 3143/3143/3143
f 3140/3140/3140 3144/3144/3144 3141/3141/3141
f 3141/3141/3141 3144/3144/3144 3145/3145/3145
f 3141/3141/3141 3145/3145/3145 3142/3142/3142
f 3142/3142/3142 3145/3145/3145 3146/3146/3146
f 3142/3142/3142 3146/3146/3146 3143/3143/3143
f 3143/3143/3143 3146/3146/3146 3147/3147/3147
f 3144/3144/3144 3148/3148/3148 3145/3145/3145
f 3145/3145/3145 3148/3148/3148 3149/3149/3149
f 3145/3145/3145 3149/3149/3149 3146/3146/3146
f 3146/3146/3146 3149/3149/3149 3150/3150/3150
f 3146/3146/3146 3150/3150/3150 3147/3147/3147
f 3147/3147/3147 3150/3150/3150 3151/3151/3151
f 3152/3152/3152 3156/3156/3156 3153/3153/3153
f 3153/3153/3153 3156/3156/3156 3157/3157/3157
f 3153/3153/3153 3157/3157/3157 3154/3154/3154
f 3154/3154/3154 3157/3157/3157 3158/3158/3158
f 3154/3154/3154 3158/3158/3158 3155/3155/3155
f 3155/3155/3155 3158/3158/3158 3159/3159/3159
f 3156/3156/3156 3160/3160/3160 3157/3157/3157
f 3157/3157/3157 3160/3160/3160 3161/3161/3161
f 3157/3157/3157 3161/3161/3161 3158/3158/3158
f 3158/3158/3158 3161/3161/3161 3162/3162/3162
f 3158/3158/3158 3162/3162/3162 3159/3159/3159
f 3159/3159/3159 3162/3162/3162 3163/3163/3163
f 3160/3160/3160 3164/3164/3164 3161/3161/3161
f 3161/3161/3161 3164/3164/3164 3165/3165/3165
f 3161/3161/3161 3165/3165/3165 3162/3162/3162
f 3162/3162/3162 3165/3165/3165 3166/3166/3166
f 3162/3162/3162 3166/3166/3166 3163/3163/3163
f 3163/3163/3163 3166/3166/3166 3167/3167/3167
f 3168/3168/3168 3172/3172/3172 3169/3169/3169
f 3169/3169/3169 3172/3172/3172 3173/3173/3173
f 3169/3169/3169 3173/3173/3173 3170/3170/3170
f 3170/3170/3170 3173/3173/3173 3174/3174/3174
f 3170/3170/3170 3174/3174/3174 3171/3171/3171
f 3171/3171/3171 3174/3174/3174 3175/3175/3175
f 3172/3172/3172 3176/3176/3176 3173/3173/3173
f 3173/3173/3173 3176/3176/3176 3177/3177/3177
f 3173/3173/3173 3177/3177/3177 3174/3174/3174
f 3174/3174/3174 3177/3177/3177 3178/3178/3178
f 3174/3174/3174 3178/3178/3178 3175/3175/3175
f 3175/3175/3175 3178/3178/3178 3179/3179/3179
f 3176/3176/3176 3180/3180/3180 3177/3177/3177
f 3177/3177/3177 3180/3180/3180 3181/3181/3181
f 3177/3177/3177 3181/3181/3181 3178/3178/3178
f 3178/3178/3178 3181/3181/3181 3182/3182/3182
f 3178/3178/3178 3182/3182/3182 3179/3179/3179
f 3179/3179/3179 3182/3182/3182 3183/3183/3183
f 3184/3184/3184 3188/3188/3188 3185/3185/3185
f 3185/3185/3185 3188/3188/3188 3189/3189/3189
f 3185/3185/3185 3189/3189/3189 3186/3186/3186
f 3186/3186/3186 3189/3189/3189 3190/3190/3190
f 3186/3186/3186 3190/3190/3190 3187/3187/3187
f 3187/3187/3187 3190/3190/3190 3191/3191/3191
f 3188/3188/3188 3192/3192/3192 3189/3189/3189
f 3189/3189/3189 3192/3192/3192 3193/3193/3193
f 3189/3189/3189 3193/3193/3193 3190/3190/3190
f 3190/3190/3190 3193/3193/3193 3194/3194/3194
f 3190/3190/3190 3194/3194/3194 3191/3191/3191
f 3191/3191/3191 3194/3194/3194 3195/3195/3195
f 3192/3192/3192 3196/3196/3196 3193/3193/3193
f 3193/3193/3193 3196/3196/3196 3197/3197/3197
f 3193/3193/3193 3197/3197/3197 3194/3194/3194
f 3194/3194/3194 3197/3197/3197 3198/3198/3198
f 3194/3194/3194 3198/3198/3198 3195/3195/3195
f 3195/3195/3195 3198/3198/3198 3199/3199/3199
f 3200/3200/3200 3204/3204/3204 3201/3201/3201
f 3201/3201/3201 3204/3204/3204 3205/3205/3205
f 3201/3201/3201 3205/3205/3205 3202/3202/3202
f 3202/3202/3202 3205/3205/3205 3206/3206/3206
f 3202/3202/3202 3206/3206/3206 3203/3203/3203
f 3203/3203/3203 3206/3206/3206 3207/3207/3207
f 3204/3204/3204 3208/3208/3208 3205/3205/3205
f 3205/3205/3205 3208/3208/3208 3209/3209/3209
f 3205/3205/3205 3209/3209/3209 3206/3206/3206
f 3206/3206/3206 3209/3209/3209 3210/3210/3210
f 3206/3206/3206 3210/3210/3210 3207/3207/3207
f 3207/3207/3207 3210/3210/3210 3211/3211/3211
f 3208/3208/3208 3212/3212/3212 3209/3209/3209
f 3209/3209/3209 3212/3212/3212 3213/3213/3213
f 3209/3209/3209 3213/3213/3213 3210/3210/3210
f 3210/3210/3210 3213/3213/3213 3214/3214/3214
f 3210/3210/3210 3214/3214/3214 3211/3211/3211
f 3211/3211/3211 3214/3214/3214 3215/3215/3215
f 3216/3216/3216 3220/3220/3220 3217/3217/3217
f 3217/3217/3217 3220/3220/3220 3221/3221/3221
f 3217/3217/3217 3221/3221/3221 3218/3218/3218
f 3218/3218/3218 3221/3221/3221 3222/3222/3222
f 3218/3218/3218 3222/3222/3222 3219/3219/3219
f 3219/3219/3219 3222/3222/3222 3223/3223/3223
f 3220/3220/3220 3224/3224/3224 3221/3221/3221
f 3221/3221/3221 3224/3224/3224 3225/3225/3225
f 3221/3221/3221 3225/3225/3225 3222/3222/3222
f 3222/3222/3222 3225/3225/3225 3226/3226/3226
f 3222/3222/3222 3226/3226/3226 3223/3223/3223
f 3223/3223/3223 3226/3226/3226 3227/3227/3227
f 3224/3224/3224 3228/3228/3228 3225/3225/3225
f 3225/3225/3225 3228/3228/3228 3229/3229/3229
f 3225/3225/3225 3229/3229/3229 3226/3226/3226
f 3226/3226/3226 3229/3229/3229 3230/3230/3230
f 3226/3226/3226 3230/3230/3230 3227/3227/3227
f 3227/3227/3227 3230/3230/3230 3231/3231/3231
f 3232/3232/3232 3236/3236/3236 3233/3233/3233
f 3233/3233/3233 3236/3236/3236 3237/3237/3237
f 3233/3233/3233 3237/3237/3237 3234/3234/3234
f 3234/3234/3234 3237/3237/3237 3238/3238/3238
f 3234/3234/3234 3238/3238/3238 3235/3235/3235
f 3235/3235/3235 3238/3238/3238 3239/3239/3239
f 3236/3236/3236 3240/3240/3240 3237/3237/3237
f 3237/3237/3237 3240/3240/3240 3241/3241/3241
f 3237/3237/3237 3241/3241/3241 3238/3238/3238
f 3238/3238/3238 3241/3241/3241 3242/3242/3242
f 3238/3238/3238 3242/3242/3242 3239/3239/3239
f 3239/3239/3239 3242/3242/3242 3243/3243/3243
f 3240/3240/3240 3244/3244/3244 3241/3241/3241
f 3241/3241/3241 3244/3244/3244 3245/3245/3245
f 3241/3241/3241 3245/3245/3245 3242/3242/3242
f 3242/3242/3242 3245/3245/3245 3246/3246/3246
f 3242/3242/3242 3246/3246/3246 3243/3243/3243
f 3243/3243/3243 3246/3246/3246 3247/3247/3247
f 3248/3248/3248 3252/3252/3252 3249/3249/3249
f 3249/3249/3249 3252/3252/3252 3253/3253/3253
f 3249/3249/3249 3253/3253/3253 3250/3250/3250
f 3250/3250/3250 3253/3253/3253 3254/3254/3254
f 3250/3250/3250 3254/3254/3254 3251/3251/3251
f 3251/3251/3251 3254/3254/3254 3255/3255/3255
f 3252/3252/3252 3256/3256/3256 3253/3253/3253
f 3253/3253/3253 3256/3256/3256 3257/3257/3257
f 3253/3253/3253 3257/3257/3257 3254/3254/3254
f 3254/3254/3254 3257/3257/3257 3258/3258/3258
f 3254/3254/3254 3258/3258/3258 3255/3255/3255
f 3255/3255/3255 3258/3258/3258 3259/3259/3259
f 3256/3256/3256 3260/3260/3260 3257/3257/3257
f 3257/3257/3257 3260/3260/3260 3261/3261/3261
f 3257/3257/3257 3261/3261/3261 3258/3258/3258
f 3258/3258/3258 3261/3261/3261 3262/3262/3262
f 3258/3258/3258 3262/3262/3262 3259/3259/3259
f 3259/3259/3259 3262/3262/3262 3263/3263/3263
f 3264/3264/3264 3268/3268/3268 3265/3265/3265
f 3265/3265/3265 3268/3268/3268 3269/3269/3269
f 3265/3265/3265 3269/3269/3269 3266/3266/3266
f 3266/3266/3266 3269/3269/3269 3270/3270/3270
f 3266/3266/3266 3270/3270/3270 3267/3267/3267
f 3267/3267/3267 3270/3270/3270 3271/3271/3271
f 3268/3268/3268 3272/3272/3272 3269/3269/3269
f 3269/3269/3269 3272/3272/3272 3273/3273/3273
f 3269/3269/3269 3273/3273/3273 3270/3270/3270
f 3270/3270/3270 3273/3273/3273 3274/3274/3274
f 3270/3270/3270 3274/3274/3274 3271/3271/3271
f 3271/3271/3271 3274/3274/3274 3275/3275/3275
f 3272/3272/3272 3276/3276/3276 3273/3273/3273
f 3273/3273/3273 3276/3276/3276 3277/3277/3277
f 3273/3273/3273 3277/3277/3277 3274/3274/3274
f 3274/3274/3274 3277/3277/3277 3278/3278/3278
f 3274/3274/3274 3278/3278/3278 3275/3275/3275
f 3275/3275/3275 3278/3278/3278 3279/3279/3279
f 3280/3280/3280 3284/3284/3284 3281/3281/3281
f 3281/3281/3281 3284/3284/3284 3285/3285/3285
f 3281/3281/3281 3285/3285/3285 3282/3282/3282
f 3282/3282/3282 3285/3285/3285 3286/3286/3286
f 3282/3282/3282 3286/3286/3286 3283/3283/3283
f 3283/3283/3283 3286/3286/3286 3287/3287/3287
f 3284/3284/3284 3288/3288/3288 3285/3285/3285
f 3285/3285/3285 3288/3288/3288 3289/3289/3289
f 3285/3285/3285 3289/3289/3289 3286/3286/3286
f 3286/3286/3286 3289/3289/3289 3290/3290/3290
f 3286/3286/3286 3290/3290/3290 3287/3287/3287
f 3287/3287/3287 3290/3290/3290 3291/3291/3291
f 3288/3288/3288 3292/3292/3292 3289/3289/3289
f 3289/3289/3289 3292/3292/3292 3293/3293/3293
f 3289/3289/3289 3293/3293/3293 3290/3290/3290
f 3290/3290/3290 3293/3293/3293 3294/3294/3294
f 3290/3290/3290 3294/3294/3294 3291/3291/3291
f 3291/3291/3291 3294/3294/3294 3295/3295/3295
f 3296/3296/3296 3300/3300/3300 3297/3297/3297
f 3297/3297/3297 3300/3300/3300 3301/3301/3301
f 3297/3297/3297 3301/3301/3301 3298/3298/3298
f 3298/3298/3298 3301/3301/3301 3302/3302/3302
f 3298/3298/3298 3302/3302/3302 3299/3299/3299
f 3299/3299/3299 3302/3302/3302 3303/3303/3303
f 3300/3300/3300 3304/3304/3304 3301/3301/3301
f 3301/3301/3301 3304/3304/3304 3305/3305/3305
f 3301/3301/3301 3305/3305/3305 3302/3302/3302
f 3302/3302/3302 3305/3305/3305 3306/3306/3306
f 3302/3302/3302 3306/3306/3306 3303/3303/3303
f 3303/3303/3303 3306/3306/3306 3307/3307/3307
f 3304/3304/3304 3308/3308/3308 3305/3305/3305
f 3305/3305/3305 3308/3308/3308 3309/3309/3309
f 3305/3305/3305 3309/3309/3309 3306/3306/3306
f 3306/3306/3306 3309/3309/3309 3310/3310/3310
f 3306/3306/3306 3310/3310/3310 3307/3307/3307
f 3307/3307/3307 3310/3310/3310 3311/3311/3311
f 3312/3312/3312 3316/3316/3316 3313/3313/3313
f 3313/3313/3313 3316/3316/3316 3317/3317/3317
f 3313/3313/3313 3317/3317/3317 3314/3314/3314
f 3314/3314/3314 3317/3317/3317 3318/3318/3318
f 3314/3314/3314 3318/3318/3318 3315/3315/3315
f 3315/3315/3315 3318/3318/3318 3319/3319/3319
f 3316/3316/3316 3320/3320/3320 3317/3317/3317
f 3317/3317/3317 3320/3320/3320 3321/3321/3321
f 3317/3317/3317 3321/3321/3321 3318/3318/3318
f 3318/3318/3318 3321/3321/3321 3322/3322/3322
f 3318/3318/3318 3322/3322/3322 3319/3319/3319
f 3319/3319/3319 3322/3322/3322 3323/3323/3323
f 3320/3320/3320 3324/3324/3324 3321/3321/3321
f 3321/3321/3321 3324/3324/3324 3325/3325/3325
f 3321/3321/3321 3325/3325/3325 3322/3322/3322
f 3322/3322/3322 3325/3325/3325 3326/3326/3326
f 3322/3322/3322 3326/3326/3326 3323/3323/3323
f 3323/3323/3323 3326/3326/3326 3327/3327/3327
f 3328/3328/3328 3332/3332/3332 3329/3329/3329
f 3329/3329/3329 3332/3332/3332 3333/3333/3333
f 3329/3329/3329 3333/3333/3333 3330/3330/3330
f 3330/3330/3330 3333/3333/3333 3334/3334/3334
f 3330/3330/3330 3334/3334/3334 3331/3331/3331
f 3331/3331/3331 3334/3334/3334 3335/3335/3335
f 3332/3332/3332 3336/3336/3336 3333/3333/3333
f 3333/3333/3333 3336/3336/3336 3337/3337/3337
f 3333/3333/3333 3337/3337/3337 3334/3334/3334
f 3334/3334/3334 3337/3337/3337 3338/3338/3338
f 3334/3334/3334 3338/3338/3338 3335/3335/3335
f 3335/3335/3335 3338/3338/3338 3339/3339/3339
f 3336/3336/3336 3340/3340/3340 3337/3337/3337
f 3337/3337/3337 3340/3340/3340 3341/3341/3341
f 3337/3337/3337 3341/3341/3341 3338/3338/3338
f 3338/3338/3338 3341/3341/3341 3342/3342/3342
f 3338/3338/3338 3342/3342/3342 3339/3339/3339
f 3339/3339/3339 3342/3342/3342 3343/3343/3343
f 3344/3344/3344 3348/3348/3348 3345/3345/3345
f 3345/3345/3345 3348/3348/3348 3349/3349/3349
f 3345/3345/3345 3349/3349/3349 3346/3346/3346
f 3346/3346/3346 3349/3349/3349 3350/3350/3350
f 3346/3346/3346 3350/3350/3350 3347/3347/3347
f 3347/3347/3347 3350/3350/3350 3351/3351/3351
f 3348/3348/3348 3352/3352/3352 3349/3349/3349
f 3349/3349/3349 3352/3352/3352 3353/3353/3353
f 3349/3349/3349 3353/3353/3353 3350/3350/3350
f 3350/3350/3350 3353/3353/3353 3354/3354/3354
f 3350/3350/3350 3354/3354/3354 3351/3351/3351
f 3351/3351/3351 3354/3354/3354 3355/3355/3355
f 3352/3352/3352 3356/3356/3356 3353/3353/3353
f 3353/3353/3353 3356/3356/3356 3357/3357/3357
f 3353/3353/3353 3357/3357/3357 3354/3354/3354
f 3354/3354/3354 3357/3357/3357 3358/3358/3358
f 3354/3354/3354 3358/3358/3358 3355/3355/3355
f 3355/3355/3355 3358/3358/3358 3359/3359/3359
f 3360/3360/3360 3364/3364/3364 3361/3361/3361
f 3361/3361/3361 3364/3364/3364 3365/3365/3365
f 3361/3361/3361 3365/3365/3365 3362/3362/3362
f 3362/3362/3362 3365/3365/3365 3366/3366/3366
f 3362/3362/3362 3366/3366/3366 3363/3363/3363
f 3363/3363/3363 3366/3366/3366 3367/3367/3367
f 3364/3364/3364 3368/3368/3368 3365/3365/3365
f 3365/3365/3365 3368/3368/3368 3369/3369/3369
f 3365/3365/3365 3369/3369/3369 3366/3366/3366
f 3366/3366/3366 3369/3369/3369 3370/3370/3370
f 3366/3366/3366 3370/3370/3370 3367/3367/3367
f 3367/3367/3367 3370/3370/3370 3371/3371/3371
f 3368/3368/3368 3372/3372/3372 3369/3369/3369
f 3369/3369/3369 3372/3372/3372 3373/3373/3373
f 3369/3369/3369 3373/3373/3373 3370/3370/3370
f 3370/3370/3370 3373/3373/3373 3374/3374/3374
f 3370/3370/3370 3374/3374/3374 3371/3371/3371
f 3371/3371/3371 3374/3374/3374 3375/3375/3375
f 3376/3376/3376 3380/3380/3380 3377/3377/3377
f 3377/3377/3377 3380/3380/3380 3381/3381/3381
f 3377/3377/3377 3381/3381/3381 3378/3378/3378
f 3378/3378/3378 3381/3381/3381 3382/3382/3382
f 3378/3378/3378 3382/3382/3382 3379/3379/3379
f 3379/3379/3379 3382/3382/3382 3383/3383/3383
f 3380/3380/3380 3384/3384/3384 3381/3381/3381
f 3381/3381/3381 3384/3384/3384 3385/3385/3385
f 3381/3381/3381 3385/3385/3385 3382/3382/3382
f 3382/3382/3382 3385/3385/3385 3386/3386/3386
f 3382/3382/3382 3386/3386/3386 3383/3383/3383
f 3383/3383/3383 3386/3386/3386 3387/3387/3387
f 3384/3384/3384 3388/3388/3388 3385/3385/3385
f 3385/3385/3385 3388/3388/3388 3389/3389/3389
f 3385/3385/3385 3389/3389/3389 3386/3386/3386
f 3386/3386/3386 3389/3389/3389 3390/3390/3390
f 3386/3386/3386 3390/3390/3390 3387/3387/3387
f 3387/3387/3387 3390/3390/3390 3391/3391/3391
f 3392/3392/3392 3396/3396/3396 3393/3393/3393
f 3393/3393/3393 3396/3396/3396 3397/3397/3397
f 3393/3393/3393 3397/3397/3397 3394/3394/3394
f 3394/3394/3394 3397/3397/3397 3398/3398/3398
f 3394/3394/3394 3398/3398/3398 3395/3395/3395
f 3395/3395/3395 3398/3398/3398 3399/3399/3399
f 3396/3396/3396 3400/3400/3400 3397/3397/3397
f 3397/3397/3397 3400/3400/3400 3401/3401/3401
f 3397/3397/3397 3401/3401/3401 3398/3398/3398
f 3398/3398/3398 3401/3401/3401 3402/3402/3402
f 3398/3398/3398 3402/3402/3402 3399/3399/3399
f 3399/3399/3399 3402/3402/3402 3403/3403/3403
f 3400/3400/3400 3404/3404/3404 3401/3401/3401
f 3401/3401/3401 3404/3404/3404 3405/3405/3405
f 3401/3401/3401 3405/3405/3405 3402/3402/3402
f 3402/3402/3402 3405/3405/3405 3406/3406/3406
f 3402/3402/3402 3406/3406/3406 3403/3403/3403
f 3403/3403/3403 3406/3406/3406 3407/3407/3407
f 3408/3408/3408 3412/3412/3412 3409/3409/3409
f 3409/3409/3409 3412/3412/3412 3413/3413/3413
f 3409/3409/3409 3413/3413/3413 3410/3410/3410
f 3410/3410/3410 3413/3413/3413 3414/3414/3414
f 3410/3410/3410 3414/3414/3414 3411/3411/3411
f 3411/3411/3411 3414/3414/3414 3415/3415/3415
f 3412/3412/3412 3416/3416/3416 3413/3413/3413
f 3413/3413/3413 3416/3416/3416 3417/3417/3417
f 3413/3413/3413 3417/3417/3417 3414/3414/3414
f 3414/3414/3414 3417/3417/3417 3418/3418/3418
f 3414/3414/3414 3418/3418/3418 3415/3415/3415
f 3415/3415/3415 3418/3418/3418 3419/3419/3419
f 3416/3416/3416 3420/3420/3420 3417/3417/3417
f 3417/3417/3417 3420/3420/3420 3421/3421/3421
f 3417/3417/3417 3421/3421/3421 3418/3418/3418
f 3418/3418/3418 3421/3421/3421 3422/3422/3422
f 3418/3418/3418 3422/3422/3422 3419/3419/3419
f 3419/3419/3419 3422/3422/3422 3423/3423/3423
f 3424/3424/3424 3428/3428/3428 3425/3425/3425
f 3425/3425/3425 3428/3428/3428 3429/3429/3429
f 3425/3425/3425 3429/3429/3429 3426/3426/3426
f 3426/3426/3426 3429/3429/3429 3430/3430/3430
f 3426/3426/3426 3430/3430/3430 3427/3427/3427
f 3427/3427/3427 3430/3430/3430 3431/3431/3431
f 3428/3428/3428 3432/3432/3432 3429/3429/3429
f 3429/3429/3429 3432/3432/3432 3433/3433/3433
f 3429/3429/3429 3433/3433/3433 3430/3430/3430
f 3430/3430/3430 3433/3433/3433 3434/3434/3434
f 3430/3430/3430 3434/3434/3434 3431/3431/3431
f 3431/3431/3431 3434/3434/3434 3435/3435/3435
f 3432/3432/3432 3436/3436/3436 3433/3433/3433
f 3433/3433/3433 3436/3436/3436 3437/3437/3437
f 3433/3433/3433 3437/3437/3437 3434/3434/3434
f 3434/3434/3434 3437/3437/3437 3438/3438/3438
f 3434/3434/3434 3438/3438/3438 3435/3435/3435
f 3435/3435/3435 3438/3438/3438 3439/3439/3439
f 3440/3440/3440 3444/3444/3444 3441/3441/3441
f 3441/3441/3441 3444/3444/3444 3445/3445/3445
f 3441/3441/3441 3445/3445/3445 3442/3442/3442
f 3442/3442/3442 3445/3445/3445 3446/3446/3446
f 3442/3442/3442 3446/3446/3446 3443/3443/3443
f 3443/3443/3443 3446/3446/3446 3447/3447/3447
f 3444/3444/3444 3448/3448/3448 3445/3445/3445
f 3445/3445/3445 3448/3448/3448 3449/3449/3449
f 3445/3445/3445 3449/3449/3449 3446/3446/3446
f 3446/3446/3446 3449/3449/3449 3450/3450/3450
f 3446/3446/3446 3450/3450/3450 3447/3447/3447
f 3447/3447/3447 3450/3450/3450 3451/3451/3451
f 3448/3448/3448 3452/3452/3452 3449/3449/3449
f 3449/3449/3449 3452/3452/3452 3453/3453/3453
f 3449/3449/3449 3453/3453/3453 3450/3450/3450
f 3450/3450/3450 3453/3453/3453 3454/3454/3454
f 3450/3450/3450 3454/3454/3454 3451/3451/3451
f 3451/3451/3451 3454/3454/3454 3455/3455/3455
f 3456/3456/3456 3460/3460/3460 3457/3457/3457
f 3457/3457/3457 3460/3460/3460 3461/3461/3461
f 3457/3457/3457 3461/3461/3461 3458/3458/3458
f 3458/3458/3458 3461/3461/3461 3462/3462/3462
f 3458/3458/3458 3462/3462/3462 3459/3459/3459
f 3459/3459/3459 3462/3462/3462 3463/3463/3463
f 3460/3460/3460 3464/3464/3464 3461/3461/3461
f 3461/3461/3461 3464/3464/3464 3465/3465/3465
f 3461/3461/3461 3465/3465/3465 3462/3462/3462
f 3462/3462/3462 3465/3465/3465 3466/3466/3466
f 3462/3462/3462 3466/3466/3466 3463/3463/3463
f 3463/3463/3463 3466/3466/3466 3467/3467/3467
f 3464/3464/3464 3468/3468/3468 3465/3465/3465
f 3465/3465/3465 3468/3468/3468 3469/3469/3469
f 3465/3465/3465 3469/3469/3469 3466/3466/3466
f 3466/3466/3466 3469/3469/3469 3470/3470/3470
f 3466/3466/3466 3470/3470/3470 3467/3467/3467
f 3467/3467/3467 3470/3470/3470 3471/3471/3471
f 3472/3472/3472 3476/3476/3476 3473/3473/3473
f 3473/3473/3473 3476/3476/3476 3477/3477/3477
f 3473/3473/3473 3477/3477/3477 3474/3474/3474
f 3474/3474/3474 3477/3477/3477 3478/3478/3478
f 3474/3474/3474 3478/3478/3478 3475/3475/3475
f 3475/3475/3475 3478/3478/3478 3479/3479/3479
f 3476/3476/3476 3480/3480/3480 3477/3477/3477
f 3477/3477/3477 3480/3480/3480 3481/3481/3481
f 3477/3477/3477 3481/3481/3481 3478/3478/3478
f 3478/3478/3478 3481/3481/3481 3482/3482/3482
f 3478/3478/3478 3482/3482/3482 3479/3479/3479
f 3479/3479/3479 3482/3482/3482 3483/3483/3483
f 3480/3480/3480 3484/3484/3484 3481/3481/3481
f 3481/3481/3481 3484/3484/3484 3485/3485/3485
f 3481/3481/3481 3485/3485/3485 3482/3482/3482
f 3482/3482/3482 3485/3485/3485 3486/3486/3486
f 3482/3482/3482 3486/3486/3486 3483/3483/3483
f 3483/3483/3483 3486/3486/3486 3487/3487/3487
f 3488/3488/3488 3492/3492/3492 3489/3489/3489
f 3489/3489/3489 3492/3492/3492 3493/3493/3493
f 3489/3489/3489 3493/3493/3493 3490/3490/3490
f 3490/3490/3490 3493/3493/3493 3494/3494/3494
f 3490/3490/3490 3494/3494/3494 3491/3491/3491
f 3491/3491/3491 3494/3494/3494 3495/3495/3495
f 3492/3492/3492 3496/3496/3496 3493/3493/3493
f 3493/3493/3493 3496/3496/3496 3497/3497/3497
f 3493/3493/3493 3497/3497/3497 3494/3494/3494
f 3494/3494/3494 3497/3497/3497 3498/3498/3498
f 3494/3494/3494 3498/3498/3498 3495/3495/3495
f 3495/3495/3495 3498/3498/3498 3499/3499/3499
f 3496/3496/3496 3500/3500/3500 3497/3497/3497
f 3497/3497/3497 3500/3500/3500 3501/3501/3501
f 3497/3497/3497 3501/3501/3501 3498/3498/3498
f 3498/3498/3498 3501/3501/3501 3502/3502/3502
f 3498/3498/3498 3502/3502/3502 3499/3499/3499
f 3499/3499/3499 3502/3502/3502 3503/3503/3503
f 3504/3504/3504 3508/3508/3508 3505/3505/3505
f 3505/3505/3505 3508/3508/3508 3509/3509/3509
f 3505/3505/3505 3509/3509/3509 3506/3506/3506
f 3506/3506/3506 3509/3509/3509 3510/3510/3510
f 3506/3506/3506 3510/3510/3510 3507/3507/3507
f 3507/3507/3507 3510/3510/3510 3511/3511/3511
f 3508/3508/3508 3512/3512/3512 3509/3509/3509
f 3509/3509/3509 3512/3512/3512 3513/3513/3513
f 3509/3509/3509 3513/3513/3513 3510/3510/3510
f 3510/3510/3510 3513/3513/3513 3514/3514/3514
f 3510/3510/3510 3514/3514/3514 3511/3511/3511
f 3511/3511/3511 3514/3514/3514 3515/3515/3515
f 3512/3512/3512 3516/3516/3516 3513/3513/3513
f 3513/3513/3513 3516/3516/3516 3517/3517/3517
f 3513/3513/3513 3517/3517/3517 3514/3514/3514
f 3514/3514/3514 3517/3517/3517 3518/3518/3518
f 3514/3514/3514 3518/3518/3518 3515/3515/3515
f 3515/3515/3515 3518/3518/3518 3519/3519/3519
f 3520/3520/3520 3524/3524/3524 3521/3521/3521
f 3521/3521/3521 3524/3524/3524 3525/3525/3525
f 3521/3521/3521 3525/3525/3525 3522/3522/3522
f 3522/3522/3522 3525/3525/3525 3526/3526/3526
f 3522/3522/3522 3526/3526/3526 3523/3523/3523
f 3523/3523/3523 3526/3526/3526 3527/3527/3527
f 3524/3524/3524 3528/3528/3528 3525/3525/3525
f 3525/3525/3525 3528/3528/3528 3529/3529/3529
f 3525/3525/3525 3529/3529/3529 3526/3526/3526
f 3526/3526/3526 3529/3529/3529 3530/3530/3530
f 3526/3526/3526 3530/3530/3530 3527/3527/3527
f 3527/3527/3527 3530/3530/3530 3531/3531/3531
f 3528/3528/3528 3532/3532/3532 3529/3529/3529
f 3529/3529/3529 3532/3532/3532 3533/3533/3533
f 3529/3529/3529 3533/3533/3533 3530/3530/3530
f 3530/3530/3530 3533/3533/3533 3534/3534/3534
f 3530/3530/3530 3534/3534/3534 3531/3531/3531
f 3531/3531/3531 3534/3534/3534 3535/3535/3535
f 3536/3536/3536 3540/3540/3540 3537/3537/3537
f 3537/3537/3537 3540/3540/3540 3541/3541/3541
f 3537/3537/3537 3541/3541/3541 3538/3538/3538
f 3538/3538/3538 3541/3541/3541 3542/3542/3542
f 3538/3538/3538 3542/3542/3542 3539/3539/3539
f 3539/3539/3539 3542/3542/3542 3543/3543/3543
f 3540/3540/3540 3544/3544/3544 3541/3541/3541
f 3541/3541/3541 3544/3544/3544 3545/3545/3545
f 3541/3541/3541 3545/3545/3545 3542/3542/3542
f 3542/3542/3542 3545/3545/3545 3546/3546/3546
f 3542/3542/3542 3546/3546/3546 3543/3543/3543
f 3543/3543/3543 3546/3546/3546 3547/3547/3547
f 3544/3544/3544 3548/3548/3548 3545/3545/3545
f 3545/3545/3545 3548/3548/3548 3549/3549/3549
f 3545/3545/3545 3549/3549/3549 3546/3546/3546
f 3546/3546/3546 3549/3549/3549 3550/3550/3550
f 3546/3546/3546 3550/3550/3550 3547/3547/3547
f 3547/3547/3547 3550/3550/3550 3551/3551/3551
f 3552/3552/3552 3556/3556/3556 3553/3553/3553
f 3553/3553/3553 3556/3556/3556 3557/3557/3557
f 3553/3553/3553 3557/3557/3557 3554/3554/3554
f 3554/3554/3554 3557/3557/3557 3558/3558/3558
f 3554/3554/3554 3558/3558/3558 3555/3555/3555
f 3555/3555/3555 3558/3558/3558 3559/3559/3559
f 3556/3556/3556 3560/3560/3560 3557/3557/3557
f 3557/3557/3557 3560/3560/3560 3561/3561/3561
f 3557/3557/3557 3561/3561/3561 3558/3558/3558
f 3558/3558/3558 3561/3561/3561 3562/3562/3562
f 3558/3558/3558 3562/3562/3562 3559/3559/3559
f 3559/3559/3559 3562/3562/3562 3563/3563/3563
f 3560/3560/3560 3564/3564/3564 3561/3561/3561
f 3561/3561/3561 3564/3564/3564 3565/3565/3565
f 3561/3561/3561 3565/3565/3565 3562/3562/3562
f 3562/3562/3562 3565/3565/3565 3566/3566/3566
f 3562/3562/3562 3566/3566/3566 3563/3563/3563
f 3563/3563/3563 3566/3566/3566 3567/3567/3567
f 3568/3568/3568 3572/3572/3572 3569/3569/3569
f 3569/3569/3569 3572/3572/3572 3573/3573/3573
f 3569/3569/3569 3573/3573/3573 3570/3570/3570
f 3570/3570/3570 3573/3573/3573 3574/3574/3574
f 3570/3570/3570 3574/3574/3574 3571/3571/3571
f 3571/3571/3571 3574/3574/3574 3575/3575/3575
f 3572/3572/3572 3576/3576/3576 3573/3573/3573
f 3573/3573/3573 3576/3576/3576 3577/3577/3577
f 3573/3573/3573 3577/3577/3577 3574/3574/3574
f 3574/3574/3574 3577/3577/3577 3578/3578/3578
f 3574/3574/3574 3578/3578/3578 3575/3575/3575
f 3575/3575/3575 3578/3578/3578 3579/3579/3579
f 3576/3576/3576 3580/3580/3580 3577/3577/3577
f 3577/3577/3577 3580/3580/3580 3581/3581/3581
f 3577/3577/3577 3581/3581/3581 3578/3578/3578
f 3578/3578/3578 3581/3581/3581 3582/3582/3582
f 3578/3578/3578 3582/3582/3582 3579/3579/3579
f 3579/3579/3579 3582/3582/3582 3583/3583/3583
f 3584/3584/3584 3588/3588/3588 3585/3585/3585
f 3585/3585/3585 3588/3588/3588 3589/3589/3589
f 3585/3585/3585 3589/3589/3589 3586/3586/3586
f 3586/3586/3586 3589/3589/3589 3590/3590/3590
f 3586/3586/3586 3590/3590/3590 3587/3587/3587
f 3587/3587/3587 3590/3590/3590 3591/3591/3591
f 3588/3588/3588 3592/3592/3592 3589/3589/3589
f 3589/3589/3589 3592/3592/3592 3593/3593/3593
f 3589/3589/3589 3593/3593/3593 3590/3590/3590
f 3590/3590/3590 3593/3593/3593 3594/3594/3594
f 3590/3590/3590 3594/3594/3594 3591/3591/3591
f 3591/3591/3591 3594/3594/3594 3595/3595/3595
f 3592/3592/3592 3596/3596/3596 3593/3593/3593
f 3593/3593/3593 3596/3596/3596 3597/3597/3597
f 3593/3593/3593 3597/3597/3597 3594/3594/3594
f 3594/3594/3594 3597/3597/3597 3598/3598/3598
f 3594/3594/3594 3598/3598/3598 3595/3595/3595
f 3595/3595/3595 3598/3598/3598 3599/3599/3599
f 3600/3600/3600 3604/3604/3604 3601/3601/3601
f 3601/3601/3601 3604/3604/3604 3605/3605/3605
f 3601/3601/3601 3605/3605/3605 3602/3602/3602
f 3602/3602/3602 3605/3605/3605 3606/3606/3606
f 3602/3602/3602 3606/3606/3606 3603/3603/3603
f 3603/3603/3603 3606/3606/3606 3607/3607/3607
f 3604/3604/3604 3608/3608/3608 3605/3605/3605
f 3605/3605/3605 3608/3608/3608 3609/3609/3609
f 3605/3605/3605 3609/3609/3609 3606/3606/3606
f 3606/3606/3606 3609/3609/3609 3610/3610/3610
f 3606/3606/3606 3610/3610/3610 3607/3607/3607
f 3607/3607/3607 3610/3610/3610 3611/3611/3611
f 3608/3608/3608 3612/3612/3612 3609/3609/3609
f 3609/3609/3609 3612/3612/3612 3613/3613/3613
f 3609/3609/3609 3613/3613/3613 3610/3610/3610
f 3610/3610/3610 3613/3613/3613 3614/3614/3614
f 3610/3610/3610 3614/3614/3614 3611/3611/3611
f 3611/3611/3611 3614/3614/3614 3615/3615/3615
f 3616/3616/3616 3620/3620/3620 3617/3617/3617
f 3617/3617/3617 3620/3620/3620 3621/3621/3621
f 3617/3617/3617 3621/3621/3621 3618/3618/3618
f 3618/3618/3618 3621/3621/3621 3622/3622/3622
f 3618/3618/3618 3622/3622/3622 3619/3619/3619
f 3619/3619/3619 3622/3622/3622 3623/3623/3623
f 3620/3620/3620 3624/3624/3624 3621/3621/3621
f 3621/3621/3621 3624/3624/3624 3625/3625/3625
f 3621/3621/3621 3625/3625/3625 3622/3622/3622
f 3622/3622/3622 3625/3625/3625 3626/3626/3626
f 3622/3622/3622 3626/3626/3626 3623/3623/3623
f 3623/3623/3623 3626/3626/3626 3627/3627/3627
f 3624/3624/3624 3628/3628/3628 3625/3625/3625
f 3625/3625/3625 3628/3628/3628 3629/3629/3629
f 3625/3625/3625 3629/3629/3629 3626/3626/3626
f 3626/3626/3626 3629/3629/3629 3630/3630/3630
f 3626/3626/3626 3630/3630/3630 3627/3627/3627
f 3627/3627/3627 3630/3630/3630 3631/3631/3631
f 3632/3632/3632 3636/3636/3636 3633/3633/3633
f 3633/3633/3633 3636/3636/3636 3637/3637/3637
f 3633/3633/3633 3637/3637/3637 3634/3634/3634
f 3634/3634/3634 3637/3637/3637 3638/3638/3638
f 3634/3634/3634 3638/3638/3638 3635/3635/3635
f 3635/3635/3635 3638/3638/3638 3639/3639/3639
f 3636/3636/3636 3640/3640/3640 3637/3637/3637
f 3637/3637/3637 3640/3640/3640 3641/3641/3641
f 3637/3637/3637 3641/3641/3641 3638/3638/3638
f 3638/3638/3638 3641/3641/3641 3642/3642/3642
f 3638/3638/3638 3642/3642/3642 3639/3639/3639
f 3639/3639/3639 3642/3642/3642 3643/3643/3643
f 3640/3640/3640 3644/3644/3644 3641/3641/3641
f 3641/3641/3641 3644/3644/3644 3645/3645/3645
f 3641/3641/3641 3645/3645/3645 3642/3642/3642
f 3642/3642/3642 3645/3645/3645 3646/3646/3646
f 3642/3642/3642 3646/3646/3646 3643/3643/3643
f 3643/3643/3643 3646/3646/3646 3647/3647/3647
f 3648/3648/3648 3652/3652/3652 3649/3649/3649
f 3649/3649/3649 3652/3652/3652 3653/3653/3653
f 3649/3649/3649 3653/3653/3653 3650/3650/3650
f 3650/3650/3650 3653/3653/3653 3654/3654/3654
f 3650/3650/3650 3654/3654/3654 3651/3651/3651
f 3651/3651/3651 3654/3654/3654 3655/3655/3655
f 3652/3652/3652 3656/3656/3656 3653/3653/3653
f 3653/3653/3653 3656/3656/3656 3657/3657/3657
f 3653/3653/3653 3657/3657/3657 3654/3654/3654
f 3654/3654/3654 3657/3657/3657 3658/3658/3658
f 3654/3654/3654 3658/3658/3658 3655/3655/3655
f 3655/3655/3655 3658/3658/3658 3659/3659/3659
f 3656/3656/3656 3660/3660/3660 3657/3657/3657
f 3657/3657/3657 3660/3660/3660 3661/3661/3661
f 3657/3657/3657 3661/3661/3661 3658/3658/3658
f 3658/3658/3658 3661/3661/3661 3662/3662/3662
f 3658/3658/3658 3662/3662/3662 3659/3659/3659
f 3659/3659/3659 3662/3662/3662 3663/3663/3663
f 3664/3664/3664 3668/3668/3668 3665/3665/3665
f 3665/3665/3665 3668/3668/3668 3669/3669/3669
f 3665/3665/3665 3669/3669/3669 3666/3666/3666
f 3666/3666/3666 3669/3669/3669 3670/3670/3670
f 3666/3666/3666 3670/3670/3670 3667/3667/3667
f 3667/3667/3667 3670/3670/3670 3671/3671/3671
f 3668/3668/3668 3672/3672/3672 3669/3669/3669
f 3669/3669/3669 3672/3672/3672 3673/3673/3673
f 3669/3669/3669 3673/3673/3673 3670/3670/3670
f 3670/3670/3670 3673/3673/3673 3674/3674/3674
f 3670/3670/3670 3674/3674/3674 3671/3671/3671
f 3671/3671/3671 3674/3674/3674 3675/3675/3675
f 3672/3672/3672 3676/3676/3676 3673/3673/3673
f 3673/3673/3673 3676/3676/3676 3677/3677/3677
f 3673/3673/3673 3677/3677/3677 3674/3674/3674
f 3674/3674/3674 3677/3677/3677 3678/3678/3678
f 3674/3674/3674 3678/3678/3678 3675/3675/3675
f 3675/3675/3675 3678/3678/3678 3679/3679/3679
f 3680/3680/3680 3684/3684/3684 3681/3681/3681
f 3681/3681/3681 3684/3684/3684 3685/3685/3685
f 3681/3681/3681 3685/3685/3685 3682/3682/3682
f 3682/3682/3682 3685/3685/3685 3686/3686/3686
f 3682/3682/3682 3686/3686/3686 3683/3683/3683
f 3683/3683/3683 3686/3686/3686 3687/3687/3687
f 3684/3684/3684 3688/3688/3688 3685/3685/3685
f 3685/3685/3685 3688/3688/3688 3689/3689/3689
f 3685/3685/3685 3689/3689/3689 3686/3686/3686
f 3686/3686/3686 3689/3689/3689 3690/3690/3690
f 3686/3686/3686 3690/3690/3690 3687/3687/3687
f 3687/3687/3687 3690/3690/3690 3691/3691/3691
f 3688/3688/3688 3692/3692/3692 3689/3689/3689
f 3689/3689/3689 3692/3692/3692 3693/3693/3693
f 3689/3689/3689 3693/3693/3693 3690/3690/3690
f 3690/3690/3690 3693/3693/3693 3694/3694/3694
f 3690/3690/3690 3694/3694/3694 3691/3691/3691
f 3691/3691/3691 3694/3694/3694 3695/3695/3695
f 3696/3696/3696 3700/3700/3700 3697/3697/3697
f 3697/3697/3697 3700/3700/3700 3701/3701/3701
f 3697/3697/3697 3701/3701/3701 3698/3698/3698
f 3698/3698/3698 3701/3701/3701 3702/3702/3702
f 3698/3698/3698 3702/3702/3702 3699/3699/3699
f 3699/3699/3699 3702/3702/3702 3703/3703/3703
f 3700/3700/3700 3704/3704/3704 3701/3701/3701
f 3701/3701/3701 3704/3704/3704 3705/3705/3705
f 3701/3701/3701 3705/3705/3705 3702/3702/3702
f 3702/3702/3702 3705/3705/3705 3706/3706/3706
f 3702/3702/3702 3706/3706/3706 3703/3703/3703
f 3703/3703/3703 3706/3706/3706 3707/3707/3707
f 3704/3704/3704 3708/3708/3708 3705/3705/3705
f 3705/3705/3705 3708/3708/3708 3709/3709/3709
f 3705/3705/3705 3709/3709/3709 3706/3706/3706
f 3706/3706/3706 3709/3709/3709 3710/3710/3710
f 3706/3706/3706 3710/3710/3710 3707/3707/3707
f 3707/3707/3707 3710/3710/3710 3711/3711/3711
f 3712/3712/3712 3716/3716/3716 3713/3713/3713
f 3713/3713/3713 3716/3716/3716 3717/3717/3717
f 3713/3713/3713 3717/3717/3717 3714/3714/3714
f 3714/3714/3714 3717/3717/3717 3718/3718/3718
f 3714/3714/3714 3718/3718/3718 3715/3715/3715
f 3715/3715/3715 3718/3718/3718 3719/3719/3719
f 3716/3716/3716 3720/3720/3720 3717/3717/3717
f 3717/3717/3717 3720/3720/3720 3721/3721/3721
f 3717/3717/3717 3721/3721/3721 3718/3718/3718
f 3718/3718/3718 3721/3721/3721 3722/3722/3722
f 3718/3718/3718 3722/3722/3722 3719/3719/3719
f 3719/3719/3719 3722/3722/3722 3723/3723/3723
f 3720/3720/3720 3724/3724/3724 3721/3721/3721
f 3721/3721/3721 3724/3724/3724 3725/3725/3725
f 3721/3721/3721 3725/3725/3725 3722/3722/3722
f 3722/3722/3722 3725/3725/3725 3726/3726/3726
f 3722/3722/3722 3726/3726/3726 3723/3723/3723
f 3723/3723/3723 3726/3726/3726 3727/3727/3727
f 3728/3728/3728 3732/3732/3732 3729/3729/3729
f 3729/3729/3729 3732/3732/3732 3733/3733/3733
f 3729/3729/3729 3733/3733/3733 3730/3730/3730
f 3730/3730/3730 3733/3733/3733 3734/3734/3734
f 3730/3730/3730 3734/3734/3734 3731/3731/3731
f 3731/3731/3731 3734/3734/3734 3735/3735/3735
f 3732/3732/3732 3736/3736/3736 3733/3733/3733
f 3733/3733/3733 3736/3736/3736 3737/3737/3737
f 3733/3733/3733 3737/3737/3737 3734/3734/3734
f 3734/3734/3734 3737/3737/3737 3738/3738/3738
f 3734/3734/3734 3738/3738/3738 3735/3735/3735
f 3735/3735/3735 3738/3738/3738 3739/3739/3739
f 3736/3736/3736 3740/3740/3740 3737/3737/3737
f 3737/3737/3737 3740/3740/3740 3741/3741/3741
f 3737/3737/3737 3741/3741/3741 3738/3738/3738
f 3738/3738/3738 3741/3741/3741 3742/3742/3742
f 3738/3738/3738 3742/3742/3742 3739/3739/3739
f 3739/3739/3739 3742/3742/3742 3743/3743/3743
f 3744/3744/3744 3748/3748/3748 3745/3745/3745
f 3745/3745/3745 3748/3748/3748 3749/3749/3749
f 3745/3745/3745 3749/3749/3749 3746/3746/3746
f 3746/3746/3746 3749/3749/3749 3750/3750/3750
f 3746/3746/3746 3750/3750/3750 3747/3747/3747
f 3747/3747/3747 3750/3750/3750 3751/3751/3751
f 3748/3748/3748 3752/3752/3752 3749/3749/3749
f 3749/3749/3749 3752/3752/3752 3753/3753/3753
f 3749/3749/3749 3753/3753/3753 3750/3750/3750
f 3750/3750/3750 3753/3753/3753 3754/3754/3754
f 3750/3750/3750 3754/3754/3754 3751/3751/3751
f 3751/3751/3751 3754/3754/3754 3755/3755/3755
f 3752/3752/3752 3756/3756/3756 3753/3753/3753
f 3753/3753/3753 3756/3756/3756 3757/3757/3757
f 3753/3753/3753 3757/3757/3757 3754/3754/3754
f 3754/3754/3754 3757/3757/3757 3758/3758/3758
f 3754/3754/3754 3758/3758/3758 3755/3755/3755
f 3755/3755/3755 3758/3758/3758 3759/3759/3759
f 3760/3760/3760 3764/3764/3764 3761/3761/3761
f 3761/3761/3761 3764/3764/3764 3765/3765/3765
f 3761/3761/3761 3765/3765/3765 3762/3762/3762
f 3762/3762/3762 3765/3765/3765 3766/3766/3766
f 3762/3762/3762 3766/3766/3766 3763/3763/3763
f 3763/3763/3763 3766/3766/3766 3767/3767/3767
f 3764/3764/3764 3768/3768/3768 3765/3765/3765
f 3765/3765/3765 3768/3768/3768 3769/3769/3769
f 3765/3765/3765 3769/3769/3769 3766/3766/3766
f 3766/3766/3766 3769/3769/3769 3770/3770/3770
f 3766/3766/3766 3770/3770/3770 3767/3767/3767
f 3767/3767/3767 3770/3770/3770 3771/3771/3771
f 3768/3768/3768 3772/3772/3772 3769/3769/3769
f 3769/3769/3769 3772/3772/3772 3773/3773/3773
f 3769/3769/3769 3773/3773/3773 3770/3770/3770
f 3770/3770/3770 3773/3773/3773 3774/3774/3774
f 3770/3770/3770 3774/3774/3774 3771/3771/3771
f 3771/3771/3771 3774/3774/3774 3775/3775/3775
f 3776/3776/3776 3780/3780/3780 3777/3777/3777
f 3777/3777/3777 3780/3780/3780 3781/3781/3781
f 3777/3777/3777 3781/3781/3781 3778/3778/3778
f 3778/3778/3778 3781/3781/3781 3782/3782/3782
f 3778/3778/3778 3782/3782/3782 3779/3779/3779
f 3779/3779/3779 3782/3782/3782 3783/3783/3783
f 3780/3780/3780 3784/3784/3784 3781/3781/3781
f 3781/3781/3781 3784/3784/3784 3785/3785/3785
f 3781/3781/3781 3785/3785/3785 3782/3782/3782
f 3782/3782/3782 3785/3785/3785 3786/3786/3786
f 3782/3782/3782 3786/3786/3786 3783/3783/3783
f 3783/3783/3783 3786/3786/3786 3787/3787/3787
f 3784/3784/3784 3788/3788/3788 3785/3785/3785
f 3785/3785/3785 3788/3788/3788 3789/3789/3789
f 3785/3785/3785 3789/3789/3789 3786/3786/3786
f 3786/3786/3786 3789/3789/3789 3790/3790/3790
f 3786/3786/3786 3790/3790/3790 3787/3787/3787
f 3787/3787/3787 3790/3790/3790 3791/3791/3791
f 3792/3792/3792 3796/3796/3796 3793/3793/3793
f 3793/3793/3793 3796/3796/3796 3797/3797/3797
f 3793/3793/3793 3797/3797/3797 3794/3794/3794
f 3794/3794/3794 3797/3797/3797 3798/3798/3798
f 3794/3794/3794 3798/3798/3798 3795/3795/3795
f 3795/3795/3795 3798/3798/3798 3799/3799/3799
f 3796/3796/3796 3800/3800/3800 3797/3797/3797
f 3797/3797/3797 3800/3800/3800 3801/3801/3801
f 3797/3797/3797 3801/3801/3801 3798/3798/3798
f 3798/3798/3798 3801/3801/3801 3802/3802/3802
f 3798/3798/3798 3802/3802/3802 3799/3799/3799
f 3799/3799/3799 3802/3802/3802 3803/3803/3803
f 3800/3800/3800 3804/3804/3804 3801/3801/3801
f 3801/3801/3801 3804/3804/3804 3805/3805/3805
f 3801/3801/3801 3805/3805/3805 3802/3802/3802
f 3802/3802/3802 3805/3805/3805 3806/3806/3806
f 3802/3802/3802 3806/3806/3806 3803/3803/3803
f 3803/3803/3803 3806/3806/3806 3807/3807/3807
f 3808/3808/3808 3812/3812/3812 3809/3809/3809
f 3809/3809/3809 3812/3812/3812 3813/3813/3813
f 3809/3809/3809 3813/3813/3813 3810/3810/3810
f 3810/3810/3810 3813/3813/3813 3814/3814/3814
f 3810/3810/3810 3814/3814/3814 3811/3811/3811
f 3811/3811/3811 3814/3814/3814 3815/3815/3815
f 3812/3812/3812 3816/3816/3816 3813/3813/3813
f 3813/3813/3813 3816/3816/3816 3817/3817/3817
f 3813/3813/3813 3817/3817/3817 3814/3814/3814
f 3814/3814/3814 3817/3817/3817 3818/3818/3818
f 3814/3814/3814 3818/3818/3818 3815/3815/3815
f 3815/3815/3815 3818/3818/3818 3819/3819/3819
f 3816/3816/3816 3820/3820/3820 3817/3817/3817
f 3817/3817/3817 3820/3820/3820 3821/3821/3821
f 3817/3817/3817 3821/3821/3821 3818/3818/3818
f 3818/3818/3818 3821/3821/3821 3822/3822/3822
f 3818/3818/3818 3822/3822/3822 3819/3819/3819
f 3819/3819/3819 3822/3822/3822 3823/3823/3823
f 3824/3824/3824 3828/3828/3828 3825/3825/3825
f 3825/3825/3825 3828/3828/3828 3829/3829/3829
f 3825/3825/3825 3829/3829/3829 3826/3826/3826
f 3826/3826/3826 3829/3829/3829 3830/3830/3830
f 3826/3826/3826 3830/3830/3830 3827/3827/3827
f 3827/3827/3827 3830/3830/3830 3831/3831/3831
f 3828/3828/3828 3832/3832/3832 3829/3829/3829
f 3829/3829/3829 3832/3832/3832 3833/3833/3833
f 3829/3829/3829 3833/3833/3833 3830/3830/3830
f 3830/3830/3830 3833/3833/3833 3834/3834/3834
f 3830/3830/3830 3834/3834/3834 3831/3831/3831
f 3831/3831/3831 3834/3834/3834 3835/3835/3835
f 3832/3832/3832 3836/3836/3836 3833/3833/3833
f 3833/3833/3833 3836/3836/3836 3837/3837/3837
f 3833/3833/3833 3837/3837/3837 3834/3834/3834
f 3834/3834/3834 3837/3837/3837 3838/3838/3838
f 3834/3834/3834 3838/3838/3838 3835/3835/3835
f 3835/3835/3835 3838/3838/3838 3839/3839/3839
f 3840/3840/3840 3844/3844/3844 3841/3841/3841
f 3841/3841/3841 3844/3844/3844 3845/3845/3845
f 3841/3841/3841 3845/3845/3845 3842/3842/3842
f 3842/3842/3842 3845/3845/3845 3846/3846/3846
f 3842/3842/3842 3846/3846/3846 3843/3843/3843
f 3843/3843/3843 3846/3846/3846 3847/3847/3847
f 3844/3844/3844 3848/3848/3848 3845/3845/3845
f 3845/3845/3845 3848/3848/3848 3849/3849/3849
f 3845/3845/3845 3849/3849/3849 3846/3846/3846
f 3846/3846/3846 3849/3849/3849 3850/3850/3850
f 3846/3846/3846 3850/3850/3850 3847/3847/3847
f 3847/3847/3847 3850/3850/3850 3851/3851/3851
f 3848/3848/3848 3852/3852/3852 3849/3849/3849
f 3849/3849/3849 3852/3852/3852 3853/3853/3853
f 3849/3849/3849 3853/3853/3853 3850/3850/3850
f 3850/3850/3850 3853/3853/3853 3854/3854/3854
f 3850/3850/3850 3854/3854/3854 3851/3851/3851
f 3851/3851/3851 3854/3854/3854 3855/3855/3855
f 3856/3856/3856 3860/3860/3860 3857/3857/3857
f 3857/3857/3857 3860/3860/3860 3861/3861/3861
f 3857/3857/3857 3861/3861/3861 3858/3858/3858
f 3858/3858/3858 3861/3861/3861 3862/3862/3862
f 3858/3858/3858 3862/3862/3862 3859/3859/3859
f 3859/3859/3859 3862/3862/3862 3863/3863/3863
f 3860/3860/3860 3864/3864/3864 3861/3861/3861
f 3861/3861/3861 3864/3864/3864 3865/3865/3865
f 3861/3861/3861 3865/3865/3865 3862/3862/3862
f 3862/3862/3862 3865/3865/3865 3866/3866/3866
f 3862/3862/3862 3866/3866/3866 3863/3863/3863
f 3863/3863/3863 3866/3866/3866 3867/3867/3867
f 3864/3864/3864 3868/3868/3868 3865/3865/3865
f 3865/3865/3865 3868/3868/3868 3869/3869/3869
f 3865/3865/3865 3869/3869/3869 3866/3866/3866
f 3866/3866/3866 3869/3869/3869 3870/3870/3870
f 3866/3866/3866 3870/3870/3870 3867/3867/3867
f 3867/3867/3867 3870/3870/3870 3871/3871/3871
f 3872/3872/3872 3876/3876/3876 3873/3873/3873
f 3873/3873/3873 3876/3876/3876 3877/3877/3877
f 3873/3873/3873 3877/3877/3877 3874/3874/3874
f 3874/3874/3874 3877/3877/3877 3878/3878/3878
f 3874/3874/3874 3878/3878/3878 3875/3875/3875
f 3875/3875/3875 3878/3878/3878 3879/3879/3879
f 3876/3876/3876 3880/3880/3880 3877/3877/3877
f 3877/3877/3877 3880/3880/3880 3881/3881/3881
f 3877/3877/3877 3881/3881/3881 3878/3878/3878
f 3878/3878/3878 3881/3881/3881 3882/3882/3882
f 3878/3878/3878 3882/3882/3882 3879/3879/3879
f 3879/3879/3879 3882/3882/3882 3883/3883/3883
f 3880/3880/3880 3884/3884/3884 3881/3881/3881
f 3881/3881/3881 3884/3884/3884 3885/3885/3885
f 3881/3881/3881 3885/3885/3885 3882/3882/3882
f 3882/3882/3882 3885/3885/3885 3886/3886/3886
f 3882/3882/3882 3886/3886/3886 3883/3883/3883
f 3883/3883/3883 3886/3886/3886 3887/3887/3887
f 3888/3888/3888 3892/3892/3892 3889/3889/3889
f 3889/3889/3889 3892/3892/3892 3893/3893/3893
f 3889/3889/3889 3893/3893/3893 3890/3890/3890
f 3890/3890/3890 3893/3893/3893 3894/3894/3894
f 3890/3890/3890 3894/3894/3894 3891/3891/3891
f 3891/3891/3891 3894/3894/3894 3895/3895/3895
f 3892/3892/3892 3896/3896/3896 3893/3893/3893
f 3893/3893/3893 3896/3896/3896 3897/3897/3897
f 3893/3893/3893 3897/3897/3897 3894/3894/3894
f 3894/3894/3894 3897/3897/3897 3898/3898/3898
f 3894/3894/3894 3898/3898/3898 3895/3895/3895
f 3895/3895/3895 3898/3898/3898 3899/3899/3899
f 3896/3896/3896 3900/3900/3900 3897/3897/3897
f 3897/3897/3897 3900/3900/3900 3901/3901/3901
f 3897/3897/3897 3901/3901/3901 3898/3898/3898
f 3898/3898/3898 3901/3901/3901 3902/3902/3902
f 3898/3898/3898 3902/3902/3902 3899/3899/3899
f 3899/3899/3899 3902/3902/3902 3903/3903/3903
f 3904/3904/3904 3908/3908/3908 3905/3905/3905
f 3905/3905/3905 3908/3908/3908 3909/3909/3909
f 3905/3905/3905 3909/3909/3909 3906/3906/3906
f 3906/3906/3906 3909/3909/3909 3910/3910/3910
f 3906/3906/3906 3910/3910/3910 3907/3907/3907
f 3907/3907/3907 3910/3910/3910 3911/3911/3911
f 3908/3908/3908 3912/3912/3912 3909/3909/3909
f 3909/3909/3909 3912/3912/3912 3913/3913/3913
f 3909/3909/3909 3913/3913/3913 3910/3910/3910
f 3910/3910/3910 3913/3913/3913 3914/3914/3914
f 3910/3910/3910 3914/3914/3914 3911/3911/3911
f 3911/3911/3911 3914/3914/3914 3915/3915/3915
f 3912/3912/3912 3916/3916/3916 3913/3913/3913
f 3913/3913/3913 3916/3916/3916 3917/3917/3917
f 3913/3913/3913 3917/3917/3917 3914/3914/3914
f 3914/3914/3914 3917/3917/3917 3918/3918/3918
f 3914/3914/3914 3918/3918/3918 3915/3915/3915
f 3915/3915/3915 3918/3918/3918 3919/3919/3919
f 3920/3920/3920 3924/3924/3924 3921/3921/3921
f 3921/3921/3921 3924/3924/3924 3925/3925/3925
f 3921/3921/3921 3925/3925/3925 3922/3922/3922
f 3922/3922/3922 3925/3925/3925 3926/3926/3926
f 3922/3922/3922 3926/3926/3926 3923/3923/3923
f 3923/3923/3923 3926/3926/3926 3927/3927/3927
f 3924/3924/3924 3928/3928/3928 3925/3925/3925
f 3925/3925/3925 3928/3928/3928 3929/3929/3929
f 3925/3925/3925 3929/3929/3929 3926/3926/3926
f 3926/3926/3926 3929/3929/3929 3930/3930/3930
f 3926/3926/3926 3930/3930/3930 3927/3927/3927
f 3927/3927/3927 3930/3930/3930 3931/3931/3931
f 3928/3928/3928 3932/3932/3932 3929/3929/3929
f 3929/3929/3929 3932/3932/3932 3933/3933/3933
f 3929/3929/3929 3933/3933/3933 3930/3930/3930
f 3930/3930/3930 3933/3933/3933 3934/3934/3934
f 3930/3930/3930 3934/3934/3934 3931/3931/3931
f 3931/3931/3931 3934/3934/3934 3935/3935/3935
f 3936/3936/3936 3940/3940/3940 3937/3937/3937
f 3937/3937/3937 3940/3940/3940 3941/3941/3941
f 3937/3937/3937 3941/3941/3941 3938/3938/3938
f 3938/3938/3938 3941/3941/3941 3942/3942/3942
f 3938/3938/3938 3942/3942/3942 3939/3939/3939
f 3939/3939/3939 3942/3942/3942 3943/3943/3943
f 3940/3940/3940 3944/3944/3944 3941/3941/3941
f 3941/3941/3941 3944/3944/3944 3945/3945/3945
f 3941/3941/3941 3945/3945/3945 3942/3942/3942
f 3942/3942/3942 3945/3945/3945 3946/3946/3946
f 3942/3942/3942 3946/3946/3946 3943/3943/3943
f 3943/3943/3943 3946/3946/3946 3947/3947/3947
f 3944/3944/3944 3948/3948/3948 3945/3945/3945
f 3945/3945/3945 3948/3948/3948 3949/3949/3949
f 3945/3945/3945 3949/3949/3949 3946/3946/3946
f 3946/3946/3946 3949/3949/3949 3950/3950/3950
f 3946/3946/3946 3950/3950/3950 3947/3947/3947
f 3947/3947/3947 3950/3950/3950 3951/3951/3951
f 3952/3952/3952 3956/3956/3956 3953/3953/3953
f 3953/3953/3953 3956/3956/3956 3957/3957/3957
f 3953/3953/3953 3957/3957/3957 3954/3954/3954
f 3954/3954/3954 3957/3957/3957 3958/3958/3958
f 3954/3954/3954 3958/3958/3958 3955/3955/3955
f 3955/3955/3955 3958/3958/3958 3959/3959/3959
f 3956/3956/3956 3960/3960/3960 3957/3957/3957
f 3957/3957/3957 3960/3960/3960 3961/3961/3961
f 3957/3957/3957 3961/3961/3961 3958/3958/3958
f 3958/3958/3958 3961/3961/3961 3962/3962/3962
f 3958/3958/3958 3962/3962/3962 3959/3959/3959
f 3959/3959/3959 3962/3962/3962 3963/3963/3963
f 3960/3960/3960 3964/3964/3964 3961/3961/3961
f 3961/3961/3961 3964/3964/3964 3965/3965/3965
f 3961/3961/3961 3965/3965/3965 3962/3962/3962
f 3962/3962/3962 3965/3965/3965 3966/3966/3966
f 3962/3962/3962 3966/3966/3966 3963/3963/3963
f 3963/3963/3963 3966/3966/3966 3967/3967/3967
f 3968/3968/3968 3972/3972/3972 3969/3969/3969
f 3969/3969/3969 3972/3972/3972 3973/3973/3973
f 3969/3969/3969 3973/3973/3973 3970/3970/3970
f 3970/3970/3970 3973/3973/3973 3974/3974/3974
f 3970/3970/3970 3974/3974/3974 3971/3971/3971
f 3971/3971/3971 3974/3974/3974 3975/3975/3975
f 3972/3972/3972 3976/3976/3976 3973/3973/3973
f 3973/3973/3973 3976/3976/3976 3977/3977/3977
f 3973/3973/3973 3977/3977/3977 3974/3974/3974
f 3974/3974/3974 3977/3977/3977 3978/3978/3978
f 3974/3974/3974 3978/3978/3978 3975/3975/3975
f 3975/3975/3975 3978/3978/3978 3979/3979/3979
f 3976/3976/3976 3980/3980/3980 3977/3977/3977
f 3977/3977/3977 3980/3980/3980 3981/3981/3981
f 3977/3977/3977 3981/3981/3981 3978/3978/3978
f 3978/3978/3978 3981/3981/3981 3982/3982/3982
f 3978/3978/3978 3982/3982/3982 3979/3979/3979
f 3979/3979/3979 3982/3982/3982 3983/3983/3983
f 3984/3984/3984 3988/3988/3988 3985/3985/3985
f 3985/3985/3985 3988/3988/3988 3989/3989/3989
f 3985/3985/3985 3989/3989/3989 3986/3986/3986
f 3986/3986/3986 3989/3989/3989 3990/3990/3990
f 3986/3986/3986 3990/3990/3990 3987/3987/3987
f 3987/3987/3987 3990/3990/3990 3991/3991/3991
f 3988/3988/3988 3992/3992/3992 3989/3989/3989
f 3989/3989/3989 3992/3992/3992 3993/3993/3993
f 3989/3989/3989 3993/3993/3993 3990/3990/3990
f 3990/3990/3990 3993/3993/3993 3994/3994/3994
f 3990/3990/3990 3994/3994/3994 3991/3991/3991
f 3991/3991/3991 3994/3994/3994 3995/3995/3995
f 3992/3992/3992 3996/3996/3996 3993/3993/3993
f 3993/3993/3993 3996/3996/3996 3997/3997/3997
f 3993/3993/3993 3997/3997/3997 3994/3994/3994
f 3994/3994/3994 3997/3997/3997 3998/3998/3998
f 3994/3994/3994 3998/3998/3998 3995/3995/3995
f 3995/3995/3995 3998/3998/3998 3999/3999/3999
f 4000/4000/4000 4004/4004/4004 4001/4001/4001
f 4001/4001/4001 4004/4004/4004 4005/4005/4005
f 4001/4001/4001 4005/4005/4005 4002/4002/4002
f 4002/4002/4002 4005/4005/4005 4006/4006/4006
f 4002/4002/4002 4006/4006/4006 4003/4003/4003
f 4003/4003/4003 4006/4006/4006 4007/4007/4007
f 4004/4004/4004 4008/4008/4008 4005/4005/4005
f 4005/4005/4005 4008/4008/4008 4009/4009/4009
f 4005/4005/4005 4009/4009/4009 4006/4006/4006
f 4006/4006/4006 4009/4009/4009 4010/4010/4010
f 4006/4006/4006 4010/4010/4010 4007/4007/4007
f 4007/4007/4007 4010/4010/4010 4011/4011/4011
f 4008/4008/4008 4012/4012/4012 4009/4009/4009
f 4009/4009/4009 4012/4012/4012 4013/4013/4013
f 4009/4009/4009 4013/4013/4013 4010/4010/4010
f 4010/4010/4010 4013/4013/4013 4014/4014/4014
f 4010/4010/4010 4014/4014/4014 4011/4011/4011
f 4011/4011/4011 4014/4014/4014 4015/4015/4015
f 4016/4016/4016 4020/4020/4020 4017/4017/4017
f 4017/4017/4017 4020/4020/4020 4021/4021/4021
f 4017/4017/4017 4021/4021/4021 4018/4018/4018
f 4018/4018/4018 4021/4021/4021 4022/4022/4022
f 4018/4018/4018 4022/4022/4022 4019/4019/4019
f 4019/4019/4019 4022/4022/4022 4023/4023/4023
f 4020/4020/4020 4024/4024/4024 4021/4021/4021
f 4021/4021/4021 4024/4024/4024 4025/4025/4025
f 4021/4021/4021 4025/4025/4025 4022/4022/4022
f 4022/4022/4022 4025/4025/4025 4026/4026/4026
f 4022/4022/4022 4026/4026/4026 4023/4023/4023
f 4023/4023/4023 4026/4026/4026 4027/4027/4027
f 4024/4024/4024 4028/4028/4028 4025/4025/4025
f 4025/4025/4025 4028/4028/4028 4029/4029/4029
f 4025/4025/4025 4029/4029/4029 4026/4026/4026
f 4026/4026/4026 4029/4029/4029 4030/4030/4030
f 4026/4026/4026 4030/4030/4030 4027/4027/4027
f 4027/4027/4027 4030/4030/4030 4031/4031/4031
f 4032/4032/4032 4036/4036/4036 4033/4033/4033
f 4033/4033/4033 4036/4036/4036 4037/4037/4037
f 4033/4033/4033 4037/4037/4037 4034/4034/4034
f 4034/4034/4034 4037/4037/4037 4038/4038/4038
f 4034/4034/4034 4038/4038/4038 4035/4035/4035
f 4035/4035/4035 4038/4038/4038 4039/4039/4039
f 4036/4036/4036 4040/4040/4040 4037/4037/4037
f 4037/4037/4037 4040/4040/4040 4041/4041/4041
f 4037/4037/4037 4041/4041/4041 4038/4038/4038
f 4038/4038/4038 4041/4041/4041 4042/4042/4042
f 4038/4038/4038 4042/4042/4042 4039/4039/4039
f 4039/4039/4039 4042/4042/4042 4043/4043/4043
f 4040/4040/4040 4044/4044/4044 4041/4041/4041
f 4041/4041/4041 4044/4044/4044 4045/4045/4045
f 4041/4041/4041 4045/4045/4045 4042/4042/4042
f 4042/4042/4042 4045/4045/4045 4046/4046/4046
f 4042/4042/4042 4046/4046/4046 4043/4043/4043
f 4043/4043/4043 4046/4046/4046 4047/4047/4047
f 4048/4048/4048 4052/4052/4052 4049/4049/4049
f 4049/4049/4049 4052/4052/4052 4053/4053/4053
f 4049/4049/4049 4053/4053/4053 4050/4050/4050
f 4050/4050/4050 4053/4053/4053 4054/4054/4054
f 4050/4050/4050 4054/4054/4054 4051/4051/4051
f 4051/4051/4051 4054/4054/4054 4055/4055/4055
f 4052/4052/4052 4056/4056/4056 4053/4053/4053
f 4053/4053/4053 4056/4056/4056 4057/4057/4057
f 4053/4053/4053 4057/4057/4057 4054/4054/4054
f 4054/4054/4054 4057/4057/4057 4058/4058/4058
f 4054/4054/4054 4058/4058/4058 4055/4055/4055
f 4055/4055/4055 4058/4058/4058 4059/4059/4059
f 4056/4056/4056 4060/4060/4060 4057/4057/4057
f 4057/4057/4057 4060/4060/4060 4061/4061/4061
f 4057/4057/4057 4061/4061/4061 4058/4058/4058
f 4058/4058/4058 4061/4061/4061 4062/4062/4062
f 4058/4058/4058 4062/4062/4062 4059/4059/4059
f 4059/4059/4059 4062/4062/4062 4063/4063/4063
f 4064/4064/4064 4068/4068/4068 4065/4065/4065
f 4065/4065/4065 4068/4068/4068 4069/4069/4069
f 4065/4065/4065 4069/4069/4069 4066/4066/4066
f 4066/4066/4066 4069/4069/4069 4070/4070/4070
f 4066/4066/4066 4070/4070/4070 4067/4067/4067
f 4067/4067/4067 4070/4070/4070 4071/4071/4071
f 4068/4068/4068 4072/4072/4072 4069/4069/4069
f 4069/4069/4069 4072/4072/4072 4073/4073/4073
f 4069/4069/4069 4073/4073/4073 4070/4070/4070
f 4070/4070/4070 4073/4073/4073 4074/4074/4074
f 4070/4070/4070 4074/4074/4074 4071/4071/4071
f 4071/4071/4071 4074/4074/4074 4075/4075/4075
f 4072/4072/4072 4076/4076/4076 4073/4073/4073
f 4073/4073/4073 4076/4076/4076 4077/4077/4077
f 4073/4073/4073 4077/4077/4077 4074/4074/4074
f 4074/4074/4074 4077/4077/4077 4078/4078/4078
f 4074/4074/4074 4078/4078/4078 4075/4075/4075
f 4075/4075/4075 4078/4078/4078 4079/4079/4079
f 4080/4080/4080 4084/4084/4084 4081/4081/4081
f 4081/4081/4081 4084/4084/4084 4085/4085/4085
f 4081/4081/4081 4085/4085/4085 4082/4082/4082
f 4082/4082/4082 4085/4085/4085 4086/4086/4086
f 4082/4082/4082 4086/4086/4086 4083/4083/4083
f 4083/4083/4083 4086/4086/4086 4087/4087/4087
f 4084/4084/4084 4088/4088/4088 4085/4085/4085
f 4085/4085/4085 4088/4088/4088 4089/4089/4089
f 4085/4085/4085 4089/4089/4089 4086/4086/4086
f 4086/4086/4086 4089/4089/4089 4090/4090/4090
f 4086/4086/4086 4090/4090/4090 4087/4087/4087
f 4087/4087/4087 4090/4090/4090 4091/4091/4091
f 4088/4088/4088 4092/4092/4092 4089/4089/4089
f 4089/4089/4089 4092/4092/4092 4093/4093/4093
f 4089/4089/4089 4093/4093/4093 4090/4090/4090
f 4090/4090/4090 4093/4093/4093 4094/4094/4094
f 4090/4090/4090 4094/4094/4094 4091/4091/4091
f 4091/4091/4091 4094/4094/4094 4095/4095/4095
f 4096/4096/4096 4100/4100/4100 4097/4097/4097
f 4097/4097/4097 4100/4100/4100 4101/4101/4101
f 4097/4097/4097 4101/4101/4101 4098/4098/4098
f 4098/4098/4098 4101/4101/4101 4102/4102/4102
f 4098/4098/4098 4102/4102/4102 4099/4099/4099
f 4099/4099/4099 4102/4102/4102 4103/4103/4103
f 4100/4100/4100 4104/4104/4104 4101/4101/4101
f 4101/4101/4101 4104/4104/4104 4105/4105/4105
f 4101/4101/4101 4105/4105/4105 4102/4102/4102
f 4102/4102/4102 4105/4105/4105 4106/4106/4106
f 4102/4102/4102 4106/4106/4106 4103/4103/4103
f 4103/4103/4103 4106/4106/4106 4107/4107/4107
f 4104/4104/4104 4108/4108/4108 4105/4105/4105
f 4105/4105/4105 4108/4108/4108 4109/4109/4109
f 4105/4105/4105 4109/4109/4109 4106/4106/4106
f 4106/4106/4106 4109/4109/4109 4110/4110/4110
f 4106/4106/4106 4110/4110/4110 4107/4107/4107
f 4107/4107/4107 4110/4110/4110 4111/4111/4111
f 4112/4112/4112 4116/4116/4116 4113/4113/4113
f 4113/4113/4113 4116/4116/4116 4117/4117/4117
f 4113/4113/4113 4117/4117/4117 4114/4114/4114
f 4114/4114/4114 4117/4117/4117 4118/4118/4118
f 4114/4114/4114 4118/4118/4118 4115/4115/4115
f 4115/4115/4115 4118/4118/4118 4119/4119/4119
f 4116/4116/4116 4120/4120/4120 4117/4117/4117
f 4117/4117/4117 4120/4120/4120 4121/4121/4121
f 4117/4117/4117 4121/4121/4121 4118/4118/4118
f 4118/4118/4118 4121/4121/4121 4122/4122/4122
f 4118/4118/4118 4122/4122/4122 4119/4119/4119
f 4119/4119/4119 4122/4122/4122 4123/4123/4123
f 4120/4120/4120 4124/4124/4124 4121/4121/4121
f 4121/4121/4121 4124/4124/4124 4125/4125/4125
f 4121/4121/4121 4125/4125/4125 4122/4122/4122
f 4122/4122/4122 4125/4125/4125 4126/4126/4126
f 4122/4122/4122 4126/4126/4126 4123/4123/4123
f 4123/4123/4123 4126/4126/4126 4127/4127/4127
f 4128/4128/4128 4132/4132/4132 4129/4129/4129
f 4129/4129/4129 4132/4132/4132 4133/4133/4133
f 4129/4129/4129 4133/4133/4133 4130/4130/4130
f 4130/4130/4130 4133/4133/4133 4134/4134/4134
f 4130/4130/4130 4134/4134/4134 4131/4131/4131
f 4131/4131/4131 4134/4134/4134 4135/4135/4135
f 4132/4132/4132 4136/4136/4136 4133/4133/4133
f 4133/4133/4133 4136/4136/4136 4137/4137/4137
f 4133/4133/4133 4137/4137/4137 4134/4134/4134
f 4134/4134/4134 4137/4137/4137 4138/4138/4138
f 4134/4134/4134 4138/4138/4138 4135/4135/4135
f 4135/4135/4135 4138/4138/4138 4139/4139/4139
f 4136/4136/4136 4140/4140/4140 4137/4137/4137
f 4137/4137/4137 4140/4140/4140 4141/4141/4141
f 4137/4137/4137 4141/4141/4141 4138/4138/4138
f 4138/4138/4138 4141/4141/4141 4142/4142/4142
f 4138/4138/4138 4142/4142/4142 4139/4139/4139
f 4139/4139/4139 4142/4142/4142 4143/4143/4143
f 4144/4144/4144 4148/4148/4148 4145/4145/4145
f 4145/4145/4145 4148/4148/4148 4149/4149/4149
f 4145/4145/4145 4149/4149/4149 4146/4146/4146
f 4146/4146/4146 4149/4149/4149 4150/4150/4150
f 4146/4146/4146 4150/4150/4150 4147/4147/4147
f 4147/4147/4147 4150/4150/4150 4151/4151/4151
f 4148/4148/4148 4152/4152/4152 4149/4149/4149
f 4149/4149/4149 4152/4152/4152 4153/4153/4153
f 4149/4149/4149 4153/4153/4153 4150/4150/4150
f 4150/4150/4150 4153/4153/4153 4154/4154/4154
f 4150/4150/4150 4154/4154/4154 4151/4151/4151
f 4151/4151/4151 4154/4154/4154 4155/4155/4155
f 4152/4152/4152 4156/4156/4156 4153/4153/4153
f 4153/4153/4153 4156/4156/4156 4157/4157/4157
f 4153/4153/4153 4157/4157/4157 4154/4154/4154
f 4154/4154/4154 4157/4157/4157 4158/4158/4158
f 4154/4154/4154 4158/4158/4158 4155/4155/4155
f 4155/4155/4155 4158/4158/4158 4159/4159/4159
f 4160/4160/4160 4164/4164/4164 4161/4161/4161
f 4161/4161/4161 4164/4164/4164 4165/4165/4165
f 4161/4161/4161 4165/4165/4165 4162/4162/4162
f 4162/4162/4162 4165/4165/4165 4166/4166/4166
f 4162/4162/4162 4166/4166/4166 4163/4163/4163
f 4163/4163/4163 4166/4166/4166 4167/4167/4167
f 4164/4164/4164 4168/4168/4168 4165/4165/4165
f 4165/4165/4165 4168/4168/4168 4169/4169/4169
f 4165/4165/4165 4169/4169/4169 4166/4166/4166
f 4166/4166/4166 4169/4169/4169 4170/4170/4170
f 4166/4166/4166 4170/4170/4170 4167/4167/4167
f 4167/4167/4167 4170/4170/4170 4171/4171/4171
f 4168/4168/4168 4172/4172/4172 4169/4169/4169
f 4169/4169/4169 4172/4172/4172 4173/4173/4173
f 4169/4169/4169 4173/4173/4173 4170/4170/4170
f 4170/4170/4170 4173/4173/4173 4174/4174/4174
f 4170/4170/4170 4174/4174/4174 4171/4171/4171
f 4171/4171/4171 4174/4174/4174 4175/4175/4175
f 4176/4176/4176 4180/4180/4180 4177/4177/4177
f 4177/4177/4177 4180/4180/4180 4181/4181/4181
f 4177/4177/4177 4181/4181/4181 4178/4178/4178
f 4178/4178/4178 4181/4181/4181 4182/4182/4182
f 4178/4178/4178 4182/4182/4182 4179/4179/4179
f 4179/4179/4179 4182/4182/4182 4183/4183/4183
f 4180/4180/4180 4184/4184/4184 4181/4181/4181
f 4181/4181/4181 4184/4184/4184 4185/4185/4185
f 4181/4181/4181 4185/4185/4185 4182/4182/4182
f 4182/4182/4182 4185/4185/4185 4186/4186/4186
f 4182/4182/4182 4186/4186/4186 4183/4183/4183
f 4183/4183/4183 4186/4186/4186 4187/4187/4187
f 4184/4184/4184 4188/4188/4188 4185/4185/4185
f 4185/4185/4185 4188/4188/4188 4189/4189/4189
f 4185/4185/4185 4189/4189/4189 4186/4186/4186
f 4186/4186/4186 4189/4189/4189 4190/4190/4190
f 4186/4186/4186 4190/4190/4190 4187/4187/4187
f 4187/4187/4187 4190/4190/4190 4191/4191/4191
f 4192/4192/4192 4196/4196/4196 4193/4193/4193
f 4193/4193/4193 4196/4196/4196 4197/4197/4197
f 4193/4193/4193 4197/4197/4197 4194/4194/4194
f 4194/4194/4194 4197/4197/4197 4198/4198/4198
f 4194/4194/4194 4198/4198/4198 4195/4195/4195
f 4195/4195/4195 4198/4198/4198 4199/4199/4199
f 4196/4196/4196 4200/4200/4200 4197/4197/4197
f 4197/4197/4197 4200/4200/4200 4201/4201/4201
f 4197/4197/4197 4201/4201/4201 4198/4198/4198
f 4198/4198/4198 4201/4201/4201 4202/4202/4202
f 4198/4198/4198 4202/4202/4202 4199/4199/4199
f 4199/4199/4199 4202/4202/4202 4203/4203/4203
f 4200/4200/4200 4204/4204/4204 4201/4201/4201
f 4201/4201/4201 4204/4204/4204 4205/4205/4205
f 4201/4201/4201 4205/4205/4205 4202/4202/4202
f 4202/4202/4202 4205/4205/4205 4206/4206/4206
f 4202/4202/4202 4206/4206/4206 4203/4203/4203
f 4203/4203/4203 4206/4206/4206 4207/4207/4207
f 4208/4208/4208 4212/4212/4212 4209/4209/4209
f 4209/4209/4209 4212/4212/4212 4213/4213/4213
f 4209/4209/4209 4213/4213/4213 4210/4210/4210
f 4210/4210/4210 4213/4213/4213 4214/4214/4214
f 4210/4210/4210 4214/4214/4214 4211/4211/4211
f 4211/4211/4211 4214/4214/4214 4215/4215/4215
f 4212/4212/4212 4216/4216/4216 4213/4213/4213
f 4213/4213/4213 4216/4216/4216 4217/4217/4217
f 4213/4213/4213 4217/4217/4217 4214/4214/4214
f 4214/4214/4214 4217/4217/4217 4218/4218/4218
f 4214/4214/4214 4218/4218/4218 4215/4215/4215
f 4215/4215/4215 4218/4218/4218 4219/4219/4219
f 4216/4216/4216 4220/4220/4220 4217/4217/4217
f 4217/4217/4217 4220/4220/4220 4221/4221/4221
f 4217/4217/4217 4221/4221/4221 4218/4218/4218
f 4218/4218/4218 4221/4221/4221 4222/4222/4222
f 4218/4218/4218 4222/4222/4222 4219/4219/4219
f 4219/4219/4219 4222/4222/4222 4223/4223/4223
f 4224/4224/4224 4228/4228/4228 4225/4225/4225
f 4225/4225/4225 4228/4228/4228 4229/4229/4229
f 4225/4225/4225 4229/4229/4229 4226/4226/4226
f 4226/4226/4226 4229/4229/4229 4230/4230/4230
f 4226/4226/4226 4230/4230/4230 4227/4227/4227
f 4227/4227/4227 4230/4230/4230 4231/4231/4231
f 4228/4228/4228 4232/4232/4232 4229/4229/4229
f 4229/4229/4229 4232/4232/4232 4233/4233/4233
f 4229/4229/4229 4233/4233/4233 4230/4230/4230
f 4230/4230/4230 4233/4233/4233 4234/4234/4234
f 4230/4230/4230 4234/4234/4234 4231/4231/4231
f 4231/4231/4231 4234/4234/4234 4235/4235/4235
f 4232/4232/4232 4236/4236/4236 4233/4233/4233
f 4233/4233/4233 4236/4236/4236 4237/4237/4237
f 4233/4233/4233 4237/4237/4237 4234/4234/4234
f 4234/4234/4234 4237/4237/4237 4238/4238/4238
f 4234/4234/4234 4238/4238/4238 4235/4235/4235
f 4235/4235/4235 4238/4238/4238 4239/4239/4239
f 4240/4240/4240 4244/4244/4244 4241/4241/4241
f 4241/4241/4241 4244/4244/4244 4245/4245/4245
f 4241/4241/4241 4245/4245/4245 4242/4242/4242
f 4242/4242/4242 4245/4245/4245 4246/4246/4246
f 4242/4242/4242 4246/4246/4246 4243/4243/4243
f 4243/4243/4243 4246/4246/4246 4247/4247/4247
f 4244/4244/4244 4248/4248/4248 4245/4245/4245
f 4245/4245/4245 4248/4248/4248 4249/4249/4249
f 4245/4245/4245 4249/4249/4249 4246/4246/4246
f 4246/4246/4246 4249/4249/4249 4250/4250/4250
f 4246/4246/4246 4250/4250/4250 4247/4247/4247
f 4247/4247/4247 4250/4250/4250 4251/4251/4251
f 4248/4248/4248 4252/4252/4252 4249/4249/4249
f 4249/4249/4249 4252/4252/4252 4253/4253/4253
f 4249/4249/4249 4253/4253/4253 4250/4250/4250
f 4250/4250/4250 4253/4253/4253 4254/4254/4254
f 4250/4250/4250 4254/4254/4254 4251/4251/4251
f 4251/4251/4251 4254/4254/4254 4255/4255/4255
f 4256/4256/4256 4260/4260/4260 4257/4257/4257
f 4257/4257/4257 4260/4260/4260 4261/4261/4261
f 4257/4257/4257 4261/4261/4261 4258/4258/4258
f 4258/4258/4258 4261/4261/4261 4262/4262/4262
f 4258/4258/4258 4262/4262/4262 4259/4259/4259
f 4259/4259/4259 4262/4262/4262 4263/4263/4263
f 4260/4260/4260 4264/4264/4264 4261/4261/4261
f 4261/4261/4261 4264/4264/4264 4265/4265/4265
f 4261/4261/4261 4265/4265/4265 4262/4262/4262
f 4262/4262/4262 4265/4265/4265 4266/4266/4266
f 4262/4262/4262 4266/4266/4266 4263/4263/4263
f 4263/4263/4263 4266/4266/4266 4267/4267/4267
f 4264/4264/4264 4268/4268/4268 4265/4265/4265
f 4265/4265/4265 4268/4268/4268 4269/4269/4269
f 4265/4265/4265 4269/4269/4269 4266/4266/4266
f 4266/4266/4266 4269/4269/4269 4270/4270/4270
f 4266/4266/4266 4270/4270/4270 4267/4267/4267
f 4267/4267/4267 4270/4270/4270 4271/4271/4271
f 4272/4272/4272 4276/4276/4276 4273/4273/4273
f 4273/4273/4273 4276/4276/4276 4277/4277/4277
f 4273/4273/4273 4277/4277/4277 4274/4274/4274
f 4274/4274/4274 4277/4277/4277 4278/4278/4278
f 4274/4274/4274 4278/4278/4278 4275/4275/4275
f 4275/4275/4275 4278/4278/4278 4279/4279/4279
f 4276/4276/4276 4280/4280/4280 4277/4277/4277
f 4277/4277/4277 4280/4280/4280 4281/4281/4281
f 4277/4277/4277 4281/4281/4281 4278/4278/4278
f 4278/4278/4278 4281/4281/4281 4282/4282/4282
f 4278/4278/4278 4282/4282/4282 4279/4279/4279
f 4279/4279/4279 4282/4282/4282 4283/4283/4283
f 4280/4280/4280 4284/4284/4284 4281/4281/4281
f 4281/4281/4281 4284/4284/4284 4285/4285/4285
f 4281/4281/4281 4285/4285/4285 4282/4282/4282
f 4282/4282/4282 4285/4285/4285 4286/4286/4286
f 4282/4282/4282 4286/4286/4286 4283/4283/4283
f 4283/4283/4283 4286/4286/4286 4287/4287/4287
f 4288/4288/4288 4292/4292/4292 4289/4289/4289
f 4289/4289/4289 4292/4292/4292 4293/4293/4293
f 4289/4289/4289 4293/4293/4293 4290/4290/4290
f 4290/4290/4290 4293/4293/4293 4294/4294/4294
f 4290/4290/4290 4294/4294/4294 4291/4291/4291
f 4291/4291/4291 4294/4294/4294 4295/4295/4295
f 4292/4292/4292 4296/4296/4296 4293/4293/4293
f 4293/4293/4293 4296/4296/4296 4297/4297/4297
f 4293/4293/4293 4297/4297/4297 4294/4294/4294
f 4294/4294/4294 4297/4297/4297 4298/4298/4298
f 4294/4294/4294 4298/4298/4298 4295/4295/4295
f 4295/4295/4295 4298/4298/4298 4299/4299/4299
f 4296/4296/4296 4300/4300/4300 4297/4297/4297
f 4297/4297/4297 4300/4300/4300 4301/4301/4301
f 4297/4297/4297 4301/4301/4301 4298/4298/4298
f 4298/4298/4298 4301/4301/4301 4302/4302/4302
f 4298/4298/4298 4302/4302/4302 4299/4299/4299
f 4299/4299/4299 4302/4302/4302 4303/4303/4303
f 4304/4304/4304 4308/4308/4308 4305/4305/4305
f 4305/4305/4305 4308/4308/4308 4309/4309/4309
f 4305/4305/4305 4309/4309/4309 4306/4306/4306
f 4306/4306/4306 4309/4309/4309 4310/4310/4310
f 4306/4306/4306 4310/4310/4310 4307/4307/4307
f 4307/4307/4307 4310/4310/4310 4311/4311/4311
f 4308/4308/4308 4312/4312/4312 4309/4309/4309
f 4309/4309/4309 4312/4312/4312 4313/4313/4313
f 4309/4309/4309 4313/4313/4313 4310/4310/4310
f 4310/4310/4310 4313/4313/4313 4314/4314/4314
f 4310/4310/4310 4314/4314/4314 4311/4311/4311
f 4311/4311/4311 4314/4314/4314 4315/4315/4315
f 4312/4312/4312 4316/4316/4316 4313/4313/4313
f 4313/4313/4313 4316/4316/4316 4317/4317/4317
f 4313/4313/4313 4317/4317/4317 4314/4314/4314
f 4314/4314/4314 4317/4317/4317 4318/4318/4318
f 4314/4314/4314 4318/4318/4318 4315/4315/4315
f 4315/4315/4315 4318/4318/4318 4319/4319/4319
f 4320/4320/4320 4324/4324/4324 4321/4321/4321
f 4321/4321/4321 4324/4324/4324 4325/4325/4325
f 4321/4321/4321 4325/4325/4325 4322/4322/4322
f 4322/4322/4322 4325/4325/4325 4326/4326/4326
f 4322/4322/4322 4326/4326/4326 4323/4323/4323
f 4323/4323/4323 4326/4326/4326 4327/4327/4327
f 4324/4324/4324 4328/4328/4328 4325/4325/4325
f 4325/4325/4325 4328/4328/4328 4329/4329/4329
f 4325/4325/4325 4329/4329/4329 4326/4326/4326
f 4326/4326/4326 4329/4329/4329 4330/4330/4330
f 4326/4326/4326 4330/4330/4330 4327/4327/4327
f 4327/4327/4327 4330/4330/4330 4331/4331/4331
f 4328/4328/4328 4332/4332/4332 4329/4329/4329
f 4329/4329/4329 4332/4332/4332 4333/4333/4333
f 4329/4329/4329 4333/4333/4333 4330/4330/4330
f 4330/4330/4330 4333/4333/4333 4334/4334/4334
f 4330/4330/4330 4334/4334/4334 4331/4331/4331
f 4331/4331/4331 4334/4334/4334 4335/4335/4335
f 4336/4336/4336 4340/4340/4340 4337/4337/4337
f 4337/4337/4337 4340/4340/4340 4341/4341/4341
f 4337/4337/4337 4341/4341/4341 4338/4338/4338
f 4338/4338/4338 4341/4341/4341 4342/4342/4342
f 4338/4338/4338 4342/4342/4342 4339/4339/4339
f 4339/4339/4339 4342/4342/4342 4343/4343/4343
f 4340/4340/4340 4344/4344/4344 4341/4341/4341
f 4341/4341/4341 4344/4344/4344 4345/4345/4345
f 4341/4341/4341 4345/4345/4345 4342/4342/4342
f 4342/4342/4342 4345/4345/4345 4346/4346/4346
f 4342/4342/4342 4346/4346/4346 4343/4343/4343
f 4343/4343/4343 4346/4346/4346 4347/4347/4347
f 4344/4344/4344 4348/4348/4348 4345/4345/4345
f 4345/4345/4345 4348/4348/4348 4349/4349/4349
f 4345/4345/4345 4349/4349/4349 4346/4346/4346
f 4346/4346/4346 4349/4349/4349 4350/4350/4350
f 4346/4346/4346 4350/4350/4350 4347/4347/4347
f 4347/4347/4347 4350/4350/4350 4351/4351/4351
f 4352/4352/4352 4356/4356/4356 4353/4353/4353
f 4353/4353/4353 4356/4356/4356 4357/4357/4357
f 4353/4353/4353 4357/4357/4357 4354/4354/4354
f 4354/4354/4354 4357/4357/4357 4358/4358/4358
f 4354/4354/4354 4358/4358/4358 4355/4355/4355
f 4355/4355/4355 4358/4358/4358 4359/4359/4359
f 4356/4356/4356 4360/4360/4360 4357/4357/4357
f 4357/4357/4357 4360/4360/4360 4361/4361/4361
f 4357/4357/4357 4361/4361/4361 4358/4358/4358
f 4358/4358/4358 4361/4361/4361 4362/4362/4362
f 4358/4358/4358 4362/4362/4362 4359/4359/4359
f 4359/4359/4359 4362/4362/4362 4363/4363/4363
f 4360/4360/4360 4364/4364/4364 4361/4361/4361
f 4361/4361/4361 4364/4364/4364 4365/4365/4365
f 4361/4361/4361 4365/4365/4365 4362/4362/4362
f 4362/4362/4362 4365/4365/4365 4366/4366/4366
f 4362/4362/4362 4366/4366/4366 4363/4363/4363
f 4363/4363/4363 4366/4366/4366 4367/4367/4367
f 4368/4368/4368 4372/4372/4372 4369/4369/4369
f 4369/4369/4369 4372/4372/4372 4373/4373/4373
f 4369/4369/4369 4373/4373/4373 4370/4370/4370
f 4370/4370/4370 4373/4373/4373 4374/4374/4374
f 4370/4370/4370 4374/4374/4374 4371/4371/4371
f 4371/4371/4371 4374/4374/4374 4375/4375/4375
f 4372/4372/4372 4376/4376/4376 4373/4373/4373
f 4373/4373/4373 4376/4376/4376 4377/4377/4377
f 4373/4373/4373 4377/4377/4377 4374/4374/4374
f 4374/4374/4374 4377/4377/4377 4378/4378/4378
f 4374/4374/4374 4378/4378/4378 4375/4375/4375
f 4375/4375/4375 4378/4378/4378 4379/4379/4379
f 4376/4376/4376 4380/4380/4380 4377/4377/4377
f 4377/4377/4377 4380/4380/4380 4381/4381/4381
f 4377/4377/4377 4381/4381/4381 4378/4378/4378
f 4378/4378/4378 4381/4381/4381 4382/4382/4382
f 4378/4378/4378 4382/4382/4382 4379/4379/4379
f 4379/4379/4379 4382/4382/4382 4383/4383/4383
f 4384/4384/4384 4388/4388/4388 4385/4385/4385
f 4385/4385/4385 4388/4388/4388 4389/4389/4389
f 4385/4385/4385 4389/4389/4389 4386/4386/4386
f 4386/4386/4386 4389/4389/4389 4390/4390/4390
f 4386/4386/4386 4390/4390/4390 4387/4387/4387
f 4387/4387/4387 4390/4390/4390 4391/4391/4391
f 4388/4388/4388 4392/4392/4392 4389/4389/4389
f 4389/4389/4389 4392/4392/4392 4393/4393/4393
f 4389/4389/4389 4393/4393/4393 4390/4390/4390
f 4390/4390/4390 4393/4393/4393 4394/4394/4394
f 4390/4390/4390 4394/4394/4394 4391/4391/4391
f 4391/4391/4391 4394/4394/4394 4395/4395/4395
f 4392/4392/4392 4396/4396/4396 4393/4393/4393
f 4393/4393/4393 4396/4396/4396 4397/4397/4397
f 4393/4393/4393 4397/4397/4397 4394/4394/4394
f 4394/4394/4394 4397/4397/4397 4398/4398/4398
f 4394/4394/4394 4398/4398/4398 4395/4395/4395
f 4395/4395/4395 4398/4398/4398 4399/4399/4399
f 4400/4400/4400 4404/4404/4404 4401/4401/4401
f 4401/4401/4401 4404/4404/4404 4405/4405/4405
f 4401/4401/4401 4405/4405/4405 4402/4402/4402
f 4402/4402/4402 4405/4405/4405 4406/4406/4406
f 4402/4402/4402 4406/4406/4406 4403/4403/4403
f 4403/4403/4403 4406/4406/4406 4407/4407/4407
f 4404/4404/4404 4408/4408/4408 4405/4405/4405
f 4405/4405/4405 4408/4408/4408 4409/4409/4409
f 4405/4405/4405 4409/4409/4409 4406/4406/4406
f 4406/4406/4406 4409/4409/4409 4410/4410/4410
f 4406/4406/4406 4410/4410/4410 4407/4407/4407
f 4407/4407/4407 4410/4410/4410 4411/4411/4411
f 4408/4408/4408 4412/4412/4412 4409/4409/4409
f 4409/4409/4409 4412/4412/4412 4413/4413/4413
f 4409/4409/4409 4413/4413/4413 4410/4410/4410
f 4410/4410/4410 4413/4413/4413 4414/4414/4414
f 4410/4410/4410 4414/4414/4414 4411/4411/4411
f 4411/4411/4411 4414/4414/4414 4415/4415/4415
f 4416/4416/4416 4420/4420/4420 4417/4417/4417
f 4417/4417/4417 4420/4420/4420 4421/4421/4421
f 4417/4417/4417 4421/4421/4421 4418/4418/4418
f 4418/4418/4418 4421/4421/4421 4422/4422/4422
f 4418/4418/4418 4422/4422/4422 4419/4419/4419
f 4419/4419/4419 4422/4422/4422 4423/4423/4423
f 4420/4420/4420 4424/4424/4424 4421/4421/4421
f 4421/4421/4421 4424/4424/4424 4425/4425/4425
f 4421/4421/4421 4425/4425/4425 4422/4422/4422
f 4422/4422/4422 4425/4425/4425 4426/4426/4426
f 4422/4422/4422 4426/4426/4426 4423/4423/4423
f 4423/4423/4423 4426/4426/4426 4427/4427/4427
f 4424/4424/4424 4428/4428/4428 4425/4425/4425
f 4425/4425/4425 4428/4428/4428 4429/4429/4429
f 4425/4425/4425 4429/4429/4429 4426/4426/4426
f 4426/4426/4426 4429/4429/4429 4430/4430/4430
f 4426/4426/4426 4430/4430/4430 4427/4427/4427
f 4427/4427/4427 4430/4430/4430 4431/4431/4431
f 4432/4432/4432 4436/4436/4436 4433/4433/4433
f 4433/4433/4433 4436/4436/4436 4437/4437/4437
f 4433/4433/4433 4437/4437/4437 4434/4434/4434
f 4434/4434/4434 4437/4437/4437 4438/4438/4438
f 4434/4434/4434 4438/4438/4438 4435/4435/4435
f 4435/4435/4435 4438/4438/4438 4439/4439/4439
f 4436/4436/4436 4440/4440/4440 4437/4437/4437
f 4437/4437/4437 4440/4440/4440 4441/4441/4441
f 4437/4437/4437 4441/4441/4441 4438/4438/4438
f 4438/4438/4438 4441/4441/4441 4442/4442/4442
f 4438/4438/4438 4442/4442/4442 4439/4439/4439
f 4439/4439/4439 4442/4442/4442 4443/4443/4443
f 4440/4440/4440 4444/4444/4444 4441/4441/4441
f 4441/4441/4441 4444/4444/4444 4445/4445/4445
f 4441/4441/4441 4445/4445/4445 4442/4442/4442
f 4442/4442/4442 4445/4445/4445 4446/4446/4446
f 4442/4442/4442 4446/4446/4446 4443/4443/4443
f 4443/4443/4443 4446/4446/4446 4447/4447/4447
f 4448/4448/4448 4452/4452/4452 4449/4449/4449
f 4449/4449/4449 4452/4452/4452 4453/4453/4453
f 4449/4449/4449 4453/4453/4453 4450/4450/4450
f 4450/4450/4450 4453/4453/4453 4454/4454/4454
f 4450/4450/4450 4454/4454/4454 4451/4451/4451
f 4451/4451/4451 4454/4454/4454 4455/4455/4455
f 4452/4452/4452 4456/4456/4456 4453/4453/4453
f 4453/4453/4453 4456/4456/4456 4457/4457/4457
f 4453/4453/4453 4457/4457/4457 4454/4454/4454
f 4454/4454/4454 4457/4457/4457 4458/4458/4458
f 4454/4454/4454 4458/4458/4458 4455/4455/4455
f 4455/4455/4455 4458/4458/4458 4459/4459/4459
f 4456/4456/4456 4460/4460/4460 4457/4457/4457
f 4457/4457/4457 4460/4460/4460 4461/4461/4461
f 4457/4457/4457 4461/4461/4461 4458/4458/4458
f 4458/4458/4458 4461/4461/4461 4462/4462/4462
f 4458/4458/4458 4462/4462/4462 4459/4459/4459
f 4459/4459/4459 4462/4462/4462 4463/4463/4463
f 4464/4464/4464 4468/4468/4468 4465/4465/4465
f 4465/4465/4465 4468/4468/4468 4469/4469/4469
f 4465/4465/4465 4469/4469/4469 4466/4466/4466
f 4466/4466/4466 4469/4469/4469 4470/4470/4470
f 4466/4466/4466 4470/4470/4470 4467/4467/4467
f 4467/4467/4467 4470/4470/4470 4471/4471/4471
f 4468/4468/4468 4472/4472/4472 4469/4469/4469
f 4469/4469/4469 4472/4472/4472 4473/4473/4473
f 4469/4469/4469 4473/4473/4473 4470/4470/4470
f 4470/4470/4470 4473/4473/4473 4474/4474/4474
f 4470/4470/4470 4474/4474/4474 4471/4471/4471
f 4471/4471/4471 4474/4474/4474 4475/4475/4475
f 4472/4472/4472 4476/4476/4476 4473/4473/4473
f 4473/4473/4473 4476/4476/4476 4477/4477/4477
f 4473/4473/4473 4477/4477/4477 4474/4474/4474
f 4474/4474/4474 4477/4477/4477 4478/4478/4478
f 4474/4474/4474 4478/4478/4478 4475/4475/4475
f 4475/4475/4475 4478/4478/4478 4479/4479/4479
f 4480/4480/4480 4484/4484/4484 4481/4481/4481
f 4481/4481/4481 4484/4484/4484 4485/4485/4485
f 4481/4481/4481 4485/4485/4485 4482/4482/4482
f 4482/4482/4482 4485/4485/4485 4486/4486/4486
f 4482/4482/4482 4486/4486/4486 4483/4483/4483
f 4483/4483/4483 4486/4486/4486 4487/4487/4487
f 4484/4484/4484 4488/4488/4488 4485/4485/4485
f 4485/4485/4485 4488/4488/4488 4489/4489/4489
f 4485/4485/4485 4489/4489/4489 4486/4486/4486
f 4486/4486/4486 4489/4489/4489 4490/4490/4490
f 4486/4486/4486 4490/4490/4490 4487/4487/4487
f 4487/4487/4487 4490/4490/4490 4491/4491/4491
f 4488/4488/4488 4492/4492/4492 4489/4489/4489
f 4489/4489/4489 4492/4492/4492 4493/4493/4493
f 4489/4489/4489 4493/4493/4493 4490/4490/4490
f 4490/4490/4490 4493/4493/4493 4494/4494/4494
f 4490/4490/4490 4494/4494/4494 4491/4491/4491
f 4491/4491/4491 4494/4494/4494 4495/4495/4495
f 4496/4496/4496 4500/4500/4500 4497/4497/4497
f 4497/4497/4497 4500/4500/4500 4501/4501/4501
f 4497/4497/4497 4501/4501/4501 4498/4498/4498
f 4498/4498/4498 4501/4501/4501 4502/4502/4502
f 4498/4498/4498 4502/4502/4502 4499/4499/4499
f 4499/4499/4499 4502/4502/4502 4503/4503/4503
f 4500/4500/4500 4504/4504/4504 4501/4501/4501
f 4501/4501/4501 4504/4504/4504 4505/4505/4505
f 4501/4501/4501 4505/4505/4505 4502/4502/4502
f 4502/4502/4502 4505/4505/4505 4506/4506/4506
f 4502/4502/4502 4506/4506/4506 4503/4503/4503
f 4503/4503/4503 4506/4506/4506 4507/4507/4507
f 4504/4504/4504 4508/4508/4508 4505/4505/4505
f 4505/4505/4505 4508/4508/4508 4509/4509/4509
f 4505/4505/4505 4509/4509/4509 4506/4506/4506
f 4506/4506/4506 4509/4509/4509 4510/4510/4510
f 4506/4506/4506 4510/4510/4510 4507/4507/4507
f 4507/4507/4507 4510/4510/4510 4511/4511/4511
f 4512/4512/4512 4516/4516/4516 4513/4513/4513
f 4513/4513/4513 4516/4516/4516 4517/4517/4517
f 4513/4513/4513 4517/4517/4517 4514/4514/4514
f 4514/4514/4514 4517/4517/4517 4518/4518/4518
f 4514/4514/4514 4518/4518/4518 4515/4515/4515
f 4515/4515/4515 4518/4518/4518 4519/4519/4519
f 4516/4516/4516 4520/4520/4520 4517/4517/4517
f 4517/4517/4517 4520/4520/4520 4521/4521/4521
f 4517/4517/4517 4521/4521/4521 4518/4518/4518
f 4518/4518/4518 4521/4521/4521 4522/4522/4522
f 4518/4518/4518 4522/4522/4522 4519/4519/4519
f 4519/4519/4519 4522/4522/4522 4523/4523/4523
f 4520/4520/4520 4524/4524/4524 4521/4521/4521
f 4521/4521/4521 4524/4524/4524 4525/4525/4525
f 4521/4521/4521 4525/4525/4525 4522/4522/4522
f 4522/4522/4522 4525/4525/4525 4526/4526/4526
f 4522/4522/4522 4526/4526/4526 4523/4523/4523
f 4523/4523/4523 4526/4526/4526 4527/4527/4527
f 4528/4528/4528 4532/4532/4532 4529/4529/4529
f 4529/4529/4529 4532/4532/4532 4533/4533/4533
f 4529/4529/4529 4533/4533/4533 4530/4530/4530
f 4530/4530/4530 4533/4533/4533 4534/4534/4534
f 4530/4530/4530 4534/4534/4534 4531/4531/4531
f 4531/4531/4531 4534/4534/4534 4535/4535/4535
f 4532/4532/4532 4536/4536/4536 4533/4533/4533
f 4533/4533/4533 4536/4536/4536 4537/4537/4537
f 4533/4533/4533 4537/4537/4537 4534/4534/4534
f 4534/4534/4534 4537/4537/4537 4538/4538/4538
f 4534/4534/4534 4538/4538/4538 4535/4535/4535
f 4535/4535/4535 4538/4538/4538 4539/4539/4539
f 4536/4536/4536 4540/4540/4540 4537/4537/4537
f 4537/4537/4537 4540/4540/4540 4541/4541/4541
f 4537/4537/4537 4541/4541/4541 4538/4538/4538
f 4538/4538/4538 4541/4541/4541 4542/4542/4542
f 4538/4538/4538 4542/4542/4542 4539/4539/4539
f 4539/4539/4539 4542/4542/4542 4543/4543/4543
f 4544/4544/4544 4548/4548/4548 4545/4545/4545
f 4545/4545/4545 4548/4548/4548 4549/4549/4549
f 4545/4545/4545 4549/4549/4549 4546/4546/4546
f 4546/4546/4546 4549/4549/4549 4550/4550/4550
f 4546/4546/4546 4550/4550/4550 4547/4547/4547
f 4547/4547/4547 4550/4550/4550 4551/4551/4551
f 4548/4548/4548 4552/4552/4552 4549/4549/4549
f 4549/4549/4549 4552/4552/4552 4553/4553/4553
f 4549/4549/4549 4553/4553/4553 4550/4550/4550
f 4550/4550/4550 4553/4553/4553 4554/4554/4554
f 4550/4550/4550 4554/4554/4554 4551/4551/4551
f 4551/4551/4551 4554/4554/4554 4555/4555/4555
f 4552/4552/4552 4556/4556/4556 4553/4553/4553
f 4553/4553/4553 4556/4556/4556 4557/4557/4557
f 4553/4553/4553 4557/4557/4557 4554/4554/4554
f 4554/4554/4554 4557/4557/4557 4558/4558/4558
f 4554/4554/4554 4558/4558/4558 4555/4555/4555
f 4555/4555/4555 4558/4558/4558 4559/4559/4559
f 4560/4560/4560 4564/4564/4564 4561/4561/4561
f 4561/4561/4561 4564/4564/4564 4565/4565/4565
f 4561/4561/4561 4565/4565/4565 4562/4562/4562
f 4562/4562/4562 4565/4565/4565 4566/4566/4566
f 4562/4562/4562 4566/4566/4566 4563/4563/4563
f 4563/4563/4563 4566/4566/4566 4567/4567/4567
f 4564/4564/4564 4568/4568/4568 4565/4565/4565
f 4565/4565/4565 4568/4568/4568 4569/4569/4569
f 4565/4565/4565 4569/4569/4569 4566/4566/4566
f 4566/4566/4566 4569/4569/4569 4570/4570/4570
f 4566/4566/4566 4570/4570/4570 4567/4567/4567
f 4567/4567/4567 4570/4570/4570 4571/4571/4571
f 4568/4568/4568 4572/4572/4572 4569/4569/4569
f 4569/4569/4569 4572/4572/4572 4573/4573/4573
f 4569/4569/4569 4573/4573/4573 4570/4570/4570
f 4570/4570/4570 4573/4573/4573 4574/4574/4574
f 4570/4570/4570 4574/4574/4574 4571/4571/4571
f 4571/4571/4571 4574/4574/4574 4575/4575/4575
f 4576/4576/4576 4580/4580/4580 4577/4577/4577
f 4577/4577/4577 4580/4580/4580 4581/4581/4581
f 4577/4577/4577 4581/4581/4581 4578/4578/4578
f 4578/4578/4578 4581/4581/4581 4582/4582/4582
f 4578/4578/4578 4582/4582/4582 4579/4579/4579
f 4579/4579/4579 4582/4582/4582 4583/4583/4583
f 4580/4580/4580 4584/4584/4584 4581/4581/4581
f 4581/4581/4581 4584/4584/4584 4585/4585/4585
f 4581/4581/4581 4585/4585/4585 4582/4582/4582
f 4582/4582/4582 4585/4585/4585 4586/4586/4586
f 4582/4582/4582 4586/4586/4586 4583/4583/4583
f 4583/4583/4583 4586/4586/4586 4587/4587/4587
f 4584/4584/4584 4588/4588/4588 4585/4585/4585
f 4585/4585/4585 4588/4588/4588 4589/4589/4589
f 4585/4585/4585 4589/4589/4589 4586/4586/4586
f 4586/4586/4586 4589/4589/4589 4590/4590/4590
f 4586/4586/4586 4590/4590/4590 4587/4587/4587
f 4587/4587/4587 4590/4590/4590 4591/4591/4591
usemtl Tree_Leaves
f 4592/4592/4592 4593/4593/4593 4594/4594/4594
f 4593/4593/4593 4595/4595/4595 4596/4596/4596
f 4593/4593/4593 4596/4596/4596 4597/4597/4597
f 4593/4593/4593 4597/4597/4597 4598/4598/4598
f 4594/4594/4594 4593/4593/4593 4598/4598/4598
f 4594/4594/4594 4598/4598/4598 4599/4599/4599
f 4594/4594/4594 4599/4599/4599 4600/4600/4600
f 4601/4601/4601 4602/4602/4602 4603/4603/4603
f 4593/4593/4593 4592/4592/4592 4595/4595/4595
f 4598/4598/4598 4597/4597/4597 4602/4602/4602
f 4598/4598/4598 4602/4602/4602 4601/4601/4601
f 4603/4603/4603 4604/4604/4604 4601/4601/4601
f 4604/4604/4604 4599/4599/4599 4598/4598/4598
f 4604/4604/4604 4598/4598/4598 4601/4601/4601
f 4605/4605/4605 4606/4606/4606 4607/4607/4607
f 4606/4606/4606 4608/4608/4608 4609/4609/4609
f 4606/4606/4606 4609/4609/4609 4610/4610/4610
f 4606/4606/4606 4610/4610/4610 4611/4611/4611
f 4607/4607/4607 4606/4606/4606 4611/4611/4611
f 4607/4607/4607 4611/4611/4611 4612/4612/4612
f 4607/4607/4607 4612/4612/4612 4613/4613/4613
f 4614/4614/4614 4615/4615/4615 4616/4616/4616
f 4606/4606/4606 4605/4605/4605 4608/4608/4608
f 4611/4611/4611 4610/4610/4610 4615/4615/4615
f 4611/4611/4611 4615/4615/4615 4614/4614/4614
f 4616/4616/4616 4617/4617/4617 4614/4614/4614
f 4617/4617/4617 4612/4612/4612 4611/4611/4611
f 4617/4617/4617 4611/4611/4611 4614/4614/4614
f 4618/4618/4618 4619/4619/4619 4620/4620/4620
f 4619/4619/4619 4621/4621/4621 4622/4622/4622
f 4619/4619/4619 4622/4622/4622 4623/4623/4623
f 4619/4619/4619 4623/4623/4623 4624/4624/4624
f 4620/4620/4620 4619/4619/4619 4624/4624/4624
f 4620/4620/4620 4624/4624/4624 4625/4625/4625
f 4620/4620/4620 4625/4625/4625 4626/4626/4626
f 4627/4627/4627 4628/4628/4628 4629/4629/4629
f 4619/4619/4619 4618/4618/4618 4621/4621/4621
f 4624/4624/4624 4623/4623/4623 4628/4628/4628
f 4624/4624/4624 4628/4628/4628 4627/4627/4627
f 4629/4629/4629 4630/4630/4630 4627/4627/4627
f 4630/4630/4630 4625/4625/4625 4624/4624/4624
f 4630/4630/4630 4624/4624/4624 4627/4627/4627
f 4631/4631/4631 4632/4632/4632 4633/4633/4633
f 4632/4632/4632 4634/4634/4634 4635/4635/4635
f 4632/4632/4632 4635/4635/4635 4636/4636/4636
f 4632/4632/4632 4636/4636/4636 4637/4637/4637
f 4633/4633/4633 4632/4632/4632 4637/4637/4637
f 4633/4633/4633 4637/4637/4637 4638/4638/4638
f 4633/4633/4633 4638/4638/4638 4639/4639/4639
f 4640/4640/4640 4641/4641/4641 4642/4642/4642
f 4632/4632/4632 4631/4631/4631 4634/4634/4634
f 4637/4637/4637 4636/4636/4636 4641/4641/4641
f 4637/4637/4637 4641/4641/4641 4640/4640/4640
f 4642/4642/4642 4643/4643/4643 4640/4640/4640
f 4643/4643/4643 4638/4638/4638 4637/4637/4637
f 4643/4643/4643 4637/4637/4637 4640/4640/4640
f 4644/4644/4644 4645/4645/4645 4646/4646/4646
f 4645/4645/4645 4647/4647/4647 4648/4648/4648
f 4645/4645/4645 4648/4648/4648 4649/4649/4649
f 4645/4645/4645 4649/4649/4649 4650/4650/4650
f 4646/4646/4646 4645/4645/4645 4650/4650/4650
f 4646/4646/4646 4650/4650/4650 4651/4651/4651
f 4646/4646/4646 4651/4651/4651 4652/4652/4652
f 4653/4653/4653 4654/4654/4654 4655/4655/4655
f 4645/4645/4645 4644/4644/4644 4647/4647/4647
f 4650/4650/4650 4649/4649/4649 4654/4654/4654
f 4650/4650/4650 4654/4654/4654 4653/4653/4653
f 4655/4655/4655 4656/4656/4656 4653/4653/4653
f 4656/4656/4656 4651/4651/4651 4650/4650/4650
f 4656/4656/4656 4650/4650/4650 4653/4653/4653
f 4657/4657/4657 4658/4658/4658 4659/4659/4659
f 4658/4658/4658 4660/4660/4660 4661/4661/4661
f 4658/4658/4658 4661/4661/4661 4662/4662/4662
f 4658/4658/4658 4662/4662/4662 4663/4663/4663
f 4659/4659/4659 4658/4658/4658 4663/4663/4663
f 4659/4659/4659 4663/4663/4663 4664/4664/4664
f 4659/4659/4659 4664/4664/4664 4665/4665/4665
f 4666/4666/4666 4667/4667/4667 4668/4668/4668
f 4658/4658/4658 4657/4657/4657 4660/4660/4660
f 4663/4663/4663 4662/4662/4662 4667/4667/4667
f 4663/4663/4663 4667/4667/4667 4666/4666/4666
f 4668/4668/4668 4669/4669/4669 4666/4666/4666
f 4669/4669/4669 4664/4664/4664 4663/4663/4663
f 4669/4669/4669 4663/4663/4663 4666/4666/4666
f 4670/4670/4670 4671/4671/4671 4672/4672/4672
f 4671/4671/4671 4673/4673/4673 4674/4674/4674
f 4671/4671/4671 4674/4674/4674 4675/4675/4675
f 4671/4671/4671 4675/4675/4675 4676/4676/4676
f 4672/4672/4672 4671/4671/4671 4676/4676/4676
f 4672/4672/4672 4676/4676/4676 4677/4677/4677
f 4672/4672/4672 4677/4677/4677 4678/4678/4678
f 4679/4679/4679 4680/4680/4680 4681/4681/4681
f 4671/4671/4671 4670/4670/4670 4673/4673/4673
f 4676/4676/4676 4675/4675/4675 4680/4680/4680
f 4676/4676/4676 4680/4680/4680 4679/4679/4679
f 4681/4681/4681 4682/4682/4682 4679/4679/4679
f 4682/4682/4682 4677/4677/4677 4676/4676/4676
f 4682/4682/4682 4676/4676/4676 4679/4679/4679
f 4683/4683/4683 4684/4684/4684 4685/4685/4685
f 4684/4684/4684 4686/4686/4686 4687/4687/4687
f 4684/4684/4684 4687/4687/4687 4688/4688/4688
f 4684/4684/4684 4688/4688/4688 4689/4689/4689
f 4685/4685/4685 4684/4684/4684 4689/4689/4689
f 4685/4685/4685 4689/4689/4689 4690/4690/4690
f 4685/4685/4685 4690/4690/4690 4691/4691/4691
f 4692/4692/4692 4693/4693/4693 4694/4694/4694
f 4684/4684/4684 4683/4683/4683 4686/4686/4686
f 4689/4689/4689 4688/4688/4688 4693/4693/4693
f 4689/4689/4689 4693/4693/4693 4692/4692/4692
f 4694/4694/4694 4695/4695/4695 4692/4692/4692
f 4695/4695/4695 4690/4690/4690 4689/4689/4689
f 4695/4695/4695 4689/4689/4689 4692/4692/4692
f 4696/4696/4696 4697/4697/4697 4698/4698/4698
f 4696/4696/4696 4698/4698/4698 4699/4699/4699
f 4700/4700/4700 4701/4701/4701 4702/4702/4702
f 4700/4700/4700 4702/4702/4702 4703/4703/4703
f 4699/4699/4699 4698/4698/4698 4704/4704/4704
f 4699/4699/4699 4704/4704/4704 4705/4705/4705
f 4706/4706/4706 4707/4707/4707 4708/4708/4708
f 4706/4706/4706 4708/4708/4708 4701/4701/4701
f 4709/4709/4709 4710/4710/4710 4711/4711/4711
f 4701/4701/4701 4708/4708/4708 4712/4712/4712
f 4701/4701/4701 4712/4712/4712 4702/4702/4702
f 4713/4713/4713 4706/4706/4706 4701/4701/4701
f 4713/4713/4713 4701/4701/4701 4700/4700/4700
f 4710/4710/4710 4714/4714/4714 4715/4715/4715
f 4710/4710/4710 4715/4715/4715 4697/4697/4697
f 4711/4711/4711 4710/4710/4710 4697/4697/4697
f 4711/4711/4711 4697/4697/4697 4696/4696/4696
f 4698/4698/4698 4716/4716/4716 4717/4717/4717
f 4698/4698/4698 4717/4717/4717 4704/4704/4704
f 4710/4710/4710 4709/4709/4709 4714/4714/4714
f 4697/4697/4697 4715/4715/4715 4716/4716/4716
f 4697/4697/4697 4716/4716/4716 4698/4698/4698
f 4704/4704/4704 4706/4706/4706 4713/4713/4713
f 4704/4704/4704 4713/4713/4713 4705/4705/4705
f 4717/4717/4717 4707/4707/4707 4706/4706/4706
f 4717/4717/4717 4706/4706/4706 4704/4704/4704
f 4718/4718/4718 4719/4719/4719 4720/4720/4720
f 4718/4718/4718 4720/4720/4720 4721/4721/4721
f 4722/4722/4722 4723/4723/4723 4724/4724/4724
f 4722/4722/4722 4724/4724/4724 4725/4725/4725
f 4721/4721/4721 4720/4720/4720 4726/4726/4726
f 4721/4721/4721 4726/4726/4726 4727/4727/4727
f 4728/4728/4728 4729/4729/4729 4730/4730/4730
f 4728/4728/4728 4730/4730/4730 4723/4723/4723
f 4731/4731/4731 4732/4732/4732 4733/4733/4733
f 4723/4723/4723 4730/4730/4730 4734/4734/4734
f 4723/4723/4723 4734/4734/4734 4724/4724/4724
f 4735/4735/4735 4728/4728/4728 4723/4723/4723
f 4735/4735/4735 4723/4723/4723 4722/4722/4722
f 4732/4732/4732 4736/4736/4736 4737/4737/4737
f 4732/4732/4732 4737/4737/4737 4719/4719/4719
f 4733/4733/4733 4732/4732/4732 4719/4719/4719
f 4733/4733/4733 4719/4719/4719 4718/4718/4718
f 4720/4720/4720 4738/4738/4738 4739/4739/4739
f 4720/4720/4720 4739/4739/4739 4726/4726/4726
f 4732/4732/4732 4731/4731/4731 4736/4736/4736
f 4719/4719/4719 4737/4737/4737 4738/4738/4738
f 4719/4719/4719 4738/4738/4738 4720/4720/4720
f 4726/4726/4726 4728/4728/4728 4735/4735/4735
f 4726/4726/4726 4735/4735/4735 4727/4727/4727
f 4739/4739/4739 4729/4729/4729 4728/4728/4728
f 4739/4739/4739 4728/4728/4728 4726/4726/4726
f 4740/4740/4740 4741/4741/4741 4742/4742/4742
f 4740/4740/4740 4742/4742/4742 4743/4743/4743
f 4744/4744/4744 4745/4745/4745 4746/4746/4746
f 4744/4744/4744 4746/4746/4746 4747/4747/4747
f 4743/4743/4743 4742/4742/4742 4748/4748/4748
f 4743/4743/4743 4748/4748/4748 4749/4749/4749
f 4750/4750/4750 4751/4751/4751 4752/4752/4752
f 4750/4750/4750 4752/4752/4752 4745/4745/4745
f 4753/4753/4753 4754/4754/4754 4755/4755/4755
f 4745/4745/4745 4752/4752/4752 4756/4756/4756
f 4745/4745/4745 4756/4756/4756 4746/4746/4746
f 4757/4757/4757 4750/4750/4750 4745/4745/4745
f 4757/4757/4757 4745/4745/4745 4744/4744/4744
f 4754/4754/4754 4758/4758/4758 4759/4759/4759
f 4754/4754/4754 4759/4759/4759 4741/4741/4741
f 4755/4755/4755 4754/4754/4754 4741/4741/4741
f 4755/4755/4755 4741/4741/4741 4740/4740/4740
f 4742/4742/4742 4760/4760/4760 4761/4761/4761
f 4742/4742/4742 4761/4761/4761 4748/4748/4748
f 4754/4754/4754 4753/4753/4753 4758/4758/4758
f 4741/4741/4741 4759/4759/4759 4760/4760/4760
f 4741/4741/4741 4760/4760/4760 4742/4742/4742
f 4748/4748/4748 4750/4750/4750 4757/4757/4757
f 4748/4748/4748 4757/4757/4757 4749/4749/4749
f 4761/4761/4761 4751/4751/4751 4750/4750/4750
f 4761/4761/4761 4750/4750/4750 4748/4748/4748
f 4762/4762/4762 4763/4763/4763 4764/4764/4764
f 4762/4762/4762 4764/4764/4764 4765/4765/4765
f 4766/4766/4766 4767/4767/4767 4768/4768/4768
f 4766/4766/4766 4768/4768/4768 4769/4769/4769
f 4765/4765/4765 4764/4764/4764 4770/4770/4770
f 4765/4765/4765 4770/4770/4770 4771/4771/4771
f 4772/4772/4772 4773/4773/4773 4774/4774/4774
f 4772/4772/4772 4774/4774/4774 4767/4767/4767
f 4775/4775/4775 4776/4776/4776 4777/4777/4777
f 4767/4767/4767 4774/4774/4774 4778/4778/4778
f 4767/4767/4767 4778/4778/4778 4768/4768/4768
f 4779/4779/4779 4772/4772/4772 4767/4767/4767
f 4779/4779/4779 4767/4767/4767 4766/4766/4766
f 4776/4776/4776 4780/4780/4780 4781/4781/4781
f 4776/4776/4776 4781/4781/4781 4763/4763/4763
f 4777/4777/4777 4776/4776/4776 4763/4763/4763
f 4777/4777/4777 4763/4763/4763 4762/4762/4762
f 4764/4764/4764 4782/4782/4782 4783/4783/4783
f 4764/4764/4764 4783/4783/4783 4770/4770/4770
f 4776/4776/4776 4775/4775/4775 4780/4780/4780
f 4763/4763/4763 4781/4781/4781 4782/4782/4782
f 4763/4763/4763 4782/4782/4782 4764/4764/4764
f 4770/4770/4770 4772/4772/4772 4779/4779/4779
f 4770/4770/4770 4779/4779/4779 4771/4771/4771
f 4783/4783/4783 4773/4773/4773 4772/4772/4772
f 4783/4783/4783 4772/4772/4772 4770/4770/4770
f 4784/4784/4784 4785/4785/4785 4786/4786/4786
f 4784/4784/4784 4786/4786/4786 4787/4787/4787
f 4788/4788/4788 4789/4789/4789 4790/4790/4790
f 4788/4788/4788 4790/4790/4790 4791/4791/4791
f 4785/4785/4785 4792/4792/4792 4793/4793/4793
f 4785/4785/4785 4793/4793/4793 4786/4786/4786
f 4794/4794/4794 4791/4791/4791 4795/4795/4795
f 4794/4794/4794 4795/4795/4795 4796/4796/4796
f 4797/4797/4797 4798/4798/4798 4799/4799/4799
f 4791/4791/4791 4790/4790/4790 4800/4800/4800
f 4791/4791/4791 4800/4800/4800 4795/4795/4795
f 4801/4801/4801 4788/4788/4788 4791/4791/4791
f 4801/4801/4801 4791/4791/4791 4794/4794/4794
f 4799/4799/4799 4787/4787/4787 4802/4802/4802
f 4799/4799/4799 4802/4802/4802 4803/4803/4803
f 4798/4798/4798 4784/4784/4784 4787/4787/4787
f 4798/4798/4798 4787/4787/4787 4799/4799/4799
f 4786/4786/4786 4793/4793/4793 4804/4804/4804
f 4786/4786/4786 4804/4804/4804 4805/4805/4805
f 4799/4799/4799 4803/4803/4803 4797/4797/4797
f 4787/4787/4787 4786/4786/4786 4805/4805/4805
f 4787/4787/4787 4805/4805/4805 4802/4802/4802
f 4793/4793/4793 4792/4792/4792 4801/4801/4801
f 4793/4793/4793 4801/4801/4801 4794/4794/4794
f 4804/4804/4804 4793/4793/4793 4794/4794/4794
f 4804/4804/4804 4794/4794/4794 4796/4796/4796
f 4806/4806/4806 4807/4807/4807 4808/4808/4808
f 4806/4806/4806 4808/4808/4808 4809/4809/4809
f 4810/4810/4810 4811/4811/4811 4812/4812/4812
f 4810/4810/4810 4812/4812/4812 4813/4813/4813
f 4809/4809/4809 4808/4808/4808 4814/4814/4814
f 4809/4809/4809 4814/4814/4814 4815/4815/4815
f 4816/4816/4816 4817/4817/4817 4818/4818/4818
f 4816/4816/4816 4818/4818/4818 4811/4811/4811
f 4819/4819/4819 4820/4820/4820 4821/4821/4821
f 4811/4811/4811 4818/4818/4818 4822/4822/4822
f 4811/4811/4811 4822/4822/4822 4812/4812/4812
f 4823/4823/4823 4816/4816/4816 4811/4811/4811
f 4823/4823/4823 4811/4811/4811 4810/4810/4810
f 4820/4820/4820 4824/4824/4824 4825/4825/4825
f 4820/4820/4820 4825/4825/4825 4807/4807/4807
f 4821/4821/4821 4820/4820/4820 4807/4807/4807
f 4821/4821/4821 4807/4807/4807 4806/4806/4806
f 4808/4808/4808 4826/4826/4826 4827/4827/4827
f 4808/4808/4808 4827/4827/4827 4814/4814/4814
f 4820/4820/4820 4819/4819/4819 4824/4824/4824
f 4807/4807/4807 4825/4825/4825 4826/4826/4826
f 4807/4807/4807 4826/4826/4826 4808/4808/4808
f 4814/4814/4814 4816/4816/4816 4823/4823/4823
f 4814/4814/4814 4823/4823/4823 4815/4815/4815
f 4827/4827/4827 4817/4817/4817 4816/4816/4816
f 4827/4827/4827 4816/4816/4816 4814/4814/4814
f 4828/4828/4828 4829/4829/4829 4830/4830/4830
f 4828/4828/4828 4830/4830/4830 4831/4831/4831
f 4832/4832/4832 4833/4833/4833 4834/4834/4834
f 4832/4832/4832 4834/4834/4834 4835/4835/4835
f 4831/4831/4831 4830/4830/4830 4836/4836/4836
f 4831/4831/4831 4836/4836/4836 4837/4837/4837
f 4838/4838/4838 4839/4839/4839 4840/4840/4840
f 4838/4838/4838 4840/4840/4840 4833/4833/4833
f 4841/4841/4841 4842/4842/4842 4843/4843/4843
f 4833/4833/4833 4840/4840/4840 4844/4844/4844
f 4833/4833/4833 4844/4844/4844 4834/4834/4834
f 4845/4845/4845 4838/4838/4838 4833/4833/4833
f 4845/4845/4845 4833/4833/4833 4832/4832/4832
f 4842/4842/4842 4846/4846/4846 4847/4847/4847
f 4842/4842/4842 4847/4847/4847 4829/4829/4829
f 4843/4843/4843 4842/4842/4842 4829/4829/4829
f 4843/4843/4843 4829/4829/4829 4828/4828/4828
f 4830/4830/4830 4848/4848/4848 4849/4849/4849
f 4830/4830/4830 4849/4849/4849 4836/4836/4836
f 4842/4842/4842 4841/4841/4841 4846/4846/4846
f 4829/4829/4829 4847/4847/4847 4848/4848/4848
f 4829/4829/4829 4848/4848/4848 4830/4830/4830
f 4836/4836/4836 4838/4838/4838 4845/4845/4845
f 4836/4836/4836 4845/4845/4845 4837/4837/4837
f 4849/4849/4849 4839/4839/4839 4838/4838/4838
f 4849/4849/4849 4838/4838/4838 4836/4836/4836
f 4850/4850/4850 4851/4851/4851 4852/4852/4852
f 4850/4850/4850 4852/4852/4852 4853/4853/4853
f 4854/4854/4854 4855/4855/4855 4856/4856/4856
f 4854/4854/4854 4856/4856/4856 4857/4857/4857
f 4853/4853/4853 4852/4852/4852 4858/4858/4858
f 4853/4853/4853 4858/4858/4858 4859/4859/4859
f 4860/4860/4860 4861/4861/4861 4862/4862/4862
f 4860/4860/4860 4862/4862/4862 4855/4855/4855
f 4863/4863/4863 4864/4864/4864 4865/4865/4865
f 4855/4855/4855 4862/4862/4862 4866/4866/4866
f 4855/4855/4855 4866/4866/4866 4856/4856/4856
f 4867/4867/4867 4860/4860/4860 4855/4855/4855
f 4867/4867/4867 4855/4855/4855 4854/4854/4854
f 4864/4864/4864 4868/4868/4868 4869/4869/4869
f 4864/4864/4864 4869/4869/4869 4851/4851/4851
f 4865/4865/4865 4864/4864/4864 4851/4851/4851
f 4865/4865/4865 4851/4851/4851 4850/4850/4850
f 4852/4852/4852 4870/4870/4870 4871/4871/4871
f 4852/4852/4852 4871/4871/4871 4858/4858/4858
f 4864/4864/4864 4863/4863/4863 4868/4868/4868
f 4851/4851/4851 4869/4869/4869 4870/4870/4870
f 4851/4851/4851 4870/4870/4870 4852/4852/4852
f 4858/4858/4858 4860/4860/4860 4867/4867/4867
f 4858/4858/4858 4867/4867/4867 4859/4859/4859
f 4871/4871/4871 4861/4861/4861 4860/4860/4860
f 4871/4871/4871 4860/4860/4860 4858/4858/4858
f 4872/4872/4872 4873/4873/4873 4874/4874/4874
f 4872/4872/4872 4874/4874/4874 4875/4875/4875
f 4876/4876/4876 4877/4877/4877 4878/4878/4878
f 4876/4876/4876 4878/4878/4878 4879/4879/4879
f 4875/4875/4875 4874/4874/4874 4880/4880/4880
f 4875/4875/4875 4880/4880/4880 4881/4881/4881
f 4882/4882/4882 4883/4883/4883 4884/4884/4884
f 4882/4882/4882 4884/4884/4884 4877/4877/4877
f 4885/4885/4885 4886/4886/4886 4887/4887/4887
f 4877/4877/4877 4884/4884/4884 4888/4888/4888
f 4877/4877/4877 4888/4888/4888 4878/4878/4878
f 4889/4889/4889 4882/4882/4882 4877/4877/4877
f 4889/4889/4889 4877/4877/4877 4876/4876/4876
f 4886/4886/4886 4890/4890/4890 4891/4891/4891
f 4886/4886/4886 4891/4891/4891 4873/4873/4873
f 4887/4887/4887 4886/4886/4886 4873/4873/4873
f 4887/4887/4887 4873/4873/4873 4872/4872/4872
f 4874/4874/4874 4892/4892/4892 4893/4893/4893
f 4874/4874/4874 4893/4893/4893 4880/4880/4880
f 4886/4886/4886 4885/4885/4885 4890/4890/4890
f 4873/4873/4873 4891/4891/4891 4892/4892/4892
f 4873/4873/4873 4892/4892/4892 4874/4874/4874
f 4880/4880/4880 4882/4882/4882 4889/4889/4889
f 4880/4880/4880 4889/4889/4889 4881/4881/4881
f 4893/4893/4893 4883/4883/4883 4882/4882/4882
f 4893/4893/4893 4882/4882/4882 4880/4880/4880
f 4894/4894/4894 4895/4895/4895 4896/4896/4896
f 4894/4894/4894 4896/4896/4896 4897/4897/4897
f 4898/4898/4898 4899/4899/4899 4900/4900/4900
f 4898/4898/4898 4900/4900/4900 4901/4901/4901
f 4895/4895/4895 4902/4902/4902 4903/4903/4903
f 4895/4895/4895 4903/4903/4903 4896/4896/4896
f 4904/4904/4904 4901/4901/4901 4905/4905/4905
f 4904/4904/4904 4905/4905/4905 4906/4906/4906
f 4907/4907/4907 4908/4908/4908 4909/4909/4909
f 4901/4901/4901 4900/4900/4900 4910/4910/4910
f 4901/4901/4901 4910/4910/4910 4905/4905/4905
f 4911/4911/4911 4898/4898/4898 4901/4901/4901
f 4911/4911/4911 4901/4901/4901 4904/4904/4904
f 4909/4909/4909 4897/4897/4897 4912/4912/4912
f 4909/4909/4909 4912/4912/4912 4913/4913/4913
f 4908/4908/4908 4894/4894/4894 4897/4897/4897
f 4908/4908/4908 4897/4897/4897 4909/4909/4909
f 4896/4896/4896 4903/4903/4903 4914/4914/4914
f 4896/4896/4896 4914/4914/4914 4915/4915/4915
f 4909/4909/4909 4913/4913/4913 4907/4907/4907
f 4897/4897/4897 4896/4896/4896 4915/4915/4915
f 4897/4897/4897 4915/4915/4915 4912/4912/4912
f 4903/4903/4903 4902/4902/4902 4911/4911/4911
f 4903/4903/4903 4911/4911/4911 4904/4904/4904
f 4914/4914/4914 4903/4903/4903 4904/4904/4904
f 4914/4914/4914 4904/4904/4904 4906/4906/4906
f 4916/4916/4916 4917/4917/4917 4918/4918/4918
f 4916/4916/4916 4918/4918/4918 4919/4919/4919
f 4920/4920/4920 4921/4921/4921 4922/4922/4922
f 4920/4920/4920 4922/4922/4922 4923/4923/4923
f 4919/4919/4919 4918/4918/4918 4924/4924/4924
f 4919/4919/4919 4924/4924/4924 4925/4925/4925
f 4926/4926/4926 4927/4927/4927 4928/4928/4928
f 4926/4926/4926 4928/4928/4928 4921/4921/4921
f 4929/4929/4929 4930/4930/4930 4931/4931/4931
f 4921/4921/4921 4928/4928/4928 4932/4932/4932
f 4921/4921/4921 4932/4932/4932 4922/4922/4922
f 4933/4933/4933 4926/4926/4926 4921/4921/4921
f 4933/4933/4933 4921/4921/4921 4920/4920/4920
f 4930/4930/4930 4934/4934/4934 4935/4935/4935
f 4930/4930/4930 4935/4935/4935 4917/4917/4917
f 4931/4931/4931 4930/4930/4930 4917/4917/4917
f 4931/4931/4931 4917/4917/4917 4916/4916/4916
f 4918/4918/4918 4936/4936/4936 4937/4937/4937
f 4918/4918/4918 4937/4937/4937 4924/4924/4924
f 4930/4930/4930 4929/4929/4929 4934/4934/4934
f 4917/4917/4917 4935/4935/4935 4936/4936/4936
f 4917/4917/4917 4936/4936/4936 4918/4918/4918
f 4924/4924/4924 4926/4926/4926 4933/4933/4933
f 4924/4924/4924 4933/4933/4933 4925/4925/4925
f 4937/4937/4937 4927/4927/4927 4926/4926/4926
f 4937/4937/4937 4926/4926/4926 4924/4924/4924
f 4938/4938/4938 4939/4939/4939 4940/4940/4940
f 4938/4938/4938 4940/4940/4940 4941/4941/4941
f 4942/4942/4942 4943/4943/4943 4944/4944/4944
f 4942/4942/4942 4944/4944/4944 4945/4945/4945
f 4941/4941/4941 4940/4940/4940 4946/4946/4946
f 4941/4941/4941 4946/4946/4946 4947/4947/4947
f 4948/4948/4948 4949/4949/4949 4950/4950/4950
f 4948/4948/4948 4950/4950/4950 4943/4943/4943
f 4951/4951/4951 4952/4952/4952 4953/4953/4953
f 4943/4943/4943 4950/4950/4950 4954/4954/4954
f 4943/4943/4943 4954/4954/4954 4944/4944/4944
f 4955/4955/4955 4948/4948/4948 4943/4943/4943
f 4955/4955/4955 4943/4943/4943 4942/4942/4942
f 4952/4952/4952 4956/4956/4956 4957/4957/4957
f 4952/4952/4952 4957/4957/4957 4939/4939/4939
f 4953/4953/4953 4952/4952/4952 4939/4939/4939
f 4953/4953/4953 4939/4939/4939 4938/4938/4938
f 4940/4940/4940 4958/4958/4958 4959/4959/4959
f 4940/4940/4940 4959/4959/4959 4946/4946/4946
f 4952/4952/4952 4951/4951/4951 4956/4956/4956
f 4939/4939/4939 4957/4957/4957 4958/4958/4958
f 4939/4939/4939 4958/4958/4958 4940/4940/4940
f 4946/4946/4946 4948/4948/4948 4955/4955/4955
f 4946/4946/4946 4955/4955/4955 4947/4947/4947
f 4959/4959/4959 4949/4949/4949 4948/4948/4948
f 4959/4959/4959 4948/4948/4948 4946/4946/4946
f 4960/4960/4960 4961/4961/4961 4962/4962/4962
f 4960/4960/4960 4962/4962/4962 4963/4963/4963
f 4964/4964/4964 4965/4965/4965 4966/4966/4966
f 4964/4964/4964 4966/4966/4966 4967/4967/4967
f 4963/4963/4963 4962/4962/4962 4968/4968/4968
f 4963/4963/4963 4968/4968/4968 4969/4969/4969
f 4970/4970/4970 4971/4971/4971 4972/4972/4972
f 4970/4970/4970 4972/4972/4972 4965/4965/4965
f 4973/4973/4973 4974/4974/4974 4975/4975/4975
f 4965/4965/4965 4972/4972/4972 4976/4976/4976
f 4965/4965/4965 4976/4976/4976 4966/4966/4966
f 4977/4977/4977 4970/4970/4970 4965/4965/4965
f 4977/4977/4977 4965/4965/4965 4964/4964/4964
f 4974/4974/4974 4978/4978/4978 4979/4979/4979
f 4974/4974/4974 4979/4979/4979 4961/4961/4961
f 4975/4975/4975 4974/4974/4974 4961/4961/4961
f 4975/4975/4975 4961/4961/4961 4960/4960/4960
f 4962/4962/4962 4980/4980/4980 4981/4981/4981
f 4962/4962/4962 4981/4981/4981 4968/4968/4968
f 4974/4974/4974 4973/4973/4973 4978/4978/4978
f 4961/4961/4961 4979/4979/4979 4980/4980/4980
f 4961/4961/4961 4980/4980/4980 4962/4962/4962
f 4968/4968/4968 4970/4970/4970 4977/4977/4977
f 4968/4968/4968 4977/4977/4977 4969/4969/4969
f 4981/4981/4981 4971/4971/4971 4970/4970/4970
f 4981/4981/4981 4970/4970/4970 4968/4968/4968
f 4982/4982/4982 4983/4983/4983 4984/4984/4984
f 4982/4982/4982 4984/4984/4984 4985/4985/4985
f 4986/4986/4986 4987/4987/4987 4988/4988/4988
f 4986/4986/4986 4988/4988/4988 4989/4989/4989
f 4985/4985/4985 4984/4984/4984 4990/4990/4990
f 4985/4985/4985 4990/4990/4990 4991/4991/4991
f 4992/4992/4992 4993/4993/4993 4994/4994/4994
f 4992/4992/4992 4994/4994/4994 4987/4987/4987
f 4995/4995/4995 4996/4996/4996 4997/4997/4997
f 4987/4987/4987 4994/4994/4994 4998/4998/4998
f 4987/4987/4987 4998/4998/4998 4988/4988/4988
f 4999/4999/4999 4992/4992/4992 4987/4987/4987
f 4999/4999/4999 4987/4987/4987 4986/4986/4986
f 4996/4996/4996 5000/5000/5000 5001/5001/5001
f 4996/4996/4996 5001/5001/5001 4983/4983/4983
f 4997/4997/4997 4996/4996/4996 4983/4983/4983
f 4997/4997/4997 4983/4983/4983 4982/4982/4982
f 4984/4984/4984 5002/5002/5002 5003/5003/5003
f 4984/4984/4984 5003/5003/5003 4990/4990/4990
f 4996/4996/4996 4995/4995/4995 5000/5000/5000
f 4983/4983/4983 5001/5001/5001 5002/5002/5002
f 4983/4983/4983 5002/5002/5002 4984/4984/4984
f 4990/4990/4990 4992/4992/4992 4999/4999/4999
f 4990/4990/4990 4999/4999/4999 4991/4991/4991
f 5003/5003/5003 4993/4993/4993 4992/4992/4992
f 5003/5003/5003 4992/4992/4992 4990/4990/4990
f 5004/5004/5004 5005/5005/5005 5006/5006/5006
f 5004/5004/5004 5006/5006/5006 5007/5007/5007
f 5008/5008/5008 5009/5009/5009 5010/5010/5010
f 5008/5008/5008 5010/5010/5010 5011/5011/5011
f 5005/5005/5005 5012/5012/5012 5013/5013/5013
f 5005/5005/5005 5013/5013/5013 5006/5006/5006
f 5014/5014/5014 5011/5011/5011 5015/5015/5015
f 5014/5014/5014 5015/5015/5015 5016/5016/5016
f 5017/5017/5017 5018/5018/5018 5019/5019/5019
f 5011/5011/5011 5010/5010/5010 5020/5020/5020
f 5011/5011/5011 5020/5020/5020 5015/5015/5015
f 5021/5021/5021 5008/5008/5008 5011/5011/5011
f 5021/5021/5021 5011/5011/5011 5014/5014/5014
f 5019/5019/5019 5007/5007/5007 5022/5022/5022
f 5019/5019/5019 5022/5022/5022 5023/5023/5023
f 5018/5018/5018 5004/5004/5004 5007/5007/5007
f 5018/5018/5018 5007/5007/5007 5019/5019/5019
f 5006/5006/5006 5013/5013/5013 5024/5024/5024
f 5006/5006/5006 5024/5024/5024 5025/5025/5025
f 5019/5019/5019 5023/5023/5023 5017/5017/5017
f 5007/5007/5007 5006/5006/5006 5025/5025/5025
f 5007/5007/5007 5025/5025/5025 5022/5022/5022
f 5013/5013/5013 5012/5012/5012 5021/5021/5021
f 5013/5013/5013 5021/5021/5021 5014/5014/5014
f 5024/5024/5024 5013/5013/5013 5014/5014/5014
f 5024/5024/5024 5014/5014/5014 5016/5016/5016
f 5026/5026/5026 5027/5027/5027 5028/5028/5028
f 5026/5026/5026 5028/5028/5028 5029/5029/5029
f 5030/5030/5030 5031/5031/5031 5032/5032/5032
f 5030/5030/5030 5032/5032/5032 5033/5033/5033
f 5029/5029/5029 5028/5028/5028 5034/5034/5034
f 5029/5029/5029 5034/5034/5034 5035/5035/5035
f 5036/5036/5036 5037/5037/5037 5038/5038/5038
f 5036/5036/5036 5038/5038/5038 5031/5031/5031
f 5039/5039/5039 5040/5040/5040 5041/5041/5041
f 5031/5031/5031 5038/5038/5038 5042/5042/5042
f 5031/5031/5031 5042/5042/5042 5032/5032/5032
f 5043/5043/5043 5036/5036/5036 5031/5031/5031
f 5043/5043/5043 5031/5031/5031 5030/5030/5030
f 5040/5040/5040 5044/5044/5044 5045/5045/5045
f 5040/5040/5040 5045/5045/5045 5027/5027/5027
f 5041/5041/5041 5040/5040/5040 5027/5027/5027
f 5041/5041/5041 5027/5027/5027 5026/5026/5026
f 5028/5028/5028 5046/5046/5046 5047/5047/5047
f 5028/5028/5028 5047/5047/5047 5034/5034/5034
f 5040/5040/5040 5039/5039/5039 5044/5044/5044
f 5027/5027/5027 5045/5045/5045 5046/5046/5046
f 5027/5027/5027 5046/5046/5046 5028/5028/5028
f 5034/5034/5034 5036/5036/5036 5043/5043/5043
f 5034/5034/5034 5043/5043/5043 5035/5035/5035
f 5047/5047/5047 5037/5037/5037 5036/5036/5036
f 5047/5047/5047 5036/5036/5036 5034/5034/5034
f 5048/5048/5048 5049/5049/5049 5050/5050/5050
f 5048/5048/5048 5050/5050/5050 5051/5051/5051
f 5052/5052/5052 5053/5053/5053 5054/5054/5054
f 5052/5052/5052 5054/5054/5054 5055/5055/5055
f 5051/5051/5051 5050/5050/5050 5056/5056/5056
f 5051/5051/5051 5056/5056/5056 5057/5057/5057
f 5058/5058/5058 5059/5059/5059 5060/5060/5060
f 5058/5058/5058 5060/5060/5060 5053/5053/5053
f 5061/5061/5061 5062/5062/5062 5063/5063/5063
f 5053/5053/5053 5060/5060/5060 5064/5064/5064
f 5053/5053/5053 5064/5064/5064 5054/5054/5054
f 5065/5065/5065 5058/5058/5058 5053/5053/5053
f 5065/5065/5065 5053/5053/5053 5052/5052/5052
f 5062/5062/5062 5066/5066/5066 5067/5067/5067
f 5062/5062/5062 5067/5067/5067 5049/5049/5049
f 5063/5063/5063 5062/5062/5062 5049/5049/5049
f 5063/5063/5063 5049/5049/5049 5048/5048/5048
f 5050/5050/5050 5068/5068/5068 5069/5069/5069
f 5050/5050/5050 5069/5069/5069 5056/5056/5056
f 5062/5062/5062 5061/5061/5061 5066/5066/5066
f 5049/5049/5049 5067/5067/5067 5068/5068/5068
f 5049/5049/5049 5068/5068/5068 5050/5050/5050
f 5056/5056/5056 5058/5058/5058 5065/5065/5065
f 5056/5056/5056 5065/5065/5065 5057/5057/5057
f 5069/5069/5069 5059/5059/5059 5058/5058/5058
f 5069/5069/5069 5058/5058/5058 5056/5056/5056
f 5070/5070/5070 5071/5071/5071 5072/5072/5072
f 5070/5070/5070 5072/5072/5072 5073/5073/5073
f 5074/5074/5074 5075/5075/5075 5076/5076/5076
f 5074/5074/5074 5076/5076/5076 5077/5077/5077
f 5073/5073/5073 5072/5072/5072 5078/5078/5078
f 5073/5073/5073 5078/5078/5078 5079/5079/5079
f 5080/5080/5080 5081/5081/5081 5082/5082/5082
f 5080/5080/5080 5082/5082/5082 5075/5075/5075
f 5083/5083/5083 5084/5084/5084 5085/5085/5085
f 5075/5075/5075 5082/5082/5082 5086/5086/5086
f 5075/5075/5075 5086/5086/5086 5076/5076/5076
f 5087/5087/5087 5080/5080/5080 5075/5075/5075
f 5087/5087/5087 5075/5075/5075 5074/5074/5074
f 5084/5084/5084 5088/5088/5088 5089/5089/5089
f 5084/5084/5084 5089/5089/5089 5071/5071/5071
f 5085/5085/5085 5084/5084/5084 5071/5071/5071
f 5085/5085/5085 5071/5071/5071 5070/5070/5070
f 5072/5072/5072 5090/5090/5090 5091/5091/5091
f 5072/5072/5072 5091/5091/5091 5078/5078/5078
f 5084/5084/5084 5083/5083/5083 5088/5088/5088
f 5071/5071/5071 5089/5089/5089 5090/5090/5090
f 5071/5071/5071 5090/5090/5090 5072/5072/5072
f 5078/5078/5078 5080/5080/5080 5087/5087/5087
f 5078/5078/5078 5087/5087/5087 5079/5079/5079
f 5091/5091/5091 5081/5081/5081 5080/5080/5080
f 5091/5091/5091 5080/5080/5080 5078/5078/5078
f 5092/5092/5092 5093/5093/5093 5094/5094/5094
f 5092/5092/5092 5094/5094/5094 5095/5095/5095
f 5096/5096/5096 5097/5097/5097 5098/5098/5098
f 5096/5096/5096 5098/5098/5098 5099/5099/5099
f 5095/5095/5095 5094/5094/5094 5100/5100/5100
f 5095/5095/5095 5100/5100/5100 5101/5101/5101
f 5102/5102/5102 5103/5103/5103 5104/5104/5104
f 5102/5102/5102 5104/5104/5104 5097/5097/5097
f 5105/5105/5105 5106/5106/5106 5107/5107/5107
f 5097/5097/5097 5104/5104/5104 5108/5108/5108
f 5097/5097/5097 5108/5108/5108 5098/5098/5098
f 5109/5109/5109 5102/5102/5102 5097/5097/5097
f 5109/5109/5109 5097/5097/5097 5096/5096/5096
f 5106/5106/5106 5110/5110/5110 5111/5111/5111
f 5106/5106/5106 5111/5111/5111 5093/5093/5093
f 5107/5107/5107 5106/5106/5106 5093/5093/5093
f 5107/5107/5107 5093/5093/5093 5092/5092/5092
f 5094/5094/5094 5112/5112/5112 5113/5113/5113
f 5094/5094/5094 5113/5113/5113 5100/5100/5100
f 5106/5106/5106 5105/5105/5105 5110/5110/5110
f 5093/5093/5093 5111/5111/5111 5112/5112/5112
f 5093/5093/5093 5112/5112/5112 5094/5094/5094
f 5100/5100/5100 5102/5102/5102 5109/5109/5109
f 5100/5100/5100 5109/5109/5109 5101/5101/5101
f 5113/5113/5113 5103/5103/5103 5102/5102/5102
f 5113/5113/5113 5102/5102/5102 5100/5100/5100
f 5114/5114/5114 5115/5115/5115 5116/5116/5116
f 5114/5114/5114 5116/5116/5116 5117/5117/5117
f 5118/5118/5118 5119/5119/5119 5120/5120/5120
f 5118/5118/5118 5120/5120/5120 5121/5121/5121
f 5115/5115/5115 5122/5122/5122 5123/5123/5123
f 5115/5115/5115 5123/5123/5123 5116/5116/5116
f 5124/5124/5124 5121/5121/5121 5125/5125/5125
f 5124/5124/5124 5125/5125/5125 5126/5126/5126
f 5127/5127/5127 5128/5128/5128 5129/5129/5129
f 5121/5121/5121 5120/5120/5120 5130/5130/5130
f 5121/5121/5121 5130/5130/5130 5125/5125/5125
f 5131/5131/5131 5118/5118/5118 5121/5121/5121
f 5131/5131/5131 5121/5121/5121 5124/5124/5124
f 5129/5129/5129 5117/5117/5117 5132/5132/5132
f 5129/5129/5129 5132/5132/5132 5133/5133/5133
f 5128/5128/5128 5114/5114/5114 5117/5117/5117
f 5128/5128/5128 5117/5117/5117 5129/5129/5129
f 5116/5116/5116 5123/5123/5123 5134/5134/5134
f 5116/5116/5116 5134/5134/5134 5135/5135/5135
f 5129/5129/5129 5133/5133/5133 5127/5127/5127
f 5117/5117/5117 5116/5116/5116 5135/5135/5135
f 5117/5117/5117 5135/5135/5135 5132/5132/5132
f 5123/5123/5123 5122/5122/5122 5131/5131/5131
f 5123/5123/5123 5131/5131/5131 5124/5124/5124
f 5134/5134/5134 5123/5123/5123 5124/5124/5124
f 5134/5134/5134 5124/5124/5124 5126/5126/5126
f 5136/5136/5136 5137/5137/5137 5138/5138/5138
f 5136/5136/5136 5138/5138/5138 5139/5139/5139
f 5140/5140/5140 5141/5141/5141 5142/5142/5142
f 5140/5140/5140 5142/5142/5142 5143/5143/5143
f 5139/5139/5139 5138/5138/5138 5144/5144/5144
f 5139/5139/5139 5144/5144/5144 5145/5145/5145
f 5146/5146/5146 5147/5147/5147 5148/5148/5148
f 5146/5146/5146 5148/5148/5148 5141/5141/5141
f 5149/5149/5149 5150/5150/5150 5151/5151/5151
f 5141/5141/5141 5148/5148/5148 5152/5152/5152
f 5141/5141/5141 5152/5152/5152 5142/5142/5142
f 5153/5153/5153 5146/5146/5146 5141/5141/5141
f 5153/5153/5153 5141/5141/5141 5140/5140/5140
f 5150/5150/5150 5154/5154/5154 5155/5155/5155
f 5150/5150/5150 5155/5155/5155 5137/5137/5137
f 5151/5151/5151 5150/5150/5150 5137/5137/5137
f 5151/5151/5151 5137/5137/5137 5136/5136/5136
f 5138/5138/5138 5156/5156/5156 5157/5157/5157
f 5138/5138/5138 5157/5157/5157 5144/5144/5144
f 5150/5150/5150 5149/5149/5149 5154/5154/5154
f 5137/5137/5137 5155/5155/5155 5156/5156/5156
f 5137/5137/5137 5156/5156/5156 5138/5138/5138
f 5144/5144/5144 5146/5146/5146 5153/5153/5153
f 5144/5144/5144 5153/5153/5153 5145/5145/5145
f 5157/5157/5157 5147/5147/5147 5146/5146/5146
f 5157/5157/5157 5146/5146/5146 5144/5144/5144
f 5158/5158/5158 5159/5159/5159 5160/5160/5160
f 5158/5158/5158 5160/5160/5160 5161/5161/5161
f 5162/5162/5162 5163/5163/5163 5164/5164/5164
f 5162/5162/5162 5164/5164/5164 5165/5165/5165
f 5161/5161/5161 5160/5160/5160 5166/5166/5166
f 5161/5161/5161 5166/5166/5166 5167/5167/5167
f 5168/5168/5168 5169/5169/5169 5170/5170/5170
f 5168/5168/5168 5170/5170/5170 5163/5163/5163
f 5171/5171/5171 5172/5172/5172 5173/5173/5173
f 5163/5163/5163 5170/5170/5170 5174/5174/5174
f 5163/5163/5163 5174/5174/5174 5164/5164/5164
f 5175/5175/5175 5168/5168/5168 5163/5163/5163
f 5175/5175/5175 5163/5163/5163 5162/5162/5162
f 5172/5172/5172 5176/5176/5176 5177/5177/5177
f 5172/5172/5172 5177/5177/5177 5159/5159/5159
f 5173/5173/5173 5172/5172/5172 5159/5159/5159
f 5173/5173/5173 5159/5159/5159 5158/5158/5158
f 5160/5160/5160 5178/5178/5178 5179/5179/5179
f 5160/5160/5160 5179/5179/5179 5166/5166/5166
f 5172/5172/5172 5171/5171/5171 5176/5176/5176
f 5159/5159/5159 5177/5177/5177 5178/5178/5178
f 5159/5159/5159 5178/5178/5178 5160/5160/5160
f 5166/5166/5166 5168/5168/5168 5175/5175/5175
f 5166/5166/5166 5175/5175/5175 5167/5167/5167
f 5179/5179/5179 5169/5169/5169 5168/5168/5168
f 5179/5179/5179 5168/5168/5168 5166/5166/5166
f 5180/5180/5180 5181/5181/5181 5182/5182/5182
f 5180/5180/5180 5182/5182/5182 5183/5183/5183
f 5184/5184/5184 5185/5185/5185 5186/5186/5186
f 5184/5184/5184 5186/5186/5186 5187/5187/5187
f 5183/5183/5183 5182/5182/5182 5188/5188/5188
f 5183/5183/5183 5188/5188/5188 5189/5189/5189
f 5190/5190/5190 5191/5191/5191 5192/5192/5192
f 5190/5190/5190 5192/5192/5192 5185/5185/5185
f 5193/5193/5193 5194/5194/5194 5195/5195/5195
f 5185/5185/5185 5192/5192/5192 5196/5196/5196
f 5185/5185/5185 5196/5196/5196 5186/5186/5186
f 5197/5197/5197 5190/5190/5190 5185/5185/5185
f 5197/5197/5197 5185/5185/5185 5184/5184/5184
f 5194/5194/5194 5198/5198/5198 5199/5199/5199
f 5194/5194/5194 5199/5199/5199 5181/5181/5181
f 5195/5195/5195 5194/5194/5194 5181/5181/5181
f 5195/5195/5195 5181/5181/5181 5180/5180/5180
f 5182/5182/5182 5200/5200/5200 5201/5201/5201
f 5182/5182/5182 5201/5201/5201 5188/5188/5188
f 5194/5194/5194 5193/5193/5193 5198/5198/5198
f 5181/5181/5181 5199/5199/5199 5200/5200/5200
f 5181/5181/5181 5200/5200/5200 5182/5182/5182
f 5188/5188/5188 5190/5190/5190 5197/5197/5197
f 5188/5188/5188 5197/5197/5197 5189/5189/5189
f 5201/5201/5201 5191/5191/5191 5190/5190/5190
f 5201/5201/5201 5190/5190/5190 5188/5188/5188
f 5202/5202/5202 5203/5203/5203 5204/5204/5204
f 5202/5202/5202 5204/5204/5204 5205/5205/5205
f 5206/5206/5206 5207/5207/5207 5208/5208/5208
f 5206/5206/5206 5208/5208/5208 5209/5209/5209
f 5205/5205/5205 5204/5204/5204 5210/5210/5210
f 5205/5205/5205 5210/5210/5210 5211/5211/5211
f 5212/5212/5212 5213/5213/5213 5214/5214/5214
f 5212/5212/5212 5214/5214/5214 5207/5207/5207
f 5215/5215/5215 5216/5216/5216 5217/5217/5217
f 5207/5207/5207 5214/5214/5214 5218/5218/5218
f 5207/5207/5207 5218/5218/5218 5208/5208/5208
f 5219/5219/5219 5212/5212/5212 5207/5207/5207
f 5219/5219/5219 5207/5207/5207 5206/5206/5206
f 5216/5216/5216 5220/5220/5220 5221/5221/5221
f 5216/5216/5216 5221/5221/5221 5203/5203/5203
f 5217/5217/5217 5216/5216/5216 5203/5203/5203
f 5217/5217/5217 5203/5203/5203 5202/5202/5202
f 5204/5204/5204 5222/5222/5222 5223/5223/5223
f 5204/5204/5204 5223/5223/5223 5210/5210/5210
f 5216/5216/5216 5215/5215/5215 5220/5220/5220
f 5203/5203/5203 5221/5221/5221 5222/5222/5222
f 5203/5203/5203 5222/5222/5222 5204/5204/5204
f 5210/5210/5210 5212/5212/5212 5219/5219/5219
f 5210/5210/5210 5219/5219/5219 5211/5211/5211
f 5223/5223/5223 5213/5213/5213 5212/5212/5212
f 5223/5223/5223 5212/5212/5212 5210/5210/5210
f 5224/5224/5224 5225/5225/5225 5226/5226/5226
f 5224/5224/5224 5226/5226/5226 5227/5227/5227
f 5228/5228/5228 5229/5229/5229 5230/5230/5230
f 5228/5228/5228 5230/5230/5230 5231/5231/5231
f 5225/5225/5225 5232/5232/5232 5233/5233/5233
f 5225/5225/5225 5233/5233/5233 5226/5226/5226
f 5234/5234/5234 5231/5231/5231 5235/5235/5235
f 5234/5234/5234 5235/5235/5235 5236/5236/5236
f 5237/5237/5237 5238/5238/5238 5239/5239/5239
f 5231/5231/5231 5230/5230/5230 5240/5240/5240
f 5231/5231/5231 5240/5240/5240 5235/5235/5235
f 5241/5241/5241 5228/5228/5228 5231/5231/5231
f 5241/5241/5241 5231/5231/5231 5234/5234/5234
f 5239/5239/5239 5227/5227/5227 5242/5242/5242
f 5239/5239/5239 5242/5242/5242 5243/5243/5243
f 5238/5238/5238 5224/5224/5224 5227/5227/5227
f 5238/5238/5238 5227/5227/5227 5239/5239/5239
f 5226/5226/5226 5233/5233/5233 5244/5244/5244
f 5226/5226/5226 5244/5244/5244 5245/5245/5245
f 5239/5239/5239 5243/5243/5243 5237/5237/5237
f 5227/5227/5227 5226/5226/5226 5245/5245/5245
f 5227/5227/5227 5245/5245/5245 5242/5242/5242
f 5233/5233/5233 5232/5232/5232 5241/5241/5241
f 5233/5233/5233 5241/5241/5241 5234/5234/5234
f 5244/5244/5244 5233/5233/5233 5234/5234/5234
f 5244/5244/5244 5234/5234/5234 5236/5236/5236
f 5246/5246/5246 5247/5247/5247 5248/5248/5248
f 5246/5246/5246 5248/5248/5248 5249/5249/5249
f 5250/5250/5250 5251/5251/5251 5252/5252/5252
f 5250/5250/5250 5252/5252/5252 5253/5253/5253
f 5249/5249/5249 5248/5248/5248 5254/5254/5254
f 5249/5249/5249 5254/5254/5254 5255/5255/5255
f 5256/5256/5256 5257/5257/5257 5258/5258/5258
f 5256/5256/5256 5258/5258/5258 5251/5251/5251
f 5259/5259/5259 5260/5260/5260 5261/5261/5261
f 5251/5251/5251 5258/5258/5258 5262/5262/5262
f 5251/5251/5251 5262/5262/5262 5252/5252/5252
f 5263/5263/5263 5256/5256/5256 5251/5251/5251
f 5263/5263/5263 5251/5251/5251 5250/5250/5250
f 5260/5260/5260 5264/5264/5264 5265/5265/5265
f 5260/5260/5260 5265/5265/5265 5247/5247/5247
f 5261/5261/5261 5260/5260/5260 5247/5247/5247
f 5261/5261/5261 5247/5247/5247 5246/5246/5246
f 5248/5248/5248 5266/5266/5266 5267/5267/5267
f 5248/5248/5248 5267/5267/5267 5254/5254/5254
f 5260/5260/5260 5259/5259/5259 5264/5264/5264
f 5247/5247/5247 5265/5265/5265 5266/5266/5266
f 5247/5247/5247 5266/5266/5266 5248/5248/5248
f 5254/5254/5254 5256/5256/5256 5263/5263/5263
f 5254/5254/5254 5263/5263/5263 5255/5255/5255
f 5267/5267/5267 5257/5257/5257 5256/5256/5256
f 5267/5267/5267 5256/5256/5256 5254/5254/5254
f 5268/5268/5268 5269/5269/5269 5270/5270/5270
f 5268/5268/5268 5270/5270/5270 5271/5271/5271
f 5272/5272/5272 5273/5273/5273 5274/5274/5274
f 5272/5272/5272 5274/5274/5274 5275/5275/5275
f 5271/5271/5271 5270/5270/5270 5276/5276/5276
f 5271/5271/5271 5276/5276/5276 5277/5277/5277
f 5278/5278/5278 5279/5279/5279 5280/5280/5280
f 5278/5278/5278 5280/5280/5280 5273/5273/5273
f 5281/5281/5281 5282/5282/5282 5283/5283/5283
f 5273/5273/5273 5280/5280/5280 5284/5284/5284
f 5273/5273/5273 5284/5284/5284 5274/5274/5274
f 5285/5285/5285 5278/5278/5278 5273/5273/5273
f 5285/5285/5285 5273/5273/5273 5272/5272/5272
f 5282/5282/5282 5286/5286/5286 5287/5287/5287
f 5282/5282/5282 5287/5287/5287 5269/5269/5269
f 5283/5283/5283 5282/5282/5282 5269/5269/5269
f 5283/5283/5283 5269/5269/5269 5268/5268/5268
f 5270/5270/5270 5288/5288/5288 5289/5289/5289
f 5270/5270/5270 5289/5289/5289 5276/5276/5276
f 5282/5282/5282 5281/5281/5281 5286/5286/5286
f 5269/5269/5269 5287/5287/5287 5288/5288/5288
f 5269/5269/5269 5288/5288/5288 5270/5270/5270
f 5276/5276/5276 5278/5278/5278 5285/5285/5285
f 5276/5276/5276 5285/5285/5285 5277/5277/5277
f 5289/5289/5289 5279/5279/5279 5278/5278/5278
f 5289/5289/5289 5278/5278/5278 5276/5276/5276
f 5290/5290/5290 5291/5291/5291 5292/5292/5292
f 5290/5290/5290 5292/5292/5292 5293/5293/5293
f 5294/5294/5294 5295/5295/5295 5296/5296/5296
f 5294/5294/5294 5296/5296/5296 5297/5297/5297
f 5293/5293/5293 5292/5292/5292 5298/5298/5298
f 5293/5293/5293 5298/5298/5298 5299/5299/5299
f 5300/5300/5300 5301/5301/5301 5302/5302/5302
f 5300/5300/5300 5302/5302/5302 5295/5295/5295
f 5303/5303/5303 5304/5304/5304 5305/5305/5305
f 5295/5295/5295 5302/5302/5302 5306/5306/5306
f 5295/5295/5295 5306/5306/5306 5296/5296/5296
f 5307/5307/5307 5300/5300/5300 5295/5295/5295
f 5307/5307/5307 5295/5295/5295 5294/5294/5294
f 5304/5304/5304 5308/5308/5308 5309/5309/5309
f 5304/5304/5304 5309/5309/5309 5291/5291/5291
f 5305/5305/5305 5304/5304/5304 5291/5291/5291
f 5305/5305/5305 5291/5291/5291 5290/5290/5290
f 5292/5292/5292 5310/5310/5310 5311/5311/5311
f 5292/5292/5292 5311/5311/5311 5298/5298/5298
f 5304/5304/5304 5303/5303/5303 5308/5308/5308
f 5291/5291/5291 5309/5309/5309 5310/5310/5310
f 5291/5291/5291 5310/5310/5310 5292/5292/5292
f 5298/5298/5298 5300/5300/5300 5307/5307/5307
f 5298/5298/5298 5307/5307/5307 5299/5299/5299
f 5311/5311/5311 5301/5301/5301 5300/5300/5300
f 5311/5311/5311 5300/5300/5300 5298/5298/5298
f 5312/5312/5312 5313/5313/5313 5314/5314/5314
f 5312/5312/5312 5314/5314/5314 5315/5315/5315
f 5316/5316/5316 5317/5317/5317 5318/5318/5318
f 5316/5316/5316 5318/5318/5318 5319/5319/5319
f 5315/5315/5315 5314/5314/5314 5320/5320/5320
f 5315/5315/5315 5320/5320/5320 5321/5321/5321
f 5322/5322/5322 5323/5323/5323 5324/5324/5324
f 5322/5322/5322 5324/5324/5324 5317/5317/5317
f 5325/5325/5325 5326/5326/5326 5327/5327/5327
f 5317/5317/5317 5324/5324/5324 5328/5328/5328
f 5317/5317/5317 5328/5328/5328 5318/5318/5318
f 5329/5329/5329 5322/5322/5322 5317/5317/5317
f 5329/5329/5329 5317/5317/5317 5316/5316/5316
f 5326/5326/5326 5330/5330/5330 5331/5331/5331
f 5326/5326/5326 5331/5331/5331 5313/5313/5313
f 5327/5327/5327 5326/5326/5326 5313/5313/5313
f 5327/5327/5327 5313/5313/5313 5312/5312/5312
f 5314/5314/5314 5332/5332/5332 5333/5333/5333
f 5314/5314/5314 5333/5333/5333 5320/5320/5320
f 5326/5326/5326 5325/5325/5325 5330/5330/5330
f 5313/5313/5313 5331/5331/5331 5332/5332/5332
f 5313/5313/5313 5332/5332/5332 5314/5314/5314
f 5320/5320/5320 5322/5322/5322 5329/5329/5329
f 5320/5320/5320 5329/5329/5329 5321/5321/5321
f 5333/5333/5333 5323/5323/5323 5322/5322/5322
f 5333/5333/5333 5322/5322/5322 5320/5320/5320
f 5334/5334/5334 5335/5335/5335 5336/5336/5336
f 5334/5334/5334 5336/5336/5336 5337/5337/5337
f 5338/5338/5338 5339/5339/5339 5340/5340/5340
f 5338/5338/5338 5340/5340/5340 5341/5341/5341
f 5335/5335/5335 5342/5342/5342 5343/5343/5343
f 5335/5335/5335 5343/5343/5343 5336/5336/5336
f 5344/5344/5344 5341/5341/5341 5345/5345/5345
f 5344/5344/5344 5345/5345/5345 5346/5346/5346
f 5347/5347/5347 5348/5348/5348 5349/5349/5349
f 5341/5341/5341 5340/5340/5340 5350/5350/5350
f 5341/5341/5341 5350/5350/5350 5345/5345/5345
f 5351/5351/5351 5338/5338/5338 5341/5341/5341
f 5351/5351/5351 5341/5341/5341 5344/5344/5344
f 5349/5349/5349 5337/5337/5337 5352/5352/5352
f 5349/5349/5349 5352/5352/5352 5353/5353/5353
f 5348/5348/5348 5334/5334/5334 5337/5337/5337
f 5348/5348/5348 5337/5337/5337 5349/5349/5349
f 5336/5336/5336 5343/5343/5343 5354/5354/5354
f 5336/5336/5336 5354/5354/5354 5355/5355/5355
f 5349/5349/5349 5353/5353/5353 5347/5347/5347
f 5337/5337/5337 5336/5336/5336 5355/5355/5355
f 5337/5337/5337 5355/5355/5355 5352/5352/5352
f 5343/5343/5343 5342/5342/5342 5351/5351/5351
f 5343/5343/5343 5351/5351/5351 5344/5344/5344
f 5354/5354/5354 5343/5343/5343 5344/5344/5344
f 5354/5354/5354 5344/5344/5344 5346/5346/5346
f 5356/5356/5356 5357/5357/5357 5358/5358/5358
f 5356/5356/5356 5358/5358/5358 5359/5359/5359
f 5360/5360/5360 5361/5361/5361 5362/5362/5362
f 5360/5360/5360 5362/5362/5362 5363/5363/5363
f 5359/5359/5359 5358/5358/5358 5364/5364/5364
f 5359/5359/5359 5364/5364/5364 5365/5365/5365
f 5366/5366/5366 5367/5367/5367 5368/5368/5368
f 5366/5366/5366 5368/5368/5368 5361/5361/5361
f 5369/5369/5369 5370/5370/5370 5371/5371/5371
f 5361/5361/5361 5368/5368/5368 5372/5372/5372
f 5361/5361/5361 5372/5372/5372 5362/5362/5362
f 5373/5373/5373 5366/5366/5366 5361/5361/5361
f 5373/5373/5373 5361/5361/5361 5360/5360/5360
f 5370/5370/5370 5374/5374/5374 5375/5375/5375
f 5370/5370/5370 5375/5375/5375 5357/5357/5357
f 5371/5371/5371 5370/5370/5370 5357/5357/5357
f 5371/5371/5371 5357/5357/5357 5356/5356/5356
f 5358/5358/5358 5376/5376/5376 5377/5377/5377
f 5358/5358/5358 5377/5377/5377 5364/5364/5364
f 5370/5370/5370 5369/5369/5369 5374/5374/5374
f 5357/5357/5357 5375/5375/5375 5376/5376/5376
f 5357/5357/5357 5376/5376/5376 5358/5358/5358
f 5364/5364/5364 5366/5366/5366 5373/5373/5373
f 5364/5364/5364 5373/5373/5373 5365/5365/5365
f 5377/5377/5377 5367/5367/5367 5366/5366/5366
f 5377/5377/5377 5366/5366/5366 5364/5364/5364
f 5378/5378/5378 5379/5379/5379 5380/5380/5380
f 5378/5378/5378 5380/5380/5380 5381/5381/5381
f 5382/5382/5382 5383/5383/5383 5384/5384/5384
f 5382/5382/5382 5384/5384/5384 5385/5385/5385
f 5381/5381/5381 5380/5380/5380 5386/5386/5386
f 5381/5381/5381 5386/5386/5386 5387/5387/5387
f 5388/5388/5388 5389/5389/5389 5390/5390/5390
f 5388/5388/5388 5390/5390/5390 5383/5383/5383
f 5391/5391/5391 5392/5392/5392 5393/5393/5393
f 5383/5383/5383 5390/5390/5390 5394/5394/5394
f 5383/5383/5383 5394/5394/5394 5384/5384/5384
f 5395/5395/5395 5388/5388/5388 5383/5383/5383
f 5395/5395/5395 5383/5383/5383 5382/5382/5382
f 5392/5392/5392 5396/5396/5396 5397/5397/5397
f 5392/5392/5392 5397/5397/5397 5379/5379/5379
f 5393/5393/5393 5392/5392/5392 5379/5379/5379
f 5393/5393/5393 5379/5379/5379 5378/5378/5378
f 5380/5380/5380 5398/5398/5398 5399/5399/5399
f 5380/5380/5380 5399/5399/5399 5386/5386/5386
f 5392/5392/5392 5391/5391/5391 5396/5396/5396
f 5379/5379/5379 5397/5397/5397 5398/5398/5398
f 5379/5379/5379 5398/5398/5398 5380/5380/5380
f 5386/5386/5386 5388/5388/5388 5395/5395/5395
f 5386/5386/5386 5395/5395/5395 5387/5387/5387
f 5399/5399/5399 5389/5389/5389 5388/5388/5388
f 5399/5399/5399 5388/5388/5388 5386/5386/5386
f 5400/5400/5400 5401/5401/5401 5402/5402/5402
f 5400/5400/5400 5402/5402/5402 5403/5403/5403
f 5404/5404/5404 5405/5405/5405 5406/5406/5406
f 5404/5404/5404 5406/5406/5406 5407/5407/5407
f 5403/5403/5403 5402/5402/5402 5408/5408/5408
f 5403/5403/5403 5408/5408/5408 5409/5409/5409
f 5410/5410/5410 5411/5411/5411 5412/5412/5412
f 5410/5410/5410 5412/5412/5412 5405/5405/5405
f 5413/5413/5413 5414/5414/5414 5415/5415/5415
f 5405/5405/5405 5412/5412/5412 5416/5416/5416
f 5405/5405/5405 5416/5416/5416 5406/5406/5406
f 5417/5417/5417 5410/5410/5410 5405/5405/5405
f 5417/5417/5417 5405/5405/5405 5404/5404/5404
f 5414/5414/5414 5418/5418/5418 5419/5419/5419
f 5414/5414/5414 5419/5419/5419 5401/5401/5401
f 5415/5415/5415 5414/5414/5414 5401/5401/5401
f 5415/5415/5415 5401/5401/5401 5400/5400/5400
f 5402/5402/5402 5420/5420/5420 5421/5421/5421
f 5402/5402/5402 5421/5421/5421 5408/5408/5408
f 5414/5414/5414 5413/5413/5413 5418/5418/5418
f 5401/5401/5401 5419/5419/5419 5420/5420/5420
f 5401/5401/5401 5420/5420/5420 5402/5402/5402
f 5408/5408/5408 5410/5410/5410 5417/5417/5417
f 5408/5408/5408 5417/5417/5417 5409/5409/5409
f 5421/5421/5421 5411/5411/5411 5410/5410/5410
f 5421/5421/5421 5410/5410/5410 5408/5408/5408
f 5422/5422/5422 5423/5423/5423 5424/5424/5424
f 5422/5422/5422 5424/5424/5424 5425/5425/5425
f 5426/5426/5426 5427/5427/5427 5428/5428/5428
f 5426/5426/5426 5428/5428/5428 5429/5429/5429
f 5425/5425/5425 5424/5424/5424 5430/5430/5430
f 5425/5425/5425 5430/5430/5430 5431/5431/5431
f 5432/5432/5432 5433/5433/5433 5434/5434/5434
f 5432/5432/5432 5434/5434/5434 5427/5427/5427
f 5435/5435/5435 5436/5436/5436 5437/5437/5437
f 5427/5427/5427 5434/5434/5434 5438/5438/5438
f 5427/5427/5427 5438/5438/5438 5428/5428/5428
f 5439/5439/5439 5432/5432/5432 5427/5427/5427
f 5439/5439/5439 5427/5427/5427 5426/5426/5426
f 5436/5436/5436 5440/5440/5440 5441/5441/5441
f 5436/5436/5436 5441/5441/5441 5423/5423/5423
f 5437/5437/5437 5436/5436/5436 5423/5423/5423
f 5437/5437/5437 5423/5423/5423 5422/5422/5422
f 5424/5424/5424 5442/5442/5442 5443/5443/5443
f 5424/5424/5424 5443/5443/5443 5430/5430/5430
f 5436/5436/5436 5435/5435/5435 5440/5440/5440
f 5423/5423/5423 5441/5441/5441 5442/5442/5442
f 5423/5423/5423 5442/5442/5442 5424/5424/5424
f 5430/5430/5430 5432/5432/5432 5439/5439/5439
f 5430/5430/5430 5439/5439/5439 5431/5431/5431
f 5443/5443/5443 5433/5433/5433 5432/5432/5432
f 5443/5443/5443 5432/5432/5432 5430/5430/5430
f 5444/5444/5444 5445/5445/5445 5446/5446/5446
f 5444/5444/5444 5446/5446/5446 5447/5447/5447
f 5448/5448/5448 5449/5449/5449 5450/5450/5450
f 5448/5448/5448 5450/5450/5450 5451/5451/5451
f 5445/5445/5445 5452/5452/5452 5453/5453/5453
f 5445/5445/5445 5453/5453/5453 5446/5446/5446
f 5454/5454/5454 5451/5451/5451 5455/5455/5455
f 5454/5454/5454 5455/5455/5455 5456/5456/5456
f 5457/5457/5457 5458/5458/5458 5459/5459/5459
f 5451/5451/5451 5450/5450/5450 5460/5460/5460
f 5451/5451/5451 5460/5460/5460 5455/5455/5455
f 5461/5461/5461 5448/5448/5448 5451/5451/5451
f 5461/5461/5461 5451/5451/5451 5454/5454/5454
f 5459/5459/5459 5447/5447/5447 5462/5462/5462
f 5459/5459/5459 5462/5462/5462 5463/5463/5463
f 5458/5458/5458 5444/5444/5444 5447/5447/5447
f 5458/5458/5458 5447/5447/5447 5459/5459/5459
f 5446/5446/5446 5453/5453/5453 5464/5464/5464
f 5446/5446/5446 5464/5464/5464 5465/5465/5465
f 5459/5459/5459 5463/5463/5463 5457/5457/5457
f 5447/5447/5447 5446/5446/5446 5465/5465/5465
f 5447/5447/5447 5465/5465/5465 5462/5462/5462
f 5453/5453/5453 5452/5452/5452 5461/5461/5461
f 5453/5453/5453 5461/5461/5461 5454/5454/5454
f 5464/5464/5464 5453/5453/5453 5454/5454/5454
f 5464/5464/5464 5454/5454/5454 5456/5456/5456
