# StylizedFir_Cap_1 -- generated by tools/bake-trees.mjs from @dgreenheck/ez-tree (MIT).
# Do not edit by hand: re-run the baker.
mtllib StylizedFir_Cap_1.mtl
o StylizedFir_Cap_1
v 2.1240 0.0000 0.0000
v 1.6271 0.0000 1.3653
v 0.3688 0.0000 2.0917
v -1.0620 0.0000 1.8394
v -1.9959 0.0000 0.7265
v -1.9959 0.0000 -0.7265
v -1.0620 0.0000 -1.8394
v 0.3688 0.0000 -2.0917
v 1.6271 0.0000 -1.3653
v 2.1240 0.0000 0.0000
v 1.8245 3.3592 -0.0004
v 1.3974 3.3676 1.1722
v 0.3169 3.3600 1.7967
v -0.9127 3.3399 1.5811
v -1.7163 3.3167 0.6251
v -1.7170 3.3013 -0.6246
v -0.9137 3.3009 -1.5823
v 0.3171 3.3156 -1.7989
v 1.3984 3.3387 -1.1737
v 1.8245 3.3592 -0.0004
v 1.6311 6.6647 -0.0432
v 1.2379 6.6849 1.0369
v 0.2423 6.6963 1.6115
v -0.8898 6.6935 1.4120
v -1.6289 6.6779 0.5315
v -1.6290 6.6567 -0.6180
v -0.8900 6.6398 -1.4986
v 0.2422 6.6352 -1.6982
v 1.2379 6.6451 -1.1234
v 1.6311 6.6647 -0.0432
v 1.5729 9.9743 -0.1044
v 1.1939 9.9949 0.9368
v 0.2343 10.0173 1.4906
v -0.8569 10.0310 1.2979
v -1.5691 10.0296 0.4489
v -1.5691 10.0139 -0.6591
v -0.8568 9.9910 -1.5077
v 0.2344 9.9718 -1.6999
v 1.1939 9.9652 -1.1457
v 1.5729 9.9743 -0.1044
v 1.5634 13.3335 -0.1522
v 1.1984 13.3564 0.8503
v 0.2742 13.3676 1.3837
v -0.7767 13.3618 1.1985
v -1.4626 13.3418 0.3813
v -1.4626 13.3170 -0.6856
v -0.7766 13.2989 -1.5028
v 0.2743 13.2960 -1.6881
v 1.1984 13.3097 -1.1547
v 1.5634 13.3335 -0.1522
v 1.4988 16.6494 -0.2294
v 1.1478 16.6803 0.7343
v 0.2592 16.7035 1.2468
v -0.7512 16.7081 1.0684
v -1.4107 16.6920 0.2825
v -1.4106 16.6627 -0.7431
v -0.7511 16.6339 -1.5286
v 0.2593 16.6191 -1.7064
v 1.1479 16.6252 -1.1933
v 1.4988 16.6494 -0.2294
v 1.4709 19.9892 -0.3249
v 1.1340 20.0132 0.6004
v 0.2809 20.0290 1.0927
v -0.6891 20.0291 0.9215
v -1.3222 20.0136 0.1671
v -1.3222 19.9897 -0.8176
v -0.6890 19.9686 -1.5719
v 0.2810 19.9601 -1.7427
v 1.1340 19.9683 -1.2502
v 1.4709 19.9892 -0.3249
v 1.4258 23.3258 -0.4059
v 1.1029 23.3405 0.4810
v 0.2854 23.3493 0.9529
v -0.6443 23.3482 0.7889
v -1.2510 23.3376 0.0659
v -1.2510 23.3225 -0.8780
v -0.6442 23.3099 -1.6010
v 0.2854 23.3058 -1.7648
v 1.1029 23.3121 -1.2929
v 1.4258 23.3258 -0.4059
v 1.3710 26.6609 -0.4593
v 1.0622 26.6609 0.3891
v 0.2803 26.6609 0.8406
v -0.6090 26.6609 0.6838
v -1.1893 26.6609 -0.0079
v -1.1893 26.6609 -0.9108
v -0.6090 26.6609 -1.6025
v 0.2803 26.6609 -1.7593
v 1.0622 26.6609 -1.3078
v 1.3710 26.6609 -0.4593
v 1.3110 29.9983 -0.4593
v 1.0163 29.9962 0.3506
v 0.2698 29.9931 0.7815
v -0.5790 29.9906 0.6318
v -1.1330 29.9897 -0.0284
v -1.1330 29.9910 -0.8903
v -0.5789 29.9937 -1.5505
v 0.2698 29.9967 -1.7002
v 1.0163 29.9985 -1.2692
v 1.3110 29.9983 -0.4593
v 1.2403 33.3275 -0.4545
v 0.9595 33.3275 0.3168
v 0.2486 33.3275 0.7272
v -0.5597 33.3275 0.5847
v -1.0874 33.3275 -0.0441
v -1.0874 33.3275 -0.8650
v -0.5597 33.3275 -1.4938
v 0.2486 33.3275 -1.6363
v 0.9595 33.3275 -1.2259
v 1.2403 33.3275 -0.4545
v 1.1803 36.6582 -0.4545
v 0.9135 36.6611 0.2782
v 0.2382 36.6639 0.6681
v -0.5297 36.6652 0.5327
v -1.0310 36.6646 -0.0647
v -1.0310 36.6621 -0.8445
v -0.5297 36.6591 -1.4418
v 0.2382 36.6569 -1.5772
v 0.9135 36.6565 -1.1873
v 1.1803 36.6582 -0.4545
v 1.1280 39.9831 -0.4648
v 0.8753 39.9919 0.2294
v 0.2356 40.0018 0.5987
v -0.4919 40.0081 0.4703
v -0.9668 40.0079 -0.0957
v -0.9667 40.0012 -0.8344
v -0.4919 39.9913 -1.4002
v 0.2356 39.9827 -1.5284
v 0.8754 39.9794 -1.1590
v 1.1280 39.9831 -0.4648
v 1.1022 43.3272 -0.4949
v 0.8636 43.3272 0.1608
v 0.2593 43.3272 0.5096
v -0.4278 43.3272 0.3885
v -0.8763 43.3272 -0.1460
v -0.8763 43.3272 -0.8438
v -0.4278 43.3272 -1.3782
v 0.2593 43.3272 -1.4994
v 0.8636 43.3272 -1.1505
v 1.1022 43.3272 -0.4949
v 1.0422 46.6679 -0.4949
v 0.8176 46.6673 0.1222
v 0.2489 46.6636 0.4505
v -0.3978 46.6584 0.3365
v -0.8199 46.6542 -0.1665
v -0.8199 46.6529 -0.8232
v -0.3978 46.6552 -1.3263
v 0.2489 46.6600 -1.4403
v 0.8176 46.6650 -1.1120
v 1.0422 46.6679 -0.4949
v 0.9565 49.9975 -0.5011
v 0.7459 49.9915 0.0774
v 0.2128 49.9865 0.3851
v -0.3935 49.9849 0.2782
v -0.7892 49.9874 -0.1934
v -0.7892 49.9929 -0.8090
v -0.3935 49.9988 -1.2806
v 0.2128 50.0023 -1.3874
v 0.7459 50.0018 -1.0796
v 0.9565 49.9975 -0.5011
v 0.8825 53.3307 -0.4714
v 0.6859 53.3259 0.0685
v 0.1883 53.3215 0.3558
v -0.3776 53.3197 0.2560
v -0.7469 53.3213 -0.1842
v -0.7469 53.3255 -0.7588
v -0.3775 53.3303 -1.1989
v 0.1883 53.3336 -1.2987
v 0.6859 53.3337 -1.0113
v 0.8825 53.3307 -0.4714
v 0.8075 56.6585 -0.4472
v 0.6250 56.6560 0.0542
v 0.1629 56.6555 0.3210
v -0.3625 56.6572 0.2284
v -0.7055 56.6602 -0.1804
v -0.7055 56.6632 -0.7139
v -0.3625 56.6647 -1.1226
v 0.1629 56.6641 -1.2153
v 0.6250 56.6617 -0.9485
v 0.8075 56.6585 -0.4472
v 0.7546 59.9901 -0.4284
v 0.5861 59.9932 0.0344
v 0.1596 59.9964 0.2807
v -0.3254 59.9982 0.1951
v -0.6420 59.9978 -0.1822
v -0.6420 59.9953 -0.6747
v -0.3254 59.9919 -1.0519
v 0.1596 59.9892 -1.1374
v 0.5861 59.9885 -0.8912
v 0.7546 59.9901 -0.4284
v 0.7100 63.3303 -0.4453
v 0.5556 63.3330 -0.0211
v 0.1646 63.3326 0.2047
v -0.2800 63.3295 0.1263
v -0.5702 63.3250 -0.2195
v -0.5702 63.3213 -0.6710
v -0.2800 63.3201 -1.0168
v 0.1646 63.3220 -1.0952
v 0.5555 63.3260 -0.8695
v 0.7100 63.3303 -0.4453
v 0.6312 66.6641 -0.4727
v 0.4909 66.6695 -0.0870
v 0.1355 66.6704 0.1182
v -0.2687 66.6663 0.0470
v -0.5325 66.6592 -0.2673
v -0.5325 66.6524 -0.6777
v -0.2688 66.6490 -0.9921
v 0.1354 66.6507 -1.0634
v 0.4909 66.6567 -0.8583
v 0.6312 66.6641 -0.4727
v 0.5474 69.9926 -0.5281
v 0.4211 69.9926 -0.1810
v 0.1012 69.9926 0.0037
v -0.2626 69.9926 -0.0604
v -0.5000 69.9926 -0.3434
v -0.5000 69.9926 -0.7128
v -0.2626 69.9926 -0.9957
v 0.1012 69.9926 -1.0599
v 0.4211 69.9926 -0.8752
v 0.5474 69.9926 -0.5281
v 0.4874 73.3257 -0.5281
v 0.3751 73.3270 -0.2196
v 0.0907 73.3278 -0.0554
v -0.2326 73.3277 -0.1124
v -0.4437 73.3268 -0.3639
v -0.4437 73.3255 -0.6923
v -0.2326 73.3244 -0.9438
v 0.0907 73.3240 -1.0008
v 0.3751 73.3245 -0.8366
v 0.4874 73.3257 -0.5281
v 0.4291 76.6587 -0.5416
v 0.3308 76.6573 -0.2717
v 0.0820 76.6569 -0.1280
v -0.2009 76.6575 -0.1779
v -0.3856 76.6590 -0.3980
v -0.3856 76.6605 -0.6853
v -0.2009 76.6615 -0.9053
v 0.0820 76.6614 -0.9552
v 0.3308 76.6603 -0.8116
v 0.4291 76.6587 -0.5416
v 0.3734 79.9925 -0.5235
v 0.2892 79.9925 -0.2921
v 0.0759 79.9925 -0.1690
v -0.1666 79.9925 -0.2117
v -0.3249 79.9925 -0.4004
v -0.3249 79.9925 -0.6466
v -0.1666 79.9925 -0.8353
v 0.0759 79.9925 -0.8780
v 0.2892 79.9925 -0.7549
v 0.3734 79.9925 -0.5235
v 0.3134 83.3259 -0.5235
v 0.2432 83.3259 -0.3307
v 0.0655 83.3259 -0.2281
v -0.1366 83.3259 -0.2637
v -0.2685 83.3259 -0.4209
v -0.2685 83.3259 -0.6261
v -0.1366 83.3259 -0.7833
v 0.0655 83.3259 -0.8190
v 0.2432 83.3259 -0.7164
v 0.3134 83.3259 -0.5235
v 0.2534 86.6592 -0.5235
v 0.1973 86.6592 -0.3692
v 0.0551 86.6592 -0.2872
v -0.1066 86.6592 -0.3157
v -0.2121 86.6592 -0.4414
v -0.2121 86.6592 -0.6056
v -0.1066 86.6592 -0.7314
v 0.0551 86.6592 -0.7599
v 0.1973 86.6592 -0.6778
v 0.2534 86.6592 -0.5235
v 0.1934 89.9927 -0.5235
v 0.1513 89.9928 -0.4078
v 0.0447 89.9927 -0.3463
v -0.0766 89.9926 -0.3676
v -0.1557 89.9924 -0.4620
v -0.1557 89.9923 -0.5851
v -0.0766 89.9923 -0.6794
v 0.0447 89.9924 -0.7008
v 0.1513 89.9926 -0.6392
v 0.1934 89.9927 -0.5235
v 0.1298 93.3259 -0.5263
v 0.1017 93.3259 -0.4492
v 0.0306 93.3259 -0.4081
v -0.0502 93.3259 -0.4224
v -0.1030 93.3259 -0.4853
v -0.1030 93.3259 -0.5674
v -0.0502 93.3259 -0.6302
v 0.0306 93.3259 -0.6445
v 0.1017 93.3259 -0.6035
v 0.1298 93.3259 -0.5263
v 0.0698 96.6592 -0.5263
v 0.0557 96.6592 -0.4878
v 0.0202 96.6592 -0.4672
v -0.0202 96.6592 -0.4744
v -0.0466 96.6592 -0.5058
v -0.0466 96.6592 -0.5468
v -0.0202 96.6592 -0.5783
v 0.0202 96.6592 -0.5854
v 0.0557 96.6592 -0.5649
v 0.0698 96.6592 -0.5263
v 0.0098 99.9925 -0.5263
v 0.0098 99.9925 -0.5263
v 0.0098 99.9925 -0.5263
v 0.0098 99.9925 -0.5263
v 0.0098 99.9925 -0.5263
v 0.0098 99.9925 -0.5263
v 0.0098 99.9925 -0.5263
v 0.0098 99.9925 -0.5263
v 0.0098 99.9925 -0.5263
v 0.0098 99.9925 -0.5263
v -0.1744 50.0925 -0.5378
v 0.0430 49.8761 -0.4155
v 0.2866 50.0940 -0.4628
v 0.0692 50.3105 -0.5850
v -0.1744 50.0925 -0.5378
v 0.0963 49.5336 -1.8971
v 0.2740 49.4027 -1.7519
v 0.4666 49.5535 -1.8516
v 0.2889 49.6844 -1.9968
v 0.0963 49.5336 -1.8971
v 0.3351 48.5867 -2.9653
v 0.4620 48.4400 -2.9248
v 0.6070 48.5406 -3.0149
v 0.4801 48.6873 -3.0554
v 0.3351 48.5867 -2.9653
v 0.0510 47.9558 -4.2582
v 0.1149 47.8497 -4.2123
v 0.1944 47.8520 -4.3177
v 0.1305 47.9581 -4.3637
v 0.0510 47.9558 -4.2582
v -0.8631 47.0357 -5.0029
v -0.8342 46.9770 -4.9942
v -0.7938 46.9893 -5.0450
v -0.8228 47.0480 -5.0537
v -0.8631 47.0357 -5.0029
v -1.8156 46.3881 -5.9602
v -1.8156 46.3881 -5.9602
v -1.8156 46.3881 -5.9602
v -1.8156 46.3881 -5.9602
v -1.8156 46.3881 -5.9602
v -0.0318 90.4108 -0.5259
v 0.0122 90.3692 -0.5071
v 0.0577 90.4108 -0.5219
v 0.0137 90.4524 -0.5407
v -0.0318 90.4108 -0.5259
v -0.0065 90.3140 -0.7767
v 0.0205 90.2711 -0.7744
v 0.0564 90.2922 -0.8035
v 0.0293 90.3351 -0.8058
v -0.0065 90.3140 -0.7767
v -0.1185 90.2283 -1.0139
v -0.1136 90.1923 -1.0028
v -0.0988 90.1838 -1.0369
v -0.1038 90.2198 -1.0480
v -0.1185 90.2283 -1.0139
v -0.3673 90.1567 -1.1282
v -0.3728 90.1461 -1.1058
v -0.3747 90.1235 -1.1170
v -0.3692 90.1340 -1.1394
v -0.3673 90.1567 -1.1282
v -0.6461 90.1902 -1.1760
v -0.6499 90.1941 -1.1645
v -0.6556 90.1829 -1.1626
v -0.6518 90.1790 -1.1741
v -0.6461 90.1902 -1.1760
v -0.8929 90.2908 -1.2841
v -0.8929 90.2908 -1.2841
v -0.8929 90.2908 -1.2841
v -0.8929 90.2908 -1.2841
v -0.8929 90.2908 -1.2841
v -0.1749 56.2946 -0.4352
v 0.0353 56.1053 -0.3747
v 0.2331 56.2963 -0.4644
v 0.0229 56.4856 -0.5249
v -0.1749 56.2946 -0.4352
v -0.2190 55.8164 -1.6554
v -0.0546 55.6660 -1.5932
v 0.1075 55.8089 -1.6759
v -0.0569 55.9594 -1.7381
v -0.2190 55.8164 -1.6554
v -0.2556 55.2618 -2.7988
v -0.1453 55.1308 -2.7705
v -0.0304 55.2044 -2.8777
v -0.1406 55.3354 -2.9060
v -0.2556 55.2618 -2.7988
v -0.7452 54.5735 -3.8545
v -0.6614 54.4955 -3.8380
v -0.5825 54.5801 -3.8386
v -0.6663 54.6582 -3.8550
v -0.7452 54.5735 -3.8545
v -0.5683 54.4453 -5.1633
v -0.5274 54.4056 -5.1533
v -0.4960 54.4451 -5.1250
v -0.5368 54.4848 -5.1351
v -0.5683 54.4453 -5.1633
v 0.0625 54.7734 -6.2655
v 0.0625 54.7734 -6.2655
v 0.0625 54.7734 -6.2655
v 0.0625 54.7734 -6.2655
v 0.0625 54.7734 -6.2655
v -0.1505 59.8116 -0.3943
v 0.0470 59.6367 -0.3611
v 0.2189 59.8112 -0.4645
v 0.0214 59.9861 -0.4978
v -0.1505 59.8116 -0.3943
v -0.3079 59.3971 -1.4654
v -0.1689 59.2364 -1.4532
v -0.0432 59.3346 -1.5940
v -0.1821 59.4952 -1.6062
v -0.3079 59.3971 -1.4654
v -0.8406 58.8355 -2.3779
v -0.7444 58.7085 -2.3708
v -0.6515 58.7725 -2.4837
v -0.7478 58.8996 -2.4908
v -0.8406 58.8355 -2.3779
v -1.4638 58.2920 -3.2517
v -1.4044 58.2076 -3.2259
v -1.3429 58.2249 -3.3110
v -1.4023 58.3093 -3.3368
v -1.4638 58.2920 -3.2517
v -2.1548 57.5609 -3.9325
v -2.1230 57.5191 -3.9242
v -2.0858 57.5413 -3.9550
v -2.1176 57.5831 -3.9633
v -2.1548 57.5609 -3.9325
v -2.5917 57.0012 -4.9074
v -2.5917 57.0012 -4.9074
v -2.5917 57.0012 -4.9074
v -2.5917 57.0012 -4.9074
v -2.5917 57.0012 -4.9074
v -0.1660 56.2698 -0.3887
v 0.0529 56.0808 -0.3782
v 0.2245 56.2721 -0.5113
v 0.0056 56.4611 -0.5218
v -0.1660 56.2698 -0.3887
v -0.4950 55.7624 -1.6166
v -0.3095 55.6254 -1.5971
v -0.1713 55.8106 -1.6110
v -0.3569 55.9476 -1.6305
v -0.4950 55.7624 -1.6166
v -0.4043 55.6365 -2.9617
v -0.2689 55.5369 -2.9181
v -0.1784 55.6787 -2.8752
v -0.3138 55.7783 -2.9188
v -0.4043 55.6365 -2.9617
v 0.0845 55.7187 -4.1506
v 0.1823 55.6613 -4.1273
v 0.2429 55.7589 -4.1414
v 0.1451 55.8162 -4.1647
v 0.0845 55.7187 -4.1506
v 0.2683 55.4531 -5.4189
v 0.3189 55.4306 -5.4021
v 0.3465 55.4772 -5.4225
v 0.2959 55.4997 -5.4394
v 0.2683 55.4531 -5.4189
v 0.4343 54.8782 -6.5869
v 0.4343 54.8782 -6.5869
v 0.4343 54.8782 -6.5869
v 0.4343 54.8782 -6.5869
v 0.4343 54.8782 -6.5869
v -0.1571 54.0369 -0.3785
v 0.0720 53.8374 -0.3939
v 0.2356 54.0376 -0.5541
v 0.0065 54.2371 -0.5386
v -0.1571 54.0369 -0.3785
v -0.6416 53.5353 -1.5701
v -0.4607 53.3727 -1.5659
v -0.3243 53.5210 -1.7024
v -0.5053 53.6836 -1.7066
v -0.6416 53.5353 -1.5701
v -1.1120 52.9422 -2.7551
v -0.9708 52.8488 -2.6869
v -0.8579 52.9370 -2.7999
v -0.9991 53.0304 -2.8681
v -1.1120 52.9422 -2.7551
v -1.2577 51.9667 -3.7168
v -1.1651 51.9160 -3.6564
v -1.0881 51.9541 -3.7425
v -1.1807 52.0048 -3.8029
v -1.2577 51.9667 -3.7168
v -1.3932 50.8162 -4.4183
v -1.3611 50.7814 -4.3800
v -1.3365 50.7521 -4.4272
v -1.3685 50.7869 -4.4655
v -1.3932 50.8162 -4.4183
v -2.3957 49.8692 -4.3921
v -2.3957 49.8692 -4.3921
v -2.3957 49.8692 -4.3921
v -2.3957 49.8692 -4.3921
v -2.3957 49.8692 -4.3921
v -0.0855 76.5076 -0.4848
v 0.0300 76.4056 -0.5053
v 0.1034 76.5071 -0.5972
v -0.0120 76.6092 -0.5767
v -0.0855 76.5076 -0.4848
v -0.3717 76.2296 -1.0277
v -0.3134 76.1547 -1.1081
v -0.2788 76.2536 -1.1751
v -0.3371 76.3285 -1.0947
v -0.3717 76.2296 -1.0277
v -0.9592 76.1638 -1.4399
v -0.9126 76.1333 -1.5147
v -0.8728 76.2171 -1.5241
v -0.9194 76.2476 -1.4493
v -0.9592 76.1638 -1.4399
v -1.4860 76.3957 -1.8762
v -1.4493 76.3527 -1.9019
v -1.4082 76.3968 -1.9171
v -1.4449 76.4399 -1.8914
v -1.4860 76.3957 -1.8762
v -1.7922 76.4825 -2.5045
v -1.7783 76.4730 -2.5307
v -1.7541 76.4915 -2.5247
v -1.7680 76.5010 -2.4985
v -1.7922 76.4825 -2.5045
v -2.0861 77.0090 -2.8695
v -2.0861 77.0090 -2.8695
v -2.0861 77.0090 -2.8695
v -2.0861 77.0090 -2.8695
v -2.0861 77.0090 -2.8695
v -0.0380 86.1581 -0.4842
v 0.0282 86.0981 -0.5043
v 0.0648 86.1581 -0.5629
v -0.0013 86.2181 -0.5428
v -0.0380 86.1581 -0.4842
v -0.2634 86.0020 -0.8001
v -0.2132 85.9522 -0.8195
v -0.1776 86.0033 -0.8581
v -0.2277 86.0530 -0.8387
v -0.2634 86.0020 -0.8001
v -0.4819 85.8991 -1.1763
v -0.4350 85.8705 -1.1743
v -0.4096 85.9138 -1.1520
v -0.4564 85.9424 -1.1540
v -0.4819 85.8991 -1.1763
v -0.3674 86.0373 -1.5569
v -0.3342 86.0221 -1.5536
v -0.3246 86.0482 -1.5297
v -0.3578 86.0633 -1.5329
v -0.3674 86.0373 -1.5569
v -0.2155 86.2730 -1.8638
v -0.1981 86.2790 -1.8642
v -0.1996 86.2845 -1.8468
v -0.2169 86.2785 -1.8464
v -0.2155 86.2730 -1.8638
v -0.3383 86.6511 -1.9839
v -0.3383 86.6511 -1.9839
v -0.3383 86.6511 -1.9839
v -0.3383 86.6511 -1.9839
v -0.3383 86.6511 -1.9839
v 0.0002 97.1503 -0.5171
v 0.0132 97.1380 -0.5227
v 0.0193 97.1503 -0.5356
v 0.0063 97.1627 -0.5299
v 0.0002 97.1503 -0.5171
v -0.0392 97.1173 -0.5744
v -0.0460 97.1078 -0.5839
v -0.0513 97.1195 -0.5918
v -0.0445 97.1290 -0.5823
v -0.0392 97.1173 -0.5744
v -0.1112 97.1267 -0.5344
v -0.1151 97.1202 -0.5260
v -0.1187 97.1127 -0.5336
v -0.1148 97.1192 -0.5420
v -0.1112 97.1267 -0.5344
v -0.1857 97.1629 -0.5393
v -0.1893 97.1611 -0.5330
v -0.1942 97.1570 -0.5369
v -0.1906 97.1588 -0.5433
v -0.1857 97.1629 -0.5393
v -0.2377 97.2287 -0.5462
v -0.2408 97.2273 -0.5445
v -0.2428 97.2278 -0.5476
v -0.2398 97.2292 -0.5494
v -0.2377 97.2287 -0.5462
v -0.2615 97.3065 -0.5206
v -0.2615 97.3065 -0.5206
v -0.2615 97.3065 -0.5206
v -0.2615 97.3065 -0.5206
v -0.2615 97.3065 -0.5206
v -0.0435 80.7733 -0.4539
v 0.0395 80.6899 -0.5022
v 0.0703 80.7733 -0.5932
v -0.0127 80.8567 -0.5448
v -0.0435 80.7733 -0.4539
v -0.4583 80.5432 -0.8210
v -0.3847 80.4871 -0.8633
v -0.3430 80.5714 -0.9023
v -0.4166 80.6275 -0.8600
v -0.4583 80.5432 -0.8210
v -0.7419 80.4764 -1.2917
v -0.7137 80.4457 -1.3556
v -0.6996 80.5156 -1.3829
v -0.7278 80.5463 -1.3190
v -0.7419 80.4764 -1.2917
v -1.2632 80.5102 -1.5430
v -1.2453 80.4733 -1.5731
v -1.2289 80.5082 -1.6062
v -1.2468 80.5451 -1.5761
v -1.2632 80.5102 -1.5430
v -1.7656 80.4946 -1.8374
v -1.7551 80.4716 -1.8400
v -1.7407 80.4803 -1.8590
v -1.7512 80.5034 -1.8564
v -1.7656 80.4946 -1.8374
v -2.1636 80.3424 -2.2262
v -2.1636 80.3424 -2.2262
v -2.1636 80.3424 -2.2262
v -2.1636 80.3424 -2.2262
v -2.1636 80.3424 -2.2262
v -0.0219 85.9584 -0.4682
v 0.0341 85.8975 -0.5103
v 0.0488 85.9584 -0.5789
v -0.0073 86.0193 -0.5368
v -0.0219 85.9584 -0.4682
v -0.3373 85.8249 -0.6924
v -0.3023 85.7602 -0.7029
v -0.2938 85.7764 -0.7749
v -0.3288 85.8412 -0.7644
v -0.3373 85.8249 -0.6924
v -0.6914 85.6360 -0.7863
v -0.6773 85.5833 -0.7973
v -0.6764 85.5950 -0.8518
v -0.6905 85.6477 -0.8407
v -0.6914 85.6360 -0.7863
v -1.1032 85.5282 -0.8309
v -1.0891 85.4939 -0.8293
v -1.0789 85.4964 -0.8650
v -1.0931 85.5307 -0.8665
v -1.1032 85.5282 -0.8309
v -1.4697 85.3606 -0.9557
v -1.4643 85.3429 -0.9574
v -1.4567 85.3468 -0.9739
v -1.4621 85.3645 -0.9722
v -1.4697 85.3606 -0.9557
v -1.8274 85.2613 -1.1547
v -1.8274 85.2613 -1.1547
v -1.8274 85.2613 -1.1547
v -1.8274 85.2613 -1.1547
v -1.8274 85.2613 -1.1547
v -0.0425 75.1513 -0.4309
v 0.0474 75.0434 -0.5165
v 0.0591 75.1513 -0.6401
v -0.0308 75.2591 -0.5545
v -0.0425 75.1513 -0.4309
v -0.6447 74.8760 -0.7499
v -0.5866 74.7846 -0.8245
v -0.5822 74.8694 -0.9250
v -0.6404 74.9608 -0.8504
v -0.6447 74.8760 -0.7499
v -1.3043 74.6275 -1.0015
v -1.2657 74.5672 -1.0694
v -1.2586 74.6427 -1.1325
v -1.2972 74.7030 -1.0646
v -1.3043 74.6275 -1.0015
v -1.9529 74.4616 -1.2850
v -1.9583 74.4478 -1.3491
v -1.9776 74.5096 -1.3608
v -1.9722 74.5234 -1.2968
v -1.9529 74.4616 -1.2850
v -2.6857 74.2632 -1.2219
v -2.6679 74.2828 -1.2415
v -2.6646 74.3044 -1.2169
v -2.6823 74.2848 -1.1973
v -2.6857 74.2632 -1.2219
v -3.2979 74.6293 -1.4388
v -3.2979 74.6293 -1.4388
v -3.2979 74.6293 -1.4388
v -3.2979 74.6293 -1.4388
v -3.2979 74.6293 -1.4388
v -0.0014 91.2770 -0.4861
v 0.0264 91.2392 -0.5196
v 0.0254 91.2770 -0.5631
v -0.0024 91.3148 -0.5296
v -0.0014 91.2770 -0.4861
v -0.2353 91.1675 -0.5801
v -0.2106 91.1484 -0.6141
v -0.1984 91.1904 -0.6288
v -0.2231 91.2095 -0.5948
v -0.2353 91.1675 -0.5801
v -0.4418 91.1873 -0.7409
v -0.4266 91.1608 -0.7572
v -0.4118 91.1830 -0.7793
v -0.4271 91.2094 -0.7631
v -0.4418 91.1873 -0.7409
v -0.6473 91.1712 -0.9142
v -0.6356 91.1526 -0.9071
v -0.6197 91.1563 -0.9234
v -0.6314 91.1749 -0.9306
v -0.6473 91.1712 -0.9142
v -0.7749 91.0200 -1.0866
v -0.7698 91.0162 -1.0770
v -0.7636 91.0087 -1.0833
v -0.7688 91.0125 -1.0929
v -0.7749 91.0200 -1.0866
v -0.9576 90.8354 -1.0550
v -0.9576 90.8354 -1.0550
v -0.9576 90.8354 -1.0550
v -0.9576 90.8354 -1.0550
v -0.9576 90.8354 -1.0550
v -0.0228 70.4085 -0.3930
v 0.0580 70.2796 -0.5163
v 0.0375 70.4075 -0.6632
v -0.0432 70.5364 -0.5398
v -0.0228 70.4085 -0.3930
v -0.8602 70.0506 -0.6193
v -0.7602 69.9704 -0.7093
v -0.7316 70.0998 -0.7928
v -0.8316 70.1800 -0.7028
v -0.8602 70.0506 -0.6193
v -1.4787 69.8835 -1.1780
v -1.4368 69.7896 -1.2348
v -1.4406 69.8492 -1.3360
v -1.4826 69.9431 -1.2792
v -1.4787 69.8835 -1.1780
v -2.3249 69.6036 -1.3610
v -2.2751 69.5434 -1.3542
v -2.2514 69.5548 -1.4280
v -2.3011 69.6149 -1.4347
v -2.3249 69.6036 -1.3610
v -2.9379 69.0262 -1.6621
v -2.9153 68.9981 -1.6772
v -2.9000 69.0239 -1.7024
v -2.9226 69.0521 -1.6872
v -2.9379 69.0262 -1.6621
v -3.5550 68.8301 -2.2697
v -3.5550 68.8301 -2.2697
v -3.5550 68.8301 -2.2697
v -3.5550 68.8301 -2.2697
v -3.5550 68.8301 -2.2697
v -0.0031 75.7320 -0.4249
v 0.0508 75.6266 -0.5333
v 0.0203 75.7317 -0.6508
v -0.0336 75.8372 -0.5424
v -0.0031 75.7320 -0.4249
v -0.7017 75.4869 -0.5294
v -0.6327 75.3846 -0.5654
v -0.6240 75.4324 -0.6843
v -0.6930 75.5346 -0.6484
v -0.7017 75.4869 -0.5294
v -1.2806 75.1214 -0.7244
v -1.2563 75.0471 -0.7807
v -1.2691 75.1020 -0.8588
v -1.2935 75.1763 -0.8025
v -1.2806 75.1214 -0.7244
v -1.9608 74.9152 -0.7789
v -1.9632 74.8618 -0.8146
v -1.9838 74.8963 -0.8647
v -1.9814 74.9496 -0.8290
v -1.9608 74.9152 -0.7789
v -2.6432 74.8100 -0.6082
v -2.6582 74.7853 -0.5940
v -2.6790 74.7840 -0.6185
v -2.6640 74.8086 -0.6326
v -2.6432 74.8100 -0.6082
v -3.0987 75.2636 -0.2662
v -3.0987 75.2636 -0.2662
v -3.0987 75.2636 -0.2662
v -3.0987 75.2636 -0.2662
v -3.0987 75.2636 -0.2662
v 0.0361 59.5154 -0.2417
v 0.1041 59.3404 -0.4327
v 0.0311 59.5170 -0.6205
v -0.0369 59.6920 -0.4294
v 0.0361 59.5154 -0.2417
v -1.0921 59.0110 -0.2760
v -1.0415 58.9308 -0.4682
v -1.0946 59.1170 -0.5599
v -1.1452 59.1973 -0.3678
v -1.0921 59.0110 -0.2760
v -2.2551 58.5956 -0.4721
v -2.2001 58.5872 -0.6228
v -2.2134 58.7468 -0.6366
v -2.2684 58.7552 -0.4858
v -2.2551 58.5956 -0.4721
v -3.4155 58.4803 -0.9579
v -3.3430 58.5169 -1.0278
v -3.3262 58.6025 -0.9655
v -3.3986 58.5659 -0.8956
v -3.4155 58.4803 -0.9579
v -4.2726 59.1177 -1.5574
v -4.2272 59.1301 -1.5830
v -4.2172 59.1684 -1.5468
v -4.2626 59.1559 -1.5212
v -4.2726 59.1177 -1.5574
v -4.8494 59.9460 -2.2336
v -4.8494 59.9460 -2.2336
v -4.8494 59.9460 -2.2336
v -4.8494 59.9460 -2.2336
v -4.8494 59.9460 -2.2336
v 0.0202 88.7812 -0.4715
v 0.0329 88.7325 -0.5260
v 0.0066 88.7811 -0.5755
v -0.0061 88.8298 -0.5210
v 0.0202 88.7812 -0.4715
v -0.3007 88.6568 -0.4415
v -0.2846 88.6147 -0.4802
v -0.2908 88.6533 -0.5248
v -0.3070 88.6954 -0.4862
v -0.3007 88.6568 -0.4415
v -0.6043 88.5745 -0.4913
v -0.6125 88.5337 -0.5072
v -0.6306 88.5516 -0.5437
v -0.6225 88.5924 -0.5278
v -0.6043 88.5745 -0.4913
v -0.8995 88.5651 -0.3587
v -0.9167 88.5435 -0.3695
v -0.9375 88.5635 -0.3763
v -0.9203 88.5851 -0.3655
v -0.8995 88.5651 -0.3587
v -1.0474 88.5231 -0.0665
v -1.0564 88.5129 -0.0607
v -1.0677 88.5223 -0.0616
v -1.0587 88.5326 -0.0675
v -1.0474 88.5231 -0.0665
v -0.9877 88.6376 0.2442
v -0.9877 88.6376 0.2442
v -0.9877 88.6376 0.2442
v -0.9877 88.6376 0.2442
v -0.9877 88.6376 0.2442
v 0.0361 76.0112 -0.4301
v 0.0494 75.9068 -0.5490
v -0.0186 76.0107 -0.6478
v -0.0320 76.1151 -0.5290
v 0.0361 76.0112 -0.4301
v -0.6097 75.7338 -0.2913
v -0.6099 75.6590 -0.3939
v -0.6671 75.7506 -0.4606
v -0.6670 75.8254 -0.3580
v -0.6097 75.7338 -0.2913
v -1.2768 75.5035 -0.1211
v -1.2628 75.4191 -0.1629
v -1.2843 75.4573 -0.2474
v -1.2983 75.5417 -0.2057
v -1.2768 75.5035 -0.1211
v -1.9583 75.3525 -0.0627
v -1.9639 75.2915 -0.0461
v -1.9886 75.2782 -0.1031
v -1.9830 75.3393 -0.1197
v -1.9583 75.3525 -0.0627
v -2.6135 75.4564 0.1706
v -2.6299 75.4437 0.1947
v -2.6529 75.4351 0.1746
v -2.6365 75.4478 0.1505
v -2.6135 75.4564 0.1706
v -2.9624 76.0765 0.2794
v -2.9624 76.0765 0.2794
v -2.9624 76.0765 0.2794
v -2.9624 76.0765 0.2794
v -2.9624 76.0765 0.2794
v 0.1050 64.1327 -0.2949
v 0.1053 63.9745 -0.4719
v -0.0140 64.1273 -0.6088
v -0.0144 64.2855 -0.4318
v 0.1050 64.1327 -0.2949
v -0.8699 63.7553 0.0379
v -0.8407 63.6011 -0.0690
v -0.8992 63.6964 -0.2224
v -0.9284 63.8506 -0.1156
v -0.8699 63.7553 0.0379
v -1.8768 63.3973 0.1927
v -1.8658 63.3102 0.0805
v -1.9126 63.4142 -0.0048
v -1.9236 63.5013 0.1074
v -1.8768 63.3973 0.1927
v -2.8638 63.1024 0.2940
v -2.8908 63.0151 0.2686
v -2.9509 63.0521 0.2051
v -2.9239 63.1395 0.2306
v -2.8638 63.1024 0.2940
v -3.6552 63.1177 1.0057
v -3.6753 63.0774 1.0206
v -3.7082 63.0812 0.9866
v -3.6881 63.1216 0.9717
v -3.6552 63.1177 1.0057
v -4.3096 63.6597 1.6666
v -4.3096 63.6597 1.6666
v -4.3096 63.6597 1.6666
v -4.3096 63.6597 1.6666
v -4.3096 63.6597 1.6666
v 0.1094 65.8483 -0.3241
v 0.0899 65.6983 -0.4920
v -0.0378 65.8445 -0.6077
v -0.0182 65.9945 -0.4399
v 0.1094 65.8483 -0.3241
v -0.7075 65.5150 0.0394
v -0.7647 65.3459 0.0106
v -0.9022 65.4092 -0.0882
v -0.8451 65.5783 -0.0594
v -0.7075 65.5150 0.0394
v -1.2988 65.5546 0.8272
v -1.3581 65.4413 0.8722
v -1.4726 65.4759 0.8083
v -1.4133 65.5893 0.7634
v -1.2988 65.5546 0.8272
v -1.6596 66.0374 1.6958
v -1.6868 65.9540 1.6741
v -1.7454 65.9886 1.6146
v -1.7182 66.0720 1.6363
v -1.6596 66.0374 1.6958
v -2.3886 66.0668 2.3876
v -2.4126 66.0347 2.4086
v -2.4491 66.0463 2.3847
v -2.4252 66.0784 2.3637
v -2.3886 66.0668 2.3876
v -2.6816 66.7281 3.1138
v -2.6816 66.7281 3.1138
v -2.6816 66.7281 3.1138
v -2.6816 66.7281 3.1138
v -2.6816 66.7281 3.1138
v 0.0740 74.8943 -0.4372
v 0.0445 74.7855 -0.5592
v -0.0577 74.8946 -0.6317
v -0.0282 75.0033 -0.5097
v 0.0740 74.8943 -0.4372
v -0.5576 74.5806 -0.0559
v -0.5456 74.5285 -0.1776
v -0.5828 74.6444 -0.2309
v -0.5949 74.6965 -0.1092
v -0.5576 74.5806 -0.0559
v -1.2936 74.3866 -0.0502
v -1.2755 74.3232 -0.1250
v -1.2860 74.3975 -0.1906
v -1.3040 74.4609 -0.1158
v -1.2936 74.3866 -0.0502
v -2.0124 74.2459 -0.1271
v -2.0198 74.1964 -0.1708
v -2.0396 74.2401 -0.2169
v -2.0322 74.2896 -0.1732
v -2.0124 74.2459 -0.1271
v -2.7466 74.1657 0.0693
v -2.7388 74.1339 0.0634
v -2.7329 74.1412 0.0316
v -2.7407 74.1730 0.0374
v -2.7466 74.1657 0.0693
v -3.4597 74.0079 -0.1150
v -3.4597 74.0079 -0.1150
v -3.4597 74.0079 -0.1150
v -3.4597 74.0079 -0.1150
v -3.4597 74.0079 -0.1150
v 0.0380 91.4247 -0.4944
v 0.0232 91.3875 -0.5345
v -0.0143 91.4246 -0.5551
v 0.0004 91.4618 -0.5149
v 0.0380 91.4247 -0.4944
v -0.1388 91.3263 -0.3576
v -0.1607 91.3085 -0.3931
v -0.1985 91.3303 -0.3806
v -0.1766 91.3481 -0.3451
v -0.1388 91.3263 -0.3576
v -0.2147 91.1293 -0.2185
v -0.2324 91.1370 -0.2465
v -0.2605 91.1240 -0.2323
v -0.2427 91.1163 -0.2043
v -0.2147 91.1293 -0.2185
v -0.1658 90.9016 -0.3260
v -0.1768 90.8825 -0.3315
v -0.1958 90.8909 -0.3223
v -0.1848 90.9099 -0.3168
v -0.1658 90.9016 -0.3260
v -0.1091 90.7950 -0.1003
v -0.1142 90.7859 -0.0958
v -0.1239 90.7918 -0.0948
v -0.1187 90.8009 -0.0992
v -0.1091 90.7950 -0.1003
v -0.0449 90.8686 0.1376
v -0.0449 90.8686 0.1376
v -0.0449 90.8686 0.1376
v -0.0449 90.8686 0.1376
v -0.0449 90.8686 0.1376
v 0.2590 47.2859 -0.3292
v 0.1410 47.0582 -0.5657
v -0.1043 47.2864 -0.6629
v 0.0138 47.5141 -0.4264
v 0.2590 47.2859 -0.3292
v -0.7405 46.7111 0.6733
v -0.8629 46.4926 0.5502
v -1.0826 46.6520 0.4856
v -0.9602 46.8705 0.6087
v -0.7405 46.7111 0.6733
v -1.4612 46.2999 2.0103
v -1.5615 46.1642 1.8864
v -1.7317 46.2859 1.8910
v -1.6314 46.4216 2.0148
v -1.4612 46.2999 2.0103
v -2.0282 45.5198 3.2655
v -2.0962 45.4278 3.1856
v -2.2080 45.5113 3.1845
v -2.1400 45.6033 3.2643
v -2.0282 45.5198 3.2655
v -2.6215 44.8074 4.5310
v -2.6588 44.7487 4.5246
v -2.7160 44.7864 4.5116
v -2.6788 44.8451 4.5181
v -2.6215 44.8074 4.5310
v -2.9945 44.8332 6.0682
v -2.9945 44.8332 6.0682
v -2.9945 44.8332 6.0682
v -2.9945 44.8332 6.0682
v -2.9945 44.8332 6.0682
v 0.1605 66.3600 -0.3778
v 0.0684 66.2123 -0.5166
v -0.0945 66.3569 -0.5624
v -0.0025 66.5046 -0.4236
v 0.1605 66.3600 -0.3778
v -0.4188 65.9590 0.3702
v -0.4878 65.8788 0.2269
v -0.6082 66.0092 0.2120
v -0.5392 66.0894 0.3552
v -0.4188 65.9590 0.3702
v -1.0669 65.4743 0.9362
v -1.1288 65.3768 0.8691
v -1.2248 65.4624 0.8332
v -1.1629 65.5600 0.9003
v -1.0669 65.4743 0.9362
v -1.6206 65.2357 1.7545
v -1.6596 65.1679 1.7119
v -1.7167 65.2246 1.6739
v -1.6777 65.2924 1.7165
v -1.6206 65.2357 1.7545
v -2.2958 65.1182 2.5180
v -2.3017 65.0792 2.4972
v -2.3120 65.1009 2.4596
v -2.3061 65.1398 2.4805
v -2.2958 65.1182 2.5180
v -3.2764 65.1129 2.7581
v -3.2764 65.1129 2.7581
v -3.2764 65.1129 2.7581
v -3.2764 65.1129 2.7581
v -3.2764 65.1129 2.7581
v 0.1986 59.6355 -0.3382
v 0.0680 59.4613 -0.4929
v -0.1310 59.6371 -0.5227
v -0.0003 59.8112 -0.3679
v 0.1986 59.6355 -0.3382
v -0.3965 59.1368 0.6297
v -0.4907 59.0651 0.4518
v -0.6346 59.2225 0.4645
v -0.5404 59.2942 0.6424
v -0.3965 59.1368 0.6297
v -1.1284 58.4460 1.2481
v -1.2166 58.4083 1.1197
v -1.3395 58.4919 1.1796
v -1.2514 58.5296 1.3080
v -1.1284 58.4460 1.2481
v -1.5725 57.4642 1.8222
v -1.6243 57.4090 1.7468
v -1.6953 57.4883 1.7376
v -1.6435 57.5434 1.8130
v -1.5725 57.4642 1.8222
v -2.3034 56.9333 2.6513
v -2.3198 56.9362 2.6006
v -2.3413 56.9842 2.6103
v -2.3249 56.9812 2.6611
v -2.3034 56.9333 2.6513
v -3.3665 56.4279 2.9373
v -3.3665 56.4279 2.9373
v -3.3665 56.4279 2.9373
v -3.3665 56.4279 2.9373
v -3.3665 56.4279 2.9373
v 0.0909 82.0536 -0.4913
v 0.0255 81.9758 -0.5526
v -0.0641 82.0536 -0.5557
v 0.0013 82.1315 -0.4945
v 0.0909 82.0536 -0.4913
v -0.1154 81.8655 -0.0430
v -0.1702 81.7880 -0.0441
v -0.2409 81.8386 -0.0825
v -0.1860 81.9161 -0.0814
v -0.1154 81.8655 -0.0430
v -0.3185 81.9977 0.4465
v -0.3554 81.9404 0.4674
v -0.3996 81.9488 0.4122
v -0.3628 82.0061 0.3913
v -0.3185 81.9977 0.4465
v -0.6428 82.2928 0.7309
v -0.6748 82.2817 0.7642
v -0.7089 82.2808 0.7312
v -0.6769 82.2919 0.6978
v -0.6428 82.2928 0.7309
v -0.7580 82.8166 0.8245
v -0.7709 82.7967 0.8250
v -0.7821 82.8034 0.8051
v -0.7691 82.8233 0.8046
v -0.7580 82.8166 0.8245
v -1.1446 83.0614 1.1082
v -1.1446 83.0614 1.1082
v -1.1446 83.0614 1.1082
v -1.1446 83.0614 1.1082
v -1.1446 83.0614 1.1082
v 0.1859 66.2017 -0.4255
v 0.0509 66.0534 -0.5244
v -0.1183 66.1991 -0.5121
v 0.0168 66.3475 -0.4132
v 0.1859 66.2017 -0.4255
v -0.0960 65.8412 0.4472
v -0.2085 65.7021 0.4475
v -0.3470 65.8140 0.4302
v -0.2345 65.9532 0.4299
v -0.0960 65.8412 0.4472
v -0.2049 65.8860 1.4233
v -0.2865 65.8114 1.4994
v -0.3881 65.8948 1.4722
v -0.3065 65.9694 1.3961
v -0.2049 65.8860 1.4233
v 0.0093 66.4587 2.2584
v -0.0476 66.4023 2.2982
v -0.1160 66.4417 2.2561
v -0.0591 66.4980 2.2163
v 0.0093 66.4587 2.2584
v -0.1316 67.1118 3.0455
v -0.1543 67.0733 3.0482
v -0.1797 67.0860 3.0136
v -0.1570 67.1244 3.0110
v -0.1316 67.1118 3.0455
v -0.8119 67.5311 3.6700
v -0.8119 67.5311 3.6700
v -0.8119 67.5311 3.6700
v -0.8119 67.5311 3.6700
v -0.8119 67.5311 3.6700
v 0.2215 59.1501 -0.4025
v 0.0438 58.9736 -0.5043
v -0.1559 59.1513 -0.4638
v 0.0218 59.3277 -0.3619
v 0.2215 59.1501 -0.4025
v -0.0068 58.6745 0.7361
v -0.1434 58.5495 0.6243
v -0.2949 58.7033 0.6375
v -0.1583 58.8282 0.7494
v -0.0068 58.6745 0.7361
v -0.4626 58.1628 1.7862
v -0.5544 58.1049 1.6657
v -0.6533 58.2326 1.6797
v -0.5616 58.2905 1.8002
v -0.4626 58.1628 1.7862
v -1.1645 57.5658 2.5623
v -1.2359 57.5317 2.4886
v -1.3102 57.5987 2.5296
v -1.2388 57.6328 2.6033
v -1.1645 57.5658 2.5623
v -1.5703 56.7021 3.3141
v -1.6078 56.6637 3.3086
v -1.6467 56.7012 3.3116
v -1.6091 56.7396 3.3171
v -1.5703 56.7021 3.3141
v -1.6473 56.5654 4.5299
v -1.6473 56.5654 4.5299
v -1.6473 56.5654 4.5299
v -1.6473 56.5654 4.5299
v -1.6473 56.5654 4.5299
v 0.2241 59.0029 -0.4254
v 0.0352 58.8257 -0.5062
v -0.1592 59.0040 -0.4426
v 0.0298 59.1811 -0.3617
v 0.2241 59.0029 -0.4254
v 0.1324 58.5470 0.6876
v -0.0175 58.3917 0.6649
v -0.1724 58.5332 0.7202
v -0.0226 58.6885 0.7430
v 0.1324 58.5470 0.6876
v 0.2245 58.2476 1.8392
v 0.1239 58.1206 1.8551
v 0.0166 58.2153 1.9326
v 0.1172 58.3423 1.9168
v 0.2245 58.2476 1.8392
v 0.7237 57.9483 2.9638
v 0.6491 57.8875 2.9136
v 0.5703 57.9481 2.9572
v 0.6449 58.0089 3.0074
v 0.7237 57.9483 2.9638
v 0.6435 57.1878 3.9366
v 0.6068 57.1816 3.8971
v 0.5690 57.2046 3.9287
v 0.6058 57.2108 3.9681
v 0.6435 57.1878 3.9366
v 0.3094 56.0913 4.3835
v 0.3094 56.0913 4.3835
v 0.3094 56.0913 4.3835
v 0.3094 56.0913 4.3835
v 0.3094 56.0913 4.3835
v 0.2579 53.5946 -0.4850
v 0.0351 53.3940 -0.5518
v -0.1753 53.5951 -0.4540
v 0.0474 53.7957 -0.3872
v 0.2579 53.5946 -0.4850
v 0.2925 53.0844 0.7496
v 0.1292 52.9012 0.7595
v -0.0274 53.0473 0.8800
v 0.1360 53.2305 0.8701
v 0.2925 53.0844 0.7496
v 0.8040 52.6496 2.0077
v 0.6731 52.5201 2.0007
v 0.5462 52.6460 2.0455
v 0.6772 52.7755 2.0525
v 0.8040 52.6496 2.0077
v 0.9615 52.3743 3.3949
v 0.8749 52.2873 3.3978
v 0.7922 52.3683 3.3567
v 0.8788 52.4553 3.3539
v 0.9615 52.3743 3.3949
v 0.6121 52.7179 4.6846
v 0.5682 52.6860 4.7134
v 0.5257 52.7238 4.6904
v 0.5696 52.7558 4.6617
v 0.6121 52.7179 4.6846
v 0.7002 53.5441 5.8022
v 0.7002 53.5441 5.8022
v 0.7002 53.5441 5.8022
v 0.7002 53.5441 5.8022
v 0.7002 53.5441 5.8022
v 0.1854 66.5740 -0.5011
v 0.0216 66.4278 -0.5282
v -0.1219 66.5728 -0.4427
v 0.0419 66.7189 -0.4155
v 0.1854 66.5740 -0.5011
v 0.3322 66.1992 0.4389
v 0.1997 66.0820 0.4340
v 0.0827 66.2138 0.4501
v 0.2152 66.3309 0.4550
v 0.3322 66.1992 0.4389
v 0.3382 66.1175 1.4641
v 0.2406 66.0277 1.4599
v 0.1556 66.1219 1.4210
v 0.2532 66.2117 1.4251
v 0.3382 66.1175 1.4641
v 0.0843 66.3180 2.4205
v 0.0202 66.2571 2.4205
v -0.0341 66.3142 2.3803
v 0.0300 66.3751 2.3803
v 0.0843 66.3180 2.4205
v -0.2574 66.6453 3.2947
v -0.2905 66.6335 3.3217
v -0.3199 66.6480 3.2920
v -0.2868 66.6598 3.2651
v -0.2574 66.6453 3.2947
v -0.2666 67.5548 3.7176
v -0.2666 67.5548 3.7176
v -0.2666 67.5548 3.7176
v -0.2666 67.5548 3.7176
v -0.2666 67.5548 3.7176
v 0.1333 71.8043 -0.5676
v -0.0074 71.6820 -0.5750
v -0.1185 71.8046 -0.4886
v 0.0222 71.9268 -0.4812
v 0.1333 71.8043 -0.5676
v 0.3199 71.5300 0.1622
v 0.2330 71.4091 0.1522
v 0.1644 71.4480 0.2789
v 0.2513 71.5689 0.2889
v 0.3199 71.5300 0.1622
v 0.8547 71.0805 0.6097
v 0.8054 70.9804 0.6178
v 0.7636 71.0090 0.7176
v 0.8129 71.1092 0.7095
v 0.8547 71.0805 0.6097
v 1.5057 70.7740 1.0063
v 1.5008 70.6996 1.0028
v 1.4931 70.6966 1.0769
v 1.4980 70.7710 1.0805
v 1.5057 70.7740 1.0063
v 2.3437 70.6968 1.1110
v 2.3422 70.6600 1.1055
v 2.3337 70.6549 1.1414
v 2.3352 70.6918 1.1469
v 2.3437 70.6968 1.1110
v 3.1612 70.6137 1.3128
v 3.1612 70.6137 1.3128
v 3.1612 70.6137 1.3128
v 3.1612 70.6137 1.3128
v 3.1612 70.6137 1.3128
v 0.3012 47.4048 -0.5968
v 0.0400 47.1752 -0.5819
v -0.1482 47.4013 -0.3958
v 0.1130 47.6309 -0.4106
v 0.3012 47.4048 -0.5968
v 0.8712 46.7803 0.8196
v 0.6480 46.6152 0.7978
v 0.4821 46.8324 0.8509
v 0.7052 46.9975 0.8727
v 0.8712 46.7803 0.8196
v 0.9012 46.4685 2.3490
v 0.7383 46.3463 2.3950
v 0.6158 46.5148 2.4092
v 0.7787 46.6371 2.3632
v 0.9012 46.4685 2.3490
v 1.1994 46.5969 3.9184
v 1.0888 46.5179 3.8885
v 1.0050 46.6270 3.9100
v 1.1156 46.7060 3.9400
v 1.1994 46.5969 3.9184
v 1.0236 46.2083 5.4320
v 0.9684 46.1672 5.4216
v 0.9260 46.2196 5.4392
v 0.9812 46.2607 5.4496
v 1.0236 46.2083 5.4320
v 1.0316 45.7539 6.9437
v 1.0316 45.7539 6.9437
v 1.0316 45.7539 6.9437
v 1.0316 45.7539 6.9437
v 1.0316 45.7539 6.9437
v 0.1237 71.0813 -0.5973
v -0.0186 70.9560 -0.5713
v -0.1089 71.0818 -0.4589
v 0.0334 71.2071 -0.4849
v 0.1237 71.0813 -0.5973
v 0.5072 70.7846 0.1074
v 0.4001 70.6758 0.0964
v 0.3300 70.7322 0.2202
v 0.4371 70.8410 0.2313
v 0.5072 70.7846 0.1074
v 0.9718 70.2355 0.6447
v 0.8820 70.1640 0.6412
v 0.8174 70.2425 0.6946
v 0.9072 70.3139 0.6981
v 0.9718 70.2355 0.6447
v 1.1653 69.9183 1.3992
v 1.1218 69.8582 1.4180
v 1.0902 69.8988 1.4746
v 1.1337 69.9589 1.4559
v 1.1653 69.9183 1.3992
v 1.7522 69.6431 1.9569
v 1.7443 69.6072 1.9675
v 1.7370 69.6194 2.0031
v 1.7450 69.6553 1.9924
v 1.7522 69.6431 1.9569
v 2.5772 69.5099 2.1907
v 2.5772 69.5099 2.1907
v 2.5772 69.5099 2.1907
v 2.5772 69.5099 2.1907
v 2.5772 69.5099 2.1907
v 0.0885 79.6828 -0.5830
v -0.0087 79.5946 -0.5539
v -0.0625 79.6824 -0.4674
v 0.0347 79.7706 -0.4965
v 0.0885 79.6828 -0.5830
v 0.4297 79.4349 -0.0870
v 0.3400 79.3777 -0.0716
v 0.2825 79.4685 -0.0684
v 0.3722 79.5258 -0.0838
v 0.4297 79.4349 -0.0870
v 0.4943 79.4761 0.5116
v 0.4283 79.4298 0.5086
v 0.3844 79.4905 0.5385
v 0.4504 79.5368 0.5414
v 0.4943 79.4761 0.5116
v 0.5891 79.2833 1.0838
v 0.5450 79.2570 1.0678
v 0.5146 79.2900 1.0975
v 0.5587 79.3163 1.1135
v 0.5891 79.2833 1.0838
v 0.6202 78.9062 1.5537
v 0.6034 78.8893 1.5660
v 0.5902 78.9101 1.5766
v 0.6070 78.9271 1.5643
v 0.6202 78.9062 1.5537
v 0.9737 78.8954 2.0502
v 0.9737 78.8954 2.0502
v 0.9737 78.8954 2.0502
v 0.9737 78.8954 2.0502
v 0.9737 78.8954 2.0502
v 0.2156 51.1814 -0.6495
v -0.0071 50.9679 -0.5537
v -0.1126 51.1775 -0.3316
v 0.1101 51.3910 -0.4275
v 0.2156 51.1814 -0.6495
v 1.1619 50.6198 0.3984
v 0.9537 50.4669 0.4054
v 0.8355 50.6349 0.5621
v 1.0437 50.7879 0.5552
v 1.1619 50.6198 0.3984
v 1.6791 49.9209 1.5994
v 1.5172 49.8183 1.5708
v 1.4204 49.9383 1.6884
v 1.5824 50.0409 1.7170
v 1.6791 49.9209 1.5994
v 1.9638 49.1073 2.7478
v 1.8664 49.0290 2.7149
v 1.8091 49.0525 2.8284
v 1.9066 49.1308 2.8613
v 1.9638 49.1073 2.7478
v 2.6417 47.9423 3.3728
v 2.5871 47.9407 3.3383
v 2.5528 47.9495 3.3924
v 2.6074 47.9511 3.4268
v 2.6417 47.9423 3.3728
v 2.5206 46.4957 3.5711
v 2.5206 46.4957 3.5711
v 2.5206 46.4957 3.5711
v 2.5206 46.4957 3.5711
v 2.5206 46.4957 3.5711
v 0.0272 94.0949 -0.5477
v 0.0017 94.0693 -0.5329
v -0.0077 94.0949 -0.5049
v 0.0178 94.1205 -0.5198
v 0.0272 94.0949 -0.5477
v 0.1565 94.0237 -0.4312
v 0.1326 94.0071 -0.4197
v 0.1171 94.0336 -0.4140
v 0.1410 94.0501 -0.4254
v 0.1565 94.0237 -0.4312
v 0.2163 94.0226 -0.2681
v 0.2080 94.0277 -0.2468
v 0.2017 94.0490 -0.2543
v 0.2099 94.0439 -0.2756
v 0.2163 94.0226 -0.2681
v 0.3770 94.0952 -0.2193
v 0.3685 94.0923 -0.2065
v 0.3582 94.1032 -0.2109
v 0.3667 94.1061 -0.2237
v 0.3770 94.0952 -0.2193
v 0.4644 94.2218 -0.1248
v 0.4588 94.2164 -0.1255
v 0.4538 94.2219 -0.1278
v 0.4594 94.2273 -0.1272
v 0.4644 94.2218 -0.1248
v 0.4117 94.2507 0.0417
v 0.4117 94.2507 0.0417
v 0.4117 94.2507 0.0417
v 0.4117 94.2507 0.0417
v 0.4117 94.2507 0.0417
v 0.0640 79.7873 -0.6043
v -0.0168 79.6994 -0.5441
v -0.0378 79.7866 -0.4449
v 0.0431 79.8745 -0.5051
v 0.0640 79.7873 -0.6043
v 0.5524 79.5350 -0.2527
v 0.4649 79.4856 -0.2159
v 0.4206 79.5804 -0.1937
v 0.5081 79.6299 -0.2305
v 0.5524 79.5350 -0.2527
v 0.7837 79.5258 0.3268
v 0.7143 79.4866 0.3363
v 0.6749 79.5565 0.3370
v 0.7442 79.5957 0.3276
v 0.7837 79.5258 0.3268
v 0.8309 79.5631 0.9295
v 0.7848 79.5382 0.9189
v 0.7577 79.5801 0.9382
v 0.8038 79.6050 0.9488
v 0.8309 79.5631 0.9295
v 0.8189 79.3237 1.4794
v 0.7976 79.3083 1.4747
v 0.7839 79.3215 1.4936
v 0.8053 79.3369 1.4982
v 0.8189 79.3237 1.4794
v 0.9955 78.9283 1.9039
v 0.9955 78.9283 1.9039
v 0.9955 78.9283 1.9039
v 0.9955 78.9283 1.9039
v 0.9955 78.9283 1.9039
v 0.1328 54.1091 -0.6589
v -0.0335 53.9091 -0.5021
v -0.0549 54.1069 -0.2726
v 0.1114 54.3068 -0.4294
v 0.1328 54.1091 -0.6589
v 1.2742 53.6338 -0.0519
v 1.1323 53.4462 0.0089
v 1.0993 53.5427 0.2294
v 1.2412 53.7303 0.1686
v 1.2742 53.6338 -0.0519
v 2.3721 52.8912 0.4555
v 2.2506 52.7832 0.5379
v 2.2048 52.9198 0.6494
v 2.3263 53.0278 0.5670
v 2.3721 52.8912 0.4555
v 3.3286 52.4877 1.4041
v 3.2311 52.4195 1.4287
v 3.1804 52.5132 1.4870
v 3.2779 52.5814 1.4624
v 3.3286 52.4877 1.4041
v 3.8634 52.0927 2.5852
v 3.8305 52.0470 2.6079
v 3.8165 52.0811 2.6563
v 3.8495 52.1268 2.6335
v 3.8634 52.0927 2.5852
v 4.9525 51.6114 3.2773
v 4.9525 51.6114 3.2773
v 4.9525 51.6114 3.2773
v 4.9525 51.6114 3.2773
v 4.9525 51.6114 3.2773
v 0.1508 48.1319 -0.7268
v -0.0137 47.9051 -0.5286
v -0.0091 48.1291 -0.2685
v 0.1554 48.3559 -0.4668
v 0.1508 48.1319 -0.7268
v 1.4676 47.5683 -0.2158
v 1.3728 47.3717 -0.0492
v 1.4049 47.5388 0.1664
v 1.4997 47.7354 -0.0003
v 1.4676 47.5683 -0.2158
v 2.9138 47.0335 0.0295
v 2.8416 46.8843 0.1518
v 2.8567 47.0102 0.3141
v 2.9289 47.1593 0.1918
v 2.9138 47.0335 0.0295
v 4.3953 46.4905 0.3518
v 4.3116 46.4333 0.4444
v 4.2805 46.5578 0.4932
v 4.3641 46.6150 0.4006
v 4.3953 46.4905 0.3518
v 5.5608 46.4213 1.4030
v 5.5085 46.3796 1.4184
v 5.4795 46.4296 1.4553
v 5.5318 46.4713 1.4399
v 5.5608 46.4213 1.4030
v 6.2832 45.9349 2.6932
v 6.2832 45.9349 2.6932
v 6.2832 45.9349 2.6932
v 6.2832 45.9349 2.6932
v 6.2832 45.9349 2.6932
v 0.0143 95.5407 -0.5467
v 0.0021 95.5214 -0.5280
v 0.0052 95.5407 -0.5060
v 0.0174 95.5600 -0.5246
v 0.0143 95.5407 -0.5467
v 0.1290 95.4820 -0.5136
v 0.1282 95.4767 -0.4906
v 0.1322 95.4993 -0.4852
v 0.1330 95.5046 -0.5081
v 0.1290 95.4820 -0.5136
v 0.2722 95.4602 -0.5015
v 0.2619 95.4644 -0.4878
v 0.2522 95.4749 -0.4983
v 0.2625 95.4706 -0.5120
v 0.2722 95.4602 -0.5015
v 0.3459 95.5638 -0.4747
v 0.3432 95.5676 -0.4638
v 0.3385 95.5774 -0.4684
v 0.3412 95.5736 -0.4792
v 0.3459 95.5638 -0.4747
v 0.4649 95.6317 -0.4627
v 0.4607 95.6313 -0.4585
v 0.4566 95.6315 -0.4627
v 0.4607 95.6318 -0.4669
v 0.4649 95.6317 -0.4627
v 0.4575 95.7649 -0.4549
v 0.4575 95.7649 -0.4549
v 0.4575 95.7649 -0.4549
v 0.4575 95.7649 -0.4549
v 0.4575 95.7649 -0.4549
v 0.0979 47.8785 -0.7398
v -0.0168 47.6506 -0.5077
v 0.0477 47.8758 -0.2546
v 0.1625 48.1037 -0.4867
v 0.0979 47.8785 -0.7398
v 1.5959 47.3188 -0.5286
v 1.4501 47.1226 -0.4007
v 1.4400 47.2785 -0.1732
v 1.5859 47.4747 -0.3011
v 1.5959 47.3188 -0.5286
v 2.8736 46.6784 0.0172
v 2.7971 46.5119 0.1134
v 2.8144 46.6091 0.2953
v 2.8910 46.7756 0.1992
v 2.8736 46.6784 0.0172
v 4.3067 46.1029 0.2305
v 4.2629 45.9865 0.2901
v 4.2745 46.0457 0.4142
v 4.3183 46.1621 0.3545
v 4.3067 46.1029 0.2305
v 5.7941 45.5734 0.3837
v 5.7558 45.5249 0.4144
v 5.7408 45.5690 0.4653
v 5.7791 45.6175 0.4347
v 5.7941 45.5734 0.3837
v 7.0227 45.0811 1.2174
v 7.0227 45.0811 1.2174
v 7.0227 45.0811 1.2174
v 7.0227 45.0811 1.2174
v 7.0227 45.0811 1.2174
v 0.0127 88.7664 -0.5760
v -0.0063 88.7178 -0.5232
v 0.0141 88.7665 -0.4710
v 0.0331 88.8152 -0.5238
v 0.0127 88.7664 -0.5760
v 0.3229 88.6358 -0.5693
v 0.3142 88.6003 -0.5224
v 0.3285 88.6451 -0.4860
v 0.3371 88.6805 -0.5329
v 0.3229 88.6358 -0.5693
v 0.6428 88.5391 -0.5689
v 0.6443 88.5168 -0.5304
v 0.6552 88.5543 -0.5090
v 0.6536 88.5767 -0.5475
v 0.6428 88.5391 -0.5689
v 0.9654 88.4711 -0.6053
v 0.9752 88.4638 -0.5782
v 0.9854 88.4915 -0.5745
v 0.9756 88.4988 -0.6015
v 0.9654 88.4711 -0.6053
v 1.2705 88.3794 -0.7201
v 1.2710 88.3914 -0.7113
v 1.2724 88.4001 -0.7233
v 1.2719 88.3881 -0.7321
v 1.2705 88.3794 -0.7201
v 1.6065 88.3618 -0.7025
v 1.6065 88.3618 -0.7025
v 1.6065 88.3618 -0.7025
v 1.6065 88.3618 -0.7025
v 1.6065 88.3618 -0.7025
v 0.0062 92.4186 -0.5607
v -0.0024 92.3858 -0.5238
v 0.0153 92.4187 -0.4904
v 0.0239 92.4515 -0.5273
v 0.0062 92.4186 -0.5607
v 0.2357 92.3322 -0.5761
v 0.2127 92.3064 -0.5558
v 0.2037 92.3351 -0.5294
v 0.2267 92.3610 -0.5497
v 0.2357 92.3322 -0.5761
v 0.4101 92.2720 -0.4441
v 0.3967 92.2523 -0.4258
v 0.3872 92.2750 -0.4084
v 0.4006 92.2947 -0.4268
v 0.4101 92.2720 -0.4441
v 0.6023 92.2619 -0.3072
v 0.5889 92.2475 -0.3108
v 0.5757 92.2568 -0.2989
v 0.5891 92.2712 -0.2953
v 0.6023 92.2619 -0.3072
v 0.6734 92.1396 -0.1258
v 0.6673 92.1400 -0.1179
v 0.6602 92.1443 -0.1236
v 0.6663 92.1439 -0.1315
v 0.6734 92.1396 -0.1258
v 0.7490 92.3472 -0.0722
v 0.7490 92.3472 -0.0722
v 0.7490 92.3472 -0.0722
v 0.7490 92.3472 -0.0722
v 0.7490 92.3472 -0.0722
v -0.0177 57.9568 -0.6307
v -0.0419 57.7747 -0.4217
v 0.0782 57.9568 -0.2490
v 0.1024 58.1389 -0.4580
v -0.0177 57.9568 -0.6307
v 1.1504 57.4241 -0.8708
v 1.1088 57.3433 -0.6676
v 1.1748 57.5358 -0.5775
v 1.2164 57.6166 -0.7807
v 1.1504 57.4241 -0.8708
v 2.3299 56.9752 -0.7519
v 2.3064 56.9540 -0.5880
v 2.3573 57.1106 -0.5605
v 2.3807 57.1318 -0.7244
v 2.3299 56.9752 -0.7519
v 3.5575 56.5912 -0.5975
v 3.5097 56.5721 -0.4988
v 3.5056 56.6816 -0.4796
v 3.5534 56.7007 -0.5783
v 3.5575 56.5912 -0.5975
v 4.7016 56.5618 -0.0055
v 4.6609 56.5612 0.0325
v 4.6381 56.6061 0.0087
v 4.6788 56.6067 -0.0292
v 4.7016 56.5618 -0.0055
v 5.3574 57.3297 0.7510
v 5.3574 57.3297 0.7510
v 5.3574 57.3297 0.7510
v 5.3574 57.3297 0.7510
v 5.3574 57.3297 0.7510
v -0.0408 70.9519 -0.6552
v -0.0403 70.8263 -0.5097
v 0.0556 70.9526 -0.4010
v 0.0550 71.0782 -0.5465
v -0.0408 70.9519 -0.6552
v 0.7187 70.6344 -0.9125
v 0.7290 70.5215 -0.8086
v 0.8065 70.6152 -0.7145
v 0.7962 70.7281 -0.8184
v 0.7187 70.6344 -0.9125
v 1.4693 70.3449 -1.2376
v 1.4913 70.2937 -1.1366
v 1.5565 70.3835 -1.1053
v 1.5345 70.4347 -1.2062
v 1.4693 70.3449 -1.2376
v 2.1674 69.9853 -1.5501
v 2.2015 69.9247 -1.5173
v 2.2563 69.9707 -1.4894
v 2.2222 70.0313 -1.5222
v 2.1674 69.9853 -1.5501
v 2.6727 69.8587 -2.2649
v 2.6823 69.8264 -2.2463
v 2.6959 69.8473 -2.2171
v 2.6863 69.8796 -2.2356
v 2.6727 69.8587 -2.2649
v 3.4699 69.8701 -2.6172
v 3.4699 69.8701 -2.6172
v 3.4699 69.8701 -2.6172
v 3.4699 69.8701 -2.6172
v 3.4699 69.8701 -2.6172
v -0.0441 75.5885 -0.6386
v -0.0295 75.4827 -0.5175
v 0.0611 75.5886 -0.4359
v 0.0466 75.6944 -0.5571
v -0.0441 75.5885 -0.6386
v 0.5553 75.3114 -0.9222
v 0.5846 75.2289 -0.8271
v 0.6664 75.3156 -0.7772
v 0.6370 75.3981 -0.8723
v 0.5553 75.3114 -0.9222
v 1.0925 75.0427 -1.2891
v 1.1371 74.9725 -1.2393
v 1.2129 75.0310 -1.2246
v 1.1684 75.1012 -1.2744
v 1.0925 75.0427 -1.2891
v 1.4192 74.8058 -1.8913
v 1.4546 74.7518 -1.8928
v 1.5011 74.7813 -1.8590
v 1.4657 74.8353 -1.8575
v 1.4192 74.8058 -1.8913
v 1.7576 75.0281 -2.5104
v 1.7741 75.0009 -2.5157
v 1.7883 75.0039 -2.4868
v 1.7718 75.0311 -2.4815
v 1.7576 75.0281 -2.5104
v 2.3136 75.4031 -2.8049
v 2.3136 75.4031 -2.8049
v 2.3136 75.4031 -2.8049
v 2.3136 75.4031 -2.8049
v 2.3136 75.4031 -2.8049
v -0.0641 72.7492 -0.6337
v -0.0322 72.6311 -0.5012
v 0.0789 72.7494 -0.4225
v 0.0469 72.8675 -0.5550
v -0.0641 72.7492 -0.6337
v 0.5514 72.4571 -1.0095
v 0.6077 72.3457 -0.9372
v 0.7184 72.4285 -0.8959
v 0.6620 72.5399 -0.9681
v 0.5514 72.4571 -1.0095
v 0.9995 72.2123 -1.6765
v 1.0342 72.1501 -1.5950
v 1.1019 72.2285 -1.5639
v 1.0672 72.2907 -1.6454
v 0.9995 72.2123 -1.6765
v 1.5879 71.9046 -2.1294
v 1.6239 71.8663 -2.0800
v 1.6758 71.9164 -2.0790
v 1.6398 71.9547 -2.1284
v 1.5879 71.9046 -2.1294
v 2.0041 71.5050 -2.7098
v 2.0237 71.4964 -2.6809
v 2.0480 71.5214 -2.6898
v 2.0284 71.5301 -2.7188
v 2.0041 71.5050 -2.7098
v 2.4342 70.9602 -3.1421
v 2.4342 70.9602 -3.1421
v 2.4342 70.9602 -3.1421
v 2.4342 70.9602 -3.1421
v 2.4342 70.9602 -3.1421
v -0.0810 46.7220 -0.6838
v 0.0120 46.4890 -0.4360
v 0.2445 46.7201 -0.3062
v 0.1515 46.9530 -0.5540
v -0.0810 46.7220 -0.6838
v 1.0811 46.1567 -1.6211
v 1.1555 45.9434 -1.4522
v 1.3323 46.1145 -1.3141
v 1.2578 46.3278 -1.4831
v 1.0811 46.1567 -1.6211
v 2.3203 45.7023 -2.6125
v 2.3439 45.6077 -2.4247
v 2.4368 45.7819 -2.3486
v 2.4132 45.8765 -2.5364
v 2.3203 45.7023 -2.6125
v 3.7724 45.1232 -3.0142
v 3.7828 45.1119 -2.8740
v 3.8343 45.2430 -2.8672
v 3.8239 45.2544 -3.0074
v 3.7724 45.1232 -3.0142
v 5.2625 44.5845 -3.1331
v 5.2784 44.5709 -3.0658
v 5.3108 44.6333 -3.0608
v 5.2949 44.6470 -3.1281
v 5.2625 44.5845 -3.1331
v 6.6593 43.9326 -3.5581
v 6.6593 43.9326 -3.5581
v 6.6593 43.9326 -3.5581
v 6.6593 43.9326 -3.5581
v 6.6593 43.9326 -3.5581
v -0.0789 63.0172 -0.5608
v 0.0041 62.8573 -0.3951
v 0.1760 63.0175 -0.3266
v 0.0930 63.1774 -0.4923
v -0.0789 63.0172 -0.5608
v 0.6850 62.5967 -1.3247
v 0.7118 62.4609 -1.1862
v 0.8006 62.5937 -1.0731
v 0.7738 62.7296 -1.2115
v 0.6850 62.5967 -1.3247
v 1.7230 62.3238 -1.7547
v 1.7004 62.2252 -1.6483
v 1.7163 62.3306 -1.5473
v 1.7389 62.4292 -1.6537
v 1.7230 62.3238 -1.7547
v 2.8337 62.1391 -1.6719
v 2.7997 62.0575 -1.6300
v 2.7846 62.1066 -1.5466
v 2.8187 62.1882 -1.5885
v 2.8337 62.1391 -1.6719
v 3.8485 61.8777 -1.3036
v 3.8327 61.8349 -1.2860
v 3.8215 61.8565 -1.2435
v 3.8373 61.8993 -1.2611
v 3.8485 61.8777 -1.3036
v 4.8533 61.6469 -0.8927
v 4.8533 61.6469 -0.8927
v 4.8533 61.6469 -0.8927
v 4.8533 61.6469 -0.8927
v 4.8533 61.6469 -0.8927
v -0.0649 79.5048 -0.5824
v -0.0084 79.4155 -0.4975
v 0.0904 79.5041 -0.4699
v 0.0339 79.5935 -0.5548
v -0.0649 79.5048 -0.5824
v 0.3184 79.2568 -1.0575
v 0.3339 79.2047 -0.9636
v 0.3750 79.2952 -0.9202
v 0.3596 79.3473 -1.0140
v 0.3184 79.2568 -1.0575
v 0.8674 79.0883 -1.2080
v 0.9020 79.0643 -1.1384
v 0.9499 79.1301 -1.1395
v 0.9153 79.1541 -1.2092
v 0.8674 79.0883 -1.2080
v 1.3184 78.7846 -1.5256
v 1.3304 78.7598 -1.4789
v 1.3446 78.8075 -1.4573
v 1.3326 78.8323 -1.5040
v 1.3184 78.7846 -1.5256
v 1.9183 78.7026 -1.6989
v 1.9098 78.6968 -1.6738
v 1.8990 78.7215 -1.6718
v 1.9075 78.7273 -1.6969
v 1.9183 78.7026 -1.6989
v 2.4388 78.9234 -1.4571
v 2.4388 78.9234 -1.4571
v 2.4388 78.9234 -1.4571
v 2.4388 78.9234 -1.4571
v 2.4388 78.9234 -1.4571
v -0.0520 83.9669 -0.5602
v -0.0003 83.8973 -0.4990
v 0.0789 83.9669 -0.4869
v 0.0271 84.0364 -0.5480
v -0.0520 83.9669 -0.5602
v 0.1765 83.7959 -0.9355
v 0.2256 83.7279 -0.9227
v 0.2858 83.7776 -0.8895
v 0.2367 83.8456 -0.9023
v 0.1765 83.7959 -0.9355
v 0.3818 83.8505 -1.3612
v 0.4264 83.8070 -1.3743
v 0.4674 83.8378 -1.3366
v 0.4228 83.8812 -1.3234
v 0.3818 83.8505 -1.3612
v 0.5437 84.1093 -1.7343
v 0.5781 84.0860 -1.7428
v 0.5993 84.1060 -1.7120
v 0.5649 84.1294 -1.7036
v 0.5437 84.1093 -1.7343
v 0.7054 84.4360 -2.0467
v 0.7258 84.4347 -2.0521
v 0.7314 84.4409 -2.0326
v 0.7110 84.4422 -2.0272
v 0.7054 84.4360 -2.0467
v 0.7098 84.8970 -2.1838
v 0.7098 84.8970 -2.1838
v 0.7098 84.8970 -2.1838
v 0.7098 84.8970 -2.1838
v 0.7098 84.8970 -2.1838
v -0.0798 78.7946 -0.5681
v -0.0025 78.7023 -0.4960
v 0.1035 78.7942 -0.4919
v 0.0262 78.8865 -0.5640
v -0.0798 78.7946 -0.5681
v 0.1606 78.5741 -1.0681
v 0.2213 78.4804 -1.0798
v 0.3153 78.5417 -1.0825
v 0.2546 78.6354 -1.0709
v 0.1606 78.5741 -1.0681
v 0.1328 78.6121 -1.7262
v 0.1811 78.5457 -1.7076
v 0.2450 78.5974 -1.6891
v 0.1966 78.6638 -1.7076
v 0.1328 78.6121 -1.7262
v 0.3630 78.5606 -2.3390
v 0.3829 78.5472 -2.2883
v 0.4077 78.5974 -2.2848
v 0.3878 78.6109 -2.3355
v 0.3630 78.5606 -2.3390
v 0.8987 78.3300 -2.5953
v 0.9101 78.3229 -2.5707
v 0.9197 78.3490 -2.5676
v 0.9082 78.3562 -2.5922
v 0.8987 78.3300 -2.5953
v 1.4479 78.1782 -2.8785
v 1.4479 78.1782 -2.8785
v 1.4479 78.1782 -2.8785
v 1.4479 78.1782 -2.8785
v 1.4479 78.1782 -2.8785
v -0.1677 52.7278 -0.5374
v 0.0231 52.5223 -0.3989
v 0.2577 52.7286 -0.4162
v 0.0668 52.9341 -0.5547
v -0.1677 52.7278 -0.5374
v 0.2347 52.1961 -1.7814
v 0.3930 52.0795 -1.6265
v 0.5804 52.2228 -1.7100
v 0.4221 52.3395 -1.8649
v 0.2347 52.1961 -1.7814
v 0.5626 51.2448 -2.7909
v 0.6825 51.1318 -2.7011
v 0.8170 51.2618 -2.7172
v 0.6970 51.3748 -2.8070
v 0.5626 51.2448 -2.7909
v 0.9996 50.7051 -3.9858
v 1.0790 50.6212 -3.9377
v 1.1732 50.6744 -4.0006
v 1.0938 50.7582 -4.0487
v 0.9996 50.7051 -3.9858
v 0.8002 49.8446 -5.0862
v 0.8356 49.8050 -5.0532
v 0.8807 49.8093 -5.0964
v 0.8453 49.8490 -5.1294
v 0.8002 49.8446 -5.0862
v 0.2719 48.7343 -5.7937
v 0.2719 48.7343 -5.7937
v 0.2719 48.7343 -5.7937
v 0.2719 48.7343 -5.7937
v 0.2719 48.7343 -5.7937
v 0.3156 49.1270 -2.2639
v 0.3941 49.2140 -2.2629
v 0.3502 49.1758 -2.3646
v 0.3156 49.1270 -2.2639
v 1.2318 48.3503 -2.3413
v 1.2677 48.4065 -2.3819
v 1.2438 48.3415 -2.4179
v 1.2318 48.3503 -2.3413
v 2.3112 47.8463 -2.1315
v 2.3196 47.8686 -2.1624
v 2.3123 47.8306 -2.1672
v 2.3112 47.8463 -2.1315
v 3.4893 47.6082 -2.0105
v 3.4884 47.6093 -2.0115
v 3.4884 47.6076 -2.0119
v 3.4893 47.6082 -2.0105
v 0.1794 48.1016 -3.9326
v 0.2439 48.0812 -3.9041
v 0.2276 48.0644 -3.9737
v 0.1794 48.1016 -3.9326
v -0.0938 47.4543 -3.7206
v -0.0817 47.4304 -3.6796
v -0.0946 47.4053 -3.7197
v -0.0938 47.4543 -3.7206
v -0.8174 47.4486 -3.4969
v -0.8055 47.4556 -3.4767
v -0.8164 47.4337 -3.4774
v -0.8174 47.4486 -3.4969
v -1.4496 47.7551 -3.2143
v -1.4487 47.7545 -3.2130
v -1.4498 47.7534 -3.2137
v -1.4496 47.7551 -3.2143
v -1.3748 46.6719 -5.5490
v -1.3733 46.6689 -5.5350
v -1.3781 46.6588 -5.5441
v -1.3748 46.6719 -5.5490
v -1.5099 46.7097 -5.5185
v -1.5178 46.7133 -5.5144
v -1.5184 46.7085 -5.5227
v -1.5099 46.7097 -5.5185
v -1.4946 46.8384 -5.5921
v -1.4990 46.8395 -5.5936
v -1.4973 46.8350 -5.5942
v -1.4946 46.8384 -5.5921
v -1.4407 46.8766 -5.7257
v -1.4422 46.8766 -5.7248
v -1.4422 46.8766 -5.7266
v -1.4407 46.8766 -5.7257
v -0.3692 47.4176 -4.7015
v -0.3866 47.4454 -4.6673
v -0.4122 47.4091 -4.6836
v -0.3692 47.4176 -4.7015
v -0.5786 47.7291 -5.0279
v -0.5846 47.7088 -5.0044
v -0.5991 47.7055 -5.0322
v -0.5786 47.7291 -5.0279
v -0.9498 48.0069 -4.8738
v -0.9460 48.0021 -4.8592
v -0.9550 47.9929 -4.8684
v -0.9498 48.0069 -4.8738
v -1.3513 48.2150 -4.6935
v -1.3507 48.2164 -4.6926
v -1.3517 48.2166 -4.6940
v -1.3513 48.2150 -4.6935
v -1.6027 46.5183 -5.7586
v -1.6022 46.5251 -5.7594
v -1.6080 46.5219 -5.7614
v -1.6027 46.5183 -5.7586
v -1.5735 46.5126 -5.8248
v -1.5775 46.5126 -5.8224
v -1.5775 46.5126 -5.8271
v -1.5735 46.5126 -5.8248
v -1.5748 46.5840 -5.8248
v -1.5768 46.5840 -5.8236
v -1.5768 46.5840 -5.8260
v -1.5748 46.5840 -5.8248
v -1.5752 46.6554 -5.8248
v -1.5767 46.6554 -5.8239
v -1.5767 46.6554 -5.8257
v -1.5752 46.6554 -5.8248
v -0.6085 90.1836 -1.1617
v -0.6066 90.1768 -1.1609
v -0.6125 90.1785 -1.1645
v -0.6085 90.1836 -1.1617
v -0.8108 90.1610 -0.8385
v -0.8147 90.1587 -0.8370
v -0.8145 90.1605 -0.8414
v -0.8108 90.1610 -0.8385
v -0.9599 90.4911 -0.7157
v -0.9619 90.4911 -0.7146
v -0.9619 90.4911 -0.7169
v -0.9599 90.4911 -0.7157
v -0.9603 90.8740 -0.7157
v -0.9618 90.8740 -0.7149
v -0.9618 90.8740 -0.7166
v -0.9603 90.8740 -0.7157
v -0.3698 90.1389 -1.1293
v -0.3677 90.1408 -1.1173
v -0.3793 90.1412 -1.1217
v -0.3698 90.1389 -1.1293
v -0.3031 90.7934 -1.2407
v -0.3073 90.7901 -1.2344
v -0.3114 90.7928 -1.2411
v -0.3031 90.7934 -1.2407
v -0.3617 91.3936 -0.9593
v -0.3647 91.3926 -0.9567
v -0.3655 91.3925 -0.9607
v -0.3617 91.3936 -0.9593
v -0.5569 92.0284 -0.9274
v -0.5584 92.0284 -0.9265
v -0.5584 92.0284 -0.9283
v -0.5569 92.0284 -0.9274
v -0.6798 90.1981 -1.1854
v -0.6768 90.1962 -1.1812
v -0.6790 90.2012 -1.1809
v -0.6798 90.1981 -1.1854
v -0.4345 90.3135 -1.3064
v -0.4377 90.3135 -1.3045
v -0.4377 90.3135 -1.3082
v -0.4345 90.3135 -1.3064
v -0.4356 90.6087 -1.3064
v -0.4372 90.6087 -1.3055
v -0.4372 90.6087 -1.3073
v -0.4356 90.6087 -1.3064
v -0.4357 90.9038 -1.3064
v -0.4372 90.9038 -1.3055
v -0.4372 90.9038 -1.3072
v -0.4357 90.9038 -1.3064
v -0.2523 90.1610 -1.0796
v -0.2461 90.1749 -1.0795
v -0.2611 90.1733 -1.0776
v -0.2523 90.1610 -1.0796
v -0.3549 90.2231 -1.8890
v -0.3606 90.2222 -1.8807
v -0.3649 90.2224 -1.8899
v -0.3549 90.2231 -1.8890
v -0.4216 91.0351 -1.8403
v -0.4260 91.0351 -1.8377
v -0.4260 91.0351 -1.8428
v -0.4216 91.0351 -1.8403
v -0.4235 91.8515 -1.8403
v -0.4250 91.8515 -1.8394
v -0.4250 91.8515 -1.8411
v -0.4235 91.8515 -1.8403
v -0.0906 90.2082 -0.9909
v -0.0842 90.2265 -0.9918
v -0.0996 90.2210 -1.0024
v -0.0906 90.2082 -0.9909
v 0.5468 89.9567 -1.7836
v 0.5407 89.9677 -1.7804
v 0.5344 89.9585 -1.7870
v 0.5468 89.9567 -1.7836
v 0.8567 90.3937 -2.6802
v 0.8513 90.3927 -2.6767
v 0.8508 90.3940 -2.6830
v 0.8567 90.3937 -2.6802
v 0.8102 91.4137 -2.4681
v 0.8087 91.4137 -2.4672
v 0.8087 91.4137 -2.4689
v 0.8102 91.4137 -2.4681
v -0.0059 54.7370 -6.1346
v -0.0079 54.7344 -6.1347
v -0.0055 54.7346 -6.1369
v -0.0059 54.7370 -6.1346
v -0.0284 54.7540 -6.1600
v -0.0303 54.7540 -6.1589
v -0.0303 54.7540 -6.1611
v -0.0284 54.7540 -6.1600
v -0.0291 54.7926 -6.1600
v -0.0300 54.7926 -6.1595
v -0.0300 54.7926 -6.1606
v -0.0291 54.7926 -6.1600
v -0.0287 54.8313 -6.1600
v -0.0302 54.8313 -6.1592
v -0.0302 54.8313 -6.1609
v -0.0287 54.8313 -6.1600
v -0.4878 54.4657 -5.1981
v -0.5122 54.4669 -5.2089
v -0.4910 54.4612 -5.2242
v -0.4878 54.4657 -5.1981
v -0.4475 54.7687 -5.2631
v -0.4653 54.7678 -5.2636
v -0.4563 54.7740 -5.2776
v -0.4475 54.7687 -5.2631
v -0.4704 55.0609 -5.1520
v -0.4781 55.0609 -5.1476
v -0.4781 55.0609 -5.1565
v -0.4704 55.0609 -5.1520
v -0.4746 55.3746 -5.1520
v -0.4761 55.3752 -5.1515
v -0.4760 55.3740 -5.1527
v -0.4746 55.3746 -5.1520
v -0.1886 54.6270 -5.7878
v -0.1938 54.6364 -5.7823
v -0.1898 54.6375 -5.7936
v -0.1886 54.6270 -5.7878
v -0.0594 54.6747 -5.7387
v -0.0664 54.6749 -5.7348
v -0.0664 54.6748 -5.7428
v -0.0594 54.6747 -5.7387
v -0.0603 54.8171 -5.7409
v -0.0618 54.8174 -5.7371
v -0.0640 54.8157 -5.7401
v -0.0603 54.8171 -5.7409
v -0.1156 54.9437 -5.7719
v -0.1171 54.9437 -5.7710
v -0.1171 54.9437 -5.7728
v -0.1156 54.9437 -5.7719
v -0.2741 55.0994 -3.0089
v -0.2065 55.1251 -2.9743
v -0.2177 55.1354 -3.0530
v -0.2741 55.0994 -3.0089
v 0.1433 54.2692 -3.1801
v 0.1885 54.2795 -3.1535
v 0.1787 54.3038 -3.2001
v 0.1433 54.2692 -3.1801
v 0.6017 53.5657 -3.6370
v 0.6017 53.5870 -3.6208
v 0.5970 53.5900 -3.6470
v 0.6017 53.5657 -3.6370
v 1.5228 53.6944 -3.7888
v 1.5229 53.6962 -3.7891
v 1.5229 53.6950 -3.7904
v 1.5228 53.6944 -3.7888
v -0.2975 55.1099 -3.0827
v -0.2592 55.0610 -3.0351
v -0.2412 55.0635 -3.1113
v -0.2975 55.1099 -3.0827
v -0.9192 54.4142 -3.2527
v -0.8830 54.4254 -3.2168
v -0.8714 54.4293 -3.2675
v -0.9192 54.4142 -3.2527
v -0.6236 53.5531 -3.2412
v -0.6144 53.5294 -3.2468
v -0.6052 53.5502 -3.2594
v -0.6236 53.5531 -3.2412
v -1.2661 53.4421 -3.8915
v -1.2665 53.4406 -3.8922
v -1.2655 53.4418 -3.8931
v -1.2661 53.4421 -3.8915
v -0.5413 58.9704 -2.0689
v -0.4993 59.0450 -2.0884
v -0.5664 59.0182 -2.1382
v -0.5413 58.9704 -2.0689
v 0.1784 58.4094 -2.7349
v 0.1988 58.4641 -2.7391
v 0.1576 58.4454 -2.7761
v 0.1784 58.4094 -2.7349
v 0.9707 58.0727 -3.4545
v 0.9870 58.0968 -3.4505
v 0.9675 58.0957 -3.4723
v 0.9707 58.0727 -3.4545
v 1.7632 57.6700 -4.1423
v 1.7631 57.6710 -4.1408
v 1.7621 57.6714 -4.1422
v 1.7632 57.6700 -4.1423
v -1.4839 58.2093 -3.3203
v -1.4342 58.2064 -3.3143
v -1.4545 58.1993 -3.3596
v -1.4839 58.2093 -3.3203
v -1.5252 57.5851 -3.2031
v -1.4923 57.5803 -3.1991
v -1.5082 57.5666 -3.2252
v -1.5252 57.5851 -3.2031
v -1.6302 57.0598 -2.8552
v -1.6236 57.0445 -2.8563
v -1.6290 57.0522 -2.8701
v -1.6302 57.0598 -2.8552
v -2.2094 56.7948 -2.7734
v -2.2089 56.7964 -2.7734
v -2.2090 56.7955 -2.7749
v -2.2094 56.7948 -2.7734
v -1.7934 57.8996 -3.6440
v -1.7783 57.8812 -3.6141
v -1.7861 57.8621 -3.6463
v -1.7934 57.8996 -3.6440
v -2.2401 57.7949 -3.4747
v -2.2286 57.7830 -3.4554
v -2.2362 57.7697 -3.4757
v -2.2401 57.7949 -3.4747
v -2.6707 57.7148 -3.2575
v -2.6656 57.7060 -3.2499
v -2.6701 57.7027 -3.2613
v -2.6707 57.7148 -3.2575
v -3.1074 57.6263 -3.0586
v -3.1089 57.6263 -3.0578
v -3.1089 57.6263 -3.0595
v -3.1074 57.6263 -3.0586
v -0.3461 59.1886 -1.8882
v -0.3816 59.1878 -1.8002
v -0.4080 59.1213 -1.8627
v -0.3461 59.1886 -1.8882
v -1.2724 59.8930 -2.2319
v -1.3006 59.8773 -2.1774
v -1.3179 59.8491 -2.2313
v -1.2724 59.8930 -2.2319
v -2.1231 60.7516 -2.4010
v -2.1323 60.7309 -2.3789
v -2.1402 60.7263 -2.4092
v -2.1231 60.7516 -2.4010
v -3.1526 61.3719 -2.2268
v -3.1537 61.3706 -2.2271
v -3.1538 61.3720 -2.2281
v -3.1526 61.3719 -2.2268
v -1.1351 58.4355 -2.9721
v -1.1540 58.4918 -2.9551
v -1.1947 58.4509 -2.9771
v -1.1351 58.4355 -2.9721
v -1.0132 58.7096 -3.6945
v -1.0284 58.7477 -3.6975
v -1.0513 58.7155 -3.7088
v -1.0132 58.7096 -3.6945
v -0.7382 58.7752 -4.4306
v -0.7483 58.7926 -4.4345
v -0.7566 58.7746 -4.4397
v -0.7382 58.7752 -4.4306
v -0.3999 58.8211 -5.1421
v -0.4003 58.8228 -5.1421
v -0.4005 58.8218 -5.1436
v -0.3999 58.8211 -5.1421
v 0.1070 55.7536 -3.9323
v 0.0602 55.7166 -3.9178
v 0.0941 55.7051 -3.9678
v 0.1070 55.7536 -3.9323
v -0.3419 56.1507 -4.3349
v -0.3752 56.1329 -4.3190
v -0.3579 56.1176 -4.3528
v -0.3419 56.1507 -4.3349
v -0.7671 56.5568 -4.7404
v -0.7867 56.5553 -4.7346
v -0.7821 56.5617 -4.7535
v -0.7671 56.5568 -4.7404
v -0.7601 57.2404 -4.5061
v -0.7615 57.2399 -4.5053
v -0.7615 57.2414 -4.5062
v -0.7601 57.2404 -4.5061
v 0.2418 55.6341 -4.6045
v 0.2028 55.6571 -4.5941
v 0.2032 55.6268 -4.6293
v 0.2418 55.6341 -4.6045
v 0.3762 56.0426 -4.9588
v 0.3534 56.0491 -4.9390
v 0.3514 56.0243 -4.9573
v 0.3762 56.0426 -4.9588
v 0.1207 56.3395 -5.3276
v 0.1096 56.3487 -5.3331
v 0.1112 56.3344 -5.3387
v 0.1207 56.3395 -5.3276
v 0.4579 56.5280 -5.7138
v 0.4564 56.5280 -5.7130
v 0.4564 56.5280 -5.7147
v 0.4579 56.5280 -5.7138
v -0.0325 55.6640 -3.6144
v -0.0291 55.7255 -3.5835
v -0.0361 55.7217 -3.6520
v -0.0325 55.6640 -3.6144
v 0.7779 55.6761 -3.6895
v 0.7728 55.7210 -3.6816
v 0.7705 55.7049 -3.7245
v 0.7779 55.6761 -3.6895
v 1.5857 55.8010 -3.7797
v 1.5667 55.8114 -3.7722
v 1.5669 55.8015 -3.7929
v 1.5857 55.8010 -3.7797
v 1.8242 56.5010 -4.1104
v 1.8231 56.5022 -4.1111
v 1.8236 56.5008 -4.1120
v 1.8242 56.5010 -4.1104
v -0.3429 55.6538 -2.8256
v -0.2686 55.6627 -2.7811
v -0.2717 55.6842 -2.8654
v -0.3429 55.6538 -2.8256
v -0.0390 54.6854 -3.0953
v -0.0187 54.7073 -3.0455
v -0.0238 54.7414 -3.0923
v -0.0390 54.6854 -3.0953
v 0.9382 54.4575 -3.3662
v 0.9228 54.4673 -3.3436
v 0.9193 54.4793 -3.3699
v 0.9382 54.4575 -3.3662
v 1.6661 55.1466 -3.1518
v 1.6647 55.1456 -3.1515
v 1.6646 55.1473 -3.1520
v 1.6661 55.1466 -3.1518
v -0.1522 55.7208 -3.3707
v -0.1313 55.6660 -3.3243
v -0.0974 55.6739 -3.3905
v -0.1522 55.7208 -3.3707
v -0.7177 55.1671 -3.7058
v -0.7326 55.1248 -3.7277
v -0.7077 55.1591 -3.7540
v -0.7177 55.1671 -3.7058
v -1.4871 55.5452 -3.9518
v -1.4828 55.5243 -3.9389
v -1.4702 55.5287 -3.9600
v -1.4871 55.5452 -3.9518
v -2.1059 55.1211 -4.4117
v -2.1059 55.1209 -4.4100
v -2.1055 55.1196 -4.4111
v -2.1059 55.1211 -4.4117
v -1.0642 52.3313 -3.3865
v -1.1210 52.3583 -3.3541
v -1.1224 52.2919 -3.3785
v -1.0642 52.3313 -3.3865
v -1.3541 52.5938 -4.0838
v -1.3849 52.6068 -4.0505
v -1.3887 52.5644 -4.0708
v -1.3541 52.5938 -4.0838
v -1.8337 52.8978 -4.6259
v -1.8532 52.9006 -4.6129
v -1.8547 52.8918 -4.6347
v -1.8337 52.8978 -4.6259
v -1.9343 53.6285 -4.9145
v -1.9350 53.6270 -4.9145
v -1.9348 53.6278 -4.9160
v -1.9343 53.6285 -4.9145
v -1.2460 51.4213 -4.0201
v -1.2485 51.4566 -4.0500
v -1.2819 51.4245 -4.0492
v -1.2460 51.4213 -4.0201
v -0.9863 51.1461 -4.3971
v -0.9969 51.1712 -4.3827
v -1.0166 51.1495 -4.3926
v -0.9863 51.1461 -4.3971
v -1.0338 51.3939 -4.8454
v -1.0401 51.4079 -4.8465
v -1.0491 51.3955 -4.8449
v -1.0338 51.3939 -4.8454
v -1.0619 51.3481 -5.3602
v -1.0634 51.3481 -5.3593
v -1.0634 51.3481 -5.3610
v -1.0619 51.3481 -5.3602
v -1.8499 50.3570 -4.3996
v -1.8405 50.3532 -4.4117
v -1.8562 50.3534 -4.4137
v -1.8499 50.3570 -4.3996
v -1.8560 50.1800 -4.3572
v -1.8532 50.1891 -4.3619
v -1.8615 50.1836 -4.3654
v -1.8560 50.1800 -4.3572
v -1.7484 50.0944 -4.4720
v -1.7525 50.0952 -4.4687
v -1.7534 50.0942 -4.4738
v -1.7484 50.0944 -4.4720
v -1.7449 50.2679 -4.5065
v -1.7464 50.2679 -4.5056
v -1.7464 50.2679 -4.5074
v -1.7449 50.2679 -4.5065
v -1.2474 51.6584 -3.9256
v -1.2016 51.6503 -3.9035
v -1.2265 51.6114 -3.9263
v -1.2474 51.6584 -3.9256
v -1.4956 51.5328 -3.4291
v -1.4743 51.5181 -3.4065
v -1.4933 51.4986 -3.4274
v -1.4956 51.5328 -3.4291
v -1.9015 51.5062 -3.0346
v -1.9089 51.5152 -3.0220
v -1.9177 51.5028 -3.0300
v -1.9015 51.5062 -3.0346
v -2.0980 51.8923 -3.4141
v -2.0990 51.8910 -3.4136
v -2.0992 51.8918 -3.4151
v -2.0980 51.8923 -3.4141
v -1.2303 51.6088 -3.9683
v -1.2242 51.6260 -3.9212
v -1.2384 51.5781 -3.9289
v -1.2303 51.6088 -3.9683
v -1.7690 51.7751 -3.9421
v -1.7701 51.7692 -3.9089
v -1.7821 51.7462 -3.9306
v -1.7690 51.7751 -3.9421
v -2.2816 52.0142 -3.8977
v -2.2842 51.9979 -3.8943
v -2.2877 52.0040 -3.9096
v -2.2816 52.0142 -3.8977
v -2.8101 52.1243 -3.7315
v -2.8116 52.1243 -3.7306
v -2.8116 52.1243 -3.7324
v -2.8101 52.1243 -3.7315
v -0.8428 76.1993 -1.4669
v -0.8474 76.2024 -1.4201
v -0.8826 76.1848 -1.4461
v -0.8428 76.1993 -1.4669
v -1.2424 77.1487 -1.5565
v -1.2552 77.1402 -1.5290
v -1.2723 77.1392 -1.5554
v -1.2424 77.1487 -1.5565
v -1.5535 78.1148 -1.3906
v -1.5642 78.1166 -1.3792
v -1.5684 78.1183 -1.3943
v -1.5535 78.1148 -1.3906
v -1.3376 79.1235 -1.3375
v -1.3373 79.1231 -1.3359
v -1.3385 79.1242 -1.3363
v -1.3376 79.1235 -1.3375
v -1.8147 76.5462 -2.5608
v -1.8078 76.5557 -2.5547
v -1.8167 76.5589 -2.5640
v -1.8147 76.5462 -2.5608
v -1.6023 76.5356 -2.7654
v -1.6090 76.5336 -2.7599
v -1.6107 76.5361 -2.7683
v -1.6023 76.5356 -2.7654
v -1.6170 76.8127 -2.6786
v -1.6208 76.8127 -2.6764
v -1.6208 76.8127 -2.6808
v -1.6170 76.8127 -2.6786
v -1.6186 77.1035 -2.6786
v -1.6201 77.1035 -2.6777
v -1.6201 77.1035 -2.6795
v -1.6186 77.1035 -2.6786
v -1.7018 76.4584 -2.3607
v -1.6835 76.4629 -2.3588
v -1.6946 76.4731 -2.3702
v -1.7018 76.4584 -2.3607
v -1.5976 76.2071 -2.6813
v -1.5919 76.2183 -2.6812
v -1.6038 76.2173 -2.6773
v -1.5976 76.2071 -2.6813
v -1.7299 76.2872 -3.0679
v -1.7321 76.2854 -3.0622
v -1.7361 76.2864 -3.0669
v -1.7299 76.2872 -3.0679
v -1.7632 76.6846 -2.9526
v -1.7648 76.6840 -2.9522
v -1.7645 76.6847 -2.9538
v -1.7632 76.6846 -2.9526
v -1.0553 76.2508 -1.5650
v -1.0244 76.2223 -1.5673
v -1.0380 76.2415 -1.6023
v -1.0553 76.2508 -1.5650
v -1.6579 75.5829 -1.7118
v -1.6624 75.5712 -1.6867
v -1.6722 75.5588 -1.7099
v -1.6579 75.5829 -1.7118
v -2.4449 76.0478 -1.6293
v -2.4525 76.0480 -1.6175
v -2.4572 76.0410 -1.6287
v -2.4449 76.0478 -1.6293
v -2.8868 76.8044 -1.9194
v -2.8860 76.8048 -1.9179
v -2.8876 76.8040 -1.9180
v -2.8868 76.8044 -1.9194
v -1.4777 76.4190 -1.9621
v -1.4874 76.3921 -1.9630
v -1.4924 76.4099 -1.9849
v -1.4777 76.4190 -1.9621
v -2.0108 76.5957 -1.7013
v -2.0244 76.5904 -1.6890
v -2.0268 76.5875 -1.7077
v -2.0108 76.5957 -1.7013
v -2.2813 77.1600 -1.7510
v -2.2882 77.1535 -1.7495
v -2.2873 77.1577 -1.7581
v -2.2813 77.1600 -1.7510
v -2.6737 77.6140 -1.5709
v -2.6752 77.6140 -1.5701
v -2.6752 77.6140 -1.5718
v -2.6737 77.6140 -1.5709
v -0.2147 86.3009 -1.8614
v -0.2177 86.3035 -1.8688
v -0.2172 86.3088 -1.8624
v -0.2147 86.3009 -1.8614
v -0.5019 86.2237 -1.7764
v -0.5040 86.2273 -1.7727
v -0.5048 86.2281 -1.7782
v -0.5019 86.2237 -1.7764
v -0.2405 86.3929 -1.7896
v -0.2429 86.3929 -1.7882
v -0.2429 86.3929 -1.7910
v -0.2405 86.3929 -1.7896
v -0.2411 86.7032 -1.7896
v -0.2426 86.7032 -1.7887
v -0.2426 86.7032 -1.7904
v -0.2411 86.7032 -1.7896
v -0.2317 86.3599 -1.8828
v -0.2367 86.3552 -1.8845
v -0.2385 86.3613 -1.8816
v -0.2317 86.3599 -1.8828
v -0.2157 86.2518 -1.6449
v -0.2197 86.2518 -1.6425
v -0.2197 86.2518 -1.6472
v -0.2157 86.2518 -1.6449
v -0.2170 86.5134 -1.6449
v -0.2191 86.5134 -1.6437
v -0.2191 86.5134 -1.6461
v -0.2170 86.5134 -1.6449
v -0.2174 86.7750 -1.6449
v -0.2189 86.7750 -1.6440
v -0.2189 86.7750 -1.6457
v -0.2174 86.7750 -1.6449
v -0.3508 85.9426 -0.9992
v -0.3235 85.9538 -0.9886
v -0.3346 85.9631 -1.0163
v -0.3508 85.9426 -0.9992
v 0.2236 85.0663 -1.5143
v 0.2271 85.0868 -1.5126
v 0.2227 85.0785 -1.5312
v 0.2236 85.0663 -1.5143
v 1.3622 84.8964 -1.7024
v 1.3544 84.9026 -1.7056
v 1.3549 84.8927 -1.7090
v 1.3622 84.8964 -1.7024
v 2.0008 85.2397 -2.6104
v 2.0010 85.2408 -2.6091
v 2.0005 85.2414 -2.6106
v 2.0008 85.2397 -2.6104
v -0.4040 85.9850 -1.3662
v -0.3916 85.9683 -1.3584
v -0.3827 85.9833 -1.3720
v -0.4040 85.9850 -1.3662
v -0.6008 85.5202 -2.0070
v -0.6128 85.5127 -2.0113
v -0.6059 85.5216 -2.0208
v -0.6008 85.5202 -2.0070
v -1.0764 86.1464 -1.7746
v -1.0830 86.1479 -1.7717
v -1.0821 86.1478 -1.7790
v -1.0764 86.1464 -1.7746
v -0.8919 86.9484 -1.7600
v -0.8934 86.9484 -1.7591
v -0.8934 86.9484 -1.7608
v -0.8919 86.9484 -1.7600
v -0.2672 86.4424 -1.9104
v -0.2648 86.4425 -1.9148
v -0.2644 86.4463 -1.9117
v -0.2672 86.4424 -1.9104
v -0.4112 86.5224 -1.9928
v -0.4141 86.5224 -1.9911
v -0.4141 86.5224 -1.9944
v -0.4112 86.5224 -1.9928
v -0.4122 86.7080 -1.9928
v -0.4136 86.7080 -1.9919
v -0.4136 86.7080 -1.9936
v -0.4122 86.7080 -1.9928
v -0.4121 86.8936 -1.9928
v -0.4136 86.8936 -1.9919
v -0.4136 86.8936 -1.9936
v -0.4121 86.8936 -1.9928
v -0.2452 97.2432 -0.5420
v -0.2438 97.2426 -0.5421
v -0.2440 97.2439 -0.5416
v -0.2452 97.2432 -0.5420
v -0.2186 97.3528 -0.7869
v -0.2195 97.3528 -0.7864
v -0.2195 97.3528 -0.7874
v -0.2186 97.3528 -0.7869
v -0.2189 97.6225 -0.7869
v -0.2193 97.6225 -0.7867
v -0.2193 97.6225 -0.7872
v -0.2189 97.6225 -0.7869
v -0.2182 97.8921 -0.7869
v -0.2197 97.8921 -0.7861
v -0.2197 97.8921 -0.7878
v -0.2182 97.8921 -0.7869
v -0.0968 97.1160 -0.5472
v -0.0937 97.1204 -0.5498
v -0.0973 97.1216 -0.5452
v -0.0968 97.1160 -0.5472
v -0.9169 97.2848 -1.2437
v -0.9204 97.2848 -1.2417
v -0.9204 97.2848 -1.2457
v -0.9169 97.2848 -1.2437
v -0.9181 98.3757 -1.2437
v -0.9198 98.3757 -1.2427
v -0.9198 98.3757 -1.2447
v -0.9181 98.3757 -1.2437
v -0.9183 99.4666 -1.2437
v -0.9198 99.4666 -1.2428
v -0.9198 99.4666 -1.2445
v -0.9183 99.4666 -1.2437
v -0.0755 97.1192 -0.5573
v -0.0755 97.1166 -0.5633
v -0.0799 97.1211 -0.5617
v -0.0755 97.1192 -0.5573
v -0.8109 96.2741 -0.1859
v -0.8147 96.2741 -0.1837
v -0.8147 96.2741 -0.1881
v -0.8109 96.2741 -0.1859
v -0.8121 97.4559 -0.1859
v -0.8140 97.4559 -0.1848
v -0.8140 97.4559 -0.1870
v -0.8121 97.4559 -0.1859
v -0.8124 98.6377 -0.1859
v -0.8139 98.6377 -0.1851
v -0.8139 98.6377 -0.1868
v -0.8124 98.6377 -0.1859
v -0.2397 97.2294 -0.5471
v -0.2408 97.2285 -0.5460
v -0.2412 97.2302 -0.5466
v -0.2397 97.2294 -0.5471
v -0.0780 97.3410 -0.2832
v -0.0790 97.3410 -0.2826
v -0.0790 97.3410 -0.2838
v -0.0780 97.3410 -0.2832
v -0.0783 97.6696 -0.2832
v -0.0789 97.6696 -0.2829
v -0.0789 97.6696 -0.2835
v -0.0783 97.6696 -0.2832
v -0.0777 97.9983 -0.2832
v -0.0792 97.9983 -0.2823
v -0.0792 97.9983 -0.2841
v -0.0777 97.9983 -0.2832
v -0.1777 97.1526 -0.5396
v -0.1754 97.1531 -0.5365
v -0.1792 97.1540 -0.5362
v -0.1777 97.1526 -0.5396
v -0.0285 97.8232 -0.7637
v -0.0308 97.8232 -0.7624
v -0.0308 97.8232 -0.7651
v -0.0285 97.8232 -0.7637
v -0.0292 98.5455 -0.7637
v -0.0304 98.5455 -0.7631
v -0.0304 98.5455 -0.7644
v -0.0292 98.5455 -0.7637
v -0.0290 99.2679 -0.7637
v -0.0305 99.2679 -0.7629
v -0.0305 99.2679 -0.7646
v -0.0290 99.2679 -0.7637
v -0.9169 80.4929 -1.4445
v -0.9139 80.5104 -1.4172
v -0.9432 80.5001 -1.4266
v -0.9169 80.4929 -1.4445
v -1.0261 81.2322 -1.8943
v -1.0331 81.2340 -1.8738
v -1.0472 81.2358 -1.8903
v -1.0261 81.2322 -1.8943
v -0.8855 82.0954 -1.9125
v -0.8919 82.0877 -1.9082
v -0.8950 82.0931 -1.9172
v -0.8855 82.0954 -1.9125
v -1.2793 82.6922 -1.4167
v -1.2797 82.6912 -1.4153
v -1.2808 82.6924 -1.4159
v -1.2793 82.6922 -1.4167
v -1.9960 80.3999 -2.0691
v -1.9920 80.4030 -2.0699
v -1.9962 80.4034 -2.0729
v -1.9960 80.3999 -2.0691
v -1.9386 80.3116 -2.1583
v -1.9415 80.3116 -2.1566
v -1.9415 80.3116 -2.1600
v -1.9386 80.3116 -2.1583
v -1.9395 80.4487 -2.1583
v -1.9410 80.4487 -2.1574
v -1.9410 80.4487 -2.1591
v -1.9395 80.4487 -2.1583
v -1.9395 80.5859 -2.1583
v -1.9410 80.5859 -2.1574
v -1.9410 80.5859 -2.1591
v -1.9395 80.5859 -2.1583
v -1.7173 80.4893 -1.8200
v -1.7060 80.4872 -1.8270
v -1.7171 80.4911 -1.8334
v -1.7173 80.4893 -1.8200
v -1.8019 80.1458 -1.8773
v -1.8084 80.1461 -1.8711
v -1.8105 80.1451 -1.8798
v -1.8019 80.1458 -1.8773
v -1.8244 80.5025 -1.9148
v -1.8259 80.5038 -1.9108
v -1.8286 80.5016 -1.9136
v -1.8244 80.5025 -1.9148
v -1.9293 80.8143 -2.0587
v -1.9308 80.8143 -2.0579
v -1.9308 80.8143 -2.0596
v -1.9293 80.8143 -2.0587
v -0.6413 80.5327 -1.1952
v -0.6164 80.5008 -1.1894
v -0.6343 80.5063 -1.2258
v -0.6413 80.5327 -1.1952
v -1.4723 79.9138 -0.8886
v -1.4799 79.9140 -0.8624
v -1.4924 79.8974 -0.8801
v -1.4723 79.9138 -0.8886
v -2.2096 80.6891 -1.1002
v -2.2119 80.6980 -1.0902
v -2.2200 80.6871 -1.0917
v -2.2096 80.6891 -1.1002
v -2.8653 81.2645 -1.7599
v -2.8654 81.2655 -1.7585
v -2.8668 81.2646 -1.7590
v -2.8653 81.2645 -1.7599
v -1.9056 80.4333 -1.9944
v -1.9090 80.4336 -1.9874
v -1.9126 80.4302 -1.9933
v -1.9056 80.4333 -1.9944
v -1.9947 80.6128 -2.0418
v -1.9993 80.6113 -2.0401
v -1.9988 80.6126 -2.0450
v -1.9947 80.6128 -2.0418
v -2.0437 80.8079 -1.9956
v -2.0459 80.8079 -1.9943
v -2.0459 80.8079 -1.9969
v -2.0437 80.8079 -1.9956
v -2.0441 81.0147 -1.9956
v -2.0456 81.0147 -1.9947
v -2.0456 81.0147 -1.9964
v -2.0441 81.0147 -1.9956
v -0.7915 85.5736 -0.8253
v -0.7866 85.5976 -0.8293
v -0.8101 85.5900 -0.8264
v -0.7915 85.5736 -0.8253
v -0.8633 85.4599 -1.7175
v -0.8595 85.4460 -1.7255
v -0.8753 85.4507 -1.7242
v -0.8633 85.4599 -1.7175
v -0.9416 84.9892 -0.9482
v -0.9453 84.9848 -0.9422
v -0.9494 84.9867 -0.9491
v -0.9416 84.9892 -0.9482
v -1.2319 85.7573 -0.5615
v -1.2331 85.7574 -0.5603
v -1.2336 85.7576 -0.5619
v -1.2319 85.7573 -0.5615
v -1.3360 85.4068 -0.9177
v -1.3274 85.4096 -0.9259
v -1.3392 85.4097 -0.9292
v -1.3360 85.4068 -0.9177
v -1.3002 84.9737 -1.0410
v -1.3021 84.9816 -1.0422
v -1.3059 84.9757 -1.0466
v -1.3002 84.9737 -1.0410
v -0.9805 85.0042 -1.3579
v -0.9820 85.0026 -1.3544
v -0.9845 85.0041 -1.3572
v -0.9805 85.0042 -1.3579
v -0.9551 85.4097 -1.1669
v -0.9566 85.4097 -1.1661
v -0.9566 85.4097 -1.1678
v -0.9551 85.4097 -1.1669
v -0.4269 85.7619 -0.7461
v -0.4023 85.7419 -0.7579
v -0.4336 85.7394 -0.7703
v -0.4269 85.7619 -0.7461
v -0.6927 84.9153 0.1041
v -0.6900 84.8937 0.1100
v -0.7076 84.8998 0.0973
v -0.6927 84.9153 0.1041
v -1.3681 85.1013 1.1312
v -1.3630 85.0920 1.1277
v -1.3693 85.0979 1.1205
v -1.3681 85.1013 1.1312
v -2.3607 84.4323 1.4450
v -2.3618 84.4311 1.4444
v -2.3616 84.4326 1.4435
v -2.3607 84.4323 1.4450
v -1.4802 85.3491 -0.9787
v -1.4777 85.3529 -0.9713
v -1.4832 85.3462 -0.9711
v -1.4802 85.3491 -0.9787
v -1.7211 85.5515 -0.9943
v -1.7261 85.5515 -0.9914
v -1.7261 85.5515 -0.9971
v -1.7211 85.5515 -0.9943
v -1.7228 85.8691 -0.9943
v -1.7253 85.8691 -0.9928
v -1.7253 85.8691 -0.9957
v -1.7228 85.8691 -0.9943
v -1.7235 86.1867 -0.9943
v -1.7250 86.1867 -0.9934
v -1.7250 86.1867 -0.9951
v -1.7235 86.1867 -0.9943
v -0.4206 85.7417 -0.7775
v -0.4125 85.7585 -0.7493
v -0.4394 85.7381 -0.7497
v -0.4206 85.7417 -0.7775
v -1.1340 86.6950 -1.1306
v -1.1220 86.6937 -1.1116
v -1.1431 86.6858 -1.1122
v -1.1340 86.6950 -1.1306
v -1.5575 87.7971 -0.7760
v -1.5553 87.7971 -0.7650
v -1.5659 87.7970 -0.7686
v -1.5575 87.7971 -0.7760
v -1.5749 89.0323 -0.7572
v -1.5758 89.0317 -0.7558
v -1.5766 89.0319 -0.7574
v -1.5749 89.0323 -0.7572
v -2.5160 74.3177 -1.2393
v -2.5090 74.3345 -1.2469
v -2.5277 74.3335 -1.2409
v -2.5160 74.3177 -1.2393
v -2.6257 74.2127 -1.6147
v -2.6282 74.2002 -1.6115
v -2.6377 74.2077 -1.6167
v -2.6257 74.2127 -1.6147
v -2.7389 74.3240 -1.2421
v -2.7424 74.3271 -1.2375
v -2.7446 74.3268 -1.2436
v -2.7389 74.3240 -1.2421
v -2.5481 74.6740 -1.3284
v -2.5496 74.6740 -1.3276
v -2.5496 74.6740 -1.3293
v -2.5481 74.6740 -1.3284
v -1.0894 74.7284 -0.9774
v -1.0474 74.6987 -0.9915
v -1.0920 74.6973 -1.0206
v -1.0894 74.7284 -0.9774
v -1.4584 73.8976 -0.3828
v -1.4363 73.8752 -0.3664
v -1.4671 73.8633 -0.3794
v -1.4584 73.8976 -0.3828
v -1.9463 74.1081 0.5813
v -1.9351 74.0966 0.5887
v -1.9524 74.0929 0.5881
v -1.9463 74.1081 0.5813
v -2.0839 74.5924 1.5618
v -2.0837 74.5941 1.5619
v -2.0850 74.5935 1.5610
v -2.0839 74.5924 1.5618
v -3.2210 74.5871 -1.4106
v -3.2202 74.5856 -1.4117
v -3.2213 74.5870 -1.4126
v -3.2210 74.5871 -1.4106
v -3.2545 74.5649 -1.4050
v -3.2556 74.5649 -1.4043
v -3.2556 74.5649 -1.4057
v -3.2545 74.5649 -1.4050
v -3.2549 74.6061 -1.4050
v -3.2555 74.6061 -1.4047
v -3.2555 74.6061 -1.4053
v -3.2549 74.6061 -1.4050
v -3.2543 74.6474 -1.4050
v -3.2558 74.6474 -1.4041
v -3.2558 74.6474 -1.4059
v -3.2543 74.6474 -1.4050
v -3.0943 74.5198 -1.3677
v -3.0956 74.5151 -1.3658
v -3.0984 74.5173 -1.3696
v -3.0943 74.5198 -1.3677
v -3.1573 74.5643 -1.2938
v -3.1603 74.5643 -1.2920
v -3.1603 74.5643 -1.2955
v -3.1573 74.5643 -1.2938
v -3.1583 74.6723 -1.2938
v -3.1598 74.6723 -1.2929
v -3.1598 74.6723 -1.2947
v -3.1583 74.6723 -1.2938
v -3.1583 74.7803 -1.2938
v -3.1598 74.7803 -1.2929
v -3.1598 74.7803 -1.2947
v -3.1583 74.7803 -1.2938
v -2.3152 74.3812 -1.2847
v -2.3070 74.3910 -1.2640
v -2.3302 74.3842 -1.2659
v -2.3152 74.3812 -1.2847
v -2.4324 74.8463 -1.4465
v -2.4328 74.8410 -1.4313
v -2.4459 74.8399 -1.4406
v -2.4324 74.8463 -1.4465
v -2.5807 75.2937 -1.2860
v -2.5848 75.3004 -1.2841
v -2.5878 75.2951 -1.2894
v -2.5807 75.2937 -1.2860
v -2.3537 75.5397 -1.6597
v -2.3553 75.5391 -1.6591
v -2.3550 75.5395 -1.6608
v -2.3537 75.5397 -1.6597
v -0.4458 91.1894 -0.7829
v -0.4467 91.1853 -0.7670
v -0.4506 91.1743 -0.7786
v -0.4458 91.1894 -0.7829
v -1.3633 91.4871 -0.7512
v -1.3676 91.4778 -0.7474
v -1.3682 91.4802 -0.7580
v -1.3633 91.4871 -0.7512
v -2.2056 91.9326 -0.6075
v -2.2103 91.9326 -0.6048
v -2.2103 91.9326 -0.6102
v -2.2056 91.9326 -0.6075
v -2.2077 92.8989 -0.6075
v -2.2092 92.8989 -0.6066
v -2.2092 92.8989 -0.6084
v -2.2077 92.8989 -0.6075
v -0.2968 91.1848 -0.6777
v -0.3000 91.1835 -0.6577
v -0.3138 91.1762 -0.6707
v -0.2968 91.1848 -0.6777
v -0.8544 92.2488 -0.6911
v -0.8505 92.2409 -0.6808
v -0.8605 92.2369 -0.6890
v -0.8544 92.2488 -0.6911
v -1.6499 92.7844 0.0196
v -1.6488 92.7819 0.0257
v -1.6550 92.7819 0.0231
v -1.6499 92.7844 0.0196
v -1.8441 93.8627 0.4980
v -1.8456 93.8627 0.4989
v -1.8456 93.8627 0.4971
v -1.8441 93.8627 0.4980
v -0.6810 91.1076 -0.9741
v -0.6792 91.1134 -0.9811
v -0.6871 91.1087 -0.9810
v -0.6810 91.1076 -0.9741
v -0.4397 90.7042 -1.2563
v -0.4450 90.7046 -1.2531
v -0.4451 90.7043 -1.2593
v -0.4397 90.7042 -1.2563
v -0.4226 91.2497 -1.2859
v -0.4252 91.2497 -1.2844
v -0.4252 91.2497 -1.2875
v -0.4226 91.2497 -1.2859
v -0.4234 91.7962 -1.2859
v -0.4249 91.7962 -1.2850
v -0.4249 91.7962 -1.2868
v -0.4234 91.7962 -1.2859
v -0.5617 91.1677 -0.8553
v -0.5504 91.1732 -0.8598
v -0.5615 91.1738 -0.8672
v -0.5617 91.1677 -0.8553
v -0.3606 90.4950 -1.2038
v -0.3572 90.4868 -1.2033
v -0.3642 90.4883 -1.2086
v -0.3606 90.4950 -1.2038
v -0.8476 90.3211 -0.6099
v -0.8483 90.3247 -0.6073
v -0.8516 90.3231 -0.6099
v -0.8476 90.3211 -0.6099
v -0.6203 90.8038 -1.1912
v -0.6218 90.8038 -1.1903
v -0.6218 90.8038 -1.1920
v -0.6203 90.8038 -1.1912
v -0.3769 91.1856 -0.7101
v -0.3608 91.1794 -0.7168
v -0.3740 91.1855 -0.7283
v -0.3769 91.1856 -0.7101
v -0.7880 90.1817 -0.7760
v -0.7812 90.1723 -0.7803
v -0.7863 90.1803 -0.7882
v -0.7880 90.1817 -0.7760
v -1.6767 89.5601 -0.8356
v -1.6792 89.5572 -0.8308
v -1.6814 89.5563 -0.8364
v -1.6767 89.5601 -0.8356
v -2.3704 90.3878 -0.6980
v -2.3719 90.3878 -0.6971
v -2.3719 90.3878 -0.6988
v -2.3704 90.3878 -0.6980
v -2.8142 69.1319 -1.6239
v -2.7927 69.1252 -1.6263
v -2.8085 69.1180 -1.6408
v -2.8142 69.1319 -1.6239
v -2.8716 68.8197 -1.3948
v -2.8747 68.8053 -1.3984
v -2.8801 68.8165 -1.4069
v -2.8716 68.8197 -1.3948
v -3.1962 68.8309 -1.1731
v -3.2001 68.8246 -1.1748
v -3.1993 68.8301 -1.1799
v -3.1962 68.8309 -1.1731
v -3.5283 68.9988 -1.0478
v -3.5298 68.9988 -1.0470
v -3.5298 68.9988 -1.0487
v -3.5283 68.9988 -1.0478
v -1.3615 69.9339 -1.1628
v -1.3252 69.8899 -1.1418
v -1.3600 69.8799 -1.1906
v -1.3615 69.9339 -1.1628
v -2.1423 69.5729 -0.5285
v -2.1089 69.5500 -0.5286
v -2.1311 69.5535 -0.5623
v -2.1423 69.5729 -0.5285
v -2.7087 68.7136 -0.2460
v -2.6902 68.7216 -0.2440
v -2.7026 68.7281 -0.2587
v -2.7087 68.7136 -0.2460
v -2.3103 67.9849 -0.8988
v -2.3116 67.9851 -0.8976
v -2.3120 67.9852 -0.8993
v -2.3103 67.9849 -0.8988
v -2.5652 69.3301 -1.5393
v -2.5712 69.3370 -1.5111
v -2.5869 69.3160 -1.5248
v -2.5652 69.3301 -1.5393
v -2.9009 69.6792 -1.6823
v -2.9120 69.6946 -1.6880
v -2.9202 69.6768 -1.6858
v -2.9009 69.6792 -1.6823
v -2.8063 69.5741 -2.1834
v -2.8063 69.5821 -2.1776
v -2.8133 69.5752 -2.1764
v -2.8063 69.5741 -2.1834
v -3.1082 69.8228 -2.5182
v -3.1097 69.8228 -2.5173
v -3.1097 69.8228 -2.5190
v -3.1082 69.8228 -2.5182
v -3.3599 68.8865 -2.0916
v -3.3594 68.8921 -2.0898
v -3.3647 68.8898 -2.0910
v -3.3599 68.8865 -2.0916
v -3.3499 68.9197 -2.1873
v -3.3533 68.9197 -2.1853
v -3.3533 68.9197 -2.1892
v -3.3499 68.9197 -2.1873
v -3.3510 69.0212 -2.1873
v -3.3527 69.0212 -2.1863
v -3.3527 69.0212 -2.1883
v -3.3510 69.0212 -2.1873
v -3.3511 69.1227 -2.1873
v -3.3526 69.1227 -2.1864
v -3.3526 69.1227 -2.1881
v -3.3511 69.1227 -2.1873
v -1.4096 69.8510 -1.2015
v -1.3813 69.9016 -1.2127
v -1.4368 69.8941 -1.2312
v -1.4096 69.8510 -1.2015
v -1.0538 69.4718 -2.0954
v -1.0481 69.5105 -2.0911
v -1.0818 69.4971 -2.1064
v -1.0538 69.4718 -2.0954
v -0.6511 69.5299 -3.0287
v -0.6491 69.5456 -3.0403
v -0.6628 69.5321 -3.0444
v -0.6511 69.5299 -3.0287
v 0.0228 69.0269 -3.6165
v 0.0221 69.0283 -3.6172
v 0.0211 69.0270 -3.6168
v 0.0228 69.0269 -3.6165
v -2.7906 74.9289 -0.5084
v -2.7855 74.9279 -0.5183
v -2.7856 74.9377 -0.5131
v -2.7906 74.9289 -0.5084
v -2.9875 74.9878 -0.6208
v -2.9923 74.9847 -0.6257
v -2.9873 74.9898 -0.6280
v -2.9875 74.9878 -0.6208
v -3.1421 75.1611 -0.5797
v -3.1458 75.1615 -0.5792
v -3.1443 75.1618 -0.5826
v -3.1421 75.1611 -0.5797
v -3.1118 75.3946 -0.5499
v -3.1133 75.3946 -0.5491
v -3.1133 75.3946 -0.5508
v -3.1118 75.3946 -0.5499
v -2.0499 74.8896 -0.7813
v -2.0567 74.8816 -0.8088
v -2.0697 74.9050 -0.7967
v -2.0499 74.8896 -0.7813
v -2.5083 74.5155 -0.5752
v -2.5110 74.5334 -0.5828
v -2.5234 74.5266 -0.5692
v -2.5083 74.5155 -0.5752
v -2.8734 74.2813 -1.0296
v -2.8710 74.2835 -1.0203
v -2.8795 74.2788 -1.0222
v -2.8734 74.2813 -1.0296
v -3.1654 74.8309 -1.0773
v -3.1667 74.8315 -1.0764
v -3.1669 74.8311 -1.0780
v -3.1654 74.8309 -1.0773
v -0.9037 75.3444 -0.6496
v -0.8618 75.3220 -0.6811
v -0.9158 75.3187 -0.6990
v -0.9037 75.3444 -0.6496
v -1.0234 74.2974 -0.0938
v -1.0002 74.2673 -0.0943
v -1.0364 74.2636 -0.1052
v -1.0234 74.2974 -0.0938
v -1.3350 74.0178 1.0481
v -1.3240 74.0074 1.0367
v -1.3407 74.0139 1.0304
v -1.3350 74.0178 1.0481
v -1.8754 73.0091 1.4314
v -1.8761 73.0087 1.4330
v -1.8771 73.0085 1.4316
v -1.8754 73.0091 1.4314
v -1.8279 74.9691 -0.8186
v -1.8044 74.9455 -0.8083
v -1.8359 74.9352 -0.8191
v -1.8279 74.9691 -0.8186
v -2.0768 75.0081 -0.1136
v -2.0664 74.9897 -0.1235
v -2.0844 75.0000 -0.1340
v -2.0768 75.0081 -0.1136
v -2.5339 74.5499 0.2286
v -2.5401 74.5432 0.2357
v -2.5453 74.5488 0.2270
v -2.5339 74.5499 0.2286
v -2.6575 75.1247 0.6753
v -2.6581 75.1238 0.6767
v -2.6588 75.1236 0.6751
v -2.6575 75.1247 0.6753
v -2.5811 74.8102 -0.6481
v -2.5681 74.8137 -0.6367
v -2.5832 74.8066 -0.6310
v -2.5811 74.8102 -0.6481
v -2.7146 75.1470 -0.5860
v -2.7113 75.1567 -0.5803
v -2.7227 75.1546 -0.5822
v -2.7146 75.1470 -0.5860
v -2.6937 75.3382 -0.9076
v -2.6935 75.3324 -0.9075
v -2.6979 75.3351 -0.9102
v -2.6937 75.3382 -0.9076
v -2.8880 75.3362 -0.5888
v -2.8895 75.3362 -0.5880
v -2.8895 75.3362 -0.5897
v -2.8880 75.3362 -0.5888
v -4.0882 59.0329 -1.4251
v -4.0683 59.0153 -1.4414
v -4.0824 59.0396 -1.4550
v -4.0882 59.0329 -1.4251
v -4.3767 58.8055 -1.5478
v -4.3769 58.7850 -1.5442
v -4.3830 58.7924 -1.5627
v -4.3767 58.8055 -1.5478
v -4.7535 58.8256 -1.4177
v -4.7492 58.8168 -1.4143
v -4.7516 58.8178 -1.4244
v -4.7535 58.8256 -1.4177
v -5.1117 58.6705 -1.3498
v -5.1124 58.6717 -1.3488
v -5.1127 58.6718 -1.3505
v -5.1117 58.6705 -1.3498
v -1.7431 58.8844 -0.5246
v -1.7019 58.8385 -0.4589
v -1.7722 58.8022 -0.5019
v -1.7431 58.8844 -0.5246
v -2.4349 59.3153 0.2430
v -2.4340 59.3144 0.3031
v -2.4791 59.2881 0.2734
v -2.4349 59.3153 0.2430
v -3.0378 60.2920 0.2809
v -3.0264 60.2933 0.3087
v -3.0505 60.2762 0.3030
v -3.0378 60.2920 0.2809
v -3.7216 61.1743 0.5351
v -3.7221 61.1731 0.5363
v -3.7231 61.1734 0.5349
v -3.7216 61.1743 0.5351
v -4.3742 59.3313 -1.7113
v -4.3780 59.3203 -1.6946
v -4.3907 59.3195 -1.7105
v -4.3742 59.3313 -1.7113
v -4.5093 59.5207 -1.6089
v -4.5179 59.5166 -1.5993
v -4.5226 59.5224 -1.6106
v -4.5093 59.5207 -1.6089
v -4.4973 59.7496 -1.4928
v -4.5023 59.7527 -1.4894
v -4.5028 59.7519 -1.4961
v -4.4973 59.7496 -1.4928
v -4.3830 59.9793 -1.5264
v -4.3845 59.9793 -1.5256
v -4.3845 59.9793 -1.5273
v -4.3830 59.9793 -1.5264
v -4.5011 59.4827 -1.8510
v -4.4991 59.4892 -1.8376
v -4.5123 59.4903 -1.8446
v -4.5011 59.4827 -1.8510
v -4.4419 59.6503 -1.9284
v -4.4454 59.6410 -1.9296
v -4.4497 59.6486 -1.9344
v -4.4419 59.6503 -1.9284
v -4.5626 59.6745 -1.7824
v -4.5656 59.6705 -1.7831
v -4.5644 59.6735 -1.7869
v -4.5626 59.6745 -1.7824
v -4.7146 59.7812 -1.7446
v -4.7161 59.7812 -1.7437
v -4.7161 59.7812 -1.7454
v -4.7146 59.7812 -1.7446
v -3.7587 58.7802 -1.2099
v -3.7184 58.7895 -1.2083
v -3.7460 58.8190 -1.2172
v -3.7587 58.7802 -1.2099
v -3.6977 58.6689 -1.7269
v -3.6838 58.6875 -1.7120
v -3.7026 58.6958 -1.7303
v -3.6977 58.6689 -1.7269
v -3.3171 58.7040 -2.0992
v -3.3233 58.7007 -2.0873
v -3.3304 58.7070 -2.0973
v -3.3171 58.7040 -2.0992
v -3.1897 59.1704 -1.8943
v -3.1906 59.1719 -1.8938
v -3.1908 59.1712 -1.8954
v -3.1897 59.1704 -1.8943
v -0.7463 88.5616 -0.4424
v -0.7526 88.5619 -0.4598
v -0.7635 88.5674 -0.4459
v -0.7463 88.5616 -0.4424
v -1.0400 87.7636 -0.3588
v -1.0370 87.7756 -0.3592
v -1.0480 87.7722 -0.3549
v -1.0400 87.7636 -0.3588
v -1.3571 87.8309 -1.1422
v -1.3618 87.8321 -1.1385
v -1.3628 87.8313 -1.1445
v -1.3571 87.8309 -1.1422
v -1.2415 88.6616 -1.2727
v -1.2430 88.6616 -1.2718
v -1.2430 88.6616 -1.2735
v -1.2415 88.6616 -1.2727
v -0.8053 88.5728 -0.4192
v -0.8015 88.5582 -0.4275
v -0.8172 88.5605 -0.4209
v -0.8053 88.5728 -0.4192
v -0.5663 88.2348 0.2541
v -0.5655 88.2440 0.2609
v -0.5743 88.2430 0.2536
v -0.5663 88.2348 0.2541
v -0.1468 88.6167 -0.2968
v -0.1518 88.6167 -0.2939
v -0.1518 88.6167 -0.2997
v -0.1468 88.6167 -0.2968
v -0.1492 89.4055 -0.2965
v -0.1509 89.4058 -0.2961
v -0.1503 89.4058 -0.2978
v -0.1492 89.4055 -0.2965
v -0.9563 88.5601 -0.2958
v -0.9482 88.5513 -0.3004
v -0.9510 88.5516 -0.2879
v -0.9563 88.5601 -0.2958
v -0.4985 88.9212 -0.2039
v -0.5057 88.9243 -0.2005
v -0.5061 88.9193 -0.2074
v -0.4985 88.9212 -0.2039
v -0.4564 89.3972 -0.5454
v -0.4596 89.3944 -0.5451
v -0.4582 89.3956 -0.5489
v -0.4564 89.3972 -0.5454
v -0.8361 89.8436 -0.5483
v -0.8376 89.8436 -0.5475
v -0.8376 89.8436 -0.5492
v -0.8361 89.8436 -0.5483
v -1.0261 88.5778 0.0828
v -1.0224 88.5782 0.0824
v -1.0238 88.5773 0.0858
v -1.0261 88.5778 0.0828
v -1.0396 88.7458 0.1240
v -1.0418 88.7458 0.1253
v -1.0418 88.7458 0.1228
v -1.0396 88.7458 0.1240
v -1.0403 88.9194 0.1240
v -1.0414 88.9194 0.1246
v -1.0414 88.9194 0.1234
v -1.0403 88.9194 0.1240
v -1.0401 89.0930 0.1240
v -1.0416 89.0930 0.1249
v -1.0416 89.0930 0.1231
v -1.0401 89.0930 0.1240
v -0.7036 88.5521 -0.4742
v -0.7025 88.5694 -0.4835
v -0.7078 88.5687 -0.4645
v -0.7036 88.5521 -0.4742
v -1.5747 88.4916 -0.7231
v -1.5642 88.4877 -0.7162
v -1.5728 88.4788 -0.7206
v -1.5747 88.4916 -0.7231
v -2.0412 88.5709 0.0426
v -2.0431 88.5698 0.0488
v -2.0470 88.5681 0.0438
v -2.0412 88.5709 0.0426
v -2.4183 89.3907 0.0686
v -2.4195 89.3916 0.0695
v -2.4200 89.3907 0.0682
v -2.4183 89.3907 0.0686
v -2.7898 75.7510 0.2202
v -2.7883 75.7457 0.2261
v -2.7957 75.7490 0.2254
v -2.7898 75.7510 0.2202
v -2.7401 75.8772 0.3281
v -2.7442 75.8797 0.3307
v -2.7448 75.8782 0.3255
v -2.7401 75.8772 0.3281
v -2.6803 76.0323 0.2769
v -2.6823 76.0325 0.2787
v -2.6829 76.0322 0.2761
v -2.6803 76.0323 0.2769
v -2.6786 76.2049 0.2611
v -2.6801 76.2049 0.2620
v -2.6801 76.2049 0.2603
v -2.6786 76.2049 0.2611
v -2.4172 75.4014 0.0761
v -2.4004 75.4011 0.0883
v -2.4192 75.4038 0.0967
v -2.4172 75.4014 0.0761
v -2.3665 75.8410 0.0326
v -2.3651 75.8421 0.0463
v -2.3774 75.8444 0.0404
v -2.3665 75.8410 0.0326
v -2.2633 76.2731 -0.0070
v -2.2691 76.2729 -0.0032
v -2.2695 76.2731 -0.0101
v -2.2633 76.2731 -0.0070
v -2.2744 76.7178 0.0023
v -2.2759 76.7178 0.0032
v -2.2759 76.7178 0.0014
v -2.2744 76.7178 0.0023
v -2.9409 76.0341 0.2724
v -2.9400 76.0341 0.2719
v -2.9404 76.0350 0.2724
v -2.9409 76.0341 0.2724
v -2.9508 76.0402 0.2537
v -2.9514 76.0402 0.2540
v -2.9514 76.0402 0.2533
v -2.9508 76.0402 0.2537
v -2.9510 76.0624 0.2537
v -2.9513 76.0624 0.2539
v -2.9513 76.0624 0.2535
v -2.9510 76.0624 0.2537
v -2.9502 76.0847 0.2537
v -2.9517 76.0847 0.2545
v -2.9517 76.0847 0.2528
v -2.9502 76.0847 0.2537
v -0.9247 75.5913 -0.2880
v -0.9162 75.6438 -0.3022
v -0.9608 75.6301 -0.2730
v -0.9247 75.5913 -0.2880
v -1.5355 75.4559 -1.3071
v -1.5196 75.4517 -1.2743
v -1.5511 75.4343 -1.2818
v -1.5355 75.4559 -1.3071
v -2.1428 76.3763 -0.8850
v -2.1389 76.3696 -0.8684
v -2.1542 76.3643 -0.8770
v -2.1428 76.3763 -0.8850
v -2.7364 77.2604 -0.3789
v -2.7371 77.2616 -0.3779
v -2.7381 77.2606 -0.3788
v -2.7364 77.2604 -0.3789
v -2.0456 75.3399 -0.0436
v -2.0597 75.3156 -0.0509
v -2.0725 75.3415 -0.0544
v -2.0456 75.3399 -0.0436
v -2.2855 75.2951 0.5191
v -2.2933 75.2885 0.5356
v -2.3023 75.3024 0.5254
v -2.2855 75.2951 0.5191
v -1.9806 75.7332 0.8437
v -1.9848 75.7277 0.8505
v -1.9897 75.7351 0.8465
v -1.9806 75.7332 0.8437
v -1.7680 76.1118 1.2914
v -1.7695 76.1118 1.2922
v -1.7695 76.1118 1.2905
v -1.7680 76.1118 1.2914
v -4.2667 63.6210 1.6217
v -4.2668 63.6214 1.6201
v -4.2672 63.6225 1.6212
v -4.2667 63.6210 1.6217
v -4.2880 63.6152 1.6199
v -4.2889 63.6152 1.6205
v -4.2889 63.6152 1.6194
v -4.2880 63.6152 1.6199
v -4.2883 63.6379 1.6199
v -4.2888 63.6379 1.6202
v -4.2888 63.6379 1.6197
v -4.2883 63.6379 1.6199
v -4.2876 63.6605 1.6199
v -4.2891 63.6605 1.6208
v -4.2891 63.6605 1.6191
v -4.2876 63.6605 1.6199
v -3.5826 63.0980 0.9214
v -3.5899 63.0910 0.8975
v -3.6071 63.1018 0.9136
v -3.5826 63.0980 0.9214
v -3.6792 62.7519 1.0360
v -3.6805 62.7691 1.0365
v -3.6938 62.7593 1.0416
v -3.6792 62.7519 1.0360
v -3.8160 62.7567 0.6878
v -3.8126 62.7628 0.6929
v -3.8212 62.7621 0.6920
v -3.8160 62.7567 0.6878
v -3.8044 62.9952 0.4036
v -3.8055 62.9963 0.4044
v -3.8060 62.9956 0.4029
v -3.8044 62.9952 0.4036
v -1.9946 63.4080 0.1201
v -1.9740 63.3499 0.0931
v -2.0363 63.3553 0.1179
v -1.9946 63.4080 0.1201
v -1.6726 63.1067 0.9731
v -1.6677 63.0621 0.9730
v -1.7086 63.0801 0.9768
v -1.6726 63.1067 0.9731
v -1.5837 63.0992 1.9289
v -1.5849 63.0798 1.9403
v -1.6037 63.0908 1.9347
v -1.5837 63.0992 1.9289
v -1.5514 63.5751 2.7673
v -1.5518 63.5767 2.7678
v -1.5527 63.5760 2.7665
v -1.5514 63.5751 2.7673
v -3.9665 63.3521 1.2903
v -3.9558 63.3452 1.2922
v -3.9622 63.3501 1.3023
v -3.9665 63.3521 1.2903
v -3.8579 63.5037 1.2781
v -3.8574 63.5008 1.2862
v -3.8646 63.5046 1.2835
v -3.8579 63.5037 1.2781
v -3.7921 63.6665 1.3388
v -3.7959 63.6665 1.3409
v -3.7959 63.6665 1.3366
v -3.7921 63.6665 1.3388
v -3.7936 63.8513 1.3388
v -3.7951 63.8513 1.3396
v -3.7951 63.8513 1.3379
v -3.7936 63.8513 1.3388
v -3.1436 63.0672 0.4576
v -3.1115 63.0886 0.4476
v -3.1296 63.0951 0.4825
v -3.1436 63.0672 0.4576
v -3.4753 63.4711 0.2036
v -3.4504 63.4749 0.2124
v -3.4706 63.4738 0.2296
v -3.4753 63.4711 0.2036
v -3.5378 64.0458 0.1673
v -3.5282 64.0367 0.1676
v -3.5409 64.0329 0.1670
v -3.5378 64.0458 0.1673
v -3.5589 64.0357 0.7380
v -3.5591 64.0343 0.7390
v -3.5604 64.0348 0.7381
v -3.5589 64.0357 0.7380
v -1.4843 65.6183 1.0431
v -1.4560 65.6658 1.0187
v -1.4757 65.6684 1.0757
v -1.4843 65.6183 1.0431
v -2.2880 65.9714 0.7429
v -2.2487 65.9801 0.7448
v -2.2711 65.9805 0.7783
v -2.2880 65.9714 0.7429
v -2.4615 66.8587 0.6095
v -2.4459 66.8519 0.6203
v -2.4621 66.8594 0.6296
v -2.4615 66.8587 0.6095
v -2.0846 67.6867 0.6012
v -2.0842 67.6859 0.6026
v -2.0858 67.6863 0.6024
v -2.0846 67.6867 0.6012
v -1.2895 65.4850 0.7346
v -1.3166 65.5079 0.6753
v -1.3387 65.5336 0.7355
v -1.2895 65.4850 0.7346
v -2.0222 64.7704 0.7774
v -2.0505 64.7467 0.7499
v -2.0620 64.7891 0.7638
v -2.0222 64.7704 0.7774
v -2.5071 64.3720 1.6004
v -2.5238 64.3572 1.6060
v -2.5268 64.3717 1.5884
v -2.5071 64.3720 1.6004
v -2.9238 65.0729 2.2460
v -2.9249 65.0721 2.2471
v -2.9254 65.0736 2.2465
v -2.9238 65.0729 2.2460
v -1.4839 65.7272 1.1545
v -1.5017 65.6849 1.1193
v -1.5398 65.7124 1.1532
v -1.4839 65.7272 1.1545
v -1.3503 65.1375 1.7730
v -1.3661 65.1025 1.7767
v -1.3884 65.1331 1.7694
v -1.3503 65.1375 1.7730
v -1.4557 65.2546 2.6220
v -1.4639 65.2576 2.6392
v -1.4727 65.2635 2.6231
v -1.4557 65.2546 2.6220
v -1.0595 66.0275 2.6875
v -1.0609 66.0284 2.6882
v -1.0610 66.0277 2.6867
v -1.0595 66.0275 2.6875
v -1.6815 65.9961 1.5754
v -1.6608 65.9553 1.5802
v -1.6903 65.9701 1.6123
v -1.6815 65.9961 1.5754
v -1.1445 66.2788 1.9417
v -1.1529 66.2901 1.9145
v -1.1685 66.2668 1.9269
v -1.1445 66.2788 1.9417
v -0.7281 65.8222 1.6161
v -0.7362 65.8352 1.6151
v -0.7405 65.8228 1.6070
v -0.7281 65.8222 1.6161
v -0.3370 66.0356 1.0858
v -0.3378 66.0371 1.0857
v -0.3376 66.0362 1.0843
v -0.3370 66.0356 1.0858
v -1.7283 66.0134 1.6482
v -1.6853 66.0051 1.6423
v -1.6996 66.0208 1.6810
v -1.7283 66.0134 1.6482
v -1.6265 66.6427 1.4299
v -1.5979 66.6355 1.4313
v -1.6163 66.6273 1.4529
v -1.6265 66.6427 1.4299
v -1.4884 67.1993 1.7546
v -1.4778 67.2052 1.7631
v -1.4914 67.2032 1.7685
v -1.4884 67.1993 1.7546
v -1.6547 67.8128 1.5539
v -1.6541 67.8112 1.5538
v -1.6555 67.8116 1.5529
v -1.6547 67.8128 1.5539
v -2.5731 74.1634 -0.0054
v -2.5654 74.1819 -0.0041
v -2.5825 74.1775 0.0055
v -2.5731 74.1634 -0.0054
v -2.7878 74.2803 -0.3307
v -2.7842 74.2929 -0.3333
v -2.7971 74.2898 -0.3319
v -2.7878 74.2803 -0.3307
v -2.8095 74.2097 -0.7360
v -2.8138 74.2109 -0.7311
v -2.8160 74.2099 -0.7373
v -2.8095 74.2097 -0.7360
v -2.7832 74.6129 -0.8110
v -2.7847 74.6126 -0.8102
v -2.7847 74.6131 -0.8119
v -2.7832 74.6129 -0.8110
v -1.7240 74.2865 -0.1366
v -1.7119 74.3105 -0.1650
v -1.7487 74.3128 -0.1518
v -1.7240 74.2865 -0.1366
v -1.9547 73.7588 -0.7120
v -1.9495 73.7798 -0.6973
v -1.9740 73.7710 -0.6994
v -1.9547 73.7588 -0.7120
v -2.0737 74.2381 -1.3448
v -2.0710 74.2467 -1.3354
v -2.0834 74.2435 -1.3379
v -2.0737 74.2381 -1.3448
v -2.1215 74.8379 -1.8754
v -2.1219 74.8366 -1.8743
v -2.1229 74.8370 -1.8757
v -2.1215 74.8379 -1.8754
v -2.5883 74.1786 0.0130
v -2.5802 74.1674 -0.0011
v -2.5996 74.1709 -0.0012
v -2.5883 74.1786 0.0130
v -2.6482 73.8493 0.2333
v -2.6450 73.8371 0.2297
v -2.6555 73.8430 0.2244
v -2.6482 73.8493 0.2333
v -2.8778 73.6955 0.5237
v -2.8826 73.6949 0.5282
v -2.8840 73.6960 0.5219
v -2.8778 73.6955 0.5237
v -2.8727 74.0932 0.5921
v -2.8742 74.0932 0.5929
v -2.8742 74.0932 0.5912
v -2.8727 74.0932 0.5921
v -3.2670 74.0488 -0.0723
v -3.2653 74.0466 -0.0690
v -3.2689 74.0452 -0.0709
v -3.2670 74.0488 -0.0723
v -3.3136 74.0944 -0.0127
v -3.3162 74.0944 -0.0112
v -3.3162 74.0944 -0.0141
v -3.3136 74.0944 -0.0127
v -3.3145 74.1836 -0.0127
v -3.3157 74.1836 -0.0120
v -3.3157 74.1836 -0.0134
v -3.3145 74.1836 -0.0127
v -3.3143 74.2728 -0.0127
v -3.3158 74.2728 -0.0118
v -3.3158 74.2728 -0.0135
v -3.3143 74.2728 -0.0127
v -2.1444 74.2233 -0.1505
v -2.1358 74.2371 -0.1256
v -2.1620 74.2229 -0.1265
v -2.1444 74.2233 -0.1505
v -2.4100 74.7381 -0.3321
v -2.4183 74.7417 -0.3144
v -2.4297 74.7377 -0.3301
v -2.4100 74.7381 -0.3321
v -2.4402 75.3338 -0.4594
v -2.4462 75.3326 -0.4516
v -2.4498 75.3363 -0.4601
v -2.4402 75.3338 -0.4594
v -2.3142 75.8993 -0.2681
v -2.3156 75.8994 -0.2672
v -2.3157 75.8994 -0.2690
v -2.3142 75.8993 -0.2681
v -0.2363 91.1610 -0.2501
v -0.2199 91.1673 -0.2490
v -0.2228 91.1501 -0.2473
v -0.2363 91.1610 -0.2501
v -0.3384 91.2774 0.7973
v -0.3462 91.2842 0.7919
v -0.3437 91.2736 0.7875
v -0.3384 91.2774 0.7973
v 0.4302 91.7012 0.2092
v 0.4249 91.7021 0.2115
v 0.4254 91.7004 0.2059
v 0.4302 91.7012 0.2092
v 0.4805 92.7089 -0.0956
v 0.4788 92.7092 -0.0952
v 0.4793 92.7092 -0.0969
v 0.4805 92.7089 -0.0956
v -0.1399 90.8248 -0.1763
v -0.1402 90.8319 -0.1787
v -0.1360 90.8302 -0.1727
v -0.1399 90.8248 -0.1763
v -0.4866 90.9041 0.0962
v -0.4909 90.9017 0.0967
v -0.4883 90.9014 0.0924
v -0.4866 90.9041 0.0962
v -0.7015 91.2620 -0.0662
v -0.7037 91.2620 -0.0649
v -0.7037 91.2620 -0.0674
v -0.7015 91.2620 -0.0662
v -0.7019 91.7106 -0.0662
v -0.7034 91.7106 -0.0653
v -0.7034 91.7106 -0.0670
v -0.7019 91.7106 -0.0662
v -0.1883 90.9509 -0.3056
v -0.1993 90.9540 -0.3007
v -0.1941 90.9431 -0.2979
v -0.1883 90.9509 -0.3056
v -0.5384 90.6325 -0.8762
v -0.5455 90.6325 -0.8720
v -0.5455 90.6325 -0.8803
v -0.5384 90.6325 -0.8762
v -0.5420 91.3748 -0.8744
v -0.5451 91.3772 -0.8757
v -0.5423 91.3757 -0.8784
v -0.5420 91.3748 -0.8744
v -0.1199 91.9777 -0.7651
v -0.1214 91.9777 -0.7643
v -0.1214 91.9777 -0.7660
v -0.1199 91.9777 -0.7651
v -0.2254 91.1125 -0.2326
v -0.2366 91.1061 -0.2424
v -0.2360 91.1016 -0.2269
v -0.2254 91.1125 -0.2326
v 0.3853 90.3889 -0.4668
v 0.3763 90.3843 -0.4630
v 0.3758 90.3939 -0.4678
v 0.3853 90.3889 -0.4668
v 0.5156 90.8226 0.3929
v 0.5109 90.8226 0.3956
v 0.5109 90.8226 0.3902
v 0.5156 90.8226 0.3929
v 0.5134 91.7940 0.3930
v 0.5119 91.7937 0.3937
v 0.5120 91.7937 0.3920
v 0.5134 91.7940 0.3930
v -0.2244 91.0675 -0.2461
v -0.2198 91.0663 -0.2605
v -0.2211 91.0539 -0.2519
v -0.2244 91.0675 -0.2461
v 0.6375 91.1603 0.0185
v 0.6377 91.1652 0.0097
v 0.6447 91.1582 0.0117
v 0.6375 91.1603 0.0185
v 1.1755 91.7953 0.3789
v 1.1729 91.7945 0.3831
v 1.1725 91.7989 0.3808
v 1.1755 91.7953 0.3789
v 1.8621 92.1176 0.8782
v 1.8606 92.1176 0.8791
v 1.8606 92.1176 0.8773
v 1.8621 92.1176 0.8782
v -1.4013 46.4296 1.6576
v -1.4153 46.3662 1.5680
v -1.4863 46.3589 1.6525
v -1.4013 46.4296 1.6576
v -0.7896 45.6127 2.1004
v -0.8153 45.6336 2.0346
v -0.8614 45.6057 2.0849
v -0.7896 45.6127 2.1004
v -0.6250 44.6173 1.6982
v -0.6382 44.6374 1.6702
v -0.6613 44.6231 1.6952
v -0.6250 44.6173 1.6982
v -0.7350 43.7328 1.0907
v -0.7356 43.7322 1.0893
v -0.7366 43.7332 1.0903
v -0.7350 43.7328 1.0907
v -2.1965 45.4710 3.3581
v -2.1503 45.4312 3.3361
v -2.1818 45.4171 3.3910
v -2.1965 45.4710 3.3581
v -1.7555 45.7782 3.6814
v -1.7224 45.7505 3.6809
v -1.7511 45.7493 3.7132
v -1.7555 45.7782 3.6814
v -1.3965 46.1706 4.0061
v -1.3814 46.1666 4.0211
v -1.3998 46.1765 4.0266
v -1.3965 46.1706 4.0061
v -1.1249 46.7316 3.9000
v -1.1243 46.7308 3.9014
v -1.1260 46.7311 3.9012
v -1.1249 46.7316 3.9000
v -1.6841 46.2335 2.0132
v -1.5950 46.2790 2.0188
v -1.6180 46.2057 2.0832
v -1.6841 46.2335 2.0132
v -2.0229 46.8783 2.6249
v -1.9892 46.9309 2.6486
v -2.0123 46.8843 2.6906
v -2.0229 46.8783 2.6249
v -2.8605 47.3874 2.7329
v -2.8287 47.3975 2.7344
v -2.8470 47.3961 2.7622
v -2.8605 47.3874 2.7329
v -3.1320 48.3156 2.5986
v -3.1311 48.3171 2.5984
v -3.1325 48.3170 2.5994
v -3.1320 48.3156 2.5986
v -2.3557 45.1766 3.7754
v -2.3562 45.2276 3.7589
v -2.3521 45.2163 3.8112
v -2.3557 45.1766 3.7754
v -2.8733 45.2128 3.8043
v -2.8761 45.2355 3.8319
v -2.8796 45.2003 3.8373
v -2.8733 45.2128 3.8043
v -3.3965 45.2625 3.7366
v -3.3872 45.2550 3.7499
v -3.3910 45.2455 3.7352
v -3.3965 45.2625 3.7366
v -3.8377 45.0901 3.9604
v -3.8376 45.0915 3.9613
v -3.8379 45.0916 3.9596
v -3.8377 45.0901 3.9604
v -2.7067 44.7981 4.7722
v -2.7201 44.7981 4.7467
v -2.7320 44.8116 4.7693
v -2.7067 44.7981 4.7722
v -2.8438 44.5693 4.8324
v -2.8565 44.5558 4.8373
v -2.8626 44.5728 4.8308
v -2.8438 44.5693 4.8324
v -2.8558 44.6665 5.1014
v -2.8600 44.6608 5.0949
v -2.8588 44.6701 5.0930
v -2.8558 44.6665 5.1014
v -3.1088 44.7190 5.2127
v -3.1101 44.7189 5.2115
v -3.1085 44.7196 5.2112
v -3.1088 44.7190 5.2127
v -2.6870 65.1180 2.5974
v -2.6832 65.1057 2.5945
v -2.6960 65.1089 2.5942
v -2.6870 65.1180 2.5974
v -2.7030 65.0562 2.7917
v -2.7039 65.0647 2.7895
v -2.7101 65.0588 2.7873
v -2.7030 65.0562 2.7917
v -2.6083 65.0261 2.6151
v -2.6121 65.0261 2.6173
v -2.6121 65.0261 2.6129
v -2.6083 65.0261 2.6151
v -2.6098 65.2275 2.6151
v -2.6113 65.2275 2.6159
v -2.6113 65.2275 2.6142
v -2.6098 65.2275 2.6151
v -1.9809 65.1865 2.0755
v -1.9546 65.1695 2.0865
v -1.9852 65.1607 2.0959
v -1.9809 65.1865 2.0755
v -1.9406 65.4948 2.4847
v -1.9293 65.4766 2.4900
v -1.9497 65.4749 2.4816
v -1.9406 65.4948 2.4847
v -2.1315 65.5002 2.9486
v -2.1294 65.4952 2.9583
v -2.1394 65.4943 2.9536
v -2.1315 65.5002 2.9486
v -2.2877 65.9092 3.2024
v -2.2885 65.9100 3.2037
v -2.2894 65.9093 3.2023
v -2.2877 65.9092 3.2024
v -0.9369 65.6587 0.6307
v -0.8752 65.6921 0.6534
v -0.9067 65.6404 0.6954
v -0.9369 65.6587 0.6307
v -1.5465 66.4692 1.1788
v -1.4977 66.4685 1.1725
v -1.5244 66.4284 1.1626
v -1.5465 66.4692 1.1788
v -1.3926 66.1172 2.2270
v -1.3816 66.1043 2.2448
v -1.3959 66.0929 2.2284
v -1.3926 66.1172 2.2270
v -2.2830 66.2666 2.9005
v -2.2832 66.2649 2.9007
v -2.2837 66.2657 2.8992
v -2.2830 66.2666 2.9005
v -0.9084 65.6198 0.6484
v -0.9062 65.6932 0.6451
v -0.9269 65.6598 0.7072
v -0.9084 65.6198 0.6484
v -1.9606 65.6657 0.3020
v -1.9832 65.7005 0.3280
v -1.9993 65.6544 0.3298
v -1.9606 65.6657 0.3020
v -2.6508 65.8739 -0.5446
v -2.6666 65.8888 -0.5558
v -2.6747 65.8721 -0.5399
v -2.6508 65.8739 -0.5446
v -2.7712 65.1353 -1.3811
v -2.7726 65.1363 -1.3806
v -2.7727 65.1352 -1.3820
v -2.7712 65.1353 -1.3811
v -1.0097 65.5350 0.8023
v -1.0381 65.5699 0.7498
v -1.0751 65.5568 0.8067
v -1.0097 65.5350 0.8023
v -1.3502 64.6473 0.3777
v -1.3708 64.6301 0.3404
v -1.3929 64.6607 0.3667
v -1.3502 64.6473 0.3777
v -1.7570 63.8667 0.9405
v -1.7685 63.8473 0.9449
v -1.7794 63.8675 0.9459
v -1.7570 63.8667 0.9405
v -1.5154 63.9428 1.9654
v -1.5162 63.9413 1.9658
v -1.5165 63.9421 1.9643
v -1.5154 63.9428 1.9654
v -1.0818 58.6347 1.0082
v -1.0300 58.6880 1.0495
v -1.0536 58.6149 1.0859
v -1.0818 58.6347 1.0082
v -1.9307 59.1568 1.4640
v -1.8939 59.1568 1.5072
v -1.9146 59.1078 1.4875
v -1.9307 59.1568 1.4640
v -2.7375 59.2013 2.1713
v -2.7284 59.2211 2.1895
v -2.7433 59.1989 2.1990
v -2.7375 59.2013 2.1713
v -3.6561 59.7603 2.0421
v -3.6563 59.7600 2.0438
v -3.6572 59.7591 2.0427
v -3.6561 59.7603 2.0421
v -2.0255 57.1579 2.2646
v -2.0273 57.1950 2.2621
v -2.0441 57.1774 2.2902
v -2.0255 57.1579 2.2646
v -2.4147 57.1342 2.0169
v -2.4294 57.1527 2.0094
v -2.4393 57.1310 2.0161
v -2.4147 57.1342 2.0169
v -2.3876 56.9811 1.5661
v -2.3931 56.9922 1.5659
v -2.3992 56.9824 1.5703
v -2.3876 56.9811 1.5661
v -2.5614 56.8956 1.1336
v -2.5620 56.8971 1.1340
v -2.5631 56.8958 1.1339
v -2.5614 56.8956 1.1336
v -2.4951 56.8587 2.6786
v -2.4840 56.8774 2.6809
v -2.5055 56.8769 2.6848
v -2.4951 56.8587 2.6786
v -2.5433 56.9366 2.4228
v -2.5399 56.9280 2.4116
v -2.5514 56.9370 2.4107
v -2.5433 56.9366 2.4228
v -2.7089 56.7295 2.5187
v -2.7051 56.7357 2.5191
v -2.7114 56.7356 2.5155
v -2.7089 56.7295 2.5187
v -2.5726 56.6674 2.2835
v -2.5741 56.6674 2.2844
v -2.5741 56.6674 2.2827
v -2.5726 56.6674 2.2835
v -2.1404 57.1076 2.4216
v -2.1292 57.0912 2.3952
v -2.1580 57.0827 2.4090
v -2.1404 57.1076 2.4216
v -1.9360 56.8164 2.6692
v -1.9379 56.8356 2.6586
v -1.9535 56.8202 2.6563
v -1.9360 56.8164 2.6692
v -1.7357 56.6699 2.3321
v -1.7294 56.6609 2.3321
v -1.7402 56.6601 2.3342
v -1.7357 56.6699 2.3321
v -1.6618 56.7180 2.7430
v -1.6625 56.7170 2.7442
v -1.6634 56.7174 2.7428
v -1.6618 56.7180 2.7430
v -0.9072 58.8656 0.8732
v -0.8166 58.8574 0.8595
v -0.8672 58.7828 0.8778
v -0.9072 58.8656 0.8732
v -0.6967 59.0173 2.0088
v -0.6446 58.9862 1.9999
v -0.6858 58.9660 2.0405
v -0.6967 59.0173 2.0088
v -0.1663 59.6089 2.8470
v -0.1392 59.6207 2.8553
v -0.1647 59.6287 2.8703
v -0.1663 59.6089 2.8470
v -0.3152 60.5105 2.1126
v -0.3145 60.5112 2.1140
v -0.3162 60.5108 2.1140
v -0.3152 60.5105 2.1126
v -0.5971 82.2234 0.6758
v -0.6101 82.2078 0.6600
v -0.6199 82.2307 0.6664
v -0.5971 82.2234 0.6758
v -0.9425 81.9236 1.2551
v -0.9471 81.9077 1.2506
v -0.9486 81.9206 1.2394
v -0.9425 81.9236 1.2551
v -1.6250 82.0453 1.4925
v -1.6324 82.0412 1.4938
v -1.6322 82.0482 1.4889
v -1.6250 82.0453 1.4925
v -1.7565 82.4682 2.0811
v -1.7569 82.4670 2.0823
v -1.7580 82.4683 2.0818
v -1.7565 82.4682 2.0811
v -0.3372 81.9833 0.3985
v -0.3427 81.9500 0.3871
v -0.3640 81.9641 0.4119
v -0.3372 81.9833 0.3985
v 0.2782 81.6258 1.1290
v 0.2784 81.6033 1.1214
v 0.2609 81.6110 1.1355
v 0.2782 81.6258 1.1290
v 0.8141 81.3476 1.9499
v 0.8188 81.3369 1.9481
v 0.8074 81.3379 1.9515
v 0.8141 81.3476 1.9499
v 1.1039 81.3038 2.9273
v 1.1036 81.3052 2.9283
v 1.1024 81.3047 2.9272
v 1.1039 81.3038 2.9273
v -0.7399 82.6228 0.7765
v -0.7291 82.6152 0.7851
v -0.7391 82.6253 0.7921
v -0.7399 82.6228 0.7765
v -0.4416 82.9603 0.7083
v -0.4375 82.9602 0.7181
v -0.4479 82.9586 0.7167
v -0.4416 82.9603 0.7083
v -0.5149 83.4057 0.7480
v -0.5195 83.4057 0.7507
v -0.5195 83.4057 0.7454
v -0.5149 83.4057 0.7480
v -0.5170 83.8594 0.7480
v -0.5185 83.8594 0.7489
v -0.5185 83.8594 0.7472
v -0.5170 83.8594 0.7480
v -0.5739 82.1643 0.6208
v -0.5485 82.1681 0.6109
v -0.5581 82.1845 0.6309
v -0.5739 82.1643 0.6208
v -0.8527 82.6635 0.0713
v -0.8371 82.6710 0.0773
v -0.8515 82.6694 0.0886
v -0.8527 82.6635 0.0713
v -1.1000 83.3762 -0.1526
v -1.0974 83.3812 -0.1454
v -1.1062 83.3791 -0.1466
v -1.1000 83.3762 -0.1526
v -1.1952 84.0366 -0.5725
v -1.1965 84.0365 -0.5714
v -1.1968 84.0366 -0.5731
v -1.1952 84.0366 -0.5725
v -0.8093 82.8306 0.8478
v -0.8034 82.8346 0.8401
v -0.8105 82.8406 0.8450
v -0.8093 82.8306 0.8478
v -1.0131 82.7555 0.6467
v -1.0162 82.7503 0.6433
v -1.0153 82.7564 0.6401
v -1.0131 82.7555 0.6467
v -1.2793 82.8456 0.7465
v -1.2817 82.8478 0.7478
v -1.2811 82.8477 0.7444
v -1.2793 82.8456 0.7465
v -1.0730 83.0618 0.7787
v -1.0745 83.0618 0.7795
v -1.0745 83.0618 0.7778
v -1.0730 83.0618 0.7787
v -0.2181 65.9853 1.6031
v -0.2711 65.9701 1.5754
v -0.2672 66.0224 1.6080
v -0.2181 65.9853 1.6031
v -0.5004 65.5293 2.3695
v -0.5372 65.5198 2.3537
v -0.5339 65.5501 2.3814
v -0.5004 65.5293 2.3695
v -0.6598 64.9033 3.0543
v -0.6617 64.9238 3.0546
v -0.6649 64.9129 3.0717
v -0.6598 64.9033 3.0543
v -1.5697 64.8344 2.8352
v -1.5708 64.8341 2.8365
v -1.5711 64.8335 2.8348
v -1.5697 64.8344 2.8352
v -0.1354 67.0317 2.9318
v -0.1423 67.0083 2.9343
v -0.1529 67.0257 2.9478
v -0.1354 67.0317 2.9318
v 0.1233 66.9764 3.2010
v 0.1129 66.9651 3.2066
v 0.1072 66.9793 3.2008
v 0.1233 66.9764 3.2010
v 0.1400 67.1213 3.5419
v 0.1352 67.1227 3.5484
v 0.1328 67.1250 3.5410
v 0.1400 67.1213 3.5419
v 0.3030 67.4532 3.5933
v 0.3015 67.4532 3.5941
v 0.3015 67.4532 3.5924
v 0.3030 67.4532 3.5933
v -0.6721 67.4398 3.5305
v -0.6686 67.4375 3.5327
v -0.6728 67.4378 3.5347
v -0.6721 67.4398 3.5305
v -0.6495 67.4993 3.5644
v -0.6522 67.4993 3.5660
v -0.6522 67.4993 3.5628
v -0.6495 67.4993 3.5644
v -0.6504 67.5708 3.5644
v -0.6518 67.5708 3.5652
v -0.6518 67.5708 3.5636
v -0.6504 67.5708 3.5644
v -0.6503 67.6423 3.5644
v -0.6518 67.6423 3.5653
v -0.6518 67.6423 3.5635
v -0.6503 67.6423 3.5644
v -0.2878 65.8357 0.7512
v -0.2319 65.8477 0.6937
v -0.2119 65.8555 0.7719
v -0.2878 65.8357 0.7512
v -0.5630 67.0241 0.7117
v -0.5449 67.0440 0.6648
v -0.5227 67.0602 0.7114
v -0.5630 67.0241 0.7117
v -1.3704 67.9460 0.7680
v -1.3709 67.9717 0.7595
v -1.3543 67.9644 0.7795
v -1.3704 67.9460 0.7680
v -2.2467 68.2147 1.5933
v -2.2475 68.2160 1.5941
v -2.2470 68.2146 1.5950
v -2.2467 68.2147 1.5933
v -0.1653 67.0920 3.0398
v -0.1537 67.1083 3.0314
v -0.1724 67.1124 3.0414
v -0.1653 67.0920 3.0398
v -0.3168 67.0766 2.7514
v -0.3219 67.0636 2.7551
v -0.3300 67.0726 2.7472
v -0.3168 67.0766 2.7514
v -0.4438 67.1990 3.0269
v -0.4493 67.1980 3.0314
v -0.4506 67.1998 3.0245
v -0.4438 67.1990 3.0269
v -0.4399 67.5180 3.1081
v -0.4414 67.5181 3.1090
v -0.4414 67.5180 3.1073
v -0.4399 67.5180 3.1081
v -0.2330 58.5553 1.0388
v -0.2629 58.5417 0.9465
v -0.3247 58.5257 1.0208
v -0.2330 58.5553 1.0388
v 0.1118 57.3967 1.0703
v 0.1098 57.3496 1.0251
v 0.0651 57.3511 1.0727
v 0.1118 57.3967 1.0703
v 0.8291 56.6696 1.7750
v 0.8265 56.6640 1.7430
v 0.8072 56.6481 1.7639
v 0.8291 56.6696 1.7750
v 1.6592 55.7595 1.8476
v 1.6584 55.7607 1.8466
v 1.6575 55.7593 1.8473
v 1.6592 55.7595 1.8476
v -1.2731 57.5438 2.6082
v -1.2519 57.5079 2.5789
v -1.2711 57.4955 2.6245
v -1.2731 57.5438 2.6082
v -0.7086 57.6403 2.8645
v -0.6789 57.6243 2.8686
v -0.7003 57.6274 2.8948
v -0.7086 57.6403 2.8645
v -0.4198 58.1921 3.0304
v -0.4094 58.1807 3.0374
v -0.4243 58.1843 3.0448
v -0.4198 58.1921 3.0304
v -0.1362 58.6506 3.3775
v -0.1360 58.6507 3.3792
v -0.1376 58.6507 3.3785
v -0.1362 58.6506 3.3775
v -1.3913 57.2789 2.8100
v -1.3507 57.2892 2.7973
v -1.3569 57.2606 2.8300
v -1.3913 57.2789 2.8100
v -1.3720 57.6941 3.1682
v -1.3440 57.7000 3.1737
v -1.3565 57.6764 3.1854
v -1.3720 57.6941 3.1682
v -1.5115 57.9903 3.6083
v -1.4994 57.9899 3.6164
v -1.5107 57.9813 3.6198
v -1.5115 57.9903 3.6083
v -1.7111 58.3819 3.9399
v -1.7112 58.3815 3.9416
v -1.7125 58.3811 3.9405
v -1.7111 58.3819 3.9399
v -0.2748 58.5194 0.9257
v -0.2410 58.6103 0.9454
v -0.2597 58.5473 1.0194
v -0.2748 58.5194 0.9257
v -1.4389 58.9591 0.9974
v -1.4134 59.0147 1.0221
v -1.4334 58.9667 1.0627
v -1.4389 58.9591 0.9974
v -2.5668 59.4714 1.0508
v -2.5587 59.5018 1.0607
v -2.5736 59.4810 1.0816
v -2.5668 59.4714 1.0508
v -3.6764 59.9029 0.6881
v -3.6774 59.9039 0.6891
v -3.6781 59.9025 0.6883
v -3.6764 59.9029 0.6881
v -1.2171 57.5548 2.5520
v -1.2576 57.5790 2.5286
v -1.2481 57.5871 2.5798
v -1.2171 57.5548 2.5520
v -1.6204 57.0532 2.7161
v -1.6482 57.0539 2.6946
v -1.6389 57.0828 2.7122
v -1.6204 57.0532 2.7161
v -2.0205 56.8868 3.2083
v -2.0375 56.8890 3.2044
v -2.0328 56.8793 3.2183
v -2.0205 56.8868 3.2083
v -2.0123 56.3454 2.8247
v -2.0135 56.3458 2.8258
v -2.0136 56.3443 2.8249
v -2.0123 56.3454 2.8247
v 0.6142 57.8640 3.0687
v 0.6603 57.8825 3.0751
v 0.6521 57.8333 3.0800
v 0.6142 57.8640 3.0687
v 0.5097 57.9427 3.6749
v 0.5399 57.9525 3.6851
v 0.5262 57.9248 3.6978
v 0.5097 57.9427 3.6749
v 0.2599 58.2780 4.1343
v 0.2702 58.2865 4.1442
v 0.2583 58.2769 4.1508
v 0.2599 58.2780 4.1343
v -0.1329 58.7663 4.1345
v -0.1337 58.7678 4.1349
v -0.1346 58.7664 4.1344
v -0.1329 58.7663 4.1345
v 0.1176 58.1930 1.8685
v 0.1173 58.2714 1.8816
v 0.1419 58.2218 1.9385
v 0.1176 58.1930 1.8685
v -0.8182 58.1418 2.2586
v -0.8126 58.1713 2.2149
v -0.7881 58.1853 2.2598
v -0.8182 58.1418 2.2586
v -1.5946 58.6960 2.5143
v -1.6106 58.7073 2.4964
v -1.5952 58.7224 2.5118
v -1.5946 58.6960 2.5143
v -2.3257 58.7548 3.1892
v -2.3273 58.7547 3.1886
v -2.3263 58.7560 3.1881
v -2.3257 58.7548 3.1892
v 0.1478 58.2422 1.7552
v 0.0734 58.2702 1.7335
v 0.0981 58.2753 1.8120
v 0.1478 58.2422 1.7552
v -0.2800 57.3118 1.9381
v -0.3148 57.3542 1.9404
v -0.3029 57.3260 1.9860
v -0.2800 57.3118 1.9381
v -1.0828 56.6901 1.7522
v -1.0941 56.7065 1.7711
v -1.0923 56.6795 1.7757
v -1.0828 56.6901 1.7522
v -2.0161 56.5556 1.3310
v -2.0176 56.5562 1.3316
v -2.0176 56.5551 1.3302
v -2.0161 56.5556 1.3310
v 0.3306 56.1676 4.3532
v 0.3299 56.1680 4.3515
v 0.3291 56.1668 4.3526
v 0.3306 56.1676 4.3532
v 0.3430 56.1507 4.3430
v 0.3420 56.1507 4.3436
v 0.3420 56.1507 4.3423
v 0.3430 56.1507 4.3430
v 0.3427 56.1736 4.3430
v 0.3421 56.1736 4.3433
v 0.3421 56.1736 4.3427
v 0.3427 56.1736 4.3430
v 0.3433 56.1966 4.3430
v 0.3418 56.1966 4.3438
v 0.3418 56.1966 4.3421
v 0.3433 56.1966 4.3430
v 0.4105 58.0963 2.5262
v 0.4356 58.0703 2.4730
v 0.4308 58.0353 2.5268
v 0.4105 58.0963 2.5262
v 1.1633 58.3237 2.7574
v 1.1565 58.3283 2.7153
v 1.1597 58.2891 2.7324
v 1.1633 58.3237 2.7574
v 1.9631 58.3183 2.6154
v 1.9509 58.3347 2.6091
v 1.9549 58.3186 2.5956
v 1.9631 58.3183 2.6154
v 2.6137 58.7096 2.3422
v 2.6131 58.7095 2.3406
v 2.6142 58.7083 2.3411
v 2.6137 58.7096 2.3422
v 0.5730 52.7266 4.6425
v 0.5888 52.7002 4.6379
v 0.5727 52.7043 4.6641
v 0.5730 52.7266 4.6425
v 0.8493 52.8507 4.7859
v 0.8663 52.8525 4.7975
v 0.8488 52.8455 4.8058
v 0.8493 52.8507 4.7859
v 0.7686 53.1695 4.8737
v 0.7688 53.1733 4.8833
v 0.7600 53.1695 4.8794
v 0.7686 53.1695 4.8737
v 0.6839 53.4827 4.7590
v 0.6838 53.4811 4.7598
v 0.6824 53.4818 4.7590
v 0.6839 53.4827 4.7590
v 0.5720 52.8194 4.8207
v 0.5982 52.8220 4.8188
v 0.5857 52.8296 4.8407
v 0.5720 52.8194 4.8207
v 0.5505 53.0825 4.7078
v 0.5580 53.0976 4.7129
v 0.5440 53.0914 4.7214
v 0.5505 53.0825 4.7078
v 0.3796 53.2358 4.5348
v 0.3767 53.2440 4.5341
v 0.3711 53.2373 4.5332
v 0.3796 53.2358 4.5348
v 0.4299 53.2335 4.2472
v 0.4284 53.2335 4.2481
v 0.4284 53.2335 4.2464
v 0.4299 53.2335 4.2472
v 0.3109 52.8542 1.2463
v 0.3106 52.9601 1.2186
v 0.3694 52.9261 1.3044
v 0.3109 52.8542 1.2463
v -0.6504 53.0809 2.0068
v -0.6312 53.1097 1.9426
v -0.5839 53.1095 1.9981
v -0.6504 53.0809 2.0068
v -1.0500 54.1758 2.3589
v -1.0471 54.1905 2.3256
v -1.0187 54.1731 2.3405
v -1.0500 54.1758 2.3589
v -0.6603 55.2183 2.8368
v -0.6607 55.2199 2.8362
v -0.6591 55.2195 2.8365
v -0.6603 55.2183 2.8368
v 0.6990 52.5818 4.2202
v 0.6689 52.5879 4.1931
v 0.6732 52.6133 4.2249
v 0.6990 52.5818 4.2202
v 0.4055 52.3184 4.4690
v 0.3999 52.3307 4.4452
v 0.4098 52.3452 4.4661
v 0.4055 52.3184 4.4690
v -0.0198 52.4192 4.6081
v -0.0212 52.4070 4.6023
v -0.0133 52.4164 4.5964
v -0.0198 52.4192 4.6081
v -0.3752 52.5688 4.3688
v -0.3764 52.5683 4.3700
v -0.3762 52.5674 4.3685
v -0.3752 52.5688 4.3688
v 0.7572 52.6174 2.3176
v 0.7131 52.5565 2.2805
v 0.6851 52.5913 2.3514
v 0.7572 52.6174 2.3176
v 1.2072 51.9684 2.8033
v 1.1765 51.9217 2.8051
v 1.1565 51.9692 2.8267
v 1.2072 51.9684 2.8033
v 1.5717 51.7427 3.6322
v 1.5526 51.7236 3.6396
v 1.5447 51.7468 3.6261
v 1.5717 51.7427 3.6322
v 1.4389 52.1709 4.4454
v 1.4376 52.1698 4.4452
v 1.4373 52.1715 4.4451
v 1.4389 52.1709 4.4454
v 0.2702 66.1089 1.2699
v 0.2176 66.1398 1.2384
v 0.2325 66.1553 1.3037
v 0.2702 66.1089 1.2699
v -0.3960 65.3437 1.6018
v -0.4219 65.3735 1.5784
v -0.4069 65.3841 1.6204
v -0.3960 65.3437 1.6018
v -1.2694 64.9374 2.0112
v -1.2869 64.9500 2.0188
v -1.2823 64.9298 2.0285
v -1.2694 64.9374 2.0112
v -1.9241 64.4621 1.3310
v -1.9247 64.4609 1.3322
v -1.9246 64.4605 1.3305
v -1.9241 64.4621 1.3310
v -0.2749 66.9068 3.4097
v -0.2850 66.8978 3.4173
v -0.2872 66.9131 3.4166
v -0.2749 66.9068 3.4097
v -0.1516 66.9338 3.6112
v -0.1567 66.9284 3.6184
v -0.1606 66.9373 3.6147
v -0.1516 66.9338 3.6112
v -0.0414 67.0547 3.7858
v -0.0449 67.0521 3.7887
v -0.0465 67.0557 3.7853
v -0.0414 67.0547 3.7858
v -0.0282 67.2217 3.9553
v -0.0298 67.2216 3.9561
v -0.0297 67.2217 3.9543
v -0.0282 67.2217 3.9553
v 0.2291 66.1773 1.2303
v 0.2553 66.1223 1.1966
v 0.2310 66.1151 1.2615
v 0.2291 66.1773 1.2303
v 1.1906 66.3720 1.6034
v 1.2340 66.3557 1.6059
v 1.2088 66.3607 1.6446
v 1.1906 66.3720 1.6034
v 1.5729 67.3643 1.7192
v 1.5940 67.3649 1.7290
v 1.5759 67.3564 1.7408
v 1.5729 67.3643 1.7192
v 1.3722 68.3375 2.1172
v 1.3730 68.3390 2.1167
v 1.3713 68.3390 2.1170
v 1.3722 68.3375 2.1172
v -0.0133 66.3320 2.4386
v 0.0237 66.3159 2.4258
v 0.0228 66.3448 2.4567
v -0.0133 66.3320 2.4386
v 0.0597 66.7951 2.0080
v 0.0652 66.8043 1.9819
v 0.0730 66.8198 2.0042
v 0.0597 66.7951 2.0080
v -0.5141 67.1195 1.9888
v -0.5097 67.1071 1.9838
v -0.5005 67.1177 1.9855
v -0.5141 67.1195 1.9888
v -0.6281 67.3162 1.3773
v -0.6281 67.3164 1.3790
v -0.6279 67.3178 1.3779
v -0.6281 67.3162 1.3773
v 0.2234 66.1005 1.2368
v 0.2360 66.1615 1.2060
v 0.2570 66.1505 1.2713
v 0.2234 66.1005 1.2368
v -0.7155 66.5060 1.6144
v -0.6942 66.5131 1.5739
v -0.6709 66.5181 1.6136
v -0.7155 66.5060 1.6144
v -0.9700 67.5417 1.6467
v -0.9809 67.5348 1.6274
v -0.9664 67.5528 1.6267
v -0.9700 67.5417 1.6467
v -1.7832 68.2025 1.8526
v -1.7849 68.2021 1.8528
v -1.7843 68.2026 1.8513
v -1.7832 68.2025 1.8526
v 2.3097 70.6724 1.1138
v 2.2997 70.6786 1.1286
v 2.3180 70.6829 1.1272
v 2.3097 70.6724 1.1138
v 2.3921 70.3860 1.2951
v 2.3837 70.3912 1.3030
v 2.3925 70.3983 1.2975
v 2.3921 70.3860 1.2951
v 2.6055 70.3312 1.5604
v 2.6010 70.3289 1.5641
v 2.6023 70.3351 1.5642
v 2.6055 70.3312 1.5604
v 2.8380 70.2818 1.8115
v 2.8365 70.2818 1.8124
v 2.8365 70.2818 1.8107
v 2.8380 70.2818 1.8115
v 2.2506 70.6900 1.1085
v 2.2389 70.6764 1.1181
v 2.2576 70.6803 1.1248
v 2.2506 70.6900 1.1085
v 2.3849 70.4106 0.9066
v 2.3747 70.4172 0.9008
v 2.3867 70.4165 0.8947
v 2.3849 70.4106 0.9066
v 2.4922 70.7250 1.0698
v 2.4863 70.7250 1.0731
v 2.4863 70.7250 1.0664
v 2.4922 70.7250 1.0698
v 2.4893 71.0940 1.0698
v 2.4878 71.0940 1.0706
v 2.4878 71.0940 1.0689
v 2.4893 71.0940 1.0698
v 1.3734 70.8158 0.9759
v 1.3522 70.7904 0.9534
v 1.3787 70.7763 0.9799
v 1.3734 70.8158 0.9759
v 1.8964 70.8261 0.4635
v 1.8749 70.8159 0.4514
v 1.8944 70.7997 0.4596
v 1.8964 70.8261 0.4635
v 2.2242 70.8893 -0.1868
v 2.2112 70.8874 -0.1891
v 2.2199 70.8777 -0.1920
v 2.2242 70.8893 -0.1868
v 2.2991 71.1580 -0.8622
v 2.2976 71.1585 -0.8614
v 2.2981 71.1569 -0.8614
v 2.2991 71.1580 -0.8622
v 0.9559 70.9757 0.7757
v 0.9418 70.9891 0.7288
v 0.9859 70.9649 0.7362
v 0.9559 70.9757 0.7757
v 1.3946 71.8003 0.8673
v 1.3736 71.7933 0.8416
v 1.4045 71.7793 0.8426
v 1.3946 71.8003 0.8673
v 1.7391 72.5173 0.3756
v 1.7238 72.5104 0.3781
v 1.7370 72.5005 0.3742
v 1.7391 72.5173 0.3756
v 1.5407 72.6100 -0.5247
v 1.5391 72.6094 -0.5247
v 1.5404 72.6083 -0.5247
v 1.5407 72.6100 -0.5247
v 0.6831 71.1017 0.5887
v 0.6942 71.1568 0.5735
v 0.7381 71.1203 0.5849
v 0.6831 71.1017 0.5887
v 0.6771 71.4125 1.6261
v 0.6641 71.4227 1.5910
v 0.6969 71.4022 1.5944
v 0.6771 71.4125 1.6261
v 1.2435 72.3147 1.6666
v 1.2274 72.3169 1.6560
v 1.2428 72.3079 1.6484
v 1.2435 72.3147 1.6666
v 1.6042 73.2425 1.2980
v 1.6025 73.2425 1.2976
v 1.6035 73.2416 1.2966
v 1.6042 73.2425 1.2980
v 1.0182 45.9048 6.4376
v 1.0084 45.9086 6.4330
v 1.0110 45.9111 6.4438
v 1.0182 45.9048 6.4376
v 0.9647 45.8149 6.4716
v 0.9583 45.8126 6.4750
v 0.9582 45.8187 6.4703
v 0.9647 45.8149 6.4716
v 0.9832 45.8826 6.5592
v 0.9799 45.8826 6.5611
v 0.9799 45.8826 6.5573
v 0.9832 45.8826 6.5592
v 0.9820 45.9943 6.5592
v 0.9805 45.9943 6.5601
v 0.9805 45.9943 6.5583
v 0.9820 45.9943 6.5592
v 1.1139 46.6311 3.8233
v 1.0693 46.5815 3.8019
v 1.0675 46.6038 3.8682
v 1.1139 46.6311 3.8233
v 1.5554 46.1360 4.0194
v 1.5254 46.1329 3.9837
v 1.5281 46.0983 4.0150
v 1.5554 46.1360 4.0194
v 2.0176 45.8242 3.6389
v 2.0156 45.8253 3.6157
v 2.0223 45.8054 3.6259
v 2.0176 45.8242 3.6389
v 2.6739 46.0120 3.5803
v 2.6729 46.0126 3.5791
v 2.6738 46.0112 3.5788
v 2.6739 46.0120 3.5803
v 0.9855 46.0949 5.8659
v 0.9969 46.0753 5.8571
v 0.9908 46.0762 5.8806
v 0.9855 46.0949 5.8659
v 1.1950 46.1853 5.9127
v 1.2097 46.1848 5.9196
v 1.1980 46.1748 5.9247
v 1.1950 46.1853 5.9127
v 1.1337 46.3469 6.0747
v 1.1361 46.3439 6.0818
v 1.1287 46.3422 6.0790
v 1.1337 46.3469 6.0747
v 1.0485 46.5373 6.1882
v 1.0470 46.5373 6.1890
v 1.0470 46.5373 6.1873
v 1.0485 46.5373 6.1882
v 0.6354 46.6883 1.4015
v 0.7307 46.7182 1.3277
v 0.7520 46.6732 1.4414
v 0.6354 46.6883 1.4015
v 0.6647 47.8329 1.8699
v 0.7037 47.8470 1.7983
v 0.7264 47.7833 1.8459
v 0.6647 47.8329 1.8699
v 1.4896 48.5556 2.4217
v 1.4885 48.5289 2.3900
v 1.5056 48.5177 2.4260
v 1.4896 48.5556 2.4217
v 2.5721 48.9436 2.0306
v 2.5705 48.9434 2.0300
v 2.5713 48.9421 2.0308
v 2.5721 48.9436 2.0306
v 1.0389 46.4078 4.5767
v 1.0411 46.4598 4.5656
v 1.0580 46.4419 4.6128
v 1.0389 46.4078 4.5767
v 0.5762 46.5015 4.7613
v 0.5614 46.5142 4.7909
v 0.5671 46.4794 4.7875
v 0.5762 46.5015 4.7613
v 0.0931 46.4392 4.5590
v 0.1006 46.4519 4.5688
v 0.0975 46.4359 4.5759
v 0.0931 46.4392 4.5590
v -0.3732 46.6023 4.7206
v -0.3720 46.6028 4.7218
v -0.3734 46.6018 4.7222
v -0.3732 46.6023 4.7206
v 0.7031 70.4160 0.4468
v 0.6825 70.4746 0.4610
v 0.7286 70.4477 0.4959
v 0.7031 70.4160 0.4468
v -0.0692 69.9811 1.1636
v -0.0965 70.0092 1.1470
v -0.0626 70.0228 1.1688
v -0.0692 69.9811 1.1636
v -0.6780 69.9799 2.1268
v -0.6943 69.9775 2.1135
v -0.6775 69.9891 2.1077
v -0.6780 69.9799 2.1268
v -1.1693 70.9072 2.5525
v -1.1710 70.9073 2.5527
v -1.1702 70.9080 2.5514
v -1.1693 70.9072 2.5525
v 1.0293 70.0763 1.0249
v 0.9826 70.0812 1.0295
v 1.0101 70.0800 1.0678
v 1.0293 70.0763 1.0249
v 0.9331 69.2611 1.0749
v 0.9094 69.2434 1.0641
v 0.9309 69.2309 1.0834
v 0.9331 69.2611 1.0749
v 1.3927 69.0263 0.4209
v 1.3826 69.0260 0.4089
v 1.3953 69.0166 0.4088
v 1.3927 69.0263 0.4209
v 1.8328 69.6233 0.0290
v 1.8312 69.6238 0.0292
v 1.8318 69.6238 0.0276
v 1.8328 69.6233 0.0290
v 1.2821 69.8596 1.5686
v 1.2635 69.8342 1.5588
v 1.2882 69.8293 1.5800
v 1.2821 69.8596 1.5686
v 1.6392 69.7577 1.1243
v 1.6338 69.7377 1.1169
v 1.6547 69.7424 1.1217
v 1.6392 69.7577 1.1243
v 1.7287 69.9317 0.5685
v 1.7228 69.9234 0.5727
v 1.7334 69.9219 0.5699
v 1.7287 69.9317 0.5685
v 1.5652 69.7710 0.0299
v 1.5639 69.7703 0.0309
v 1.5646 69.7693 0.0297
v 1.5652 69.7710 0.0299
v 1.9908 69.6007 2.0473
v 1.9891 69.5928 2.0369
v 1.9997 69.5915 2.0445
v 1.9908 69.6007 2.0473
v 2.1134 69.7472 1.9086
v 2.1053 69.7476 1.9118
v 2.1065 69.7467 1.9031
v 2.1134 69.7472 1.9086
v 2.1121 69.9798 1.8840
v 2.1083 69.9798 1.8862
v 2.1083 69.9798 1.8818
v 2.1121 69.9798 1.8840
v 2.1106 70.2136 1.8840
v 2.1091 70.2136 1.8849
v 2.1091 70.2136 1.8831
v 2.1106 70.2136 1.8840
v 1.2797 69.8233 1.5878
v 1.2755 69.8506 1.5703
v 1.3052 69.8372 1.5727
v 1.2797 69.8233 1.5878
v 1.3934 70.1513 2.0613
v 1.3818 70.1593 2.0447
v 1.4036 70.1596 2.0440
v 1.3934 70.1513 2.0613
v 1.3981 70.6856 2.3028
v 1.3892 70.6793 2.3032
v 1.3982 70.6757 2.2982
v 1.3981 70.6856 2.3028
v 1.2107 70.9143 1.8035
v 1.2091 70.9144 1.8041
v 1.2094 70.9141 1.8024
v 1.2107 70.9143 1.8035
v 0.4252 79.4515 0.3607
v 0.4030 79.4850 0.3453
v 0.4228 79.4880 0.3834
v 0.4252 79.4515 0.3607
v -0.4675 79.1011 0.8539
v -0.4960 79.1012 0.8511
v -0.4831 79.1217 0.8664
v -0.4675 79.1011 0.8539
v -0.5642 78.4904 1.7562
v -0.5772 78.4925 1.7506
v -0.5695 78.5037 1.7551
v -0.5642 78.4904 1.7562
v -1.0100 78.4020 2.7470
v -1.0114 78.4012 2.7463
v -1.0102 78.4020 2.7453
v -1.0100 78.4020 2.7470
v 0.6069 78.9568 1.5046
v 0.5933 78.9570 1.4989
v 0.5953 78.9534 1.5131
v 0.6069 78.9568 1.5046
v 0.6382 78.5947 1.4098
v 0.6296 78.5950 1.4147
v 0.6296 78.5938 1.4049
v 0.6382 78.5947 1.4098
v 0.6250 78.9675 1.3632
v 0.6213 78.9667 1.3663
v 0.6207 78.9660 1.3614
v 0.6250 78.9675 1.3632
v 0.5138 79.3236 1.3251
v 0.5123 79.3236 1.3260
v 0.5123 79.3236 1.3243
v 0.5138 79.3236 1.3251
v 0.5592 79.2673 1.1323
v 0.5520 79.2461 1.1209
v 0.5585 79.2457 1.1452
v 0.5592 79.2673 1.1323
v 1.1637 79.1388 0.9785
v 1.1552 79.1413 0.9643
v 1.1645 79.1275 0.9662
v 1.1637 79.1388 0.9785
v 1.6645 79.4439 0.7251
v 1.6586 79.4406 0.7202
v 1.6658 79.4366 0.7212
v 1.6645 79.4439 0.7251
v 1.9094 79.7483 0.2214
v 1.9079 79.7483 0.2222
v 1.9079 79.7483 0.2205
v 1.9094 79.7483 0.2214
v 0.5017 79.3568 0.9177
v 0.5241 79.3552 0.8970
v 0.5228 79.3348 0.9197
v 0.5017 79.3568 0.9177
v 0.9597 79.8030 1.3589
v 0.9524 79.8198 1.3501
v 0.9559 79.8031 1.3389
v 0.9597 79.8030 1.3589
v 1.6823 80.0496 1.2169
v 1.6734 80.0532 1.2201
v 1.6748 80.0511 1.2103
v 1.6823 80.0496 1.2169
v 1.9229 80.7732 1.0963
v 1.9216 80.7741 1.0970
v 1.9218 80.7739 1.0953
v 1.9229 80.7732 1.0963
v 0.4854 79.3661 0.8263
v 0.5017 79.3936 0.8209
v 0.5128 79.3722 0.8426
v 0.4854 79.3661 0.8263
v 0.0587 79.7467 1.4093
v 0.0703 79.7600 1.4217
v 0.0699 79.7389 1.4260
v 0.0587 79.7467 1.4093
v -0.5880 79.8606 1.9028
v -0.5776 79.8620 1.9055
v -0.5848 79.8588 1.9130
v -0.5880 79.8606 1.9028
v -0.7347 80.6434 2.0979
v -0.7353 80.6439 2.0994
v -0.7364 80.6432 2.0982
v -0.7347 80.6434 2.0979
v 1.7856 49.2952 2.5516
v 1.8201 49.2946 2.4900
v 1.8209 49.2375 2.5314
v 1.7856 49.2952 2.5516
v 2.4165 49.5398 2.8892
v 2.4172 49.5464 2.8426
v 2.4247 49.5035 2.8604
v 2.4165 49.5398 2.8892
v 3.1564 49.6760 2.9049
v 3.1416 49.6788 2.8867
v 3.1486 49.6572 2.8930
v 3.1564 49.6760 2.9049
v 3.7296 49.7226 2.4327
v 3.7282 49.7218 2.4320
v 3.7292 49.7210 2.4333
v 3.7296 49.7226 2.4327
v 1.7504 49.3100 2.4533
v 1.7927 49.3673 2.4397
v 1.8213 49.3071 2.4684
v 1.7504 49.3100 2.4533
v 1.6284 49.5837 3.1677
v 1.6473 49.6248 3.1506
v 1.6724 49.5835 3.1476
v 1.6284 49.5837 3.1677
v 1.9513 49.7315 3.8463
v 1.9562 49.7480 3.8293
v 1.9742 49.7362 3.8404
v 1.9513 49.7315 3.8463
v 1.9858 50.2818 4.3746
v 1.9853 50.2834 4.3741
v 1.9869 50.2831 4.3742
v 1.9858 50.2818 4.3746
v 2.5613 47.2613 3.4625
v 2.5577 47.2655 3.4782
v 2.5639 47.2504 3.4749
v 2.5613 47.2613 3.4625
v 2.4047 47.1966 3.4515
v 2.3951 47.1966 3.4570
v 2.3951 47.1966 3.4459
v 2.4047 47.1966 3.4515
v 2.4015 47.3720 3.4515
v 2.3967 47.3720 3.4543
v 2.3967 47.3720 3.4487
v 2.4015 47.3720 3.4515
v 2.3993 47.5475 3.4515
v 2.3978 47.5475 3.4523
v 2.3978 47.5475 3.4506
v 2.3993 47.5475 3.4515
v 1.9543 49.0237 2.8061
v 1.9008 49.0547 2.8071
v 1.9054 49.0000 2.8356
v 1.9543 49.0237 2.8061
v 1.7567 48.7331 2.2770
v 1.7223 48.7393 2.2552
v 1.7276 48.7040 2.2758
v 1.7567 48.7331 2.2770
v 2.0302 48.4673 1.7473
v 2.0118 48.4694 1.7384
v 2.0155 48.4533 1.7508
v 2.0302 48.4673 1.7473
v 2.2275 48.1168 1.2350
v 2.2263 48.1180 1.2354
v 2.2267 48.1176 1.2337
v 2.2275 48.1168 1.2350
v 1.9907 48.9506 2.8861
v 1.9687 48.9697 2.8341
v 1.9528 48.9164 2.8554
v 1.9907 48.9506 2.8861
v 2.4490 48.6695 2.5758
v 2.4585 48.7043 2.5592
v 2.4529 48.6724 2.5364
v 2.4490 48.6695 2.5758
v 3.0540 48.5380 2.6142
v 3.0654 48.5510 2.6045
v 3.0677 48.5315 2.6014
v 3.0540 48.5380 2.6142
v 3.4863 48.5143 3.0694
v 3.4848 48.5152 3.0694
v 3.4852 48.5141 3.0681
v 3.4863 48.5143 3.0694
v 0.3952 94.1378 -0.1908
v 0.3944 94.1314 -0.1916
v 0.3922 94.1344 -0.1862
v 0.3952 94.1378 -0.1908
v 0.8940 94.0406 0.0737
v 0.8903 94.0406 0.0759
v 0.8903 94.0406 0.0715
v 0.8940 94.0406 0.0737
v 0.8928 94.6112 0.0737
v 0.8909 94.6112 0.0748
v 0.8909 94.6112 0.0726
v 0.8928 94.6112 0.0737
v 0.8925 95.1819 0.0737
v 0.8910 95.1819 0.0745
v 0.8910 95.1819 0.0728
v 0.8925 95.1819 0.0737
v 0.4161 94.1694 -0.1662
v 0.4199 94.1658 -0.1680
v 0.4198 94.1674 -0.1627
v 0.4161 94.1694 -0.1662
v 0.7183 94.5305 -0.2704
v 0.7152 94.5305 -0.2685
v 0.7152 94.5305 -0.2722
v 0.7183 94.5305 -0.2704
v 0.7173 95.0115 -0.2704
v 0.7157 95.0115 -0.2694
v 0.7157 95.0115 -0.2713
v 0.7173 95.0115 -0.2704
v 0.7172 95.4925 -0.2704
v 0.7157 95.4925 -0.2695
v 0.7157 95.4925 -0.2712
v 0.7172 95.4925 -0.2704
v 0.2906 94.0703 -0.2320
v 0.2909 94.0681 -0.2412
v 0.2989 94.0703 -0.2366
v 0.2906 94.0703 -0.2320
v 0.1920 94.8632 -0.4292
v 0.1859 94.8618 -0.4295
v 0.1896 94.8606 -0.4344
v 0.1920 94.8632 -0.4292
v 0.0376 95.6095 -0.7374
v 0.0349 95.6095 -0.7359
v 0.0349 95.6095 -0.7390
v 0.0376 95.6095 -0.7374
v 0.0368 96.4319 -0.7374
v 0.0353 96.4319 -0.7366
v 0.0353 96.4319 -0.7383
v 0.0368 96.4319 -0.7374
v 0.4430 94.2312 -0.0670
v 0.4427 94.2310 -0.0695
v 0.4424 94.2332 -0.0683
v 0.4430 94.2312 -0.0670
v 0.2309 94.1885 -0.0474
v 0.2294 94.1885 -0.0465
v 0.2294 94.1885 -0.0482
v 0.2309 94.1885 -0.0474
v 0.2304 94.4067 -0.0474
v 0.2297 94.4067 -0.0470
v 0.2297 94.4067 -0.0478
v 0.2304 94.4067 -0.0474
v 0.2309 94.6248 -0.0474
v 0.2294 94.6248 -0.0465
v 0.2294 94.6248 -0.0482
v 0.2309 94.6248 -0.0474
v 0.3471 94.0866 -0.2239
v 0.3402 94.0894 -0.2206
v 0.3468 94.0942 -0.2207
v 0.3471 94.0866 -0.2239
v 0.5420 93.8282 0.4144
v 0.5373 93.8282 0.4171
v 0.5373 93.8282 0.4116
v 0.5420 93.8282 0.4144
v 0.5404 94.5431 0.4146
v 0.5378 94.5429 0.4156
v 0.5383 94.5429 0.4129
v 0.5404 94.5431 0.4146
v 0.4761 95.2548 0.4218
v 0.4746 95.2548 0.4227
v 0.4746 95.2548 0.4210
v 0.4761 95.2548 0.4218
v 0.8917 79.1369 1.6784
v 0.8894 79.1390 1.6846
v 0.8961 79.1372 1.6838
v 0.8917 79.1369 1.6784
v 0.8545 78.9717 1.7243
v 0.8504 78.9706 1.7262
v 0.8515 78.9692 1.7219
v 0.8545 78.9717 1.7243
v 0.7825 79.1192 1.6595
v 0.7805 79.1192 1.6607
v 0.7805 79.1192 1.6584
v 0.7825 79.1192 1.6595
v 0.7822 79.2963 1.6595
v 0.7807 79.2963 1.6604
v 0.7807 79.2963 1.6587
v 0.7822 79.2963 1.6595
v 0.8009 79.5606 0.8627
v 0.7763 79.5676 0.8520
v 0.7831 79.5759 0.8775
v 0.8009 79.5606 0.8627
v 0.5136 78.9772 1.1279
v 0.4980 78.9729 1.1369
v 0.4996 78.9892 1.1284
v 0.5136 78.9772 1.1279
v 0.7746 79.2624 1.7202
v 0.7666 79.2624 1.7248
v 0.7666 79.2624 1.7156
v 0.7746 79.2624 1.7202
v 0.7703 79.9677 1.7202
v 0.7688 79.9679 1.7210
v 0.7688 79.9675 1.7193
v 0.7703 79.9677 1.7202
v 0.9854 78.9494 1.8820
v 0.9850 78.9492 1.8815
v 0.9851 78.9488 1.8820
v 0.9854 78.9494 1.8820
v 0.9992 78.9410 1.8743
v 0.9988 78.9410 1.8745
v 0.9988 78.9410 1.8740
v 0.9992 78.9410 1.8743
v 0.9990 78.9586 1.8743
v 0.9988 78.9586 1.8744
v 0.9988 78.9586 1.8741
v 0.9990 78.9586 1.8743
v 0.9999 78.9763 1.8743
v 0.9984 78.9763 1.8751
v 0.9984 78.9763 1.8734
v 0.9999 78.9763 1.8743
v 0.7507 79.5719 0.6137
v 0.7678 79.5526 0.5927
v 0.7593 79.5411 0.6228
v 0.7507 79.5719 0.6137
v 1.4878 79.8511 0.9391
v 1.4845 79.8631 0.9208
v 1.4850 79.8410 0.9195
v 1.4878 79.8511 0.9391
v 2.3182 79.8839 0.7966
v 2.3186 79.8810 0.7859
v 2.3252 79.8760 0.7934
v 2.3182 79.8839 0.7966
v 2.9176 80.4641 0.6538
v 2.9170 80.4641 0.6554
v 2.9167 80.4655 0.6544
v 2.9176 80.4641 0.6538
v 0.7317 79.5485 0.5384
v 0.7599 79.5630 0.5241
v 0.7631 79.5433 0.5525
v 0.7317 79.5485 0.5384
v 0.6291 80.2622 1.0539
v 0.6411 80.2802 1.0456
v 0.6504 80.2589 1.0453
v 0.6291 80.2622 1.0539
v 0.9855 80.4011 1.8536
v 0.9819 80.4100 1.8470
v 0.9913 80.4112 1.8537
v 0.9855 80.4011 1.8536
v 0.4724 80.6941 2.5134
v 0.4707 80.6936 2.5134
v 0.4716 80.6937 2.5119
v 0.4724 80.6941 2.5134
v 3.6254 52.2663 2.1507
v 3.5918 52.2440 2.1411
v 3.6093 52.2401 2.1786
v 3.6254 52.2663 2.1507
v 3.8819 51.9226 2.0045
v 3.8720 51.9104 1.9817
v 3.8895 51.8967 1.9983
v 3.8819 51.9226 2.0045
v 4.2463 52.0798 1.7477
v 4.2332 52.0755 1.7483
v 4.2428 52.0697 1.7564
v 4.2463 52.0798 1.7477
v 4.3273 51.7613 1.4198
v 4.3258 51.7607 1.4192
v 4.3273 51.7598 1.4189
v 4.3273 51.7613 1.4198
v 3.3701 52.4399 1.7045
v 3.3630 52.4180 1.6563
v 3.3884 52.3906 1.6945
v 3.3701 52.4399 1.7045
v 3.8936 52.6608 1.5174
v 3.8851 52.6480 1.4852
v 3.9081 52.6304 1.5059
v 3.8936 52.6608 1.5174
v 4.3450 52.9528 1.2699
v 4.3420 52.9589 1.2535
v 4.3575 52.9511 1.2573
v 4.3450 52.9528 1.2699
v 4.5774 53.4846 1.4139
v 4.5766 53.4861 1.4143
v 4.5781 53.4862 1.4134
v 4.5774 53.4846 1.4139
v 3.5784 52.2540 2.1487
v 3.5959 52.2734 2.1157
v 3.6187 52.2467 2.1389
v 3.5784 52.2540 2.1487
v 3.7244 52.6028 2.4243
v 3.7231 52.6286 2.4134
v 3.7419 52.6101 2.4036
v 3.7244 52.6028 2.4243
v 4.0422 52.7580 2.7366
v 4.0388 52.7705 2.7313
v 4.0502 52.7638 2.7267
v 4.0422 52.7580 2.7366
v 4.3026 52.9757 3.0642
v 4.3012 52.9764 3.0635
v 4.3028 52.9768 3.0630
v 4.3026 52.9757 3.0642
v 4.5058 51.7950 3.0146
v 4.5026 51.8064 3.0135
v 4.5139 51.8036 3.0158
v 4.5058 51.7950 3.0146
v 4.4860 51.8059 3.1474
v 4.4782 51.8072 3.1475
v 4.4826 51.8098 3.1414
v 4.4860 51.8059 3.1474
v 4.5033 51.9228 3.2100
v 4.4999 51.9228 3.2120
v 4.4999 51.9228 3.2080
v 4.5033 51.9228 3.2100
v 4.5020 52.0561 3.2100
v 4.5005 52.0561 3.2109
v 4.5005 52.0561 3.2092
v 4.5020 52.0561 3.2100
v 2.0980 53.0266 0.4137
v 2.0247 53.0476 0.4702
v 2.1109 53.0339 0.5075
v 2.0980 53.0266 0.4137
v 1.8816 52.0184 0.5463
v 1.8295 51.9977 0.5757
v 1.8866 51.9822 0.5980
v 1.8816 52.0184 0.5463
v 1.8749 51.1181 -0.0509
v 1.8499 51.1317 -0.0371
v 1.8789 51.1367 -0.0256
v 1.8749 51.1181 -0.0509
v 1.7599 50.2825 0.5974
v 1.7584 50.2829 0.5983
v 1.7598 50.2839 0.5985
v 1.7599 50.2825 0.5974
v 5.5219 46.4139 1.4106
v 5.4933 46.4287 1.4210
v 5.5226 46.4357 1.4365
v 5.5219 46.4139 1.4106
v 5.4669 46.1686 1.6258
v 5.4472 46.1695 1.6368
v 5.4654 46.1798 1.6454
v 5.4669 46.1686 1.6258
v 5.5432 45.8871 1.8001
v 5.5339 45.8933 1.8016
v 5.5440 45.8973 1.8048
v 5.5432 45.8871 1.8001
v 5.4972 45.7560 2.1054
v 5.4957 45.7560 2.1062
v 5.4957 45.7560 2.1045
v 5.4972 45.7560 2.1054
v 2.3997 47.2608 0.0718
v 2.3144 47.1906 0.0942
v 2.4150 47.1743 0.1424
v 2.3997 47.2608 0.0718
v 2.7026 46.5881 -0.7835
v 2.6387 46.5622 -0.7535
v 2.7049 46.5361 -0.7293
v 2.7026 46.5881 -0.7835
v 2.6556 45.7593 -1.5454
v 2.6250 45.7604 -1.5236
v 2.6566 45.7446 -1.5108
v 2.6556 45.7593 -1.5454
v 2.3182 44.7685 -1.9347
v 2.3171 44.7680 -1.9335
v 2.3182 44.7669 -1.9341
v 2.3182 44.7685 -1.9347
v 2.9046 47.0684 0.1909
v 2.8900 46.9929 0.1265
v 2.9404 46.9770 0.2117
v 2.9046 47.0684 0.1909
v 3.7646 47.2781 -0.2721
v 3.7416 47.2325 -0.3153
v 3.7809 47.2137 -0.2646
v 3.7646 47.2781 -0.2721
v 4.5650 47.3976 -0.8566
v 4.5521 47.3682 -0.8659
v 4.5759 47.3694 -0.8424
v 4.5650 47.3976 -0.8566
v 5.2635 47.2981 -1.5565
v 5.2631 47.2965 -1.5567
v 5.2647 47.2969 -1.5562
v 5.2635 47.2981 -1.5565
v 2.4975 47.1354 0.1781
v 2.4789 47.2030 0.0940
v 2.5654 47.1358 0.0922
v 2.4975 47.1354 0.1781
v 3.1011 47.8842 0.6101
v 3.0968 47.9570 0.6098
v 3.1562 47.9239 0.5834
v 3.1011 47.8842 0.6101
v 3.5652 47.9355 1.5961
v 3.5616 47.9687 1.5812
v 3.5939 47.9516 1.5803
v 3.5652 47.9355 1.5961
v 3.8405 48.4074 2.5345
v 3.8397 48.4085 2.5334
v 3.8414 48.4085 2.5336
v 3.8405 48.4074 2.5345
v 5.5737 46.3713 1.5247
v 5.5669 46.3992 1.5127
v 5.5905 46.3962 1.5328
v 5.5737 46.3713 1.5247
v 5.3925 46.4349 1.7539
v 5.3728 46.4408 1.7568
v 5.3884 46.4522 1.7645
v 5.3925 46.4349 1.7539
v 5.3793 46.2790 2.0225
v 5.3691 46.2770 2.0223
v 5.3740 46.2801 2.0137
v 5.3793 46.2790 2.0225
v 5.3142 46.5721 2.0926
v 5.3127 46.5721 2.0935
v 5.3127 46.5721 2.0918
v 5.3142 46.5721 2.0926
v 0.4374 95.6199 -0.4664
v 0.4365 95.6179 -0.4637
v 0.4382 95.6209 -0.4632
v 0.4374 95.6199 -0.4664
v 0.7847 95.4227 -0.4919
v 0.7827 95.4227 -0.4908
v 0.7827 95.4227 -0.4931
v 0.7847 95.4227 -0.4919
v 0.7840 95.8217 -0.4919
v 0.7830 95.8217 -0.4914
v 0.7830 95.8217 -0.4925
v 0.7840 95.8217 -0.4919
v 0.7844 96.2207 -0.4919
v 0.7829 96.2207 -0.4911
v 0.7829 96.2207 -0.4928
v 0.7844 96.2207 -0.4919
v 0.2143 95.4811 -0.4985
v 0.2119 95.4727 -0.5027
v 0.2203 95.4734 -0.4979
v 0.2143 95.4811 -0.4985
v 0.7302 95.8063 -1.4363
v 0.7243 95.8080 -1.4344
v 0.7260 95.8086 -1.4406
v 0.7302 95.8063 -1.4363
v 1.0812 96.8476 -1.2251
v 1.0781 96.8478 -1.2246
v 1.0792 96.8471 -1.2275
v 1.0812 96.8476 -1.2251
v 1.1199 97.9434 -1.4445
v 1.1184 97.9434 -1.4436
v 1.1184 97.9434 -1.4453
v 1.1199 97.9434 -1.4445
v 0.4583 95.7119 -0.4575
v 0.4589 95.7114 -0.4584
v 0.4591 95.7125 -0.4581
v 0.4583 95.7119 -0.4575
v 0.3736 95.7566 -0.5484
v 0.3729 95.7566 -0.5480
v 0.3729 95.7566 -0.5488
v 0.3736 95.7566 -0.5484
v 0.3733 95.8889 -0.5484
v 0.3730 95.8889 -0.5482
v 0.3730 95.8889 -0.5486
v 0.3733 95.8889 -0.5484
v 0.3741 96.0212 -0.5484
v 0.3726 96.0212 -0.5476
v 0.3726 96.0212 -0.5493
v 0.3741 96.0212 -0.5484
v 0.4592 95.7062 -0.4577
v 0.4586 95.7056 -0.4586
v 0.4589 95.7068 -0.4587
v 0.4592 95.7062 -0.4577
v 0.3316 95.7485 -0.4002
v 0.3309 95.7485 -0.3998
v 0.3309 95.7485 -0.4006
v 0.3316 95.7485 -0.4002
v 0.3314 95.8951 -0.4002
v 0.3310 95.8951 -0.4000
v 0.3310 95.8951 -0.4004
v 0.3314 95.8951 -0.4002
v 0.3321 96.0417 -0.4002
v 0.3306 96.0417 -0.3993
v 0.3306 96.0417 -0.4010
v 0.3321 96.0417 -0.4002
v 0.2799 95.4838 -0.4965
v 0.2733 95.4864 -0.4926
v 0.2793 95.4916 -0.4943
v 0.2799 95.4838 -0.4965
v 0.6866 95.2831 0.3246
v 0.6816 95.2834 0.3265
v 0.6825 95.2830 0.3211
v 0.6866 95.2831 0.3246
v 0.7057 96.2169 0.2584
v 0.7033 96.2169 0.2598
v 0.7033 96.2169 0.2571
v 0.7057 96.2169 0.2584
v 0.7051 97.1531 0.2584
v 0.7036 97.1531 0.2593
v 0.7036 97.1531 0.2576
v 0.7051 97.1531 0.2584
v 1.9949 47.1139 -0.2333
v 1.8977 47.0641 -0.1752
v 2.0113 47.0513 -0.1279
v 1.9949 47.1139 -0.2333
v 2.1353 46.0422 -0.8578
v 2.0692 46.0416 -0.8085
v 2.1444 46.0522 -0.7765
v 2.1353 46.0422 -0.8578
v 2.2357 44.8353 -0.7006
v 2.2054 44.8307 -0.6730
v 2.2413 44.8474 -0.6616
v 2.2357 44.8353 -0.7006
v 2.6520 43.7295 -0.3984
v 2.6509 43.7282 -0.3986
v 2.6526 43.7279 -0.3981
v 2.6520 43.7295 -0.3984
v 5.0294 45.8516 0.3831
v 5.0014 45.8216 0.3531
v 5.0375 45.8015 0.3827
v 5.0294 45.8516 0.3831
v 5.3575 45.8766 0.0227
v 5.3439 45.8947 -0.0025
v 5.3705 45.8746 -0.0086
v 5.3575 45.8766 0.0227
v 5.6653 46.2534 0.1032
v 5.6641 46.2628 0.1173
v 5.6762 46.2661 0.1059
v 5.6653 46.2534 0.1032
v 5.9781 45.9450 0.3450
v 5.9771 45.9437 0.3443
v 5.9787 45.9441 0.3437
v 5.9781 45.9450 0.3450
v 3.5516 46.3607 0.2867
v 3.5272 46.3916 0.2116
v 3.5919 46.3371 0.2160
v 3.5516 46.3607 0.2867
v 4.0785 46.9809 0.3510
v 4.0704 47.0279 0.3207
v 4.1165 46.9964 0.3122
v 4.0785 46.9809 0.3510
v 4.5024 47.4504 0.9211
v 4.4842 47.4483 0.8996
v 4.5082 47.4334 0.8993
v 4.5024 47.4504 0.9211
v 4.8836 48.0757 0.5166
v 4.8819 48.0752 0.5167
v 4.8830 48.0743 0.5157
v 4.8836 48.0757 0.5166
v 2.1818 46.8977 -0.0681
v 2.1762 47.0134 -0.0874
v 2.2781 46.9565 -0.1008
v 2.1818 46.8977 -0.0681
v 2.4495 47.1151 1.0144
v 2.4427 47.1898 1.0369
v 2.5136 47.1572 1.0302
v 2.4495 47.1151 1.0144
v 2.4110 46.7950 2.1337
v 2.4031 46.8331 2.1376
v 2.4400 46.8213 2.1324
v 2.4110 46.7950 2.1337
v 2.5518 46.7265 3.2832
v 2.5506 46.7269 3.2820
v 2.5523 46.7265 3.2815
v 2.5518 46.7265 3.2832
v 4.3000 46.0465 0.2951
v 4.2578 46.0893 0.3259
v 4.3219 46.0844 0.3465
v 4.3000 46.0465 0.2951
v 4.1202 45.5764 0.7316
v 4.0970 45.6048 0.7578
v 4.1415 45.6003 0.7633
v 4.1202 45.5764 0.7316
v 4.0178 45.0964 1.1806
v 4.0030 45.1059 1.1946
v 4.0249 45.1110 1.1962
v 4.0178 45.0964 1.1806
v 4.1029 44.6030 1.6212
v 4.1012 44.6033 1.6210
v 4.1024 44.6038 1.6198
v 4.1029 44.6030 1.6212
v 0.7484 88.5158 -0.5512
v 0.7436 88.5348 -0.5505
v 0.7579 88.5288 -0.5624
v 0.7484 88.5158 -0.5512
v 1.3470 88.6492 0.0953
v 1.3471 88.6553 0.1068
v 1.3549 88.6594 0.0971
v 1.3470 88.6492 0.0953
v 1.9942 88.0976 0.3848
v 1.9934 88.1006 0.3905
v 1.9946 88.1041 0.3852
v 1.9942 88.0976 0.3848
v 2.8763 88.0454 0.5444
v 2.8748 88.0454 0.5452
v 2.8748 88.0454 0.5435
v 2.8763 88.0454 0.5444
v 1.1924 88.4094 -0.6899
v 1.1915 88.4160 -0.6837
v 1.1993 88.4153 -0.6886
v 1.1924 88.4094 -0.6899
v 1.3585 88.1619 -0.3954
v 1.3544 88.1602 -0.3912
v 1.3550 88.1569 -0.3962
v 1.3585 88.1619 -0.3954
v 1.0670 88.3950 -0.5853
v 1.0642 88.3946 -0.5842
v 1.0646 88.3956 -0.5871
v 1.0670 88.3950 -0.5853
v 1.0598 88.7923 -0.4489
v 1.0583 88.7923 -0.4480
v 1.0583 88.7923 -0.4497
v 1.0598 88.7923 -0.4489
v 0.7022 88.5427 -0.5570
v 0.6946 88.5320 -0.5411
v 0.7150 88.5324 -0.5445
v 0.7022 88.5427 -0.5570
v 0.6339 87.7798 -1.0975
v 0.6227 87.7721 -1.0954
v 0.6329 87.7673 -1.1032
v 0.6339 87.7798 -1.0975
v 0.2307 88.1534 -1.8614
v 0.2239 88.1528 -1.8602
v 0.2261 88.1550 -1.8664
v 0.2307 88.1534 -1.8614
v 0.2040 89.0454 -1.5542
v 0.2025 89.0454 -1.5533
v 0.2025 89.0454 -1.5551
v 0.2040 89.0454 -1.5542
v 1.1806 88.4235 -0.6815
v 1.1740 88.4167 -0.6807
v 1.1832 88.4145 -0.6797
v 1.1806 88.4235 -0.6815
v 1.2108 88.3378 -1.1094
v 1.2051 88.3402 -1.1079
v 1.2088 88.3432 -1.1122
v 1.2108 88.3378 -1.1094
v 1.3925 88.5747 -0.7895
v 1.3905 88.5745 -0.7869
v 1.3896 88.5733 -0.7897
v 1.3925 88.5747 -0.7895
v 1.2202 88.9613 -0.8971
v 1.2187 88.9613 -0.8962
v 1.2187 88.9613 -0.8979
v 1.2202 88.9613 -0.8971
v 0.9913 88.4841 -0.5934
v 0.9839 88.4745 -0.6008
v 0.9968 88.4712 -0.5958
v 0.9913 88.4841 -0.5934
v 1.2642 88.6949 -1.1436
v 1.2548 88.6943 -1.1447
v 1.2606 88.6909 -1.1514
v 1.2642 88.6949 -1.1436
v 1.2586 89.2705 -1.4444
v 1.2545 89.2705 -1.4420
v 1.2545 89.2705 -1.4467
v 1.2586 89.2705 -1.4444
v 1.2568 89.9199 -1.4444
v 1.2553 89.9199 -1.4435
v 1.2553 89.9199 -1.4452
v 1.2568 89.9199 -1.4444
v 0.6592 92.1480 -0.1369
v 0.6613 92.1526 -0.1385
v 0.6640 92.1494 -0.1353
v 0.6592 92.1480 -0.1369
v 0.5224 92.3143 0.1458
v 0.5194 92.3143 0.1476
v 0.5194 92.3143 0.1441
v 0.5224 92.3143 0.1458
v 0.5214 92.6704 0.1458
v 0.5199 92.6704 0.1467
v 0.5199 92.6704 0.1449
v 0.5214 92.6704 0.1458
v 0.5214 93.0265 0.1458
v 0.5199 93.0265 0.1467
v 0.5199 93.0265 0.1450
v 0.5214 93.0265 0.1458
v 0.5585 92.2559 -0.3251
v 0.5526 92.2646 -0.3240
v 0.5626 92.2645 -0.3204
v 0.5585 92.2559 -0.3251
v 0.3271 92.0268 0.3152
v 0.3222 92.0244 0.3196
v 0.3246 92.0203 0.3144
v 0.3271 92.0268 0.3152
v -0.1855 92.2809 -0.1207
v -0.1890 92.2805 -0.1208
v -0.1872 92.2808 -0.1238
v -0.1855 92.2809 -0.1207
v -0.2660 92.9973 -0.1039
v -0.2675 92.9973 -0.1031
v -0.2675 92.9973 -0.1048
v -0.2660 92.9973 -0.1039
v 0.4514 92.2713 -0.4001
v 0.4380 92.2699 -0.4007
v 0.4443 92.2690 -0.3888
v 0.4514 92.2713 -0.4001
v 0.5436 91.3639 -0.5151
v 0.5372 91.3661 -0.5211
v 0.5449 91.3621 -0.5238
v 0.5436 91.3639 -0.5151
v 0.9283 92.1934 -0.6344
v 0.9249 92.1909 -0.6329
v 0.9271 92.1897 -0.6366
v 0.9283 92.1934 -0.6344
v 0.3316 92.6674 -1.1480
v 0.3301 92.6674 -1.1472
v 0.3301 92.6674 -1.1489
v 0.3316 92.6674 -1.1480
v 0.3891 92.2858 -0.4368
v 0.3795 92.2748 -0.4408
v 0.3883 92.2731 -0.4287
v 0.3891 92.2858 -0.4368
v 1.1152 91.8605 -1.0269
v 1.1058 91.8618 -1.0236
v 1.1087 91.8528 -1.0270
v 1.1152 91.8605 -1.0269
v 0.8120 92.1149 -1.9695
v 0.8071 92.1141 -1.9699
v 0.8092 92.1180 -1.9722
v 0.8120 92.1149 -1.9695
v 0.6403 92.6868 -1.1375
v 0.6388 92.6868 -1.1367
v 0.6388 92.6868 -1.1384
v 0.6403 92.6868 -1.1375
v 0.7055 92.2418 -0.1002
v 0.7068 92.2399 -0.0992
v 0.7073 92.2423 -0.0985
v 0.7055 92.2418 -0.1002
v 0.8246 92.2554 -0.2245
v 0.8231 92.2554 -0.2237
v 0.8231 92.2554 -0.2253
v 0.8246 92.2554 -0.2245
v 0.8241 92.4274 -0.2245
v 0.8234 92.4274 -0.2241
v 0.8234 92.4274 -0.2249
v 0.8241 92.4274 -0.2245
v 0.8246 92.5993 -0.2245
v 0.8231 92.5993 -0.2236
v 0.8231 92.5993 -0.2254
v 0.8246 92.5993 -0.2245
v 1.8068 57.1840 -0.6821
v 1.7925 57.2764 -0.6752
v 1.8766 57.2437 -0.7007
v 1.8068 57.1840 -0.6821
v 2.1467 57.1879 0.4472
v 2.1184 57.2203 0.4019
v 2.1753 57.1964 0.3923
v 2.1467 57.1879 0.4472
v 2.6188 58.1503 0.8105
v 2.6053 58.1778 0.8162
v 2.6327 58.1767 0.8013
v 2.6188 58.1503 0.8105
v 3.1679 58.2283 1.8132
v 3.1670 58.2289 1.8146
v 3.1681 58.2299 1.8139
v 3.1679 58.2283 1.8132
v 1.6627 57.2705 -0.7463
v 1.6200 57.3060 -0.6663
v 1.7172 57.3038 -0.6728
v 1.6627 57.2705 -0.7463
v 1.6730 56.1844 -0.2392
v 1.6422 56.2136 -0.1901
v 1.7064 56.2206 -0.1969
v 1.6730 56.1844 -0.2392
v 1.8495 55.2326 0.4615
v 1.8346 55.2507 0.4839
v 1.8659 55.2559 0.4770
v 1.8495 55.2326 0.4615
v 2.1651 54.4652 1.3160
v 2.1641 54.4656 1.3173
v 2.1655 54.4665 1.3171
v 2.1651 54.4652 1.3160
v 3.9327 56.6320 -0.3727
v 3.9083 56.5975 -0.3570
v 3.9289 56.6255 -0.3282
v 3.9327 56.6320 -0.3727
v 4.3876 56.2900 -0.3634
v 4.3577 56.2870 -0.3634
v 4.3702 56.3133 -0.3557
v 4.3876 56.2900 -0.3634
v 4.3938 56.1414 0.1701
v 4.3836 56.1305 0.1718
v 4.3889 56.1337 0.1581
v 4.3938 56.1414 0.1701
v 3.9854 56.5040 0.0943
v 3.9842 56.5036 0.0955
v 3.9841 56.5051 0.0947
v 3.9854 56.5040 0.0943
v 3.5443 56.6595 -0.5312
v 3.5623 56.6101 -0.5427
v 3.5795 56.6353 -0.4984
v 3.5443 56.6595 -0.5312
v 4.0432 56.9012 -0.8545
v 4.0578 56.8917 -0.8858
v 4.0785 56.8951 -0.8567
v 4.0432 56.9012 -0.8545
v 4.1581 57.5236 -1.0023
v 4.1545 57.5302 -1.0186
v 4.1694 57.5352 -1.0100
v 4.1581 57.5236 -1.0023
v 3.8337 58.0303 -0.7374
v 3.8320 58.0303 -0.7371
v 3.8326 58.0309 -0.7386
v 3.8337 58.0303 -0.7374
v 2.5568 56.9602 -0.5927
v 2.5491 56.9827 -0.6654
v 2.6142 56.9499 -0.6422
v 2.5568 56.9602 -0.5927
v 2.9077 57.7843 -0.3915
v 2.8991 57.8256 -0.4202
v 2.9458 57.8051 -0.4183
v 2.9077 57.7843 -0.3915
v 3.1293 58.3435 0.3277
v 3.1170 58.3625 0.3158
v 3.1406 58.3560 0.3086
v 3.1293 58.3435 0.3277
v 3.4839 58.9657 0.9299
v 3.4825 58.9667 0.9296
v 3.4839 58.9667 0.9285
v 3.4839 58.9657 0.9299
v 3.3820 69.8670 -2.5748
v 3.3810 69.8687 -2.5743
v 3.3824 69.8687 -2.5758
v 3.3820 69.8670 -2.5748
v 3.4098 69.8756 -2.5504
v 3.4086 69.8756 -2.5497
v 3.4086 69.8756 -2.5511
v 3.4098 69.8756 -2.5504
v 3.4094 69.9130 -2.5504
v 3.4088 69.9130 -2.5501
v 3.4088 69.9130 -2.5508
v 3.4094 69.9130 -2.5504
v 3.4100 69.9503 -2.5504
v 3.4085 69.9503 -2.5496
v 3.4085 69.9503 -2.5513
v 3.4100 69.9503 -2.5504
v 1.4489 70.3616 -1.1706
v 1.4517 70.3907 -1.1208
v 1.4975 70.3891 -1.1559
v 1.4489 70.3616 -1.1706
v 1.7883 69.5206 -0.6810
v 1.7876 69.5551 -0.6641
v 1.8196 69.5428 -0.6814
v 1.7883 69.5206 -0.6810
v 2.1073 69.1080 0.1934
v 2.1054 69.1203 0.2080
v 2.1209 69.1212 0.1967
v 2.1073 69.1080 0.1934
v 2.5969 68.4634 0.8167
v 2.5962 68.4650 0.8169
v 2.5977 68.4648 0.8160
v 2.5969 68.4634 0.8167
v 1.5864 70.3321 -1.2347
v 1.5930 70.3022 -1.1902
v 1.6333 70.3068 -1.2259
v 1.5864 70.3321 -1.2347
v 1.2747 69.5572 -1.7002
v 1.2699 69.5480 -1.6657
v 1.2931 69.5295 -1.6861
v 1.2747 69.5572 -1.7002
v 0.5865 68.9508 -1.9368
v 0.5692 68.9466 -1.9340
v 0.5757 68.9474 -1.9508
v 0.5865 68.9508 -1.9368
v 0.3491 69.8755 -1.9872
v 0.3475 69.8754 -1.9864
v 0.3477 69.8761 -1.9880
v 0.3491 69.8755 -1.9872
v 2.5164 69.9124 -1.9742
v 2.4980 69.8945 -1.9733
v 2.5205 69.8892 -1.9846
v 2.5164 69.9124 -1.9742
v 2.3549 70.0414 -2.3721
v 2.3389 70.0472 -2.3701
v 2.3486 70.0530 -2.3830
v 2.3549 70.0414 -2.3721
v 2.5089 70.3812 -2.1084
v 2.5015 70.3812 -2.1041
v 2.5015 70.3812 -2.1127
v 2.5089 70.3812 -2.1084
v 2.5046 70.8358 -2.1079
v 2.5033 70.8369 -2.1080
v 2.5040 70.8364 -2.1094
v 2.5046 70.8358 -2.1079
v 2.9858 69.8590 -2.3782
v 2.9747 69.8600 -2.3817
v 2.9832 69.8594 -2.3896
v 2.9858 69.8590 -2.3782
v 3.0039 70.0642 -2.3784
v 2.9966 70.0670 -2.3776
v 2.9999 70.0665 -2.3847
v 3.0039 70.0642 -2.3784
v 3.0785 70.2576 -2.3577
v 3.0748 70.2581 -2.3569
v 3.0759 70.2568 -2.3604
v 3.0785 70.2576 -2.3577
v 3.0870 70.4518 -2.4300
v 3.0855 70.4518 -2.4292
v 3.0855 70.4518 -2.4309
v 3.0870 70.4518 -2.4300
v 1.8058 75.0427 -2.5268
v 1.8115 75.0340 -2.5163
v 1.8095 75.0485 -2.5138
v 1.8058 75.0427 -2.5268
v 2.0942 75.1049 -2.6273
v 2.0969 75.0975 -2.6213
v 2.0945 75.0956 -2.6306
v 2.0942 75.1049 -2.6273
v 1.7990 75.0600 -2.5465
v 1.7993 75.0601 -2.5416
v 1.7952 75.0583 -2.5438
v 1.7990 75.0600 -2.5465
v 1.6770 75.3458 -2.5405
v 1.6755 75.3458 -2.5397
v 1.6755 75.3458 -2.5414
v 1.6770 75.3458 -2.5405
v 1.7664 75.0189 -2.4992
v 1.7786 75.0100 -2.5035
v 1.7811 75.0241 -2.4970
v 1.7664 75.0189 -2.4992
v 1.7696 75.1537 -2.7962
v 1.7676 75.1564 -2.8062
v 1.7768 75.1590 -2.8018
v 1.7696 75.1537 -2.7962
v 1.6429 75.4410 -2.6967
v 1.6384 75.4437 -2.6965
v 1.6425 75.4456 -2.6991
v 1.6429 75.4410 -2.6967
v 1.7476 75.5976 -2.4231
v 1.7461 75.5976 -2.4222
v 1.7461 75.5976 -2.4239
v 1.7476 75.5976 -2.4231
v 0.8527 75.2264 -1.0257
v 0.8108 75.1936 -1.0061
v 0.8550 75.1702 -1.0327
v 0.8527 75.2264 -1.0257
v 0.2760 75.3213 -2.0746
v 0.2531 75.3063 -2.0487
v 0.2779 75.2844 -2.0668
v 0.2760 75.3213 -2.0746
v -0.5320 75.0835 -2.9060
v -0.5504 75.0839 -2.9020
v -0.5447 75.0840 -2.9200
v -0.5320 75.0835 -2.9060
v -0.5134 76.2762 -2.8929
v -0.5150 76.2756 -2.8927
v -0.5145 76.2764 -2.8942
v -0.5134 76.2762 -2.8929
v 0.9835 75.1377 -1.0923
v 0.9349 75.1511 -1.1088
v 0.9635 75.1160 -1.1364
v 0.9835 75.1377 -1.0923
v 1.4113 75.9768 -1.7074
v 1.3800 75.9771 -1.7239
v 1.3998 75.9478 -1.7240
v 1.4113 75.9768 -1.7074
v 1.9009 76.3098 -2.6512
v 1.8868 76.3145 -2.6608
v 1.8975 76.3015 -2.6665
v 1.9009 76.3098 -2.6512
v 2.5188 77.0608 -3.2028
v 2.5174 77.0613 -3.2037
v 2.5186 77.0604 -3.2045
v 2.5188 77.0608 -3.2028
v 0.9516 75.1142 -1.0884
v 0.9399 75.1662 -1.0905
v 0.9577 75.1411 -1.1341
v 0.9516 75.1142 -1.0884
v 2.0265 75.3814 -0.8125
v 1.9953 75.3945 -0.8016
v 2.0030 75.3936 -0.8363
v 2.0265 75.3814 -0.8125
v 2.4738 76.4192 -0.7435
v 2.4589 76.4170 -0.7340
v 2.4602 76.4100 -0.7504
v 2.4738 76.4192 -0.7435
v 2.0490 77.3660 -1.1773
v 2.0475 77.3654 -1.1767
v 2.0477 77.3656 -1.1784
v 2.0490 77.3660 -1.1773
v 2.1649 71.3267 -2.8415
v 2.1643 71.3345 -2.8502
v 2.1577 71.3248 -2.8506
v 2.1649 71.3267 -2.8415
v 2.3298 71.2224 -2.9545
v 2.3230 71.2224 -2.9506
v 2.3230 71.2224 -2.9584
v 2.3298 71.2224 -2.9545
v 2.3275 71.4445 -2.9545
v 2.3241 71.4445 -2.9525
v 2.3241 71.4445 -2.9565
v 2.3275 71.4445 -2.9545
v 2.3262 71.6665 -2.9545
v 2.3247 71.6665 -2.9536
v 2.3247 71.6665 -2.9554
v 2.3262 71.6665 -2.9545
v 2.3758 71.0371 -3.0792
v 2.3772 71.0392 -3.0793
v 2.3774 71.0375 -3.0811
v 2.3758 71.0371 -3.0792
v 2.4119 71.0174 -3.0552
v 2.4105 71.0174 -3.0544
v 2.4105 71.0174 -3.0561
v 2.4119 71.0174 -3.0552
v 2.4114 71.0643 -3.0552
v 2.4107 71.0643 -3.0548
v 2.4107 71.0643 -3.0556
v 2.4114 71.0643 -3.0552
v 2.4119 71.1111 -3.0552
v 2.4104 71.1111 -3.0544
v 2.4104 71.1111 -3.0561
v 2.4119 71.1111 -3.0552
v 1.6163 71.9167 -2.1173
v 1.6192 71.9115 -2.0824
v 1.6480 71.9098 -2.1030
v 1.6163 71.9167 -2.1173
v 1.5189 71.2668 -2.1989
v 1.5169 71.2502 -2.1822
v 1.5383 71.2563 -2.1904
v 1.5189 71.2668 -2.1989
v 1.4797 70.7822 -2.6674
v 1.4750 70.7907 -2.6608
v 1.4844 70.7930 -2.6676
v 1.4797 70.7822 -2.6674
v 1.8856 70.6205 -2.1601
v 1.8843 70.6210 -2.1591
v 1.8846 70.6219 -2.1606
v 1.8856 70.6205 -2.1601
v 2.1103 71.4012 -2.7976
v 2.1089 71.4079 -2.7853
v 2.1075 71.3939 -2.7859
v 2.1103 71.4012 -2.7976
v 1.8537 71.4274 -2.8340
v 1.8456 71.4274 -2.8293
v 1.8456 71.4274 -2.8387
v 1.8537 71.4274 -2.8340
v 1.8507 71.6929 -2.8327
v 1.8463 71.6915 -2.8334
v 1.8480 71.6949 -2.8360
v 1.8507 71.6929 -2.8327
v 1.7634 71.8716 -2.6569
v 1.7619 71.8716 -2.6561
v 1.7619 71.8716 -2.6578
v 1.7634 71.8716 -2.6569
v 1.3309 72.0919 -1.8240
v 1.2865 72.0930 -1.8321
v 1.3123 72.0617 -1.8520
v 1.3309 72.0919 -1.8240
v 1.4567 72.6179 -2.4872
v 1.4271 72.6174 -2.4925
v 1.4432 72.5921 -2.4948
v 1.4567 72.6179 -2.4872
v 1.5938 72.7768 -3.3130
v 1.5802 72.7772 -3.3067
v 1.5816 72.7768 -3.3217
v 1.5938 72.7768 -3.3130
v 1.6049 73.6275 -3.3335
v 1.6037 73.6275 -3.3322
v 1.6034 73.6285 -3.3336
v 1.6049 73.6275 -3.3335
v 2.5028 45.7140 -2.4619
v 2.4451 45.7231 -2.5442
v 2.5222 45.6580 -2.5436
v 2.5028 45.7140 -2.4619
v 3.0918 46.3792 -2.8204
v 3.0499 46.4189 -2.8550
v 3.1005 46.3877 -2.8866
v 3.0918 46.3792 -2.8204
v 3.6763 47.1569 -2.6700
v 3.6429 47.1595 -2.6732
v 3.6625 47.1590 -2.7006
v 3.6763 47.1569 -2.6700
v 3.7320 48.1291 -2.6468
v 3.7306 48.1298 -2.6475
v 3.7316 48.1288 -2.6485
v 3.7320 48.1291 -2.6468
v 2.0555 45.7824 -2.2099
v 2.0517 45.8895 -2.1751
v 2.1131 45.8618 -2.2654
v 2.0555 45.7824 -2.2099
v 2.9356 45.6321 -1.5515
v 2.9129 45.7023 -1.5656
v 2.9543 45.6653 -1.6162
v 2.9356 45.6321 -1.5515
v 3.8338 46.0312 -1.1126
v 3.8329 46.0680 -1.1053
v 3.8540 46.0550 -1.1335
v 3.8338 46.0312 -1.1126
v 4.6798 45.9371 -0.4362
v 4.6794 45.9387 -0.4358
v 4.6803 45.9384 -0.4372
v 4.6798 45.9371 -0.4362
v 4.4354 44.9110 -3.0259
v 4.4328 44.9489 -2.9874
v 4.4795 44.9394 -3.0129
v 4.4354 44.9110 -3.0259
v 4.5664 44.5958 -2.6531
v 4.5601 44.5633 -2.6389
v 4.5918 44.5702 -2.6546
v 4.5664 44.5958 -2.6531
v 4.3802 44.4198 -3.1152
v 4.3763 44.4160 -3.0980
v 4.3899 44.4075 -3.1062
v 4.3802 44.4198 -3.1152
v 4.0528 44.0406 -3.2635
v 4.0522 44.0422 -3.2631
v 4.0539 44.0419 -3.2635
v 4.0528 44.0406 -3.2635
v 5.7734 44.3715 -3.2732
v 5.7626 44.3664 -3.2544
v 5.7847 44.3691 -3.2541
v 5.7734 44.3715 -3.2732
v 5.8023 44.1673 -3.3002
v 5.7909 44.1578 -3.3004
v 5.8043 44.1535 -3.3053
v 5.8023 44.1673 -3.3002
v 5.7524 44.2251 -3.4995
v 5.7455 44.2255 -3.4969
v 5.7467 44.2258 -3.5042
v 5.7524 44.2251 -3.4995
v 5.7639 44.4397 -3.4873
v 5.7622 44.4394 -3.4871
v 5.7629 44.4399 -3.4886
v 5.7639 44.4397 -3.4873
v 6.3958 44.0667 -3.4693
v 6.3905 44.0625 -3.4695
v 6.3967 44.0601 -3.4686
v 6.3958 44.0667 -3.4693
v 6.4035 44.0573 -3.5328
v 6.3996 44.0573 -3.5306
v 6.3996 44.0573 -3.5351
v 6.4035 44.0573 -3.5328
v 6.4022 44.1216 -3.5328
v 6.4003 44.1216 -3.5317
v 6.4003 44.1216 -3.5340
v 6.4022 44.1216 -3.5328
v 6.4019 44.1859 -3.5328
v 6.4004 44.1859 -3.5320
v 6.4004 44.1859 -3.5337
v 6.4019 44.1859 -3.5328
v 3.7749 61.8931 -1.3047
v 3.7557 61.8782 -1.2969
v 3.7774 61.8790 -1.2835
v 3.7749 61.8931 -1.3047
v 3.9049 61.6083 -1.4875
v 3.8886 61.6134 -1.4871
v 3.9010 61.6246 -1.4903
v 3.9049 61.6083 -1.4875
v 3.9315 61.6840 -1.1406
v 3.9236 61.6831 -1.1376
v 3.9250 61.6829 -1.1460
v 3.9315 61.6840 -1.1406
v 3.8782 62.0342 -1.1568
v 3.8767 62.0342 -1.1560
v 3.8767 62.0342 -1.1577
v 3.8782 62.0342 -1.1568
v 3.1838 62.0494 -1.4759
v 3.1685 62.0265 -1.5038
v 3.1972 62.0129 -1.4809
v 3.1838 62.0494 -1.4759
v 3.5597 62.2210 -1.8283
v 3.5409 62.2199 -1.8463
v 3.5615 62.2038 -1.8479
v 3.5597 62.2210 -1.8283
v 3.8259 62.5886 -2.1402
v 3.8135 62.5856 -2.1371
v 3.8200 62.5784 -2.1459
v 3.8259 62.5886 -2.1402
v 3.6419 62.9104 -2.5397
v 3.6404 62.9101 -2.5389
v 3.6405 62.9099 -2.5406
v 3.6419 62.9104 -2.5397
v 1.8542 62.2972 -1.6075
v 1.8434 62.3196 -1.6716
v 1.8995 62.2825 -1.6571
v 1.8542 62.2972 -1.6075
v 2.3541 63.0923 -1.4219
v 2.3223 63.1154 -1.4457
v 2.3583 63.0970 -1.4673
v 2.3541 63.0923 -1.4219
v 2.8464 63.9078 -1.3088
v 2.8241 63.9128 -1.3104
v 2.8370 63.9122 -1.3293
v 2.8464 63.9078 -1.3088
v 3.0391 64.8387 -1.2101
v 3.0375 64.8387 -1.2095
v 3.0379 64.8382 -1.2111
v 3.0391 64.8387 -1.2101
v 1.4699 62.3557 -1.5149
v 1.4450 62.4288 -1.5256
v 1.5029 62.4005 -1.5695
v 1.4699 62.3557 -1.5149
v 2.1891 62.7231 -0.8254
v 2.1813 62.7544 -0.7846
v 2.2173 62.7665 -0.8201
v 2.1891 62.7231 -0.8254
v 2.9301 62.1927 -0.2566
v 2.9344 62.1895 -0.2312
v 2.9496 62.2054 -0.2450
v 2.9301 62.1927 -0.2566
v 3.6069 61.3686 -0.4587
v 3.6057 61.3695 -0.4579
v 3.6063 61.3700 -0.4594
v 3.6069 61.3686 -0.4587
v 2.8994 62.0904 -1.6048
v 2.8680 62.1050 -1.5747
v 2.9127 62.1102 -1.5655
v 2.8994 62.0904 -1.6048
v 2.9042 61.5234 -1.3124
v 2.8838 61.5308 -1.2907
v 2.9138 61.5352 -1.2858
v 2.9042 61.5234 -1.3124
v 2.9492 60.9325 -1.0537
v 2.9374 60.9419 -1.0510
v 2.9516 60.9476 -1.0523
v 2.9492 60.9325 -1.0537
v 3.0312 60.8712 -0.4220
v 3.0295 60.8710 -0.4218
v 3.0302 60.8710 -0.4234
v 3.0312 60.8712 -0.4220
v 1.0196 79.0094 -1.2458
v 1.0069 79.0431 -1.2513
v 1.0317 79.0291 -1.2739
v 1.0196 79.0094 -1.2458
v 1.6986 79.3619 -0.7278
v 1.6751 79.3667 -0.7245
v 1.6844 79.3664 -0.7469
v 1.6986 79.3619 -0.7278
v 1.8820 80.2523 -0.6710
v 1.8727 80.2521 -0.6633
v 1.8741 80.2615 -0.6709
v 1.8820 80.2523 -0.6710
v 2.3863 80.6844 -0.0443
v 2.3849 80.6849 -0.0435
v 2.3849 80.6850 -0.0452
v 2.3863 80.6844 -0.0443
v 2.4214 78.9162 -1.4648
v 2.4210 78.9164 -1.4647
v 2.4214 78.9166 -1.4647
v 2.4214 78.9162 -1.4648
v 2.4228 78.9127 -1.4544
v 2.4226 78.9127 -1.4543
v 2.4226 78.9127 -1.4545
v 2.4228 78.9127 -1.4544
v 2.4228 78.9237 -1.4544
v 2.4226 78.9237 -1.4543
v 2.4226 78.9237 -1.4545
v 2.4228 78.9237 -1.4544
v 2.4237 78.9348 -1.4544
v 2.4222 78.9348 -1.4535
v 2.4222 78.9348 -1.4553
v 2.4237 78.9348 -1.4544
v 2.3853 78.9021 -1.4810
v 2.3845 78.9014 -1.4802
v 2.3854 78.9023 -1.4797
v 2.3853 78.9021 -1.4810
v 2.4086 78.8772 -1.4785
v 2.4078 78.8772 -1.4781
v 2.4078 78.8772 -1.4790
v 2.4086 78.8772 -1.4785
v 2.4083 78.9110 -1.4785
v 2.4079 78.9110 -1.4783
v 2.4079 78.9110 -1.4788
v 2.4083 78.9110 -1.4785
v 2.4090 78.9448 -1.4785
v 2.4075 78.9448 -1.4777
v 2.4075 78.9448 -1.4794
v 2.4090 78.9448 -1.4785
v 1.2418 78.8828 -1.4224
v 1.2187 78.8658 -1.4150
v 1.2452 78.8535 -1.4200
v 1.2418 78.8828 -1.4224
v 1.0710 78.7950 -2.1322
v 1.0521 78.7902 -2.1348
v 1.0662 78.7803 -2.1444
v 1.0710 78.7950 -2.1322
v 1.0216 79.2775 -2.6980
v 1.0150 79.2711 -2.6943
v 1.0195 79.2692 -2.7029
v 1.0216 79.2775 -2.6980
v 0.4757 79.6273 -3.0589
v 0.4741 79.6278 -3.0583
v 0.4743 79.6262 -3.0589
v 0.4757 79.6273 -3.0589
v 2.2847 78.8631 -1.5212
v 2.2847 78.8619 -1.5249
v 2.2880 78.8622 -1.5229
v 2.2847 78.8631 -1.5212
v 2.2986 78.9533 -1.5522
v 2.2964 78.9533 -1.5510
v 2.2964 78.9533 -1.5535
v 2.2986 78.9533 -1.5522
v 2.2978 79.0495 -1.5522
v 2.2967 79.0495 -1.5516
v 2.2967 79.0495 -1.5529
v 2.2978 79.0495 -1.5522
v 2.2981 79.1457 -1.5522
v 2.2966 79.1457 -1.5514
v 2.2966 79.1457 -1.5531
v 2.2981 79.1457 -1.5522
v 0.5781 84.1236 -1.7238
v 0.5729 84.1091 -1.7372
v 0.5798 84.1271 -1.7439
v 0.5781 84.1236 -1.7238
v -0.0278 84.3495 -1.7469
v -0.0399 84.3487 -1.7407
v -0.0393 84.3498 -1.7542
v -0.0278 84.3495 -1.7469
v -0.0472 84.9993 -1.6985
v -0.0520 85.0029 -1.6953
v -0.0517 85.0027 -1.7021
v -0.0472 84.9993 -1.6985
v 0.3427 85.5255 -1.6940
v 0.3412 85.5255 -1.6931
v 0.3412 85.5255 -1.6948
v 0.3427 85.5255 -1.6940
v 0.7198 84.5513 -2.0722
v 0.7140 84.5472 -2.0755
v 0.7151 84.5547 -2.0774
v 0.7198 84.5513 -2.0722
v 0.5636 84.6217 -1.8906
v 0.5591 84.6214 -1.8880
v 0.5591 84.6214 -1.8932
v 0.5636 84.6217 -1.8906
v 0.5444 84.8723 -1.8919
v 0.5421 84.8723 -1.8906
v 0.5421 84.8723 -1.8932
v 0.5444 84.8723 -1.8919
v 0.5439 85.1238 -1.8919
v 0.5424 85.1238 -1.8910
v 0.5424 85.1238 -1.8927
v 0.5439 85.1238 -1.8919
v 0.3844 83.8139 -1.2649
v 0.3849 83.8377 -1.2417
v 0.3865 83.8459 -1.2739
v 0.3844 83.8139 -1.2649
v 1.4478 83.7631 -1.2137
v 1.4501 83.7852 -1.2146
v 1.4541 83.7728 -1.2326
v 1.4478 83.7631 -1.2137
v 2.4767 83.6763 -0.9275
v 2.4708 83.6814 -0.9196
v 2.4708 83.6853 -0.9300
v 2.4767 83.6763 -0.9275
v 3.3154 84.2948 -0.6938
v 3.3152 84.2942 -0.6922
v 3.3141 84.2954 -0.6929
v 3.3154 84.2948 -0.6938
v 0.7125 84.6952 -2.1228
v 0.7150 84.6935 -2.1193
v 0.7134 84.6977 -2.1191
v 0.7125 84.6952 -2.1228
v 0.8377 84.7428 -2.1857
v 0.8351 84.7428 -2.1842
v 0.8351 84.7428 -2.1872
v 0.8377 84.7428 -2.1857
v 0.8368 84.8893 -2.1857
v 0.8355 84.8893 -2.1849
v 0.8355 84.8893 -2.1864
v 0.8368 84.8893 -2.1857
v 0.8369 85.0358 -2.1857
v 0.8354 85.0358 -2.1848
v 0.8354 85.0358 -2.1866
v 0.8369 85.0358 -2.1857
v 0.6657 84.3379 -1.9372
v 0.6727 84.3264 -1.9395
v 0.6780 84.3385 -1.9431
v 0.6657 84.3379 -1.9372
v 0.4841 84.3029 -2.3303
v 0.4798 84.2985 -2.3370
v 0.4887 84.2974 -2.3360
v 0.4841 84.3029 -2.3303
v 0.5593 84.6368 -2.6030
v 0.5555 84.6381 -2.6008
v 0.5576 84.6410 -2.6035
v 0.5593 84.6368 -2.6030
v 0.7945 84.7794 -2.2610
v 0.7930 84.7794 -2.2601
v 0.7930 84.7794 -2.2619
v 0.7945 84.7794 -2.2610
v 0.7924 78.4034 -2.5216
v 0.7800 78.3924 -2.5181
v 0.7959 78.3870 -2.5199
v 0.7924 78.4034 -2.5216
v 0.7277 78.3432 -2.9260
v 0.7213 78.3428 -2.9167
v 0.7278 78.3340 -2.9195
v 0.7277 78.3432 -2.9260
v 0.4209 78.1816 -3.1398
v 0.4156 78.1819 -3.1415
v 0.4195 78.1852 -3.1438
v 0.4209 78.1816 -3.1398
v 0.3525 78.4686 -2.8561
v 0.3510 78.4686 -2.8552
v 0.3510 78.4686 -2.8570
v 0.3525 78.4686 -2.8561
v 1.0103 78.3071 -2.6331
v 1.0095 78.3102 -2.6438
v 1.0194 78.3079 -2.6394
v 1.0103 78.3071 -2.6331
v 1.0435 78.5670 -2.5652
v 1.0363 78.5668 -2.5634
v 1.0385 78.5645 -2.5701
v 1.0435 78.5670 -2.5652
v 1.0104 78.8156 -2.6601
v 1.0068 78.8158 -2.6609
v 1.0093 78.8162 -2.6636
v 1.0104 78.8156 -2.6601
v 1.0129 79.0816 -2.6197
v 1.0114 79.0816 -2.6189
v 1.0114 79.0816 -2.6206
v 1.0129 79.0816 -2.6197
v 0.1955 78.5716 -1.5999
v 0.2059 78.6076 -1.5776
v 0.1906 78.6108 -1.6183
v 0.1955 78.5716 -1.5999
v 1.1840 78.5326 -1.9883
v 1.1914 78.5349 -1.9603
v 1.1777 78.5568 -1.9735
v 1.1840 78.5326 -1.9883
v 2.1230 78.9546 -2.2578
v 2.1152 78.9543 -2.2455
v 2.1097 78.9605 -2.2575
v 2.1230 78.9546 -2.2578
v 2.5368 79.8836 -1.9657
v 2.5357 79.8830 -1.9644
v 2.5353 79.8828 -1.9661
v 2.5368 79.8836 -1.9657
v 0.4242 78.5461 -2.3416
v 0.4255 78.5648 -2.3232
v 0.4441 78.5633 -2.3418
v 0.4242 78.5461 -2.3416
v 0.7656 78.1747 -1.9678
v 0.7650 78.1595 -1.9590
v 0.7804 78.1658 -1.9645
v 0.7656 78.1747 -1.9678
v 0.7028 77.8553 -2.5130
v 0.6958 77.8501 -2.5128
v 0.7038 77.8466 -2.5132
v 0.7028 77.8553 -2.5130
v 0.6776 77.8612 -3.1499
v 0.6761 77.8612 -3.1491
v 0.6761 77.8612 -3.1508
v 0.6776 77.8612 -3.1499
v 0.7696 78.4045 -2.5204
v 0.7669 78.4005 -2.5038
v 0.7829 78.4002 -2.5102
v 0.7696 78.4045 -2.5204
v 0.7248 78.0045 -2.6150
v 0.7173 77.9958 -2.6147
v 0.7273 77.9946 -2.6204
v 0.7248 78.0045 -2.6150
v 0.5459 78.1422 -2.9674
v 0.5409 78.1422 -2.9645
v 0.5409 78.1422 -2.9703
v 0.5459 78.1422 -2.9674
v 0.5436 78.5621 -2.9674
v 0.5421 78.5621 -2.9665
v 0.5421 78.5621 -2.9683
v 0.5436 78.5621 -2.9674
v 0.7053 51.1674 -2.9566
v 0.7825 51.1692 -2.9166
v 0.7772 51.1453 -3.0000
v 0.7053 51.1674 -2.9566
v 0.6126 50.2774 -2.7053
v 0.6556 50.2735 -2.6666
v 0.6481 50.2316 -2.7059
v 0.6126 50.2774 -2.7053
v 0.0467 49.8113 -2.0986
v 0.0750 49.8172 -2.0965
v 0.0659 49.7897 -2.0965
v 0.0467 49.8113 -2.0986
v -0.0134 49.8309 -1.1562
v -0.0126 49.8308 -1.1546
v -0.0136 49.8295 -1.1553
v -0.0134 49.8309 -1.1562
v 0.9085 50.9647 -3.4889
v 0.9072 50.9259 -3.4255
v 0.9382 50.8966 -3.4865
v 0.9085 50.9647 -3.4889
v 0.1988 50.6380 -3.6722
v 0.1982 50.5910 -3.6565
v 0.2188 50.6023 -3.7001
v 0.1988 50.6380 -3.6722
v -0.5043 50.5062 -4.0312
v -0.5136 50.4846 -4.0388
v -0.5020 50.4994 -4.0549
v -0.5043 50.5062 -4.0312
v -1.2076 50.8584 -4.2136
v -1.2092 50.8583 -4.2129
v -1.2090 50.8585 -4.2146
v -1.2076 50.8584 -4.2136
v 0.8899 51.0450 -3.2680
v 0.8232 51.0452 -3.2246
v 0.8380 50.9851 -3.2747
v 0.8899 51.0450 -3.2680
v 0.4703 51.4491 -3.8815
v 0.4215 51.4623 -3.8654
v 0.4290 51.4426 -3.9141
v 0.4703 51.4491 -3.8815
v 0.5710 52.2516 -4.1946
v 0.5480 52.2516 -4.1813
v 0.5480 52.2516 -4.2078
v 0.5710 52.2516 -4.1946
v 0.5566 53.1164 -4.1950
v 0.5554 53.1160 -4.1938
v 0.5551 53.1173 -4.1949
v 0.5566 53.1164 -4.1950
v 1.1034 50.6460 -4.0069
v 1.0862 50.7019 -4.0222
v 1.0506 50.6547 -4.0352
v 1.1034 50.6460 -4.0069
v 1.3897 50.6041 -4.5819
v 1.3853 50.6165 -4.6200
v 1.3668 50.5829 -4.6075
v 1.3897 50.6041 -4.5819
v 1.9172 50.2447 -4.7739
v 1.9055 50.2555 -4.7863
v 1.8975 50.2405 -4.7754
v 1.9172 50.2447 -4.7739
v 2.0339 49.8229 -5.2669
v 2.0339 49.8245 -5.2660
v 2.0327 49.8232 -5.2657
v 2.0339 49.8229 -5.2669
v 0.9605 50.8129 -3.6324
v 0.9894 50.8759 -3.6235
v 0.9778 50.8515 -3.6879
v 0.9605 50.8129 -3.6324
v 1.6422 50.5213 -3.6441
v 1.6811 50.5451 -3.6346
v 1.6759 50.5246 -3.6761
v 1.6422 50.5213 -3.6441
v 1.9807 49.8867 -3.3774
v 1.9918 49.9053 -3.3689
v 1.9898 49.9024 -3.3919
v 1.9807 49.8867 -3.3774
v 2.6435 49.5136 -3.3878
v 2.6422 49.5134 -3.3866
v 2.6419 49.5144 -3.3880
v 2.6435 49.5136 -3.3878
vt 0.0000 0.0000
vt 0.8655 0.0000
vt 1.7310 0.0000
vt 2.5965 0.0000
vt 3.4620 0.0000
vt 4.3275 0.0000
vt 5.1930 0.0000
vt 6.0585 0.0000
vt 6.9240 0.0000
vt 7.7895 0.0000
vt 0.0000 1.9624
vt 0.7440 1.9624
vt 1.4880 1.9624
vt 2.2320 1.9624
vt 2.9760 1.9624
vt 3.7200 1.9624
vt 4.4640 1.9624
vt 5.2080 1.9624
vt 5.9520 1.9624
vt 6.6959 1.9624
vt 0.0000 3.9217
vt 0.6849 3.9217
vt 1.3697 3.9217
vt 2.0546 3.9217
vt 2.7394 3.9217
vt 3.4243 3.9217
vt 4.1091 3.9217
vt 4.7940 3.9217
vt 5.4788 3.9217
vt 6.1637 3.9217
vt 0.0000 5.8811
vt 0.6601 5.8811
vt 1.3202 5.8811
vt 1.9804 5.8811
vt 2.6405 5.8811
vt 3.3006 5.8811
vt 3.9607 5.8811
vt 4.6209 5.8811
vt 5.2810 5.8811
vt 5.9411 5.8811
vt 0.0000 7.8434
vt 0.6357 7.8434
vt 1.2713 7.8434
vt 1.9070 7.8434
vt 2.5427 7.8434
vt 3.1784 7.8434
vt 3.8140 7.8434
vt 4.4497 7.8434
vt 5.0854 7.8434
vt 5.7211 7.8434
vt 0.0000 9.8032
vt 0.6112 9.8032
vt 1.2225 9.8032
vt 1.8337 9.8032
vt 2.4449 9.8032
vt 3.0561 9.8032
vt 3.6674 9.8032
vt 4.2786 9.8032
vt 4.8898 9.8032
vt 5.5010 9.8032
vt 0.0000 11.7645
vt 0.5868 11.7645
vt 1.1736 11.7645
vt 1.7603 11.7645
vt 2.3471 11.7645
vt 2.9339 11.7645
vt 3.5207 11.7645
vt 4.1074 11.7645
vt 4.6942 11.7645
vt 5.2810 11.7645
vt 0.0000 13.7255
vt 0.5623 13.7255
vt 1.1247 13.7255
vt 1.6870 13.7255
vt 2.2493 13.7255
vt 2.8116 13.7255
vt 3.3740 13.7255
vt 3.9363 13.7255
vt 4.4986 13.7255
vt 5.0609 13.7255
vt 0.0000 15.6864
vt 0.5379 15.6864
vt 1.0758 15.6864
vt 1.6136 15.6864
vt 2.1515 15.6864
vt 2.6894 15.6864
vt 3.2273 15.6864
vt 3.7651 15.6864
vt 4.3030 15.6864
vt 4.8409 15.6864
vt 0.0000 17.6474
vt 0.5134 17.6474
vt 1.0269 17.6474
vt 1.5403 17.6474
vt 2.0537 17.6474
vt 2.5671 17.6474
vt 3.0806 17.6474
vt 3.5940 17.6474
vt 4.1074 17.6474
vt 4.6209 17.6474
vt 0.0000 19.6080
vt 0.4890 19.6080
vt 0.9780 19.6080
vt 1.4669 19.6080
vt 1.9559 19.6080
vt 2.4449 19.6080
vt 2.9339 19.6080
vt 3.4229 19.6080
vt 3.9118 19.6080
vt 4.4008 19.6080
vt 0.0000 21.5686
vt 0.4645 21.5686
vt 0.9291 21.5686
vt 1.3936 21.5686
vt 1.8581 21.5686
vt 2.3227 21.5686
vt 2.7872 21.5686
vt 3.2517 21.5686
vt 3.7163 21.5686
vt 4.1808 21.5686
vt 0.0000 23.5289
vt 0.4401 23.5289
vt 0.8802 23.5289
vt 1.3202 23.5289
vt 1.7603 23.5289
vt 2.2004 23.5289
vt 2.6405 23.5289
vt 3.0806 23.5289
vt 3.5207 23.5289
vt 3.9607 23.5289
vt 0.0000 25.4903
vt 0.4156 25.4903
vt 0.8313 25.4903
vt 1.2469 25.4903
vt 1.6625 25.4903
vt 2.0782 25.4903
vt 2.4938 25.4903
vt 2.9094 25.4903
vt 3.3251 25.4903
vt 3.7407 25.4903
vt 0.0000 27.4515
vt 0.3912 27.4515
vt 0.7824 27.4515
vt 1.1736 27.4515
vt 1.5647 27.4515
vt 1.9559 27.4515
vt 2.3471 27.4515
vt 2.7383 27.4515
vt 3.1295 27.4515
vt 3.5207 27.4515
vt 0.0000 29.4121
vt 0.3667 29.4121
vt 0.7335 29.4121
vt 1.1002 29.4121
vt 1.4669 29.4121
vt 1.8337 29.4121
vt 2.2004 29.4121
vt 2.5671 29.4121
vt 2.9339 29.4121
vt 3.3006 29.4121
vt 0.0000 31.3729
vt 0.3423 31.3729
vt 0.6846 31.3729
vt 1.0269 31.3729
vt 1.3691 31.3729
vt 1.7114 31.3729
vt 2.0537 31.3729
vt 2.3960 31.3729
vt 2.7383 31.3729
vt 3.0806 31.3729
vt 0.0000 33.3334
vt 0.3178 33.3334
vt 0.6357 33.3334
vt 0.9535 33.3334
vt 1.2713 33.3334
vt 1.5892 33.3334
vt 1.9070 33.3334
vt 2.2249 33.3334
vt 2.5427 33.3334
vt 2.8605 33.3334
vt 0.0000 35.2941
vt 0.2934 35.2941
vt 0.5868 35.2941
vt 0.8802 35.2941
vt 1.1736 35.2941
vt 1.4669 35.2941
vt 1.7603 35.2941
vt 2.0537 35.2941
vt 2.3471 35.2941
vt 2.6405 35.2941
vt 0.0000 37.2553
vt 0.2689 37.2553
vt 0.5379 37.2553
vt 0.8068 37.2553
vt 1.0758 37.2553
vt 1.3447 37.2553
vt 1.6136 37.2553
vt 1.8826 37.2553
vt 2.1515 37.2553
vt 2.4205 37.2553
vt 0.0000 39.2161
vt 0.2445 39.2161
vt 0.4890 39.2161
vt 0.7335 39.2161
vt 0.9780 39.2161
vt 1.2225 39.2161
vt 1.4669 39.2161
vt 1.7114 39.2161
vt 1.9559 39.2161
vt 2.2004 39.2161
vt 0.0000 41.1767
vt 0.2200 41.1767
vt 0.4401 41.1767
vt 0.6601 41.1767
vt 0.8802 41.1767
vt 1.1002 41.1767
vt 1.3202 41.1767
vt 1.5403 41.1767
vt 1.7603 41.1767
vt 1.9804 41.1767
vt 0.0000 43.1375
vt 0.1956 43.1375
vt 0.3912 43.1375
vt 0.5868 43.1375
vt 0.7824 43.1375
vt 0.9780 43.1375
vt 1.1736 43.1375
vt 1.3691 43.1375
vt 1.5647 43.1375
vt 1.7603 43.1375
vt 0.0000 45.0982
vt 0.1711 45.0982
vt 0.3423 45.0982
vt 0.5134 45.0982
vt 0.6846 45.0982
vt 0.8557 45.0982
vt 1.0269 45.0982
vt 1.1980 45.0982
vt 1.3691 45.0982
vt 1.5403 45.0982
vt 0.0000 47.0590
vt 0.1467 47.0590
vt 0.2934 47.0590
vt 0.4401 47.0590
vt 0.5868 47.0590
vt 0.7335 47.0590
vt 0.8802 47.0590
vt 1.0269 47.0590
vt 1.1736 47.0590
vt 1.3202 47.0590
vt 0.0000 49.0198
vt 0.1222 49.0198
vt 0.2445 49.0198
vt 0.3667 49.0198
vt 0.4890 49.0198
vt 0.6112 49.0198
vt 0.7335 49.0198
vt 0.8557 49.0198
vt 0.9780 49.0198
vt 1.1002 49.0198
vt 0.0000 50.9806
vt 0.0978 50.9806
vt 0.1956 50.9806
vt 0.2934 50.9806
vt 0.3912 50.9806
vt 0.4890 50.9806
vt 0.5868 50.9806
vt 0.6846 50.9806
vt 0.7824 50.9806
vt 0.8802 50.9806
vt 0.0000 52.9414
vt 0.0733 52.9414
vt 0.1467 52.9414
vt 0.2200 52.9414
vt 0.2934 52.9414
vt 0.3667 52.9414
vt 0.4401 52.9414
vt 0.5134 52.9414
vt 0.5868 52.9414
vt 0.6601 52.9414
vt 0.0000 54.9022
vt 0.0489 54.9022
vt 0.0978 54.9022
vt 0.1467 54.9022
vt 0.1956 54.9022
vt 0.2445 54.9022
vt 0.2934 54.9022
vt 0.3423 54.9022
vt 0.3912 54.9022
vt 0.4401 54.9022
vt 0.0000 56.8630
vt 0.0244 56.8630
vt 0.0489 56.8630
vt 0.0733 56.8630
vt 0.0978 56.8630
vt 0.1222 56.8630
vt 0.1467 56.8630
vt 0.1711 56.8630
vt 0.1956 56.8630
vt 0.2200 56.8630
vt 0.0000 58.8238
vt 0.0044 58.8238
vt 0.0089 58.8238
vt 0.0133 58.8238
vt 0.0178 58.8238
vt 0.0222 58.8238
vt 0.0267 58.8238
vt 0.0311 58.8238
vt 0.0356 58.8238
vt 0.0400 58.8238
vt 0.0000 0.0000
vt 0.2089 0.0000
vt 0.4177 0.0000
vt 0.6266 0.0000
vt 0.8355 0.0000
vt 0.0000 0.8802
vt 0.1671 0.8802
vt 0.3342 0.8802
vt 0.5013 0.8802
vt 0.6684 0.8802
vt 0.0000 1.7549
vt 0.1253 1.7549
vt 0.2506 1.7549
vt 0.3760 1.7549
vt 0.5013 1.7549
vt 0.0000 2.6317
vt 0.0835 2.6317
vt 0.1671 2.6317
vt 0.2506 2.6317
vt 0.3342 2.6317
vt 0.0000 3.5121
vt 0.0418 3.5121
vt 0.0835 3.5121
vt 0.1253 3.5121
vt 0.1671 3.5121
vt 0.0000 4.3927
vt 0.0100 4.3927
vt 0.0200 4.3927
vt 0.0300 4.3927
vt 0.0400 4.3927
vt 0.0000 0.0000
vt 0.0401 0.0000
vt 0.0802 0.0000
vt 0.1203 0.0000
vt 0.1604 0.0000
vt 0.0000 0.1670
vt 0.0321 0.1670
vt 0.0642 0.1670
vt 0.0963 0.1670
vt 0.1283 0.1670
vt 0.0000 0.3347
vt 0.0241 0.3347
vt 0.0481 0.3347
vt 0.0722 0.3347
vt 0.0963 0.3347
vt 0.0000 0.5031
vt 0.0160 0.5031
vt 0.0321 0.5031
vt 0.0481 0.5031
vt 0.0642 0.5031
vt 0.0000 0.6719
vt 0.0100 0.6719
vt 0.0200 0.6719
vt 0.0300 0.6719
vt 0.0400 0.6719
vt 0.0000 0.8410
vt 0.0100 0.8410
vt 0.0200 0.8410
vt 0.0300 0.8410
vt 0.0400 0.8410
vt 0.0000 0.0000
vt 0.1829 0.0000
vt 0.3658 0.0000
vt 0.5487 0.0000
vt 0.7316 0.0000
vt 0.0000 0.7711
vt 0.1463 0.7711
vt 0.2926 0.7711
vt 0.4390 0.7711
vt 0.5853 0.7711
vt 0.0000 1.5375
vt 0.1097 1.5375
vt 0.2195 1.5375
vt 0.3292 1.5375
vt 0.4390 1.5375
vt 0.0000 2.3134
vt 0.0732 2.3134
vt 0.1463 2.3134
vt 0.2195 2.3134
vt 0.2926 2.3134
vt 0.0000 3.0864
vt 0.0366 3.0864
vt 0.0732 3.0864
vt 0.1097 3.0864
vt 0.1463 3.0864
vt 0.0000 3.8575
vt 0.0100 3.8575
vt 0.0200 3.8575
vt 0.0300 3.8575
vt 0.0400 3.8575
vt 0.0000 0.0000
vt 0.1682 0.0000
vt 0.3364 0.0000
vt 0.5046 0.0000
vt 0.6727 0.0000
vt 0.0000 0.7036
vt 0.1345 0.7036
vt 0.2691 0.7036
vt 0.4036 0.7036
vt 0.5382 0.7036
vt 0.0000 1.4116
vt 0.1009 1.4116
vt 0.2018 1.4116
vt 0.3027 1.4116
vt 0.4036 1.4116
vt 0.0000 2.1203
vt 0.0673 2.1203
vt 0.1345 2.1203
vt 0.2018 2.1203
vt 0.2691 2.1203
vt 0.0000 2.8304
vt 0.0336 2.8304
vt 0.0673 2.8304
vt 0.1009 2.8304
vt 0.1345 2.8304
vt 0.0000 3.5395
vt 0.0100 3.5395
vt 0.0200 3.5395
vt 0.0300 3.5395
vt 0.0400 3.5395
vt 0.0000 0.0000
vt 0.1830 0.0000
vt 0.3660 0.0000
vt 0.5490 0.0000
vt 0.7320 0.0000
vt 0.0000 0.7782
vt 0.1464 0.7782
vt 0.2928 0.7782
vt 0.4392 0.7782
vt 0.5856 0.7782
vt 0.0000 1.5547
vt 0.1098 1.5547
vt 0.2196 1.5547
vt 0.3294 1.5547
vt 0.4392 1.5547
vt 0.0000 2.3234
vt 0.0732 2.3234
vt 0.1464 2.3234
vt 0.2196 2.3234
vt 0.2928 2.3234
vt 0.0000 3.0946
vt 0.0366 3.0946
vt 0.0732 3.0946
vt 0.1098 3.0946
vt 0.1464 3.0946
vt 0.0000 3.8662
vt 0.0100 3.8662
vt 0.0200 3.8662
vt 0.0300 3.8662
vt 0.0400 3.8662
vt 0.0000 0.0000
vt 0.1924 0.0000
vt 0.3847 0.0000
vt 0.5771 0.0000
vt 0.7694 0.0000
vt 0.0000 0.8112
vt 0.1539 0.8112
vt 0.3078 0.8112
vt 0.4617 0.8112
vt 0.6155 0.8112
vt 0.0000 1.6253
vt 0.1154 1.6253
vt 0.2308 1.6253
vt 0.3462 1.6253
vt 0.4617 1.6253
vt 0.0000 2.4361
vt 0.0769 2.4361
vt 0.1539 2.4361
vt 0.2308 2.4361
vt 0.3078 2.4361
vt 0.0000 3.2441
vt 0.0385 3.2441
vt 0.0769 3.2441
vt 0.1154 3.2441
vt 0.1539 3.2441
vt 0.0000 4.0551
vt 0.0100 4.0551
vt 0.0200 4.0551
vt 0.0300 4.0551
vt 0.0400 4.0551
vt 0.0000 0.0000
vt 0.0983 0.0000
vt 0.1966 0.0000
vt 0.2949 0.0000
vt 0.3932 0.0000
vt 0.0000 0.4107
vt 0.0786 0.4107
vt 0.1573 0.4107
vt 0.2359 0.4107
vt 0.3146 0.4107
vt 0.0000 0.8270
vt 0.0590 0.8270
vt 0.1180 0.8270
vt 0.1769 0.8270
vt 0.2359 0.8270
vt 0.0000 1.2435
vt 0.0393 1.2435
vt 0.0786 1.2435
vt 0.1180 1.2435
vt 0.1573 1.2435
vt 0.0000 1.6578
vt 0.0197 1.6578
vt 0.0393 1.6578
vt 0.0590 1.6578
vt 0.0786 1.6578
vt 0.0000 2.0723
vt 0.0100 2.0723
vt 0.0200 2.0723
vt 0.0300 2.0723
vt 0.0400 2.0723
vt 0.0000 0.0000
vt 0.0579 0.0000
vt 0.1158 0.0000
vt 0.1737 0.0000
vt 0.2316 0.0000
vt 0.0000 0.2445
vt 0.0463 0.2445
vt 0.0927 0.2445
vt 0.1390 0.2445
vt 0.1853 0.2445
vt 0.0000 0.4923
vt 0.0347 0.4923
vt 0.0695 0.4923
vt 0.1042 0.4923
vt 0.1390 0.4923
vt 0.0000 0.7371
vt 0.0232 0.7371
vt 0.0463 0.7371
vt 0.0695 0.7371
vt 0.0927 0.7371
vt 0.0000 0.9813
vt 0.0116 0.9813
vt 0.0232 0.9813
vt 0.0347 0.9813
vt 0.0463 0.9813
vt 0.0000 1.2255
vt 0.0100 1.2255
vt 0.0200 1.2255
vt 0.0300 1.2255
vt 0.0400 1.2255
vt 0.0000 0.0000
vt 0.0119 0.0000
vt 0.0238 0.0000
vt 0.0357 0.0000
vt 0.0476 0.0000
vt 0.0000 0.0491
vt 0.0100 0.0491
vt 0.0200 0.0491
vt 0.0300 0.0491
vt 0.0400 0.0491
vt 0.0000 0.0989
vt 0.0100 0.0989
vt 0.0200 0.0989
vt 0.0300 0.0989
vt 0.0400 0.0989
vt 0.0000 0.1488
vt 0.0100 0.1488
vt 0.0200 0.1488
vt 0.0300 0.1488
vt 0.0400 0.1488
vt 0.0000 0.1988
vt 0.0100 0.1988
vt 0.0200 0.1988
vt 0.0300 0.1988
vt 0.0400 0.1988
vt 0.0000 0.2490
vt 0.0100 0.2490
vt 0.0200 0.2490
vt 0.0300 0.2490
vt 0.0400 0.2490
vt 0.0000 0.0000
vt 0.0804 0.0000
vt 0.1609 0.0000
vt 0.2413 0.0000
vt 0.3218 0.0000
vt 0.0000 0.3419
vt 0.0644 0.3419
vt 0.1287 0.3419
vt 0.1931 0.3419
vt 0.2574 0.3419
vt 0.0000 0.6782
vt 0.0483 0.6782
vt 0.0965 0.6782
vt 0.1448 0.6782
vt 0.1931 0.6782
vt 0.0000 1.0177
vt 0.0322 1.0177
vt 0.0644 1.0177
vt 0.0965 1.0177
vt 0.1287 1.0177
vt 0.0000 1.3575
vt 0.0161 1.3575
vt 0.0322 1.3575
vt 0.0483 1.3575
vt 0.0644 1.3575
vt 0.0000 1.6967
vt 0.0100 1.6967
vt 0.0200 1.6967
vt 0.0300 1.6967
vt 0.0400 1.6967
vt 0.0000 0.0000
vt 0.0587 0.0000
vt 0.1175 0.0000
vt 0.1762 0.0000
vt 0.2350 0.0000
vt 0.0000 0.2462
vt 0.0470 0.2462
vt 0.0940 0.2462
vt 0.1410 0.2462
vt 0.1880 0.2462
vt 0.0000 0.4928
vt 0.0352 0.4928
vt 0.0705 0.4928
vt 0.1057 0.4928
vt 0.1410 0.4928
vt 0.0000 0.7412
vt 0.0235 0.7412
vt 0.0470 0.7412
vt 0.0705 0.7412
vt 0.0940 0.7412
vt 0.0000 0.9890
vt 0.0117 0.9890
vt 0.0235 0.9890
vt 0.0352 0.9890
vt 0.0470 0.9890
vt 0.0000 1.2366
vt 0.0100 1.2366
vt 0.0200 1.2366
vt 0.0300 1.2366
vt 0.0400 1.2366
vt 0.0000 0.0000
vt 0.1040 0.0000
vt 0.2080 0.0000
vt 0.3119 0.0000
vt 0.4159 0.0000
vt 0.0000 0.4371
vt 0.0832 0.4371
vt 0.1664 0.4371
vt 0.2495 0.4371
vt 0.3327 0.4371
vt 0.0000 0.8758
vt 0.0624 0.8758
vt 0.1248 0.8758
vt 0.1872 0.8758
vt 0.2495 0.8758
vt 0.0000 1.3120
vt 0.0416 1.3120
vt 0.0832 1.3120
vt 0.1248 1.3120
vt 0.1664 1.3120
vt 0.0000 1.7522
vt 0.0208 1.7522
vt 0.0416 1.7522
vt 0.0624 1.7522
vt 0.0832 1.7522
vt 0.0000 2.1905
vt 0.0100 2.1905
vt 0.0200 2.1905
vt 0.0300 2.1905
vt 0.0400 2.1905
vt 0.0000 0.0000
vt 0.0365 0.0000
vt 0.0730 0.0000
vt 0.1094 0.0000
vt 0.1459 0.0000
vt 0.0000 0.1553
vt 0.0292 0.1553
vt 0.0584 0.1553
vt 0.0876 0.1553
vt 0.1167 0.1553
vt 0.0000 0.3092
vt 0.0219 0.3092
vt 0.0438 0.3092
vt 0.0657 0.3092
vt 0.0876 0.3092
vt 0.0000 0.4639
vt 0.0146 0.4639
vt 0.0292 0.4639
vt 0.0438 0.4639
vt 0.0584 0.4639
vt 0.0000 0.6178
vt 0.0100 0.6178
vt 0.0200 0.6178
vt 0.0300 0.6178
vt 0.0400 0.6178
vt 0.0000 0.7716
vt 0.0100 0.7716
vt 0.0200 0.7716
vt 0.0300 0.7716
vt 0.0400 0.7716
vt 0.0000 0.0000
vt 0.1238 0.0000
vt 0.2477 0.0000
vt 0.3715 0.0000
vt 0.4953 0.0000
vt 0.0000 0.5280
vt 0.0991 0.5280
vt 0.1981 0.5280
vt 0.2972 0.5280
vt 0.3963 0.5280
vt 0.0000 1.0455
vt 0.0743 1.0455
vt 0.1486 1.0455
vt 0.2229 1.0455
vt 0.2972 1.0455
vt 0.0000 1.5701
vt 0.0495 1.5701
vt 0.0991 1.5701
vt 0.1486 1.5701
vt 0.1981 1.5701
vt 0.0000 2.0930
vt 0.0248 2.0930
vt 0.0495 2.0930
vt 0.0743 2.0930
vt 0.0991 2.0930
vt 0.0000 2.6151
vt 0.0100 2.6151
vt 0.0200 2.6151
vt 0.0300 2.6151
vt 0.0400 2.6151
vt 0.0000 0.0000
vt 0.1015 0.0000
vt 0.2031 0.0000
vt 0.3046 0.0000
vt 0.4062 0.0000
vt 0.0000 0.4303
vt 0.0812 0.4303
vt 0.1625 0.4303
vt 0.2437 0.4303
vt 0.3249 0.4303
vt 0.0000 0.8565
vt 0.0609 0.8565
vt 0.1219 0.8565
vt 0.1828 0.8565
vt 0.2437 0.8565
vt 0.0000 1.2828
vt 0.0406 1.2828
vt 0.0812 1.2828
vt 0.1219 1.2828
vt 0.1625 1.2828
vt 0.0000 1.7089
vt 0.0203 1.7089
vt 0.0406 1.7089
vt 0.0609 1.7089
vt 0.0812 1.7089
vt 0.0000 2.1371
vt 0.0100 2.1371
vt 0.0200 2.1371
vt 0.0300 2.1371
vt 0.0400 2.1371
vt 0.0000 0.0000
vt 0.1694 0.0000
vt 0.3388 0.0000
vt 0.5083 0.0000
vt 0.6777 0.0000
vt 0.0000 0.7167
vt 0.1355 0.7167
vt 0.2711 0.7167
vt 0.4066 0.7167
vt 0.5421 0.7167
vt 0.0000 1.4351
vt 0.1017 1.4351
vt 0.2033 1.4351
vt 0.3050 1.4351
vt 0.4066 1.4351
vt 0.0000 2.1550
vt 0.0678 2.1550
vt 0.1355 2.1550
vt 0.2033 2.1550
vt 0.2711 2.1550
vt 0.0000 2.8705
vt 0.0339 2.8705
vt 0.0678 2.8705
vt 0.1017 2.8705
vt 0.1355 2.8705
vt 0.0000 3.5848
vt 0.0100 3.5848
vt 0.0200 3.5848
vt 0.0300 3.5848
vt 0.0400 3.5848
vt 0.0000 0.0000
vt 0.0469 0.0000
vt 0.0939 0.0000
vt 0.1408 0.0000
vt 0.1877 0.0000
vt 0.0000 0.1989
vt 0.0375 0.1989
vt 0.0751 0.1989
vt 0.1126 0.1989
vt 0.1502 0.1989
vt 0.0000 0.3946
vt 0.0282 0.3946
vt 0.0563 0.3946
vt 0.0845 0.3946
vt 0.1126 0.3946
vt 0.0000 0.5909
vt 0.0188 0.5909
vt 0.0375 0.5909
vt 0.0563 0.5909
vt 0.0751 0.5909
vt 0.0000 0.7880
vt 0.0100 0.7880
vt 0.0200 0.7880
vt 0.0300 0.7880
vt 0.0400 0.7880
vt 0.0000 0.9859
vt 0.0100 0.9859
vt 0.0200 0.9859
vt 0.0300 0.9859
vt 0.0400 0.9859
vt 0.0000 0.0000
vt 0.1004 0.0000
vt 0.2008 0.0000
vt 0.3011 0.0000
vt 0.4015 0.0000
vt 0.0000 0.4228
vt 0.0803 0.4228
vt 0.1606 0.4228
vt 0.2409 0.4228
vt 0.3212 0.4228
vt 0.0000 0.8466
vt 0.0602 0.8466
vt 0.1205 0.8466
vt 0.1807 0.8466
vt 0.2409 0.8466
vt 0.0000 1.2675
vt 0.0402 1.2675
vt 0.0803 1.2675
vt 0.1205 1.2675
vt 0.1606 1.2675
vt 0.0000 1.6887
vt 0.0201 1.6887
vt 0.0402 1.6887
vt 0.0602 1.6887
vt 0.0803 1.6887
vt 0.0000 2.1119
vt 0.0100 2.1119
vt 0.0200 2.1119
vt 0.0300 2.1119
vt 0.0400 2.1119
vt 0.0000 0.0000
vt 0.1501 0.0000
vt 0.3002 0.0000
vt 0.4503 0.0000
vt 0.6004 0.0000
vt 0.0000 0.6352
vt 0.1201 0.6352
vt 0.2402 0.6352
vt 0.3603 0.6352
vt 0.4803 0.6352
vt 0.0000 1.2685
vt 0.0901 1.2685
vt 0.1801 1.2685
vt 0.2702 1.2685
vt 0.3603 1.2685
vt 0.0000 1.8964
vt 0.0600 1.8964
vt 0.1201 1.8964
vt 0.1801 1.8964
vt 0.2402 1.8964
vt 0.0000 2.5279
vt 0.0300 2.5279
vt 0.0600 2.5279
vt 0.0901 2.5279
vt 0.1201 2.5279
vt 0.0000 3.1608
vt 0.0100 3.1608
vt 0.0200 3.1608
vt 0.0300 3.1608
vt 0.0400 3.1608
vt 0.0000 0.0000
vt 0.1429 0.0000
vt 0.2858 0.0000
vt 0.4288 0.0000
vt 0.5717 0.0000
vt 0.0000 0.5941
vt 0.1143 0.5941
vt 0.2287 0.5941
vt 0.3430 0.5941
vt 0.4574 0.5941
vt 0.0000 1.1921
vt 0.0858 1.1921
vt 0.1715 1.1921
vt 0.2573 1.1921
vt 0.3430 1.1921
vt 0.0000 1.7985
vt 0.0572 1.7985
vt 0.1143 1.7985
vt 0.1715 1.7985
vt 0.2287 1.7985
vt 0.0000 2.3988
vt 0.0286 2.3988
vt 0.0572 2.3988
vt 0.0858 2.3988
vt 0.1143 2.3988
vt 0.0000 3.0014
vt 0.0100 3.0014
vt 0.0200 3.0014
vt 0.0300 3.0014
vt 0.0400 3.0014
vt 0.0000 0.0000
vt 0.1051 0.0000
vt 0.2101 0.0000
vt 0.3152 0.0000
vt 0.4202 0.0000
vt 0.0000 0.4485
vt 0.0840 0.4485
vt 0.1681 0.4485
vt 0.2521 0.4485
vt 0.3362 0.4485
vt 0.0000 0.8923
vt 0.0630 0.8923
vt 0.1261 0.8923
vt 0.1891 0.8923
vt 0.2521 0.8923
vt 0.0000 1.3333
vt 0.0420 1.3333
vt 0.0840 1.3333
vt 0.1261 1.3333
vt 0.1681 1.3333
vt 0.0000 1.7774
vt 0.0210 1.7774
vt 0.0420 1.7774
vt 0.0630 1.7774
vt 0.0840 1.7774
vt 0.0000 2.2204
vt 0.0100 2.2204
vt 0.0200 2.2204
vt 0.0300 2.2204
vt 0.0400 2.2204
vt 0.0000 0.0000
vt 0.0359 0.0000
vt 0.0717 0.0000
vt 0.1076 0.0000
vt 0.1434 0.0000
vt 0.0000 0.1496
vt 0.0287 0.1496
vt 0.0574 0.1496
vt 0.0861 0.1496
vt 0.1148 0.1496
vt 0.0000 0.3003
vt 0.0215 0.3003
vt 0.0430 0.3003
vt 0.0646 0.3003
vt 0.0861 0.3003
vt 0.0000 0.4514
vt 0.0143 0.4514
vt 0.0287 0.4514
vt 0.0430 0.4514
vt 0.0574 0.4514
vt 0.0000 0.6025
vt 0.0100 0.6025
vt 0.0200 0.6025
vt 0.0300 0.6025
vt 0.0400 0.6025
vt 0.0000 0.7537
vt 0.0100 0.7537
vt 0.0200 0.7537
vt 0.0300 0.7537
vt 0.0400 0.7537
vt 0.0000 0.0000
vt 0.2206 0.0000
vt 0.4412 0.0000
vt 0.6618 0.0000
vt 0.8825 0.0000
vt 0.0000 0.9238
vt 0.1765 0.9238
vt 0.3530 0.9238
vt 0.5295 0.9238
vt 0.7060 0.9238
vt 0.0000 1.8529
vt 0.1324 1.8529
vt 0.2647 1.8529
vt 0.3971 1.8529
vt 0.5295 1.8529
vt 0.0000 2.7832
vt 0.0882 2.7832
vt 0.1765 2.7832
vt 0.2647 2.7832
vt 0.3530 2.7832
vt 0.0000 3.7118
vt 0.0441 3.7118
vt 0.0882 3.7118
vt 0.1324 3.7118
vt 0.1765 3.7118
vt 0.0000 4.6419
vt 0.0100 4.6419
vt 0.0200 4.6419
vt 0.0300 4.6419
vt 0.0400 4.6419
vt 0.0000 0.0000
vt 0.1408 0.0000
vt 0.2816 0.0000
vt 0.4223 0.0000
vt 0.5631 0.0000
vt 0.0000 0.5957
vt 0.1126 0.5957
vt 0.2252 0.5957
vt 0.3379 0.5957
vt 0.4505 0.5957
vt 0.0000 1.1866
vt 0.0845 1.1866
vt 0.1689 1.1866
vt 0.2534 1.1866
vt 0.3379 1.1866
vt 0.0000 1.7810
vt 0.0563 1.7810
vt 0.1126 1.7810
vt 0.1689 1.7810
vt 0.2253 1.7810
vt 0.0000 2.3765
vt 0.0282 2.3765
vt 0.0563 2.3765
vt 0.0845 2.3765
vt 0.1126 2.3765
vt 0.0000 2.9700
vt 0.0100 2.9700
vt 0.0200 2.9700
vt 0.0300 2.9700
vt 0.0400 2.9700
vt 0.0000 0.0000
vt 0.1689 0.0000
vt 0.3378 0.0000
vt 0.5068 0.0000
vt 0.6757 0.0000
vt 0.0000 0.7156
vt 0.1351 0.7156
vt 0.2703 0.7156
vt 0.4054 0.7156
vt 0.5405 0.7156
vt 0.0000 1.4242
vt 0.1014 1.4242
vt 0.2027 1.4242
vt 0.3041 1.4242
vt 0.4054 1.4242
vt 0.0000 2.1376
vt 0.0676 2.1376
vt 0.1351 2.1376
vt 0.2027 2.1376
vt 0.2703 2.1376
vt 0.0000 2.8515
vt 0.0338 2.8515
vt 0.0676 2.8515
vt 0.1013 2.8515
vt 0.1351 2.8515
vt 0.0000 3.5637
vt 0.0100 3.5637
vt 0.0200 3.5637
vt 0.0300 3.5637
vt 0.0400 3.5637
vt 0.0000 0.0000
vt 0.0751 0.0000
vt 0.1502 0.0000
vt 0.2253 0.0000
vt 0.3003 0.0000
vt 0.0000 0.3153
vt 0.0601 0.3153
vt 0.1201 0.3153
vt 0.1802 0.3153
vt 0.2403 0.3153
vt 0.0000 0.6328
vt 0.0451 0.6328
vt 0.0901 0.6328
vt 0.1352 0.6328
vt 0.1802 0.6328
vt 0.0000 0.9475
vt 0.0300 0.9475
vt 0.0601 0.9475
vt 0.0901 0.9475
vt 0.1201 0.9475
vt 0.0000 1.2648
vt 0.0150 1.2648
vt 0.0300 1.2648
vt 0.0451 1.2648
vt 0.0601 1.2648
vt 0.0000 1.5813
vt 0.0100 1.5813
vt 0.0200 1.5813
vt 0.0300 1.5813
vt 0.0400 1.5813
vt 0.0000 0.0000
vt 0.1414 0.0000
vt 0.2829 0.0000
vt 0.4243 0.0000
vt 0.5658 0.0000
vt 0.0000 0.5929
vt 0.1132 0.5929
vt 0.2263 0.5929
vt 0.3395 0.5929
vt 0.4526 0.5929
vt 0.0000 1.1856
vt 0.0849 1.1856
vt 0.1697 1.1856
vt 0.2546 1.1856
vt 0.3395 1.1856
vt 0.0000 1.7844
vt 0.0566 1.7844
vt 0.1132 1.7844
vt 0.1697 1.7844
vt 0.2263 1.7844
vt 0.0000 2.3829
vt 0.0283 2.3829
vt 0.0566 2.3829
vt 0.0849 2.3829
vt 0.1132 2.3829
vt 0.0000 2.9792
vt 0.0100 2.9792
vt 0.0200 2.9792
vt 0.0300 2.9792
vt 0.0400 2.9792
vt 0.0000 0.0000
vt 0.1710 0.0000
vt 0.3419 0.0000
vt 0.5129 0.0000
vt 0.6838 0.0000
vt 0.0000 0.7242
vt 0.1368 0.7242
vt 0.2735 0.7242
vt 0.4103 0.7242
vt 0.5470 0.7242
vt 0.0000 1.4482
vt 0.1026 1.4482
vt 0.2051 1.4482
vt 0.3077 1.4482
vt 0.4103 1.4482
vt 0.0000 2.1665
vt 0.0684 2.1665
vt 0.1368 2.1665
vt 0.2051 2.1665
vt 0.2735 2.1665
vt 0.0000 2.8859
vt 0.0342 2.8859
vt 0.0684 2.8859
vt 0.1026 2.8859
vt 0.1368 2.8859
vt 0.0000 3.6067
vt 0.0100 3.6067
vt 0.0200 3.6067
vt 0.0300 3.6067
vt 0.0400 3.6067
vt 0.0000 0.0000
vt 0.1716 0.0000
vt 0.3431 0.0000
vt 0.5147 0.0000
vt 0.6863 0.0000
vt 0.0000 0.7205
vt 0.1373 0.7205
vt 0.2745 0.7205
vt 0.4118 0.7205
vt 0.5490 0.7205
vt 0.0000 1.4395
vt 0.1029 1.4395
vt 0.2059 1.4395
vt 0.3088 1.4395
vt 0.4118 1.4395
vt 0.0000 2.1671
vt 0.0686 2.1671
vt 0.1373 2.1671
vt 0.2059 2.1671
vt 0.2745 2.1671
vt 0.0000 2.8913
vt 0.0343 2.8913
vt 0.0686 2.8913
vt 0.1029 2.8913
vt 0.1373 2.8913
vt 0.0000 3.6147
vt 0.0100 3.6147
vt 0.0200 3.6147
vt 0.0300 3.6147
vt 0.0400 3.6147
vt 0.0000 0.0000
vt 0.1942 0.0000
vt 0.3884 0.0000
vt 0.5826 0.0000
vt 0.7768 0.0000
vt 0.0000 0.8122
vt 0.1554 0.8122
vt 0.3107 0.8122
vt 0.4661 0.8122
vt 0.6215 0.8122
vt 0.0000 1.6349
vt 0.1165 1.6349
vt 0.2330 1.6349
vt 0.3496 1.6349
vt 0.4661 1.6349
vt 0.0000 2.4573
vt 0.0777 2.4573
vt 0.1554 2.4573
vt 0.2330 2.4573
vt 0.3107 2.4573
vt 0.0000 3.2745
vt 0.0388 3.2745
vt 0.0777 3.2745
vt 0.1165 3.2745
vt 0.1554 3.2745
vt 0.0000 4.0934
vt 0.0100 4.0934
vt 0.0200 4.0934
vt 0.0300 4.0934
vt 0.0400 4.0934
vt 0.0000 0.0000
vt 0.1399 0.0000
vt 0.2798 0.0000
vt 0.4196 0.0000
vt 0.5595 0.0000
vt 0.0000 0.5921
vt 0.1119 0.5921
vt 0.2238 0.5921
vt 0.3357 0.5921
vt 0.4476 0.5921
vt 0.0000 1.1848
vt 0.0839 1.1848
vt 0.1679 1.1848
vt 0.2518 1.1848
vt 0.3357 1.1848
vt 0.0000 1.7753
vt 0.0560 1.7753
vt 0.1119 1.7753
vt 0.1679 1.7753
vt 0.2238 1.7753
vt 0.0000 2.3641
vt 0.0280 2.3641
vt 0.0560 2.3641
vt 0.0839 2.3641
vt 0.1119 2.3641
vt 0.0000 2.9538
vt 0.0100 2.9538
vt 0.0200 2.9538
vt 0.0300 2.9538
vt 0.0400 2.9538
vt 0.0000 0.0000
vt 0.1180 0.0000
vt 0.2360 0.0000
vt 0.3540 0.0000
vt 0.4719 0.0000
vt 0.0000 0.4921
vt 0.0944 0.4921
vt 0.1888 0.4921
vt 0.2832 0.4921
vt 0.3775 0.4921
vt 0.0000 0.9876
vt 0.0708 0.9876
vt 0.1416 0.9876
vt 0.2124 0.9876
vt 0.2832 0.9876
vt 0.0000 1.4822
vt 0.0472 1.4822
vt 0.0944 1.4822
vt 0.1416 1.4822
vt 0.1888 1.4822
vt 0.0000 1.9799
vt 0.0236 1.9799
vt 0.0472 1.9799
vt 0.0708 1.9799
vt 0.0944 1.9799
vt 0.0000 2.4773
vt 0.0100 2.4773
vt 0.0200 2.4773
vt 0.0300 2.4773
vt 0.0400 2.4773
vt 0.0000 0.0000
vt 0.2201 0.0000
vt 0.4402 0.0000
vt 0.6604 0.0000
vt 0.8805 0.0000
vt 0.0000 0.9364
vt 0.1761 0.9364
vt 0.3522 0.9364
vt 0.5283 0.9364
vt 0.7044 0.9364
vt 0.0000 1.8625
vt 0.1321 1.8625
vt 0.2641 1.8625
vt 0.3962 1.8625
vt 0.5283 1.8625
vt 0.0000 2.7934
vt 0.0880 2.7934
vt 0.1761 2.7934
vt 0.2641 2.7934
vt 0.3522 2.7934
vt 0.0000 3.7208
vt 0.0440 3.7208
vt 0.0880 3.7208
vt 0.1321 3.7208
vt 0.1761 3.7208
vt 0.0000 4.6489
vt 0.0100 4.6489
vt 0.0200 4.6489
vt 0.0300 4.6489
vt 0.0400 4.6489
vt 0.0000 0.0000
vt 0.1210 0.0000
vt 0.2420 0.0000
vt 0.3630 0.0000
vt 0.4840 0.0000
vt 0.0000 0.5087
vt 0.0968 0.5087
vt 0.1936 0.5087
vt 0.2904 0.5087
vt 0.3872 0.5087
vt 0.0000 1.0224
vt 0.0726 1.0224
vt 0.1452 1.0224
vt 0.2178 1.0224
vt 0.2904 1.0224
vt 0.0000 1.5295
vt 0.0484 1.5295
vt 0.0968 1.5295
vt 0.1452 1.5295
vt 0.1936 1.5295
vt 0.0000 2.0382
vt 0.0242 2.0382
vt 0.0484 2.0382
vt 0.0726 2.0382
vt 0.0968 2.0382
vt 0.0000 2.5484
vt 0.0100 2.5484
vt 0.0200 2.5484
vt 0.0300 2.5484
vt 0.0400 2.5484
vt 0.0000 0.0000
vt 0.0850 0.0000
vt 0.1700 0.0000
vt 0.2550 0.0000
vt 0.3400 0.0000
vt 0.0000 0.3632
vt 0.0680 0.3632
vt 0.1360 0.3632
vt 0.2040 0.3632
vt 0.2720 0.3632
vt 0.0000 0.7209
vt 0.0510 0.7209
vt 0.1020 0.7209
vt 0.1530 0.7209
vt 0.2040 0.7209
vt 0.0000 1.0795
vt 0.0340 1.0795
vt 0.0680 1.0795
vt 0.1020 1.0795
vt 0.1360 1.0795
vt 0.0000 1.4372
vt 0.0170 1.4372
vt 0.0340 1.4372
vt 0.0510 1.4372
vt 0.0680 1.4372
vt 0.0000 1.7956
vt 0.0100 1.7956
vt 0.0200 1.7956
vt 0.0300 1.7956
vt 0.0400 1.7956
vt 0.0000 0.0000
vt 0.2043 0.0000
vt 0.4086 0.0000
vt 0.6129 0.0000
vt 0.8173 0.0000
vt 0.0000 0.8678
vt 0.1635 0.8678
vt 0.3269 0.8678
vt 0.4904 0.8678
vt 0.6538 0.8678
vt 0.0000 1.7313
vt 0.1226 1.7313
vt 0.2452 1.7313
vt 0.3678 1.7313
vt 0.4904 1.7313
vt 0.0000 2.5893
vt 0.0817 2.5893
vt 0.1635 2.5893
vt 0.2452 2.5893
vt 0.3269 2.5893
vt 0.0000 3.4532
vt 0.0409 3.4532
vt 0.0817 3.4532
vt 0.1226 3.4532
vt 0.1635 3.4532
vt 0.0000 4.3146
vt 0.0100 4.3146
vt 0.0200 4.3146
vt 0.0300 4.3146
vt 0.0400 4.3146
vt 0.0000 0.0000
vt 0.0247 0.0000
vt 0.0494 0.0000
vt 0.0741 0.0000
vt 0.0987 0.0000
vt 0.0000 0.1054
vt 0.0197 0.1054
vt 0.0395 0.1054
vt 0.0592 0.1054
vt 0.0790 0.1054
vt 0.0000 0.2090
vt 0.0148 0.2090
vt 0.0296 0.2090
vt 0.0444 0.2090
vt 0.0592 0.2090
vt 0.0000 0.3138
vt 0.0100 0.3138
vt 0.0200 0.3138
vt 0.0300 0.3138
vt 0.0400 0.3138
vt 0.0000 0.4183
vt 0.0100 0.4183
vt 0.0200 0.4183
vt 0.0300 0.4183
vt 0.0400 0.4183
vt 0.0000 0.5223
vt 0.0100 0.5223
vt 0.0200 0.5223
vt 0.0300 0.5223
vt 0.0400 0.5223
vt 0.0000 0.0000
vt 0.0846 0.0000
vt 0.1691 0.0000
vt 0.2537 0.0000
vt 0.3383 0.0000
vt 0.0000 0.3619
vt 0.0677 0.3619
vt 0.1353 0.3619
vt 0.2030 0.3619
vt 0.2706 0.3619
vt 0.0000 0.7206
vt 0.0507 0.7206
vt 0.1015 0.7206
vt 0.1522 0.7206
vt 0.2030 0.7206
vt 0.0000 1.0771
vt 0.0338 1.0771
vt 0.0677 1.0771
vt 0.1015 1.0771
vt 0.1353 1.0771
vt 0.0000 1.4328
vt 0.0169 1.4328
vt 0.0338 1.4328
vt 0.0507 1.4328
vt 0.0677 1.4328
vt 0.0000 1.7894
vt 0.0100 1.7894
vt 0.0200 1.7894
vt 0.0300 1.7894
vt 0.0400 1.7894
vt 0.0000 0.0000
vt 0.1921 0.0000
vt 0.3841 0.0000
vt 0.5762 0.0000
vt 0.7682 0.0000
vt 0.0000 0.8097
vt 0.1536 0.8097
vt 0.3073 0.8097
vt 0.4609 0.8097
vt 0.6146 0.8097
vt 0.0000 1.6243
vt 0.1152 1.6243
vt 0.2305 1.6243
vt 0.3457 1.6243
vt 0.4609 1.6243
vt 0.0000 2.4375
vt 0.0768 2.4375
vt 0.1536 2.4375
vt 0.2305 2.4375
vt 0.3073 2.4375
vt 0.0000 3.2447
vt 0.0384 3.2447
vt 0.0768 3.2447
vt 0.1152 3.2447
vt 0.1536 3.2447
vt 0.0000 4.0544
vt 0.0100 4.0544
vt 0.0200 4.0544
vt 0.0300 4.0544
vt 0.0400 4.0544
vt 0.0000 0.0000
vt 0.2171 0.0000
vt 0.4342 0.0000
vt 0.6512 0.0000
vt 0.8683 0.0000
vt 0.0000 0.9110
vt 0.1737 0.9110
vt 0.3473 0.9110
vt 0.5210 0.9110
vt 0.6946 0.9110
vt 0.0000 1.8268
vt 0.1302 1.8268
vt 0.2605 1.8268
vt 0.3907 1.8268
vt 0.5210 1.8268
vt 0.0000 2.7483
vt 0.0868 2.7483
vt 0.1737 2.7483
vt 0.2605 2.7483
vt 0.3473 2.7483
vt 0.0000 3.6652
vt 0.0434 3.6652
vt 0.0868 3.6652
vt 0.1302 3.6652
vt 0.1737 3.6652
vt 0.0000 4.5805
vt 0.0100 4.5805
vt 0.0200 4.5805
vt 0.0300 4.5805
vt 0.0400 4.5805
vt 0.0000 0.0000
vt 0.0186 0.0000
vt 0.0373 0.0000
vt 0.0559 0.0000
vt 0.0745 0.0000
vt 0.0000 0.0785
vt 0.0149 0.0785
vt 0.0298 0.0785
vt 0.0447 0.0785
vt 0.0596 0.0785
vt 0.0000 0.1583
vt 0.0112 0.1583
vt 0.0224 0.1583
vt 0.0335 0.1583
vt 0.0447 0.1583
vt 0.0000 0.2365
vt 0.0100 0.2365
vt 0.0200 0.2365
vt 0.0300 0.2365
vt 0.0400 0.2365
vt 0.0000 0.3155
vt 0.0100 0.3155
vt 0.0200 0.3155
vt 0.0300 0.3155
vt 0.0400 0.3155
vt 0.0000 0.3940
vt 0.0100 0.3940
vt 0.0200 0.3940
vt 0.0300 0.3940
vt 0.0400 0.3940
vt 0.0000 0.0000
vt 0.2181 0.0000
vt 0.4363 0.0000
vt 0.6544 0.0000
vt 0.8726 0.0000
vt 0.0000 0.9254
vt 0.1745 0.9254
vt 0.3490 0.9254
vt 0.5235 0.9254
vt 0.6980 0.9254
vt 0.0000 1.8411
vt 0.1309 1.8411
vt 0.2618 1.8411
vt 0.3926 1.8411
vt 0.5235 1.8411
vt 0.0000 2.7602
vt 0.0873 2.7602
vt 0.1745 2.7602
vt 0.2618 2.7602
vt 0.3490 2.7602
vt 0.0000 3.6824
vt 0.0436 3.6824
vt 0.0873 3.6824
vt 0.1309 3.6824
vt 0.1745 3.6824
vt 0.0000 4.6022
vt 0.0100 4.6022
vt 0.0200 4.6022
vt 0.0300 4.6022
vt 0.0400 4.6022
vt 0.0000 0.0000
vt 0.0470 0.0000
vt 0.0940 0.0000
vt 0.1410 0.0000
vt 0.1879 0.0000
vt 0.0000 0.1981
vt 0.0376 0.1981
vt 0.0752 0.1981
vt 0.1128 0.1981
vt 0.1504 0.1981
vt 0.0000 0.3958
vt 0.0282 0.3958
vt 0.0564 0.3958
vt 0.0846 0.3958
vt 0.1128 0.3958
vt 0.0000 0.5933
vt 0.0188 0.5933
vt 0.0376 0.5933
vt 0.0564 0.5933
vt 0.0752 0.5933
vt 0.0000 0.7916
vt 0.0100 0.7916
vt 0.0200 0.7916
vt 0.0300 0.7916
vt 0.0400 0.7916
vt 0.0000 0.9897
vt 0.0100 0.9897
vt 0.0200 0.9897
vt 0.0300 0.9897
vt 0.0400 0.9897
vt 0.0000 0.0000
vt 0.0317 0.0000
vt 0.0634 0.0000
vt 0.0951 0.0000
vt 0.1268 0.0000
vt 0.0000 0.1358
vt 0.0254 0.1358
vt 0.0507 0.1358
vt 0.0761 0.1358
vt 0.1014 0.1358
vt 0.0000 0.2694
vt 0.0190 0.2694
vt 0.0380 0.2694
vt 0.0571 0.2694
vt 0.0761 0.2694
vt 0.0000 0.4041
vt 0.0127 0.4041
vt 0.0254 0.4041
vt 0.0380 0.4041
vt 0.0507 0.4041
vt 0.0000 0.5380
vt 0.0100 0.5380
vt 0.0200 0.5380
vt 0.0300 0.5380
vt 0.0400 0.5380
vt 0.0000 0.6717
vt 0.0100 0.6717
vt 0.0200 0.6717
vt 0.0300 0.6717
vt 0.0400 0.6717
vt 0.0000 0.0000
vt 0.1759 0.0000
vt 0.3519 0.0000
vt 0.5278 0.0000
vt 0.7038 0.0000
vt 0.0000 0.7469
vt 0.1408 0.7469
vt 0.2815 0.7469
vt 0.4223 0.7469
vt 0.5630 0.7469
vt 0.0000 1.4894
vt 0.1056 1.4894
vt 0.2111 1.4894
vt 0.3167 1.4894
vt 0.4223 1.4894
vt 0.0000 2.2352
vt 0.0704 2.2352
vt 0.1408 2.2352
vt 0.2111 2.2352
vt 0.2815 2.2352
vt 0.0000 2.9802
vt 0.0352 2.9802
vt 0.0704 2.9802
vt 0.1056 2.9802
vt 0.1408 2.9802
vt 0.0000 3.7220
vt 0.0100 3.7220
vt 0.0200 3.7220
vt 0.0300 3.7220
vt 0.0400 3.7220
vt 0.0000 0.0000
vt 0.1216 0.0000
vt 0.2431 0.0000
vt 0.3647 0.0000
vt 0.4862 0.0000
vt 0.0000 0.5114
vt 0.0972 0.5114
vt 0.1945 0.5114
vt 0.2917 0.5114
vt 0.3890 0.5114
vt 0.0000 1.0234
vt 0.0729 1.0234
vt 0.1459 1.0234
vt 0.2188 1.0234
vt 0.2917 1.0234
vt 0.0000 1.5327
vt 0.0486 1.5327
vt 0.0972 1.5327
vt 0.1459 1.5327
vt 0.1945 1.5327
vt 0.0000 2.0467
vt 0.0243 2.0467
vt 0.0486 2.0467
vt 0.0729 2.0467
vt 0.0972 2.0467
vt 0.0000 2.5592
vt 0.0100 2.5592
vt 0.0200 2.5592
vt 0.0300 2.5592
vt 0.0400 2.5592
vt 0.0000 0.0000
vt 0.1021 0.0000
vt 0.2043 0.0000
vt 0.3064 0.0000
vt 0.4086 0.0000
vt 0.0000 0.4290
vt 0.0817 0.4290
vt 0.1634 0.4290
vt 0.2451 0.4290
vt 0.3269 0.4290
vt 0.0000 0.8563
vt 0.0613 0.8563
vt 0.1226 0.8563
vt 0.1839 0.8563
vt 0.2451 0.8563
vt 0.0000 1.2861
vt 0.0409 1.2861
vt 0.0817 1.2861
vt 0.1226 1.2861
vt 0.1634 1.2861
vt 0.0000 1.7176
vt 0.0204 1.7176
vt 0.0409 1.7176
vt 0.0613 1.7176
vt 0.0817 1.7176
vt 0.0000 2.1483
vt 0.0100 2.1483
vt 0.0200 2.1483
vt 0.0300 2.1483
vt 0.0400 2.1483
vt 0.0000 0.0000
vt 0.1140 0.0000
vt 0.2281 0.0000
vt 0.3421 0.0000
vt 0.4561 0.0000
vt 0.0000 0.4761
vt 0.0912 0.4761
vt 0.1824 0.4761
vt 0.2737 0.4761
vt 0.3649 0.4761
vt 0.0000 0.9595
vt 0.0684 0.9595
vt 0.1368 0.9595
vt 0.2053 0.9595
vt 0.2737 0.9595
vt 0.0000 1.4386
vt 0.0456 1.4386
vt 0.0912 1.4386
vt 0.1368 1.4386
vt 0.1824 1.4386
vt 0.0000 1.9194
vt 0.0228 1.9194
vt 0.0456 1.9194
vt 0.0684 1.9194
vt 0.0912 1.9194
vt 0.0000 2.4002
vt 0.0100 2.4002
vt 0.0200 2.4002
vt 0.0300 2.4002
vt 0.0400 2.4002
vt 0.0000 0.0000
vt 0.2230 0.0000
vt 0.4460 0.0000
vt 0.6689 0.0000
vt 0.8919 0.0000
vt 0.0000 0.9398
vt 0.1784 0.9398
vt 0.3568 0.9398
vt 0.5351 0.9398
vt 0.7135 0.9398
vt 0.0000 1.8859
vt 0.1338 1.8859
vt 0.2676 1.8859
vt 0.4014 1.8859
vt 0.5351 1.8859
vt 0.0000 2.8278
vt 0.0892 2.8278
vt 0.1784 2.8278
vt 0.2676 2.8278
vt 0.3568 2.8278
vt 0.0000 3.7667
vt 0.0446 3.7667
vt 0.0892 3.7667
vt 0.1338 3.7667
vt 0.1784 3.7667
vt 0.0000 4.7068
vt 0.0100 4.7068
vt 0.0200 4.7068
vt 0.0300 4.7068
vt 0.0400 4.7068
vt 0.0000 0.0000
vt 0.1548 0.0000
vt 0.3095 0.0000
vt 0.4643 0.0000
vt 0.6191 0.0000
vt 0.0000 0.6583
vt 0.1238 0.6583
vt 0.2476 0.6583
vt 0.3714 0.6583
vt 0.4953 0.6583
vt 0.0000 1.3162
vt 0.0929 1.3162
vt 0.1857 1.3162
vt 0.2786 1.3162
vt 0.3714 1.3162
vt 0.0000 1.9710
vt 0.0619 1.9710
vt 0.1238 1.9710
vt 0.1857 1.9710
vt 0.2476 1.9710
vt 0.0000 2.6236
vt 0.0310 2.6236
vt 0.0619 2.6236
vt 0.0929 2.6236
vt 0.1238 2.6236
vt 0.0000 3.2762
vt 0.0100 3.2762
vt 0.0200 3.2762
vt 0.0300 3.2762
vt 0.0400 3.2762
vt 0.0000 0.0000
vt 0.0858 0.0000
vt 0.1715 0.0000
vt 0.2573 0.0000
vt 0.3430 0.0000
vt 0.0000 0.3667
vt 0.0686 0.3667
vt 0.1372 0.3667
vt 0.2058 0.3667
vt 0.2744 0.3667
vt 0.0000 0.7257
vt 0.0515 0.7257
vt 0.1029 0.7257
vt 0.1544 0.7257
vt 0.2058 0.7257
vt 0.0000 1.0890
vt 0.0343 1.0890
vt 0.0686 1.0890
vt 0.1029 1.0890
vt 0.1372 1.0890
vt 0.0000 1.4523
vt 0.0172 1.4523
vt 0.0343 1.4523
vt 0.0515 1.4523
vt 0.0686 1.4523
vt 0.0000 1.8138
vt 0.0100 1.8138
vt 0.0200 1.8138
vt 0.0300 1.8138
vt 0.0400 1.8138
vt 0.0000 0.0000
vt 0.0671 0.0000
vt 0.1342 0.0000
vt 0.2012 0.0000
vt 0.2683 0.0000
vt 0.0000 0.2817
vt 0.0537 0.2817
vt 0.1073 0.2817
vt 0.1610 0.2817
vt 0.2146 0.2817
vt 0.0000 0.5639
vt 0.0402 0.5639
vt 0.0805 0.5639
vt 0.1207 0.5639
vt 0.1610 0.5639
vt 0.0000 0.8468
vt 0.0268 0.8468
vt 0.0537 0.8468
vt 0.0805 0.8468
vt 0.1073 0.8468
vt 0.0000 1.1295
vt 0.0134 1.1295
vt 0.0268 1.1295
vt 0.0402 1.1295
vt 0.0537 1.1295
vt 0.0000 1.4123
vt 0.0100 1.4123
vt 0.0200 1.4123
vt 0.0300 1.4123
vt 0.0400 1.4123
vt 0.0000 0.0000
vt 0.0887 0.0000
vt 0.1775 0.0000
vt 0.2662 0.0000
vt 0.3549 0.0000
vt 0.0000 0.3694
vt 0.0710 0.3694
vt 0.1420 0.3694
vt 0.2129 0.3694
vt 0.2839 0.3694
vt 0.0000 0.7463
vt 0.0532 0.7463
vt 0.1065 0.7463
vt 0.1597 0.7463
vt 0.2129 0.7463
vt 0.0000 1.1227
vt 0.0355 1.1227
vt 0.0710 1.1227
vt 0.1065 1.1227
vt 0.1420 1.1227
vt 0.0000 1.4969
vt 0.0177 1.4969
vt 0.0355 1.4969
vt 0.0532 1.4969
vt 0.0710 1.4969
vt 0.0000 1.8710
vt 0.0100 1.8710
vt 0.0200 1.8710
vt 0.0300 1.8710
vt 0.0400 1.8710
vt 0.0000 0.0000
vt 0.1978 0.0000
vt 0.3957 0.0000
vt 0.5935 0.0000
vt 0.7913 0.0000
vt 0.0000 0.8332
vt 0.1583 0.8332
vt 0.3165 0.8332
vt 0.4748 0.8332
vt 0.6331 0.8332
vt 0.0000 1.6681
vt 0.1187 1.6681
vt 0.2374 1.6681
vt 0.3561 1.6681
vt 0.4748 1.6681
vt 0.0000 2.4979
vt 0.0791 2.4979
vt 0.1583 2.4979
vt 0.2374 2.4979
vt 0.3165 2.4979
vt 0.0000 3.3311
vt 0.0396 3.3311
vt 0.0791 3.3311
vt 0.1187 3.3311
vt 0.1583 3.3311
vt 0.0000 4.1652
vt 0.0100 4.1652
vt 0.0200 4.1652
vt 0.0300 4.1652
vt 0.0400 4.1652
vt 0.0000 6.2426
vt 0.0790 6.2426
vt 0.1580 6.2426
vt 0.2370 6.2426
vt 0.0000 6.9521
vt 0.0527 6.9521
vt 0.1053 6.9521
vt 0.1580 6.9521
vt 0.0000 7.6624
vt 0.0263 7.6624
vt 0.0527 7.6624
vt 0.0790 7.6624
vt 0.0000 8.3726
vt 0.0133 8.3726
vt 0.0267 8.3726
vt 0.0400 8.3726
vt 0.0000 10.6279
vt 0.0495 10.6279
vt 0.0991 10.6279
vt 0.1486 10.6279
vt 0.0000 11.0697
vt 0.0330 11.0697
vt 0.0660 11.0697
vt 0.0991 11.0697
vt 0.0000 11.5149
vt 0.0165 11.5149
vt 0.0330 11.5149
vt 0.0495 11.5149
vt 0.0000 11.9602
vt 0.0133 11.9602
vt 0.0267 11.9602
vt 0.0400 11.9602
vt 0.0000 13.4733
vt 0.0133 13.4733
vt 0.0267 13.4733
vt 0.0400 13.4733
vt 0.0000 13.5600
vt 0.0133 13.5600
vt 0.0267 13.5600
vt 0.0400 13.5600
vt 0.0000 13.6475
vt 0.0133 13.6475
vt 0.0267 13.6475
vt 0.0400 13.6475
vt 0.0000 13.7350
vt 0.0133 13.7350
vt 0.0267 13.7350
vt 0.0400 13.7350
vt 0.0000 0.0000
vt 0.0319 0.0000
vt 0.0638 0.0000
vt 0.0957 0.0000
vt 0.0000 0.2880
vt 0.0213 0.2880
vt 0.0425 0.2880
vt 0.0638 0.2880
vt 0.0000 0.5748
vt 0.0133 0.5748
vt 0.0267 0.5748
vt 0.0400 0.5748
vt 0.0000 0.8614
vt 0.0133 0.8614
vt 0.0267 0.8614
vt 0.0400 0.8614
vt 0.0000 0.0000
vt 0.0133 0.0000
vt 0.0267 0.0000
vt 0.0400 0.0000
vt 0.0000 0.0421
vt 0.0133 0.0421
vt 0.0267 0.0421
vt 0.0400 0.0421
vt 0.0000 0.0841
vt 0.0133 0.0841
vt 0.0267 0.0841
vt 0.0400 0.0841
vt 0.0000 0.1261
vt 0.0133 0.1261
vt 0.0267 0.1261
vt 0.0400 0.1261
vt 0.0000 0.0000
vt 0.0133 0.0000
vt 0.0267 0.0000
vt 0.0400 0.0000
vt 0.0000 0.2251
vt 0.0133 0.2251
vt 0.0267 0.2251
vt 0.0400 0.2251
vt 0.0000 0.4503
vt 0.0133 0.4503
vt 0.0267 0.4503
vt 0.0400 0.4503
vt 0.0000 0.6756
vt 0.0133 0.6756
vt 0.0267 0.6756
vt 0.0400 0.6756
vt 0.0000 1.2792
vt 0.0133 1.2792
vt 0.0267 1.2792
vt 0.0400 1.2792
vt 0.0000 1.6708
vt 0.0133 1.6708
vt 0.0267 1.6708
vt 0.0400 1.6708
vt 0.0000 2.0622
vt 0.0133 2.0622
vt 0.0267 2.0622
vt 0.0400 2.0622
vt 0.0000 2.4534
vt 0.0133 2.4534
vt 0.0267 2.4534
vt 0.0400 2.4534
vt 0.0000 3.5427
vt 0.0133 3.5427
vt 0.0267 3.5427
vt 0.0400 3.5427
vt 0.0000 3.7166
vt 0.0133 3.7166
vt 0.0267 3.7166
vt 0.0400 3.7166
vt 0.0000 3.8902
vt 0.0133 3.8902
vt 0.0267 3.8902
vt 0.0400 3.8902
vt 0.0000 4.0638
vt 0.0133 4.0638
vt 0.0267 4.0638
vt 0.0400 4.0638
vt 0.0000 4.5297
vt 0.0133 4.5297
vt 0.0267 4.5297
vt 0.0400 4.5297
vt 0.0000 5.0102
vt 0.0133 5.0102
vt 0.0267 5.0102
vt 0.0400 5.0102
vt 0.0000 5.4904
vt 0.0133 5.4904
vt 0.0267 5.4904
vt 0.0400 5.4904
vt 0.0000 5.9707
vt 0.0133 5.9707
vt 0.0267 5.9707
vt 0.0400 5.9707
vt 0.0000 7.0715
vt 0.0133 7.0715
vt 0.0267 7.0715
vt 0.0400 7.0715
vt 0.0000 7.6857
vt 0.0133 7.6857
vt 0.0267 7.6857
vt 0.0400 7.6857
vt 0.0000 8.2994
vt 0.0133 8.2994
vt 0.0267 8.2994
vt 0.0400 8.2994
vt 0.0000 8.9129
vt 0.0133 8.9129
vt 0.0267 8.9129
vt 0.0400 8.9129
vt 0.0000 0.0000
vt 0.0133 0.0000
vt 0.0267 0.0000
vt 0.0400 0.0000
vt 0.0000 0.0226
vt 0.0133 0.0226
vt 0.0267 0.0226
vt 0.0400 0.0226
vt 0.0000 0.0454
vt 0.0133 0.0454
vt 0.0267 0.0454
vt 0.0400 0.0454
vt 0.0000 0.0681
vt 0.0133 0.0681
vt 0.0267 0.0681
vt 0.0400 0.0681
vt 0.0000 0.0000
vt 0.0180 0.0000
vt 0.0360 0.0000
vt 0.0539 0.0000
vt 0.0000 0.1843
vt 0.0133 0.1843
vt 0.0267 0.1843
vt 0.0400 0.1843
vt 0.0000 0.3688
vt 0.0133 0.3688
vt 0.0267 0.3688
vt 0.0400 0.3688
vt 0.0000 0.5533
vt 0.0133 0.5533
vt 0.0267 0.5533
vt 0.0400 0.5533
vt 0.0000 1.1523
vt 0.0133 1.1523
vt 0.0267 1.1523
vt 0.0400 1.1523
vt 0.0000 1.2365
vt 0.0133 1.2365
vt 0.0267 1.2365
vt 0.0400 1.2365
vt 0.0000 1.3200
vt 0.0133 1.3200
vt 0.0267 1.3200
vt 0.0400 1.3200
vt 0.0000 1.4035
vt 0.0133 1.4035
vt 0.0267 1.4035
vt 0.0400 1.4035
vt 0.0000 0.0000
vt 0.0540 0.0000
vt 0.1080 0.0000
vt 0.1621 0.0000
vt 0.0000 0.5548
vt 0.0360 0.5548
vt 0.0720 0.5548
vt 0.1080 0.5548
vt 0.0000 1.1111
vt 0.0180 1.1111
vt 0.0360 1.1111
vt 0.0540 1.1111
vt 0.0000 1.6655
vt 0.0133 1.6655
vt 0.0267 1.6655
vt 0.0400 1.6655
vt 0.0000 3.0661
vt 0.0528 3.0661
vt 0.1056 3.0661
vt 0.1584 3.0661
vt 0.0000 3.6120
vt 0.0352 3.6120
vt 0.0704 3.6120
vt 0.1056 3.6120
vt 0.0000 4.1523
vt 0.0176 4.1523
vt 0.0352 4.1523
vt 0.0528 4.1523
vt 0.0000 4.6941
vt 0.0133 4.6941
vt 0.0267 4.6941
vt 0.0400 4.6941
vt 0.0000 0.0000
vt 0.0592 0.0000
vt 0.1184 0.0000
vt 0.1775 0.0000
vt 0.0000 0.6615
vt 0.0395 0.6615
vt 0.0789 0.6615
vt 0.1184 0.6615
vt 0.0000 1.3219
vt 0.0197 1.3219
vt 0.0395 1.3219
vt 0.0592 1.3219
vt 0.0000 1.9826
vt 0.0133 1.9826
vt 0.0267 1.9826
vt 0.0400 1.9826
vt 0.0000 3.9654
vt 0.0338 3.9654
vt 0.0676 3.9654
vt 0.1014 3.9654
vt 0.0000 4.3420
vt 0.0225 4.3420
vt 0.0451 4.3420
vt 0.0676 4.3420
vt 0.0000 4.7189
vt 0.0133 4.7189
vt 0.0267 4.7189
vt 0.0400 4.7189
vt 0.0000 5.0963
vt 0.0133 5.0963
vt 0.0267 5.0963
vt 0.0400 5.0963
vt 0.0000 5.9511
vt 0.0258 5.9511
vt 0.0515 5.9511
vt 0.0773 5.9511
vt 0.0000 6.2387
vt 0.0172 6.2387
vt 0.0343 6.2387
vt 0.0515 6.2387
vt 0.0000 6.5262
vt 0.0133 6.5262
vt 0.0267 6.5262
vt 0.0400 6.5262
vt 0.0000 6.8136
vt 0.0133 6.8136
vt 0.0267 6.8136
vt 0.0400 6.8136
vt 0.0000 0.0000
vt 0.0640 0.0000
vt 0.1280 0.0000
vt 0.1921 0.0000
vt 0.0000 0.7143
vt 0.0427 0.7143
vt 0.0854 0.7143
vt 0.1280 0.7143
vt 0.0000 1.4297
vt 0.0213 1.4297
vt 0.0427 1.4297
vt 0.0640 1.4297
vt 0.0000 2.1442
vt 0.0133 2.1442
vt 0.0267 2.1442
vt 0.0400 2.1442
vt 0.0000 4.2700
vt 0.0416 4.2700
vt 0.0832 4.2700
vt 0.1248 4.2700
vt 0.0000 4.7333
vt 0.0277 4.7333
vt 0.0555 4.7333
vt 0.0832 4.7333
vt 0.0000 5.1975
vt 0.0139 5.1975
vt 0.0277 5.1975
vt 0.0416 5.1975
vt 0.0000 5.6619
vt 0.0133 5.6619
vt 0.0267 5.6619
vt 0.0400 5.6619
vt 0.0000 0.0000
vt 0.0414 0.0000
vt 0.0829 0.0000
vt 0.1243 0.0000
vt 0.0000 0.4250
vt 0.0276 0.4250
vt 0.0553 0.4250
vt 0.0829 0.4250
vt 0.0000 0.8489
vt 0.0138 0.8489
vt 0.0276 0.8489
vt 0.0414 0.8489
vt 0.0000 1.2741
vt 0.0133 1.2741
vt 0.0267 1.2741
vt 0.0400 1.2741
vt 0.0000 2.3816
vt 0.0313 2.3816
vt 0.0626 2.3816
vt 0.0938 2.3816
vt 0.0000 2.7042
vt 0.0209 2.7042
vt 0.0417 2.7042
vt 0.0626 2.7042
vt 0.0000 3.0240
vt 0.0133 3.0240
vt 0.0267 3.0240
vt 0.0400 3.0240
vt 0.0000 3.3450
vt 0.0133 3.3450
vt 0.0267 3.3450
vt 0.0400 3.3450
vt 0.0000 0.0000
vt 0.0465 0.0000
vt 0.0929 0.0000
vt 0.1394 0.0000
vt 0.0000 0.4772
vt 0.0310 0.4772
vt 0.0620 0.4772
vt 0.0929 0.4772
vt 0.0000 0.9557
vt 0.0155 0.9557
vt 0.0310 0.9557
vt 0.0465 0.9557
vt 0.0000 1.4323
vt 0.0133 1.4323
vt 0.0267 1.4323
vt 0.0400 1.4323
vt 0.0000 2.9769
vt 0.0587 2.9769
vt 0.1175 2.9769
vt 0.1762 2.9769
vt 0.0000 3.5831
vt 0.0392 3.5831
vt 0.0783 3.5831
vt 0.1175 3.5831
vt 0.0000 4.1877
vt 0.0196 4.1877
vt 0.0392 4.1877
vt 0.0587 4.1877
vt 0.0000 4.7903
vt 0.0133 4.7903
vt 0.0267 4.7903
vt 0.0400 4.7903
vt 0.0000 5.9035
vt 0.0504 5.9035
vt 0.1009 5.9035
vt 0.1513 5.9035
vt 0.0000 6.4179
vt 0.0336 6.4179
vt 0.0673 6.4179
vt 0.1009 6.4179
vt 0.0000 6.9370
vt 0.0168 6.9370
vt 0.0336 6.9370
vt 0.0504 6.9370
vt 0.0000 7.4545
vt 0.0133 7.4545
vt 0.0267 7.4545
vt 0.0400 7.4545
vt 0.0000 9.3048
vt 0.0477 9.3048
vt 0.0954 9.3048
vt 0.1431 9.3048
vt 0.0000 9.7716
vt 0.0318 9.7716
vt 0.0636 9.7716
vt 0.0954 9.7716
vt 0.0000 10.2362
vt 0.0159 10.2362
vt 0.0318 10.2362
vt 0.0477 10.2362
vt 0.0000 10.7019
vt 0.0133 10.7019
vt 0.0267 10.7019
vt 0.0400 10.7019
vt 0.0000 12.1502
vt 0.0312 12.1502
vt 0.0624 12.1502
vt 0.0936 12.1502
vt 0.0000 12.4571
vt 0.0208 12.4571
vt 0.0416 12.4571
vt 0.0624 12.4571
vt 0.0000 12.7610
vt 0.0133 12.7610
vt 0.0267 12.7610
vt 0.0400 12.7610
vt 0.0000 13.0655
vt 0.0133 13.0655
vt 0.0267 13.0655
vt 0.0400 13.0655
vt 0.0000 13.9983
vt 0.0133 13.9983
vt 0.0267 13.9983
vt 0.0400 13.9983
vt 0.0000 14.1030
vt 0.0133 14.1030
vt 0.0267 14.1030
vt 0.0400 14.1030
vt 0.0000 14.2074
vt 0.0133 14.2074
vt 0.0267 14.2074
vt 0.0400 14.2074
vt 0.0000 14.3114
vt 0.0133 14.3114
vt 0.0267 14.3114
vt 0.0400 14.3114
vt 0.0000 0.0000
vt 0.0347 0.0000
vt 0.0694 0.0000
vt 0.1041 0.0000
vt 0.0000 0.3377
vt 0.0231 0.3377
vt 0.0463 0.3377
vt 0.0694 0.3377
vt 0.0000 0.6751
vt 0.0133 0.6751
vt 0.0267 0.6751
vt 0.0400 0.6751
vt 0.0000 1.0138
vt 0.0133 1.0138
vt 0.0267 1.0138
vt 0.0400 1.0138
vt 0.0000 1.6359
vt 0.0341 1.6359
vt 0.0682 1.6359
vt 0.1023 1.6359
vt 0.0000 1.9685
vt 0.0227 1.9685
vt 0.0455 1.9685
vt 0.0682 1.9685
vt 0.0000 2.3015
vt 0.0133 2.3015
vt 0.0267 2.3015
vt 0.0400 2.3015
vt 0.0000 2.6342
vt 0.0133 2.6342
vt 0.0267 2.6342
vt 0.0400 2.6342
vt 0.0000 0.0000
vt 0.0318 0.0000
vt 0.0636 0.0000
vt 0.0955 0.0000
vt 0.0000 0.6078
vt 0.0212 0.6078
vt 0.0424 0.6078
vt 0.0636 0.6078
vt 0.0000 1.2147
vt 0.0133 1.2147
vt 0.0267 1.2147
vt 0.0400 1.2147
vt 0.0000 1.8223
vt 0.0133 1.8223
vt 0.0267 1.8223
vt 0.0400 1.8223
vt 0.0000 3.5208
vt 0.0133 3.5208
vt 0.0267 3.5208
vt 0.0400 3.5208
vt 0.0000 3.6924
vt 0.0133 3.6924
vt 0.0267 3.6924
vt 0.0400 3.6924
vt 0.0000 3.8635
vt 0.0133 3.8635
vt 0.0267 3.8635
vt 0.0400 3.8635
vt 0.0000 4.0346
vt 0.0133 4.0346
vt 0.0267 4.0346
vt 0.0400 4.0346
vt 0.0000 4.4569
vt 0.0133 4.4569
vt 0.0267 4.4569
vt 0.0400 4.4569
vt 0.0000 4.7019
vt 0.0133 4.7019
vt 0.0267 4.7019
vt 0.0400 4.7019
vt 0.0000 4.9462
vt 0.0133 4.9462
vt 0.0267 4.9462
vt 0.0400 4.9462
vt 0.0000 5.1903
vt 0.0133 5.1903
vt 0.0267 5.1903
vt 0.0400 5.1903
vt 0.0000 6.1414
vt 0.0284 6.1414
vt 0.0568 6.1414
vt 0.0853 6.1414
vt 0.0000 6.6824
vt 0.0189 6.6824
vt 0.0379 6.6824
vt 0.0568 6.6824
vt 0.0000 7.2245
vt 0.0133 7.2245
vt 0.0267 7.2245
vt 0.0400 7.2245
vt 0.0000 7.7672
vt 0.0133 7.7672
vt 0.0267 7.7672
vt 0.0400 7.7672
vt 0.0000 8.6250
vt 0.0193 8.6250
vt 0.0386 8.6250
vt 0.0579 8.6250
vt 0.0000 8.9927
vt 0.0133 8.9927
vt 0.0267 8.9927
vt 0.0400 8.9927
vt 0.0000 9.3617
vt 0.0133 9.3617
vt 0.0267 9.3617
vt 0.0400 9.3617
vt 0.0000 9.7305
vt 0.0133 9.7305
vt 0.0267 9.7305
vt 0.0400 9.7305
vt 0.0000 0.0000
vt 0.0133 0.0000
vt 0.0267 0.0000
vt 0.0400 0.0000
vt 0.0000 0.1824
vt 0.0133 0.1824
vt 0.0267 0.1824
vt 0.0400 0.1824
vt 0.0000 0.3651
vt 0.0133 0.3651
vt 0.0267 0.3651
vt 0.0400 0.3651
vt 0.0000 0.5477
vt 0.0133 0.5477
vt 0.0267 0.5477
vt 0.0400 0.5477
vt 0.0000 0.7575
vt 0.0133 0.7575
vt 0.0267 0.7575
vt 0.0400 0.7575
vt 0.0000 0.9114
vt 0.0133 0.9114
vt 0.0267 0.9114
vt 0.0400 0.9114
vt 0.0000 1.0653
vt 0.0133 1.0653
vt 0.0267 1.0653
vt 0.0400 1.0653
vt 0.0000 1.2192
vt 0.0133 1.2192
vt 0.0267 1.2192
vt 0.0400 1.2192
vt 0.0000 0.0000
vt 0.0211 0.0000
vt 0.0422 0.0000
vt 0.0633 0.0000
vt 0.0000 0.6843
vt 0.0141 0.6843
vt 0.0281 0.6843
vt 0.0422 0.6843
vt 0.0000 1.3685
vt 0.0133 1.3685
vt 0.0267 1.3685
vt 0.0400 1.3685
vt 0.0000 2.0520
vt 0.0133 2.0520
vt 0.0267 2.0520
vt 0.0400 2.0520
vt 0.0000 3.6989
vt 0.0149 3.6989
vt 0.0299 3.6989
vt 0.0448 3.6989
vt 0.0000 4.1819
vt 0.0133 4.1819
vt 0.0267 4.1819
vt 0.0400 4.1819
vt 0.0000 4.6655
vt 0.0133 4.6655
vt 0.0267 4.6655
vt 0.0400 4.6655
vt 0.0000 5.1496
vt 0.0133 5.1496
vt 0.0267 5.1496
vt 0.0400 5.1496
vt 0.0000 5.6314
vt 0.0133 5.6314
vt 0.0267 5.6314
vt 0.0400 5.6314
vt 0.0000 5.7404
vt 0.0133 5.7404
vt 0.0267 5.7404
vt 0.0400 5.7404
vt 0.0000 5.8496
vt 0.0133 5.8496
vt 0.0267 5.8496
vt 0.0400 5.8496
vt 0.0000 5.9588
vt 0.0133 5.9588
vt 0.0267 5.9588
vt 0.0400 5.9588
vt 0.0000 0.0000
vt 0.0133 0.0000
vt 0.0267 0.0000
vt 0.0400 0.0000
vt 0.0000 0.1586
vt 0.0133 0.1586
vt 0.0267 0.1586
vt 0.0400 0.1586
vt 0.0000 0.3172
vt 0.0133 0.3172
vt 0.0267 0.3172
vt 0.0400 0.3172
vt 0.0000 0.4758
vt 0.0133 0.4758
vt 0.0267 0.4758
vt 0.0400 0.4758
vt 0.0000 0.9576
vt 0.0133 0.9576
vt 0.0267 0.9576
vt 0.0400 0.9576
vt 0.0000 1.5991
vt 0.0133 1.5991
vt 0.0267 1.5991
vt 0.0400 1.5991
vt 0.0000 2.2408
vt 0.0133 2.2408
vt 0.0267 2.2408
vt 0.0400 2.2408
vt 0.0000 2.8825
vt 0.0133 2.8825
vt 0.0267 2.8825
vt 0.0400 2.8825
vt 0.0000 4.4038
vt 0.0133 4.4038
vt 0.0267 4.4038
vt 0.0400 4.4038
vt 0.0000 5.0987
vt 0.0133 5.0987
vt 0.0267 5.0987
vt 0.0400 5.0987
vt 0.0000 5.7939
vt 0.0133 5.7939
vt 0.0267 5.7939
vt 0.0400 5.7939
vt 0.0000 6.4891
vt 0.0133 6.4891
vt 0.0267 6.4891
vt 0.0400 6.4891
vt 0.0000 7.4083
vt 0.0133 7.4083
vt 0.0267 7.4083
vt 0.0400 7.4083
vt 0.0000 7.6017
vt 0.0133 7.6017
vt 0.0267 7.6017
vt 0.0400 7.6017
vt 0.0000 7.7950
vt 0.0133 7.7950
vt 0.0267 7.7950
vt 0.0400 7.7950
vt 0.0000 7.9883
vt 0.0133 7.9883
vt 0.0267 7.9883
vt 0.0400 7.9883
vt 0.0000 8.5109
vt 0.0133 8.5109
vt 0.0267 8.5109
vt 0.0400 8.5109
vt 0.0000 8.9359
vt 0.0133 8.9359
vt 0.0267 8.9359
vt 0.0400 8.9359
vt 0.0000 9.3608
vt 0.0133 9.3608
vt 0.0267 9.3608
vt 0.0400 9.3608
vt 0.0000 9.7857
vt 0.0133 9.7857
vt 0.0267 9.7857
vt 0.0400 9.7857
vt 0.0000 0.0000
vt 0.0219 0.0000
vt 0.0439 0.0000
vt 0.0658 0.0000
vt 0.0000 0.5123
vt 0.0146 0.5123
vt 0.0293 0.5123
vt 0.0439 0.5123
vt 0.0000 1.0251
vt 0.0133 1.0251
vt 0.0267 1.0251
vt 0.0400 1.0251
vt 0.0000 1.5371
vt 0.0133 1.5371
vt 0.0267 1.5371
vt 0.0400 1.5371
vt 0.0000 3.0001
vt 0.0133 3.0001
vt 0.0267 3.0001
vt 0.0400 3.0001
vt 0.0000 3.0809
vt 0.0133 3.0809
vt 0.0267 3.0809
vt 0.0400 3.0809
vt 0.0000 3.1616
vt 0.0133 3.1616
vt 0.0267 3.1616
vt 0.0400 3.1616
vt 0.0000 3.2423
vt 0.0133 3.2423
vt 0.0267 3.2423
vt 0.0400 3.2423
vt 0.0000 3.4858
vt 0.0133 3.4858
vt 0.0267 3.4858
vt 0.0400 3.4858
vt 0.0000 3.6970
vt 0.0133 3.6970
vt 0.0267 3.6970
vt 0.0400 3.6970
vt 0.0000 3.9084
vt 0.0133 3.9084
vt 0.0267 3.9084
vt 0.0400 3.9084
vt 0.0000 4.1198
vt 0.0133 4.1198
vt 0.0267 4.1198
vt 0.0400 4.1198
vt 0.0000 0.0000
vt 0.0276 0.0000
vt 0.0551 0.0000
vt 0.0827 0.0000
vt 0.0000 0.6414
vt 0.0184 0.6414
vt 0.0368 0.6414
vt 0.0551 0.6414
vt 0.0000 1.2843
vt 0.0133 1.2843
vt 0.0267 1.2843
vt 0.0400 1.2843
vt 0.0000 1.9277
vt 0.0133 1.9277
vt 0.0267 1.9277
vt 0.0400 1.9277
vt 0.0000 2.6865
vt 0.0133 2.6865
vt 0.0267 2.6865
vt 0.0400 2.6865
vt 0.0000 2.8080
vt 0.0133 2.8080
vt 0.0267 2.8080
vt 0.0400 2.8080
vt 0.0000 2.9295
vt 0.0133 2.9295
vt 0.0267 2.9295
vt 0.0400 2.9295
vt 0.0000 3.0512
vt 0.0133 3.0512
vt 0.0267 3.0512
vt 0.0400 3.0512
vt 0.0000 0.0000
vt 0.0167 0.0000
vt 0.0334 0.0000
vt 0.0502 0.0000
vt 0.0000 0.5333
vt 0.0133 0.5333
vt 0.0267 0.5333
vt 0.0400 0.5333
vt 0.0000 1.0671
vt 0.0133 1.0671
vt 0.0267 1.0671
vt 0.0400 1.0671
vt 0.0000 1.6013
vt 0.0133 1.6013
vt 0.0267 1.6013
vt 0.0400 1.6013
vt 0.0000 1.9029
vt 0.0133 1.9029
vt 0.0267 1.9029
vt 0.0400 1.9029
vt 0.0000 2.1673
vt 0.0133 2.1673
vt 0.0267 2.1673
vt 0.0400 2.1673
vt 0.0000 2.4317
vt 0.0133 2.4317
vt 0.0267 2.4317
vt 0.0400 2.4317
vt 0.0000 2.6958
vt 0.0133 2.6958
vt 0.0267 2.6958
vt 0.0400 2.6958
vt 0.0000 3.1402
vt 0.0228 3.1402
vt 0.0456 3.1402
vt 0.0684 3.1402
vt 0.0000 3.8670
vt 0.0152 3.8670
vt 0.0304 3.8670
vt 0.0456 3.8670
vt 0.0000 4.5960
vt 0.0133 4.5960
vt 0.0267 4.5960
vt 0.0400 4.5960
vt 0.0000 5.3242
vt 0.0133 5.3242
vt 0.0267 5.3242
vt 0.0400 5.3242
vt 0.0000 6.9320
vt 0.0133 6.9320
vt 0.0267 6.9320
vt 0.0400 6.9320
vt 0.0000 7.1185
vt 0.0133 7.1185
vt 0.0267 7.1185
vt 0.0400 7.1185
vt 0.0000 7.3053
vt 0.0133 7.3053
vt 0.0267 7.3053
vt 0.0400 7.3053
vt 0.0000 7.4921
vt 0.0133 7.4921
vt 0.0267 7.4921
vt 0.0400 7.4921
vt 0.0000 0.0000
vt 0.0227 0.0000
vt 0.0455 0.0000
vt 0.0682 0.0000
vt 0.0000 0.7275
vt 0.0152 0.7275
vt 0.0303 0.7275
vt 0.0455 0.7275
vt 0.0000 1.4537
vt 0.0133 1.4537
vt 0.0267 1.4537
vt 0.0400 1.4537
vt 0.0000 2.1803
vt 0.0133 2.1803
vt 0.0267 2.1803
vt 0.0400 2.1803
vt 0.0000 0.0000
vt 0.0133 0.0000
vt 0.0267 0.0000
vt 0.0400 0.0000
vt 0.0000 0.2392
vt 0.0133 0.2392
vt 0.0267 0.2392
vt 0.0400 0.2392
vt 0.0000 0.4785
vt 0.0133 0.4785
vt 0.0267 0.4785
vt 0.0400 0.4785
vt 0.0000 0.7181
vt 0.0133 0.7181
vt 0.0267 0.7181
vt 0.0400 0.7181
vt 0.0000 1.6051
vt 0.0359 1.6051
vt 0.0718 1.6051
vt 0.1078 1.6051
vt 0.0000 2.2512
vt 0.0239 2.2512
vt 0.0479 2.2512
vt 0.0718 2.2512
vt 0.0000 2.8994
vt 0.0133 2.8994
vt 0.0267 2.8994
vt 0.0400 2.8994
vt 0.0000 3.5478
vt 0.0133 3.5478
vt 0.0267 3.5478
vt 0.0400 3.5478
vt 0.0000 5.4201
vt 0.0133 5.4201
vt 0.0267 5.4201
vt 0.0400 5.4201
vt 0.0000 5.4443
vt 0.0133 5.4443
vt 0.0267 5.4443
vt 0.0400 5.4443
vt 0.0000 5.4686
vt 0.0133 5.4686
vt 0.0267 5.4686
vt 0.0400 5.4686
vt 0.0000 5.4928
vt 0.0133 5.4928
vt 0.0267 5.4928
vt 0.0400 5.4928
vt 0.0000 0.0000
vt 0.0133 0.0000
vt 0.0267 0.0000
vt 0.0400 0.0000
vt 0.0000 0.0634
vt 0.0133 0.0634
vt 0.0267 0.0634
vt 0.0400 0.0634
vt 0.0000 0.1269
vt 0.0133 0.1269
vt 0.0267 0.1269
vt 0.0400 0.1269
vt 0.0000 0.1904
vt 0.0133 0.1904
vt 0.0267 0.1904
vt 0.0400 0.1904
vt 0.0000 0.0000
vt 0.0163 0.0000
vt 0.0327 0.0000
vt 0.0490 0.0000
vt 0.0000 0.2956
vt 0.0133 0.2956
vt 0.0267 0.2956
vt 0.0400 0.2956
vt 0.0000 0.5899
vt 0.0133 0.5899
vt 0.0267 0.5899
vt 0.0400 0.5899
vt 0.0000 0.8849
vt 0.0133 0.8849
vt 0.0267 0.8849
vt 0.0400 0.8849
vt 0.0000 0.0000
vt 0.0133 0.0000
vt 0.0267 0.0000
vt 0.0400 0.0000
vt 0.0000 0.5682
vt 0.0133 0.5682
vt 0.0267 0.5682
vt 0.0400 0.5682
vt 0.0000 1.1362
vt 0.0133 1.1362
vt 0.0267 1.1362
vt 0.0400 1.1362
vt 0.0000 1.7047
vt 0.0133 1.7047
vt 0.0267 1.7047
vt 0.0400 1.7047
vt 0.0000 3.2142
vt 0.0137 3.2142
vt 0.0273 3.2142
vt 0.0410 3.2142
vt 0.0000 3.9184
vt 0.0133 3.9184
vt 0.0267 3.9184
vt 0.0400 3.9184
vt 0.0000 4.6214
vt 0.0133 4.6214
vt 0.0267 4.6214
vt 0.0400 4.6214
vt 0.0000 5.3248
vt 0.0133 5.3248
vt 0.0267 5.3248
vt 0.0400 5.3248
vt 0.0000 7.2855
vt 0.0133 7.2855
vt 0.0267 7.2855
vt 0.0400 7.2855
vt 0.0000 7.6072
vt 0.0133 7.6072
vt 0.0267 7.6072
vt 0.0400 7.6072
vt 0.0000 7.9287
vt 0.0133 7.9287
vt 0.0267 7.9287
vt 0.0400 7.9287
vt 0.0000 8.2501
vt 0.0133 8.2501
vt 0.0267 8.2501
vt 0.0400 8.2501
vt 0.0000 8.7025
vt 0.0133 8.7025
vt 0.0267 8.7025
vt 0.0400 8.7025
vt 0.0000 9.1657
vt 0.0133 9.1657
vt 0.0267 9.1657
vt 0.0400 9.1657
vt 0.0000 9.6295
vt 0.0133 9.6295
vt 0.0267 9.6295
vt 0.0400 9.6295
vt 0.0000 10.0935
vt 0.0133 10.0935
vt 0.0267 10.0935
vt 0.0400 10.0935
vt 0.0000 10.4801
vt 0.0133 10.4801
vt 0.0267 10.4801
vt 0.0400 10.4801
vt 0.0000 11.1205
vt 0.0133 11.1205
vt 0.0267 11.1205
vt 0.0400 11.1205
vt 0.0000 11.7608
vt 0.0133 11.7608
vt 0.0267 11.7608
vt 0.0400 11.7608
vt 0.0000 12.4015
vt 0.0133 12.4015
vt 0.0267 12.4015
vt 0.0400 12.4015
vt 0.0000 0.0000
vt 0.0153 0.0000
vt 0.0305 0.0000
vt 0.0458 0.0000
vt 0.0000 0.2311
vt 0.0133 0.2311
vt 0.0267 0.2311
vt 0.0400 0.2311
vt 0.0000 0.4625
vt 0.0133 0.4625
vt 0.0267 0.4625
vt 0.0400 0.4625
vt 0.0000 0.6939
vt 0.0133 0.6939
vt 0.0267 0.6939
vt 0.0400 0.6939
vt 0.0000 0.0000
vt 0.0410 0.0000
vt 0.0819 0.0000
vt 0.1229 0.0000
vt 0.0000 0.6229
vt 0.0273 0.6229
vt 0.0546 0.6229
vt 0.0819 0.6229
vt 0.0000 1.2455
vt 0.0137 1.2455
vt 0.0273 1.2455
vt 0.0410 1.2455
vt 0.0000 1.8666
vt 0.0133 1.8666
vt 0.0267 1.8666
vt 0.0400 1.8666
vt 0.0000 2.7527
vt 0.0200 2.7527
vt 0.0400 2.7527
vt 0.0600 2.7527
vt 0.0000 3.0543
vt 0.0133 3.0543
vt 0.0267 3.0543
vt 0.0400 3.0543
vt 0.0000 3.3583
vt 0.0133 3.3583
vt 0.0267 3.3583
vt 0.0400 3.3583
vt 0.0000 3.6613
vt 0.0133 3.6613
vt 0.0267 3.6613
vt 0.0400 3.6613
vt 0.0000 4.2835
vt 0.0133 4.2835
vt 0.0267 4.2835
vt 0.0400 4.2835
vt 0.0000 4.3432
vt 0.0133 4.3432
vt 0.0267 4.3432
vt 0.0400 4.3432
vt 0.0000 4.4029
vt 0.0133 4.4029
vt 0.0267 4.4029
vt 0.0400 4.4029
vt 0.0000 4.4626
vt 0.0133 4.4626
vt 0.0267 4.4626
vt 0.0400 4.4626
vt 0.0000 0.0000
vt 0.0398 0.0000
vt 0.0796 0.0000
vt 0.1194 0.0000
vt 0.0000 0.6044
vt 0.0265 0.6044
vt 0.0530 0.6044
vt 0.0796 0.6044
vt 0.0000 1.2065
vt 0.0133 1.2065
vt 0.0267 1.2065
vt 0.0400 1.2065
vt 0.0000 1.8097
vt 0.0133 1.8097
vt 0.0267 1.8097
vt 0.0400 1.8097
vt 0.0000 0.0000
vt 0.0133 0.0000
vt 0.0267 0.0000
vt 0.0400 0.0000
vt 0.0000 0.1391
vt 0.0133 0.1391
vt 0.0267 0.1391
vt 0.0400 0.1391
vt 0.0000 0.2784
vt 0.0133 0.2784
vt 0.0267 0.2784
vt 0.0400 0.2784
vt 0.0000 0.4180
vt 0.0133 0.4180
vt 0.0267 0.4180
vt 0.0400 0.4180
vt 0.0000 0.0000
vt 0.0199 0.0000
vt 0.0398 0.0000
vt 0.0596 0.0000
vt 0.0000 0.3678
vt 0.0133 0.3678
vt 0.0267 0.3678
vt 0.0400 0.3678
vt 0.0000 0.7358
vt 0.0133 0.7358
vt 0.0267 0.7358
vt 0.0400 0.7358
vt 0.0000 1.1032
vt 0.0133 1.1032
vt 0.0267 1.1032
vt 0.0400 1.1032
vt 0.0000 2.4914
vt 0.0384 2.4914
vt 0.0768 2.4914
vt 0.1153 2.4914
vt 0.0000 3.1994
vt 0.0256 3.1994
vt 0.0512 3.1994
vt 0.0769 3.1994
vt 0.0000 3.9110
vt 0.0133 3.9110
vt 0.0267 3.9110
vt 0.0400 3.9110
vt 0.0000 4.6212
vt 0.0133 4.6212
vt 0.0267 4.6212
vt 0.0400 4.6212
vt 0.0000 6.3704
vt 0.0235 6.3704
vt 0.0470 6.3704
vt 0.0705 6.3704
vt 0.0000 6.8061
vt 0.0157 6.8061
vt 0.0313 6.8061
vt 0.0470 6.8061
vt 0.0000 7.2394
vt 0.0133 7.2394
vt 0.0267 7.2394
vt 0.0400 7.2394
vt 0.0000 7.6736
vt 0.0133 7.6736
vt 0.0267 7.6736
vt 0.0400 7.6736
vt 0.0000 8.4712
vt 0.0133 8.4712
vt 0.0267 8.4712
vt 0.0400 8.4712
vt 0.0000 8.6902
vt 0.0133 8.6902
vt 0.0267 8.6902
vt 0.0400 8.6902
vt 0.0000 8.9102
vt 0.0133 8.9102
vt 0.0267 8.9102
vt 0.0400 8.9102
vt 0.0000 9.1300
vt 0.0133 9.1300
vt 0.0267 9.1300
vt 0.0400 9.1300
vt 0.0000 0.0000
vt 0.0210 0.0000
vt 0.0421 0.0000
vt 0.0631 0.0000
vt 0.0000 0.2318
vt 0.0140 0.2318
vt 0.0281 0.2318
vt 0.0421 0.2318
vt 0.0000 0.4653
vt 0.0133 0.4653
vt 0.0267 0.4653
vt 0.0400 0.4653
vt 0.0000 0.6984
vt 0.0133 0.6984
vt 0.0267 0.6984
vt 0.0400 0.6984
vt 0.0000 0.0000
vt 0.0608 0.0000
vt 0.1215 0.0000
vt 0.1823 0.0000
vt 0.0000 0.6696
vt 0.0405 0.6696
vt 0.0810 0.6696
vt 0.1215 0.6696
vt 0.0000 1.3435
vt 0.0203 1.3435
vt 0.0405 1.3435
vt 0.0608 1.3435
vt 0.0000 2.0169
vt 0.0133 2.0169
vt 0.0267 2.0169
vt 0.0400 2.0169
vt 0.0000 3.7693
vt 0.0137 3.7693
vt 0.0274 3.7693
vt 0.0411 3.7693
vt 0.0000 3.9206
vt 0.0133 3.9206
vt 0.0267 3.9206
vt 0.0400 3.9206
vt 0.0000 4.0724
vt 0.0133 4.0724
vt 0.0267 4.0724
vt 0.0400 4.0724
vt 0.0000 4.2244
vt 0.0133 4.2244
vt 0.0267 4.2244
vt 0.0400 4.2244
vt 0.0000 4.5771
vt 0.0133 4.5771
vt 0.0267 4.5771
vt 0.0400 4.5771
vt 0.0000 4.6896
vt 0.0133 4.6896
vt 0.0267 4.6896
vt 0.0400 4.6896
vt 0.0000 4.8017
vt 0.0133 4.8017
vt 0.0267 4.8017
vt 0.0400 4.8017
vt 0.0000 4.9135
vt 0.0133 4.9135
vt 0.0267 4.9135
vt 0.0400 4.9135
vt 0.0000 0.0000
vt 0.0279 0.0000
vt 0.0558 0.0000
vt 0.0837 0.0000
vt 0.0000 0.3101
vt 0.0186 0.3101
vt 0.0372 0.3101
vt 0.0558 0.3101
vt 0.0000 0.6204
vt 0.0133 0.6204
vt 0.0267 0.6204
vt 0.0400 0.6204
vt 0.0000 0.9294
vt 0.0133 0.9294
vt 0.0267 0.9294
vt 0.0400 0.9294
vt 0.0000 0.0000
vt 0.0133 0.0000
vt 0.0267 0.0000
vt 0.0400 0.0000
vt 0.0000 0.5000
vt 0.0133 0.5000
vt 0.0267 0.5000
vt 0.0400 0.5000
vt 0.0000 0.9991
vt 0.0133 0.9991
vt 0.0267 0.9991
vt 0.0400 0.9991
vt 0.0000 1.4983
vt 0.0133 1.4983
vt 0.0267 1.4983
vt 0.0400 1.4983
vt 0.0000 2.0633
vt 0.0133 2.0633
vt 0.0267 2.0633
vt 0.0400 2.0633
vt 0.0000 2.5276
vt 0.0133 2.5276
vt 0.0267 2.5276
vt 0.0400 2.5276
vt 0.0000 2.9919
vt 0.0133 2.9919
vt 0.0267 2.9919
vt 0.0400 2.9919
vt 0.0000 3.4560
vt 0.0133 3.4560
vt 0.0267 3.4560
vt 0.0400 3.4560
vt 0.0000 4.1438
vt 0.0133 4.1438
vt 0.0267 4.1438
vt 0.0400 4.1438
vt 0.0000 4.4894
vt 0.0133 4.4894
vt 0.0267 4.4894
vt 0.0400 4.4894
vt 0.0000 4.8347
vt 0.0133 4.8347
vt 0.0267 4.8347
vt 0.0400 4.8347
vt 0.0000 5.1797
vt 0.0133 5.1797
vt 0.0267 5.1797
vt 0.0400 5.1797
vt 0.0000 6.0192
vt 0.0133 6.0192
vt 0.0267 6.0192
vt 0.0400 6.0192
vt 0.0000 6.1213
vt 0.0133 6.1213
vt 0.0267 6.1213
vt 0.0400 6.1213
vt 0.0000 6.2234
vt 0.0133 6.2234
vt 0.0267 6.2234
vt 0.0400 6.2234
vt 0.0000 6.3255
vt 0.0133 6.3255
vt 0.0267 6.3255
vt 0.0400 6.3255
vt 0.0000 0.0000
vt 0.0133 0.0000
vt 0.0267 0.0000
vt 0.0400 0.0000
vt 0.0000 0.5321
vt 0.0133 0.5321
vt 0.0267 0.5321
vt 0.0400 0.5321
vt 0.0000 1.0630
vt 0.0133 1.0630
vt 0.0267 1.0630
vt 0.0400 1.0630
vt 0.0000 1.5944
vt 0.0133 1.5944
vt 0.0267 1.5944
vt 0.0400 1.5944
vt 0.0000 0.0000
vt 0.0133 0.0000
vt 0.0267 0.0000
vt 0.0400 0.0000
vt 0.0000 0.1019
vt 0.0133 0.1019
vt 0.0267 0.1019
vt 0.0400 0.1019
vt 0.0000 0.2040
vt 0.0133 0.2040
vt 0.0267 0.2040
vt 0.0400 0.2040
vt 0.0000 0.3059
vt 0.0133 0.3059
vt 0.0267 0.3059
vt 0.0400 0.3059
vt 0.0000 0.0000
vt 0.0140 0.0000
vt 0.0280 0.0000
vt 0.0420 0.0000
vt 0.0000 0.2617
vt 0.0133 0.2617
vt 0.0267 0.2617
vt 0.0400 0.2617
vt 0.0000 0.5236
vt 0.0133 0.5236
vt 0.0267 0.5236
vt 0.0400 0.5236
vt 0.0000 0.7853
vt 0.0133 0.7853
vt 0.0267 0.7853
vt 0.0400 0.7853
vt 0.0000 1.3685
vt 0.0133 1.3685
vt 0.0267 1.3685
vt 0.0400 1.3685
vt 0.0000 1.3885
vt 0.0133 1.3885
vt 0.0267 1.3885
vt 0.0400 1.3885
vt 0.0000 1.4085
vt 0.0133 1.4085
vt 0.0267 1.4085
vt 0.0400 1.4085
vt 0.0000 1.4285
vt 0.0133 1.4285
vt 0.0267 1.4285
vt 0.0400 1.4285
vt 0.0000 0.0000
vt 0.0371 0.0000
vt 0.0742 0.0000
vt 0.1113 0.0000
vt 0.0000 0.6963
vt 0.0247 0.6963
vt 0.0495 0.6963
vt 0.0742 0.6963
vt 0.0000 1.3905
vt 0.0133 1.3905
vt 0.0267 1.3905
vt 0.0400 1.3905
vt 0.0000 2.0845
vt 0.0133 2.0845
vt 0.0267 2.0845
vt 0.0400 2.0845
vt 0.0000 3.3021
vt 0.0196 3.3021
vt 0.0392 3.3021
vt 0.0588 3.3021
vt 0.0000 3.6673
vt 0.0133 3.6673
vt 0.0267 3.6673
vt 0.0400 3.6673
vt 0.0000 4.0341
vt 0.0133 4.0341
vt 0.0267 4.0341
vt 0.0400 4.0341
vt 0.0000 4.4008
vt 0.0133 4.4008
vt 0.0267 4.4008
vt 0.0400 4.4008
vt 0.0000 0.0000
vt 0.0133 0.0000
vt 0.0267 0.0000
vt 0.0400 0.0000
vt 0.0000 0.0200
vt 0.0133 0.0200
vt 0.0267 0.0200
vt 0.0400 0.0200
vt 0.0000 0.0400
vt 0.0133 0.0400
vt 0.0267 0.0400
vt 0.0400 0.0400
vt 0.0000 0.0600
vt 0.0133 0.0600
vt 0.0267 0.0600
vt 0.0400 0.0600
vt 0.0000 0.0000
vt 0.0175 0.0000
vt 0.0349 0.0000
vt 0.0524 0.0000
vt 0.0000 0.2193
vt 0.0133 0.2193
vt 0.0267 0.2193
vt 0.0400 0.2193
vt 0.0000 0.4382
vt 0.0133 0.4382
vt 0.0267 0.4382
vt 0.0400 0.4382
vt 0.0000 0.6566
vt 0.0133 0.6566
vt 0.0267 0.6566
vt 0.0400 0.6566
vt 0.0000 0.0000
vt 0.0454 0.0000
vt 0.0908 0.0000
vt 0.1361 0.0000
vt 0.0000 0.5668
vt 0.0303 0.5668
vt 0.0605 0.5668
vt 0.0908 0.5668
vt 0.0000 1.1337
vt 0.0151 1.1337
vt 0.0303 1.1337
vt 0.0454 1.1337
vt 0.0000 1.7011
vt 0.0133 1.7011
vt 0.0267 1.7011
vt 0.0400 1.7011
vt 0.0000 3.3685
vt 0.0133 3.3685
vt 0.0267 3.3685
vt 0.0400 3.3685
vt 0.0000 3.4775
vt 0.0133 3.4775
vt 0.0267 3.4775
vt 0.0400 3.4775
vt 0.0000 3.5864
vt 0.0133 3.5864
vt 0.0267 3.5864
vt 0.0400 3.5864
vt 0.0000 3.6951
vt 0.0133 3.6951
vt 0.0267 3.6951
vt 0.0400 3.6951
vt 0.0000 0.0000
vt 0.0269 0.0000
vt 0.0538 0.0000
vt 0.0807 0.0000
vt 0.0000 0.3376
vt 0.0179 0.3376
vt 0.0358 0.3376
vt 0.0538 0.3376
vt 0.0000 0.6749
vt 0.0133 0.6749
vt 0.0267 0.6749
vt 0.0400 0.6749
vt 0.0000 1.0111
vt 0.0133 1.0111
vt 0.0267 1.0111
vt 0.0400 1.0111
vt 0.0000 0.0000
vt 0.0407 0.0000
vt 0.0814 0.0000
vt 0.1222 0.0000
vt 0.0000 0.5375
vt 0.0271 0.5375
vt 0.0543 0.5375
vt 0.0814 0.5375
vt 0.0000 1.0730
vt 0.0136 1.0730
vt 0.0271 1.0730
vt 0.0407 1.0730
vt 0.0000 1.6079
vt 0.0133 1.6079
vt 0.0267 1.6079
vt 0.0400 1.6079
vt 0.0000 2.9729
vt 0.0466 2.9729
vt 0.0932 2.9729
vt 0.1398 2.9729
vt 0.0000 3.5826
vt 0.0311 3.5826
vt 0.0621 3.5826
vt 0.0932 3.5826
vt 0.0000 4.1939
vt 0.0155 4.1939
vt 0.0311 4.1939
vt 0.0466 4.1939
vt 0.0000 4.8059
vt 0.0133 4.8059
vt 0.0267 4.8059
vt 0.0400 4.8059
vt 0.0000 5.9289
vt 0.0390 5.9289
vt 0.0780 5.9289
vt 0.1170 5.9289
vt 0.0000 6.4402
vt 0.0260 6.4402
vt 0.0520 6.4402
vt 0.0780 6.4402
vt 0.0000 6.9514
vt 0.0133 6.9514
vt 0.0267 6.9514
vt 0.0400 6.9514
vt 0.0000 7.4637
vt 0.0133 7.4637
vt 0.0267 7.4637
vt 0.0400 7.4637
vt 0.0000 8.2073
vt 0.0310 8.2073
vt 0.0621 8.2073
vt 0.0931 8.2073
vt 0.0000 8.6172
vt 0.0207 8.6172
vt 0.0414 8.6172
vt 0.0621 8.6172
vt 0.0000 9.0256
vt 0.0133 9.0256
vt 0.0267 9.0256
vt 0.0400 9.0256
vt 0.0000 9.4331
vt 0.0133 9.4331
vt 0.0267 9.4331
vt 0.0400 9.4331
vt 0.0000 10.3076
vt 0.0298 10.3076
vt 0.0596 10.3076
vt 0.0895 10.3076
vt 0.0000 10.7004
vt 0.0199 10.7004
vt 0.0398 10.7004
vt 0.0596 10.7004
vt 0.0000 11.0910
vt 0.0133 11.0910
vt 0.0267 11.0910
vt 0.0400 11.0910
vt 0.0000 11.4828
vt 0.0133 11.4828
vt 0.0267 11.4828
vt 0.0400 11.4828
vt 0.0000 0.0000
vt 0.0135 0.0000
vt 0.0270 0.0000
vt 0.0406 0.0000
vt 0.0000 0.2411
vt 0.0133 0.2411
vt 0.0267 0.2411
vt 0.0400 0.2411
vt 0.0000 0.4830
vt 0.0133 0.4830
vt 0.0267 0.4830
vt 0.0400 0.4830
vt 0.0000 0.7247
vt 0.0133 0.7247
vt 0.0267 0.7247
vt 0.0400 0.7247
vt 0.0000 1.4816
vt 0.0264 1.4816
vt 0.0528 1.4816
vt 0.0792 1.4816
vt 0.0000 1.9549
vt 0.0176 1.9549
vt 0.0352 1.9549
vt 0.0528 1.9549
vt 0.0000 2.4265
vt 0.0133 2.4265
vt 0.0267 2.4265
vt 0.0400 2.4265
vt 0.0000 2.8981
vt 0.0133 2.8981
vt 0.0267 2.8981
vt 0.0400 2.8981
vt 0.0000 4.1032
vt 0.0133 4.1032
vt 0.0267 4.1032
vt 0.0400 4.1032
vt 0.0000 4.3401
vt 0.0133 4.3401
vt 0.0267 4.3401
vt 0.0400 4.3401
vt 0.0000 4.5771
vt 0.0133 4.5771
vt 0.0267 4.5771
vt 0.0400 4.5771
vt 0.0000 4.8145
vt 0.0133 4.8145
vt 0.0267 4.8145
vt 0.0400 4.8145
vt 0.0000 5.2689
vt 0.0133 5.2689
vt 0.0267 5.2689
vt 0.0400 5.2689
vt 0.0000 5.3213
vt 0.0133 5.3213
vt 0.0267 5.3213
vt 0.0400 5.3213
vt 0.0000 5.3738
vt 0.0133 5.3738
vt 0.0267 5.3738
vt 0.0400 5.3738
vt 0.0000 5.4263
vt 0.0133 5.4263
vt 0.0267 5.4263
vt 0.0400 5.4263
vt 0.0000 0.0000
vt 0.0201 0.0000
vt 0.0402 0.0000
vt 0.0602 0.0000
vt 0.0000 0.3584
vt 0.0134 0.3584
vt 0.0268 0.3584
vt 0.0402 0.3584
vt 0.0000 0.7172
vt 0.0133 0.7172
vt 0.0267 0.7172
vt 0.0400 0.7172
vt 0.0000 1.0760
vt 0.0133 1.0760
vt 0.0267 1.0760
vt 0.0400 1.0760
vt 0.0000 0.0000
vt 0.0133 0.0000
vt 0.0267 0.0000
vt 0.0400 0.0000
vt 0.0000 0.6208
vt 0.0133 0.6208
vt 0.0267 0.6208
vt 0.0400 0.6208
vt 0.0000 1.2413
vt 0.0133 1.2413
vt 0.0267 1.2413
vt 0.0400 1.2413
vt 0.0000 1.8614
vt 0.0133 1.8614
vt 0.0267 1.8614
vt 0.0400 1.8614
vt 0.0000 3.0272
vt 0.0133 3.0272
vt 0.0267 3.0272
vt 0.0400 3.0272
vt 0.0000 3.2910
vt 0.0133 3.2910
vt 0.0267 3.2910
vt 0.0400 3.2910
vt 0.0000 3.5548
vt 0.0133 3.5548
vt 0.0267 3.5548
vt 0.0400 3.5548
vt 0.0000 3.8186
vt 0.0133 3.8186
vt 0.0267 3.8186
vt 0.0400 3.8186
vt 0.0000 4.3752
vt 0.0133 4.3752
vt 0.0267 4.3752
vt 0.0400 4.3752
vt 0.0000 4.8122
vt 0.0133 4.8122
vt 0.0267 4.8122
vt 0.0400 4.8122
vt 0.0000 5.2493
vt 0.0133 5.2493
vt 0.0267 5.2493
vt 0.0400 5.2493
vt 0.0000 5.6867
vt 0.0133 5.6867
vt 0.0267 5.6867
vt 0.0400 5.6867
vt 0.0000 6.2897
vt 0.0133 6.2897
vt 0.0267 6.2897
vt 0.0400 6.2897
vt 0.0000 6.8616
vt 0.0133 6.8616
vt 0.0267 6.8616
vt 0.0400 6.8616
vt 0.0000 7.4329
vt 0.0133 7.4329
vt 0.0267 7.4329
vt 0.0400 7.4329
vt 0.0000 8.0043
vt 0.0133 8.0043
vt 0.0267 8.0043
vt 0.0400 8.0043
vt 0.0000 8.7219
vt 0.0133 8.7219
vt 0.0267 8.7219
vt 0.0400 8.7219
vt 0.0000 9.2554
vt 0.0133 9.2554
vt 0.0267 9.2554
vt 0.0400 9.2554
vt 0.0000 9.7891
vt 0.0133 9.7891
vt 0.0267 9.7891
vt 0.0400 9.7891
vt 0.0000 10.3229
vt 0.0133 10.3229
vt 0.0267 10.3229
vt 0.0400 10.3229
vt 0.0000 0.0000
vt 0.0746 0.0000
vt 0.1492 0.0000
vt 0.2238 0.0000
vt 0.0000 0.6395
vt 0.0497 0.6395
vt 0.0994 0.6395
vt 0.1492 0.6395
vt 0.0000 1.2752
vt 0.0249 1.2752
vt 0.0497 1.2752
vt 0.0746 1.2752
vt 0.0000 1.9098
vt 0.0133 1.9098
vt 0.0267 1.9098
vt 0.0400 1.9098
vt 0.0000 3.7872
vt 0.0437 3.7872
vt 0.0873 3.7872
vt 0.1310 3.7872
vt 0.0000 4.1580
vt 0.0291 4.1580
vt 0.0582 4.1580
vt 0.0873 4.1580
vt 0.0000 4.5283
vt 0.0146 4.5283
vt 0.0291 4.5283
vt 0.0437 4.5283
vt 0.0000 4.8998
vt 0.0133 4.8998
vt 0.0267 4.8998
vt 0.0400 4.8998
vt 0.0000 6.0771
vt 0.0675 6.0771
vt 0.1351 6.0771
vt 0.2026 6.0771
vt 0.0000 6.6480
vt 0.0450 6.6480
vt 0.0901 6.6480
vt 0.1351 6.6480
vt 0.0000 7.2240
vt 0.0225 7.2240
vt 0.0450 7.2240
vt 0.0675 7.2240
vt 0.0000 7.7986
vt 0.0133 7.7986
vt 0.0267 7.7986
vt 0.0400 7.7986
vt 0.0000 9.8120
vt 0.0362 9.8120
vt 0.0724 9.8120
vt 0.1086 9.8120
vt 0.0000 10.1193
vt 0.0241 10.1193
vt 0.0482 10.1193
vt 0.0724 10.1193
vt 0.0000 10.4281
vt 0.0133 10.4281
vt 0.0267 10.4281
vt 0.0400 10.4281
vt 0.0000 10.7361
vt 0.0133 10.7361
vt 0.0267 10.7361
vt 0.0400 10.7361
vt 0.0000 11.5657
vt 0.0194 11.5657
vt 0.0389 11.5657
vt 0.0583 11.5657
vt 0.0000 11.7299
vt 0.0133 11.7299
vt 0.0267 11.7299
vt 0.0400 11.7299
vt 0.0000 11.8961
vt 0.0133 11.8961
vt 0.0267 11.8961
vt 0.0400 11.8961
vt 0.0000 12.0616
vt 0.0133 12.0616
vt 0.0267 12.0616
vt 0.0400 12.0616
vt 0.0000 0.0000
vt 0.0133 0.0000
vt 0.0267 0.0000
vt 0.0400 0.0000
vt 0.0000 0.1189
vt 0.0133 0.1189
vt 0.0267 0.1189
vt 0.0400 0.1189
vt 0.0000 0.2376
vt 0.0133 0.2376
vt 0.0267 0.2376
vt 0.0400 0.2376
vt 0.0000 0.3561
vt 0.0133 0.3561
vt 0.0267 0.3561
vt 0.0400 0.3561
vt 0.0000 0.0000
vt 0.0224 0.0000
vt 0.0447 0.0000
vt 0.0671 0.0000
vt 0.0000 0.2991
vt 0.0149 0.2991
vt 0.0298 0.2991
vt 0.0447 0.2991
vt 0.0000 0.5964
vt 0.0133 0.5964
vt 0.0267 0.5964
vt 0.0400 0.5964
vt 0.0000 0.8943
vt 0.0133 0.8943
vt 0.0267 0.8943
vt 0.0400 0.8943
vt 0.0000 0.0000
vt 0.0497 0.0000
vt 0.0994 0.0000
vt 0.1491 0.0000
vt 0.0000 0.6664
vt 0.0331 0.6664
vt 0.0662 0.6664
vt 0.0994 0.6664
vt 0.0000 1.3274
vt 0.0166 1.3274
vt 0.0331 1.3274
vt 0.0497 1.3274
vt 0.0000 1.9899
vt 0.0133 1.9899
vt 0.0267 1.9899
vt 0.0400 1.9899
vt 0.0000 3.5759
vt 0.0495 3.5759
vt 0.0990 3.5759
vt 0.1485 3.5759
vt 0.0000 4.2340
vt 0.0330 4.2340
vt 0.0660 4.2340
vt 0.0990 4.2340
vt 0.0000 4.8927
vt 0.0165 4.8927
vt 0.0330 4.8927
vt 0.0495 4.8927
vt 0.0000 5.5529
vt 0.0133 5.5529
vt 0.0267 5.5529
vt 0.0400 5.5529
vt 0.0000 7.2072
vt 0.0466 7.2072
vt 0.0931 7.2072
vt 0.1397 7.2072
vt 0.0000 7.8259
vt 0.0310 7.8259
vt 0.0621 7.8259
vt 0.0931 7.8259
vt 0.0000 8.4451
vt 0.0155 8.4451
vt 0.0310 8.4451
vt 0.0466 8.4451
vt 0.0000 9.0659
vt 0.0133 9.0659
vt 0.0267 9.0659
vt 0.0400 9.0659
vt 0.0000 0.0000
vt 0.0573 0.0000
vt 0.1146 0.0000
vt 0.1720 0.0000
vt 0.0000 0.6389
vt 0.0382 0.6389
vt 0.0764 0.6389
vt 0.1146 0.6389
vt 0.0000 1.2746
vt 0.0191 1.2746
vt 0.0382 1.2746
vt 0.0573 1.2746
vt 0.0000 1.9116
vt 0.0133 1.9116
vt 0.0267 1.9116
vt 0.0400 1.9116
vt 0.0000 3.7144
vt 0.0251 3.7144
vt 0.0502 3.7144
vt 0.0752 3.7144
vt 0.0000 3.9913
vt 0.0167 3.9913
vt 0.0334 3.9913
vt 0.0502 3.9913
vt 0.0000 4.2705
vt 0.0133 4.2705
vt 0.0267 4.2705
vt 0.0400 4.2705
vt 0.0000 4.5492
vt 0.0133 4.5492
vt 0.0267 4.5492
vt 0.0400 4.5492
vt 0.0000 5.4601
vt 0.0147 5.4601
vt 0.0295 5.4601
vt 0.0442 5.4601
vt 0.0000 5.6228
vt 0.0133 5.6228
vt 0.0267 5.6228
vt 0.0400 5.6228
vt 0.0000 5.7870
vt 0.0133 5.7870
vt 0.0267 5.7870
vt 0.0400 5.7870
vt 0.0000 5.9508
vt 0.0133 5.9508
vt 0.0267 5.9508
vt 0.0400 5.9508
vt 0.0000 6.3169
vt 0.0223 6.3169
vt 0.0445 6.3169
vt 0.0668 6.3169
vt 0.0000 6.5660
vt 0.0148 6.5660
vt 0.0297 6.5660
vt 0.0445 6.5660
vt 0.0000 6.8130
vt 0.0133 6.8130
vt 0.0267 6.8130
vt 0.0400 6.8130
vt 0.0000 7.0603
vt 0.0133 7.0603
vt 0.0267 7.0603
vt 0.0400 7.0603
vt 0.0000 0.0000
vt 0.0620 0.0000
vt 0.1241 0.0000
vt 0.1861 0.0000
vt 0.0000 0.6883
vt 0.0414 0.6883
vt 0.0827 0.6883
vt 0.1241 0.6883
vt 0.0000 1.3750
vt 0.0207 1.3750
vt 0.0414 1.3750
vt 0.0620 1.3750
vt 0.0000 2.0644
vt 0.0133 2.0644
vt 0.0267 2.0644
vt 0.0400 2.0644
vt 0.0000 0.0000
vt 0.0173 0.0000
vt 0.0347 0.0000
vt 0.0520 0.0000
vt 0.0000 0.4337
vt 0.0133 0.4337
vt 0.0267 0.4337
vt 0.0400 0.4337
vt 0.0000 0.8666
vt 0.0133 0.8666
vt 0.0267 0.8666
vt 0.0400 0.8666
vt 0.0000 1.3000
vt 0.0133 1.3000
vt 0.0267 1.3000
vt 0.0400 1.3000
vt 0.0000 2.6248
vt 0.0240 2.6248
vt 0.0480 2.6248
vt 0.0720 2.6248
vt 0.0000 3.2249
vt 0.0160 3.2249
vt 0.0320 3.2249
vt 0.0480 3.2249
vt 0.0000 3.8250
vt 0.0133 3.8250
vt 0.0267 3.8250
vt 0.0400 3.8250
vt 0.0000 4.4252
vt 0.0133 4.4252
vt 0.0267 4.4252
vt 0.0400 4.4252
vt 0.0000 6.2595
vt 0.0133 6.2595
vt 0.0267 6.2595
vt 0.0400 6.2595
vt 0.0000 6.5266
vt 0.0133 6.5266
vt 0.0267 6.5266
vt 0.0400 6.5266
vt 0.0000 6.7934
vt 0.0133 6.7934
vt 0.0267 6.7934
vt 0.0400 6.7934
vt 0.0000 7.0603
vt 0.0133 7.0603
vt 0.0267 7.0603
vt 0.0400 7.0603
vt 0.0000 8.0571
vt 0.0185 8.0571
vt 0.0371 8.0571
vt 0.0556 8.0571
vt 0.0000 8.5215
vt 0.0133 8.5215
vt 0.0267 8.5215
vt 0.0400 8.5215
vt 0.0000 8.9850
vt 0.0133 8.9850
vt 0.0267 8.9850
vt 0.0400 8.9850
vt 0.0000 9.4487
vt 0.0133 9.4487
vt 0.0267 9.4487
vt 0.0400 9.4487
vt 0.0000 10.5657
vt 0.0133 10.5657
vt 0.0267 10.5657
vt 0.0400 10.5657
vt 0.0000 10.7415
vt 0.0133 10.7415
vt 0.0267 10.7415
vt 0.0400 10.7415
vt 0.0000 10.9176
vt 0.0133 10.9176
vt 0.0267 10.9176
vt 0.0400 10.9176
vt 0.0000 11.0941
vt 0.0133 11.0941
vt 0.0267 11.0941
vt 0.0400 11.0941
vt 0.0000 0.0000
vt 0.0416 0.0000
vt 0.0833 0.0000
vt 0.1249 0.0000
vt 0.0000 0.5519
vt 0.0277 0.5519
vt 0.0555 0.5519
vt 0.0832 0.5519
vt 0.0000 1.1046
vt 0.0139 1.1046
vt 0.0277 1.1046
vt 0.0416 1.1046
vt 0.0000 1.6569
vt 0.0133 1.6569
vt 0.0267 1.6569
vt 0.0400 1.6569
vt 0.0000 3.1964
vt 0.0165 3.1964
vt 0.0331 3.1964
vt 0.0496 3.1964
vt 0.0000 3.4164
vt 0.0133 3.4164
vt 0.0267 3.4164
vt 0.0400 3.4164
vt 0.0000 3.6354
vt 0.0133 3.6354
vt 0.0267 3.6354
vt 0.0400 3.6354
vt 0.0000 3.8548
vt 0.0133 3.8548
vt 0.0267 3.8548
vt 0.0400 3.8548
vt 0.0000 4.4287
vt 0.0133 4.4287
vt 0.0267 4.4287
vt 0.0400 4.4287
vt 0.0000 4.4709
vt 0.0133 4.4709
vt 0.0267 4.4709
vt 0.0400 4.4709
vt 0.0000 4.5129
vt 0.0133 4.5129
vt 0.0267 4.5129
vt 0.0400 4.5129
vt 0.0000 4.5550
vt 0.0133 4.5550
vt 0.0267 4.5550
vt 0.0400 4.5550
vt 0.0000 0.0000
vt 0.0547 0.0000
vt 0.1094 0.0000
vt 0.1641 0.0000
vt 0.0000 0.7239
vt 0.0365 0.7239
vt 0.0729 0.7239
vt 0.1094 0.7239
vt 0.0000 1.4488
vt 0.0182 1.4488
vt 0.0365 1.4488
vt 0.0547 1.4488
vt 0.0000 2.1747
vt 0.0133 2.1747
vt 0.0267 2.1747
vt 0.0400 2.1747
vt 0.0000 3.8032
vt 0.0146 3.8032
vt 0.0292 3.8032
vt 0.0438 3.8032
vt 0.0000 3.9963
vt 0.0133 3.9963
vt 0.0267 3.9963
vt 0.0400 3.9963
vt 0.0000 4.1896
vt 0.0133 4.1896
vt 0.0267 4.1896
vt 0.0400 4.1896
vt 0.0000 4.3833
vt 0.0133 4.3833
vt 0.0267 4.3833
vt 0.0400 4.3833
vt 0.0000 0.0000
vt 0.0660 0.0000
vt 0.1321 0.0000
vt 0.1981 0.0000
vt 0.0000 0.7217
vt 0.0440 0.7217
vt 0.0881 0.7217
vt 0.1321 0.7217
vt 0.0000 1.4481
vt 0.0220 1.4481
vt 0.0440 1.4481
vt 0.0660 1.4481
vt 0.0000 2.1735
vt 0.0133 2.1735
vt 0.0267 2.1735
vt 0.0400 2.1735
vt 0.0000 4.2317
vt 0.0344 4.2317
vt 0.0687 4.2317
vt 0.1031 4.2317
vt 0.0000 4.6069
vt 0.0229 4.6069
vt 0.0458 4.6069
vt 0.0687 4.6069
vt 0.0000 4.9847
vt 0.0133 4.9847
vt 0.0267 4.9847
vt 0.0400 4.9847
vt 0.0000 5.3620
vt 0.0133 5.3620
vt 0.0267 5.3620
vt 0.0400 5.3620
vt 0.0000 6.4990
vt 0.0295 6.4990
vt 0.0590 6.4990
vt 0.0885 6.4990
vt 0.0000 6.8227
vt 0.0197 6.8227
vt 0.0393 6.8227
vt 0.0590 6.8227
vt 0.0000 7.1463
vt 0.0133 7.1463
vt 0.0267 7.1463
vt 0.0400 7.1463
vt 0.0000 7.4703
vt 0.0133 7.4703
vt 0.0267 7.4703
vt 0.0400 7.4703
vt 0.0000 0.0000
vt 0.0667 0.0000
vt 0.1334 0.0000
vt 0.2001 0.0000
vt 0.0000 0.7326
vt 0.0445 0.7326
vt 0.0889 0.7326
vt 0.1334 0.7326
vt 0.0000 1.4643
vt 0.0222 1.4643
vt 0.0445 1.4643
vt 0.0667 1.4643
vt 0.0000 2.1966
vt 0.0133 2.1966
vt 0.0267 2.1966
vt 0.0400 2.1966
vt 0.0000 4.4664
vt 0.0355 4.4664
vt 0.0711 4.4664
vt 0.1066 4.4664
vt 0.0000 4.8568
vt 0.0237 4.8568
vt 0.0474 4.8568
vt 0.0711 4.8568
vt 0.0000 5.2458
vt 0.0133 5.2458
vt 0.0267 5.2458
vt 0.0400 5.2458
vt 0.0000 5.6361
vt 0.0133 5.6361
vt 0.0267 5.6361
vt 0.0400 5.6361
vt 0.0000 0.0000
vt 0.0337 0.0000
vt 0.0675 0.0000
vt 0.1012 0.0000
vt 0.0000 0.3681
vt 0.0225 0.3681
vt 0.0450 0.3681
vt 0.0675 0.3681
vt 0.0000 0.7362
vt 0.0133 0.7362
vt 0.0267 0.7362
vt 0.0400 0.7362
vt 0.0000 1.1053
vt 0.0133 1.1053
vt 0.0267 1.1053
vt 0.0400 1.1053
vt 0.0000 2.4730
vt 0.0536 2.4730
vt 0.1072 2.4730
vt 0.1608 2.4730
vt 0.0000 3.0620
vt 0.0357 3.0620
vt 0.0715 3.0620
vt 0.1072 3.0620
vt 0.0000 3.6470
vt 0.0179 3.6470
vt 0.0357 3.6470
vt 0.0536 3.6470
vt 0.0000 4.2333
vt 0.0133 4.2333
vt 0.0267 4.2333
vt 0.0400 4.2333
vt 0.0000 5.9225
vt 0.0556 5.9225
vt 0.1111 5.9225
vt 0.1667 5.9225
vt 0.0000 6.5314
vt 0.0370 6.5314
vt 0.0741 6.5314
vt 0.1111 6.5314
vt 0.0000 7.1392
vt 0.0185 7.1392
vt 0.0370 7.1392
vt 0.0556 7.1392
vt 0.0000 7.7470
vt 0.0133 7.7470
vt 0.0267 7.7470
vt 0.0400 7.7470
vt 0.0000 10.0092
vt 0.0133 10.0092
vt 0.0267 10.0092
vt 0.0400 10.0092
vt 0.0000 10.0292
vt 0.0133 10.0292
vt 0.0267 10.0292
vt 0.0400 10.0292
vt 0.0000 10.0492
vt 0.0133 10.0492
vt 0.0267 10.0492
vt 0.0400 10.0492
vt 0.0000 10.0692
vt 0.0133 10.0692
vt 0.0267 10.0692
vt 0.0400 10.0692
vt 0.0000 0.0000
vt 0.0434 0.0000
vt 0.0868 0.0000
vt 0.1301 0.0000
vt 0.0000 0.4765
vt 0.0289 0.4765
vt 0.0578 0.4765
vt 0.0868 0.4765
vt 0.0000 0.9518
vt 0.0145 0.9518
vt 0.0289 0.9518
vt 0.0434 0.9518
vt 0.0000 1.4264
vt 0.0133 1.4264
vt 0.0267 1.4264
vt 0.0400 1.4264
vt 0.0000 0.0000
vt 0.0209 0.0000
vt 0.0418 0.0000
vt 0.0627 0.0000
vt 0.0000 0.2007
vt 0.0139 0.2007
vt 0.0279 0.2007
vt 0.0418 0.2007
vt 0.0000 0.4022
vt 0.0133 0.4022
vt 0.0267 0.4022
vt 0.0400 0.4022
vt 0.0000 0.6043
vt 0.0133 0.6043
vt 0.0267 0.6043
vt 0.0400 0.6043
vt 0.0000 0.9987
vt 0.0178 0.9987
vt 0.0355 0.9987
vt 0.0533 0.9987
vt 0.0000 1.1696
vt 0.0133 1.1696
vt 0.0267 1.1696
vt 0.0400 1.1696
vt 0.0000 1.3406
vt 0.0133 1.3406
vt 0.0267 1.3406
vt 0.0400 1.3406
vt 0.0000 1.5122
vt 0.0133 1.5122
vt 0.0267 1.5122
vt 0.0400 1.5122
vt 0.0000 0.0000
vt 0.0737 0.0000
vt 0.1475 0.0000
vt 0.2212 0.0000
vt 0.0000 0.7179
vt 0.0492 0.7179
vt 0.0983 0.7179
vt 0.1475 0.7179
vt 0.0000 1.4316
vt 0.0246 1.4316
vt 0.0492 1.4316
vt 0.0737 1.4316
vt 0.0000 2.1443
vt 0.0133 2.1443
vt 0.0267 2.1443
vt 0.0400 2.1443
vt 0.0000 4.0607
vt 0.0276 4.0607
vt 0.0553 4.0607
vt 0.0829 4.0607
vt 0.0000 4.3296
vt 0.0184 4.3296
vt 0.0368 4.3296
vt 0.0553 4.3296
vt 0.0000 4.5972
vt 0.0133 4.5972
vt 0.0267 4.5972
vt 0.0400 4.5972
vt 0.0000 4.8643
vt 0.0133 4.8643
vt 0.0267 4.8643
vt 0.0400 4.8643
vt 0.0000 0.0000
vt 0.0565 0.0000
vt 0.1130 0.0000
vt 0.1695 0.0000
vt 0.0000 0.5459
vt 0.0377 0.5459
vt 0.0753 0.5459
vt 0.1130 0.5459
vt 0.0000 1.0927
vt 0.0188 1.0927
vt 0.0377 1.0927
vt 0.0565 1.0927
vt 0.0000 1.6388
vt 0.0133 1.6388
vt 0.0267 1.6388
vt 0.0400 1.6388
vt 0.0000 0.0000
vt 0.0463 0.0000
vt 0.0927 0.0000
vt 0.1390 0.0000
vt 0.0000 0.6235
vt 0.0309 0.6235
vt 0.0618 0.6235
vt 0.0927 0.6235
vt 0.0000 1.2439
vt 0.0155 1.2439
vt 0.0309 1.2439
vt 0.0464 1.2439
vt 0.0000 1.8658
vt 0.0133 1.8658
vt 0.0267 1.8658
vt 0.0400 1.8658
vt 0.0000 3.9879
vt 0.0133 3.9879
vt 0.0267 3.9879
vt 0.0400 3.9879
vt 0.0000 4.1279
vt 0.0133 4.1279
vt 0.0267 4.1279
vt 0.0400 4.1279
vt 0.0000 4.2682
vt 0.0133 4.2682
vt 0.0267 4.2682
vt 0.0400 4.2682
vt 0.0000 4.4083
vt 0.0133 4.4083
vt 0.0267 4.4083
vt 0.0400 4.4083
vt 0.0000 0.0000
vt 0.0470 0.0000
vt 0.0939 0.0000
vt 0.1409 0.0000
vt 0.0000 0.6269
vt 0.0313 0.6269
vt 0.0626 0.6269
vt 0.0939 0.6269
vt 0.0000 1.2567
vt 0.0157 1.2567
vt 0.0313 1.2567
vt 0.0470 1.2567
vt 0.0000 1.8867
vt 0.0133 1.8867
vt 0.0267 1.8867
vt 0.0400 1.8867
vt 0.0000 3.3278
vt 0.0286 3.3278
vt 0.0571 3.3278
vt 0.0857 3.3278
vt 0.0000 3.7089
vt 0.0190 3.7089
vt 0.0381 3.7089
vt 0.0571 3.7089
vt 0.0000 4.0934
vt 0.0133 4.0934
vt 0.0267 4.0934
vt 0.0400 4.0934
vt 0.0000 4.4768
vt 0.0133 4.4768
vt 0.0267 4.4768
vt 0.0400 4.4768
vt 0.0000 5.3447
vt 0.0468 5.3447
vt 0.0937 5.3447
vt 0.1405 5.3447
vt 0.0000 5.9763
vt 0.0312 5.9763
vt 0.0624 5.9763
vt 0.0937 5.9763
vt 0.0000 6.6045
vt 0.0156 6.6045
vt 0.0312 6.6045
vt 0.0468 6.6045
vt 0.0000 7.2328
vt 0.0133 7.2328
vt 0.0267 7.2328
vt 0.0400 7.2328
vt 0.0000 0.0000
vt 0.0133 0.0000
vt 0.0267 0.0000
vt 0.0400 0.0000
vt 0.0000 0.2035
vt 0.0133 0.2035
vt 0.0267 0.2035
vt 0.0400 0.2035
vt 0.0000 0.4065
vt 0.0133 0.4065
vt 0.0267 0.4065
vt 0.0400 0.4065
vt 0.0000 0.6096
vt 0.0133 0.6096
vt 0.0267 0.6096
vt 0.0400 0.6096
vt 0.0000 1.1956
vt 0.0136 1.1956
vt 0.0273 1.1956
vt 0.0409 1.1956
vt 0.0000 1.4127
vt 0.0133 1.4127
vt 0.0267 1.4127
vt 0.0400 1.4127
vt 0.0000 1.6299
vt 0.0133 1.6299
vt 0.0267 1.6299
vt 0.0400 1.6299
vt 0.0000 1.8469
vt 0.0133 1.8469
vt 0.0267 1.8469
vt 0.0400 1.8469
vt 0.0000 2.5301
vt 0.0270 2.5301
vt 0.0540 2.5301
vt 0.0810 2.5301
vt 0.0000 2.9599
vt 0.0180 2.9599
vt 0.0360 2.9599
vt 0.0540 2.9599
vt 0.0000 3.3894
vt 0.0133 3.3894
vt 0.0267 3.3894
vt 0.0400 3.3894
vt 0.0000 3.8190
vt 0.0133 3.8190
vt 0.0267 3.8190
vt 0.0400 3.8190
vt 0.0000 5.0579
vt 0.0343 5.0579
vt 0.0685 5.0579
vt 0.1028 5.0579
vt 0.0000 5.6047
vt 0.0228 5.6047
vt 0.0457 5.6047
vt 0.0685 5.6047
vt 0.0000 6.1510
vt 0.0133 6.1510
vt 0.0267 6.1510
vt 0.0400 6.1510
vt 0.0000 6.6960
vt 0.0133 6.6960
vt 0.0267 6.6960
vt 0.0400 6.6960
vt 0.0000 7.8949
vt 0.0392 7.8949
vt 0.0785 7.8949
vt 0.1177 7.8949
vt 0.0000 8.5223
vt 0.0262 8.5223
vt 0.0523 8.5223
vt 0.0785 8.5223
vt 0.0000 9.1472
vt 0.0133 9.1472
vt 0.0267 9.1472
vt 0.0400 9.1472
vt 0.0000 9.7714
vt 0.0133 9.7714
vt 0.0267 9.7714
vt 0.0400 9.7714
vt 0.0000 0.0000
vt 0.0133 0.0000
vt 0.0267 0.0000
vt 0.0400 0.0000
vt 0.0000 0.0655
vt 0.0133 0.0655
vt 0.0267 0.0655
vt 0.0400 0.0655
vt 0.0000 0.1313
vt 0.0133 0.1313
vt 0.0267 0.1313
vt 0.0400 0.1313
vt 0.0000 0.1970
vt 0.0133 0.1970
vt 0.0267 0.1970
vt 0.0400 0.1970
vt 0.0000 0.0000
vt 0.0472 0.0000
vt 0.0945 0.0000
vt 0.1417 0.0000
vt 0.0000 0.4037
vt 0.0315 0.4037
vt 0.0630 0.4037
vt 0.0945 0.4037
vt 0.0000 0.8051
vt 0.0157 0.8051
vt 0.0315 0.8051
vt 0.0472 0.8051
vt 0.0000 1.2079
vt 0.0133 1.2079
vt 0.0267 1.2079
vt 0.0400 1.2079
vt 0.0000 0.0000
vt 0.0164 0.0000
vt 0.0328 0.0000
vt 0.0492 0.0000
vt 0.0000 0.1391
vt 0.0133 0.1391
vt 0.0267 0.1391
vt 0.0400 0.1391
vt 0.0000 0.2789
vt 0.0133 0.2789
vt 0.0267 0.2789
vt 0.0400 0.2789
vt 0.0000 0.4187
vt 0.0133 0.4187
vt 0.0267 0.4187
vt 0.0400 0.4187
vt 0.0000 0.0000
vt 0.0837 0.0000
vt 0.1674 0.0000
vt 0.2511 0.0000
vt 0.0000 0.7172
vt 0.0558 0.7172
vt 0.1116 0.7172
vt 0.1674 0.7172
vt 0.0000 1.4331
vt 0.0279 1.4331
vt 0.0558 1.4331
vt 0.0837 1.4331
vt 0.0000 2.1471
vt 0.0133 2.1471
vt 0.0267 2.1471
vt 0.0400 2.1471
vt 0.0000 4.4379
vt 0.0358 4.4379
vt 0.0717 4.4379
vt 0.1075 4.4379
vt 0.0000 4.7416
vt 0.0239 4.7416
vt 0.0478 4.7416
vt 0.0717 4.7416
vt 0.0000 5.0485
vt 0.0133 5.0485
vt 0.0267 5.0485
vt 0.0400 5.0485
vt 0.0000 5.3542
vt 0.0133 5.3542
vt 0.0267 5.3542
vt 0.0400 5.3542
vt 0.0000 0.0000
vt 0.0430 0.0000
vt 0.0859 0.0000
vt 0.1289 0.0000
vt 0.0000 0.6674
vt 0.0286 0.6674
vt 0.0573 0.6674
vt 0.0859 0.6674
vt 0.0000 1.3348
vt 0.0143 1.3348
vt 0.0286 1.3348
vt 0.0430 1.3348
vt 0.0000 2.0012
vt 0.0133 2.0012
vt 0.0267 2.0012
vt 0.0400 2.0012
vt 0.0000 3.6386
vt 0.0318 3.6386
vt 0.0636 3.6386
vt 0.0954 3.6386
vt 0.0000 4.1296
vt 0.0212 4.1296
vt 0.0424 4.1296
vt 0.0636 4.1296
vt 0.0000 4.6221
vt 0.0133 4.6221
vt 0.0267 4.6221
vt 0.0400 4.6221
vt 0.0000 5.1155
vt 0.0133 5.1155
vt 0.0267 5.1155
vt 0.0400 5.1155
vt 0.0000 6.0871
vt 0.0222 6.0871
vt 0.0444 6.0871
vt 0.0666 6.0871
vt 0.0000 6.4305
vt 0.0148 6.4305
vt 0.0296 6.4305
vt 0.0444 6.4305
vt 0.0000 6.7755
vt 0.0133 6.7755
vt 0.0267 6.7755
vt 0.0400 6.7755
vt 0.0000 7.1199
vt 0.0133 7.1199
vt 0.0267 7.1199
vt 0.0400 7.1199
vt 0.0000 8.3353
vt 0.0133 8.3353
vt 0.0267 8.3353
vt 0.0400 8.3353
vt 0.0000 8.4732
vt 0.0133 8.4732
vt 0.0267 8.4732
vt 0.0400 8.4732
vt 0.0000 8.6107
vt 0.0133 8.6107
vt 0.0267 8.6107
vt 0.0400 8.6107
vt 0.0000 8.7482
vt 0.0133 8.7482
vt 0.0267 8.7482
vt 0.0400 8.7482
vt 0.0000 0.0000
vt 0.0220 0.0000
vt 0.0440 0.0000
vt 0.0661 0.0000
vt 0.0000 0.3425
vt 0.0147 0.3425
vt 0.0294 0.3425
vt 0.0440 0.3425
vt 0.0000 0.6849
vt 0.0133 0.6849
vt 0.0267 0.6849
vt 0.0400 0.6849
vt 0.0000 1.0265
vt 0.0133 1.0265
vt 0.0267 1.0265
vt 0.0400 1.0265
vt 0.0000 0.0000
vt 0.0290 0.0000
vt 0.0580 0.0000
vt 0.0871 0.0000
vt 0.0000 0.6393
vt 0.0193 0.6393
vt 0.0387 0.6393
vt 0.0580 0.6393
vt 0.0000 1.2808
vt 0.0133 1.2808
vt 0.0267 1.2808
vt 0.0400 1.2808
vt 0.0000 1.9218
vt 0.0133 1.9218
vt 0.0267 1.9218
vt 0.0400 1.9218
vt 0.0000 3.1617
vt 0.0133 3.1617
vt 0.0267 3.1617
vt 0.0400 3.1617
vt 0.0000 3.3824
vt 0.0133 3.3824
vt 0.0267 3.3824
vt 0.0400 3.3824
vt 0.0000 3.6033
vt 0.0133 3.6033
vt 0.0267 3.6033
vt 0.0400 3.6033
vt 0.0000 3.8239
vt 0.0133 3.8239
vt 0.0267 3.8239
vt 0.0400 3.8239
vt 0.0000 3.9466
vt 0.0170 3.9466
vt 0.0339 3.9466
vt 0.0509 3.9466
vt 0.0000 4.3213
vt 0.0133 4.3213
vt 0.0267 4.3213
vt 0.0400 4.3213
vt 0.0000 4.6962
vt 0.0133 4.6962
vt 0.0267 4.6962
vt 0.0400 4.6962
vt 0.0000 5.0710
vt 0.0133 5.0710
vt 0.0267 5.0710
vt 0.0400 5.0710
vt 0.0000 6.0168
vt 0.0206 6.0168
vt 0.0411 6.0168
vt 0.0617 6.0168
vt 0.0000 6.4717
vt 0.0137 6.4717
vt 0.0274 6.4717
vt 0.0411 6.4717
vt 0.0000 6.9266
vt 0.0133 6.9266
vt 0.0267 6.9266
vt 0.0400 6.9266
vt 0.0000 7.3809
vt 0.0133 7.3809
vt 0.0267 7.3809
vt 0.0400 7.3809
vt 0.0000 8.5664
vt 0.0219 8.5664
vt 0.0437 8.5664
vt 0.0656 8.5664
vt 0.0000 9.0484
vt 0.0146 9.0484
vt 0.0291 9.0484
vt 0.0437 9.0484
vt 0.0000 9.5311
vt 0.0133 9.5311
vt 0.0267 9.5311
vt 0.0400 9.5311
vt 0.0000 10.0136
vt 0.0133 10.0136
vt 0.0267 10.0136
vt 0.0400 10.0136
vt 0.0000 0.0000
vt 0.0476 0.0000
vt 0.0952 0.0000
vt 0.1428 0.0000
vt 0.0000 0.4392
vt 0.0317 0.4392
vt 0.0635 0.4392
vt 0.0952 0.4392
vt 0.0000 0.8778
vt 0.0159 0.8778
vt 0.0317 0.8778
vt 0.0476 0.8778
vt 0.0000 1.3153
vt 0.0133 1.3153
vt 0.0267 1.3153
vt 0.0400 1.3153
vt 0.0000 2.4864
vt 0.0489 2.4864
vt 0.0978 2.4864
vt 0.1468 2.4864
vt 0.0000 2.9373
vt 0.0326 2.9373
vt 0.0652 2.9373
vt 0.0978 2.9373
vt 0.0000 3.3870
vt 0.0163 3.3870
vt 0.0326 3.3870
vt 0.0489 3.3870
vt 0.0000 3.8364
vt 0.0133 3.8364
vt 0.0267 3.8364
vt 0.0400 3.8364
vt 0.0000 0.0000
vt 0.0133 0.0000
vt 0.0267 0.0000
vt 0.0400 0.0000
vt 0.0000 0.1023
vt 0.0133 0.1023
vt 0.0267 0.1023
vt 0.0400 0.1023
vt 0.0000 0.2056
vt 0.0133 0.2056
vt 0.0267 0.2056
vt 0.0400 0.2056
vt 0.0000 0.3088
vt 0.0133 0.3088
vt 0.0267 0.3088
vt 0.0400 0.3088
vt 0.0000 0.0000
vt 0.0417 0.0000
vt 0.0833 0.0000
vt 0.1250 0.0000
vt 0.0000 0.3805
vt 0.0278 0.3805
vt 0.0556 0.3805
vt 0.0833 0.3805
vt 0.0000 0.7637
vt 0.0139 0.7637
vt 0.0278 0.7637
vt 0.0417 0.7637
vt 0.0000 1.1466
vt 0.0133 1.1466
vt 0.0267 1.1466
vt 0.0400 1.1466
vt 0.0000 2.2328
vt 0.0402 2.2328
vt 0.0803 2.2328
vt 0.1205 2.2328
vt 0.0000 2.6007
vt 0.0268 2.6007
vt 0.0535 2.6007
vt 0.0803 2.6007
vt 0.0000 2.9686
vt 0.0134 2.9686
vt 0.0268 2.9686
vt 0.0402 2.9686
vt 0.0000 3.3377
vt 0.0133 3.3377
vt 0.0267 3.3377
vt 0.0400 3.3377
vt 0.0000 0.0000
vt 0.0133 0.0000
vt 0.0267 0.0000
vt 0.0400 0.0000
vt 0.0000 0.3360
vt 0.0133 0.3360
vt 0.0267 0.3360
vt 0.0400 0.3360
vt 0.0000 0.6717
vt 0.0133 0.6717
vt 0.0267 0.6717
vt 0.0400 0.6717
vt 0.0000 1.0074
vt 0.0133 1.0074
vt 0.0267 1.0074
vt 0.0400 1.0074
vt 0.0000 1.6807
vt 0.0133 1.6807
vt 0.0267 1.6807
vt 0.0400 1.6807
vt 0.0000 1.9638
vt 0.0133 1.9638
vt 0.0267 1.9638
vt 0.0400 1.9638
vt 0.0000 2.2467
vt 0.0133 2.2467
vt 0.0267 2.2467
vt 0.0400 2.2467
vt 0.0000 2.5296
vt 0.0133 2.5296
vt 0.0267 2.5296
vt 0.0400 2.5296
vt 0.0000 3.4031
vt 0.0133 3.4031
vt 0.0267 3.4031
vt 0.0400 3.4031
vt 0.0000 3.8869
vt 0.0133 3.8869
vt 0.0267 3.8869
vt 0.0400 3.8869
vt 0.0000 4.3706
vt 0.0133 4.3706
vt 0.0267 4.3706
vt 0.0400 4.3706
vt 0.0000 4.8544
vt 0.0133 4.8544
vt 0.0267 4.8544
vt 0.0400 4.8544
vt 0.0000 6.2282
vt 0.0133 6.2282
vt 0.0267 6.2282
vt 0.0400 6.2282
vt 0.0000 6.3564
vt 0.0133 6.3564
vt 0.0267 6.3564
vt 0.0400 6.3564
vt 0.0000 6.4848
vt 0.0133 6.4848
vt 0.0267 6.4848
vt 0.0400 6.4848
vt 0.0000 6.6131
vt 0.0133 6.6131
vt 0.0267 6.6131
vt 0.0400 6.6131
vt 0.0000 6.9514
vt 0.0133 6.9514
vt 0.0267 6.9514
vt 0.0400 6.9514
vt 0.0000 7.3720
vt 0.0133 7.3720
vt 0.0267 7.3720
vt 0.0400 7.3720
vt 0.0000 7.7924
vt 0.0133 7.7924
vt 0.0267 7.7924
vt 0.0400 7.7924
vt 0.0000 8.2129
vt 0.0133 8.2129
vt 0.0267 8.2129
vt 0.0400 8.2129
vt 0.0000 0.0000
vt 0.0133 0.0000
vt 0.0267 0.0000
vt 0.0400 0.0000
vt 0.0000 0.1039
vt 0.0133 0.1039
vt 0.0267 0.1039
vt 0.0400 0.1039
vt 0.0000 0.2080
vt 0.0133 0.2080
vt 0.0267 0.2080
vt 0.0400 0.2080
vt 0.0000 0.3121
vt 0.0133 0.3121
vt 0.0267 0.3121
vt 0.0400 0.3121
vt 0.0000 0.0000
vt 0.0187 0.0000
vt 0.0374 0.0000
vt 0.0561 0.0000
vt 0.0000 0.4145
vt 0.0133 0.4145
vt 0.0267 0.4145
vt 0.0400 0.4145
vt 0.0000 0.8296
vt 0.0133 0.8296
vt 0.0267 0.8296
vt 0.0400 0.8296
vt 0.0000 1.2445
vt 0.0133 1.2445
vt 0.0267 1.2445
vt 0.0400 1.2445
vt 0.0000 1.8642
vt 0.0133 1.8642
vt 0.0267 1.8642
vt 0.0400 1.8642
vt 0.0000 1.8842
vt 0.0133 1.8842
vt 0.0267 1.8842
vt 0.0400 1.8842
vt 0.0000 1.9042
vt 0.0133 1.9042
vt 0.0267 1.9042
vt 0.0400 1.9042
vt 0.0000 1.9242
vt 0.0133 1.9242
vt 0.0267 1.9242
vt 0.0400 1.9242
vt 0.0000 0.0000
vt 0.0224 0.0000
vt 0.0448 0.0000
vt 0.0673 0.0000
vt 0.0000 0.4987
vt 0.0149 0.4987
vt 0.0299 0.4987
vt 0.0448 0.4987
vt 0.0000 0.9960
vt 0.0133 0.9960
vt 0.0267 0.9960
vt 0.0400 0.9960
vt 0.0000 1.4937
vt 0.0133 1.4937
vt 0.0267 1.4937
vt 0.0400 1.4937
vt 0.0000 2.8807
vt 0.0235 2.8807
vt 0.0469 2.8807
vt 0.0704 2.8807
vt 0.0000 3.4018
vt 0.0156 3.4018
vt 0.0313 3.4018
vt 0.0469 3.4018
vt 0.0000 3.9229
vt 0.0133 3.9229
vt 0.0267 3.9229
vt 0.0400 3.9229
vt 0.0000 4.4439
vt 0.0133 4.4439
vt 0.0267 4.4439
vt 0.0400 4.4439
vt 0.0000 0.0000
vt 0.0280 0.0000
vt 0.0560 0.0000
vt 0.0839 0.0000
vt 0.0000 0.2717
vt 0.0187 0.2717
vt 0.0373 0.2717
vt 0.0560 0.2717
vt 0.0000 0.5463
vt 0.0133 0.5463
vt 0.0267 0.5463
vt 0.0400 0.5463
vt 0.0000 0.8197
vt 0.0133 0.8197
vt 0.0267 0.8197
vt 0.0400 0.8197
vt 0.0000 1.5208
vt 0.0360 1.5208
vt 0.0721 1.5208
vt 0.1081 1.5208
vt 0.0000 1.8729
vt 0.0240 1.8729
vt 0.0480 1.8729
vt 0.0721 1.8729
vt 0.0000 2.2241
vt 0.0133 2.2241
vt 0.0267 2.2241
vt 0.0400 2.2241
vt 0.0000 2.5761
vt 0.0133 2.5761
vt 0.0267 2.5761
vt 0.0400 2.5761
vt 0.0000 3.5954
vt 0.0284 3.5954
vt 0.0567 3.5954
vt 0.0851 3.5954
vt 0.0000 3.8721
vt 0.0189 3.8721
vt 0.0378 3.8721
vt 0.0567 3.8721
vt 0.0000 4.1494
vt 0.0133 4.1494
vt 0.0267 4.1494
vt 0.0400 4.1494
vt 0.0000 4.4267
vt 0.0133 4.4267
vt 0.0267 4.4267
vt 0.0400 4.4267
vt 0.0000 5.1296
vt 0.0133 5.1296
vt 0.0267 5.1296
vt 0.0400 5.1296
vt 0.0000 5.2082
vt 0.0133 5.2082
vt 0.0267 5.2082
vt 0.0400 5.2082
vt 0.0000 5.2867
vt 0.0133 5.2867
vt 0.0267 5.2867
vt 0.0400 5.2867
vt 0.0000 5.3651
vt 0.0133 5.3651
vt 0.0267 5.3651
vt 0.0400 5.3651
vt 0.0000 0.0000
vt 0.0640 0.0000
vt 0.1280 0.0000
vt 0.1921 0.0000
vt 0.0000 0.6221
vt 0.0427 0.6221
vt 0.0854 0.6221
vt 0.1280 0.6221
vt 0.0000 1.2503
vt 0.0213 1.2503
vt 0.0427 1.2503
vt 0.0640 1.2503
vt 0.0000 1.8760
vt 0.0133 1.8760
vt 0.0267 1.8760
vt 0.0400 1.8760
vt 0.0000 0.0000
vt 0.0228 0.0000
vt 0.0456 0.0000
vt 0.0685 0.0000
vt 0.0000 0.1967
vt 0.0152 0.1967
vt 0.0304 0.1967
vt 0.0456 0.1967
vt 0.0000 0.3946
vt 0.0133 0.3946
vt 0.0267 0.3946
vt 0.0400 0.3946
vt 0.0000 0.5919
vt 0.0133 0.5919
vt 0.0267 0.5919
vt 0.0400 0.5919
vt 0.0000 0.0000
vt 0.0760 0.0000
vt 0.1520 0.0000
vt 0.2280 0.0000
vt 0.0000 0.6589
vt 0.0507 0.6589
vt 0.1013 0.6589
vt 0.1520 0.6589
vt 0.0000 1.3174
vt 0.0253 1.3174
vt 0.0507 1.3174
vt 0.0760 1.3174
vt 0.0000 1.9744
vt 0.0133 1.9744
vt 0.0267 1.9744
vt 0.0400 1.9744
vt 0.0000 3.8273
vt 0.0676 3.8273
vt 0.1352 3.8273
vt 0.2028 3.8273
vt 0.0000 4.4127
vt 0.0451 4.4127
vt 0.0901 4.4127
vt 0.1352 4.4127
vt 0.0000 4.9980
vt 0.0225 4.9980
vt 0.0451 4.9980
vt 0.0676 4.9980
vt 0.0000 5.5826
vt 0.0133 5.5826
vt 0.0267 5.5826
vt 0.0400 5.5826
vt 0.0000 7.4858
vt 0.0738 7.4858
vt 0.1477 7.4858
vt 0.2215 7.4858
vt 0.0000 8.1196
vt 0.0492 8.1196
vt 0.0984 8.1196
vt 0.1477 8.1196
vt 0.0000 8.7589
vt 0.0246 8.7589
vt 0.0492 8.7589
vt 0.0738 8.7589
vt 0.0000 9.3974
vt 0.0133 9.3974
vt 0.0267 9.3974
vt 0.0400 9.3974
vt 0.0000 11.0744
vt 0.0210 11.0744
vt 0.0420 11.0744
vt 0.0629 11.0744
vt 0.0000 11.2544
vt 0.0140 11.2544
vt 0.0280 11.2544
vt 0.0420 11.2544
vt 0.0000 11.4362
vt 0.0133 11.4362
vt 0.0267 11.4362
vt 0.0400 11.4362
vt 0.0000 11.6177
vt 0.0133 11.6177
vt 0.0267 11.6177
vt 0.0400 11.6177
vt 0.0000 0.0000
vt 0.0133 0.0000
vt 0.0267 0.0000
vt 0.0400 0.0000
vt 0.0000 0.2349
vt 0.0133 0.2349
vt 0.0267 0.2349
vt 0.0400 0.2349
vt 0.0000 0.4696
vt 0.0133 0.4696
vt 0.0267 0.4696
vt 0.0400 0.4696
vt 0.0000 0.7043
vt 0.0133 0.7043
vt 0.0267 0.7043
vt 0.0400 0.7043
vt 0.0000 1.2549
vt 0.0133 1.2549
vt 0.0267 1.2549
vt 0.0400 1.2549
vt 0.0000 1.9127
vt 0.0133 1.9127
vt 0.0267 1.9127
vt 0.0400 1.9127
vt 0.0000 2.5706
vt 0.0133 2.5706
vt 0.0267 2.5706
vt 0.0400 2.5706
vt 0.0000 3.2283
vt 0.0133 3.2283
vt 0.0267 3.2283
vt 0.0400 3.2283
vt 0.0000 4.7152
vt 0.0133 4.7152
vt 0.0267 4.7152
vt 0.0400 4.7152
vt 0.0000 4.7930
vt 0.0133 4.7930
vt 0.0267 4.7930
vt 0.0400 4.7930
vt 0.0000 4.8708
vt 0.0133 4.8708
vt 0.0267 4.8708
vt 0.0400 4.8708
vt 0.0000 4.9486
vt 0.0133 4.9486
vt 0.0267 4.9486
vt 0.0400 4.9486
vt 0.0000 5.1478
vt 0.0133 5.1478
vt 0.0267 5.1478
vt 0.0400 5.1478
vt 0.0000 5.2340
vt 0.0133 5.2340
vt 0.0267 5.2340
vt 0.0400 5.2340
vt 0.0000 5.3202
vt 0.0133 5.3202
vt 0.0267 5.3202
vt 0.0400 5.3202
vt 0.0000 5.4065
vt 0.0133 5.4065
vt 0.0267 5.4065
vt 0.0400 5.4065
vt 0.0000 5.7394
vt 0.0133 5.7394
vt 0.0267 5.7394
vt 0.0400 5.7394
vt 0.0000 6.2904
vt 0.0133 6.2904
vt 0.0267 6.2904
vt 0.0400 6.2904
vt 0.0000 6.8411
vt 0.0133 6.8411
vt 0.0267 6.8411
vt 0.0400 6.8411
vt 0.0000 7.3919
vt 0.0133 7.3919
vt 0.0267 7.3919
vt 0.0400 7.3919
vt 0.0000 0.0000
vt 0.0834 0.0000
vt 0.1668 0.0000
vt 0.2502 0.0000
vt 0.0000 0.7219
vt 0.0556 0.7219
vt 0.1112 0.7219
vt 0.1668 0.7219
vt 0.0000 1.4397
vt 0.0278 1.4397
vt 0.0556 1.4397
vt 0.0834 1.4397
vt 0.0000 2.1574
vt 0.0133 2.1574
vt 0.0267 2.1574
vt 0.0400 2.1574
vt 0.0000 4.0770
vt 0.0343 4.0770
vt 0.0686 4.0770
vt 0.1028 4.0770
vt 0.0000 4.3699
vt 0.0228 4.3699
vt 0.0457 4.3699
vt 0.0685 4.3699
vt 0.0000 4.6636
vt 0.0133 4.6636
vt 0.0267 4.6636
vt 0.0400 4.6636
vt 0.0000 4.9586
vt 0.0133 4.9586
vt 0.0267 4.9586
vt 0.0400 4.9586
vt 0.0000 0.0000
vt 0.0571 0.0000
vt 0.1143 0.0000
vt 0.1714 0.0000
vt 0.0000 0.4887
vt 0.0381 0.4887
vt 0.0762 0.4887
vt 0.1143 0.4887
vt 0.0000 0.9826
vt 0.0190 0.9826
vt 0.0381 0.9826
vt 0.0571 0.9826
vt 0.0000 1.4743
vt 0.0133 1.4743
vt 0.0267 1.4743
vt 0.0400 1.4743
vt 0.0000 3.2210
vt 0.0792 3.2210
vt 0.1584 3.2210
vt 0.2376 3.2210
vt 0.0000 3.8993
vt 0.0528 3.8993
vt 0.1056 3.8993
vt 0.1584 3.8993
vt 0.0000 4.5819
vt 0.0264 4.5819
vt 0.0528 4.5819
vt 0.0792 4.5819
vt 0.0000 5.2637
vt 0.0133 5.2637
vt 0.0267 5.2637
vt 0.0400 5.2637
vt 0.0000 7.3247
vt 0.0455 7.3247
vt 0.0911 7.3247
vt 0.1366 7.3247
vt 0.0000 7.7166
vt 0.0304 7.7166
vt 0.0607 7.7166
vt 0.0911 7.7166
vt 0.0000 8.1082
vt 0.0152 8.1082
vt 0.0304 8.1082
vt 0.0455 8.1082
vt 0.0000 8.5001
vt 0.0133 8.5001
vt 0.0267 8.5001
vt 0.0400 8.5001
vt 0.0000 0.0000
vt 0.0133 0.0000
vt 0.0267 0.0000
vt 0.0400 0.0000
vt 0.0000 0.5267
vt 0.0133 0.5267
vt 0.0267 0.5267
vt 0.0400 0.5267
vt 0.0000 1.0545
vt 0.0133 1.0545
vt 0.0267 1.0545
vt 0.0400 1.0545
vt 0.0000 1.5822
vt 0.0133 1.5822
vt 0.0267 1.5822
vt 0.0400 1.5822
vt 0.0000 2.8275
vt 0.0133 2.8275
vt 0.0267 2.8275
vt 0.0400 2.8275
vt 0.0000 3.0744
vt 0.0133 3.0744
vt 0.0267 3.0744
vt 0.0400 3.0744
vt 0.0000 3.3214
vt 0.0133 3.3214
vt 0.0267 3.3214
vt 0.0400 3.3214
vt 0.0000 3.5685
vt 0.0133 3.5685
vt 0.0267 3.5685
vt 0.0400 3.5685
vt 0.0000 3.8326
vt 0.0139 3.8326
vt 0.0278 3.8326
vt 0.0417 3.8326
vt 0.0000 4.3868
vt 0.0133 4.3868
vt 0.0267 4.3868
vt 0.0400 4.3868
vt 0.0000 4.9417
vt 0.0133 4.9417
vt 0.0267 4.9417
vt 0.0400 4.9417
vt 0.0000 5.4969
vt 0.0133 5.4969
vt 0.0267 5.4969
vt 0.0400 5.4969
vt 0.0000 6.3509
vt 0.0133 6.3509
vt 0.0267 6.3509
vt 0.0400 6.3509
vt 0.0000 6.6081
vt 0.0133 6.6081
vt 0.0267 6.6081
vt 0.0400 6.6081
vt 0.0000 6.8653
vt 0.0133 6.8653
vt 0.0267 6.8653
vt 0.0400 6.8653
vt 0.0000 7.1224
vt 0.0133 7.1224
vt 0.0267 7.1224
vt 0.0400 7.1224
vt 0.0000 7.4831
vt 0.0133 7.4831
vt 0.0267 7.4831
vt 0.0400 7.4831
vt 0.0000 7.8651
vt 0.0133 7.8651
vt 0.0267 7.8651
vt 0.0400 7.8651
vt 0.0000 8.2472
vt 0.0133 8.2472
vt 0.0267 8.2472
vt 0.0400 8.2472
vt 0.0000 8.6292
vt 0.0133 8.6292
vt 0.0267 8.6292
vt 0.0400 8.6292
vt 0.0000 0.0000
vt 0.0133 0.0000
vt 0.0267 0.0000
vt 0.0400 0.0000
vt 0.0000 0.2094
vt 0.0133 0.2094
vt 0.0267 0.2094
vt 0.0400 0.2094
vt 0.0000 0.4189
vt 0.0133 0.4189
vt 0.0267 0.4189
vt 0.0400 0.4189
vt 0.0000 0.6284
vt 0.0133 0.6284
vt 0.0267 0.6284
vt 0.0400 0.6284
vt 0.0000 1.1575
vt 0.0133 1.1575
vt 0.0267 1.1575
vt 0.0400 1.1575
vt 0.0000 1.5812
vt 0.0133 1.5812
vt 0.0267 1.5812
vt 0.0400 1.5812
vt 0.0000 2.0052
vt 0.0133 2.0052
vt 0.0267 2.0052
vt 0.0400 2.0052
vt 0.0000 2.4294
vt 0.0133 2.4294
vt 0.0267 2.4294
vt 0.0400 2.4294
vt 0.0000 3.0527
vt 0.0133 3.0527
vt 0.0267 3.0527
vt 0.0400 3.0527
vt 0.0000 3.5935
vt 0.0133 3.5935
vt 0.0267 3.5935
vt 0.0400 3.5935
vt 0.0000 4.1348
vt 0.0133 4.1348
vt 0.0267 4.1348
vt 0.0400 4.1348
vt 0.0000 4.6757
vt 0.0133 4.6757
vt 0.0267 4.6757
vt 0.0400 4.6757
vt 0.0000 5.1537
vt 0.0133 5.1537
vt 0.0267 5.1537
vt 0.0400 5.1537
vt 0.0000 5.7568
vt 0.0133 5.7568
vt 0.0267 5.7568
vt 0.0400 5.7568
vt 0.0000 6.3590
vt 0.0133 6.3590
vt 0.0267 6.3590
vt 0.0400 6.3590
vt 0.0000 6.9614
vt 0.0133 6.9614
vt 0.0267 6.9614
vt 0.0400 6.9614
vt 0.0000 7.6270
vt 0.0133 7.6270
vt 0.0267 7.6270
vt 0.0400 7.6270
vt 0.0000 7.7283
vt 0.0133 7.7283
vt 0.0267 7.7283
vt 0.0400 7.7283
vt 0.0000 7.8294
vt 0.0133 7.8294
vt 0.0267 7.8294
vt 0.0400 7.8294
vt 0.0000 7.9306
vt 0.0133 7.9306
vt 0.0267 7.9306
vt 0.0400 7.9306
vt 0.0000 0.0000
vt 0.0632 0.0000
vt 0.1264 0.0000
vt 0.1896 0.0000
vt 0.0000 0.6791
vt 0.0421 0.6791
vt 0.0843 0.6791
vt 0.1264 0.6791
vt 0.0000 1.3512
vt 0.0211 1.3512
vt 0.0421 1.3512
vt 0.0632 1.3512
vt 0.0000 2.0254
vt 0.0133 2.0254
vt 0.0267 2.0254
vt 0.0400 2.0254
vt 0.0000 3.8385
vt 0.0657 3.8385
vt 0.1313 3.8385
vt 0.1970 3.8385
vt 0.0000 4.5403
vt 0.0438 4.5403
vt 0.0876 4.5403
vt 0.1313 4.5403
vt 0.0000 5.2415
vt 0.0219 5.2415
vt 0.0438 5.2415
vt 0.0657 5.2415
vt 0.0000 5.9421
vt 0.0133 5.9421
vt 0.0267 5.9421
vt 0.0400 5.9421
vt 0.0000 7.8529
vt 0.0304 7.8529
vt 0.0609 7.8529
vt 0.0913 7.8529
vt 0.0000 8.1801
vt 0.0203 8.1801
vt 0.0406 8.1801
vt 0.0609 8.1801
vt 0.0000 8.5050
vt 0.0133 8.5050
vt 0.0267 8.5050
vt 0.0400 8.5050
vt 0.0000 8.8296
vt 0.0133 8.8296
vt 0.0267 8.8296
vt 0.0400 8.8296
vt 0.0000 9.2800
vt 0.0363 9.2800
vt 0.0725 9.2800
vt 0.1088 9.2800
vt 0.0000 9.6645
vt 0.0242 9.6645
vt 0.0484 9.6645
vt 0.0725 9.6645
vt 0.0000 10.0503
vt 0.0133 10.0503
vt 0.0267 10.0503
vt 0.0400 10.0503
vt 0.0000 10.4371
vt 0.0133 10.4371
vt 0.0267 10.4371
vt 0.0400 10.4371
vt 0.0000 11.4125
vt 0.0516 11.4125
vt 0.1032 11.4125
vt 0.1547 11.4125
vt 0.0000 11.9602
vt 0.0344 11.9602
vt 0.0688 11.9602
vt 0.1032 11.9602
vt 0.0000 12.5108
vt 0.0172 12.5108
vt 0.0344 12.5108
vt 0.0516 12.5108
vt 0.0000 13.0611
vt 0.0133 13.0611
vt 0.0267 13.0611
vt 0.0400 13.0611
vt 0.0000 0.0000
vt 0.0133 0.0000
vt 0.0267 0.0000
vt 0.0400 0.0000
vt 0.0000 0.0221
vt 0.0133 0.0221
vt 0.0267 0.0221
vt 0.0400 0.0221
vt 0.0000 0.0441
vt 0.0133 0.0441
vt 0.0267 0.0441
vt 0.0400 0.0441
vt 0.0000 0.0661
vt 0.0133 0.0661
vt 0.0267 0.0661
vt 0.0400 0.0661
vt 0.0000 0.0000
vt 0.0389 0.0000
vt 0.0778 0.0000
vt 0.1166 0.0000
vt 0.0000 0.6019
vt 0.0259 0.6019
vt 0.0518 0.6019
vt 0.0778 0.6019
vt 0.0000 1.2020
vt 0.0133 1.2020
vt 0.0267 1.2020
vt 0.0400 1.2020
vt 0.0000 1.8026
vt 0.0133 1.8026
vt 0.0267 1.8026
vt 0.0400 1.8026
vt 0.0000 3.5262
vt 0.0364 3.5262
vt 0.0729 3.5262
vt 0.1093 3.5262
vt 0.0000 4.0887
vt 0.0243 4.0887
vt 0.0486 4.0887
vt 0.0729 4.0887
vt 0.0000 4.6500
vt 0.0133 4.6500
vt 0.0267 4.6500
vt 0.0400 4.6500
vt 0.0000 5.2125
vt 0.0133 5.2125
vt 0.0267 5.2125
vt 0.0400 5.2125
vt 0.0000 6.4859
vt 0.0173 6.4859
vt 0.0347 6.4859
vt 0.0520 6.4859
vt 0.0000 6.7526
vt 0.0133 6.7526
vt 0.0267 6.7526
vt 0.0400 6.7526
vt 0.0000 7.0206
vt 0.0133 7.0206
vt 0.0267 7.0206
vt 0.0400 7.0206
vt 0.0000 7.2882
vt 0.0133 7.2882
vt 0.0267 7.2882
vt 0.0400 7.2882
vt 0.0000 7.9480
vt 0.0133 7.9480
vt 0.0267 7.9480
vt 0.0400 7.9480
vt 0.0000 8.0698
vt 0.0133 8.0698
vt 0.0267 8.0698
vt 0.0400 8.0698
vt 0.0000 8.1919
vt 0.0133 8.1919
vt 0.0267 8.1919
vt 0.0400 8.1919
vt 0.0000 8.3139
vt 0.0133 8.3139
vt 0.0267 8.3139
vt 0.0400 8.3139
vt 0.0000 0.0000
vt 0.0133 0.0000
vt 0.0267 0.0000
vt 0.0400 0.0000
vt 0.0000 0.1831
vt 0.0133 0.1831
vt 0.0267 0.1831
vt 0.0400 0.1831
vt 0.0000 0.3659
vt 0.0133 0.3659
vt 0.0267 0.3659
vt 0.0400 0.3659
vt 0.0000 0.5489
vt 0.0133 0.5489
vt 0.0267 0.5489
vt 0.0400 0.5489
vt 0.0000 0.7513
vt 0.0133 0.7513
vt 0.0267 0.7513
vt 0.0400 0.7513
vt 0.0000 0.9457
vt 0.0133 0.9457
vt 0.0267 0.9457
vt 0.0400 0.9457
vt 0.0000 1.1406
vt 0.0133 1.1406
vt 0.0267 1.1406
vt 0.0400 1.1406
vt 0.0000 1.3358
vt 0.0133 1.3358
vt 0.0267 1.3358
vt 0.0400 1.3358
vt 0.0000 0.0000
vt 0.0382 0.0000
vt 0.0764 0.0000
vt 0.1145 0.0000
vt 0.0000 0.7027
vt 0.0255 0.7027
vt 0.0509 0.7027
vt 0.0764 0.7027
vt 0.0000 1.4029
vt 0.0133 1.4029
vt 0.0267 1.4029
vt 0.0400 1.4029
vt 0.0000 2.1045
vt 0.0133 2.1045
vt 0.0267 2.1045
vt 0.0400 2.1045
vt 0.0000 3.6250
vt 0.0358 3.6250
vt 0.0716 3.6250
vt 0.1074 3.6250
vt 0.0000 4.2837
vt 0.0239 4.2837
vt 0.0477 4.2837
vt 0.0716 4.2837
vt 0.0000 4.9409
vt 0.0133 4.9409
vt 0.0267 4.9409
vt 0.0400 4.9409
vt 0.0000 5.5986
vt 0.0133 5.5986
vt 0.0267 5.5986
vt 0.0400 5.5986
vt 0.0000 7.5133
vt 0.0360 7.5133
vt 0.0720 7.5133
vt 0.1080 7.5133
vt 0.0000 8.1774
vt 0.0240 8.1774
vt 0.0480 8.1774
vt 0.0720 8.1774
vt 0.0000 8.8402
vt 0.0133 8.8402
vt 0.0267 8.8402
vt 0.0400 8.8402
vt 0.0000 9.5019
vt 0.0133 9.5019
vt 0.0267 9.5019
vt 0.0400 9.5019
vt 0.0000 0.0000
vt 0.0133 0.0000
vt 0.0267 0.0000
vt 0.0400 0.0000
vt 0.0000 0.1311
vt 0.0133 0.1311
vt 0.0267 0.1311
vt 0.0400 0.1311
vt 0.0000 0.2618
vt 0.0133 0.2618
vt 0.0267 0.2618
vt 0.0400 0.2618
vt 0.0000 0.3924
vt 0.0133 0.3924
vt 0.0267 0.3924
vt 0.0400 0.3924
vt 0.0000 0.7707
vt 0.0133 0.7707
vt 0.0267 0.7707
vt 0.0400 0.7707
vt 0.0000 0.7984
vt 0.0133 0.7984
vt 0.0267 0.7984
vt 0.0400 0.7984
vt 0.0000 0.8260
vt 0.0133 0.8260
vt 0.0267 0.8260
vt 0.0400 0.8260
vt 0.0000 0.8535
vt 0.0133 0.8535
vt 0.0267 0.8535
vt 0.0400 0.8535
vt 0.0000 0.0000
vt 0.0239 0.0000
vt 0.0478 0.0000
vt 0.0717 0.0000
vt 0.0000 0.3925
vt 0.0159 0.3925
vt 0.0319 0.3925
vt 0.0478 0.3925
vt 0.0000 0.7869
vt 0.0133 0.7869
vt 0.0267 0.7869
vt 0.0400 0.7869
vt 0.0000 1.1805
vt 0.0133 1.1805
vt 0.0267 1.1805
vt 0.0400 1.1805
vt 0.0000 1.7854
vt 0.0133 1.7854
vt 0.0267 1.7854
vt 0.0400 1.7854
vt 0.0000 1.9409
vt 0.0133 1.9409
vt 0.0267 1.9409
vt 0.0400 1.9409
vt 0.0000 2.0972
vt 0.0133 2.0972
vt 0.0267 2.0972
vt 0.0400 2.0972
vt 0.0000 2.2534
vt 0.0133 2.2534
vt 0.0267 2.2534
vt 0.0400 2.2534
vt 0.0000 2.8190
vt 0.0304 2.8190
vt 0.0608 2.8190
vt 0.0913 2.8190
vt 0.0000 3.3204
vt 0.0203 3.3204
vt 0.0406 3.3204
vt 0.0608 3.3204
vt 0.0000 3.8213
vt 0.0133 3.8213
vt 0.0267 3.8213
vt 0.0400 3.8213
vt 0.0000 4.3221
vt 0.0133 4.3221
vt 0.0267 4.3221
vt 0.0400 4.3221
vt 0.0000 0.0000
vt 0.0680 0.0000
vt 0.1361 0.0000
vt 0.2041 0.0000
vt 0.0000 0.5705
vt 0.0454 0.5705
vt 0.0907 0.5705
vt 0.1361 0.5705
vt 0.0000 1.1449
vt 0.0227 1.1449
vt 0.0454 1.1449
vt 0.0680 1.1449
vt 0.0000 1.7178
vt 0.0133 1.7178
vt 0.0267 1.7178
vt 0.0400 1.7178
vt 0.0000 3.4066
vt 0.0759 3.4066
vt 0.1519 3.4066
vt 0.2278 3.4066
vt 0.0000 4.0491
vt 0.0506 4.0491
vt 0.1012 4.0491
vt 0.1519 4.0491
vt 0.0000 4.6869
vt 0.0253 4.6869
vt 0.0506 4.6869
vt 0.0759 4.6869
vt 0.0000 5.3262
vt 0.0133 5.3262
vt 0.0267 5.3262
vt 0.0400 5.3262
vt 0.0000 6.9600
vt 0.0364 6.9600
vt 0.0729 6.9600
vt 0.1093 6.9600
vt 0.0000 7.2643
vt 0.0243 7.2643
vt 0.0486 7.2643
vt 0.0729 7.2643
vt 0.0000 7.5720
vt 0.0133 7.5720
vt 0.0267 7.5720
vt 0.0400 7.5720
vt 0.0000 7.8789
vt 0.0133 7.8789
vt 0.0267 7.8789
vt 0.0400 7.8789
vt 0.0000 8.9093
vt 0.0150 8.9093
vt 0.0301 8.9093
vt 0.0451 8.9093
vt 0.0000 9.0348
vt 0.0133 9.0348
vt 0.0267 9.0348
vt 0.0400 9.0348
vt 0.0000 9.1610
vt 0.0133 9.1610
vt 0.0267 9.1610
vt 0.0400 9.1610
vt 0.0000 9.2876
vt 0.0133 9.2876
vt 0.0267 9.2876
vt 0.0400 9.2876
vt 0.0000 9.7199
vt 0.0133 9.7199
vt 0.0267 9.7199
vt 0.0400 9.7199
vt 0.0000 9.7578
vt 0.0133 9.7578
vt 0.0267 9.7578
vt 0.0400 9.7578
vt 0.0000 9.7956
vt 0.0133 9.7956
vt 0.0267 9.7956
vt 0.0400 9.7956
vt 0.0000 9.8335
vt 0.0133 9.8335
vt 0.0267 9.8335
vt 0.0400 9.8335
vt 0.0000 0.0000
vt 0.0172 0.0000
vt 0.0344 0.0000
vt 0.0516 0.0000
vt 0.0000 0.2097
vt 0.0133 0.2097
vt 0.0267 0.2097
vt 0.0400 0.2097
vt 0.0000 0.4185
vt 0.0133 0.4185
vt 0.0267 0.4185
vt 0.0400 0.4185
vt 0.0000 0.6272
vt 0.0133 0.6272
vt 0.0267 0.6272
vt 0.0400 0.6272
vt 0.0000 1.0786
vt 0.0264 1.0786
vt 0.0529 1.0786
vt 0.0793 1.0786
vt 0.0000 1.3990
vt 0.0176 1.3990
vt 0.0352 1.3990
vt 0.0529 1.3990
vt 0.0000 1.7204
vt 0.0133 1.7204
vt 0.0267 1.7204
vt 0.0400 1.7204
vt 0.0000 2.0411
vt 0.0133 2.0411
vt 0.0267 2.0411
vt 0.0400 2.0411
vt 0.0000 3.2683
vt 0.0463 3.2683
vt 0.0927 3.2683
vt 0.1390 3.2683
vt 0.0000 3.8305
vt 0.0309 3.8305
vt 0.0618 3.8305
vt 0.0927 3.8305
vt 0.0000 4.3930
vt 0.0154 4.3930
vt 0.0309 4.3930
vt 0.0463 4.3930
vt 0.0000 4.9551
vt 0.0133 4.9551
vt 0.0267 4.9551
vt 0.0400 4.9551
vt 0.0000 6.6777
vt 0.0526 6.6777
vt 0.1052 6.6777
vt 0.1578 6.6777
vt 0.0000 7.3122
vt 0.0351 7.3122
vt 0.0701 7.3122
vt 0.1052 7.3122
vt 0.0000 7.9485
vt 0.0175 7.9485
vt 0.0351 7.9485
vt 0.0526 7.9485
vt 0.0000 8.5865
vt 0.0133 8.5865
vt 0.0267 8.5865
vt 0.0400 8.5865
vt 0.0000 9.4811
vt 0.0310 9.4811
vt 0.0620 9.4811
vt 0.0930 9.4811
vt 0.0000 9.8570
vt 0.0207 9.8570
vt 0.0413 9.8570
vt 0.0620 9.8570
vt 0.0000 10.2341
vt 0.0133 10.2341
vt 0.0267 10.2341
vt 0.0400 10.2341
vt 0.0000 10.6103
vt 0.0133 10.6103
vt 0.0267 10.6103
vt 0.0400 10.6103
vt 0.0000 0.0000
vt 0.0245 0.0000
vt 0.0491 0.0000
vt 0.0736 0.0000
vt 0.0000 0.5385
vt 0.0164 0.5385
vt 0.0327 0.5385
vt 0.0491 0.5385
vt 0.0000 1.0751
vt 0.0133 1.0751
vt 0.0267 1.0751
vt 0.0400 1.0751
vt 0.0000 1.6121
vt 0.0133 1.6121
vt 0.0267 1.6121
vt 0.0400 1.6121
vt 0.0000 2.9464
vt 0.0133 2.9464
vt 0.0267 2.9464
vt 0.0400 2.9464
vt 0.0000 2.9664
vt 0.0133 2.9664
vt 0.0267 2.9664
vt 0.0400 2.9664
vt 0.0000 2.9864
vt 0.0133 2.9864
vt 0.0267 2.9864
vt 0.0400 2.9864
vt 0.0000 3.0064
vt 0.0133 3.0064
vt 0.0267 3.0064
vt 0.0400 3.0064
vt 0.0000 0.0000
vt 0.0133 0.0000
vt 0.0267 0.0000
vt 0.0400 0.0000
vt 0.0000 0.0200
vt 0.0133 0.0200
vt 0.0267 0.0200
vt 0.0400 0.0200
vt 0.0000 0.0400
vt 0.0133 0.0400
vt 0.0267 0.0400
vt 0.0400 0.0400
vt 0.0000 0.0600
vt 0.0133 0.0600
vt 0.0267 0.0600
vt 0.0400 0.0600
vt 0.0000 0.0000
vt 0.0200 0.0000
vt 0.0399 0.0000
vt 0.0599 0.0000
vt 0.0000 0.4357
vt 0.0133 0.4357
vt 0.0267 0.4357
vt 0.0400 0.4357
vt 0.0000 0.8729
vt 0.0133 0.8729
vt 0.0267 0.8729
vt 0.0400 0.8729
vt 0.0000 1.3096
vt 0.0133 1.3096
vt 0.0267 1.3096
vt 0.0400 1.3096
vt 0.0000 2.7770
vt 0.0133 2.7770
vt 0.0267 2.7770
vt 0.0400 2.7770
vt 0.0000 2.8336
vt 0.0133 2.8336
vt 0.0267 2.8336
vt 0.0400 2.8336
vt 0.0000 2.8902
vt 0.0133 2.8902
vt 0.0267 2.8902
vt 0.0400 2.8902
vt 0.0000 2.9468
vt 0.0133 2.9468
vt 0.0267 2.9468
vt 0.0400 2.9468
vt 0.0000 0.0000
vt 0.0138 0.0000
vt 0.0275 0.0000
vt 0.0413 0.0000
vt 0.0000 0.3838
vt 0.0133 0.3838
vt 0.0267 0.3838
vt 0.0400 0.3838
vt 0.0000 0.7683
vt 0.0133 0.7683
vt 0.0267 0.7683
vt 0.0400 0.7683
vt 0.0000 1.1533
vt 0.0133 1.1533
vt 0.0267 1.1533
vt 0.0400 1.1533
vt 0.0000 1.8069
vt 0.0133 1.8069
vt 0.0267 1.8069
vt 0.0400 1.8069
vt 0.0000 1.9546
vt 0.0133 1.9546
vt 0.0267 1.9546
vt 0.0400 1.9546
vt 0.0000 2.1025
vt 0.0133 2.1025
vt 0.0267 2.1025
vt 0.0400 2.1025
vt 0.0000 2.2504
vt 0.0133 2.2504
vt 0.0267 2.2504
vt 0.0400 2.2504
vt 0.0000 0.0000
vt 0.0224 0.0000
vt 0.0449 0.0000
vt 0.0673 0.0000
vt 0.0000 0.6278
vt 0.0150 0.6278
vt 0.0299 0.6278
vt 0.0449 0.6278
vt 0.0000 1.2564
vt 0.0133 1.2564
vt 0.0267 1.2564
vt 0.0400 1.2564
vt 0.0000 1.8846
vt 0.0133 1.8846
vt 0.0267 1.8846
vt 0.0400 1.8846
vt 0.0000 3.6461
vt 0.0133 3.6461
vt 0.0267 3.6461
vt 0.0400 3.6461
vt 0.0000 3.7325
vt 0.0133 3.7325
vt 0.0267 3.7325
vt 0.0400 3.7325
vt 0.0000 3.8187
vt 0.0133 3.8187
vt 0.0267 3.8187
vt 0.0400 3.8187
vt 0.0000 3.9049
vt 0.0133 3.9049
vt 0.0267 3.9049
vt 0.0400 3.9049
vt 0.0000 0.0000
vt 0.0133 0.0000
vt 0.0267 0.0000
vt 0.0400 0.0000
vt 0.0000 0.2573
vt 0.0133 0.2573
vt 0.0267 0.2573
vt 0.0400 0.2573
vt 0.0000 0.5150
vt 0.0133 0.5150
vt 0.0267 0.5150
vt 0.0400 0.5150
vt 0.0000 0.7729
vt 0.0133 0.7729
vt 0.0267 0.7729
vt 0.0400 0.7729
vt 0.0000 0.0000
vt 0.0133 0.0000
vt 0.0267 0.0000
vt 0.0400 0.0000
vt 0.0000 0.2416
vt 0.0133 0.2416
vt 0.0267 0.2416
vt 0.0400 0.2416
vt 0.0000 0.4821
vt 0.0133 0.4821
vt 0.0267 0.4821
vt 0.0400 0.4821
vt 0.0000 0.7230
vt 0.0133 0.7230
vt 0.0267 0.7230
vt 0.0400 0.7230
vt 0.0000 1.1432
vt 0.0133 1.1432
vt 0.0267 1.1432
vt 0.0400 1.1432
vt 0.0000 1.3016
vt 0.0133 1.3016
vt 0.0267 1.3016
vt 0.0400 1.3016
vt 0.0000 1.4598
vt 0.0133 1.4598
vt 0.0267 1.4598
vt 0.0400 1.4598
vt 0.0000 1.6180
vt 0.0133 1.6180
vt 0.0267 1.6180
vt 0.0400 1.6180
vt 0.0000 0.0000
vt 0.0294 0.0000
vt 0.0588 0.0000
vt 0.0882 0.0000
vt 0.0000 0.6228
vt 0.0196 0.6228
vt 0.0392 0.6228
vt 0.0588 0.6228
vt 0.0000 1.2458
vt 0.0133 1.2458
vt 0.0267 1.2458
vt 0.0400 1.2458
vt 0.0000 1.8679
vt 0.0133 1.8679
vt 0.0267 1.8679
vt 0.0400 1.8679
vt 0.0000 3.3491
vt 0.0177 3.3491
vt 0.0354 3.3491
vt 0.0532 3.3491
vt 0.0000 3.7227
vt 0.0133 3.7227
vt 0.0267 3.7227
vt 0.0400 3.7227
vt 0.0000 4.0973
vt 0.0133 4.0973
vt 0.0267 4.0973
vt 0.0400 4.0973
vt 0.0000 4.4722
vt 0.0133 4.4722
vt 0.0267 4.4722
vt 0.0400 4.4722
vt 0.0000 4.9668
vt 0.0133 4.9668
vt 0.0267 4.9668
vt 0.0400 4.9668
vt 0.0000 5.2128
vt 0.0133 5.2128
vt 0.0267 5.2128
vt 0.0400 5.2128
vt 0.0000 5.4596
vt 0.0133 5.4596
vt 0.0267 5.4596
vt 0.0400 5.4596
vt 0.0000 5.7066
vt 0.0133 5.7066
vt 0.0267 5.7066
vt 0.0400 5.7066
vt 0.0000 0.0000
vt 0.0586 0.0000
vt 0.1172 0.0000
vt 0.1758 0.0000
vt 0.0000 0.5536
vt 0.0391 0.5536
vt 0.0781 0.5536
vt 0.1172 0.5536
vt 0.0000 1.1106
vt 0.0195 1.1106
vt 0.0391 1.1106
vt 0.0586 1.1106
vt 0.0000 1.6664
vt 0.0133 1.6664
vt 0.0267 1.6664
vt 0.0400 1.6664
vt 0.0000 3.2728
vt 0.0501 3.2728
vt 0.1002 3.2728
vt 0.1503 3.2728
vt 0.0000 3.7473
vt 0.0334 3.7473
vt 0.0668 3.7473
vt 0.1002 3.7473
vt 0.0000 4.2215
vt 0.0167 4.2215
vt 0.0334 4.2215
vt 0.0501 4.2215
vt 0.0000 4.6968
vt 0.0133 4.6968
vt 0.0267 4.6968
vt 0.0400 4.6968
vt 0.0000 6.0409
vt 0.0536 6.0409
vt 0.1073 6.0409
vt 0.1609 6.0409
vt 0.0000 6.5469
vt 0.0357 6.5469
vt 0.0715 6.5469
vt 0.1072 6.5469
vt 0.0000 7.0560
vt 0.0179 7.0560
vt 0.0357 7.0560
vt 0.0536 7.0560
vt 0.0000 7.5648
vt 0.0133 7.5648
vt 0.0267 7.5648
vt 0.0400 7.5648
vt 0.0000 9.0455
vt 0.0408 9.0455
vt 0.0816 9.0455
vt 0.1224 9.0455
vt 0.0000 9.4305
vt 0.0272 9.4305
vt 0.0544 9.4305
vt 0.0816 9.4305
vt 0.0000 9.8188
vt 0.0136 9.8188
vt 0.0272 9.8188
vt 0.0408 9.8188
vt 0.0000 10.2061
vt 0.0133 10.2061
vt 0.0267 10.2061
vt 0.0400 10.2061
vt 0.0000 11.4933
vt 0.0471 11.4933
vt 0.0942 11.4933
vt 0.1413 11.4933
vt 0.0000 11.9374
vt 0.0314 11.9374
vt 0.0628 11.9374
vt 0.0942 11.9374
vt 0.0000 12.3853
vt 0.0157 12.3853
vt 0.0314 12.3853
vt 0.0471 12.3853
vt 0.0000 12.8323
vt 0.0133 12.8323
vt 0.0267 12.8323
vt 0.0400 12.8323
vn 0.9364 0.0835 0.3408
vn 0.8281 0.0883 0.5536
vn 0.2787 0.0883 0.9563
vn -0.4010 0.0884 0.9118
vn -0.8932 0.0887 0.4408
vn -0.9675 0.0890 -0.2366
vn -0.5890 0.0891 -0.8032
vn 0.0654 0.0889 -0.9939
vn 0.6891 0.0886 -0.7193
vn 0.9363 0.0836 -0.3411
vn 0.9370 0.0759 0.3409
vn 0.7539 0.0765 0.6525
vn 0.1584 0.0750 0.9845
vn -0.5112 0.0699 0.8566
vn -0.9424 0.0636 0.3284
vn -0.9334 0.0589 -0.3541
vn -0.4873 0.0582 -0.8713
vn 0.1872 0.0617 -0.9804
vn 0.7737 0.0678 -0.6299
vn 0.9377 0.0620 -0.3419
vn 0.9388 0.0474 0.3412
vn 0.7605 0.0458 0.6477
vn 0.1656 0.0466 0.9851
vn -0.5067 0.0402 0.8612
vn -0.9420 0.0296 0.3344
vn -0.9370 0.0197 -0.3489
vn -0.4940 0.0151 -0.8693
vn 0.1801 0.0181 -0.9835
vn 0.7699 0.0272 -0.6375
vn 0.9393 0.0238 -0.3423
vn 0.9396 0.0177 0.3417
vn 0.7636 0.0223 0.6453
vn 0.1698 0.0320 0.9850
vn -0.5037 0.0353 0.8632
vn -0.9411 0.0304 0.3368
vn -0.9376 0.0199 -0.3472
vn -0.4953 0.0085 -0.8687
vn 0.1785 0.0016 -0.9839
vn 0.7688 0.0024 -0.6395
vn 0.9397 0.0020 -0.3420
vn 0.9397 0.0136 0.3418
vn 0.7626 0.0250 0.6464
vn 0.1690 0.0361 0.9850
vn -0.5035 0.0388 0.8631
vn -0.9407 0.0318 0.3377
vn -0.9380 0.0183 -0.3461
vn -0.4961 0.0047 -0.8683
vn 0.1785 -0.0027 -0.9839
vn 0.7694 -0.0004 -0.6387
vn 0.9396 0.0061 -0.3422
vn 0.9396 0.0234 0.3415
vn 0.7629 0.0310 0.6458
vn 0.1687 0.0421 0.9848
vn -0.5044 0.0420 0.8624
vn -0.9413 0.0306 0.3363
vn -0.9377 0.0133 -0.3472
vn -0.4956 -0.0017 -0.8685
vn 0.1782 -0.0076 -0.9840
vn 0.7689 -0.0015 -0.6394
vn 0.9397 0.0022 -0.3421
vn 0.9396 0.0187 0.3416
vn 0.7628 0.0301 0.6459
vn 0.1688 0.0433 0.9847
vn -0.5042 0.0446 0.8624
vn -0.9412 0.0335 0.3363
vn -0.9376 0.0151 -0.3474
vn -0.4953 -0.0019 -0.8687
vn 0.1787 -0.0096 -0.9838
vn 0.7692 -0.0044 -0.6390
vn 0.9397 0.0023 -0.3421
vn 0.9396 0.0210 0.3417
vn 0.7626 0.0293 0.6462
vn 0.1684 0.0378 0.9850
vn -0.5046 0.0370 0.8625
vn -0.9414 0.0273 0.3362
vn -0.9376 0.0133 -0.3475
vn -0.4952 0.0015 -0.8688
vn 0.1787 -0.0026 -0.9839
vn 0.7692 0.0030 -0.6390
vn 0.9396 0.0081 -0.3421
vn 0.9395 0.0196 0.3419
vn 0.7626 0.0235 0.6464
vn 0.1685 0.0262 0.9853
vn -0.5045 0.0251 0.8630
vn -0.9414 0.0206 0.3365
vn -0.9375 0.0150 -0.3476
vn -0.4948 0.0107 -0.8689
vn 0.1793 0.0099 -0.9837
vn 0.7695 0.0128 -0.6385
vn 0.9396 0.0145 -0.3420
vn 0.9395 0.0177 0.3420
vn 0.7621 0.0190 0.6472
vn 0.1679 0.0178 0.9856
vn -0.5049 0.0167 0.8630
vn -0.9415 0.0162 0.3367
vn -0.9376 0.0166 -0.3473
vn -0.4950 0.0176 -0.8687
vn 0.1793 0.0188 -0.9836
vn 0.7697 0.0196 -0.6381
vn 0.9395 0.0193 -0.3419
vn 0.9395 0.0186 0.3420
vn 0.7620 0.0186 0.6474
vn 0.1676 0.0173 0.9857
vn -0.5052 0.0164 0.8628
vn -0.9416 0.0162 0.3363
vn -0.9375 0.0168 -0.3476
vn -0.4947 0.0180 -0.8689
vn 0.1795 0.0192 -0.9836
vn 0.7698 0.0198 -0.6380
vn 0.9395 0.0181 -0.3420
vn 0.9396 0.0166 0.3419
vn 0.7617 0.0179 0.6477
vn 0.1672 0.0191 0.9857
vn -0.5054 0.0198 0.8627
vn -0.9416 0.0197 0.3360
vn -0.9374 0.0188 -0.3478
vn -0.4945 0.0175 -0.8690
vn 0.1799 0.0164 -0.9835
vn 0.7701 0.0161 -0.6377
vn 0.9396 0.0148 -0.3420
vn 0.9396 0.0140 0.3419
vn 0.7617 0.0166 0.6477
vn 0.1669 0.0223 0.9857
vn -0.5059 0.0261 0.8622
vn -0.9418 0.0261 0.3351
vn -0.9370 0.0223 -0.3487
vn -0.4939 0.0165 -0.8694
vn 0.1802 0.0114 -0.9836
vn 0.7701 0.0094 -0.6378
vn 0.9397 0.0074 -0.3420
vn 0.9396 0.0125 0.3420
vn 0.7615 0.0178 0.6479
vn 0.1670 0.0224 0.9857
vn -0.5058 0.0249 0.8623
vn -0.9418 0.0242 0.3352
vn -0.9369 0.0206 -0.3489
vn -0.4934 0.0158 -0.8696
vn 0.1810 0.0120 -0.9834
vn 0.7707 0.0110 -0.6371
vn 0.9396 0.0126 -0.3420
vn 0.9395 0.0195 0.3420
vn 0.7608 0.0217 0.6486
vn 0.1659 0.0200 0.9859
vn -0.5066 0.0174 0.8620
vn -0.9422 0.0150 0.3348
vn -0.9370 0.0141 -0.3490
vn -0.4935 0.0150 -0.8696
vn 0.1809 0.0173 -0.9834
vn 0.7707 0.0199 -0.6369
vn 0.9395 0.0213 -0.3419
vn 0.9394 0.0225 0.3421
vn 0.7607 0.0207 0.6488
vn 0.1657 0.0156 0.9861
vn -0.5070 0.0115 0.8619
vn -0.9424 0.0105 0.3343
vn -0.9368 0.0130 -0.3497
vn -0.4928 0.0178 -0.8699
vn 0.1816 0.0227 -0.9831
vn 0.7710 0.0254 -0.6363
vn 0.9395 0.0238 -0.3418
vn 0.9395 0.0181 0.3421
vn 0.7602 0.0160 0.6495
vn 0.1649 0.0107 0.9862
vn -0.5075 0.0088 0.8616
vn -0.9425 0.0113 0.3340
vn -0.9366 0.0168 -0.3499
vn -0.4925 0.0230 -0.8700
vn 0.1821 0.0267 -0.9829
vn 0.7714 0.0264 -0.6358
vn 0.9395 0.0237 -0.3418
vn 0.9395 0.0168 0.3421
vn 0.7599 0.0144 0.6499
vn 0.1644 0.0114 0.9863
vn -0.5080 0.0115 0.8613
vn -0.9427 0.0146 0.3333
vn -0.9363 0.0193 -0.3506
vn -0.4918 0.0234 -0.8704
vn 0.1829 0.0250 -0.9828
vn 0.7719 0.0233 -0.6353
vn 0.9395 0.0192 -0.3419
vn 0.9396 0.0134 0.3420
vn 0.7595 0.0146 0.6504
vn 0.1637 0.0167 0.9864
vn -0.5087 0.0195 0.8607
vn -0.9429 0.0216 0.3323
vn -0.9359 0.0220 -0.3515
vn -0.4910 0.0205 -0.8709
vn 0.1836 0.0179 -0.9828
vn 0.7724 0.0153 -0.6349
vn 0.9396 0.0129 -0.3420
vn 0.9396 0.0177 0.3419
vn 0.7588 0.0228 0.6510
vn 0.1628 0.0251 0.9863
vn -0.5093 0.0241 0.8603
vn -0.9432 0.0203 0.3316
vn -0.9358 0.0153 -0.3523
vn -0.4904 0.0117 -0.8714
vn 0.1845 0.0110 -0.9828
vn 0.7730 0.0135 -0.6342
vn 0.9395 0.0164 -0.3422
vn 0.9395 0.0264 0.3416
vn 0.7579 0.0305 0.6517
vn 0.1614 0.0312 0.9864
vn -0.5106 0.0257 0.8594
vn -0.9437 0.0166 0.3304
vn -0.9355 0.0082 -0.3533
vn -0.4897 0.0043 -0.8719
vn 0.1852 0.0069 -0.9827
vn 0.7734 0.0147 -0.6337
vn 0.9394 0.0184 -0.3422
vn 0.9394 0.0254 0.3418
vn 0.7572 0.0270 0.6526
vn 0.1604 0.0269 0.9867
vn -0.5115 0.0226 0.8590
vn -0.9441 0.0162 0.3292
vn -0.9349 0.0106 -0.3548
vn -0.4881 0.0085 -0.8727
vn 0.1869 0.0108 -0.9823
vn 0.7745 0.0165 -0.6324
vn 0.9395 0.0173 -0.3420
vn 0.9396 0.0172 0.3419
vn 0.7561 0.0189 0.6542
vn 0.1586 0.0198 0.9871
vn -0.5131 0.0199 0.8581
vn -0.9446 0.0191 0.3276
vn -0.9342 0.0178 -0.3562
vn -0.4868 0.0166 -0.8734
vn 0.1884 0.0160 -0.9820
vn 0.7755 0.0164 -0.6311
vn 0.9396 0.0157 -0.3420
vn 0.9396 0.0166 0.3420
vn 0.7547 0.0174 0.6558
vn 0.1566 0.0175 0.9875
vn -0.5148 0.0177 0.8572
vn -0.9453 0.0181 0.3257
vn -0.9335 0.0185 -0.3582
vn -0.4848 0.0186 -0.8744
vn 0.1907 0.0184 -0.9815
vn 0.7770 0.0181 -0.6293
vn 0.9396 0.0167 -0.3419
vn 0.9396 0.0148 0.3420
vn 0.7528 0.0154 0.6581
vn 0.1537 0.0151 0.9880
vn -0.5173 0.0161 0.8556
vn -0.9462 0.0181 0.3229
vn -0.9324 0.0200 -0.3608
vn -0.4823 0.0209 -0.8757
vn 0.1935 0.0205 -0.9809
vn 0.7788 0.0190 -0.6270
vn 0.9396 0.0171 -0.3420
vn 0.9396 0.0169 0.3420
vn 0.7501 0.0180 0.6611
vn 0.1497 0.0180 0.9886
vn -0.5208 0.0180 0.8535
vn -0.9476 0.0180 0.3191
vn -0.9310 0.0180 -0.3647
vn -0.4788 0.0180 -0.8778
vn 0.1975 0.0180 -0.9801
vn 0.7813 0.0180 -0.6239
vn 0.9396 0.0169 -0.3420
vn 0.9396 0.0169 0.3420
vn 0.7461 0.0180 0.6656
vn 0.1437 0.0180 0.9895
vn -0.5259 0.0180 0.8503
vn -0.9495 0.0180 0.3133
vn -0.9287 0.0180 -0.3703
vn -0.4734 0.0180 -0.8806
vn 0.2034 0.0180 -0.9789
vn 0.7851 0.0180 -0.6192
vn 0.9396 0.0169 -0.3420
vn 0.9396 0.0173 0.3420
vn 0.7393 0.0186 0.6731
vn 0.1337 0.0185 0.9909
vn -0.5345 0.0181 0.8450
vn -0.9526 0.0177 0.3037
vn -0.9250 0.0174 -0.3796
vn -0.4645 0.0174 -0.8854
vn 0.2132 0.0176 -0.9768
vn 0.7912 0.0181 -0.6112
vn 0.9395 0.0174 -0.3420
vn 0.9395 0.0179 0.3420
vn 0.7256 0.0188 0.6879
vn 0.1137 0.0185 0.9933
vn -0.5514 0.0179 0.8340
vn -0.9585 0.0174 0.2844
vn -0.9171 0.0172 -0.3982
vn -0.4466 0.0173 -0.8946
vn 0.2329 0.0177 -0.9723
vn 0.8034 0.0183 -0.5951
vn 0.9396 0.0172 -0.3420
vn 0.9396 0.0169 0.3420
vn 0.6829 0.0179 0.7303
vn 0.0538 0.0179 0.9984
vn -0.6006 0.0179 0.7994
vn -0.9739 0.0179 0.2263
vn -0.8915 0.0179 -0.4526
vn -0.3920 0.0179 -0.9198
vn 0.2909 0.0179 -0.9566
vn 0.8378 0.0179 -0.5458
vn 0.9396 0.0169 -0.3420
vn 0.9396 0.0169 0.3420
vn 0.4999 0.0169 0.8659
vn -0.1736 0.0169 0.9847
vn -0.7659 0.0169 0.6427
vn -0.9999 0.0169 0.0000
vn -0.7659 0.0169 -0.6427
vn -0.1736 0.0169 -0.9847
vn 0.4999 0.0169 -0.8659
vn 0.9396 0.0169 -0.3420
vn 0.0000 0.0000 0.0000
vn -0.7349 -0.6661 0.1275
vn -0.2925 -0.9137 0.2823
vn 0.9456 -0.2407 0.2188
vn 0.2899 0.8933 -0.3434
vn -0.6676 0.6345 -0.3895
vn -0.7157 -0.6675 0.2055
vn 0.0720 -0.8705 0.4869
vn 0.9858 0.1292 0.1073
vn -0.0514 0.8376 -0.5439
vn -0.6808 0.5285 -0.5071
vn -0.7398 -0.5609 0.3715
vn 0.0616 -0.7989 0.5983
vn 0.9928 -0.0029 -0.1198
vn -0.0520 0.7526 -0.6564
vn -0.6323 0.6709 -0.3874
vn -0.7677 -0.3445 0.5403
vn 0.0172 -0.7856 0.6185
vn 0.9243 -0.2174 -0.3137
vn -0.0340 0.7519 -0.6584
vn -0.4936 0.8077 -0.3226
vn -0.6020 -0.1000 0.7922
vn 0.1615 -0.8062 0.5692
vn 0.7091 -0.3072 -0.6346
vn -0.2015 0.7738 -0.6006
vn -0.5129 0.8335 -0.2053
vn -0.6257 -0.1960 0.7551
vn 0.4230 -0.8984 0.1180
vn 0.5966 0.1776 -0.7827
vn -0.4520 0.8800 -0.1456
vn 0.0000 0.0000 0.0000
vn -0.7153 -0.6731 0.1876
vn -0.3298 -0.8952 0.2998
vn 0.9597 -0.2623 0.1005
vn 0.3495 0.8581 -0.3761
vn -0.6807 0.6559 -0.3262
vn -0.7750 -0.5638 0.2854
vn -0.0394 -0.8936 0.4470
vn 0.9778 -0.0975 -0.1854
vn 0.0477 0.8444 -0.5336
vn -0.5146 0.8282 -0.2221
vn -0.7430 -0.1099 0.6602
vn -0.2035 -0.6829 0.7015
vn 0.7347 -0.5561 -0.3885
vn 0.1503 0.6332 -0.7593
vn -0.0545 0.8733 -0.4841
vn -0.3048 0.6761 0.6708
vn -0.1673 0.0001 0.9859
vn 0.1049 -0.9945 0.0051
vn 0.1142 -0.0150 -0.9933
vn 0.2160 0.2956 -0.9306
vn 0.1921 0.9736 0.1234
vn -0.0822 0.4312 0.8985
vn -0.3638 -0.8533 0.3735
vn 0.0325 -0.4157 -0.9089
vn 0.2106 -0.2677 -0.9402
vn 0.4314 0.8881 -0.1584
vn -0.3156 0.3140 0.8955
vn -0.4687 -0.8720 0.1412
vn 0.2785 -0.2978 -0.9131
vn 0.0000 0.0000 0.0000
vn -0.6853 -0.6693 0.2871
vn -0.2570 -0.9037 0.3424
vn 0.9628 -0.2701 0.0059
vn 0.2497 0.8812 -0.4013
vn -0.7191 0.6545 -0.2335
vn -0.6963 -0.6522 0.2996
vn 0.0889 -0.9267 0.3652
vn 0.9915 0.0565 -0.1175
vn -0.0834 0.9004 -0.4270
vn -0.7064 0.6536 -0.2715
vn -0.7183 -0.5592 0.4140
vn 0.0946 -0.8676 0.4881
vn 0.9661 -0.0014 -0.2580
vn -0.1118 0.8341 -0.5401
vn -0.6841 0.6997 -0.2058
vn -0.6879 -0.5727 0.4458
vn 0.1406 -0.9630 0.2299
vn 0.9331 0.0780 -0.3510
vn -0.1619 0.9426 -0.2922
vn -0.7224 0.6767 -0.1424
vn -0.6633 -0.7343 -0.1447
vn 0.3639 -0.9314 -0.0070
vn 0.9170 0.3701 0.1489
vn -0.3512 0.9349 -0.0508
vn -0.7034 0.6880 -0.1786
vn -0.5336 -0.6770 -0.5069
vn 0.7159 -0.6808 0.1546
vn 0.5536 0.6880 0.4692
vn -0.6959 0.6919 -0.1923
vn 0.0000 0.0000 0.0000
vn -0.6527 -0.6693 0.3549
vn -0.2377 -0.8993 0.3671
vn 0.9566 -0.2681 -0.1145
vn 0.2307 0.8697 -0.4363
vn -0.7330 0.6626 -0.1539
vn -0.6662 -0.5927 0.4526
vn 0.1146 -0.8947 0.4316
vn 0.9413 -0.0413 -0.3350
vn -0.1220 0.8651 -0.4866
vn -0.6753 0.7294 -0.1097
vn -0.6088 -0.4454 0.6565
vn 0.0955 -0.8808 0.4638
vn 0.8404 -0.1795 -0.5114
vn -0.1266 0.8484 -0.5139
vn -0.5979 0.7946 -0.1053
vn -0.6233 -0.3072 0.7191
vn 0.0876 -0.8276 0.5545
vn 0.8190 -0.2514 -0.5157
vn -0.1201 0.7981 -0.5904
vn -0.5488 0.8082 -0.2136
vn -0.6147 -0.2600 0.7447
vn 0.2206 -0.8536 0.4718
vn 0.7746 -0.1355 -0.6178
vn -0.2530 0.8216 -0.5108
vn -0.6111 0.7699 -0.1839
vn -0.7082 -0.4268 0.5624
vn 0.5891 -0.7961 0.1385
vn 0.6909 0.4067 -0.5977
vn -0.6064 0.7760 -0.1738
vn 0.0000 0.0000 0.0000
vn -0.5996 -0.6701 0.4376
vn -0.1465 -0.9100 0.3879
vn 0.9438 -0.2348 -0.2325
vn 0.1238 0.8861 -0.4466
vn -0.7796 0.6248 -0.0423
vn -0.5991 -0.7348 0.3179
vn 0.1960 -0.9714 0.1339
vn 0.9494 0.1739 -0.2616
vn -0.2247 0.9542 -0.1975
vn -0.8081 0.5837 -0.0793
vn -0.5789 -0.8136 -0.0542
vn 0.2917 -0.9565 -0.0068
vn 0.9473 0.2995 0.1135
vn -0.2826 0.9577 -0.0544
vn -0.8087 0.5466 -0.2174
vn -0.5033 -0.8493 -0.1594
vn 0.3789 -0.9122 0.1557
vn 0.8889 0.4083 0.2075
vn -0.3590 0.9081 -0.2155
vn -0.8451 0.4705 -0.2537
vn -0.4914 -0.8553 0.1642
vn 0.5584 -0.7823 0.2762
vn 0.8246 0.5592 -0.0856
vn -0.5511 0.7651 -0.3331
vn -0.8763 0.4025 -0.2647
vn -0.4742 -0.8148 0.3336
vn 0.8758 -0.3992 0.2714
vn 0.4784 0.7950 -0.3729
vn -0.8715 0.3794 -0.3106
vn 0.0000 0.0000 0.0000
vn -0.5477 -0.6680 0.5039
vn -0.1331 -0.9010 0.4128
vn 0.9049 -0.2797 -0.3207
vn 0.1057 0.8777 -0.4674
vn -0.7492 0.6621 0.0203
vn -0.5648 -0.6427 0.5177
vn 0.1890 -0.9310 0.3122
vn 0.8981 0.0273 -0.4389
vn -0.2168 0.9041 -0.3683
vn -0.7259 0.6866 -0.0405
vn -0.6037 -0.5668 0.5606
vn 0.1886 -0.8622 0.4702
vn 0.9493 0.0356 -0.3125
vn -0.2054 0.8277 -0.5222
vn -0.7411 0.6036 -0.2942
vn -0.6358 -0.4519 0.6258
vn 0.2319 -0.6571 0.7172
vn 0.9520 0.0696 -0.2979
vn -0.2347 0.6022 -0.7631
vn -0.7397 0.4613 -0.4899
vn -0.6818 -0.1084 0.7235
vn 0.3133 -0.3942 0.8640
vn 0.8804 -0.1737 -0.4412
vn -0.3335 0.3421 -0.8785
vn -0.5833 0.5179 -0.6258
vn -0.4214 0.4676 0.7770
vn 0.5096 -0.5863 0.6298
vn 0.3884 -0.4969 -0.7761
vn -0.5426 0.5570 -0.6288
vn 0.0000 0.0000 0.0000
vn -0.4755 -0.6556 0.5865
vn 0.0429 -0.9240 0.3800
vn 0.8651 -0.1913 -0.4637
vn -0.0381 0.8988 -0.4367
vn -0.8068 0.5669 0.1663
vn -0.3700 -0.7475 0.5516
vn 0.3482 -0.9374 0.0086
vn 0.6197 0.2070 -0.7571
vn -0.3945 0.9168 -0.0616
vn -0.6707 0.5038 0.5443
vn -0.3069 -0.8922 0.3313
vn 0.1371 -0.8886 -0.4377
vn 0.4670 0.4466 -0.7631
vn -0.2081 0.8943 0.3962
vn -0.5011 0.4092 0.7626
vn -0.5574 -0.8044 0.2054
vn 0.0596 -0.8887 -0.4545
vn 0.7721 0.3055 -0.5573
vn -0.0976 0.9037 0.4169
vn -0.5136 0.6605 0.5476
vn -0.6718 -0.7360 0.0842
vn 0.2169 -0.8279 -0.5173
vn 0.7959 0.4567 -0.3975
vn -0.2504 0.8474 0.4682
vn -0.5569 0.5130 0.6532
vn -0.7874 -0.5814 -0.2047
vn 0.4347 -0.2894 -0.8528
vn 0.7678 0.6141 0.1825
vn -0.4543 0.3220 0.8306
vn 0.0000 0.0000 0.0000
vn -0.4133 -0.6640 0.6230
vn -0.0151 -0.9032 0.4290
vn 0.8085 -0.2713 -0.5223
vn -0.0171 0.8787 -0.4771
vn -0.7325 0.6510 0.1990
vn -0.4464 -0.6793 0.5824
vn 0.2270 -0.9606 0.1603
vn 0.7321 0.1550 -0.6633
vn -0.2902 0.9340 -0.2084
vn -0.7541 0.5970 0.2736
vn -0.5336 -0.8129 0.2332
vn 0.2871 -0.9262 -0.2445
vn 0.8832 0.3656 -0.2938
vn -0.3221 0.9293 0.1808
vn -0.8934 0.4426 0.0770
vn -0.3717 -0.7838 -0.4975
vn 0.5808 -0.7712 -0.2606
vn 0.8058 0.4270 0.4104
vn -0.5650 0.7996 0.2033
vn -0.9008 0.4162 -0.1242
vn -0.0574 -0.6518 -0.7562
vn 0.8836 -0.3824 -0.2701
vn 0.4564 0.6139 0.6441
vn -0.8756 0.4275 0.2249
vn -0.9967 -0.0090 -0.0809
vn 0.0729 -0.2804 -0.9571
vn 0.9385 0.3439 -0.0297
vn -0.0868 0.3200 0.9434
vn -0.9524 -0.3043 0.0160
vn 0.0000 0.0000 0.0000
vn -0.3632 -0.6776 0.6395
vn 0.1376 -0.9427 0.3040
vn 0.6718 -0.0672 -0.7377
vn -0.1524 0.8856 -0.4388
vn -0.8131 0.3947 0.4279
vn -0.1782 -0.7043 0.6872
vn 0.4944 -0.8478 -0.1921
vn 0.2003 0.1333 -0.9706
vn -0.6570 0.7278 0.1967
vn -0.4039 0.7713 0.4919
vn 0.4856 0.0153 0.8740
vn 0.1756 -0.3143 0.9329
vn -0.6077 -0.7939 0.0205
vn -0.1618 0.2533 -0.9538
vn 0.1038 0.6505 -0.7524
vn 0.4283 0.6938 0.5790
vn -0.0425 0.0019 0.9991
vn -0.6497 -0.7591 -0.0414
vn -0.0046 0.0272 -0.9996
vn 0.4646 0.4056 -0.7871
vn 0.5669 0.3721 0.7349
vn -0.3504 -0.2060 0.9137
vn -0.8000 -0.4320 -0.4165
vn 0.3210 0.2610 -0.9104
vn 0.7750 0.4650 -0.4280
vn 0.5337 -0.1131 0.8380
vn -0.8092 -0.3540 0.4690
vn -0.5450 0.1535 -0.8243
vn 0.7986 0.3944 -0.4547
vn 0.0000 0.0000 0.0000
vn -0.2557 -0.6626 0.7040
vn 0.1094 -0.9108 0.3981
vn 0.6612 -0.2222 -0.7165
vn -0.1554 0.8890 -0.4307
vn -0.6806 0.6096 0.4063
vn -0.2889 -0.7479 0.5976
vn 0.3103 -0.9497 -0.0426
vn 0.6267 0.2242 -0.7463
vn -0.3513 0.9363 -0.0029
vn -0.7514 0.4982 0.4326
vn -0.3314 -0.8800 0.3403
vn 0.3431 -0.9093 -0.2356
vn 0.5477 0.3826 -0.7441
vn -0.4005 0.8995 0.1747
vn -0.5516 0.4898 0.6751
vn -0.2890 -0.8000 0.5259
vn 0.0602 -0.9729 -0.2231
vn 0.4123 0.2260 -0.8826
vn -0.1163 0.9733 0.1978
vn -0.2995 0.7796 0.5500
vn -0.4425 -0.5223 0.7290
vn 0.0568 -0.9982 -0.0182
vn 0.5451 0.0412 -0.8374
vn -0.1021 0.9947 -0.0147
vn -0.3157 0.9301 0.1877
vn -0.5831 -0.3489 0.7336
vn 0.3976 -0.9102 -0.1161
vn 0.5518 0.3377 -0.7626
vn -0.4292 0.8990 0.0873
vn 0.0000 0.0000 0.0000
vn -0.2114 -0.6801 0.7020
vn 0.0293 -0.8718 0.4890
vn 0.5715 -0.3673 -0.7338
vn -0.1191 0.8279 -0.5481
vn -0.5873 0.7464 0.3130
vn -0.2408 -0.4483 0.8609
vn 0.2805 -0.8589 0.4286
vn 0.4991 -0.2561 -0.8278
vn -0.3067 0.8345 -0.4578
vn -0.4853 0.8616 0.1487
vn -0.1067 -0.2280 0.9678
vn 0.2550 -0.8368 0.4845
vn 0.2482 -0.4259 -0.8701
vn -0.3204 0.8095 -0.4920
vn -0.3598 0.9226 0.1393
vn -0.1276 -0.1138 0.9853
vn 0.1050 -0.8441 0.5258
vn 0.2641 -0.4859 -0.8332
vn -0.1594 0.8307 -0.5334
vn -0.3460 0.9381 -0.0162
vn -0.3177 -0.1349 0.9386
vn 0.1512 -0.9093 0.3877
vn 0.3865 -0.3061 -0.8700
vn -0.2046 0.8901 -0.4072
vn -0.3657 0.9293 0.0519
vn -0.4285 -0.2154 0.8775
vn 0.2708 -0.9572 -0.1023
vn 0.3903 0.2057 -0.8974
vn -0.3089 0.9475 0.0824
vn 0.0000 0.0000 0.0000
vn -0.0898 -0.6639 0.7424
vn 0.1809 -0.9041 0.3872
vn 0.4863 -0.2628 -0.8333
vn -0.2274 0.8798 -0.4175
vn -0.5659 0.6449 0.5137
vn -0.0761 -0.6592 0.7481
vn 0.3432 -0.9378 0.0515
vn 0.3253 0.0623 -0.9436
vn -0.3927 0.9167 -0.0737
vn -0.5018 0.6477 0.5733
vn -0.0424 -0.7161 0.6967
vn 0.2985 -0.9406 -0.1618
vn 0.2255 0.2332 -0.9459
vn -0.3494 0.9267 0.1385
vn -0.4448 0.4809 0.7556
vn 0.0726 -0.9136 0.4000
vn 0.2629 -0.7340 -0.6262
vn -0.0697 0.6459 -0.7603
vn -0.3271 0.7152 0.6177
vn -0.0918 -0.0543 0.9943
vn 0.1498 -0.9543 -0.2587
vn -0.0179 -0.0569 -0.9982
vn -0.1054 0.9904 -0.0891
vn -0.0452 0.0580 0.9973
vn -0.1668 -0.7297 0.6631
vn -0.1193 -0.6461 -0.7539
vn 0.5214 0.6052 -0.6016
vn 0.0824 0.6666 0.7409
vn -0.5582 -0.5847 0.5886
vn 0.0000 0.0000 0.0000
vn 0.0070 -0.6598 0.7514
vn 0.2645 -0.9213 0.2852
vn 0.3621 -0.1629 -0.9178
vn -0.3156 0.9009 -0.2980
vn -0.4964 0.5567 0.6661
vn -0.0607 -0.8195 0.5699
vn 0.2238 -0.9490 -0.2222
vn 0.2759 0.2793 -0.9197
vn -0.3084 0.9329 0.1861
vn -0.4970 0.5243 0.6914
vn -0.4077 -0.7667 0.4959
vn 0.0540 -0.9933 -0.1022
vn 0.5899 0.0952 -0.8018
vn -0.1113 0.9918 0.0621
vn -0.3588 0.8452 0.3961
vn -0.5902 -0.3805 0.7119
vn -0.0890 -0.9448 0.3152
vn 0.7535 -0.2897 -0.5902
vn 0.0445 0.9280 -0.3699
vn -0.2784 0.9277 -0.2487
vn -0.7423 0.1140 0.6603
vn 0.0276 -0.5197 0.8539
vn 0.8513 -0.4424 -0.2820
vn -0.0547 0.4780 -0.8766
vn -0.1989 0.5296 -0.8246
vn -0.5460 0.6341 0.5475
vn 0.4314 -0.3467 0.8329
vn 0.5142 -0.6643 -0.5425
vn -0.4631 0.3165 -0.8278
vn 0.0000 0.0000 0.0000
vn 0.0817 -0.6622 0.7449
vn 0.2663 -0.9040 0.3345
vn 0.2629 -0.2270 -0.9377
vn -0.3287 0.8840 -0.3323
vn -0.4277 0.6105 0.6666
vn -0.0054 -0.7363 0.6766
vn 0.2571 -0.9619 -0.0925
vn 0.2952 0.1830 -0.9378
vn -0.3296 0.9424 0.0570
vn -0.5649 0.5760 0.5908
vn -0.2123 -0.6898 0.6922
vn 0.3369 -0.9322 0.1322
vn 0.4410 0.0350 -0.8968
vn -0.3950 0.9035 -0.1663
vn -0.4513 0.8194 0.3535
vn -0.1388 -0.2886 0.9473
vn 0.2542 -0.8702 0.4220
vn 0.4230 -0.2906 -0.8583
vn -0.2974 0.8527 -0.4295
vn -0.5419 0.8402 0.0220
vn -0.2768 -0.3817 0.8819
vn 0.4293 -0.8761 0.2194
vn 0.4529 0.0097 -0.8915
vn -0.4752 0.8444 -0.2471
vn -0.6586 0.6873 0.3065
vn -0.4061 -0.6648 0.6270
vn 0.5620 -0.7230 -0.4018
vn 0.3746 0.6550 -0.6562
vn -0.5937 0.7132 0.3726
vn 0.0000 0.0000 0.0000
vn 0.1296 -0.6778 0.7238
vn 0.2439 -0.8666 0.4354
vn 0.1881 -0.3968 -0.8984
vn -0.3534 0.8265 -0.4382
vn -0.3871 0.7576 0.5256
vn 0.0481 -0.4830 0.8743
vn 0.3303 -0.9104 0.2491
vn 0.2667 -0.1685 -0.9489
vn -0.3584 0.8981 -0.2549
vn -0.4888 0.7903 0.3695
vn 0.0167 -0.5063 0.8622
vn 0.3791 -0.9165 0.1280
vn 0.1536 -0.0809 -0.9848
vn -0.4405 0.8857 -0.1466
vn -0.3909 0.7142 0.5806
vn 0.1587 -0.5631 0.8110
vn 0.2517 -0.9672 -0.0351
vn -0.1333 -0.0365 -0.9904
vn -0.3281 0.9438 0.0406
vn -0.1417 0.8465 0.5131
vn 0.4059 -0.2148 0.8883
vn 0.0981 -0.9662 0.2384
vn -0.5650 -0.2802 -0.7760
vn -0.1501 0.9676 -0.2028
vn 0.1945 0.9563 -0.2182
vn 0.6344 0.0560 0.7710
vn -0.4808 -0.7520 0.4509
vn -0.6609 -0.0277 -0.7499
vn 0.4543 0.7803 -0.4298
vn 0.0000 0.0000 0.0000
vn 0.2733 -0.6589 0.7008
vn 0.3526 -0.9222 0.1586
vn 0.0310 -0.1552 -0.9874
vn -0.3863 0.9096 -0.1527
vn -0.2321 0.5416 0.8079
vn 0.2721 -0.7953 0.5418
vn 0.2996 -0.8802 -0.3681
vn -0.1260 0.3558 -0.9260
vn -0.3600 0.8545 0.3746
vn -0.2143 0.2982 0.9301
vn 0.1964 -0.9496 0.2444
vn 0.2562 -0.6971 -0.6697
vn -0.0542 0.7063 -0.7058
vn -0.3200 0.6742 0.6656
vn -0.2826 -0.0821 0.9557
vn 0.0244 -0.9728 -0.2305
vn 0.2821 -0.2869 -0.9155
vn 0.2102 0.9481 -0.2384
vn -0.3459 0.2949 0.8907
vn -0.5531 -0.4290 0.7141
vn -0.1713 -0.7621 -0.6244
vn 0.5556 -0.0175 -0.8313
vn 0.4605 0.8409 0.2842
vn -0.5946 0.0528 0.8023
vn -0.7874 -0.3034 0.5366
vn -0.1966 -0.6986 -0.6880
vn 0.8360 0.2468 -0.4902
vn 0.1747 0.7277 0.6632
vn -0.8579 -0.2176 0.4654
vn 0.0000 0.0000 0.0000
vn 0.3216 -0.6681 0.6709
vn 0.3590 -0.8926 0.2727
vn -0.0425 -0.3032 -0.9520
vn -0.4291 0.8650 -0.2601
vn -0.2098 0.6800 0.7025
vn 0.2466 -0.6421 0.7259
vn 0.2578 -0.9659 -0.0250
vn -0.0841 -0.0007 -0.9965
vn -0.3261 0.9452 0.0177
vn -0.2751 0.7309 0.6246
vn 0.1493 -0.5101 0.8471
vn 0.2472 -0.9652 0.0857
vn -0.1947 -0.1117 -0.9745
vn -0.3046 0.9474 -0.0987
vn 0.0392 0.8403 0.5407
vn 0.4785 -0.5711 0.6670
vn 0.0089 -0.9946 -0.1037
vn -0.6800 0.0567 -0.7310
vn -0.0661 0.9867 0.1488
vn 0.4908 0.6899 0.5322
vn 0.7380 -0.6381 0.2194
vn -0.2508 -0.9652 -0.0736
vn -0.9617 0.2350 -0.1410
vn 0.2425 0.9606 0.1360
vn 0.6393 0.7690 0.0010
vn 0.7717 -0.6304 0.0841
vn -0.6019 -0.6824 0.4148
vn -0.7625 0.6455 -0.0437
vn 0.6110 0.6975 -0.3743
vn 0.0000 0.0000 0.0000
vn 0.4175 -0.6591 0.6255
vn 0.3873 -0.9103 0.1460
vn -0.1738 -0.2288 -0.9578
vn -0.4321 0.8913 -0.1371
vn -0.0814 0.6132 0.7857
vn 0.4071 -0.7109 0.5735
vn 0.2871 -0.9359 -0.2040
vn -0.3468 0.0969 -0.9329
vn -0.3692 0.9005 0.2297
vn -0.0976 0.6665 0.7391
vn 0.3498 -0.5448 0.7621
vn 0.2804 -0.9524 0.1200
vn -0.2389 -0.2041 -0.9494
vn -0.3443 0.9325 -0.1096
vn -0.2088 0.9237 0.3213
vn 0.2205 -0.0484 0.9742
vn 0.2744 -0.7885 0.5504
vn -0.2227 -0.6338 -0.7407
vn -0.3315 0.7741 -0.5393
vn -0.0631 0.9705 -0.2327
vn 0.4769 0.3461 0.8080
vn 0.0562 -0.6365 0.7692
vn -0.6329 -0.6304 -0.4495
vn -0.1034 0.6655 -0.7392
vn 0.2946 0.7105 -0.6391
vn 0.7139 0.2897 0.6376
vn -0.5261 -0.3783 0.7617
vn -0.7340 -0.2510 -0.6310
vn 0.5059 0.4170 -0.7551
vn 0.0000 0.0000 0.0000
vn 0.4587 -0.6619 0.5928
vn 0.4200 -0.8744 0.2428
vn -0.2425 -0.3673 -0.8979
vn -0.5017 0.8391 -0.2104
vn -0.0825 0.7321 0.6762
vn 0.4271 -0.5494 0.7181
vn 0.3053 -0.9522 0.0018
vn -0.2806 -0.0885 -0.9557
vn -0.3390 0.9407 0.0156
vn -0.1306 0.7659 0.6295
vn 0.2997 -0.6530 0.6955
vn 0.2336 -0.9619 -0.1422
vn -0.2373 0.0806 -0.9681
vn -0.3149 0.9374 0.1484
vn -0.1207 0.6438 0.7556
vn 0.3911 -0.5521 0.7363
vn 0.2941 -0.9538 -0.0610
vn -0.4526 -0.1126 -0.8846
vn -0.3542 0.9313 0.0849
vn 0.0638 0.9244 0.3760
vn 0.6555 -0.2376 0.7168
vn 0.0386 -0.9560 0.2907
vn -0.7822 -0.2241 -0.5813
vn -0.0749 0.9664 -0.2459
vn 0.2463 0.9604 -0.1305
vn 0.6801 -0.0689 0.7299
vn -0.4359 -0.8382 0.3276
vn -0.7058 0.0919 -0.7024
vn 0.4102 0.8612 -0.3002
vn 0.0000 0.0000 0.0000
vn 0.5124 -0.6692 0.5381
vn 0.4257 -0.8881 0.1734
vn -0.3686 -0.3496 -0.8614
vn -0.5310 0.8335 -0.1525
vn -0.0064 0.7115 0.7027
vn 0.6177 -0.4750 0.6267
vn 0.3559 -0.9344 -0.0139
vn -0.6606 -0.2899 -0.6925
vn -0.4200 0.9067 0.0386
vn 0.1593 0.9330 0.3226
vn 0.7916 -0.2725 0.5470
vn 0.2086 -0.9155 0.3440
vn -0.8954 -0.3300 -0.2988
vn -0.2318 0.9279 -0.2920
vn 0.4207 0.8985 -0.1252
vn 0.7604 -0.3233 0.5633
vn -0.0298 -0.8814 0.4714
vn -0.8721 -0.2378 -0.4276
vn -0.0087 0.9094 -0.4158
vn 0.4215 0.9041 0.0711
vn 0.6997 -0.2826 0.6561
vn -0.0159 -0.9675 0.2525
vn -0.8604 -0.1392 -0.4902
vn -0.0145 0.9798 -0.1996
vn 0.3920 0.9061 -0.1588
vn 0.8027 -0.2425 0.5448
vn -0.5350 -0.6954 0.4797
vn -0.8141 0.2715 -0.5134
vn 0.5237 0.7244 -0.4483
vn 0.0000 0.0000 0.0000
vn 0.5995 -0.6640 0.4469
vn 0.4139 -0.9103 0.0102
vn -0.5162 -0.1933 -0.8344
vn -0.4464 0.8939 0.0411
vn 0.2167 0.5753 0.7887
vn 0.4849 -0.7674 0.4195
vn 0.1063 -0.9408 -0.3218
vn -0.4536 0.2395 -0.8584
vn -0.1779 0.9144 0.3635
vn 0.0069 0.4985 0.8669
vn 0.1955 -0.8033 0.5625
vn 0.1971 -0.9507 -0.2396
vn -0.0884 0.2232 -0.9708
vn -0.2501 0.9390 0.2360
vn -0.1903 0.6425 0.7423
vn 0.1290 -0.7044 0.6980
vn 0.1908 -0.9692 -0.1558
vn -0.1477 0.1416 -0.9788
vn -0.2626 0.9507 0.1650
vn -0.0614 0.7803 0.6223
vn 0.1711 -0.4413 0.8809
vn 0.0242 -0.9978 0.0615
vn -0.1475 -0.0505 -0.9878
vn -0.0787 0.9953 -0.0562
vn -0.1576 0.9684 0.1931
vn -0.1970 -0.2243 0.9544
vn 0.2127 -0.9601 -0.1814
vn 0.1548 0.2158 -0.9641
vn -0.2548 0.9517 0.1715
vn 0.0000 0.0000 0.0000
vn 0.6537 -0.6599 0.3704
vn 0.3573 -0.9281 -0.1045
vn -0.6331 -0.1149 -0.7655
vn -0.4027 0.9041 0.1428
vn 0.3410 0.5419 0.7682
vn 0.6930 -0.7129 0.1073
vn 0.0927 -0.7773 -0.6222
vn -0.8218 0.2813 -0.4955
vn -0.1582 0.7104 0.6857
vn 0.4136 0.3812 0.8268
vn 0.8530 -0.2968 -0.4294
vn -0.0124 -0.1965 -0.9804
vn -0.9681 0.1899 -0.1633
vn -0.0079 0.1315 0.9913
vn 0.4019 -0.0673 0.9132
vn 0.7619 0.1503 -0.6300
vn -0.1244 -0.2276 -0.9658
vn -0.8633 -0.4655 0.1947
vn 0.1578 0.1433 0.9770
vn 0.5573 0.5480 0.6238
vn 0.8232 -0.4691 -0.3197
vn -0.1099 -0.9829 -0.1479
vn -0.9277 0.0396 0.3712
vn 0.1313 0.9698 0.2054
vn 0.5176 0.8524 -0.0744
vn 0.8538 -0.5158 -0.0709
vn -0.4452 -0.7941 0.4137
vn -0.8415 0.5287 0.1113
vn 0.4575 0.8070 -0.3734
vn 0.0000 0.0000 0.0000
vn 0.6834 -0.6657 0.2997
vn 0.4356 -0.8986 -0.0528
vn -0.6538 -0.2777 -0.7039
vn -0.4898 0.8673 0.0885
vn 0.3069 0.6561 0.6895
vn 0.7276 -0.6183 0.2974
vn 0.1845 -0.9414 -0.2824
vn -0.8444 -0.0135 -0.5355
vn -0.2223 0.9209 0.3203
vn 0.4083 0.7291 0.5493
vn 0.7697 -0.6192 0.1552
vn 0.0992 -0.9422 -0.3200
vn -0.9115 0.0450 -0.4088
vn -0.1265 0.9185 0.3745
vn 0.4885 0.6625 0.5679
vn 0.8020 -0.5973 0.0051
vn 0.0585 -0.8883 -0.4556
vn -0.9499 0.0718 -0.3043
vn -0.0806 0.8573 0.5084
vn 0.4509 0.6617 0.5991
vn 0.8116 -0.5778 0.0860
vn -0.0816 -0.9357 -0.3431
vn -0.9717 0.1415 -0.1889
vn 0.0677 0.9150 0.3977
vn 0.4565 0.8149 0.3570
vn 0.8157 -0.5402 0.2070
vn -0.5378 -0.8401 -0.0710
vn -0.8248 0.5412 -0.1638
vn 0.5287 0.8411 0.1141
vn 0.0000 0.0000 0.0000
vn 0.7269 -0.6530 0.2128
vn 0.3872 -0.9117 -0.1378
vn -0.7534 -0.2255 -0.6177
vn -0.4031 0.8965 0.1837
vn 0.4500 0.6081 0.6540
vn 0.6775 -0.7191 0.1548
vn 0.0721 -0.9045 -0.4204
vn -0.8093 0.1766 -0.5603
vn -0.1190 0.8724 0.4741
vn 0.3830 0.5180 0.7648
vn 0.6974 -0.6874 0.2025
vn 0.1531 -0.9054 -0.3960
vn -0.8427 0.0809 -0.5323
vn -0.1872 0.8792 0.4382
vn 0.3681 0.6928 0.6201
vn 0.6906 -0.6373 0.3420
vn 0.0288 -0.9886 -0.1477
vn -0.8536 0.0765 -0.5154
vn -0.0625 0.9767 0.2054
vn 0.4009 0.7772 0.4851
vn 0.5678 -0.5661 0.5976
vn -0.1031 -0.9917 -0.0766
vn -0.6733 0.1417 -0.7257
vn 0.0573 0.9920 0.1123
vn 0.2056 0.8712 0.4459
vn 0.2104 -0.4858 0.8483
vn -0.1538 -0.8737 -0.4616
vn -0.2529 0.4860 -0.8366
vn 0.1112 0.8738 0.4734
vn 0.0000 0.0000 0.0000
vn 0.7421 -0.6602 0.1162
vn 0.3442 -0.9165 -0.2036
vn -0.8274 -0.2001 -0.5248
vn -0.3492 0.9016 0.2553
vn 0.5374 0.5840 0.6083
vn 0.6789 -0.7334 0.0352
vn -0.0122 -0.8607 -0.5089
vn -0.8492 0.2857 -0.4441
vn -0.0286 0.8286 0.5591
vn 0.5278 0.3611 0.7688
vn 0.6764 -0.7142 -0.1800
vn 0.0462 -0.6188 -0.7842
vn -0.8689 0.3651 -0.3342
vn -0.0820 0.5641 0.8216
vn 0.4804 0.2409 0.8433
vn 0.7724 -0.6048 -0.1940
vn 0.0126 -0.7088 -0.7053
vn -0.9358 0.2365 -0.2614
vn -0.0283 0.6713 0.7406
vn 0.4638 0.3947 0.7932
vn 0.5392 -0.8414 -0.0345
vn -0.2887 -0.6270 -0.7235
vn -0.7023 0.6449 -0.3015
vn 0.2436 0.6025 0.7600
vn 0.5056 0.0515 0.8612
vn 0.3833 -0.9065 -0.1770
vn -0.3261 0.0460 -0.9442
vn -0.4213 0.8872 0.1882
vn 0.2880 -0.0653 0.9554
vn 0.0000 0.0000 0.0000
vn 0.7404 -0.6695 0.0598
vn 0.3688 -0.9112 -0.1837
vn -0.8257 -0.3519 -0.4408
vn -0.4289 0.8633 0.2659
vn 0.4377 0.7206 0.5377
vn 0.7714 -0.6051 0.1969
vn 0.1170 -0.9917 -0.0530
vn -0.9687 -0.1205 -0.2171
vn -0.1363 0.9809 0.1389
vn 0.4267 0.8874 0.1744
vn 0.7469 -0.3689 0.5532
vn 0.0435 -0.8437 0.5350
vn -0.9380 -0.2518 -0.2382
vn -0.0712 0.8731 -0.4823
vn 0.4086 0.8764 -0.2550
vn 0.6679 -0.0207 0.7440
vn -0.1421 -0.5538 0.8204
vn -0.9380 -0.2378 -0.2523
vn 0.1200 0.5991 -0.7917
vn 0.6424 0.5144 -0.5681
vn 0.5652 -0.0734 0.8217
vn -0.4978 -0.4004 0.7693
vn -0.8141 -0.1430 -0.5628
vn 0.4714 0.4579 -0.7537
vn 0.7629 0.6071 -0.2222
vn 0.4524 -0.2706 0.8498
vn -0.5600 -0.8278 0.0349
vn -0.4831 0.2912 -0.8257
vn 0.5293 0.8484 -0.0109
vn 0.0000 0.0000 0.0000
vn 0.7495 -0.6613 -0.0310
vn 0.3378 -0.9113 -0.2354
vn -0.8912 -0.3075 -0.3334
vn -0.3812 0.8752 0.2979
vn 0.5612 0.6791 0.4732
vn 0.7670 -0.6414 0.0175
vn -0.0089 -0.9830 -0.1833
vn -0.9967 -0.0355 -0.0735
vn -0.0111 0.9677 0.2520
vn 0.6024 0.7738 0.1958
vn 0.7589 -0.6333 0.1518
vn -0.0529 -0.9601 0.2747
vn -0.9832 0.0929 0.1573
vn 0.0613 0.9767 -0.2055
vn 0.6566 0.6698 -0.3467
vn 0.7702 -0.5618 0.3020
vn -0.0648 -0.7428 0.6664
vn -0.9847 0.1618 0.0641
vn 0.0774 0.7825 -0.6178
vn 0.6631 0.5927 -0.4572
vn 0.7209 -0.3907 0.5725
vn -0.2966 -0.7466 0.5955
vn -0.9255 0.0590 -0.3741
vn 0.2757 0.7860 -0.5534
vn 0.6372 0.7455 -0.1956
vn 0.5537 -0.2732 0.7866
vn -0.5222 -0.8496 0.0732
vn -0.5822 0.2920 -0.7588
vn 0.4938 0.8684 -0.0452
vn 0.0000 0.0000 0.0000
vn 0.7353 -0.6651 -0.1304
vn 0.3212 -0.9025 -0.2870
vn -0.9397 -0.2568 -0.2259
vn -0.3211 0.8824 0.3440
vn 0.6615 0.6368 0.3961
vn 0.7209 -0.6849 -0.1055
vn -0.0605 -0.9321 -0.3571
vn -0.9764 0.1321 -0.1706
vn 0.0564 0.9083 0.4146
vn 0.6638 0.5688 0.4857
vn 0.6446 -0.7615 -0.0677
vn -0.1384 -0.8614 -0.4888
vn -0.8958 0.3238 -0.3045
vn 0.1079 0.8342 0.5408
vn 0.6330 0.3775 0.6759
vn 0.6119 -0.7710 -0.1763
vn -0.1606 -0.6719 -0.7230
vn -0.8812 0.4122 -0.2317
vn 0.1276 0.6299 0.7661
vn 0.6085 0.3008 0.7344
vn 0.7006 -0.6578 -0.2764
vn -0.3112 -0.7392 -0.5973
vn -0.9502 0.2978 0.0918
vn 0.3036 0.7011 0.6452
vn 0.6319 0.6172 0.4688
vn 0.7173 -0.6960 -0.0329
vn -0.6957 -0.7139 -0.0799
vn -0.7187 0.6911 0.0767
vn 0.6943 0.7090 0.1237
vn 0.0000 0.0000 0.0000
vn 0.7153 -0.6654 -0.2136
vn 0.2770 -0.9051 -0.3226
vn -0.9581 -0.2613 -0.1171
vn -0.2913 0.8789 0.3777
vn 0.6967 0.6421 0.3199
vn 0.7168 -0.6623 -0.2180
vn -0.0766 -0.9467 -0.3127
vn -0.9939 0.0424 0.1017
vn 0.0666 0.9250 0.3742
vn 0.7018 0.6844 0.1977
vn 0.7162 -0.6296 -0.3012
vn -0.0984 -0.9640 -0.2469
vn -0.9548 0.0069 0.2971
vn 0.1163 0.9442 0.3082
vn 0.6515 0.7586 0.0048
vn 0.7008 -0.5631 -0.4380
vn -0.1422 -0.9495 -0.2796
vn -0.9661 0.0417 0.2547
vn 0.1584 0.9270 0.3400
vn 0.6830 0.6764 0.2758
vn 0.6925 -0.5623 -0.4520
vn -0.3486 -0.6463 -0.6788
vn -0.9357 0.3123 0.1642
vn 0.3386 0.6036 0.7218
vn 0.7144 0.3174 0.6236
vn 0.6896 -0.4435 -0.5725
vn -0.6823 -0.1345 -0.7186
vn -0.7003 0.4038 0.5887
vn 0.6717 0.0948 0.7348
vn 0.0000 0.0000 0.0000
vn 0.6868 -0.6647 -0.2940
vn 0.2399 -0.9038 -0.3544
vn -0.9687 -0.2481 0.0031
vn -0.2521 0.8754 0.4126
vn 0.7382 0.6318 0.2361
vn 0.6822 -0.6411 -0.3516
vn -0.1200 -0.9288 -0.3506
vn -0.9594 0.0204 0.2813
vn 0.1325 0.9030 0.4088
vn 0.7150 0.6962 0.0638
vn 0.6616 -0.6370 -0.3956
vn -0.1022 -0.9816 -0.1613
vn -0.9305 0.0557 0.3620
vn 0.1329 0.9655 0.2237
vn 0.7009 0.7129 0.0246
vn 0.7083 -0.7036 -0.0579
vn -0.1666 -0.9833 0.0725
vn -0.9808 0.1671 0.1008
vn 0.1706 0.9853 -0.0092
vn 0.6868 0.7265 0.0219
vn 0.6804 -0.6360 0.3640
vn -0.3494 -0.8839 0.3110
vn -0.9391 0.3011 -0.1654
vn 0.3456 0.9034 -0.2538
vn 0.7146 0.6565 -0.2414
vn 0.6947 -0.6035 0.3914
vn -0.7127 -0.5064 0.4855
vn -0.6906 0.6296 -0.3560
vn 0.7168 0.5325 -0.4501
vn 0.0000 0.0000 0.0000
vn 0.6526 -0.6632 -0.3664
vn 0.1966 -0.9093 -0.3667
vn -0.9575 -0.2666 0.1102
vn -0.1897 0.8839 0.4275
vn 0.7461 0.6505 0.1421
vn 0.6537 -0.7049 -0.2753
vn -0.1328 -0.9770 -0.1667
vn -0.9688 0.1035 0.2254
vn 0.1545 0.9599 0.2340
vn 0.7451 0.6616 0.0841
vn 0.6689 -0.7417 0.0491
vn -0.1570 -0.9820 0.1048
vn -0.9869 0.1613 -0.0048
vn 0.1609 0.9861 -0.0408
vn 0.7254 0.6865 0.0492
vn 0.6343 -0.6832 0.3618
vn -0.2567 -0.9380 0.2331
vn -0.9562 0.1570 -0.2469
vn 0.2410 0.9556 -0.1696
vn 0.6796 0.7336 0.0074
vn 0.6327 -0.5570 0.5380
vn -0.4035 -0.7933 0.4559
vn -0.9191 0.2792 -0.2779
vn 0.3968 0.8248 -0.4029
vn 0.6936 0.6057 -0.3899
vn 0.6650 -0.3094 0.6798
vn -0.7462 -0.2464 0.6185
vn -0.6640 0.3494 -0.6611
vn 0.7471 0.2864 -0.5998
vn 0.0000 0.0000 0.0000
vn 0.6104 -0.6773 -0.4107
vn 0.2340 -0.8911 -0.3889
vn -0.9329 -0.2761 0.2312
vn -0.2097 0.8521 0.4796
vn 0.7221 0.6861 0.0891
vn 0.6346 -0.5163 -0.5751
vn -0.1372 -0.8434 -0.5194
vn -0.8825 -0.1328 0.4513
vn 0.1425 0.8104 0.5683
vn 0.6204 0.7804 0.0785
vn 0.4494 -0.2781 -0.8489
vn -0.1489 -0.8242 -0.5463
vn -0.6190 -0.3497 0.7032
vn 0.1961 0.7851 0.5875
vn 0.5121 0.8589 0.0096
vn 0.3550 -0.1030 -0.9292
vn -0.0892 -0.8012 -0.5917
vn -0.3725 -0.5223 0.7671
vn 0.1434 0.7800 0.6091
vn 0.1983 0.9766 0.0833
vn 0.1582 0.0883 -0.9834
vn 0.0542 -0.8453 -0.5315
vn -0.1175 -0.5340 0.8373
vn 0.0034 0.8417 0.5399
vn 0.0672 0.9859 0.1531
vn 0.2503 0.1325 -0.9591
vn -0.0199 -0.9896 -0.1424
vn -0.2074 -0.1358 0.9688
vn 0.0628 0.9864 0.1521
vn 0.0000 0.0000 0.0000
vn 0.5505 -0.6592 -0.5122
vn 0.1204 -0.8998 -0.4193
vn -0.9073 -0.2537 0.3354
vn -0.0873 0.8768 0.4728
vn 0.7713 0.6355 -0.0359
vn 0.5702 -0.7088 -0.4153
vn -0.2139 -0.9628 -0.1649
vn -0.9293 0.1370 0.3430
vn 0.2379 0.9453 0.2230
vn 0.8012 0.5965 0.0481
vn 0.5855 -0.7998 -0.1326
vn -0.2756 -0.9608 -0.0290
vn -0.9433 0.2464 0.2223
vn 0.2861 0.9537 0.0930
vn 0.7959 0.5992 -0.0863
vn 0.5936 -0.8016 -0.0716
vn -0.3035 -0.9520 0.0411
vn -0.9500 0.3011 0.0822
vn 0.3082 0.9511 0.0220
vn 0.7976 0.5998 0.0639
vn 0.6047 -0.7807 -0.1573
vn -0.4397 -0.8653 -0.2406
vn -0.8982 0.4265 0.1067
vn 0.4375 0.8486 0.2974
vn 0.7937 0.5732 0.2038
vn 0.6089 -0.7588 -0.2313
vn -0.7919 -0.5968 -0.1292
vn -0.6073 0.7459 0.2735
vn 0.7935 0.5839 0.1713
vn 0.0000 0.0000 0.0000
vn 0.4925 -0.6733 -0.5515
vn 0.1282 -0.8917 -0.4341
vn -0.8536 -0.3167 0.4136
vn -0.0794 0.8600 0.5041
vn 0.7070 0.7044 -0.0631
vn 0.5248 -0.5451 -0.6538
vn -0.2020 -0.8688 -0.4520
vn -0.8402 -0.0571 0.5393
vn 0.2315 0.8439 0.4840
vn 0.6955 0.7181 0.0250
vn 0.4893 -0.5088 -0.7083
vn -0.2378 -0.8973 -0.3719
vn -0.8147 -0.0119 0.5797
vn 0.2672 0.8658 0.4230
vn 0.7873 0.6161 0.0250
vn 0.5617 -0.6354 -0.5298
vn -0.2956 -0.9034 -0.3108
vn -0.8245 0.0796 0.5603
vn 0.3206 0.8737 0.3658
vn 0.6784 0.7251 -0.1185
vn 0.4085 -0.4441 -0.7975
vn -0.2527 -0.9540 -0.1614
vn -0.5020 -0.0120 0.8648
vn 0.3016 0.9346 0.1883
vn 0.3860 0.8940 -0.2273
vn 0.2100 -0.3208 -0.9236
vn -0.1859 -0.9406 0.2839
vn -0.1676 0.3146 0.9343
vn 0.2283 0.9345 -0.2732
vn 0.0000 0.0000 0.0000
vn 0.4176 -0.6647 -0.6195
vn -0.0016 -0.9090 -0.4168
vn -0.8021 -0.1975 0.5635
vn 0.0530 0.8809 0.4703
vn 0.7629 0.5981 -0.2455
vn 0.4563 -0.7698 -0.4463
vn -0.2456 -0.9688 0.0339
vn -0.8199 0.2336 0.5226
vn 0.2846 0.9583 0.0264
vn 0.8128 0.5546 -0.1784
vn 0.5594 -0.8213 -0.1121
vn -0.2857 -0.9568 -0.0544
vn -0.9492 0.2743 0.1540
vn 0.2904 0.9494 0.1194
vn 0.7961 0.6052 0.0009
vn 0.5628 -0.7206 -0.4050
vn -0.3735 -0.8620 -0.3427
vn -0.9321 0.2525 0.2598
vn 0.3789 0.8360 0.3970
vn 0.8194 0.5297 0.2189
vn 0.5059 -0.6958 -0.5098
vn -0.5529 -0.7925 -0.2576
vn -0.7724 0.3372 0.5382
vn 0.5737 0.7589 0.3081
vn 0.8171 0.5683 -0.0970
vn 0.5058 -0.7759 -0.3770
vn -0.6123 -0.6312 0.4762
vn -0.4791 0.7750 0.4122
vn 0.6389 0.6303 -0.4411
vn 0.0000 0.0000 0.0000
vn 0.3463 -0.6602 -0.6665
vn 0.0009 -0.8913 -0.4534
vn -0.7357 -0.2989 0.6078
vn 0.0588 0.8688 0.4917
vn 0.6950 0.6709 -0.2586
vn 0.4014 -0.6399 -0.6553
vn -0.2524 -0.9356 -0.2470
vn -0.7859 0.0533 0.6160
vn 0.2951 0.9109 0.2885
vn 0.7645 0.6390 -0.0851
vn 0.4894 -0.6457 -0.5861
vn -0.3034 -0.8725 -0.3831
vn -0.8843 0.1261 0.4495
vn 0.3204 0.8374 0.4429
vn 0.8053 0.5787 0.1291
vn 0.5405 -0.4973 -0.6786
vn -0.3438 -0.7119 -0.6124
vn -0.8895 0.0244 0.4562
vn 0.3615 0.6669 0.6516
vn 0.7497 0.5998 0.2796
vn 0.4907 -0.1752 -0.8535
vn -0.4998 -0.5294 -0.6855
vn -0.8099 -0.0405 0.5852
vn 0.5161 0.4763 0.7118
vn 0.8217 0.3232 0.4694
vn 0.5301 -0.1586 -0.8330
vn -0.8465 -0.0465 -0.5304
vn -0.5324 0.1149 0.8386
vn 0.8441 0.0028 0.5361
vn 0.0000 0.0000 0.0000
vn 0.2624 -0.6660 -0.6983
vn -0.1022 -0.9121 -0.3970
vn -0.6528 -0.1991 0.7309
vn 0.1606 0.8857 0.4356
vn 0.6840 0.5983 -0.4173
vn 0.3244 -0.7692 -0.5505
vn -0.3579 -0.9231 0.1406
vn -0.6678 0.2969 0.6825
vn 0.4033 0.9105 -0.0913
vn 0.8108 0.4340 -0.3928
vn 0.2952 -0.9522 0.0790
vn -0.4352 -0.6849 0.5845
vn -0.5120 0.7290 0.4544
vn 0.4968 0.6988 -0.5146
vn 0.6168 -0.0483 -0.7856
vn 0.4392 -0.8642 0.2453
vn -0.0273 -0.3865 0.9219
vn -0.6092 0.7177 0.3373
vn 0.0812 0.4199 -0.9039
vn 0.4815 0.0977 -0.8710
vn 0.6571 -0.6877 0.3088
vn -0.3626 -0.5571 0.7470
vn -0.9066 0.4192 -0.0485
vn 0.3761 0.6054 -0.7014
vn 0.7535 0.5160 -0.4074
vn 0.6385 -0.6985 0.3232
vn -0.7214 -0.6897 -0.0623
vn -0.6508 0.7052 -0.2814
vn 0.7100 0.6964 0.1044
vn 0.0000 0.0000 0.0000
vn 0.1804 -0.6633 -0.7263
vn -0.1472 -0.9087 -0.3906
vn -0.5547 -0.1771 0.8130
vn 0.2133 0.8849 0.4140
vn 0.6373 0.5725 -0.5159
vn 0.2516 -0.7845 -0.5668
vn -0.2733 -0.9547 0.1177
vn -0.6108 0.2807 0.7403
vn 0.3401 0.9371 -0.0790
vn 0.7793 0.4647 -0.4204
vn 0.4579 -0.8793 -0.1313
vn -0.3521 -0.9153 0.1955
vn -0.8764 0.3903 0.2822
vn 0.3733 0.9184 -0.1308
vn 0.8442 0.5044 -0.1815
vn 0.4984 -0.8626 -0.0863
vn -0.4057 -0.9109 -0.0750
vn -0.9080 0.4114 0.0790
vn 0.4041 0.9037 0.1415
vn 0.8490 0.5187 0.1004
vn 0.5433 -0.7221 -0.4283
vn -0.5023 -0.7663 -0.4006
vn -0.8528 0.3898 0.3475
vn 0.5083 0.7345 0.4495
vn 0.8155 0.5381 0.2129
vn 0.5168 -0.5086 -0.6886
vn -0.7912 -0.5907 -0.1583
vn -0.5027 0.4799 0.7190
vn 0.8053 0.5620 0.1886
vn 0.0000 0.0000 0.0000
vn 0.1120 -0.6692 -0.7346
vn -0.1161 -0.8781 -0.4641
vn -0.4893 -0.3557 0.7963
vn 0.1976 0.8443 0.4982
vn 0.5529 0.7264 -0.4082
vn 0.1528 -0.5224 -0.8389
vn -0.3287 -0.9002 -0.2857
vn -0.4562 -0.0966 0.8846
vn 0.3665 0.8827 0.2943
vn 0.5715 0.7522 -0.3279
vn 0.1458 -0.5863 -0.7969
vn -0.3333 -0.9352 -0.1195
vn -0.4410 0.0509 0.8961
vn 0.3953 0.9067 0.1473
vn 0.6621 0.6016 -0.4468
vn 0.3322 -0.7508 -0.5710
vn -0.3383 -0.9409 0.0125
vn -0.6816 0.2622 0.6832
vn 0.3764 0.9257 0.0375
vn 0.7591 0.5891 -0.2769
vn 0.4258 -0.7102 -0.5606
vn -0.4870 -0.8715 -0.0577
vn -0.6578 0.3279 0.6781
vn 0.5211 0.8476 0.1002
vn 0.6843 0.6742 -0.2779
vn 0.2474 -0.5684 -0.7847
vn -0.5243 -0.7598 0.3844
vn -0.2118 0.5532 0.8057
vn 0.5599 0.7446 -0.3634
vn 0.0000 0.0000 0.0000
vn 0.0080 -0.6614 -0.7500
vn -0.2180 -0.9031 -0.3701
vn -0.3834 -0.2666 0.8843
vn 0.2685 0.8779 0.3966
vn 0.4996 0.6498 -0.5729
vn -0.0228 -0.6447 -0.7641
vn -0.3577 -0.9327 -0.0458
vn -0.1945 0.0229 0.9806
vn 0.4134 0.9083 0.0635
vn 0.4151 0.6909 -0.5919
vn -0.0822 -0.6131 -0.7857
vn -0.3036 -0.9528 0.0053
vn -0.0931 0.0640 0.9936
vn 0.3601 0.9329 -0.0064
vn 0.3617 0.6573 -0.6612
vn 0.0143 -0.7770 -0.6294
vn -0.2363 -0.9281 0.2876
vn -0.2212 0.3286 0.9182
vn 0.3050 0.9154 -0.2627
vn 0.5065 0.4810 -0.7156
vn 0.3386 -0.8329 -0.4378
vn -0.3983 -0.8727 0.2825
vn -0.6055 0.4706 0.6418
vn 0.4357 0.8678 -0.2389
vn 0.6561 0.6559 -0.3733
vn 0.4334 -0.7359 -0.5201
vn -0.7511 -0.6142 0.2422
vn -0.4118 0.7220 0.5560
vn 0.7727 0.6003 -0.2064
vn 0.0000 0.0000 0.0000
vn -0.1161 -0.6508 -0.7503
vn -0.3422 -0.9316 -0.1229
vn -0.2303 -0.0737 0.9703
vn 0.3652 0.9197 0.1441
vn 0.3969 0.4554 -0.7969
vn -0.1720 -0.8789 -0.4448
vn -0.2683 -0.8148 0.5138
vn 0.1241 0.5741 0.8094
vn 0.3568 0.7801 -0.5140
vn 0.1464 -0.0238 -0.9889
vn 0.1056 -0.9820 0.1567
vn 0.1227 -0.3174 0.9403
vn -0.2102 0.9098 0.3579
vn -0.0461 0.3380 -0.9400
vn 0.3939 -0.4030 -0.8261
vn 0.5662 -0.6657 0.4860
vn -0.0725 -0.2224 0.9723
vn -0.6415 0.7643 0.0662
vn 0.1218 0.2584 -0.9583
vn 0.4067 -0.3312 -0.8514
vn 0.5456 -0.6624 0.5134
vn -0.1014 0.1447 0.9843
vn -0.6697 0.7221 -0.1735
vn 0.1399 -0.0941 -0.9857
vn 0.6714 -0.3062 -0.6749
vn 0.7024 -0.0025 0.7118
vn -0.7110 -0.0364 0.7022
vn -0.7035 0.0465 -0.7092
vn 0.7100 0.0804 -0.6996
vn 0.0000 0.0000 0.0000
vn -0.1470 -0.6684 -0.7291
vn -0.2692 -0.8841 -0.3820
vn -0.1791 -0.3362 0.9246
vn 0.3511 0.8556 0.3804
vn 0.3696 0.7072 -0.6027
vn -0.0744 -0.5902 -0.8038
vn -0.3053 -0.9449 -0.1179
vn -0.2182 -0.0493 0.9747
vn 0.3563 0.9255 0.1286
vn 0.4812 0.7368 -0.4749
vn 0.0303 -0.5332 -0.8454
vn -0.3707 -0.9107 -0.1821
vn -0.2528 -0.0936 0.9630
vn 0.4241 0.8832 0.2003
vn 0.4496 0.7747 -0.4446
vn -0.0586 -0.4554 -0.8883
vn -0.3101 -0.9383 -0.1532
vn -0.1001 -0.1163 0.9882
vn 0.3669 0.9172 0.1553
vn 0.3574 0.8156 -0.4550
vn 0.0082 -0.5087 -0.8609
vn -0.2773 -0.9585 0.0669
vn -0.1476 0.1120 0.9827
vn 0.3333 0.9414 -0.0514
vn 0.4582 0.7348 -0.5002
vn 0.2350 -0.6450 -0.7272
vn -0.5373 -0.7098 0.4554
vn -0.1995 0.6312 0.7495
vn 0.5727 0.6960 -0.4330
vn 0.0000 0.0000 0.0000
vn -0.2629 -0.6604 -0.7034
vn -0.3441 -0.9114 -0.2256
vn -0.0528 -0.2284 0.9721
vn 0.3900 0.8917 0.2296
vn 0.2614 0.6117 -0.7467
vn -0.2552 -0.7170 -0.6487
vn -0.2919 -0.9349 0.2016
vn 0.1276 0.1642 0.9781
vn 0.3501 0.9148 -0.2012
vn 0.1885 0.5465 -0.8160
vn -0.2293 -0.8126 -0.5358
vn -0.1725 -0.9076 0.3827
vn 0.2114 0.3427 0.9154
vn 0.2307 0.8943 -0.3834
vn 0.0247 0.4070 -0.9131
vn -0.2508 -0.9192 -0.3037
vn 0.0323 -0.7218 0.6913
vn 0.3698 0.6433 0.6703
vn 0.0253 0.7064 -0.7073
vn -0.2677 0.0246 -0.9632
vn -0.1657 -0.9094 0.3815
vn 0.2884 -0.0355 0.9569
vn 0.2712 0.9618 -0.0370
vn -0.2297 0.0213 -0.9730
vn -0.2218 -0.7765 -0.5898
vn -0.0728 -0.5865 0.8067
vn 0.0554 0.8049 0.5908
vn 0.1167 0.5828 -0.8042
vn -0.0115 -0.8085 -0.5883
vn 0.0000 0.0000 0.0000
vn -0.2998 -0.6769 -0.6723
vn -0.3457 -0.8817 -0.3212
vn 0.0800 -0.2757 0.9579
vn 0.4424 0.8485 0.2905
vn 0.2098 0.6656 -0.7162
vn -0.1373 -0.6457 -0.7512
vn -0.1902 -0.9817 0.0096
vn -0.1529 0.0505 0.9870
vn 0.2502 0.9680 -0.0213
vn 0.4704 0.6708 -0.5733
vn 0.2721 -0.7404 -0.6146
vn -0.2194 -0.9738 0.0593
vn -0.4644 0.1406 0.8744
vn 0.2906 0.9566 -0.0200
vn 0.4880 0.7136 -0.5027
vn 0.4973 -0.5774 -0.6475
vn -0.1915 -0.9797 -0.0588
vn -0.7407 0.0104 0.6717
vn 0.2348 0.9665 0.1034
vn 0.4901 0.8715 -0.0153
vn 0.5772 -0.7566 -0.3073
vn -0.4856 -0.8570 0.1725
vn -0.6726 0.5550 0.4895
vn 0.5208 0.8473 -0.1043
vn 0.7076 0.3957 -0.5854
vn 0.7139 -0.4071 0.5698
vn -0.6008 0.0611 0.7971
vn -0.6979 0.4470 -0.5596
vn 0.6167 -0.0213 -0.7869
vn 0.0000 0.0000 0.0000
vn -0.4272 -0.6564 -0.6218
vn -0.3881 -0.9162 -0.0999
vn 0.1949 -0.1735 0.9654
vn 0.4227 0.9030 0.0762
vn 0.0524 0.5560 -0.8296
vn -0.3799 -0.7798 -0.4975
vn -0.2427 -0.8864 0.3942
vn 0.2593 0.3347 0.9059
vn 0.3005 0.8620 -0.4082
vn 0.1133 0.3230 -0.9396
vn -0.2893 -0.9210 -0.2610
vn -0.2680 -0.7475 0.6078
vn 0.1914 0.5880 0.7859
vn 0.3358 0.7193 -0.6081
vn 0.1612 0.1352 -0.9776
vn -0.1790 -0.9624 -0.2043
vn -0.2209 -0.7005 0.6787
vn 0.0187 0.7199 0.6939
vn 0.2805 0.6850 -0.6724
vn 0.3417 0.1052 -0.9339
vn 0.1431 -0.9894 0.0243
vn -0.3299 -0.4290 0.8409
vn -0.3169 0.8923 0.3217
vn 0.3815 0.4448 -0.8104
vn 0.6217 -0.0956 -0.7774
vn 0.4215 -0.7931 0.4397
vn -0.7192 0.0022 0.6948
vn -0.3975 0.8192 -0.4134
vn 0.7433 0.0238 -0.6686
vn 0.0000 0.0000 0.0000
vn -0.4737 -0.6675 -0.5745
vn -0.4095 -0.8991 -0.1545
vn 0.2637 -0.2844 0.9217
vn 0.4694 0.8720 0.1387
vn 0.0318 0.6638 -0.7472
vn -0.4860 -0.6342 -0.6013
vn -0.2736 -0.9426 0.1917
vn 0.4414 0.0513 0.8958
vn 0.3166 0.9257 -0.2067
vn -0.0637 0.6509 -0.7565
vn -0.4907 -0.7500 -0.4436
vn -0.1569 -0.9082 0.3880
vn 0.5259 0.2397 0.8160
vn 0.2274 0.8807 -0.4155
vn -0.1540 0.4736 -0.8671
vn -0.6079 -0.6966 -0.3810
vn -0.1869 -0.9051 0.3820
vn 0.7384 0.1354 0.6606
vn 0.2307 0.8762 -0.4232
vn -0.2876 0.7375 -0.6110
vn -0.6413 -0.5737 -0.5095
vn 0.1069 -0.9893 0.0991
vn 0.7634 0.1577 0.6263
vn -0.0657 0.9878 -0.1411
vn -0.3010 0.8366 -0.4577
vn -0.3329 -0.5430 -0.7709
vn 0.2694 -0.8385 0.4737
vn 0.3727 0.5439 0.7519
vn -0.2297 0.8393 -0.4927
vn 0.0000 0.0000 0.0000
vn -0.5480 -0.6617 -0.5117
vn -0.4132 -0.9087 -0.0592
vn 0.3890 -0.2319 0.8916
vn 0.4593 0.8872 0.0428
vn -0.0950 0.6179 -0.7805
vn -0.5623 -0.6857 -0.4623
vn -0.2376 -0.9211 0.3083
vn 0.5926 0.1132 0.7975
vn 0.2981 0.8961 -0.3288
vn -0.1924 0.5905 -0.7838
vn -0.6678 -0.6643 -0.3356
vn -0.1726 -0.9134 0.3687
vn 0.7896 0.0567 0.6110
vn 0.2221 0.8798 -0.4203
vn -0.3283 0.7050 -0.6287
vn -0.7775 -0.5510 -0.3031
vn -0.0809 -0.9964 0.0264
vn 0.9484 -0.0663 0.3100
vn 0.1031 0.9904 -0.0919
vn -0.3992 0.9008 -0.1708
vn -0.6733 -0.3454 -0.6537
vn 0.1943 -0.8807 -0.4320
vn 0.8607 -0.0410 0.5075
vn -0.1637 0.9063 0.3896
vn -0.4535 0.8814 0.1323
vn -0.4236 -0.0807 -0.9022
vn 0.5271 -0.8318 -0.1737
vn 0.4562 0.1041 0.8838
vn -0.4946 0.8552 0.1552
vn 0.0000 0.0000 0.0000
vn -0.5925 -0.6668 -0.4520
vn -0.4237 -0.9050 -0.0386
vn 0.4906 -0.2488 0.8351
vn 0.4845 0.8746 0.0209
vn -0.1654 0.6337 -0.7557
vn -0.6564 -0.6295 -0.4158
vn -0.2328 -0.9305 0.2827
vn 0.7453 0.0128 0.6667
vn 0.2730 0.9077 -0.3188
vn -0.3500 0.6961 -0.6268
vn -0.6970 -0.6593 -0.2821
vn -0.0545 -0.9578 0.2823
vn 0.7996 0.1312 0.5860
vn 0.0945 0.9393 -0.3299
vn -0.4069 0.5754 -0.7095
vn -0.6317 -0.7497 -0.1970
vn -0.0232 -0.8459 0.5328
vn 0.7957 0.3047 0.5235
vn 0.0628 0.8185 -0.5711
vn -0.4852 0.4563 -0.7459
vn -0.6681 -0.7399 0.0792
vn 0.2172 -0.7002 0.6801
vn 0.8532 0.4735 0.2189
vn -0.1861 0.6674 -0.7211
vn -0.5815 0.2928 -0.7590
vn -0.6629 -0.7105 0.2360
vn 0.5552 -0.2558 0.7914
vn 0.6850 0.6807 -0.2598
vn -0.5332 0.2259 -0.8153
vn 0.0000 0.0000 0.0000
vn -0.6368 -0.6666 -0.3875
vn -0.4393 -0.8979 -0.0264
vn 0.5580 -0.3061 0.7713
vn 0.4932 0.8698 -0.0130
vn -0.2151 0.6836 -0.6975
vn -0.6445 -0.6255 -0.4397
vn -0.1965 -0.9573 0.2118
vn 0.6946 0.0202 0.7191
vn 0.2263 0.9411 -0.2511
vn -0.2721 0.6899 -0.6708
vn -0.5348 -0.7356 -0.4157
vn -0.0404 -0.9316 0.3612
vn 0.5777 0.2736 0.7690
vn 0.0888 0.9130 -0.3982
vn -0.2484 0.4124 -0.8765
vn -0.3855 -0.9032 -0.1888
vn -0.0635 -0.7204 0.6906
vn 0.4187 0.6069 0.6755
vn 0.1253 0.6979 -0.7051
vn -0.1161 0.1032 -0.9879
vn -0.3699 -0.9263 -0.0709
vn -0.0616 -0.5248 0.8490
vn 0.4431 0.7471 0.4955
vn 0.1146 0.5002 -0.8583
vn -0.1257 0.1437 -0.9816
vn -0.4408 -0.8943 -0.0770
vn 0.2444 -0.2027 0.9483
vn 0.4787 0.8756 0.0643
vn -0.2065 0.1840 -0.9610
vn 0.0000 0.0000 0.0000
vn -0.6761 -0.6696 -0.3075
vn -0.4583 -0.8887 0.0158
vn 0.6493 -0.2976 0.6999
vn 0.5061 0.8589 -0.0781
vn -0.2886 0.6767 -0.6774
vn -0.6292 -0.6487 -0.4281
vn -0.1660 -0.9742 0.1529
vn 0.6600 0.0337 0.7505
vn 0.2020 0.9565 -0.2103
vn -0.1636 0.7035 -0.6916
vn -0.3304 -0.6856 -0.6487
vn -0.0769 -0.9926 0.0944
vn 0.2962 0.0734 0.9523
vn 0.1465 0.9816 -0.1223
vn 0.0777 0.7400 -0.6681
vn 0.0056 -0.5934 -0.8049
vn -0.1158 -0.9921 -0.0479
vn -0.1358 -0.0305 0.9903
vn 0.1712 0.9838 0.0539
vn 0.2911 0.8544 -0.4305
vn 0.2001 -0.4740 -0.8575
vn -0.1875 -0.9818 -0.0317
vn -0.2859 0.0230 0.9580
vn 0.2415 0.9691 0.0501
vn 0.3474 0.8695 -0.3510
vn 0.2492 -0.4459 -0.8597
vn -0.3035 -0.8791 0.3674
vn -0.2087 0.4371 0.8749
vn 0.3440 0.8704 -0.3523
vn 0.0000 0.0000 0.0000
vn -0.7114 -0.6652 -0.2267
vn -0.4215 -0.9018 0.0956
vn 0.7638 -0.2245 0.6051
vn 0.4425 0.8816 -0.1644
vn -0.4439 0.6079 -0.6584
vn -0.6243 -0.7256 -0.2894
vn -0.0176 -0.9398 0.3413
vn 0.6766 0.2592 0.6893
vn 0.0585 0.9222 -0.3823
vn -0.2978 0.4330 -0.8508
vn -0.4136 -0.8839 -0.2185
vn -0.0853 -0.7916 0.6050
vn 0.5634 0.4789 0.6732
vn 0.1493 0.7571 -0.6360
vn -0.3097 0.2777 -0.9094
vn -0.5157 -0.8370 -0.1828
vn 0.0407 -0.8459 0.5318
vn 0.6257 0.4738 0.6197
vn 0.0012 0.8228 -0.5683
vn -0.2548 0.3739 -0.8918
vn -0.0636 -0.9490 -0.3088
vn 0.1767 -0.6497 0.7393
vn 0.0973 0.7548 0.6487
vn -0.1144 0.6576 -0.7446
vn 0.0478 0.1041 -0.9934
vn 0.4165 -0.9066 -0.0685
vn -0.2940 -0.2061 0.9333
vn -0.3784 0.9217 0.0849
vn 0.3321 0.2213 -0.9169
vn 0.0000 0.0000 0.0000
vn -0.7310 -0.6676 -0.1410
vn -0.3907 -0.9088 0.1463
vn 0.7790 -0.3273 0.5348
vn 0.4515 0.8677 -0.2082
vn -0.4057 0.6983 -0.5898
vn -0.7430 -0.6254 -0.2384
vn -0.0815 -0.9895 0.1197
vn 0.9369 -0.0767 0.3410
vn 0.1118 0.9768 -0.1824
vn -0.4756 0.8229 -0.3108
vn -0.6841 -0.5545 -0.4739
vn 0.0890 -0.9418 -0.3241
vn 0.9590 -0.0192 0.2829
vn -0.0690 0.9606 0.2691
vn -0.6571 0.7521 0.0510
vn -0.5705 -0.4948 -0.6555
vn 0.3407 -0.7673 -0.5433
vn 0.9131 0.1027 0.3946
vn -0.3226 0.8060 0.4962
vn -0.7997 0.5849 0.1359
vn -0.3832 -0.4488 -0.8073
vn 0.6567 -0.5252 -0.5412
vn 0.7423 0.3131 0.5925
vn -0.6456 0.5736 0.5042
vn -0.9385 0.2977 0.1749
vn -0.2646 -0.2725 -0.9250
vn 0.9637 -0.0419 -0.2638
vn 0.2638 0.3146 0.9118
vn -0.9644 0.0839 0.2506
vn 0.0000 0.0000 0.0000
vn -0.7412 -0.6685 -0.0615
vn -0.3687 -0.9102 0.1889
vn 0.8543 -0.2988 0.4254
vn 0.4325 0.8664 -0.2497
vn -0.5065 0.6659 -0.5478
vn -0.8054 -0.5901 -0.0564
vn -0.0927 -0.9702 0.2239
vn 0.9927 -0.0871 0.0840
vn 0.1040 0.9532 -0.2839
vn -0.5731 0.8076 -0.1386
vn -0.8095 -0.5826 -0.0729
vn 0.0484 -0.9942 -0.0959
vn 0.9972 0.0241 0.0709
vn -0.0553 0.9980 0.0292
vn -0.6826 0.7137 -0.1568
vn -0.5834 -0.7955 -0.1639
vn 0.2887 -0.9105 0.2961
vn 0.7909 0.3859 0.4749
vn -0.2516 0.9001 -0.3557
vn -0.5827 0.3401 -0.7381
vn -0.3980 -0.9136 -0.0833
vn 0.1796 -0.6358 0.7507
vn 0.5670 0.6904 0.4492
vn -0.1306 0.6156 -0.7771
vn -0.3630 0.2400 -0.9003
vn -0.3221 -0.9389 -0.1215
vn 0.4263 -0.2591 0.8667
vn 0.3595 0.9277 0.1009
vn -0.3889 0.2479 -0.8873
vn 0.0000 0.0000 0.0000
vn -0.7461 -0.6644 0.0426
vn -0.3109 -0.9168 0.2506
vn 0.9180 -0.2287 0.3239
vn 0.3150 0.8970 -0.3101
vn -0.6286 0.6254 -0.4623
vn -0.7224 -0.6768 0.1416
vn 0.0256 -0.8614 0.5073
vn 0.9666 0.1501 0.2078
vn -0.0096 0.8263 -0.5631
vn -0.6248 0.5166 -0.5855
vn -0.7450 -0.6234 0.2373
vn 0.0274 -0.8370 0.5464
vn 0.9873 0.1189 0.1054
vn -0.0080 0.8038 -0.5949
vn -0.6140 0.5560 -0.5603
vn -0.7500 -0.6361 0.1815
vn 0.0717 -0.8389 0.5395
vn 0.9901 0.1312 0.0503
vn -0.0595 0.8025 -0.5937
vn -0.6225 0.6389 -0.4520
vn -0.7776 -0.3374 0.5306
vn 0.1754 -0.7383 0.6513
vn 0.9531 -0.0319 -0.3009
vn -0.1886 0.6979 -0.6909
vn -0.5482 0.6662 -0.5056
vn -0.7289 -0.0859 0.6792
vn 0.5571 -0.6504 0.5164
vn 0.7112 0.0519 -0.7010
vn -0.5748 0.6164 -0.5382
vn 0.0000 0.0000 0.0000
vn 0.0424 -0.0494 0.9979
vn 0.5416 0.5208 0.6599
vn 0.0784 0.1761 -0.9812
vn -0.6418 -0.6946 -0.3251
vn 0.1738 0.2428 0.9544
vn 0.5761 0.8076 -0.1262
vn -0.3335 -0.5032 -0.7972
vn -0.5311 -0.8434 0.0810
vn 0.1360 0.6678 0.7318
vn 0.3940 0.6458 -0.6540
vn -0.3067 -0.8992 -0.3121
vn -0.3367 -0.8643 0.3738
vn 0.0979 0.7914 0.6034
vn 0.1536 0.1225 -0.9805
vn -0.2193 -0.9065 0.3608
vn -0.2198 -0.8147 0.5366
vn -0.2625 0.3986 0.8788
vn 0.2256 0.1851 0.9565
vn 0.5749 -0.5268 -0.6261
vn -0.6333 0.0125 -0.7738
vn -0.2737 0.6309 0.7260
vn 0.8568 -0.1083 0.5042
vn -0.2051 -0.6439 -0.7371
vn -0.3789 -0.2254 -0.8976
vn 0.1270 0.9901 0.0590
vn 0.4357 -0.0910 0.8955
vn -0.3352 -0.8086 -0.4835
vn -0.3775 -0.7334 -0.5654
vn 0.2420 0.8796 -0.4096
vn 0.3115 -0.1543 0.9376
vn -0.5465 -0.6960 -0.4656
vn -0.4914 -0.2424 -0.8365
vn 0.3005 0.9387 0.1691
vn 0.2485 0.4471 0.8593
vn -0.3036 -0.9464 0.1102
vn -0.1602 0.0786 -0.9840
vn 0.4362 0.8257 0.3576
vn -0.2708 -0.2520 0.9291
vn -0.4795 -0.3926 -0.7848
vn 0.5594 -0.0506 -0.8274
vn 0.3078 0.6092 0.7309
vn -0.9034 0.4192 0.0902
vn 0.2260 -0.6273 -0.7453
vn 0.7317 -0.6525 -0.1972
vn 0.1445 0.9343 0.3260
vn -0.9249 0.0837 -0.3708
vn 0.6120 -0.7907 0.0148
vn 0.1294 -0.9659 -0.2241
vn 0.8383 0.5449 -0.0178
vn 0.0809 0.7907 0.6068
vn -0.8985 -0.4146 0.1444
vn 0.1878 -0.6726 -0.7158
vn 0.6818 0.6475 0.3404
vn -0.4247 0.2891 0.8579
vn -0.3101 -0.7957 -0.5203
vn 0.0869 -0.0635 -0.9942
vn 0.6283 0.6842 0.3704
vn -0.0223 -0.4605 0.8874
vn -0.5499 -0.3818 -0.7429
vn -0.4693 -0.1450 -0.8711
vn 0.4823 0.8742 0.0561
vn -0.1105 -0.7288 0.6758
vn -0.4989 -0.2315 -0.8352
vn 0.5405 0.4022 0.7390
vn 0.9137 -0.0254 0.4056
vn 0.3848 0.9230 0.0012
vn -0.8499 0.2671 -0.4542
vn -0.3390 -0.9396 -0.0476
vn 0.7804 0.2435 0.5760
vn -0.3018 0.9138 0.2720
vn -0.6301 -0.6862 -0.3634
vn 0.4097 -0.5732 -0.7096
vn 0.5003 0.0079 0.8658
vn -0.7403 0.0127 0.6721
vn -0.2120 0.0118 -0.9772
vn 0.5001 0.0046 -0.8660
vn 0.4999 0.0023 0.8661
vn -0.9042 0.0038 0.4271
vn 0.0823 0.0038 -0.9966
vn 0.5002 0.0023 -0.8659
vn 0.8045 0.2812 0.5232
vn 0.6087 -0.7145 0.3449
vn -0.7440 -0.4516 -0.4925
vn -0.4591 0.8572 -0.2333
vn 0.7263 -0.0862 0.6820
vn -0.1335 -0.9507 0.2800
vn -0.7045 0.4818 -0.5211
vn 0.2716 0.8080 -0.5229
vn 0.4623 -0.0943 0.8817
vn -0.7355 -0.3530 0.5783
vn -0.2037 0.3243 -0.9238
vn 0.4919 0.1797 -0.8519
vn 0.5000 0.0005 0.8660
vn -0.9077 0.0008 0.4195
vn 0.0905 0.0008 -0.9959
vn 0.5000 0.0005 -0.8660
vn 0.9814 -0.1248 -0.1462
vn 0.7122 0.0553 0.6998
vn -0.9384 0.1507 0.3110
vn -0.3860 -0.1218 -0.9144
vn 0.9673 -0.1009 0.2326
vn -0.0655 -0.0161 0.9977
vn -0.8241 -0.0125 -0.5663
vn 0.0658 0.1953 -0.9785
vn 0.7800 -0.0973 0.6182
vn -0.5423 -0.2798 0.7922
vn -0.4557 0.2198 -0.8626
vn 0.2999 0.2718 -0.9144
vn 0.5943 0.1433 0.7914
vn -0.8698 -0.2838 0.4036
vn 0.0819 0.0760 -0.9937
vn 0.4906 0.1936 -0.8496
vn 0.1543 -0.8521 -0.5002
vn 0.5741 -0.6307 0.5222
vn -0.2634 0.9099 0.3205
vn -0.5345 0.2678 -0.8016
vn 0.5532 -0.7879 0.2705
vn 0.0543 0.3080 0.9498
vn -0.6846 0.3873 -0.6175
vn 0.4633 -0.3762 -0.8024
vn 0.5000 0.0014 0.8660
vn -0.7040 0.0021 0.7102
vn -0.2630 0.0021 -0.9648
vn 0.5000 0.0007 -0.8660
vn 0.5000 0.0001 0.8660
vn -0.8741 0.0002 0.4857
vn 0.0165 0.0002 -0.9999
vn 0.5000 0.0001 -0.8660
vn 0.9026 -0.4053 -0.1454
vn 0.6043 0.7960 -0.0335
vn -0.8320 0.5371 0.1389
vn -0.5216 -0.8531 0.0079
vn 0.9819 0.0443 0.1842
vn -0.0198 0.8308 0.5562
vn -0.8251 -0.5367 -0.1764
vn 0.2301 -0.4832 -0.8447
vn 0.6757 0.0157 0.7370
vn -0.6745 -0.0685 0.7351
vn -0.3010 0.0380 -0.9529
vn 0.4996 0.0403 -0.8653
vn 0.5000 0.0012 0.8660
vn -0.9696 0.0016 0.2449
vn 0.2727 0.0016 -0.9621
vn 0.5000 0.0012 -0.8660
vn 0.7250 -0.2197 0.6527
vn 0.7179 0.5818 0.3822
vn -0.6322 0.4243 -0.6483
vn -0.5010 -0.8564 -0.1248
vn 0.8067 0.0659 0.5872
vn 0.0348 0.9987 -0.0370
vn -0.7964 -0.4549 -0.3985
vn -0.0482 -0.9755 -0.2145
vn 0.7152 0.3276 0.6174
vn -0.6671 0.5792 0.4685
vn -0.3014 -0.7070 -0.6397
vn 0.3958 -0.3645 -0.8429
vn 0.5477 -0.1462 0.8238
vn -0.9644 -0.0911 0.2483
vn 0.2597 0.2087 -0.9428
vn 0.4900 0.1988 -0.8488
vn -0.5397 0.3958 0.7430
vn -0.7302 0.1040 0.6752
vn 0.1514 -0.6720 -0.7249
vn 0.7891 0.2852 -0.5441
vn -0.0149 0.5103 0.8599
vn -0.5176 -0.5942 0.6156
vn -0.0505 -0.0619 -0.9968
vn 0.4955 -0.1356 -0.8580
vn 0.5000 0.0049 0.8660
vn -0.5803 0.0041 0.8144
vn -0.4152 0.0041 -0.9097
vn 0.5000 -0.0011 -0.8660
vn 0.5000 -0.0048 0.8660
vn -0.7944 -0.0088 0.6074
vn -0.1288 -0.0088 -0.9916
vn 0.5000 -0.0048 -0.8660
vn -0.3857 0.2422 0.8903
vn -0.7831 0.2421 0.5728
vn -0.0538 -0.1483 -0.9875
vn 0.9448 -0.1691 -0.2805
vn -0.1902 0.0564 0.9801
vn -0.9921 -0.1086 0.0634
vn 0.4561 -0.0140 -0.8898
vn 0.8015 0.0927 -0.5908
vn 0.2496 -0.2641 0.9316
vn -0.9485 -0.0164 0.3163
vn 0.2344 0.2862 -0.9291
vn 0.4868 0.1641 -0.8580
vn 0.4739 0.0069 0.8805
vn -0.9885 0.0085 0.1508
vn 0.3919 0.0082 -0.9200
vn 0.4229 0.0057 -0.9061
vn -0.1125 -0.5472 0.8294
vn -0.2961 -0.0924 0.9507
vn -0.0150 0.8226 -0.5684
vn 0.4504 -0.4018 -0.7973
vn 0.1548 -0.5385 0.8283
vn -0.2825 0.7499 0.5983
vn -0.1359 0.0818 -0.9873
vn 0.3365 -0.0950 -0.9369
vn 0.7461 0.1216 0.6547
vn -0.5577 0.1878 0.8085
vn -0.4162 -0.2190 -0.8825
vn -0.0474 -0.1340 -0.9899
vn 0.7605 0.4523 0.4659
vn -0.6887 -0.1025 0.7177
vn -0.2136 -0.3191 -0.9233
vn 0.5002 0.0062 -0.8659
vn -0.3210 -0.3434 0.8826
vn 0.2193 -0.1076 0.9697
vn 0.6590 0.4200 -0.6239
vn -0.5212 -0.0927 -0.8484
vn -0.3361 -0.4420 0.8317
vn 0.7995 0.1261 0.5873
vn 0.0763 0.3468 -0.9348
vn -0.6102 -0.0136 -0.7922
vn -0.1154 -0.6372 0.7620
vn 0.7771 0.4790 0.4082
vn -0.3958 0.3587 -0.8454
vn -0.4916 -0.4355 -0.7541
vn 0.2115 -0.5544 0.8049
vn -0.0893 0.9856 0.1434
vn -0.0980 -0.3810 -0.9194
vn 0.0748 -0.9371 -0.3410
vn -0.5586 0.3114 0.7688
vn -0.1577 -0.1397 0.9776
vn 0.6791 -0.5543 -0.4812
vn -0.2330 0.4329 -0.8708
vn -0.6424 0.1979 0.7404
vn 0.6176 -0.4993 0.6077
vn 0.4411 0.1901 -0.8771
vn -0.4388 0.0782 -0.8952
vn -0.5977 -0.2664 0.7562
vn 0.8817 -0.0893 0.4632
vn -0.0373 0.0285 -0.9989
vn -0.5001 0.6167 -0.6079
vn -0.6220 -0.3864 0.6810
vn 0.5875 -0.6315 -0.5061
vn 0.0301 0.9796 -0.1989
vn 0.0351 0.9788 -0.2017
vn 0.6108 -0.1413 0.7791
vn 0.7806 0.3833 0.4937
vn -0.3491 0.4633 -0.8145
vn -0.7140 -0.6679 -0.2098
vn 0.6096 -0.1570 0.7770
vn 0.6008 0.7994 0.0020
vn -0.7284 -0.0757 -0.6809
vn -0.6719 -0.6641 -0.3278
vn 0.5490 -0.3118 0.7755
vn 0.4572 0.8882 0.0448
vn -0.6763 -0.1704 -0.7167
vn -0.6938 -0.4997 -0.5185
vn 0.4396 -0.4555 0.7741
vn 0.2815 0.9254 -0.2536
vn -0.7025 -0.4647 -0.5390
vn -0.6993 -0.4943 -0.5163
vn -0.1054 0.1902 0.9761
vn 0.5123 0.1097 0.8518
vn 0.4513 -0.2196 -0.8649
vn -0.8090 -0.0560 -0.5851
vn -0.0782 0.2990 0.9510
vn 0.9750 0.0088 0.2221
vn -0.2771 -0.3285 -0.9029
vn -0.8796 -0.0652 -0.4713
vn 0.1861 0.3720 0.9094
vn 0.8675 -0.4967 -0.0256
vn -0.6836 -0.1804 -0.7072
vn -0.7875 0.5398 -0.2974
vn 0.1420 -0.0046 0.9898
vn 0.2672 -0.8028 -0.5331
vn -0.4275 0.8215 -0.3773
vn -0.3561 0.8775 0.3213
vn -0.0008 0.8515 0.5244
vn 0.2272 0.3963 0.8896
vn 0.1380 -0.9767 -0.1643
vn -0.3518 -0.0140 -0.9360
vn 0.0228 0.8581 0.5130
vn 0.4175 -0.2689 0.8680
vn -0.1606 -0.6854 -0.7102
vn -0.4133 0.0279 -0.9102
vn 0.1347 0.7951 0.5913
vn 0.4168 -0.5875 0.6937
vn -0.3411 -0.4278 -0.8371
vn -0.4586 0.2959 -0.8380
vn 0.1625 0.7196 0.6751
vn 0.2353 -0.9609 0.1459
vn -0.4424 0.2399 -0.8641
vn -0.1104 0.9753 0.1913
vn 0.5358 0.8140 0.2242
vn 0.1421 0.6037 0.7844
vn -0.6324 -0.7720 0.0638
vn 0.1099 -0.3261 -0.9389
vn 0.5172 0.7735 0.3662
vn -0.2992 0.0018 0.9542
vn -0.3795 -0.6736 -0.6342
vn 0.1767 -0.1086 -0.9783
vn 0.5085 0.6179 0.5997
vn -0.4624 -0.3941 0.7943
vn -0.1946 -0.3508 -0.9160
vn 0.1676 0.2222 -0.9605
vn 0.4372 0.5221 0.7323
vn -0.4853 -0.8347 0.2603
vn 0.0144 0.2926 -0.9561
vn 0.4320 0.8215 -0.3722
vn 0.9384 0.2394 0.2493
vn 0.5116 0.7798 0.3608
vn -0.9836 0.0959 -0.1525
vn -0.1287 -0.9220 -0.3651
vn 0.9036 0.3163 0.2889
vn -0.1731 0.9590 0.2242
vn -0.7241 -0.5526 -0.4127
vn -0.0348 -0.9782 -0.2046
vn 0.8177 0.4498 0.3592
vn -0.4194 0.9009 -0.1117
vn -0.4895 -0.8233 -0.2873
vn 0.0427 -0.9973 -0.0595
vn 0.7662 0.5048 0.3976
vn -0.7677 0.5338 -0.3544
vn -0.0202 -0.9969 -0.0762
vn -0.4033 -0.8806 -0.2487
vn -0.2059 0.5721 0.7939
vn -0.5833 0.1716 0.7939
vn -0.1992 -0.7689 -0.6076
vn 0.7313 0.1717 -0.6601
vn -0.1016 0.6425 0.7595
vn -0.7971 -0.3327 0.5039
vn 0.3191 -0.4350 -0.8420
vn 0.6957 0.0347 -0.7175
vn 0.1065 0.5139 0.8512
vn -0.7731 -0.5415 0.3302
vn 0.2963 -0.0923 -0.9506
vn 0.6593 0.1559 -0.7355
vn 0.3122 -0.3115 0.8975
vn -0.9877 0.0807 -0.1339
vn 0.6210 0.2505 -0.7427
vn 0.2665 0.3101 -0.9126
vn 0.4780 0.4805 0.7353
vn -0.0566 0.6790 0.7319
vn -0.7631 -0.2173 -0.6086
vn 0.4806 -0.6587 -0.5790
vn 0.5547 0.5580 0.6172
vn -0.7531 0.5696 0.3293
vn -0.2756 -0.7735 -0.5708
vn 0.4992 -0.5407 -0.6771
vn 0.4489 0.7980 0.4020
vn -0.8959 0.1896 0.4018
vn 0.0703 -0.6918 -0.7187
vn 0.6851 -0.6511 -0.3265
vn 0.3023 0.7256 0.6182
vn -0.7722 0.2541 -0.5824
vn 0.4526 -0.8908 -0.0412
vn 0.1754 -0.9365 -0.3038
vn 0.0890 -0.4517 0.8877
vn 0.1072 0.2808 0.9538
vn -0.0614 0.6900 -0.7212
vn -0.0713 -0.6459 -0.7601
vn 0.1116 -0.2881 0.9511
vn 0.0427 0.8937 0.4466
vn -0.1065 -0.0171 -0.9942
vn 0.0148 -0.8129 -0.5822
vn 0.2370 -0.0880 0.9675
vn -0.2617 0.9632 0.0613
vn -0.1583 -0.4792 -0.8633
vn 0.3939 -0.7408 -0.5440
vn 0.4405 0.2573 0.8601
vn -0.9482 0.2947 -0.1187
vn 0.4668 -0.5022 -0.7280
vn 0.8644 -0.4229 -0.2720
vn -0.4447 -0.3671 0.8170
vn 0.0363 -0.2774 0.9601
vn 0.7601 0.3325 -0.5583
vn -0.4681 0.0931 -0.8787
vn -0.4718 -0.5669 0.6753
vn 0.7609 -0.0583 0.6462
vn 0.0761 0.6519 -0.7544
vn -0.3041 0.0304 -0.9522
vn 0.0540 -0.8770 0.4775
vn 0.2394 0.5570 0.7952
vn -0.2631 0.4716 -0.8416
vn 0.0145 -0.1467 -0.9891
vn 0.4562 -0.6659 0.5903
vn -0.6694 0.6110 0.4226
vn 0.2254 0.0653 -0.9721
vn 0.1518 0.1439 -0.9779
vn -0.6862 0.2998 0.6627
vn -0.1206 -0.4871 0.8650
vn 0.7197 -0.4664 -0.5142
vn -0.1840 0.6717 -0.7176
vn -0.5695 -0.0094 0.8219
vn 0.3025 -0.9021 0.3077
vn 0.1434 0.2580 -0.9554
vn 0.0313 0.9732 -0.2278
vn -0.4428 0.0210 0.8964
vn -0.2899 -0.9244 -0.2478
vn 0.6624 0.4549 -0.5953
vn 0.3400 0.6401 -0.6889
vn -0.6937 0.3095 0.6503
vn 0.4500 -0.8786 0.1597
vn 0.2275 0.5421 -0.8090
vn 0.6597 -0.1682 -0.7325
vn 0.4833 0.8665 0.1252
vn -0.0955 0.9257 0.3659
vn -0.7740 -0.6314 0.0479
vn 0.4532 -0.7559 -0.4724
vn 0.4812 0.8695 0.1117
vn -0.6507 0.5428 0.5310
vn -0.1843 -0.9492 -0.2553
vn 0.4052 -0.6944 -0.5947
vn 0.4769 0.8218 0.3118
vn -0.6951 0.0945 0.7127
vn -0.0760 -0.7398 -0.6685
vn 0.4781 -0.3803 -0.7917
vn 0.5159 0.3763 0.7696
vn -0.9917 -0.0651 0.1110
vn 0.4451 -0.2755 -0.8520
vn 0.9499 0.0074 -0.3126
vn 0.8709 0.3523 0.3427
vn 0.5890 0.7742 -0.2320
vn -0.7818 0.0070 -0.6234
vn -0.2560 -0.8491 0.4620
vn 0.9030 0.3138 0.2934
vn -0.0656 0.9026 -0.4254
vn -0.8314 -0.5348 0.1505
vn -0.1136 -0.9868 -0.1152
vn 0.9245 0.3774 0.0541
vn -0.3814 0.8775 0.2907
vn -0.5966 -0.7454 -0.2974
vn -0.1067 -0.9774 -0.1824
vn 0.8705 0.4833 -0.0932
vn -0.7637 0.6444 -0.0403
vn -0.0877 -0.9918 0.0933
vn -0.0527 -0.9944 0.0913
vn 0.8007 0.1139 0.5881
vn 0.9743 -0.1332 -0.1814
vn -0.4159 -0.2546 -0.8731
vn -0.8739 0.1497 0.4624
vn 0.7770 0.1135 0.6192
vn 0.5179 0.0808 -0.8516
vn -0.9716 0.1548 -0.1791
vn -0.7136 -0.5494 0.4346
vn 0.7362 0.1701 0.6551
vn -0.1266 0.9461 -0.2982
vn -0.7189 -0.6816 -0.1363
vn 0.2734 -0.7978 -0.5375
vn 0.6052 0.1447 0.7828
vn -0.9288 0.1096 0.3539
vn 0.1496 -0.1920 -0.9699
vn 0.4918 -0.1794 -0.8520
vn 0.0430 0.9632 0.2652
vn 0.6315 0.5965 0.4955
vn 0.2396 -0.9657 -0.0997
vn -0.8360 -0.2447 -0.4912
vn 0.1613 0.9350 0.3160
vn 0.8392 -0.2290 0.4933
vn -0.4645 -0.8182 -0.3386
vn -0.7931 0.0343 -0.6082
vn 0.3616 0.9227 0.1338
vn 0.3874 -0.5552 0.7360
vn -0.7822 -0.3930 -0.4834
vn -0.1210 -0.3137 -0.9418
vn 0.7961 0.5797 0.1736
vn -0.7887 0.2060 0.5793
vn -0.0155 -0.7058 -0.7083
vn 0.6859 -0.3018 -0.6622
vn 0.2590 0.8958 -0.3612
vn 0.2532 0.8504 0.4611
vn -0.2331 -0.8133 0.5331
vn -0.2014 -0.5945 -0.7785
vn 0.3186 0.9462 -0.0563
vn 0.0708 0.1262 0.9895
vn -0.3423 -0.8656 -0.3654
vn -0.0900 -0.1177 -0.9890
vn 0.3886 0.6322 0.6703
vn -0.1970 -0.6505 0.7335
vn -0.2314 -0.2427 -0.9421
vn 0.1091 0.7405 -0.6632
vn 0.3266 0.1594 0.9316
vn -0.2986 -0.9197 -0.2549
vn -0.0509 0.7519 -0.6573
vn 0.1302 0.9655 -0.2255
vn 0.9176 0.3923 0.0644
vn 0.5604 0.3233 0.7625
vn -0.9157 -0.3622 0.1742
vn -0.2314 -0.1955 -0.9530
vn 0.8866 0.3468 0.3062
vn -0.1183 -0.0433 0.9920
vn -0.7401 -0.3007 -0.6015
vn 0.0176 0.0643 -0.9978
vn 0.8088 0.0855 0.5818
vn -0.5529 -0.2442 0.7967
vn -0.4384 0.1085 -0.8922
vn 0.2180 0.1266 -0.9677
vn 0.7560 -0.1961 0.6245
vn -0.9091 0.1876 0.3718
vn 0.1406 0.0235 -0.9898
vn -0.7214 0.1895 -0.6661
vn 0.4817 -0.6933 0.5360
vn 0.6859 0.3868 0.6164
vn -0.2188 0.9193 -0.3272
vn -0.5499 -0.6623 -0.5089
vn 0.5588 -0.5377 0.6314
vn 0.1274 0.7922 0.5969
vn -0.7763 -0.1313 -0.6165
vn 0.3437 -0.3119 -0.8858
vn 0.5795 -0.1556 0.8000
vn -0.7503 -0.1211 0.6499
vn -0.1954 0.2315 -0.9530
vn 0.4963 0.1218 -0.8596
vn 0.5000 0.0027 0.8660
vn -0.9621 0.0038 0.2725
vn 0.2450 0.0038 -0.9695
vn 0.5000 0.0027 -0.8660
vn 0.1183 -0.7625 0.6361
vn 0.8492 -0.2643 0.4571
vn -0.1736 0.7420 -0.6475
vn -0.9595 -0.0211 -0.2810
vn 0.6094 -0.6955 0.3806
vn 0.7456 0.6395 -0.1873
vn -0.8973 0.3760 -0.2312
vn -0.6654 -0.7415 0.0862
vn 0.9900 -0.1010 -0.0989
vn 0.0433 0.8287 0.5580
vn -0.8469 -0.5277 -0.0657
vn 0.0550 -0.4184 -0.9066
vn 0.8649 -0.0690 0.4971
vn -0.7395 -0.2325 0.6317
vn -0.2120 0.2556 -0.9432
vn 0.6503 0.2614 -0.7133
vn -0.0683 -0.1551 0.9855
vn 0.1944 -0.4195 0.8867
vn 0.3635 -0.2124 -0.9071
vn -0.5255 0.5956 -0.6075
vn -0.1249 0.4858 0.8651
vn 0.8790 -0.2500 0.4060
vn -0.5842 -0.5079 -0.6330
vn 0.0268 -0.0742 -0.9969
vn 0.5530 0.7233 0.4136
vn -0.2369 -0.3628 0.9012
vn -0.4366 -0.3865 -0.8124
vn -0.0111 -0.1676 -0.9858
vn 0.7402 0.5683 0.3593
vn -0.7756 -0.2100 0.5952
vn 0.0233 -0.3445 -0.9385
vn -0.6347 -0.5705 -0.5212
vn 0.3860 -0.1727 0.9062
vn 0.0803 -0.7128 0.6967
vn -0.5390 -0.3955 -0.7437
vn 0.0197 0.8526 -0.5223
vn 0.4904 0.1075 0.8648
vn -0.4014 -0.7319 0.5506
vn -0.4782 0.2523 -0.8412
vn 0.2801 0.3932 -0.8757
vn 0.3970 0.1843 0.8991
vn -0.7686 -0.4420 0.4625
vn 0.0360 0.0103 -0.9993
vn 0.5770 0.4815 -0.6598
vn 0.3318 -0.0865 0.9394
vn -0.7866 -0.5827 -0.2041
vn 0.3847 0.6095 -0.6932
vn 0.3951 0.6128 -0.6843
vn 0.1354 -0.9168 -0.3756
vn -0.3287 0.0938 -0.9398
vn -0.0380 0.7247 0.6880
vn 0.1950 0.2929 0.9361
vn 0.1491 -0.9326 -0.3288
vn -0.6185 0.6328 -0.4660
vn 0.0322 0.4702 0.8820
vn 0.7805 -0.1555 -0.6056
vn 0.4354 -0.4116 0.8006
vn -0.4312 0.6192 0.6562
vn -0.3238 -0.0564 -0.9444
vn 0.4893 -0.2061 -0.8474
vn 0.5000 0.0010 0.8660
vn -0.9249 0.0015 0.3801
vn 0.1333 0.0015 -0.9911
vn 0.5000 0.0010 -0.8660
vn 0.7103 -0.6214 -0.3305
vn -0.2410 -0.8951 -0.3751
vn -0.5124 0.7610 0.3980
vn 0.0739 0.9077 0.4130
vn 0.6130 -0.7900 0.0123
vn -0.7125 -0.5583 0.4250
vn -0.1883 0.9815 0.0350
vn 0.4096 0.5734 -0.7095
vn 0.5000 0.0021 0.8660
vn -0.7428 0.0034 0.6695
vn -0.2083 0.0034 -0.9780
vn 0.5000 0.0014 -0.8660
vn 0.5000 0.0007 0.8660
vn -0.9061 0.0011 0.4230
vn 0.0867 0.0011 -0.9962
vn 0.5000 0.0007 -0.8660
vn -0.0949 -0.5500 0.8298
vn 0.6536 -0.0338 0.7561
vn 0.2903 0.6145 -0.7335
vn -0.8098 -0.1972 -0.5526
vn 0.1271 -0.3452 0.9299
vn 0.6984 0.6703 0.2506
vn -0.4607 0.0874 -0.8833
vn -0.5482 -0.7825 -0.2953
vn 0.2523 0.2953 0.9215
vn -0.0374 0.9366 -0.3485
vn -0.2660 -0.7551 -0.5993
vn 0.1771 -0.9647 0.1948
vn 0.4834 0.6493 0.5872
vn -0.8314 0.2036 -0.5170
vn 0.3920 -0.9171 -0.0719
vn -0.7641 -0.2005 -0.6132
vn -0.7918 -0.3524 0.4988
vn -0.1188 -0.8079 0.5772
vn 0.9484 -0.0156 -0.3167
vn -0.4768 0.7801 -0.4051
vn -0.7340 -0.1734 0.6566
vn 0.6751 -0.7153 0.1804
vn -0.1232 0.4705 -0.8738
vn 0.3961 0.8893 -0.2286
vn 0.1325 -0.2692 0.9539
vn -0.9268 -0.3745 0.0274
vn 0.2569 0.5937 -0.7626
vn 0.6223 0.2162 -0.7523
vn 0.3986 -0.1085 0.9107
vn -0.9712 0.2288 0.0667
vn 0.4309 -0.0814 -0.8987
vn 0.4976 -0.0988 -0.8618
vn -0.3707 -0.9006 -0.2269
vn 0.4976 0.1214 -0.8589
vn 0.1392 0.8643 0.4833
vn -0.1425 0.5802 0.8019
vn 0.1510 -0.5345 0.8316
vn 0.4135 0.6348 0.6527
vn -0.9959 -0.0808 0.0397
vn 0.5000 0.0040 -0.8660
vn 0.5000 0.0019 0.8660
vn -0.6857 0.0028 0.7279
vn -0.2875 0.0028 -0.9578
vn 0.5000 0.0008 -0.8660
vn 0.5000 -0.0001 0.8660
vn -0.8603 -0.0002 0.5098
vn -0.0113 -0.0002 -0.9999
vn 0.5000 -0.0001 -0.8660
vn -0.4261 -0.8076 -0.4077
vn 0.9275 -0.3664 -0.0739
vn 0.1589 0.8966 0.4135
vn -0.8891 0.4452 0.1059
vn 0.0850 -0.6096 0.7881
vn 0.4564 0.3883 0.8006
vn -0.9173 0.1867 -0.3518
vn 0.4580 -0.4012 -0.7933
vn 0.5000 0.0001 0.8660
vn -0.2559 -0.0010 0.9667
vn -0.7093 -0.0010 -0.7049
vn 0.5000 -0.0010 -0.8660
vn 0.5000 -0.0013 0.8660
vn -0.6725 -0.0026 0.7401
vn -0.3047 -0.0026 -0.9525
vn 0.5000 -0.0013 -0.8660
vn 0.4039 -0.6582 -0.6352
vn 0.5316 0.7087 -0.4638
vn -0.6150 0.1875 0.7659
vn -0.6299 -0.4482 0.6343
vn 0.9981 -0.0484 0.0381
vn 0.0193 0.7720 0.6353
vn -0.8268 -0.5622 0.0167
vn 0.4972 -0.1059 -0.8612
vn 0.5000 0.0004 0.8660
vn -0.7198 0.0007 0.6942
vn -0.2414 0.0007 -0.9704
vn 0.5000 0.0002 -0.8660
vn 0.5000 0.0001 0.8660
vn -0.8867 0.0001 0.4623
vn 0.0429 0.0001 -0.9991
vn 0.5000 0.0001 -0.8660
vn 0.7821 -0.5710 0.2495
vn 0.1179 -0.4903 -0.8636
vn -0.7258 0.3599 -0.5862
vn -0.3890 0.6328 0.6696
vn 0.7874 -0.4911 0.3726
vn -0.4444 -0.6287 -0.6381
vn -0.7188 0.5353 0.4436
vn 0.4011 0.5970 -0.6948
vn 0.5000 0.0004 0.8660
vn -0.7322 0.0007 0.6811
vn -0.2237 0.0007 -0.9747
vn 0.5000 0.0003 -0.8660
vn 0.5000 0.0001 0.8660
vn -0.8970 0.0002 0.4420
vn 0.0657 0.0002 -0.9978
vn 0.5000 0.0001 -0.8660
vn 0.5835 -0.8120 -0.0141
vn -0.0950 -0.8937 0.4385
vn -0.5789 0.8153 0.0117
vn 0.2772 0.8121 -0.5134
vn 0.5352 -0.7468 0.3948
vn -0.5724 -0.1533 0.8055
vn -0.2555 0.7231 -0.6417
vn 0.4857 0.2377 -0.8412
vn 0.5000 0.0002 0.8660
vn -0.3496 -0.0006 0.9369
vn -0.6366 -0.0006 -0.7712
vn 0.5000 -0.0007 -0.8660
vn 0.5000 -0.0010 0.8660
vn -0.7004 -0.0019 0.7138
vn -0.2680 -0.0019 -0.9634
vn 0.5000 -0.0010 -0.8660
vn 0.7767 -0.3483 -0.5249
vn 0.7845 0.0371 0.6190
vn -0.8901 0.3095 0.3345
vn -0.5197 -0.1678 -0.8377
vn 0.9134 -0.1507 0.3783
vn -0.1428 0.2232 0.9643
vn -0.7740 -0.0223 -0.6328
vn 0.4943 -0.1511 -0.8561
vn 0.5000 0.0004 0.8660
vn -0.6350 0.0004 0.7726
vn -0.3516 0.0004 -0.9362
vn 0.5000 0.0000 -0.8660
vn 0.5000 -0.0002 0.8660
vn -0.8259 -0.0003 0.5638
vn -0.0753 -0.0003 -0.9972
vn 0.5000 -0.0002 -0.8660
vn 0.9875 0.0563 -0.1472
vn 0.7271 0.4424 0.5250
vn -0.9395 0.0722 0.3348
vn -0.4527 -0.5158 -0.7273
vn 0.9910 0.0725 0.1128
vn -0.0029 0.3476 0.9376
vn -0.8832 -0.2292 -0.4091
vn -0.0931 -0.2476 -0.9644
vn 0.8329 -0.1417 0.5350
vn -0.5605 -0.0688 0.8253
vn -0.4330 0.0435 -0.9003
vn 0.3092 0.3569 -0.8815
vn 0.7108 -0.1095 0.6948
vn -0.8125 -0.5788 0.0687
vn 0.0368 0.6544 -0.7553
vn -0.3631 0.4419 -0.8203
vn 0.4989 -0.4333 0.7506
vn 0.7857 0.5954 -0.1680
vn -0.0512 0.6609 -0.7487
vn -0.8027 -0.5894 0.0916
vn 0.5355 -0.1674 0.8278
vn 0.3612 0.9320 -0.0297
vn -0.8836 -0.3664 -0.2915
vn 0.3724 -0.6672 -0.6451
vn 0.5000 0.0027 0.8660
vn -0.6908 0.0039 0.7231
vn -0.2808 0.0039 -0.9598
vn 0.5000 0.0012 -0.8661
vn 0.5001 -0.0000 0.8660
vn -0.8641 -0.0001 0.5033
vn -0.0039 -0.0001 -1.0000
vn 0.5000 -0.0000 -0.8660
vn 0.4689 -0.2563 0.8452
vn 0.7199 -0.1364 -0.6805
vn 0.1283 0.0788 -0.9886
vn -0.8685 0.1532 0.4713
vn 0.4984 0.0138 0.8668
vn 0.7318 0.0947 -0.6749
vn -0.9842 -0.0026 0.1769
vn -0.1482 -0.3764 -0.9145
vn 0.8326 0.1883 0.5209
vn -0.4617 0.2366 0.8549
vn -0.5197 -0.2490 -0.8172
vn -0.0944 -0.2916 -0.9519
vn 0.8052 0.4513 0.3848
vn -0.6906 0.1083 0.7150
vn -0.2278 -0.4702 -0.8527
vn 0.4871 -0.2257 -0.8437
vn 0.1399 0.2824 0.9490
vn 0.4154 -0.1878 0.8900
vn 0.1694 -0.6704 -0.7224
vn -0.6044 0.5035 -0.6174
vn 0.1594 0.7684 0.6198
vn 0.8511 -0.4622 0.2491
vn -0.8588 -0.4018 -0.3180
vn -0.2081 -0.4461 -0.8705
vn 0.7487 0.6601 -0.0603
vn -0.1542 0.2949 0.9430
vn -0.6359 -0.6412 -0.4295
vn -0.3424 -0.7408 -0.5779
vn 0.7827 0.5430 -0.3042
vn -0.4783 0.3809 0.7913
vn -0.3224 -0.8478 -0.4210
vn -0.3166 -0.8480 -0.4251
vn 0.7917 0.4898 0.3651
vn 0.0996 0.3174 0.9431
vn -0.8151 -0.4867 -0.3143
vn 0.2333 -0.1501 -0.9607
vn 0.5748 0.3176 0.7541
vn -0.5868 -0.2061 0.7831
vn -0.3206 -0.2116 -0.9233
vn 0.5720 0.2387 -0.7848
vn 0.4461 -0.0797 0.8914
vn -0.7786 -0.2088 0.5918
vn -0.1505 0.2221 -0.9633
vn 0.4964 0.1193 -0.8599
vn 0.5001 0.0010 0.8660
vn -0.9167 0.0019 0.3996
vn 0.1124 0.0021 -0.9937
vn 0.5000 0.0013 -0.8660
vn 0.9771 -0.2065 -0.0523
vn 0.2500 0.9486 -0.1941
vn -0.6892 0.7211 -0.0708
vn -0.2641 -0.9520 0.1548
vn 0.9618 -0.2423 0.1276
vn -0.1630 0.8733 -0.4590
vn -0.6488 -0.7512 -0.1216
vn -0.4339 0.4791 0.7630
vn 0.9666 0.0096 0.2562
vn -0.0360 -0.9869 -0.1571
vn -0.8486 0.5162 0.1157
vn -0.1877 0.9007 -0.3917
vn 0.8206 0.0230 0.5711
vn -0.7484 -0.4961 0.4402
vn -0.1340 0.4054 -0.9042
vn 0.2924 0.5158 -0.8053
vn 0.7059 -0.1394 0.6944
vn 0.9572 0.1324 -0.2573
vn -0.4291 0.2022 -0.8803
vn -0.8942 -0.1844 0.4078
vn 0.8015 0.0488 0.5960
vn 0.4271 0.5302 -0.7324
vn -0.9989 -0.0398 -0.0253
vn -0.4832 -0.8467 0.2229
vn 0.8147 -0.0062 0.5798
vn -0.4530 0.8710 0.1901
vn -0.6865 -0.6816 -0.2531
vn 0.0293 -0.0084 -0.9995
vn 0.8357 -0.2743 0.4757
vn -0.7006 -0.2616 0.6638
vn -0.2441 0.4256 -0.8714
vn 0.4680 0.3523 -0.8105
vn 0.6507 0.4265 0.6282
vn 0.9735 -0.1642 0.1590
vn -0.3605 -0.6100 -0.7057
vn -0.9019 0.4141 0.1231
vn 0.7507 0.3335 0.5703
vn 0.6528 -0.7364 -0.1779
vn -0.9532 -0.1085 -0.2822
vn -0.6285 0.7669 -0.1296
vn 0.7492 0.1557 0.6438
vn 0.0318 -0.9936 0.1081
vn -0.6127 0.3820 -0.6919
vn -0.4425 0.8789 -0.1781
vn 0.4086 -0.1886 0.8930
vn 0.2343 -0.6851 -0.6897
vn -0.5907 0.7808 -0.2036
vn -0.4196 0.8124 0.4049
vn 0.5686 0.6368 -0.5207
vn 0.4943 0.6606 0.5651
vn -0.6223 -0.7127 0.3237
vn -0.3191 -0.4629 -0.8270
vn 0.7345 0.6181 0.2801
vn -0.1857 -0.0654 0.9804
vn -0.6359 -0.4373 -0.6359
vn 0.4938 0.1575 -0.8552
vn 0.5000 0.0022 0.8660
vn -0.7681 0.0038 0.6403
vn -0.1704 0.0038 -0.9854
vn 0.5000 0.0017 -0.8660
vn 0.5000 0.0011 0.8660
vn -0.9287 0.0017 0.3708
vn 0.1432 0.0017 -0.9897
vn 0.5000 0.0011 -0.8660
vn 0.7814 0.4108 -0.4697
vn 0.7518 0.6367 0.1714
vn -0.6195 -0.1653 0.7674
vn -0.5774 -0.6272 -0.5227
vn 0.7786 0.4212 -0.4651
vn 0.4839 0.4175 0.7691
vn -0.7796 -0.6040 0.1656
vn -0.7232 -0.3312 -0.6060
vn 0.8820 0.3370 -0.3293
vn 0.3994 -0.1353 0.9067
vn -0.9698 -0.1919 -0.1506
vn -0.6125 -0.0021 -0.7904
vn 0.9952 0.0164 -0.0962
vn -0.3004 -0.0112 0.9538
vn -0.6793 0.0017 -0.7338
vn 0.1219 0.0169 -0.9924
vn 0.8907 -0.4328 -0.1392
vn 0.1541 0.9060 -0.3942
vn -0.5155 0.8419 -0.1595
vn -0.4262 -0.8222 0.3773
vn 0.9112 -0.3473 0.2217
vn -0.2604 0.9511 -0.1664
vn -0.7157 -0.6955 0.0630
vn 0.3710 0.8016 -0.4688
vn 0.8405 -0.2547 0.4782
vn -0.5622 -0.6859 0.4620
vn -0.4264 0.7781 -0.4612
vn 0.4511 0.3035 -0.8393
vn 0.6702 -0.1870 0.7183
vn -0.7617 0.5236 0.3818
vn 0.0009 -0.2386 -0.9711
vn 0.4496 -0.4373 -0.7788
vn 0.5063 0.3418 0.7917
vn 0.8308 0.0124 0.5565
vn -0.1532 -0.5597 -0.8144
vn -0.9411 0.2788 -0.1911
vn 0.4622 0.5851 0.6664
vn 0.9262 -0.3676 -0.0842
vn -0.7835 -0.5000 -0.3689
vn -0.8862 0.1733 -0.4297
vn 0.6838 0.7259 0.0736
vn 0.6285 -0.6617 0.4089
vn -0.9157 -0.3153 -0.2492
vn -0.8917 0.2389 -0.3844
vn 0.7161 0.6601 -0.2268
vn 0.0886 -0.8813 0.4642
vn -0.9261 0.2700 -0.2634
vn 0.7485 0.6303 -0.2063
vn 0.4045 -0.4011 0.8219
vn 0.3811 -0.8130 -0.4403
vn -0.1010 -0.2114 -0.9722
vn -0.4939 0.8294 0.2611
vn 0.4510 -0.1671 0.8767
vn 0.1274 -0.9291 -0.3472
vn -0.8321 0.5302 -0.1627
vn 0.4374 0.4844 -0.7577
vn 0.5001 0.0016 0.8660
vn -0.3913 -0.0036 0.9203
vn -0.6013 -0.0037 -0.7990
vn 0.5000 -0.0048 -0.8660
vn 0.5000 -0.0075 0.8660
vn -0.7141 -0.0144 0.6999
vn -0.2492 -0.0144 -0.9684
vn 0.5000 -0.0075 -0.8660
vn 0.7714 0.0367 0.6353
vn 0.2210 -0.7175 0.6606
vn -0.8173 -0.3275 -0.4741
vn -0.0196 0.8426 -0.5382
vn 0.6454 -0.0804 0.7596
vn -0.4603 -0.6868 0.5625
vn -0.4948 0.4870 -0.7197
vn 0.4532 0.4224 -0.7850
vn 0.5000 0.0035 0.8660
vn -0.6942 0.0052 0.7198
vn -0.2762 0.0052 -0.9611
vn 0.5000 0.0016 -0.8660
vn 0.5000 0.0000 0.8661
vn -0.8666 0.0000 0.4989
vn 0.0013 0.0000 -1.0000
vn 0.5000 0.0000 -0.8660
vn 0.9112 0.0897 -0.4020
vn 0.8388 0.3717 0.3978
vn -0.8174 0.0036 0.5761
vn -0.5694 -0.4054 -0.7151
vn 0.9708 0.2066 -0.1222
vn 0.1117 0.1992 0.9736
vn -0.9047 -0.3609 -0.2263
vn -0.2085 -0.0018 -0.9780
vn 0.8935 0.2543 0.3702
vn -0.4739 -0.0730 0.8775
vn -0.5391 0.0689 -0.8394
vn 0.3763 -0.3973 -0.8370
vn 0.6714 0.3645 0.6453
vn -0.7518 0.6581 -0.0406
vn 0.0849 -0.8554 -0.5110
vn 0.3760 -0.8623 -0.3392
vn 0.3065 0.9171 0.2550
vn 0.1131 0.2737 0.9552
vn -0.3071 -0.9236 -0.2295
vn 0.0088 0.1126 -0.9936
vn 0.2811 0.6282 0.7255
vn -0.1646 -0.5925 0.7886
vn -0.2240 -0.3697 -0.9017
vn 0.2087 0.6493 -0.7314
vn 0.3759 0.2283 0.8981
vn -0.5159 -0.7550 0.4048
vn -0.2187 0.3086 -0.9257
vn 0.4765 0.3034 -0.8252
vn 0.5000 0.0011 0.8660
vn -0.9730 0.0015 0.2307
vn 0.2868 0.0015 -0.9580
vn 0.5000 0.0011 -0.8660
vn 0.8717 0.4590 0.1715
vn 0.5844 0.3216 0.7450
vn -0.8629 -0.4401 0.2486
vn -0.2493 -0.1439 -0.9577
vn 0.8293 0.5335 0.1662
vn 0.0581 -0.0547 0.9968
vn -0.6480 -0.5714 -0.5036
vn -0.4476 0.0652 -0.8918
vn 0.7852 0.5979 0.1610
vn 0.2877 -0.5943 0.7511
vn -0.8625 -0.1773 -0.4740
vn -0.5184 0.2298 -0.8237
vn 0.9856 0.1319 0.1056
vn -0.3698 -0.4274 0.8250
vn -0.5991 0.2317 -0.7664
vn 0.4517 0.4285 -0.7825
vn 0.8761 0.2264 0.4256
vn 0.3118 0.6476 -0.6953
vn -0.6495 0.1080 -0.7526
vn -0.5157 -0.6748 0.5279
vn 0.8165 0.3134 0.4848
vn -0.1711 0.8936 -0.4151
vn -0.7787 -0.5954 0.1981
vn 0.3448 -0.7063 -0.6183
vn 0.5131 0.0229 0.8580
vn -0.7663 0.0410 0.6412
vn -0.1732 -0.0422 -0.9840
vn 0.4999 -0.0240 -0.8658
vn 0.5000 0.0007 0.8660
vn -0.9350 0.0011 0.3546
vn 0.1604 0.0011 -0.9871
vn 0.5000 0.0007 -0.8660
vn 0.4732 -0.2897 0.8319
vn 0.9544 0.1233 0.2718
vn -0.0548 0.4316 -0.9004
vn -0.9101 -0.3659 0.1947
vn 0.4161 -0.1274 0.9003
vn 0.6076 0.2715 -0.7465
vn -0.7480 -0.4754 -0.4631
vn -0.6452 0.6617 0.3820
vn 0.7468 0.4066 0.5262
vn 0.0600 -0.9961 -0.0653
vn -0.8126 0.5258 -0.2514
vn 0.2373 -0.5571 -0.7958
vn 0.8841 0.1272 0.4496
vn -0.5408 0.7410 0.3981
vn -0.3359 -0.6561 -0.6758
vn 0.3080 -0.7876 -0.5336
vn 0.3188 -0.1916 0.9283
vn 0.7936 -0.3621 0.4890
vn 0.0723 0.0286 -0.9970
vn -0.9107 0.3830 -0.1549
vn 0.2723 -0.2291 0.9345
vn 0.8334 -0.4631 -0.3017
vn -0.5938 0.2577 -0.7622
vn -0.7559 0.6273 -0.1875
vn 0.1847 0.1771 0.9667
vn 0.5906 -0.7838 -0.1921
vn -0.7968 0.1784 -0.5773
vn 0.0689 0.2916 -0.9541
vn 0.6275 0.4171 0.6575
vn -0.6465 -0.6118 0.4558
vn -0.0681 0.1084 -0.9918
vn 0.4357 0.4906 -0.7547
vn 0.2571 0.5405 0.8011
vn 0.9744 -0.0751 0.2120
vn -0.1767 -0.5680 -0.8039
vn -0.9812 0.1924 -0.0184
vn 0.6292 0.1251 0.7671
vn 0.6320 -0.7549 -0.1750
vn -0.8856 0.0498 -0.4618
vn -0.4108 0.9077 0.0860
vn 0.4319 -0.3712 0.8220
vn -0.3461 -0.9149 -0.2079
vn -0.2763 0.7647 -0.5821
vn 0.1742 0.9618 -0.2113
vn 0.2028 -0.2977 0.9329
vn -0.5453 -0.6518 -0.5270
vn 0.3103 0.8820 -0.3548
vn 0.2609 0.8531 -0.4519
vn 0.3134 0.6063 0.7309
vn 0.6176 0.0022 0.7865
vn -0.1183 -0.8095 -0.5751
vn -0.6785 0.4004 -0.6160
vn 0.2863 0.4832 0.8274
vn 0.5969 -0.7094 0.3748
vn -0.3976 -0.1598 -0.9035
vn -0.7658 0.4786 -0.4295
vn 0.0936 0.0423 0.9947
vn 0.8347 -0.4969 -0.2375
vn -0.5233 0.3628 -0.7710
vn -0.9664 0.1173 -0.2288
vn 0.1492 -0.6128 0.7760
vn 0.6804 0.6502 -0.3381
vn -0.8845 -0.0696 -0.4613
vn -0.3175 -0.7232 0.6134
vn 0.7238 0.6899 -0.0153
vn 0.2024 0.5882 0.7830
vn -0.7439 -0.4447 0.4988
vn -0.0611 -0.4411 -0.8954
vn 0.7697 0.6366 -0.0478
vn -0.3332 0.4236 0.8423
vn -0.6661 -0.4664 -0.5820
vn 0.1691 -0.9359 -0.3092
vn 0.9072 0.4141 -0.0740
vn -0.5056 0.8538 -0.1241
vn -0.5026 -0.8219 0.2681
vn -0.2198 -0.9645 -0.1465
vn 0.7999 0.4629 -0.3819
vn -0.4090 0.5338 0.7401
vn -0.3889 -0.8724 -0.2963
vn 0.4366 -0.4877 -0.7560
vn 0.9925 -0.1018 0.0680
vn 0.4403 0.8475 0.2963
vn -0.9899 0.1236 -0.0698
vn -0.3047 -0.8952 -0.3252
vn 0.8422 0.2521 0.4765
vn -0.3395 0.7167 0.6091
vn -0.6227 -0.5993 -0.5031
vn 0.4527 -0.4246 -0.7841
vn 0.5000 0.0043 0.8660
vn -0.7145 0.0067 0.6996
vn -0.2486 0.0067 -0.9686
vn 0.5000 0.0023 -0.8660
vn 0.4999 0.0006 0.8661
vn -0.8824 0.0010 0.4705
vn 0.0338 0.0010 -0.9994
vn 0.5000 0.0006 -0.8660
vn 0.8106 -0.3486 0.4706
vn 0.9260 0.3064 0.2203
vn -0.6008 0.6107 -0.5158
vn -0.7687 -0.6389 -0.0286
vn 0.8652 -0.2537 0.4326
vn 0.4833 0.8724 -0.0737
vn -0.9515 -0.0493 -0.3036
vn -0.5496 -0.8263 -0.1235
vn 0.8935 0.0331 0.4477
vn -0.0132 0.9953 -0.0957
vn -0.7218 -0.5438 -0.4281
vn -0.2812 -0.9548 0.0959
vn 0.7502 0.3455 0.5637
vn -0.2567 0.5511 -0.7940
vn -0.4851 -0.8567 0.1754
vn -0.1540 -0.8310 0.5345
vn -0.2653 -0.9633 -0.0401
vn 0.0274 -0.8386 -0.5440
vn 0.4586 0.6926 -0.5567
vn -0.1499 0.7592 0.6333
vn -0.4100 -0.8068 0.4255
vn -0.0297 -0.5903 -0.8067
vn -0.0165 0.9855 -0.1687
vn 0.5489 0.8259 0.1288
vn -0.1815 -0.3843 0.9052
vn -0.8868 -0.3867 -0.2531
vn 0.3975 0.7211 -0.5675
vn 0.7481 0.2807 -0.6013
vn 0.2373 -0.1551 0.9590
vn -0.9909 0.1339 0.0140
vn 0.4948 0.0502 -0.8676
vn 0.4995 0.0454 -0.8651
vn 0.6480 -0.7590 0.0635
vn 0.0373 -0.5572 -0.8296
vn -0.6603 0.7445 -0.0984
vn 0.0794 0.4237 0.9023
vn 0.6375 -0.6110 -0.4692
vn -0.3235 0.3377 -0.8839
vn -0.3377 0.5136 0.7887
vn 0.1625 -0.5895 0.7913
vn 0.8122 0.1972 -0.5490
vn -0.2553 0.9512 0.1734
vn -0.4387 -0.7388 0.5115
vn -0.0734 -0.8694 -0.4887
vn 0.8706 0.4466 -0.2064
vn -0.2488 -0.0326 0.9680
vn -0.6358 -0.3957 -0.6627
vn 0.4527 0.1644 -0.8764
vn 0.6690 0.2874 0.6854
vn 0.9764 -0.0130 0.2156
vn -0.3265 -0.4349 -0.8392
vn -0.9588 0.2126 0.1884
vn 0.6706 0.4051 0.6214
vn 0.8277 -0.4009 -0.3927
vn -0.8938 -0.3453 -0.2862
vn -0.9022 0.4302 0.0324
vn 0.7848 0.4023 0.4715
vn 0.4399 -0.8844 -0.1559
vn -0.9109 0.1269 -0.3926
vn -0.7587 0.6368 0.1374
vn 0.6505 -0.0600 0.7571
vn 0.1570 -0.4371 -0.8856
vn -0.8352 0.5180 0.1844
vn -0.0438 0.3753 0.9259
vn 0.6523 0.7339 0.1897
vn 0.9362 -0.0195 0.3509
vn -0.5775 -0.8029 -0.1479
vn -0.8202 0.4683 -0.3285
vn 0.7815 0.4438 0.4386
vn 0.4273 -0.8917 0.1496
vn -0.8233 -0.0748 -0.5626
vn -0.5523 0.8311 0.0655
vn 0.6894 -0.0686 0.7211
vn 0.1219 -0.8979 -0.4230
vn -0.8264 0.5303 -0.1894
vn -0.0971 0.9605 -0.2610
vn 0.8442 -0.2042 0.4956
vn -0.8139 -0.4474 0.3707
vn -0.0864 0.6013 -0.7944
vn -0.3117 0.5404 -0.7815
vn 0.5585 0.3594 -0.7476
vn 0.9034 0.4035 -0.1450
vn -0.4061 -0.2945 0.8651
vn -0.8811 -0.2909 -0.3728
vn 0.7520 0.1745 -0.6356
vn 0.4211 0.2498 0.8719
vn -0.9755 -0.0333 0.2174
vn -0.3984 -0.6389 -0.6581
vn 0.9551 -0.2655 0.1315
vn -0.3196 0.6409 0.6980
vn -0.6281 -0.5721 -0.5274
vn 0.2768 0.6013 -0.7496
vn 0.8483 -0.1049 0.5190
vn -0.3199 -0.9290 -0.1861
vn -0.4046 0.8818 -0.2422
vn -0.0027 1.0000 0.0048
vn 0.1285 -0.5921 0.7955
vn 0.3855 -0.7958 0.4669
vn 0.2005 0.1381 -0.9699
vn -0.5978 0.7943 -0.1081
vn 0.0567 -0.1961 0.9789
vn 0.6894 -0.7243 0.0082
vn -0.5004 0.1847 -0.8459
vn -0.2498 0.7408 -0.6235
vn 0.2544 0.2930 0.9216
vn 0.0438 -0.9719 0.2315
vn -0.2079 0.1887 -0.9598
vn -0.3203 0.6316 -0.7060
vn -0.0434 0.4911 0.8700
vn 0.3093 -0.9052 -0.2914
vn -0.3813 0.5569 -0.7379
vn -0.0262 0.4512 0.8920
vn 0.6298 0.7643 0.1387
vn 0.7701 0.2825 0.5719
vn -0.4089 -0.8930 0.1880
vn -0.6971 0.1248 -0.7061
vn 0.6907 0.7204 0.0630
vn 0.5264 -0.3256 0.7854
vn -0.8974 -0.3981 -0.1903
vn -0.5868 -0.1080 -0.8025
vn 0.8154 0.5530 -0.1711
vn 0.1648 0.0741 0.9835
vn -0.7864 -0.5180 -0.3364
vn -0.6612 -0.3506 -0.6632
vn 0.7204 0.6382 -0.2715
vn -0.0310 -0.2718 0.9618
vn -0.6848 -0.3460 -0.6414
vn 0.0025 0.2787 -0.9604
vn 0.8290 0.3605 0.4275
vn 0.4418 -0.1309 0.8875
vn -0.8554 -0.4537 -0.2500
vn -0.1079 0.3966 -0.9116
vn 0.8166 0.1120 0.5662
vn -0.3081 -0.5637 0.7664
vn -0.6541 0.1991 -0.7297
vn 0.2659 0.4660 -0.8439
vn 0.6256 -0.3009 0.7198
vn -0.7352 -0.0504 0.6759
vn -0.1734 0.4070 -0.8968
vn 0.5182 -0.0315 -0.8547
vn 0.5049 -0.1263 0.8539
vn -0.8616 0.4760 0.1759
vn 0.2434 -0.2543 -0.9360
vn 0.4681 -0.3516 -0.8107
vn 0.9454 -0.3253 0.0184
vn 0.3024 0.4117 0.8597
vn -0.8168 0.4991 0.2895
vn -0.1440 -0.4089 -0.9012
vn 0.8653 -0.3431 0.3655
vn -0.3221 0.0617 0.9447
vn -0.5468 -0.1136 -0.8295
vn 0.3814 0.6427 -0.6644
vn 0.5434 -0.3862 0.7454
vn -0.5124 -0.8583 -0.0279
vn -0.3014 0.7517 -0.5866
vn 0.2632 0.9043 -0.3361
vn 0.1520 -0.1362 0.9790
vn -0.6052 -0.6916 -0.3942
vn 0.3849 0.7473 -0.5417
vn 0.3501 0.7138 -0.6066
vn 0.2092 -0.9506 0.2294
vn 0.8804 -0.4442 0.1660
vn 0.0482 0.9741 -0.2208
vn -0.9878 0.0965 -0.1221
vn 0.4310 -0.8521 0.2969
vn 0.8974 0.4111 0.1603
vn -0.7142 0.6613 -0.2293
vn -0.8414 -0.3345 -0.4245
vn 0.5835 -0.7239 0.3681
vn 0.2166 0.7665 0.6046
vn -0.7969 0.1065 -0.5946
vn -0.0860 -0.1363 -0.9869
vn 0.8207 -0.4007 0.4073
vn -0.8087 -0.0123 0.5881
vn -0.0245 0.4072 -0.9130
vn 0.7613 0.0751 -0.6440
vn 0.8762 -0.3565 -0.3243
vn 0.0856 -0.1551 -0.9842
vn -0.9381 0.3136 -0.1467
vn 0.0654 0.0852 0.9942
vn 0.8660 -0.3084 -0.3936
vn -0.2685 0.5700 -0.7766
vn -0.4917 0.1498 0.8578
vn -0.2034 -0.7201 0.6634
vn 0.9830 0.1836 -0.0047
vn -0.1930 0.8660 0.4613
vn -0.7175 -0.6893 -0.0996
vn 0.2787 -0.6024 -0.7479
vn 0.6015 0.0418 0.7978
vn -0.9311 0.1842 0.3147
vn 0.1778 -0.1759 -0.9682
vn 0.4898 -0.2014 -0.8483
vn 0.9284 0.3347 -0.1616
vn 0.0513 -0.9039 -0.4248
vn -0.7285 -0.6832 -0.0506
vn -0.2264 0.8417 0.4903
vn 0.9526 0.0144 0.3038
vn -0.2945 -0.9190 0.2620
vn -0.5785 0.8141 0.0506
vn 0.2451 -0.3849 -0.8898
vn 0.7575 -0.1187 0.6419
vn -0.3789 0.7101 0.5934
vn -0.5358 -0.3664 -0.7607
vn 0.4935 -0.4415 -0.7494
vn 0.4336 0.0015 0.9011
vn -0.9883 0.0022 0.1524
vn 0.3589 0.0022 -0.9334
vn 0.7707 0.0026 -0.6372
vn -0.1115 0.3757 -0.9200
vn 0.6552 -0.7167 -0.2390
vn -0.2234 0.0677 0.9724
vn -0.4918 0.4300 0.7571
vn 0.6882 0.7080 0.1586
vn 0.0501 -0.1379 0.9892
vn -0.9267 0.2805 -0.2500
vn 0.5898 -0.4685 -0.6578
vn 0.2455 0.4176 0.8748
vn -0.9459 0.0325 0.3228
vn 0.2347 -0.5127 -0.8259
vn 0.8072 0.1690 -0.5655
vn 0.1670 0.1470 0.9749
vn -0.7565 -0.6388 -0.1401
vn 0.4526 0.3819 -0.8058
vn 0.4610 0.3870 -0.7985
vn -0.1415 0.2251 -0.9640
vn 0.9932 0.1150 -0.0183
vn -0.4481 -0.2420 0.8606
vn -0.9930 -0.1054 0.0534
vn 0.9259 0.2180 0.3086
vn 0.2318 -0.0871 0.9689
vn -0.9529 -0.0615 -0.2969
vn 0.4975 0.0998 -0.8617
vn 0.5000 0.0014 0.8660
vn -0.6210 0.0015 0.7838
vn -0.3683 0.0015 -0.9297
vn 0.5000 0.0001 -0.8660
vn 0.5000 -0.0008 0.8660
vn -0.8174 -0.0014 0.5761
vn -0.0902 -0.0014 -0.9959
vn 0.5000 -0.0008 -0.8660
vn 0.2729 -0.4667 -0.8413
vn 0.1022 0.7614 -0.6402
vn -0.2928 0.2742 0.9160
vn -0.0050 -0.9535 0.3012
vn 0.5030 0.4689 -0.7260
vn 0.2047 0.7806 0.5906
vn -0.1460 -0.9296 0.3385
vn -0.4241 -0.0242 -0.9053
vn 0.5388 0.8194 0.1956
vn 0.5054 -0.5773 0.6413
vn -0.8623 -0.3392 -0.3760
vn -0.2848 0.3766 -0.8815
vn 0.8480 0.3787 0.3709
vn -0.6138 -0.2993 0.7305
vn -0.2705 -0.0935 -0.9582
vn 0.2346 0.1385 -0.9622
vn 0.9404 -0.0898 -0.3280
vn 0.4501 -0.6500 0.6123
vn -0.9541 0.1631 0.2512
vn -0.2457 0.6686 -0.7019
vn 0.8600 -0.2718 0.4319
vn -0.2981 -0.2189 0.9291
vn -0.5987 0.4969 -0.6282
vn 0.4516 -0.0984 -0.8868
vn 0.6114 0.0422 0.7902
vn -0.6265 0.3769 0.6822
vn -0.3397 -0.2529 -0.9059
vn 0.3574 -0.2077 -0.9106
vn 0.6031 0.0677 0.7948
vn -0.8632 0.0614 0.5012
vn -0.0041 -0.0898 -0.9959
vn 0.4983 -0.0841 -0.8629
vn 0.5767 -0.1462 -0.8038
vn 0.9955 -0.0914 0.0251
vn -0.5127 0.1426 0.8466
vn -0.9061 0.0474 -0.4205
vn 0.8853 -0.1712 -0.4323
vn 0.5175 0.0213 0.8554
vn -0.9875 0.1571 0.0102
vn -0.4135 -0.0254 -0.9102
vn 0.8869 -0.1492 0.4372
vn -0.3774 0.1422 0.9151
vn -0.5990 0.0412 -0.7997
vn 0.4582 -0.0661 -0.8864
vn 0.5363 -0.0042 0.8440
vn -0.9722 -0.0179 0.2333
vn 0.2838 0.0292 -0.9584
vn 0.4997 0.0306 -0.8656
vn -0.0978 -0.9607 -0.2597
vn 0.8551 0.2277 -0.4658
vn -0.1503 0.9340 0.3241
vn -0.8444 0.1543 0.5130
vn 0.4971 -0.4773 0.7246
vn 0.4501 0.6840 0.5740
vn -0.9822 -0.1387 -0.1270
vn 0.4812 -0.2720 -0.8334
vn 0.5000 -0.0011 0.8660
vn -0.0816 -0.0178 0.9965
vn -0.8222 -0.0177 -0.5689
vn 0.4999 -0.0148 -0.8660
vn 0.4999 -0.0180 0.8659
vn -0.6281 -0.0355 0.7774
vn -0.3591 -0.0355 -0.9326
vn 0.4999 -0.0180 -0.8659
vn 0.8423 -0.2643 -0.4697
vn 0.4338 0.7944 -0.4252
vn -0.7931 0.4790 0.3762
vn -0.1359 -0.9618 0.2376
vn 0.8881 0.1569 -0.4321
vn 0.0399 0.9491 0.3123
vn -0.5380 -0.7214 0.4362
vn -0.2684 -0.5613 -0.7829
vn 0.7969 0.5901 -0.1294
vn 0.3163 -0.2153 0.9239
vn -0.8518 -0.4086 -0.3279
vn -0.5745 0.0396 -0.8176
vn 0.8347 0.5505 0.0171
vn -0.2194 -0.5790 0.7853
vn -0.6197 0.0332 -0.7841
vn -0.0239 0.4845 -0.8745
vn 0.7854 -0.5461 0.2914
vn 0.1222 -0.9925 0.0065
vn -0.9298 0.0940 -0.3560
vn 0.1817 0.9724 0.1462
vn 0.8053 -0.5426 0.2390
vn -0.4581 -0.8881 0.0386
vn -0.5241 0.8440 0.1137
vn 0.1476 0.8457 -0.5128
vn 0.7978 -0.5972 0.0829
vn -0.3646 -0.4278 0.8271
vn -0.5198 0.7034 -0.4847
vn -0.0421 0.7064 -0.7065
vn 0.7813 -0.6072 0.1448
vn -0.7562 -0.2628 0.5992
vn -0.0786 0.7796 -0.6213
vn 0.4013 0.5965 -0.6951
vn 0.2739 -0.9298 -0.2458
vn -0.0215 0.0773 -0.9968
vn -0.3716 0.6929 0.6178
vn -0.1971 0.4053 0.8927
vn 0.6398 -0.7344 0.2264
vn -0.5558 0.8303 -0.0406
vn -0.7831 -0.1340 0.6072
vn 0.4745 0.3149 -0.8220
vn 0.5001 0.0012 0.8660
vn -0.2842 -0.0114 0.9587
vn -0.6882 -0.0114 -0.7254
vn 0.5000 -0.0112 -0.8660
vn 0.5001 -0.0153 0.8659
vn -0.6803 -0.0299 0.7324
vn -0.2943 -0.0299 -0.9552
vn 0.5000 -0.0153 -0.8659
vn 0.9284 -0.3209 -0.1872
vn -0.0161 -0.3768 -0.9261
vn -0.9732 0.1677 -0.1575
vn 0.0389 0.3228 0.9457
vn 0.8801 -0.1927 -0.4339
vn -0.3317 0.1932 -0.9234
vn -0.3931 0.3841 0.8354
vn -0.1675 -0.6818 0.7121
vn 0.9404 -0.0821 -0.3300
vn 0.1516 0.9655 0.2119
vn -0.8630 -0.4308 0.2637
vn -0.7088 -0.6885 -0.1533
vn 0.9708 -0.1996 -0.1329
vn -0.1199 0.7751 0.6203
vn -0.7948 -0.4490 -0.4083
vn 0.1123 -0.7633 -0.6362
vn 0.8932 0.4058 -0.1938
vn 0.8535 -0.3195 -0.4117
vn -0.7576 -0.6486 0.0730
vn -0.6325 0.6291 0.4519
vn 0.9508 0.2402 -0.1954
vn 0.3725 -0.8932 -0.2519
vn -0.9408 0.0566 0.3342
vn -0.5240 0.8238 0.2163
vn 0.9977 0.0143 -0.0666
vn -0.0053 -0.9881 0.1534
vn -0.8631 0.4998 0.0721
vn -0.3945 0.8936 -0.2143
vn 0.9966 -0.0822 0.0088
vn -0.5553 -0.7032 0.4440
vn -0.4021 0.8022 -0.4413
vn 0.6739 0.6310 -0.3842
vn 0.0842 -0.1397 -0.9866
vn 0.7781 -0.5348 -0.3294
vn -0.1412 0.1763 0.9741
vn -0.8306 0.5520 -0.0734
vn 0.6463 -0.3593 -0.6732
vn 0.5957 -0.3904 0.7019
vn -0.8405 0.4791 0.2532
vn -0.3837 0.3865 -0.8387
vn 0.8634 -0.3186 0.3912
vn -0.3762 -0.0810 0.9230
vn -0.5774 0.3395 -0.7425
vn 0.4994 0.0489 -0.8650
vn 0.5000 0.0040 0.8660
vn -0.9603 0.0058 0.2789
vn 0.2386 0.0058 -0.9711
vn 0.5000 0.0040 -0.8660
vn 0.0591 -0.4963 -0.8662
vn 0.6192 0.0518 -0.7835
vn 0.1355 0.6202 0.7726
vn -0.7894 -0.3534 0.5020
vn 0.2205 -0.3007 -0.9279
vn 0.8361 0.5347 -0.1226
vn -0.4967 0.0013 0.8679
vn -0.9355 -0.3353 0.1118
vn 0.4612 0.2164 -0.8605
vn 0.7620 0.0353 0.6467
vn -0.8897 -0.3179 0.3278
vn -0.8884 0.3039 -0.3441
vn 0.7370 0.6746 0.0410
vn 0.3141 -0.9493 0.0143
vn -0.9760 0.2155 -0.0321
vn -0.5154 0.8570 -0.0038
vn 0.1004 -0.5018 -0.8591
vn 0.3885 0.1888 -0.9019
vn 0.0513 0.7496 0.6600
vn -0.4843 -0.5619 0.6705
vn 0.1015 -0.3757 -0.9212
vn 0.6385 0.6951 -0.3303
vn -0.2074 -0.0363 0.9776
vn -0.8370 -0.3977 0.3758
vn 0.2989 -0.1316 -0.9452
vn 0.9522 0.0869 0.2927
vn -0.7359 0.0144 0.6770
vn -0.9908 0.1233 -0.0563
vn 0.5135 -0.2411 -0.8236
vn 0.4560 -0.1782 0.8719
vn -0.9099 0.4149 -0.0035
vn -0.7258 0.3242 -0.6067
vn 0.5849 -0.6304 -0.5104
vn 0.2008 -0.2993 -0.9328
vn -0.7332 0.6789 -0.0404
vn -0.0600 0.1083 0.9923
vn 0.6484 -0.7100 -0.2746
vn -0.3346 -0.1939 -0.9222
vn -0.5551 0.4784 0.6804
vn -0.0407 0.6957 0.7172
vn 0.6740 -0.7019 0.2301
vn -0.6795 -0.6841 -0.2653
vn -0.2472 0.9620 0.1160
vn 0.0823 0.9821 -0.1692
vn 0.5787 -0.3396 0.7415
vn -0.9079 -0.4016 -0.1201
vn 0.2836 0.7365 -0.6141
vn 0.1681 0.7201 -0.6732
vn 0.9380 -0.1262 -0.3230
vn 0.4066 -0.6341 -0.6577
vn -0.9841 -0.1270 0.1242
vn -0.1790 0.6934 0.6979
vn 0.9291 -0.2871 -0.2332
vn -0.2832 -0.9000 -0.3313
vn -0.7118 0.5148 0.4778
vn -0.0097 0.9730 0.2306
vn 0.8270 -0.4934 0.2694
vn -0.6322 -0.6754 0.3797
vn -0.3327 0.9062 -0.2611
vn 0.3029 0.6064 -0.7352
vn 0.7557 -0.4280 0.4956
vn -0.7386 0.3508 0.5757
vn -0.0416 0.1062 -0.9935
vn 0.4660 -0.1651 -0.8692
vn 0.5006 0.1532 -0.8520
vn 0.6684 -0.7312 -0.1362
vn -0.0895 -0.5948 0.7989
vn -0.6088 0.7193 0.3346
vn 0.4844 0.7472 -0.4550
vn 0.7323 -0.6281 0.2631
vn -0.9762 0.0702 -0.2054
vn -0.2401 -0.6905 0.6824
vn 0.7556 0.6000 0.2628
vn -0.3386 0.6480 -0.6822
vn -0.5572 -0.7928 0.2471
vn -0.1445 -0.9834 0.1095
vn 0.6334 0.4326 0.6416
vn -0.7408 0.5817 -0.3358
vn 0.0695 -0.9413 -0.3302
vn 0.0276 -0.9342 -0.3557
vn -0.1864 -0.2949 -0.9372
vn 0.4817 -0.3416 -0.8071
vn 0.4041 0.2632 0.8760
vn -0.7553 0.3198 0.5720
vn -0.0478 -0.0919 -0.9946
vn 0.9846 -0.0206 -0.1739
vn -0.3279 0.0353 0.9440
vn -0.9190 0.1835 0.3491
vn 0.3657 0.3198 -0.8741
vn 0.8947 -0.2409 0.3761
vn -0.7921 -0.0395 0.6091
vn -0.9638 -0.0026 -0.2668
vn 0.6212 -0.0873 -0.7787
vn 0.1997 0.3726 0.9062
vn -0.9477 -0.2959 -0.1198
vn 0.7577 -0.0081 -0.6525
vn 0.7542 -0.2747 -0.5964
vn 0.8344 0.3213 -0.4479
vn -0.5951 0.5659 0.5706
vn -0.7136 -0.6604 0.2338
vn 0.8431 -0.3046 -0.4431
vn 0.3787 0.9252 0.0252
vn -0.9482 -0.0875 0.3055
vn -0.5999 -0.7751 0.1985
vn 0.9806 0.0740 0.1818
vn -0.1574 0.9681 0.1951
vn -0.7606 -0.6464 -0.0610
vn 0.1523 -0.7535 -0.6396
vn 0.7039 0.0865 0.7050
vn -0.8841 0.1520 0.4418
vn 0.0637 -0.1852 -0.9806
vn 0.4579 -0.1914 -0.8681
vn 0.9048 -0.4251 0.0272
vn 0.7456 0.2795 -0.6050
vn -0.7506 0.5977 -0.2818
vn -0.4963 -0.5191 0.6959
vn 0.9583 -0.2614 -0.1159
vn 0.2932 0.8299 -0.4747
vn -0.8438 -0.0310 0.5358
vn -0.5148 -0.8568 0.0303
vn 0.9715 -0.0753 -0.2248
vn 0.1922 0.7725 0.6052
vn -0.9459 -0.3137 -0.0833
vn -0.6153 -0.6181 -0.4893
vn 0.9835 -0.0687 -0.1671
vn -0.3279 0.6220 0.7111
vn -0.6456 -0.5346 -0.5454
vn 0.4824 -0.5585 -0.6748
vn 0.8991 0.1183 0.4214
vn 0.9507 -0.2798 -0.1338
vn -0.6414 -0.3613 -0.6769
vn -0.8146 0.4171 0.4031
vn 0.8701 0.0885 0.4848
vn 0.4056 -0.7254 -0.5561
vn -0.9863 0.0533 -0.1563
vn -0.6491 0.7256 0.2284
vn 0.7575 -0.0865 0.6471
vn -0.1728 -0.9792 -0.1067
vn -0.7079 0.6689 -0.2268
vn 0.2692 0.7769 -0.5692
vn 0.6458 -0.1365 0.7512
vn -0.9249 -0.0411 0.3780
vn 0.1358 0.1678 -0.9764
vn 0.4950 0.1410 -0.8574
vn 0.7424 0.6661 0.0722
vn 0.6390 -0.2320 0.7333
vn -0.7308 -0.6815 -0.0387
vn -0.4098 0.5169 -0.7516
vn 0.7585 0.2912 0.5830
vn -0.1706 -0.5827 0.7946
vn -0.7015 0.1480 -0.6972
vn 0.4608 0.3883 -0.7981
vn 0.5000 0.0033 0.8660
vn -0.6561 0.0043 0.7547
vn -0.3256 0.0043 -0.9455
vn 0.5000 0.0008 -0.8660
vn 0.5000 -0.0009 0.8660
vn -0.8396 -0.0016 0.5432
vn -0.0507 -0.0016 -0.9987
vn 0.5000 -0.0009 -0.8660
vn 0.8497 0.2809 -0.4462
vn 0.7293 0.5459 0.4124
vn -0.8254 -0.2447 0.5087
vn -0.4818 -0.5149 -0.7091
vn 0.9385 0.3454 -0.0016
vn 0.0702 0.2934 0.9534
vn -0.8532 -0.3889 -0.3476
vn -0.0682 -0.2737 -0.9594
vn 0.8651 0.0215 0.5012
vn -0.4746 0.0181 0.8800
vn -0.5175 -0.0504 -0.8542
vn 0.1155 0.0589 -0.9916
vn 0.7315 -0.3582 0.5801
vn -0.8688 0.0407 0.4935
vn 0.0516 0.3107 -0.9491
vn 0.4807 0.1829 -0.8576
vn -0.3500 0.9267 -0.1371
vn 0.5698 0.8218 0.0025
vn 0.7381 -0.6537 0.1670
vn -0.8812 -0.4710 -0.0401
vn -0.5669 0.7764 0.2754
vn 0.9299 0.1424 0.3392
vn -0.5334 -0.6131 -0.5827
vn 0.4928 -0.8540 -0.1669
vn 0.2709 0.5441 0.7941
vn -0.8067 0.5845 -0.0870
vn 0.0357 -0.8524 -0.5217
vn 0.5337 -0.5983 -0.5977
vn 0.3883 0.2492 0.8872
vn -0.9945 0.0757 0.0730
vn 0.4101 -0.2820 -0.8673
vn 0.6711 -0.2451 -0.6997
vn -0.6323 -0.2733 -0.7249
vn -0.3133 0.7599 -0.5695
vn 0.6073 0.0513 0.7928
vn 0.5195 -0.3584 0.7756
vn -0.7650 -0.5317 0.3634
vn 0.0056 0.4030 0.9152
vn -0.0632 -0.9220 -0.3820
vn 0.4273 0.5315 -0.7314
vn 0.1890 0.3423 0.9204
vn -0.7419 -0.4186 0.5239
vn 0.0041 -0.0281 -0.9996
vn 0.4998 -0.0293 -0.8657
vn 0.5000 0.0005 0.8660
vn -0.9131 0.0008 0.4078
vn 0.1034 0.0008 -0.9946
vn 0.5000 0.0005 -0.8660
vn 0.0244 0.8665 -0.4986
vn -0.5793 0.8088 -0.1015
vn 0.1951 -0.9073 0.3725
vn 0.5369 -0.8339 0.1283
vn 0.1431 0.9831 -0.1144
vn -0.6795 0.0451 0.7323
vn 0.2311 -0.8627 -0.4498
vn 0.7495 -0.4150 -0.5158
vn 0.0968 0.0227 0.9950
vn -0.9831 0.1031 0.1512
vn 0.3632 0.0488 -0.9304
vn 0.9232 -0.2822 -0.2610
vn -0.1424 -0.0809 0.9865
vn -0.6755 0.5628 -0.4764
vn 0.7316 -0.4121 -0.5431
vn 0.4909 -0.1896 -0.8503
vn 0.3571 0.5466 -0.7574
vn -0.3988 -0.0516 -0.9156
vn 0.0085 -0.3104 0.9506
vn 0.2522 -0.1040 0.9621
vn 0.3857 0.0052 -0.9226
vn -0.5820 -0.8126 0.0317
vn 0.1087 0.4426 0.8901
vn 0.3947 0.8705 -0.2939
vn 0.5068 -0.6781 0.5323
vn -0.7971 -0.2025 0.5689
vn -0.0400 0.7340 -0.6780
vn 0.4793 0.3700 -0.7958
vn 0.4833 0.0011 0.8755
vn -0.9776 0.0015 0.2103
vn 0.3027 0.0015 -0.9531
vn 0.5869 0.0014 -0.8097
vn -0.0746 0.9917 -0.1048
vn 0.0624 0.8661 -0.4960
vn 0.2215 -0.9097 -0.3513
vn -0.1434 -0.6773 0.7216
vn -0.3708 0.9098 0.1863
vn 0.1950 0.1716 -0.9657
vn 0.1818 -0.8933 0.4111
vn 0.2864 -0.9015 0.3244
vn -0.4770 -0.4870 0.7316
vn 0.5079 -0.8581 -0.0752
vn -0.3478 0.4599 0.8170
vn 0.1673 0.5363 -0.8273
vn 0.3457 -0.9299 0.1256
vn -0.6401 0.2514 0.7260
vn 0.1591 0.7160 -0.6797
vn 0.4929 0.2438 -0.8352
vn 0.8230 0.3952 -0.4079
vn 0.5833 -0.0553 -0.8104
vn -0.7597 -0.6503 -0.0024
vn -0.2684 0.2991 0.9157
vn 0.8630 0.3930 -0.3175
vn 0.0139 -0.3295 -0.9441
vn -0.8403 -0.0692 0.5377
vn -0.1919 -0.1364 0.9719
vn 0.9292 0.2285 -0.2905
vn -0.3552 0.3134 -0.8807
vn -0.6296 -0.3502 0.6935
vn -0.1512 -0.4725 0.8683
vn 0.9265 0.1277 -0.3540
vn -0.7480 0.4141 -0.5186
vn -0.1740 -0.5432 0.8214
vn -0.3277 -0.5068 0.7973
vn 0.1507 0.6058 -0.7812
vn 0.6027 0.0303 -0.7974
vn 0.0815 -0.7570 0.6483
vn -0.7057 0.3280 0.6280
vn 0.2601 0.5036 -0.8238
vn 0.7601 -0.5786 -0.2957
vn -0.4605 -0.1990 0.8651
vn -0.7811 0.5022 0.3711
vn 0.5154 0.1121 -0.8496
vn 0.6606 -0.6623 0.3534
vn -0.7322 0.3279 0.5969
vn -0.7698 0.5647 -0.2975
vn 0.5912 -0.4164 -0.6907
vn 0.3467 0.0420 0.9371
vn -0.8953 0.3972 -0.2017
vn -0.7607 0.2553 -0.5968
vn -0.2540 0.5921 -0.7648
vn 0.3561 0.7538 -0.5522
vn 0.5434 -0.3670 0.7550
vn -0.6986 -0.6541 0.2900
vn -0.1679 0.5224 -0.8360
vn 0.8321 0.5547 0.0030
vn -0.2305 -0.5239 0.8200
vn -0.5971 -0.7676 0.2330
vn 0.0746 0.1972 -0.9775
vn 0.6896 0.6904 0.2184
vn -0.3700 -0.5769 0.7282
vn -0.7064 -0.5290 0.4702
vn 0.0822 -0.1192 -0.9895
vn 0.7866 0.3359 0.5181
vn -0.8571 -0.1798 0.4827
vn -0.9480 -0.2947 -0.1203
vn -0.0745 -0.3063 -0.9490
vn -0.0492 0.7141 -0.6983
vn 0.0785 0.2401 0.9676
vn 0.0015 -0.9297 0.3684
vn -0.0113 0.3747 -0.9271
vn 0.0054 0.9490 0.3153
vn -0.0508 -0.7433 0.6670
vn -0.0137 -0.8336 -0.5521
vn 0.0675 0.9918 -0.1083
vn -0.0412 0.0823 0.9958
vn 0.0000 -0.9054 -0.4246
vn -0.1575 0.0566 -0.9859
vn -0.1120 0.8844 0.4532
vn 0.4482 -0.8381 0.3110
vn -0.4141 -0.1185 -0.9025
vn 0.2404 0.4798 0.8438
vn 0.7406 -0.5466 -0.3907
vn -0.0873 -0.2934 -0.9520
vn -0.9088 0.4076 -0.0888
vn -0.0023 0.2531 0.9674
vn 0.7559 -0.6165 -0.2206
vn -0.5636 -0.5173 -0.6441
vn -0.5448 0.5043 0.6700
vn 0.3305 0.8846 0.3289
vn 0.5735 -0.7217 0.3877
vn -0.8296 -0.5573 0.0330
vn -0.0264 0.8986 -0.4380
vn 0.5911 0.7936 0.1446
vn 0.0746 -0.8225 0.5638
vn -0.4561 -0.2318 -0.8592
vn 0.2884 0.9315 0.2215
vn 0.3570 0.8354 0.4180
vn 0.9533 0.2562 0.1597
vn 0.1868 -0.9662 -0.1777
vn -0.5406 -0.8151 -0.2080
vn -0.4493 0.8670 0.2155
vn 0.8934 0.2898 0.3433
vn -0.1697 -0.8313 -0.5292
vn -0.6630 0.7443 -0.0796
vn -0.3271 -0.8370 0.4386
vn 0.7633 0.3323 0.5540
vn -0.4627 0.8845 0.0602
vn -0.5084 -0.8206 -0.2610
vn 0.3915 -0.6221 -0.6780
vn 0.5000 0.0038 0.8660
vn -0.9616 0.0055 0.2743
vn 0.2433 0.0055 -0.9699
vn 0.5000 0.0038 -0.8660
vn 0.6059 0.6056 -0.5159
vn 0.9869 0.0844 -0.1373
vn -0.4540 -0.6793 0.5766
vn -0.9650 0.2431 -0.0985
vn 0.7702 0.5831 -0.2584
vn 0.7182 -0.5073 0.4763
vn -0.9278 -0.3720 0.0294
vn -0.8252 0.4761 -0.3039
vn 0.8040 0.5547 0.2139
vn 0.4082 -0.8384 0.3612
vn -0.9720 -0.0227 -0.2337
vn -0.6424 0.4511 -0.6196
vn 0.9389 0.3432 0.0268
vn -0.2786 -0.5654 0.7763
vn -0.6455 0.2095 -0.7345
vn 0.0890 0.5495 -0.8307
vn 0.0005 0.5604 -0.8282
vn 0.5052 0.7240 -0.4697
vn 0.0829 -0.4780 0.8744
vn -0.7722 -0.6323 0.0621
vn -0.0102 0.8001 -0.5998
vn 0.8240 0.3151 0.4709
vn -0.2832 -0.9401 0.1900
vn -0.9592 -0.2784 -0.0487
vn 0.2341 0.9188 0.3177
vn 0.9400 -0.3355 0.0620
vn -0.7456 -0.6496 -0.1487
vn -0.9090 0.1368 -0.3936
vn 0.4341 0.8089 0.3966
vn 0.1762 -0.8715 0.4577
vn -0.5995 0.0324 -0.7997
vn -0.2216 0.8482 -0.4811
vn 0.3102 -0.0522 -0.9492
vn 0.1979 0.7832 -0.5894
vn -0.3118 0.0841 0.9464
vn -0.1034 -0.9628 0.2498
vn 0.4292 0.4087 -0.8054
vn -0.0589 0.9506 0.3049
vn -0.4225 -0.6768 0.6029
vn 0.0569 -0.9551 -0.2908
vn 0.6992 0.5789 -0.4195
vn -0.5713 0.7740 0.2729
vn -0.3619 -0.9308 0.0506
vn 0.1039 -0.9595 0.2617
vn 0.7353 0.4514 -0.5055
vn -0.9163 0.3474 -0.1992
vn 0.1556 -0.7518 0.6407
vn -0.3552 -0.6747 0.6470
vn 0.8530 -0.0806 -0.5157
vn 0.3400 0.2696 -0.9010
vn -0.9567 0.2819 0.0721
vn -0.1778 -0.3753 0.9097
vn 0.8776 -0.2503 -0.4089
vn -0.2763 0.1119 -0.9545
vn -0.7598 -0.0562 0.6477
vn -0.1140 0.2425 0.9634
vn 0.8204 -0.5453 -0.1721
vn -0.5774 -0.5342 -0.6174
vn -0.4209 0.6522 0.6305
vn 0.1151 0.9056 0.4082
vn 0.8348 -0.5275 -0.1577
vn -0.8254 -0.5056 0.2511
vn -0.0437 0.9971 -0.0623
vn -0.5756 0.8142 0.0753
vn -0.0293 0.6299 -0.7761
vn 0.4521 0.8862 -0.1011
vn 0.0953 -0.5547 0.8266
vn -0.5868 -0.7654 -0.2641
vn 0.0990 0.8813 -0.4621
vn 0.5232 0.5160 0.6783
vn -0.2853 -0.9400 0.1869
vn -0.5726 -0.5865 -0.5729
vn 0.0217 0.9185 -0.3948
vn 0.6995 0.2180 0.6806
vn -0.4812 -0.8758 0.0377
vn -0.3678 -0.9106 -0.1885
vn 0.4290 0.5401 -0.7240
vn 0.0613 0.3598 0.9310
vn -0.4932 -0.8516 -0.1776
vn -0.0914 -0.3644 -0.9267
vn 0.5379 -0.0296 -0.8425
vn 0.3555 0.6527 -0.6690
vn -0.5600 0.1976 0.8046
vn -0.1474 -0.9266 0.3461
vn 0.6839 0.2036 -0.7007
vn -0.0919 0.9944 0.0529
vn -0.6834 -0.5687 0.4578
vn 0.0994 -0.9717 0.2143
vn 0.8377 0.5073 -0.2020
vn -0.5275 0.7938 -0.3028
vn -0.4731 -0.8096 0.3475
vn -0.0115 -0.9658 0.2592
vn 0.8182 0.4043 -0.4088
vn -0.7366 0.6612 0.1425
vn -0.1287 -0.9623 0.2394
vn -0.0719 -0.9726 0.2213
vn 0.8384 -0.4569 -0.2973
vn 0.7670 0.6302 -0.1208
vn -0.4260 0.8737 0.2349
vn -0.6952 -0.7160 -0.0630
vn 0.6687 -0.7387 0.0852
vn 0.2226 0.9745 -0.0285
vn -0.7817 -0.2320 -0.5789
vn -0.4401 0.5602 0.7018
vn 0.7357 -0.3853 0.5570
vn 0.1598 -0.1831 -0.9700
vn -0.6464 0.7411 0.1814
vn -0.8234 -0.3423 0.4526
vn 0.7509 -0.3878 0.5346
vn 0.1060 0.9693 -0.2218
vn -0.7487 -0.6054 -0.2702
vn -0.1115 -0.9748 0.1930
vn 0.8209 0.5711 -0.0061
vn 0.8083 -0.0520 -0.5865
vn -0.4249 -0.7930 -0.4366
vn -0.6482 0.1821 0.7394
vn 0.7766 0.5555 0.2970
vn 0.0716 -0.3383 -0.9383
vn -0.9982 0.0182 0.0574
vn -0.2037 -0.6423 0.7389
vn 0.9192 0.3443 0.1910
vn -0.3342 0.3926 -0.8568
vn -0.3850 -0.8526 0.3534
vn -0.2130 0.4355 0.8746
vn 0.8647 0.4582 -0.2058
vn 0.1312 -0.9848 0.1141
vn -0.8852 0.4531 0.1052
vn -0.3400 0.9391 -0.0487
vn 0.0665 0.9873 -0.1443
vn 0.7573 0.6220 -0.1988
vn 0.1301 -0.9841 0.1210
vn -0.9326 -0.2988 0.2026
vn 0.2637 0.9110 -0.3170
vn 0.9469 -0.1954 -0.2552
vn -0.5645 -0.7090 0.4227
vn -0.9538 0.0996 0.2835
vn 0.3126 0.4734 -0.8235
vn 0.7652 -0.6135 0.1951
vn -0.7105 0.0965 0.6971
vn -0.9614 0.2191 -0.1666
vn 0.4781 -0.5051 -0.7185
vn 0.5520 0.5956 0.5835
vn -0.9893 -0.0521 0.1361
vn -0.7787 -0.4685 -0.4173
vn 0.7247 -0.6846 0.0778
vn 0.3886 -0.8941 -0.2226
vn -0.8772 0.3853 -0.2865
vn -0.1874 0.9093 0.3717
vn 0.7136 -0.5496 0.4344
vn -0.3217 -0.9306 -0.1745
vn -0.5268 0.7600 -0.3808
vn -0.1586 0.9866 -0.0373
vn 0.3311 -0.4144 0.8477
vn -0.3958 -0.8572 -0.3294
vn -0.1986 0.8428 -0.5002
vn 0.3819 0.9014 -0.2038
vn 0.5780 -0.5971 0.5562
vn -0.9752 -0.2152 -0.0525
vn 0.3393 0.7993 -0.4960
vn -0.2364 0.7633 -0.6012
vn 0.7816 0.0820 -0.6184
vn 0.5620 -0.4580 -0.6888
vn -0.7630 -0.4881 0.4238
vn -0.2921 0.7371 0.6094
vn 0.8069 0.1412 -0.5736
vn 0.1377 -0.8822 -0.4502
vn -0.7393 0.1117 0.6640
vn -0.4393 0.6796 0.5875
vn 0.8597 0.3000 -0.4134
vn 0.1493 -0.9510 -0.2706
vn -0.8115 0.1896 0.5527
vn -0.6731 0.6120 0.4152
vn 0.8717 0.4276 -0.2394
vn -0.1425 -0.9898 0.0089
vn -0.7114 0.6607 0.2394
vn 0.4930 0.8634 -0.1075
vn 0.3320 -0.4597 -0.8237
vn 0.7475 -0.6592 -0.0821
vn -0.2789 0.4271 0.8601
vn -0.7572 0.6248 -0.1905
vn 0.6850 -0.3770 -0.6234
vn 0.6334 -0.1642 0.7562
vn -0.9066 0.3897 0.1622
vn -0.6116 0.2329 -0.7561
vn 0.9379 0.1326 0.3205
vn -0.2583 -0.0757 0.9631
vn -0.7025 -0.0414 -0.7105
vn 0.4988 0.0689 -0.8640
vn 0.5000 0.0023 0.8660
vn -0.9715 0.0031 0.2372
vn 0.2803 0.0031 -0.9599
vn 0.5000 0.0023 -0.8660
vn -0.1304 -0.7659 -0.6296
vn 0.6517 -0.3528 -0.6714
vn 0.2129 0.7760 0.5937
vn -0.8673 0.0458 0.4957
vn 0.2226 -0.5530 -0.8029
vn 0.9141 0.3785 -0.1451
vn -0.5514 0.2961 0.7799
vn -0.9389 -0.3431 0.0284
vn 0.7212 -0.0415 -0.6915
vn 0.6241 0.4447 0.6424
vn -0.9502 -0.1645 0.2645
vn -0.6643 -0.4587 -0.5902
vn 0.9849 0.0369 -0.1689
vn -0.2463 0.5030 0.8285
vn -0.6936 -0.4556 -0.5580
vn 0.3275 -0.4728 -0.8180
vn 0.4471 -0.8861 -0.1223
vn 0.6937 -0.2063 -0.6900
vn 0.0034 0.9051 -0.4251
vn -0.7287 0.3000 0.6157
vn 0.1836 -0.8685 0.4605
vn 0.2630 -0.1465 -0.9536
vn -0.9190 0.3502 -0.1812
vn 0.1128 0.9718 0.2072
vn 0.1144 -0.5325 0.8387
vn -0.7177 -0.5684 -0.4022
vn 0.0850 0.9724 -0.2171
vn 0.8202 0.1740 -0.5450
vn 0.2636 -0.3847 0.8846
vn -0.7225 0.6797 0.1264
vn 0.2938 -0.1360 -0.9461
vn 0.4722 -0.3289 -0.8179
vn 0.4203 -0.8394 -0.3446
vn -0.1952 -0.8177 -0.5416
vn -0.7112 0.6824 0.1690
vn 0.5471 0.6162 0.5665
vn 0.4109 -0.8126 -0.4134
vn -0.8545 -0.2593 -0.4501
vn -0.0279 0.8111 0.5843
vn 0.6720 0.4932 0.5523
vn 0.1196 -0.5372 -0.8350
vn -0.8961 0.3710 -0.2437
vn 0.5189 0.3348 0.7866
vn 0.6254 -0.6082 0.4889
vn 0.2231 0.1105 -0.9685
vn -0.2083 0.8268 0.5225
vn -0.0346 -0.9013 0.4317
vn 0.2362 -0.0308 -0.9712
vn 0.6659 -0.2706 -0.6953
vn 0.2481 -0.8864 -0.3908
vn -0.6836 0.1687 0.7101
vn -0.0012 0.9813 0.1925
vn 0.7146 -0.5423 -0.4420
vn -0.3125 -0.8774 0.3640
vn -0.5114 0.8176 0.2648
vn 0.2415 0.9354 -0.2581
vn 0.6871 -0.6284 0.3647
vn -0.6951 -0.4436 0.5657
vn -0.2048 0.8576 -0.4718
vn 0.3830 0.4535 -0.8047
vn 0.6541 -0.4176 0.6307
vn -0.8064 0.3406 0.4835
vn 0.0595 0.1261 -0.9902
vn 0.4969 -0.1109 -0.8607
vn 0.6144 0.2017 -0.7628
vn 0.8279 -0.4385 0.3498
vn -0.8334 -0.0025 0.5527
vn -0.6831 0.5110 -0.5217
vn 0.9648 -0.1071 0.2400
vn -0.0505 -0.2916 0.9552
vn -0.8284 0.3028 -0.4712
vn 0.4969 0.1118 -0.8606
vn 0.5000 0.0046 0.8660
vn -0.6731 0.0064 0.7395
vn -0.3039 0.0064 -0.9527
vn 0.5001 0.0016 -0.8660
vn 0.5000 -0.0007 0.8661
vn -0.8513 -0.0012 0.5248
vn -0.0288 -0.0012 -0.9996
vn 0.5001 -0.0007 -0.8660
vn -0.6860 -0.1822 -0.7044
vn -0.2323 -0.0731 -0.9699
vn 0.9208 0.2598 0.2908
vn -0.1718 -0.0009 0.9851
vn -0.7503 -0.3135 -0.5821
vn 0.4267 0.0957 -0.8993
vn 0.4972 0.3682 0.7856
vn -0.0505 -0.0711 0.9962
vn -0.6483 -0.4295 -0.6287
vn 0.3085 0.6306 -0.7122
vn 0.3077 0.1218 0.9437
vn 0.0312 -0.5732 0.8188
vn -0.7038 -0.2265 -0.6733
vn 0.3305 0.9410 0.0729
vn 0.3760 -0.6857 0.6233
vn -0.3999 -0.9074 -0.1291
vn 0.6831 -0.6546 -0.3239
vn 0.3516 0.8589 -0.3723
vn -0.3738 0.9268 0.0372
vn -0.6049 -0.6960 0.3869
vn 0.7853 -0.5415 0.3001
vn 0.2371 0.9130 0.3321
vn -0.8409 -0.5310 -0.1049
vn 0.2140 0.6724 -0.7086
vn 0.7643 -0.2782 0.5818
vn -0.5487 -0.7265 0.4136
vn -0.4327 0.6938 -0.5757
vn 0.3373 0.6039 -0.7222
vn 0.6147 -0.2009 0.7627
vn -0.9446 -0.0544 0.3238
vn 0.1935 0.2424 -0.9507
vn 0.4763 0.2116 -0.8535
vn 0.9067 0.2608 -0.3316
vn 0.4857 0.0940 -0.8691
vn -0.9457 -0.3172 -0.0705
vn -0.1120 0.0002 0.9937
vn 0.8829 0.3003 -0.3609
vn -0.1197 -0.2215 -0.9678
vn -0.6481 -0.3671 0.6672
vn -0.2856 0.2421 0.9272
vn 0.7974 0.5152 -0.3143
vn 0.0143 -0.5589 -0.8291
vn -0.7366 -0.1290 0.6639
vn -0.4457 -0.0042 0.8952
vn 0.7352 0.6580 -0.1629
vn -0.4099 -0.4669 -0.7836
vn -0.3092 -0.2090 0.9277
vn -0.1795 -0.0856 0.9800
vn 0.1999 0.6869 -0.6988
vn 0.4544 -0.0769 -0.8875
vn -0.0714 -0.8434 0.5325
vn -0.4457 0.4935 0.7469
vn 0.2466 0.4806 -0.8416
vn 0.5611 -0.7208 -0.4070
vn -0.2714 -0.0657 0.9602
vn -0.7373 0.5799 0.3466
vn 0.4243 0.1239 -0.8970
vn 0.8068 -0.5020 0.3116
vn -0.7655 0.1424 0.6275
vn -0.8592 0.5106 -0.0323
vn 0.6985 0.1061 -0.7077
vn 0.2227 -0.6538 0.7232
vn -0.8572 0.5146 0.0206
vn -0.3776 0.6960 -0.6107
vn -0.3733 0.6158 -0.6939
vn 0.4049 0.6050 -0.6856
vn 0.6137 -0.5214 0.5928
vn -0.7182 -0.4435 0.5362
vn -0.1811 0.7059 -0.6848
vn 0.9257 0.3420 -0.1615
vn -0.1634 -0.6892 0.7059
vn -0.8793 -0.4312 0.2020
vn 0.1563 0.8167 -0.5555
vn 0.9422 0.0485 0.3315
vn -0.6157 -0.7027 0.3564
vn -0.9454 -0.2594 -0.1973
vn 0.4796 0.6979 -0.5319
vn 0.5112 -0.3661 0.7776
vn -0.9296 -0.3217 -0.1798
vn -0.5160 0.3850 -0.7652
vn 0.0174 0.2059 -0.9784
vn 0.2277 0.7565 -0.6131
vn 0.0843 0.1146 0.9898
vn -0.3236 -0.9136 0.2460
vn 0.0615 0.2994 -0.9521
vn 0.3531 0.9323 0.0776
vn -0.1770 -0.5387 0.8237
vn -0.3788 -0.9134 0.1488
vn 0.1768 0.3020 -0.9368
vn 0.3816 0.8564 0.3479
vn -0.3886 -0.6686 0.6341
vn -0.4003 -0.8991 0.1769
vn 0.3799 0.2251 -0.8972
vn 0.0135 0.7006 0.7134
vn -0.4110 -0.8899 0.1980
vn 0.0525 -0.5600 -0.8269
vn 0.2225 -0.4601 -0.8595
vn -0.2068 -0.1688 -0.9637
vn -0.5681 0.5752 0.5886
vn 0.3928 -0.0393 0.9188
vn 0.2965 -0.6857 -0.6647
vn -0.7601 -0.0714 -0.6459
vn 0.1094 0.5592 0.8218
vn 0.3537 0.4133 0.8391
vn 0.1782 -0.8117 -0.5562
vn -0.7552 0.4317 -0.4932
vn 0.3370 0.4195 0.8429
vn 0.6846 -0.3141 0.6578
vn 0.2006 0.5673 -0.7987
vn -0.9823 -0.1341 0.1305
vn 0.6960 -0.4085 0.5905
vn 0.4868 -0.5001 0.7162
vn -0.3442 0.9217 -0.1790
vn 0.3111 0.9490 -0.0510
vn 0.6037 -0.7636 0.2289
vn -0.6588 -0.7521 -0.0195
vn -0.2422 0.9210 -0.3050
vn 0.8936 0.4481 0.0250
vn -0.1004 -0.9338 0.3433
vn -0.7637 -0.6455 -0.0074
vn 0.0813 0.7177 -0.6916
vn 0.8890 0.2219 0.4006
vn -0.5746 -0.6804 0.4549
vn -0.8076 -0.5677 -0.1599
vn 0.4688 0.3778 -0.7984
vn 0.2727 0.2489 0.9293
vn -0.7762 -0.6237 -0.0924
vn 0.0561 0.0456 -0.9974
vn -0.3874 0.1497 -0.9097
vn -0.3844 0.5137 -0.7671
vn 0.2206 0.5062 0.8337
vn 0.2587 -0.7697 0.5837
vn -0.4407 -0.3802 -0.8132
vn -0.3151 0.7961 -0.5166
vn 0.6857 0.1692 0.7079
vn 0.3009 -0.1648 0.9393
vn -0.5428 -0.7655 -0.3455
vn -0.0878 0.4952 -0.8643
vn 0.4109 0.4617 0.7861
vn 0.5517 0.1109 0.8267
vn -0.3109 -0.9147 -0.2582
vn -0.4031 0.7838 -0.4724
vn 0.6767 0.1394 0.7230
vn 0.5041 0.7155 0.4837
vn 0.1758 -0.2671 -0.9475
vn -0.5327 0.0492 -0.8449
vn -0.4195 0.3395 0.8419
vn 0.7541 -0.2146 0.6207
vn 0.0574 -0.1121 -0.9920
vn -0.8000 0.5421 -0.2572
vn 0.2712 -0.0806 0.9591
vn 0.6968 -0.6044 0.3863
vn 0.0133 0.4550 -0.8904
vn -0.5588 0.7435 0.3675
vn 0.2799 -0.7651 0.5798
vn 0.4532 -0.8649 -0.2159
vn 0.1510 0.7943 -0.5885
vn -0.4435 0.1181 0.8885
vn 0.2554 -0.9277 -0.2722
vn 0.3827 0.1818 -0.9058
vn 0.7427 0.6473 -0.1713
vn -0.1252 0.3716 -0.9199
vn -0.5187 -0.7721 0.3673
vn -0.1563 -0.6035 0.7819
vn 0.7722 0.6346 -0.0301
vn -0.8672 0.3491 -0.3552
vn -0.4445 -0.5825 0.6805
vn 0.3819 -0.6453 -0.6617
vn 0.4999 0.0022 0.8661
vn -0.3534 -0.0084 0.9354
vn -0.6333 -0.0084 -0.7739
vn 0.4999 -0.0096 -0.8660
vn 0.4999 -0.0141 0.8660
vn -0.7012 -0.0273 0.7125
vn -0.2663 -0.0273 -0.9635
vn 0.4999 -0.0141 -0.8660
vn -0.1150 0.8693 -0.4806
vn 0.0766 0.6141 -0.7855
vn 0.3688 -0.9274 -0.0623
vn -0.1891 -0.2738 0.9430
vn -0.1535 0.9769 -0.1489
vn 0.3212 0.0608 -0.9451
vn -0.0592 -0.8930 0.4461
vn 0.0394 -0.7256 0.6869
vn 0.0793 0.8291 0.5535
vn -0.3604 0.5330 -0.7655
vn 0.0245 -0.9970 -0.0730
vn 0.2439 -0.9668 -0.0763
vn 0.0785 0.4824 0.8724
vn -0.5413 0.4525 -0.7087
vn 0.4449 -0.8746 -0.1927
vn 0.5479 -0.3966 0.7366
vn 0.3087 0.3392 -0.8886
vn 0.6139 -0.5216 -0.5925
vn -0.0517 -0.6440 0.7633
vn -0.5642 0.6942 0.4471
vn 0.4213 0.2781 -0.8632
vn 0.7952 -0.5961 0.1112
vn -0.5652 0.1629 0.8087
vn -0.9332 0.3240 -0.1551
vn 0.7871 0.3369 -0.5167
vn 0.5037 0.0661 0.8613
vn -0.9738 -0.2237 0.0404
vn -0.5016 -0.1933 -0.8432
vn 0.9686 0.2406 -0.0629
vn -0.4320 0.2301 0.8720
vn -0.5011 -0.4141 -0.7599
vn 0.1924 -0.2910 -0.9372
vn -0.0274 -0.3961 -0.9178
vn 0.8246 -0.1179 -0.5534
vn 0.1531 0.4086 0.8998
vn -0.9756 -0.0210 0.2186
vn 0.4069 -0.2623 -0.8750
vn 0.8934 0.4222 0.1532
vn -0.7560 0.1642 0.6336
vn -0.8018 -0.5650 -0.1948
vn 0.8481 0.1021 -0.5199
vn 0.0615 0.8949 0.4421
vn -0.8394 -0.5306 0.1177
vn -0.1059 -0.9623 -0.2506
vn 0.8730 0.4657 0.1450
vn -0.6627 0.7345 -0.1460
vn -0.1491 -0.9887 -0.0176
vn -0.0041 -1.0000 0.0071
vn -0.6364 -0.1968 -0.7458
vn -0.5554 0.3481 -0.7552
vn 0.5090 0.6621 0.5501
vn 0.3231 -0.7101 0.6256
vn -0.7238 -0.3378 -0.6016
vn -0.2141 0.8271 -0.5197
vn 0.8152 -0.0663 0.5754
vn 0.3389 -0.3559 0.8709
vn -0.9674 -0.1016 -0.2321
vn 0.1573 0.5009 -0.8511
vn 0.7450 -0.1396 0.6523
vn 0.4619 -0.3234 0.8259
vn -0.9454 0.3160 0.0800
vn 0.5208 0.2138 -0.8265
vn 0.4385 -0.5038 0.7443
vn 0.6037 -0.5075 0.6148
vn 0.2946 -0.8089 -0.5088
vn -0.2376 -0.5428 -0.8056
vn -0.5262 0.7979 0.2940
vn 0.5498 0.1765 0.8165
vn 0.1155 -0.8668 -0.4850
vn -0.7832 0.2129 -0.5842
vn 0.2243 0.7081 0.6696
vn 0.4919 0.2139 0.8439
vn -0.3697 -0.8795 0.2998
vn -0.4897 0.1809 -0.8529
vn 0.7728 0.5722 0.2745
vn 0.3446 0.9310 -0.1200
vn -0.5942 -0.1636 0.7875
vn 0.1593 -0.6849 -0.7110
vn 0.4261 0.9017 -0.0730
vn 0.5007 -0.1684 -0.8491
vn 0.6902 -0.0611 -0.7211
vn 0.1126 -0.5704 -0.8136
vn -0.8015 -0.1506 0.5787
vn 0.1924 0.6768 0.7106
vn 0.6628 -0.2749 -0.6965
vn -0.3811 -0.8727 -0.3052
vn -0.3794 0.5198 0.7654
vn 0.1996 0.8908 0.4082
vn 0.7440 -0.6188 -0.2521
vn -0.5738 -0.7778 0.2564
vn -0.3128 0.9391 0.1420
vn 0.1889 0.9698 -0.1545
vn 0.7094 -0.5690 0.4159
vn -0.9380 -0.3422 0.0559
vn 0.1906 0.8816 -0.4318
vn 0.3656 0.8468 -0.3863
vn 0.1881 -0.5240 -0.8307
vn -0.3212 -0.1461 -0.9357
vn -0.4689 0.6413 0.6073
vn 0.5812 -0.1569 0.7985
vn 0.1135 -0.5605 -0.8203
vn -0.7244 0.4047 -0.5580
vn 0.2299 0.3211 0.9187
vn 0.5762 -0.3110 0.7558
vn -0.0889 -0.2070 -0.9743
vn -0.5009 0.8650 -0.0291
vn 0.3263 -0.3451 0.8800
vn 0.5187 -0.8545 -0.0281
vn 0.1482 0.7366 -0.6599
vn -0.7696 0.1210 0.6270
vn 0.5684 -0.8222 0.0284
vn 0.7294 -0.0264 -0.6836
vn 0.5446 -0.8080 -0.2249
vn 0.0376 -0.9913 0.1265
vn -0.7480 0.5167 0.4165
vn 0.2797 0.9146 -0.2919
vn 0.6025 -0.7827 -0.1560
vn -0.3955 -0.7181 0.5726
vn -0.3815 0.9244 0.0031
vn 0.1748 0.8554 -0.4876
vn 0.7267 -0.6703 0.1503
vn -0.5012 -0.4693 0.7270
vn -0.3960 0.7864 -0.4741
vn 0.2423 0.7009 -0.6708
vn 0.6580 -0.5596 0.5039
vn -0.8799 -0.2903 0.3761
vn 0.0755 0.7085 -0.7017
vn 0.4205 0.6296 -0.6533
vn 0.1912 0.5771 -0.7940
vn 0.4120 -0.1675 -0.8956
vn -0.0504 -0.7877 0.6140
vn -0.4067 0.5819 0.7043
vn 0.1721 0.4123 -0.8947
vn 0.5397 -0.7538 -0.3750
vn -0.1776 0.0352 0.9835
vn -0.7439 0.5249 0.4136
vn 0.2480 0.1418 -0.9583
vn 0.9550 -0.2039 0.2153
vn -0.6803 0.0527 0.7311
vn -0.9877 0.0599 0.1441
vn 0.3228 0.4134 -0.8514
vn 0.5638 -0.1911 0.8035
vn -0.9661 -0.2385 0.0990
vn 0.7296 0.3823 -0.5670
vn -0.4775 -0.5567 -0.6798
vn 0.2407 -0.6524 -0.7186
vn 0.8513 0.3201 0.4157
vn -0.6014 0.5881 0.5408
vn -0.5814 -0.6115 -0.5366
vn 0.8593 -0.3069 -0.4091
vn 0.0667 0.9045 0.4213
vn -0.2446 0.3529 0.9031
vn -0.6540 -0.7561 -0.0230
vn 0.2597 0.1320 -0.9566
vn 0.6276 0.4578 0.6297
vn 0.1420 0.8649 0.4814
vn -0.9332 -0.3542 0.0601
vn 0.7760 -0.5332 -0.3369
vn 0.1455 0.9492 0.2792
vn -0.9786 0.0520 0.1992
vn -0.4690 -0.3189 -0.8236
vn -0.3201 0.1831 -0.9295
vn 0.4627 0.7288 0.5048
vn 0.0874 -0.5576 0.8255
vn -0.6226 -0.4189 -0.6610
vn 0.0180 0.7979 -0.6025
vn 0.6188 -0.0257 0.7851
vn 0.2975 -0.1263 0.9463
vn -0.9076 -0.4192 0.0253
vn 0.0990 -0.2054 -0.9737
vn 0.7022 0.4928 0.5138
vn 0.8022 0.4676 0.3711
vn -0.4325 -0.7079 0.5584
vn -0.2266 0.0532 -0.9725
vn 0.6340 0.6525 0.4150
vn 0.5254 0.7636 -0.3753
vn -0.8115 -0.4607 -0.3595
vn -0.9692 -0.2006 0.1428
vn 0.6057 0.5219 0.6006
vn 0.8927 -0.0317 -0.4496
vn -0.7266 -0.6365 -0.2586
vn -0.5764 0.0667 0.8144
vn 0.8436 0.5357 -0.0365
vn 0.8398 0.2402 -0.4869
vn -0.1275 -0.9853 -0.1137
vn -0.7602 -0.0883 0.6436
vn 0.4859 0.8519 -0.1956
vn 0.5253 0.7996 -0.2910
vn 0.1338 -0.9422 -0.3073
vn -0.7162 0.0591 0.6954
vn 0.4513 0.8580 -0.2452
vn -0.2192 0.8988 0.3797
vn -0.7216 0.1426 -0.6774
vn -0.8922 -0.2421 -0.3812
vn 0.6405 -0.2924 0.7101
vn 0.5352 0.6694 -0.5152
vn -0.7877 0.4470 -0.4240
vn -0.0167 -0.3853 0.9226
vn 0.7679 0.4333 -0.4718
vn 0.3062 -0.5363 -0.7865
vn -0.0788 -0.2911 0.9534
vn -0.8622 0.4776 0.1690
vn 0.4106 -0.0511 -0.9104
vn 0.4967 0.1142 -0.8604
vn 0.5000 0.0039 0.8660
vn -0.9811 0.0052 0.1934
vn 0.3231 0.0052 -0.9464
vn 0.5000 0.0039 -0.8660
vn -0.4518 0.7728 -0.4457
vn -0.6564 0.3313 -0.6778
vn 0.1555 -0.9831 0.0970
vn 0.7040 0.0361 0.7093
vn -0.3916 0.8706 -0.2979
vn -0.7629 -0.2500 -0.5962
vn 0.5374 -0.7048 0.4631
vn 0.8150 -0.2124 0.5391
vn -0.2804 0.9588 0.0457
vn -0.9116 -0.2317 -0.3395
vn 0.6728 -0.7246 0.1495
vn 0.8917 -0.4256 0.1541
vn -0.1212 0.9264 0.3566
vn -0.8005 -0.5135 -0.3090
vn 0.8968 -0.4359 -0.0762
vn 0.6673 -0.7145 -0.2104
vn -0.8377 0.4051 0.3662
vn -0.8387 0.4891 -0.2395
vn 0.6422 -0.2309 -0.7309
vn 0.6621 -0.4212 0.6199
vn -0.7851 0.4536 0.4217
vn -0.4608 0.2924 -0.8380
vn 0.7823 -0.6109 -0.1220
vn 0.8135 -0.2469 0.5266
vn -0.5353 0.7230 0.4367
vn -0.7166 -0.2428 -0.6539
vn 0.8038 -0.5916 0.0631
vn 0.9918 -0.1268 0.0168
vn -0.3780 0.9087 0.1769
vn -0.6565 -0.7525 0.0519
vn 0.9556 -0.1830 -0.2308
vn 0.9552 -0.1867 -0.2297
vn -0.9814 0.1824 -0.0603
vn -0.6880 0.7014 -0.1864
vn 0.9627 0.2688 -0.0316
vn 0.2333 -0.9326 0.2754
vn -0.9791 0.1423 0.1456
vn 0.0516 0.9652 -0.2565
vn 0.7440 -0.6203 -0.2485
vn 0.5936 -0.6682 0.4485
vn -0.6488 0.4351 0.6243
vn -0.5453 0.3132 -0.7775
vn 0.7994 -0.5788 -0.1612
vn 0.8955 -0.4293 0.1176
vn -0.4192 0.4709 0.7762
vn -0.5577 -0.0938 -0.8247
vn 0.9342 -0.3565 0.0127
vn 0.8971 -0.4121 -0.1595
vn 0.2283 -0.4607 -0.8577
vn -0.5939 -0.0178 -0.8044
vn -0.1586 0.3145 0.9359
vn 0.3861 0.0799 0.9190
vn 0.2680 -0.7140 -0.6468
vn -0.9273 -0.3728 0.0324
vn 0.2605 0.4775 0.8391
vn 0.4486 0.8922 0.0528
vn 0.4897 -0.6026 0.6301
vn -0.7616 -0.1000 0.6403
vn -0.0793 0.6264 -0.7755
vn 0.4798 0.2813 -0.8311
vn 0.5000 0.0054 0.8660
vn -0.9522 0.0080 0.3054
vn 0.2116 0.0080 -0.9773
vn 0.5000 0.0054 -0.8660
vn 0.4201 0.0154 -0.9073
vn 0.0580 -0.3588 -0.9316
vn -0.5914 -0.3910 0.7052
vn 0.1242 0.4200 0.8990
vn 0.5052 0.4254 -0.7509
vn -0.5645 -0.1736 -0.8070
vn -0.3464 -0.3228 0.8808
vn 0.1053 -0.2070 0.9727
vn 0.2282 0.9588 -0.1694
vn -0.6172 -0.0553 -0.7849
vn 0.2186 -0.8377 0.5004
vn 0.2702 -0.5220 0.8090
vn -0.2664 0.9586 0.1007
vn 0.0529 -0.3719 -0.9268
vn 0.2357 -0.5705 0.7868
vn 0.2841 -0.8616 0.4206
vn 0.0197 0.4231 -0.9059
vn 0.4405 -0.4553 -0.7738
vn 0.1949 -0.6792 0.7076
vn -0.4085 0.5494 0.7289
vn 0.1993 0.4425 -0.8743
vn 0.8624 -0.4831 -0.1516
vn -0.4067 -0.0528 0.9121
vn -0.9580 0.2357 0.1633
vn 0.6481 0.6569 -0.3853
vn 0.6706 -0.2773 0.6880
vn -0.9224 -0.3850 0.0300
vn -0.6695 0.2514 -0.6989
vn 0.9194 0.3906 0.0462
vn -0.2324 -0.5467 0.8044
vn -0.6717 0.1311 -0.7292
vn 0.4020 0.5947 -0.6963
vn -0.6410 0.3047 -0.7045
vn -0.1868 0.3919 -0.9009
vn 0.8998 -0.1248 0.4181
vn -0.2097 -0.3527 0.9119
vn -0.7417 0.4345 -0.5109
vn 0.5385 0.4469 -0.7144
vn 0.4609 -0.6074 0.6470
vn -0.1407 -0.4056 0.9031
vn -0.4966 0.7864 -0.3674
vn 0.4778 -0.1517 -0.8653
vn 0.1232 -0.6467 0.7528
vn -0.1130 0.0611 0.9917
vn -0.4513 0.7036 -0.5489
vn 0.2047 -0.8903 -0.4067
vn 0.2716 0.1948 0.9425
vn 0.3636 -0.0788 0.9282
vn -0.3953 -0.1758 -0.9016
vn -0.1337 0.8223 -0.5532
vn 0.3762 0.1032 0.9208
vn -0.0599 -0.9783 0.1983
vn -0.2486 0.5218 -0.8160
vn 0.1136 0.9127 0.3925
vn -0.0233 -0.7735 0.6334
vn 0.0253 -0.8119 -0.5833
vn 0.0762 0.7954 -0.6012
vn -0.2443 0.5607 0.7912
vn 0.1796 -0.9733 0.1430
vn -0.1131 -0.9783 -0.1735
vn -0.0335 0.6554 -0.7545
vn 0.3895 0.3661 0.8451
vn -0.3442 -0.9380 -0.0414
vn -0.4106 -0.8521 -0.3246
vn -0.6636 -0.0516 -0.7463
vn -0.7422 0.3018 -0.5984
vn 0.3321 0.5458 0.7693
vn 0.6896 -0.6009 0.4041
vn -0.5612 -0.4643 -0.6852
vn -0.7730 0.6191 -0.1383
vn 0.7431 0.2519 0.6199
vn 0.7976 -0.0691 0.5992
vn -0.4364 -0.8997 0.0008
vn -0.8279 0.4702 -0.3058
vn 0.8557 0.5004 0.1317
vn 0.8043 0.5364 0.2555
vn -0.4420 -0.5576 0.7026
vn -0.4922 0.1516 -0.8572
vn 0.8998 0.4113 0.1457
vn 0.7937 0.5447 -0.2706
vn -0.1038 -0.0487 -0.9934
vn -0.6144 0.0060 -0.7890
vn -0.1950 0.0419 0.9799
vn 0.9345 -0.0849 0.3456
vn -0.0469 0.2326 -0.9714
vn -0.9675 0.2281 0.1088
vn 0.4642 -0.4949 0.7346
vn 0.8726 -0.0603 0.4846
vn -0.3070 0.9251 -0.2236
vn -0.8383 -0.4487 -0.3097
vn 0.7722 -0.5555 0.3084
vn 0.7656 -0.4629 0.4467
vn -0.5027 0.7008 0.5062
vn -0.3431 -0.3083 -0.8873
vn 0.8484 -0.3841 0.3641
vn 0.4605 -0.6988 -0.5473
vn -0.5393 0.6155 -0.5747
vn -0.7755 -0.0657 -0.6279
vn 0.4121 -0.7694 0.4880
vn 0.7407 0.4488 0.5000
vn -0.7340 0.4899 -0.4704
vn -0.5973 -0.7768 -0.1996
vn 0.8838 -0.1920 0.4267
vn 0.7265 0.5991 0.3366
vn -0.9006 0.4346 -0.0033
vn -0.4255 -0.8900 -0.1637
vn 0.9797 0.0611 0.1907
vn 0.9220 0.3811 -0.0679
vn -0.7712 0.6349 0.0458
vn -0.1938 -0.9274 0.3199
vn 0.9118 0.2218 -0.3457
vn 0.9338 -0.3008 -0.1937
vn -0.8423 0.4877 -0.2295
vn -0.6606 -0.0323 -0.7500
vn 0.9108 -0.3653 0.1923
vn 0.8562 -0.2153 0.4696
vn -0.3590 0.6433 0.6763
vn -0.3618 -0.2849 0.8877
vn -0.6321 -0.0718 -0.7715
vn 0.5625 -0.3953 -0.7261
vn 0.4346 0.0731 0.8977
vn -0.8426 0.0295 0.5378
vn -0.0454 -0.0682 -0.9966
vn 0.4997 -0.0350 -0.8655
vn 0.5000 0.0033 0.8660
vn -0.9615 0.0047 0.2747
vn 0.2428 0.0047 -0.9701
vn 0.5000 0.0033 -0.8660
vn -0.9723 -0.0004 0.2336
vn -0.8942 0.4416 -0.0740
vn 0.7681 0.4513 -0.4542
vn 0.6851 -0.6627 0.3024
vn -0.9197 -0.1535 0.3613
vn -0.4198 0.7608 -0.4949
vn 0.9520 -0.1479 -0.2681
vn 0.8622 -0.3887 0.3249
vn -0.6528 -0.0269 0.7571
vn -0.4937 0.4526 -0.7426
vn 0.9006 -0.3914 -0.1892
vn 0.9491 0.0584 -0.3095
vn -0.4034 0.7641 0.5035
vn -0.5504 -0.8144 -0.1839
vn 0.9350 -0.0012 -0.3547
vn 0.4985 -0.7020 -0.5087
vn -0.2400 -0.5318 -0.8121
vn -0.5133 0.0519 -0.8566
vn -0.1101 0.8686 0.4831
vn 0.5459 -0.3089 0.7789
vn -0.0891 -0.7122 -0.6963
vn -0.7746 0.3106 -0.5509
vn 0.1440 0.4144 0.8986
vn 0.7755 0.2121 0.5946
vn 0.0273 -0.8887 -0.4576
vn -0.9968 0.0102 -0.0796
vn 0.4796 0.7753 0.4109
vn 0.8349 0.4005 0.3775
vn -0.0405 -0.9933 -0.1078
vn -0.7614 0.5856 -0.2781
vn 0.7839 0.4772 0.3971
vn -0.2183 0.9758 -0.0112
vn 0.3767 0.2648 -0.8877
vn -0.5600 0.1459 -0.8155
vn 0.2603 -0.2527 0.9319
vn 0.2199 -0.2455 0.9441
vn 0.3751 0.4228 -0.8249
vn -0.8996 0.1544 0.4085
vn 0.2831 -0.3968 0.8732
vn 0.3619 -0.6065 -0.7079
vn 0.5525 0.1583 0.8184
vn -0.7743 0.0406 0.6315
vn -0.1562 -0.1918 -0.9689
vn 0.3969 -0.0278 -0.9175
vn 0.5599 0.2594 0.7869
vn -0.9010 -0.2332 0.3660
vn 0.1573 -0.0543 -0.9861
vn 0.4990 0.0636 -0.8643
vn -0.1118 0.5010 -0.8582
vn -0.1917 0.1725 -0.9662
vn 0.0066 -0.8626 0.5059
vn 0.2680 0.0155 0.9633
vn -0.1247 0.9391 -0.3201
vn -0.7114 0.0833 -0.6979
vn 0.3751 -0.8818 0.2860
vn 0.3996 -0.6104 0.6839
vn -0.4501 0.8584 0.2459
vn -0.5497 -0.0402 -0.8344
vn 0.6271 -0.7372 0.2516
vn 0.7845 -0.2725 0.5571
vn -0.5033 0.8253 0.2560
vn -0.4364 -0.6527 -0.6193
vn 0.9232 -0.1649 0.3472
vn 0.2392 -0.8781 -0.4144
vn -0.3583 0.8161 -0.4533
vn -0.0357 0.7544 -0.6554
vn 0.6812 -0.7176 0.1453
vn -0.0507 -0.6577 0.7515
vn -0.5480 0.7466 0.3771
vn 0.5297 0.8467 -0.0500
vn -0.1642 -0.7967 -0.5817
vn 0.4704 -0.8650 -0.1746
vn 0.1537 0.2435 0.9576
vn -0.5365 0.8290 -0.1578
vn -0.0170 -0.7149 -0.6991
vn 0.4569 -0.5950 -0.6612
vn 0.3634 0.0341 0.9310
vn -0.9470 0.3152 -0.0625
vn 0.4785 -0.2952 -0.8270
vn 0.5327 -0.3085 -0.7881
vn -0.6826 0.2731 -0.6778
vn -0.0169 0.8421 -0.5390
vn 0.7557 -0.1295 0.6420
vn -0.3223 -0.8878 0.3284
vn -0.4676 0.5838 -0.6638
vn 0.5626 0.8204 0.1020
vn 0.1304 -0.7903 0.5987
vn -0.4402 -0.8937 -0.0865
vn -0.1188 0.7459 -0.6553
vn 0.7688 0.4534 0.4509
vn -0.2891 -0.9186 0.2696
vn -0.7300 -0.6834 0.0026
vn 0.3377 0.2884 -0.8960
vn 0.6674 -0.0479 0.7431
vn -0.9564 -0.2265 0.1845
vn -0.2040 0.2006 -0.9582
vn -0.2786 0.9462 -0.1648
vn 0.0246 0.8086 -0.5878
vn 0.5170 -0.8156 -0.2600
vn -0.2229 -0.5296 0.8184
vn -0.2988 0.9543 -0.0015
vn 0.3321 0.3231 -0.8862
vn 0.0981 -0.9721 0.2131
vn -0.0076 -0.6139 0.7893
vn -0.1289 0.9771 0.1690
vn -0.1073 0.1267 -0.9861
vn 0.1023 -0.9262 0.3628
vn 0.3489 -0.5801 0.7361
vn 0.0045 0.9948 0.1017
vn -0.5497 -0.3743 -0.7468
vn 0.5293 -0.6188 0.5804
vn 0.6272 0.1048 0.7718
vn -0.7945 0.5093 -0.3308
vn -0.3725 0.8502 -0.3720
vn 0.9559 -0.1255 0.2654
vn -0.0095 -0.9308 0.3655
vn -0.8720 0.4652 -0.1522
vn 0.2735 0.9556 -0.1095
vn 0.6710 -0.7259 0.1510
vn 0.1434 -0.9604 0.2389
vn -0.8833 0.4317 0.1831
vn 0.2938 0.8152 -0.4992
vn 0.5994 -0.7977 0.0667
vn 0.3018 -0.8558 0.4201
vn -0.9843 0.1496 -0.0931
vn 0.6158 0.5444 -0.5695
vn 0.3723 -0.6534 0.6591
vn 0.7107 -0.5099 0.4847
vn -0.3437 0.8849 -0.3145
vn -0.4091 0.8308 0.3774
vn 0.3052 -0.9342 0.1845
vn 0.3191 -0.6401 -0.6989
vn -0.1041 0.9939 0.0372
vn -0.0722 -0.2831 0.9564
vn -0.1666 -0.7005 -0.6939
vn 0.4707 0.3374 -0.8152
vn 0.5000 0.0084 0.8660
vn -0.8176 0.0147 0.5756
vn -0.0897 0.0147 -0.9959
vn 0.5000 0.0075 -0.8660
vn 0.5000 0.0063 0.8660
vn -0.9737 0.0086 0.2275
vn 0.2898 0.0086 -0.9570
vn 0.5000 0.0063 -0.8660
vn 0.4094 0.7265 -0.5520
vn -0.2417 0.8729 -0.4239
vn -0.7194 -0.4917 0.4906
vn 0.5992 -0.7726 0.2097
vn 0.4082 0.7808 -0.4729
vn -0.8091 0.5637 -0.1662
vn -0.1129 -0.9485 0.2961
vn 0.6416 -0.6301 0.4374
vn 0.3118 0.8890 -0.3353
vn -0.8388 0.1077 -0.5336
vn 0.1709 -0.8259 0.5374
vn 0.5980 -0.5398 0.5924
vn 0.3280 0.8340 -0.4436
vn -0.9332 -0.3105 -0.1810
vn 0.5852 -0.5477 0.5979
vn -0.7635 -0.6309 0.1377
vn 0.5555 0.8285 0.0701
vn 0.4146 0.8782 -0.2384
vn -0.5899 -0.5557 -0.5859
vn -0.1676 -0.8674 0.4685
vn 0.4813 0.6332 0.6061
vn -0.0918 0.9308 -0.3538
vn -0.2377 -0.7980 -0.5538
vn -0.3615 -0.9311 -0.0493
vn -0.0858 0.5663 0.8197
vn 0.2509 0.7831 -0.5691
vn 0.0202 -0.9097 -0.4148
vn -0.2496 -0.9430 0.2201
vn -0.4952 0.7076 0.5041
vn 0.7354 0.1895 -0.6507
vn -0.2444 -0.9521 0.1837
vn -0.7088 -0.2484 0.6602
vn 0.4749 0.0458 -0.8788
vn 0.0528 -0.9081 -0.4155
vn -0.3290 0.4882 0.8083
vn -0.1743 0.7695 0.6144
vn 0.7592 -0.5148 -0.3982
vn -0.3076 -0.5789 0.7551
vn -0.4700 0.8818 0.0404
vn 0.4998 -0.0256 -0.8657
vn 0.5000 0.0009 0.8660
vn -0.7325 0.0014 0.6808
vn -0.2233 0.0014 -0.9747
vn 0.5000 0.0005 -0.8660
vn 0.5000 0.0002 0.8660
vn -0.8973 0.0004 0.4415
vn 0.0663 0.0004 -0.9978
vn 0.5000 0.0002 -0.8660
vn -0.3749 0.0468 -0.9259
vn 0.6935 -0.6491 -0.3126
vn -0.1209 0.3738 0.9196
vn -0.3873 0.5400 0.7472
vn 0.9124 -0.1572 0.3780
vn 0.2364 -0.1644 0.9576
vn -0.8879 0.4197 -0.1881
vn 0.4881 -0.2169 -0.8454
vn 0.5000 0.0008 0.8660
vn -0.7046 0.0013 0.7096
vn -0.2623 0.0013 -0.9650
vn 0.5000 0.0004 -0.8660
vn 0.5000 0.0001 0.8660
vn -0.8746 0.0001 0.4849
vn 0.0174 0.0001 -0.9998
vn 0.5000 0.0001 -0.8660
vn -0.9923 -0.1239 -0.0019
vn -0.9206 -0.1894 -0.3414
vn 0.7792 -0.0355 -0.6258
vn 0.8605 0.2268 0.4562
vn -0.6655 0.1492 0.7314
vn -0.9982 -0.0385 -0.0457
vn 0.5748 -0.3206 -0.7529
vn 0.8563 -0.0374 -0.5152
vn 0.1855 0.3005 0.9356
vn -0.8778 -0.1977 0.4364
vn 0.1218 -0.1510 -0.9810
vn 0.4978 -0.0931 -0.8623
vn 0.5000 0.0005 0.8660
vn -0.9367 0.0008 0.3502
vn 0.1650 0.0008 -0.9863
vn 0.5000 0.0005 -0.8660
vn 0.2006 -0.9789 0.0396
vn -0.0483 -0.2707 -0.9615
vn -0.2340 0.9654 -0.1147
vn -0.0741 0.6883 0.7216
vn 0.4739 -0.7175 0.5105
vn -0.8901 0.1801 -0.4187
vn -0.8044 0.3392 0.4876
vn 0.4587 0.3978 -0.7945
vn 0.5000 0.0005 0.8660
vn -0.4858 -0.0001 0.8740
vn -0.5140 -0.0001 -0.8578
vn 0.5000 -0.0006 -0.8660
vn 0.5000 -0.0012 0.8660
vn -0.7499 -0.0023 0.6615
vn -0.1979 -0.0023 -0.9802
vn 0.5000 -0.0012 -0.8660
vn -0.4462 -0.8686 -0.2154
vn -0.8227 -0.5681 0.0235
vn 0.5435 0.8203 0.1782
vn 0.8301 0.5571 -0.0218
vn -0.1565 -0.9826 0.1003
vn -0.4601 0.2270 0.8584
vn 0.3943 0.6880 -0.6092
vn 0.4929 0.4910 -0.7183
vn 0.4223 0.0062 0.9064
vn -0.8197 -0.0101 0.5727
vn -0.0862 -0.0196 -0.9961
vn 0.6102 0.0388 -0.7913
vn 0.4035 0.0270 0.9146
vn -0.9575 -0.0882 0.2745
vn 0.2403 0.0322 -0.9702
vn 0.4993 0.0539 -0.8648
vn -0.9211 0.1029 -0.3754
vn -0.9713 0.2257 0.0750
vn 0.9262 -0.1525 0.3447
vn 0.7463 -0.3291 -0.5786
vn -0.8936 0.3212 -0.3136
vn 0.2068 0.1351 0.9690
vn 0.4705 -0.6658 -0.5791
vn 0.3098 0.2849 -0.9071
vn 0.3662 0.3869 0.8463
vn -0.7219 -0.2417 0.6484
vn -0.1241 -0.1748 -0.9768
vn 0.4995 -0.0433 -0.8652
vn 0.5000 0.0010 0.8660
vn -0.9047 0.0016 0.4260
vn 0.0835 0.0016 -0.9965
vn 0.5000 0.0010 -0.8660
vn 0.2248 -0.4928 -0.8406
vn -0.6061 -0.0851 -0.7908
vn -0.2683 0.4760 0.8375
vn 0.5163 0.1220 0.8477
vn 0.1680 -0.7273 -0.6654
vn -0.9444 -0.3285 -0.0149
vn 0.3473 0.5894 0.7294
vn 0.6011 0.7904 0.1179
vn 0.4230 -0.7616 0.4909
vn -0.7755 -0.0119 0.6312
vn 0.0610 0.6917 -0.7196
vn 0.4738 0.3246 -0.8186
vn 0.4963 0.0031 0.8681
vn -0.9894 0.0038 0.1452
vn 0.3710 0.0038 -0.9286
vn 0.5082 0.0031 -0.8612
vn 0.2102 0.8226 -0.5283
vn -0.4197 0.0844 -0.9037
vn 0.2095 -0.5178 0.8294
vn 0.2038 -0.4802 0.8531
vn 0.4239 0.8718 -0.2454
vn -0.9054 -0.2859 0.3138
vn -0.1499 -0.2207 0.9638
vn 0.4009 -0.5977 -0.6943
vn 0.5000 -0.0033 0.8660
vn 0.0900 -0.0264 0.9956
vn -0.9072 -0.0263 -0.4199
vn 0.4999 -0.0215 -0.8658
vn 0.4999 -0.0245 0.8658
vn -0.5898 -0.0487 0.8061
vn -0.4032 -0.0487 -0.9138
vn 0.4999 -0.0245 -0.8658
vn 0.0159 0.7408 -0.6716
vn 0.2203 0.4910 -0.8428
vn 0.3558 -0.9222 0.1513
vn -0.2819 -0.2752 0.9191
vn -0.1635 0.9864 0.0156
vn 0.2562 0.5106 -0.8208
vn -0.1554 -0.9875 0.0265
vn 0.1376 -0.8184 0.5580
vn -0.1907 0.9658 0.1754
vn -0.1725 0.0839 -0.9814
vn 0.2588 -0.8837 0.3901
vn 0.2461 -0.1591 0.9561
vn -0.7054 0.6765 -0.2115
vn 0.4754 -0.6259 -0.6183
vn 0.2361 -0.0076 0.9717
vn -0.3896 0.1802 -0.9032
vn -0.5751 0.4230 -0.7002
vn -0.0593 0.5852 -0.8087
vn 0.8277 -0.2184 0.5170
vn -0.1776 -0.5850 0.7914
vn -0.7605 0.4843 -0.4325
vn 0.4552 0.8145 -0.3598
vn 0.4005 -0.6766 0.6179
vn 0.2765 -0.8689 0.4106
vn -0.9699 0.1948 0.1462
vn 0.1456 0.7723 -0.6184
vn 0.6932 -0.6943 0.1935
vn 0.8781 -0.4268 0.2164
vn -0.7103 -0.6520 -0.2651
vn 0.1091 0.9417 -0.3182
vn 0.6786 -0.3091 0.6663
vn 0.1215 0.9388 -0.3224
vn 0.0011 0.3920 -0.9200
vn -0.3581 0.0989 -0.9284
vn -0.2620 -0.6099 0.7479
vn 0.6739 0.1867 0.7148
vn -0.0277 0.6970 -0.7165
vn -0.8658 -0.3471 -0.3604
vn 0.4887 -0.6334 0.6000
vn 0.5004 0.0684 0.8631
vn -0.4325 0.8432 -0.3193
vn -0.3882 -0.5961 -0.7028
vn 0.5109 -0.4166 0.7520
vn 0.8093 0.1811 0.5588
vn -0.2249 0.6712 -0.7064
vn -0.7261 -0.5879 0.3564
vn 0.9159 -0.1536 0.3709
vn 0.8200 -0.2960 0.4899
vn -0.4615 0.8315 -0.3091
vn -0.4481 0.4546 -0.7698
vn 0.3878 -0.9154 -0.1079
vn 0.3740 -0.0946 0.9226
vn -0.4994 0.8318 -0.2422
vn -0.3051 -0.1905 -0.9331
vn 0.5586 -0.6826 0.4711
vn 0.4847 -0.1528 0.8612
vn -0.6731 0.7340 0.0900
vn -0.2964 -0.2595 -0.9191
vn 0.8267 -0.4299 0.3630
vn 0.6260 -0.4267 0.6528
vn -0.8901 0.2916 0.3504
vn 0.2650 0.1693 -0.9493
vn 0.6422 -0.4474 0.6224
vn 0.9140 -0.4051 0.0214
vn -0.8558 0.4899 -0.1665
vn -0.5574 0.6606 -0.5029
vn 0.9629 -0.0945 -0.2527
vn 0.3565 -0.6465 0.6745
vn -0.9194 0.3304 0.2136
vn -0.1495 0.8750 -0.4605
vn 0.9012 -0.4332 -0.0156
vn 0.5742 -0.8047 0.1510
vn -0.7519 0.1468 0.6427
vn -0.1516 0.9249 -0.3486
vn 0.7289 -0.5661 -0.3850
vn 0.5858 -0.8089 -0.0492
vn -0.7817 -0.0064 0.6236
vn 0.0886 0.8123 -0.5765
vn 0.6754 -0.7362 -0.0435
vn 0.8098 -0.4953 -0.3144
vn -0.9519 -0.2825 -0.1186
vn -0.9915 0.0570 -0.1170
vn 0.7595 0.6222 0.1898
vn 0.9412 -0.2692 0.2043
vn -0.6379 -0.7239 0.2627
vn -0.6691 0.4133 0.6177
vn 0.7390 0.4040 -0.5392
vn 0.8226 0.4172 -0.3863
vn 0.2148 -0.3789 0.9002
vn -0.8863 0.1594 0.4348
vn 0.1599 0.2756 -0.9479
vn 0.4944 0.1491 -0.8563
vn 0.4999 0.0048 0.8660
vn -0.9550 0.0071 0.2964
vn 0.2209 0.0071 -0.9753
vn 0.5000 0.0048 -0.8660
vn -0.6054 0.0253 -0.7955
vn -0.9516 0.1442 -0.2715
vn 0.2631 0.0289 0.9643
vn 0.9611 -0.2232 -0.1628
vn -0.5786 0.1550 -0.8008
vn -0.8595 0.2030 0.4691
vn 0.7637 -0.3671 0.5309
vn 0.9849 -0.0543 -0.1644
vn -0.5462 0.2766 -0.7906
vn -0.7592 -0.3559 0.5450
vn 0.9125 0.0186 0.4086
vn 0.9929 -0.0724 -0.0946
vn -0.6001 -0.4370 -0.6699
vn -0.4300 0.5704 0.6998
vn 0.9907 -0.1361 0.0026
vn 0.9935 -0.0628 0.0954
vn -0.5116 -0.4989 -0.6996
vn -0.9185 -0.1474 -0.3669
vn 0.0830 0.6137 0.7851
vn 0.9857 -0.1271 0.1107
vn -0.4648 -0.5253 -0.7128
vn -0.9633 0.1737 0.2047
vn 0.6916 0.3203 0.6474
vn 0.9971 0.0708 -0.0262
vn -0.4761 -0.6110 -0.6325
vn -0.8477 0.1500 0.5089
vn 0.8523 0.4577 0.2531
vn 0.9973 0.0410 -0.0603
vn -0.5212 -0.7523 -0.4030
vn -0.4731 0.8232 0.3139
vn 0.9887 -0.0094 0.1496
vn -0.2075 0.9098 0.3594
vn -0.5903 0.5196 -0.6177
vn -0.9165 0.0550 -0.3963
vn 0.2189 -0.7550 0.6182
vn 0.9584 0.2487 0.1401
vn -0.5556 0.5555 -0.6187
vn -0.9125 -0.3997 0.0869
vn 0.7471 -0.3555 0.5617
vn 0.9958 0.0819 0.0402
vn -0.5018 0.5681 -0.6522
vn -0.8602 -0.2844 0.4232
vn 0.8680 -0.3328 0.3685
vn 0.9839 -0.1500 -0.0967
vn -0.5141 0.4593 -0.7244
vn -0.4767 -0.2059 0.8546
vn 0.9530 -0.2808 -0.1140
vn 0.9037 -0.1502 -0.4010
vn -0.4837 0.6205 -0.6173
vn -0.4744 0.1032 -0.8742
vn 0.3990 -0.8821 0.2503
vn 0.4024 0.2924 0.8675
vn -0.4785 0.6789 -0.5568
vn -0.3254 -0.5324 -0.7815
vn 0.5193 -0.4502 0.7264
vn 0.4806 0.2861 0.8290
vn -0.5303 0.6015 -0.5975
vn -0.3092 -0.7879 -0.5326
vn 0.6121 -0.1325 0.7796
vn 0.5471 0.5368 0.6423
vn -0.5953 0.4585 -0.6598
vn -0.0516 -0.9974 0.0499
vn 0.6499 0.4952 0.5766
vn 0.5865 0.6418 0.4942
vn -0.7987 0.3703 0.4743
vn -0.7454 0.6660 -0.0285
vn 0.6270 0.0418 -0.7779
vn 0.5931 -0.7000 0.3979
vn -0.8182 0.1482 0.5555
vn -0.4075 0.7901 -0.4579
vn 0.9585 -0.2187 -0.1829
vn 0.5520 -0.8334 -0.0267
vn -0.9208 0.0004 0.3900
vn -0.0529 0.9915 -0.1190
vn 0.8161 -0.4964 -0.2961
vn 0.5135 -0.8571 0.0410
vn -0.9606 0.0072 0.2777
vn 0.3582 0.8031 -0.4762
vn 0.6024 -0.7696 0.2118
vn 0.7924 -0.6057 0.0721
vn -0.7698 -0.3996 -0.4977
vn -0.7760 0.1912 -0.6011
vn 0.4392 0.8695 0.2261
vn 0.6163 -0.4674 0.6338
vn -0.5620 -0.7050 -0.4327
vn -0.6428 0.5657 -0.5165
vn 0.6311 0.3350 0.6997
vn 0.8622 0.1506 0.4836
vn -0.1535 -0.9699 -0.1888
vn -0.8115 0.2376 0.5339
vn 0.7711 0.6323 -0.0746
vn 0.5357 0.7822 -0.3181
vn 0.0946 -0.2140 0.9722
vn -0.9299 -0.0951 -0.3553
vn 0.7405 0.3117 -0.5954
vn 0.4764 0.3033 -0.8253
vn -0.4248 -0.6695 -0.6093
vn -0.4849 -0.8712 0.0771
vn 0.4820 0.7869 0.3854
vn 0.4789 0.8616 -0.1683
vn -0.2543 -0.9146 -0.3144
vn -0.0029 0.1132 0.9936
vn -0.0513 0.8442 -0.5335
vn 0.4496 -0.4375 -0.7788
vn 0.5000 0.0005 0.8660
vn -0.5953 0.0005 0.8035
vn -0.3982 0.0005 -0.9173
vn 0.5000 -0.0001 -0.8660
vn 0.5000 -0.0004 0.8660
vn -0.8026 -0.0008 0.5966
vn -0.1154 -0.0008 -0.9933
vn 0.5000 -0.0004 -0.8660
vn -0.8515 0.4108 -0.3259
vn -0.8183 -0.2088 -0.5355
vn 0.8775 -0.3229 0.3545
vn 0.8836 -0.0379 0.4667
vn -0.5040 0.6568 0.5608
vn -0.1491 -0.4441 0.8835
vn 0.0376 0.6514 -0.7578
vn 0.4831 -0.5222 -0.7028
vn 0.1896 -0.1477 0.9707
vn -0.8836 0.3125 0.3486
vn 0.1640 -0.0306 -0.9860
vn 0.7168 -0.1543 -0.6800
vn 0.2844 0.1782 0.9420
vn -0.9946 0.0539 0.0888
vn 0.4186 -0.1918 -0.8877
vn 0.4911 -0.1876 -0.8506
vn -0.5341 -0.8412 0.0845
vn 0.5916 -0.3236 -0.7384
vn 0.5802 0.7952 -0.1761
vn -0.1346 0.8346 0.5342
vn -0.0959 -0.2581 0.9613
vn 0.7112 0.3623 0.6025
vn -0.9678 0.1696 -0.1859
vn 0.4946 -0.1472 -0.8566
vn 0.5000 -0.0001 0.8660
vn -0.1283 -0.0028 0.9917
vn -0.7947 -0.0028 -0.6070
vn 0.5000 -0.0024 -0.8660
vn 0.5000 -0.0029 0.8660
vn -0.6395 -0.0058 0.7687
vn -0.3460 -0.0058 -0.9382
vn 0.5000 -0.0029 -0.8660
vn -0.0281 -0.8340 0.5510
vn -0.4052 -0.8849 -0.2296
vn -0.2738 0.4053 -0.8722
vn 0.3646 0.9210 0.1375
vn 0.2581 -0.4946 0.8299
vn -0.7902 -0.5967 0.1396
vn -0.3571 0.8371 -0.4144
vn 0.4587 0.3980 -0.7945
vn 0.5000 -0.0000 0.8660
vn -0.1779 -0.0023 0.9840
vn -0.7632 -0.0023 -0.6461
vn 0.5000 -0.0020 -0.8660
vn 0.5000 -0.0026 0.8660
vn -0.6518 -0.0051 0.7584
vn -0.3308 -0.0051 -0.9437
vn 0.5000 -0.0026 -0.8660
vn -0.3852 -0.9222 -0.0345
vn -0.7431 -0.6338 0.2149
vn 0.4021 0.9150 0.0326
vn 0.8330 0.4680 -0.2953
vn -0.1441 -0.9464 0.2892
vn -0.4700 0.3838 0.7949
vn 0.3272 0.6257 -0.7081
vn 0.5670 0.2259 -0.7922
vn 0.4228 0.0425 0.9052
vn -0.8069 0.0287 0.5900
vn -0.1082 -0.0554 -0.9926
vn 0.4998 -0.0269 -0.8657
vn 0.5000 0.0003 0.8660
vn -0.9219 0.0005 0.3875
vn 0.1254 0.0005 -0.9921
vn 0.5000 0.0003 -0.8660
vn -0.6050 0.3403 -0.7199
vn -0.9511 0.0279 -0.3075
vn 0.2899 -0.4889 0.8227
vn 0.9800 0.1806 -0.0833
vn -0.6048 0.2097 -0.7683
vn -0.8660 -0.3829 0.3215
vn 0.8013 0.0145 0.5980
vn 0.9841 0.1160 -0.1343
vn -0.6073 -0.2195 -0.7636
vn -0.7709 -0.0865 0.6311
vn 0.9170 0.1841 0.3540
vn 0.9648 0.1767 -0.1946
vn -0.5562 -0.4063 -0.7249
vn -0.3397 0.0955 0.9357
vn 0.9349 0.2981 -0.1926
vn -0.9345 -0.3556 -0.0138
vn -0.4675 0.8028 -0.3701
vn -0.6111 0.5310 -0.5871
vn 0.2193 -0.9752 -0.0299
vn 0.7537 -0.0896 0.6511
vn -0.4008 0.8950 0.1959
vn -0.6736 -0.4700 -0.5703
vn 0.8444 -0.4990 -0.1947
vn 0.5996 -0.7401 0.3047
vn -0.6233 -0.1232 0.7722
vn -0.3027 0.5559 -0.7742
vn 0.9964 -0.0812 0.0236
vn 0.4003 -0.3004 -0.8657
vn -0.7709 -0.5908 0.2381
vn 0.3875 0.7563 0.5271
vn 0.4374 -0.2357 -0.8678
vn -0.7369 -0.6685 0.1005
vn -0.7017 0.5491 0.4540
vn -0.7369 0.6685 -0.1006
vn 0.5179 -0.2809 -0.8080
vn 0.6372 -0.5864 0.5001
vn -0.7331 0.3976 0.5518
vn -0.4271 0.5381 -0.7267
vn 0.8977 -0.3715 -0.2371
vn 0.5358 -0.7573 0.3733
vn -0.8041 0.2822 0.5233
vn -0.0663 0.6936 -0.7173
vn 0.6876 -0.7179 -0.1088
vn 0.6234 -0.5372 0.5682
vn -0.5878 0.6599 0.4680
vn -0.2925 -0.3576 -0.8869
vn 0.8765 -0.2783 0.3928
vn 0.8796 -0.4614 0.1157
vn -0.9704 -0.0067 0.2413
vn -0.8139 0.5703 0.1109
vn 0.8691 0.4251 -0.2531
vn 0.5350 -0.8440 0.0378
vn -0.9849 -0.0695 0.1583
vn -0.3014 0.9514 -0.0641
vn 0.9782 -0.2058 0.0293
vn 0.5831 -0.8043 -0.1141
vn -0.9900 -0.1386 -0.0253
vn -0.1377 0.9488 0.2842
vn 0.9308 -0.3480 -0.1118
vn 0.6545 -0.7399 -0.1555
vn -0.9663 -0.2355 0.1035
vn 0.3101 0.9495 0.0481
vn 0.6806 -0.7218 -0.1256
vn -0.1295 -0.9906 -0.0432
vn -0.7370 -0.2865 -0.6122
vn -0.9689 0.1810 -0.1685
vn 0.4722 0.4736 0.7435
vn 0.8850 -0.4478 -0.1272
vn -0.7973 -0.2524 -0.5482
vn -0.7386 0.5401 0.4035
vn 0.9168 0.0294 0.3982
vn 0.8751 -0.4386 -0.2047
vn -0.8025 -0.3470 -0.4854
vn -0.6054 0.5260 0.5973
vn 0.9868 -0.0014 0.1619
vn 0.9502 -0.2208 -0.2198
vn -0.7073 -0.5337 -0.4635
vn -0.1724 0.6164 0.7684
vn 0.9613 -0.0744 -0.2653
vn -0.8654 0.2424 0.4385
vn -0.6974 -0.2024 0.6875
vn -0.7140 0.3622 0.5993
vn 0.4329 0.7319 -0.5262
vn 0.6225 -0.6479 -0.4389
vn -0.6538 -0.5053 0.5633
vn -0.4859 0.7211 0.4939
vn 0.8778 0.1946 -0.4376
vn 0.5083 -0.2064 -0.8361
vn -0.5744 -0.7345 0.3613
vn 0.0592 0.3810 0.9227
vn 0.4484 0.4785 -0.7550
vn 0.2942 -0.0094 -0.9557
vn -0.1223 -0.9202 0.3719
vn -0.0311 0.8693 0.4934
vn 0.1875 0.2162 -0.9582
vn -0.0850 -0.9854 0.1472
vn -0.9125 -0.3380 0.2304
vn -0.8792 -0.0434 0.4745
vn 0.9167 0.3538 -0.1857
vn 0.2891 -0.6409 -0.7111
vn -0.9116 -0.3127 0.2668
vn 0.4172 0.6616 0.6231
vn 0.3357 -0.6262 -0.7038
vn -0.1954 0.4493 -0.8717
vn 0.3085 0.5702 0.7614
vn -0.5894 -0.4980 0.6361
vn -0.0539 -0.2100 -0.9762
vn 0.5671 0.2415 -0.7875
vn 0.4237 -0.2875 0.8590
vn -0.9591 -0.1048 0.2630
vn 0.2508 0.3198 -0.9137
vn 0.4780 0.2931 -0.8280
vn -0.9282 0.2669 -0.2594
vn -0.9934 0.0011 0.1145
vn 0.7740 -0.4244 0.4698
vn 0.8219 0.2771 -0.4977
vn -0.7985 0.5808 -0.1585
vn -0.4174 -0.2685 0.8681
vn 0.8122 -0.4476 -0.3743
vn 0.9127 -0.0056 -0.4086
vn -0.1789 0.6189 0.7648
vn -0.6840 -0.6795 0.2653
vn 0.5218 -0.1230 -0.8442
vn 0.6988 0.0590 -0.7129
vn 0.2546 -0.3085 0.9165
vn -0.9953 0.0088 -0.0967
vn 0.5844 0.2810 -0.7613
vn 0.4772 0.2989 -0.8264
vn -0.7151 0.6740 -0.1855
vn -0.9195 0.3642 -0.1480
vn 0.7236 -0.6713 0.1602
vn 0.9892 0.1417 0.0383
vn -0.6174 0.7701 0.1602
vn -0.0470 -0.8611 0.5062
vn 0.8829 0.2916 -0.3680
vn -0.2779 0.0390 -0.9598
vn 0.2930 -0.6213 0.7267
vn -0.4930 0.5477 0.6760
vn 0.0392 0.1115 -0.9930
vn 0.0879 0.2427 -0.9661
vn 0.6168 0.4546 0.6426
vn -0.7888 -0.1834 0.5866
vn -0.0438 -0.2853 -0.9574
vn 0.4999 -0.0183 -0.8659
vn -0.7406 0.6623 -0.1135
vn -0.8850 0.3436 -0.3142
vn 0.4335 -0.8876 -0.1557
vn 0.9110 -0.1342 0.3899
vn -0.4667 0.8107 0.3535
vn -0.9726 -0.2282 0.0450
vn 0.6957 -0.6550 -0.2949
vn 0.8229 -0.4762 -0.3098
vn 0.1821 0.3552 0.9169
vn -0.9360 -0.0683 0.3454
vn 0.2165 -0.2940 -0.9310
vn 0.4925 -0.1727 -0.8530
vn 0.5000 0.0013 0.8660
vn -0.9659 0.0019 0.2590
vn 0.2586 0.0019 -0.9660
vn 0.5000 0.0013 -0.8660
vn -0.8292 0.2032 -0.5207
vn 0.1449 0.8940 -0.4240
vn 0.5894 -0.5244 0.6145
vn 0.5127 -0.6025 0.6116
vn -0.7041 -0.2623 0.6599
vn 0.3588 0.0462 0.9323
vn -0.7772 -0.5385 -0.3256
vn 0.4563 0.4091 -0.7903
vn 0.5000 0.0011 0.8660
vn -0.6953 0.0016 0.7188
vn -0.2748 0.0016 -0.9615
vn 0.5000 0.0005 -0.8660
vn 0.5000 0.0000 0.8660
vn -0.8674 0.0000 0.4975
vn 0.0028 0.0000 -1.0000
vn 0.5000 0.0000 -0.8660
vn -0.7696 -0.4603 -0.4426
vn -0.9403 0.2395 -0.2417
vn 0.8374 0.3308 0.4352
vn 0.7572 -0.6521 0.0367
vn -0.9381 -0.2301 -0.2588
vn 0.0335 0.6651 0.7460
vn 0.5337 -0.8325 -0.1487
vn -0.0800 0.3400 -0.9370
vn -0.0183 0.6893 0.7243
vn -0.6548 -0.5631 0.5042
vn 0.2449 -0.2735 -0.9302
vn 0.7644 0.2485 -0.5949
vn 0.1668 -0.0052 0.9860
vn -0.9913 -0.1078 -0.0751
vn 0.5580 0.0833 -0.8257
vn 0.4985 0.0763 -0.8635
vn 0.0319 0.1288 -0.9912
vn -0.3620 0.0776 -0.9289
vn 0.0831 -0.1326 0.9877
vn 0.4481 -0.0751 0.8908
vn 0.1018 0.4547 -0.8848
vn -0.8137 0.1434 0.5633
vn 0.7899 -0.3853 0.4770
vn 0.3692 -0.8988 0.2363
vn -0.3354 0.4223 0.8421
vn -0.8223 0.1876 -0.5372
vn 0.6455 -0.6898 -0.3278
vn 0.8813 -0.0784 -0.4659
vn -0.0327 0.7147 0.6987
vn -0.6669 -0.7402 0.0858
vn 0.5856 -0.1276 -0.8005
vn 0.4777 -0.2953 -0.8274
vn -0.3065 0.5523 -0.7752
vn -0.6649 -0.1350 -0.7346
vn 0.0985 -0.7631 0.6387
vn 0.6558 0.0650 0.7521
vn -0.1314 0.8487 -0.5122
vn -0.9996 0.0215 -0.0203
vn 0.6830 -0.5567 0.4728
vn 0.6047 -0.7434 0.2858
vn 0.1319 0.8378 0.5297
vn -0.8422 -0.4562 0.2872
vn 0.5287 -0.5257 -0.6664
vn 0.6309 0.6249 -0.4599
vn 0.1464 -0.8010 0.5805
vn -0.9815 -0.0117 -0.1909
vn 0.6373 0.6906 -0.3419
vn 0.2892 0.8157 -0.5010
vn -0.5154 -0.6449 -0.5643
vn 0.2654 -0.9559 0.1260
vn 0.3569 0.8351 0.4186
vn -0.4110 0.8635 -0.2923
vn -0.3179 -0.9390 0.1313
vn 0.3139 0.1881 0.9306
vn -0.6424 0.5756 -0.5060
vn 0.4260 -0.5234 -0.7380
vn 0.5000 0.0007 0.8660
vn -0.4905 -0.0001 0.8714
vn -0.5094 -0.0001 -0.8605
vn 0.5000 -0.0008 -0.8660
vn 0.5000 -0.0015 0.8660
vn -0.7519 -0.0028 0.6593
vn -0.1950 -0.0028 -0.9808
vn 0.5000 -0.0015 -0.8660
vn -0.9439 -0.1672 0.2847
vn -0.8067 0.5214 0.2781
vn 0.8233 0.5300 -0.2033
vn 0.4818 -0.8624 -0.1553
vn -0.9124 -0.1098 0.3942
vn -0.1639 0.9865 0.0075
vn 0.7859 -0.3165 -0.5312
vn 0.6511 -0.7398 0.1697
vn -0.7162 -0.1132 0.6887
vn -0.5212 0.6178 -0.5888
vn 0.9754 -0.1086 -0.1916
vn 0.8335 -0.4997 -0.2357
vn -0.7456 -0.4954 0.4458
vn -0.0326 0.9989 -0.0338
vn 0.7811 -0.4891 -0.3882
vn 0.8747 0.0455 -0.4825
vn -0.8988 -0.1924 -0.3938
vn -0.9855 0.0489 0.1622
vn 0.6459 0.3010 0.7015
vn 0.8368 -0.2261 -0.4986
vn -0.8883 -0.2540 -0.3827
vn -0.6492 0.2562 0.7161
vn 0.9788 0.1603 0.1274
vn 0.8425 -0.2146 -0.4941
vn -0.8687 -0.4186 -0.2648
vn -0.4605 0.4442 0.7685
vn 0.9808 0.1356 -0.1405
vn 0.8267 -0.2279 -0.5144
vn -0.8396 -0.5200 -0.1574
vn -0.0210 0.7239 0.6896
vn 0.8479 -0.2001 -0.4910
vn 0.9380 -0.0003 -0.3467
vn -0.1976 -0.2884 -0.9369
vn -0.4752 -0.6958 -0.5386
vn 0.0945 0.0714 0.9930
vn 0.5893 0.8077 -0.0203
vn -0.0770 -0.5082 -0.8578
vn -0.4439 -0.7555 0.4818
vn 0.3093 0.8302 0.4638
vn 0.5572 0.8280 -0.0625
vn 0.3271 -0.9412 0.0849
vn -0.8804 0.0089 0.4742
vn 0.5120 0.8153 -0.2702
vn -0.1458 0.8437 -0.5166
vn 0.0252 0.2288 0.9731
vn -0.5836 -0.7052 -0.4026
vn 0.5515 0.4840 -0.6794
vn -0.6602 -0.7504 -0.0322
vn -0.5432 -0.0018 -0.8396
vn -0.2683 -0.4819 -0.8342
vn 0.6769 -0.4693 0.5671
vn 0.0516 0.7668 0.6398
vn -0.7228 0.1659 -0.6708
vn 0.1321 -0.8485 -0.5124
vn 0.7609 0.2708 0.5896
vn 0.1786 0.3682 0.9124
vn -0.9806 -0.0667 -0.1844
vn 0.2986 -0.2101 -0.9310
vn 0.6891 0.3029 0.6583
vn 0.5869 0.0538 0.8079
vn -0.8294 -0.5568 0.0440
vn 0.1945 0.5708 -0.7977
vn 0.6187 -0.0132 0.7855
vn 0.7077 0.6252 -0.3291
vn -0.9178 0.3411 0.2034
vn -0.8182 0.4568 -0.3492
vn 0.7673 -0.1204 -0.6299
vn 0.5956 -0.4160 0.6872
vn -0.9250 0.2051 0.3199
vn -0.4175 0.4403 -0.7949
vn 0.9898 -0.1403 0.0247
vn 0.7035 -0.5782 0.4133
vn -0.9041 -0.1003 0.4155
vn -0.3258 0.8194 -0.4717
vn 0.9456 -0.3031 -0.1179
vn 0.8315 -0.5424 0.1197
vn -0.7748 -0.1532 0.6133
vn -0.0785 0.7329 -0.6758
vn 0.8423 -0.5356 0.0600
vn 0.9245 -0.3026 -0.2318
vn -0.4858 -0.4855 0.7268
vn -0.6126 -0.1409 0.7778
vn 0.3125 0.7803 -0.5417
vn 0.6847 -0.3283 -0.6507
vn -0.0552 -0.6162 0.7857
vn -0.2912 0.6724 0.6806
vn -0.0486 0.1003 -0.9938
vn 0.4966 0.1150 -0.8603
vn 0.5000 0.0021 0.8660
vn -0.4165 -0.0032 0.9091
vn -0.5789 -0.0032 -0.8154
vn 0.4999 -0.0049 -0.8661
vn 0.4999 -0.0079 0.8660
vn -0.7229 -0.0152 0.6908
vn -0.2367 -0.0152 -0.9715
vn 0.4999 -0.0079 -0.8660
vn -0.9433 -0.2613 0.2049
vn -0.6703 0.1338 0.7300
vn 0.8999 0.4165 0.1294
vn 0.3697 -0.3474 -0.8618
vn -0.9424 -0.2104 0.2600
vn -0.1295 0.5777 0.8059
vn 0.8354 0.0833 -0.5432
vn 0.4556 -0.5760 -0.6788
vn -0.9318 -0.2695 0.2432
vn -0.0989 0.8122 0.5749
vn 0.8800 -0.1944 -0.4334
vn 0.5933 -0.4645 -0.6575
vn -0.8713 -0.4255 0.2445
vn 0.3154 0.7618 0.5659
vn 0.5643 -0.3120 -0.7644
vn 0.2635 -0.5597 -0.7857
vn -0.9371 0.2088 0.2798
vn -0.7548 -0.0982 0.6485
vn 0.8724 -0.4715 0.1290
vn 0.5080 0.2737 -0.8167
vn -0.8906 0.4294 0.1499
vn -0.1549 -0.2997 0.9414
vn 0.8280 -0.3455 -0.4417
vn 0.5374 0.1028 -0.8370
vn -0.5531 0.7764 0.3022
vn 0.0435 -0.6515 0.7574
vn 0.3110 -0.3017 -0.9013
vn 0.4396 0.7108 -0.5491
vn 0.1602 0.0942 0.9826
vn -0.9278 -0.2379 -0.2873
vn 0.7047 0.1447 -0.6946
vn 0.5429 0.0939 -0.8345
vn -0.6095 0.6477 0.4572
vn -0.8355 0.3475 0.4257
vn 0.4196 -0.7663 -0.4866
vn 0.9109 0.3162 -0.2651
vn -0.3071 0.5623 0.7678
vn -0.4335 -0.8793 0.1974
vn 0.4664 0.2057 -0.8603
vn 0.6798 0.0806 -0.7290
vn 0.1757 -0.4999 0.8481
vn -0.8650 0.3137 0.3916
vn 0.2544 0.2483 -0.9347
vn 0.5461 0.1752 -0.8192
vn 0.4319 0.0045 0.9019
vn -0.9983 0.0058 0.0578
vn 0.4469 0.0060 -0.8946
vn 0.9366 0.0093 -0.3503
vn -0.2938 0.0268 0.9555
vn -0.7243 0.0749 0.6854
vn -0.2403 0.0537 -0.9692
vn 0.9307 -0.0742 -0.3581
vn -0.0825 -0.0351 0.9960
vn -0.9714 0.1354 0.1949
vn 0.3429 0.0881 -0.9352
vn 0.7914 -0.1663 -0.5882
vn 0.1376 -0.0268 0.9901
vn -0.8743 0.4260 0.2328
vn 0.2325 -0.1846 -0.9549
vn 0.6816 -0.2584 -0.6846
vn 0.3112 0.3183 0.8954
vn -0.9948 0.0778 0.0664
vn 0.4333 -0.3272 -0.8397
vn 0.4728 -0.3255 -0.8189
vn -0.0458 -0.7853 -0.6174
vn 0.1715 -0.9756 -0.1369
vn -0.0410 0.9424 0.3321
vn -0.0449 0.9350 0.3518
vn -0.0600 -0.7875 -0.6134
vn 0.2744 0.2056 0.9394
vn -0.2887 0.8987 -0.3302
vn 0.3084 -0.7160 -0.6263
vn 0.3150 0.8381 0.4453
vn 0.4342 -0.5677 0.6994
vn -0.6624 -0.3397 -0.6677
vn -0.2503 -0.3214 -0.9133
vn 0.9046 0.3866 0.1794
vn -0.4260 -0.1866 0.8853
vn -0.5109 -0.2020 -0.8355
vn 0.4871 0.2256 -0.8437
vn -0.6296 -0.7049 -0.3267
vn 0.3028 -0.8496 -0.4319
vn 0.9765 0.2099 0.0493
vn -0.3497 0.8548 0.3836
vn -0.8284 -0.5424 -0.1397
vn 0.6080 -0.5625 -0.5603
vn 0.1512 0.9884 0.0125
vn 0.4547 0.4529 0.7669
vn -0.7271 -0.5675 0.3864
vn -0.5261 0.2518 -0.8123
vn 0.8056 0.5402 0.2433
vn 0.9795 0.1745 -0.1006
vn -0.2597 -0.7934 0.5505
vn -0.6951 0.7078 -0.1260
vn 0.8721 0.2036 -0.4450
vn 0.3236 0.7624 -0.5604
vn -0.4779 0.8115 0.3362
vn -0.8072 0.3627 0.4657
vn 0.0742 -0.9851 -0.1555
vn 0.8757 0.0364 -0.4814
vn -0.4166 0.8698 0.2642
vn -0.8358 -0.3012 0.4591
vn 0.6679 -0.6543 -0.3547
vn 0.8092 -0.0779 -0.5824
vn -0.2218 0.9009 0.3732
vn -0.4755 -0.6166 0.6275
vn 0.4404 -0.3836 -0.8117
vn 0.7399 0.0302 -0.6721
vn 0.2052 -0.0138 0.9786
vn -0.9726 0.0307 -0.2304
vn 0.6934 -0.0020 -0.7205
vn 0.7467 -0.0043 -0.6651
vn -0.0939 0.6193 0.7796
vn -0.6873 0.6308 0.3600
vn -0.1360 -0.5296 -0.8373
vn 0.8731 -0.4853 -0.0470
vn -0.1822 0.7599 0.6240
vn -0.8507 0.3736 -0.3698
vn 0.4328 -0.7927 -0.4293
vn 0.8570 -0.4843 0.1764
vn -0.1132 0.9062 0.4073
vn -0.9071 0.0825 -0.4128
vn 0.5632 -0.8040 -0.1906
vn 0.7861 -0.6018 0.1411
vn -0.2276 0.6910 0.6861
vn -0.6170 -0.0501 -0.7854
vn 0.7906 -0.6101 0.0525
vn 0.7832 -0.6209 0.0319
vn -0.2448 -0.0163 0.9694
vn -0.3116 0.4882 0.8152
vn 0.1149 0.5523 -0.8257
vn 0.3339 -0.7833 -0.5244
vn -0.0472 -0.2348 0.9709
vn -0.3267 0.8680 0.3740
vn -0.0590 -0.1593 -0.9855
vn 0.5307 -0.3852 -0.7549
vn 0.3870 -0.0268 0.9217
vn -0.8628 0.3824 0.3305
vn 0.0981 -0.2356 -0.9669
vn 0.5312 -0.1551 -0.8329
vn 0.3842 0.5217 0.7617
vn -0.9308 -0.3349 0.1468
vn 0.4703 -0.1834 -0.8633
vn 0.6294 -0.0721 -0.7738
vn 0.6784 0.5693 0.4643
vn 0.1436 0.7756 -0.6147
vn -0.5635 -0.1734 -0.8077
vn -0.2682 -0.8701 0.4135
vn 0.6612 0.4679 0.5864
vn -0.4100 0.8546 -0.3188
vn -0.6559 -0.7507 0.0784
vn 0.3941 -0.6153 -0.6827
vn 0.5000 0.0045 0.8660
vn -0.7958 0.0078 0.6055
vn -0.1264 0.0078 -0.9919
vn 0.5000 0.0038 -0.8660
vn 0.5000 0.0028 0.8660
vn -0.9543 0.0042 0.2989
vn 0.2183 0.0042 -0.9759
vn 0.5000 0.0028 -0.8660
vn -0.4149 0.2916 0.8619
vn 0.3194 0.8371 0.4442
vn 0.6650 0.1486 -0.7319
vn -0.4059 -0.9001 -0.1586
vn -0.1973 -0.1980 0.9601
vn 0.7820 0.5938 0.1893
vn -0.6842 -0.3203 -0.6552
vn 0.4991 0.0618 -0.8643
vn 0.5001 0.0024 0.8660
vn -0.4829 -0.0006 0.8757
vn -0.5171 -0.0006 -0.8560
vn 0.5000 -0.0030 -0.8660
vn 0.5000 -0.0056 0.8660
vn -0.7486 -0.0106 0.6629
vn -0.1998 -0.0106 -0.9798
vn 0.5000 -0.0056 -0.8660
vn -0.9855 0.1347 0.1031
vn -0.7116 0.0024 0.7025
vn 0.9165 -0.2047 0.3437
vn 0.4216 0.0504 -0.9054
vn -0.9907 0.1269 0.0488
vn -0.0354 -0.2964 0.9544
vn 0.9105 -0.1604 -0.3812
vn 0.3463 0.3988 -0.8491
vn -0.9988 -0.0484 -0.0040
vn 0.2920 -0.5476 0.7841
vn 0.6593 0.5912 -0.4645
vn 0.1240 0.0083 -0.9923
vn -0.6573 -0.6892 0.3047
vn -0.0762 0.9243 0.3741
vn 0.7425 -0.1748 -0.6466
vn 0.7771 0.3825 -0.4999
vn 0.1544 0.8760 -0.4568
vn 0.0055 0.9060 0.4233
vn -0.1558 -0.9475 0.2791
vn 0.0368 -0.7185 -0.6946
vn 0.3653 0.9227 0.1231
vn -0.2980 -0.1239 0.9465
vn -0.3005 -0.6656 -0.6831
vn 0.5734 0.2366 -0.7844
vn 0.2694 -0.1810 0.9459
vn -0.9357 -0.2030 0.2886
vn 0.2180 0.1660 -0.9617
vn 0.7599 0.4284 -0.4889
vn 0.1861 -0.6426 0.7433
vn -0.9467 -0.1956 -0.2561
vn 0.5797 0.6994 -0.4180
vn 0.3369 0.7388 -0.5836
vn -0.0911 0.7885 0.6082
vn -0.6663 0.6461 0.3722
vn -0.2591 -0.7199 -0.6440
vn 0.8965 -0.4138 -0.1585
vn -0.0892 0.8638 0.4959
vn -0.9524 0.2442 -0.1822
vn 0.4861 -0.7945 -0.3640
vn 0.8005 -0.5934 -0.0842
vn 0.1358 0.8787 0.4576
vn -0.9719 -0.0384 0.2321
vn 0.4878 -0.7632 -0.4238
vn 0.4378 -0.5847 -0.6829
vn 0.4572 0.0147 0.8892
vn -0.9996 0.0273 0.0058
vn 0.4813 -0.0255 -0.8762
vn 0.0411 -0.0246 -0.9989
vn -0.5326 0.7154 0.4523
vn -0.7250 0.6879 0.0337
vn 0.2060 -0.5221 -0.8276
vn 0.7998 -0.5105 0.3158
vn -0.4469 0.5442 0.7100
vn -0.8166 0.3316 -0.4725
vn 0.6986 -0.4712 -0.5385
vn 0.7912 -0.6083 -0.0625
vn -0.3208 0.0755 0.9441
vn -0.7989 0.5008 -0.3333
vn 0.6487 -0.3796 -0.6596
vn 0.8719 -0.2716 -0.4075
vn -0.1122 -0.0168 0.9935
vn -0.8306 0.0899 -0.5495
vn 0.8964 -0.0398 -0.4414
vn 0.9642 -0.0490 -0.2607
vn -0.6062 -0.2652 0.7498
vn -0.4581 0.4487 0.7674
vn 0.5816 0.5397 -0.6087
vn 0.2692 -0.7823 -0.5618
vn -0.5618 -0.1183 0.8188
vn -0.0956 0.9482 0.3031
vn 0.4674 -0.1920 -0.8629
vn 0.3764 -0.8559 -0.3545
vn -0.4844 -0.0712 0.8720
vn -0.2685 0.9597 -0.0831
vn 0.6345 -0.3921 -0.6661
vn 0.4323 -0.7707 -0.4681
vn -0.6269 -0.1747 0.7593
vn 0.2796 0.9447 -0.1714
vn 0.3693 -0.7397 -0.5626
vn 0.4333 -0.6431 -0.6315
vn -0.9634 -0.2212 0.1515
vn -0.3886 0.5080 0.7687
vn 0.8338 0.4863 0.2612
vn 0.1450 -0.6978 -0.7015
vn -0.9910 -0.1170 0.0651
vn 0.1562 0.5650 0.8102
vn 0.6290 -0.6786 -0.3793
vn 0.4179 0.2394 -0.8764
vn -0.8562 0.4966 0.1424
vn -0.2685 -0.7657 0.5844
vn 0.9385 -0.0014 -0.3452
vn 0.7234 0.0856 -0.6852
vn -0.7306 0.6750 -0.1029
vn 0.1969 -0.5337 0.8225
vn 0.5820 -0.1966 -0.7890
vn -0.7664 0.6400 0.0560
vn -0.8596 -0.0547 -0.5081
vn -0.9827 -0.1709 -0.0710
vn 0.7069 -0.0910 0.7015
vn 0.8138 0.1958 -0.5471
vn -0.8051 0.3256 -0.4958
vn -0.3766 -0.0296 0.9259
vn 0.9044 -0.3938 -0.1643
vn 0.9322 -0.1152 -0.3431
vn -0.2264 0.7424 0.6305
vn -0.7056 -0.6053 0.3684
vn 0.5665 -0.2098 -0.7969
vn 0.5898 -0.3662 -0.7198
vn 0.3084 -0.0691 0.9487
vn -0.9967 0.0799 -0.0131
vn 0.5209 0.0243 -0.8533
vn 0.7899 -0.0072 -0.6132
vn -0.6091 0.7703 -0.1887
vn -0.9160 0.3503 -0.1957
vn 0.6976 -0.7137 0.0635
vn 0.8987 -0.4235 0.1139
vn -0.2251 0.9418 0.2496
vn -0.4937 -0.3313 0.8040
vn 0.4811 -0.5888 -0.6495
vn 0.4162 -0.5540 -0.7210
vn 0.5000 0.0080 0.8660
vn -0.7350 0.0130 0.6779
vn -0.2195 0.0130 -0.9755
vn 0.4999 0.0050 -0.8660
vn 0.5000 0.0022 0.8660
vn -0.8995 0.0036 0.4369
vn 0.0714 0.0036 -0.9974
vn 0.4999 0.0022 -0.8661
vn -0.5343 0.2703 -0.8009
vn -0.8210 -0.0405 -0.5695
vn 0.5413 -0.3317 0.7726
vn 0.9094 0.4155 0.0165
vn -0.5145 -0.0088 -0.8575
vn -0.3583 -0.6940 0.6244
vn 0.7772 0.5515 0.3029
vn 0.5390 0.6226 -0.5674
vn -0.0139 -0.8682 0.4961
vn -0.8443 0.3277 0.4241
vn 0.5607 0.5667 -0.6037
vn 0.4774 0.5021 -0.7211
vn 0.3731 0.0988 0.9225
vn -0.9911 -0.1323 0.0154
vn 0.4847 0.0367 -0.8739
vn 0.4997 0.0359 -0.8654
vn -0.6038 0.7459 -0.2810
vn -0.7038 0.4431 -0.5553
vn 0.3300 -0.9250 -0.1884
vn 0.7199 -0.1102 0.6853
vn -0.5110 0.8556 0.0830
vn -0.7566 -0.1466 -0.6372
vn 0.6875 -0.7235 0.0620
vn 0.8165 -0.4404 0.3733
vn -0.2794 0.7558 0.5922
vn -0.8901 -0.0211 -0.4553
vn 0.6544 -0.7345 -0.1797
vn 0.8827 -0.3764 -0.2813
vn -0.0123 0.7756 0.6311
vn -0.8566 -0.5140 -0.0454
vn 0.7724 -0.2686 -0.5756
vn 0.6080 -0.4577 -0.6487
vn -0.8375 0.4563 0.3007
vn -0.8262 0.5566 -0.0876
vn 0.6042 -0.1234 -0.7872
vn 0.7258 -0.5336 0.4342
vn -0.7027 0.2939 0.6480
vn -0.6569 0.5563 -0.5089
vn 0.7894 -0.3927 -0.4719
vn 0.8565 -0.5114 -0.0703
vn -0.3092 0.0473 0.9498
vn -0.8429 0.4553 -0.2869
vn 0.6636 -0.2944 -0.6877
vn 0.8452 -0.2721 -0.4601
vn -0.0602 -0.0936 0.9938
vn -0.8304 0.2454 -0.5002
vn 0.8567 -0.1226 -0.5011
vn 0.6424 -0.0520 -0.7646
vn -0.6563 -0.1148 0.7457
vn -0.7153 0.3715 0.5919
vn 0.3887 0.6498 -0.6532
vn 0.6746 -0.6565 -0.3374
vn -0.6145 -0.4743 0.6304
vn -0.5713 0.7762 0.2665
vn 0.8911 0.2350 -0.3881
vn 0.5962 -0.2621 -0.7589
vn -0.7127 -0.6731 0.1976
vn -0.0938 0.4388 0.8937
vn 0.7671 0.2742 -0.5800
vn 0.3918 0.1749 -0.9033
vn -0.7683 -0.6392 0.0352
vn 0.5451 0.2217 0.8085
vn 0.2655 0.4290 -0.8634
vn -0.7564 -0.5258 -0.3891
vn -0.7289 -0.3186 -0.6059
vn -0.9943 -0.0676 -0.0827
vn 0.4040 0.4014 0.8220
vn 0.9543 -0.1300 -0.2691
vn -0.7376 -0.3158 -0.5969
vn -0.8183 0.2142 0.5335
vn 0.9037 0.1767 0.3900
vn 0.9451 -0.1016 -0.3105
vn -0.7060 -0.4832 -0.5177
vn -0.6164 0.2632 0.7422
vn 0.9466 0.3218 0.0195
vn 0.9679 -0.0967 -0.2320
vn -0.5646 -0.8253 -0.0086
vn -0.3557 0.9214 0.1567
vn 0.9911 -0.0323 -0.1291
vn -0.2908 0.9479 0.1298
vn -0.5763 -0.0843 0.8129
vn -0.6644 0.3441 0.6635
vn 0.3179 0.5824 -0.7482
vn 0.6399 -0.6728 -0.3713
vn -0.2776 -0.2949 0.9143
vn -0.4675 0.8353 0.2893
vn 0.2675 -0.1568 -0.9507
vn 0.6513 -0.1863 -0.7356
vn 0.3330 -0.3543 0.8738
vn -0.9379 -0.0675 0.3403
vn 0.2181 0.3599 -0.9071
vn 0.3423 0.2994 -0.8906
vn 0.2780 -0.8804 0.3842
vn -0.8263 0.3655 0.4286
vn 0.4587 0.5159 -0.7235
vn 0.6066 0.3367 -0.7202
vn -0.5114 -0.8337 -0.2082
vn -0.8714 -0.4895 -0.0323
vn 0.6168 0.7583 0.2108
vn 0.8569 0.5105 0.0718
vn -0.1986 -0.9728 0.1195
vn -0.4338 0.2493 0.8658
vn 0.4887 0.6664 -0.5631
vn 0.4218 0.5373 -0.7303
vn 0.5000 -0.0075 0.8660
vn 0.2354 -0.0452 0.9709
vn -0.9585 -0.0452 -0.2816
vn 0.4997 -0.0381 -0.8654
vn 0.4996 -0.0414 0.8653
vn -0.5577 -0.0824 0.8259
vn -0.4364 -0.0824 -0.8960
vn 0.4996 -0.0414 -0.8653
vn -0.4085 -0.4600 -0.7884
vn -0.6958 -0.6871 -0.2094
vn 0.6156 0.5867 0.5262
vn 0.6655 0.6334 0.3948
vn -0.3132 -0.7168 -0.6230
vn -0.1590 -0.0263 0.9869
vn 0.3151 0.9059 -0.2830
vn 0.4703 -0.3391 -0.8148
vn 0.5001 0.0001 0.8660
vn -0.2069 -0.0094 0.9783
vn -0.7438 -0.0094 -0.6683
vn 0.4999 -0.0084 -0.8660
vn 0.5000 -0.0110 0.8660
vn -0.6591 -0.0215 0.7518
vn -0.3214 -0.0215 -0.9467
vn 0.4999 -0.0110 -0.8660
vn -0.5843 0.8105 0.0403
vn -0.9010 0.4038 0.1583
vn 0.2125 -0.9762 0.0444
vn 0.9707 0.0219 -0.2392
vn -0.4252 0.8816 0.2049
vn -0.8875 -0.3246 0.3272
vn 0.6165 -0.6554 -0.4364
vn 0.9680 -0.1401 -0.2080
vn -0.2489 0.6893 0.6803
vn -0.9332 -0.3589 0.0172
vn 0.7146 -0.4752 -0.5133
vn 0.8410 0.0301 -0.5402
vn -0.0735 0.6569 0.7504
vn -0.5824 -0.8093 0.0764
vn 0.6067 0.1435 -0.7819
vn 0.3087 -0.4058 -0.8602
vn -0.9896 0.1356 -0.0481
vn -0.4889 -0.1189 -0.8642
vn 0.9965 -0.0017 0.0833
vn 0.9388 0.0020 0.3445
vn -0.2948 0.2198 0.9299
vn 0.0307 -0.1846 0.9823
vn -0.8616 0.1165 -0.4940
vn 0.4950 -0.1404 -0.8575
vn 0.5000 0.0025 0.8660
vn -0.6243 0.0029 0.7812
vn -0.3643 0.0029 -0.9313
vn 0.4999 0.0002 -0.8661
vn 0.5000 -0.0014 0.8660
vn -0.8194 -0.0025 0.5732
vn -0.0868 -0.0025 -0.9962
vn 0.5000 -0.0014 -0.8660
vn -0.2538 -0.6039 0.7556
vn -0.3806 -0.9220 0.0707
vn -0.0109 -0.0086 -0.9999
vn 0.3436 0.9391 0.0074
vn 0.1006 -0.2109 0.9723
vn -0.5348 -0.8441 0.0378
vn -0.4050 0.6464 -0.6466
vn 0.5458 0.3142 -0.7768
vn 0.4528 -0.1131 0.8844
vn -0.8749 0.0461 0.4821
vn 0.0242 0.1948 -0.9805
vn 0.5401 -0.1575 -0.8268
vn 0.3899 -0.2966 0.8718
vn -0.7934 0.5962 0.1229
vn 0.2989 -0.2116 -0.9305
vn 0.4700 -0.3412 -0.8141
vn 0.2578 -0.8053 0.5339
vn -0.3525 -0.9324 0.0797
vn -0.5776 0.4980 -0.6468
vn 0.3554 0.9336 -0.0464
vn 0.3987 -0.5576 0.7281
vn -0.7790 -0.5319 0.3320
vn -0.2216 0.8224 -0.5239
vn 0.4136 0.4825 -0.7721
vn 0.4978 0.0322 0.8667
vn -0.7564 -0.0447 0.6526
vn -0.1872 0.0105 -0.9823
vn 0.5000 0.0133 -0.8659
vn 0.5000 0.0010 0.8660
vn -0.9183 0.0016 0.3959
vn 0.1163 0.0016 -0.9932
vn 0.5000 0.0010 -0.8660
vn -0.0677 -0.6961 0.7148
vn -0.0251 0.1829 0.9828
vn 0.0676 0.7521 -0.6556
vn 0.0037 -0.5569 -0.8306
vn -0.1212 -0.2906 0.9491
vn -0.0039 0.8851 0.4653
vn 0.1108 -0.0239 -0.9936
vn 0.0614 -0.8164 -0.5743
vn -0.1238 -0.4125 0.9025
vn 0.0218 0.9356 0.3525
vn -0.0428 -0.1424 -0.9889
vn 0.2528 -0.0190 -0.9673
vn 0.3694 -0.7234 0.5833
vn -0.6058 0.6778 0.4167
vn 0.2241 0.0658 -0.9723
vn -0.2437 0.6141 -0.7507
vn 0.0847 -0.8681 -0.4890
vn 0.5415 -0.6729 0.5040
vn -0.1856 0.9321 0.3111
vn -0.5322 0.2970 -0.7928
vn 0.4939 -0.8303 0.2582
vn 0.0829 0.3183 0.9444
vn -0.6697 0.4117 -0.6180
vn 0.4584 -0.3992 -0.7940
vn 0.5000 0.0021 0.8660
vn -0.6668 0.0029 0.7452
vn -0.3120 0.0029 -0.9501
vn 0.5000 0.0007 -0.8660
vn 0.5000 -0.0004 0.8660
vn -0.8469 -0.0007 0.5318
vn -0.0371 -0.0007 -0.9993
vn 0.5000 -0.0004 -0.8660
vn -0.7492 -0.5328 0.3936
vn -0.1924 -0.9692 0.1537
vn 0.8916 -0.0413 -0.4509
vn 0.1647 0.9713 -0.1717
vn -0.9095 -0.1002 0.4035
vn 0.0985 -0.9616 -0.2562
vn 0.7029 0.5629 -0.4349
vn 0.8085 0.5884 -0.0099
vn -0.5886 0.1717 0.7900
vn -0.1239 -0.9588 -0.2557
vn 0.7064 0.7024 -0.0872
vn 0.2866 0.0998 -0.9529
vn -0.0018 -0.9229 0.3850
vn -0.7729 0.5536 0.3102
vn 0.6070 0.4963 -0.6206
vn 0.3119 0.7815 -0.5404
vn -0.6648 0.7470 -0.0049
vn -0.9633 0.2483 0.1019
vn 0.1491 -0.9845 0.0926
vn 0.9815 0.0808 -0.1734
vn -0.4773 0.8744 -0.0870
vn -0.8707 -0.3418 0.3535
vn 0.7882 -0.6141 -0.0401
vn 0.9129 -0.2378 -0.3317
vn -0.4798 0.8717 -0.0998
vn -0.3693 -0.7639 0.5292
vn 0.6088 -0.2526 -0.7520
vn 0.4102 0.8570 0.3118
vn -0.1149 -0.7134 0.6913
vn -0.8788 0.2206 -0.4231
vn 0.8466 0.4639 -0.2609
vn 0.3579 0.6982 -0.6200
vn -0.9894 0.0979 0.1076
vn -0.9014 0.2650 -0.3423
vn 0.8341 0.1265 -0.5369
vn 0.9113 -0.1892 0.3658
vn -0.4627 0.0915 0.8818
vn -0.7444 0.5185 0.4208
vn 0.0658 -0.5666 -0.8213
vn 0.7717 -0.0310 -0.6353
vn 0.0068 0.2459 0.9693
vn -0.9812 -0.1404 0.1323
vn 0.3981 -0.1320 -0.9078
vn 0.9018 0.0494 -0.4294
vn 0.0091 -0.1532 0.9881
vn -0.9625 0.0542 -0.2657
vn 0.7166 0.1018 -0.6901
vn 0.4961 0.1258 -0.8591
vn 0.2829 -0.5630 0.7765
vn 0.3573 -0.2343 0.9041
vn -0.0475 0.9424 -0.3312
vn -0.3546 -0.1150 -0.9279
vn 0.2537 -0.8840 0.3928
vn 0.4753 0.1930 0.8584
vn -0.4500 0.7550 -0.4770
vn -0.3461 0.3101 -0.8855
vn 0.5358 -0.8278 0.1663
vn 0.0499 0.2723 0.9609
vn -0.5553 0.5369 -0.6351
vn -0.0070 0.0392 -0.9992
vn 0.7482 -0.4780 0.4602
vn -0.8101 0.2006 0.5509
vn 0.0054 0.2990 -0.9542
vn 0.1567 0.2321 -0.9600
vn -0.8384 -0.3510 0.4171
vn -0.3761 0.3984 0.8365
vn 0.7341 0.6745 0.0789
vn 0.2100 -0.5822 -0.7855
vn -0.9391 -0.3317 0.0905
vn 0.0537 0.7141 0.6980
vn 0.7595 -0.5518 -0.3444
vn 0.6626 0.3143 -0.6798
vn -0.8816 0.4699 -0.0451
vn -0.4297 -0.7731 0.4666
vn 0.9563 -0.0412 -0.2894
vn 0.9936 0.0320 -0.1085
vn -0.5236 0.8515 0.0298
vn -0.4639 -0.8859 -0.0012
vn 0.9976 -0.0550 -0.0423
vn 0.0055 -0.9999 -0.0094
vn -0.9819 0.1401 -0.1277
vn -0.8786 -0.0401 0.4759
vn 0.8559 -0.2398 0.4581
vn 0.4255 0.1728 -0.8883
vn -0.9235 0.3761 -0.0759
vn -0.0199 -0.2137 0.9767
vn 0.7500 -0.3621 -0.5535
vn 0.6749 0.2157 -0.7057
vn -0.1891 0.6621 0.7252
vn -0.5342 -0.7035 0.4688
vn 0.3992 -0.0925 -0.9122
vn 0.4771 -0.2990 -0.8264
vn 0.5000 0.0028 0.8660
vn -0.9754 0.0038 0.2204
vn 0.2968 0.0038 -0.9549
vn 0.5000 0.0028 -0.8660
vn -0.4456 0.2859 0.8484
vn 0.1007 0.2447 0.9644
vn 0.7201 -0.3024 -0.6245
vn -0.4778 -0.1999 -0.8554
vn -0.4794 0.4875 0.7297
vn 0.7764 0.2299 0.5868
vn 0.1399 -0.5901 -0.7951
vn -0.4362 -0.3567 -0.8261
vn -0.2533 0.9173 0.3073
vn 0.8614 0.0425 0.5062
vn -0.1983 -0.7880 -0.5829
vn -0.6664 -0.6052 -0.4355
vn -0.1879 0.9817 -0.0321
vn 0.9485 -0.3026 0.0932
vn -0.7355 -0.6767 -0.0323
vn -0.9942 0.0855 -0.0652
vn -0.4667 0.7579 0.4558
vn -0.3139 0.0634 0.9473
vn 0.4551 -0.8400 -0.2956
vn 0.1338 0.2964 -0.9456
vn -0.4789 0.5157 0.7104
vn -0.0316 -0.7093 0.7042
vn 0.3592 -0.2350 -0.9032
vn 0.0692 0.7237 -0.6867
vn -0.4471 0.0761 0.8912
vn -0.0189 -0.9987 0.0479
vn 0.2993 0.4396 -0.8469
vn 0.2461 0.9361 -0.2513
vn -0.3138 -0.1439 0.9385
vn -0.1860 -0.6796 -0.7096
vn 0.4822 0.8439 -0.2351
vn 0.4775 0.6442 -0.5975
vn 0.2620 0.8785 0.3995
vn -0.2829 0.7164 0.6378
vn -0.5132 -0.8215 -0.2484
vn 0.5916 -0.4262 -0.6844
vn 0.3400 0.7539 0.5623
vn -0.7374 0.0501 0.6736
vn -0.1093 -0.5857 -0.8032
vn 0.5776 -0.3730 -0.7261
vn 0.4342 0.2166 0.8744
vn -0.8932 0.1748 0.4144
vn 0.0688 -0.2836 -0.9565
vn 0.4789 -0.1808 -0.8590
vn 0.5110 0.0085 0.8595
vn -0.9984 0.0090 0.0551
vn 0.4476 0.0088 -0.8942
vn -0.0550 -0.0014 -0.9985
vn 0.8428 0.3680 0.3928
vn 0.2925 0.9559 0.0262
vn -0.8817 -0.1206 -0.4562
vn 0.0681 -0.9887 0.1337
vn 0.7370 0.6094 0.2923
vn -0.2785 0.8210 -0.4984
vn -0.4222 -0.8791 -0.2211
vn 0.1101 -0.7643 0.6353
vn 0.6688 0.7413 0.0567
vn -0.2449 0.2256 -0.9429
vn -0.4985 -0.7399 0.4517
vn 0.0826 -0.6255 0.7759
vn 0.8107 0.5260 -0.2569
vn -0.8815 0.2098 -0.4230
vn 0.0765 -0.7492 0.6579
vn 0.4679 -0.6138 0.6359
vn -0.0358 -0.1236 0.9917
vn 0.2344 0.4499 0.8618
vn 0.2160 0.4362 -0.8736
vn -0.3390 -0.7564 -0.5595
vn -0.1486 -0.0540 0.9874
vn 0.4156 0.8629 0.2875
vn 0.1468 -0.3259 -0.9339
vn -0.4503 -0.6530 -0.6089
vn -0.3826 0.0256 0.9236
vn 0.8111 0.5178 0.2719
vn -0.0929 -0.2617 -0.9607
vn -0.3338 -0.5317 -0.7784
vn -0.1971 -0.3717 0.9072
vn 0.5059 0.8489 -0.1529
vn -0.3086 -0.5272 -0.7917
vn -0.4639 -0.8327 0.3025
v 7.6856 71.8270 14.7148
v 8.9400 71.7430 14.2615
v 9.4332 76.1633 14.2763
v 8.5581 70.5725 12.1932
v 8.8118 70.2363 11.9546
v 9.8762 70.1214 12.0726
v 10.2573 71.8634 13.6550
v 10.7571 75.9032 13.9978
v 10.3115 76.5291 14.1498
v 11.5806 71.0385 13.6325
v 11.3881 70.1597 12.8467
v 11.9798 70.6043 13.7405
v 11.9093 73.7947 13.7970
v 9.4765 66.6333 10.6078
v 10.1707 68.2096 11.4580
v 8.5926 70.9650 12.1808
v 11.3692 70.5601 10.0352
v 11.6987 70.9361 10.1139
v 12.0921 71.4555 11.0796
v 10.8721 70.1853 12.3003
v 9.3086 72.2187 13.1651
v 8.8290 71.9998 12.8980
v 11.7039 70.7247 13.3727
v 12.3140 71.3454 12.7629
v 11.9798 70.6043 13.7405
v 10.6620 72.2127 13.9181
v 14.6487 73.8164 10.6312
v 13.7123 73.0875 11.5148
v 12.0991 71.8590 10.1655
v 13.2089 77.1687 12.3065
v 13.0394 77.3116 12.6442
v 12.5200 75.8579 13.2689
v 12.5980 72.5117 12.4024
v 11.2669 70.7791 11.1051
v 11.4147 70.9702 10.5739
v 12.0702 71.0823 13.4781
v 12.0375 72.7497 13.9116
v 12.0268 70.4847 13.8388
v 11.1330 70.0310 12.6055
v 11.3629 78.6883 15.7408
v 11.4304 76.3672 15.0147
v 12.0591 78.0672 13.0891
v 9.3075 75.4117 14.8626
v 9.1581 74.6957 14.7830
v 9.6639 72.9256 14.3735
v 11.4037 73.9901 14.1227
v 12.2939 75.6095 12.4643
v 12.3191 76.7682 12.4895
v 11.8146 71.3270 13.8120
v 10.9481 70.7959 13.9434
v 12.0241 70.4697 13.8329
v 12.3546 72.4212 12.6601
v 8.5949 67.1434 9.8803
v 9.2884 69.4603 10.5290
v 7.4827 72.7074 10.7480
v 10.6496 70.9847 8.7061
v 11.0015 71.4623 8.7388
v 11.3728 72.7362 9.6725
v 9.9850 72.1877 11.1026
v 8.1970 74.7877 11.5914
v 7.6889 74.3236 11.3297
v 10.8307 73.5989 12.1631
v 11.5249 73.8586 11.4510
v 11.1145 73.7645 12.5777
v 9.6392 75.4475 12.4342
v 13.4779 72.0860 8.3886
v 12.6193 72.8526 9.5168
v 10.4924 71.2780 8.7078
v 12.6629 77.7936 9.2859
v 12.5743 78.3716 9.5899
v 12.0268 77.9468 10.6119
v 11.5885 73.8723 10.6282
v 9.7223 71.7098 9.9681
v 9.7765 71.2619 9.3961
v 11.1365 73.9341 12.0761
v 11.3619 75.9624 12.0689
v 11.1145 73.7645 12.5777
v 9.8481 72.6116 11.6072
v 12.0863 83.5119 12.1911
v 11.6653 80.5987 12.1531
v 12.2794 79.4037 9.9071
v 9.2935 81.2163 12.1896
v 9.0110 80.6132 12.3063
v 9.1824 78.2080 12.4304
v 11.1113 77.5189 11.9715
v 12.0254 76.3583 10.0082
v 12.2423 77.3819 9.7137
v 11.0566 74.5177 12.4303
v 10.0969 74.8676 12.6652
v 11.1382 73.6306 12.6943
v 11.6058 73.7448 11.0719
v 6.3474 74.9496 13.2778
v 7.7489 74.6563 12.8751
v 8.1184 79.0840 11.8399
v 7.4978 71.3156 11.1246
v 7.8021 70.7942 10.9757
v 8.9633 71.0184 11.1364
v 9.2203 74.4181 12.2746
v 9.5922 78.8123 11.6516
v 9.0722 79.4888 11.6432
v 10.7000 73.8579 12.4720
v 10.5694 72.1556 11.9101
v 11.1467 73.6259 12.6883
v 10.9445 76.7822 11.9789
v 11.7028 69.6225 7.0136
v 12.3866 73.3356 7.2148
v 11.6665 73.8361 8.2982
v 10.7038 70.2839 7.5167
v 9.1896 72.1970 9.9183
v 10.3389 74.8138 10.4877
v 9.7316 75.2439 11.0668
v 8.8157 74.2875 10.4518
v 11.4703 73.9803 8.6877
v 10.4383 70.4624 7.7916
v 10.9449 74.3625 9.5311
v 11.1617 79.3570 8.7324
v 10.2759 79.2350 9.7998
v 14.2233 72.1377 6.1734
v 13.2717 72.7616 6.5799
v 12.7065 69.7860 6.3430
v 9.4659 78.5154 10.3763
v 9.7368 70.9419 8.6422
v 13.6201 75.7523 6.2299
v 13.0323 77.7969 6.9926
v 12.2465 78.9421 7.7453
v 12.0111 79.2882 8.0040
v 4.9105 71.4238 9.6419
v 6.4175 69.3979 8.8026
v 7.3082 71.2704 9.3973
v 5.6374 73.4266 9.9415
v 7.7605 77.0672 10.6838
v 9.0970 74.4688 10.5932
v 9.6416 75.7780 10.8115
v 8.9038 77.6789 10.4417
v 7.6138 71.7910 9.6289
v 5.8984 74.0091 10.0837
v 8.3048 73.0845 10.0894
v 9.6711 71.8807 8.0608
v 10.3549 73.9051 8.8288
v 5.2653 65.2022 8.6182
v 5.7802 67.2684 8.6011
v 4.4985 69.0107 9.1708
v 10.4618 75.7799 9.3277
v 6.5680 75.6768 10.3532
v 6.6932 66.3336 7.5926
v 7.9683 67.7186 7.5416
v 8.8168 69.5210 7.5126
v 9.1051 70.0342 7.5489
v 7.8556 66.9558 8.2593
v 9.7325 68.2745 7.8724
v 9.7302 70.3066 8.8173
v 7.5851 69.1339 8.7045
v 8.0769 73.8907 10.7630
v 9.8986 74.1267 10.6698
v 9.8300 75.6238 11.1335
v 8.6601 76.0742 10.8352
v 9.7701 70.9135 9.1555
v 7.5788 69.7823 8.9753
v 9.8173 72.4172 9.8746
v 11.1452 74.8925 8.0605
v 10.9501 76.6825 9.1840
v 10.3477 64.1070 7.0171
v 10.0026 66.1801 7.3278
v 8.5329 65.0627 7.7857
v 10.3854 77.7508 9.8868
v 7.5955 71.5782 9.7955
v 10.9636 67.4303 6.4411
v 11.3926 70.0891 6.7938
v 11.3441 72.5011 7.0897
v 11.3672 73.2267 7.2365
v 11.4336 84.5965 7.6716
v 9.9637 85.4142 8.9201
v 9.9412 82.6556 9.5178
v 11.2207 81.9799 7.8945
v 10.7515 76.0758 8.9973
v 10.0166 77.3293 10.6312
v 9.9329 75.4216 10.8539
v 9.9066 74.5783 9.6629
v 9.9678 81.7845 9.7399
v 11.1895 81.1213 8.0019
v 9.9567 79.7229 10.1245
v 7.2636 80.9243 10.6705
v 7.5938 77.8897 11.0041
v 10.5979 90.2384 8.7236
v 10.2380 87.9091 8.7021
v 11.3396 87.3317 7.6307
v 8.0119 75.6665 10.8713
v 11.0691 78.7402 8.2423
v 8.6637 88.8683 9.3277
v 7.7752 86.7016 10.0787
v 7.2898 84.2394 10.4193
v 7.1666 83.4569 10.5428
v 4.3550 74.1024 10.6378
v 5.5455 73.5792 10.2433
v 6.3899 77.2854 11.0903
v 4.9767 77.9584 11.0599
v 8.6354 72.8047 9.9864
v 9.7659 74.1624 9.8879
v 10.0192 75.3353 10.9892
v 9.1083 75.7983 11.1594
v 5.9299 73.3809 10.1214
v 6.8485 77.0418 11.1418
v 7.8841 76.5006 11.1128
v 9.5651 80.5421 10.3940
v 8.2211 82.1051 10.4599
v 2.8100 78.7140 11.9701
v 3.2575 75.3801 10.9934
v 3.8152 78.3677 11.4092
v 10.3219 78.8104 10.1280
v 7.0310 72.8162 9.8311
v 5.4608 83.1282 11.1626
v 4.0385 81.9381 11.3246
v 7.1405 83.2073 10.7226
v 6.7323 83.2181 10.8090
v 8.9266 85.5003 3.3404
v 7.7143 87.7786 5.1251
v 7.7732 85.0143 6.1216
v 8.4013 82.8089 3.7689
v 8.2068 77.0739 6.3038
v 7.9757 79.7105 8.1603
v 7.8135 77.7668 8.6887
v 7.3794 76.1397 7.4813
v 7.8442 84.1543 6.4849
v 8.3483 81.9318 4.0168
v 7.9122 82.0807 7.2682
v 5.2400 84.7721 8.4551
v 5.4858 81.4888 9.1542
v 8.5994 92.8655 4.2345
v 8.0566 90.3840 4.5719
v 8.9718 88.6063 3.0653
v 5.7409 78.7914 9.1888
v 8.2818 79.4726 4.7916
v 6.6534 92.3468 5.4677
v 5.8750 90.6487 6.7808
v 5.3972 88.2799 7.6887
v 5.2733 87.5330 7.9931
v 6.0988 67.4251 4.4954
v 7.3130 71.3151 3.3873
v 7.3007 73.1418 4.9123
v 5.7555 69.2513 5.7433
v 5.6836 74.1735 8.4333
v 7.5347 76.6655 7.7651
v 7.3615 77.9920 8.6224
v 5.8643 77.2190 8.7710
v 7.3695 73.7057 5.4156
v 5.7164 69.8320 6.1726
v 7.4324 75.0835 6.5381
v 7.4543 80.2323 4.5773
v 7.3694 81.4261 6.2617
v 8.5064 67.8248 1.2996
v 7.8235 69.5482 2.2107
v 6.6923 66.4107 3.0246
v 6.8768 81.5743 7.4669
v 5.4774 71.4766 7.2493
v 8.1138 72.5555 1.1782
v 8.1293 75.8793 2.0251
v 7.7386 78.3106 2.9239
v 7.6801 79.0581 3.2356
v 8.8653 74.6003 2.3813
v 9.0245 79.6681 3.0639
v 8.6787 79.0936 4.7160
v 7.9981 74.0262 3.5390
v 7.3595 73.9931 7.4082
v 8.1685 78.3198 7.9444
v 7.7334 78.0115 8.9232
v 6.7149 75.7992 8.4674
v 8.6319 78.9500 5.2742
v 7.8657 73.8657 4.0356
v 8.4146 78.6136 6.5298
v 6.8616 84.3679 6.1412
v 6.6347 83.0853 7.8141
v 10.7338 80.9933 0.8744
v 9.7912 80.3770 1.8440
v 9.8019 76.2085 1.4236
v 6.2794 81.2593 8.7110
v 7.5609 73.4177 5.4872
v 9.1805 83.9121 1.7608
v 8.4098 85.1646 3.2174
v 7.4614 85.3294 4.3876
v 7.2321 85.3983 4.8050
v 2.3221 87.9539 9.5035
v 1.9366 83.3685 10.5542
v 3.5619 81.9236 10.0746
v 3.5472 86.5425 8.6683
v 6.6906 82.6921 7.3520
v 6.7383 79.4521 9.1453
v 7.7073 78.5170 8.6141
v 7.3393 79.6135 7.1682
v 4.1139 81.5060 9.9645
v 3.9912 86.1280 8.4379
v 5.2930 80.5107 9.5493
v 3.6397 74.0400 9.7231
v 5.4162 73.6343 8.9948
v -0.0594 86.2754 12.3671
v 0.8032 84.8833 11.3664
v 0.9914 88.4851 10.4644
v 6.5773 74.1737 8.1578
v 5.1686 84.9678 7.7348
v -0.0905 80.8133 11.8530
v 0.8950 77.3658 11.4854
v 1.9766 75.2361 10.7390
v 2.3465 74.6128 10.5252
v 5.1920 65.6940 6.2758
v 5.8240 68.7327 6.0578
v 5.1026 70.6318 8.4952
v 4.0184 67.6122 8.3039
v 7.6737 75.8854 6.4331
v 7.5947 78.9268 7.1825
v 7.8772 78.5359 8.7345
v 7.2831 76.3786 8.8010
v 6.0449 69.7000 5.9815
v 5.4919 71.5573 8.5870
v 6.2765 73.8167 8.6609
v 4.8752 79.5154 9.9957
v 3.4796 76.7704 10.2495
v 3.0779 61.8098 8.8079
v 4.2395 63.1050 6.7679
v 3.4260 64.6626 8.4452
v 5.9093 81.1072 9.3174
v 6.7129 72.4043 5.8197
v 1.9696 69.9203 10.4841
v 1.8549 66.1821 9.7717
v 2.5588 74.2821 10.5931
v 2.3891 73.2536 10.5586
v 9.9879 71.1283 -0.1215
v 9.6221 77.5431 -0.3756
v 8.5664 77.8778 1.4847
v 8.3941 70.8851 0.8793
v 5.8746 72.8868 4.8970
v 6.6267 78.6992 5.2128
v 5.6862 78.7716 6.2509
v 4.6484 75.6286 5.6268
v 8.2891 78.0422 2.1401
v 7.9896 70.9179 1.3686
v 7.5200 78.3455 3.5795
v 5.8769 85.2040 1.7363
v 4.8123 84.3977 3.6813
v 12.5291 77.9389 -2.4018
v 11.0030 77.6505 -1.5630
v 11.2610 72.4340 -1.4745
v 4.0062 82.5370 4.8902
v 6.9351 71.0969 2.8573
v 10.3482 82.1728 -2.5232
v 8.8669 84.6777 -1.3675
v 7.4336 85.6055 -0.0798
v 7.0078 85.9098 0.3582
v 0.0324 65.1413 5.7086
v 2.8039 64.0020 4.1785
v 3.4656 68.3882 4.6824
v 0.3716 69.2691 5.7764
v 2.1566 78.1149 5.9935
v 5.0019 76.4036 5.7549
v 5.3255 79.2217 5.8158
v 3.5237 80.5480 5.2342
v 3.7414 69.7391 4.9115
v 0.5485 70.5808 5.8698
v 4.3134 72.9164 5.3175
v 6.4139 71.9402 1.8571
v 6.7499 76.3427 2.6760
v 2.6833 56.2083 4.6373
v 2.6528 59.8957 4.2548
v 0.2682 60.7966 5.3259
v 6.2821 79.4838 3.2420
v 0.9252 74.1282 5.9402
v 4.1534 59.2883 2.5056
v 5.4503 63.1401 1.9326
v 5.9899 66.9511 1.4675
v 6.2162 68.1364 1.3930
v 5.6721 62.3659 3.1791
v 7.8023 66.8119 1.9168
v 7.1843 70.3049 3.2024
v 4.5483 65.3295 3.7317
v 3.7874 74.1564 6.3626
v 6.2790 77.1828 5.6928
v 5.6957 79.5015 6.2903
v 3.8234 78.1718 6.0907
v 7.0654 71.4465 3.6641
v 4.3388 66.4154 4.0948
v 6.6805 74.1182 4.6335
v 7.4023 78.4254 1.1409
v 6.6243 81.4029 2.7873
v 10.0912 61.2868 0.8274
v 8.8807 63.9003 1.1983
v 7.2658 60.4014 2.4410
v 5.5268 82.5232 3.9434
v 3.8172 69.5208 5.2023
v 9.6625 66.5342 -0.5983
v 9.3438 71.1735 -0.4333
v 8.4286 74.7048 -0.2021
v 8.2150 75.8622 -0.0514
v 4.1851 92.3190 -0.5622
v 1.9690 92.0774 1.7314
v 3.0370 88.5396 2.9706
v 4.8770 88.4465 0.1209
v 6.5388 80.1217 2.6089
v 5.2624 81.8618 5.2666
v 5.8771 79.1864 5.8404
v 5.9819 77.1676 4.0493
v 3.4269 87.4956 3.4056
v 5.1639 87.2568 0.3888
v 4.2244 84.8193 4.2319
v 0.0278 82.8061 5.7073
v 1.6619 79.2371 6.4606
v 1.0674 99.7245 0.7457
v 1.4099 95.8741 1.0520
v 3.0384 96.0156 -0.8854
v 3.0564 76.6395 6.3672
v 5.9031 83.8683 1.0497
v -1.0946 95.2628 2.3730
v -1.4550 91.3535 4.0301
v -1.1910 87.3648 4.9579
v -1.0606 86.1544 5.2684
v -1.6033 68.7453 7.1590
v 0.2273 69.5451 6.2635
v 0.1838 76.6197 6.9889
v -2.0789 75.4139 7.2569
v 4.8721 72.9526 5.0931
v 5.9667 76.5158 4.4873
v 6.0507 79.2843 6.0401
v 4.6085 78.6740 6.5104
v 0.8299 69.7655 5.9861
v 0.9331 77.0028 6.9705
v 2.6016 77.7847 6.6980
v 3.4038 85.5631 4.6806
v 0.9255 85.7834 4.9895
v -5.3112 73.8073 9.2115
v -3.5849 69.1266 7.8891
v -3.8327 74.4671 8.0847
v 5.0804 84.0842 4.2326
v 2.5634 70.4405 5.2843
v -3.2789 83.5202 6.7499
v -4.8415 79.7948 7.5187
v -0.9806 85.8808 5.5862
v -1.5530 85.3361 5.8333
v 6.7886 62.5380 -1.6938
v 7.3283 69.4441 -3.3595
v 6.2809 72.2013 -1.4066
v 4.9708 64.2480 -0.6103
v 2.6266 71.7364 3.3227
v 4.4090 77.7717 2.4848
v 3.3996 79.4209 3.5794
v 1.6732 76.1635 3.4899
v 6.0288 73.1597 -0.7232
v 4.5397 64.9981 -0.0920
v 5.2805 75.3090 0.7810
v 4.2993 82.0925 -2.8284
v 3.0729 83.7063 -0.5392
v 10.6231 66.0906 -5.5503
v 8.8659 67.5595 -4.6348
v 8.3732 61.8619 -3.4148
v 1.9352 83.3441 1.1642
v 3.4447 67.2484 1.4780
v 8.7332 71.9800 -6.7054
v 7.4766 76.7102 -6.0253
v 6.0434 79.8338 -4.8602
v 5.6257 80.8431 -4.4581
v -5.2782 68.0335 5.5503
v -2.3418 63.5723 4.2329
v -0.8696 68.3064 3.9031
v -4.2490 72.3066 4.7693
v -0.8115 80.8261 3.2347
v 2.2102 76.8784 3.4885
v 3.0207 79.7477 2.9767
v 1.0947 81.8405 1.9444
v -0.3277 69.7839 3.8883
v -3.8370 73.6841 4.6053
v 0.8490 73.1890 3.7004
v 2.9018 67.5893 0.1505
v 4.0201 72.8445 0.1518
v -3.6427 55.6938 6.3932
v -3.1399 59.3288 5.1811
v -5.6951 62.8581 6.0567
v 3.9963 77.0475 0.0931
v -2.8528 77.3108 3.9525
v -1.6108 56.0841 3.4351
v 0.4436 58.8399 2.0485
v 1.6207 62.1535 0.7493
v 2.0594 63.2092 0.4270
v 0.6666 58.9966 3.6204
v 3.7316 61.2090 1.3823
v 3.6360 66.5461 2.0461
v -0.1461 63.4327 3.5479
v 0.4993 75.8241 4.5781
v 3.8063 76.8105 3.3246
v 3.5249 80.2350 3.4691
v 1.1367 79.8681 3.4239
v 3.7038 68.2730 2.3141
v -0.1984 65.0699 3.7123
v 3.7316 72.2841 2.8111
v 4.9914 73.2501 -1.9722
v 4.6558 78.4682 -0.8040
v 5.4673 52.7564 1.4620
v 4.4884 56.7078 1.2555
v 2.1645 55.1532 3.2993
v 3.6325 81.4556 0.1915
v -0.2535 69.7641 4.2644
v 5.6764 57.3815 -1.2710
v 6.0275 62.7303 -2.0883
v 5.5219 67.3448 -2.6293
v 5.4614 68.8681 -2.7180
v 3.2703 88.7687 -7.0047
v 0.8184 92.0725 -4.5089
v 1.5995 88.6901 -2.3119
v 3.5265 84.7694 -5.3801
v 4.3486 76.9854 -0.7367
v 3.3141 82.1267 1.7984
v 3.6566 79.3656 3.0423
v 3.3484 75.4934 1.4715
v 1.9215 87.7054 -1.5819
v 3.6954 83.5442 -4.8119
v 2.4928 85.0521 -0.0449
v -2.5821 87.0221 1.8010
v -1.1820 82.7868 3.4921
v 0.8758 99.9925 -7.2846
v 0.7048 95.9056 -6.1059
v 2.4841 93.2092 -8.2143
v 0.0316 78.9829 4.0160
v 4.0791 80.0135 -3.3122
v -2.2039 98.1172 -4.6364
v -3.1078 95.6655 -1.9720
v -3.3489 92.0487 -0.0726
v -3.3619 90.9441 0.5390
v -6.5259 74.3164 6.3185
v -4.3413 73.1433 5.2480
v -3.2607 81.4375 4.5568
v -6.0510 81.8894 4.9870
v 1.4873 72.6521 3.4726
v 3.2607 75.2022 2.0992
v 3.8864 79.5376 3.2548
v 2.1523 80.2688 3.8307
v -3.6275 72.7269 4.9242
v -2.3344 81.3343 4.4964
v -0.2983 80.8176 4.1180
v 1.6852 86.8059 0.2540
v -1.1342 88.9712 0.4157
v -9.9130 84.0924 7.3366
v -8.7163 76.7088 6.9451
v -8.1737 82.7919 6.0173
v 3.3731 83.6937 0.1593
v -1.5613 71.6605 4.0915
v -6.2371 90.9376 2.6332
v -8.5670 88.6726 4.1975
v -3.2894 90.8866 0.9572
v -4.0198 90.9068 1.3177
v 2.7245 58.2925 0.1943
v 4.0903 62.5973 -2.6272
v 3.3386 67.2307 -1.5636
v 1.1280 61.5446 0.5888
v -0.3907 72.6703 2.3098
v 2.0582 76.4389 0.5680
v 1.2388 79.3057 1.0888
v -0.8099 77.1027 1.4436
v 3.1858 68.7980 -1.1754
v 0.7820 62.8553 0.8477
v 2.6664 72.3644 -0.3538
v 2.5952 75.4386 -5.0932
v 1.5286 79.4523 -3.5196
v 6.9610 56.2740 -3.4948
v 5.4000 59.1366 -3.1949
v 4.2314 55.4649 -1.0117
v 0.3362 81.1653 -2.0623
v -0.0640 66.7167 1.6633
v 5.8377 61.1812 -5.9651
v 5.1452 66.4738 -6.4706
v 4.0827 70.8751 -6.2386
v 3.7828 72.3014 -6.1348
v -8.5502 74.7995 4.0412
v -6.1790 68.4520 4.1360
v -4.1952 71.6745 3.0736
v -7.0371 77.3956 2.6093
v -2.6765 82.0056 -0.0469
v -0.2062 77.5001 1.3672
v 0.9253 79.2043 0.4324
v -0.6743 80.9138 -1.1658
v -3.4985 72.7255 2.8318
v -6.4739 78.2784 2.2370
v -1.9586 75.0383 2.1271
v -0.5153 66.0383 0.3316
v 1.1761 70.1679 -0.5840
v -8.4092 64.0678 7.5004
v -7.4690 65.9360 5.7420
v -9.5656 70.9044 5.4874
v 1.6394 73.8052 -1.4883
v -5.0826 80.4440 1.0449
v -6.3115 60.8599 5.0248
v -3.9620 61.1428 3.4869
v -2.4020 62.3650 1.8021
v -1.8456 62.8106 1.3558
v -3.7704 62.6146 4.8967
v -0.4796 61.2197 2.8334
v 0.0251 66.5372 2.3403
v -4.0455 66.7775 3.8314
v -2.0180 78.2918 2.3389
v 1.3394 76.6159 1.4391
v 1.4574 79.8653 0.8415
v -0.9014 80.5140 0.5674
v 0.2828 68.2644 2.2413
v -3.9119 68.3828 3.6419
v 0.7589 72.2170 1.8818
v 2.2235 68.1808 -2.4497
v 2.4678 73.9544 -2.4964
v 0.2278 53.1553 4.8348
v -0.2608 56.8423 3.7256
v -2.7513 58.3229 5.5768
v 1.7921 77.9088 -2.3366
v -3.4390 73.0186 3.1834
v 1.0388 54.6323 1.4720
v 2.0188 58.4246 -0.2970
v 2.0752 62.1876 -1.7799
v 2.1946 63.4665 -2.1748
v 2.4806 77.9237 -10.3266
v 0.4140 84.1239 -9.0663
v 0.7219 82.8286 -6.3085
v 2.2236 75.7900 -8.0263
v 1.9969 72.8472 -2.1761
v 1.5167 80.0921 -1.0690
v 1.4966 78.6602 0.6504
v 0.7937 73.9717 -0.0193
v 0.9009 82.4937 -5.4123
v 2.2307 75.1622 -7.2466
v 1.1073 81.3257 -3.4218
v -3.6411 86.8776 -2.8141
v -2.8169 84.1135 -0.2591
v 1.4590 88.5115 -13.1522
v 0.7894 86.0767 -11.2899
v 2.2628 81.0453 -12.4113
v -2.0922 80.7449 1.1358
v 2.1548 73.2714 -5.1367
v -1.8185 90.5808 -10.7903
v -3.0512 91.2387 -8.0174
v -3.7543 89.9005 -5.6114
v -3.9110 89.4948 -4.8404
v -9.0574 81.5281 3.3027
v -7.0433 78.6027 2.8588
v -5.0191 84.7799 0.7024
v -7.6866 86.7481 0.6385
v -1.3949 74.0907 2.1129
v 0.6578 74.3245 0.5923
v 1.7336 78.9067 0.8363
v 0.1193 80.8047 0.9829
v -6.3897 77.6414 2.7437
v -4.1303 84.2425 0.7882
v -2.2036 82.5840 0.8147
v 0.5177 83.4752 -3.6112
v -1.9732 86.7119 -4.2661
v -11.2448 92.4484 1.8080
v -10.9243 85.1200 3.1007
v -9.6707 89.3737 1.1089
v 1.7994 79.9492 -2.8507
v -4.4848 75.0758 2.4767
v -6.7593 92.6103 -3.3274
v -9.3244 93.0354 -1.7643
v -3.8587 89.7939 -4.4437
v -4.5751 90.4486 -4.2178
v -9.8261 63.5377 1.9920
v -6.0689 59.5819 1.8909
v -4.6842 64.5355 1.0058
v -9.0915 66.8180 0.1351
v -5.2873 76.9194 -2.0030
v -1.8612 74.3147 -0.5258
v -1.0739 77.2735 -1.4906
v -3.0074 77.7667 -3.2382
v -4.1910 66.2197 0.8218
v -8.7303 68.1986 -0.2687
v -3.1045 70.0105 0.2029
v 0.4129 62.2558 -1.9618
v 1.1665 68.0412 -2.9162
v -7.5385 53.1134 5.2226
v -6.9282 55.9802 3.4096
v -10.0340 58.9113 3.4092
v 0.8634 72.4225 -3.7942
v -7.6257 72.2896 -1.2595
v -4.5807 51.3541 2.6130
v -2.1664 53.5091 1.1357
v -0.6309 56.8295 -0.3540
v -0.1298 57.9415 -0.7801
v -8.0965 85.3568 -10.0276
v -10.1932 81.0271 -6.8527
v -7.4958 79.7018 -5.5452
v -5.6967 83.1827 -9.2758
v -0.7656 78.3063 -6.2525
v -2.5665 77.5426 -2.6855
v -0.9424 76.0605 -2.0472
v -0.0280 74.5492 -4.4791
v -6.6446 79.4546 -5.0285
v -4.9140 82.6485 -8.9274
v -4.6916 78.5639 -3.9486
v -7.5089 69.4882 -2.1465
v -4.5664 69.0790 -1.1851
v -14.5500 86.4288 -7.4353
v -12.5516 83.4852 -7.3179
v -10.9185 86.6287 -10.1186
v -2.3104 69.0083 -1.4359
v -2.8654 80.7787 -8.1659
v -14.1460 78.7928 -5.8368
v -12.4576 74.7741 -4.0088
v -10.5614 71.3384 -3.1533
v -9.9500 70.4262 -2.7920
v -12.3391 78.2783 -3.4474
v -10.8418 71.8710 -0.6591
v -7.9790 73.4992 -0.8968
v -10.0412 78.5170 -4.5783
v -3.3063 80.7560 -4.2841
v -2.4356 76.4829 -0.9650
v -0.6239 76.9778 -1.4170
v -1.0735 77.8926 -4.0277
v -7.0419 74.1054 -0.8544
v -9.1657 78.9365 -4.6845
v -4.8797 75.2822 -0.9240
v -4.2605 63.8065 -0.5787
v -1.4834 66.6904 -0.9695
v -15.2009 71.2024 1.6889
v -13.1820 71.1994 0.3725
v -14.2488 76.8529 -1.6762
v 0.0210 69.4453 -2.0376
v -6.6448 80.2834 -4.8684
v -12.7119 64.9162 1.1199
v -9.8058 62.9634 1.0659
v -7.3828 62.0001 0.1661
v -6.5711 61.8425 0.0044
v 3.8636 53.2225 -4.2909
v 5.3976 60.0273 -6.6323
v 3.6773 64.6783 -5.1506
v 1.7524 56.7803 -3.4720
v -2.3123 66.9573 -1.2176
v 0.3591 73.2681 -2.0889
v -1.0801 75.9335 -1.3167
v -3.2046 72.4209 -1.7834
v 3.1870 66.1986 -4.5968
v 1.1157 57.9929 -3.1075
v 1.8319 69.4381 -3.5185
v 2.3677 75.8620 -8.8043
v 0.2509 79.0790 -6.7049
v 9.6411 53.7501 -7.5430
v 7.4347 56.4694 -7.2805
v 6.1588 50.8471 -5.6277
v -1.6618 79.7098 -5.0730
v -0.7311 61.2162 -2.1983
v 8.3264 61.1069 -10.2799
v 6.9316 67.5611 -10.5972
v 4.9754 71.9658 -10.2866
v 4.3845 73.3572 -10.1187
v -4.8462 87.7295 -11.5554
v -5.2534 84.3287 -9.3205
v -0.6864 82.3891 -8.6973
v -0.7351 84.5748 -11.6923
v -4.9144 77.7621 -3.2682
v -3.3661 73.8915 -1.7353
v -0.9620 76.3236 -1.0294
v -0.7481 78.3937 -2.8498
v -5.4041 83.2764 -8.5833
v -0.6445 81.8528 -7.6883
v -0.7099 80.1081 -5.5067
v 2.6913 70.4905 -4.4314
v 3.5585 72.0957 -7.6006
v 0.0573 91.6349 -15.5553
v -3.7873 90.1323 -13.9499
v -0.4671 87.8537 -13.8539
v 1.1962 69.5112 -2.4419
v -5.7649 80.4719 -6.4347
v 4.0919 79.3820 -12.8402
v 2.6394 83.9316 -14.9585
v 4.3642 74.2826 -9.9499
v 4.3004 75.4209 -10.6778
v 3.5946 51.5567 -3.0536
v 3.8768 56.0199 -6.8097
v 2.0978 60.6068 -5.8912
v 1.2009 53.6076 -2.6516
v -2.8211 64.5103 -1.4298
v -1.2123 69.9323 -4.0768
v -2.6937 72.3736 -3.6121
v -4.3236 68.3186 -2.7253
v 1.6044 62.2671 -5.5632
v 0.5550 54.7601 -2.4198
v 0.2974 65.8550 -4.8615
v -0.7684 66.8085 -10.4729
v -2.7059 70.6889 -8.8791
v 8.2792 51.7662 -7.6714
v 6.0058 53.4029 -7.3483
v 5.7475 49.4905 -4.3968
v -4.2593 72.0100 -7.2028
v -1.1627 58.3436 -1.7024
v 5.8301 54.6692 -10.7190
v 3.8669 59.2777 -11.6399
v 1.7629 62.9501 -11.5970
v 1.1296 64.1952 -11.5572
v -11.7742 59.8217 1.5355
v -7.8320 55.5126 1.8371
v -6.5458 60.2405 0.0727
v -10.8629 63.2866 -0.5251
v -7.4926 70.9651 -4.5561
v -3.7843 69.2651 -2.9333
v -3.0405 71.6723 -4.3002
v -5.2088 71.2070 -6.0203
v -6.0677 61.8772 -0.3916
v -10.4948 64.5632 -1.1032
v -5.0190 65.4064 -1.6094
v -1.5645 56.6044 -3.0852
v -0.7830 62.0653 -4.7182
v -8.9712 50.4007 6.3397
v -8.5163 52.4208 4.0552
v -11.8660 55.4843 3.6501
v -1.1795 65.8627 -6.1176
v -9.5988 67.5763 -2.8382
v -6.1888 47.9155 3.5071
v -3.8786 49.7195 1.4016
v -2.6209 51.6871 -0.8351
v -2.1650 52.4697 -1.4587
v -3.9255 52.0731 2.8430
v -0.2765 52.7827 0.1489
v -0.9865 58.5513 -0.9344
v -5.2275 55.6463 1.3243
v -5.8088 68.8239 -1.6378
v -1.9543 69.8373 -3.0019
v -2.6066 73.0471 -3.9712
v -5.2500 71.3714 -3.9930
v -1.1149 60.5413 -1.2308
v -5.4640 57.3516 0.9541
v -1.5361 64.9276 -2.0427
v 0.6552 60.1362 -6.8118
v -0.4048 66.3370 -7.3911
v 2.4252 45.9966 2.9951
v 1.0043 48.8545 1.4982
v -1.8360 48.8912 3.8288
v -2.0050 69.8771 -7.4481
v -6.0502 62.3985 -0.0275
v 2.7345 46.7542 -1.0520
v 2.7926 50.8037 -3.5178
v 1.9044 54.0831 -5.5231
v 1.7145 55.3422 -6.0960
v -1.7762 66.8834 -16.5867
v -5.2815 71.9472 -15.3875
v -4.4935 72.1558 -12.2030
v -1.4192 65.4801 -13.7661
v -0.6281 64.8906 -6.8662
v -2.7133 72.4637 -6.1599
v -2.3029 71.7459 -4.0906
v -2.0158 65.9110 -4.3471
v -4.1741 72.3872 -11.1869
v -1.2210 65.1921 -12.8319
v -3.5689 72.2810 -8.8663
v -9.7852 73.8452 -7.9597
v -8.1330 72.9232 -4.9549
v -5.4330 75.6150 -20.5339
v -5.4680 73.3097 -18.1231
v -2.8436 68.9634 -19.1782
v -6.5189 70.7490 -3.1963
v -0.7407 64.1243 -10.2737
v -9.2030 75.7546 -17.5613
v -10.4777 76.5450 -14.3014
v -10.7641 75.5950 -11.3640
v -10.7891 75.3792 -10.4347
v -13.8839 65.9885 0.2020
v -11.1287 64.6477 -0.3446
v -10.5398 71.9792 -3.6034
v -13.7950 71.4782 -3.4546
v -4.2118 64.9478 -1.6270
v -2.2012 66.4291 -3.6656
v -2.0984 72.3102 -3.9359
v -4.2179 72.8255 -3.6964
v -10.2302 64.2134 -0.4882
v -9.4781 72.2986 -3.5901
v -7.0743 72.4056 -3.6996
v -4.6894 73.8692 -9.1775
v -8.0840 74.5806 -9.8307
v -18.7596 74.5756 -2.0985
v -16.6756 67.8641 -0.0600
v -16.4488 72.5483 -2.8570
v -2.4932 71.7662 -8.2041
v -7.6609 63.2241 -0.8494
v -14.3984 76.6204 -8.5736
v -17.0948 75.3594 -6.4684
v -10.7778 75.9206 -10.0190
v -11.6658 76.0282 -9.7149
vt 0.3362 0.9839
vt 0.3346 0.8194
vt 0.1011 0.8194
vt 0.5673 0.8194
vt 0.5941 0.7814
vt 0.5553 0.6549
vt 0.3329 0.6549
vt 0.0920 0.6549
vt 0.0642 0.7184
vt 0.3313 0.4905
vt 0.4425 0.4905
vt 0.3308 0.4421
vt 0.1728 0.4905
vt 0.3362 0.9839
vt 0.3346 0.8194
vt 0.1011 0.8194
vt 0.5673 0.8194
vt 0.5941 0.7814
vt 0.5553 0.6549
vt 0.3329 0.6549
vt 0.0920 0.6549
vt 0.0642 0.7184
vt 0.3313 0.4905
vt 0.4425 0.4905
vt 0.3308 0.4421
vt 0.1728 0.4905
vt 0.3362 0.9839
vt 0.3346 0.8194
vt 0.1011 0.8194
vt 0.5673 0.8194
vt 0.5941 0.7814
vt 0.5553 0.6549
vt 0.3329 0.6549
vt 0.0920 0.6549
vt 0.0642 0.7184
vt 0.3313 0.4905
vt 0.4425 0.4905
vt 0.3308 0.4421
vt 0.1728 0.4905
vt 0.3362 0.9839
vt 0.3346 0.8194
vt 0.1011 0.8194
vt 0.5673 0.8194
vt 0.5941 0.7814
vt 0.5553 0.6549
vt 0.3329 0.6549
vt 0.0920 0.6549
vt 0.0642 0.7184
vt 0.3313 0.4905
vt 0.4425 0.4905
vt 0.3308 0.4421
vt 0.1728 0.4905
vt 0.3362 0.9839
vt 0.3346 0.8194
vt 0.1011 0.8194
vt 0.5673 0.8194
vt 0.5941 0.7814
vt 0.5553 0.6549
vt 0.3329 0.6549
vt 0.0920 0.6549
vt 0.0642 0.7184
vt 0.3313 0.4905
vt 0.4425 0.4905
vt 0.3308 0.4421
vt 0.1728 0.4905
vt 0.3362 0.9839
vt 0.3346 0.8194
vt 0.1011 0.8194
vt 0.5673 0.8194
vt 0.5941 0.7814
vt 0.5553 0.6549
vt 0.3329 0.6549
vt 0.0920 0.6549
vt 0.0642 0.7184
vt 0.3313 0.4905
vt 0.4425 0.4905
vt 0.3308 0.4421
vt 0.1728 0.4905
vt 0.3362 0.9839
vt 0.3346 0.8194
vt 0.1011 0.8194
vt 0.5673 0.8194
vt 0.5941 0.7814
vt 0.5553 0.6549
vt 0.3329 0.6549
vt 0.0920 0.6549
vt 0.0642 0.7184
vt 0.3313 0.4905
vt 0.4425 0.4905
vt 0.3308 0.4421
vt 0.1728 0.4905
vt 0.3362 0.9839
vt 0.3346 0.8194
vt 0.1011 0.8194
vt 0.5673 0.8194
vt 0.5941 0.7814
vt 0.5553 0.6549
vt 0.3329 0.6549
vt 0.0920 0.6549
vt 0.0642 0.7184
vt 0.3313 0.4905
vt 0.4425 0.4905
vt 0.3308 0.4421
vt 0.1728 0.4905
vt 0.0410 0.6549
vt 0.3329 0.6549
vt 0.3313 0.4905
vt 0.0383 0.4905
vt 0.0918 0.1616
vt 0.3281 0.1616
vt 0.3268 0.0368
vt 0.2194 0.0368
vt 0.3308 0.4421
vt 0.0372 0.4421
vt 0.3297 0.3260
vt 0.6982 0.3260
vt 0.6421 0.1616
vt 0.3362 0.9839
vt 0.3346 0.8194
vt 0.1011 0.8194
vt 0.5499 0.0368
vt 0.0343 0.3260
vt 0.5673 0.8194
vt 0.6835 0.6549
vt 0.7250 0.4905
vt 0.7372 0.4421
vt 0.0410 0.6549
vt 0.3329 0.6549
vt 0.3313 0.4905
vt 0.0383 0.4905
vt 0.0918 0.1616
vt 0.3281 0.1616
vt 0.3268 0.0368
vt 0.2194 0.0368
vt 0.3308 0.4421
vt 0.0372 0.4421
vt 0.3297 0.3260
vt 0.6982 0.3260
vt 0.6421 0.1616
vt 0.3362 0.9839
vt 0.3346 0.8194
vt 0.1011 0.8194
vt 0.5499 0.0368
vt 0.0343 0.3260
vt 0.5673 0.8194
vt 0.6835 0.6549
vt 0.7250 0.4905
vt 0.7372 0.4421
vt 0.0410 0.6549
vt 0.3329 0.6549
vt 0.3313 0.4905
vt 0.0383 0.4905
vt 0.0918 0.1616
vt 0.3281 0.1616
vt 0.3268 0.0368
vt 0.2194 0.0368
vt 0.3308 0.4421
vt 0.0372 0.4421
vt 0.3297 0.3260
vt 0.6982 0.3260
vt 0.6421 0.1616
vt 0.3362 0.9839
vt 0.3346 0.8194
vt 0.1011 0.8194
vt 0.5499 0.0368
vt 0.0343 0.3260
vt 0.5673 0.8194
vt 0.6835 0.6549
vt 0.7250 0.4905
vt 0.7372 0.4421
vt 0.0410 0.6549
vt 0.3329 0.6549
vt 0.3313 0.4905
vt 0.0383 0.4905
vt 0.0918 0.1616
vt 0.3281 0.1616
vt 0.3268 0.0368
vt 0.2194 0.0368
vt 0.3308 0.4421
vt 0.0372 0.4421
vt 0.3297 0.3260
vt 0.6982 0.3260
vt 0.6421 0.1616
vt 0.3362 0.9839
vt 0.3346 0.8194
vt 0.1011 0.8194
vt 0.5499 0.0368
vt 0.0343 0.3260
vt 0.5673 0.8194
vt 0.6835 0.6549
vt 0.7250 0.4905
vt 0.7372 0.4421
vt 0.0410 0.6549
vt 0.0383 0.4905
vt 0.3313 0.4905
vt 0.3329 0.6549
vt 0.0918 0.1616
vt 0.2194 0.0368
vt 0.3268 0.0368
vt 0.3281 0.1616
vt 0.0372 0.4421
vt 0.3308 0.4421
vt 0.3297 0.3260
vt 0.6421 0.1616
vt 0.6982 0.3260
vt 0.3362 0.9839
vt 0.1011 0.8194
vt 0.3346 0.8194
vt 0.5499 0.0368
vt 0.0343 0.3260
vt 0.6835 0.6549
vt 0.5673 0.8194
vt 0.7372 0.4421
vt 0.7250 0.4905
vt 0.0410 0.6549
vt 0.3329 0.6549
vt 0.3313 0.4905
vt 0.0383 0.4905
vt 0.0918 0.1616
vt 0.3281 0.1616
vt 0.3268 0.0368
vt 0.2194 0.0368
vt 0.3308 0.4421
vt 0.0372 0.4421
vt 0.3297 0.3260
vt 0.6982 0.3260
vt 0.6421 0.1616
vt 0.3362 0.9839
vt 0.3346 0.8194
vt 0.1011 0.8194
vt 0.5499 0.0368
vt 0.0343 0.3260
vt 0.5673 0.8194
vt 0.6835 0.6549
vt 0.7250 0.4905
vt 0.7372 0.4421
vt 0.0410 0.6549
vt 0.3329 0.6549
vt 0.3313 0.4905
vt 0.0383 0.4905
vt 0.0918 0.1616
vt 0.3281 0.1616
vt 0.3268 0.0368
vt 0.2194 0.0368
vt 0.3308 0.4421
vt 0.0372 0.4421
vt 0.3297 0.3260
vt 0.6982 0.3260
vt 0.6421 0.1616
vt 0.3362 0.9839
vt 0.3346 0.8194
vt 0.1011 0.8194
vt 0.5499 0.0368
vt 0.0343 0.3260
vt 0.5673 0.8194
vt 0.6835 0.6549
vt 0.7250 0.4905
vt 0.7372 0.4421
vt 0.0410 0.6549
vt 0.3329 0.6549
vt 0.3313 0.4905
vt 0.0383 0.4905
vt 0.0918 0.1616
vt 0.3281 0.1616
vt 0.3268 0.0368
vt 0.2194 0.0368
vt 0.3308 0.4421
vt 0.0372 0.4421
vt 0.3297 0.3260
vt 0.6982 0.3260
vt 0.6421 0.1616
vt 0.3362 0.9839
vt 0.3346 0.8194
vt 0.1011 0.8194
vt 0.5499 0.0368
vt 0.0343 0.3260
vt 0.5673 0.8194
vt 0.6835 0.6549
vt 0.7250 0.4905
vt 0.7372 0.4421
vt 0.0410 0.6549
vt 0.3329 0.6549
vt 0.3313 0.4905
vt 0.0383 0.4905
vt 0.0918 0.1616
vt 0.3281 0.1616
vt 0.3268 0.0368
vt 0.2194 0.0368
vt 0.3308 0.4421
vt 0.0372 0.4421
vt 0.3297 0.3260
vt 0.6982 0.3260
vt 0.6421 0.1616
vt 0.3362 0.9839
vt 0.3346 0.8194
vt 0.1011 0.8194
vt 0.5499 0.0368
vt 0.0343 0.3260
vt 0.5673 0.8194
vt 0.6835 0.6549
vt 0.7250 0.4905
vt 0.7372 0.4421
vt 0.0410 0.6549
vt 0.0383 0.4905
vt 0.3313 0.4905
vt 0.3329 0.6549
vt 0.0918 0.1616
vt 0.2194 0.0368
vt 0.3268 0.0368
vt 0.3281 0.1616
vt 0.0372 0.4421
vt 0.3308 0.4421
vt 0.3297 0.3260
vt 0.6421 0.1616
vt 0.6982 0.3260
vt 0.3362 0.9839
vt 0.1011 0.8194
vt 0.3346 0.8194
vt 0.5499 0.0368
vt 0.0343 0.3260
vt 0.6835 0.6549
vt 0.5673 0.8194
vt 0.7372 0.4421
vt 0.7250 0.4905
vt 0.0410 0.6549
vt 0.3329 0.6549
vt 0.3313 0.4905
vt 0.0383 0.4905
vt 0.0918 0.1616
vt 0.3281 0.1616
vt 0.3268 0.0368
vt 0.2194 0.0368
vt 0.3308 0.4421
vt 0.0372 0.4421
vt 0.3297 0.3260
vt 0.6982 0.3260
vt 0.6421 0.1616
vt 0.3362 0.9839
vt 0.3346 0.8194
vt 0.1011 0.8194
vt 0.5499 0.0368
vt 0.0343 0.3260
vt 0.5673 0.8194
vt 0.6835 0.6549
vt 0.7250 0.4905
vt 0.7372 0.4421
vt 0.0410 0.6549
vt 0.3329 0.6549
vt 0.3313 0.4905
vt 0.0383 0.4905
vt 0.0918 0.1616
vt 0.3281 0.1616
vt 0.3268 0.0368
vt 0.2194 0.0368
vt 0.3308 0.4421
vt 0.0372 0.4421
vt 0.3297 0.3260
vt 0.6982 0.3260
vt 0.6421 0.1616
vt 0.3362 0.9839
vt 0.3346 0.8194
vt 0.1011 0.8194
vt 0.5499 0.0368
vt 0.0343 0.3260
vt 0.5673 0.8194
vt 0.6835 0.6549
vt 0.7250 0.4905
vt 0.7372 0.4421
vt 0.0410 0.6549
vt 0.3329 0.6549
vt 0.3313 0.4905
vt 0.0383 0.4905
vt 0.0918 0.1616
vt 0.3281 0.1616
vt 0.3268 0.0368
vt 0.2194 0.0368
vt 0.3308 0.4421
vt 0.0372 0.4421
vt 0.3297 0.3260
vt 0.6982 0.3260
vt 0.6421 0.1616
vt 0.3362 0.9839
vt 0.3346 0.8194
vt 0.1011 0.8194
vt 0.5499 0.0368
vt 0.0343 0.3260
vt 0.5673 0.8194
vt 0.6835 0.6549
vt 0.7250 0.4905
vt 0.7372 0.4421
vt 0.0410 0.6549
vt 0.3329 0.6549
vt 0.3313 0.4905
vt 0.0383 0.4905
vt 0.0918 0.1616
vt 0.3281 0.1616
vt 0.3268 0.0368
vt 0.2194 0.0368
vt 0.3308 0.4421
vt 0.0372 0.4421
vt 0.3297 0.3260
vt 0.6982 0.3260
vt 0.6421 0.1616
vt 0.3362 0.9839
vt 0.3346 0.8194
vt 0.1011 0.8194
vt 0.5499 0.0368
vt 0.0343 0.3260
vt 0.5673 0.8194
vt 0.6835 0.6549
vt 0.7250 0.4905
vt 0.7372 0.4421
vt 0.0410 0.6549
vt 0.0383 0.4905
vt 0.3313 0.4905
vt 0.3329 0.6549
vt 0.0918 0.1616
vt 0.2194 0.0368
vt 0.3268 0.0368
vt 0.3281 0.1616
vt 0.0372 0.4421
vt 0.3308 0.4421
vt 0.3297 0.3260
vt 0.6421 0.1616
vt 0.6982 0.3260
vt 0.3362 0.9839
vt 0.1011 0.8194
vt 0.3346 0.8194
vt 0.5499 0.0368
vt 0.0343 0.3260
vt 0.6835 0.6549
vt 0.5673 0.8194
vt 0.7372 0.4421
vt 0.7250 0.4905
vt 0.0410 0.6549
vt 0.3329 0.6549
vt 0.3313 0.4905
vt 0.0383 0.4905
vt 0.0918 0.1616
vt 0.3281 0.1616
vt 0.3268 0.0368
vt 0.2194 0.0368
vt 0.3308 0.4421
vt 0.0372 0.4421
vt 0.3297 0.3260
vt 0.6982 0.3260
vt 0.6421 0.1616
vt 0.3362 0.9839
vt 0.3346 0.8194
vt 0.1011 0.8194
vt 0.5499 0.0368
vt 0.0343 0.3260
vt 0.5673 0.8194
vt 0.6835 0.6549
vt 0.7250 0.4905
vt 0.7372 0.4421
vt 0.0410 0.6549
vt 0.3329 0.6549
vt 0.3313 0.4905
vt 0.0383 0.4905
vt 0.0918 0.1616
vt 0.3281 0.1616
vt 0.3268 0.0368
vt 0.2194 0.0368
vt 0.3308 0.4421
vt 0.0372 0.4421
vt 0.3297 0.3260
vt 0.6982 0.3260
vt 0.6421 0.1616
vt 0.3362 0.9839
vt 0.3346 0.8194
vt 0.1011 0.8194
vt 0.5499 0.0368
vt 0.0343 0.3260
vt 0.5673 0.8194
vt 0.6835 0.6549
vt 0.7250 0.4905
vt 0.7372 0.4421
vt 0.0410 0.6549
vt 0.3329 0.6549
vt 0.3313 0.4905
vt 0.0383 0.4905
vt 0.0918 0.1616
vt 0.3281 0.1616
vt 0.3268 0.0368
vt 0.2194 0.0368
vt 0.3308 0.4421
vt 0.0372 0.4421
vt 0.3297 0.3260
vt 0.6982 0.3260
vt 0.6421 0.1616
vt 0.3362 0.9839
vt 0.3346 0.8194
vt 0.1011 0.8194
vt 0.5499 0.0368
vt 0.0343 0.3260
vt 0.5673 0.8194
vt 0.6835 0.6549
vt 0.7250 0.4905
vt 0.7372 0.4421
vt 0.0410 0.6549
vt 0.3329 0.6549
vt 0.3313 0.4905
vt 0.0383 0.4905
vt 0.0918 0.1616
vt 0.3281 0.1616
vt 0.3268 0.0368
vt 0.2194 0.0368
vt 0.3308 0.4421
vt 0.0372 0.4421
vt 0.3297 0.3260
vt 0.6982 0.3260
vt 0.6421 0.1616
vt 0.3362 0.9839
vt 0.3346 0.8194
vt 0.1011 0.8194
vt 0.5499 0.0368
vt 0.0343 0.3260
vt 0.5673 0.8194
vt 0.6835 0.6549
vt 0.7250 0.4905
vt 0.7372 0.4421
vt 0.0410 0.6549
vt 0.0383 0.4905
vt 0.3313 0.4905
vt 0.3329 0.6549
vt 0.0918 0.1616
vt 0.2194 0.0368
vt 0.3268 0.0368
vt 0.3281 0.1616
vt 0.0372 0.4421
vt 0.3308 0.4421
vt 0.3297 0.3260
vt 0.6421 0.1616
vt 0.6982 0.3260
vt 0.3362 0.9839
vt 0.1011 0.8194
vt 0.3346 0.8194
vt 0.5499 0.0368
vt 0.0343 0.3260
vt 0.6835 0.6549
vt 0.5673 0.8194
vt 0.7372 0.4421
vt 0.7250 0.4905
vt 0.0410 0.6549
vt 0.3329 0.6549
vt 0.3313 0.4905
vt 0.0383 0.4905
vt 0.0918 0.1616
vt 0.3281 0.1616
vt 0.3268 0.0368
vt 0.2194 0.0368
vt 0.3308 0.4421
vt 0.0372 0.4421
vt 0.3297 0.3260
vt 0.6982 0.3260
vt 0.6421 0.1616
vt 0.3362 0.9839
vt 0.3346 0.8194
vt 0.1011 0.8194
vt 0.5499 0.0368
vt 0.0343 0.3260
vt 0.5673 0.8194
vt 0.6835 0.6549
vt 0.7250 0.4905
vt 0.7372 0.4421
vt 0.0410 0.6549
vt 0.3329 0.6549
vt 0.3313 0.4905
vt 0.0383 0.4905
vt 0.0918 0.1616
vt 0.3281 0.1616
vt 0.3268 0.0368
vt 0.2194 0.0368
vt 0.3308 0.4421
vt 0.0372 0.4421
vt 0.3297 0.3260
vt 0.6982 0.3260
vt 0.6421 0.1616
vt 0.3362 0.9839
vt 0.3346 0.8194
vt 0.1011 0.8194
vt 0.5499 0.0368
vt 0.0343 0.3260
vt 0.5673 0.8194
vt 0.6835 0.6549
vt 0.7250 0.4905
vt 0.7372 0.4421
vt 0.0410 0.6549
vt 0.3329 0.6549
vt 0.3313 0.4905
vt 0.0383 0.4905
vt 0.0918 0.1616
vt 0.3281 0.1616
vt 0.3268 0.0368
vt 0.2194 0.0368
vt 0.3308 0.4421
vt 0.0372 0.4421
vt 0.3297 0.3260
vt 0.6982 0.3260
vt 0.6421 0.1616
vt 0.3362 0.9839
vt 0.3346 0.8194
vt 0.1011 0.8194
vt 0.5499 0.0368
vt 0.0343 0.3260
vt 0.5673 0.8194
vt 0.6835 0.6549
vt 0.7250 0.4905
vt 0.7372 0.4421
vt 0.0410 0.6549
vt 0.3329 0.6549
vt 0.3313 0.4905
vt 0.0383 0.4905
vt 0.0918 0.1616
vt 0.3281 0.1616
vt 0.3268 0.0368
vt 0.2194 0.0368
vt 0.3308 0.4421
vt 0.0372 0.4421
vt 0.3297 0.3260
vt 0.6982 0.3260
vt 0.6421 0.1616
vt 0.3362 0.9839
vt 0.3346 0.8194
vt 0.1011 0.8194
vt 0.5499 0.0368
vt 0.0343 0.3260
vt 0.5673 0.8194
vt 0.6835 0.6549
vt 0.7250 0.4905
vt 0.7372 0.4421
vt 0.0410 0.6549
vt 0.0383 0.4905
vt 0.3313 0.4905
vt 0.3329 0.6549
vt 0.0918 0.1616
vt 0.2194 0.0368
vt 0.3268 0.0368
vt 0.3281 0.1616
vt 0.0372 0.4421
vt 0.3308 0.4421
vt 0.3297 0.3260
vt 0.6421 0.1616
vt 0.6982 0.3260
vt 0.3362 0.9839
vt 0.1011 0.8194
vt 0.3346 0.8194
vt 0.5499 0.0368
vt 0.0343 0.3260
vt 0.6835 0.6549
vt 0.5673 0.8194
vt 0.7372 0.4421
vt 0.7250 0.4905
vt 0.0410 0.6549
vt 0.3329 0.6549
vt 0.3313 0.4905
vt 0.0383 0.4905
vt 0.0918 0.1616
vt 0.3281 0.1616
vt 0.3268 0.0368
vt 0.2194 0.0368
vt 0.3308 0.4421
vt 0.0372 0.4421
vt 0.3297 0.3260
vt 0.6982 0.3260
vt 0.6421 0.1616
vt 0.3362 0.9839
vt 0.3346 0.8194
vt 0.1011 0.8194
vt 0.5499 0.0368
vt 0.0343 0.3260
vt 0.5673 0.8194
vt 0.6835 0.6549
vt 0.7250 0.4905
vt 0.7372 0.4421
vt 0.0410 0.6549
vt 0.3329 0.6549
vt 0.3313 0.4905
vt 0.0383 0.4905
vt 0.0918 0.1616
vt 0.3281 0.1616
vt 0.3268 0.0368
vt 0.2194 0.0368
vt 0.3308 0.4421
vt 0.0372 0.4421
vt 0.3297 0.3260
vt 0.6982 0.3260
vt 0.6421 0.1616
vt 0.3362 0.9839
vt 0.3346 0.8194
vt 0.1011 0.8194
vt 0.5499 0.0368
vt 0.0343 0.3260
vt 0.5673 0.8194
vt 0.6835 0.6549
vt 0.7250 0.4905
vt 0.7372 0.4421
vt 0.0410 0.6549
vt 0.3329 0.6549
vt 0.3313 0.4905
vt 0.0383 0.4905
vt 0.0918 0.1616
vt 0.3281 0.1616
vt 0.3268 0.0368
vt 0.2194 0.0368
vt 0.3308 0.4421
vt 0.0372 0.4421
vt 0.3297 0.3260
vt 0.6982 0.3260
vt 0.6421 0.1616
vt 0.3362 0.9839
vt 0.3346 0.8194
vt 0.1011 0.8194
vt 0.5499 0.0368
vt 0.0343 0.3260
vt 0.5673 0.8194
vt 0.6835 0.6549
vt 0.7250 0.4905
vt 0.7372 0.4421
vt 0.0410 0.6549
vt 0.3329 0.6549
vt 0.3313 0.4905
vt 0.0383 0.4905
vt 0.0918 0.1616
vt 0.3281 0.1616
vt 0.3268 0.0368
vt 0.2194 0.0368
vt 0.3308 0.4421
vt 0.0372 0.4421
vt 0.3297 0.3260
vt 0.6982 0.3260
vt 0.6421 0.1616
vt 0.3362 0.9839
vt 0.3346 0.8194
vt 0.1011 0.8194
vt 0.5499 0.0368
vt 0.0343 0.3260
vt 0.5673 0.8194
vt 0.6835 0.6549
vt 0.7250 0.4905
vt 0.7372 0.4421
vt 0.0410 0.6549
vt 0.0383 0.4905
vt 0.3313 0.4905
vt 0.3329 0.6549
vt 0.0918 0.1616
vt 0.2194 0.0368
vt 0.3268 0.0368
vt 0.3281 0.1616
vt 0.0372 0.4421
vt 0.3308 0.4421
vt 0.3297 0.3260
vt 0.6421 0.1616
vt 0.6982 0.3260
vt 0.3362 0.9839
vt 0.1011 0.8194
vt 0.3346 0.8194
vt 0.5499 0.0368
vt 0.0343 0.3260
vt 0.6835 0.6549
vt 0.5673 0.8194
vt 0.7372 0.4421
vt 0.7250 0.4905
vt 0.0410 0.6549
vt 0.3329 0.6549
vt 0.3313 0.4905
vt 0.0383 0.4905
vt 0.0918 0.1616
vt 0.3281 0.1616
vt 0.3268 0.0368
vt 0.2194 0.0368
vt 0.3308 0.4421
vt 0.0372 0.4421
vt 0.3297 0.3260
vt 0.6982 0.3260
vt 0.6421 0.1616
vt 0.3362 0.9839
vt 0.3346 0.8194
vt 0.1011 0.8194
vt 0.5499 0.0368
vt 0.0343 0.3260
vt 0.5673 0.8194
vt 0.6835 0.6549
vt 0.7250 0.4905
vt 0.7372 0.4421
vt 0.0410 0.6549
vt 0.3329 0.6549
vt 0.3313 0.4905
vt 0.0383 0.4905
vt 0.0918 0.1616
vt 0.3281 0.1616
vt 0.3268 0.0368
vt 0.2194 0.0368
vt 0.3308 0.4421
vt 0.0372 0.4421
vt 0.3297 0.3260
vt 0.6982 0.3260
vt 0.6421 0.1616
vt 0.3362 0.9839
vt 0.3346 0.8194
vt 0.1011 0.8194
vt 0.5499 0.0368
vt 0.0343 0.3260
vt 0.5673 0.8194
vt 0.6835 0.6549
vt 0.7250 0.4905
vt 0.7372 0.4421
vt 0.0410 0.6549
vt 0.3329 0.6549
vt 0.3313 0.4905
vt 0.0383 0.4905
vt 0.0918 0.1616
vt 0.3281 0.1616
vt 0.3268 0.0368
vt 0.2194 0.0368
vt 0.3308 0.4421
vt 0.0372 0.4421
vt 0.3297 0.3260
vt 0.6982 0.3260
vt 0.6421 0.1616
vt 0.3362 0.9839
vt 0.3346 0.8194
vt 0.1011 0.8194
vt 0.5499 0.0368
vt 0.0343 0.3260
vt 0.5673 0.8194
vt 0.6835 0.6549
vt 0.7250 0.4905
vt 0.7372 0.4421
vt 0.0410 0.6549
vt 0.3329 0.6549
vt 0.3313 0.4905
vt 0.0383 0.4905
vt 0.0918 0.1616
vt 0.3281 0.1616
vt 0.3268 0.0368
vt 0.2194 0.0368
vt 0.3308 0.4421
vt 0.0372 0.4421
vt 0.3297 0.3260
vt 0.6982 0.3260
vt 0.6421 0.1616
vt 0.3362 0.9839
vt 0.3346 0.8194
vt 0.1011 0.8194
vt 0.5499 0.0368
vt 0.0343 0.3260
vt 0.5673 0.8194
vt 0.6835 0.6549
vt 0.7250 0.4905
vt 0.7372 0.4421
vt 0.0410 0.6549
vt 0.0383 0.4905
vt 0.3313 0.4905
vt 0.3329 0.6549
vt 0.0918 0.1616
vt 0.2194 0.0368
vt 0.3268 0.0368
vt 0.3281 0.1616
vt 0.0372 0.4421
vt 0.3308 0.4421
vt 0.3297 0.3260
vt 0.6421 0.1616
vt 0.6982 0.3260
vt 0.3362 0.9839
vt 0.1011 0.8194
vt 0.3346 0.8194
vt 0.5499 0.0368
vt 0.0343 0.3260
vt 0.6835 0.6549
vt 0.5673 0.8194
vt 0.7372 0.4421
vt 0.7250 0.4905
vn 0.2925 -0.3763 0.8791
vn 0.2660 -0.3702 0.8900
vn 0.3122 -0.0709 0.9474
vn 0.0664 -0.7983 0.5986
vn 0.0563 -0.7800 0.6233
vn -0.1022 -0.7243 0.6819
vn 0.0394 -0.3375 0.9405
vn 0.1989 -0.0780 0.9769
vn 0.3059 -0.0785 0.9488
vn -0.3293 -0.2539 0.9095
vn -0.4112 -0.5593 0.7198
vn -0.4547 -0.2023 0.8673
vn -0.0352 -0.0684 0.9970
vn 0.4536 -0.5696 0.6855
vn 0.4338 -0.5888 0.6821
vn -0.2026 -0.4144 0.8873
vn 0.8661 -0.4908 0.0946
vn 0.8562 -0.5060 0.1042
vn 0.8086 -0.5872 0.0366
vn 0.2835 -0.7614 0.5830
vn -0.2719 -0.4851 0.8311
vn -0.1916 -0.4245 0.8849
vn -0.1356 -0.9761 0.1700
vn 0.6047 -0.7730 -0.1920
vn -0.3531 -0.9347 -0.0408
vn -0.4682 -0.6009 0.6479
vn 0.7734 -0.3670 0.5168
vn 0.7901 -0.3665 0.4914
vn 0.6736 -0.7377 0.0454
vn 0.7529 -0.0800 0.6533
vn 0.7631 -0.0869 0.6405
vn 0.8303 -0.0829 0.5512
vn 0.8989 -0.3259 0.2928
vn 0.7593 -0.6484 -0.0541
vn 0.6876 -0.7238 0.0578
vn 0.9743 -0.2216 -0.0409
vn 0.9463 -0.0618 0.3173
vn 0.9666 -0.1802 -0.1824
vn 0.8351 -0.4879 -0.2542
vn 0.6599 -0.2068 0.7224
vn 0.6599 -0.1933 0.7260
vn 0.9424 -0.0617 0.3287
vn 0.1467 -0.2614 0.9540
vn 0.1645 -0.2535 0.9533
vn 0.1757 -0.1930 0.9653
vn 0.6245 -0.0945 0.7753
vn 0.9157 -0.0192 0.4014
vn 0.9368 -0.0633 0.3442
vn 0.5370 0.0695 0.8407
vn 0.1817 -0.0603 0.9815
vn 0.5064 0.1445 0.8501
vn 0.8580 0.0779 0.5077
vn 0.3692 -0.3514 0.8604
vn 0.3516 -0.3648 0.8621
vn -0.1945 -0.2253 0.9547
vn 0.8172 -0.4008 0.4141
vn 0.8044 -0.4108 0.4292
vn 0.7654 -0.4903 0.4168
vn 0.2304 -0.4930 0.8390
vn -0.2435 -0.2855 0.9269
vn -0.1837 -0.2327 0.9550
vn -0.0773 -0.7451 0.6624
vn 0.6187 -0.7107 0.3350
vn -0.2739 -0.8139 0.5123
vn -0.3915 -0.4002 0.8286
vn 0.6628 -0.2799 0.6946
vn 0.6776 -0.2884 0.6765
vn 0.3504 -0.6584 0.6661
vn 0.8198 -0.0220 0.5722
vn 0.8236 -0.0318 0.5663
vn 0.8748 -0.0559 0.4813
vn 0.8024 -0.3294 0.4976
vn 0.4860 -0.6820 0.5465
vn 0.3715 -0.6487 0.6643
vn 0.9299 -0.3529 0.1035
vn 0.9623 -0.1040 0.2513
vn 0.9313 -0.3555 -0.0793
vn 0.6811 -0.6961 0.2270
vn 0.5654 -0.0924 0.8196
vn 0.5769 -0.0818 0.8127
vn 0.9130 -0.1248 0.3885
vn 0.1012 -0.0017 0.9949
vn 0.1216 0.0012 0.9926
vn 0.1746 0.0480 0.9835
vn 0.6321 0.0105 0.7748
vn 0.9145 -0.0671 0.3989
vn 0.9073 -0.1212 0.4027
vn 0.7015 0.1788 0.6898
vn 0.2870 0.1655 0.9435
vn 0.7379 0.2540 0.6253
vn 0.9250 0.0454 0.3772
vn 0.2530 -0.1107 0.9611
vn 0.2303 -0.1055 0.9674
vn 0.2798 0.1607 0.9465
vn 0.1085 -0.4071 0.9069
vn 0.0990 -0.3938 0.9139
vn -0.0214 -0.3621 0.9319
vn 0.0340 -0.0814 0.9961
vn 0.1619 0.1551 0.9745
vn 0.2729 0.1529 0.9498
vn -0.3081 -0.0389 0.9505
vn -0.2870 -0.2827 0.9153
vn -0.4402 -0.0106 0.8978
vn -0.0809 0.1587 0.9840
vn 0.5555 -0.1988 0.8074
vn 0.6384 -0.1152 0.7610
vn 0.7290 -0.1587 0.6659
vn 0.6251 -0.2877 0.7256
vn 0.4736 -0.4114 0.7788
vn 0.6011 -0.1187 0.7903
vn 0.3964 -0.0920 0.9135
vn 0.1051 -0.3671 0.9242
vn 0.7467 -0.1628 0.6449
vn 0.6677 -0.3604 0.6513
vn 0.7444 -0.1492 0.6508
vn 0.7789 0.0545 0.6248
vn 0.7409 0.1118 0.6623
vn 0.3717 -0.0375 0.9276
vn 0.4942 -0.0660 0.8668
vn 0.4859 -0.1507 0.8609
vn 0.6026 0.1656 0.7806
vn 0.6466 -0.3905 0.6552
vn 0.6087 -0.0101 0.7933
vn 0.7196 -0.0385 0.6933
vn 0.7935 -0.0315 0.6078
vn 0.7948 0.0063 0.6069
vn 0.1441 -0.2291 0.9627
vn 0.3069 -0.2720 0.9121
vn 0.2211 -0.3459 0.9118
vn 0.0033 -0.2695 0.9630
vn -0.1245 -0.0921 0.9879
vn 0.3014 -0.2368 0.9236
vn 0.4021 -0.1267 0.9068
vn -0.0369 0.0449 0.9983
vn 0.2030 -0.3559 0.9122
vn -0.0813 -0.2440 0.9664
vn 0.1970 -0.3394 0.9198
vn 0.5700 -0.4619 0.6795
vn 0.6799 -0.4098 0.6082
vn 0.4942 -0.1160 0.8616
vn 0.4261 -0.1772 0.8872
vn 0.2466 -0.1643 0.9551
vn 0.7844 -0.2846 0.5511
vn -0.1201 -0.1887 0.9747
vn 0.5173 -0.2562 0.8166
vn 0.4609 -0.3226 0.8267
vn 0.4612 -0.4071 0.7884
vn 0.5071 -0.4524 0.7336
vn 0.2907 -0.2289 0.9290
vn 0.5303 -0.1983 0.8243
vn 0.5608 -0.2982 0.7724
vn 0.2124 -0.3531 0.9112
vn 0.0388 -0.3072 0.9509
vn 0.5574 -0.2026 0.8052
vn 0.4759 -0.0840 0.8755
vn -0.0772 -0.1331 0.9881
vn 0.5948 -0.3311 0.7325
vn 0.1555 -0.4284 0.8901
vn 0.6086 -0.3250 0.7239
vn 0.8863 -0.1769 0.4280
vn 0.8970 -0.1138 0.4272
vn 0.5240 -0.0403 0.8508
vn 0.5336 -0.0983 0.8400
vn 0.3475 -0.1372 0.9276
vn 0.8694 -0.0100 0.4940
vn 0.1264 -0.4176 0.8998
vn 0.6974 -0.1154 0.7073
vn 0.7343 -0.1638 0.6588
vn 0.8096 -0.1955 0.5534
vn 0.8601 -0.1965 0.4708
vn 0.7093 0.0436 0.7035
vn 0.5884 0.0687 0.8057
vn 0.6170 0.1201 0.7778
vn 0.7774 0.0870 0.6229
vn 0.9135 -0.0164 0.4065
vn 0.6141 0.0280 0.7887
vn 0.6009 -0.0773 0.7956
vn 0.9228 -0.1603 0.3504
vn 0.6183 0.1107 0.7781
vn 0.8333 0.0787 0.5472
vn 0.6203 0.1064 0.7771
vn 0.2674 0.1324 0.9544
vn 0.1793 0.1143 0.9771
vn 0.5063 -0.0862 0.8581
vn 0.5435 -0.0211 0.8392
vn 0.6719 -0.0194 0.7404
vn 0.0948 0.0293 0.9951
vn 0.8722 0.0547 0.4860
vn 0.4349 0.0408 0.8995
vn 0.4518 0.0991 0.8866
vn 0.4127 0.1441 0.8994
vn 0.3412 0.1414 0.9293
vn 0.1193 -0.1648 0.9791
vn 0.0101 -0.2044 0.9788
vn 0.0457 -0.0848 0.9953
vn 0.1410 -0.0833 0.9865
vn 0.0004 -0.3833 0.9236
vn 0.3235 -0.4962 0.8057
vn 0.3976 -0.1483 0.9055
vn 0.1930 -0.1150 0.9744
vn -0.0279 -0.2643 0.9640
vn 0.0597 -0.0934 0.9938
vn 0.0433 -0.0915 0.9949
vn 0.2304 0.1322 0.9641
vn 0.1655 0.0973 0.9814
vn 0.4575 -0.1026 0.8833
vn 0.2523 -0.1657 0.9533
vn 0.3246 -0.0944 0.9411
vn 0.4179 0.1391 0.8978
vn -0.0671 -0.3052 0.9499
vn 0.1494 -0.0021 0.9888
vn 0.2647 -0.0164 0.9642
vn 0.1209 0.0659 0.9905
vn 0.0857 0.0331 0.9958
vn 0.8927 0.0206 0.4502
vn 0.8210 0.0828 0.5649
vn 0.8787 0.1315 0.4590
vn 0.9579 0.0449 0.2835
vn 0.9905 -0.0399 0.1317
vn 0.8196 0.0600 0.5698
vn 0.7574 -0.0454 0.6514
vn 0.9556 -0.2006 0.2159
vn 0.8847 0.1429 0.4436
vn 0.9868 0.0584 0.1509
vn 0.8717 0.1445 0.4682
vn 0.5952 0.2212 0.7725
vn 0.4878 0.2025 0.8491
vn 0.6771 -0.0483 0.7343
vn 0.7378 0.0104 0.6749
vn 0.8389 -0.0087 0.5442
vn 0.3742 0.1190 0.9197
vn 0.9926 0.0439 0.1135
vn 0.6755 0.0868 0.7323
vn 0.7351 0.1531 0.6605
vn 0.7364 0.2125 0.6423
vn 0.6785 0.2233 0.6998
vn 0.8748 -0.1854 0.4476
vn 0.9227 -0.1095 0.3696
vn 0.9556 -0.1499 0.2535
vn 0.8929 -0.2553 0.3710
vn 0.6631 -0.3209 0.6762
vn 0.8970 -0.1100 0.4282
vn 0.8012 -0.0480 0.5964
vn 0.4423 -0.2371 0.8650
vn 0.9585 -0.1577 0.2377
vn 0.8623 -0.3013 0.4069
vn 0.9511 -0.1608 0.2639
vn 0.9993 0.0013 0.0360
vn 0.9958 0.0594 0.0698
vn 0.8015 0.0014 0.5980
vn 0.8583 -0.0430 0.5114
vn 0.8232 -0.1305 0.5526
vn 0.9672 0.1424 0.2104
vn 0.8000 -0.3252 0.5042
vn 0.9311 -0.0070 0.3648
vn 0.9622 -0.0407 0.2691
vn 0.9891 -0.0452 0.1402
vn 0.9975 -0.0265 0.0657
vn 0.8897 -0.1146 0.4420
vn 0.8894 0.0074 0.4570
vn 0.9582 0.0100 0.2860
vn 0.9580 -0.1536 0.2422
vn 0.9214 -0.2355 0.3091
vn 0.8961 0.0211 0.4434
vn 0.7590 -0.0027 0.6510
vn 0.7355 -0.2978 0.6086
vn 0.9743 0.0236 0.2238
vn 0.9767 -0.1743 0.1250
vn 0.9729 0.0313 0.2290
vn 0.9128 0.2591 0.3156
vn 0.8568 0.2925 0.4247
vn 0.7065 0.0316 0.7070
vn 0.7857 0.0258 0.6181
vn 0.8059 -0.0770 0.5870
vn 0.7145 0.2935 0.6351
vn 0.9724 -0.1873 0.1392
vn 0.8299 0.1201 0.5449
vn 0.8841 0.1340 0.4477
vn 0.9192 0.1821 0.3491
vn 0.9248 0.2261 0.3059
vn 0.6049 0.1644 0.7792
vn 0.5441 0.0910 0.8341
vn 0.4581 0.1188 0.8809
vn 0.5367 0.2272 0.8126
vn 0.7293 0.3492 0.5884
vn 0.6164 0.0981 0.7813
vn 0.7693 0.0681 0.6353
vn 0.9022 0.3103 0.2995
vn 0.4751 0.1178 0.8720
vn 0.5563 0.2779 0.7831
vn 0.4830 0.1182 0.8676
vn 0.3693 -0.0619 0.9272
vn 0.3789 -0.1086 0.9190
vn 0.7664 0.0132 0.6423
vn 0.6816 0.0463 0.7303
vn 0.6996 0.1246 0.7036
vn 0.5092 -0.1732 0.8430
vn 0.6033 0.3156 0.7324
vn 0.5643 0.0003 0.8256
vn 0.4678 0.0216 0.8836
vn 0.3810 0.0116 0.9245
vn 0.3707 -0.0243 0.9284
vn 0.8071 -0.1943 0.5575
vn 0.8359 -0.2530 0.4871
vn 0.6883 -0.2234 0.6902
vn 0.7039 -0.1732 0.6889
vn 0.9528 -0.2461 0.1779
vn 0.9943 -0.1025 0.0301
vn 0.8250 -0.0535 0.5627
vn 0.7565 -0.1513 0.6363
vn 0.8855 -0.2716 0.3771
vn 0.7038 -0.2173 0.6763
vn 0.6980 -0.2258 0.6795
vn 0.3604 -0.0794 0.9294
vn 0.4059 -0.1200 0.9060
vn 0.7800 -0.0156 0.6256
vn 0.8254 -0.1277 0.5499
vn 0.7496 -0.0822 0.6567
vn 0.3909 0.0131 0.9204
vn 0.9098 -0.2883 0.2987
vn 0.5772 -0.1532 0.8021
vn 0.6248 -0.0982 0.7746
vn 0.4505 -0.1503 0.8800
vn 0.5001 -0.1769 0.8477
vn 0.7081 0.0217 0.7058
vn 0.7378 0.1093 0.6662
vn 0.8282 0.0797 0.5547
vn 0.7938 -0.0418 0.6067
vn 0.7360 -0.1516 0.6598
vn 0.7080 0.1006 0.6990
vn 0.5175 0.0918 0.8507
vn 0.4668 -0.1841 0.8650
vn 0.8434 0.0780 0.5317
vn 0.8440 -0.0918 0.5284
vn 0.8372 0.0904 0.5393
vn 0.7855 0.3155 0.5324
vn 0.7143 0.3823 0.5862
vn 0.4566 0.1393 0.8787
vn 0.5864 0.1341 0.7989
vn 0.6288 0.0534 0.7758
vn 0.5237 0.4199 0.7412
vn 0.8387 -0.1155 0.5322
vn 0.6571 0.2120 0.7234
vn 0.7741 0.1989 0.6010
vn 0.8370 0.2162 0.5027
vn 0.8229 0.2595 0.5055
vn 0.4046 -0.0722 0.9116
vn 0.5565 -0.0765 0.8273
vn 0.5363 -0.1467 0.8312
vn 0.3239 -0.1322 0.9368
vn 0.0661 -0.0136 0.9977
vn 0.5318 -0.0497 0.8454
vn 0.5451 0.0609 0.8361
vn 0.0108 0.1285 0.9917
vn 0.5292 -0.1573 0.8338
vn 0.2365 -0.1305 0.9628
vn 0.5155 -0.1464 0.8443
vn 0.8118 -0.1727 0.5578
vn 0.8641 -0.1256 0.4874
vn 0.6163 0.0863 0.7827
vn 0.5949 0.0205 0.8035
vn 0.4412 0.0003 0.8974
vn 0.9021 -0.0235 0.4308
vn 0.1577 -0.0944 0.9830
vn 0.7044 -0.0312 0.7092
vn 0.6926 -0.0904 0.7157
vn 0.7265 -0.1505 0.6705
vn 0.7711 -0.1745 0.6124
vn 0.5189 -0.0453 0.8537
vn 0.6883 0.0185 0.7252
vn 0.7525 -0.0581 0.6561
vn 0.5342 -0.1535 0.8313
vn 0.3786 -0.1536 0.9127
vn 0.7113 0.0188 0.7026
vn 0.5815 0.1134 0.8056
vn 0.1448 -0.0383 0.9887
vn 0.7874 -0.0785 0.6114
vn 0.5372 -0.2168 0.8151
vn 0.7947 -0.0724 0.6026
vn 0.9494 0.0748 0.3051
vn 0.9441 0.1363 0.3002
vn 0.5971 0.1652 0.7850
vn 0.6400 0.1095 0.7606
vn 0.5060 0.0420 0.8615
vn 0.8947 0.2478 0.3716
vn 0.5116 -0.2151 0.8319
vn 0.7871 0.1171 0.6056
vn 0.8340 0.0756 0.5466
vn 0.8995 0.0538 0.4337
vn 0.9353 0.0559 0.3495
vn 0.7230 0.2908 0.6267
vn 0.5856 0.2969 0.7542
vn 0.5768 0.3657 0.7305
vn 0.7668 0.3565 0.5338
vn 0.9318 0.2420 0.2705
vn 0.6389 0.2551 0.7258
vn 0.6873 0.1408 0.7126
vn 0.9702 0.0904 0.2248
vn 0.5854 0.3543 0.7292
vn 0.8262 0.3538 0.4384
vn 0.5909 0.3494 0.7272
vn 0.2066 0.2895 0.9346
vn 0.1401 0.2479 0.9586
vn 0.6093 0.1166 0.7843
vn 0.6028 0.1884 0.7753
vn 0.7212 0.2126 0.6593
vn 0.1457 0.1447 0.9787
vn 0.8731 0.3266 0.3619
vn 0.4548 0.2324 0.8597
vn 0.4224 0.3004 0.8552
vn 0.3409 0.3415 0.8759
vn 0.2707 0.3190 0.9083
vn 0.3369 -0.0243 0.9412
vn 0.2787 -0.0790 0.9571
vn 0.2076 0.0298 0.9778
vn 0.2892 0.0508 0.9559
vn 0.4025 -0.2177 0.8892
vn 0.6761 -0.2305 0.6998
vn 0.5547 0.0409 0.8311
vn 0.3598 0.0329 0.9325
vn 0.2954 -0.1348 0.9458
vn 0.2273 0.0251 0.9735
vn 0.2115 0.0233 0.9771
vn 0.1709 0.2794 0.9448
vn 0.1442 0.2274 0.9631
vn 0.5770 0.0926 0.8114
vn 0.4468 0.0002 0.8946
vn 0.4570 0.0764 0.8862
vn 0.3511 0.3372 0.8735
vn 0.2961 -0.1750 0.9390
vn 0.2251 0.1272 0.9660
vn 0.3425 0.1382 0.9293
vn 0.1339 0.1857 0.9734
vn 0.1336 0.1462 0.9802
vn 0.7362 0.0529 0.6747
vn 0.8110 0.1205 0.5725
vn 0.8688 0.0623 0.4912
vn 0.7746 -0.0323 0.6316
vn 0.6519 -0.1118 0.7500
vn 0.7823 0.1228 0.6107
vn 0.6159 0.1704 0.7692
vn 0.3795 -0.0690 0.9226
vn 0.8802 0.0547 0.4715
vn 0.7935 -0.0974 0.6007
vn 0.8809 0.0678 0.4685
vn 0.9228 0.2642 0.2803
vn 0.8983 0.3406 0.2776
vn 0.5946 0.2315 0.7700
vn 0.7020 0.1900 0.6863
vn 0.6872 0.1047 0.7189
vn 0.7965 0.4494 0.4045
vn 0.7747 -0.1171 0.6214
vn 0.8014 0.2356 0.5498
vn 0.8798 0.1823 0.4390
vn 0.9277 0.1696 0.3327
vn 0.9309 0.2079 0.3003
vn 0.3990 0.0435 0.9159
vn 0.5353 0.0057 0.8446
vn 0.4684 -0.0521 0.8820
vn 0.2840 0.0048 0.9588
vn 0.1168 0.1609 0.9800
vn 0.5313 0.0359 0.8464
vn 0.6193 0.1344 0.7736
vn 0.1543 0.3250 0.9330
vn 0.4547 -0.0597 0.8886
vn 0.2047 0.0216 0.9786
vn 0.4495 -0.0470 0.8921
vn 0.7135 -0.1589 0.6824
vn 0.7947 -0.1378 0.5912
vn 0.6975 0.1381 0.7032
vn 0.6361 0.0841 0.7670
vn 0.4836 0.1031 0.8692
vn 0.8846 -0.0611 0.4622
vn 0.1542 0.0676 0.9857
vn 0.6999 0.0065 0.7142
vn 0.6508 -0.0433 0.7580
vn 0.6435 -0.1077 0.7578
vn 0.6715 -0.1448 0.7267
vn 0.5225 0.0430 0.8515
vn 0.7170 0.0560 0.6948
vn 0.7269 -0.0328 0.6860
vn 0.4618 -0.0576 0.8851
vn 0.3197 -0.0244 0.9472
vn 0.7372 0.0493 0.6739
vn 0.6851 0.1727 0.7077
vn 0.1778 0.1235 0.9763
vn 0.7468 -0.0633 0.6620
vn 0.4219 -0.1131 0.8996
vn 0.7574 -0.0604 0.6501
vn 0.9634 -0.0011 0.2680
vn 0.9755 0.0522 0.2135
vn 0.7294 0.2146 0.6495
vn 0.7315 0.1520 0.6647
vn 0.5717 0.1268 0.8106
vn 0.9683 0.1635 0.1887
vn 0.3996 -0.1057 0.9106
vn 0.8538 0.1097 0.5089
vn 0.8716 0.0565 0.4870
vn 0.9157 0.0091 0.4017
vn 0.9461 -0.0083 0.3238
vn 0.8793 0.2735 0.3898
vn 0.7898 0.3312 0.5162
vn 0.8120 0.3881 0.4359
vn 0.9209 0.2999 0.2491
vn 0.9852 0.1360 0.1041
vn 0.8087 0.2778 0.5185
vn 0.7877 0.1647 0.5936
vn 0.9832 -0.0039 0.1826
vn 0.8135 0.3761 0.4436
vn 0.9490 0.2686 0.1654
vn 0.8152 0.3703 0.4453
vn 0.4708 0.4547 0.7560
vn 0.3756 0.4302 0.8209
vn 0.7103 0.1675 0.6836
vn 0.7474 0.2334 0.6220
vn 0.8482 0.2132 0.4848
vn 0.3059 0.3145 0.8986
vn 0.9667 0.2262 0.1193
vn 0.6538 0.3198 0.6858
vn 0.6679 0.3927 0.6322
vn 0.6249 0.4592 0.6314
vn 0.5501 0.4631 0.6949
vn 0.3698 0.1020 0.9235
vn 0.2776 0.0615 0.9587
vn 0.2849 0.1803 0.9414
vn 0.3781 0.1850 0.9071
vn 0.2993 -0.0844 0.9504
vn 0.5425 -0.1630 0.8241
vn 0.6142 0.1134 0.7810
vn 0.4318 0.1522 0.8890
vn 0.2561 0.0077 0.9666
vn 0.3007 0.1718 0.9381
vn 0.2841 0.1730 0.9431
vn 0.4291 0.4554 0.7800
vn 0.3649 0.4062 0.8378
vn 0.6680 0.1550 0.7279
vn 0.4888 0.1017 0.8665
vn 0.5517 0.1715 0.8162
vn 0.6308 0.4516 0.6311
vn 0.2309 -0.0280 0.9726
vn 0.3718 0.2775 0.8859
vn 0.4911 0.2603 0.8313
vn 0.3239 0.3626 0.8738
vn 0.2947 0.3189 0.9008
vn 0.7355 0.1184 0.6671
vn 0.8411 0.1484 0.5201
vn 0.8628 0.0730 0.5002
vn 0.7182 0.0288 0.6953
vn 0.5454 -0.0038 0.8382
vn 0.8178 0.1623 0.5522
vn 0.7021 0.2664 0.6604
vn 0.3112 0.0976 0.9453
vn 0.8696 0.0609 0.4900
vn 0.6959 -0.0360 0.7172
vn 0.8766 0.0717 0.4759
vn 0.9724 0.1907 0.1341
vn 0.9659 0.2510 0.0640
vn 0.7213 0.3295 0.6092
vn 0.7870 0.2517 0.5632
vn 0.7237 0.1819 0.6657
vn 0.9241 0.3756 0.0700
vn 0.6641 -0.0467 0.7462
vn 0.8856 0.2451 0.3946
vn 0.9238 0.1643 0.3459
vn 0.9560 0.1250 0.2653
vn 0.9679 0.1492 0.2023
vn 0.4083 0.2042 0.8897
vn 0.5139 0.1343 0.8473
vn 0.4088 0.0952 0.9077
vn 0.2662 0.1886 0.9453
vn 0.1975 0.3983 0.8957
vn 0.5315 0.1642 0.8310
vn 0.6819 0.2319 0.6937
vn 0.3603 0.5873 0.7248
vn 0.3904 0.0911 0.9161
vn 0.1967 0.2209 0.9553
vn 0.3939 0.1041 0.9132
vn 0.5751 -0.0632 0.8157
vn 0.6716 -0.0725 0.7374
vn 0.7533 0.2081 0.6239
vn 0.6638 0.1798 0.7260
vn 0.5339 0.2428 0.8099
vn 0.8130 -0.0427 0.5807
vn 0.1743 0.2807 0.9438
vn 0.6716 0.0887 0.7356
vn 0.5909 0.0582 0.8047
vn 0.5400 0.0022 0.8416
vn 0.5426 -0.0383 0.8391
vn 0.5282 0.1733 0.8312
vn 0.7198 0.1278 0.6823
vn 0.6714 0.0446 0.7398
vn 0.3987 0.0916 0.9125
vn 0.2822 0.1522 0.9472
vn 0.7341 0.1148 0.6692
vn 0.7631 0.2432 0.5987
vn 0.2379 0.3402 0.9098
vn 0.6709 0.0107 0.7415
vn 0.3231 0.0483 0.9451
vn 0.6833 0.0098 0.7300
vn 0.9295 -0.0391 0.3668
vn 0.9626 -0.0051 0.2708
vn 0.8220 0.2612 0.5061
vn 0.7906 0.2075 0.5761
vn 0.6336 0.2401 0.7355
vn 0.9854 0.0853 0.1474
vn 0.3066 0.0594 0.9500
vn 0.8726 0.1200 0.4734
vn 0.8625 0.0667 0.5017
vn 0.8821 0.0027 0.4711
vn 0.9066 -0.0320 0.4208
vn 0.9488 0.2281 0.2184
vn 0.9076 0.3179 0.2743
vn 0.9290 0.3374 0.1519
vn 0.9744 0.2114 0.0765
vn 0.9941 0.0432 0.0993
vn 0.9051 0.2720 0.3269
vn 0.8439 0.1952 0.4997
vn 0.9532 -0.0618 0.2959
vn 0.9286 0.3302 0.1694
vn 0.9855 0.1660 0.0347
vn 0.9288 0.3260 0.1762
vn 0.7322 0.5651 0.3803
vn 0.6458 0.5955 0.4779
vn 0.7815 0.2290 0.5804
vn 0.8447 0.2686 0.4631
vn 0.9113 0.2046 0.3573
vn 0.5120 0.5191 0.6843
vn 0.9920 0.1216 0.0329
vn 0.8130 0.3781 0.4428
vn 0.8480 0.4223 0.3203
vn 0.8369 0.4850 0.2538
vn 0.7906 0.5282 0.3099
vn 0.4216 0.2716 0.8651
vn 0.2990 0.2496 0.9210
vn 0.3931 0.3790 0.8377
vn 0.4909 0.3573 0.7946
vn 0.2234 0.0974 0.9699
vn 0.4058 -0.0213 0.9137
vn 0.6634 0.2140 0.7170
vn 0.5196 0.3074 0.7972
vn 0.2400 0.1968 0.9506
vn 0.4031 0.3652 0.8391
vn 0.3869 0.3711 0.8442
vn 0.7006 0.5872 0.4054
vn 0.6242 0.5811 0.5222
vn 0.7380 0.2338 0.6330
vn 0.5379 0.2401 0.8081
vn 0.6455 0.2892 0.7069
vn 0.8389 0.4775 0.2612
vn 0.1914 0.1646 0.9676
vn 0.5508 0.4563 0.6989
vn 0.6494 0.3952 0.6497
vn 0.5612 0.5601 0.6094
vn 0.5040 0.5280 0.6836
vn 0.2051 0.2858 0.9361
vn 0.3441 0.2096 0.9153
vn 0.2213 0.1618 0.9617
vn 0.0109 0.2526 0.9675
vn -0.1907 0.3414 0.9204
vn 0.3516 0.2347 0.9063
vn 0.4716 0.3537 0.8077
vn -0.1462 0.5807 0.8009
vn 0.2052 0.1504 0.9671
vn -0.1309 0.2269 0.9651
vn 0.2323 0.1485 0.9612
vn 0.5744 0.0488 0.8171
vn 0.6744 0.0475 0.7369
vn 0.5849 0.3409 0.7360
vn 0.4916 0.2811 0.8242
vn 0.3243 0.3186 0.8907
vn 0.7918 0.0991 0.6027
vn -0.1763 0.2391 0.9549
vn 0.5492 0.1862 0.8147
vn 0.4508 0.1286 0.8833
vn 0.4243 0.0744 0.9025
vn 0.4885 0.0583 0.8706
vn 0.1922 0.5754 0.7949
vn 0.0877 0.4593 0.8840
vn -0.0791 0.5097 0.8567
vn 0.0680 0.6854 0.7250
vn 0.5536 0.7208 0.4172
vn 0.1685 0.4611 0.8712
vn 0.3975 0.3646 0.8420
vn 0.8087 0.5041 0.3032
vn -0.1028 0.5192 0.8484
vn 0.1192 0.7583 0.6410
vn -0.0684 0.5273 0.8469
vn -0.2769 0.2776 0.9199
vn -0.2153 0.2167 0.9522
vn 0.3932 0.3016 0.8686
vn 0.2829 0.3651 0.8869
vn 0.3458 0.4844 0.8036
vn -0.0413 0.1435 0.9888
vn 0.2776 0.7855 0.5530
vn 0.0969 0.3193 0.9427
vn -0.0280 0.3575 0.9335
vn -0.1831 0.3494 0.9189
vn -0.2583 0.3153 0.9132
vn 0.1876 0.4676 0.8638
vn 0.2130 0.3019 0.9292
vn 0.0054 0.2943 0.9557
vn -0.0954 0.5138 0.8526
vn -0.0226 0.6488 0.7606
vn 0.1968 0.2853 0.9380
vn 0.4630 0.3003 0.8339
vn 0.4473 0.7201 0.5304
vn -0.0627 0.2735 0.9598
vn -0.2553 0.5239 0.8126
vn -0.0546 0.2647 0.9628
vn 0.0903 0.0416 0.9950
vn 0.2002 0.0152 0.9796
vn 0.5290 0.2511 0.8106
vn 0.4158 0.2701 0.8685
vn 0.3886 0.4047 0.8278
vn 0.4125 0.0052 0.9109
vn -0.2428 0.5458 0.8019
vn 0.3189 0.1709 0.9323
vn 0.2091 0.1594 0.9648
vn 0.1095 0.1114 0.9877
vn 0.0744 0.0699 0.9948
vn 0.5920 0.0998 0.7997
vn 0.6796 0.1588 0.7162
vn 0.7358 0.1158 0.6673
vn 0.6229 0.0349 0.7815
vn 0.3644 -0.0355 0.9306
vn 0.6090 0.1648 0.7758
vn 0.4315 0.2198 0.8749
vn 0.0856 -0.0007 0.9963
vn 0.7238 0.1201 0.6795
vn 0.5801 -0.0025 0.8145
vn 0.7176 0.1212 0.6858
vn 0.8535 0.2772 0.4413
vn 0.8547 0.3310 0.3999
vn 0.4488 0.2823 0.8479
vn 0.5557 0.2303 0.7988
vn 0.5065 0.1515 0.8488
vn 0.7688 0.4512 0.4533
vn 0.5178 -0.0246 0.8551
vn 0.6941 0.2580 0.6720
vn 0.7669 0.2133 0.6053
vn 0.8282 0.2034 0.5223
vn 0.8444 0.2378 0.4801
vn 0.3592 0.5793 0.7317
vn 0.2515 0.6792 0.6895
vn 0.5640 0.5875 0.5803
vn 0.5521 0.5185 0.6529
vn -0.2136 0.6420 0.7363
vn -0.3345 0.4051 0.8509
vn 0.3525 0.3754 0.8572
vn 0.4708 0.5012 0.7260
vn 0.0750 0.7114 0.6988
vn 0.5424 0.5841 0.6039
vn 0.5487 0.5947 0.5876
vn 0.8614 0.2935 0.4145
vn 0.8399 0.3522 0.4129
vn 0.4318 0.3196 0.8435
vn 0.3419 0.4808 0.8075
vn 0.4864 0.4011 0.7763
vn 0.8217 0.2043 0.5321
vn -0.0501 0.7299 0.6817
vn 0.7080 0.4489 0.5452
vn 0.6543 0.3915 0.6469
vn 0.8128 0.4024 0.4213
vn 0.7759 0.4524 0.4396
vn 0.7059 0.3585 0.6109
vn 0.8044 0.4103 0.4296
vn 0.8568 0.3141 0.4090
vn 0.7300 0.2473 0.6371
vn 0.5752 0.1870 0.7964
vn 0.7728 0.4271 0.4695
vn 0.5722 0.5532 0.6054
vn 0.2720 0.2533 0.9284
vn 0.8673 0.2995 0.3976
vn 0.7351 0.1730 0.6556
vn 0.8704 0.3130 0.3801
vn 0.8914 0.4488 -0.0631
vn 0.8373 0.5183 -0.1737
vn 0.5430 0.6490 0.5328
vn 0.6847 0.5491 0.4791
vn 0.6566 0.4402 0.6124
vn 0.6939 0.6853 -0.2209
vn 0.7095 0.1580 0.6868
vn 0.7977 0.5469 0.2541
vn 0.8776 0.4321 0.2075
vn 0.9194 0.3754 0.1177
vn 0.9151 0.4018 0.0342
vn 0.2837 0.3961 0.8733
vn 0.4549 0.3375 0.8241
vn 0.3731 0.2709 0.8873
vn 0.1474 0.3420 0.9280
vn -0.1268 0.5452 0.8287
vn 0.4519 0.3775 0.8082
vn 0.5741 0.5004 0.6481
vn -0.1604 0.8004 0.5775
vn 0.3574 0.2625 0.8963
vn 0.0468 0.3588 0.9323
vn 0.3510 0.2777 0.8942
vn 0.6338 0.1297 0.7625
vn 0.7267 0.1324 0.6740
vn 0.6742 0.4815 0.5600
vn 0.5896 0.4259 0.6863
vn 0.3913 0.4774 0.7868
vn 0.8460 0.1769 0.5030
vn -0.0331 0.4156 0.9089
vn 0.6530 0.3117 0.6902
vn 0.5858 0.2626 0.7667
vn 0.5666 0.1925 0.8012
vn 0.5911 0.1505 0.7924
vn 0.4412 0.3881 0.8092
vn 0.6837 0.3682 0.6300
vn 0.6756 0.2593 0.6902
vn 0.3655 0.2647 0.8924
vn 0.1963 0.3061 0.9315
vn 0.7062 0.3537 0.6133
vn 0.6624 0.5329 0.5265
vn -0.0279 0.4996 0.8658
vn 0.6911 0.2207 0.6882
vn 0.3224 0.2035 0.9245
vn 0.7038 0.2213 0.6751
vn 0.9458 0.1836 0.2679
vn 0.9633 0.2180 0.1567
vn 0.7186 0.5676 0.4017
vn 0.7175 0.4863 0.4986
vn 0.5104 0.5001 0.6996
vn 0.9489 0.3154 -0.0080
vn 0.2976 0.2119 0.9309
vn 0.8487 0.3744 0.3734
vn 0.8586 0.3062 0.4111
vn 0.8961 0.2308 0.3792
vn 0.9257 0.1921 0.3259
vn 0.8594 0.5105 0.0276
vn 0.7614 0.6444 0.0710
vn 0.7507 0.6530 -0.1000
vn 0.8725 0.4678 -0.1412
vn 0.9643 0.2606 -0.0462
vn 0.7974 0.5829 0.1565
vn 0.7837 0.4749 0.4002
vn 0.9680 0.1572 0.1958
vn 0.7594 0.6464 -0.0742
vn 0.8996 0.4024 -0.1698
vn 0.7643 0.6417 -0.0636
vn 0.2868 0.9477 0.1401
vn 0.1453 0.9523 0.2683
vn 0.6935 0.5157 0.5032
vn 0.7390 0.5803 0.3423
vn 0.8462 0.4882 0.2134
vn 0.0795 0.8152 0.5737
vn 0.9256 0.3466 -0.1519
vn 0.6098 0.7372 0.2911
vn 0.5992 0.7941 0.1014
vn 0.5066 0.8620 -0.0153
vn 0.4019 0.9143 0.0505
vn 0.2370 0.4810 0.8441
vn 0.1248 0.4188 0.8995
vn 0.0978 0.6003 0.7938
vn 0.2326 0.6112 0.7565
vn 0.1845 0.2345 0.9544
vn 0.4513 0.1465 0.8802
vn 0.5653 0.4717 0.6767
vn 0.3159 0.5568 0.7682
vn 0.1131 0.3443 0.9320
vn 0.1233 0.5878 0.7996
vn 0.0991 0.5886 0.8023
vn 0.2204 0.9608 0.1683
vn 0.1380 0.9317 0.3361
vn 0.6392 0.5148 0.5713
vn 0.3982 0.4749 0.7848
vn 0.4843 0.5708 0.6630
vn 0.5190 0.8548 -0.0022
vn 0.0935 0.2977 0.9501
vn 0.1981 0.7606 0.6182
vn 0.3882 0.7205 0.5747
vn 0.0890 0.8825 0.4618
vn 0.0600 0.8205 0.5684
usemtl Tree_Bark
f 1/1/1 11/11/11 2/2/2
f 2/2/2 11/11/11 12/12/12
f 2/2/2 12/12/12 3/3/3
f 3/3/3 12/12/12 13/13/13
f 3/3/3 13/13/13 4/4/4
f 4/4/4 13/13/13 14/14/14
f 4/4/4 14/14/14 5/5/5
f 5/5/5 14/14/14 15/15/15
f 5/5/5 15/15/15 6/6/6
f 6/6/6 15/15/15 16/16/16
f 6/6/6 16/16/16 7/7/7
f 7/7/7 16/16/16 17/17/17
f 7/7/7 17/17/17 8/8/8
f 8/8/8 17/17/17 18/18/18
f 8/8/8 18/18/18 9/9/9
f 9/9/9 18/18/18 19/19/19
f 9/9/9 19/19/19 10/10/10
f 10/10/10 19/19/19 20/20/20
f 11/11/11 21/21/21 12/12/12
f 12/12/12 21/21/21 22/22/22
f 12/12/12 22/22/22 13/13/13
f 13/13/13 22/22/22 23/23/23
f 13/13/13 23/23/23 14/14/14
f 14/14/14 23/23/23 24/24/24
f 14/14/14 24/24/24 15/15/15
f 15/15/15 24/24/24 25/25/25
f 15/15/15 25/25/25 16/16/16
f 16/16/16 25/25/25 26/26/26
f 16/16/16 26/26/26 17/17/17
f 17/17/17 26/26/26 27/27/27
f 17/17/17 27/27/27 18/18/18
f 18/18/18 27/27/27 28/28/28
f 18/18/18 28/28/28 19/19/19
f 19/19/19 28/28/28 29/29/29
f 19/19/19 29/29/29 20/20/20
f 20/20/20 29/29/29 30/30/30
f 21/21/21 31/31/31 22/22/22
f 22/22/22 31/31/31 32/32/32
f 22/22/22 32/32/32 23/23/23
f 23/23/23 32/32/32 33/33/33
f 23/23/23 33/33/33 24/24/24
f 24/24/24 33/33/33 34/34/34
f 24/24/24 34/34/34 25/25/25
f 25/25/25 34/34/34 35/35/35
f 25/25/25 35/35/35 26/26/26
f 26/26/26 35/35/35 36/36/36
f 26/26/26 36/36/36 27/27/27
f 27/27/27 36/36/36 37/37/37
f 27/27/27 37/37/37 28/28/28
f 28/28/28 37/37/37 38/38/38
f 28/28/28 38/38/38 29/29/29
f 29/29/29 38/38/38 39/39/39
f 29/29/29 39/39/39 30/30/30
f 30/30/30 39/39/39 40/40/40
f 31/31/31 41/41/41 32/32/32
f 32/32/32 41/41/41 42/42/42
f 32/32/32 42/42/42 33/33/33
f 33/33/33 42/42/42 43/43/43
f 33/33/33 43/43/43 34/34/34
f 34/34/34 43/43/43 44/44/44
f 34/34/34 44/44/44 35/35/35
f 35/35/35 44/44/44 45/45/45
f 35/35/35 45/45/45 36/36/36
f 36/36/36 45/45/45 46/46/46
f 36/36/36 46/46/46 37/37/37
f 37/37/37 46/46/46 47/47/47
f 37/37/37 47/47/47 38/38/38
f 38/38/38 47/47/47 48/48/48
f 38/38/38 48/48/48 39/39/39
f 39/39/39 48/48/48 49/49/49
f 39/39/39 49/49/49 40/40/40
f 40/40/40 49/49/49 50/50/50
f 41/41/41 51/51/51 42/42/42
f 42/42/42 51/51/51 52/52/52
f 42/42/42 52/52/52 43/43/43
f 43/43/43 52/52/52 53/53/53
f 43/43/43 53/53/53 44/44/44
f 44/44/44 53/53/53 54/54/54
f 44/44/44 54/54/54 45/45/45
f 45/45/45 54/54/54 55/55/55
f 45/45/45 55/55/55 46/46/46
f 46/46/46 55/55/55 56/56/56
f 46/46/46 56/56/56 47/47/47
f 47/47/47 56/56/56 57/57/57
f 47/47/47 57/57/57 48/48/48
f 48/48/48 57/57/57 58/58/58
f 48/48/48 58/58/58 49/49/49
f 49/49/49 58/58/58 59/59/59
f 49/49/49 59/59/59 50/50/50
f 50/50/50 59/59/59 60/60/60
f 51/51/51 61/61/61 52/52/52
f 52/52/52 61/61/61 62/62/62
f 52/52/52 62/62/62 53/53/53
f 53/53/53 62/62/62 63/63/63
f 53/53/53 63/63/63 54/54/54
f 54/54/54 63/63/63 64/64/64
f 54/54/54 64/64/64 55/55/55
f 55/55/55 64/64/64 65/65/65
f 55/55/55 65/65/65 56/56/56
f 56/56/56 65/65/65 66/66/66
f 56/56/56 66/66/66 57/57/57
f 57/57/57 66/66/66 67/67/67
f 57/57/57 67/67/67 58/58/58
f 58/58/58 67/67/67 68/68/68
f 58/58/58 68/68/68 59/59/59
f 59/59/59 68/68/68 69/69/69
f 59/59/59 69/69/69 60/60/60
f 60/60/60 69/69/69 70/70/70
f 61/61/61 71/71/71 62/62/62
f 62/62/62 71/71/71 72/72/72
f 62/62/62 72/72/72 63/63/63
f 63/63/63 72/72/72 73/73/73
f 63/63/63 73/73/73 64/64/64
f 64/64/64 73/73/73 74/74/74
f 64/64/64 74/74/74 65/65/65
f 65/65/65 74/74/74 75/75/75
f 65/65/65 75/75/75 66/66/66
f 66/66/66 75/75/75 76/76/76
f 66/66/66 76/76/76 67/67/67
f 67/67/67 76/76/76 77/77/77
f 67/67/67 77/77/77 68/68/68
f 68/68/68 77/77/77 78/78/78
f 68/68/68 78/78/78 69/69/69
f 69/69/69 78/78/78 79/79/79
f 69/69/69 79/79/79 70/70/70
f 70/70/70 79/79/79 80/80/80
f 71/71/71 81/81/81 72/72/72
f 72/72/72 81/81/81 82/82/82
f 72/72/72 82/82/82 73/73/73
f 73/73/73 82/82/82 83/83/83
f 73/73/73 83/83/83 74/74/74
f 74/74/74 83/83/83 84/84/84
f 74/74/74 84/84/84 75/75/75
f 75/75/75 84/84/84 85/85/85
f 75/75/75 85/85/85 76/76/76
f 76/76/76 85/85/85 86/86/86
f 76/76/76 86/86/86 77/77/77
f 77/77/77 86/86/86 87/87/87
f 77/77/77 87/87/87 78/78/78
f 78/78/78 87/87/87 88/88/88
f 78/78/78 88/88/88 79/79/79
f 79/79/79 88/88/88 89/89/89
f 79/79/79 89/89/89 80/80/80
f 80/80/80 89/89/89 90/90/90
f 81/81/81 91/91/91 82/82/82
f 82/82/82 91/91/91 92/92/92
f 82/82/82 92/92/92 83/83/83
f 83/83/83 92/92/92 93/93/93
f 83/83/83 93/93/93 84/84/84
f 84/84/84 93/93/93 94/94/94
f 84/84/84 94/94/94 85/85/85
f 85/85/85 94/94/94 95/95/95
f 85/85/85 95/95/95 86/86/86
f 86/86/86 95/95/95 96/96/96
f 86/86/86 96/96/96 87/87/87
f 87/87/87 96/96/96 97/97/97
f 87/87/87 97/97/97 88/88/88
f 88/88/88 97/97/97 98/98/98
f 88/88/88 98/98/98 89/89/89
f 89/89/89 98/98/98 99/99/99
f 89/89/89 99/99/99 90/90/90
f 90/90/90 99/99/99 100/100/100
f 91/91/91 101/101/101 92/92/92
f 92/92/92 101/101/101 102/102/102
f 92/92/92 102/102/102 93/93/93
f 93/93/93 102/102/102 103/103/103
f 93/93/93 103/103/103 94/94/94
f 94/94/94 103/103/103 104/104/104
f 94/94/94 104/104/104 95/95/95
f 95/95/95 104/104/104 105/105/105
f 95/95/95 105/105/105 96/96/96
f 96/96/96 105/105/105 106/106/106
f 96/96/96 106/106/106 97/97/97
f 97/97/97 106/106/106 107/107/107
f 97/97/97 107/107/107 98/98/98
f 98/98/98 107/107/107 108/108/108
f 98/98/98 108/108/108 99/99/99
f 99/99/99 108/108/108 109/109/109
f 99/99/99 109/109/109 100/100/100
f 100/100/100 109/109/109 110/110/110
f 101/101/101 111/111/111 102/102/102
f 102/102/102 111/111/111 112/112/112
f 102/102/102 112/112/112 103/103/103
f 103/103/103 112/112/112 113/113/113
f 103/103/103 113/113/113 104/104/104
f 104/104/104 113/113/113 114/114/114
f 104/104/104 114/114/114 105/105/105
f 105/105/105 114/114/114 115/115/115
f 105/105/105 115/115/115 106/106/106
f 106/106/106 115/115/115 116/116/116
f 106/106/106 116/116/116 107/107/107
f 107/107/107 116/116/116 117/117/117
f 107/107/107 117/117/117 108/108/108
f 108/108/108 117/117/117 118/118/118
f 108/108/108 118/118/118 109/109/109
f 109/109/109 118/118/118 119/119/119
f 109/109/109 119/119/119 110/110/110
f 110/110/110 119/119/119 120/120/120
f 111/111/111 121/121/121 112/112/112
f 112/112/112 121/121/121 122/122/122
f 112/112/112 122/122/122 113/113/113
f 113/113/113 122/122/122 123/123/123
f 113/113/113 123/123/123 114/114/114
f 114/114/114 123/123/123 124/124/124
f 114/114/114 124/124/124 115/115/115
f 115/115/115 124/124/124 125/125/125
f 115/115/115 125/125/125 116/116/116
f 116/116/116 125/125/125 126/126/126
f 116/116/116 126/126/126 117/117/117
f 117/117/117 126/126/126 127/127/127
f 117/117/117 127/127/127 118/118/118
f 118/118/118 127/127/127 128/128/128
f 118/118/118 128/128/128 119/119/119
f 119/119/119 128/128/128 129/129/129
f 119/119/119 129/129/129 120/120/120
f 120/120/120 129/129/129 130/130/130
f 121/121/121 131/131/131 122/122/122
f 122/122/122 131/131/131 132/132/132
f 122/122/122 132/132/132 123/123/123
f 123/123/123 132/132/132 133/133/133
f 123/123/123 133/133/133 124/124/124
f 124/124/124 133/133/133 134/134/134
f 124/124/124 134/134/134 125/125/125
f 125/125/125 134/134/134 135/135/135
f 125/125/125 135/135/135 126/126/126
f 126/126/126 135/135/135 136/136/136
f 126/126/126 136/136/136 127/127/127
f 127/127/127 136/136/136 137/137/137
f 127/127/127 137/137/137 128/128/128
f 128/128/128 137/137/137 138/138/138
f 128/128/128 138/138/138 129/129/129
f 129/129/129 138/138/138 139/139/139
f 129/129/129 139/139/139 130/130/130
f 130/130/130 139/139/139 140/140/140
f 131/131/131 141/141/141 132/132/132
f 132/132/132 141/141/141 142/142/142
f 132/132/132 142/142/142 133/133/133
f 133/133/133 142/142/142 143/143/143
f 133/133/133 143/143/143 134/134/134
f 134/134/134 143/143/143 144/144/144
f 134/134/134 144/144/144 135/135/135
f 135/135/135 144/144/144 145/145/145
f 135/135/135 145/145/145 136/136/136
f 136/136/136 145/145/145 146/146/146
f 136/136/136 146/146/146 137/137/137
f 137/137/137 146/146/146 147/147/147
f 137/137/137 147/147/147 138/138/138
f 138/138/138 147/147/147 148/148/148
f 138/138/138 148/148/148 139/139/139
f 139/139/139 148/148/148 149/149/149
f 139/139/139 149/149/149 140/140/140
f 140/140/140 149/149/149 150/150/150
f 141/141/141 151/151/151 142/142/142
f 142/142/142 151/151/151 152/152/152
f 142/142/142 152/152/152 143/143/143
f 143/143/143 152/152/152 153/153/153
f 143/143/143 153/153/153 144/144/144
f 144/144/144 153/153/153 154/154/154
f 144/144/144 154/154/154 145/145/145
f 145/145/145 154/154/154 155/155/155
f 145/145/145 155/155/155 146/146/146
f 146/146/146 155/155/155 156/156/156
f 146/146/146 156/156/156 147/147/147
f 147/147/147 156/156/156 157/157/157
f 147/147/147 157/157/157 148/148/148
f 148/148/148 157/157/157 158/158/158
f 148/148/148 158/158/158 149/149/149
f 149/149/149 158/158/158 159/159/159
f 149/149/149 159/159/159 150/150/150
f 150/150/150 159/159/159 160/160/160
f 151/151/151 161/161/161 152/152/152
f 152/152/152 161/161/161 162/162/162
f 152/152/152 162/162/162 153/153/153
f 153/153/153 162/162/162 163/163/163
f 153/153/153 163/163/163 154/154/154
f 154/154/154 163/163/163 164/164/164
f 154/154/154 164/164/164 155/155/155
f 155/155/155 164/164/164 165/165/165
f 155/155/155 165/165/165 156/156/156
f 156/156/156 165/165/165 166/166/166
f 156/156/156 166/166/166 157/157/157
f 157/157/157 166/166/166 167/167/167
f 157/157/157 167/167/167 158/158/158
f 158/158/158 167/167/167 168/168/168
f 158/158/158 168/168/168 159/159/159
f 159/159/159 168/168/168 169/169/169
f 159/159/159 169/169/169 160/160/160
f 160/160/160 169/169/169 170/170/170
f 161/161/161 171/171/171 162/162/162
f 162/162/162 171/171/171 172/172/172
f 162/162/162 172/172/172 163/163/163
f 163/163/163 172/172/172 173/173/173
f 163/163/163 173/173/173 164/164/164
f 164/164/164 173/173/173 174/174/174
f 164/164/164 174/174/174 165/165/165
f 165/165/165 174/174/174 175/175/175
f 165/165/165 175/175/175 166/166/166
f 166/166/166 175/175/175 176/176/176
f 166/166/166 176/176/176 167/167/167
f 167/167/167 176/176/176 177/177/177
f 167/167/167 177/177/177 168/168/168
f 168/168/168 177/177/177 178/178/178
f 168/168/168 178/178/178 169/169/169
f 169/169/169 178/178/178 179/179/179
f 169/169/169 179/179/179 170/170/170
f 170/170/170 179/179/179 180/180/180
f 171/171/171 181/181/181 172/172/172
f 172/172/172 181/181/181 182/182/182
f 172/172/172 182/182/182 173/173/173
f 173/173/173 182/182/182 183/183/183
f 173/173/173 183/183/183 174/174/174
f 174/174/174 183/183/183 184/184/184
f 174/174/174 184/184/184 175/175/175
f 175/175/175 184/184/184 185/185/185
f 175/175/175 185/185/185 176/176/176
f 176/176/176 185/185/185 186/186/186
f 176/176/176 186/186/186 177/177/177
f 177/177/177 186/186/186 187/187/187
f 177/177/177 187/187/187 178/178/178
f 178/178/178 187/187/187 188/188/188
f 178/178/178 188/188/188 179/179/179
f 179/179/179 188/188/188 189/189/189
f 179/179/179 189/189/189 180/180/180
f 180/180/180 189/189/189 190/190/190
f 181/181/181 191/191/191 182/182/182
f 182/182/182 191/191/191 192/192/192
f 182/182/182 192/192/192 183/183/183
f 183/183/183 192/192/192 193/193/193
f 183/183/183 193/193/193 184/184/184
f 184/184/184 193/193/193 194/194/194
f 184/184/184 194/194/194 185/185/185
f 185/185/185 194/194/194 195/195/195
f 185/185/185 195/195/195 186/186/186
f 186/186/186 195/195/195 196/196/196
f 186/186/186 196/196/196 187/187/187
f 187/187/187 196/196/196 197/197/197
f 187/187/187 197/197/197 188/188/188
f 188/188/188 197/197/197 198/198/198
f 188/188/188 198/198/198 189/189/189
f 189/189/189 198/198/198 199/199/199
f 189/189/189 199/199/199 190/190/190
f 190/190/190 199/199/199 200/200/200
f 191/191/191 201/201/201 192/192/192
f 192/192/192 201/201/201 202/202/202
f 192/192/192 202/202/202 193/193/193
f 193/193/193 202/202/202 203/203/203
f 193/193/193 203/203/203 194/194/194
f 194/194/194 203/203/203 204/204/204
f 194/194/194 204/204/204 195/195/195
f 195/195/195 204/204/204 205/205/205
f 195/195/195 205/205/205 196/196/196
f 196/196/196 205/205/205 206/206/206
f 196/196/196 206/206/206 197/197/197
f 197/197/197 206/206/206 207/207/207
f 197/197/197 207/207/207 198/198/198
f 198/198/198 207/207/207 208/208/208
f 198/198/198 208/208/208 199/199/199
f 199/199/199 208/208/208 209/209/209
f 199/199/199 209/209/209 200/200/200
f 200/200/200 209/209/209 210/210/210
f 201/201/201 211/211/211 202/202/202
f 202/202/202 211/211/211 212/212/212
f 202/202/202 212/212/212 203/203/203
f 203/203/203 212/212/212 213/213/213
f 203/203/203 213/213/213 204/204/204
f 204/204/204 213/213/213 214/214/214
f 204/204/204 214/214/214 205/205/205
f 205/205/205 214/214/214 215/215/215
f 205/205/205 215/215/215 206/206/206
f 206/206/206 215/215/215 216/216/216
f 206/206/206 216/216/216 207/207/207
f 207/207/207 216/216/216 217/217/217
f 207/207/207 217/217/217 208/208/208
f 208/208/208 217/217/217 218/218/218
f 208/208/208 218/218/218 209/209/209
f 209/209/209 218/218/218 219/219/219
f 209/209/209 219/219/219 210/210/210
f 210/210/210 219/219/219 220/220/220
f 211/211/211 221/221/221 212/212/212
f 212/212/212 221/221/221 222/222/222
f 212/212/212 222/222/222 213/213/213
f 213/213/213 222/222/222 223/223/223
f 213/213/213 223/223/223 214/214/214
f 214/214/214 223/223/223 224/224/224
f 214/214/214 224/224/224 215/215/215
f 215/215/215 224/224/224 225/225/225
f 215/215/215 225/225/225 216/216/216
f 216/216/216 225/225/225 226/226/226
f 216/216/216 226/226/226 217/217/217
f 217/217/217 226/226/226 227/227/227
f 217/217/217 227/227/227 218/218/218
f 218/218/218 227/227/227 228/228/228
f 218/218/218 228/228/228 219/219/219
f 219/219/219 228/228/228 229/229/229
f 219/219/219 229/229/229 220/220/220
f 220/220/220 229/229/229 230/230/230
f 221/221/221 231/231/231 222/222/222
f 222/222/222 231/231/231 232/232/232
f 222/222/222 232/232/232 223/223/223
f 223/223/223 232/232/232 233/233/233
f 223/223/223 233/233/233 224/224/224
f 224/224/224 233/233/233 234/234/234
f 224/224/224 234/234/234 225/225/225
f 225/225/225 234/234/234 235/235/235
f 225/225/225 235/235/235 226/226/226
f 226/226/226 235/235/235 236/236/236
f 226/226/226 236/236/236 227/227/227
f 227/227/227 236/236/236 237/237/237
f 227/227/227 237/237/237 228/228/228
f 228/228/228 237/237/237 238/238/238
f 228/228/228 238/238/238 229/229/229
f 229/229/229 238/238/238 239/239/239
f 229/229/229 239/239/239 230/230/230
f 230/230/230 239/239/239 240/240/240
f 231/231/231 241/241/241 232/232/232
f 232/232/232 241/241/241 242/242/242
f 232/232/232 242/242/242 233/233/233
f 233/233/233 242/242/242 243/243/243
f 233/233/233 243/243/243 234/234/234
f 234/234/234 243/243/243 244/244/244
f 234/234/234 244/244/244 235/235/235
f 235/235/235 244/244/244 245/245/245
f 235/235/235 245/245/245 236/236/236
f 236/236/236 245/245/245 246/246/246
f 236/236/236 246/246/246 237/237/237
f 237/237/237 246/246/246 247/247/247
f 237/237/237 247/247/247 238/238/238
f 238/238/238 247/247/247 248/248/248
f 238/238/238 248/248/248 239/239/239
f 239/239/239 248/248/248 249/249/249
f 239/239/239 249/249/249 240/240/240
f 240/240/240 249/249/249 250/250/250
f 241/241/241 251/251/251 242/242/242
f 242/242/242 251/251/251 252/252/252
f 242/242/242 252/252/252 243/243/243
f 243/243/243 252/252/252 253/253/253
f 243/243/243 253/253/253 244/244/244
f 244/244/244 253/253/253 254/254/254
f 244/244/244 254/254/254 245/245/245
f 245/245/245 254/254/254 255/255/255
f 245/245/245 255/255/255 246/246/246
f 246/246/246 255/255/255 256/256/256
f 246/246/246 256/256/256 247/247/247
f 247/247/247 256/256/256 257/257/257
f 247/247/247 257/257/257 248/248/248
f 248/248/248 257/257/257 258/258/258
f 248/248/248 258/258/258 249/249/249
f 249/249/249 258/258/258 259/259/259
f 249/249/249 259/259/259 250/250/250
f 250/250/250 259/259/259 260/260/260
f 251/251/251 261/261/261 252/252/252
f 252/252/252 261/261/261 262/262/262
f 252/252/252 262/262/262 253/253/253
f 253/253/253 262/262/262 263/263/263
f 253/253/253 263/263/263 254/254/254
f 254/254/254 263/263/263 264/264/264
f 254/254/254 264/264/264 255/255/255
f 255/255/255 264/264/264 265/265/265
f 255/255/255 265/265/265 256/256/256
f 256/256/256 265/265/265 266/266/266
f 256/256/256 266/266/266 257/257/257
f 257/257/257 266/266/266 267/267/267
f 257/257/257 267/267/267 258/258/258
f 258/258/258 267/267/267 268/268/268
f 258/258/258 268/268/268 259/259/259
f 259/259/259 268/268/268 269/269/269
f 259/259/259 269/269/269 260/260/260
f 260/260/260 269/269/269 270/270/270
f 261/261/261 271/271/271 262/262/262
f 262/262/262 271/271/271 272/272/272
f 262/262/262 272/272/272 263/263/263
f 263/263/263 272/272/272 273/273/273
f 263/263/263 273/273/273 264/264/264
f 264/264/264 273/273/273 274/274/274
f 264/264/264 274/274/274 265/265/265
f 265/265/265 274/274/274 275/275/275
f 265/265/265 275/275/275 266/266/266
f 266/266/266 275/275/275 276/276/276
f 266/266/266 276/276/276 267/267/267
f 267/267/267 276/276/276 277/277/277
f 267/267/267 277/277/277 268/268/268
f 268/268/268 277/277/277 278/278/278
f 268/268/268 278/278/278 269/269/269
f 269/269/269 278/278/278 279/279/279
f 269/269/269 279/279/279 270/270/270
f 270/270/270 279/279/279 280/280/280
f 271/271/271 281/281/281 272/272/272
f 272/272/272 281/281/281 282/282/282
f 272/272/272 282/282/282 273/273/273
f 273/273/273 282/282/282 283/283/283
f 273/273/273 283/283/283 274/274/274
f 274/274/274 283/283/283 284/284/284
f 274/274/274 284/284/284 275/275/275
f 275/275/275 284/284/284 285/285/285
f 275/275/275 285/285/285 276/276/276
f 276/276/276 285/285/285 286/286/286
f 276/276/276 286/286/286 277/277/277
f 277/277/277 286/286/286 287/287/287
f 277/277/277 287/287/287 278/278/278
f 278/278/278 287/287/287 288/288/288
f 278/278/278 288/288/288 279/279/279
f 279/279/279 288/288/288 289/289/289
f 279/279/279 289/289/289 280/280/280
f 280/280/280 289/289/289 290/290/290
f 281/281/281 291/291/291 282/282/282
f 282/282/282 291/291/291 292/292/292
f 282/282/282 292/292/292 283/283/283
f 283/283/283 292/292/292 293/293/293
f 283/283/283 293/293/293 284/284/284
f 284/284/284 293/293/293 294/294/294
f 284/284/284 294/294/294 285/285/285
f 285/285/285 294/294/294 295/295/295
f 285/285/285 295/295/295 286/286/286
f 286/286/286 295/295/295 296/296/296
f 286/286/286 296/296/296 287/287/287
f 287/287/287 296/296/296 297/297/297
f 287/287/287 297/297/297 288/288/288
f 288/288/288 297/297/297 298/298/298
f 288/288/288 298/298/298 289/289/289
f 289/289/289 298/298/298 299/299/299
f 289/289/289 299/299/299 290/290/290
f 290/290/290 299/299/299 300/300/300
f 291/291/291 301/301/301 292/292/292
f 292/292/292 301/301/301 302/302/302
f 292/292/292 302/302/302 293/293/293
f 293/293/293 302/302/302 303/303/303
f 293/293/293 303/303/303 294/294/294
f 294/294/294 303/303/303 304/304/304
f 294/294/294 304/304/304 295/295/295
f 295/295/295 304/304/304 305/305/305
f 295/295/295 305/305/305 296/296/296
f 296/296/296 305/305/305 306/306/306
f 296/296/296 306/306/306 297/297/297
f 297/297/297 306/306/306 307/307/307
f 297/297/297 307/307/307 298/298/298
f 298/298/298 307/307/307 308/308/308
f 298/298/298 308/308/308 299/299/299
f 299/299/299 308/308/308 309/309/309
f 299/299/299 309/309/309 300/300/300
f 300/300/300 309/309/309 310/310/310
f 311/311/311 316/316/316 312/312/312
f 312/312/312 316/316/316 317/317/317
f 312/312/312 317/317/317 313/313/313
f 313/313/313 317/317/317 318/318/318
f 313/313/313 318/318/318 314/314/314
f 314/314/314 318/318/318 319/319/319
f 314/314/314 319/319/319 315/315/315
f 315/315/315 319/319/319 320/320/320
f 316/316/316 321/321/321 317/317/317
f 317/317/317 321/321/321 322/322/322
f 317/317/317 322/322/322 318/318/318
f 318/318/318 322/322/322 323/323/323
f 318/318/318 323/323/323 319/319/319
f 319/319/319 323/323/323 324/324/324
f 319/319/319 324/324/324 320/320/320
f 320/320/320 324/324/324 325/325/325
f 321/321/321 326/326/326 322/322/322
f 322/322/322 326/326/326 327/327/327
f 322/322/322 327/327/327 323/323/323
f 323/323/323 327/327/327 328/328/328
f 323/323/323 328/328/328 324/324/324
f 324/324/324 328/328/328 329/329/329
f 324/324/324 329/329/329 325/325/325
f 325/325/325 329/329/329 330/330/330
f 326/326/326 331/331/331 327/327/327
f 327/327/327 331/331/331 332/332/332
f 327/327/327 332/332/332 328/328/328
f 328/328/328 332/332/332 333/333/333
f 328/328/328 333/333/333 329/329/329
f 329/329/329 333/333/333 334/334/334
f 329/329/329 334/334/334 330/330/330
f 330/330/330 334/334/334 335/335/335
f 331/331/331 336/336/336 332/332/332
f 332/332/332 336/336/336 337/337/337
f 332/332/332 337/337/337 333/333/333
f 333/333/333 337/337/337 338/338/338
f 333/333/333 338/338/338 334/334/334
f 334/334/334 338/338/338 339/339/339
f 334/334/334 339/339/339 335/335/335
f 335/335/335 339/339/339 340/340/340
f 341/341/341 346/346/346 342/342/342
f 342/342/342 346/346/346 347/347/347
f 342/342/342 347/347/347 343/343/343
f 343/343/343 347/347/347 348/348/348
f 343/343/343 348/348/348 344/344/344
f 344/344/344 348/348/348 349/349/349
f 344/344/344 349/349/349 345/345/345
f 345/345/345 349/349/349 350/350/350
f 346/346/346 351/351/351 347/347/347
f 347/347/347 351/351/351 352/352/352
f 347/347/347 352/352/352 348/348/348
f 348/348/348 352/352/352 353/353/353
f 348/348/348 353/353/353 349/349/349
f 349/349/349 353/353/353 354/354/354
f 349/349/349 354/354/354 350/350/350
f 350/350/350 354/354/354 355/355/355
f 351/351/351 356/356/356 352/352/352
f 352/352/352 356/356/356 357/357/357
f 352/352/352 357/357/357 353/353/353
f 353/353/353 357/357/357 358/358/358
f 353/353/353 358/358/358 354/354/354
f 354/354/354 358/358/358 359/359/359
f 354/354/354 359/359/359 355/355/355
f 355/355/355 359/359/359 360/360/360
f 356/356/356 361/361/361 357/357/357
f 357/357/357 361/361/361 362/362/362
f 357/357/357 362/362/362 358/358/358
f 358/358/358 362/362/362 363/363/363
f 358/358/358 363/363/363 359/359/359
f 359/359/359 363/363/363 364/364/364
f 359/359/359 364/364/364 360/360/360
f 360/360/360 364/364/364 365/365/365
f 361/361/361 366/366/366 362/362/362
f 362/362/362 366/366/366 367/367/367
f 362/362/362 367/367/367 363/363/363
f 363/363/363 367/367/367 368/368/368
f 363/363/363 368/368/368 364/364/364
f 364/364/364 368/368/368 369/369/369
f 364/364/364 369/369/369 365/365/365
f 365/365/365 369/369/369 370/370/370
f 371/371/371 376/376/376 372/372/372
f 372/372/372 376/376/376 377/377/377
f 372/372/372 377/377/377 373/373/373
f 373/373/373 377/377/377 378/378/378
f 373/373/373 378/378/378 374/374/374
f 374/374/374 378/378/378 379/379/379
f 374/374/374 379/379/379 375/375/375
f 375/375/375 379/379/379 380/380/380
f 376/376/376 381/381/381 377/377/377
f 377/377/377 381/381/381 382/382/382
f 377/377/377 382/382/382 378/378/378
f 378/378/378 382/382/382 383/383/383
f 378/378/378 383/383/383 379/379/379
f 379/379/379 383/383/383 384/384/384
f 379/379/379 384/384/384 380/380/380
f 380/380/380 384/384/384 385/385/385
f 381/381/381 386/386/386 382/382/382
f 382/382/382 386/386/386 387/387/387
f 382/382/382 387/387/387 383/383/383
f 383/383/383 387/387/387 388/388/388
f 383/383/383 388/388/388 384/384/384
f 384/384/384 388/388/388 389/389/389
f 384/384/384 389/389/389 385/385/385
f 385/385/385 389/389/389 390/390/390
f 386/386/386 391/391/391 387/387/387
f 387/387/387 391/391/391 392/392/392
f 387/387/387 392/392/392 388/388/388
f 388/388/388 392/392/392 393/393/393
f 388/388/388 393/393/393 389/389/389
f 389/389/389 393/393/393 394/394/394
f 389/389/389 394/394/394 390/390/390
f 390/390/390 394/394/394 395/395/395
f 391/391/391 396/396/396 392/392/392
f 392/392/392 396/396/396 397/397/397
f 392/392/392 397/397/397 393/393/393
f 393/393/393 397/397/397 398/398/398
f 393/393/393 398/398/398 394/394/394
f 394/394/394 398/398/398 399/399/399
f 394/394/394 399/399/399 395/395/395
f 395/395/395 399/399/399 400/400/400
f 401/401/401 406/406/406 402/402/402
f 402/402/402 406/406/406 407/407/407
f 402/402/402 407/407/407 403/403/403
f 403/403/403 407/407/407 408/408/408
f 403/403/403 408/408/408 404/404/404
f 404/404/404 408/408/408 409/409/409
f 404/404/404 409/409/409 405/405/405
f 405/405/405 409/409/409 410/410/410
f 406/406/406 411/411/411 407/407/407
f 407/407/407 411/411/411 412/412/412
f 407/407/407 412/412/412 408/408/408
f 408/408/408 412/412/412 413/413/413
f 408/408/408 413/413/413 409/409/409
f 409/409/409 413/413/413 414/414/414
f 409/409/409 414/414/414 410/410/410
f 410/410/410 414/414/414 415/415/415
f 411/411/411 416/416/416 412/412/412
f 412/412/412 416/416/416 417/417/417
f 412/412/412 417/417/417 413/413/413
f 413/413/413 417/417/417 418/418/418
f 413/413/413 418/418/418 414/414/414
f 414/414/414 418/418/418 419/419/419
f 414/414/414 419/419/419 415/415/415
f 415/415/415 419/419/419 420/420/420
f 416/416/416 421/421/421 417/417/417
f 417/417/417 421/421/421 422/422/422
f 417/417/417 422/422/422 418/418/418
f 418/418/418 422/422/422 423/423/423
f 418/418/418 423/423/423 419/419/419
f 419/419/419 423/423/423 424/424/424
f 419/419/419 424/424/424 420/420/420
f 420/420/420 424/424/424 425/425/425
f 421/421/421 426/426/426 422/422/422
f 422/422/422 426/426/426 427/427/427
f 422/422/422 427/427/427 423/423/423
f 423/423/423 427/427/427 428/428/428
f 423/423/423 428/428/428 424/424/424
f 424/424/424 428/428/428 429/429/429
f 424/424/424 429/429/429 425/425/425
f 425/425/425 429/429/429 430/430/430
f 431/431/431 436/436/436 432/432/432
f 432/432/432 436/436/436 437/437/437
f 432/432/432 437/437/437 433/433/433
f 433/433/433 437/437/437 438/438/438
f 433/433/433 438/438/438 434/434/434
f 434/434/434 438/438/438 439/439/439
f 434/434/434 439/439/439 435/435/435
f 435/435/435 439/439/439 440/440/440
f 436/436/436 441/441/441 437/437/437
f 437/437/437 441/441/441 442/442/442
f 437/437/437 442/442/442 438/438/438
f 438/438/438 442/442/442 443/443/443
f 438/438/438 443/443/443 439/439/439
f 439/439/439 443/443/443 444/444/444
f 439/439/439 444/444/444 440/440/440
f 440/440/440 444/444/444 445/445/445
f 441/441/441 446/446/446 442/442/442
f 442/442/442 446/446/446 447/447/447
f 442/442/442 447/447/447 443/443/443
f 443/443/443 447/447/447 448/448/448
f 443/443/443 448/448/448 444/444/444
f 444/444/444 448/448/448 449/449/449
f 444/444/444 449/449/449 445/445/445
f 445/445/445 449/449/449 450/450/450
f 446/446/446 451/451/451 447/447/447
f 447/447/447 451/451/451 452/452/452
f 447/447/447 452/452/452 448/448/448
f 448/448/448 452/452/452 453/453/453
f 448/448/448 453/453/453 449/449/449
f 449/449/449 453/453/453 454/454/454
f 449/449/449 454/454/454 450/450/450
f 450/450/450 454/454/454 455/455/455
f 451/451/451 456/456/456 452/452/452
f 452/452/452 456/456/456 457/457/457
f 452/452/452 457/457/457 453/453/453
f 453/453/453 457/457/457 458/458/458
f 453/453/453 458/458/458 454/454/454
f 454/454/454 458/458/458 459/459/459
f 454/454/454 459/459/459 455/455/455
f 455/455/455 459/459/459 460/460/460
f 461/461/461 466/466/466 462/462/462
f 462/462/462 466/466/466 467/467/467
f 462/462/462 467/467/467 463/463/463
f 463/463/463 467/467/467 468/468/468
f 463/463/463 468/468/468 464/464/464
f 464/464/464 468/468/468 469/469/469
f 464/464/464 469/469/469 465/465/465
f 465/465/465 469/469/469 470/470/470
f 466/466/466 471/471/471 467/467/467
f 467/467/467 471/471/471 472/472/472
f 467/467/467 472/472/472 468/468/468
f 468/468/468 472/472/472 473/473/473
f 468/468/468 473/473/473 469/469/469
f 469/469/469 473/473/473 474/474/474
f 469/469/469 474/474/474 470/470/470
f 470/470/470 474/474/474 475/475/475
f 471/471/471 476/476/476 472/472/472
f 472/472/472 476/476/476 477/477/477
f 472/472/472 477/477/477 473/473/473
f 473/473/473 477/477/477 478/478/478
f 473/473/473 478/478/478 474/474/474
f 474/474/474 478/478/478 479/479/479
f 474/474/474 479/479/479 475/475/475
f 475/475/475 479/479/479 480/480/480
f 476/476/476 481/481/481 477/477/477
f 477/477/477 481/481/481 482/482/482
f 477/477/477 482/482/482 478/478/478
f 478/478/478 482/482/482 483/483/483
f 478/478/478 483/483/483 479/479/479
f 479/479/479 483/483/483 484/484/484
f 479/479/479 484/484/484 480/480/480
f 480/480/480 484/484/484 485/485/485
f 481/481/481 486/486/486 482/482/482
f 482/482/482 486/486/486 487/487/487
f 482/482/482 487/487/487 483/483/483
f 483/483/483 487/487/487 488/488/488
f 483/483/483 488/488/488 484/484/484
f 484/484/484 488/488/488 489/489/489
f 484/484/484 489/489/489 485/485/485
f 485/485/485 489/489/489 490/490/490
f 491/491/491 496/496/496 492/492/492
f 492/492/492 496/496/496 497/497/497
f 492/492/492 497/497/497 493/493/493
f 493/493/493 497/497/497 498/498/498
f 493/493/493 498/498/498 494/494/494
f 494/494/494 498/498/498 499/499/499
f 494/494/494 499/499/499 495/495/495
f 495/495/495 499/499/499 500/500/500
f 496/496/496 501/501/501 497/497/497
f 497/497/497 501/501/501 502/502/502
f 497/497/497 502/502/502 498/498/498
f 498/498/498 502/502/502 503/503/503
f 498/498/498 503/503/503 499/499/499
f 499/499/499 503/503/503 504/504/504
f 499/499/499 504/504/504 500/500/500
f 500/500/500 504/504/504 505/505/505
f 501/501/501 506/506/506 502/502/502
f 502/502/502 506/506/506 507/507/507
f 502/502/502 507/507/507 503/503/503
f 503/503/503 507/507/507 508/508/508
f 503/503/503 508/508/508 504/504/504
f 504/504/504 508/508/508 509/509/509
f 504/504/504 509/509/509 505/505/505
f 505/505/505 509/509/509 510/510/510
f 506/506/506 511/511/511 507/507/507
f 507/507/507 511/511/511 512/512/512
f 507/507/507 512/512/512 508/508/508
f 508/508/508 512/512/512 513/513/513
f 508/508/508 513/513/513 509/509/509
f 509/509/509 513/513/513 514/514/514
f 509/509/509 514/514/514 510/510/510
f 510/510/510 514/514/514 515/515/515
f 511/511/511 516/516/516 512/512/512
f 512/512/512 516/516/516 517/517/517
f 512/512/512 517/517/517 513/513/513
f 513/513/513 517/517/517 518/518/518
f 513/513/513 518/518/518 514/514/514
f 514/514/514 518/518/518 519/519/519
f 514/514/514 519/519/519 515/515/515
f 515/515/515 519/519/519 520/520/520
f 521/521/521 526/526/526 522/522/522
f 522/522/522 526/526/526 527/527/527
f 522/522/522 527/527/527 523/523/523
f 523/523/523 527/527/527 528/528/528
f 523/523/523 528/528/528 524/524/524
f 524/524/524 528/528/528 529/529/529
f 524/524/524 529/529/529 525/525/525
f 525/525/525 529/529/529 530/530/530
f 526/526/526 531/531/531 527/527/527
f 527/527/527 531/531/531 532/532/532
f 527/527/527 532/532/532 528/528/528
f 528/528/528 532/532/532 533/533/533
f 528/528/528 533/533/533 529/529/529
f 529/529/529 533/533/533 534/534/534
f 529/529/529 534/534/534 530/530/530
f 530/530/530 534/534/534 535/535/535
f 531/531/531 536/536/536 532/532/532
f 532/532/532 536/536/536 537/537/537
f 532/532/532 537/537/537 533/533/533
f 533/533/533 537/537/537 538/538/538
f 533/533/533 538/538/538 534/534/534
f 534/534/534 538/538/538 539/539/539
f 534/534/534 539/539/539 535/535/535
f 535/535/535 539/539/539 540/540/540
f 536/536/536 541/541/541 537/537/537
f 537/537/537 541/541/541 542/542/542
f 537/537/537 542/542/542 538/538/538
f 538/538/538 542/542/542 543/543/543
f 538/538/538 543/543/543 539/539/539
f 539/539/539 543/543/543 544/544/544
f 539/539/539 544/544/544 540/540/540
f 540/540/540 544/544/544 545/545/545
f 541/541/541 546/546/546 542/542/542
f 542/542/542 546/546/546 547/547/547
f 542/542/542 547/547/547 543/543/543
f 543/543/543 547/547/547 548/548/548
f 543/543/543 548/548/548 544/544/544
f 544/544/544 548/548/548 549/549/549
f 544/544/544 549/549/549 545/545/545
f 545/545/545 549/549/549 550/550/550
f 551/551/551 556/556/556 552/552/552
f 552/552/552 556/556/556 557/557/557
f 552/552/552 557/557/557 553/553/553
f 553/553/553 557/557/557 558/558/558
f 553/553/553 558/558/558 554/554/554
f 554/554/554 558/558/558 559/559/559
f 554/554/554 559/559/559 555/555/555
f 555/555/555 559/559/559 560/560/560
f 556/556/556 561/561/561 557/557/557
f 557/557/557 561/561/561 562/562/562
f 557/557/557 562/562/562 558/558/558
f 558/558/558 562/562/562 563/563/563
f 558/558/558 563/563/563 559/559/559
f 559/559/559 563/563/563 564/564/564
f 559/559/559 564/564/564 560/560/560
f 560/560/560 564/564/564 565/565/565
f 561/561/561 566/566/566 562/562/562
f 562/562/562 566/566/566 567/567/567
f 562/562/562 567/567/567 563/563/563
f 563/563/563 567/567/567 568/568/568
f 563/563/563 568/568/568 564/564/564
f 564/564/564 568/568/568 569/569/569
f 564/564/564 569/569/569 565/565/565
f 565/565/565 569/569/569 570/570/570
f 566/566/566 571/571/571 567/567/567
f 567/567/567 571/571/571 572/572/572
f 567/567/567 572/572/572 568/568/568
f 568/568/568 572/572/572 573/573/573
f 568/568/568 573/573/573 569/569/569
f 569/569/569 573/573/573 574/574/574
f 569/569/569 574/574/574 570/570/570
f 570/570/570 574/574/574 575/575/575
f 571/571/571 576/576/576 572/572/572
f 572/572/572 576/576/576 577/577/577
f 572/572/572 577/577/577 573/573/573
f 573/573/573 577/577/577 578/578/578
f 573/573/573 578/578/578 574/574/574
f 574/574/574 578/578/578 579/579/579
f 574/574/574 579/579/579 575/575/575
f 575/575/575 579/579/579 580/580/580
f 581/581/581 586/586/586 582/582/582
f 582/582/582 586/586/586 587/587/587
f 582/582/582 587/587/587 583/583/583
f 583/583/583 587/587/587 588/588/588
f 583/583/583 588/588/588 584/584/584
f 584/584/584 588/588/588 589/589/589
f 584/584/584 589/589/589 585/585/585
f 585/585/585 589/589/589 590/590/590
f 586/586/586 591/591/591 587/587/587
f 587/587/587 591/591/591 592/592/592
f 587/587/587 592/592/592 588/588/588
f 588/588/588 592/592/592 593/593/593
f 588/588/588 593/593/593 589/589/589
f 589/589/589 593/593/593 594/594/594
f 589/589/589 594/594/594 590/590/590
f 590/590/590 594/594/594 595/595/595
f 591/591/591 596/596/596 592/592/592
f 592/592/592 596/596/596 597/597/597
f 592/592/592 597/597/597 593/593/593
f 593/593/593 597/597/597 598/598/598
f 593/593/593 598/598/598 594/594/594
f 594/594/594 598/598/598 599/599/599
f 594/594/594 599/599/599 595/595/595
f 595/595/595 599/599/599 600/600/600
f 596/596/596 601/601/601 597/597/597
f 597/597/597 601/601/601 602/602/602
f 597/597/597 602/602/602 598/598/598
f 598/598/598 602/602/602 603/603/603
f 598/598/598 603/603/603 599/599/599
f 599/599/599 603/603/603 604/604/604
f 599/599/599 604/604/604 600/600/600
f 600/600/600 604/604/604 605/605/605
f 601/601/601 606/606/606 602/602/602
f 602/602/602 606/606/606 607/607/607
f 602/602/602 607/607/607 603/603/603
f 603/603/603 607/607/607 608/608/608
f 603/603/603 608/608/608 604/604/604
f 604/604/604 608/608/608 609/609/609
f 604/604/604 609/609/609 605/605/605
f 605/605/605 609/609/609 610/610/610
f 611/611/611 616/616/616 612/612/612
f 612/612/612 616/616/616 617/617/617
f 612/612/612 617/617/617 613/613/613
f 613/613/613 617/617/617 618/618/618
f 613/613/613 618/618/618 614/614/614
f 614/614/614 618/618/618 619/619/619
f 614/614/614 619/619/619 615/615/615
f 615/615/615 619/619/619 620/620/620
f 616/616/616 621/621/621 617/617/617
f 617/617/617 621/621/621 622/622/622
f 617/617/617 622/622/622 618/618/618
f 618/618/618 622/622/622 623/623/623
f 618/618/618 623/623/623 619/619/619
f 619/619/619 623/623/623 624/624/624
f 619/619/619 624/624/624 620/620/620
f 620/620/620 624/624/624 625/625/625
f 621/621/621 626/626/626 622/622/622
f 622/622/622 626/626/626 627/627/627
f 622/622/622 627/627/627 623/623/623
f 623/623/623 627/627/627 628/628/628
f 623/623/623 628/628/628 624/624/624
f 624/624/624 628/628/628 629/629/629
f 624/624/624 629/629/629 625/625/625
f 625/625/625 629/629/629 630/630/630
f 626/626/626 631/631/631 627/627/627
f 627/627/627 631/631/631 632/632/632
f 627/627/627 632/632/632 628/628/628
f 628/628/628 632/632/632 633/633/633
f 628/628/628 633/633/633 629/629/629
f 629/629/629 633/633/633 634/634/634
f 629/629/629 634/634/634 630/630/630
f 630/630/630 634/634/634 635/635/635
f 631/631/631 636/636/636 632/632/632
f 632/632/632 636/636/636 637/637/637
f 632/632/632 637/637/637 633/633/633
f 633/633/633 637/637/637 638/638/638
f 633/633/633 638/638/638 634/634/634
f 634/634/634 638/638/638 639/639/639
f 634/634/634 639/639/639 635/635/635
f 635/635/635 639/639/639 640/640/640
f 641/641/641 646/646/646 642/642/642
f 642/642/642 646/646/646 647/647/647
f 642/642/642 647/647/647 643/643/643
f 643/643/643 647/647/647 648/648/648
f 643/643/643 648/648/648 644/644/644
f 644/644/644 648/648/648 649/649/649
f 644/644/644 649/649/649 645/645/645
f 645/645/645 649/649/649 650/650/650
f 646/646/646 651/651/651 647/647/647
f 647/647/647 651/651/651 652/652/652
f 647/647/647 652/652/652 648/648/648
f 648/648/648 652/652/652 653/653/653
f 648/648/648 653/653/653 649/649/649
f 649/649/649 653/653/653 654/654/654
f 649/649/649 654/654/654 650/650/650
f 650/650/650 654/654/654 655/655/655
f 651/651/651 656/656/656 652/652/652
f 652/652/652 656/656/656 657/657/657
f 652/652/652 657/657/657 653/653/653
f 653/653/653 657/657/657 658/658/658
f 653/653/653 658/658/658 654/654/654
f 654/654/654 658/658/658 659/659/659
f 654/654/654 659/659/659 655/655/655
f 655/655/655 659/659/659 660/660/660
f 656/656/656 661/661/661 657/657/657
f 657/657/657 661/661/661 662/662/662
f 657/657/657 662/662/662 658/658/658
f 658/658/658 662/662/662 663/663/663
f 658/658/658 663/663/663 659/659/659
f 659/659/659 663/663/663 664/664/664
f 659/659/659 664/664/664 660/660/660
f 660/660/660 664/664/664 665/665/665
f 661/661/661 666/666/666 662/662/662
f 662/662/662 666/666/666 667/667/667
f 662/662/662 667/667/667 663/663/663
f 663/663/663 667/667/667 668/668/668
f 663/663/663 668/668/668 664/664/664
f 664/664/664 668/668/668 669/669/669
f 664/664/664 669/669/669 665/665/665
f 665/665/665 669/669/669 670/670/670
f 671/671/671 676/676/676 672/672/672
f 672/672/672 676/676/676 677/677/677
f 672/672/672 677/677/677 673/673/673
f 673/673/673 677/677/677 678/678/678
f 673/673/673 678/678/678 674/674/674
f 674/674/674 678/678/678 679/679/679
f 674/674/674 679/679/679 675/675/675
f 675/675/675 679/679/679 680/680/680
f 676/676/676 681/681/681 677/677/677
f 677/677/677 681/681/681 682/682/682
f 677/677/677 682/682/682 678/678/678
f 678/678/678 682/682/682 683/683/683
f 678/678/678 683/683/683 679/679/679
f 679/679/679 683/683/683 684/684/684
f 679/679/679 684/684/684 680/680/680
f 680/680/680 684/684/684 685/685/685
f 681/681/681 686/686/686 682/682/682
f 682/682/682 686/686/686 687/687/687
f 682/682/682 687/687/687 683/683/683
f 683/683/683 687/687/687 688/688/688
f 683/683/683 688/688/688 684/684/684
f 684/684/684 688/688/688 689/689/689
f 684/684/684 689/689/689 685/685/685
f 685/685/685 689/689/689 690/690/690
f 686/686/686 691/691/691 687/687/687
f 687/687/687 691/691/691 692/692/692
f 687/687/687 692/692/692 688/688/688
f 688/688/688 692/692/692 693/693/693
f 688/688/688 693/693/693 689/689/689
f 689/689/689 693/693/693 694/694/694
f 689/689/689 694/694/694 690/690/690
f 690/690/690 694/694/694 695/695/695
f 691/691/691 696/696/696 692/692/692
f 692/692/692 696/696/696 697/697/697
f 692/692/692 697/697/697 693/693/693
f 693/693/693 697/697/697 698/698/698
f 693/693/693 698/698/698 694/694/694
f 694/694/694 698/698/698 699/699/699
f 694/694/694 699/699/699 695/695/695
f 695/695/695 699/699/699 700/700/700
f 701/701/701 706/706/706 702/702/702
f 702/702/702 706/706/706 707/707/707
f 702/702/702 707/707/707 703/703/703
f 703/703/703 707/707/707 708/708/708
f 703/703/703 708/708/708 704/704/704
f 704/704/704 708/708/708 709/709/709
f 704/704/704 709/709/709 705/705/705
f 705/705/705 709/709/709 710/710/710
f 706/706/706 711/711/711 707/707/707
f 707/707/707 711/711/711 712/712/712
f 707/707/707 712/712/712 708/708/708
f 708/708/708 712/712/712 713/713/713
f 708/708/708 713/713/713 709/709/709
f 709/709/709 713/713/713 714/714/714
f 709/709/709 714/714/714 710/710/710
f 710/710/710 714/714/714 715/715/715
f 711/711/711 716/716/716 712/712/712
f 712/712/712 716/716/716 717/717/717
f 712/712/712 717/717/717 713/713/713
f 713/713/713 717/717/717 718/718/718
f 713/713/713 718/718/718 714/714/714
f 714/714/714 718/718/718 719/719/719
f 714/714/714 719/719/719 715/715/715
f 715/715/715 719/719/719 720/720/720
f 716/716/716 721/721/721 717/717/717
f 717/717/717 721/721/721 722/722/722
f 717/717/717 722/722/722 718/718/718
f 718/718/718 722/722/722 723/723/723
f 718/718/718 723/723/723 719/719/719
f 719/719/719 723/723/723 724/724/724
f 719/719/719 724/724/724 720/720/720
f 720/720/720 724/724/724 725/725/725
f 721/721/721 726/726/726 722/722/722
f 722/722/722 726/726/726 727/727/727
f 722/722/722 727/727/727 723/723/723
f 723/723/723 727/727/727 728/728/728
f 723/723/723 728/728/728 724/724/724
f 724/724/724 728/728/728 729/729/729
f 724/724/724 729/729/729 725/725/725
f 725/725/725 729/729/729 730/730/730
f 731/731/731 736/736/736 732/732/732
f 732/732/732 736/736/736 737/737/737
f 732/732/732 737/737/737 733/733/733
f 733/733/733 737/737/737 738/738/738
f 733/733/733 738/738/738 734/734/734
f 734/734/734 738/738/738 739/739/739
f 734/734/734 739/739/739 735/735/735
f 735/735/735 739/739/739 740/740/740
f 736/736/736 741/741/741 737/737/737
f 737/737/737 741/741/741 742/742/742
f 737/737/737 742/742/742 738/738/738
f 738/738/738 742/742/742 743/743/743
f 738/738/738 743/743/743 739/739/739
f 739/739/739 743/743/743 744/744/744
f 739/739/739 744/744/744 740/740/740
f 740/740/740 744/744/744 745/745/745
f 741/741/741 746/746/746 742/742/742
f 742/742/742 746/746/746 747/747/747
f 742/742/742 747/747/747 743/743/743
f 743/743/743 747/747/747 748/748/748
f 743/743/743 748/748/748 744/744/744
f 744/744/744 748/748/748 749/749/749
f 744/744/744 749/749/749 745/745/745
f 745/745/745 749/749/749 750/750/750
f 746/746/746 751/751/751 747/747/747
f 747/747/747 751/751/751 752/752/752
f 747/747/747 752/752/752 748/748/748
f 748/748/748 752/752/752 753/753/753
f 748/748/748 753/753/753 749/749/749
f 749/749/749 753/753/753 754/754/754
f 749/749/749 754/754/754 750/750/750
f 750/750/750 754/754/754 755/755/755
f 751/751/751 756/756/756 752/752/752
f 752/752/752 756/756/756 757/757/757
f 752/752/752 757/757/757 753/753/753
f 753/753/753 757/757/757 758/758/758
f 753/753/753 758/758/758 754/754/754
f 754/754/754 758/758/758 759/759/759
f 754/754/754 759/759/759 755/755/755
f 755/755/755 759/759/759 760/760/760
f 761/761/761 766/766/766 762/762/762
f 762/762/762 766/766/766 767/767/767
f 762/762/762 767/767/767 763/763/763
f 763/763/763 767/767/767 768/768/768
f 763/763/763 768/768/768 764/764/764
f 764/764/764 768/768/768 769/769/769
f 764/764/764 769/769/769 765/765/765
f 765/765/765 769/769/769 770/770/770
f 766/766/766 771/771/771 767/767/767
f 767/767/767 771/771/771 772/772/772
f 767/767/767 772/772/772 768/768/768
f 768/768/768 772/772/772 773/773/773
f 768/768/768 773/773/773 769/769/769
f 769/769/769 773/773/773 774/774/774
f 769/769/769 774/774/774 770/770/770
f 770/770/770 774/774/774 775/775/775
f 771/771/771 776/776/776 772/772/772
f 772/772/772 776/776/776 777/777/777
f 772/772/772 777/777/777 773/773/773
f 773/773/773 777/777/777 778/778/778
f 773/773/773 778/778/778 774/774/774
f 774/774/774 778/778/778 779/779/779
f 774/774/774 779/779/779 775/775/775
f 775/775/775 779/779/779 780/780/780
f 776/776/776 781/781/781 777/777/777
f 777/777/777 781/781/781 782/782/782
f 777/777/777 782/782/782 778/778/778
f 778/778/778 782/782/782 783/783/783
f 778/778/778 783/783/783 779/779/779
f 779/779/779 783/783/783 784/784/784
f 779/779/779 784/784/784 780/780/780
f 780/780/780 784/784/784 785/785/785
f 781/781/781 786/786/786 782/782/782
f 782/782/782 786/786/786 787/787/787
f 782/782/782 787/787/787 783/783/783
f 783/783/783 787/787/787 788/788/788
f 783/783/783 788/788/788 784/784/784
f 784/784/784 788/788/788 789/789/789
f 784/784/784 789/789/789 785/785/785
f 785/785/785 789/789/789 790/790/790
f 791/791/791 796/796/796 792/792/792
f 792/792/792 796/796/796 797/797/797
f 792/792/792 797/797/797 793/793/793
f 793/793/793 797/797/797 798/798/798
f 793/793/793 798/798/798 794/794/794
f 794/794/794 798/798/798 799/799/799
f 794/794/794 799/799/799 795/795/795
f 795/795/795 799/799/799 800/800/800
f 796/796/796 801/801/801 797/797/797
f 797/797/797 801/801/801 802/802/802
f 797/797/797 802/802/802 798/798/798
f 798/798/798 802/802/802 803/803/803
f 798/798/798 803/803/803 799/799/799
f 799/799/799 803/803/803 804/804/804
f 799/799/799 804/804/804 800/800/800
f 800/800/800 804/804/804 805/805/805
f 801/801/801 806/806/806 802/802/802
f 802/802/802 806/806/806 807/807/807
f 802/802/802 807/807/807 803/803/803
f 803/803/803 807/807/807 808/808/808
f 803/803/803 808/808/808 804/804/804
f 804/804/804 808/808/808 809/809/809
f 804/804/804 809/809/809 805/805/805
f 805/805/805 809/809/809 810/810/810
f 806/806/806 811/811/811 807/807/807
f 807/807/807 811/811/811 812/812/812
f 807/807/807 812/812/812 808/808/808
f 808/808/808 812/812/812 813/813/813
f 808/808/808 813/813/813 809/809/809
f 809/809/809 813/813/813 814/814/814
f 809/809/809 814/814/814 810/810/810
f 810/810/810 814/814/814 815/815/815
f 811/811/811 816/816/816 812/812/812
f 812/812/812 816/816/816 817/817/817
f 812/812/812 817/817/817 813/813/813
f 813/813/813 817/817/817 818/818/818
f 813/813/813 818/818/818 814/814/814
f 814/814/814 818/818/818 819/819/819
f 814/814/814 819/819/819 815/815/815
f 815/815/815 819/819/819 820/820/820
f 821/821/821 826/826/826 822/822/822
f 822/822/822 826/826/826 827/827/827
f 822/822/822 827/827/827 823/823/823
f 823/823/823 827/827/827 828/828/828
f 823/823/823 828/828/828 824/824/824
f 824/824/824 828/828/828 829/829/829
f 824/824/824 829/829/829 825/825/825
f 825/825/825 829/829/829 830/830/830
f 826/826/826 831/831/831 827/827/827
f 827/827/827 831/831/831 832/832/832
f 827/827/827 832/832/832 828/828/828
f 828/828/828 832/832/832 833/833/833
f 828/828/828 833/833/833 829/829/829
f 829/829/829 833/833/833 834/834/834
f 829/829/829 834/834/834 830/830/830
f 830/830/830 834/834/834 835/835/835
f 831/831/831 836/836/836 832/832/832
f 832/832/832 836/836/836 837/837/837
f 832/832/832 837/837/837 833/833/833
f 833/833/833 837/837/837 838/838/838
f 833/833/833 838/838/838 834/834/834
f 834/834/834 838/838/838 839/839/839
f 834/834/834 839/839/839 835/835/835
f 835/835/835 839/839/839 840/840/840
f 836/836/836 841/841/841 837/837/837
f 837/837/837 841/841/841 842/842/842
f 837/837/837 842/842/842 838/838/838
f 838/838/838 842/842/842 843/843/843
f 838/838/838 843/843/843 839/839/839
f 839/839/839 843/843/843 844/844/844
f 839/839/839 844/844/844 840/840/840
f 840/840/840 844/844/844 845/845/845
f 841/841/841 846/846/846 842/842/842
f 842/842/842 846/846/846 847/847/847
f 842/842/842 847/847/847 843/843/843
f 843/843/843 847/847/847 848/848/848
f 843/843/843 848/848/848 844/844/844
f 844/844/844 848/848/848 849/849/849
f 844/844/844 849/849/849 845/845/845
f 845/845/845 849/849/849 850/850/850
f 851/851/851 856/856/856 852/852/852
f 852/852/852 856/856/856 857/857/857
f 852/852/852 857/857/857 853/853/853
f 853/853/853 857/857/857 858/858/858
f 853/853/853 858/858/858 854/854/854
f 854/854/854 858/858/858 859/859/859
f 854/854/854 859/859/859 855/855/855
f 855/855/855 859/859/859 860/860/860
f 856/856/856 861/861/861 857/857/857
f 857/857/857 861/861/861 862/862/862
f 857/857/857 862/862/862 858/858/858
f 858/858/858 862/862/862 863/863/863
f 858/858/858 863/863/863 859/859/859
f 859/859/859 863/863/863 864/864/864
f 859/859/859 864/864/864 860/860/860
f 860/860/860 864/864/864 865/865/865
f 861/861/861 866/866/866 862/862/862
f 862/862/862 866/866/866 867/867/867
f 862/862/862 867/867/867 863/863/863
f 863/863/863 867/867/867 868/868/868
f 863/863/863 868/868/868 864/864/864
f 864/864/864 868/868/868 869/869/869
f 864/864/864 869/869/869 865/865/865
f 865/865/865 869/869/869 870/870/870
f 866/866/866 871/871/871 867/867/867
f 867/867/867 871/871/871 872/872/872
f 867/867/867 872/872/872 868/868/868
f 868/868/868 872/872/872 873/873/873
f 868/868/868 873/873/873 869/869/869
f 869/869/869 873/873/873 874/874/874
f 869/869/869 874/874/874 870/870/870
f 870/870/870 874/874/874 875/875/875
f 871/871/871 876/876/876 872/872/872
f 872/872/872 876/876/876 877/877/877
f 872/872/872 877/877/877 873/873/873
f 873/873/873 877/877/877 878/878/878
f 873/873/873 878/878/878 874/874/874
f 874/874/874 878/878/878 879/879/879
f 874/874/874 879/879/879 875/875/875
f 875/875/875 879/879/879 880/880/880
f 881/881/881 886/886/886 882/882/882
f 882/882/882 886/886/886 887/887/887
f 882/882/882 887/887/887 883/883/883
f 883/883/883 887/887/887 888/888/888
f 883/883/883 888/888/888 884/884/884
f 884/884/884 888/888/888 889/889/889
f 884/884/884 889/889/889 885/885/885
f 885/885/885 889/889/889 890/890/890
f 886/886/886 891/891/891 887/887/887
f 887/887/887 891/891/891 892/892/892
f 887/887/887 892/892/892 888/888/888
f 888/888/888 892/892/892 893/893/893
f 888/888/888 893/893/893 889/889/889
f 889/889/889 893/893/893 894/894/894
f 889/889/889 894/894/894 890/890/890
f 890/890/890 894/894/894 895/895/895
f 891/891/891 896/896/896 892/892/892
f 892/892/892 896/896/896 897/897/897
f 892/892/892 897/897/897 893/893/893
f 893/893/893 897/897/897 898/898/898
f 893/893/893 898/898/898 894/894/894
f 894/894/894 898/898/898 899/899/899
f 894/894/894 899/899/899 895/895/895
f 895/895/895 899/899/899 900/900/900
f 896/896/896 901/901/901 897/897/897
f 897/897/897 901/901/901 902/902/902
f 897/897/897 902/902/902 898/898/898
f 898/898/898 902/902/902 903/903/903
f 898/898/898 903/903/903 899/899/899
f 899/899/899 903/903/903 904/904/904
f 899/899/899 904/904/904 900/900/900
f 900/900/900 904/904/904 905/905/905
f 901/901/901 906/906/906 902/902/902
f 902/902/902 906/906/906 907/907/907
f 902/902/902 907/907/907 903/903/903
f 903/903/903 907/907/907 908/908/908
f 903/903/903 908/908/908 904/904/904
f 904/904/904 908/908/908 909/909/909
f 904/904/904 909/909/909 905/905/905
f 905/905/905 909/909/909 910/910/910
f 911/911/911 916/916/916 912/912/912
f 912/912/912 916/916/916 917/917/917
f 912/912/912 917/917/917 913/913/913
f 913/913/913 917/917/917 918/918/918
f 913/913/913 918/918/918 914/914/914
f 914/914/914 918/918/918 919/919/919
f 914/914/914 919/919/919 915/915/915
f 915/915/915 919/919/919 920/920/920
f 916/916/916 921/921/921 917/917/917
f 917/917/917 921/921/921 922/922/922
f 917/917/917 922/922/922 918/918/918
f 918/918/918 922/922/922 923/923/923
f 918/918/918 923/923/923 919/919/919
f 919/919/919 923/923/923 924/924/924
f 919/919/919 924/924/924 920/920/920
f 920/920/920 924/924/924 925/925/925
f 921/921/921 926/926/926 922/922/922
f 922/922/922 926/926/926 927/927/927
f 922/922/922 927/927/927 923/923/923
f 923/923/923 927/927/927 928/928/928
f 923/923/923 928/928/928 924/924/924
f 924/924/924 928/928/928 929/929/929
f 924/924/924 929/929/929 925/925/925
f 925/925/925 929/929/929 930/930/930
f 926/926/926 931/931/931 927/927/927
f 927/927/927 931/931/931 932/932/932
f 927/927/927 932/932/932 928/928/928
f 928/928/928 932/932/932 933/933/933
f 928/928/928 933/933/933 929/929/929
f 929/929/929 933/933/933 934/934/934
f 929/929/929 934/934/934 930/930/930
f 930/930/930 934/934/934 935/935/935
f 931/931/931 936/936/936 932/932/932
f 932/932/932 936/936/936 937/937/937
f 932/932/932 937/937/937 933/933/933
f 933/933/933 937/937/937 938/938/938
f 933/933/933 938/938/938 934/934/934
f 934/934/934 938/938/938 939/939/939
f 934/934/934 939/939/939 935/935/935
f 935/935/935 939/939/939 940/940/940
f 941/941/941 946/946/946 942/942/942
f 942/942/942 946/946/946 947/947/947
f 942/942/942 947/947/947 943/943/943
f 943/943/943 947/947/947 948/948/948
f 943/943/943 948/948/948 944/944/944
f 944/944/944 948/948/948 949/949/949
f 944/944/944 949/949/949 945/945/945
f 945/945/945 949/949/949 950/950/950
f 946/946/946 951/951/951 947/947/947
f 947/947/947 951/951/951 952/952/952
f 947/947/947 952/952/952 948/948/948
f 948/948/948 952/952/952 953/953/953
f 948/948/948 953/953/953 949/949/949
f 949/949/949 953/953/953 954/954/954
f 949/949/949 954/954/954 950/950/950
f 950/950/950 954/954/954 955/955/955
f 951/951/951 956/956/956 952/952/952
f 952/952/952 956/956/956 957/957/957
f 952/952/952 957/957/957 953/953/953
f 953/953/953 957/957/957 958/958/958
f 953/953/953 958/958/958 954/954/954
f 954/954/954 958/958/958 959/959/959
f 954/954/954 959/959/959 955/955/955
f 955/955/955 959/959/959 960/960/960
f 956/956/956 961/961/961 957/957/957
f 957/957/957 961/961/961 962/962/962
f 957/957/957 962/962/962 958/958/958
f 958/958/958 962/962/962 963/963/963
f 958/958/958 963/963/963 959/959/959
f 959/959/959 963/963/963 964/964/964
f 959/959/959 964/964/964 960/960/960
f 960/960/960 964/964/964 965/965/965
f 961/961/961 966/966/966 962/962/962
f 962/962/962 966/966/966 967/967/967
f 962/962/962 967/967/967 963/963/963
f 963/963/963 967/967/967 968/968/968
f 963/963/963 968/968/968 964/964/964
f 964/964/964 968/968/968 969/969/969
f 964/964/964 969/969/969 965/965/965
f 965/965/965 969/969/969 970/970/970
f 971/971/971 976/976/976 972/972/972
f 972/972/972 976/976/976 977/977/977
f 972/972/972 977/977/977 973/973/973
f 973/973/973 977/977/977 978/978/978
f 973/973/973 978/978/978 974/974/974
f 974/974/974 978/978/978 979/979/979
f 974/974/974 979/979/979 975/975/975
f 975/975/975 979/979/979 980/980/980
f 976/976/976 981/981/981 977/977/977
f 977/977/977 981/981/981 982/982/982
f 977/977/977 982/982/982 978/978/978
f 978/978/978 982/982/982 983/983/983
f 978/978/978 983/983/983 979/979/979
f 979/979/979 983/983/983 984/984/984
f 979/979/979 984/984/984 980/980/980
f 980/980/980 984/984/984 985/985/985
f 981/981/981 986/986/986 982/982/982
f 982/982/982 986/986/986 987/987/987
f 982/982/982 987/987/987 983/983/983
f 983/983/983 987/987/987 988/988/988
f 983/983/983 988/988/988 984/984/984
f 984/984/984 988/988/988 989/989/989
f 984/984/984 989/989/989 985/985/985
f 985/985/985 989/989/989 990/990/990
f 986/986/986 991/991/991 987/987/987
f 987/987/987 991/991/991 992/992/992
f 987/987/987 992/992/992 988/988/988
f 988/988/988 992/992/992 993/993/993
f 988/988/988 993/993/993 989/989/989
f 989/989/989 993/993/993 994/994/994
f 989/989/989 994/994/994 990/990/990
f 990/990/990 994/994/994 995/995/995
f 991/991/991 996/996/996 992/992/992
f 992/992/992 996/996/996 997/997/997
f 992/992/992 997/997/997 993/993/993
f 993/993/993 997/997/997 998/998/998
f 993/993/993 998/998/998 994/994/994
f 994/994/994 998/998/998 999/999/999
f 994/994/994 999/999/999 995/995/995
f 995/995/995 999/999/999 1000/1000/1000
f 1001/1001/1001 1006/1006/1006 1002/1002/1002
f 1002/1002/1002 1006/1006/1006 1007/1007/1007
f 1002/1002/1002 1007/1007/1007 1003/1003/1003
f 1003/1003/1003 1007/1007/1007 1008/1008/1008
f 1003/1003/1003 1008/1008/1008 1004/1004/1004
f 1004/1004/1004 1008/1008/1008 1009/1009/1009
f 1004/1004/1004 1009/1009/1009 1005/1005/1005
f 1005/1005/1005 1009/1009/1009 1010/1010/1010
f 1006/1006/1006 1011/1011/1011 1007/1007/1007
f 1007/1007/1007 1011/1011/1011 1012/1012/1012
f 1007/1007/1007 1012/1012/1012 1008/1008/1008
f 1008/1008/1008 1012/1012/1012 1013/1013/1013
f 1008/1008/1008 1013/1013/1013 1009/1009/1009
f 1009/1009/1009 1013/1013/1013 1014/1014/1014
f 1009/1009/1009 1014/1014/1014 1010/1010/1010
f 1010/1010/1010 1014/1014/1014 1015/1015/1015
f 1011/1011/1011 1016/1016/1016 1012/1012/1012
f 1012/1012/1012 1016/1016/1016 1017/1017/1017
f 1012/1012/1012 1017/1017/1017 1013/1013/1013
f 1013/1013/1013 1017/1017/1017 1018/1018/1018
f 1013/1013/1013 1018/1018/1018 1014/1014/1014
f 1014/1014/1014 1018/1018/1018 1019/1019/1019
f 1014/1014/1014 1019/1019/1019 1015/1015/1015
f 1015/1015/1015 1019/1019/1019 1020/1020/1020
f 1016/1016/1016 1021/1021/1021 1017/1017/1017
f 1017/1017/1017 1021/1021/1021 1022/1022/1022
f 1017/1017/1017 1022/1022/1022 1018/1018/1018
f 1018/1018/1018 1022/1022/1022 1023/1023/1023
f 1018/1018/1018 1023/1023/1023 1019/1019/1019
f 1019/1019/1019 1023/1023/1023 1024/1024/1024
f 1019/1019/1019 1024/1024/1024 1020/1020/1020
f 1020/1020/1020 1024/1024/1024 1025/1025/1025
f 1021/1021/1021 1026/1026/1026 1022/1022/1022
f 1022/1022/1022 1026/1026/1026 1027/1027/1027
f 1022/1022/1022 1027/1027/1027 1023/1023/1023
f 1023/1023/1023 1027/1027/1027 1028/1028/1028
f 1023/1023/1023 1028/1028/1028 1024/1024/1024
f 1024/1024/1024 1028/1028/1028 1029/1029/1029
f 1024/1024/1024 1029/1029/1029 1025/1025/1025
f 1025/1025/1025 1029/1029/1029 1030/1030/1030
f 1031/1031/1031 1036/1036/1036 1032/1032/1032
f 1032/1032/1032 1036/1036/1036 1037/1037/1037
f 1032/1032/1032 1037/1037/1037 1033/1033/1033
f 1033/1033/1033 1037/1037/1037 1038/1038/1038
f 1033/1033/1033 1038/1038/1038 1034/1034/1034
f 1034/1034/1034 1038/1038/1038 1039/1039/1039
f 1034/1034/1034 1039/1039/1039 1035/1035/1035
f 1035/1035/1035 1039/1039/1039 1040/1040/1040
f 1036/1036/1036 1041/1041/1041 1037/1037/1037
f 1037/1037/1037 1041/1041/1041 1042/1042/1042
f 1037/1037/1037 1042/1042/1042 1038/1038/1038
f 1038/1038/1038 1042/1042/1042 1043/1043/1043
f 1038/1038/1038 1043/1043/1043 1039/1039/1039
f 1039/1039/1039 1043/1043/1043 1044/1044/1044
f 1039/1039/1039 1044/1044/1044 1040/1040/1040
f 1040/1040/1040 1044/1044/1044 1045/1045/1045
f 1041/1041/1041 1046/1046/1046 1042/1042/1042
f 1042/1042/1042 1046/1046/1046 1047/1047/1047
f 1042/1042/1042 1047/1047/1047 1043/1043/1043
f 1043/1043/1043 1047/1047/1047 1048/1048/1048
f 1043/1043/1043 1048/1048/1048 1044/1044/1044
f 1044/1044/1044 1048/1048/1048 1049/1049/1049
f 1044/1044/1044 1049/1049/1049 1045/1045/1045
f 1045/1045/1045 1049/1049/1049 1050/1050/1050
f 1046/1046/1046 1051/1051/1051 1047/1047/1047
f 1047/1047/1047 1051/1051/1051 1052/1052/1052
f 1047/1047/1047 1052/1052/1052 1048/1048/1048
f 1048/1048/1048 1052/1052/1052 1053/1053/1053
f 1048/1048/1048 1053/1053/1053 1049/1049/1049
f 1049/1049/1049 1053/1053/1053 1054/1054/1054
f 1049/1049/1049 1054/1054/1054 1050/1050/1050
f 1050/1050/1050 1054/1054/1054 1055/1055/1055
f 1051/1051/1051 1056/1056/1056 1052/1052/1052
f 1052/1052/1052 1056/1056/1056 1057/1057/1057
f 1052/1052/1052 1057/1057/1057 1053/1053/1053
f 1053/1053/1053 1057/1057/1057 1058/1058/1058
f 1053/1053/1053 1058/1058/1058 1054/1054/1054
f 1054/1054/1054 1058/1058/1058 1059/1059/1059
f 1054/1054/1054 1059/1059/1059 1055/1055/1055
f 1055/1055/1055 1059/1059/1059 1060/1060/1060
f 1061/1061/1061 1066/1066/1066 1062/1062/1062
f 1062/1062/1062 1066/1066/1066 1067/1067/1067
f 1062/1062/1062 1067/1067/1067 1063/1063/1063
f 1063/1063/1063 1067/1067/1067 1068/1068/1068
f 1063/1063/1063 1068/1068/1068 1064/1064/1064
f 1064/1064/1064 1068/1068/1068 1069/1069/1069
f 1064/1064/1064 1069/1069/1069 1065/1065/1065
f 1065/1065/1065 1069/1069/1069 1070/1070/1070
f 1066/1066/1066 1071/1071/1071 1067/1067/1067
f 1067/1067/1067 1071/1071/1071 1072/1072/1072
f 1067/1067/1067 1072/1072/1072 1068/1068/1068
f 1068/1068/1068 1072/1072/1072 1073/1073/1073
f 1068/1068/1068 1073/1073/1073 1069/1069/1069
f 1069/1069/1069 1073/1073/1073 1074/1074/1074
f 1069/1069/1069 1074/1074/1074 1070/1070/1070
f 1070/1070/1070 1074/1074/1074 1075/1075/1075
f 1071/1071/1071 1076/1076/1076 1072/1072/1072
f 1072/1072/1072 1076/1076/1076 1077/1077/1077
f 1072/1072/1072 1077/1077/1077 1073/1073/1073
f 1073/1073/1073 1077/1077/1077 1078/1078/1078
f 1073/1073/1073 1078/1078/1078 1074/1074/1074
f 1074/1074/1074 1078/1078/1078 1079/1079/1079
f 1074/1074/1074 1079/1079/1079 1075/1075/1075
f 1075/1075/1075 1079/1079/1079 1080/1080/1080
f 1076/1076/1076 1081/1081/1081 1077/1077/1077
f 1077/1077/1077 1081/1081/1081 1082/1082/1082
f 1077/1077/1077 1082/1082/1082 1078/1078/1078
f 1078/1078/1078 1082/1082/1082 1083/1083/1083
f 1078/1078/1078 1083/1083/1083 1079/1079/1079
f 1079/1079/1079 1083/1083/1083 1084/1084/1084
f 1079/1079/1079 1084/1084/1084 1080/1080/1080
f 1080/1080/1080 1084/1084/1084 1085/1085/1085
f 1081/1081/1081 1086/1086/1086 1082/1082/1082
f 1082/1082/1082 1086/1086/1086 1087/1087/1087
f 1082/1082/1082 1087/1087/1087 1083/1083/1083
f 1083/1083/1083 1087/1087/1087 1088/1088/1088
f 1083/1083/1083 1088/1088/1088 1084/1084/1084
f 1084/1084/1084 1088/1088/1088 1089/1089/1089
f 1084/1084/1084 1089/1089/1089 1085/1085/1085
f 1085/1085/1085 1089/1089/1089 1090/1090/1090
f 1091/1091/1091 1096/1096/1096 1092/1092/1092
f 1092/1092/1092 1096/1096/1096 1097/1097/1097
f 1092/1092/1092 1097/1097/1097 1093/1093/1093
f 1093/1093/1093 1097/1097/1097 1098/1098/1098
f 1093/1093/1093 1098/1098/1098 1094/1094/1094
f 1094/1094/1094 1098/1098/1098 1099/1099/1099
f 1094/1094/1094 1099/1099/1099 1095/1095/1095
f 1095/1095/1095 1099/1099/1099 1100/1100/1100
f 1096/1096/1096 1101/1101/1101 1097/1097/1097
f 1097/1097/1097 1101/1101/1101 1102/1102/1102
f 1097/1097/1097 1102/1102/1102 1098/1098/1098
f 1098/1098/1098 1102/1102/1102 1103/1103/1103
f 1098/1098/1098 1103/1103/1103 1099/1099/1099
f 1099/1099/1099 1103/1103/1103 1104/1104/1104
f 1099/1099/1099 1104/1104/1104 1100/1100/1100
f 1100/1100/1100 1104/1104/1104 1105/1105/1105
f 1101/1101/1101 1106/1106/1106 1102/1102/1102
f 1102/1102/1102 1106/1106/1106 1107/1107/1107
f 1102/1102/1102 1107/1107/1107 1103/1103/1103
f 1103/1103/1103 1107/1107/1107 1108/1108/1108
f 1103/1103/1103 1108/1108/1108 1104/1104/1104
f 1104/1104/1104 1108/1108/1108 1109/1109/1109
f 1104/1104/1104 1109/1109/1109 1105/1105/1105
f 1105/1105/1105 1109/1109/1109 1110/1110/1110
f 1106/1106/1106 1111/1111/1111 1107/1107/1107
f 1107/1107/1107 1111/1111/1111 1112/1112/1112
f 1107/1107/1107 1112/1112/1112 1108/1108/1108
f 1108/1108/1108 1112/1112/1112 1113/1113/1113
f 1108/1108/1108 1113/1113/1113 1109/1109/1109
f 1109/1109/1109 1113/1113/1113 1114/1114/1114
f 1109/1109/1109 1114/1114/1114 1110/1110/1110
f 1110/1110/1110 1114/1114/1114 1115/1115/1115
f 1111/1111/1111 1116/1116/1116 1112/1112/1112
f 1112/1112/1112 1116/1116/1116 1117/1117/1117
f 1112/1112/1112 1117/1117/1117 1113/1113/1113
f 1113/1113/1113 1117/1117/1117 1118/1118/1118
f 1113/1113/1113 1118/1118/1118 1114/1114/1114
f 1114/1114/1114 1118/1118/1118 1119/1119/1119
f 1114/1114/1114 1119/1119/1119 1115/1115/1115
f 1115/1115/1115 1119/1119/1119 1120/1120/1120
f 1121/1121/1121 1126/1126/1126 1122/1122/1122
f 1122/1122/1122 1126/1126/1126 1127/1127/1127
f 1122/1122/1122 1127/1127/1127 1123/1123/1123
f 1123/1123/1123 1127/1127/1127 1128/1128/1128
f 1123/1123/1123 1128/1128/1128 1124/1124/1124
f 1124/1124/1124 1128/1128/1128 1129/1129/1129
f 1124/1124/1124 1129/1129/1129 1125/1125/1125
f 1125/1125/1125 1129/1129/1129 1130/1130/1130
f 1126/1126/1126 1131/1131/1131 1127/1127/1127
f 1127/1127/1127 1131/1131/1131 1132/1132/1132
f 1127/1127/1127 1132/1132/1132 1128/1128/1128
f 1128/1128/1128 1132/1132/1132 1133/1133/1133
f 1128/1128/1128 1133/1133/1133 1129/1129/1129
f 1129/1129/1129 1133/1133/1133 1134/1134/1134
f 1129/1129/1129 1134/1134/1134 1130/1130/1130
f 1130/1130/1130 1134/1134/1134 1135/1135/1135
f 1131/1131/1131 1136/1136/1136 1132/1132/1132
f 1132/1132/1132 1136/1136/1136 1137/1137/1137
f 1132/1132/1132 1137/1137/1137 1133/1133/1133
f 1133/1133/1133 1137/1137/1137 1138/1138/1138
f 1133/1133/1133 1138/1138/1138 1134/1134/1134
f 1134/1134/1134 1138/1138/1138 1139/1139/1139
f 1134/1134/1134 1139/1139/1139 1135/1135/1135
f 1135/1135/1135 1139/1139/1139 1140/1140/1140
f 1136/1136/1136 1141/1141/1141 1137/1137/1137
f 1137/1137/1137 1141/1141/1141 1142/1142/1142
f 1137/1137/1137 1142/1142/1142 1138/1138/1138
f 1138/1138/1138 1142/1142/1142 1143/1143/1143
f 1138/1138/1138 1143/1143/1143 1139/1139/1139
f 1139/1139/1139 1143/1143/1143 1144/1144/1144
f 1139/1139/1139 1144/1144/1144 1140/1140/1140
f 1140/1140/1140 1144/1144/1144 1145/1145/1145
f 1141/1141/1141 1146/1146/1146 1142/1142/1142
f 1142/1142/1142 1146/1146/1146 1147/1147/1147
f 1142/1142/1142 1147/1147/1147 1143/1143/1143
f 1143/1143/1143 1147/1147/1147 1148/1148/1148
f 1143/1143/1143 1148/1148/1148 1144/1144/1144
f 1144/1144/1144 1148/1148/1148 1149/1149/1149
f 1144/1144/1144 1149/1149/1149 1145/1145/1145
f 1145/1145/1145 1149/1149/1149 1150/1150/1150
f 1151/1151/1151 1156/1156/1156 1152/1152/1152
f 1152/1152/1152 1156/1156/1156 1157/1157/1157
f 1152/1152/1152 1157/1157/1157 1153/1153/1153
f 1153/1153/1153 1157/1157/1157 1158/1158/1158
f 1153/1153/1153 1158/1158/1158 1154/1154/1154
f 1154/1154/1154 1158/1158/1158 1159/1159/1159
f 1154/1154/1154 1159/1159/1159 1155/1155/1155
f 1155/1155/1155 1159/1159/1159 1160/1160/1160
f 1156/1156/1156 1161/1161/1161 1157/1157/1157
f 1157/1157/1157 1161/1161/1161 1162/1162/1162
f 1157/1157/1157 1162/1162/1162 1158/1158/1158
f 1158/1158/1158 1162/1162/1162 1163/1163/1163
f 1158/1158/1158 1163/1163/1163 1159/1159/1159
f 1159/1159/1159 1163/1163/1163 1164/1164/1164
f 1159/1159/1159 1164/1164/1164 1160/1160/1160
f 1160/1160/1160 1164/1164/1164 1165/1165/1165
f 1161/1161/1161 1166/1166/1166 1162/1162/1162
f 1162/1162/1162 1166/1166/1166 1167/1167/1167
f 1162/1162/1162 1167/1167/1167 1163/1163/1163
f 1163/1163/1163 1167/1167/1167 1168/1168/1168
f 1163/1163/1163 1168/1168/1168 1164/1164/1164
f 1164/1164/1164 1168/1168/1168 1169/1169/1169
f 1164/1164/1164 1169/1169/1169 1165/1165/1165
f 1165/1165/1165 1169/1169/1169 1170/1170/1170
f 1166/1166/1166 1171/1171/1171 1167/1167/1167
f 1167/1167/1167 1171/1171/1171 1172/1172/1172
f 1167/1167/1167 1172/1172/1172 1168/1168/1168
f 1168/1168/1168 1172/1172/1172 1173/1173/1173
f 1168/1168/1168 1173/1173/1173 1169/1169/1169
f 1169/1169/1169 1173/1173/1173 1174/1174/1174
f 1169/1169/1169 1174/1174/1174 1170/1170/1170
f 1170/1170/1170 1174/1174/1174 1175/1175/1175
f 1171/1171/1171 1176/1176/1176 1172/1172/1172
f 1172/1172/1172 1176/1176/1176 1177/1177/1177
f 1172/1172/1172 1177/1177/1177 1173/1173/1173
f 1173/1173/1173 1177/1177/1177 1178/1178/1178
f 1173/1173/1173 1178/1178/1178 1174/1174/1174
f 1174/1174/1174 1178/1178/1178 1179/1179/1179
f 1174/1174/1174 1179/1179/1179 1175/1175/1175
f 1175/1175/1175 1179/1179/1179 1180/1180/1180
f 1181/1181/1181 1186/1186/1186 1182/1182/1182
f 1182/1182/1182 1186/1186/1186 1187/1187/1187
f 1182/1182/1182 1187/1187/1187 1183/1183/1183
f 1183/1183/1183 1187/1187/1187 1188/1188/1188
f 1183/1183/1183 1188/1188/1188 1184/1184/1184
f 1184/1184/1184 1188/1188/1188 1189/1189/1189
f 1184/1184/1184 1189/1189/1189 1185/1185/1185
f 1185/1185/1185 1189/1189/1189 1190/1190/1190
f 1186/1186/1186 1191/1191/1191 1187/1187/1187
f 1187/1187/1187 1191/1191/1191 1192/1192/1192
f 1187/1187/1187 1192/1192/1192 1188/1188/1188
f 1188/1188/1188 1192/1192/1192 1193/1193/1193
f 1188/1188/1188 1193/1193/1193 1189/1189/1189
f 1189/1189/1189 1193/1193/1193 1194/1194/1194
f 1189/1189/1189 1194/1194/1194 1190/1190/1190
f 1190/1190/1190 1194/1194/1194 1195/1195/1195
f 1191/1191/1191 1196/1196/1196 1192/1192/1192
f 1192/1192/1192 1196/1196/1196 1197/1197/1197
f 1192/1192/1192 1197/1197/1197 1193/1193/1193
f 1193/1193/1193 1197/1197/1197 1198/1198/1198
f 1193/1193/1193 1198/1198/1198 1194/1194/1194
f 1194/1194/1194 1198/1198/1198 1199/1199/1199
f 1194/1194/1194 1199/1199/1199 1195/1195/1195
f 1195/1195/1195 1199/1199/1199 1200/1200/1200
f 1196/1196/1196 1201/1201/1201 1197/1197/1197
f 1197/1197/1197 1201/1201/1201 1202/1202/1202
f 1197/1197/1197 1202/1202/1202 1198/1198/1198
f 1198/1198/1198 1202/1202/1202 1203/1203/1203
f 1198/1198/1198 1203/1203/1203 1199/1199/1199
f 1199/1199/1199 1203/1203/1203 1204/1204/1204
f 1199/1199/1199 1204/1204/1204 1200/1200/1200
f 1200/1200/1200 1204/1204/1204 1205/1205/1205
f 1201/1201/1201 1206/1206/1206 1202/1202/1202
f 1202/1202/1202 1206/1206/1206 1207/1207/1207
f 1202/1202/1202 1207/1207/1207 1203/1203/1203
f 1203/1203/1203 1207/1207/1207 1208/1208/1208
f 1203/1203/1203 1208/1208/1208 1204/1204/1204
f 1204/1204/1204 1208/1208/1208 1209/1209/1209
f 1204/1204/1204 1209/1209/1209 1205/1205/1205
f 1205/1205/1205 1209/1209/1209 1210/1210/1210
f 1211/1211/1211 1216/1216/1216 1212/1212/1212
f 1212/1212/1212 1216/1216/1216 1217/1217/1217
f 1212/1212/1212 1217/1217/1217 1213/1213/1213
f 1213/1213/1213 1217/1217/1217 1218/1218/1218
f 1213/1213/1213 1218/1218/1218 1214/1214/1214
f 1214/1214/1214 1218/1218/1218 1219/1219/1219
f 1214/1214/1214 1219/1219/1219 1215/1215/1215
f 1215/1215/1215 1219/1219/1219 1220/1220/1220
f 1216/1216/1216 1221/1221/1221 1217/1217/1217
f 1217/1217/1217 1221/1221/1221 1222/1222/1222
f 1217/1217/1217 1222/1222/1222 1218/1218/1218
f 1218/1218/1218 1222/1222/1222 1223/1223/1223
f 1218/1218/1218 1223/1223/1223 1219/1219/1219
f 1219/1219/1219 1223/1223/1223 1224/1224/1224
f 1219/1219/1219 1224/1224/1224 1220/1220/1220
f 1220/1220/1220 1224/1224/1224 1225/1225/1225
f 1221/1221/1221 1226/1226/1226 1222/1222/1222
f 1222/1222/1222 1226/1226/1226 1227/1227/1227
f 1222/1222/1222 1227/1227/1227 1223/1223/1223
f 1223/1223/1223 1227/1227/1227 1228/1228/1228
f 1223/1223/1223 1228/1228/1228 1224/1224/1224
f 1224/1224/1224 1228/1228/1228 1229/1229/1229
f 1224/1224/1224 1229/1229/1229 1225/1225/1225
f 1225/1225/1225 1229/1229/1229 1230/1230/1230
f 1226/1226/1226 1231/1231/1231 1227/1227/1227
f 1227/1227/1227 1231/1231/1231 1232/1232/1232
f 1227/1227/1227 1232/1232/1232 1228/1228/1228
f 1228/1228/1228 1232/1232/1232 1233/1233/1233
f 1228/1228/1228 1233/1233/1233 1229/1229/1229
f 1229/1229/1229 1233/1233/1233 1234/1234/1234
f 1229/1229/1229 1234/1234/1234 1230/1230/1230
f 1230/1230/1230 1234/1234/1234 1235/1235/1235
f 1231/1231/1231 1236/1236/1236 1232/1232/1232
f 1232/1232/1232 1236/1236/1236 1237/1237/1237
f 1232/1232/1232 1237/1237/1237 1233/1233/1233
f 1233/1233/1233 1237/1237/1237 1238/1238/1238
f 1233/1233/1233 1238/1238/1238 1234/1234/1234
f 1234/1234/1234 1238/1238/1238 1239/1239/1239
f 1234/1234/1234 1239/1239/1239 1235/1235/1235
f 1235/1235/1235 1239/1239/1239 1240/1240/1240
f 1241/1241/1241 1246/1246/1246 1242/1242/1242
f 1242/1242/1242 1246/1246/1246 1247/1247/1247
f 1242/1242/1242 1247/1247/1247 1243/1243/1243
f 1243/1243/1243 1247/1247/1247 1248/1248/1248
f 1243/1243/1243 1248/1248/1248 1244/1244/1244
f 1244/1244/1244 1248/1248/1248 1249/1249/1249
f 1244/1244/1244 1249/1249/1249 1245/1245/1245
f 1245/1245/1245 1249/1249/1249 1250/1250/1250
f 1246/1246/1246 1251/1251/1251 1247/1247/1247
f 1247/1247/1247 1251/1251/1251 1252/1252/1252
f 1247/1247/1247 1252/1252/1252 1248/1248/1248
f 1248/1248/1248 1252/1252/1252 1253/1253/1253
f 1248/1248/1248 1253/1253/1253 1249/1249/1249
f 1249/1249/1249 1253/1253/1253 1254/1254/1254
f 1249/1249/1249 1254/1254/1254 1250/1250/1250
f 1250/1250/1250 1254/1254/1254 1255/1255/1255
f 1251/1251/1251 1256/1256/1256 1252/1252/1252
f 1252/1252/1252 1256/1256/1256 1257/1257/1257
f 1252/1252/1252 1257/1257/1257 1253/1253/1253
f 1253/1253/1253 1257/1257/1257 1258/1258/1258
f 1253/1253/1253 1258/1258/1258 1254/1254/1254
f 1254/1254/1254 1258/1258/1258 1259/1259/1259
f 1254/1254/1254 1259/1259/1259 1255/1255/1255
f 1255/1255/1255 1259/1259/1259 1260/1260/1260
f 1256/1256/1256 1261/1261/1261 1257/1257/1257
f 1257/1257/1257 1261/1261/1261 1262/1262/1262
f 1257/1257/1257 1262/1262/1262 1258/1258/1258
f 1258/1258/1258 1262/1262/1262 1263/1263/1263
f 1258/1258/1258 1263/1263/1263 1259/1259/1259
f 1259/1259/1259 1263/1263/1263 1264/1264/1264
f 1259/1259/1259 1264/1264/1264 1260/1260/1260
f 1260/1260/1260 1264/1264/1264 1265/1265/1265
f 1261/1261/1261 1266/1266/1266 1262/1262/1262
f 1262/1262/1262 1266/1266/1266 1267/1267/1267
f 1262/1262/1262 1267/1267/1267 1263/1263/1263
f 1263/1263/1263 1267/1267/1267 1268/1268/1268
f 1263/1263/1263 1268/1268/1268 1264/1264/1264
f 1264/1264/1264 1268/1268/1268 1269/1269/1269
f 1264/1264/1264 1269/1269/1269 1265/1265/1265
f 1265/1265/1265 1269/1269/1269 1270/1270/1270
f 1271/1271/1271 1276/1276/1276 1272/1272/1272
f 1272/1272/1272 1276/1276/1276 1277/1277/1277
f 1272/1272/1272 1277/1277/1277 1273/1273/1273
f 1273/1273/1273 1277/1277/1277 1278/1278/1278
f 1273/1273/1273 1278/1278/1278 1274/1274/1274
f 1274/1274/1274 1278/1278/1278 1279/1279/1279
f 1274/1274/1274 1279/1279/1279 1275/1275/1275
f 1275/1275/1275 1279/1279/1279 1280/1280/1280
f 1276/1276/1276 1281/1281/1281 1277/1277/1277
f 1277/1277/1277 1281/1281/1281 1282/1282/1282
f 1277/1277/1277 1282/1282/1282 1278/1278/1278
f 1278/1278/1278 1282/1282/1282 1283/1283/1283
f 1278/1278/1278 1283/1283/1283 1279/1279/1279
f 1279/1279/1279 1283/1283/1283 1284/1284/1284
f 1279/1279/1279 1284/1284/1284 1280/1280/1280
f 1280/1280/1280 1284/1284/1284 1285/1285/1285
f 1281/1281/1281 1286/1286/1286 1282/1282/1282
f 1282/1282/1282 1286/1286/1286 1287/1287/1287
f 1282/1282/1282 1287/1287/1287 1283/1283/1283
f 1283/1283/1283 1287/1287/1287 1288/1288/1288
f 1283/1283/1283 1288/1288/1288 1284/1284/1284
f 1284/1284/1284 1288/1288/1288 1289/1289/1289
f 1284/1284/1284 1289/1289/1289 1285/1285/1285
f 1285/1285/1285 1289/1289/1289 1290/1290/1290
f 1286/1286/1286 1291/1291/1291 1287/1287/1287
f 1287/1287/1287 1291/1291/1291 1292/1292/1292
f 1287/1287/1287 1292/1292/1292 1288/1288/1288
f 1288/1288/1288 1292/1292/1292 1293/1293/1293
f 1288/1288/1288 1293/1293/1293 1289/1289/1289
f 1289/1289/1289 1293/1293/1293 1294/1294/1294
f 1289/1289/1289 1294/1294/1294 1290/1290/1290
f 1290/1290/1290 1294/1294/1294 1295/1295/1295
f 1291/1291/1291 1296/1296/1296 1292/1292/1292
f 1292/1292/1292 1296/1296/1296 1297/1297/1297
f 1292/1292/1292 1297/1297/1297 1293/1293/1293
f 1293/1293/1293 1297/1297/1297 1298/1298/1298
f 1293/1293/1293 1298/1298/1298 1294/1294/1294
f 1294/1294/1294 1298/1298/1298 1299/1299/1299
f 1294/1294/1294 1299/1299/1299 1295/1295/1295
f 1295/1295/1295 1299/1299/1299 1300/1300/1300
f 1301/1301/1301 1306/1306/1306 1302/1302/1302
f 1302/1302/1302 1306/1306/1306 1307/1307/1307
f 1302/1302/1302 1307/1307/1307 1303/1303/1303
f 1303/1303/1303 1307/1307/1307 1308/1308/1308
f 1303/1303/1303 1308/1308/1308 1304/1304/1304
f 1304/1304/1304 1308/1308/1308 1309/1309/1309
f 1304/1304/1304 1309/1309/1309 1305/1305/1305
f 1305/1305/1305 1309/1309/1309 1310/1310/1310
f 1306/1306/1306 1311/1311/1311 1307/1307/1307
f 1307/1307/1307 1311/1311/1311 1312/1312/1312
f 1307/1307/1307 1312/1312/1312 1308/1308/1308
f 1308/1308/1308 1312/1312/1312 1313/1313/1313
f 1308/1308/1308 1313/1313/1313 1309/1309/1309
f 1309/1309/1309 1313/1313/1313 1314/1314/1314
f 1309/1309/1309 1314/1314/1314 1310/1310/1310
f 1310/1310/1310 1314/1314/1314 1315/1315/1315
f 1311/1311/1311 1316/1316/1316 1312/1312/1312
f 1312/1312/1312 1316/1316/1316 1317/1317/1317
f 1312/1312/1312 1317/1317/1317 1313/1313/1313
f 1313/1313/1313 1317/1317/1317 1318/1318/1318
f 1313/1313/1313 1318/1318/1318 1314/1314/1314
f 1314/1314/1314 1318/1318/1318 1319/1319/1319
f 1314/1314/1314 1319/1319/1319 1315/1315/1315
f 1315/1315/1315 1319/1319/1319 1320/1320/1320
f 1316/1316/1316 1321/1321/1321 1317/1317/1317
f 1317/1317/1317 1321/1321/1321 1322/1322/1322
f 1317/1317/1317 1322/1322/1322 1318/1318/1318
f 1318/1318/1318 1322/1322/1322 1323/1323/1323
f 1318/1318/1318 1323/1323/1323 1319/1319/1319
f 1319/1319/1319 1323/1323/1323 1324/1324/1324
f 1319/1319/1319 1324/1324/1324 1320/1320/1320
f 1320/1320/1320 1324/1324/1324 1325/1325/1325
f 1321/1321/1321 1326/1326/1326 1322/1322/1322
f 1322/1322/1322 1326/1326/1326 1327/1327/1327
f 1322/1322/1322 1327/1327/1327 1323/1323/1323
f 1323/1323/1323 1327/1327/1327 1328/1328/1328
f 1323/1323/1323 1328/1328/1328 1324/1324/1324
f 1324/1324/1324 1328/1328/1328 1329/1329/1329
f 1324/1324/1324 1329/1329/1329 1325/1325/1325
f 1325/1325/1325 1329/1329/1329 1330/1330/1330
f 1331/1331/1331 1336/1336/1336 1332/1332/1332
f 1332/1332/1332 1336/1336/1336 1337/1337/1337
f 1332/1332/1332 1337/1337/1337 1333/1333/1333
f 1333/1333/1333 1337/1337/1337 1338/1338/1338
f 1333/1333/1333 1338/1338/1338 1334/1334/1334
f 1334/1334/1334 1338/1338/1338 1339/1339/1339
f 1334/1334/1334 1339/1339/1339 1335/1335/1335
f 1335/1335/1335 1339/1339/1339 1340/1340/1340
f 1336/1336/1336 1341/1341/1341 1337/1337/1337
f 1337/1337/1337 1341/1341/1341 1342/1342/1342
f 1337/1337/1337 1342/1342/1342 1338/1338/1338
f 1338/1338/1338 1342/1342/1342 1343/1343/1343
f 1338/1338/1338 1343/1343/1343 1339/1339/1339
f 1339/1339/1339 1343/1343/1343 1344/1344/1344
f 1339/1339/1339 1344/1344/1344 1340/1340/1340
f 1340/1340/1340 1344/1344/1344 1345/1345/1345
f 1341/1341/1341 1346/1346/1346 1342/1342/1342
f 1342/1342/1342 1346/1346/1346 1347/1347/1347
f 1342/1342/1342 1347/1347/1347 1343/1343/1343
f 1343/1343/1343 1347/1347/1347 1348/1348/1348
f 1343/1343/1343 1348/1348/1348 1344/1344/1344
f 1344/1344/1344 1348/1348/1348 1349/1349/1349
f 1344/1344/1344 1349/1349/1349 1345/1345/1345
f 1345/1345/1345 1349/1349/1349 1350/1350/1350
f 1346/1346/1346 1351/1351/1351 1347/1347/1347
f 1347/1347/1347 1351/1351/1351 1352/1352/1352
f 1347/1347/1347 1352/1352/1352 1348/1348/1348
f 1348/1348/1348 1352/1352/1352 1353/1353/1353
f 1348/1348/1348 1353/1353/1353 1349/1349/1349
f 1349/1349/1349 1353/1353/1353 1354/1354/1354
f 1349/1349/1349 1354/1354/1354 1350/1350/1350
f 1350/1350/1350 1354/1354/1354 1355/1355/1355
f 1351/1351/1351 1356/1356/1356 1352/1352/1352
f 1352/1352/1352 1356/1356/1356 1357/1357/1357
f 1352/1352/1352 1357/1357/1357 1353/1353/1353
f 1353/1353/1353 1357/1357/1357 1358/1358/1358
f 1353/1353/1353 1358/1358/1358 1354/1354/1354
f 1354/1354/1354 1358/1358/1358 1359/1359/1359
f 1354/1354/1354 1359/1359/1359 1355/1355/1355
f 1355/1355/1355 1359/1359/1359 1360/1360/1360
f 1361/1361/1361 1366/1366/1366 1362/1362/1362
f 1362/1362/1362 1366/1366/1366 1367/1367/1367
f 1362/1362/1362 1367/1367/1367 1363/1363/1363
f 1363/1363/1363 1367/1367/1367 1368/1368/1368
f 1363/1363/1363 1368/1368/1368 1364/1364/1364
f 1364/1364/1364 1368/1368/1368 1369/1369/1369
f 1364/1364/1364 1369/1369/1369 1365/1365/1365
f 1365/1365/1365 1369/1369/1369 1370/1370/1370
f 1366/1366/1366 1371/1371/1371 1367/1367/1367
f 1367/1367/1367 1371/1371/1371 1372/1372/1372
f 1367/1367/1367 1372/1372/1372 1368/1368/1368
f 1368/1368/1368 1372/1372/1372 1373/1373/1373
f 1368/1368/1368 1373/1373/1373 1369/1369/1369
f 1369/1369/1369 1373/1373/1373 1374/1374/1374
f 1369/1369/1369 1374/1374/1374 1370/1370/1370
f 1370/1370/1370 1374/1374/1374 1375/1375/1375
f 1371/1371/1371 1376/1376/1376 1372/1372/1372
f 1372/1372/1372 1376/1376/1376 1377/1377/1377
f 1372/1372/1372 1377/1377/1377 1373/1373/1373
f 1373/1373/1373 1377/1377/1377 1378/1378/1378
f 1373/1373/1373 1378/1378/1378 1374/1374/1374
f 1374/1374/1374 1378/1378/1378 1379/1379/1379
f 1374/1374/1374 1379/1379/1379 1375/1375/1375
f 1375/1375/1375 1379/1379/1379 1380/1380/1380
f 1376/1376/1376 1381/1381/1381 1377/1377/1377
f 1377/1377/1377 1381/1381/1381 1382/1382/1382
f 1377/1377/1377 1382/1382/1382 1378/1378/1378
f 1378/1378/1378 1382/1382/1382 1383/1383/1383
f 1378/1378/1378 1383/1383/1383 1379/1379/1379
f 1379/1379/1379 1383/1383/1383 1384/1384/1384
f 1379/1379/1379 1384/1384/1384 1380/1380/1380
f 1380/1380/1380 1384/1384/1384 1385/1385/1385
f 1381/1381/1381 1386/1386/1386 1382/1382/1382
f 1382/1382/1382 1386/1386/1386 1387/1387/1387
f 1382/1382/1382 1387/1387/1387 1383/1383/1383
f 1383/1383/1383 1387/1387/1387 1388/1388/1388
f 1383/1383/1383 1388/1388/1388 1384/1384/1384
f 1384/1384/1384 1388/1388/1388 1389/1389/1389
f 1384/1384/1384 1389/1389/1389 1385/1385/1385
f 1385/1385/1385 1389/1389/1389 1390/1390/1390
f 1391/1391/1391 1396/1396/1396 1392/1392/1392
f 1392/1392/1392 1396/1396/1396 1397/1397/1397
f 1392/1392/1392 1397/1397/1397 1393/1393/1393
f 1393/1393/1393 1397/1397/1397 1398/1398/1398
f 1393/1393/1393 1398/1398/1398 1394/1394/1394
f 1394/1394/1394 1398/1398/1398 1399/1399/1399
f 1394/1394/1394 1399/1399/1399 1395/1395/1395
f 1395/1395/1395 1399/1399/1399 1400/1400/1400
f 1396/1396/1396 1401/1401/1401 1397/1397/1397
f 1397/1397/1397 1401/1401/1401 1402/1402/1402
f 1397/1397/1397 1402/1402/1402 1398/1398/1398
f 1398/1398/1398 1402/1402/1402 1403/1403/1403
f 1398/1398/1398 1403/1403/1403 1399/1399/1399
f 1399/1399/1399 1403/1403/1403 1404/1404/1404
f 1399/1399/1399 1404/1404/1404 1400/1400/1400
f 1400/1400/1400 1404/1404/1404 1405/1405/1405
f 1401/1401/1401 1406/1406/1406 1402/1402/1402
f 1402/1402/1402 1406/1406/1406 1407/1407/1407
f 1402/1402/1402 1407/1407/1407 1403/1403/1403
f 1403/1403/1403 1407/1407/1407 1408/1408/1408
f 1403/1403/1403 1408/1408/1408 1404/1404/1404
f 1404/1404/1404 1408/1408/1408 1409/1409/1409
f 1404/1404/1404 1409/1409/1409 1405/1405/1405
f 1405/1405/1405 1409/1409/1409 1410/1410/1410
f 1406/1406/1406 1411/1411/1411 1407/1407/1407
f 1407/1407/1407 1411/1411/1411 1412/1412/1412
f 1407/1407/1407 1412/1412/1412 1408/1408/1408
f 1408/1408/1408 1412/1412/1412 1413/1413/1413
f 1408/1408/1408 1413/1413/1413 1409/1409/1409
f 1409/1409/1409 1413/1413/1413 1414/1414/1414
f 1409/1409/1409 1414/1414/1414 1410/1410/1410
f 1410/1410/1410 1414/1414/1414 1415/1415/1415
f 1411/1411/1411 1416/1416/1416 1412/1412/1412
f 1412/1412/1412 1416/1416/1416 1417/1417/1417
f 1412/1412/1412 1417/1417/1417 1413/1413/1413
f 1413/1413/1413 1417/1417/1417 1418/1418/1418
f 1413/1413/1413 1418/1418/1418 1414/1414/1414
f 1414/1414/1414 1418/1418/1418 1419/1419/1419
f 1414/1414/1414 1419/1419/1419 1415/1415/1415
f 1415/1415/1415 1419/1419/1419 1420/1420/1420
f 1421/1421/1421 1426/1426/1426 1422/1422/1422
f 1422/1422/1422 1426/1426/1426 1427/1427/1427
f 1422/1422/1422 1427/1427/1427 1423/1423/1423
f 1423/1423/1423 1427/1427/1427 1428/1428/1428
f 1423/1423/1423 1428/1428/1428 1424/1424/1424
f 1424/1424/1424 1428/1428/1428 1429/1429/1429
f 1424/1424/1424 1429/1429/1429 1425/1425/1425
f 1425/1425/1425 1429/1429/1429 1430/1430/1430
f 1426/1426/1426 1431/1431/1431 1427/1427/1427
f 1427/1427/1427 1431/1431/1431 1432/1432/1432
f 1427/1427/1427 1432/1432/1432 1428/1428/1428
f 1428/1428/1428 1432/1432/1432 1433/1433/1433
f 1428/1428/1428 1433/1433/1433 1429/1429/1429
f 1429/1429/1429 1433/1433/1433 1434/1434/1434
f 1429/1429/1429 1434/1434/1434 1430/1430/1430
f 1430/1430/1430 1434/1434/1434 1435/1435/1435
f 1431/1431/1431 1436/1436/1436 1432/1432/1432
f 1432/1432/1432 1436/1436/1436 1437/1437/1437
f 1432/1432/1432 1437/1437/1437 1433/1433/1433
f 1433/1433/1433 1437/1437/1437 1438/1438/1438
f 1433/1433/1433 1438/1438/1438 1434/1434/1434
f 1434/1434/1434 1438/1438/1438 1439/1439/1439
f 1434/1434/1434 1439/1439/1439 1435/1435/1435
f 1435/1435/1435 1439/1439/1439 1440/1440/1440
f 1436/1436/1436 1441/1441/1441 1437/1437/1437
f 1437/1437/1437 1441/1441/1441 1442/1442/1442
f 1437/1437/1437 1442/1442/1442 1438/1438/1438
f 1438/1438/1438 1442/1442/1442 1443/1443/1443
f 1438/1438/1438 1443/1443/1443 1439/1439/1439
f 1439/1439/1439 1443/1443/1443 1444/1444/1444
f 1439/1439/1439 1444/1444/1444 1440/1440/1440
f 1440/1440/1440 1444/1444/1444 1445/1445/1445
f 1441/1441/1441 1446/1446/1446 1442/1442/1442
f 1442/1442/1442 1446/1446/1446 1447/1447/1447
f 1442/1442/1442 1447/1447/1447 1443/1443/1443
f 1443/1443/1443 1447/1447/1447 1448/1448/1448
f 1443/1443/1443 1448/1448/1448 1444/1444/1444
f 1444/1444/1444 1448/1448/1448 1449/1449/1449
f 1444/1444/1444 1449/1449/1449 1445/1445/1445
f 1445/1445/1445 1449/1449/1449 1450/1450/1450
f 1451/1451/1451 1456/1456/1456 1452/1452/1452
f 1452/1452/1452 1456/1456/1456 1457/1457/1457
f 1452/1452/1452 1457/1457/1457 1453/1453/1453
f 1453/1453/1453 1457/1457/1457 1458/1458/1458
f 1453/1453/1453 1458/1458/1458 1454/1454/1454
f 1454/1454/1454 1458/1458/1458 1459/1459/1459
f 1454/1454/1454 1459/1459/1459 1455/1455/1455
f 1455/1455/1455 1459/1459/1459 1460/1460/1460
f 1456/1456/1456 1461/1461/1461 1457/1457/1457
f 1457/1457/1457 1461/1461/1461 1462/1462/1462
f 1457/1457/1457 1462/1462/1462 1458/1458/1458
f 1458/1458/1458 1462/1462/1462 1463/1463/1463
f 1458/1458/1458 1463/1463/1463 1459/1459/1459
f 1459/1459/1459 1463/1463/1463 1464/1464/1464
f 1459/1459/1459 1464/1464/1464 1460/1460/1460
f 1460/1460/1460 1464/1464/1464 1465/1465/1465
f 1461/1461/1461 1466/1466/1466 1462/1462/1462
f 1462/1462/1462 1466/1466/1466 1467/1467/1467
f 1462/1462/1462 1467/1467/1467 1463/1463/1463
f 1463/1463/1463 1467/1467/1467 1468/1468/1468
f 1463/1463/1463 1468/1468/1468 1464/1464/1464
f 1464/1464/1464 1468/1468/1468 1469/1469/1469
f 1464/1464/1464 1469/1469/1469 1465/1465/1465
f 1465/1465/1465 1469/1469/1469 1470/1470/1470
f 1466/1466/1466 1471/1471/1471 1467/1467/1467
f 1467/1467/1467 1471/1471/1471 1472/1472/1472
f 1467/1467/1467 1472/1472/1472 1468/1468/1468
f 1468/1468/1468 1472/1472/1472 1473/1473/1473
f 1468/1468/1468 1473/1473/1473 1469/1469/1469
f 1469/1469/1469 1473/1473/1473 1474/1474/1474
f 1469/1469/1469 1474/1474/1474 1470/1470/1470
f 1470/1470/1470 1474/1474/1474 1475/1475/1475
f 1471/1471/1471 1476/1476/1476 1472/1472/1472
f 1472/1472/1472 1476/1476/1476 1477/1477/1477
f 1472/1472/1472 1477/1477/1477 1473/1473/1473
f 1473/1473/1473 1477/1477/1477 1478/1478/1478
f 1473/1473/1473 1478/1478/1478 1474/1474/1474
f 1474/1474/1474 1478/1478/1478 1479/1479/1479
f 1474/1474/1474 1479/1479/1479 1475/1475/1475
f 1475/1475/1475 1479/1479/1479 1480/1480/1480
f 1481/1481/1481 1486/1486/1486 1482/1482/1482
f 1482/1482/1482 1486/1486/1486 1487/1487/1487
f 1482/1482/1482 1487/1487/1487 1483/1483/1483
f 1483/1483/1483 1487/1487/1487 1488/1488/1488
f 1483/1483/1483 1488/1488/1488 1484/1484/1484
f 1484/1484/1484 1488/1488/1488 1489/1489/1489
f 1484/1484/1484 1489/1489/1489 1485/1485/1485
f 1485/1485/1485 1489/1489/1489 1490/1490/1490
f 1486/1486/1486 1491/1491/1491 1487/1487/1487
f 1487/1487/1487 1491/1491/1491 1492/1492/1492
f 1487/1487/1487 1492/1492/1492 1488/1488/1488
f 1488/1488/1488 1492/1492/1492 1493/1493/1493
f 1488/1488/1488 1493/1493/1493 1489/1489/1489
f 1489/1489/1489 1493/1493/1493 1494/1494/1494
f 1489/1489/1489 1494/1494/1494 1490/1490/1490
f 1490/1490/1490 1494/1494/1494 1495/1495/1495
f 1491/1491/1491 1496/1496/1496 1492/1492/1492
f 1492/1492/1492 1496/1496/1496 1497/1497/1497
f 1492/1492/1492 1497/1497/1497 1493/1493/1493
f 1493/1493/1493 1497/1497/1497 1498/1498/1498
f 1493/1493/1493 1498/1498/1498 1494/1494/1494
f 1494/1494/1494 1498/1498/1498 1499/1499/1499
f 1494/1494/1494 1499/1499/1499 1495/1495/1495
f 1495/1495/1495 1499/1499/1499 1500/1500/1500
f 1496/1496/1496 1501/1501/1501 1497/1497/1497
f 1497/1497/1497 1501/1501/1501 1502/1502/1502
f 1497/1497/1497 1502/1502/1502 1498/1498/1498
f 1498/1498/1498 1502/1502/1502 1503/1503/1503
f 1498/1498/1498 1503/1503/1503 1499/1499/1499
f 1499/1499/1499 1503/1503/1503 1504/1504/1504
f 1499/1499/1499 1504/1504/1504 1500/1500/1500
f 1500/1500/1500 1504/1504/1504 1505/1505/1505
f 1501/1501/1501 1506/1506/1506 1502/1502/1502
f 1502/1502/1502 1506/1506/1506 1507/1507/1507
f 1502/1502/1502 1507/1507/1507 1503/1503/1503
f 1503/1503/1503 1507/1507/1507 1508/1508/1508
f 1503/1503/1503 1508/1508/1508 1504/1504/1504
f 1504/1504/1504 1508/1508/1508 1509/1509/1509
f 1504/1504/1504 1509/1509/1509 1505/1505/1505
f 1505/1505/1505 1509/1509/1509 1510/1510/1510
f 1511/1511/1511 1516/1516/1516 1512/1512/1512
f 1512/1512/1512 1516/1516/1516 1517/1517/1517
f 1512/1512/1512 1517/1517/1517 1513/1513/1513
f 1513/1513/1513 1517/1517/1517 1518/1518/1518
f 1513/1513/1513 1518/1518/1518 1514/1514/1514
f 1514/1514/1514 1518/1518/1518 1519/1519/1519
f 1514/1514/1514 1519/1519/1519 1515/1515/1515
f 1515/1515/1515 1519/1519/1519 1520/1520/1520
f 1516/1516/1516 1521/1521/1521 1517/1517/1517
f 1517/1517/1517 1521/1521/1521 1522/1522/1522
f 1517/1517/1517 1522/1522/1522 1518/1518/1518
f 1518/1518/1518 1522/1522/1522 1523/1523/1523
f 1518/1518/1518 1523/1523/1523 1519/1519/1519
f 1519/1519/1519 1523/1523/1523 1524/1524/1524
f 1519/1519/1519 1524/1524/1524 1520/1520/1520
f 1520/1520/1520 1524/1524/1524 1525/1525/1525
f 1521/1521/1521 1526/1526/1526 1522/1522/1522
f 1522/1522/1522 1526/1526/1526 1527/1527/1527
f 1522/1522/1522 1527/1527/1527 1523/1523/1523
f 1523/1523/1523 1527/1527/1527 1528/1528/1528
f 1523/1523/1523 1528/1528/1528 1524/1524/1524
f 1524/1524/1524 1528/1528/1528 1529/1529/1529
f 1524/1524/1524 1529/1529/1529 1525/1525/1525
f 1525/1525/1525 1529/1529/1529 1530/1530/1530
f 1526/1526/1526 1531/1531/1531 1527/1527/1527
f 1527/1527/1527 1531/1531/1531 1532/1532/1532
f 1527/1527/1527 1532/1532/1532 1528/1528/1528
f 1528/1528/1528 1532/1532/1532 1533/1533/1533
f 1528/1528/1528 1533/1533/1533 1529/1529/1529
f 1529/1529/1529 1533/1533/1533 1534/1534/1534
f 1529/1529/1529 1534/1534/1534 1530/1530/1530
f 1530/1530/1530 1534/1534/1534 1535/1535/1535
f 1531/1531/1531 1536/1536/1536 1532/1532/1532
f 1532/1532/1532 1536/1536/1536 1537/1537/1537
f 1532/1532/1532 1537/1537/1537 1533/1533/1533
f 1533/1533/1533 1537/1537/1537 1538/1538/1538
f 1533/1533/1533 1538/1538/1538 1534/1534/1534
f 1534/1534/1534 1538/1538/1538 1539/1539/1539
f 1534/1534/1534 1539/1539/1539 1535/1535/1535
f 1535/1535/1535 1539/1539/1539 1540/1540/1540
f 1541/1541/1541 1546/1546/1546 1542/1542/1542
f 1542/1542/1542 1546/1546/1546 1547/1547/1547
f 1542/1542/1542 1547/1547/1547 1543/1543/1543
f 1543/1543/1543 1547/1547/1547 1548/1548/1548
f 1543/1543/1543 1548/1548/1548 1544/1544/1544
f 1544/1544/1544 1548/1548/1548 1549/1549/1549
f 1544/1544/1544 1549/1549/1549 1545/1545/1545
f 1545/1545/1545 1549/1549/1549 1550/1550/1550
f 1546/1546/1546 1551/1551/1551 1547/1547/1547
f 1547/1547/1547 1551/1551/1551 1552/1552/1552
f 1547/1547/1547 1552/1552/1552 1548/1548/1548
f 1548/1548/1548 1552/1552/1552 1553/1553/1553
f 1548/1548/1548 1553/1553/1553 1549/1549/1549
f 1549/1549/1549 1553/1553/1553 1554/1554/1554
f 1549/1549/1549 1554/1554/1554 1550/1550/1550
f 1550/1550/1550 1554/1554/1554 1555/1555/1555
f 1551/1551/1551 1556/1556/1556 1552/1552/1552
f 1552/1552/1552 1556/1556/1556 1557/1557/1557
f 1552/1552/1552 1557/1557/1557 1553/1553/1553
f 1553/1553/1553 1557/1557/1557 1558/1558/1558
f 1553/1553/1553 1558/1558/1558 1554/1554/1554
f 1554/1554/1554 1558/1558/1558 1559/1559/1559
f 1554/1554/1554 1559/1559/1559 1555/1555/1555
f 1555/1555/1555 1559/1559/1559 1560/1560/1560
f 1556/1556/1556 1561/1561/1561 1557/1557/1557
f 1557/1557/1557 1561/1561/1561 1562/1562/1562
f 1557/1557/1557 1562/1562/1562 1558/1558/1558
f 1558/1558/1558 1562/1562/1562 1563/1563/1563
f 1558/1558/1558 1563/1563/1563 1559/1559/1559
f 1559/1559/1559 1563/1563/1563 1564/1564/1564
f 1559/1559/1559 1564/1564/1564 1560/1560/1560
f 1560/1560/1560 1564/1564/1564 1565/1565/1565
f 1561/1561/1561 1566/1566/1566 1562/1562/1562
f 1562/1562/1562 1566/1566/1566 1567/1567/1567
f 1562/1562/1562 1567/1567/1567 1563/1563/1563
f 1563/1563/1563 1567/1567/1567 1568/1568/1568
f 1563/1563/1563 1568/1568/1568 1564/1564/1564
f 1564/1564/1564 1568/1568/1568 1569/1569/1569
f 1564/1564/1564 1569/1569/1569 1565/1565/1565
f 1565/1565/1565 1569/1569/1569 1570/1570/1570
f 1571/1571/1571 1576/1576/1576 1572/1572/1572
f 1572/1572/1572 1576/1576/1576 1577/1577/1577
f 1572/1572/1572 1577/1577/1577 1573/1573/1573
f 1573/1573/1573 1577/1577/1577 1578/1578/1578
f 1573/1573/1573 1578/1578/1578 1574/1574/1574
f 1574/1574/1574 1578/1578/1578 1579/1579/1579
f 1574/1574/1574 1579/1579/1579 1575/1575/1575
f 1575/1575/1575 1579/1579/1579 1580/1580/1580
f 1576/1576/1576 1581/1581/1581 1577/1577/1577
f 1577/1577/1577 1581/1581/1581 1582/1582/1582
f 1577/1577/1577 1582/1582/1582 1578/1578/1578
f 1578/1578/1578 1582/1582/1582 1583/1583/1583
f 1578/1578/1578 1583/1583/1583 1579/1579/1579
f 1579/1579/1579 1583/1583/1583 1584/1584/1584
f 1579/1579/1579 1584/1584/1584 1580/1580/1580
f 1580/1580/1580 1584/1584/1584 1585/1585/1585
f 1581/1581/1581 1586/1586/1586 1582/1582/1582
f 1582/1582/1582 1586/1586/1586 1587/1587/1587
f 1582/1582/1582 1587/1587/1587 1583/1583/1583
f 1583/1583/1583 1587/1587/1587 1588/1588/1588
f 1583/1583/1583 1588/1588/1588 1584/1584/1584
f 1584/1584/1584 1588/1588/1588 1589/1589/1589
f 1584/1584/1584 1589/1589/1589 1585/1585/1585
f 1585/1585/1585 1589/1589/1589 1590/1590/1590
f 1586/1586/1586 1591/1591/1591 1587/1587/1587
f 1587/1587/1587 1591/1591/1591 1592/1592/1592
f 1587/1587/1587 1592/1592/1592 1588/1588/1588
f 1588/1588/1588 1592/1592/1592 1593/1593/1593
f 1588/1588/1588 1593/1593/1593 1589/1589/1589
f 1589/1589/1589 1593/1593/1593 1594/1594/1594
f 1589/1589/1589 1594/1594/1594 1590/1590/1590
f 1590/1590/1590 1594/1594/1594 1595/1595/1595
f 1591/1591/1591 1596/1596/1596 1592/1592/1592
f 1592/1592/1592 1596/1596/1596 1597/1597/1597
f 1592/1592/1592 1597/1597/1597 1593/1593/1593
f 1593/1593/1593 1597/1597/1597 1598/1598/1598
f 1593/1593/1593 1598/1598/1598 1594/1594/1594
f 1594/1594/1594 1598/1598/1598 1599/1599/1599
f 1594/1594/1594 1599/1599/1599 1595/1595/1595
f 1595/1595/1595 1599/1599/1599 1600/1600/1600
f 1601/1601/1601 1606/1606/1606 1602/1602/1602
f 1602/1602/1602 1606/1606/1606 1607/1607/1607
f 1602/1602/1602 1607/1607/1607 1603/1603/1603
f 1603/1603/1603 1607/1607/1607 1608/1608/1608
f 1603/1603/1603 1608/1608/1608 1604/1604/1604
f 1604/1604/1604 1608/1608/1608 1609/1609/1609
f 1604/1604/1604 1609/1609/1609 1605/1605/1605
f 1605/1605/1605 1609/1609/1609 1610/1610/1610
f 1606/1606/1606 1611/1611/1611 1607/1607/1607
f 1607/1607/1607 1611/1611/1611 1612/1612/1612
f 1607/1607/1607 1612/1612/1612 1608/1608/1608
f 1608/1608/1608 1612/1612/1612 1613/1613/1613
f 1608/1608/1608 1613/1613/1613 1609/1609/1609
f 1609/1609/1609 1613/1613/1613 1614/1614/1614
f 1609/1609/1609 1614/1614/1614 1610/1610/1610
f 1610/1610/1610 1614/1614/1614 1615/1615/1615
f 1611/1611/1611 1616/1616/1616 1612/1612/1612
f 1612/1612/1612 1616/1616/1616 1617/1617/1617
f 1612/1612/1612 1617/1617/1617 1613/1613/1613
f 1613/1613/1613 1617/1617/1617 1618/1618/1618
f 1613/1613/1613 1618/1618/1618 1614/1614/1614
f 1614/1614/1614 1618/1618/1618 1619/1619/1619
f 1614/1614/1614 1619/1619/1619 1615/1615/1615
f 1615/1615/1615 1619/1619/1619 1620/1620/1620
f 1616/1616/1616 1621/1621/1621 1617/1617/1617
f 1617/1617/1617 1621/1621/1621 1622/1622/1622
f 1617/1617/1617 1622/1622/1622 1618/1618/1618
f 1618/1618/1618 1622/1622/1622 1623/1623/1623
f 1618/1618/1618 1623/1623/1623 1619/1619/1619
f 1619/1619/1619 1623/1623/1623 1624/1624/1624
f 1619/1619/1619 1624/1624/1624 1620/1620/1620
f 1620/1620/1620 1624/1624/1624 1625/1625/1625
f 1621/1621/1621 1626/1626/1626 1622/1622/1622
f 1622/1622/1622 1626/1626/1626 1627/1627/1627
f 1622/1622/1622 1627/1627/1627 1623/1623/1623
f 1623/1623/1623 1627/1627/1627 1628/1628/1628
f 1623/1623/1623 1628/1628/1628 1624/1624/1624
f 1624/1624/1624 1628/1628/1628 1629/1629/1629
f 1624/1624/1624 1629/1629/1629 1625/1625/1625
f 1625/1625/1625 1629/1629/1629 1630/1630/1630
f 1631/1631/1631 1636/1636/1636 1632/1632/1632
f 1632/1632/1632 1636/1636/1636 1637/1637/1637
f 1632/1632/1632 1637/1637/1637 1633/1633/1633
f 1633/1633/1633 1637/1637/1637 1638/1638/1638
f 1633/1633/1633 1638/1638/1638 1634/1634/1634
f 1634/1634/1634 1638/1638/1638 1639/1639/1639
f 1634/1634/1634 1639/1639/1639 1635/1635/1635
f 1635/1635/1635 1639/1639/1639 1640/1640/1640
f 1636/1636/1636 1641/1641/1641 1637/1637/1637
f 1637/1637/1637 1641/1641/1641 1642/1642/1642
f 1637/1637/1637 1642/1642/1642 1638/1638/1638
f 1638/1638/1638 1642/1642/1642 1643/1643/1643
f 1638/1638/1638 1643/1643/1643 1639/1639/1639
f 1639/1639/1639 1643/1643/1643 1644/1644/1644
f 1639/1639/1639 1644/1644/1644 1640/1640/1640
f 1640/1640/1640 1644/1644/1644 1645/1645/1645
f 1641/1641/1641 1646/1646/1646 1642/1642/1642
f 1642/1642/1642 1646/1646/1646 1647/1647/1647
f 1642/1642/1642 1647/1647/1647 1643/1643/1643
f 1643/1643/1643 1647/1647/1647 1648/1648/1648
f 1643/1643/1643 1648/1648/1648 1644/1644/1644
f 1644/1644/1644 1648/1648/1648 1649/1649/1649
f 1644/1644/1644 1649/1649/1649 1645/1645/1645
f 1645/1645/1645 1649/1649/1649 1650/1650/1650
f 1646/1646/1646 1651/1651/1651 1647/1647/1647
f 1647/1647/1647 1651/1651/1651 1652/1652/1652
f 1647/1647/1647 1652/1652/1652 1648/1648/1648
f 1648/1648/1648 1652/1652/1652 1653/1653/1653
f 1648/1648/1648 1653/1653/1653 1649/1649/1649
f 1649/1649/1649 1653/1653/1653 1654/1654/1654
f 1649/1649/1649 1654/1654/1654 1650/1650/1650
f 1650/1650/1650 1654/1654/1654 1655/1655/1655
f 1651/1651/1651 1656/1656/1656 1652/1652/1652
f 1652/1652/1652 1656/1656/1656 1657/1657/1657
f 1652/1652/1652 1657/1657/1657 1653/1653/1653
f 1653/1653/1653 1657/1657/1657 1658/1658/1658
f 1653/1653/1653 1658/1658/1658 1654/1654/1654
f 1654/1654/1654 1658/1658/1658 1659/1659/1659
f 1654/1654/1654 1659/1659/1659 1655/1655/1655
f 1655/1655/1655 1659/1659/1659 1660/1660/1660
f 1661/1661/1661 1666/1666/1666 1662/1662/1662
f 1662/1662/1662 1666/1666/1666 1667/1667/1667
f 1662/1662/1662 1667/1667/1667 1663/1663/1663
f 1663/1663/1663 1667/1667/1667 1668/1668/1668
f 1663/1663/1663 1668/1668/1668 1664/1664/1664
f 1664/1664/1664 1668/1668/1668 1669/1669/1669
f 1664/1664/1664 1669/1669/1669 1665/1665/1665
f 1665/1665/1665 1669/1669/1669 1670/1670/1670
f 1666/1666/1666 1671/1671/1671 1667/1667/1667
f 1667/1667/1667 1671/1671/1671 1672/1672/1672
f 1667/1667/1667 1672/1672/1672 1668/1668/1668
f 1668/1668/1668 1672/1672/1672 1673/1673/1673
f 1668/1668/1668 1673/1673/1673 1669/1669/1669
f 1669/1669/1669 1673/1673/1673 1674/1674/1674
f 1669/1669/1669 1674/1674/1674 1670/1670/1670
f 1670/1670/1670 1674/1674/1674 1675/1675/1675
f 1671/1671/1671 1676/1676/1676 1672/1672/1672
f 1672/1672/1672 1676/1676/1676 1677/1677/1677
f 1672/1672/1672 1677/1677/1677 1673/1673/1673
f 1673/1673/1673 1677/1677/1677 1678/1678/1678
f 1673/1673/1673 1678/1678/1678 1674/1674/1674
f 1674/1674/1674 1678/1678/1678 1679/1679/1679
f 1674/1674/1674 1679/1679/1679 1675/1675/1675
f 1675/1675/1675 1679/1679/1679 1680/1680/1680
f 1676/1676/1676 1681/1681/1681 1677/1677/1677
f 1677/1677/1677 1681/1681/1681 1682/1682/1682
f 1677/1677/1677 1682/1682/1682 1678/1678/1678
f 1678/1678/1678 1682/1682/1682 1683/1683/1683
f 1678/1678/1678 1683/1683/1683 1679/1679/1679
f 1679/1679/1679 1683/1683/1683 1684/1684/1684
f 1679/1679/1679 1684/1684/1684 1680/1680/1680
f 1680/1680/1680 1684/1684/1684 1685/1685/1685
f 1681/1681/1681 1686/1686/1686 1682/1682/1682
f 1682/1682/1682 1686/1686/1686 1687/1687/1687
f 1682/1682/1682 1687/1687/1687 1683/1683/1683
f 1683/1683/1683 1687/1687/1687 1688/1688/1688
f 1683/1683/1683 1688/1688/1688 1684/1684/1684
f 1684/1684/1684 1688/1688/1688 1689/1689/1689
f 1684/1684/1684 1689/1689/1689 1685/1685/1685
f 1685/1685/1685 1689/1689/1689 1690/1690/1690
f 1691/1691/1691 1696/1696/1696 1692/1692/1692
f 1692/1692/1692 1696/1696/1696 1697/1697/1697
f 1692/1692/1692 1697/1697/1697 1693/1693/1693
f 1693/1693/1693 1697/1697/1697 1698/1698/1698
f 1693/1693/1693 1698/1698/1698 1694/1694/1694
f 1694/1694/1694 1698/1698/1698 1699/1699/1699
f 1694/1694/1694 1699/1699/1699 1695/1695/1695
f 1695/1695/1695 1699/1699/1699 1700/1700/1700
f 1696/1696/1696 1701/1701/1701 1697/1697/1697
f 1697/1697/1697 1701/1701/1701 1702/1702/1702
f 1697/1697/1697 1702/1702/1702 1698/1698/1698
f 1698/1698/1698 1702/1702/1702 1703/1703/1703
f 1698/1698/1698 1703/1703/1703 1699/1699/1699
f 1699/1699/1699 1703/1703/1703 1704/1704/1704
f 1699/1699/1699 1704/1704/1704 1700/1700/1700
f 1700/1700/1700 1704/1704/1704 1705/1705/1705
f 1701/1701/1701 1706/1706/1706 1702/1702/1702
f 1702/1702/1702 1706/1706/1706 1707/1707/1707
f 1702/1702/1702 1707/1707/1707 1703/1703/1703
f 1703/1703/1703 1707/1707/1707 1708/1708/1708
f 1703/1703/1703 1708/1708/1708 1704/1704/1704
f 1704/1704/1704 1708/1708/1708 1709/1709/1709
f 1704/1704/1704 1709/1709/1709 1705/1705/1705
f 1705/1705/1705 1709/1709/1709 1710/1710/1710
f 1706/1706/1706 1711/1711/1711 1707/1707/1707
f 1707/1707/1707 1711/1711/1711 1712/1712/1712
f 1707/1707/1707 1712/1712/1712 1708/1708/1708
f 1708/1708/1708 1712/1712/1712 1713/1713/1713
f 1708/1708/1708 1713/1713/1713 1709/1709/1709
f 1709/1709/1709 1713/1713/1713 1714/1714/1714
f 1709/1709/1709 1714/1714/1714 1710/1710/1710
f 1710/1710/1710 1714/1714/1714 1715/1715/1715
f 1711/1711/1711 1716/1716/1716 1712/1712/1712
f 1712/1712/1712 1716/1716/1716 1717/1717/1717
f 1712/1712/1712 1717/1717/1717 1713/1713/1713
f 1713/1713/1713 1717/1717/1717 1718/1718/1718
f 1713/1713/1713 1718/1718/1718 1714/1714/1714
f 1714/1714/1714 1718/1718/1718 1719/1719/1719
f 1714/1714/1714 1719/1719/1719 1715/1715/1715
f 1715/1715/1715 1719/1719/1719 1720/1720/1720
f 1721/1721/1721 1726/1726/1726 1722/1722/1722
f 1722/1722/1722 1726/1726/1726 1727/1727/1727
f 1722/1722/1722 1727/1727/1727 1723/1723/1723
f 1723/1723/1723 1727/1727/1727 1728/1728/1728
f 1723/1723/1723 1728/1728/1728 1724/1724/1724
f 1724/1724/1724 1728/1728/1728 1729/1729/1729
f 1724/1724/1724 1729/1729/1729 1725/1725/1725
f 1725/1725/1725 1729/1729/1729 1730/1730/1730
f 1726/1726/1726 1731/1731/1731 1727/1727/1727
f 1727/1727/1727 1731/1731/1731 1732/1732/1732
f 1727/1727/1727 1732/1732/1732 1728/1728/1728
f 1728/1728/1728 1732/1732/1732 1733/1733/1733
f 1728/1728/1728 1733/1733/1733 1729/1729/1729
f 1729/1729/1729 1733/1733/1733 1734/1734/1734
f 1729/1729/1729 1734/1734/1734 1730/1730/1730
f 1730/1730/1730 1734/1734/1734 1735/1735/1735
f 1731/1731/1731 1736/1736/1736 1732/1732/1732
f 1732/1732/1732 1736/1736/1736 1737/1737/1737
f 1732/1732/1732 1737/1737/1737 1733/1733/1733
f 1733/1733/1733 1737/1737/1737 1738/1738/1738
f 1733/1733/1733 1738/1738/1738 1734/1734/1734
f 1734/1734/1734 1738/1738/1738 1739/1739/1739
f 1734/1734/1734 1739/1739/1739 1735/1735/1735
f 1735/1735/1735 1739/1739/1739 1740/1740/1740
f 1736/1736/1736 1741/1741/1741 1737/1737/1737
f 1737/1737/1737 1741/1741/1741 1742/1742/1742
f 1737/1737/1737 1742/1742/1742 1738/1738/1738
f 1738/1738/1738 1742/1742/1742 1743/1743/1743
f 1738/1738/1738 1743/1743/1743 1739/1739/1739
f 1739/1739/1739 1743/1743/1743 1744/1744/1744
f 1739/1739/1739 1744/1744/1744 1740/1740/1740
f 1740/1740/1740 1744/1744/1744 1745/1745/1745
f 1741/1741/1741 1746/1746/1746 1742/1742/1742
f 1742/1742/1742 1746/1746/1746 1747/1747/1747
f 1742/1742/1742 1747/1747/1747 1743/1743/1743
f 1743/1743/1743 1747/1747/1747 1748/1748/1748
f 1743/1743/1743 1748/1748/1748 1744/1744/1744
f 1744/1744/1744 1748/1748/1748 1749/1749/1749
f 1744/1744/1744 1749/1749/1749 1745/1745/1745
f 1745/1745/1745 1749/1749/1749 1750/1750/1750
f 1751/1751/1751 1756/1756/1756 1752/1752/1752
f 1752/1752/1752 1756/1756/1756 1757/1757/1757
f 1752/1752/1752 1757/1757/1757 1753/1753/1753
f 1753/1753/1753 1757/1757/1757 1758/1758/1758
f 1753/1753/1753 1758/1758/1758 1754/1754/1754
f 1754/1754/1754 1758/1758/1758 1759/1759/1759
f 1754/1754/1754 1759/1759/1759 1755/1755/1755
f 1755/1755/1755 1759/1759/1759 1760/1760/1760
f 1756/1756/1756 1761/1761/1761 1757/1757/1757
f 1757/1757/1757 1761/1761/1761 1762/1762/1762
f 1757/1757/1757 1762/1762/1762 1758/1758/1758
f 1758/1758/1758 1762/1762/1762 1763/1763/1763
f 1758/1758/1758 1763/1763/1763 1759/1759/1759
f 1759/1759/1759 1763/1763/1763 1764/1764/1764
f 1759/1759/1759 1764/1764/1764 1760/1760/1760
f 1760/1760/1760 1764/1764/1764 1765/1765/1765
f 1761/1761/1761 1766/1766/1766 1762/1762/1762
f 1762/1762/1762 1766/1766/1766 1767/1767/1767
f 1762/1762/1762 1767/1767/1767 1763/1763/1763
f 1763/1763/1763 1767/1767/1767 1768/1768/1768
f 1763/1763/1763 1768/1768/1768 1764/1764/1764
f 1764/1764/1764 1768/1768/1768 1769/1769/1769
f 1764/1764/1764 1769/1769/1769 1765/1765/1765
f 1765/1765/1765 1769/1769/1769 1770/1770/1770
f 1766/1766/1766 1771/1771/1771 1767/1767/1767
f 1767/1767/1767 1771/1771/1771 1772/1772/1772
f 1767/1767/1767 1772/1772/1772 1768/1768/1768
f 1768/1768/1768 1772/1772/1772 1773/1773/1773
f 1768/1768/1768 1773/1773/1773 1769/1769/1769
f 1769/1769/1769 1773/1773/1773 1774/1774/1774
f 1769/1769/1769 1774/1774/1774 1770/1770/1770
f 1770/1770/1770 1774/1774/1774 1775/1775/1775
f 1771/1771/1771 1776/1776/1776 1772/1772/1772
f 1772/1772/1772 1776/1776/1776 1777/1777/1777
f 1772/1772/1772 1777/1777/1777 1773/1773/1773
f 1773/1773/1773 1777/1777/1777 1778/1778/1778
f 1773/1773/1773 1778/1778/1778 1774/1774/1774
f 1774/1774/1774 1778/1778/1778 1779/1779/1779
f 1774/1774/1774 1779/1779/1779 1775/1775/1775
f 1775/1775/1775 1779/1779/1779 1780/1780/1780
f 1781/1781/1781 1786/1786/1786 1782/1782/1782
f 1782/1782/1782 1786/1786/1786 1787/1787/1787
f 1782/1782/1782 1787/1787/1787 1783/1783/1783
f 1783/1783/1783 1787/1787/1787 1788/1788/1788
f 1783/1783/1783 1788/1788/1788 1784/1784/1784
f 1784/1784/1784 1788/1788/1788 1789/1789/1789
f 1784/1784/1784 1789/1789/1789 1785/1785/1785
f 1785/1785/1785 1789/1789/1789 1790/1790/1790
f 1786/1786/1786 1791/1791/1791 1787/1787/1787
f 1787/1787/1787 1791/1791/1791 1792/1792/1792
f 1787/1787/1787 1792/1792/1792 1788/1788/1788
f 1788/1788/1788 1792/1792/1792 1793/1793/1793
f 1788/1788/1788 1793/1793/1793 1789/1789/1789
f 1789/1789/1789 1793/1793/1793 1794/1794/1794
f 1789/1789/1789 1794/1794/1794 1790/1790/1790
f 1790/1790/1790 1794/1794/1794 1795/1795/1795
f 1791/1791/1791 1796/1796/1796 1792/1792/1792
f 1792/1792/1792 1796/1796/1796 1797/1797/1797
f 1792/1792/1792 1797/1797/1797 1793/1793/1793
f 1793/1793/1793 1797/1797/1797 1798/1798/1798
f 1793/1793/1793 1798/1798/1798 1794/1794/1794
f 1794/1794/1794 1798/1798/1798 1799/1799/1799
f 1794/1794/1794 1799/1799/1799 1795/1795/1795
f 1795/1795/1795 1799/1799/1799 1800/1800/1800
f 1796/1796/1796 1801/1801/1801 1797/1797/1797
f 1797/1797/1797 1801/1801/1801 1802/1802/1802
f 1797/1797/1797 1802/1802/1802 1798/1798/1798
f 1798/1798/1798 1802/1802/1802 1803/1803/1803
f 1798/1798/1798 1803/1803/1803 1799/1799/1799
f 1799/1799/1799 1803/1803/1803 1804/1804/1804
f 1799/1799/1799 1804/1804/1804 1800/1800/1800
f 1800/1800/1800 1804/1804/1804 1805/1805/1805
f 1801/1801/1801 1806/1806/1806 1802/1802/1802
f 1802/1802/1802 1806/1806/1806 1807/1807/1807
f 1802/1802/1802 1807/1807/1807 1803/1803/1803
f 1803/1803/1803 1807/1807/1807 1808/1808/1808
f 1803/1803/1803 1808/1808/1808 1804/1804/1804
f 1804/1804/1804 1808/1808/1808 1809/1809/1809
f 1804/1804/1804 1809/1809/1809 1805/1805/1805
f 1805/1805/1805 1809/1809/1809 1810/1810/1810
f 1811/1811/1811 1816/1816/1816 1812/1812/1812
f 1812/1812/1812 1816/1816/1816 1817/1817/1817
f 1812/1812/1812 1817/1817/1817 1813/1813/1813
f 1813/1813/1813 1817/1817/1817 1818/1818/1818
f 1813/1813/1813 1818/1818/1818 1814/1814/1814
f 1814/1814/1814 1818/1818/1818 1819/1819/1819
f 1814/1814/1814 1819/1819/1819 1815/1815/1815
f 1815/1815/1815 1819/1819/1819 1820/1820/1820
f 1816/1816/1816 1821/1821/1821 1817/1817/1817
f 1817/1817/1817 1821/1821/1821 1822/1822/1822
f 1817/1817/1817 1822/1822/1822 1818/1818/1818
f 1818/1818/1818 1822/1822/1822 1823/1823/1823
f 1818/1818/1818 1823/1823/1823 1819/1819/1819
f 1819/1819/1819 1823/1823/1823 1824/1824/1824
f 1819/1819/1819 1824/1824/1824 1820/1820/1820
f 1820/1820/1820 1824/1824/1824 1825/1825/1825
f 1821/1821/1821 1826/1826/1826 1822/1822/1822
f 1822/1822/1822 1826/1826/1826 1827/1827/1827
f 1822/1822/1822 1827/1827/1827 1823/1823/1823
f 1823/1823/1823 1827/1827/1827 1828/1828/1828
f 1823/1823/1823 1828/1828/1828 1824/1824/1824
f 1824/1824/1824 1828/1828/1828 1829/1829/1829
f 1824/1824/1824 1829/1829/1829 1825/1825/1825
f 1825/1825/1825 1829/1829/1829 1830/1830/1830
f 1826/1826/1826 1831/1831/1831 1827/1827/1827
f 1827/1827/1827 1831/1831/1831 1832/1832/1832
f 1827/1827/1827 1832/1832/1832 1828/1828/1828
f 1828/1828/1828 1832/1832/1832 1833/1833/1833
f 1828/1828/1828 1833/1833/1833 1829/1829/1829
f 1829/1829/1829 1833/1833/1833 1834/1834/1834
f 1829/1829/1829 1834/1834/1834 1830/1830/1830
f 1830/1830/1830 1834/1834/1834 1835/1835/1835
f 1831/1831/1831 1836/1836/1836 1832/1832/1832
f 1832/1832/1832 1836/1836/1836 1837/1837/1837
f 1832/1832/1832 1837/1837/1837 1833/1833/1833
f 1833/1833/1833 1837/1837/1837 1838/1838/1838
f 1833/1833/1833 1838/1838/1838 1834/1834/1834
f 1834/1834/1834 1838/1838/1838 1839/1839/1839
f 1834/1834/1834 1839/1839/1839 1835/1835/1835
f 1835/1835/1835 1839/1839/1839 1840/1840/1840
f 1841/1841/1841 1846/1846/1846 1842/1842/1842
f 1842/1842/1842 1846/1846/1846 1847/1847/1847
f 1842/1842/1842 1847/1847/1847 1843/1843/1843
f 1843/1843/1843 1847/1847/1847 1848/1848/1848
f 1843/1843/1843 1848/1848/1848 1844/1844/1844
f 1844/1844/1844 1848/1848/1848 1849/1849/1849
f 1844/1844/1844 1849/1849/1849 1845/1845/1845
f 1845/1845/1845 1849/1849/1849 1850/1850/1850
f 1846/1846/1846 1851/1851/1851 1847/1847/1847
f 1847/1847/1847 1851/1851/1851 1852/1852/1852
f 1847/1847/1847 1852/1852/1852 1848/1848/1848
f 1848/1848/1848 1852/1852/1852 1853/1853/1853
f 1848/1848/1848 1853/1853/1853 1849/1849/1849
f 1849/1849/1849 1853/1853/1853 1854/1854/1854
f 1849/1849/1849 1854/1854/1854 1850/1850/1850
f 1850/1850/1850 1854/1854/1854 1855/1855/1855
f 1851/1851/1851 1856/1856/1856 1852/1852/1852
f 1852/1852/1852 1856/1856/1856 1857/1857/1857
f 1852/1852/1852 1857/1857/1857 1853/1853/1853
f 1853/1853/1853 1857/1857/1857 1858/1858/1858
f 1853/1853/1853 1858/1858/1858 1854/1854/1854
f 1854/1854/1854 1858/1858/1858 1859/1859/1859
f 1854/1854/1854 1859/1859/1859 1855/1855/1855
f 1855/1855/1855 1859/1859/1859 1860/1860/1860
f 1856/1856/1856 1861/1861/1861 1857/1857/1857
f 1857/1857/1857 1861/1861/1861 1862/1862/1862
f 1857/1857/1857 1862/1862/1862 1858/1858/1858
f 1858/1858/1858 1862/1862/1862 1863/1863/1863
f 1858/1858/1858 1863/1863/1863 1859/1859/1859
f 1859/1859/1859 1863/1863/1863 1864/1864/1864
f 1859/1859/1859 1864/1864/1864 1860/1860/1860
f 1860/1860/1860 1864/1864/1864 1865/1865/1865
f 1861/1861/1861 1866/1866/1866 1862/1862/1862
f 1862/1862/1862 1866/1866/1866 1867/1867/1867
f 1862/1862/1862 1867/1867/1867 1863/1863/1863
f 1863/1863/1863 1867/1867/1867 1868/1868/1868
f 1863/1863/1863 1868/1868/1868 1864/1864/1864
f 1864/1864/1864 1868/1868/1868 1869/1869/1869
f 1864/1864/1864 1869/1869/1869 1865/1865/1865
f 1865/1865/1865 1869/1869/1869 1870/1870/1870
f 1871/1871/1871 1876/1876/1876 1872/1872/1872
f 1872/1872/1872 1876/1876/1876 1877/1877/1877
f 1872/1872/1872 1877/1877/1877 1873/1873/1873
f 1873/1873/1873 1877/1877/1877 1878/1878/1878
f 1873/1873/1873 1878/1878/1878 1874/1874/1874
f 1874/1874/1874 1878/1878/1878 1879/1879/1879
f 1874/1874/1874 1879/1879/1879 1875/1875/1875
f 1875/1875/1875 1879/1879/1879 1880/1880/1880
f 1876/1876/1876 1881/1881/1881 1877/1877/1877
f 1877/1877/1877 1881/1881/1881 1882/1882/1882
f 1877/1877/1877 1882/1882/1882 1878/1878/1878
f 1878/1878/1878 1882/1882/1882 1883/1883/1883
f 1878/1878/1878 1883/1883/1883 1879/1879/1879
f 1879/1879/1879 1883/1883/1883 1884/1884/1884
f 1879/1879/1879 1884/1884/1884 1880/1880/1880
f 1880/1880/1880 1884/1884/1884 1885/1885/1885
f 1881/1881/1881 1886/1886/1886 1882/1882/1882
f 1882/1882/1882 1886/1886/1886 1887/1887/1887
f 1882/1882/1882 1887/1887/1887 1883/1883/1883
f 1883/1883/1883 1887/1887/1887 1888/1888/1888
f 1883/1883/1883 1888/1888/1888 1884/1884/1884
f 1884/1884/1884 1888/1888/1888 1889/1889/1889
f 1884/1884/1884 1889/1889/1889 1885/1885/1885
f 1885/1885/1885 1889/1889/1889 1890/1890/1890
f 1886/1886/1886 1891/1891/1891 1887/1887/1887
f 1887/1887/1887 1891/1891/1891 1892/1892/1892
f 1887/1887/1887 1892/1892/1892 1888/1888/1888
f 1888/1888/1888 1892/1892/1892 1893/1893/1893
f 1888/1888/1888 1893/1893/1893 1889/1889/1889
f 1889/1889/1889 1893/1893/1893 1894/1894/1894
f 1889/1889/1889 1894/1894/1894 1890/1890/1890
f 1890/1890/1890 1894/1894/1894 1895/1895/1895
f 1891/1891/1891 1896/1896/1896 1892/1892/1892
f 1892/1892/1892 1896/1896/1896 1897/1897/1897
f 1892/1892/1892 1897/1897/1897 1893/1893/1893
f 1893/1893/1893 1897/1897/1897 1898/1898/1898
f 1893/1893/1893 1898/1898/1898 1894/1894/1894
f 1894/1894/1894 1898/1898/1898 1899/1899/1899
f 1894/1894/1894 1899/1899/1899 1895/1895/1895
f 1895/1895/1895 1899/1899/1899 1900/1900/1900
f 1901/1901/1901 1906/1906/1906 1902/1902/1902
f 1902/1902/1902 1906/1906/1906 1907/1907/1907
f 1902/1902/1902 1907/1907/1907 1903/1903/1903
f 1903/1903/1903 1907/1907/1907 1908/1908/1908
f 1903/1903/1903 1908/1908/1908 1904/1904/1904
f 1904/1904/1904 1908/1908/1908 1909/1909/1909
f 1904/1904/1904 1909/1909/1909 1905/1905/1905
f 1905/1905/1905 1909/1909/1909 1910/1910/1910
f 1906/1906/1906 1911/1911/1911 1907/1907/1907
f 1907/1907/1907 1911/1911/1911 1912/1912/1912
f 1907/1907/1907 1912/1912/1912 1908/1908/1908
f 1908/1908/1908 1912/1912/1912 1913/1913/1913
f 1908/1908/1908 1913/1913/1913 1909/1909/1909
f 1909/1909/1909 1913/1913/1913 1914/1914/1914
f 1909/1909/1909 1914/1914/1914 1910/1910/1910
f 1910/1910/1910 1914/1914/1914 1915/1915/1915
f 1911/1911/1911 1916/1916/1916 1912/1912/1912
f 1912/1912/1912 1916/1916/1916 1917/1917/1917
f 1912/1912/1912 1917/1917/1917 1913/1913/1913
f 1913/1913/1913 1917/1917/1917 1918/1918/1918
f 1913/1913/1913 1918/1918/1918 1914/1914/1914
f 1914/1914/1914 1918/1918/1918 1919/1919/1919
f 1914/1914/1914 1919/1919/1919 1915/1915/1915
f 1915/1915/1915 1919/1919/1919 1920/1920/1920
f 1916/1916/1916 1921/1921/1921 1917/1917/1917
f 1917/1917/1917 1921/1921/1921 1922/1922/1922
f 1917/1917/1917 1922/1922/1922 1918/1918/1918
f 1918/1918/1918 1922/1922/1922 1923/1923/1923
f 1918/1918/1918 1923/1923/1923 1919/1919/1919
f 1919/1919/1919 1923/1923/1923 1924/1924/1924
f 1919/1919/1919 1924/1924/1924 1920/1920/1920
f 1920/1920/1920 1924/1924/1924 1925/1925/1925
f 1921/1921/1921 1926/1926/1926 1922/1922/1922
f 1922/1922/1922 1926/1926/1926 1927/1927/1927
f 1922/1922/1922 1927/1927/1927 1923/1923/1923
f 1923/1923/1923 1927/1927/1927 1928/1928/1928
f 1923/1923/1923 1928/1928/1928 1924/1924/1924
f 1924/1924/1924 1928/1928/1928 1929/1929/1929
f 1924/1924/1924 1929/1929/1929 1925/1925/1925
f 1925/1925/1925 1929/1929/1929 1930/1930/1930
f 1931/1931/1931 1935/1935/1935 1932/1932/1932
f 1932/1932/1932 1935/1935/1935 1936/1936/1936
f 1932/1932/1932 1936/1936/1936 1933/1933/1933
f 1933/1933/1933 1936/1936/1936 1937/1937/1937
f 1933/1933/1933 1937/1937/1937 1934/1934/1934
f 1934/1934/1934 1937/1937/1937 1938/1938/1938
f 1935/1935/1935 1939/1939/1939 1936/1936/1936
f 1936/1936/1936 1939/1939/1939 1940/1940/1940
f 1936/1936/1936 1940/1940/1940 1937/1937/1937
f 1937/1937/1937 1940/1940/1940 1941/1941/1941
f 1937/1937/1937 1941/1941/1941 1938/1938/1938
f 1938/1938/1938 1941/1941/1941 1942/1942/1942
f 1939/1939/1939 1943/1943/1943 1940/1940/1940
f 1940/1940/1940 1943/1943/1943 1944/1944/1944
f 1940/1940/1940 1944/1944/1944 1941/1941/1941
f 1941/1941/1941 1944/1944/1944 1945/1945/1945
f 1941/1941/1941 1945/1945/1945 1942/1942/1942
f 1942/1942/1942 1945/1945/1945 1946/1946/1946
f 1947/1947/1947 1951/1951/1951 1948/1948/1948
f 1948/1948/1948 1951/1951/1951 1952/1952/1952
f 1948/1948/1948 1952/1952/1952 1949/1949/1949
f 1949/1949/1949 1952/1952/1952 1953/1953/1953
f 1949/1949/1949 1953/1953/1953 1950/1950/1950
f 1950/1950/1950 1953/1953/1953 1954/1954/1954
f 1951/1951/1951 1955/1955/1955 1952/1952/1952
f 1952/1952/1952 1955/1955/1955 1956/1956/1956
f 1952/1952/1952 1956/1956/1956 1953/1953/1953
f 1953/1953/1953 1956/1956/1956 1957/1957/1957
f 1953/1953/1953 1957/1957/1957 1954/1954/1954
f 1954/1954/1954 1957/1957/1957 1958/1958/1958
f 1955/1955/1955 1959/1959/1959 1956/1956/1956
f 1956/1956/1956 1959/1959/1959 1960/1960/1960
f 1956/1956/1956 1960/1960/1960 1957/1957/1957
f 1957/1957/1957 1960/1960/1960 1961/1961/1961
f 1957/1957/1957 1961/1961/1961 1958/1958/1958
f 1958/1958/1958 1961/1961/1961 1962/1962/1962
f 1963/1963/1963 1967/1967/1967 1964/1964/1964
f 1964/1964/1964 1967/1967/1967 1968/1968/1968
f 1964/1964/1964 1968/1968/1968 1965/1965/1965
f 1965/1965/1965 1968/1968/1968 1969/1969/1969
f 1965/1965/1965 1969/1969/1969 1966/1966/1966
f 1966/1966/1966 1969/1969/1969 1970/1970/1970
f 1967/1967/1967 1971/1971/1971 1968/1968/1968
f 1968/1968/1968 1971/1971/1971 1972/1972/1972
f 1968/1968/1968 1972/1972/1972 1969/1969/1969
f 1969/1969/1969 1972/1972/1972 1973/1973/1973
f 1969/1969/1969 1973/1973/1973 1970/1970/1970
f 1970/1970/1970 1973/1973/1973 1974/1974/1974
f 1971/1971/1971 1975/1975/1975 1972/1972/1972
f 1972/1972/1972 1975/1975/1975 1976/1976/1976
f 1972/1972/1972 1976/1976/1976 1973/1973/1973
f 1973/1973/1973 1976/1976/1976 1977/1977/1977
f 1973/1973/1973 1977/1977/1977 1974/1974/1974
f 1974/1974/1974 1977/1977/1977 1978/1978/1978
f 1979/1979/1979 1983/1983/1983 1980/1980/1980
f 1980/1980/1980 1983/1983/1983 1984/1984/1984
f 1980/1980/1980 1984/1984/1984 1981/1981/1981
f 1981/1981/1981 1984/1984/1984 1985/1985/1985
f 1981/1981/1981 1985/1985/1985 1982/1982/1982
f 1982/1982/1982 1985/1985/1985 1986/1986/1986
f 1983/1983/1983 1987/1987/1987 1984/1984/1984
f 1984/1984/1984 1987/1987/1987 1988/1988/1988
f 1984/1984/1984 1988/1988/1988 1985/1985/1985
f 1985/1985/1985 1988/1988/1988 1989/1989/1989
f 1985/1985/1985 1989/1989/1989 1986/1986/1986
f 1986/1986/1986 1989/1989/1989 1990/1990/1990
f 1987/1987/1987 1991/1991/1991 1988/1988/1988
f 1988/1988/1988 1991/1991/1991 1992/1992/1992
f 1988/1988/1988 1992/1992/1992 1989/1989/1989
f 1989/1989/1989 1992/1992/1992 1993/1993/1993
f 1989/1989/1989 1993/1993/1993 1990/1990/1990
f 1990/1990/1990 1993/1993/1993 1994/1994/1994
f 1995/1995/1995 1999/1999/1999 1996/1996/1996
f 1996/1996/1996 1999/1999/1999 2000/2000/2000
f 1996/1996/1996 2000/2000/2000 1997/1997/1997
f 1997/1997/1997 2000/2000/2000 2001/2001/2001
f 1997/1997/1997 2001/2001/2001 1998/1998/1998
f 1998/1998/1998 2001/2001/2001 2002/2002/2002
f 1999/1999/1999 2003/2003/2003 2000/2000/2000
f 2000/2000/2000 2003/2003/2003 2004/2004/2004
f 2000/2000/2000 2004/2004/2004 2001/2001/2001
f 2001/2001/2001 2004/2004/2004 2005/2005/2005
f 2001/2001/2001 2005/2005/2005 2002/2002/2002
f 2002/2002/2002 2005/2005/2005 2006/2006/2006
f 2003/2003/2003 2007/2007/2007 2004/2004/2004
f 2004/2004/2004 2007/2007/2007 2008/2008/2008
f 2004/2004/2004 2008/2008/2008 2005/2005/2005
f 2005/2005/2005 2008/2008/2008 2009/2009/2009
f 2005/2005/2005 2009/2009/2009 2006/2006/2006
f 2006/2006/2006 2009/2009/2009 2010/2010/2010
f 2011/2011/2011 2015/2015/2015 2012/2012/2012
f 2012/2012/2012 2015/2015/2015 2016/2016/2016
f 2012/2012/2012 2016/2016/2016 2013/2013/2013
f 2013/2013/2013 2016/2016/2016 2017/2017/2017
f 2013/2013/2013 2017/2017/2017 2014/2014/2014
f 2014/2014/2014 2017/2017/2017 2018/2018/2018
f 2015/2015/2015 2019/2019/2019 2016/2016/2016
f 2016/2016/2016 2019/2019/2019 2020/2020/2020
f 2016/2016/2016 2020/2020/2020 2017/2017/2017
f 2017/2017/2017 2020/2020/2020 2021/2021/2021
f 2017/2017/2017 2021/2021/2021 2018/2018/2018
f 2018/2018/2018 2021/2021/2021 2022/2022/2022
f 2019/2019/2019 2023/2023/2023 2020/2020/2020
f 2020/2020/2020 2023/2023/2023 2024/2024/2024
f 2020/2020/2020 2024/2024/2024 2021/2021/2021
f 2021/2021/2021 2024/2024/2024 2025/2025/2025
f 2021/2021/2021 2025/2025/2025 2022/2022/2022
f 2022/2022/2022 2025/2025/2025 2026/2026/2026
f 2027/2027/2027 2031/2031/2031 2028/2028/2028
f 2028/2028/2028 2031/2031/2031 2032/2032/2032
f 2028/2028/2028 2032/2032/2032 2029/2029/2029
f 2029/2029/2029 2032/2032/2032 2033/2033/2033
f 2029/2029/2029 2033/2033/2033 2030/2030/2030
f 2030/2030/2030 2033/2033/2033 2034/2034/2034
f 2031/2031/2031 2035/2035/2035 2032/2032/2032
f 2032/2032/2032 2035/2035/2035 2036/2036/2036
f 2032/2032/2032 2036/2036/2036 2033/2033/2033
f 2033/2033/2033 2036/2036/2036 2037/2037/2037
f 2033/2033/2033 2037/2037/2037 2034/2034/2034
f 2034/2034/2034 2037/2037/2037 2038/2038/2038
f 2035/2035/2035 2039/2039/2039 2036/2036/2036
f 2036/2036/2036 2039/2039/2039 2040/2040/2040
f 2036/2036/2036 2040/2040/2040 2037/2037/2037
f 2037/2037/2037 2040/2040/2040 2041/2041/2041
f 2037/2037/2037 2041/2041/2041 2038/2038/2038
f 2038/2038/2038 2041/2041/2041 2042/2042/2042
f 2043/2043/2043 2047/2047/2047 2044/2044/2044
f 2044/2044/2044 2047/2047/2047 2048/2048/2048
f 2044/2044/2044 2048/2048/2048 2045/2045/2045
f 2045/2045/2045 2048/2048/2048 2049/2049/2049
f 2045/2045/2045 2049/2049/2049 2046/2046/2046
f 2046/2046/2046 2049/2049/2049 2050/2050/2050
f 2047/2047/2047 2051/2051/2051 2048/2048/2048
f 2048/2048/2048 2051/2051/2051 2052/2052/2052
f 2048/2048/2048 2052/2052/2052 2049/2049/2049
f 2049/2049/2049 2052/2052/2052 2053/2053/2053
f 2049/2049/2049 2053/2053/2053 2050/2050/2050
f 2050/2050/2050 2053/2053/2053 2054/2054/2054
f 2051/2051/2051 2055/2055/2055 2052/2052/2052
f 2052/2052/2052 2055/2055/2055 2056/2056/2056
f 2052/2052/2052 2056/2056/2056 2053/2053/2053
f 2053/2053/2053 2056/2056/2056 2057/2057/2057
f 2053/2053/2053 2057/2057/2057 2054/2054/2054
f 2054/2054/2054 2057/2057/2057 2058/2058/2058
f 2059/2059/2059 2063/2063/2063 2060/2060/2060
f 2060/2060/2060 2063/2063/2063 2064/2064/2064
f 2060/2060/2060 2064/2064/2064 2061/2061/2061
f 2061/2061/2061 2064/2064/2064 2065/2065/2065
f 2061/2061/2061 2065/2065/2065 2062/2062/2062
f 2062/2062/2062 2065/2065/2065 2066/2066/2066
f 2063/2063/2063 2067/2067/2067 2064/2064/2064
f 2064/2064/2064 2067/2067/2067 2068/2068/2068
f 2064/2064/2064 2068/2068/2068 2065/2065/2065
f 2065/2065/2065 2068/2068/2068 2069/2069/2069
f 2065/2065/2065 2069/2069/2069 2066/2066/2066
f 2066/2066/2066 2069/2069/2069 2070/2070/2070
f 2067/2067/2067 2071/2071/2071 2068/2068/2068
f 2068/2068/2068 2071/2071/2071 2072/2072/2072
f 2068/2068/2068 2072/2072/2072 2069/2069/2069
f 2069/2069/2069 2072/2072/2072 2073/2073/2073
f 2069/2069/2069 2073/2073/2073 2070/2070/2070
f 2070/2070/2070 2073/2073/2073 2074/2074/2074
f 2075/2075/2075 2079/2079/2079 2076/2076/2076
f 2076/2076/2076 2079/2079/2079 2080/2080/2080
f 2076/2076/2076 2080/2080/2080 2077/2077/2077
f 2077/2077/2077 2080/2080/2080 2081/2081/2081
f 2077/2077/2077 2081/2081/2081 2078/2078/2078
f 2078/2078/2078 2081/2081/2081 2082/2082/2082
f 2079/2079/2079 2083/2083/2083 2080/2080/2080
f 2080/2080/2080 2083/2083/2083 2084/2084/2084
f 2080/2080/2080 2084/2084/2084 2081/2081/2081
f 2081/2081/2081 2084/2084/2084 2085/2085/2085
f 2081/2081/2081 2085/2085/2085 2082/2082/2082
f 2082/2082/2082 2085/2085/2085 2086/2086/2086
f 2083/2083/2083 2087/2087/2087 2084/2084/2084
f 2084/2084/2084 2087/2087/2087 2088/2088/2088
f 2084/2084/2084 2088/2088/2088 2085/2085/2085
f 2085/2085/2085 2088/2088/2088 2089/2089/2089
f 2085/2085/2085 2089/2089/2089 2086/2086/2086
f 2086/2086/2086 2089/2089/2089 2090/2090/2090
f 2091/2091/2091 2095/2095/2095 2092/2092/2092
f 2092/2092/2092 2095/2095/2095 2096/2096/2096
f 2092/2092/2092 2096/2096/2096 2093/2093/2093
f 2093/2093/2093 2096/2096/2096 2097/2097/2097
f 2093/2093/2093 2097/2097/2097 2094/2094/2094
f 2094/2094/2094 2097/2097/2097 2098/2098/2098
f 2095/2095/2095 2099/2099/2099 2096/2096/2096
f 2096/2096/2096 2099/2099/2099 2100/2100/2100
f 2096/2096/2096 2100/2100/2100 2097/2097/2097
f 2097/2097/2097 2100/2100/2100 2101/2101/2101
f 2097/2097/2097 2101/2101/2101 2098/2098/2098
f 2098/2098/2098 2101/2101/2101 2102/2102/2102
f 2099/2099/2099 2103/2103/2103 2100/2100/2100
f 2100/2100/2100 2103/2103/2103 2104/2104/2104
f 2100/2100/2100 2104/2104/2104 2101/2101/2101
f 2101/2101/2101 2104/2104/2104 2105/2105/2105
f 2101/2101/2101 2105/2105/2105 2102/2102/2102
f 2102/2102/2102 2105/2105/2105 2106/2106/2106
f 2107/2107/2107 2111/2111/2111 2108/2108/2108
f 2108/2108/2108 2111/2111/2111 2112/2112/2112
f 2108/2108/2108 2112/2112/2112 2109/2109/2109
f 2109/2109/2109 2112/2112/2112 2113/2113/2113
f 2109/2109/2109 2113/2113/2113 2110/2110/2110
f 2110/2110/2110 2113/2113/2113 2114/2114/2114
f 2111/2111/2111 2115/2115/2115 2112/2112/2112
f 2112/2112/2112 2115/2115/2115 2116/2116/2116
f 2112/2112/2112 2116/2116/2116 2113/2113/2113
f 2113/2113/2113 2116/2116/2116 2117/2117/2117
f 2113/2113/2113 2117/2117/2117 2114/2114/2114
f 2114/2114/2114 2117/2117/2117 2118/2118/2118
f 2115/2115/2115 2119/2119/2119 2116/2116/2116
f 2116/2116/2116 2119/2119/2119 2120/2120/2120
f 2116/2116/2116 2120/2120/2120 2117/2117/2117
f 2117/2117/2117 2120/2120/2120 2121/2121/2121
f 2117/2117/2117 2121/2121/2121 2118/2118/2118
f 2118/2118/2118 2121/2121/2121 2122/2122/2122
f 2123/2123/2123 2127/2127/2127 2124/2124/2124
f 2124/2124/2124 2127/2127/2127 2128/2128/2128
f 2124/2124/2124 2128/2128/2128 2125/2125/2125
f 2125/2125/2125 2128/2128/2128 2129/2129/2129
f 2125/2125/2125 2129/2129/2129 2126/2126/2126
f 2126/2126/2126 2129/2129/2129 2130/2130/2130
f 2127/2127/2127 2131/2131/2131 2128/2128/2128
f 2128/2128/2128 2131/2131/2131 2132/2132/2132
f 2128/2128/2128 2132/2132/2132 2129/2129/2129
f 2129/2129/2129 2132/2132/2132 2133/2133/2133
f 2129/2129/2129 2133/2133/2133 2130/2130/2130
f 2130/2130/2130 2133/2133/2133 2134/2134/2134
f 2131/2131/2131 2135/2135/2135 2132/2132/2132
f 2132/2132/2132 2135/2135/2135 2136/2136/2136
f 2132/2132/2132 2136/2136/2136 2133/2133/2133
f 2133/2133/2133 2136/2136/2136 2137/2137/2137
f 2133/2133/2133 2137/2137/2137 2134/2134/2134
f 2134/2134/2134 2137/2137/2137 2138/2138/2138
f 2139/2139/2139 2143/2143/2143 2140/2140/2140
f 2140/2140/2140 2143/2143/2143 2144/2144/2144
f 2140/2140/2140 2144/2144/2144 2141/2141/2141
f 2141/2141/2141 2144/2144/2144 2145/2145/2145
f 2141/2141/2141 2145/2145/2145 2142/2142/2142
f 2142/2142/2142 2145/2145/2145 2146/2146/2146
f 2143/2143/2143 2147/2147/2147 2144/2144/2144
f 2144/2144/2144 2147/2147/2147 2148/2148/2148
f 2144/2144/2144 2148/2148/2148 2145/2145/2145
f 2145/2145/2145 2148/2148/2148 2149/2149/2149
f 2145/2145/2145 2149/2149/2149 2146/2146/2146
f 2146/2146/2146 2149/2149/2149 2150/2150/2150
f 2147/2147/2147 2151/2151/2151 2148/2148/2148
f 2148/2148/2148 2151/2151/2151 2152/2152/2152
f 2148/2148/2148 2152/2152/2152 2149/2149/2149
f 2149/2149/2149 2152/2152/2152 2153/2153/2153
f 2149/2149/2149 2153/2153/2153 2150/2150/2150
f 2150/2150/2150 2153/2153/2153 2154/2154/2154
f 2155/2155/2155 2159/2159/2159 2156/2156/2156
f 2156/2156/2156 2159/2159/2159 2160/2160/2160
f 2156/2156/2156 2160/2160/2160 2157/2157/2157
f 2157/2157/2157 2160/2160/2160 2161/2161/2161
f 2157/2157/2157 2161/2161/2161 2158/2158/2158
f 2158/2158/2158 2161/2161/2161 2162/2162/2162
f 2159/2159/2159 2163/2163/2163 2160/2160/2160
f 2160/2160/2160 2163/2163/2163 2164/2164/2164
f 2160/2160/2160 2164/2164/2164 2161/2161/2161
f 2161/2161/2161 2164/2164/2164 2165/2165/2165
f 2161/2161/2161 2165/2165/2165 2162/2162/2162
f 2162/2162/2162 2165/2165/2165 2166/2166/2166
f 2163/2163/2163 2167/2167/2167 2164/2164/2164
f 2164/2164/2164 2167/2167/2167 2168/2168/2168
f 2164/2164/2164 2168/2168/2168 2165/2165/2165
f 2165/2165/2165 2168/2168/2168 2169/2169/2169
f 2165/2165/2165 2169/2169/2169 2166/2166/2166
f 2166/2166/2166 2169/2169/2169 2170/2170/2170
f 2171/2171/2171 2175/2175/2175 2172/2172/2172
f 2172/2172/2172 2175/2175/2175 2176/2176/2176
f 2172/2172/2172 2176/2176/2176 2173/2173/2173
f 2173/2173/2173 2176/2176/2176 2177/2177/2177
f 2173/2173/2173 2177/2177/2177 2174/2174/2174
f 2174/2174/2174 2177/2177/2177 2178/2178/2178
f 2175/2175/2175 2179/2179/2179 2176/2176/2176
f 2176/2176/2176 2179/2179/2179 2180/2180/2180
f 2176/2176/2176 2180/2180/2180 2177/2177/2177
f 2177/2177/2177 2180/2180/2180 2181/2181/2181
f 2177/2177/2177 2181/2181/2181 2178/2178/2178
f 2178/2178/2178 2181/2181/2181 2182/2182/2182
f 2179/2179/2179 2183/2183/2183 2180/2180/2180
f 2180/2180/2180 2183/2183/2183 2184/2184/2184
f 2180/2180/2180 2184/2184/2184 2181/2181/2181
f 2181/2181/2181 2184/2184/2184 2185/2185/2185
f 2181/2181/2181 2185/2185/2185 2182/2182/2182
f 2182/2182/2182 2185/2185/2185 2186/2186/2186
f 2187/2187/2187 2191/2191/2191 2188/2188/2188
f 2188/2188/2188 2191/2191/2191 2192/2192/2192
f 2188/2188/2188 2192/2192/2192 2189/2189/2189
f 2189/2189/2189 2192/2192/2192 2193/2193/2193
f 2189/2189/2189 2193/2193/2193 2190/2190/2190
f 2190/2190/2190 2193/2193/2193 2194/2194/2194
f 2191/2191/2191 2195/2195/2195 2192/2192/2192
f 2192/2192/2192 2195/2195/2195 2196/2196/2196
f 2192/2192/2192 2196/2196/2196 2193/2193/2193
f 2193/2193/2193 2196/2196/2196 2197/2197/2197
f 2193/2193/2193 2197/2197/2197 2194/2194/2194
f 2194/2194/2194 2197/2197/2197 2198/2198/2198
f 2195/2195/2195 2199/2199/2199 2196/2196/2196
f 2196/2196/2196 2199/2199/2199 2200/2200/2200
f 2196/2196/2196 2200/2200/2200 2197/2197/2197
f 2197/2197/2197 2200/2200/2200 2201/2201/2201
f 2197/2197/2197 2201/2201/2201 2198/2198/2198
f 2198/2198/2198 2201/2201/2201 2202/2202/2202
f 2203/2203/2203 2207/2207/2207 2204/2204/2204
f 2204/2204/2204 2207/2207/2207 2208/2208/2208
f 2204/2204/2204 2208/2208/2208 2205/2205/2205
f 2205/2205/2205 2208/2208/2208 2209/2209/2209
f 2205/2205/2205 2209/2209/2209 2206/2206/2206
f 2206/2206/2206 2209/2209/2209 2210/2210/2210
f 2207/2207/2207 2211/2211/2211 2208/2208/2208
f 2208/2208/2208 2211/2211/2211 2212/2212/2212
f 2208/2208/2208 2212/2212/2212 2209/2209/2209
f 2209/2209/2209 2212/2212/2212 2213/2213/2213
f 2209/2209/2209 2213/2213/2213 2210/2210/2210
f 2210/2210/2210 2213/2213/2213 2214/2214/2214
f 2211/2211/2211 2215/2215/2215 2212/2212/2212
f 2212/2212/2212 2215/2215/2215 2216/2216/2216
f 2212/2212/2212 2216/2216/2216 2213/2213/2213
f 2213/2213/2213 2216/2216/2216 2217/2217/2217
f 2213/2213/2213 2217/2217/2217 2214/2214/2214
f 2214/2214/2214 2217/2217/2217 2218/2218/2218
f 2219/2219/2219 2223/2223/2223 2220/2220/2220
f 2220/2220/2220 2223/2223/2223 2224/2224/2224
f 2220/2220/2220 2224/2224/2224 2221/2221/2221
f 2221/2221/2221 2224/2224/2224 2225/2225/2225
f 2221/2221/2221 2225/2225/2225 2222/2222/2222
f 2222/2222/2222 2225/2225/2225 2226/2226/2226
f 2223/2223/2223 2227/2227/2227 2224/2224/2224
f 2224/2224/2224 2227/2227/2227 2228/2228/2228
f 2224/2224/2224 2228/2228/2228 2225/2225/2225
f 2225/2225/2225 2228/2228/2228 2229/2229/2229
f 2225/2225/2225 2229/2229/2229 2226/2226/2226
f 2226/2226/2226 2229/2229/2229 2230/2230/2230
f 2227/2227/2227 2231/2231/2231 2228/2228/2228
f 2228/2228/2228 2231/2231/2231 2232/2232/2232
f 2228/2228/2228 2232/2232/2232 2229/2229/2229
f 2229/2229/2229 2232/2232/2232 2233/2233/2233
f 2229/2229/2229 2233/2233/2233 2230/2230/2230
f 2230/2230/2230 2233/2233/2233 2234/2234/2234
f 2235/2235/2235 2239/2239/2239 2236/2236/2236
f 2236/2236/2236 2239/2239/2239 2240/2240/2240
f 2236/2236/2236 2240/2240/2240 2237/2237/2237
f 2237/2237/2237 2240/2240/2240 2241/2241/2241
f 2237/2237/2237 2241/2241/2241 2238/2238/2238
f 2238/2238/2238 2241/2241/2241 2242/2242/2242
f 2239/2239/2239 2243/2243/2243 2240/2240/2240
f 2240/2240/2240 2243/2243/2243 2244/2244/2244
f 2240/2240/2240 2244/2244/2244 2241/2241/2241
f 2241/2241/2241 2244/2244/2244 2245/2245/2245
f 2241/2241/2241 2245/2245/2245 2242/2242/2242
f 2242/2242/2242 2245/2245/2245 2246/2246/2246
f 2243/2243/2243 2247/2247/2247 2244/2244/2244
f 2244/2244/2244 2247/2247/2247 2248/2248/2248
f 2244/2244/2244 2248/2248/2248 2245/2245/2245
f 2245/2245/2245 2248/2248/2248 2249/2249/2249
f 2245/2245/2245 2249/2249/2249 2246/2246/2246
f 2246/2246/2246 2249/2249/2249 2250/2250/2250
f 2251/2251/2251 2255/2255/2255 2252/2252/2252
f 2252/2252/2252 2255/2255/2255 2256/2256/2256
f 2252/2252/2252 2256/2256/2256 2253/2253/2253
f 2253/2253/2253 2256/2256/2256 2257/2257/2257
f 2253/2253/2253 2257/2257/2257 2254/2254/2254
f 2254/2254/2254 2257/2257/2257 2258/2258/2258
f 2255/2255/2255 2259/2259/2259 2256/2256/2256
f 2256/2256/2256 2259/2259/2259 2260/2260/2260
f 2256/2256/2256 2260/2260/2260 2257/2257/2257
f 2257/2257/2257 2260/2260/2260 2261/2261/2261
f 2257/2257/2257 2261/2261/2261 2258/2258/2258
f 2258/2258/2258 2261/2261/2261 2262/2262/2262
f 2259/2259/2259 2263/2263/2263 2260/2260/2260
f 2260/2260/2260 2263/2263/2263 2264/2264/2264
f 2260/2260/2260 2264/2264/2264 2261/2261/2261
f 2261/2261/2261 2264/2264/2264 2265/2265/2265
f 2261/2261/2261 2265/2265/2265 2262/2262/2262
f 2262/2262/2262 2265/2265/2265 2266/2266/2266
f 2267/2267/2267 2271/2271/2271 2268/2268/2268
f 2268/2268/2268 2271/2271/2271 2272/2272/2272
f 2268/2268/2268 2272/2272/2272 2269/2269/2269
f 2269/2269/2269 2272/2272/2272 2273/2273/2273
f 2269/2269/2269 2273/2273/2273 2270/2270/2270
f 2270/2270/2270 2273/2273/2273 2274/2274/2274
f 2271/2271/2271 2275/2275/2275 2272/2272/2272
f 2272/2272/2272 2275/2275/2275 2276/2276/2276
f 2272/2272/2272 2276/2276/2276 2273/2273/2273
f 2273/2273/2273 2276/2276/2276 2277/2277/2277
f 2273/2273/2273 2277/2277/2277 2274/2274/2274
f 2274/2274/2274 2277/2277/2277 2278/2278/2278
f 2275/2275/2275 2279/2279/2279 2276/2276/2276
f 2276/2276/2276 2279/2279/2279 2280/2280/2280
f 2276/2276/2276 2280/2280/2280 2277/2277/2277
f 2277/2277/2277 2280/2280/2280 2281/2281/2281
f 2277/2277/2277 2281/2281/2281 2278/2278/2278
f 2278/2278/2278 2281/2281/2281 2282/2282/2282
f 2283/2283/2283 2287/2287/2287 2284/2284/2284
f 2284/2284/2284 2287/2287/2287 2288/2288/2288
f 2284/2284/2284 2288/2288/2288 2285/2285/2285
f 2285/2285/2285 2288/2288/2288 2289/2289/2289
f 2285/2285/2285 2289/2289/2289 2286/2286/2286
f 2286/2286/2286 2289/2289/2289 2290/2290/2290
f 2287/2287/2287 2291/2291/2291 2288/2288/2288
f 2288/2288/2288 2291/2291/2291 2292/2292/2292
f 2288/2288/2288 2292/2292/2292 2289/2289/2289
f 2289/2289/2289 2292/2292/2292 2293/2293/2293
f 2289/2289/2289 2293/2293/2293 2290/2290/2290
f 2290/2290/2290 2293/2293/2293 2294/2294/2294
f 2291/2291/2291 2295/2295/2295 2292/2292/2292
f 2292/2292/2292 2295/2295/2295 2296/2296/2296
f 2292/2292/2292 2296/2296/2296 2293/2293/2293
f 2293/2293/2293 2296/2296/2296 2297/2297/2297
f 2293/2293/2293 2297/2297/2297 2294/2294/2294
f 2294/2294/2294 2297/2297/2297 2298/2298/2298
f 2299/2299/2299 2303/2303/2303 2300/2300/2300
f 2300/2300/2300 2303/2303/2303 2304/2304/2304
f 2300/2300/2300 2304/2304/2304 2301/2301/2301
f 2301/2301/2301 2304/2304/2304 2305/2305/2305
f 2301/2301/2301 2305/2305/2305 2302/2302/2302
f 2302/2302/2302 2305/2305/2305 2306/2306/2306
f 2303/2303/2303 2307/2307/2307 2304/2304/2304
f 2304/2304/2304 2307/2307/2307 2308/2308/2308
f 2304/2304/2304 2308/2308/2308 2305/2305/2305
f 2305/2305/2305 2308/2308/2308 2309/2309/2309
f 2305/2305/2305 2309/2309/2309 2306/2306/2306
f 2306/2306/2306 2309/2309/2309 2310/2310/2310
f 2307/2307/2307 2311/2311/2311 2308/2308/2308
f 2308/2308/2308 2311/2311/2311 2312/2312/2312
f 2308/2308/2308 2312/2312/2312 2309/2309/2309
f 2309/2309/2309 2312/2312/2312 2313/2313/2313
f 2309/2309/2309 2313/2313/2313 2310/2310/2310
f 2310/2310/2310 2313/2313/2313 2314/2314/2314
f 2315/2315/2315 2319/2319/2319 2316/2316/2316
f 2316/2316/2316 2319/2319/2319 2320/2320/2320
f 2316/2316/2316 2320/2320/2320 2317/2317/2317
f 2317/2317/2317 2320/2320/2320 2321/2321/2321
f 2317/2317/2317 2321/2321/2321 2318/2318/2318
f 2318/2318/2318 2321/2321/2321 2322/2322/2322
f 2319/2319/2319 2323/2323/2323 2320/2320/2320
f 2320/2320/2320 2323/2323/2323 2324/2324/2324
f 2320/2320/2320 2324/2324/2324 2321/2321/2321
f 2321/2321/2321 2324/2324/2324 2325/2325/2325
f 2321/2321/2321 2325/2325/2325 2322/2322/2322
f 2322/2322/2322 2325/2325/2325 2326/2326/2326
f 2323/2323/2323 2327/2327/2327 2324/2324/2324
f 2324/2324/2324 2327/2327/2327 2328/2328/2328
f 2324/2324/2324 2328/2328/2328 2325/2325/2325
f 2325/2325/2325 2328/2328/2328 2329/2329/2329
f 2325/2325/2325 2329/2329/2329 2326/2326/2326
f 2326/2326/2326 2329/2329/2329 2330/2330/2330
f 2331/2331/2331 2335/2335/2335 2332/2332/2332
f 2332/2332/2332 2335/2335/2335 2336/2336/2336
f 2332/2332/2332 2336/2336/2336 2333/2333/2333
f 2333/2333/2333 2336/2336/2336 2337/2337/2337
f 2333/2333/2333 2337/2337/2337 2334/2334/2334
f 2334/2334/2334 2337/2337/2337 2338/2338/2338
f 2335/2335/2335 2339/2339/2339 2336/2336/2336
f 2336/2336/2336 2339/2339/2339 2340/2340/2340
f 2336/2336/2336 2340/2340/2340 2337/2337/2337
f 2337/2337/2337 2340/2340/2340 2341/2341/2341
f 2337/2337/2337 2341/2341/2341 2338/2338/2338
f 2338/2338/2338 2341/2341/2341 2342/2342/2342
f 2339/2339/2339 2343/2343/2343 2340/2340/2340
f 2340/2340/2340 2343/2343/2343 2344/2344/2344
f 2340/2340/2340 2344/2344/2344 2341/2341/2341
f 2341/2341/2341 2344/2344/2344 2345/2345/2345
f 2341/2341/2341 2345/2345/2345 2342/2342/2342
f 2342/2342/2342 2345/2345/2345 2346/2346/2346
f 2347/2347/2347 2351/2351/2351 2348/2348/2348
f 2348/2348/2348 2351/2351/2351 2352/2352/2352
f 2348/2348/2348 2352/2352/2352 2349/2349/2349
f 2349/2349/2349 2352/2352/2352 2353/2353/2353
f 2349/2349/2349 2353/2353/2353 2350/2350/2350
f 2350/2350/2350 2353/2353/2353 2354/2354/2354
f 2351/2351/2351 2355/2355/2355 2352/2352/2352
f 2352/2352/2352 2355/2355/2355 2356/2356/2356
f 2352/2352/2352 2356/2356/2356 2353/2353/2353
f 2353/2353/2353 2356/2356/2356 2357/2357/2357
f 2353/2353/2353 2357/2357/2357 2354/2354/2354
f 2354/2354/2354 2357/2357/2357 2358/2358/2358
f 2355/2355/2355 2359/2359/2359 2356/2356/2356
f 2356/2356/2356 2359/2359/2359 2360/2360/2360
f 2356/2356/2356 2360/2360/2360 2357/2357/2357
f 2357/2357/2357 2360/2360/2360 2361/2361/2361
f 2357/2357/2357 2361/2361/2361 2358/2358/2358
f 2358/2358/2358 2361/2361/2361 2362/2362/2362
f 2363/2363/2363 2367/2367/2367 2364/2364/2364
f 2364/2364/2364 2367/2367/2367 2368/2368/2368
f 2364/2364/2364 2368/2368/2368 2365/2365/2365
f 2365/2365/2365 2368/2368/2368 2369/2369/2369
f 2365/2365/2365 2369/2369/2369 2366/2366/2366
f 2366/2366/2366 2369/2369/2369 2370/2370/2370
f 2367/2367/2367 2371/2371/2371 2368/2368/2368
f 2368/2368/2368 2371/2371/2371 2372/2372/2372
f 2368/2368/2368 2372/2372/2372 2369/2369/2369
f 2369/2369/2369 2372/2372/2372 2373/2373/2373
f 2369/2369/2369 2373/2373/2373 2370/2370/2370
f 2370/2370/2370 2373/2373/2373 2374/2374/2374
f 2371/2371/2371 2375/2375/2375 2372/2372/2372
f 2372/2372/2372 2375/2375/2375 2376/2376/2376
f 2372/2372/2372 2376/2376/2376 2373/2373/2373
f 2373/2373/2373 2376/2376/2376 2377/2377/2377
f 2373/2373/2373 2377/2377/2377 2374/2374/2374
f 2374/2374/2374 2377/2377/2377 2378/2378/2378
f 2379/2379/2379 2383/2383/2383 2380/2380/2380
f 2380/2380/2380 2383/2383/2383 2384/2384/2384
f 2380/2380/2380 2384/2384/2384 2381/2381/2381
f 2381/2381/2381 2384/2384/2384 2385/2385/2385
f 2381/2381/2381 2385/2385/2385 2382/2382/2382
f 2382/2382/2382 2385/2385/2385 2386/2386/2386
f 2383/2383/2383 2387/2387/2387 2384/2384/2384
f 2384/2384/2384 2387/2387/2387 2388/2388/2388
f 2384/2384/2384 2388/2388/2388 2385/2385/2385
f 2385/2385/2385 2388/2388/2388 2389/2389/2389
f 2385/2385/2385 2389/2389/2389 2386/2386/2386
f 2386/2386/2386 2389/2389/2389 2390/2390/2390
f 2387/2387/2387 2391/2391/2391 2388/2388/2388
f 2388/2388/2388 2391/2391/2391 2392/2392/2392
f 2388/2388/2388 2392/2392/2392 2389/2389/2389
f 2389/2389/2389 2392/2392/2392 2393/2393/2393
f 2389/2389/2389 2393/2393/2393 2390/2390/2390
f 2390/2390/2390 2393/2393/2393 2394/2394/2394
f 2395/2395/2395 2399/2399/2399 2396/2396/2396
f 2396/2396/2396 2399/2399/2399 2400/2400/2400
f 2396/2396/2396 2400/2400/2400 2397/2397/2397
f 2397/2397/2397 2400/2400/2400 2401/2401/2401
f 2397/2397/2397 2401/2401/2401 2398/2398/2398
f 2398/2398/2398 2401/2401/2401 2402/2402/2402
f 2399/2399/2399 2403/2403/2403 2400/2400/2400
f 2400/2400/2400 2403/2403/2403 2404/2404/2404
f 2400/2400/2400 2404/2404/2404 2401/2401/2401
f 2401/2401/2401 2404/2404/2404 2405/2405/2405
f 2401/2401/2401 2405/2405/2405 2402/2402/2402
f 2402/2402/2402 2405/2405/2405 2406/2406/2406
f 2403/2403/2403 2407/2407/2407 2404/2404/2404
f 2404/2404/2404 2407/2407/2407 2408/2408/2408
f 2404/2404/2404 2408/2408/2408 2405/2405/2405
f 2405/2405/2405 2408/2408/2408 2409/2409/2409
f 2405/2405/2405 2409/2409/2409 2406/2406/2406
f 2406/2406/2406 2409/2409/2409 2410/2410/2410
f 2411/2411/2411 2415/2415/2415 2412/2412/2412
f 2412/2412/2412 2415/2415/2415 2416/2416/2416
f 2412/2412/2412 2416/2416/2416 2413/2413/2413
f 2413/2413/2413 2416/2416/2416 2417/2417/2417
f 2413/2413/2413 2417/2417/2417 2414/2414/2414
f 2414/2414/2414 2417/2417/2417 2418/2418/2418
f 2415/2415/2415 2419/2419/2419 2416/2416/2416
f 2416/2416/2416 2419/2419/2419 2420/2420/2420
f 2416/2416/2416 2420/2420/2420 2417/2417/2417
f 2417/2417/2417 2420/2420/2420 2421/2421/2421
f 2417/2417/2417 2421/2421/2421 2418/2418/2418
f 2418/2418/2418 2421/2421/2421 2422/2422/2422
f 2419/2419/2419 2423/2423/2423 2420/2420/2420
f 2420/2420/2420 2423/2423/2423 2424/2424/2424
f 2420/2420/2420 2424/2424/2424 2421/2421/2421
f 2421/2421/2421 2424/2424/2424 2425/2425/2425
f 2421/2421/2421 2425/2425/2425 2422/2422/2422
f 2422/2422/2422 2425/2425/2425 2426/2426/2426
f 2427/2427/2427 2431/2431/2431 2428/2428/2428
f 2428/2428/2428 2431/2431/2431 2432/2432/2432
f 2428/2428/2428 2432/2432/2432 2429/2429/2429
f 2429/2429/2429 2432/2432/2432 2433/2433/2433
f 2429/2429/2429 2433/2433/2433 2430/2430/2430
f 2430/2430/2430 2433/2433/2433 2434/2434/2434
f 2431/2431/2431 2435/2435/2435 2432/2432/2432
f 2432/2432/2432 2435/2435/2435 2436/2436/2436
f 2432/2432/2432 2436/2436/2436 2433/2433/2433
f 2433/2433/2433 2436/2436/2436 2437/2437/2437
f 2433/2433/2433 2437/2437/2437 2434/2434/2434
f 2434/2434/2434 2437/2437/2437 2438/2438/2438
f 2435/2435/2435 2439/2439/2439 2436/2436/2436
f 2436/2436/2436 2439/2439/2439 2440/2440/2440
f 2436/2436/2436 2440/2440/2440 2437/2437/2437
f 2437/2437/2437 2440/2440/2440 2441/2441/2441
f 2437/2437/2437 2441/2441/2441 2438/2438/2438
f 2438/2438/2438 2441/2441/2441 2442/2442/2442
f 2443/2443/2443 2447/2447/2447 2444/2444/2444
f 2444/2444/2444 2447/2447/2447 2448/2448/2448
f 2444/2444/2444 2448/2448/2448 2445/2445/2445
f 2445/2445/2445 2448/2448/2448 2449/2449/2449
f 2445/2445/2445 2449/2449/2449 2446/2446/2446
f 2446/2446/2446 2449/2449/2449 2450/2450/2450
f 2447/2447/2447 2451/2451/2451 2448/2448/2448
f 2448/2448/2448 2451/2451/2451 2452/2452/2452
f 2448/2448/2448 2452/2452/2452 2449/2449/2449
f 2449/2449/2449 2452/2452/2452 2453/2453/2453
f 2449/2449/2449 2453/2453/2453 2450/2450/2450
f 2450/2450/2450 2453/2453/2453 2454/2454/2454
f 2451/2451/2451 2455/2455/2455 2452/2452/2452
f 2452/2452/2452 2455/2455/2455 2456/2456/2456
f 2452/2452/2452 2456/2456/2456 2453/2453/2453
f 2453/2453/2453 2456/2456/2456 2457/2457/2457
f 2453/2453/2453 2457/2457/2457 2454/2454/2454
f 2454/2454/2454 2457/2457/2457 2458/2458/2458
f 2459/2459/2459 2463/2463/2463 2460/2460/2460
f 2460/2460/2460 2463/2463/2463 2464/2464/2464
f 2460/2460/2460 2464/2464/2464 2461/2461/2461
f 2461/2461/2461 2464/2464/2464 2465/2465/2465
f 2461/2461/2461 2465/2465/2465 2462/2462/2462
f 2462/2462/2462 2465/2465/2465 2466/2466/2466
f 2463/2463/2463 2467/2467/2467 2464/2464/2464
f 2464/2464/2464 2467/2467/2467 2468/2468/2468
f 2464/2464/2464 2468/2468/2468 2465/2465/2465
f 2465/2465/2465 2468/2468/2468 2469/2469/2469
f 2465/2465/2465 2469/2469/2469 2466/2466/2466
f 2466/2466/2466 2469/2469/2469 2470/2470/2470
f 2467/2467/2467 2471/2471/2471 2468/2468/2468
f 2468/2468/2468 2471/2471/2471 2472/2472/2472
f 2468/2468/2468 2472/2472/2472 2469/2469/2469
f 2469/2469/2469 2472/2472/2472 2473/2473/2473
f 2469/2469/2469 2473/2473/2473 2470/2470/2470
f 2470/2470/2470 2473/2473/2473 2474/2474/2474
f 2475/2475/2475 2479/2479/2479 2476/2476/2476
f 2476/2476/2476 2479/2479/2479 2480/2480/2480
f 2476/2476/2476 2480/2480/2480 2477/2477/2477
f 2477/2477/2477 2480/2480/2480 2481/2481/2481
f 2477/2477/2477 2481/2481/2481 2478/2478/2478
f 2478/2478/2478 2481/2481/2481 2482/2482/2482
f 2479/2479/2479 2483/2483/2483 2480/2480/2480
f 2480/2480/2480 2483/2483/2483 2484/2484/2484
f 2480/2480/2480 2484/2484/2484 2481/2481/2481
f 2481/2481/2481 2484/2484/2484 2485/2485/2485
f 2481/2481/2481 2485/2485/2485 2482/2482/2482
f 2482/2482/2482 2485/2485/2485 2486/2486/2486
f 2483/2483/2483 2487/2487/2487 2484/2484/2484
f 2484/2484/2484 2487/2487/2487 2488/2488/2488
f 2484/2484/2484 2488/2488/2488 2485/2485/2485
f 2485/2485/2485 2488/2488/2488 2489/2489/2489
f 2485/2485/2485 2489/2489/2489 2486/2486/2486
f 2486/2486/2486 2489/2489/2489 2490/2490/2490
f 2491/2491/2491 2495/2495/2495 2492/2492/2492
f 2492/2492/2492 2495/2495/2495 2496/2496/2496
f 2492/2492/2492 2496/2496/2496 2493/2493/2493
f 2493/2493/2493 2496/2496/2496 2497/2497/2497
f 2493/2493/2493 2497/2497/2497 2494/2494/2494
f 2494/2494/2494 2497/2497/2497 2498/2498/2498
f 2495/2495/2495 2499/2499/2499 2496/2496/2496
f 2496/2496/2496 2499/2499/2499 2500/2500/2500
f 2496/2496/2496 2500/2500/2500 2497/2497/2497
f 2497/2497/2497 2500/2500/2500 2501/2501/2501
f 2497/2497/2497 2501/2501/2501 2498/2498/2498
f 2498/2498/2498 2501/2501/2501 2502/2502/2502
f 2499/2499/2499 2503/2503/2503 2500/2500/2500
f 2500/2500/2500 2503/2503/2503 2504/2504/2504
f 2500/2500/2500 2504/2504/2504 2501/2501/2501
f 2501/2501/2501 2504/2504/2504 2505/2505/2505
f 2501/2501/2501 2505/2505/2505 2502/2502/2502
f 2502/2502/2502 2505/2505/2505 2506/2506/2506
f 2507/2507/2507 2511/2511/2511 2508/2508/2508
f 2508/2508/2508 2511/2511/2511 2512/2512/2512
f 2508/2508/2508 2512/2512/2512 2509/2509/2509
f 2509/2509/2509 2512/2512/2512 2513/2513/2513
f 2509/2509/2509 2513/2513/2513 2510/2510/2510
f 2510/2510/2510 2513/2513/2513 2514/2514/2514
f 2511/2511/2511 2515/2515/2515 2512/2512/2512
f 2512/2512/2512 2515/2515/2515 2516/2516/2516
f 2512/2512/2512 2516/2516/2516 2513/2513/2513
f 2513/2513/2513 2516/2516/2516 2517/2517/2517
f 2513/2513/2513 2517/2517/2517 2514/2514/2514
f 2514/2514/2514 2517/2517/2517 2518/2518/2518
f 2515/2515/2515 2519/2519/2519 2516/2516/2516
f 2516/2516/2516 2519/2519/2519 2520/2520/2520
f 2516/2516/2516 2520/2520/2520 2517/2517/2517
f 2517/2517/2517 2520/2520/2520 2521/2521/2521
f 2517/2517/2517 2521/2521/2521 2518/2518/2518
f 2518/2518/2518 2521/2521/2521 2522/2522/2522
f 2523/2523/2523 2527/2527/2527 2524/2524/2524
f 2524/2524/2524 2527/2527/2527 2528/2528/2528
f 2524/2524/2524 2528/2528/2528 2525/2525/2525
f 2525/2525/2525 2528/2528/2528 2529/2529/2529
f 2525/2525/2525 2529/2529/2529 2526/2526/2526
f 2526/2526/2526 2529/2529/2529 2530/2530/2530
f 2527/2527/2527 2531/2531/2531 2528/2528/2528
f 2528/2528/2528 2531/2531/2531 2532/2532/2532
f 2528/2528/2528 2532/2532/2532 2529/2529/2529
f 2529/2529/2529 2532/2532/2532 2533/2533/2533
f 2529/2529/2529 2533/2533/2533 2530/2530/2530
f 2530/2530/2530 2533/2533/2533 2534/2534/2534
f 2531/2531/2531 2535/2535/2535 2532/2532/2532
f 2532/2532/2532 2535/2535/2535 2536/2536/2536
f 2532/2532/2532 2536/2536/2536 2533/2533/2533
f 2533/2533/2533 2536/2536/2536 2537/2537/2537
f 2533/2533/2533 2537/2537/2537 2534/2534/2534
f 2534/2534/2534 2537/2537/2537 2538/2538/2538
f 2539/2539/2539 2543/2543/2543 2540/2540/2540
f 2540/2540/2540 2543/2543/2543 2544/2544/2544
f 2540/2540/2540 2544/2544/2544 2541/2541/2541
f 2541/2541/2541 2544/2544/2544 2545/2545/2545
f 2541/2541/2541 2545/2545/2545 2542/2542/2542
f 2542/2542/2542 2545/2545/2545 2546/2546/2546
f 2543/2543/2543 2547/2547/2547 2544/2544/2544
f 2544/2544/2544 2547/2547/2547 2548/2548/2548
f 2544/2544/2544 2548/2548/2548 2545/2545/2545
f 2545/2545/2545 2548/2548/2548 2549/2549/2549
f 2545/2545/2545 2549/2549/2549 2546/2546/2546
f 2546/2546/2546 2549/2549/2549 2550/2550/2550
f 2547/2547/2547 2551/2551/2551 2548/2548/2548
f 2548/2548/2548 2551/2551/2551 2552/2552/2552
f 2548/2548/2548 2552/2552/2552 2549/2549/2549
f 2549/2549/2549 2552/2552/2552 2553/2553/2553
f 2549/2549/2549 2553/2553/2553 2550/2550/2550
f 2550/2550/2550 2553/2553/2553 2554/2554/2554
f 2555/2555/2555 2559/2559/2559 2556/2556/2556
f 2556/2556/2556 2559/2559/2559 2560/2560/2560
f 2556/2556/2556 2560/2560/2560 2557/2557/2557
f 2557/2557/2557 2560/2560/2560 2561/2561/2561
f 2557/2557/2557 2561/2561/2561 2558/2558/2558
f 2558/2558/2558 2561/2561/2561 2562/2562/2562
f 2559/2559/2559 2563/2563/2563 2560/2560/2560
f 2560/2560/2560 2563/2563/2563 2564/2564/2564
f 2560/2560/2560 2564/2564/2564 2561/2561/2561
f 2561/2561/2561 2564/2564/2564 2565/2565/2565
f 2561/2561/2561 2565/2565/2565 2562/2562/2562
f 2562/2562/2562 2565/2565/2565 2566/2566/2566
f 2563/2563/2563 2567/2567/2567 2564/2564/2564
f 2564/2564/2564 2567/2567/2567 2568/2568/2568
f 2564/2564/2564 2568/2568/2568 2565/2565/2565
f 2565/2565/2565 2568/2568/2568 2569/2569/2569
f 2565/2565/2565 2569/2569/2569 2566/2566/2566
f 2566/2566/2566 2569/2569/2569 2570/2570/2570
f 2571/2571/2571 2575/2575/2575 2572/2572/2572
f 2572/2572/2572 2575/2575/2575 2576/2576/2576
f 2572/2572/2572 2576/2576/2576 2573/2573/2573
f 2573/2573/2573 2576/2576/2576 2577/2577/2577
f 2573/2573/2573 2577/2577/2577 2574/2574/2574
f 2574/2574/2574 2577/2577/2577 2578/2578/2578
f 2575/2575/2575 2579/2579/2579 2576/2576/2576
f 2576/2576/2576 2579/2579/2579 2580/2580/2580
f 2576/2576/2576 2580/2580/2580 2577/2577/2577
f 2577/2577/2577 2580/2580/2580 2581/2581/2581
f 2577/2577/2577 2581/2581/2581 2578/2578/2578
f 2578/2578/2578 2581/2581/2581 2582/2582/2582
f 2579/2579/2579 2583/2583/2583 2580/2580/2580
f 2580/2580/2580 2583/2583/2583 2584/2584/2584
f 2580/2580/2580 2584/2584/2584 2581/2581/2581
f 2581/2581/2581 2584/2584/2584 2585/2585/2585
f 2581/2581/2581 2585/2585/2585 2582/2582/2582
f 2582/2582/2582 2585/2585/2585 2586/2586/2586
f 2587/2587/2587 2591/2591/2591 2588/2588/2588
f 2588/2588/2588 2591/2591/2591 2592/2592/2592
f 2588/2588/2588 2592/2592/2592 2589/2589/2589
f 2589/2589/2589 2592/2592/2592 2593/2593/2593
f 2589/2589/2589 2593/2593/2593 2590/2590/2590
f 2590/2590/2590 2593/2593/2593 2594/2594/2594
f 2591/2591/2591 2595/2595/2595 2592/2592/2592
f 2592/2592/2592 2595/2595/2595 2596/2596/2596
f 2592/2592/2592 2596/2596/2596 2593/2593/2593
f 2593/2593/2593 2596/2596/2596 2597/2597/2597
f 2593/2593/2593 2597/2597/2597 2594/2594/2594
f 2594/2594/2594 2597/2597/2597 2598/2598/2598
f 2595/2595/2595 2599/2599/2599 2596/2596/2596
f 2596/2596/2596 2599/2599/2599 2600/2600/2600
f 2596/2596/2596 2600/2600/2600 2597/2597/2597
f 2597/2597/2597 2600/2600/2600 2601/2601/2601
f 2597/2597/2597 2601/2601/2601 2598/2598/2598
f 2598/2598/2598 2601/2601/2601 2602/2602/2602
f 2603/2603/2603 2607/2607/2607 2604/2604/2604
f 2604/2604/2604 2607/2607/2607 2608/2608/2608
f 2604/2604/2604 2608/2608/2608 2605/2605/2605
f 2605/2605/2605 2608/2608/2608 2609/2609/2609
f 2605/2605/2605 2609/2609/2609 2606/2606/2606
f 2606/2606/2606 2609/2609/2609 2610/2610/2610
f 2607/2607/2607 2611/2611/2611 2608/2608/2608
f 2608/2608/2608 2611/2611/2611 2612/2612/2612
f 2608/2608/2608 2612/2612/2612 2609/2609/2609
f 2609/2609/2609 2612/2612/2612 2613/2613/2613
f 2609/2609/2609 2613/2613/2613 2610/2610/2610
f 2610/2610/2610 2613/2613/2613 2614/2614/2614
f 2611/2611/2611 2615/2615/2615 2612/2612/2612
f 2612/2612/2612 2615/2615/2615 2616/2616/2616
f 2612/2612/2612 2616/2616/2616 2613/2613/2613
f 2613/2613/2613 2616/2616/2616 2617/2617/2617
f 2613/2613/2613 2617/2617/2617 2614/2614/2614
f 2614/2614/2614 2617/2617/2617 2618/2618/2618
f 2619/2619/2619 2623/2623/2623 2620/2620/2620
f 2620/2620/2620 2623/2623/2623 2624/2624/2624
f 2620/2620/2620 2624/2624/2624 2621/2621/2621
f 2621/2621/2621 2624/2624/2624 2625/2625/2625
f 2621/2621/2621 2625/2625/2625 2622/2622/2622
f 2622/2622/2622 2625/2625/2625 2626/2626/2626
f 2623/2623/2623 2627/2627/2627 2624/2624/2624
f 2624/2624/2624 2627/2627/2627 2628/2628/2628
f 2624/2624/2624 2628/2628/2628 2625/2625/2625
f 2625/2625/2625 2628/2628/2628 2629/2629/2629
f 2625/2625/2625 2629/2629/2629 2626/2626/2626
f 2626/2626/2626 2629/2629/2629 2630/2630/2630
f 2627/2627/2627 2631/2631/2631 2628/2628/2628
f 2628/2628/2628 2631/2631/2631 2632/2632/2632
f 2628/2628/2628 2632/2632/2632 2629/2629/2629
f 2629/2629/2629 2632/2632/2632 2633/2633/2633
f 2629/2629/2629 2633/2633/2633 2630/2630/2630
f 2630/2630/2630 2633/2633/2633 2634/2634/2634
f 2635/2635/2635 2639/2639/2639 2636/2636/2636
f 2636/2636/2636 2639/2639/2639 2640/2640/2640
f 2636/2636/2636 2640/2640/2640 2637/2637/2637
f 2637/2637/2637 2640/2640/2640 2641/2641/2641
f 2637/2637/2637 2641/2641/2641 2638/2638/2638
f 2638/2638/2638 2641/2641/2641 2642/2642/2642
f 2639/2639/2639 2643/2643/2643 2640/2640/2640
f 2640/2640/2640 2643/2643/2643 2644/2644/2644
f 2640/2640/2640 2644/2644/2644 2641/2641/2641
f 2641/2641/2641 2644/2644/2644 2645/2645/2645
f 2641/2641/2641 2645/2645/2645 2642/2642/2642
f 2642/2642/2642 2645/2645/2645 2646/2646/2646
f 2643/2643/2643 2647/2647/2647 2644/2644/2644
f 2644/2644/2644 2647/2647/2647 2648/2648/2648
f 2644/2644/2644 2648/2648/2648 2645/2645/2645
f 2645/2645/2645 2648/2648/2648 2649/2649/2649
f 2645/2645/2645 2649/2649/2649 2646/2646/2646
f 2646/2646/2646 2649/2649/2649 2650/2650/2650
f 2651/2651/2651 2655/2655/2655 2652/2652/2652
f 2652/2652/2652 2655/2655/2655 2656/2656/2656
f 2652/2652/2652 2656/2656/2656 2653/2653/2653
f 2653/2653/2653 2656/2656/2656 2657/2657/2657
f 2653/2653/2653 2657/2657/2657 2654/2654/2654
f 2654/2654/2654 2657/2657/2657 2658/2658/2658
f 2655/2655/2655 2659/2659/2659 2656/2656/2656
f 2656/2656/2656 2659/2659/2659 2660/2660/2660
f 2656/2656/2656 2660/2660/2660 2657/2657/2657
f 2657/2657/2657 2660/2660/2660 2661/2661/2661
f 2657/2657/2657 2661/2661/2661 2658/2658/2658
f 2658/2658/2658 2661/2661/2661 2662/2662/2662
f 2659/2659/2659 2663/2663/2663 2660/2660/2660
f 2660/2660/2660 2663/2663/2663 2664/2664/2664
f 2660/2660/2660 2664/2664/2664 2661/2661/2661
f 2661/2661/2661 2664/2664/2664 2665/2665/2665
f 2661/2661/2661 2665/2665/2665 2662/2662/2662
f 2662/2662/2662 2665/2665/2665 2666/2666/2666
f 2667/2667/2667 2671/2671/2671 2668/2668/2668
f 2668/2668/2668 2671/2671/2671 2672/2672/2672
f 2668/2668/2668 2672/2672/2672 2669/2669/2669
f 2669/2669/2669 2672/2672/2672 2673/2673/2673
f 2669/2669/2669 2673/2673/2673 2670/2670/2670
f 2670/2670/2670 2673/2673/2673 2674/2674/2674
f 2671/2671/2671 2675/2675/2675 2672/2672/2672
f 2672/2672/2672 2675/2675/2675 2676/2676/2676
f 2672/2672/2672 2676/2676/2676 2673/2673/2673
f 2673/2673/2673 2676/2676/2676 2677/2677/2677
f 2673/2673/2673 2677/2677/2677 2674/2674/2674
f 2674/2674/2674 2677/2677/2677 2678/2678/2678
f 2675/2675/2675 2679/2679/2679 2676/2676/2676
f 2676/2676/2676 2679/2679/2679 2680/2680/2680
f 2676/2676/2676 2680/2680/2680 2677/2677/2677
f 2677/2677/2677 2680/2680/2680 2681/2681/2681
f 2677/2677/2677 2681/2681/2681 2678/2678/2678
f 2678/2678/2678 2681/2681/2681 2682/2682/2682
f 2683/2683/2683 2687/2687/2687 2684/2684/2684
f 2684/2684/2684 2687/2687/2687 2688/2688/2688
f 2684/2684/2684 2688/2688/2688 2685/2685/2685
f 2685/2685/2685 2688/2688/2688 2689/2689/2689
f 2685/2685/2685 2689/2689/2689 2686/2686/2686
f 2686/2686/2686 2689/2689/2689 2690/2690/2690
f 2687/2687/2687 2691/2691/2691 2688/2688/2688
f 2688/2688/2688 2691/2691/2691 2692/2692/2692
f 2688/2688/2688 2692/2692/2692 2689/2689/2689
f 2689/2689/2689 2692/2692/2692 2693/2693/2693
f 2689/2689/2689 2693/2693/2693 2690/2690/2690
f 2690/2690/2690 2693/2693/2693 2694/2694/2694
f 2691/2691/2691 2695/2695/2695 2692/2692/2692
f 2692/2692/2692 2695/2695/2695 2696/2696/2696
f 2692/2692/2692 2696/2696/2696 2693/2693/2693
f 2693/2693/2693 2696/2696/2696 2697/2697/2697
f 2693/2693/2693 2697/2697/2697 2694/2694/2694
f 2694/2694/2694 2697/2697/2697 2698/2698/2698
f 2699/2699/2699 2703/2703/2703 2700/2700/2700
f 2700/2700/2700 2703/2703/2703 2704/2704/2704
f 2700/2700/2700 2704/2704/2704 2701/2701/2701
f 2701/2701/2701 2704/2704/2704 2705/2705/2705
f 2701/2701/2701 2705/2705/2705 2702/2702/2702
f 2702/2702/2702 2705/2705/2705 2706/2706/2706
f 2703/2703/2703 2707/2707/2707 2704/2704/2704
f 2704/2704/2704 2707/2707/2707 2708/2708/2708
f 2704/2704/2704 2708/2708/2708 2705/2705/2705
f 2705/2705/2705 2708/2708/2708 2709/2709/2709
f 2705/2705/2705 2709/2709/2709 2706/2706/2706
f 2706/2706/2706 2709/2709/2709 2710/2710/2710
f 2707/2707/2707 2711/2711/2711 2708/2708/2708
f 2708/2708/2708 2711/2711/2711 2712/2712/2712
f 2708/2708/2708 2712/2712/2712 2709/2709/2709
f 2709/2709/2709 2712/2712/2712 2713/2713/2713
f 2709/2709/2709 2713/2713/2713 2710/2710/2710
f 2710/2710/2710 2713/2713/2713 2714/2714/2714
f 2715/2715/2715 2719/2719/2719 2716/2716/2716
f 2716/2716/2716 2719/2719/2719 2720/2720/2720
f 2716/2716/2716 2720/2720/2720 2717/2717/2717
f 2717/2717/2717 2720/2720/2720 2721/2721/2721
f 2717/2717/2717 2721/2721/2721 2718/2718/2718
f 2718/2718/2718 2721/2721/2721 2722/2722/2722
f 2719/2719/2719 2723/2723/2723 2720/2720/2720
f 2720/2720/2720 2723/2723/2723 2724/2724/2724
f 2720/2720/2720 2724/2724/2724 2721/2721/2721
f 2721/2721/2721 2724/2724/2724 2725/2725/2725
f 2721/2721/2721 2725/2725/2725 2722/2722/2722
f 2722/2722/2722 2725/2725/2725 2726/2726/2726
f 2723/2723/2723 2727/2727/2727 2724/2724/2724
f 2724/2724/2724 2727/2727/2727 2728/2728/2728
f 2724/2724/2724 2728/2728/2728 2725/2725/2725
f 2725/2725/2725 2728/2728/2728 2729/2729/2729
f 2725/2725/2725 2729/2729/2729 2726/2726/2726
f 2726/2726/2726 2729/2729/2729 2730/2730/2730
f 2731/2731/2731 2735/2735/2735 2732/2732/2732
f 2732/2732/2732 2735/2735/2735 2736/2736/2736
f 2732/2732/2732 2736/2736/2736 2733/2733/2733
f 2733/2733/2733 2736/2736/2736 2737/2737/2737
f 2733/2733/2733 2737/2737/2737 2734/2734/2734
f 2734/2734/2734 2737/2737/2737 2738/2738/2738
f 2735/2735/2735 2739/2739/2739 2736/2736/2736
f 2736/2736/2736 2739/2739/2739 2740/2740/2740
f 2736/2736/2736 2740/2740/2740 2737/2737/2737
f 2737/2737/2737 2740/2740/2740 2741/2741/2741
f 2737/2737/2737 2741/2741/2741 2738/2738/2738
f 2738/2738/2738 2741/2741/2741 2742/2742/2742
f 2739/2739/2739 2743/2743/2743 2740/2740/2740
f 2740/2740/2740 2743/2743/2743 2744/2744/2744
f 2740/2740/2740 2744/2744/2744 2741/2741/2741
f 2741/2741/2741 2744/2744/2744 2745/2745/2745
f 2741/2741/2741 2745/2745/2745 2742/2742/2742
f 2742/2742/2742 2745/2745/2745 2746/2746/2746
f 2747/2747/2747 2751/2751/2751 2748/2748/2748
f 2748/2748/2748 2751/2751/2751 2752/2752/2752
f 2748/2748/2748 2752/2752/2752 2749/2749/2749
f 2749/2749/2749 2752/2752/2752 2753/2753/2753
f 2749/2749/2749 2753/2753/2753 2750/2750/2750
f 2750/2750/2750 2753/2753/2753 2754/2754/2754
f 2751/2751/2751 2755/2755/2755 2752/2752/2752
f 2752/2752/2752 2755/2755/2755 2756/2756/2756
f 2752/2752/2752 2756/2756/2756 2753/2753/2753
f 2753/2753/2753 2756/2756/2756 2757/2757/2757
f 2753/2753/2753 2757/2757/2757 2754/2754/2754
f 2754/2754/2754 2757/2757/2757 2758/2758/2758
f 2755/2755/2755 2759/2759/2759 2756/2756/2756
f 2756/2756/2756 2759/2759/2759 2760/2760/2760
f 2756/2756/2756 2760/2760/2760 2757/2757/2757
f 2757/2757/2757 2760/2760/2760 2761/2761/2761
f 2757/2757/2757 2761/2761/2761 2758/2758/2758
f 2758/2758/2758 2761/2761/2761 2762/2762/2762
f 2763/2763/2763 2767/2767/2767 2764/2764/2764
f 2764/2764/2764 2767/2767/2767 2768/2768/2768
f 2764/2764/2764 2768/2768/2768 2765/2765/2765
f 2765/2765/2765 2768/2768/2768 2769/2769/2769
f 2765/2765/2765 2769/2769/2769 2766/2766/2766
f 2766/2766/2766 2769/2769/2769 2770/2770/2770
f 2767/2767/2767 2771/2771/2771 2768/2768/2768
f 2768/2768/2768 2771/2771/2771 2772/2772/2772
f 2768/2768/2768 2772/2772/2772 2769/2769/2769
f 2769/2769/2769 2772/2772/2772 2773/2773/2773
f 2769/2769/2769 2773/2773/2773 2770/2770/2770
f 2770/2770/2770 2773/2773/2773 2774/2774/2774
f 2771/2771/2771 2775/2775/2775 2772/2772/2772
f 2772/2772/2772 2775/2775/2775 2776/2776/2776
f 2772/2772/2772 2776/2776/2776 2773/2773/2773
f 2773/2773/2773 2776/2776/2776 2777/2777/2777
f 2773/2773/2773 2777/2777/2777 2774/2774/2774
f 2774/2774/2774 2777/2777/2777 2778/2778/2778
f 2779/2779/2779 2783/2783/2783 2780/2780/2780
f 2780/2780/2780 2783/2783/2783 2784/2784/2784
f 2780/2780/2780 2784/2784/2784 2781/2781/2781
f 2781/2781/2781 2784/2784/2784 2785/2785/2785
f 2781/2781/2781 2785/2785/2785 2782/2782/2782
f 2782/2782/2782 2785/2785/2785 2786/2786/2786
f 2783/2783/2783 2787/2787/2787 2784/2784/2784
f 2784/2784/2784 2787/2787/2787 2788/2788/2788
f 2784/2784/2784 2788/2788/2788 2785/2785/2785
f 2785/2785/2785 2788/2788/2788 2789/2789/2789
f 2785/2785/2785 2789/2789/2789 2786/2786/2786
f 2786/2786/2786 2789/2789/2789 2790/2790/2790
f 2787/2787/2787 2791/2791/2791 2788/2788/2788
f 2788/2788/2788 2791/2791/2791 2792/2792/2792
f 2788/2788/2788 2792/2792/2792 2789/2789/2789
f 2789/2789/2789 2792/2792/2792 2793/2793/2793
f 2789/2789/2789 2793/2793/2793 2790/2790/2790
f 2790/2790/2790 2793/2793/2793 2794/2794/2794
f 2795/2795/2795 2799/2799/2799 2796/2796/2796
f 2796/2796/2796 2799/2799/2799 2800/2800/2800
f 2796/2796/2796 2800/2800/2800 2797/2797/2797
f 2797/2797/2797 2800/2800/2800 2801/2801/2801
f 2797/2797/2797 2801/2801/2801 2798/2798/2798
f 2798/2798/2798 2801/2801/2801 2802/2802/2802
f 2799/2799/2799 2803/2803/2803 2800/2800/2800
f 2800/2800/2800 2803/2803/2803 2804/2804/2804
f 2800/2800/2800 2804/2804/2804 2801/2801/2801
f 2801/2801/2801 2804/2804/2804 2805/2805/2805
f 2801/2801/2801 2805/2805/2805 2802/2802/2802
f 2802/2802/2802 2805/2805/2805 2806/2806/2806
f 2803/2803/2803 2807/2807/2807 2804/2804/2804
f 2804/2804/2804 2807/2807/2807 2808/2808/2808
f 2804/2804/2804 2808/2808/2808 2805/2805/2805
f 2805/2805/2805 2808/2808/2808 2809/2809/2809
f 2805/2805/2805 2809/2809/2809 2806/2806/2806
f 2806/2806/2806 2809/2809/2809 2810/2810/2810
f 2811/2811/2811 2815/2815/2815 2812/2812/2812
f 2812/2812/2812 2815/2815/2815 2816/2816/2816
f 2812/2812/2812 2816/2816/2816 2813/2813/2813
f 2813/2813/2813 2816/2816/2816 2817/2817/2817
f 2813/2813/2813 2817/2817/2817 2814/2814/2814
f 2814/2814/2814 2817/2817/2817 2818/2818/2818
f 2815/2815/2815 2819/2819/2819 2816/2816/2816
f 2816/2816/2816 2819/2819/2819 2820/2820/2820
f 2816/2816/2816 2820/2820/2820 2817/2817/2817
f 2817/2817/2817 2820/2820/2820 2821/2821/2821
f 2817/2817/2817 2821/2821/2821 2818/2818/2818
f 2818/2818/2818 2821/2821/2821 2822/2822/2822
f 2819/2819/2819 2823/2823/2823 2820/2820/2820
f 2820/2820/2820 2823/2823/2823 2824/2824/2824
f 2820/2820/2820 2824/2824/2824 2821/2821/2821
f 2821/2821/2821 2824/2824/2824 2825/2825/2825
f 2821/2821/2821 2825/2825/2825 2822/2822/2822
f 2822/2822/2822 2825/2825/2825 2826/2826/2826
f 2827/2827/2827 2831/2831/2831 2828/2828/2828
f 2828/2828/2828 2831/2831/2831 2832/2832/2832
f 2828/2828/2828 2832/2832/2832 2829/2829/2829
f 2829/2829/2829 2832/2832/2832 2833/2833/2833
f 2829/2829/2829 2833/2833/2833 2830/2830/2830
f 2830/2830/2830 2833/2833/2833 2834/2834/2834
f 2831/2831/2831 2835/2835/2835 2832/2832/2832
f 2832/2832/2832 2835/2835/2835 2836/2836/2836
f 2832/2832/2832 2836/2836/2836 2833/2833/2833
f 2833/2833/2833 2836/2836/2836 2837/2837/2837
f 2833/2833/2833 2837/2837/2837 2834/2834/2834
f 2834/2834/2834 2837/2837/2837 2838/2838/2838
f 2835/2835/2835 2839/2839/2839 2836/2836/2836
f 2836/2836/2836 2839/2839/2839 2840/2840/2840
f 2836/2836/2836 2840/2840/2840 2837/2837/2837
f 2837/2837/2837 2840/2840/2840 2841/2841/2841
f 2837/2837/2837 2841/2841/2841 2838/2838/2838
f 2838/2838/2838 2841/2841/2841 2842/2842/2842
f 2843/2843/2843 2847/2847/2847 2844/2844/2844
f 2844/2844/2844 2847/2847/2847 2848/2848/2848
f 2844/2844/2844 2848/2848/2848 2845/2845/2845
f 2845/2845/2845 2848/2848/2848 2849/2849/2849
f 2845/2845/2845 2849/2849/2849 2846/2846/2846
f 2846/2846/2846 2849/2849/2849 2850/2850/2850
f 2847/2847/2847 2851/2851/2851 2848/2848/2848
f 2848/2848/2848 2851/2851/2851 2852/2852/2852
f 2848/2848/2848 2852/2852/2852 2849/2849/2849
f 2849/2849/2849 2852/2852/2852 2853/2853/2853
f 2849/2849/2849 2853/2853/2853 2850/2850/2850
f 2850/2850/2850 2853/2853/2853 2854/2854/2854
f 2851/2851/2851 2855/2855/2855 2852/2852/2852
f 2852/2852/2852 2855/2855/2855 2856/2856/2856
f 2852/2852/2852 2856/2856/2856 2853/2853/2853
f 2853/2853/2853 2856/2856/2856 2857/2857/2857
f 2853/2853/2853 2857/2857/2857 2854/2854/2854
f 2854/2854/2854 2857/2857/2857 2858/2858/2858
f 2859/2859/2859 2863/2863/2863 2860/2860/2860
f 2860/2860/2860 2863/2863/2863 2864/2864/2864
f 2860/2860/2860 2864/2864/2864 2861/2861/2861
f 2861/2861/2861 2864/2864/2864 2865/2865/2865
f 2861/2861/2861 2865/2865/2865 2862/2862/2862
f 2862/2862/2862 2865/2865/2865 2866/2866/2866
f 2863/2863/2863 2867/2867/2867 2864/2864/2864
f 2864/2864/2864 2867/2867/2867 2868/2868/2868
f 2864/2864/2864 2868/2868/2868 2865/2865/2865
f 2865/2865/2865 2868/2868/2868 2869/2869/2869
f 2865/2865/2865 2869/2869/2869 2866/2866/2866
f 2866/2866/2866 2869/2869/2869 2870/2870/2870
f 2867/2867/2867 2871/2871/2871 2868/2868/2868
f 2868/2868/2868 2871/2871/2871 2872/2872/2872
f 2868/2868/2868 2872/2872/2872 2869/2869/2869
f 2869/2869/2869 2872/2872/2872 2873/2873/2873
f 2869/2869/2869 2873/2873/2873 2870/2870/2870
f 2870/2870/2870 2873/2873/2873 2874/2874/2874
f 2875/2875/2875 2879/2879/2879 2876/2876/2876
f 2876/2876/2876 2879/2879/2879 2880/2880/2880
f 2876/2876/2876 2880/2880/2880 2877/2877/2877
f 2877/2877/2877 2880/2880/2880 2881/2881/2881
f 2877/2877/2877 2881/2881/2881 2878/2878/2878
f 2878/2878/2878 2881/2881/2881 2882/2882/2882
f 2879/2879/2879 2883/2883/2883 2880/2880/2880
f 2880/2880/2880 2883/2883/2883 2884/2884/2884
f 2880/2880/2880 2884/2884/2884 2881/2881/2881
f 2881/2881/2881 2884/2884/2884 2885/2885/2885
f 2881/2881/2881 2885/2885/2885 2882/2882/2882
f 2882/2882/2882 2885/2885/2885 2886/2886/2886
f 2883/2883/2883 2887/2887/2887 2884/2884/2884
f 2884/2884/2884 2887/2887/2887 2888/2888/2888
f 2884/2884/2884 2888/2888/2888 2885/2885/2885
f 2885/2885/2885 2888/2888/2888 2889/2889/2889
f 2885/2885/2885 2889/2889/2889 2886/2886/2886
f 2886/2886/2886 2889/2889/2889 2890/2890/2890
f 2891/2891/2891 2895/2895/2895 2892/2892/2892
f 2892/2892/2892 2895/2895/2895 2896/2896/2896
f 2892/2892/2892 2896/2896/2896 2893/2893/2893
f 2893/2893/2893 2896/2896/2896 2897/2897/2897
f 2893/2893/2893 2897/2897/2897 2894/2894/2894
f 2894/2894/2894 2897/2897/2897 2898/2898/2898
f 2895/2895/2895 2899/2899/2899 2896/2896/2896
f 2896/2896/2896 2899/2899/2899 2900/2900/2900
f 2896/2896/2896 2900/2900/2900 2897/2897/2897
f 2897/2897/2897 2900/2900/2900 2901/2901/2901
f 2897/2897/2897 2901/2901/2901 2898/2898/2898
f 2898/2898/2898 2901/2901/2901 2902/2902/2902
f 2899/2899/2899 2903/2903/2903 2900/2900/2900
f 2900/2900/2900 2903/2903/2903 2904/2904/2904
f 2900/2900/2900 2904/2904/2904 2901/2901/2901
f 2901/2901/2901 2904/2904/2904 2905/2905/2905
f 2901/2901/2901 2905/2905/2905 2902/2902/2902
f 2902/2902/2902 2905/2905/2905 2906/2906/2906
f 2907/2907/2907 2911/2911/2911 2908/2908/2908
f 2908/2908/2908 2911/2911/2911 2912/2912/2912
f 2908/2908/2908 2912/2912/2912 2909/2909/2909
f 2909/2909/2909 2912/2912/2912 2913/2913/2913
f 2909/2909/2909 2913/2913/2913 2910/2910/2910
f 2910/2910/2910 2913/2913/2913 2914/2914/2914
f 2911/2911/2911 2915/2915/2915 2912/2912/2912
f 2912/2912/2912 2915/2915/2915 2916/2916/2916
f 2912/2912/2912 2916/2916/2916 2913/2913/2913
f 2913/2913/2913 2916/2916/2916 2917/2917/2917
f 2913/2913/2913 2917/2917/2917 2914/2914/2914
f 2914/2914/2914 2917/2917/2917 2918/2918/2918
f 2915/2915/2915 2919/2919/2919 2916/2916/2916
f 2916/2916/2916 2919/2919/2919 2920/2920/2920
f 2916/2916/2916 2920/2920/2920 2917/2917/2917
f 2917/2917/2917 2920/2920/2920 2921/2921/2921
f 2917/2917/2917 2921/2921/2921 2918/2918/2918
f 2918/2918/2918 2921/2921/2921 2922/2922/2922
f 2923/2923/2923 2927/2927/2927 2924/2924/2924
f 2924/2924/2924 2927/2927/2927 2928/2928/2928
f 2924/2924/2924 2928/2928/2928 2925/2925/2925
f 2925/2925/2925 2928/2928/2928 2929/2929/2929
f 2925/2925/2925 2929/2929/2929 2926/2926/2926
f 2926/2926/2926 2929/2929/2929 2930/2930/2930
f 2927/2927/2927 2931/2931/2931 2928/2928/2928
f 2928/2928/2928 2931/2931/2931 2932/2932/2932
f 2928/2928/2928 2932/2932/2932 2929/2929/2929
f 2929/2929/2929 2932/2932/2932 2933/2933/2933
f 2929/2929/2929 2933/2933/2933 2930/2930/2930
f 2930/2930/2930 2933/2933/2933 2934/2934/2934
f 2931/2931/2931 2935/2935/2935 2932/2932/2932
f 2932/2932/2932 2935/2935/2935 2936/2936/2936
f 2932/2932/2932 2936/2936/2936 2933/2933/2933
f 2933/2933/2933 2936/2936/2936 2937/2937/2937
f 2933/2933/2933 2937/2937/2937 2934/2934/2934
f 2934/2934/2934 2937/2937/2937 2938/2938/2938
f 2939/2939/2939 2943/2943/2943 2940/2940/2940
f 2940/2940/2940 2943/2943/2943 2944/2944/2944
f 2940/2940/2940 2944/2944/2944 2941/2941/2941
f 2941/2941/2941 2944/2944/2944 2945/2945/2945
f 2941/2941/2941 2945/2945/2945 2942/2942/2942
f 2942/2942/2942 2945/2945/2945 2946/2946/2946
f 2943/2943/2943 2947/2947/2947 2944/2944/2944
f 2944/2944/2944 2947/2947/2947 2948/2948/2948
f 2944/2944/2944 2948/2948/2948 2945/2945/2945
f 2945/2945/2945 2948/2948/2948 2949/2949/2949
f 2945/2945/2945 2949/2949/2949 2946/2946/2946
f 2946/2946/2946 2949/2949/2949 2950/2950/2950
f 2947/2947/2947 2951/2951/2951 2948/2948/2948
f 2948/2948/2948 2951/2951/2951 2952/2952/2952
f 2948/2948/2948 2952/2952/2952 2949/2949/2949
f 2949/2949/2949 2952/2952/2952 2953/2953/2953
f 2949/2949/2949 2953/2953/2953 2950/2950/2950
f 2950/2950/2950 2953/2953/2953 2954/2954/2954
f 2955/2955/2955 2959/2959/2959 2956/2956/2956
f 2956/2956/2956 2959/2959/2959 2960/2960/2960
f 2956/2956/2956 2960/2960/2960 2957/2957/2957
f 2957/2957/2957 2960/2960/2960 2961/2961/2961
f 2957/2957/2957 2961/2961/2961 2958/2958/2958
f 2958/2958/2958 2961/2961/2961 2962/2962/2962
f 2959/2959/2959 2963/2963/2963 2960/2960/2960
f 2960/2960/2960 2963/2963/2963 2964/2964/2964
f 2960/2960/2960 2964/2964/2964 2961/2961/2961
f 2961/2961/2961 2964/2964/2964 2965/2965/2965
f 2961/2961/2961 2965/2965/2965 2962/2962/2962
f 2962/2962/2962 2965/2965/2965 2966/2966/2966
f 2963/2963/2963 2967/2967/2967 2964/2964/2964
f 2964/2964/2964 2967/2967/2967 2968/2968/2968
f 2964/2964/2964 2968/2968/2968 2965/2965/2965
f 2965/2965/2965 2968/2968/2968 2969/2969/2969
f 2965/2965/2965 2969/2969/2969 2966/2966/2966
f 2966/2966/2966 2969/2969/2969 2970/2970/2970
f 2971/2971/2971 2975/2975/2975 2972/2972/2972
f 2972/2972/2972 2975/2975/2975 2976/2976/2976
f 2972/2972/2972 2976/2976/2976 2973/2973/2973
f 2973/2973/2973 2976/2976/2976 2977/2977/2977
f 2973/2973/2973 2977/2977/2977 2974/2974/2974
f 2974/2974/2974 2977/2977/2977 2978/2978/2978
f 2975/2975/2975 2979/2979/2979 2976/2976/2976
f 2976/2976/2976 2979/2979/2979 2980/2980/2980
f 2976/2976/2976 2980/2980/2980 2977/2977/2977
f 2977/2977/2977 2980/2980/2980 2981/2981/2981
f 2977/2977/2977 2981/2981/2981 2978/2978/2978
f 2978/2978/2978 2981/2981/2981 2982/2982/2982
f 2979/2979/2979 2983/2983/2983 2980/2980/2980
f 2980/2980/2980 2983/2983/2983 2984/2984/2984
f 2980/2980/2980 2984/2984/2984 2981/2981/2981
f 2981/2981/2981 2984/2984/2984 2985/2985/2985
f 2981/2981/2981 2985/2985/2985 2982/2982/2982
f 2982/2982/2982 2985/2985/2985 2986/2986/2986
f 2987/2987/2987 2991/2991/2991 2988/2988/2988
f 2988/2988/2988 2991/2991/2991 2992/2992/2992
f 2988/2988/2988 2992/2992/2992 2989/2989/2989
f 2989/2989/2989 2992/2992/2992 2993/2993/2993
f 2989/2989/2989 2993/2993/2993 2990/2990/2990
f 2990/2990/2990 2993/2993/2993 2994/2994/2994
f 2991/2991/2991 2995/2995/2995 2992/2992/2992
f 2992/2992/2992 2995/2995/2995 2996/2996/2996
f 2992/2992/2992 2996/2996/2996 2993/2993/2993
f 2993/2993/2993 2996/2996/2996 2997/2997/2997
f 2993/2993/2993 2997/2997/2997 2994/2994/2994
f 2994/2994/2994 2997/2997/2997 2998/2998/2998
f 2995/2995/2995 2999/2999/2999 2996/2996/2996
f 2996/2996/2996 2999/2999/2999 3000/3000/3000
f 2996/2996/2996 3000/3000/3000 2997/2997/2997
f 2997/2997/2997 3000/3000/3000 3001/3001/3001
f 2997/2997/2997 3001/3001/3001 2998/2998/2998
f 2998/2998/2998 3001/3001/3001 3002/3002/3002
f 3003/3003/3003 3007/3007/3007 3004/3004/3004
f 3004/3004/3004 3007/3007/3007 3008/3008/3008
f 3004/3004/3004 3008/3008/3008 3005/3005/3005
f 3005/3005/3005 3008/3008/3008 3009/3009/3009
f 3005/3005/3005 3009/3009/3009 3006/3006/3006
f 3006/3006/3006 3009/3009/3009 3010/3010/3010
f 3007/3007/3007 3011/3011/3011 3008/3008/3008
f 3008/3008/3008 3011/3011/3011 3012/3012/3012
f 3008/3008/3008 3012/3012/3012 3009/3009/3009
f 3009/3009/3009 3012/3012/3012 3013/3013/3013
f 3009/3009/3009 3013/3013/3013 3010/3010/3010
f 3010/3010/3010 3013/3013/3013 3014/3014/3014
f 3011/3011/3011 3015/3015/3015 3012/3012/3012
f 3012/3012/3012 3015/3015/3015 3016/3016/3016
f 3012/3012/3012 3016/3016/3016 3013/3013/3013
f 3013/3013/3013 3016/3016/3016 3017/3017/3017
f 3013/3013/3013 3017/3017/3017 3014/3014/3014
f 3014/3014/3014 3017/3017/3017 3018/3018/3018
f 3019/3019/3019 3023/3023/3023 3020/3020/3020
f 3020/3020/3020 3023/3023/3023 3024/3024/3024
f 3020/3020/3020 3024/3024/3024 3021/3021/3021
f 3021/3021/3021 3024/3024/3024 3025/3025/3025
f 3021/3021/3021 3025/3025/3025 3022/3022/3022
f 3022/3022/3022 3025/3025/3025 3026/3026/3026
f 3023/3023/3023 3027/3027/3027 3024/3024/3024
f 3024/3024/3024 3027/3027/3027 3028/3028/3028
f 3024/3024/3024 3028/3028/3028 3025/3025/3025
f 3025/3025/3025 3028/3028/3028 3029/3029/3029
f 3025/3025/3025 3029/3029/3029 3026/3026/3026
f 3026/3026/3026 3029/3029/3029 3030/3030/3030
f 3027/3027/3027 3031/3031/3031 3028/3028/3028
f 3028/3028/3028 3031/3031/3031 3032/3032/3032
f 3028/3028/3028 3032/3032/3032 3029/3029/3029
f 3029/3029/3029 3032/3032/3032 3033/3033/3033
f 3029/3029/3029 3033/3033/3033 3030/3030/3030
f 3030/3030/3030 3033/3033/3033 3034/3034/3034
f 3035/3035/3035 3039/3039/3039 3036/3036/3036
f 3036/3036/3036 3039/3039/3039 3040/3040/3040
f 3036/3036/3036 3040/3040/3040 3037/3037/3037
f 3037/3037/3037 3040/3040/3040 3041/3041/3041
f 3037/3037/3037 3041/3041/3041 3038/3038/3038
f 3038/3038/3038 3041/3041/3041 3042/3042/3042
f 3039/3039/3039 3043/3043/3043 3040/3040/3040
f 3040/3040/3040 3043/3043/3043 3044/3044/3044
f 3040/3040/3040 3044/3044/3044 3041/3041/3041
f 3041/3041/3041 3044/3044/3044 3045/3045/3045
f 3041/3041/3041 3045/3045/3045 3042/3042/3042
f 3042/3042/3042 3045/3045/3045 3046/3046/3046
f 3043/3043/3043 3047/3047/3047 3044/3044/3044
f 3044/3044/3044 3047/3047/3047 3048/3048/3048
f 3044/3044/3044 3048/3048/3048 3045/3045/3045
f 3045/3045/3045 3048/3048/3048 3049/3049/3049
f 3045/3045/3045 3049/3049/3049 3046/3046/3046
f 3046/3046/3046 3049/3049/3049 3050/3050/3050
f 3051/3051/3051 3055/3055/3055 3052/3052/3052
f 3052/3052/3052 3055/3055/3055 3056/3056/3056
f 3052/3052/3052 3056/3056/3056 3053/3053/3053
f 3053/3053/3053 3056/3056/3056 3057/3057/3057
f 3053/3053/3053 3057/3057/3057 3054/3054/3054
f 3054/3054/3054 3057/3057/3057 3058/3058/3058
f 3055/3055/3055 3059/3059/3059 3056/3056/3056
f 3056/3056/3056 3059/3059/3059 3060/3060/3060
f 3056/3056/3056 3060/3060/3060 3057/3057/3057
f 3057/3057/3057 3060/3060/3060 3061/3061/3061
f 3057/3057/3057 3061/3061/3061 3058/3058/3058
f 3058/3058/3058 3061/3061/3061 3062/3062/3062
f 3059/3059/3059 3063/3063/3063 3060/3060/3060
f 3060/3060/3060 3063/3063/3063 3064/3064/3064
f 3060/3060/3060 3064/3064/3064 3061/3061/3061
f 3061/3061/3061 3064/3064/3064 3065/3065/3065
f 3061/3061/3061 3065/3065/3065 3062/3062/3062
f 3062/3062/3062 3065/3065/3065 3066/3066/3066
f 3067/3067/3067 3071/3071/3071 3068/3068/3068
f 3068/3068/3068 3071/3071/3071 3072/3072/3072
f 3068/3068/3068 3072/3072/3072 3069/3069/3069
f 3069/3069/3069 3072/3072/3072 3073/3073/3073
f 3069/3069/3069 3073/3073/3073 3070/3070/3070
f 3070/3070/3070 3073/3073/3073 3074/3074/3074
f 3071/3071/3071 3075/3075/3075 3072/3072/3072
f 3072/3072/3072 3075/3075/3075 3076/3076/3076
f 3072/3072/3072 3076/3076/3076 3073/3073/3073
f 3073/3073/3073 3076/3076/3076 3077/3077/3077
f 3073/3073/3073 3077/3077/3077 3074/3074/3074
f 3074/3074/3074 3077/3077/3077 3078/3078/3078
f 3075/3075/3075 3079/3079/3079 3076/3076/3076
f 3076/3076/3076 3079/3079/3079 3080/3080/3080
f 3076/3076/3076 3080/3080/3080 3077/3077/3077
f 3077/3077/3077 3080/3080/3080 3081/3081/3081
f 3077/3077/3077 3081/3081/3081 3078/3078/3078
f 3078/3078/3078 3081/3081/3081 3082/3082/3082
f 3083/3083/3083 3087/3087/3087 3084/3084/3084
f 3084/3084/3084 3087/3087/3087 3088/3088/3088
f 3084/3084/3084 3088/3088/3088 3085/3085/3085
f 3085/3085/3085 3088/3088/3088 3089/3089/3089
f 3085/3085/3085 3089/3089/3089 3086/3086/3086
f 3086/3086/3086 3089/3089/3089 3090/3090/3090
f 3087/3087/3087 3091/3091/3091 3088/3088/3088
f 3088/3088/3088 3091/3091/3091 3092/3092/3092
f 3088/3088/3088 3092/3092/3092 3089/3089/3089
f 3089/3089/3089 3092/3092/3092 3093/3093/3093
f 3089/3089/3089 3093/3093/3093 3090/3090/3090
f 3090/3090/3090 3093/3093/3093 3094/3094/3094
f 3091/3091/3091 3095/3095/3095 3092/3092/3092
f 3092/3092/3092 3095/3095/3095 3096/3096/3096
f 3092/3092/3092 3096/3096/3096 3093/3093/3093
f 3093/3093/3093 3096/3096/3096 3097/3097/3097
f 3093/3093/3093 3097/3097/3097 3094/3094/3094
f 3094/3094/3094 3097/3097/3097 3098/3098/3098
f 3099/3099/3099 3103/3103/3103 3100/3100/3100
f 3100/3100/3100 3103/3103/3103 3104/3104/3104
f 3100/3100/3100 3104/3104/3104 3101/3101/3101
f 3101/3101/3101 3104/3104/3104 3105/3105/3105
f 3101/3101/3101 3105/3105/3105 3102/3102/3102
f 3102/3102/3102 3105/3105/3105 3106/3106/3106
f 3103/3103/3103 3107/3107/3107 3104/3104/3104
f 3104/3104/3104 3107/3107/3107 3108/3108/3108
f 3104/3104/3104 3108/3108/3108 3105/3105/3105
f 3105/3105/3105 3108/3108/3108 3109/3109/3109
f 3105/3105/3105 3109/3109/3109 3106/3106/3106
f 3106/3106/3106 3109/3109/3109 3110/3110/3110
f 3107/3107/3107 3111/3111/3111 3108/3108/3108
f 3108/3108/3108 3111/3111/3111 3112/3112/3112
f 3108/3108/3108 3112/3112/3112 3109/3109/3109
f 3109/3109/3109 3112/3112/3112 3113/3113/3113
f 3109/3109/3109 3113/3113/3113 3110/3110/3110
f 3110/3110/3110 3113/3113/3113 3114/3114/3114
f 3115/3115/3115 3119/3119/3119 3116/3116/3116
f 3116/3116/3116 3119/3119/3119 3120/3120/3120
f 3116/3116/3116 3120/3120/3120 3117/3117/3117
f 3117/3117/3117 3120/3120/3120 3121/3121/3121
f 3117/3117/3117 3121/3121/3121 3118/3118/3118
f 3118/3118/3118 3121/3121/3121 3122/3122/3122
f 3119/3119/3119 3123/3123/3123 3120/3120/3120
f 3120/3120/3120 3123/3123/3123 3124/3124/3124
f 3120/3120/3120 3124/3124/3124 3121/3121/3121
f 3121/3121/3121 3124/3124/3124 3125/3125/3125
f 3121/3121/3121 3125/3125/3125 3122/3122/3122
f 3122/3122/3122 3125/3125/3125 3126/3126/3126
f 3123/3123/3123 3127/3127/3127 3124/3124/3124
f 3124/3124/3124 3127/3127/3127 3128/3128/3128
f 3124/3124/3124 3128/3128/3128 3125/3125/3125
f 3125/3125/3125 3128/3128/3128 3129/3129/3129
f 3125/3125/3125 3129/3129/3129 3126/3126/3126
f 3126/3126/3126 3129/3129/3129 3130/3130/3130
f 3131/3131/3131 3135/3135/3135 3132/3132/3132
f 3132/3132/3132 3135/3135/3135 3136/3136/3136
f 3132/3132/3132 3136/3136/3136 3133/3133/3133
f 3133/3133/3133 3136/3136/3136 3137/3137/3137
f 3133/3133/3133 3137/3137/3137 3134/3134/3134
f 3134/3134/3134 3137/3137/3137 3138/3138/3138
f 3135/3135/3135 3139/3139/3139 3136/3136/3136
f 3136/3136/3136 3139/3139/3139 3140/3140/3140
f 3136/3136/3136 3140/3140/3140 3137/3137/3137
f 3137/3137/3137 3140/3140/3140 3141/3141/3141
f 3137/3137/3137 3141/3141/3141 3138/3138/3138
f 3138/3138/3138 3141/3141/3141 3142/3142/3142
f 3139/3139/3139 3143/3143/3143 3140/3140/3140
f 3140/3140/3140 3143/3143/3143 3144/3144/3144
f 3140/3140/3140 3144/3144/3144 3141/3141/3141
f 3141/3141/3141 3144/3144/3144 3145/3145/3145
f 3141/3141/3141 3145/3145/3145 3142/3142/3142
f 3142/3142/3142 3145/3145/3145 3146/3146/3146
f 3147/3147/3147 3151/3151/3151 3148/3148/3148
f 3148/3148/3148 3151/3151/3151 3152/3152/3152
f 3148/3148/3148 3152/3152/3152 3149/3149/3149
f 3149/3149/3149 3152/3152/3152 3153/3153/3153
f 3149/3149/3149 3153/3153/3153 3150/3150/3150
f 3150/3150/3150 3153/3153/3153 3154/3154/3154
f 3151/3151/3151 3155/3155/3155 3152/3152/3152
f 3152/3152/3152 3155/3155/3155 3156/3156/3156
f 3152/3152/3152 3156/3156/3156 3153/3153/3153
f 3153/3153/3153 3156/3156/3156 3157/3157/3157
f 3153/3153/3153 3157/3157/3157 3154/3154/3154
f 3154/3154/3154 3157/3157/3157 3158/3158/3158
f 3155/3155/3155 3159/3159/3159 3156/3156/3156
f 3156/3156/3156 3159/3159/3159 3160/3160/3160
f 3156/3156/3156 3160/3160/3160 3157/3157/3157
f 3157/3157/3157 3160/3160/3160 3161/3161/3161
f 3157/3157/3157 3161/3161/3161 3158/3158/3158
f 3158/3158/3158 3161/3161/3161 3162/3162/3162
f 3163/3163/3163 3167/3167/3167 3164/3164/3164
f 3164/3164/3164 3167/3167/3167 3168/3168/3168
f 3164/3164/3164 3168/3168/3168 3165/3165/3165
f 3165/3165/3165 3168/3168/3168 3169/3169/3169
f 3165/3165/3165 3169/3169/3169 3166/3166/3166
f 3166/3166/3166 3169/3169/3169 3170/3170/3170
f 3167/3167/3167 3171/3171/3171 3168/3168/3168
f 3168/3168/3168 3171/3171/3171 3172/3172/3172
f 3168/3168/3168 3172/3172/3172 3169/3169/3169
f 3169/3169/3169 3172/3172/3172 3173/3173/3173
f 3169/3169/3169 3173/3173/3173 3170/3170/3170
f 3170/3170/3170 3173/3173/3173 3174/3174/3174
f 3171/3171/3171 3175/3175/3175 3172/3172/3172
f 3172/3172/3172 3175/3175/3175 3176/3176/3176
f 3172/3172/3172 3176/3176/3176 3173/3173/3173
f 3173/3173/3173 3176/3176/3176 3177/3177/3177
f 3173/3173/3173 3177/3177/3177 3174/3174/3174
f 3174/3174/3174 3177/3177/3177 3178/3178/3178
f 3179/3179/3179 3183/3183/3183 3180/3180/3180
f 3180/3180/3180 3183/3183/3183 3184/3184/3184
f 3180/3180/3180 3184/3184/3184 3181/3181/3181
f 3181/3181/3181 3184/3184/3184 3185/3185/3185
f 3181/3181/3181 3185/3185/3185 3182/3182/3182
f 3182/3182/3182 3185/3185/3185 3186/3186/3186
f 3183/3183/3183 3187/3187/3187 3184/3184/3184
f 3184/3184/3184 3187/3187/3187 3188/3188/3188
f 3184/3184/3184 3188/3188/3188 3185/3185/3185
f 3185/3185/3185 3188/3188/3188 3189/3189/3189
f 3185/3185/3185 3189/3189/3189 3186/3186/3186
f 3186/3186/3186 3189/3189/3189 3190/3190/3190
f 3187/3187/3187 3191/3191/3191 3188/3188/3188
f 3188/3188/3188 3191/3191/3191 3192/3192/3192
f 3188/3188/3188 3192/3192/3192 3189/3189/3189
f 3189/3189/3189 3192/3192/3192 3193/3193/3193
f 3189/3189/3189 3193/3193/3193 3190/3190/3190
f 3190/3190/3190 3193/3193/3193 3194/3194/3194
f 3195/3195/3195 3199/3199/3199 3196/3196/3196
f 3196/3196/3196 3199/3199/3199 3200/3200/3200
f 3196/3196/3196 3200/3200/3200 3197/3197/3197
f 3197/3197/3197 3200/3200/3200 3201/3201/3201
f 3197/3197/3197 3201/3201/3201 3198/3198/3198
f 3198/3198/3198 3201/3201/3201 3202/3202/3202
f 3199/3199/3199 3203/3203/3203 3200/3200/3200
f 3200/3200/3200 3203/3203/3203 3204/3204/3204
f 3200/3200/3200 3204/3204/3204 3201/3201/3201
f 3201/3201/3201 3204/3204/3204 3205/3205/3205
f 3201/3201/3201 3205/3205/3205 3202/3202/3202
f 3202/3202/3202 3205/3205/3205 3206/3206/3206
f 3203/3203/3203 3207/3207/3207 3204/3204/3204
f 3204/3204/3204 3207/3207/3207 3208/3208/3208
f 3204/3204/3204 3208/3208/3208 3205/3205/3205
f 3205/3205/3205 3208/3208/3208 3209/3209/3209
f 3205/3205/3205 3209/3209/3209 3206/3206/3206
f 3206/3206/3206 3209/3209/3209 3210/3210/3210
f 3211/3211/3211 3215/3215/3215 3212/3212/3212
f 3212/3212/3212 3215/3215/3215 3216/3216/3216
f 3212/3212/3212 3216/3216/3216 3213/3213/3213
f 3213/3213/3213 3216/3216/3216 3217/3217/3217
f 3213/3213/3213 3217/3217/3217 3214/3214/3214
f 3214/3214/3214 3217/3217/3217 3218/3218/3218
f 3215/3215/3215 3219/3219/3219 3216/3216/3216
f 3216/3216/3216 3219/3219/3219 3220/3220/3220
f 3216/3216/3216 3220/3220/3220 3217/3217/3217
f 3217/3217/3217 3220/3220/3220 3221/3221/3221
f 3217/3217/3217 3221/3221/3221 3218/3218/3218
f 3218/3218/3218 3221/3221/3221 3222/3222/3222
f 3219/3219/3219 3223/3223/3223 3220/3220/3220
f 3220/3220/3220 3223/3223/3223 3224/3224/3224
f 3220/3220/3220 3224/3224/3224 3221/3221/3221
f 3221/3221/3221 3224/3224/3224 3225/3225/3225
f 3221/3221/3221 3225/3225/3225 3222/3222/3222
f 3222/3222/3222 3225/3225/3225 3226/3226/3226
f 3227/3227/3227 3231/3231/3231 3228/3228/3228
f 3228/3228/3228 3231/3231/3231 3232/3232/3232
f 3228/3228/3228 3232/3232/3232 3229/3229/3229
f 3229/3229/3229 3232/3232/3232 3233/3233/3233
f 3229/3229/3229 3233/3233/3233 3230/3230/3230
f 3230/3230/3230 3233/3233/3233 3234/3234/3234
f 3231/3231/3231 3235/3235/3235 3232/3232/3232
f 3232/3232/3232 3235/3235/3235 3236/3236/3236
f 3232/3232/3232 3236/3236/3236 3233/3233/3233
f 3233/3233/3233 3236/3236/3236 3237/3237/3237
f 3233/3233/3233 3237/3237/3237 3234/3234/3234
f 3234/3234/3234 3237/3237/3237 3238/3238/3238
f 3235/3235/3235 3239/3239/3239 3236/3236/3236
f 3236/3236/3236 3239/3239/3239 3240/3240/3240
f 3236/3236/3236 3240/3240/3240 3237/3237/3237
f 3237/3237/3237 3240/3240/3240 3241/3241/3241
f 3237/3237/3237 3241/3241/3241 3238/3238/3238
f 3238/3238/3238 3241/3241/3241 3242/3242/3242
f 3243/3243/3243 3247/3247/3247 3244/3244/3244
f 3244/3244/3244 3247/3247/3247 3248/3248/3248
f 3244/3244/3244 3248/3248/3248 3245/3245/3245
f 3245/3245/3245 3248/3248/3248 3249/3249/3249
f 3245/3245/3245 3249/3249/3249 3246/3246/3246
f 3246/3246/3246 3249/3249/3249 3250/3250/3250
f 3247/3247/3247 3251/3251/3251 3248/3248/3248
f 3248/3248/3248 3251/3251/3251 3252/3252/3252
f 3248/3248/3248 3252/3252/3252 3249/3249/3249
f 3249/3249/3249 3252/3252/3252 3253/3253/3253
f 3249/3249/3249 3253/3253/3253 3250/3250/3250
f 3250/3250/3250 3253/3253/3253 3254/3254/3254
f 3251/3251/3251 3255/3255/3255 3252/3252/3252
f 3252/3252/3252 3255/3255/3255 3256/3256/3256
f 3252/3252/3252 3256/3256/3256 3253/3253/3253
f 3253/3253/3253 3256/3256/3256 3257/3257/3257
f 3253/3253/3253 3257/3257/3257 3254/3254/3254
f 3254/3254/3254 3257/3257/3257 3258/3258/3258
f 3259/3259/3259 3263/3263/3263 3260/3260/3260
f 3260/3260/3260 3263/3263/3263 3264/3264/3264
f 3260/3260/3260 3264/3264/3264 3261/3261/3261
f 3261/3261/3261 3264/3264/3264 3265/3265/3265
f 3261/3261/3261 3265/3265/3265 3262/3262/3262
f 3262/3262/3262 3265/3265/3265 3266/3266/3266
f 3263/3263/3263 3267/3267/3267 3264/3264/3264
f 3264/3264/3264 3267/3267/3267 3268/3268/3268
f 3264/3264/3264 3268/3268/3268 3265/3265/3265
f 3265/3265/3265 3268/3268/3268 3269/3269/3269
f 3265/3265/3265 3269/3269/3269 3266/3266/3266
f 3266/3266/3266 3269/3269/3269 3270/3270/3270
f 3267/3267/3267 3271/3271/3271 3268/3268/3268
f 3268/3268/3268 3271/3271/3271 3272/3272/3272
f 3268/3268/3268 3272/3272/3272 3269/3269/3269
f 3269/3269/3269 3272/3272/3272 3273/3273/3273
f 3269/3269/3269 3273/3273/3273 3270/3270/3270
f 3270/3270/3270 3273/3273/3273 3274/3274/3274
f 3275/3275/3275 3279/3279/3279 3276/3276/3276
f 3276/3276/3276 3279/3279/3279 3280/3280/3280
f 3276/3276/3276 3280/3280/3280 3277/3277/3277
f 3277/3277/3277 3280/3280/3280 3281/3281/3281
f 3277/3277/3277 3281/3281/3281 3278/3278/3278
f 3278/3278/3278 3281/3281/3281 3282/3282/3282
f 3279/3279/3279 3283/3283/3283 3280/3280/3280
f 3280/3280/3280 3283/3283/3283 3284/3284/3284
f 3280/3280/3280 3284/3284/3284 3281/3281/3281
f 3281/3281/3281 3284/3284/3284 3285/3285/3285
f 3281/3281/3281 3285/3285/3285 3282/3282/3282
f 3282/3282/3282 3285/3285/3285 3286/3286/3286
f 3283/3283/3283 3287/3287/3287 3284/3284/3284
f 3284/3284/3284 3287/3287/3287 3288/3288/3288
f 3284/3284/3284 3288/3288/3288 3285/3285/3285
f 3285/3285/3285 3288/3288/3288 3289/3289/3289
f 3285/3285/3285 3289/3289/3289 3286/3286/3286
f 3286/3286/3286 3289/3289/3289 3290/3290/3290
f 3291/3291/3291 3295/3295/3295 3292/3292/3292
f 3292/3292/3292 3295/3295/3295 3296/3296/3296
f 3292/3292/3292 3296/3296/3296 3293/3293/3293
f 3293/3293/3293 3296/3296/3296 3297/3297/3297
f 3293/3293/3293 3297/3297/3297 3294/3294/3294
f 3294/3294/3294 3297/3297/3297 3298/3298/3298
f 3295/3295/3295 3299/3299/3299 3296/3296/3296
f 3296/3296/3296 3299/3299/3299 3300/3300/3300
f 3296/3296/3296 3300/3300/3300 3297/3297/3297
f 3297/3297/3297 3300/3300/3300 3301/3301/3301
f 3297/3297/3297 3301/3301/3301 3298/3298/3298
f 3298/3298/3298 3301/3301/3301 3302/3302/3302
f 3299/3299/3299 3303/3303/3303 3300/3300/3300
f 3300/3300/3300 3303/3303/3303 3304/3304/3304
f 3300/3300/3300 3304/3304/3304 3301/3301/3301
f 3301/3301/3301 3304/3304/3304 3305/3305/3305
f 3301/3301/3301 3305/3305/3305 3302/3302/3302
f 3302/3302/3302 3305/3305/3305 3306/3306/3306
f 3307/3307/3307 3311/3311/3311 3308/3308/3308
f 3308/3308/3308 3311/3311/3311 3312/3312/3312
f 3308/3308/3308 3312/3312/3312 3309/3309/3309
f 3309/3309/3309 3312/3312/3312 3313/3313/3313
f 3309/3309/3309 3313/3313/3313 3310/3310/3310
f 3310/3310/3310 3313/3313/3313 3314/3314/3314
f 3311/3311/3311 3315/3315/3315 3312/3312/3312
f 3312/3312/3312 3315/3315/3315 3316/3316/3316
f 3312/3312/3312 3316/3316/3316 3313/3313/3313
f 3313/3313/3313 3316/3316/3316 3317/3317/3317
f 3313/3313/3313 3317/3317/3317 3314/3314/3314
f 3314/3314/3314 3317/3317/3317 3318/3318/3318
f 3315/3315/3315 3319/3319/3319 3316/3316/3316
f 3316/3316/3316 3319/3319/3319 3320/3320/3320
f 3316/3316/3316 3320/3320/3320 3317/3317/3317
f 3317/3317/3317 3320/3320/3320 3321/3321/3321
f 3317/3317/3317 3321/3321/3321 3318/3318/3318
f 3318/3318/3318 3321/3321/3321 3322/3322/3322
f 3323/3323/3323 3327/3327/3327 3324/3324/3324
f 3324/3324/3324 3327/3327/3327 3328/3328/3328
f 3324/3324/3324 3328/3328/3328 3325/3325/3325
f 3325/3325/3325 3328/3328/3328 3329/3329/3329
f 3325/3325/3325 3329/3329/3329 3326/3326/3326
f 3326/3326/3326 3329/3329/3329 3330/3330/3330
f 3327/3327/3327 3331/3331/3331 3328/3328/3328
f 3328/3328/3328 3331/3331/3331 3332/3332/3332
f 3328/3328/3328 3332/3332/3332 3329/3329/3329
f 3329/3329/3329 3332/3332/3332 3333/3333/3333
f 3329/3329/3329 3333/3333/3333 3330/3330/3330
f 3330/3330/3330 3333/3333/3333 3334/3334/3334
f 3331/3331/3331 3335/3335/3335 3332/3332/3332
f 3332/3332/3332 3335/3335/3335 3336/3336/3336
f 3332/3332/3332 3336/3336/3336 3333/3333/3333
f 3333/3333/3333 3336/3336/3336 3337/3337/3337
f 3333/3333/3333 3337/3337/3337 3334/3334/3334
f 3334/3334/3334 3337/3337/3337 3338/3338/3338
f 3339/3339/3339 3343/3343/3343 3340/3340/3340
f 3340/3340/3340 3343/3343/3343 3344/3344/3344
f 3340/3340/3340 3344/3344/3344 3341/3341/3341
f 3341/3341/3341 3344/3344/3344 3345/3345/3345
f 3341/3341/3341 3345/3345/3345 3342/3342/3342
f 3342/3342/3342 3345/3345/3345 3346/3346/3346
f 3343/3343/3343 3347/3347/3347 3344/3344/3344
f 3344/3344/3344 3347/3347/3347 3348/3348/3348
f 3344/3344/3344 3348/3348/3348 3345/3345/3345
f 3345/3345/3345 3348/3348/3348 3349/3349/3349
f 3345/3345/3345 3349/3349/3349 3346/3346/3346
f 3346/3346/3346 3349/3349/3349 3350/3350/3350
f 3347/3347/3347 3351/3351/3351 3348/3348/3348
f 3348/3348/3348 3351/3351/3351 3352/3352/3352
f 3348/3348/3348 3352/3352/3352 3349/3349/3349
f 3349/3349/3349 3352/3352/3352 3353/3353/3353
f 3349/3349/3349 3353/3353/3353 3350/3350/3350
f 3350/3350/3350 3353/3353/3353 3354/3354/3354
f 3355/3355/3355 3359/3359/3359 3356/3356/3356
f 3356/3356/3356 3359/3359/3359 3360/3360/3360
f 3356/3356/3356 3360/3360/3360 3357/3357/3357
f 3357/3357/3357 3360/3360/3360 3361/3361/3361
f 3357/3357/3357 3361/3361/3361 3358/3358/3358
f 3358/3358/3358 3361/3361/3361 3362/3362/3362
f 3359/3359/3359 3363/3363/3363 3360/3360/3360
f 3360/3360/3360 3363/3363/3363 3364/3364/3364
f 3360/3360/3360 3364/3364/3364 3361/3361/3361
f 3361/3361/3361 3364/3364/3364 3365/3365/3365
f 3361/3361/3361 3365/3365/3365 3362/3362/3362
f 3362/3362/3362 3365/3365/3365 3366/3366/3366
f 3363/3363/3363 3367/3367/3367 3364/3364/3364
f 3364/3364/3364 3367/3367/3367 3368/3368/3368
f 3364/3364/3364 3368/3368/3368 3365/3365/3365
f 3365/3365/3365 3368/3368/3368 3369/3369/3369
f 3365/3365/3365 3369/3369/3369 3366/3366/3366
f 3366/3366/3366 3369/3369/3369 3370/3370/3370
f 3371/3371/3371 3375/3375/3375 3372/3372/3372
f 3372/3372/3372 3375/3375/3375 3376/3376/3376
f 3372/3372/3372 3376/3376/3376 3373/3373/3373
f 3373/3373/3373 3376/3376/3376 3377/3377/3377
f 3373/3373/3373 3377/3377/3377 3374/3374/3374
f 3374/3374/3374 3377/3377/3377 3378/3378/3378
f 3375/3375/3375 3379/3379/3379 3376/3376/3376
f 3376/3376/3376 3379/3379/3379 3380/3380/3380
f 3376/3376/3376 3380/3380/3380 3377/3377/3377
f 3377/3377/3377 3380/3380/3380 3381/3381/3381
f 3377/3377/3377 3381/3381/3381 3378/3378/3378
f 3378/3378/3378 3381/3381/3381 3382/3382/3382
f 3379/3379/3379 3383/3383/3383 3380/3380/3380
f 3380/3380/3380 3383/3383/3383 3384/3384/3384
f 3380/3380/3380 3384/3384/3384 3381/3381/3381
f 3381/3381/3381 3384/3384/3384 3385/3385/3385
f 3381/3381/3381 3385/3385/3385 3382/3382/3382
f 3382/3382/3382 3385/3385/3385 3386/3386/3386
f 3387/3387/3387 3391/3391/3391 3388/3388/3388
f 3388/3388/3388 3391/3391/3391 3392/3392/3392
f 3388/3388/3388 3392/3392/3392 3389/3389/3389
f 3389/3389/3389 3392/3392/3392 3393/3393/3393
f 3389/3389/3389 3393/3393/3393 3390/3390/3390
f 3390/3390/3390 3393/3393/3393 3394/3394/3394
f 3391/3391/3391 3395/3395/3395 3392/3392/3392
f 3392/3392/3392 3395/3395/3395 3396/3396/3396
f 3392/3392/3392 3396/3396/3396 3393/3393/3393
f 3393/3393/3393 3396/3396/3396 3397/3397/3397
f 3393/3393/3393 3397/3397/3397 3394/3394/3394
f 3394/3394/3394 3397/3397/3397 3398/3398/3398
f 3395/3395/3395 3399/3399/3399 3396/3396/3396
f 3396/3396/3396 3399/3399/3399 3400/3400/3400
f 3396/3396/3396 3400/3400/3400 3397/3397/3397
f 3397/3397/3397 3400/3400/3400 3401/3401/3401
f 3397/3397/3397 3401/3401/3401 3398/3398/3398
f 3398/3398/3398 3401/3401/3401 3402/3402/3402
f 3403/3403/3403 3407/3407/3407 3404/3404/3404
f 3404/3404/3404 3407/3407/3407 3408/3408/3408
f 3404/3404/3404 3408/3408/3408 3405/3405/3405
f 3405/3405/3405 3408/3408/3408 3409/3409/3409
f 3405/3405/3405 3409/3409/3409 3406/3406/3406
f 3406/3406/3406 3409/3409/3409 3410/3410/3410
f 3407/3407/3407 3411/3411/3411 3408/3408/3408
f 3408/3408/3408 3411/3411/3411 3412/3412/3412
f 3408/3408/3408 3412/3412/3412 3409/3409/3409
f 3409/3409/3409 3412/3412/3412 3413/3413/3413
f 3409/3409/3409 3413/3413/3413 3410/3410/3410
f 3410/3410/3410 3413/3413/3413 3414/3414/3414
f 3411/3411/3411 3415/3415/3415 3412/3412/3412
f 3412/3412/3412 3415/3415/3415 3416/3416/3416
f 3412/3412/3412 3416/3416/3416 3413/3413/3413
f 3413/3413/3413 3416/3416/3416 3417/3417/3417
f 3413/3413/3413 3417/3417/3417 3414/3414/3414
f 3414/3414/3414 3417/3417/3417 3418/3418/3418
f 3419/3419/3419 3423/3423/3423 3420/3420/3420
f 3420/3420/3420 3423/3423/3423 3424/3424/3424
f 3420/3420/3420 3424/3424/3424 3421/3421/3421
f 3421/3421/3421 3424/3424/3424 3425/3425/3425
f 3421/3421/3421 3425/3425/3425 3422/3422/3422
f 3422/3422/3422 3425/3425/3425 3426/3426/3426
f 3423/3423/3423 3427/3427/3427 3424/3424/3424
f 3424/3424/3424 3427/3427/3427 3428/3428/3428
f 3424/3424/3424 3428/3428/3428 3425/3425/3425
f 3425/3425/3425 3428/3428/3428 3429/3429/3429
f 3425/3425/3425 3429/3429/3429 3426/3426/3426
f 3426/3426/3426 3429/3429/3429 3430/3430/3430
f 3427/3427/3427 3431/3431/3431 3428/3428/3428
f 3428/3428/3428 3431/3431/3431 3432/3432/3432
f 3428/3428/3428 3432/3432/3432 3429/3429/3429
f 3429/3429/3429 3432/3432/3432 3433/3433/3433
f 3429/3429/3429 3433/3433/3433 3430/3430/3430
f 3430/3430/3430 3433/3433/3433 3434/3434/3434
f 3435/3435/3435 3439/3439/3439 3436/3436/3436
f 3436/3436/3436 3439/3439/3439 3440/3440/3440
f 3436/3436/3436 3440/3440/3440 3437/3437/3437
f 3437/3437/3437 3440/3440/3440 3441/3441/3441
f 3437/3437/3437 3441/3441/3441 3438/3438/3438
f 3438/3438/3438 3441/3441/3441 3442/3442/3442
f 3439/3439/3439 3443/3443/3443 3440/3440/3440
f 3440/3440/3440 3443/3443/3443 3444/3444/3444
f 3440/3440/3440 3444/3444/3444 3441/3441/3441
f 3441/3441/3441 3444/3444/3444 3445/3445/3445
f 3441/3441/3441 3445/3445/3445 3442/3442/3442
f 3442/3442/3442 3445/3445/3445 3446/3446/3446
f 3443/3443/3443 3447/3447/3447 3444/3444/3444
f 3444/3444/3444 3447/3447/3447 3448/3448/3448
f 3444/3444/3444 3448/3448/3448 3445/3445/3445
f 3445/3445/3445 3448/3448/3448 3449/3449/3449
f 3445/3445/3445 3449/3449/3449 3446/3446/3446
f 3446/3446/3446 3449/3449/3449 3450/3450/3450
f 3451/3451/3451 3455/3455/3455 3452/3452/3452
f 3452/3452/3452 3455/3455/3455 3456/3456/3456
f 3452/3452/3452 3456/3456/3456 3453/3453/3453
f 3453/3453/3453 3456/3456/3456 3457/3457/3457
f 3453/3453/3453 3457/3457/3457 3454/3454/3454
f 3454/3454/3454 3457/3457/3457 3458/3458/3458
f 3455/3455/3455 3459/3459/3459 3456/3456/3456
f 3456/3456/3456 3459/3459/3459 3460/3460/3460
f 3456/3456/3456 3460/3460/3460 3457/3457/3457
f 3457/3457/3457 3460/3460/3460 3461/3461/3461
f 3457/3457/3457 3461/3461/3461 3458/3458/3458
f 3458/3458/3458 3461/3461/3461 3462/3462/3462
f 3459/3459/3459 3463/3463/3463 3460/3460/3460
f 3460/3460/3460 3463/3463/3463 3464/3464/3464
f 3460/3460/3460 3464/3464/3464 3461/3461/3461
f 3461/3461/3461 3464/3464/3464 3465/3465/3465
f 3461/3461/3461 3465/3465/3465 3462/3462/3462
f 3462/3462/3462 3465/3465/3465 3466/3466/3466
f 3467/3467/3467 3471/3471/3471 3468/3468/3468
f 3468/3468/3468 3471/3471/3471 3472/3472/3472
f 3468/3468/3468 3472/3472/3472 3469/3469/3469
f 3469/3469/3469 3472/3472/3472 3473/3473/3473
f 3469/3469/3469 3473/3473/3473 3470/3470/3470
f 3470/3470/3470 3473/3473/3473 3474/3474/3474
f 3471/3471/3471 3475/3475/3475 3472/3472/3472
f 3472/3472/3472 3475/3475/3475 3476/3476/3476
f 3472/3472/3472 3476/3476/3476 3473/3473/3473
f 3473/3473/3473 3476/3476/3476 3477/3477/3477
f 3473/3473/3473 3477/3477/3477 3474/3474/3474
f 3474/3474/3474 3477/3477/3477 3478/3478/3478
f 3475/3475/3475 3479/3479/3479 3476/3476/3476
f 3476/3476/3476 3479/3479/3479 3480/3480/3480
f 3476/3476/3476 3480/3480/3480 3477/3477/3477
f 3477/3477/3477 3480/3480/3480 3481/3481/3481
f 3477/3477/3477 3481/3481/3481 3478/3478/3478
f 3478/3478/3478 3481/3481/3481 3482/3482/3482
f 3483/3483/3483 3487/3487/3487 3484/3484/3484
f 3484/3484/3484 3487/3487/3487 3488/3488/3488
f 3484/3484/3484 3488/3488/3488 3485/3485/3485
f 3485/3485/3485 3488/3488/3488 3489/3489/3489
f 3485/3485/3485 3489/3489/3489 3486/3486/3486
f 3486/3486/3486 3489/3489/3489 3490/3490/3490
f 3487/3487/3487 3491/3491/3491 3488/3488/3488
f 3488/3488/3488 3491/3491/3491 3492/3492/3492
f 3488/3488/3488 3492/3492/3492 3489/3489/3489
f 3489/3489/3489 3492/3492/3492 3493/3493/3493
f 3489/3489/3489 3493/3493/3493 3490/3490/3490
f 3490/3490/3490 3493/3493/3493 3494/3494/3494
f 3491/3491/3491 3495/3495/3495 3492/3492/3492
f 3492/3492/3492 3495/3495/3495 3496/3496/3496
f 3492/3492/3492 3496/3496/3496 3493/3493/3493
f 3493/3493/3493 3496/3496/3496 3497/3497/3497
f 3493/3493/3493 3497/3497/3497 3494/3494/3494
f 3494/3494/3494 3497/3497/3497 3498/3498/3498
f 3499/3499/3499 3503/3503/3503 3500/3500/3500
f 3500/3500/3500 3503/3503/3503 3504/3504/3504
f 3500/3500/3500 3504/3504/3504 3501/3501/3501
f 3501/3501/3501 3504/3504/3504 3505/3505/3505
f 3501/3501/3501 3505/3505/3505 3502/3502/3502
f 3502/3502/3502 3505/3505/3505 3506/3506/3506
f 3503/3503/3503 3507/3507/3507 3504/3504/3504
f 3504/3504/3504 3507/3507/3507 3508/3508/3508
f 3504/3504/3504 3508/3508/3508 3505/3505/3505
f 3505/3505/3505 3508/3508/3508 3509/3509/3509
f 3505/3505/3505 3509/3509/3509 3506/3506/3506
f 3506/3506/3506 3509/3509/3509 3510/3510/3510
f 3507/3507/3507 3511/3511/3511 3508/3508/3508
f 3508/3508/3508 3511/3511/3511 3512/3512/3512
f 3508/3508/3508 3512/3512/3512 3509/3509/3509
f 3509/3509/3509 3512/3512/3512 3513/3513/3513
f 3509/3509/3509 3513/3513/3513 3510/3510/3510
f 3510/3510/3510 3513/3513/3513 3514/3514/3514
f 3515/3515/3515 3519/3519/3519 3516/3516/3516
f 3516/3516/3516 3519/3519/3519 3520/3520/3520
f 3516/3516/3516 3520/3520/3520 3517/3517/3517
f 3517/3517/3517 3520/3520/3520 3521/3521/3521
f 3517/3517/3517 3521/3521/3521 3518/3518/3518
f 3518/3518/3518 3521/3521/3521 3522/3522/3522
f 3519/3519/3519 3523/3523/3523 3520/3520/3520
f 3520/3520/3520 3523/3523/3523 3524/3524/3524
f 3520/3520/3520 3524/3524/3524 3521/3521/3521
f 3521/3521/3521 3524/3524/3524 3525/3525/3525
f 3521/3521/3521 3525/3525/3525 3522/3522/3522
f 3522/3522/3522 3525/3525/3525 3526/3526/3526
f 3523/3523/3523 3527/3527/3527 3524/3524/3524
f 3524/3524/3524 3527/3527/3527 3528/3528/3528
f 3524/3524/3524 3528/3528/3528 3525/3525/3525
f 3525/3525/3525 3528/3528/3528 3529/3529/3529
f 3525/3525/3525 3529/3529/3529 3526/3526/3526
f 3526/3526/3526 3529/3529/3529 3530/3530/3530
f 3531/3531/3531 3535/3535/3535 3532/3532/3532
f 3532/3532/3532 3535/3535/3535 3536/3536/3536
f 3532/3532/3532 3536/3536/3536 3533/3533/3533
f 3533/3533/3533 3536/3536/3536 3537/3537/3537
f 3533/3533/3533 3537/3537/3537 3534/3534/3534
f 3534/3534/3534 3537/3537/3537 3538/3538/3538
f 3535/3535/3535 3539/3539/3539 3536/3536/3536
f 3536/3536/3536 3539/3539/3539 3540/3540/3540
f 3536/3536/3536 3540/3540/3540 3537/3537/3537
f 3537/3537/3537 3540/3540/3540 3541/3541/3541
f 3537/3537/3537 3541/3541/3541 3538/3538/3538
f 3538/3538/3538 3541/3541/3541 3542/3542/3542
f 3539/3539/3539 3543/3543/3543 3540/3540/3540
f 3540/3540/3540 3543/3543/3543 3544/3544/3544
f 3540/3540/3540 3544/3544/3544 3541/3541/3541
f 3541/3541/3541 3544/3544/3544 3545/3545/3545
f 3541/3541/3541 3545/3545/3545 3542/3542/3542
f 3542/3542/3542 3545/3545/3545 3546/3546/3546
f 3547/3547/3547 3551/3551/3551 3548/3548/3548
f 3548/3548/3548 3551/3551/3551 3552/3552/3552
f 3548/3548/3548 3552/3552/3552 3549/3549/3549
f 3549/3549/3549 3552/3552/3552 3553/3553/3553
f 3549/3549/3549 3553/3553/3553 3550/3550/3550
f 3550/3550/3550 3553/3553/3553 3554/3554/3554
f 3551/3551/3551 3555/3555/3555 3552/3552/3552
f 3552/3552/3552 3555/3555/3555 3556/3556/3556
f 3552/3552/3552 3556/3556/3556 3553/3553/3553
f 3553/3553/3553 3556/3556/3556 3557/3557/3557
f 3553/3553/3553 3557/3557/3557 3554/3554/3554
f 3554/3554/3554 3557/3557/3557 3558/3558/3558
f 3555/3555/3555 3559/3559/3559 3556/3556/3556
f 3556/3556/3556 3559/3559/3559 3560/3560/3560
f 3556/3556/3556 3560/3560/3560 3557/3557/3557
f 3557/3557/3557 3560/3560/3560 3561/3561/3561
f 3557/3557/3557 3561/3561/3561 3558/3558/3558
f 3558/3558/3558 3561/3561/3561 3562/3562/3562
f 3563/3563/3563 3567/3567/3567 3564/3564/3564
f 3564/3564/3564 3567/3567/3567 3568/3568/3568
f 3564/3564/3564 3568/3568/3568 3565/3565/3565
f 3565/3565/3565 3568/3568/3568 3569/3569/3569
f 3565/3565/3565 3569/3569/3569 3566/3566/3566
f 3566/3566/3566 3569/3569/3569 3570/3570/3570
f 3567/3567/3567 3571/3571/3571 3568/3568/3568
f 3568/3568/3568 3571/3571/3571 3572/3572/3572
f 3568/3568/3568 3572/3572/3572 3569/3569/3569
f 3569/3569/3569 3572/3572/3572 3573/3573/3573
f 3569/3569/3569 3573/3573/3573 3570/3570/3570
f 3570/3570/3570 3573/3573/3573 3574/3574/3574
f 3571/3571/3571 3575/3575/3575 3572/3572/3572
f 3572/3572/3572 3575/3575/3575 3576/3576/3576
f 3572/3572/3572 3576/3576/3576 3573/3573/3573
f 3573/3573/3573 3576/3576/3576 3577/3577/3577
f 3573/3573/3573 3577/3577/3577 3574/3574/3574
f 3574/3574/3574 3577/3577/3577 3578/3578/3578
f 3579/3579/3579 3583/3583/3583 3580/3580/3580
f 3580/3580/3580 3583/3583/3583 3584/3584/3584
f 3580/3580/3580 3584/3584/3584 3581/3581/3581
f 3581/3581/3581 3584/3584/3584 3585/3585/3585
f 3581/3581/3581 3585/3585/3585 3582/3582/3582
f 3582/3582/3582 3585/3585/3585 3586/3586/3586
f 3583/3583/3583 3587/3587/3587 3584/3584/3584
f 3584/3584/3584 3587/3587/3587 3588/3588/3588
f 3584/3584/3584 3588/3588/3588 3585/3585/3585
f 3585/3585/3585 3588/3588/3588 3589/3589/3589
f 3585/3585/3585 3589/3589/3589 3586/3586/3586
f 3586/3586/3586 3589/3589/3589 3590/3590/3590
f 3587/3587/3587 3591/3591/3591 3588/3588/3588
f 3588/3588/3588 3591/3591/3591 3592/3592/3592
f 3588/3588/3588 3592/3592/3592 3589/3589/3589
f 3589/3589/3589 3592/3592/3592 3593/3593/3593
f 3589/3589/3589 3593/3593/3593 3590/3590/3590
f 3590/3590/3590 3593/3593/3593 3594/3594/3594
f 3595/3595/3595 3599/3599/3599 3596/3596/3596
f 3596/3596/3596 3599/3599/3599 3600/3600/3600
f 3596/3596/3596 3600/3600/3600 3597/3597/3597
f 3597/3597/3597 3600/3600/3600 3601/3601/3601
f 3597/3597/3597 3601/3601/3601 3598/3598/3598
f 3598/3598/3598 3601/3601/3601 3602/3602/3602
f 3599/3599/3599 3603/3603/3603 3600/3600/3600
f 3600/3600/3600 3603/3603/3603 3604/3604/3604
f 3600/3600/3600 3604/3604/3604 3601/3601/3601
f 3601/3601/3601 3604/3604/3604 3605/3605/3605
f 3601/3601/3601 3605/3605/3605 3602/3602/3602
f 3602/3602/3602 3605/3605/3605 3606/3606/3606
f 3603/3603/3603 3607/3607/3607 3604/3604/3604
f 3604/3604/3604 3607/3607/3607 3608/3608/3608
f 3604/3604/3604 3608/3608/3608 3605/3605/3605
f 3605/3605/3605 3608/3608/3608 3609/3609/3609
f 3605/3605/3605 3609/3609/3609 3606/3606/3606
f 3606/3606/3606 3609/3609/3609 3610/3610/3610
f 3611/3611/3611 3615/3615/3615 3612/3612/3612
f 3612/3612/3612 3615/3615/3615 3616/3616/3616
f 3612/3612/3612 3616/3616/3616 3613/3613/3613
f 3613/3613/3613 3616/3616/3616 3617/3617/3617
f 3613/3613/3613 3617/3617/3617 3614/3614/3614
f 3614/3614/3614 3617/3617/3617 3618/3618/3618
f 3615/3615/3615 3619/3619/3619 3616/3616/3616
f 3616/3616/3616 3619/3619/3619 3620/3620/3620
f 3616/3616/3616 3620/3620/3620 3617/3617/3617
f 3617/3617/3617 3620/3620/3620 3621/3621/3621
f 3617/3617/3617 3621/3621/3621 3618/3618/3618
f 3618/3618/3618 3621/3621/3621 3622/3622/3622
f 3619/3619/3619 3623/3623/3623 3620/3620/3620
f 3620/3620/3620 3623/3623/3623 3624/3624/3624
f 3620/3620/3620 3624/3624/3624 3621/3621/3621
f 3621/3621/3621 3624/3624/3624 3625/3625/3625
f 3621/3621/3621 3625/3625/3625 3622/3622/3622
f 3622/3622/3622 3625/3625/3625 3626/3626/3626
f 3627/3627/3627 3631/3631/3631 3628/3628/3628
f 3628/3628/3628 3631/3631/3631 3632/3632/3632
f 3628/3628/3628 3632/3632/3632 3629/3629/3629
f 3629/3629/3629 3632/3632/3632 3633/3633/3633
f 3629/3629/3629 3633/3633/3633 3630/3630/3630
f 3630/3630/3630 3633/3633/3633 3634/3634/3634
f 3631/3631/3631 3635/3635/3635 3632/3632/3632
f 3632/3632/3632 3635/3635/3635 3636/3636/3636
f 3632/3632/3632 3636/3636/3636 3633/3633/3633
f 3633/3633/3633 3636/3636/3636 3637/3637/3637
f 3633/3633/3633 3637/3637/3637 3634/3634/3634
f 3634/3634/3634 3637/3637/3637 3638/3638/3638
f 3635/3635/3635 3639/3639/3639 3636/3636/3636
f 3636/3636/3636 3639/3639/3639 3640/3640/3640
f 3636/3636/3636 3640/3640/3640 3637/3637/3637
f 3637/3637/3637 3640/3640/3640 3641/3641/3641
f 3637/3637/3637 3641/3641/3641 3638/3638/3638
f 3638/3638/3638 3641/3641/3641 3642/3642/3642
f 3643/3643/3643 3647/3647/3647 3644/3644/3644
f 3644/3644/3644 3647/3647/3647 3648/3648/3648
f 3644/3644/3644 3648/3648/3648 3645/3645/3645
f 3645/3645/3645 3648/3648/3648 3649/3649/3649
f 3645/3645/3645 3649/3649/3649 3646/3646/3646
f 3646/3646/3646 3649/3649/3649 3650/3650/3650
f 3647/3647/3647 3651/3651/3651 3648/3648/3648
f 3648/3648/3648 3651/3651/3651 3652/3652/3652
f 3648/3648/3648 3652/3652/3652 3649/3649/3649
f 3649/3649/3649 3652/3652/3652 3653/3653/3653
f 3649/3649/3649 3653/3653/3653 3650/3650/3650
f 3650/3650/3650 3653/3653/3653 3654/3654/3654
f 3651/3651/3651 3655/3655/3655 3652/3652/3652
f 3652/3652/3652 3655/3655/3655 3656/3656/3656
f 3652/3652/3652 3656/3656/3656 3653/3653/3653
f 3653/3653/3653 3656/3656/3656 3657/3657/3657
f 3653/3653/3653 3657/3657/3657 3654/3654/3654
f 3654/3654/3654 3657/3657/3657 3658/3658/3658
f 3659/3659/3659 3663/3663/3663 3660/3660/3660
f 3660/3660/3660 3663/3663/3663 3664/3664/3664
f 3660/3660/3660 3664/3664/3664 3661/3661/3661
f 3661/3661/3661 3664/3664/3664 3665/3665/3665
f 3661/3661/3661 3665/3665/3665 3662/3662/3662
f 3662/3662/3662 3665/3665/3665 3666/3666/3666
f 3663/3663/3663 3667/3667/3667 3664/3664/3664
f 3664/3664/3664 3667/3667/3667 3668/3668/3668
f 3664/3664/3664 3668/3668/3668 3665/3665/3665
f 3665/3665/3665 3668/3668/3668 3669/3669/3669
f 3665/3665/3665 3669/3669/3669 3666/3666/3666
f 3666/3666/3666 3669/3669/3669 3670/3670/3670
f 3667/3667/3667 3671/3671/3671 3668/3668/3668
f 3668/3668/3668 3671/3671/3671 3672/3672/3672
f 3668/3668/3668 3672/3672/3672 3669/3669/3669
f 3669/3669/3669 3672/3672/3672 3673/3673/3673
f 3669/3669/3669 3673/3673/3673 3670/3670/3670
f 3670/3670/3670 3673/3673/3673 3674/3674/3674
f 3675/3675/3675 3679/3679/3679 3676/3676/3676
f 3676/3676/3676 3679/3679/3679 3680/3680/3680
f 3676/3676/3676 3680/3680/3680 3677/3677/3677
f 3677/3677/3677 3680/3680/3680 3681/3681/3681
f 3677/3677/3677 3681/3681/3681 3678/3678/3678
f 3678/3678/3678 3681/3681/3681 3682/3682/3682
f 3679/3679/3679 3683/3683/3683 3680/3680/3680
f 3680/3680/3680 3683/3683/3683 3684/3684/3684
f 3680/3680/3680 3684/3684/3684 3681/3681/3681
f 3681/3681/3681 3684/3684/3684 3685/3685/3685
f 3681/3681/3681 3685/3685/3685 3682/3682/3682
f 3682/3682/3682 3685/3685/3685 3686/3686/3686
f 3683/3683/3683 3687/3687/3687 3684/3684/3684
f 3684/3684/3684 3687/3687/3687 3688/3688/3688
f 3684/3684/3684 3688/3688/3688 3685/3685/3685
f 3685/3685/3685 3688/3688/3688 3689/3689/3689
f 3685/3685/3685 3689/3689/3689 3686/3686/3686
f 3686/3686/3686 3689/3689/3689 3690/3690/3690
f 3691/3691/3691 3695/3695/3695 3692/3692/3692
f 3692/3692/3692 3695/3695/3695 3696/3696/3696
f 3692/3692/3692 3696/3696/3696 3693/3693/3693
f 3693/3693/3693 3696/3696/3696 3697/3697/3697
f 3693/3693/3693 3697/3697/3697 3694/3694/3694
f 3694/3694/3694 3697/3697/3697 3698/3698/3698
f 3695/3695/3695 3699/3699/3699 3696/3696/3696
f 3696/3696/3696 3699/3699/3699 3700/3700/3700
f 3696/3696/3696 3700/3700/3700 3697/3697/3697
f 3697/3697/3697 3700/3700/3700 3701/3701/3701
f 3697/3697/3697 3701/3701/3701 3698/3698/3698
f 3698/3698/3698 3701/3701/3701 3702/3702/3702
f 3699/3699/3699 3703/3703/3703 3700/3700/3700
f 3700/3700/3700 3703/3703/3703 3704/3704/3704
f 3700/3700/3700 3704/3704/3704 3701/3701/3701
f 3701/3701/3701 3704/3704/3704 3705/3705/3705
f 3701/3701/3701 3705/3705/3705 3702/3702/3702
f 3702/3702/3702 3705/3705/3705 3706/3706/3706
f 3707/3707/3707 3711/3711/3711 3708/3708/3708
f 3708/3708/3708 3711/3711/3711 3712/3712/3712
f 3708/3708/3708 3712/3712/3712 3709/3709/3709
f 3709/3709/3709 3712/3712/3712 3713/3713/3713
f 3709/3709/3709 3713/3713/3713 3710/3710/3710
f 3710/3710/3710 3713/3713/3713 3714/3714/3714
f 3711/3711/3711 3715/3715/3715 3712/3712/3712
f 3712/3712/3712 3715/3715/3715 3716/3716/3716
f 3712/3712/3712 3716/3716/3716 3713/3713/3713
f 3713/3713/3713 3716/3716/3716 3717/3717/3717
f 3713/3713/3713 3717/3717/3717 3714/3714/3714
f 3714/3714/3714 3717/3717/3717 3718/3718/3718
f 3715/3715/3715 3719/3719/3719 3716/3716/3716
f 3716/3716/3716 3719/3719/3719 3720/3720/3720
f 3716/3716/3716 3720/3720/3720 3717/3717/3717
f 3717/3717/3717 3720/3720/3720 3721/3721/3721
f 3717/3717/3717 3721/3721/3721 3718/3718/3718
f 3718/3718/3718 3721/3721/3721 3722/3722/3722
f 3723/3723/3723 3727/3727/3727 3724/3724/3724
f 3724/3724/3724 3727/3727/3727 3728/3728/3728
f 3724/3724/3724 3728/3728/3728 3725/3725/3725
f 3725/3725/3725 3728/3728/3728 3729/3729/3729
f 3725/3725/3725 3729/3729/3729 3726/3726/3726
f 3726/3726/3726 3729/3729/3729 3730/3730/3730
f 3727/3727/3727 3731/3731/3731 3728/3728/3728
f 3728/3728/3728 3731/3731/3731 3732/3732/3732
f 3728/3728/3728 3732/3732/3732 3729/3729/3729
f 3729/3729/3729 3732/3732/3732 3733/3733/3733
f 3729/3729/3729 3733/3733/3733 3730/3730/3730
f 3730/3730/3730 3733/3733/3733 3734/3734/3734
f 3731/3731/3731 3735/3735/3735 3732/3732/3732
f 3732/3732/3732 3735/3735/3735 3736/3736/3736
f 3732/3732/3732 3736/3736/3736 3733/3733/3733
f 3733/3733/3733 3736/3736/3736 3737/3737/3737
f 3733/3733/3733 3737/3737/3737 3734/3734/3734
f 3734/3734/3734 3737/3737/3737 3738/3738/3738
f 3739/3739/3739 3743/3743/3743 3740/3740/3740
f 3740/3740/3740 3743/3743/3743 3744/3744/3744
f 3740/3740/3740 3744/3744/3744 3741/3741/3741
f 3741/3741/3741 3744/3744/3744 3745/3745/3745
f 3741/3741/3741 3745/3745/3745 3742/3742/3742
f 3742/3742/3742 3745/3745/3745 3746/3746/3746
f 3743/3743/3743 3747/3747/3747 3744/3744/3744
f 3744/3744/3744 3747/3747/3747 3748/3748/3748
f 3744/3744/3744 3748/3748/3748 3745/3745/3745
f 3745/3745/3745 3748/3748/3748 3749/3749/3749
f 3745/3745/3745 3749/3749/3749 3746/3746/3746
f 3746/3746/3746 3749/3749/3749 3750/3750/3750
f 3747/3747/3747 3751/3751/3751 3748/3748/3748
f 3748/3748/3748 3751/3751/3751 3752/3752/3752
f 3748/3748/3748 3752/3752/3752 3749/3749/3749
f 3749/3749/3749 3752/3752/3752 3753/3753/3753
f 3749/3749/3749 3753/3753/3753 3750/3750/3750
f 3750/3750/3750 3753/3753/3753 3754/3754/3754
f 3755/3755/3755 3759/3759/3759 3756/3756/3756
f 3756/3756/3756 3759/3759/3759 3760/3760/3760
f 3756/3756/3756 3760/3760/3760 3757/3757/3757
f 3757/3757/3757 3760/3760/3760 3761/3761/3761
f 3757/3757/3757 3761/3761/3761 3758/3758/3758
f 3758/3758/3758 3761/3761/3761 3762/3762/3762
f 3759/3759/3759 3763/3763/3763 3760/3760/3760
f 3760/3760/3760 3763/3763/3763 3764/3764/3764
f 3760/3760/3760 3764/3764/3764 3761/3761/3761
f 3761/3761/3761 3764/3764/3764 3765/3765/3765
f 3761/3761/3761 3765/3765/3765 3762/3762/3762
f 3762/3762/3762 3765/3765/3765 3766/3766/3766
f 3763/3763/3763 3767/3767/3767 3764/3764/3764
f 3764/3764/3764 3767/3767/3767 3768/3768/3768
f 3764/3764/3764 3768/3768/3768 3765/3765/3765
f 3765/3765/3765 3768/3768/3768 3769/3769/3769
f 3765/3765/3765 3769/3769/3769 3766/3766/3766
f 3766/3766/3766 3769/3769/3769 3770/3770/3770
f 3771/3771/3771 3775/3775/3775 3772/3772/3772
f 3772/3772/3772 3775/3775/3775 3776/3776/3776
f 3772/3772/3772 3776/3776/3776 3773/3773/3773
f 3773/3773/3773 3776/3776/3776 3777/3777/3777
f 3773/3773/3773 3777/3777/3777 3774/3774/3774
f 3774/3774/3774 3777/3777/3777 3778/3778/3778
f 3775/3775/3775 3779/3779/3779 3776/3776/3776
f 3776/3776/3776 3779/3779/3779 3780/3780/3780
f 3776/3776/3776 3780/3780/3780 3777/3777/3777
f 3777/3777/3777 3780/3780/3780 3781/3781/3781
f 3777/3777/3777 3781/3781/3781 3778/3778/3778
f 3778/3778/3778 3781/3781/3781 3782/3782/3782
f 3779/3779/3779 3783/3783/3783 3780/3780/3780
f 3780/3780/3780 3783/3783/3783 3784/3784/3784
f 3780/3780/3780 3784/3784/3784 3781/3781/3781
f 3781/3781/3781 3784/3784/3784 3785/3785/3785
f 3781/3781/3781 3785/3785/3785 3782/3782/3782
f 3782/3782/3782 3785/3785/3785 3786/3786/3786
f 3787/3787/3787 3791/3791/3791 3788/3788/3788
f 3788/3788/3788 3791/3791/3791 3792/3792/3792
f 3788/3788/3788 3792/3792/3792 3789/3789/3789
f 3789/3789/3789 3792/3792/3792 3793/3793/3793
f 3789/3789/3789 3793/3793/3793 3790/3790/3790
f 3790/3790/3790 3793/3793/3793 3794/3794/3794
f 3791/3791/3791 3795/3795/3795 3792/3792/3792
f 3792/3792/3792 3795/3795/3795 3796/3796/3796
f 3792/3792/3792 3796/3796/3796 3793/3793/3793
f 3793/3793/3793 3796/3796/3796 3797/3797/3797
f 3793/3793/3793 3797/3797/3797 3794/3794/3794
f 3794/3794/3794 3797/3797/3797 3798/3798/3798
f 3795/3795/3795 3799/3799/3799 3796/3796/3796
f 3796/3796/3796 3799/3799/3799 3800/3800/3800
f 3796/3796/3796 3800/3800/3800 3797/3797/3797
f 3797/3797/3797 3800/3800/3800 3801/3801/3801
f 3797/3797/3797 3801/3801/3801 3798/3798/3798
f 3798/3798/3798 3801/3801/3801 3802/3802/3802
f 3803/3803/3803 3807/3807/3807 3804/3804/3804
f 3804/3804/3804 3807/3807/3807 3808/3808/3808
f 3804/3804/3804 3808/3808/3808 3805/3805/3805
f 3805/3805/3805 3808/3808/3808 3809/3809/3809
f 3805/3805/3805 3809/3809/3809 3806/3806/3806
f 3806/3806/3806 3809/3809/3809 3810/3810/3810
f 3807/3807/3807 3811/3811/3811 3808/3808/3808
f 3808/3808/3808 3811/3811/3811 3812/3812/3812
f 3808/3808/3808 3812/3812/3812 3809/3809/3809
f 3809/3809/3809 3812/3812/3812 3813/3813/3813
f 3809/3809/3809 3813/3813/3813 3810/3810/3810
f 3810/3810/3810 3813/3813/3813 3814/3814/3814
f 3811/3811/3811 3815/3815/3815 3812/3812/3812
f 3812/3812/3812 3815/3815/3815 3816/3816/3816
f 3812/3812/3812 3816/3816/3816 3813/3813/3813
f 3813/3813/3813 3816/3816/3816 3817/3817/3817
f 3813/3813/3813 3817/3817/3817 3814/3814/3814
f 3814/3814/3814 3817/3817/3817 3818/3818/3818
f 3819/3819/3819 3823/3823/3823 3820/3820/3820
f 3820/3820/3820 3823/3823/3823 3824/3824/3824
f 3820/3820/3820 3824/3824/3824 3821/3821/3821
f 3821/3821/3821 3824/3824/3824 3825/3825/3825
f 3821/3821/3821 3825/3825/3825 3822/3822/3822
f 3822/3822/3822 3825/3825/3825 3826/3826/3826
f 3823/3823/3823 3827/3827/3827 3824/3824/3824
f 3824/3824/3824 3827/3827/3827 3828/3828/3828
f 3824/3824/3824 3828/3828/3828 3825/3825/3825
f 3825/3825/3825 3828/3828/3828 3829/3829/3829
f 3825/3825/3825 3829/3829/3829 3826/3826/3826
f 3826/3826/3826 3829/3829/3829 3830/3830/3830
f 3827/3827/3827 3831/3831/3831 3828/3828/3828
f 3828/3828/3828 3831/3831/3831 3832/3832/3832
f 3828/3828/3828 3832/3832/3832 3829/3829/3829
f 3829/3829/3829 3832/3832/3832 3833/3833/3833
f 3829/3829/3829 3833/3833/3833 3830/3830/3830
f 3830/3830/3830 3833/3833/3833 3834/3834/3834
f 3835/3835/3835 3839/3839/3839 3836/3836/3836
f 3836/3836/3836 3839/3839/3839 3840/3840/3840
f 3836/3836/3836 3840/3840/3840 3837/3837/3837
f 3837/3837/3837 3840/3840/3840 3841/3841/3841
f 3837/3837/3837 3841/3841/3841 3838/3838/3838
f 3838/3838/3838 3841/3841/3841 3842/3842/3842
f 3839/3839/3839 3843/3843/3843 3840/3840/3840
f 3840/3840/3840 3843/3843/3843 3844/3844/3844
f 3840/3840/3840 3844/3844/3844 3841/3841/3841
f 3841/3841/3841 3844/3844/3844 3845/3845/3845
f 3841/3841/3841 3845/3845/3845 3842/3842/3842
f 3842/3842/3842 3845/3845/3845 3846/3846/3846
f 3843/3843/3843 3847/3847/3847 3844/3844/3844
f 3844/3844/3844 3847/3847/3847 3848/3848/3848
f 3844/3844/3844 3848/3848/3848 3845/3845/3845
f 3845/3845/3845 3848/3848/3848 3849/3849/3849
f 3845/3845/3845 3849/3849/3849 3846/3846/3846
f 3846/3846/3846 3849/3849/3849 3850/3850/3850
f 3851/3851/3851 3855/3855/3855 3852/3852/3852
f 3852/3852/3852 3855/3855/3855 3856/3856/3856
f 3852/3852/3852 3856/3856/3856 3853/3853/3853
f 3853/3853/3853 3856/3856/3856 3857/3857/3857
f 3853/3853/3853 3857/3857/3857 3854/3854/3854
f 3854/3854/3854 3857/3857/3857 3858/3858/3858
f 3855/3855/3855 3859/3859/3859 3856/3856/3856
f 3856/3856/3856 3859/3859/3859 3860/3860/3860
f 3856/3856/3856 3860/3860/3860 3857/3857/3857
f 3857/3857/3857 3860/3860/3860 3861/3861/3861
f 3857/3857/3857 3861/3861/3861 3858/3858/3858
f 3858/3858/3858 3861/3861/3861 3862/3862/3862
f 3859/3859/3859 3863/3863/3863 3860/3860/3860
f 3860/3860/3860 3863/3863/3863 3864/3864/3864
f 3860/3860/3860 3864/3864/3864 3861/3861/3861
f 3861/3861/3861 3864/3864/3864 3865/3865/3865
f 3861/3861/3861 3865/3865/3865 3862/3862/3862
f 3862/3862/3862 3865/3865/3865 3866/3866/3866
f 3867/3867/3867 3871/3871/3871 3868/3868/3868
f 3868/3868/3868 3871/3871/3871 3872/3872/3872
f 3868/3868/3868 3872/3872/3872 3869/3869/3869
f 3869/3869/3869 3872/3872/3872 3873/3873/3873
f 3869/3869/3869 3873/3873/3873 3870/3870/3870
f 3870/3870/3870 3873/3873/3873 3874/3874/3874
f 3871/3871/3871 3875/3875/3875 3872/3872/3872
f 3872/3872/3872 3875/3875/3875 3876/3876/3876
f 3872/3872/3872 3876/3876/3876 3873/3873/3873
f 3873/3873/3873 3876/3876/3876 3877/3877/3877
f 3873/3873/3873 3877/3877/3877 3874/3874/3874
f 3874/3874/3874 3877/3877/3877 3878/3878/3878
f 3875/3875/3875 3879/3879/3879 3876/3876/3876
f 3876/3876/3876 3879/3879/3879 3880/3880/3880
f 3876/3876/3876 3880/3880/3880 3877/3877/3877
f 3877/3877/3877 3880/3880/3880 3881/3881/3881
f 3877/3877/3877 3881/3881/3881 3878/3878/3878
f 3878/3878/3878 3881/3881/3881 3882/3882/3882
f 3883/3883/3883 3887/3887/3887 3884/3884/3884
f 3884/3884/3884 3887/3887/3887 3888/3888/3888
f 3884/3884/3884 3888/3888/3888 3885/3885/3885
f 3885/3885/3885 3888/3888/3888 3889/3889/3889
f 3885/3885/3885 3889/3889/3889 3886/3886/3886
f 3886/3886/3886 3889/3889/3889 3890/3890/3890
f 3887/3887/3887 3891/3891/3891 3888/3888/3888
f 3888/3888/3888 3891/3891/3891 3892/3892/3892
f 3888/3888/3888 3892/3892/3892 3889/3889/3889
f 3889/3889/3889 3892/3892/3892 3893/3893/3893
f 3889/3889/3889 3893/3893/3893 3890/3890/3890
f 3890/3890/3890 3893/3893/3893 3894/3894/3894
f 3891/3891/3891 3895/3895/3895 3892/3892/3892
f 3892/3892/3892 3895/3895/3895 3896/3896/3896
f 3892/3892/3892 3896/3896/3896 3893/3893/3893
f 3893/3893/3893 3896/3896/3896 3897/3897/3897
f 3893/3893/3893 3897/3897/3897 3894/3894/3894
f 3894/3894/3894 3897/3897/3897 3898/3898/3898
f 3899/3899/3899 3903/3903/3903 3900/3900/3900
f 3900/3900/3900 3903/3903/3903 3904/3904/3904
f 3900/3900/3900 3904/3904/3904 3901/3901/3901
f 3901/3901/3901 3904/3904/3904 3905/3905/3905
f 3901/3901/3901 3905/3905/3905 3902/3902/3902
f 3902/3902/3902 3905/3905/3905 3906/3906/3906
f 3903/3903/3903 3907/3907/3907 3904/3904/3904
f 3904/3904/3904 3907/3907/3907 3908/3908/3908
f 3904/3904/3904 3908/3908/3908 3905/3905/3905
f 3905/3905/3905 3908/3908/3908 3909/3909/3909
f 3905/3905/3905 3909/3909/3909 3906/3906/3906
f 3906/3906/3906 3909/3909/3909 3910/3910/3910
f 3907/3907/3907 3911/3911/3911 3908/3908/3908
f 3908/3908/3908 3911/3911/3911 3912/3912/3912
f 3908/3908/3908 3912/3912/3912 3909/3909/3909
f 3909/3909/3909 3912/3912/3912 3913/3913/3913
f 3909/3909/3909 3913/3913/3913 3910/3910/3910
f 3910/3910/3910 3913/3913/3913 3914/3914/3914
f 3915/3915/3915 3919/3919/3919 3916/3916/3916
f 3916/3916/3916 3919/3919/3919 3920/3920/3920
f 3916/3916/3916 3920/3920/3920 3917/3917/3917
f 3917/3917/3917 3920/3920/3920 3921/3921/3921
f 3917/3917/3917 3921/3921/3921 3918/3918/3918
f 3918/3918/3918 3921/3921/3921 3922/3922/3922
f 3919/3919/3919 3923/3923/3923 3920/3920/3920
f 3920/3920/3920 3923/3923/3923 3924/3924/3924
f 3920/3920/3920 3924/3924/3924 3921/3921/3921
f 3921/3921/3921 3924/3924/3924 3925/3925/3925
f 3921/3921/3921 3925/3925/3925 3922/3922/3922
f 3922/3922/3922 3925/3925/3925 3926/3926/3926
f 3923/3923/3923 3927/3927/3927 3924/3924/3924
f 3924/3924/3924 3927/3927/3927 3928/3928/3928
f 3924/3924/3924 3928/3928/3928 3925/3925/3925
f 3925/3925/3925 3928/3928/3928 3929/3929/3929
f 3925/3925/3925 3929/3929/3929 3926/3926/3926
f 3926/3926/3926 3929/3929/3929 3930/3930/3930
f 3931/3931/3931 3935/3935/3935 3932/3932/3932
f 3932/3932/3932 3935/3935/3935 3936/3936/3936
f 3932/3932/3932 3936/3936/3936 3933/3933/3933
f 3933/3933/3933 3936/3936/3936 3937/3937/3937
f 3933/3933/3933 3937/3937/3937 3934/3934/3934
f 3934/3934/3934 3937/3937/3937 3938/3938/3938
f 3935/3935/3935 3939/3939/3939 3936/3936/3936
f 3936/3936/3936 3939/3939/3939 3940/3940/3940
f 3936/3936/3936 3940/3940/3940 3937/3937/3937
f 3937/3937/3937 3940/3940/3940 3941/3941/3941
f 3937/3937/3937 3941/3941/3941 3938/3938/3938
f 3938/3938/3938 3941/3941/3941 3942/3942/3942
f 3939/3939/3939 3943/3943/3943 3940/3940/3940
f 3940/3940/3940 3943/3943/3943 3944/3944/3944
f 3940/3940/3940 3944/3944/3944 3941/3941/3941
f 3941/3941/3941 3944/3944/3944 3945/3945/3945
f 3941/3941/3941 3945/3945/3945 3942/3942/3942
f 3942/3942/3942 3945/3945/3945 3946/3946/3946
f 3947/3947/3947 3951/3951/3951 3948/3948/3948
f 3948/3948/3948 3951/3951/3951 3952/3952/3952
f 3948/3948/3948 3952/3952/3952 3949/3949/3949
f 3949/3949/3949 3952/3952/3952 3953/3953/3953
f 3949/3949/3949 3953/3953/3953 3950/3950/3950
f 3950/3950/3950 3953/3953/3953 3954/3954/3954
f 3951/3951/3951 3955/3955/3955 3952/3952/3952
f 3952/3952/3952 3955/3955/3955 3956/3956/3956
f 3952/3952/3952 3956/3956/3956 3953/3953/3953
f 3953/3953/3953 3956/3956/3956 3957/3957/3957
f 3953/3953/3953 3957/3957/3957 3954/3954/3954
f 3954/3954/3954 3957/3957/3957 3958/3958/3958
f 3955/3955/3955 3959/3959/3959 3956/3956/3956
f 3956/3956/3956 3959/3959/3959 3960/3960/3960
f 3956/3956/3956 3960/3960/3960 3957/3957/3957
f 3957/3957/3957 3960/3960/3960 3961/3961/3961
f 3957/3957/3957 3961/3961/3961 3958/3958/3958
f 3958/3958/3958 3961/3961/3961 3962/3962/3962
f 3963/3963/3963 3967/3967/3967 3964/3964/3964
f 3964/3964/3964 3967/3967/3967 3968/3968/3968
f 3964/3964/3964 3968/3968/3968 3965/3965/3965
f 3965/3965/3965 3968/3968/3968 3969/3969/3969
f 3965/3965/3965 3969/3969/3969 3966/3966/3966
f 3966/3966/3966 3969/3969/3969 3970/3970/3970
f 3967/3967/3967 3971/3971/3971 3968/3968/3968
f 3968/3968/3968 3971/3971/3971 3972/3972/3972
f 3968/3968/3968 3972/3972/3972 3969/3969/3969
f 3969/3969/3969 3972/3972/3972 3973/3973/3973
f 3969/3969/3969 3973/3973/3973 3970/3970/3970
f 3970/3970/3970 3973/3973/3973 3974/3974/3974
f 3971/3971/3971 3975/3975/3975 3972/3972/3972
f 3972/3972/3972 3975/3975/3975 3976/3976/3976
f 3972/3972/3972 3976/3976/3976 3973/3973/3973
f 3973/3973/3973 3976/3976/3976 3977/3977/3977
f 3973/3973/3973 3977/3977/3977 3974/3974/3974
f 3974/3974/3974 3977/3977/3977 3978/3978/3978
f 3979/3979/3979 3983/3983/3983 3980/3980/3980
f 3980/3980/3980 3983/3983/3983 3984/3984/3984
f 3980/3980/3980 3984/3984/3984 3981/3981/3981
f 3981/3981/3981 3984/3984/3984 3985/3985/3985
f 3981/3981/3981 3985/3985/3985 3982/3982/3982
f 3982/3982/3982 3985/3985/3985 3986/3986/3986
f 3983/3983/3983 3987/3987/3987 3984/3984/3984
f 3984/3984/3984 3987/3987/3987 3988/3988/3988
f 3984/3984/3984 3988/3988/3988 3985/3985/3985
f 3985/3985/3985 3988/3988/3988 3989/3989/3989
f 3985/3985/3985 3989/3989/3989 3986/3986/3986
f 3986/3986/3986 3989/3989/3989 3990/3990/3990
f 3987/3987/3987 3991/3991/3991 3988/3988/3988
f 3988/3988/3988 3991/3991/3991 3992/3992/3992
f 3988/3988/3988 3992/3992/3992 3989/3989/3989
f 3989/3989/3989 3992/3992/3992 3993/3993/3993
f 3989/3989/3989 3993/3993/3993 3990/3990/3990
f 3990/3990/3990 3993/3993/3993 3994/3994/3994
f 3995/3995/3995 3999/3999/3999 3996/3996/3996
f 3996/3996/3996 3999/3999/3999 4000/4000/4000
f 3996/3996/3996 4000/4000/4000 3997/3997/3997
f 3997/3997/3997 4000/4000/4000 4001/4001/4001
f 3997/3997/3997 4001/4001/4001 3998/3998/3998
f 3998/3998/3998 4001/4001/4001 4002/4002/4002
f 3999/3999/3999 4003/4003/4003 4000/4000/4000
f 4000/4000/4000 4003/4003/4003 4004/4004/4004
f 4000/4000/4000 4004/4004/4004 4001/4001/4001
f 4001/4001/4001 4004/4004/4004 4005/4005/4005
f 4001/4001/4001 4005/4005/4005 4002/4002/4002
f 4002/4002/4002 4005/4005/4005 4006/4006/4006
f 4003/4003/4003 4007/4007/4007 4004/4004/4004
f 4004/4004/4004 4007/4007/4007 4008/4008/4008
f 4004/4004/4004 4008/4008/4008 4005/4005/4005
f 4005/4005/4005 4008/4008/4008 4009/4009/4009
f 4005/4005/4005 4009/4009/4009 4006/4006/4006
f 4006/4006/4006 4009/4009/4009 4010/4010/4010
f 4011/4011/4011 4015/4015/4015 4012/4012/4012
f 4012/4012/4012 4015/4015/4015 4016/4016/4016
f 4012/4012/4012 4016/4016/4016 4013/4013/4013
f 4013/4013/4013 4016/4016/4016 4017/4017/4017
f 4013/4013/4013 4017/4017/4017 4014/4014/4014
f 4014/4014/4014 4017/4017/4017 4018/4018/4018
f 4015/4015/4015 4019/4019/4019 4016/4016/4016
f 4016/4016/4016 4019/4019/4019 4020/4020/4020
f 4016/4016/4016 4020/4020/4020 4017/4017/4017
f 4017/4017/4017 4020/4020/4020 4021/4021/4021
f 4017/4017/4017 4021/4021/4021 4018/4018/4018
f 4018/4018/4018 4021/4021/4021 4022/4022/4022
f 4019/4019/4019 4023/4023/4023 4020/4020/4020
f 4020/4020/4020 4023/4023/4023 4024/4024/4024
f 4020/4020/4020 4024/4024/4024 4021/4021/4021
f 4021/4021/4021 4024/4024/4024 4025/4025/4025
f 4021/4021/4021 4025/4025/4025 4022/4022/4022
f 4022/4022/4022 4025/4025/4025 4026/4026/4026
f 4027/4027/4027 4031/4031/4031 4028/4028/4028
f 4028/4028/4028 4031/4031/4031 4032/4032/4032
f 4028/4028/4028 4032/4032/4032 4029/4029/4029
f 4029/4029/4029 4032/4032/4032 4033/4033/4033
f 4029/4029/4029 4033/4033/4033 4030/4030/4030
f 4030/4030/4030 4033/4033/4033 4034/4034/4034
f 4031/4031/4031 4035/4035/4035 4032/4032/4032
f 4032/4032/4032 4035/4035/4035 4036/4036/4036
f 4032/4032/4032 4036/4036/4036 4033/4033/4033
f 4033/4033/4033 4036/4036/4036 4037/4037/4037
f 4033/4033/4033 4037/4037/4037 4034/4034/4034
f 4034/4034/4034 4037/4037/4037 4038/4038/4038
f 4035/4035/4035 4039/4039/4039 4036/4036/4036
f 4036/4036/4036 4039/4039/4039 4040/4040/4040
f 4036/4036/4036 4040/4040/4040 4037/4037/4037
f 4037/4037/4037 4040/4040/4040 4041/4041/4041
f 4037/4037/4037 4041/4041/4041 4038/4038/4038
f 4038/4038/4038 4041/4041/4041 4042/4042/4042
f 4043/4043/4043 4047/4047/4047 4044/4044/4044
f 4044/4044/4044 4047/4047/4047 4048/4048/4048
f 4044/4044/4044 4048/4048/4048 4045/4045/4045
f 4045/4045/4045 4048/4048/4048 4049/4049/4049
f 4045/4045/4045 4049/4049/4049 4046/4046/4046
f 4046/4046/4046 4049/4049/4049 4050/4050/4050
f 4047/4047/4047 4051/4051/4051 4048/4048/4048
f 4048/4048/4048 4051/4051/4051 4052/4052/4052
f 4048/4048/4048 4052/4052/4052 4049/4049/4049
f 4049/4049/4049 4052/4052/4052 4053/4053/4053
f 4049/4049/4049 4053/4053/4053 4050/4050/4050
f 4050/4050/4050 4053/4053/4053 4054/4054/4054
f 4051/4051/4051 4055/4055/4055 4052/4052/4052
f 4052/4052/4052 4055/4055/4055 4056/4056/4056
f 4052/4052/4052 4056/4056/4056 4053/4053/4053
f 4053/4053/4053 4056/4056/4056 4057/4057/4057
f 4053/4053/4053 4057/4057/4057 4054/4054/4054
f 4054/4054/4054 4057/4057/4057 4058/4058/4058
f 4059/4059/4059 4063/4063/4063 4060/4060/4060
f 4060/4060/4060 4063/4063/4063 4064/4064/4064
f 4060/4060/4060 4064/4064/4064 4061/4061/4061
f 4061/4061/4061 4064/4064/4064 4065/4065/4065
f 4061/4061/4061 4065/4065/4065 4062/4062/4062
f 4062/4062/4062 4065/4065/4065 4066/4066/4066
f 4063/4063/4063 4067/4067/4067 4064/4064/4064
f 4064/4064/4064 4067/4067/4067 4068/4068/4068
f 4064/4064/4064 4068/4068/4068 4065/4065/4065
f 4065/4065/4065 4068/4068/4068 4069/4069/4069
f 4065/4065/4065 4069/4069/4069 4066/4066/4066
f 4066/4066/4066 4069/4069/4069 4070/4070/4070
f 4067/4067/4067 4071/4071/4071 4068/4068/4068
f 4068/4068/4068 4071/4071/4071 4072/4072/4072
f 4068/4068/4068 4072/4072/4072 4069/4069/4069
f 4069/4069/4069 4072/4072/4072 4073/4073/4073
f 4069/4069/4069 4073/4073/4073 4070/4070/4070
f 4070/4070/4070 4073/4073/4073 4074/4074/4074
f 4075/4075/4075 4079/4079/4079 4076/4076/4076
f 4076/4076/4076 4079/4079/4079 4080/4080/4080
f 4076/4076/4076 4080/4080/4080 4077/4077/4077
f 4077/4077/4077 4080/4080/4080 4081/4081/4081
f 4077/4077/4077 4081/4081/4081 4078/4078/4078
f 4078/4078/4078 4081/4081/4081 4082/4082/4082
f 4079/4079/4079 4083/4083/4083 4080/4080/4080
f 4080/4080/4080 4083/4083/4083 4084/4084/4084
f 4080/4080/4080 4084/4084/4084 4081/4081/4081
f 4081/4081/4081 4084/4084/4084 4085/4085/4085
f 4081/4081/4081 4085/4085/4085 4082/4082/4082
f 4082/4082/4082 4085/4085/4085 4086/4086/4086
f 4083/4083/4083 4087/4087/4087 4084/4084/4084
f 4084/4084/4084 4087/4087/4087 4088/4088/4088
f 4084/4084/4084 4088/4088/4088 4085/4085/4085
f 4085/4085/4085 4088/4088/4088 4089/4089/4089
f 4085/4085/4085 4089/4089/4089 4086/4086/4086
f 4086/4086/4086 4089/4089/4089 4090/4090/4090
f 4091/4091/4091 4095/4095/4095 4092/4092/4092
f 4092/4092/4092 4095/4095/4095 4096/4096/4096
f 4092/4092/4092 4096/4096/4096 4093/4093/4093
f 4093/4093/4093 4096/4096/4096 4097/4097/4097
f 4093/4093/4093 4097/4097/4097 4094/4094/4094
f 4094/4094/4094 4097/4097/4097 4098/4098/4098
f 4095/4095/4095 4099/4099/4099 4096/4096/4096
f 4096/4096/4096 4099/4099/4099 4100/4100/4100
f 4096/4096/4096 4100/4100/4100 4097/4097/4097
f 4097/4097/4097 4100/4100/4100 4101/4101/4101
f 4097/4097/4097 4101/4101/4101 4098/4098/4098
f 4098/4098/4098 4101/4101/4101 4102/4102/4102
f 4099/4099/4099 4103/4103/4103 4100/4100/4100
f 4100/4100/4100 4103/4103/4103 4104/4104/4104
f 4100/4100/4100 4104/4104/4104 4101/4101/4101
f 4101/4101/4101 4104/4104/4104 4105/4105/4105
f 4101/4101/4101 4105/4105/4105 4102/4102/4102
f 4102/4102/4102 4105/4105/4105 4106/4106/4106
f 4107/4107/4107 4111/4111/4111 4108/4108/4108
f 4108/4108/4108 4111/4111/4111 4112/4112/4112
f 4108/4108/4108 4112/4112/4112 4109/4109/4109
f 4109/4109/4109 4112/4112/4112 4113/4113/4113
f 4109/4109/4109 4113/4113/4113 4110/4110/4110
f 4110/4110/4110 4113/4113/4113 4114/4114/4114
f 4111/4111/4111 4115/4115/4115 4112/4112/4112
f 4112/4112/4112 4115/4115/4115 4116/4116/4116
f 4112/4112/4112 4116/4116/4116 4113/4113/4113
f 4113/4113/4113 4116/4116/4116 4117/4117/4117
f 4113/4113/4113 4117/4117/4117 4114/4114/4114
f 4114/4114/4114 4117/4117/4117 4118/4118/4118
f 4115/4115/4115 4119/4119/4119 4116/4116/4116
f 4116/4116/4116 4119/4119/4119 4120/4120/4120
f 4116/4116/4116 4120/4120/4120 4117/4117/4117
f 4117/4117/4117 4120/4120/4120 4121/4121/4121
f 4117/4117/4117 4121/4121/4121 4118/4118/4118
f 4118/4118/4118 4121/4121/4121 4122/4122/4122
f 4123/4123/4123 4127/4127/4127 4124/4124/4124
f 4124/4124/4124 4127/4127/4127 4128/4128/4128
f 4124/4124/4124 4128/4128/4128 4125/4125/4125
f 4125/4125/4125 4128/4128/4128 4129/4129/4129
f 4125/4125/4125 4129/4129/4129 4126/4126/4126
f 4126/4126/4126 4129/4129/4129 4130/4130/4130
f 4127/4127/4127 4131/4131/4131 4128/4128/4128
f 4128/4128/4128 4131/4131/4131 4132/4132/4132
f 4128/4128/4128 4132/4132/4132 4129/4129/4129
f 4129/4129/4129 4132/4132/4132 4133/4133/4133
f 4129/4129/4129 4133/4133/4133 4130/4130/4130
f 4130/4130/4130 4133/4133/4133 4134/4134/4134
f 4131/4131/4131 4135/4135/4135 4132/4132/4132
f 4132/4132/4132 4135/4135/4135 4136/4136/4136
f 4132/4132/4132 4136/4136/4136 4133/4133/4133
f 4133/4133/4133 4136/4136/4136 4137/4137/4137
f 4133/4133/4133 4137/4137/4137 4134/4134/4134
f 4134/4134/4134 4137/4137/4137 4138/4138/4138
f 4139/4139/4139 4143/4143/4143 4140/4140/4140
f 4140/4140/4140 4143/4143/4143 4144/4144/4144
f 4140/4140/4140 4144/4144/4144 4141/4141/4141
f 4141/4141/4141 4144/4144/4144 4145/4145/4145
f 4141/4141/4141 4145/4145/4145 4142/4142/4142
f 4142/4142/4142 4145/4145/4145 4146/4146/4146
f 4143/4143/4143 4147/4147/4147 4144/4144/4144
f 4144/4144/4144 4147/4147/4147 4148/4148/4148
f 4144/4144/4144 4148/4148/4148 4145/4145/4145
f 4145/4145/4145 4148/4148/4148 4149/4149/4149
f 4145/4145/4145 4149/4149/4149 4146/4146/4146
f 4146/4146/4146 4149/4149/4149 4150/4150/4150
f 4147/4147/4147 4151/4151/4151 4148/4148/4148
f 4148/4148/4148 4151/4151/4151 4152/4152/4152
f 4148/4148/4148 4152/4152/4152 4149/4149/4149
f 4149/4149/4149 4152/4152/4152 4153/4153/4153
f 4149/4149/4149 4153/4153/4153 4150/4150/4150
f 4150/4150/4150 4153/4153/4153 4154/4154/4154
f 4155/4155/4155 4159/4159/4159 4156/4156/4156
f 4156/4156/4156 4159/4159/4159 4160/4160/4160
f 4156/4156/4156 4160/4160/4160 4157/4157/4157
f 4157/4157/4157 4160/4160/4160 4161/4161/4161
f 4157/4157/4157 4161/4161/4161 4158/4158/4158
f 4158/4158/4158 4161/4161/4161 4162/4162/4162
f 4159/4159/4159 4163/4163/4163 4160/4160/4160
f 4160/4160/4160 4163/4163/4163 4164/4164/4164
f 4160/4160/4160 4164/4164/4164 4161/4161/4161
f 4161/4161/4161 4164/4164/4164 4165/4165/4165
f 4161/4161/4161 4165/4165/4165 4162/4162/4162
f 4162/4162/4162 4165/4165/4165 4166/4166/4166
f 4163/4163/4163 4167/4167/4167 4164/4164/4164
f 4164/4164/4164 4167/4167/4167 4168/4168/4168
f 4164/4164/4164 4168/4168/4168 4165/4165/4165
f 4165/4165/4165 4168/4168/4168 4169/4169/4169
f 4165/4165/4165 4169/4169/4169 4166/4166/4166
f 4166/4166/4166 4169/4169/4169 4170/4170/4170
f 4171/4171/4171 4175/4175/4175 4172/4172/4172
f 4172/4172/4172 4175/4175/4175 4176/4176/4176
f 4172/4172/4172 4176/4176/4176 4173/4173/4173
f 4173/4173/4173 4176/4176/4176 4177/4177/4177
f 4173/4173/4173 4177/4177/4177 4174/4174/4174
f 4174/4174/4174 4177/4177/4177 4178/4178/4178
f 4175/4175/4175 4179/4179/4179 4176/4176/4176
f 4176/4176/4176 4179/4179/4179 4180/4180/4180
f 4176/4176/4176 4180/4180/4180 4177/4177/4177
f 4177/4177/4177 4180/4180/4180 4181/4181/4181
f 4177/4177/4177 4181/4181/4181 4178/4178/4178
f 4178/4178/4178 4181/4181/4181 4182/4182/4182
f 4179/4179/4179 4183/4183/4183 4180/4180/4180
f 4180/4180/4180 4183/4183/4183 4184/4184/4184
f 4180/4180/4180 4184/4184/4184 4181/4181/4181
f 4181/4181/4181 4184/4184/4184 4185/4185/4185
f 4181/4181/4181 4185/4185/4185 4182/4182/4182
f 4182/4182/4182 4185/4185/4185 4186/4186/4186
f 4187/4187/4187 4191/4191/4191 4188/4188/4188
f 4188/4188/4188 4191/4191/4191 4192/4192/4192
f 4188/4188/4188 4192/4192/4192 4189/4189/4189
f 4189/4189/4189 4192/4192/4192 4193/4193/4193
f 4189/4189/4189 4193/4193/4193 4190/4190/4190
f 4190/4190/4190 4193/4193/4193 4194/4194/4194
f 4191/4191/4191 4195/4195/4195 4192/4192/4192
f 4192/4192/4192 4195/4195/4195 4196/4196/4196
f 4192/4192/4192 4196/4196/4196 4193/4193/4193
f 4193/4193/4193 4196/4196/4196 4197/4197/4197
f 4193/4193/4193 4197/4197/4197 4194/4194/4194
f 4194/4194/4194 4197/4197/4197 4198/4198/4198
f 4195/4195/4195 4199/4199/4199 4196/4196/4196
f 4196/4196/4196 4199/4199/4199 4200/4200/4200
f 4196/4196/4196 4200/4200/4200 4197/4197/4197
f 4197/4197/4197 4200/4200/4200 4201/4201/4201
f 4197/4197/4197 4201/4201/4201 4198/4198/4198
f 4198/4198/4198 4201/4201/4201 4202/4202/4202
f 4203/4203/4203 4207/4207/4207 4204/4204/4204
f 4204/4204/4204 4207/4207/4207 4208/4208/4208
f 4204/4204/4204 4208/4208/4208 4205/4205/4205
f 4205/4205/4205 4208/4208/4208 4209/4209/4209
f 4205/4205/4205 4209/4209/4209 4206/4206/4206
f 4206/4206/4206 4209/4209/4209 4210/4210/4210
f 4207/4207/4207 4211/4211/4211 4208/4208/4208
f 4208/4208/4208 4211/4211/4211 4212/4212/4212
f 4208/4208/4208 4212/4212/4212 4209/4209/4209
f 4209/4209/4209 4212/4212/4212 4213/4213/4213
f 4209/4209/4209 4213/4213/4213 4210/4210/4210
f 4210/4210/4210 4213/4213/4213 4214/4214/4214
f 4211/4211/4211 4215/4215/4215 4212/4212/4212
f 4212/4212/4212 4215/4215/4215 4216/4216/4216
f 4212/4212/4212 4216/4216/4216 4213/4213/4213
f 4213/4213/4213 4216/4216/4216 4217/4217/4217
f 4213/4213/4213 4217/4217/4217 4214/4214/4214
f 4214/4214/4214 4217/4217/4217 4218/4218/4218
f 4219/4219/4219 4223/4223/4223 4220/4220/4220
f 4220/4220/4220 4223/4223/4223 4224/4224/4224
f 4220/4220/4220 4224/4224/4224 4221/4221/4221
f 4221/4221/4221 4224/4224/4224 4225/4225/4225
f 4221/4221/4221 4225/4225/4225 4222/4222/4222
f 4222/4222/4222 4225/4225/4225 4226/4226/4226
f 4223/4223/4223 4227/4227/4227 4224/4224/4224
f 4224/4224/4224 4227/4227/4227 4228/4228/4228
f 4224/4224/4224 4228/4228/4228 4225/4225/4225
f 4225/4225/4225 4228/4228/4228 4229/4229/4229
f 4225/4225/4225 4229/4229/4229 4226/4226/4226
f 4226/4226/4226 4229/4229/4229 4230/4230/4230
f 4227/4227/4227 4231/4231/4231 4228/4228/4228
f 4228/4228/4228 4231/4231/4231 4232/4232/4232
f 4228/4228/4228 4232/4232/4232 4229/4229/4229
f 4229/4229/4229 4232/4232/4232 4233/4233/4233
f 4229/4229/4229 4233/4233/4233 4230/4230/4230
f 4230/4230/4230 4233/4233/4233 4234/4234/4234
f 4235/4235/4235 4239/4239/4239 4236/4236/4236
f 4236/4236/4236 4239/4239/4239 4240/4240/4240
f 4236/4236/4236 4240/4240/4240 4237/4237/4237
f 4237/4237/4237 4240/4240/4240 4241/4241/4241
f 4237/4237/4237 4241/4241/4241 4238/4238/4238
f 4238/4238/4238 4241/4241/4241 4242/4242/4242
f 4239/4239/4239 4243/4243/4243 4240/4240/4240
f 4240/4240/4240 4243/4243/4243 4244/4244/4244
f 4240/4240/4240 4244/4244/4244 4241/4241/4241
f 4241/4241/4241 4244/4244/4244 4245/4245/4245
f 4241/4241/4241 4245/4245/4245 4242/4242/4242
f 4242/4242/4242 4245/4245/4245 4246/4246/4246
f 4243/4243/4243 4247/4247/4247 4244/4244/4244
f 4244/4244/4244 4247/4247/4247 4248/4248/4248
f 4244/4244/4244 4248/4248/4248 4245/4245/4245
f 4245/4245/4245 4248/4248/4248 4249/4249/4249
f 4245/4245/4245 4249/4249/4249 4246/4246/4246
f 4246/4246/4246 4249/4249/4249 4250/4250/4250
f 4251/4251/4251 4255/4255/4255 4252/4252/4252
f 4252/4252/4252 4255/4255/4255 4256/4256/4256
f 4252/4252/4252 4256/4256/4256 4253/4253/4253
f 4253/4253/4253 4256/4256/4256 4257/4257/4257
f 4253/4253/4253 4257/4257/4257 4254/4254/4254
f 4254/4254/4254 4257/4257/4257 4258/4258/4258
f 4255/4255/4255 4259/4259/4259 4256/4256/4256
f 4256/4256/4256 4259/4259/4259 4260/4260/4260
f 4256/4256/4256 4260/4260/4260 4257/4257/4257
f 4257/4257/4257 4260/4260/4260 4261/4261/4261
f 4257/4257/4257 4261/4261/4261 4258/4258/4258
f 4258/4258/4258 4261/4261/4261 4262/4262/4262
f 4259/4259/4259 4263/4263/4263 4260/4260/4260
f 4260/4260/4260 4263/4263/4263 4264/4264/4264
f 4260/4260/4260 4264/4264/4264 4261/4261/4261
f 4261/4261/4261 4264/4264/4264 4265/4265/4265
f 4261/4261/4261 4265/4265/4265 4262/4262/4262
f 4262/4262/4262 4265/4265/4265 4266/4266/4266
f 4267/4267/4267 4271/4271/4271 4268/4268/4268
f 4268/4268/4268 4271/4271/4271 4272/4272/4272
f 4268/4268/4268 4272/4272/4272 4269/4269/4269
f 4269/4269/4269 4272/4272/4272 4273/4273/4273
f 4269/4269/4269 4273/4273/4273 4270/4270/4270
f 4270/4270/4270 4273/4273/4273 4274/4274/4274
f 4271/4271/4271 4275/4275/4275 4272/4272/4272
f 4272/4272/4272 4275/4275/4275 4276/4276/4276
f 4272/4272/4272 4276/4276/4276 4273/4273/4273
f 4273/4273/4273 4276/4276/4276 4277/4277/4277
f 4273/4273/4273 4277/4277/4277 4274/4274/4274
f 4274/4274/4274 4277/4277/4277 4278/4278/4278
f 4275/4275/4275 4279/4279/4279 4276/4276/4276
f 4276/4276/4276 4279/4279/4279 4280/4280/4280
f 4276/4276/4276 4280/4280/4280 4277/4277/4277
f 4277/4277/4277 4280/4280/4280 4281/4281/4281
f 4277/4277/4277 4281/4281/4281 4278/4278/4278
f 4278/4278/4278 4281/4281/4281 4282/4282/4282
f 4283/4283/4283 4287/4287/4287 4284/4284/4284
f 4284/4284/4284 4287/4287/4287 4288/4288/4288
f 4284/4284/4284 4288/4288/4288 4285/4285/4285
f 4285/4285/4285 4288/4288/4288 4289/4289/4289
f 4285/4285/4285 4289/4289/4289 4286/4286/4286
f 4286/4286/4286 4289/4289/4289 4290/4290/4290
f 4287/4287/4287 4291/4291/4291 4288/4288/4288
f 4288/4288/4288 4291/4291/4291 4292/4292/4292
f 4288/4288/4288 4292/4292/4292 4289/4289/4289
f 4289/4289/4289 4292/4292/4292 4293/4293/4293
f 4289/4289/4289 4293/4293/4293 4290/4290/4290
f 4290/4290/4290 4293/4293/4293 4294/4294/4294
f 4291/4291/4291 4295/4295/4295 4292/4292/4292
f 4292/4292/4292 4295/4295/4295 4296/4296/4296
f 4292/4292/4292 4296/4296/4296 4293/4293/4293
f 4293/4293/4293 4296/4296/4296 4297/4297/4297
f 4293/4293/4293 4297/4297/4297 4294/4294/4294
f 4294/4294/4294 4297/4297/4297 4298/4298/4298
f 4299/4299/4299 4303/4303/4303 4300/4300/4300
f 4300/4300/4300 4303/4303/4303 4304/4304/4304
f 4300/4300/4300 4304/4304/4304 4301/4301/4301
f 4301/4301/4301 4304/4304/4304 4305/4305/4305
f 4301/4301/4301 4305/4305/4305 4302/4302/4302
f 4302/4302/4302 4305/4305/4305 4306/4306/4306
f 4303/4303/4303 4307/4307/4307 4304/4304/4304
f 4304/4304/4304 4307/4307/4307 4308/4308/4308
f 4304/4304/4304 4308/4308/4308 4305/4305/4305
f 4305/4305/4305 4308/4308/4308 4309/4309/4309
f 4305/4305/4305 4309/4309/4309 4306/4306/4306
f 4306/4306/4306 4309/4309/4309 4310/4310/4310
f 4307/4307/4307 4311/4311/4311 4308/4308/4308
f 4308/4308/4308 4311/4311/4311 4312/4312/4312
f 4308/4308/4308 4312/4312/4312 4309/4309/4309
f 4309/4309/4309 4312/4312/4312 4313/4313/4313
f 4309/4309/4309 4313/4313/4313 4310/4310/4310
f 4310/4310/4310 4313/4313/4313 4314/4314/4314
f 4315/4315/4315 4319/4319/4319 4316/4316/4316
f 4316/4316/4316 4319/4319/4319 4320/4320/4320
f 4316/4316/4316 4320/4320/4320 4317/4317/4317
f 4317/4317/4317 4320/4320/4320 4321/4321/4321
f 4317/4317/4317 4321/4321/4321 4318/4318/4318
f 4318/4318/4318 4321/4321/4321 4322/4322/4322
f 4319/4319/4319 4323/4323/4323 4320/4320/4320
f 4320/4320/4320 4323/4323/4323 4324/4324/4324
f 4320/4320/4320 4324/4324/4324 4321/4321/4321
f 4321/4321/4321 4324/4324/4324 4325/4325/4325
f 4321/4321/4321 4325/4325/4325 4322/4322/4322
f 4322/4322/4322 4325/4325/4325 4326/4326/4326
f 4323/4323/4323 4327/4327/4327 4324/4324/4324
f 4324/4324/4324 4327/4327/4327 4328/4328/4328
f 4324/4324/4324 4328/4328/4328 4325/4325/4325
f 4325/4325/4325 4328/4328/4328 4329/4329/4329
f 4325/4325/4325 4329/4329/4329 4326/4326/4326
f 4326/4326/4326 4329/4329/4329 4330/4330/4330
f 4331/4331/4331 4335/4335/4335 4332/4332/4332
f 4332/4332/4332 4335/4335/4335 4336/4336/4336
f 4332/4332/4332 4336/4336/4336 4333/4333/4333
f 4333/4333/4333 4336/4336/4336 4337/4337/4337
f 4333/4333/4333 4337/4337/4337 4334/4334/4334
f 4334/4334/4334 4337/4337/4337 4338/4338/4338
f 4335/4335/4335 4339/4339/4339 4336/4336/4336
f 4336/4336/4336 4339/4339/4339 4340/4340/4340
f 4336/4336/4336 4340/4340/4340 4337/4337/4337
f 4337/4337/4337 4340/4340/4340 4341/4341/4341
f 4337/4337/4337 4341/4341/4341 4338/4338/4338
f 4338/4338/4338 4341/4341/4341 4342/4342/4342
f 4339/4339/4339 4343/4343/4343 4340/4340/4340
f 4340/4340/4340 4343/4343/4343 4344/4344/4344
f 4340/4340/4340 4344/4344/4344 4341/4341/4341
f 4341/4341/4341 4344/4344/4344 4345/4345/4345
f 4341/4341/4341 4345/4345/4345 4342/4342/4342
f 4342/4342/4342 4345/4345/4345 4346/4346/4346
f 4347/4347/4347 4351/4351/4351 4348/4348/4348
f 4348/4348/4348 4351/4351/4351 4352/4352/4352
f 4348/4348/4348 4352/4352/4352 4349/4349/4349
f 4349/4349/4349 4352/4352/4352 4353/4353/4353
f 4349/4349/4349 4353/4353/4353 4350/4350/4350
f 4350/4350/4350 4353/4353/4353 4354/4354/4354
f 4351/4351/4351 4355/4355/4355 4352/4352/4352
f 4352/4352/4352 4355/4355/4355 4356/4356/4356
f 4352/4352/4352 4356/4356/4356 4353/4353/4353
f 4353/4353/4353 4356/4356/4356 4357/4357/4357
f 4353/4353/4353 4357/4357/4357 4354/4354/4354
f 4354/4354/4354 4357/4357/4357 4358/4358/4358
f 4355/4355/4355 4359/4359/4359 4356/4356/4356
f 4356/4356/4356 4359/4359/4359 4360/4360/4360
f 4356/4356/4356 4360/4360/4360 4357/4357/4357
f 4357/4357/4357 4360/4360/4360 4361/4361/4361
f 4357/4357/4357 4361/4361/4361 4358/4358/4358
f 4358/4358/4358 4361/4361/4361 4362/4362/4362
f 4363/4363/4363 4367/4367/4367 4364/4364/4364
f 4364/4364/4364 4367/4367/4367 4368/4368/4368
f 4364/4364/4364 4368/4368/4368 4365/4365/4365
f 4365/4365/4365 4368/4368/4368 4369/4369/4369
f 4365/4365/4365 4369/4369/4369 4366/4366/4366
f 4366/4366/4366 4369/4369/4369 4370/4370/4370
f 4367/4367/4367 4371/4371/4371 4368/4368/4368
f 4368/4368/4368 4371/4371/4371 4372/4372/4372
f 4368/4368/4368 4372/4372/4372 4369/4369/4369
f 4369/4369/4369 4372/4372/4372 4373/4373/4373
f 4369/4369/4369 4373/4373/4373 4370/4370/4370
f 4370/4370/4370 4373/4373/4373 4374/4374/4374
f 4371/4371/4371 4375/4375/4375 4372/4372/4372
f 4372/4372/4372 4375/4375/4375 4376/4376/4376
f 4372/4372/4372 4376/4376/4376 4373/4373/4373
f 4373/4373/4373 4376/4376/4376 4377/4377/4377
f 4373/4373/4373 4377/4377/4377 4374/4374/4374
f 4374/4374/4374 4377/4377/4377 4378/4378/4378
f 4379/4379/4379 4383/4383/4383 4380/4380/4380
f 4380/4380/4380 4383/4383/4383 4384/4384/4384
f 4380/4380/4380 4384/4384/4384 4381/4381/4381
f 4381/4381/4381 4384/4384/4384 4385/4385/4385
f 4381/4381/4381 4385/4385/4385 4382/4382/4382
f 4382/4382/4382 4385/4385/4385 4386/4386/4386
f 4383/4383/4383 4387/4387/4387 4384/4384/4384
f 4384/4384/4384 4387/4387/4387 4388/4388/4388
f 4384/4384/4384 4388/4388/4388 4385/4385/4385
f 4385/4385/4385 4388/4388/4388 4389/4389/4389
f 4385/4385/4385 4389/4389/4389 4386/4386/4386
f 4386/4386/4386 4389/4389/4389 4390/4390/4390
f 4387/4387/4387 4391/4391/4391 4388/4388/4388
f 4388/4388/4388 4391/4391/4391 4392/4392/4392
f 4388/4388/4388 4392/4392/4392 4389/4389/4389
f 4389/4389/4389 4392/4392/4392 4393/4393/4393
f 4389/4389/4389 4393/4393/4393 4390/4390/4390
f 4390/4390/4390 4393/4393/4393 4394/4394/4394
f 4395/4395/4395 4399/4399/4399 4396/4396/4396
f 4396/4396/4396 4399/4399/4399 4400/4400/4400
f 4396/4396/4396 4400/4400/4400 4397/4397/4397
f 4397/4397/4397 4400/4400/4400 4401/4401/4401
f 4397/4397/4397 4401/4401/4401 4398/4398/4398
f 4398/4398/4398 4401/4401/4401 4402/4402/4402
f 4399/4399/4399 4403/4403/4403 4400/4400/4400
f 4400/4400/4400 4403/4403/4403 4404/4404/4404
f 4400/4400/4400 4404/4404/4404 4401/4401/4401
f 4401/4401/4401 4404/4404/4404 4405/4405/4405
f 4401/4401/4401 4405/4405/4405 4402/4402/4402
f 4402/4402/4402 4405/4405/4405 4406/4406/4406
f 4403/4403/4403 4407/4407/4407 4404/4404/4404
f 4404/4404/4404 4407/4407/4407 4408/4408/4408
f 4404/4404/4404 4408/4408/4408 4405/4405/4405
f 4405/4405/4405 4408/4408/4408 4409/4409/4409
f 4405/4405/4405 4409/4409/4409 4406/4406/4406
f 4406/4406/4406 4409/4409/4409 4410/4410/4410
f 4411/4411/4411 4415/4415/4415 4412/4412/4412
f 4412/4412/4412 4415/4415/4415 4416/4416/4416
f 4412/4412/4412 4416/4416/4416 4413/4413/4413
f 4413/4413/4413 4416/4416/4416 4417/4417/4417
f 4413/4413/4413 4417/4417/4417 4414/4414/4414
f 4414/4414/4414 4417/4417/4417 4418/4418/4418
f 4415/4415/4415 4419/4419/4419 4416/4416/4416
f 4416/4416/4416 4419/4419/4419 4420/4420/4420
f 4416/4416/4416 4420/4420/4420 4417/4417/4417
f 4417/4417/4417 4420/4420/4420 4421/4421/4421
f 4417/4417/4417 4421/4421/4421 4418/4418/4418
f 4418/4418/4418 4421/4421/4421 4422/4422/4422
f 4419/4419/4419 4423/4423/4423 4420/4420/4420
f 4420/4420/4420 4423/4423/4423 4424/4424/4424
f 4420/4420/4420 4424/4424/4424 4421/4421/4421
f 4421/4421/4421 4424/4424/4424 4425/4425/4425
f 4421/4421/4421 4425/4425/4425 4422/4422/4422
f 4422/4422/4422 4425/4425/4425 4426/4426/4426
f 4427/4427/4427 4431/4431/4431 4428/4428/4428
f 4428/4428/4428 4431/4431/4431 4432/4432/4432
f 4428/4428/4428 4432/4432/4432 4429/4429/4429
f 4429/4429/4429 4432/4432/4432 4433/4433/4433
f 4429/4429/4429 4433/4433/4433 4430/4430/4430
f 4430/4430/4430 4433/4433/4433 4434/4434/4434
f 4431/4431/4431 4435/4435/4435 4432/4432/4432
f 4432/4432/4432 4435/4435/4435 4436/4436/4436
f 4432/4432/4432 4436/4436/4436 4433/4433/4433
f 4433/4433/4433 4436/4436/4436 4437/4437/4437
f 4433/4433/4433 4437/4437/4437 4434/4434/4434
f 4434/4434/4434 4437/4437/4437 4438/4438/4438
f 4435/4435/4435 4439/4439/4439 4436/4436/4436
f 4436/4436/4436 4439/4439/4439 4440/4440/4440
f 4436/4436/4436 4440/4440/4440 4437/4437/4437
f 4437/4437/4437 4440/4440/4440 4441/4441/4441
f 4437/4437/4437 4441/4441/4441 4438/4438/4438
f 4438/4438/4438 4441/4441/4441 4442/4442/4442
f 4443/4443/4443 4447/4447/4447 4444/4444/4444
f 4444/4444/4444 4447/4447/4447 4448/4448/4448
f 4444/4444/4444 4448/4448/4448 4445/4445/4445
f 4445/4445/4445 4448/4448/4448 4449/4449/4449
f 4445/4445/4445 4449/4449/4449 4446/4446/4446
f 4446/4446/4446 4449/4449/4449 4450/4450/4450
f 4447/4447/4447 4451/4451/4451 4448/4448/4448
f 4448/4448/4448 4451/4451/4451 4452/4452/4452
f 4448/4448/4448 4452/4452/4452 4449/4449/4449
f 4449/4449/4449 4452/4452/4452 4453/4453/4453
f 4449/4449/4449 4453/4453/4453 4450/4450/4450
f 4450/4450/4450 4453/4453/4453 4454/4454/4454
f 4451/4451/4451 4455/4455/4455 4452/4452/4452
f 4452/4452/4452 4455/4455/4455 4456/4456/4456
f 4452/4452/4452 4456/4456/4456 4453/4453/4453
f 4453/4453/4453 4456/4456/4456 4457/4457/4457
f 4453/4453/4453 4457/4457/4457 4454/4454/4454
f 4454/4454/4454 4457/4457/4457 4458/4458/4458
f 4459/4459/4459 4463/4463/4463 4460/4460/4460
f 4460/4460/4460 4463/4463/4463 4464/4464/4464
f 4460/4460/4460 4464/4464/4464 4461/4461/4461
f 4461/4461/4461 4464/4464/4464 4465/4465/4465
f 4461/4461/4461 4465/4465/4465 4462/4462/4462
f 4462/4462/4462 4465/4465/4465 4466/4466/4466
f 4463/4463/4463 4467/4467/4467 4464/4464/4464
f 4464/4464/4464 4467/4467/4467 4468/4468/4468
f 4464/4464/4464 4468/4468/4468 4465/4465/4465
f 4465/4465/4465 4468/4468/4468 4469/4469/4469
f 4465/4465/4465 4469/4469/4469 4466/4466/4466
f 4466/4466/4466 4469/4469/4469 4470/4470/4470
f 4467/4467/4467 4471/4471/4471 4468/4468/4468
f 4468/4468/4468 4471/4471/4471 4472/4472/4472
f 4468/4468/4468 4472/4472/4472 4469/4469/4469
f 4469/4469/4469 4472/4472/4472 4473/4473/4473
f 4469/4469/4469 4473/4473/4473 4470/4470/4470
f 4470/4470/4470 4473/4473/4473 4474/4474/4474
f 4475/4475/4475 4479/4479/4479 4476/4476/4476
f 4476/4476/4476 4479/4479/4479 4480/4480/4480
f 4476/4476/4476 4480/4480/4480 4477/4477/4477
f 4477/4477/4477 4480/4480/4480 4481/4481/4481
f 4477/4477/4477 4481/4481/4481 4478/4478/4478
f 4478/4478/4478 4481/4481/4481 4482/4482/4482
f 4479/4479/4479 4483/4483/4483 4480/4480/4480
f 4480/4480/4480 4483/4483/4483 4484/4484/4484
f 4480/4480/4480 4484/4484/4484 4481/4481/4481
f 4481/4481/4481 4484/4484/4484 4485/4485/4485
f 4481/4481/4481 4485/4485/4485 4482/4482/4482
f 4482/4482/4482 4485/4485/4485 4486/4486/4486
f 4483/4483/4483 4487/4487/4487 4484/4484/4484
f 4484/4484/4484 4487/4487/4487 4488/4488/4488
f 4484/4484/4484 4488/4488/4488 4485/4485/4485
f 4485/4485/4485 4488/4488/4488 4489/4489/4489
f 4485/4485/4485 4489/4489/4489 4486/4486/4486
f 4486/4486/4486 4489/4489/4489 4490/4490/4490
f 4491/4491/4491 4495/4495/4495 4492/4492/4492
f 4492/4492/4492 4495/4495/4495 4496/4496/4496
f 4492/4492/4492 4496/4496/4496 4493/4493/4493
f 4493/4493/4493 4496/4496/4496 4497/4497/4497
f 4493/4493/4493 4497/4497/4497 4494/4494/4494
f 4494/4494/4494 4497/4497/4497 4498/4498/4498
f 4495/4495/4495 4499/4499/4499 4496/4496/4496
f 4496/4496/4496 4499/4499/4499 4500/4500/4500
f 4496/4496/4496 4500/4500/4500 4497/4497/4497
f 4497/4497/4497 4500/4500/4500 4501/4501/4501
f 4497/4497/4497 4501/4501/4501 4498/4498/4498
f 4498/4498/4498 4501/4501/4501 4502/4502/4502
f 4499/4499/4499 4503/4503/4503 4500/4500/4500
f 4500/4500/4500 4503/4503/4503 4504/4504/4504
f 4500/4500/4500 4504/4504/4504 4501/4501/4501
f 4501/4501/4501 4504/4504/4504 4505/4505/4505
f 4501/4501/4501 4505/4505/4505 4502/4502/4502
f 4502/4502/4502 4505/4505/4505 4506/4506/4506
f 4507/4507/4507 4511/4511/4511 4508/4508/4508
f 4508/4508/4508 4511/4511/4511 4512/4512/4512
f 4508/4508/4508 4512/4512/4512 4509/4509/4509
f 4509/4509/4509 4512/4512/4512 4513/4513/4513
f 4509/4509/4509 4513/4513/4513 4510/4510/4510
f 4510/4510/4510 4513/4513/4513 4514/4514/4514
f 4511/4511/4511 4515/4515/4515 4512/4512/4512
f 4512/4512/4512 4515/4515/4515 4516/4516/4516
f 4512/4512/4512 4516/4516/4516 4513/4513/4513
f 4513/4513/4513 4516/4516/4516 4517/4517/4517
f 4513/4513/4513 4517/4517/4517 4514/4514/4514
f 4514/4514/4514 4517/4517/4517 4518/4518/4518
f 4515/4515/4515 4519/4519/4519 4516/4516/4516
f 4516/4516/4516 4519/4519/4519 4520/4520/4520
f 4516/4516/4516 4520/4520/4520 4517/4517/4517
f 4517/4517/4517 4520/4520/4520 4521/4521/4521
f 4517/4517/4517 4521/4521/4521 4518/4518/4518
f 4518/4518/4518 4521/4521/4521 4522/4522/4522
f 4523/4523/4523 4527/4527/4527 4524/4524/4524
f 4524/4524/4524 4527/4527/4527 4528/4528/4528
f 4524/4524/4524 4528/4528/4528 4525/4525/4525
f 4525/4525/4525 4528/4528/4528 4529/4529/4529
f 4525/4525/4525 4529/4529/4529 4526/4526/4526
f 4526/4526/4526 4529/4529/4529 4530/4530/4530
f 4527/4527/4527 4531/4531/4531 4528/4528/4528
f 4528/4528/4528 4531/4531/4531 4532/4532/4532
f 4528/4528/4528 4532/4532/4532 4529/4529/4529
f 4529/4529/4529 4532/4532/4532 4533/4533/4533
f 4529/4529/4529 4533/4533/4533 4530/4530/4530
f 4530/4530/4530 4533/4533/4533 4534/4534/4534
f 4531/4531/4531 4535/4535/4535 4532/4532/4532
f 4532/4532/4532 4535/4535/4535 4536/4536/4536
f 4532/4532/4532 4536/4536/4536 4533/4533/4533
f 4533/4533/4533 4536/4536/4536 4537/4537/4537
f 4533/4533/4533 4537/4537/4537 4534/4534/4534
f 4534/4534/4534 4537/4537/4537 4538/4538/4538
f 4539/4539/4539 4543/4543/4543 4540/4540/4540
f 4540/4540/4540 4543/4543/4543 4544/4544/4544
f 4540/4540/4540 4544/4544/4544 4541/4541/4541
f 4541/4541/4541 4544/4544/4544 4545/4545/4545
f 4541/4541/4541 4545/4545/4545 4542/4542/4542
f 4542/4542/4542 4545/4545/4545 4546/4546/4546
f 4543/4543/4543 4547/4547/4547 4544/4544/4544
f 4544/4544/4544 4547/4547/4547 4548/4548/4548
f 4544/4544/4544 4548/4548/4548 4545/4545/4545
f 4545/4545/4545 4548/4548/4548 4549/4549/4549
f 4545/4545/4545 4549/4549/4549 4546/4546/4546
f 4546/4546/4546 4549/4549/4549 4550/4550/4550
f 4547/4547/4547 4551/4551/4551 4548/4548/4548
f 4548/4548/4548 4551/4551/4551 4552/4552/4552
f 4548/4548/4548 4552/4552/4552 4549/4549/4549
f 4549/4549/4549 4552/4552/4552 4553/4553/4553
f 4549/4549/4549 4553/4553/4553 4550/4550/4550
f 4550/4550/4550 4553/4553/4553 4554/4554/4554
f 4555/4555/4555 4559/4559/4559 4556/4556/4556
f 4556/4556/4556 4559/4559/4559 4560/4560/4560
f 4556/4556/4556 4560/4560/4560 4557/4557/4557
f 4557/4557/4557 4560/4560/4560 4561/4561/4561
f 4557/4557/4557 4561/4561/4561 4558/4558/4558
f 4558/4558/4558 4561/4561/4561 4562/4562/4562
f 4559/4559/4559 4563/4563/4563 4560/4560/4560
f 4560/4560/4560 4563/4563/4563 4564/4564/4564
f 4560/4560/4560 4564/4564/4564 4561/4561/4561
f 4561/4561/4561 4564/4564/4564 4565/4565/4565
f 4561/4561/4561 4565/4565/4565 4562/4562/4562
f 4562/4562/4562 4565/4565/4565 4566/4566/4566
f 4563/4563/4563 4567/4567/4567 4564/4564/4564
f 4564/4564/4564 4567/4567/4567 4568/4568/4568
f 4564/4564/4564 4568/4568/4568 4565/4565/4565
f 4565/4565/4565 4568/4568/4568 4569/4569/4569
f 4565/4565/4565 4569/4569/4569 4566/4566/4566
f 4566/4566/4566 4569/4569/4569 4570/4570/4570
f 4571/4571/4571 4575/4575/4575 4572/4572/4572
f 4572/4572/4572 4575/4575/4575 4576/4576/4576
f 4572/4572/4572 4576/4576/4576 4573/4573/4573
f 4573/4573/4573 4576/4576/4576 4577/4577/4577
f 4573/4573/4573 4577/4577/4577 4574/4574/4574
f 4574/4574/4574 4577/4577/4577 4578/4578/4578
f 4575/4575/4575 4579/4579/4579 4576/4576/4576
f 4576/4576/4576 4579/4579/4579 4580/4580/4580
f 4576/4576/4576 4580/4580/4580 4577/4577/4577
f 4577/4577/4577 4580/4580/4580 4581/4581/4581
f 4577/4577/4577 4581/4581/4581 4578/4578/4578
f 4578/4578/4578 4581/4581/4581 4582/4582/4582
f 4579/4579/4579 4583/4583/4583 4580/4580/4580
f 4580/4580/4580 4583/4583/4583 4584/4584/4584
f 4580/4580/4580 4584/4584/4584 4581/4581/4581
f 4581/4581/4581 4584/4584/4584 4585/4585/4585
f 4581/4581/4581 4585/4585/4585 4582/4582/4582
f 4582/4582/4582 4585/4585/4585 4586/4586/4586
f 4587/4587/4587 4591/4591/4591 4588/4588/4588
f 4588/4588/4588 4591/4591/4591 4592/4592/4592
f 4588/4588/4588 4592/4592/4592 4589/4589/4589
f 4589/4589/4589 4592/4592/4592 4593/4593/4593
f 4589/4589/4589 4593/4593/4593 4590/4590/4590
f 4590/4590/4590 4593/4593/4593 4594/4594/4594
f 4591/4591/4591 4595/4595/4595 4592/4592/4592
f 4592/4592/4592 4595/4595/4595 4596/4596/4596
f 4592/4592/4592 4596/4596/4596 4593/4593/4593
f 4593/4593/4593 4596/4596/4596 4597/4597/4597
f 4593/4593/4593 4597/4597/4597 4594/4594/4594
f 4594/4594/4594 4597/4597/4597 4598/4598/4598
f 4595/4595/4595 4599/4599/4599 4596/4596/4596
f 4596/4596/4596 4599/4599/4599 4600/4600/4600
f 4596/4596/4596 4600/4600/4600 4597/4597/4597
f 4597/4597/4597 4600/4600/4600 4601/4601/4601
f 4597/4597/4597 4601/4601/4601 4598/4598/4598
f 4598/4598/4598 4601/4601/4601 4602/4602/4602
f 4603/4603/4603 4607/4607/4607 4604/4604/4604
f 4604/4604/4604 4607/4607/4607 4608/4608/4608
f 4604/4604/4604 4608/4608/4608 4605/4605/4605
f 4605/4605/4605 4608/4608/4608 4609/4609/4609
f 4605/4605/4605 4609/4609/4609 4606/4606/4606
f 4606/4606/4606 4609/4609/4609 4610/4610/4610
f 4607/4607/4607 4611/4611/4611 4608/4608/4608
f 4608/4608/4608 4611/4611/4611 4612/4612/4612
f 4608/4608/4608 4612/4612/4612 4609/4609/4609
f 4609/4609/4609 4612/4612/4612 4613/4613/4613
f 4609/4609/4609 4613/4613/4613 4610/4610/4610
f 4610/4610/4610 4613/4613/4613 4614/4614/4614
f 4611/4611/4611 4615/4615/4615 4612/4612/4612
f 4612/4612/4612 4615/4615/4615 4616/4616/4616
f 4612/4612/4612 4616/4616/4616 4613/4613/4613
f 4613/4613/4613 4616/4616/4616 4617/4617/4617
f 4613/4613/4613 4617/4617/4617 4614/4614/4614
f 4614/4614/4614 4617/4617/4617 4618/4618/4618
f 4619/4619/4619 4623/4623/4623 4620/4620/4620
f 4620/4620/4620 4623/4623/4623 4624/4624/4624
f 4620/4620/4620 4624/4624/4624 4621/4621/4621
f 4621/4621/4621 4624/4624/4624 4625/4625/4625
f 4621/4621/4621 4625/4625/4625 4622/4622/4622
f 4622/4622/4622 4625/4625/4625 4626/4626/4626
f 4623/4623/4623 4627/4627/4627 4624/4624/4624
f 4624/4624/4624 4627/4627/4627 4628/4628/4628
f 4624/4624/4624 4628/4628/4628 4625/4625/4625
f 4625/4625/4625 4628/4628/4628 4629/4629/4629
f 4625/4625/4625 4629/4629/4629 4626/4626/4626
f 4626/4626/4626 4629/4629/4629 4630/4630/4630
f 4627/4627/4627 4631/4631/4631 4628/4628/4628
f 4628/4628/4628 4631/4631/4631 4632/4632/4632
f 4628/4628/4628 4632/4632/4632 4629/4629/4629
f 4629/4629/4629 4632/4632/4632 4633/4633/4633
f 4629/4629/4629 4633/4633/4633 4630/4630/4630
f 4630/4630/4630 4633/4633/4633 4634/4634/4634
f 4635/4635/4635 4639/4639/4639 4636/4636/4636
f 4636/4636/4636 4639/4639/4639 4640/4640/4640
f 4636/4636/4636 4640/4640/4640 4637/4637/4637
f 4637/4637/4637 4640/4640/4640 4641/4641/4641
f 4637/4637/4637 4641/4641/4641 4638/4638/4638
f 4638/4638/4638 4641/4641/4641 4642/4642/4642
f 4639/4639/4639 4643/4643/4643 4640/4640/4640
f 4640/4640/4640 4643/4643/4643 4644/4644/4644
f 4640/4640/4640 4644/4644/4644 4641/4641/4641
f 4641/4641/4641 4644/4644/4644 4645/4645/4645
f 4641/4641/4641 4645/4645/4645 4642/4642/4642
f 4642/4642/4642 4645/4645/4645 4646/4646/4646
f 4643/4643/4643 4647/4647/4647 4644/4644/4644
f 4644/4644/4644 4647/4647/4647 4648/4648/4648
f 4644/4644/4644 4648/4648/4648 4645/4645/4645
f 4645/4645/4645 4648/4648/4648 4649/4649/4649
f 4645/4645/4645 4649/4649/4649 4646/4646/4646
f 4646/4646/4646 4649/4649/4649 4650/4650/4650
f 4651/4651/4651 4655/4655/4655 4652/4652/4652
f 4652/4652/4652 4655/4655/4655 4656/4656/4656
f 4652/4652/4652 4656/4656/4656 4653/4653/4653
f 4653/4653/4653 4656/4656/4656 4657/4657/4657
f 4653/4653/4653 4657/4657/4657 4654/4654/4654
f 4654/4654/4654 4657/4657/4657 4658/4658/4658
f 4655/4655/4655 4659/4659/4659 4656/4656/4656
f 4656/4656/4656 4659/4659/4659 4660/4660/4660
f 4656/4656/4656 4660/4660/4660 4657/4657/4657
f 4657/4657/4657 4660/4660/4660 4661/4661/4661
f 4657/4657/4657 4661/4661/4661 4658/4658/4658
f 4658/4658/4658 4661/4661/4661 4662/4662/4662
f 4659/4659/4659 4663/4663/4663 4660/4660/4660
f 4660/4660/4660 4663/4663/4663 4664/4664/4664
f 4660/4660/4660 4664/4664/4664 4661/4661/4661
f 4661/4661/4661 4664/4664/4664 4665/4665/4665
f 4661/4661/4661 4665/4665/4665 4662/4662/4662
f 4662/4662/4662 4665/4665/4665 4666/4666/4666
f 4667/4667/4667 4671/4671/4671 4668/4668/4668
f 4668/4668/4668 4671/4671/4671 4672/4672/4672
f 4668/4668/4668 4672/4672/4672 4669/4669/4669
f 4669/4669/4669 4672/4672/4672 4673/4673/4673
f 4669/4669/4669 4673/4673/4673 4670/4670/4670
f 4670/4670/4670 4673/4673/4673 4674/4674/4674
f 4671/4671/4671 4675/4675/4675 4672/4672/4672
f 4672/4672/4672 4675/4675/4675 4676/4676/4676
f 4672/4672/4672 4676/4676/4676 4673/4673/4673
f 4673/4673/4673 4676/4676/4676 4677/4677/4677
f 4673/4673/4673 4677/4677/4677 4674/4674/4674
f 4674/4674/4674 4677/4677/4677 4678/4678/4678
f 4675/4675/4675 4679/4679/4679 4676/4676/4676
f 4676/4676/4676 4679/4679/4679 4680/4680/4680
f 4676/4676/4676 4680/4680/4680 4677/4677/4677
f 4677/4677/4677 4680/4680/4680 4681/4681/4681
f 4677/4677/4677 4681/4681/4681 4678/4678/4678
f 4678/4678/4678 4681/4681/4681 4682/4682/4682
f 4683/4683/4683 4687/4687/4687 4684/4684/4684
f 4684/4684/4684 4687/4687/4687 4688/4688/4688
f 4684/4684/4684 4688/4688/4688 4685/4685/4685
f 4685/4685/4685 4688/4688/4688 4689/4689/4689
f 4685/4685/4685 4689/4689/4689 4686/4686/4686
f 4686/4686/4686 4689/4689/4689 4690/4690/4690
f 4687/4687/4687 4691/4691/4691 4688/4688/4688
f 4688/4688/4688 4691/4691/4691 4692/4692/4692
f 4688/4688/4688 4692/4692/4692 4689/4689/4689
f 4689/4689/4689 4692/4692/4692 4693/4693/4693
f 4689/4689/4689 4693/4693/4693 4690/4690/4690
f 4690/4690/4690 4693/4693/4693 4694/4694/4694
f 4691/4691/4691 4695/4695/4695 4692/4692/4692
f 4692/4692/4692 4695/4695/4695 4696/4696/4696
f 4692/4692/4692 4696/4696/4696 4693/4693/4693
f 4693/4693/4693 4696/4696/4696 4697/4697/4697
f 4693/4693/4693 4697/4697/4697 4694/4694/4694
f 4694/4694/4694 4697/4697/4697 4698/4698/4698
f 4699/4699/4699 4703/4703/4703 4700/4700/4700
f 4700/4700/4700 4703/4703/4703 4704/4704/4704
f 4700/4700/4700 4704/4704/4704 4701/4701/4701
f 4701/4701/4701 4704/4704/4704 4705/4705/4705
f 4701/4701/4701 4705/4705/4705 4702/4702/4702
f 4702/4702/4702 4705/4705/4705 4706/4706/4706
f 4703/4703/4703 4707/4707/4707 4704/4704/4704
f 4704/4704/4704 4707/4707/4707 4708/4708/4708
f 4704/4704/4704 4708/4708/4708 4705/4705/4705
f 4705/4705/4705 4708/4708/4708 4709/4709/4709
f 4705/4705/4705 4709/4709/4709 4706/4706/4706
f 4706/4706/4706 4709/4709/4709 4710/4710/4710
f 4707/4707/4707 4711/4711/4711 4708/4708/4708
f 4708/4708/4708 4711/4711/4711 4712/4712/4712
f 4708/4708/4708 4712/4712/4712 4709/4709/4709
f 4709/4709/4709 4712/4712/4712 4713/4713/4713
f 4709/4709/4709 4713/4713/4713 4710/4710/4710
f 4710/4710/4710 4713/4713/4713 4714/4714/4714
f 4715/4715/4715 4719/4719/4719 4716/4716/4716
f 4716/4716/4716 4719/4719/4719 4720/4720/4720
f 4716/4716/4716 4720/4720/4720 4717/4717/4717
f 4717/4717/4717 4720/4720/4720 4721/4721/4721
f 4717/4717/4717 4721/4721/4721 4718/4718/4718
f 4718/4718/4718 4721/4721/4721 4722/4722/4722
f 4719/4719/4719 4723/4723/4723 4720/4720/4720
f 4720/4720/4720 4723/4723/4723 4724/4724/4724
f 4720/4720/4720 4724/4724/4724 4721/4721/4721
f 4721/4721/4721 4724/4724/4724 4725/4725/4725
f 4721/4721/4721 4725/4725/4725 4722/4722/4722
f 4722/4722/4722 4725/4725/4725 4726/4726/4726
f 4723/4723/4723 4727/4727/4727 4724/4724/4724
f 4724/4724/4724 4727/4727/4727 4728/4728/4728
f 4724/4724/4724 4728/4728/4728 4725/4725/4725
f 4725/4725/4725 4728/4728/4728 4729/4729/4729
f 4725/4725/4725 4729/4729/4729 4726/4726/4726
f 4726/4726/4726 4729/4729/4729 4730/4730/4730
f 4731/4731/4731 4735/4735/4735 4732/4732/4732
f 4732/4732/4732 4735/4735/4735 4736/4736/4736
f 4732/4732/4732 4736/4736/4736 4733/4733/4733
f 4733/4733/4733 4736/4736/4736 4737/4737/4737
f 4733/4733/4733 4737/4737/4737 4734/4734/4734
f 4734/4734/4734 4737/4737/4737 4738/4738/4738
f 4735/4735/4735 4739/4739/4739 4736/4736/4736
f 4736/4736/4736 4739/4739/4739 4740/4740/4740
f 4736/4736/4736 4740/4740/4740 4737/4737/4737
f 4737/4737/4737 4740/4740/4740 4741/4741/4741
f 4737/4737/4737 4741/4741/4741 4738/4738/4738
f 4738/4738/4738 4741/4741/4741 4742/4742/4742
f 4739/4739/4739 4743/4743/4743 4740/4740/4740
f 4740/4740/4740 4743/4743/4743 4744/4744/4744
f 4740/4740/4740 4744/4744/4744 4741/4741/4741
f 4741/4741/4741 4744/4744/4744 4745/4745/4745
f 4741/4741/4741 4745/4745/4745 4742/4742/4742
f 4742/4742/4742 4745/4745/4745 4746/4746/4746
f 4747/4747/4747 4751/4751/4751 4748/4748/4748
f 4748/4748/4748 4751/4751/4751 4752/4752/4752
f 4748/4748/4748 4752/4752/4752 4749/4749/4749
f 4749/4749/4749 4752/4752/4752 4753/4753/4753
f 4749/4749/4749 4753/4753/4753 4750/4750/4750
f 4750/4750/4750 4753/4753/4753 4754/4754/4754
f 4751/4751/4751 4755/4755/4755 4752/4752/4752
f 4752/4752/4752 4755/4755/4755 4756/4756/4756
f 4752/4752/4752 4756/4756/4756 4753/4753/4753
f 4753/4753/4753 4756/4756/4756 4757/4757/4757
f 4753/4753/4753 4757/4757/4757 4754/4754/4754
f 4754/4754/4754 4757/4757/4757 4758/4758/4758
f 4755/4755/4755 4759/4759/4759 4756/4756/4756
f 4756/4756/4756 4759/4759/4759 4760/4760/4760
f 4756/4756/4756 4760/4760/4760 4757/4757/4757
f 4757/4757/4757 4760/4760/4760 4761/4761/4761
f 4757/4757/4757 4761/4761/4761 4758/4758/4758
f 4758/4758/4758 4761/4761/4761 4762/4762/4762
f 4763/4763/4763 4767/4767/4767 4764/4764/4764
f 4764/4764/4764 4767/4767/4767 4768/4768/4768
f 4764/4764/4764 4768/4768/4768 4765/4765/4765
f 4765/4765/4765 4768/4768/4768 4769/4769/4769
f 4765/4765/4765 4769/4769/4769 4766/4766/4766
f 4766/4766/4766 4769/4769/4769 4770/4770/4770
f 4767/4767/4767 4771/4771/4771 4768/4768/4768
f 4768/4768/4768 4771/4771/4771 4772/4772/4772
f 4768/4768/4768 4772/4772/4772 4769/4769/4769
f 4769/4769/4769 4772/4772/4772 4773/4773/4773
f 4769/4769/4769 4773/4773/4773 4770/4770/4770
f 4770/4770/4770 4773/4773/4773 4774/4774/4774
f 4771/4771/4771 4775/4775/4775 4772/4772/4772
f 4772/4772/4772 4775/4775/4775 4776/4776/4776
f 4772/4772/4772 4776/4776/4776 4773/4773/4773
f 4773/4773/4773 4776/4776/4776 4777/4777/4777
f 4773/4773/4773 4777/4777/4777 4774/4774/4774
f 4774/4774/4774 4777/4777/4777 4778/4778/4778
f 4779/4779/4779 4783/4783/4783 4780/4780/4780
f 4780/4780/4780 4783/4783/4783 4784/4784/4784
f 4780/4780/4780 4784/4784/4784 4781/4781/4781
f 4781/4781/4781 4784/4784/4784 4785/4785/4785
f 4781/4781/4781 4785/4785/4785 4782/4782/4782
f 4782/4782/4782 4785/4785/4785 4786/4786/4786
f 4783/4783/4783 4787/4787/4787 4784/4784/4784
f 4784/4784/4784 4787/4787/4787 4788/4788/4788
f 4784/4784/4784 4788/4788/4788 4785/4785/4785
f 4785/4785/4785 4788/4788/4788 4789/4789/4789
f 4785/4785/4785 4789/4789/4789 4786/4786/4786
f 4786/4786/4786 4789/4789/4789 4790/4790/4790
f 4787/4787/4787 4791/4791/4791 4788/4788/4788
f 4788/4788/4788 4791/4791/4791 4792/4792/4792
f 4788/4788/4788 4792/4792/4792 4789/4789/4789
f 4789/4789/4789 4792/4792/4792 4793/4793/4793
f 4789/4789/4789 4793/4793/4793 4790/4790/4790
f 4790/4790/4790 4793/4793/4793 4794/4794/4794
f 4795/4795/4795 4799/4799/4799 4796/4796/4796
f 4796/4796/4796 4799/4799/4799 4800/4800/4800
f 4796/4796/4796 4800/4800/4800 4797/4797/4797
f 4797/4797/4797 4800/4800/4800 4801/4801/4801
f 4797/4797/4797 4801/4801/4801 4798/4798/4798
f 4798/4798/4798 4801/4801/4801 4802/4802/4802
f 4799/4799/4799 4803/4803/4803 4800/4800/4800
f 4800/4800/4800 4803/4803/4803 4804/4804/4804
f 4800/4800/4800 4804/4804/4804 4801/4801/4801
f 4801/4801/4801 4804/4804/4804 4805/4805/4805
f 4801/4801/4801 4805/4805/4805 4802/4802/4802
f 4802/4802/4802 4805/4805/4805 4806/4806/4806
f 4803/4803/4803 4807/4807/4807 4804/4804/4804
f 4804/4804/4804 4807/4807/4807 4808/4808/4808
f 4804/4804/4804 4808/4808/4808 4805/4805/4805
f 4805/4805/4805 4808/4808/4808 4809/4809/4809
f 4805/4805/4805 4809/4809/4809 4806/4806/4806
f 4806/4806/4806 4809/4809/4809 4810/4810/4810
f 4811/4811/4811 4815/4815/4815 4812/4812/4812
f 4812/4812/4812 4815/4815/4815 4816/4816/4816
f 4812/4812/4812 4816/4816/4816 4813/4813/4813
f 4813/4813/4813 4816/4816/4816 4817/4817/4817
f 4813/4813/4813 4817/4817/4817 4814/4814/4814
f 4814/4814/4814 4817/4817/4817 4818/4818/4818
f 4815/4815/4815 4819/4819/4819 4816/4816/4816
f 4816/4816/4816 4819/4819/4819 4820/4820/4820
f 4816/4816/4816 4820/4820/4820 4817/4817/4817
f 4817/4817/4817 4820/4820/4820 4821/4821/4821
f 4817/4817/4817 4821/4821/4821 4818/4818/4818
f 4818/4818/4818 4821/4821/4821 4822/4822/4822
f 4819/4819/4819 4823/4823/4823 4820/4820/4820
f 4820/4820/4820 4823/4823/4823 4824/4824/4824
f 4820/4820/4820 4824/4824/4824 4821/4821/4821
f 4821/4821/4821 4824/4824/4824 4825/4825/4825
f 4821/4821/4821 4825/4825/4825 4822/4822/4822
f 4822/4822/4822 4825/4825/4825 4826/4826/4826
f 4827/4827/4827 4831/4831/4831 4828/4828/4828
f 4828/4828/4828 4831/4831/4831 4832/4832/4832
f 4828/4828/4828 4832/4832/4832 4829/4829/4829
f 4829/4829/4829 4832/4832/4832 4833/4833/4833
f 4829/4829/4829 4833/4833/4833 4830/4830/4830
f 4830/4830/4830 4833/4833/4833 4834/4834/4834
f 4831/4831/4831 4835/4835/4835 4832/4832/4832
f 4832/4832/4832 4835/4835/4835 4836/4836/4836
f 4832/4832/4832 4836/4836/4836 4833/4833/4833
f 4833/4833/4833 4836/4836/4836 4837/4837/4837
f 4833/4833/4833 4837/4837/4837 4834/4834/4834
f 4834/4834/4834 4837/4837/4837 4838/4838/4838
f 4835/4835/4835 4839/4839/4839 4836/4836/4836
f 4836/4836/4836 4839/4839/4839 4840/4840/4840
f 4836/4836/4836 4840/4840/4840 4837/4837/4837
f 4837/4837/4837 4840/4840/4840 4841/4841/4841
f 4837/4837/4837 4841/4841/4841 4838/4838/4838
f 4838/4838/4838 4841/4841/4841 4842/4842/4842
f 4843/4843/4843 4847/4847/4847 4844/4844/4844
f 4844/4844/4844 4847/4847/4847 4848/4848/4848
f 4844/4844/4844 4848/4848/4848 4845/4845/4845
f 4845/4845/4845 4848/4848/4848 4849/4849/4849
f 4845/4845/4845 4849/4849/4849 4846/4846/4846
f 4846/4846/4846 4849/4849/4849 4850/4850/4850
f 4847/4847/4847 4851/4851/4851 4848/4848/4848
f 4848/4848/4848 4851/4851/4851 4852/4852/4852
f 4848/4848/4848 4852/4852/4852 4849/4849/4849
f 4849/4849/4849 4852/4852/4852 4853/4853/4853
f 4849/4849/4849 4853/4853/4853 4850/4850/4850
f 4850/4850/4850 4853/4853/4853 4854/4854/4854
f 4851/4851/4851 4855/4855/4855 4852/4852/4852
f 4852/4852/4852 4855/4855/4855 4856/4856/4856
f 4852/4852/4852 4856/4856/4856 4853/4853/4853
f 4853/4853/4853 4856/4856/4856 4857/4857/4857
f 4853/4853/4853 4857/4857/4857 4854/4854/4854
f 4854/4854/4854 4857/4857/4857 4858/4858/4858
f 4859/4859/4859 4863/4863/4863 4860/4860/4860
f 4860/4860/4860 4863/4863/4863 4864/4864/4864
f 4860/4860/4860 4864/4864/4864 4861/4861/4861
f 4861/4861/4861 4864/4864/4864 4865/4865/4865
f 4861/4861/4861 4865/4865/4865 4862/4862/4862
f 4862/4862/4862 4865/4865/4865 4866/4866/4866
f 4863/4863/4863 4867/4867/4867 4864/4864/4864
f 4864/4864/4864 4867/4867/4867 4868/4868/4868
f 4864/4864/4864 4868/4868/4868 4865/4865/4865
f 4865/4865/4865 4868/4868/4868 4869/4869/4869
f 4865/4865/4865 4869/4869/4869 4866/4866/4866
f 4866/4866/4866 4869/4869/4869 4870/4870/4870
f 4867/4867/4867 4871/4871/4871 4868/4868/4868
f 4868/4868/4868 4871/4871/4871 4872/4872/4872
f 4868/4868/4868 4872/4872/4872 4869/4869/4869
f 4869/4869/4869 4872/4872/4872 4873/4873/4873
f 4869/4869/4869 4873/4873/4873 4870/4870/4870
f 4870/4870/4870 4873/4873/4873 4874/4874/4874
f 4875/4875/4875 4879/4879/4879 4876/4876/4876
f 4876/4876/4876 4879/4879/4879 4880/4880/4880
f 4876/4876/4876 4880/4880/4880 4877/4877/4877
f 4877/4877/4877 4880/4880/4880 4881/4881/4881
f 4877/4877/4877 4881/4881/4881 4878/4878/4878
f 4878/4878/4878 4881/4881/4881 4882/4882/4882
f 4879/4879/4879 4883/4883/4883 4880/4880/4880
f 4880/4880/4880 4883/4883/4883 4884/4884/4884
f 4880/4880/4880 4884/4884/4884 4881/4881/4881
f 4881/4881/4881 4884/4884/4884 4885/4885/4885
f 4881/4881/4881 4885/4885/4885 4882/4882/4882
f 4882/4882/4882 4885/4885/4885 4886/4886/4886
f 4883/4883/4883 4887/4887/4887 4884/4884/4884
f 4884/4884/4884 4887/4887/4887 4888/4888/4888
f 4884/4884/4884 4888/4888/4888 4885/4885/4885
f 4885/4885/4885 4888/4888/4888 4889/4889/4889
f 4885/4885/4885 4889/4889/4889 4886/4886/4886
f 4886/4886/4886 4889/4889/4889 4890/4890/4890
f 4891/4891/4891 4895/4895/4895 4892/4892/4892
f 4892/4892/4892 4895/4895/4895 4896/4896/4896
f 4892/4892/4892 4896/4896/4896 4893/4893/4893
f 4893/4893/4893 4896/4896/4896 4897/4897/4897
f 4893/4893/4893 4897/4897/4897 4894/4894/4894
f 4894/4894/4894 4897/4897/4897 4898/4898/4898
f 4895/4895/4895 4899/4899/4899 4896/4896/4896
f 4896/4896/4896 4899/4899/4899 4900/4900/4900
f 4896/4896/4896 4900/4900/4900 4897/4897/4897
f 4897/4897/4897 4900/4900/4900 4901/4901/4901
f 4897/4897/4897 4901/4901/4901 4898/4898/4898
f 4898/4898/4898 4901/4901/4901 4902/4902/4902
f 4899/4899/4899 4903/4903/4903 4900/4900/4900
f 4900/4900/4900 4903/4903/4903 4904/4904/4904
f 4900/4900/4900 4904/4904/4904 4901/4901/4901
f 4901/4901/4901 4904/4904/4904 4905/4905/4905
f 4901/4901/4901 4905/4905/4905 4902/4902/4902
f 4902/4902/4902 4905/4905/4905 4906/4906/4906
f 4907/4907/4907 4911/4911/4911 4908/4908/4908
f 4908/4908/4908 4911/4911/4911 4912/4912/4912
f 4908/4908/4908 4912/4912/4912 4909/4909/4909
f 4909/4909/4909 4912/4912/4912 4913/4913/4913
f 4909/4909/4909 4913/4913/4913 4910/4910/4910
f 4910/4910/4910 4913/4913/4913 4914/4914/4914
f 4911/4911/4911 4915/4915/4915 4912/4912/4912
f 4912/4912/4912 4915/4915/4915 4916/4916/4916
f 4912/4912/4912 4916/4916/4916 4913/4913/4913
f 4913/4913/4913 4916/4916/4916 4917/4917/4917
f 4913/4913/4913 4917/4917/4917 4914/4914/4914
f 4914/4914/4914 4917/4917/4917 4918/4918/4918
f 4915/4915/4915 4919/4919/4919 4916/4916/4916
f 4916/4916/4916 4919/4919/4919 4920/4920/4920
f 4916/4916/4916 4920/4920/4920 4917/4917/4917
f 4917/4917/4917 4920/4920/4920 4921/4921/4921
f 4917/4917/4917 4921/4921/4921 4918/4918/4918
f 4918/4918/4918 4921/4921/4921 4922/4922/4922
f 4923/4923/4923 4927/4927/4927 4924/4924/4924
f 4924/4924/4924 4927/4927/4927 4928/4928/4928
f 4924/4924/4924 4928/4928/4928 4925/4925/4925
f 4925/4925/4925 4928/4928/4928 4929/4929/4929
f 4925/4925/4925 4929/4929/4929 4926/4926/4926
f 4926/4926/4926 4929/4929/4929 4930/4930/4930
f 4927/4927/4927 4931/4931/4931 4928/4928/4928
f 4928/4928/4928 4931/4931/4931 4932/4932/4932
f 4928/4928/4928 4932/4932/4932 4929/4929/4929
f 4929/4929/4929 4932/4932/4932 4933/4933/4933
f 4929/4929/4929 4933/4933/4933 4930/4930/4930
f 4930/4930/4930 4933/4933/4933 4934/4934/4934
f 4931/4931/4931 4935/4935/4935 4932/4932/4932
f 4932/4932/4932 4935/4935/4935 4936/4936/4936
f 4932/4932/4932 4936/4936/4936 4933/4933/4933
f 4933/4933/4933 4936/4936/4936 4937/4937/4937
f 4933/4933/4933 4937/4937/4937 4934/4934/4934
f 4934/4934/4934 4937/4937/4937 4938/4938/4938
f 4939/4939/4939 4943/4943/4943 4940/4940/4940
f 4940/4940/4940 4943/4943/4943 4944/4944/4944
f 4940/4940/4940 4944/4944/4944 4941/4941/4941
f 4941/4941/4941 4944/4944/4944 4945/4945/4945
f 4941/4941/4941 4945/4945/4945 4942/4942/4942
f 4942/4942/4942 4945/4945/4945 4946/4946/4946
f 4943/4943/4943 4947/4947/4947 4944/4944/4944
f 4944/4944/4944 4947/4947/4947 4948/4948/4948
f 4944/4944/4944 4948/4948/4948 4945/4945/4945
f 4945/4945/4945 4948/4948/4948 4949/4949/4949
f 4945/4945/4945 4949/4949/4949 4946/4946/4946
f 4946/4946/4946 4949/4949/4949 4950/4950/4950
f 4947/4947/4947 4951/4951/4951 4948/4948/4948
f 4948/4948/4948 4951/4951/4951 4952/4952/4952
f 4948/4948/4948 4952/4952/4952 4949/4949/4949
f 4949/4949/4949 4952/4952/4952 4953/4953/4953
f 4949/4949/4949 4953/4953/4953 4950/4950/4950
f 4950/4950/4950 4953/4953/4953 4954/4954/4954
f 4955/4955/4955 4959/4959/4959 4956/4956/4956
f 4956/4956/4956 4959/4959/4959 4960/4960/4960
f 4956/4956/4956 4960/4960/4960 4957/4957/4957
f 4957/4957/4957 4960/4960/4960 4961/4961/4961
f 4957/4957/4957 4961/4961/4961 4958/4958/4958
f 4958/4958/4958 4961/4961/4961 4962/4962/4962
f 4959/4959/4959 4963/4963/4963 4960/4960/4960
f 4960/4960/4960 4963/4963/4963 4964/4964/4964
f 4960/4960/4960 4964/4964/4964 4961/4961/4961
f 4961/4961/4961 4964/4964/4964 4965/4965/4965
f 4961/4961/4961 4965/4965/4965 4962/4962/4962
f 4962/4962/4962 4965/4965/4965 4966/4966/4966
f 4963/4963/4963 4967/4967/4967 4964/4964/4964
f 4964/4964/4964 4967/4967/4967 4968/4968/4968
f 4964/4964/4964 4968/4968/4968 4965/4965/4965
f 4965/4965/4965 4968/4968/4968 4969/4969/4969
f 4965/4965/4965 4969/4969/4969 4966/4966/4966
f 4966/4966/4966 4969/4969/4969 4970/4970/4970
f 4971/4971/4971 4975/4975/4975 4972/4972/4972
f 4972/4972/4972 4975/4975/4975 4976/4976/4976
f 4972/4972/4972 4976/4976/4976 4973/4973/4973
f 4973/4973/4973 4976/4976/4976 4977/4977/4977
f 4973/4973/4973 4977/4977/4977 4974/4974/4974
f 4974/4974/4974 4977/4977/4977 4978/4978/4978
f 4975/4975/4975 4979/4979/4979 4976/4976/4976
f 4976/4976/4976 4979/4979/4979 4980/4980/4980
f 4976/4976/4976 4980/4980/4980 4977/4977/4977
f 4977/4977/4977 4980/4980/4980 4981/4981/4981
f 4977/4977/4977 4981/4981/4981 4978/4978/4978
f 4978/4978/4978 4981/4981/4981 4982/4982/4982
f 4979/4979/4979 4983/4983/4983 4980/4980/4980
f 4980/4980/4980 4983/4983/4983 4984/4984/4984
f 4980/4980/4980 4984/4984/4984 4981/4981/4981
f 4981/4981/4981 4984/4984/4984 4985/4985/4985
f 4981/4981/4981 4985/4985/4985 4982/4982/4982
f 4982/4982/4982 4985/4985/4985 4986/4986/4986
f 4987/4987/4987 4991/4991/4991 4988/4988/4988
f 4988/4988/4988 4991/4991/4991 4992/4992/4992
f 4988/4988/4988 4992/4992/4992 4989/4989/4989
f 4989/4989/4989 4992/4992/4992 4993/4993/4993
f 4989/4989/4989 4993/4993/4993 4990/4990/4990
f 4990/4990/4990 4993/4993/4993 4994/4994/4994
f 4991/4991/4991 4995/4995/4995 4992/4992/4992
f 4992/4992/4992 4995/4995/4995 4996/4996/4996
f 4992/4992/4992 4996/4996/4996 4993/4993/4993
f 4993/4993/4993 4996/4996/4996 4997/4997/4997
f 4993/4993/4993 4997/4997/4997 4994/4994/4994
f 4994/4994/4994 4997/4997/4997 4998/4998/4998
f 4995/4995/4995 4999/4999/4999 4996/4996/4996
f 4996/4996/4996 4999/4999/4999 5000/5000/5000
f 4996/4996/4996 5000/5000/5000 4997/4997/4997
f 4997/4997/4997 5000/5000/5000 5001/5001/5001
f 4997/4997/4997 5001/5001/5001 4998/4998/4998
f 4998/4998/4998 5001/5001/5001 5002/5002/5002
f 5003/5003/5003 5007/5007/5007 5004/5004/5004
f 5004/5004/5004 5007/5007/5007 5008/5008/5008
f 5004/5004/5004 5008/5008/5008 5005/5005/5005
f 5005/5005/5005 5008/5008/5008 5009/5009/5009
f 5005/5005/5005 5009/5009/5009 5006/5006/5006
f 5006/5006/5006 5009/5009/5009 5010/5010/5010
f 5007/5007/5007 5011/5011/5011 5008/5008/5008
f 5008/5008/5008 5011/5011/5011 5012/5012/5012
f 5008/5008/5008 5012/5012/5012 5009/5009/5009
f 5009/5009/5009 5012/5012/5012 5013/5013/5013
f 5009/5009/5009 5013/5013/5013 5010/5010/5010
f 5010/5010/5010 5013/5013/5013 5014/5014/5014
f 5011/5011/5011 5015/5015/5015 5012/5012/5012
f 5012/5012/5012 5015/5015/5015 5016/5016/5016
f 5012/5012/5012 5016/5016/5016 5013/5013/5013
f 5013/5013/5013 5016/5016/5016 5017/5017/5017
f 5013/5013/5013 5017/5017/5017 5014/5014/5014
f 5014/5014/5014 5017/5017/5017 5018/5018/5018
f 5019/5019/5019 5023/5023/5023 5020/5020/5020
f 5020/5020/5020 5023/5023/5023 5024/5024/5024
f 5020/5020/5020 5024/5024/5024 5021/5021/5021
f 5021/5021/5021 5024/5024/5024 5025/5025/5025
f 5021/5021/5021 5025/5025/5025 5022/5022/5022
f 5022/5022/5022 5025/5025/5025 5026/5026/5026
f 5023/5023/5023 5027/5027/5027 5024/5024/5024
f 5024/5024/5024 5027/5027/5027 5028/5028/5028
f 5024/5024/5024 5028/5028/5028 5025/5025/5025
f 5025/5025/5025 5028/5028/5028 5029/5029/5029
f 5025/5025/5025 5029/5029/5029 5026/5026/5026
f 5026/5026/5026 5029/5029/5029 5030/5030/5030
f 5027/5027/5027 5031/5031/5031 5028/5028/5028
f 5028/5028/5028 5031/5031/5031 5032/5032/5032
f 5028/5028/5028 5032/5032/5032 5029/5029/5029
f 5029/5029/5029 5032/5032/5032 5033/5033/5033
f 5029/5029/5029 5033/5033/5033 5030/5030/5030
f 5030/5030/5030 5033/5033/5033 5034/5034/5034
f 5035/5035/5035 5039/5039/5039 5036/5036/5036
f 5036/5036/5036 5039/5039/5039 5040/5040/5040
f 5036/5036/5036 5040/5040/5040 5037/5037/5037
f 5037/5037/5037 5040/5040/5040 5041/5041/5041
f 5037/5037/5037 5041/5041/5041 5038/5038/5038
f 5038/5038/5038 5041/5041/5041 5042/5042/5042
f 5039/5039/5039 5043/5043/5043 5040/5040/5040
f 5040/5040/5040 5043/5043/5043 5044/5044/5044
f 5040/5040/5040 5044/5044/5044 5041/5041/5041
f 5041/5041/5041 5044/5044/5044 5045/5045/5045
f 5041/5041/5041 5045/5045/5045 5042/5042/5042
f 5042/5042/5042 5045/5045/5045 5046/5046/5046
f 5043/5043/5043 5047/5047/5047 5044/5044/5044
f 5044/5044/5044 5047/5047/5047 5048/5048/5048
f 5044/5044/5044 5048/5048/5048 5045/5045/5045
f 5045/5045/5045 5048/5048/5048 5049/5049/5049
f 5045/5045/5045 5049/5049/5049 5046/5046/5046
f 5046/5046/5046 5049/5049/5049 5050/5050/5050
f 5051/5051/5051 5055/5055/5055 5052/5052/5052
f 5052/5052/5052 5055/5055/5055 5056/5056/5056
f 5052/5052/5052 5056/5056/5056 5053/5053/5053
f 5053/5053/5053 5056/5056/5056 5057/5057/5057
f 5053/5053/5053 5057/5057/5057 5054/5054/5054
f 5054/5054/5054 5057/5057/5057 5058/5058/5058
f 5055/5055/5055 5059/5059/5059 5056/5056/5056
f 5056/5056/5056 5059/5059/5059 5060/5060/5060
f 5056/5056/5056 5060/5060/5060 5057/5057/5057
f 5057/5057/5057 5060/5060/5060 5061/5061/5061
f 5057/5057/5057 5061/5061/5061 5058/5058/5058
f 5058/5058/5058 5061/5061/5061 5062/5062/5062
f 5059/5059/5059 5063/5063/5063 5060/5060/5060
f 5060/5060/5060 5063/5063/5063 5064/5064/5064
f 5060/5060/5060 5064/5064/5064 5061/5061/5061
f 5061/5061/5061 5064/5064/5064 5065/5065/5065
f 5061/5061/5061 5065/5065/5065 5062/5062/5062
f 5062/5062/5062 5065/5065/5065 5066/5066/5066
f 5067/5067/5067 5071/5071/5071 5068/5068/5068
f 5068/5068/5068 5071/5071/5071 5072/5072/5072
f 5068/5068/5068 5072/5072/5072 5069/5069/5069
f 5069/5069/5069 5072/5072/5072 5073/5073/5073
f 5069/5069/5069 5073/5073/5073 5070/5070/5070
f 5070/5070/5070 5073/5073/5073 5074/5074/5074
f 5071/5071/5071 5075/5075/5075 5072/5072/5072
f 5072/5072/5072 5075/5075/5075 5076/5076/5076
f 5072/5072/5072 5076/5076/5076 5073/5073/5073
f 5073/5073/5073 5076/5076/5076 5077/5077/5077
f 5073/5073/5073 5077/5077/5077 5074/5074/5074
f 5074/5074/5074 5077/5077/5077 5078/5078/5078
f 5075/5075/5075 5079/5079/5079 5076/5076/5076
f 5076/5076/5076 5079/5079/5079 5080/5080/5080
f 5076/5076/5076 5080/5080/5080 5077/5077/5077
f 5077/5077/5077 5080/5080/5080 5081/5081/5081
f 5077/5077/5077 5081/5081/5081 5078/5078/5078
f 5078/5078/5078 5081/5081/5081 5082/5082/5082
f 5083/5083/5083 5087/5087/5087 5084/5084/5084
f 5084/5084/5084 5087/5087/5087 5088/5088/5088
f 5084/5084/5084 5088/5088/5088 5085/5085/5085
f 5085/5085/5085 5088/5088/5088 5089/5089/5089
f 5085/5085/5085 5089/5089/5089 5086/5086/5086
f 5086/5086/5086 5089/5089/5089 5090/5090/5090
f 5087/5087/5087 5091/5091/5091 5088/5088/5088
f 5088/5088/5088 5091/5091/5091 5092/5092/5092
f 5088/5088/5088 5092/5092/5092 5089/5089/5089
f 5089/5089/5089 5092/5092/5092 5093/5093/5093
f 5089/5089/5089 5093/5093/5093 5090/5090/5090
f 5090/5090/5090 5093/5093/5093 5094/5094/5094
f 5091/5091/5091 5095/5095/5095 5092/5092/5092
f 5092/5092/5092 5095/5095/5095 5096/5096/5096
f 5092/5092/5092 5096/5096/5096 5093/5093/5093
f 5093/5093/5093 5096/5096/5096 5097/5097/5097
f 5093/5093/5093 5097/5097/5097 5094/5094/5094
f 5094/5094/5094 5097/5097/5097 5098/5098/5098
f 5099/5099/5099 5103/5103/5103 5100/5100/5100
f 5100/5100/5100 5103/5103/5103 5104/5104/5104
f 5100/5100/5100 5104/5104/5104 5101/5101/5101
f 5101/5101/5101 5104/5104/5104 5105/5105/5105
f 5101/5101/5101 5105/5105/5105 5102/5102/5102
f 5102/5102/5102 5105/5105/5105 5106/5106/5106
f 5103/5103/5103 5107/5107/5107 5104/5104/5104
f 5104/5104/5104 5107/5107/5107 5108/5108/5108
f 5104/5104/5104 5108/5108/5108 5105/5105/5105
f 5105/5105/5105 5108/5108/5108 5109/5109/5109
f 5105/5105/5105 5109/5109/5109 5106/5106/5106
f 5106/5106/5106 5109/5109/5109 5110/5110/5110
f 5107/5107/5107 5111/5111/5111 5108/5108/5108
f 5108/5108/5108 5111/5111/5111 5112/5112/5112
f 5108/5108/5108 5112/5112/5112 5109/5109/5109
f 5109/5109/5109 5112/5112/5112 5113/5113/5113
f 5109/5109/5109 5113/5113/5113 5110/5110/5110
f 5110/5110/5110 5113/5113/5113 5114/5114/5114
f 5115/5115/5115 5119/5119/5119 5116/5116/5116
f 5116/5116/5116 5119/5119/5119 5120/5120/5120
f 5116/5116/5116 5120/5120/5120 5117/5117/5117
f 5117/5117/5117 5120/5120/5120 5121/5121/5121
f 5117/5117/5117 5121/5121/5121 5118/5118/5118
f 5118/5118/5118 5121/5121/5121 5122/5122/5122
f 5119/5119/5119 5123/5123/5123 5120/5120/5120
f 5120/5120/5120 5123/5123/5123 5124/5124/5124
f 5120/5120/5120 5124/5124/5124 5121/5121/5121
f 5121/5121/5121 5124/5124/5124 5125/5125/5125
f 5121/5121/5121 5125/5125/5125 5122/5122/5122
f 5122/5122/5122 5125/5125/5125 5126/5126/5126
f 5123/5123/5123 5127/5127/5127 5124/5124/5124
f 5124/5124/5124 5127/5127/5127 5128/5128/5128
f 5124/5124/5124 5128/5128/5128 5125/5125/5125
f 5125/5125/5125 5128/5128/5128 5129/5129/5129
f 5125/5125/5125 5129/5129/5129 5126/5126/5126
f 5126/5126/5126 5129/5129/5129 5130/5130/5130
f 5131/5131/5131 5135/5135/5135 5132/5132/5132
f 5132/5132/5132 5135/5135/5135 5136/5136/5136
f 5132/5132/5132 5136/5136/5136 5133/5133/5133
f 5133/5133/5133 5136/5136/5136 5137/5137/5137
f 5133/5133/5133 5137/5137/5137 5134/5134/5134
f 5134/5134/5134 5137/5137/5137 5138/5138/5138
f 5135/5135/5135 5139/5139/5139 5136/5136/5136
f 5136/5136/5136 5139/5139/5139 5140/5140/5140
f 5136/5136/5136 5140/5140/5140 5137/5137/5137
f 5137/5137/5137 5140/5140/5140 5141/5141/5141
f 5137/5137/5137 5141/5141/5141 5138/5138/5138
f 5138/5138/5138 5141/5141/5141 5142/5142/5142
f 5139/5139/5139 5143/5143/5143 5140/5140/5140
f 5140/5140/5140 5143/5143/5143 5144/5144/5144
f 5140/5140/5140 5144/5144/5144 5141/5141/5141
f 5141/5141/5141 5144/5144/5144 5145/5145/5145
f 5141/5141/5141 5145/5145/5145 5142/5142/5142
f 5142/5142/5142 5145/5145/5145 5146/5146/5146
f 5147/5147/5147 5151/5151/5151 5148/5148/5148
f 5148/5148/5148 5151/5151/5151 5152/5152/5152
f 5148/5148/5148 5152/5152/5152 5149/5149/5149
f 5149/5149/5149 5152/5152/5152 5153/5153/5153
f 5149/5149/5149 5153/5153/5153 5150/5150/5150
f 5150/5150/5150 5153/5153/5153 5154/5154/5154
f 5151/5151/5151 5155/5155/5155 5152/5152/5152
f 5152/5152/5152 5155/5155/5155 5156/5156/5156
f 5152/5152/5152 5156/5156/5156 5153/5153/5153
f 5153/5153/5153 5156/5156/5156 5157/5157/5157
f 5153/5153/5153 5157/5157/5157 5154/5154/5154
f 5154/5154/5154 5157/5157/5157 5158/5158/5158
f 5155/5155/5155 5159/5159/5159 5156/5156/5156
f 5156/5156/5156 5159/5159/5159 5160/5160/5160
f 5156/5156/5156 5160/5160/5160 5157/5157/5157
f 5157/5157/5157 5160/5160/5160 5161/5161/5161
f 5157/5157/5157 5161/5161/5161 5158/5158/5158
f 5158/5158/5158 5161/5161/5161 5162/5162/5162
f 5163/5163/5163 5167/5167/5167 5164/5164/5164
f 5164/5164/5164 5167/5167/5167 5168/5168/5168
f 5164/5164/5164 5168/5168/5168 5165/5165/5165
f 5165/5165/5165 5168/5168/5168 5169/5169/5169
f 5165/5165/5165 5169/5169/5169 5166/5166/5166
f 5166/5166/5166 5169/5169/5169 5170/5170/5170
f 5167/5167/5167 5171/5171/5171 5168/5168/5168
f 5168/5168/5168 5171/5171/5171 5172/5172/5172
f 5168/5168/5168 5172/5172/5172 5169/5169/5169
f 5169/5169/5169 5172/5172/5172 5173/5173/5173
f 5169/5169/5169 5173/5173/5173 5170/5170/5170
f 5170/5170/5170 5173/5173/5173 5174/5174/5174
f 5171/5171/5171 5175/5175/5175 5172/5172/5172
f 5172/5172/5172 5175/5175/5175 5176/5176/5176
f 5172/5172/5172 5176/5176/5176 5173/5173/5173
f 5173/5173/5173 5176/5176/5176 5177/5177/5177
f 5173/5173/5173 5177/5177/5177 5174/5174/5174
f 5174/5174/5174 5177/5177/5177 5178/5178/5178
f 5179/5179/5179 5183/5183/5183 5180/5180/5180
f 5180/5180/5180 5183/5183/5183 5184/5184/5184
f 5180/5180/5180 5184/5184/5184 5181/5181/5181
f 5181/5181/5181 5184/5184/5184 5185/5185/5185
f 5181/5181/5181 5185/5185/5185 5182/5182/5182
f 5182/5182/5182 5185/5185/5185 5186/5186/5186
f 5183/5183/5183 5187/5187/5187 5184/5184/5184
f 5184/5184/5184 5187/5187/5187 5188/5188/5188
f 5184/5184/5184 5188/5188/5188 5185/5185/5185
f 5185/5185/5185 5188/5188/5188 5189/5189/5189
f 5185/5185/5185 5189/5189/5189 5186/5186/5186
f 5186/5186/5186 5189/5189/5189 5190/5190/5190
f 5187/5187/5187 5191/5191/5191 5188/5188/5188
f 5188/5188/5188 5191/5191/5191 5192/5192/5192
f 5188/5188/5188 5192/5192/5192 5189/5189/5189
f 5189/5189/5189 5192/5192/5192 5193/5193/5193
f 5189/5189/5189 5193/5193/5193 5190/5190/5190
f 5190/5190/5190 5193/5193/5193 5194/5194/5194
f 5195/5195/5195 5199/5199/5199 5196/5196/5196
f 5196/5196/5196 5199/5199/5199 5200/5200/5200
f 5196/5196/5196 5200/5200/5200 5197/5197/5197
f 5197/5197/5197 5200/5200/5200 5201/5201/5201
f 5197/5197/5197 5201/5201/5201 5198/5198/5198
f 5198/5198/5198 5201/5201/5201 5202/5202/5202
f 5199/5199/5199 5203/5203/5203 5200/5200/5200
f 5200/5200/5200 5203/5203/5203 5204/5204/5204
f 5200/5200/5200 5204/5204/5204 5201/5201/5201
f 5201/5201/5201 5204/5204/5204 5205/5205/5205
f 5201/5201/5201 5205/5205/5205 5202/5202/5202
f 5202/5202/5202 5205/5205/5205 5206/5206/5206
f 5203/5203/5203 5207/5207/5207 5204/5204/5204
f 5204/5204/5204 5207/5207/5207 5208/5208/5208
f 5204/5204/5204 5208/5208/5208 5205/5205/5205
f 5205/5205/5205 5208/5208/5208 5209/5209/5209
f 5205/5205/5205 5209/5209/5209 5206/5206/5206
f 5206/5206/5206 5209/5209/5209 5210/5210/5210
f 5211/5211/5211 5215/5215/5215 5212/5212/5212
f 5212/5212/5212 5215/5215/5215 5216/5216/5216
f 5212/5212/5212 5216/5216/5216 5213/5213/5213
f 5213/5213/5213 5216/5216/5216 5217/5217/5217
f 5213/5213/5213 5217/5217/5217 5214/5214/5214
f 5214/5214/5214 5217/5217/5217 5218/5218/5218
f 5215/5215/5215 5219/5219/5219 5216/5216/5216
f 5216/5216/5216 5219/5219/5219 5220/5220/5220
f 5216/5216/5216 5220/5220/5220 5217/5217/5217
f 5217/5217/5217 5220/5220/5220 5221/5221/5221
f 5217/5217/5217 5221/5221/5221 5218/5218/5218
f 5218/5218/5218 5221/5221/5221 5222/5222/5222
f 5219/5219/5219 5223/5223/5223 5220/5220/5220
f 5220/5220/5220 5223/5223/5223 5224/5224/5224
f 5220/5220/5220 5224/5224/5224 5221/5221/5221
f 5221/5221/5221 5224/5224/5224 5225/5225/5225
f 5221/5221/5221 5225/5225/5225 5222/5222/5222
f 5222/5222/5222 5225/5225/5225 5226/5226/5226
f 5227/5227/5227 5231/5231/5231 5228/5228/5228
f 5228/5228/5228 5231/5231/5231 5232/5232/5232
f 5228/5228/5228 5232/5232/5232 5229/5229/5229
f 5229/5229/5229 5232/5232/5232 5233/5233/5233
f 5229/5229/5229 5233/5233/5233 5230/5230/5230
f 5230/5230/5230 5233/5233/5233 5234/5234/5234
f 5231/5231/5231 5235/5235/5235 5232/5232/5232
f 5232/5232/5232 5235/5235/5235 5236/5236/5236
f 5232/5232/5232 5236/5236/5236 5233/5233/5233
f 5233/5233/5233 5236/5236/5236 5237/5237/5237
f 5233/5233/5233 5237/5237/5237 5234/5234/5234
f 5234/5234/5234 5237/5237/5237 5238/5238/5238
f 5235/5235/5235 5239/5239/5239 5236/5236/5236
f 5236/5236/5236 5239/5239/5239 5240/5240/5240
f 5236/5236/5236 5240/5240/5240 5237/5237/5237
f 5237/5237/5237 5240/5240/5240 5241/5241/5241
f 5237/5237/5237 5241/5241/5241 5238/5238/5238
f 5238/5238/5238 5241/5241/5241 5242/5242/5242
f 5243/5243/5243 5247/5247/5247 5244/5244/5244
f 5244/5244/5244 5247/5247/5247 5248/5248/5248
f 5244/5244/5244 5248/5248/5248 5245/5245/5245
f 5245/5245/5245 5248/5248/5248 5249/5249/5249
f 5245/5245/5245 5249/5249/5249 5246/5246/5246
f 5246/5246/5246 5249/5249/5249 5250/5250/5250
f 5247/5247/5247 5251/5251/5251 5248/5248/5248
f 5248/5248/5248 5251/5251/5251 5252/5252/5252
f 5248/5248/5248 5252/5252/5252 5249/5249/5249
f 5249/5249/5249 5252/5252/5252 5253/5253/5253
f 5249/5249/5249 5253/5253/5253 5250/5250/5250
f 5250/5250/5250 5253/5253/5253 5254/5254/5254
f 5251/5251/5251 5255/5255/5255 5252/5252/5252
f 5252/5252/5252 5255/5255/5255 5256/5256/5256
f 5252/5252/5252 5256/5256/5256 5253/5253/5253
f 5253/5253/5253 5256/5256/5256 5257/5257/5257
f 5253/5253/5253 5257/5257/5257 5254/5254/5254
f 5254/5254/5254 5257/5257/5257 5258/5258/5258
f 5259/5259/5259 5263/5263/5263 5260/5260/5260
f 5260/5260/5260 5263/5263/5263 5264/5264/5264
f 5260/5260/5260 5264/5264/5264 5261/5261/5261
f 5261/5261/5261 5264/5264/5264 5265/5265/5265
f 5261/5261/5261 5265/5265/5265 5262/5262/5262
f 5262/5262/5262 5265/5265/5265 5266/5266/5266
f 5263/5263/5263 5267/5267/5267 5264/5264/5264
f 5264/5264/5264 5267/5267/5267 5268/5268/5268
f 5264/5264/5264 5268/5268/5268 5265/5265/5265
f 5265/5265/5265 5268/5268/5268 5269/5269/5269
f 5265/5265/5265 5269/5269/5269 5266/5266/5266
f 5266/5266/5266 5269/5269/5269 5270/5270/5270
f 5267/5267/5267 5271/5271/5271 5268/5268/5268
f 5268/5268/5268 5271/5271/5271 5272/5272/5272
f 5268/5268/5268 5272/5272/5272 5269/5269/5269
f 5269/5269/5269 5272/5272/5272 5273/5273/5273
f 5269/5269/5269 5273/5273/5273 5270/5270/5270
f 5270/5270/5270 5273/5273/5273 5274/5274/5274
f 5275/5275/5275 5279/5279/5279 5276/5276/5276
f 5276/5276/5276 5279/5279/5279 5280/5280/5280
f 5276/5276/5276 5280/5280/5280 5277/5277/5277
f 5277/5277/5277 5280/5280/5280 5281/5281/5281
f 5277/5277/5277 5281/5281/5281 5278/5278/5278
f 5278/5278/5278 5281/5281/5281 5282/5282/5282
f 5279/5279/5279 5283/5283/5283 5280/5280/5280
f 5280/5280/5280 5283/5283/5283 5284/5284/5284
f 5280/5280/5280 5284/5284/5284 5281/5281/5281
f 5281/5281/5281 5284/5284/5284 5285/5285/5285
f 5281/5281/5281 5285/5285/5285 5282/5282/5282
f 5282/5282/5282 5285/5285/5285 5286/5286/5286
f 5283/5283/5283 5287/5287/5287 5284/5284/5284
f 5284/5284/5284 5287/5287/5287 5288/5288/5288
f 5284/5284/5284 5288/5288/5288 5285/5285/5285
f 5285/5285/5285 5288/5288/5288 5289/5289/5289
f 5285/5285/5285 5289/5289/5289 5286/5286/5286
f 5286/5286/5286 5289/5289/5289 5290/5290/5290
f 5291/5291/5291 5295/5295/5295 5292/5292/5292
f 5292/5292/5292 5295/5295/5295 5296/5296/5296
f 5292/5292/5292 5296/5296/5296 5293/5293/5293
f 5293/5293/5293 5296/5296/5296 5297/5297/5297
f 5293/5293/5293 5297/5297/5297 5294/5294/5294
f 5294/5294/5294 5297/5297/5297 5298/5298/5298
f 5295/5295/5295 5299/5299/5299 5296/5296/5296
f 5296/5296/5296 5299/5299/5299 5300/5300/5300
f 5296/5296/5296 5300/5300/5300 5297/5297/5297
f 5297/5297/5297 5300/5300/5300 5301/5301/5301
f 5297/5297/5297 5301/5301/5301 5298/5298/5298
f 5298/5298/5298 5301/5301/5301 5302/5302/5302
f 5299/5299/5299 5303/5303/5303 5300/5300/5300
f 5300/5300/5300 5303/5303/5303 5304/5304/5304
f 5300/5300/5300 5304/5304/5304 5301/5301/5301
f 5301/5301/5301 5304/5304/5304 5305/5305/5305
f 5301/5301/5301 5305/5305/5305 5302/5302/5302
f 5302/5302/5302 5305/5305/5305 5306/5306/5306
f 5307/5307/5307 5311/5311/5311 5308/5308/5308
f 5308/5308/5308 5311/5311/5311 5312/5312/5312
f 5308/5308/5308 5312/5312/5312 5309/5309/5309
f 5309/5309/5309 5312/5312/5312 5313/5313/5313
f 5309/5309/5309 5313/5313/5313 5310/5310/5310
f 5310/5310/5310 5313/5313/5313 5314/5314/5314
f 5311/5311/5311 5315/5315/5315 5312/5312/5312
f 5312/5312/5312 5315/5315/5315 5316/5316/5316
f 5312/5312/5312 5316/5316/5316 5313/5313/5313
f 5313/5313/5313 5316/5316/5316 5317/5317/5317
f 5313/5313/5313 5317/5317/5317 5314/5314/5314
f 5314/5314/5314 5317/5317/5317 5318/5318/5318
f 5315/5315/5315 5319/5319/5319 5316/5316/5316
f 5316/5316/5316 5319/5319/5319 5320/5320/5320
f 5316/5316/5316 5320/5320/5320 5317/5317/5317
f 5317/5317/5317 5320/5320/5320 5321/5321/5321
f 5317/5317/5317 5321/5321/5321 5318/5318/5318
f 5318/5318/5318 5321/5321/5321 5322/5322/5322
f 5323/5323/5323 5327/5327/5327 5324/5324/5324
f 5324/5324/5324 5327/5327/5327 5328/5328/5328
f 5324/5324/5324 5328/5328/5328 5325/5325/5325
f 5325/5325/5325 5328/5328/5328 5329/5329/5329
f 5325/5325/5325 5329/5329/5329 5326/5326/5326
f 5326/5326/5326 5329/5329/5329 5330/5330/5330
f 5327/5327/5327 5331/5331/5331 5328/5328/5328
f 5328/5328/5328 5331/5331/5331 5332/5332/5332
f 5328/5328/5328 5332/5332/5332 5329/5329/5329
f 5329/5329/5329 5332/5332/5332 5333/5333/5333
f 5329/5329/5329 5333/5333/5333 5330/5330/5330
f 5330/5330/5330 5333/5333/5333 5334/5334/5334
f 5331/5331/5331 5335/5335/5335 5332/5332/5332
f 5332/5332/5332 5335/5335/5335 5336/5336/5336
f 5332/5332/5332 5336/5336/5336 5333/5333/5333
f 5333/5333/5333 5336/5336/5336 5337/5337/5337
f 5333/5333/5333 5337/5337/5337 5334/5334/5334
f 5334/5334/5334 5337/5337/5337 5338/5338/5338
f 5339/5339/5339 5343/5343/5343 5340/5340/5340
f 5340/5340/5340 5343/5343/5343 5344/5344/5344
f 5340/5340/5340 5344/5344/5344 5341/5341/5341
f 5341/5341/5341 5344/5344/5344 5345/5345/5345
f 5341/5341/5341 5345/5345/5345 5342/5342/5342
f 5342/5342/5342 5345/5345/5345 5346/5346/5346
f 5343/5343/5343 5347/5347/5347 5344/5344/5344
f 5344/5344/5344 5347/5347/5347 5348/5348/5348
f 5344/5344/5344 5348/5348/5348 5345/5345/5345
f 5345/5345/5345 5348/5348/5348 5349/5349/5349
f 5345/5345/5345 5349/5349/5349 5346/5346/5346
f 5346/5346/5346 5349/5349/5349 5350/5350/5350
f 5347/5347/5347 5351/5351/5351 5348/5348/5348
f 5348/5348/5348 5351/5351/5351 5352/5352/5352
f 5348/5348/5348 5352/5352/5352 5349/5349/5349
f 5349/5349/5349 5352/5352/5352 5353/5353/5353
f 5349/5349/5349 5353/5353/5353 5350/5350/5350
f 5350/5350/5350 5353/5353/5353 5354/5354/5354
f 5355/5355/5355 5359/5359/5359 5356/5356/5356
f 5356/5356/5356 5359/5359/5359 5360/5360/5360
f 5356/5356/5356 5360/5360/5360 5357/5357/5357
f 5357/5357/5357 5360/5360/5360 5361/5361/5361
f 5357/5357/5357 5361/5361/5361 5358/5358/5358
f 5358/5358/5358 5361/5361/5361 5362/5362/5362
f 5359/5359/5359 5363/5363/5363 5360/5360/5360
f 5360/5360/5360 5363/5363/5363 5364/5364/5364
f 5360/5360/5360 5364/5364/5364 5361/5361/5361
f 5361/5361/5361 5364/5364/5364 5365/5365/5365
f 5361/5361/5361 5365/5365/5365 5362/5362/5362
f 5362/5362/5362 5365/5365/5365 5366/5366/5366
f 5363/5363/5363 5367/5367/5367 5364/5364/5364
f 5364/5364/5364 5367/5367/5367 5368/5368/5368
f 5364/5364/5364 5368/5368/5368 5365/5365/5365
f 5365/5365/5365 5368/5368/5368 5369/5369/5369
f 5365/5365/5365 5369/5369/5369 5366/5366/5366
f 5366/5366/5366 5369/5369/5369 5370/5370/5370
f 5371/5371/5371 5375/5375/5375 5372/5372/5372
f 5372/5372/5372 5375/5375/5375 5376/5376/5376
f 5372/5372/5372 5376/5376/5376 5373/5373/5373
f 5373/5373/5373 5376/5376/5376 5377/5377/5377
f 5373/5373/5373 5377/5377/5377 5374/5374/5374
f 5374/5374/5374 5377/5377/5377 5378/5378/5378
f 5375/5375/5375 5379/5379/5379 5376/5376/5376
f 5376/5376/5376 5379/5379/5379 5380/5380/5380
f 5376/5376/5376 5380/5380/5380 5377/5377/5377
f 5377/5377/5377 5380/5380/5380 5381/5381/5381
f 5377/5377/5377 5381/5381/5381 5378/5378/5378
f 5378/5378/5378 5381/5381/5381 5382/5382/5382
f 5379/5379/5379 5383/5383/5383 5380/5380/5380
f 5380/5380/5380 5383/5383/5383 5384/5384/5384
f 5380/5380/5380 5384/5384/5384 5381/5381/5381
f 5381/5381/5381 5384/5384/5384 5385/5385/5385
f 5381/5381/5381 5385/5385/5385 5382/5382/5382
f 5382/5382/5382 5385/5385/5385 5386/5386/5386
f 5387/5387/5387 5391/5391/5391 5388/5388/5388
f 5388/5388/5388 5391/5391/5391 5392/5392/5392
f 5388/5388/5388 5392/5392/5392 5389/5389/5389
f 5389/5389/5389 5392/5392/5392 5393/5393/5393
f 5389/5389/5389 5393/5393/5393 5390/5390/5390
f 5390/5390/5390 5393/5393/5393 5394/5394/5394
f 5391/5391/5391 5395/5395/5395 5392/5392/5392
f 5392/5392/5392 5395/5395/5395 5396/5396/5396
f 5392/5392/5392 5396/5396/5396 5393/5393/5393
f 5393/5393/5393 5396/5396/5396 5397/5397/5397
f 5393/5393/5393 5397/5397/5397 5394/5394/5394
f 5394/5394/5394 5397/5397/5397 5398/5398/5398
f 5395/5395/5395 5399/5399/5399 5396/5396/5396
f 5396/5396/5396 5399/5399/5399 5400/5400/5400
f 5396/5396/5396 5400/5400/5400 5397/5397/5397
f 5397/5397/5397 5400/5400/5400 5401/5401/5401
f 5397/5397/5397 5401/5401/5401 5398/5398/5398
f 5398/5398/5398 5401/5401/5401 5402/5402/5402
f 5403/5403/5403 5407/5407/5407 5404/5404/5404
f 5404/5404/5404 5407/5407/5407 5408/5408/5408
f 5404/5404/5404 5408/5408/5408 5405/5405/5405
f 5405/5405/5405 5408/5408/5408 5409/5409/5409
f 5405/5405/5405 5409/5409/5409 5406/5406/5406
f 5406/5406/5406 5409/5409/5409 5410/5410/5410
f 5407/5407/5407 5411/5411/5411 5408/5408/5408
f 5408/5408/5408 5411/5411/5411 5412/5412/5412
f 5408/5408/5408 5412/5412/5412 5409/5409/5409
f 5409/5409/5409 5412/5412/5412 5413/5413/5413
f 5409/5409/5409 5413/5413/5413 5410/5410/5410
f 5410/5410/5410 5413/5413/5413 5414/5414/5414
f 5411/5411/5411 5415/5415/5415 5412/5412/5412
f 5412/5412/5412 5415/5415/5415 5416/5416/5416
f 5412/5412/5412 5416/5416/5416 5413/5413/5413
f 5413/5413/5413 5416/5416/5416 5417/5417/5417
f 5413/5413/5413 5417/5417/5417 5414/5414/5414
f 5414/5414/5414 5417/5417/5417 5418/5418/5418
f 5419/5419/5419 5423/5423/5423 5420/5420/5420
f 5420/5420/5420 5423/5423/5423 5424/5424/5424
f 5420/5420/5420 5424/5424/5424 5421/5421/5421
f 5421/5421/5421 5424/5424/5424 5425/5425/5425
f 5421/5421/5421 5425/5425/5425 5422/5422/5422
f 5422/5422/5422 5425/5425/5425 5426/5426/5426
f 5423/5423/5423 5427/5427/5427 5424/5424/5424
f 5424/5424/5424 5427/5427/5427 5428/5428/5428
f 5424/5424/5424 5428/5428/5428 5425/5425/5425
f 5425/5425/5425 5428/5428/5428 5429/5429/5429
f 5425/5425/5425 5429/5429/5429 5426/5426/5426
f 5426/5426/5426 5429/5429/5429 5430/5430/5430
f 5427/5427/5427 5431/5431/5431 5428/5428/5428
f 5428/5428/5428 5431/5431/5431 5432/5432/5432
f 5428/5428/5428 5432/5432/5432 5429/5429/5429
f 5429/5429/5429 5432/5432/5432 5433/5433/5433
f 5429/5429/5429 5433/5433/5433 5430/5430/5430
f 5430/5430/5430 5433/5433/5433 5434/5434/5434
f 5435/5435/5435 5439/5439/5439 5436/5436/5436
f 5436/5436/5436 5439/5439/5439 5440/5440/5440
f 5436/5436/5436 5440/5440/5440 5437/5437/5437
f 5437/5437/5437 5440/5440/5440 5441/5441/5441
f 5437/5437/5437 5441/5441/5441 5438/5438/5438
f 5438/5438/5438 5441/5441/5441 5442/5442/5442
f 5439/5439/5439 5443/5443/5443 5440/5440/5440
f 5440/5440/5440 5443/5443/5443 5444/5444/5444
f 5440/5440/5440 5444/5444/5444 5441/5441/5441
f 5441/5441/5441 5444/5444/5444 5445/5445/5445
f 5441/5441/5441 5445/5445/5445 5442/5442/5442
f 5442/5442/5442 5445/5445/5445 5446/5446/5446
f 5443/5443/5443 5447/5447/5447 5444/5444/5444
f 5444/5444/5444 5447/5447/5447 5448/5448/5448
f 5444/5444/5444 5448/5448/5448 5445/5445/5445
f 5445/5445/5445 5448/5448/5448 5449/5449/5449
f 5445/5445/5445 5449/5449/5449 5446/5446/5446
f 5446/5446/5446 5449/5449/5449 5450/5450/5450
f 5451/5451/5451 5455/5455/5455 5452/5452/5452
f 5452/5452/5452 5455/5455/5455 5456/5456/5456
f 5452/5452/5452 5456/5456/5456 5453/5453/5453
f 5453/5453/5453 5456/5456/5456 5457/5457/5457
f 5453/5453/5453 5457/5457/5457 5454/5454/5454
f 5454/5454/5454 5457/5457/5457 5458/5458/5458
f 5455/5455/5455 5459/5459/5459 5456/5456/5456
f 5456/5456/5456 5459/5459/5459 5460/5460/5460
f 5456/5456/5456 5460/5460/5460 5457/5457/5457
f 5457/5457/5457 5460/5460/5460 5461/5461/5461
f 5457/5457/5457 5461/5461/5461 5458/5458/5458
f 5458/5458/5458 5461/5461/5461 5462/5462/5462
f 5459/5459/5459 5463/5463/5463 5460/5460/5460
f 5460/5460/5460 5463/5463/5463 5464/5464/5464
f 5460/5460/5460 5464/5464/5464 5461/5461/5461
f 5461/5461/5461 5464/5464/5464 5465/5465/5465
f 5461/5461/5461 5465/5465/5465 5462/5462/5462
f 5462/5462/5462 5465/5465/5465 5466/5466/5466
f 5467/5467/5467 5471/5471/5471 5468/5468/5468
f 5468/5468/5468 5471/5471/5471 5472/5472/5472
f 5468/5468/5468 5472/5472/5472 5469/5469/5469
f 5469/5469/5469 5472/5472/5472 5473/5473/5473
f 5469/5469/5469 5473/5473/5473 5470/5470/5470
f 5470/5470/5470 5473/5473/5473 5474/5474/5474
f 5471/5471/5471 5475/5475/5475 5472/5472/5472
f 5472/5472/5472 5475/5475/5475 5476/5476/5476
f 5472/5472/5472 5476/5476/5476 5473/5473/5473
f 5473/5473/5473 5476/5476/5476 5477/5477/5477
f 5473/5473/5473 5477/5477/5477 5474/5474/5474
f 5474/5474/5474 5477/5477/5477 5478/5478/5478
f 5475/5475/5475 5479/5479/5479 5476/5476/5476
f 5476/5476/5476 5479/5479/5479 5480/5480/5480
f 5476/5476/5476 5480/5480/5480 5477/5477/5477
f 5477/5477/5477 5480/5480/5480 5481/5481/5481
f 5477/5477/5477 5481/5481/5481 5478/5478/5478
f 5478/5478/5478 5481/5481/5481 5482/5482/5482
f 5483/5483/5483 5487/5487/5487 5484/5484/5484
f 5484/5484/5484 5487/5487/5487 5488/5488/5488
f 5484/5484/5484 5488/5488/5488 5485/5485/5485
f 5485/5485/5485 5488/5488/5488 5489/5489/5489
f 5485/5485/5485 5489/5489/5489 5486/5486/5486
f 5486/5486/5486 5489/5489/5489 5490/5490/5490
f 5487/5487/5487 5491/5491/5491 5488/5488/5488
f 5488/5488/5488 5491/5491/5491 5492/5492/5492
f 5488/5488/5488 5492/5492/5492 5489/5489/5489
f 5489/5489/5489 5492/5492/5492 5493/5493/5493
f 5489/5489/5489 5493/5493/5493 5490/5490/5490
f 5490/5490/5490 5493/5493/5493 5494/5494/5494
f 5491/5491/5491 5495/5495/5495 5492/5492/5492
f 5492/5492/5492 5495/5495/5495 5496/5496/5496
f 5492/5492/5492 5496/5496/5496 5493/5493/5493
f 5493/5493/5493 5496/5496/5496 5497/5497/5497
f 5493/5493/5493 5497/5497/5497 5494/5494/5494
f 5494/5494/5494 5497/5497/5497 5498/5498/5498
f 5499/5499/5499 5503/5503/5503 5500/5500/5500
f 5500/5500/5500 5503/5503/5503 5504/5504/5504
f 5500/5500/5500 5504/5504/5504 5501/5501/5501
f 5501/5501/5501 5504/5504/5504 5505/5505/5505
f 5501/5501/5501 5505/5505/5505 5502/5502/5502
f 5502/5502/5502 5505/5505/5505 5506/5506/5506
f 5503/5503/5503 5507/5507/5507 5504/5504/5504
f 5504/5504/5504 5507/5507/5507 5508/5508/5508
f 5504/5504/5504 5508/5508/5508 5505/5505/5505
f 5505/5505/5505 5508/5508/5508 5509/5509/5509
f 5505/5505/5505 5509/5509/5509 5506/5506/5506
f 5506/5506/5506 5509/5509/5509 5510/5510/5510
f 5507/5507/5507 5511/5511/5511 5508/5508/5508
f 5508/5508/5508 5511/5511/5511 5512/5512/5512
f 5508/5508/5508 5512/5512/5512 5509/5509/5509
f 5509/5509/5509 5512/5512/5512 5513/5513/5513
f 5509/5509/5509 5513/5513/5513 5510/5510/5510
f 5510/5510/5510 5513/5513/5513 5514/5514/5514
f 5515/5515/5515 5519/5519/5519 5516/5516/5516
f 5516/5516/5516 5519/5519/5519 5520/5520/5520
f 5516/5516/5516 5520/5520/5520 5517/5517/5517
f 5517/5517/5517 5520/5520/5520 5521/5521/5521
f 5517/5517/5517 5521/5521/5521 5518/5518/5518
f 5518/5518/5518 5521/5521/5521 5522/5522/5522
f 5519/5519/5519 5523/5523/5523 5520/5520/5520
f 5520/5520/5520 5523/5523/5523 5524/5524/5524
f 5520/5520/5520 5524/5524/5524 5521/5521/5521
f 5521/5521/5521 5524/5524/5524 5525/5525/5525
f 5521/5521/5521 5525/5525/5525 5522/5522/5522
f 5522/5522/5522 5525/5525/5525 5526/5526/5526
f 5523/5523/5523 5527/5527/5527 5524/5524/5524
f 5524/5524/5524 5527/5527/5527 5528/5528/5528
f 5524/5524/5524 5528/5528/5528 5525/5525/5525
f 5525/5525/5525 5528/5528/5528 5529/5529/5529
f 5525/5525/5525 5529/5529/5529 5526/5526/5526
f 5526/5526/5526 5529/5529/5529 5530/5530/5530
f 5531/5531/5531 5535/5535/5535 5532/5532/5532
f 5532/5532/5532 5535/5535/5535 5536/5536/5536
f 5532/5532/5532 5536/5536/5536 5533/5533/5533
f 5533/5533/5533 5536/5536/5536 5537/5537/5537
f 5533/5533/5533 5537/5537/5537 5534/5534/5534
f 5534/5534/5534 5537/5537/5537 5538/5538/5538
f 5535/5535/5535 5539/5539/5539 5536/5536/5536
f 5536/5536/5536 5539/5539/5539 5540/5540/5540
f 5536/5536/5536 5540/5540/5540 5537/5537/5537
f 5537/5537/5537 5540/5540/5540 5541/5541/5541
f 5537/5537/5537 5541/5541/5541 5538/5538/5538
f 5538/5538/5538 5541/5541/5541 5542/5542/5542
f 5539/5539/5539 5543/5543/5543 5540/5540/5540
f 5540/5540/5540 5543/5543/5543 5544/5544/5544
f 5540/5540/5540 5544/5544/5544 5541/5541/5541
f 5541/5541/5541 5544/5544/5544 5545/5545/5545
f 5541/5541/5541 5545/5545/5545 5542/5542/5542
f 5542/5542/5542 5545/5545/5545 5546/5546/5546
f 5547/5547/5547 5551/5551/5551 5548/5548/5548
f 5548/5548/5548 5551/5551/5551 5552/5552/5552
f 5548/5548/5548 5552/5552/5552 5549/5549/5549
f 5549/5549/5549 5552/5552/5552 5553/5553/5553
f 5549/5549/5549 5553/5553/5553 5550/5550/5550
f 5550/5550/5550 5553/5553/5553 5554/5554/5554
f 5551/5551/5551 5555/5555/5555 5552/5552/5552
f 5552/5552/5552 5555/5555/5555 5556/5556/5556
f 5552/5552/5552 5556/5556/5556 5553/5553/5553
f 5553/5553/5553 5556/5556/5556 5557/5557/5557
f 5553/5553/5553 5557/5557/5557 5554/5554/5554
f 5554/5554/5554 5557/5557/5557 5558/5558/5558
f 5555/5555/5555 5559/5559/5559 5556/5556/5556
f 5556/5556/5556 5559/5559/5559 5560/5560/5560
f 5556/5556/5556 5560/5560/5560 5557/5557/5557
f 5557/5557/5557 5560/5560/5560 5561/5561/5561
f 5557/5557/5557 5561/5561/5561 5558/5558/5558
f 5558/5558/5558 5561/5561/5561 5562/5562/5562
f 5563/5563/5563 5567/5567/5567 5564/5564/5564
f 5564/5564/5564 5567/5567/5567 5568/5568/5568
f 5564/5564/5564 5568/5568/5568 5565/5565/5565
f 5565/5565/5565 5568/5568/5568 5569/5569/5569
f 5565/5565/5565 5569/5569/5569 5566/5566/5566
f 5566/5566/5566 5569/5569/5569 5570/5570/5570
f 5567/5567/5567 5571/5571/5571 5568/5568/5568
f 5568/5568/5568 5571/5571/5571 5572/5572/5572
f 5568/5568/5568 5572/5572/5572 5569/5569/5569
f 5569/5569/5569 5572/5572/5572 5573/5573/5573
f 5569/5569/5569 5573/5573/5573 5570/5570/5570
f 5570/5570/5570 5573/5573/5573 5574/5574/5574
f 5571/5571/5571 5575/5575/5575 5572/5572/5572
f 5572/5572/5572 5575/5575/5575 5576/5576/5576
f 5572/5572/5572 5576/5576/5576 5573/5573/5573
f 5573/5573/5573 5576/5576/5576 5577/5577/5577
f 5573/5573/5573 5577/5577/5577 5574/5574/5574
f 5574/5574/5574 5577/5577/5577 5578/5578/5578
f 5579/5579/5579 5583/5583/5583 5580/5580/5580
f 5580/5580/5580 5583/5583/5583 5584/5584/5584
f 5580/5580/5580 5584/5584/5584 5581/5581/5581
f 5581/5581/5581 5584/5584/5584 5585/5585/5585
f 5581/5581/5581 5585/5585/5585 5582/5582/5582
f 5582/5582/5582 5585/5585/5585 5586/5586/5586
f 5583/5583/5583 5587/5587/5587 5584/5584/5584
f 5584/5584/5584 5587/5587/5587 5588/5588/5588
f 5584/5584/5584 5588/5588/5588 5585/5585/5585
f 5585/5585/5585 5588/5588/5588 5589/5589/5589
f 5585/5585/5585 5589/5589/5589 5586/5586/5586
f 5586/5586/5586 5589/5589/5589 5590/5590/5590
f 5587/5587/5587 5591/5591/5591 5588/5588/5588
f 5588/5588/5588 5591/5591/5591 5592/5592/5592
f 5588/5588/5588 5592/5592/5592 5589/5589/5589
f 5589/5589/5589 5592/5592/5592 5593/5593/5593
f 5589/5589/5589 5593/5593/5593 5590/5590/5590
f 5590/5590/5590 5593/5593/5593 5594/5594/5594
f 5595/5595/5595 5599/5599/5599 5596/5596/5596
f 5596/5596/5596 5599/5599/5599 5600/5600/5600
f 5596/5596/5596 5600/5600/5600 5597/5597/5597
f 5597/5597/5597 5600/5600/5600 5601/5601/5601
f 5597/5597/5597 5601/5601/5601 5598/5598/5598
f 5598/5598/5598 5601/5601/5601 5602/5602/5602
f 5599/5599/5599 5603/5603/5603 5600/5600/5600
f 5600/5600/5600 5603/5603/5603 5604/5604/5604
f 5600/5600/5600 5604/5604/5604 5601/5601/5601
f 5601/5601/5601 5604/5604/5604 5605/5605/5605
f 5601/5601/5601 5605/5605/5605 5602/5602/5602
f 5602/5602/5602 5605/5605/5605 5606/5606/5606
f 5603/5603/5603 5607/5607/5607 5604/5604/5604
f 5604/5604/5604 5607/5607/5607 5608/5608/5608
f 5604/5604/5604 5608/5608/5608 5605/5605/5605
f 5605/5605/5605 5608/5608/5608 5609/5609/5609
f 5605/5605/5605 5609/5609/5609 5606/5606/5606
f 5606/5606/5606 5609/5609/5609 5610/5610/5610
f 5611/5611/5611 5615/5615/5615 5612/5612/5612
f 5612/5612/5612 5615/5615/5615 5616/5616/5616
f 5612/5612/5612 5616/5616/5616 5613/5613/5613
f 5613/5613/5613 5616/5616/5616 5617/5617/5617
f 5613/5613/5613 5617/5617/5617 5614/5614/5614
f 5614/5614/5614 5617/5617/5617 5618/5618/5618
f 5615/5615/5615 5619/5619/5619 5616/5616/5616
f 5616/5616/5616 5619/5619/5619 5620/5620/5620
f 5616/5616/5616 5620/5620/5620 5617/5617/5617
f 5617/5617/5617 5620/5620/5620 5621/5621/5621
f 5617/5617/5617 5621/5621/5621 5618/5618/5618
f 5618/5618/5618 5621/5621/5621 5622/5622/5622
f 5619/5619/5619 5623/5623/5623 5620/5620/5620
f 5620/5620/5620 5623/5623/5623 5624/5624/5624
f 5620/5620/5620 5624/5624/5624 5621/5621/5621
f 5621/5621/5621 5624/5624/5624 5625/5625/5625
f 5621/5621/5621 5625/5625/5625 5622/5622/5622
f 5622/5622/5622 5625/5625/5625 5626/5626/5626
f 5627/5627/5627 5631/5631/5631 5628/5628/5628
f 5628/5628/5628 5631/5631/5631 5632/5632/5632
f 5628/5628/5628 5632/5632/5632 5629/5629/5629
f 5629/5629/5629 5632/5632/5632 5633/5633/5633
f 5629/5629/5629 5633/5633/5633 5630/5630/5630
f 5630/5630/5630 5633/5633/5633 5634/5634/5634
f 5631/5631/5631 5635/5635/5635 5632/5632/5632
f 5632/5632/5632 5635/5635/5635 5636/5636/5636
f 5632/5632/5632 5636/5636/5636 5633/5633/5633
f 5633/5633/5633 5636/5636/5636 5637/5637/5637
f 5633/5633/5633 5637/5637/5637 5634/5634/5634
f 5634/5634/5634 5637/5637/5637 5638/5638/5638
f 5635/5635/5635 5639/5639/5639 5636/5636/5636
f 5636/5636/5636 5639/5639/5639 5640/5640/5640
f 5636/5636/5636 5640/5640/5640 5637/5637/5637
f 5637/5637/5637 5640/5640/5640 5641/5641/5641
f 5637/5637/5637 5641/5641/5641 5638/5638/5638
f 5638/5638/5638 5641/5641/5641 5642/5642/5642
f 5643/5643/5643 5647/5647/5647 5644/5644/5644
f 5644/5644/5644 5647/5647/5647 5648/5648/5648
f 5644/5644/5644 5648/5648/5648 5645/5645/5645
f 5645/5645/5645 5648/5648/5648 5649/5649/5649
f 5645/5645/5645 5649/5649/5649 5646/5646/5646
f 5646/5646/5646 5649/5649/5649 5650/5650/5650
f 5647/5647/5647 5651/5651/5651 5648/5648/5648
f 5648/5648/5648 5651/5651/5651 5652/5652/5652
f 5648/5648/5648 5652/5652/5652 5649/5649/5649
f 5649/5649/5649 5652/5652/5652 5653/5653/5653
f 5649/5649/5649 5653/5653/5653 5650/5650/5650
f 5650/5650/5650 5653/5653/5653 5654/5654/5654
f 5651/5651/5651 5655/5655/5655 5652/5652/5652
f 5652/5652/5652 5655/5655/5655 5656/5656/5656
f 5652/5652/5652 5656/5656/5656 5653/5653/5653
f 5653/5653/5653 5656/5656/5656 5657/5657/5657
f 5653/5653/5653 5657/5657/5657 5654/5654/5654
f 5654/5654/5654 5657/5657/5657 5658/5658/5658
f 5659/5659/5659 5663/5663/5663 5660/5660/5660
f 5660/5660/5660 5663/5663/5663 5664/5664/5664
f 5660/5660/5660 5664/5664/5664 5661/5661/5661
f 5661/5661/5661 5664/5664/5664 5665/5665/5665
f 5661/5661/5661 5665/5665/5665 5662/5662/5662
f 5662/5662/5662 5665/5665/5665 5666/5666/5666
f 5663/5663/5663 5667/5667/5667 5664/5664/5664
f 5664/5664/5664 5667/5667/5667 5668/5668/5668
f 5664/5664/5664 5668/5668/5668 5665/5665/5665
f 5665/5665/5665 5668/5668/5668 5669/5669/5669
f 5665/5665/5665 5669/5669/5669 5666/5666/5666
f 5666/5666/5666 5669/5669/5669 5670/5670/5670
f 5667/5667/5667 5671/5671/5671 5668/5668/5668
f 5668/5668/5668 5671/5671/5671 5672/5672/5672
f 5668/5668/5668 5672/5672/5672 5669/5669/5669
f 5669/5669/5669 5672/5672/5672 5673/5673/5673
f 5669/5669/5669 5673/5673/5673 5670/5670/5670
f 5670/5670/5670 5673/5673/5673 5674/5674/5674
f 5675/5675/5675 5679/5679/5679 5676/5676/5676
f 5676/5676/5676 5679/5679/5679 5680/5680/5680
f 5676/5676/5676 5680/5680/5680 5677/5677/5677
f 5677/5677/5677 5680/5680/5680 5681/5681/5681
f 5677/5677/5677 5681/5681/5681 5678/5678/5678
f 5678/5678/5678 5681/5681/5681 5682/5682/5682
f 5679/5679/5679 5683/5683/5683 5680/5680/5680
f 5680/5680/5680 5683/5683/5683 5684/5684/5684
f 5680/5680/5680 5684/5684/5684 5681/5681/5681
f 5681/5681/5681 5684/5684/5684 5685/5685/5685
f 5681/5681/5681 5685/5685/5685 5682/5682/5682
f 5682/5682/5682 5685/5685/5685 5686/5686/5686
f 5683/5683/5683 5687/5687/5687 5684/5684/5684
f 5684/5684/5684 5687/5687/5687 5688/5688/5688
f 5684/5684/5684 5688/5688/5688 5685/5685/5685
f 5685/5685/5685 5688/5688/5688 5689/5689/5689
f 5685/5685/5685 5689/5689/5689 5686/5686/5686
f 5686/5686/5686 5689/5689/5689 5690/5690/5690
f 5691/5691/5691 5695/5695/5695 5692/5692/5692
f 5692/5692/5692 5695/5695/5695 5696/5696/5696
f 5692/5692/5692 5696/5696/5696 5693/5693/5693
f 5693/5693/5693 5696/5696/5696 5697/5697/5697
f 5693/5693/5693 5697/5697/5697 5694/5694/5694
f 5694/5694/5694 5697/5697/5697 5698/5698/5698
f 5695/5695/5695 5699/5699/5699 5696/5696/5696
f 5696/5696/5696 5699/5699/5699 5700/5700/5700
f 5696/5696/5696 5700/5700/5700 5697/5697/5697
f 5697/5697/5697 5700/5700/5700 5701/5701/5701
f 5697/5697/5697 5701/5701/5701 5698/5698/5698
f 5698/5698/5698 5701/5701/5701 5702/5702/5702
f 5699/5699/5699 5703/5703/5703 5700/5700/5700
f 5700/5700/5700 5703/5703/5703 5704/5704/5704
f 5700/5700/5700 5704/5704/5704 5701/5701/5701
f 5701/5701/5701 5704/5704/5704 5705/5705/5705
f 5701/5701/5701 5705/5705/5705 5702/5702/5702
f 5702/5702/5702 5705/5705/5705 5706/5706/5706
f 5707/5707/5707 5711/5711/5711 5708/5708/5708
f 5708/5708/5708 5711/5711/5711 5712/5712/5712
f 5708/5708/5708 5712/5712/5712 5709/5709/5709
f 5709/5709/5709 5712/5712/5712 5713/5713/5713
f 5709/5709/5709 5713/5713/5713 5710/5710/5710
f 5710/5710/5710 5713/5713/5713 5714/5714/5714
f 5711/5711/5711 5715/5715/5715 5712/5712/5712
f 5712/5712/5712 5715/5715/5715 5716/5716/5716
f 5712/5712/5712 5716/5716/5716 5713/5713/5713
f 5713/5713/5713 5716/5716/5716 5717/5717/5717
f 5713/5713/5713 5717/5717/5717 5714/5714/5714
f 5714/5714/5714 5717/5717/5717 5718/5718/5718
f 5715/5715/5715 5719/5719/5719 5716/5716/5716
f 5716/5716/5716 5719/5719/5719 5720/5720/5720
f 5716/5716/5716 5720/5720/5720 5717/5717/5717
f 5717/5717/5717 5720/5720/5720 5721/5721/5721
f 5717/5717/5717 5721/5721/5721 5718/5718/5718
f 5718/5718/5718 5721/5721/5721 5722/5722/5722
f 5723/5723/5723 5727/5727/5727 5724/5724/5724
f 5724/5724/5724 5727/5727/5727 5728/5728/5728
f 5724/5724/5724 5728/5728/5728 5725/5725/5725
f 5725/5725/5725 5728/5728/5728 5729/5729/5729
f 5725/5725/5725 5729/5729/5729 5726/5726/5726
f 5726/5726/5726 5729/5729/5729 5730/5730/5730
f 5727/5727/5727 5731/5731/5731 5728/5728/5728
f 5728/5728/5728 5731/5731/5731 5732/5732/5732
f 5728/5728/5728 5732/5732/5732 5729/5729/5729
f 5729/5729/5729 5732/5732/5732 5733/5733/5733
f 5729/5729/5729 5733/5733/5733 5730/5730/5730
f 5730/5730/5730 5733/5733/5733 5734/5734/5734
f 5731/5731/5731 5735/5735/5735 5732/5732/5732
f 5732/5732/5732 5735/5735/5735 5736/5736/5736
f 5732/5732/5732 5736/5736/5736 5733/5733/5733
f 5733/5733/5733 5736/5736/5736 5737/5737/5737
f 5733/5733/5733 5737/5737/5737 5734/5734/5734
f 5734/5734/5734 5737/5737/5737 5738/5738/5738
f 5739/5739/5739 5743/5743/5743 5740/5740/5740
f 5740/5740/5740 5743/5743/5743 5744/5744/5744
f 5740/5740/5740 5744/5744/5744 5741/5741/5741
f 5741/5741/5741 5744/5744/5744 5745/5745/5745
f 5741/5741/5741 5745/5745/5745 5742/5742/5742
f 5742/5742/5742 5745/5745/5745 5746/5746/5746
f 5743/5743/5743 5747/5747/5747 5744/5744/5744
f 5744/5744/5744 5747/5747/5747 5748/5748/5748
f 5744/5744/5744 5748/5748/5748 5745/5745/5745
f 5745/5745/5745 5748/5748/5748 5749/5749/5749
f 5745/5745/5745 5749/5749/5749 5746/5746/5746
f 5746/5746/5746 5749/5749/5749 5750/5750/5750
f 5747/5747/5747 5751/5751/5751 5748/5748/5748
f 5748/5748/5748 5751/5751/5751 5752/5752/5752
f 5748/5748/5748 5752/5752/5752 5749/5749/5749
f 5749/5749/5749 5752/5752/5752 5753/5753/5753
f 5749/5749/5749 5753/5753/5753 5750/5750/5750
f 5750/5750/5750 5753/5753/5753 5754/5754/5754
f 5755/5755/5755 5759/5759/5759 5756/5756/5756
f 5756/5756/5756 5759/5759/5759 5760/5760/5760
f 5756/5756/5756 5760/5760/5760 5757/5757/5757
f 5757/5757/5757 5760/5760/5760 5761/5761/5761
f 5757/5757/5757 5761/5761/5761 5758/5758/5758
f 5758/5758/5758 5761/5761/5761 5762/5762/5762
f 5759/5759/5759 5763/5763/5763 5760/5760/5760
f 5760/5760/5760 5763/5763/5763 5764/5764/5764
f 5760/5760/5760 5764/5764/5764 5761/5761/5761
f 5761/5761/5761 5764/5764/5764 5765/5765/5765
f 5761/5761/5761 5765/5765/5765 5762/5762/5762
f 5762/5762/5762 5765/5765/5765 5766/5766/5766
f 5763/5763/5763 5767/5767/5767 5764/5764/5764
f 5764/5764/5764 5767/5767/5767 5768/5768/5768
f 5764/5764/5764 5768/5768/5768 5765/5765/5765
f 5765/5765/5765 5768/5768/5768 5769/5769/5769
f 5765/5765/5765 5769/5769/5769 5766/5766/5766
f 5766/5766/5766 5769/5769/5769 5770/5770/5770
f 5771/5771/5771 5775/5775/5775 5772/5772/5772
f 5772/5772/5772 5775/5775/5775 5776/5776/5776
f 5772/5772/5772 5776/5776/5776 5773/5773/5773
f 5773/5773/5773 5776/5776/5776 5777/5777/5777
f 5773/5773/5773 5777/5777/5777 5774/5774/5774
f 5774/5774/5774 5777/5777/5777 5778/5778/5778
f 5775/5775/5775 5779/5779/5779 5776/5776/5776
f 5776/5776/5776 5779/5779/5779 5780/5780/5780
f 5776/5776/5776 5780/5780/5780 5777/5777/5777
f 5777/5777/5777 5780/5780/5780 5781/5781/5781
f 5777/5777/5777 5781/5781/5781 5778/5778/5778
f 5778/5778/5778 5781/5781/5781 5782/5782/5782
f 5779/5779/5779 5783/5783/5783 5780/5780/5780
f 5780/5780/5780 5783/5783/5783 5784/5784/5784
f 5780/5780/5780 5784/5784/5784 5781/5781/5781
f 5781/5781/5781 5784/5784/5784 5785/5785/5785
f 5781/5781/5781 5785/5785/5785 5782/5782/5782
f 5782/5782/5782 5785/5785/5785 5786/5786/5786
f 5787/5787/5787 5791/5791/5791 5788/5788/5788
f 5788/5788/5788 5791/5791/5791 5792/5792/5792
f 5788/5788/5788 5792/5792/5792 5789/5789/5789
f 5789/5789/5789 5792/5792/5792 5793/5793/5793
f 5789/5789/5789 5793/5793/5793 5790/5790/5790
f 5790/5790/5790 5793/5793/5793 5794/5794/5794
f 5791/5791/5791 5795/5795/5795 5792/5792/5792
f 5792/5792/5792 5795/5795/5795 5796/5796/5796
f 5792/5792/5792 5796/5796/5796 5793/5793/5793
f 5793/5793/5793 5796/5796/5796 5797/5797/5797
f 5793/5793/5793 5797/5797/5797 5794/5794/5794
f 5794/5794/5794 5797/5797/5797 5798/5798/5798
f 5795/5795/5795 5799/5799/5799 5796/5796/5796
f 5796/5796/5796 5799/5799/5799 5800/5800/5800
f 5796/5796/5796 5800/5800/5800 5797/5797/5797
f 5797/5797/5797 5800/5800/5800 5801/5801/5801
f 5797/5797/5797 5801/5801/5801 5798/5798/5798
f 5798/5798/5798 5801/5801/5801 5802/5802/5802
f 5803/5803/5803 5807/5807/5807 5804/5804/5804
f 5804/5804/5804 5807/5807/5807 5808/5808/5808
f 5804/5804/5804 5808/5808/5808 5805/5805/5805
f 5805/5805/5805 5808/5808/5808 5809/5809/5809
f 5805/5805/5805 5809/5809/5809 5806/5806/5806
f 5806/5806/5806 5809/5809/5809 5810/5810/5810
f 5807/5807/5807 5811/5811/5811 5808/5808/5808
f 5808/5808/5808 5811/5811/5811 5812/5812/5812
f 5808/5808/5808 5812/5812/5812 5809/5809/5809
f 5809/5809/5809 5812/5812/5812 5813/5813/5813
f 5809/5809/5809 5813/5813/5813 5810/5810/5810
f 5810/5810/5810 5813/5813/5813 5814/5814/5814
f 5811/5811/5811 5815/5815/5815 5812/5812/5812
f 5812/5812/5812 5815/5815/5815 5816/5816/5816
f 5812/5812/5812 5816/5816/5816 5813/5813/5813
f 5813/5813/5813 5816/5816/5816 5817/5817/5817
f 5813/5813/5813 5817/5817/5817 5814/5814/5814
f 5814/5814/5814 5817/5817/5817 5818/5818/5818
f 5819/5819/5819 5823/5823/5823 5820/5820/5820
f 5820/5820/5820 5823/5823/5823 5824/5824/5824
f 5820/5820/5820 5824/5824/5824 5821/5821/5821
f 5821/5821/5821 5824/5824/5824 5825/5825/5825
f 5821/5821/5821 5825/5825/5825 5822/5822/5822
f 5822/5822/5822 5825/5825/5825 5826/5826/5826
f 5823/5823/5823 5827/5827/5827 5824/5824/5824
f 5824/5824/5824 5827/5827/5827 5828/5828/5828
f 5824/5824/5824 5828/5828/5828 5825/5825/5825
f 5825/5825/5825 5828/5828/5828 5829/5829/5829
f 5825/5825/5825 5829/5829/5829 5826/5826/5826
f 5826/5826/5826 5829/5829/5829 5830/5830/5830
f 5827/5827/5827 5831/5831/5831 5828/5828/5828
f 5828/5828/5828 5831/5831/5831 5832/5832/5832
f 5828/5828/5828 5832/5832/5832 5829/5829/5829
f 5829/5829/5829 5832/5832/5832 5833/5833/5833
f 5829/5829/5829 5833/5833/5833 5830/5830/5830
f 5830/5830/5830 5833/5833/5833 5834/5834/5834
f 5835/5835/5835 5839/5839/5839 5836/5836/5836
f 5836/5836/5836 5839/5839/5839 5840/5840/5840
f 5836/5836/5836 5840/5840/5840 5837/5837/5837
f 5837/5837/5837 5840/5840/5840 5841/5841/5841
f 5837/5837/5837 5841/5841/5841 5838/5838/5838
f 5838/5838/5838 5841/5841/5841 5842/5842/5842
f 5839/5839/5839 5843/5843/5843 5840/5840/5840
f 5840/5840/5840 5843/5843/5843 5844/5844/5844
f 5840/5840/5840 5844/5844/5844 5841/5841/5841
f 5841/5841/5841 5844/5844/5844 5845/5845/5845
f 5841/5841/5841 5845/5845/5845 5842/5842/5842
f 5842/5842/5842 5845/5845/5845 5846/5846/5846
f 5843/5843/5843 5847/5847/5847 5844/5844/5844
f 5844/5844/5844 5847/5847/5847 5848/5848/5848
f 5844/5844/5844 5848/5848/5848 5845/5845/5845
f 5845/5845/5845 5848/5848/5848 5849/5849/5849
f 5845/5845/5845 5849/5849/5849 5846/5846/5846
f 5846/5846/5846 5849/5849/5849 5850/5850/5850
f 5851/5851/5851 5855/5855/5855 5852/5852/5852
f 5852/5852/5852 5855/5855/5855 5856/5856/5856
f 5852/5852/5852 5856/5856/5856 5853/5853/5853
f 5853/5853/5853 5856/5856/5856 5857/5857/5857
f 5853/5853/5853 5857/5857/5857 5854/5854/5854
f 5854/5854/5854 5857/5857/5857 5858/5858/5858
f 5855/5855/5855 5859/5859/5859 5856/5856/5856
f 5856/5856/5856 5859/5859/5859 5860/5860/5860
f 5856/5856/5856 5860/5860/5860 5857/5857/5857
f 5857/5857/5857 5860/5860/5860 5861/5861/5861
f 5857/5857/5857 5861/5861/5861 5858/5858/5858
f 5858/5858/5858 5861/5861/5861 5862/5862/5862
f 5859/5859/5859 5863/5863/5863 5860/5860/5860
f 5860/5860/5860 5863/5863/5863 5864/5864/5864
f 5860/5860/5860 5864/5864/5864 5861/5861/5861
f 5861/5861/5861 5864/5864/5864 5865/5865/5865
f 5861/5861/5861 5865/5865/5865 5862/5862/5862
f 5862/5862/5862 5865/5865/5865 5866/5866/5866
f 5867/5867/5867 5871/5871/5871 5868/5868/5868
f 5868/5868/5868 5871/5871/5871 5872/5872/5872
f 5868/5868/5868 5872/5872/5872 5869/5869/5869
f 5869/5869/5869 5872/5872/5872 5873/5873/5873
f 5869/5869/5869 5873/5873/5873 5870/5870/5870
f 5870/5870/5870 5873/5873/5873 5874/5874/5874
f 5871/5871/5871 5875/5875/5875 5872/5872/5872
f 5872/5872/5872 5875/5875/5875 5876/5876/5876
f 5872/5872/5872 5876/5876/5876 5873/5873/5873
f 5873/5873/5873 5876/5876/5876 5877/5877/5877
f 5873/5873/5873 5877/5877/5877 5874/5874/5874
f 5874/5874/5874 5877/5877/5877 5878/5878/5878
f 5875/5875/5875 5879/5879/5879 5876/5876/5876
f 5876/5876/5876 5879/5879/5879 5880/5880/5880
f 5876/5876/5876 5880/5880/5880 5877/5877/5877
f 5877/5877/5877 5880/5880/5880 5881/5881/5881
f 5877/5877/5877 5881/5881/5881 5878/5878/5878
f 5878/5878/5878 5881/5881/5881 5882/5882/5882
f 5883/5883/5883 5887/5887/5887 5884/5884/5884
f 5884/5884/5884 5887/5887/5887 5888/5888/5888
f 5884/5884/5884 5888/5888/5888 5885/5885/5885
f 5885/5885/5885 5888/5888/5888 5889/5889/5889
f 5885/5885/5885 5889/5889/5889 5886/5886/5886
f 5886/5886/5886 5889/5889/5889 5890/5890/5890
f 5887/5887/5887 5891/5891/5891 5888/5888/5888
f 5888/5888/5888 5891/5891/5891 5892/5892/5892
f 5888/5888/5888 5892/5892/5892 5889/5889/5889
f 5889/5889/5889 5892/5892/5892 5893/5893/5893
f 5889/5889/5889 5893/5893/5893 5890/5890/5890
f 5890/5890/5890 5893/5893/5893 5894/5894/5894
f 5891/5891/5891 5895/5895/5895 5892/5892/5892
f 5892/5892/5892 5895/5895/5895 5896/5896/5896
f 5892/5892/5892 5896/5896/5896 5893/5893/5893
f 5893/5893/5893 5896/5896/5896 5897/5897/5897
f 5893/5893/5893 5897/5897/5897 5894/5894/5894
f 5894/5894/5894 5897/5897/5897 5898/5898/5898
f 5899/5899/5899 5903/5903/5903 5900/5900/5900
f 5900/5900/5900 5903/5903/5903 5904/5904/5904
f 5900/5900/5900 5904/5904/5904 5901/5901/5901
f 5901/5901/5901 5904/5904/5904 5905/5905/5905
f 5901/5901/5901 5905/5905/5905 5902/5902/5902
f 5902/5902/5902 5905/5905/5905 5906/5906/5906
f 5903/5903/5903 5907/5907/5907 5904/5904/5904
f 5904/5904/5904 5907/5907/5907 5908/5908/5908
f 5904/5904/5904 5908/5908/5908 5905/5905/5905
f 5905/5905/5905 5908/5908/5908 5909/5909/5909
f 5905/5905/5905 5909/5909/5909 5906/5906/5906
f 5906/5906/5906 5909/5909/5909 5910/5910/5910
f 5907/5907/5907 5911/5911/5911 5908/5908/5908
f 5908/5908/5908 5911/5911/5911 5912/5912/5912
f 5908/5908/5908 5912/5912/5912 5909/5909/5909
f 5909/5909/5909 5912/5912/5912 5913/5913/5913
f 5909/5909/5909 5913/5913/5913 5910/5910/5910
f 5910/5910/5910 5913/5913/5913 5914/5914/5914
f 5915/5915/5915 5919/5919/5919 5916/5916/5916
f 5916/5916/5916 5919/5919/5919 5920/5920/5920
f 5916/5916/5916 5920/5920/5920 5917/5917/5917
f 5917/5917/5917 5920/5920/5920 5921/5921/5921
f 5917/5917/5917 5921/5921/5921 5918/5918/5918
f 5918/5918/5918 5921/5921/5921 5922/5922/5922
f 5919/5919/5919 5923/5923/5923 5920/5920/5920
f 5920/5920/5920 5923/5923/5923 5924/5924/5924
f 5920/5920/5920 5924/5924/5924 5921/5921/5921
f 5921/5921/5921 5924/5924/5924 5925/5925/5925
f 5921/5921/5921 5925/5925/5925 5922/5922/5922
f 5922/5922/5922 5925/5925/5925 5926/5926/5926
f 5923/5923/5923 5927/5927/5927 5924/5924/5924
f 5924/5924/5924 5927/5927/5927 5928/5928/5928
f 5924/5924/5924 5928/5928/5928 5925/5925/5925
f 5925/5925/5925 5928/5928/5928 5929/5929/5929
f 5925/5925/5925 5929/5929/5929 5926/5926/5926
f 5926/5926/5926 5929/5929/5929 5930/5930/5930
f 5931/5931/5931 5935/5935/5935 5932/5932/5932
f 5932/5932/5932 5935/5935/5935 5936/5936/5936
f 5932/5932/5932 5936/5936/5936 5933/5933/5933
f 5933/5933/5933 5936/5936/5936 5937/5937/5937
f 5933/5933/5933 5937/5937/5937 5934/5934/5934
f 5934/5934/5934 5937/5937/5937 5938/5938/5938
f 5935/5935/5935 5939/5939/5939 5936/5936/5936
f 5936/5936/5936 5939/5939/5939 5940/5940/5940
f 5936/5936/5936 5940/5940/5940 5937/5937/5937
f 5937/5937/5937 5940/5940/5940 5941/5941/5941
f 5937/5937/5937 5941/5941/5941 5938/5938/5938
f 5938/5938/5938 5941/5941/5941 5942/5942/5942
f 5939/5939/5939 5943/5943/5943 5940/5940/5940
f 5940/5940/5940 5943/5943/5943 5944/5944/5944
f 5940/5940/5940 5944/5944/5944 5941/5941/5941
f 5941/5941/5941 5944/5944/5944 5945/5945/5945
f 5941/5941/5941 5945/5945/5945 5942/5942/5942
f 5942/5942/5942 5945/5945/5945 5946/5946/5946
f 5947/5947/5947 5951/5951/5951 5948/5948/5948
f 5948/5948/5948 5951/5951/5951 5952/5952/5952
f 5948/5948/5948 5952/5952/5952 5949/5949/5949
f 5949/5949/5949 5952/5952/5952 5953/5953/5953
f 5949/5949/5949 5953/5953/5953 5950/5950/5950
f 5950/5950/5950 5953/5953/5953 5954/5954/5954
f 5951/5951/5951 5955/5955/5955 5952/5952/5952
f 5952/5952/5952 5955/5955/5955 5956/5956/5956
f 5952/5952/5952 5956/5956/5956 5953/5953/5953
f 5953/5953/5953 5956/5956/5956 5957/5957/5957
f 5953/5953/5953 5957/5957/5957 5954/5954/5954
f 5954/5954/5954 5957/5957/5957 5958/5958/5958
f 5955/5955/5955 5959/5959/5959 5956/5956/5956
f 5956/5956/5956 5959/5959/5959 5960/5960/5960
f 5956/5956/5956 5960/5960/5960 5957/5957/5957
f 5957/5957/5957 5960/5960/5960 5961/5961/5961
f 5957/5957/5957 5961/5961/5961 5958/5958/5958
f 5958/5958/5958 5961/5961/5961 5962/5962/5962
f 5963/5963/5963 5967/5967/5967 5964/5964/5964
f 5964/5964/5964 5967/5967/5967 5968/5968/5968
f 5964/5964/5964 5968/5968/5968 5965/5965/5965
f 5965/5965/5965 5968/5968/5968 5969/5969/5969
f 5965/5965/5965 5969/5969/5969 5966/5966/5966
f 5966/5966/5966 5969/5969/5969 5970/5970/5970
f 5967/5967/5967 5971/5971/5971 5968/5968/5968
f 5968/5968/5968 5971/5971/5971 5972/5972/5972
f 5968/5968/5968 5972/5972/5972 5969/5969/5969
f 5969/5969/5969 5972/5972/5972 5973/5973/5973
f 5969/5969/5969 5973/5973/5973 5970/5970/5970
f 5970/5970/5970 5973/5973/5973 5974/5974/5974
f 5971/5971/5971 5975/5975/5975 5972/5972/5972
f 5972/5972/5972 5975/5975/5975 5976/5976/5976
f 5972/5972/5972 5976/5976/5976 5973/5973/5973
f 5973/5973/5973 5976/5976/5976 5977/5977/5977
f 5973/5973/5973 5977/5977/5977 5974/5974/5974
f 5974/5974/5974 5977/5977/5977 5978/5978/5978
f 5979/5979/5979 5983/5983/5983 5980/5980/5980
f 5980/5980/5980 5983/5983/5983 5984/5984/5984
f 5980/5980/5980 5984/5984/5984 5981/5981/5981
f 5981/5981/5981 5984/5984/5984 5985/5985/5985
f 5981/5981/5981 5985/5985/5985 5982/5982/5982
f 5982/5982/5982 5985/5985/5985 5986/5986/5986
f 5983/5983/5983 5987/5987/5987 5984/5984/5984
f 5984/5984/5984 5987/5987/5987 5988/5988/5988
f 5984/5984/5984 5988/5988/5988 5985/5985/5985
f 5985/5985/5985 5988/5988/5988 5989/5989/5989
f 5985/5985/5985 5989/5989/5989 5986/5986/5986
f 5986/5986/5986 5989/5989/5989 5990/5990/5990
f 5987/5987/5987 5991/5991/5991 5988/5988/5988
f 5988/5988/5988 5991/5991/5991 5992/5992/5992
f 5988/5988/5988 5992/5992/5992 5989/5989/5989
f 5989/5989/5989 5992/5992/5992 5993/5993/5993
f 5989/5989/5989 5993/5993/5993 5990/5990/5990
f 5990/5990/5990 5993/5993/5993 5994/5994/5994
f 5995/5995/5995 5999/5999/5999 5996/5996/5996
f 5996/5996/5996 5999/5999/5999 6000/6000/6000
f 5996/5996/5996 6000/6000/6000 5997/5997/5997
f 5997/5997/5997 6000/6000/6000 6001/6001/6001
f 5997/5997/5997 6001/6001/6001 5998/5998/5998
f 5998/5998/5998 6001/6001/6001 6002/6002/6002
f 5999/5999/5999 6003/6003/6003 6000/6000/6000
f 6000/6000/6000 6003/6003/6003 6004/6004/6004
f 6000/6000/6000 6004/6004/6004 6001/6001/6001
f 6001/6001/6001 6004/6004/6004 6005/6005/6005
f 6001/6001/6001 6005/6005/6005 6002/6002/6002
f 6002/6002/6002 6005/6005/6005 6006/6006/6006
f 6003/6003/6003 6007/6007/6007 6004/6004/6004
f 6004/6004/6004 6007/6007/6007 6008/6008/6008
f 6004/6004/6004 6008/6008/6008 6005/6005/6005
f 6005/6005/6005 6008/6008/6008 6009/6009/6009
f 6005/6005/6005 6009/6009/6009 6006/6006/6006
f 6006/6006/6006 6009/6009/6009 6010/6010/6010
f 6011/6011/6011 6015/6015/6015 6012/6012/6012
f 6012/6012/6012 6015/6015/6015 6016/6016/6016
f 6012/6012/6012 6016/6016/6016 6013/6013/6013
f 6013/6013/6013 6016/6016/6016 6017/6017/6017
f 6013/6013/6013 6017/6017/6017 6014/6014/6014
f 6014/6014/6014 6017/6017/6017 6018/6018/6018
f 6015/6015/6015 6019/6019/6019 6016/6016/6016
f 6016/6016/6016 6019/6019/6019 6020/6020/6020
f 6016/6016/6016 6020/6020/6020 6017/6017/6017
f 6017/6017/6017 6020/6020/6020 6021/6021/6021
f 6017/6017/6017 6021/6021/6021 6018/6018/6018
f 6018/6018/6018 6021/6021/6021 6022/6022/6022
f 6019/6019/6019 6023/6023/6023 6020/6020/6020
f 6020/6020/6020 6023/6023/6023 6024/6024/6024
f 6020/6020/6020 6024/6024/6024 6021/6021/6021
f 6021/6021/6021 6024/6024/6024 6025/6025/6025
f 6021/6021/6021 6025/6025/6025 6022/6022/6022
f 6022/6022/6022 6025/6025/6025 6026/6026/6026
f 6027/6027/6027 6031/6031/6031 6028/6028/6028
f 6028/6028/6028 6031/6031/6031 6032/6032/6032
f 6028/6028/6028 6032/6032/6032 6029/6029/6029
f 6029/6029/6029 6032/6032/6032 6033/6033/6033
f 6029/6029/6029 6033/6033/6033 6030/6030/6030
f 6030/6030/6030 6033/6033/6033 6034/6034/6034
f 6031/6031/6031 6035/6035/6035 6032/6032/6032
f 6032/6032/6032 6035/6035/6035 6036/6036/6036
f 6032/6032/6032 6036/6036/6036 6033/6033/6033
f 6033/6033/6033 6036/6036/6036 6037/6037/6037
f 6033/6033/6033 6037/6037/6037 6034/6034/6034
f 6034/6034/6034 6037/6037/6037 6038/6038/6038
f 6035/6035/6035 6039/6039/6039 6036/6036/6036
f 6036/6036/6036 6039/6039/6039 6040/6040/6040
f 6036/6036/6036 6040/6040/6040 6037/6037/6037
f 6037/6037/6037 6040/6040/6040 6041/6041/6041
f 6037/6037/6037 6041/6041/6041 6038/6038/6038
f 6038/6038/6038 6041/6041/6041 6042/6042/6042
f 6043/6043/6043 6047/6047/6047 6044/6044/6044
f 6044/6044/6044 6047/6047/6047 6048/6048/6048
f 6044/6044/6044 6048/6048/6048 6045/6045/6045
f 6045/6045/6045 6048/6048/6048 6049/6049/6049
f 6045/6045/6045 6049/6049/6049 6046/6046/6046
f 6046/6046/6046 6049/6049/6049 6050/6050/6050
f 6047/6047/6047 6051/6051/6051 6048/6048/6048
f 6048/6048/6048 6051/6051/6051 6052/6052/6052
f 6048/6048/6048 6052/6052/6052 6049/6049/6049
f 6049/6049/6049 6052/6052/6052 6053/6053/6053
f 6049/6049/6049 6053/6053/6053 6050/6050/6050
f 6050/6050/6050 6053/6053/6053 6054/6054/6054
f 6051/6051/6051 6055/6055/6055 6052/6052/6052
f 6052/6052/6052 6055/6055/6055 6056/6056/6056
f 6052/6052/6052 6056/6056/6056 6053/6053/6053
f 6053/6053/6053 6056/6056/6056 6057/6057/6057
f 6053/6053/6053 6057/6057/6057 6054/6054/6054
f 6054/6054/6054 6057/6057/6057 6058/6058/6058
f 6059/6059/6059 6063/6063/6063 6060/6060/6060
f 6060/6060/6060 6063/6063/6063 6064/6064/6064
f 6060/6060/6060 6064/6064/6064 6061/6061/6061
f 6061/6061/6061 6064/6064/6064 6065/6065/6065
f 6061/6061/6061 6065/6065/6065 6062/6062/6062
f 6062/6062/6062 6065/6065/6065 6066/6066/6066
f 6063/6063/6063 6067/6067/6067 6064/6064/6064
f 6064/6064/6064 6067/6067/6067 6068/6068/6068
f 6064/6064/6064 6068/6068/6068 6065/6065/6065
f 6065/6065/6065 6068/6068/6068 6069/6069/6069
f 6065/6065/6065 6069/6069/6069 6066/6066/6066
f 6066/6066/6066 6069/6069/6069 6070/6070/6070
f 6067/6067/6067 6071/6071/6071 6068/6068/6068
f 6068/6068/6068 6071/6071/6071 6072/6072/6072
f 6068/6068/6068 6072/6072/6072 6069/6069/6069
f 6069/6069/6069 6072/6072/6072 6073/6073/6073
f 6069/6069/6069 6073/6073/6073 6070/6070/6070
f 6070/6070/6070 6073/6073/6073 6074/6074/6074
f 6075/6075/6075 6079/6079/6079 6076/6076/6076
f 6076/6076/6076 6079/6079/6079 6080/6080/6080
f 6076/6076/6076 6080/6080/6080 6077/6077/6077
f 6077/6077/6077 6080/6080/6080 6081/6081/6081
f 6077/6077/6077 6081/6081/6081 6078/6078/6078
f 6078/6078/6078 6081/6081/6081 6082/6082/6082
f 6079/6079/6079 6083/6083/6083 6080/6080/6080
f 6080/6080/6080 6083/6083/6083 6084/6084/6084
f 6080/6080/6080 6084/6084/6084 6081/6081/6081
f 6081/6081/6081 6084/6084/6084 6085/6085/6085
f 6081/6081/6081 6085/6085/6085 6082/6082/6082
f 6082/6082/6082 6085/6085/6085 6086/6086/6086
f 6083/6083/6083 6087/6087/6087 6084/6084/6084
f 6084/6084/6084 6087/6087/6087 6088/6088/6088
f 6084/6084/6084 6088/6088/6088 6085/6085/6085
f 6085/6085/6085 6088/6088/6088 6089/6089/6089
f 6085/6085/6085 6089/6089/6089 6086/6086/6086
f 6086/6086/6086 6089/6089/6089 6090/6090/6090
f 6091/6091/6091 6095/6095/6095 6092/6092/6092
f 6092/6092/6092 6095/6095/6095 6096/6096/6096
f 6092/6092/6092 6096/6096/6096 6093/6093/6093
f 6093/6093/6093 6096/6096/6096 6097/6097/6097
f 6093/6093/6093 6097/6097/6097 6094/6094/6094
f 6094/6094/6094 6097/6097/6097 6098/6098/6098
f 6095/6095/6095 6099/6099/6099 6096/6096/6096
f 6096/6096/6096 6099/6099/6099 6100/6100/6100
f 6096/6096/6096 6100/6100/6100 6097/6097/6097
f 6097/6097/6097 6100/6100/6100 6101/6101/6101
f 6097/6097/6097 6101/6101/6101 6098/6098/6098
f 6098/6098/6098 6101/6101/6101 6102/6102/6102
f 6099/6099/6099 6103/6103/6103 6100/6100/6100
f 6100/6100/6100 6103/6103/6103 6104/6104/6104
f 6100/6100/6100 6104/6104/6104 6101/6101/6101
f 6101/6101/6101 6104/6104/6104 6105/6105/6105
f 6101/6101/6101 6105/6105/6105 6102/6102/6102
f 6102/6102/6102 6105/6105/6105 6106/6106/6106
f 6107/6107/6107 6111/6111/6111 6108/6108/6108
f 6108/6108/6108 6111/6111/6111 6112/6112/6112
f 6108/6108/6108 6112/6112/6112 6109/6109/6109
f 6109/6109/6109 6112/6112/6112 6113/6113/6113
f 6109/6109/6109 6113/6113/6113 6110/6110/6110
f 6110/6110/6110 6113/6113/6113 6114/6114/6114
f 6111/6111/6111 6115/6115/6115 6112/6112/6112
f 6112/6112/6112 6115/6115/6115 6116/6116/6116
f 6112/6112/6112 6116/6116/6116 6113/6113/6113
f 6113/6113/6113 6116/6116/6116 6117/6117/6117
f 6113/6113/6113 6117/6117/6117 6114/6114/6114
f 6114/6114/6114 6117/6117/6117 6118/6118/6118
f 6115/6115/6115 6119/6119/6119 6116/6116/6116
f 6116/6116/6116 6119/6119/6119 6120/6120/6120
f 6116/6116/6116 6120/6120/6120 6117/6117/6117
f 6117/6117/6117 6120/6120/6120 6121/6121/6121
f 6117/6117/6117 6121/6121/6121 6118/6118/6118
f 6118/6118/6118 6121/6121/6121 6122/6122/6122
f 6123/6123/6123 6127/6127/6127 6124/6124/6124
f 6124/6124/6124 6127/6127/6127 6128/6128/6128
f 6124/6124/6124 6128/6128/6128 6125/6125/6125
f 6125/6125/6125 6128/6128/6128 6129/6129/6129
f 6125/6125/6125 6129/6129/6129 6126/6126/6126
f 6126/6126/6126 6129/6129/6129 6130/6130/6130
f 6127/6127/6127 6131/6131/6131 6128/6128/6128
f 6128/6128/6128 6131/6131/6131 6132/6132/6132
f 6128/6128/6128 6132/6132/6132 6129/6129/6129
f 6129/6129/6129 6132/6132/6132 6133/6133/6133
f 6129/6129/6129 6133/6133/6133 6130/6130/6130
f 6130/6130/6130 6133/6133/6133 6134/6134/6134
f 6131/6131/6131 6135/6135/6135 6132/6132/6132
f 6132/6132/6132 6135/6135/6135 6136/6136/6136
f 6132/6132/6132 6136/6136/6136 6133/6133/6133
f 6133/6133/6133 6136/6136/6136 6137/6137/6137
f 6133/6133/6133 6137/6137/6137 6134/6134/6134
f 6134/6134/6134 6137/6137/6137 6138/6138/6138
f 6139/6139/6139 6143/6143/6143 6140/6140/6140
f 6140/6140/6140 6143/6143/6143 6144/6144/6144
f 6140/6140/6140 6144/6144/6144 6141/6141/6141
f 6141/6141/6141 6144/6144/6144 6145/6145/6145
f 6141/6141/6141 6145/6145/6145 6142/6142/6142
f 6142/6142/6142 6145/6145/6145 6146/6146/6146
f 6143/6143/6143 6147/6147/6147 6144/6144/6144
f 6144/6144/6144 6147/6147/6147 6148/6148/6148
f 6144/6144/6144 6148/6148/6148 6145/6145/6145
f 6145/6145/6145 6148/6148/6148 6149/6149/6149
f 6145/6145/6145 6149/6149/6149 6146/6146/6146
f 6146/6146/6146 6149/6149/6149 6150/6150/6150
f 6147/6147/6147 6151/6151/6151 6148/6148/6148
f 6148/6148/6148 6151/6151/6151 6152/6152/6152
f 6148/6148/6148 6152/6152/6152 6149/6149/6149
f 6149/6149/6149 6152/6152/6152 6153/6153/6153
f 6149/6149/6149 6153/6153/6153 6150/6150/6150
f 6150/6150/6150 6153/6153/6153 6154/6154/6154
f 6155/6155/6155 6159/6159/6159 6156/6156/6156
f 6156/6156/6156 6159/6159/6159 6160/6160/6160
f 6156/6156/6156 6160/6160/6160 6157/6157/6157
f 6157/6157/6157 6160/6160/6160 6161/6161/6161
f 6157/6157/6157 6161/6161/6161 6158/6158/6158
f 6158/6158/6158 6161/6161/6161 6162/6162/6162
f 6159/6159/6159 6163/6163/6163 6160/6160/6160
f 6160/6160/6160 6163/6163/6163 6164/6164/6164
f 6160/6160/6160 6164/6164/6164 6161/6161/6161
f 6161/6161/6161 6164/6164/6164 6165/6165/6165
f 6161/6161/6161 6165/6165/6165 6162/6162/6162
f 6162/6162/6162 6165/6165/6165 6166/6166/6166
f 6163/6163/6163 6167/6167/6167 6164/6164/6164
f 6164/6164/6164 6167/6167/6167 6168/6168/6168
f 6164/6164/6164 6168/6168/6168 6165/6165/6165
f 6165/6165/6165 6168/6168/6168 6169/6169/6169
f 6165/6165/6165 6169/6169/6169 6166/6166/6166
f 6166/6166/6166 6169/6169/6169 6170/6170/6170
f 6171/6171/6171 6175/6175/6175 6172/6172/6172
f 6172/6172/6172 6175/6175/6175 6176/6176/6176
f 6172/6172/6172 6176/6176/6176 6173/6173/6173
f 6173/6173/6173 6176/6176/6176 6177/6177/6177
f 6173/6173/6173 6177/6177/6177 6174/6174/6174
f 6174/6174/6174 6177/6177/6177 6178/6178/6178
f 6175/6175/6175 6179/6179/6179 6176/6176/6176
f 6176/6176/6176 6179/6179/6179 6180/6180/6180
f 6176/6176/6176 6180/6180/6180 6177/6177/6177
f 6177/6177/6177 6180/6180/6180 6181/6181/6181
f 6177/6177/6177 6181/6181/6181 6178/6178/6178
f 6178/6178/6178 6181/6181/6181 6182/6182/6182
f 6179/6179/6179 6183/6183/6183 6180/6180/6180
f 6180/6180/6180 6183/6183/6183 6184/6184/6184
f 6180/6180/6180 6184/6184/6184 6181/6181/6181
f 6181/6181/6181 6184/6184/6184 6185/6185/6185
f 6181/6181/6181 6185/6185/6185 6182/6182/6182
f 6182/6182/6182 6185/6185/6185 6186/6186/6186
f 6187/6187/6187 6191/6191/6191 6188/6188/6188
f 6188/6188/6188 6191/6191/6191 6192/6192/6192
f 6188/6188/6188 6192/6192/6192 6189/6189/6189
f 6189/6189/6189 6192/6192/6192 6193/6193/6193
f 6189/6189/6189 6193/6193/6193 6190/6190/6190
f 6190/6190/6190 6193/6193/6193 6194/6194/6194
f 6191/6191/6191 6195/6195/6195 6192/6192/6192
f 6192/6192/6192 6195/6195/6195 6196/6196/6196
f 6192/6192/6192 6196/6196/6196 6193/6193/6193
f 6193/6193/6193 6196/6196/6196 6197/6197/6197
f 6193/6193/6193 6197/6197/6197 6194/6194/6194
f 6194/6194/6194 6197/6197/6197 6198/6198/6198
f 6195/6195/6195 6199/6199/6199 6196/6196/6196
f 6196/6196/6196 6199/6199/6199 6200/6200/6200
f 6196/6196/6196 6200/6200/6200 6197/6197/6197
f 6197/6197/6197 6200/6200/6200 6201/6201/6201
f 6197/6197/6197 6201/6201/6201 6198/6198/6198
f 6198/6198/6198 6201/6201/6201 6202/6202/6202
f 6203/6203/6203 6207/6207/6207 6204/6204/6204
f 6204/6204/6204 6207/6207/6207 6208/6208/6208
f 6204/6204/6204 6208/6208/6208 6205/6205/6205
f 6205/6205/6205 6208/6208/6208 6209/6209/6209
f 6205/6205/6205 6209/6209/6209 6206/6206/6206
f 6206/6206/6206 6209/6209/6209 6210/6210/6210
f 6207/6207/6207 6211/6211/6211 6208/6208/6208
f 6208/6208/6208 6211/6211/6211 6212/6212/6212
f 6208/6208/6208 6212/6212/6212 6209/6209/6209
f 6209/6209/6209 6212/6212/6212 6213/6213/6213
f 6209/6209/6209 6213/6213/6213 6210/6210/6210
f 6210/6210/6210 6213/6213/6213 6214/6214/6214
f 6211/6211/6211 6215/6215/6215 6212/6212/6212
f 6212/6212/6212 6215/6215/6215 6216/6216/6216
f 6212/6212/6212 6216/6216/6216 6213/6213/6213
f 6213/6213/6213 6216/6216/6216 6217/6217/6217
f 6213/6213/6213 6217/6217/6217 6214/6214/6214
f 6214/6214/6214 6217/6217/6217 6218/6218/6218
f 6219/6219/6219 6223/6223/6223 6220/6220/6220
f 6220/6220/6220 6223/6223/6223 6224/6224/6224
f 6220/6220/6220 6224/6224/6224 6221/6221/6221
f 6221/6221/6221 6224/6224/6224 6225/6225/6225
f 6221/6221/6221 6225/6225/6225 6222/6222/6222
f 6222/6222/6222 6225/6225/6225 6226/6226/6226
f 6223/6223/6223 6227/6227/6227 6224/6224/6224
f 6224/6224/6224 6227/6227/6227 6228/6228/6228
f 6224/6224/6224 6228/6228/6228 6225/6225/6225
f 6225/6225/6225 6228/6228/6228 6229/6229/6229
f 6225/6225/6225 6229/6229/6229 6226/6226/6226
f 6226/6226/6226 6229/6229/6229 6230/6230/6230
f 6227/6227/6227 6231/6231/6231 6228/6228/6228
f 6228/6228/6228 6231/6231/6231 6232/6232/6232
f 6228/6228/6228 6232/6232/6232 6229/6229/6229
f 6229/6229/6229 6232/6232/6232 6233/6233/6233
f 6229/6229/6229 6233/6233/6233 6230/6230/6230
f 6230/6230/6230 6233/6233/6233 6234/6234/6234
f 6235/6235/6235 6239/6239/6239 6236/6236/6236
f 6236/6236/6236 6239/6239/6239 6240/6240/6240
f 6236/6236/6236 6240/6240/6240 6237/6237/6237
f 6237/6237/6237 6240/6240/6240 6241/6241/6241
f 6237/6237/6237 6241/6241/6241 6238/6238/6238
f 6238/6238/6238 6241/6241/6241 6242/6242/6242
f 6239/6239/6239 6243/6243/6243 6240/6240/6240
f 6240/6240/6240 6243/6243/6243 6244/6244/6244
f 6240/6240/6240 6244/6244/6244 6241/6241/6241
f 6241/6241/6241 6244/6244/6244 6245/6245/6245
f 6241/6241/6241 6245/6245/6245 6242/6242/6242
f 6242/6242/6242 6245/6245/6245 6246/6246/6246
f 6243/6243/6243 6247/6247/6247 6244/6244/6244
f 6244/6244/6244 6247/6247/6247 6248/6248/6248
f 6244/6244/6244 6248/6248/6248 6245/6245/6245
f 6245/6245/6245 6248/6248/6248 6249/6249/6249
f 6245/6245/6245 6249/6249/6249 6246/6246/6246
f 6246/6246/6246 6249/6249/6249 6250/6250/6250
usemtl Tree_Leaves
f 6251/6251/6251 6252/6252/6252 6253/6253/6253
f 6252/6252/6252 6254/6254/6254 6255/6255/6255
f 6252/6252/6252 6255/6255/6255 6256/6256/6256
f 6252/6252/6252 6256/6256/6256 6257/6257/6257
f 6253/6253/6253 6252/6252/6252 6257/6257/6257
f 6253/6253/6253 6257/6257/6257 6258/6258/6258
f 6253/6253/6253 6258/6258/6258 6259/6259/6259
f 6260/6260/6260 6261/6261/6261 6262/6262/6262
f 6252/6252/6252 6251/6251/6251 6254/6254/6254
f 6257/6257/6257 6256/6256/6256 6261/6261/6261
f 6257/6257/6257 6261/6261/6261 6260/6260/6260
f 6262/6262/6262 6263/6263/6263 6260/6260/6260
f 6263/6263/6263 6258/6258/6258 6257/6257/6257
f 6263/6263/6263 6257/6257/6257 6260/6260/6260
f 6264/6264/6264 6265/6265/6265 6266/6266/6266
f 6265/6265/6265 6267/6267/6267 6268/6268/6268
f 6265/6265/6265 6268/6268/6268 6269/6269/6269
f 6265/6265/6265 6269/6269/6269 6270/6270/6270
f 6266/6266/6266 6265/6265/6265 6270/6270/6270
f 6266/6266/6266 6270/6270/6270 6271/6271/6271
f 6266/6266/6266 6271/6271/6271 6272/6272/6272
f 6273/6273/6273 6274/6274/6274 6275/6275/6275
f 6265/6265/6265 6264/6264/6264 6267/6267/6267
f 6270/6270/6270 6269/6269/6269 6274/6274/6274
f 6270/6270/6270 6274/6274/6274 6273/6273/6273
f 6275/6275/6275 6276/6276/6276 6273/6273/6273
f 6276/6276/6276 6271/6271/6271 6270/6270/6270
f 6276/6276/6276 6270/6270/6270 6273/6273/6273
f 6277/6277/6277 6278/6278/6278 6279/6279/6279
f 6278/6278/6278 6280/6280/6280 6281/6281/6281
f 6278/6278/6278 6281/6281/6281 6282/6282/6282
f 6278/6278/6278 6282/6282/6282 6283/6283/6283
f 6279/6279/6279 6278/6278/6278 6283/6283/6283
f 6279/6279/6279 6283/6283/6283 6284/6284/6284
f 6279/6279/6279 6284/6284/6284 6285/6285/6285
f 6286/6286/6286 6287/6287/6287 6288/6288/6288
f 6278/6278/6278 6277/6277/6277 6280/6280/6280
f 6283/6283/6283 6282/6282/6282 6287/6287/6287
f 6283/6283/6283 6287/6287/6287 6286/6286/6286
f 6288/6288/6288 6289/6289/6289 6286/6286/6286
f 6289/6289/6289 6284/6284/6284 6283/6283/6283
f 6289/6289/6289 6283/6283/6283 6286/6286/6286
f 6290/6290/6290 6291/6291/6291 6292/6292/6292
f 6291/6291/6291 6293/6293/6293 6294/6294/6294
f 6291/6291/6291 6294/6294/6294 6295/6295/6295
f 6291/6291/6291 6295/6295/6295 6296/6296/6296
f 6292/6292/6292 6291/6291/6291 6296/6296/6296
f 6292/6292/6292 6296/6296/6296 6297/6297/6297
f 6292/6292/6292 6297/6297/6297 6298/6298/6298
f 6299/6299/6299 6300/6300/6300 6301/6301/6301
f 6291/6291/6291 6290/6290/6290 6293/6293/6293
f 6296/6296/6296 6295/6295/6295 6300/6300/6300
f 6296/6296/6296 6300/6300/6300 6299/6299/6299
f 6301/6301/6301 6302/6302/6302 6299/6299/6299
f 6302/6302/6302 6297/6297/6297 6296/6296/6296
f 6302/6302/6302 6296/6296/6296 6299/6299/6299
f 6303/6303/6303 6304/6304/6304 6305/6305/6305
f 6304/6304/6304 6306/6306/6306 6307/6307/6307
f 6304/6304/6304 6307/6307/6307 6308/6308/6308
f 6304/6304/6304 6308/6308/6308 6309/6309/6309
f 6305/6305/6305 6304/6304/6304 6309/6309/6309
f 6305/6305/6305 6309/6309/6309 6310/6310/6310
f 6305/6305/6305 6310/6310/6310 6311/6311/6311
f 6312/6312/6312 6313/6313/6313 6314/6314/6314
f 6304/6304/6304 6303/6303/6303 6306/6306/6306
f 6309/6309/6309 6308/6308/6308 6313/6313/6313
f 6309/6309/6309 6313/6313/6313 6312/6312/6312
f 6314/6314/6314 6315/6315/6315 6312/6312/6312
f 6315/6315/6315 6310/6310/6310 6309/6309/6309
f 6315/6315/6315 6309/6309/6309 6312/6312/6312
f 6316/6316/6316 6317/6317/6317 6318/6318/6318
f 6317/6317/6317 6319/6319/6319 6320/6320/6320
f 6317/6317/6317 6320/6320/6320 6321/6321/6321
f 6317/6317/6317 6321/6321/6321 6322/6322/6322
f 6318/6318/6318 6317/6317/6317 6322/6322/6322
f 6318/6318/6318 6322/6322/6322 6323/6323/6323
f 6318/6318/6318 6323/6323/6323 6324/6324/6324
f 6325/6325/6325 6326/6326/6326 6327/6327/6327
f 6317/6317/6317 6316/6316/6316 6319/6319/6319
f 6322/6322/6322 6321/6321/6321 6326/6326/6326
f 6322/6322/6322 6326/6326/6326 6325/6325/6325
f 6327/6327/6327 6328/6328/6328 6325/6325/6325
f 6328/6328/6328 6323/6323/6323 6322/6322/6322
f 6328/6328/6328 6322/6322/6322 6325/6325/6325
f 6329/6329/6329 6330/6330/6330 6331/6331/6331
f 6330/6330/6330 6332/6332/6332 6333/6333/6333
f 6330/6330/6330 6333/6333/6333 6334/6334/6334
f 6330/6330/6330 6334/6334/6334 6335/6335/6335
f 6331/6331/6331 6330/6330/6330 6335/6335/6335
f 6331/6331/6331 6335/6335/6335 6336/6336/6336
f 6331/6331/6331 6336/6336/6336 6337/6337/6337
f 6338/6338/6338 6339/6339/6339 6340/6340/6340
f 6330/6330/6330 6329/6329/6329 6332/6332/6332
f 6335/6335/6335 6334/6334/6334 6339/6339/6339
f 6335/6335/6335 6339/6339/6339 6338/6338/6338
f 6340/6340/6340 6341/6341/6341 6338/6338/6338
f 6341/6341/6341 6336/6336/6336 6335/6335/6335
f 6341/6341/6341 6335/6335/6335 6338/6338/6338
f 6342/6342/6342 6343/6343/6343 6344/6344/6344
f 6343/6343/6343 6345/6345/6345 6346/6346/6346
f 6343/6343/6343 6346/6346/6346 6347/6347/6347
f 6343/6343/6343 6347/6347/6347 6348/6348/6348
f 6344/6344/6344 6343/6343/6343 6348/6348/6348
f 6344/6344/6344 6348/6348/6348 6349/6349/6349
f 6344/6344/6344 6349/6349/6349 6350/6350/6350
f 6351/6351/6351 6352/6352/6352 6353/6353/6353
f 6343/6343/6343 6342/6342/6342 6345/6345/6345
f 6348/6348/6348 6347/6347/6347 6352/6352/6352
f 6348/6348/6348 6352/6352/6352 6351/6351/6351
f 6353/6353/6353 6354/6354/6354 6351/6351/6351
f 6354/6354/6354 6349/6349/6349 6348/6348/6348
f 6354/6354/6354 6348/6348/6348 6351/6351/6351
f 6355/6355/6355 6356/6356/6356 6357/6357/6357
f 6355/6355/6355 6357/6357/6357 6358/6358/6358
f 6359/6359/6359 6360/6360/6360 6361/6361/6361
f 6359/6359/6359 6361/6361/6361 6362/6362/6362
f 6358/6358/6358 6357/6357/6357 6363/6363/6363
f 6358/6358/6358 6363/6363/6363 6364/6364/6364
f 6365/6365/6365 6366/6366/6366 6367/6367/6367
f 6365/6365/6365 6367/6367/6367 6360/6360/6360
f 6368/6368/6368 6369/6369/6369 6370/6370/6370
f 6360/6360/6360 6367/6367/6367 6371/6371/6371
f 6360/6360/6360 6371/6371/6371 6361/6361/6361
f 6372/6372/6372 6365/6365/6365 6360/6360/6360
f 6372/6372/6372 6360/6360/6360 6359/6359/6359
f 6369/6369/6369 6373/6373/6373 6374/6374/6374
f 6369/6369/6369 6374/6374/6374 6356/6356/6356
f 6370/6370/6370 6369/6369/6369 6356/6356/6356
f 6370/6370/6370 6356/6356/6356 6355/6355/6355
f 6357/6357/6357 6375/6375/6375 6376/6376/6376
f 6357/6357/6357 6376/6376/6376 6363/6363/6363
f 6369/6369/6369 6368/6368/6368 6373/6373/6373
f 6356/6356/6356 6374/6374/6374 6375/6375/6375
f 6356/6356/6356 6375/6375/6375 6357/6357/6357
f 6363/6363/6363 6365/6365/6365 6372/6372/6372
f 6363/6363/6363 6372/6372/6372 6364/6364/6364
f 6376/6376/6376 6366/6366/6366 6365/6365/6365
f 6376/6376/6376 6365/6365/6365 6363/6363/6363
f 6377/6377/6377 6378/6378/6378 6379/6379/6379
f 6377/6377/6377 6379/6379/6379 6380/6380/6380
f 6381/6381/6381 6382/6382/6382 6383/6383/6383
f 6381/6381/6381 6383/6383/6383 6384/6384/6384
f 6380/6380/6380 6379/6379/6379 6385/6385/6385
f 6380/6380/6380 6385/6385/6385 6386/6386/6386
f 6387/6387/6387 6388/6388/6388 6389/6389/6389
f 6387/6387/6387 6389/6389/6389 6382/6382/6382
f 6390/6390/6390 6391/6391/6391 6392/6392/6392
f 6382/6382/6382 6389/6389/6389 6393/6393/6393
f 6382/6382/6382 6393/6393/6393 6383/6383/6383
f 6394/6394/6394 6387/6387/6387 6382/6382/6382
f 6394/6394/6394 6382/6382/6382 6381/6381/6381
f 6391/6391/6391 6395/6395/6395 6396/6396/6396
f 6391/6391/6391 6396/6396/6396 6378/6378/6378
f 6392/6392/6392 6391/6391/6391 6378/6378/6378
f 6392/6392/6392 6378/6378/6378 6377/6377/6377
f 6379/6379/6379 6397/6397/6397 6398/6398/6398
f 6379/6379/6379 6398/6398/6398 6385/6385/6385
f 6391/6391/6391 6390/6390/6390 6395/6395/6395
f 6378/6378/6378 6396/6396/6396 6397/6397/6397
f 6378/6378/6378 6397/6397/6397 6379/6379/6379
f 6385/6385/6385 6387/6387/6387 6394/6394/6394
f 6385/6385/6385 6394/6394/6394 6386/6386/6386
f 6398/6398/6398 6388/6388/6388 6387/6387/6387
f 6398/6398/6398 6387/6387/6387 6385/6385/6385
f 6399/6399/6399 6400/6400/6400 6401/6401/6401
f 6399/6399/6399 6401/6401/6401 6402/6402/6402
f 6403/6403/6403 6404/6404/6404 6405/6405/6405
f 6403/6403/6403 6405/6405/6405 6406/6406/6406
f 6402/6402/6402 6401/6401/6401 6407/6407/6407
f 6402/6402/6402 6407/6407/6407 6408/6408/6408
f 6409/6409/6409 6410/6410/6410 6411/6411/6411
f 6409/6409/6409 6411/6411/6411 6404/6404/6404
f 6412/6412/6412 6413/6413/6413 6414/6414/6414
f 6404/6404/6404 6411/6411/6411 6415/6415/6415
f 6404/6404/6404 6415/6415/6415 6405/6405/6405
f 6416/6416/6416 6409/6409/6409 6404/6404/6404
f 6416/6416/6416 6404/6404/6404 6403/6403/6403
f 6413/6413/6413 6417/6417/6417 6418/6418/6418
f 6413/6413/6413 6418/6418/6418 6400/6400/6400
f 6414/6414/6414 6413/6413/6413 6400/6400/6400
f 6414/6414/6414 6400/6400/6400 6399/6399/6399
f 6401/6401/6401 6419/6419/6419 6420/6420/6420
f 6401/6401/6401 6420/6420/6420 6407/6407/6407
f 6413/6413/6413 6412/6412/6412 6417/6417/6417
f 6400/6400/6400 6418/6418/6418 6419/6419/6419
f 6400/6400/6400 6419/6419/6419 6401/6401/6401
f 6407/6407/6407 6409/6409/6409 6416/6416/6416
f 6407/6407/6407 6416/6416/6416 6408/6408/6408
f 6420/6420/6420 6410/6410/6410 6409/6409/6409
f 6420/6420/6420 6409/6409/6409 6407/6407/6407
f 6421/6421/6421 6422/6422/6422 6423/6423/6423
f 6421/6421/6421 6423/6423/6423 6424/6424/6424
f 6425/6425/6425 6426/6426/6426 6427/6427/6427
f 6425/6425/6425 6427/6427/6427 6428/6428/6428
f 6424/6424/6424 6423/6423/6423 6429/6429/6429
f 6424/6424/6424 6429/6429/6429 6430/6430/6430
f 6431/6431/6431 6432/6432/6432 6433/6433/6433
f 6431/6431/6431 6433/6433/6433 6426/6426/6426
f 6434/6434/6434 6435/6435/6435 6436/6436/6436
f 6426/6426/6426 6433/6433/6433 6437/6437/6437
f 6426/6426/6426 6437/6437/6437 6427/6427/6427
f 6438/6438/6438 6431/6431/6431 6426/6426/6426
f 6438/6438/6438 6426/6426/6426 6425/6425/6425
f 6435/6435/6435 6439/6439/6439 6440/6440/6440
f 6435/6435/6435 6440/6440/6440 6422/6422/6422
f 6436/6436/6436 6435/6435/6435 6422/6422/6422
f 6436/6436/6436 6422/6422/6422 6421/6421/6421
f 6423/6423/6423 6441/6441/6441 6442/6442/6442
f 6423/6423/6423 6442/6442/6442 6429/6429/6429
f 6435/6435/6435 6434/6434/6434 6439/6439/6439
f 6422/6422/6422 6440/6440/6440 6441/6441/6441
f 6422/6422/6422 6441/6441/6441 6423/6423/6423
f 6429/6429/6429 6431/6431/6431 6438/6438/6438
f 6429/6429/6429 6438/6438/6438 6430/6430/6430
f 6442/6442/6442 6432/6432/6432 6431/6431/6431
f 6442/6442/6442 6431/6431/6431 6429/6429/6429
f 6443/6443/6443 6444/6444/6444 6445/6445/6445
f 6443/6443/6443 6445/6445/6445 6446/6446/6446
f 6447/6447/6447 6448/6448/6448 6449/6449/6449
f 6447/6447/6447 6449/6449/6449 6450/6450/6450
f 6444/6444/6444 6451/6451/6451 6452/6452/6452
f 6444/6444/6444 6452/6452/6452 6445/6445/6445
f 6453/6453/6453 6450/6450/6450 6454/6454/6454
f 6453/6453/6453 6454/6454/6454 6455/6455/6455
f 6456/6456/6456 6457/6457/6457 6458/6458/6458
f 6450/6450/6450 6449/6449/6449 6459/6459/6459
f 6450/6450/6450 6459/6459/6459 6454/6454/6454
f 6460/6460/6460 6447/6447/6447 6450/6450/6450
f 6460/6460/6460 6450/6450/6450 6453/6453/6453
f 6458/6458/6458 6446/6446/6446 6461/6461/6461
f 6458/6458/6458 6461/6461/6461 6462/6462/6462
f 6457/6457/6457 6443/6443/6443 6446/6446/6446
f 6457/6457/6457 6446/6446/6446 6458/6458/6458
f 6445/6445/6445 6452/6452/6452 6463/6463/6463
f 6445/6445/6445 6463/6463/6463 6464/6464/6464
f 6458/6458/6458 6462/6462/6462 6456/6456/6456
f 6446/6446/6446 6445/6445/6445 6464/6464/6464
f 6446/6446/6446 6464/6464/6464 6461/6461/6461
f 6452/6452/6452 6451/6451/6451 6460/6460/6460
f 6452/6452/6452 6460/6460/6460 6453/6453/6453
f 6463/6463/6463 6452/6452/6452 6453/6453/6453
f 6463/6463/6463 6453/6453/6453 6455/6455/6455
f 6465/6465/6465 6466/6466/6466 6467/6467/6467
f 6465/6465/6465 6467/6467/6467 6468/6468/6468
f 6469/6469/6469 6470/6470/6470 6471/6471/6471
f 6469/6469/6469 6471/6471/6471 6472/6472/6472
f 6468/6468/6468 6467/6467/6467 6473/6473/6473
f 6468/6468/6468 6473/6473/6473 6474/6474/6474
f 6475/6475/6475 6476/6476/6476 6477/6477/6477
f 6475/6475/6475 6477/6477/6477 6470/6470/6470
f 6478/6478/6478 6479/6479/6479 6480/6480/6480
f 6470/6470/6470 6477/6477/6477 6481/6481/6481
f 6470/6470/6470 6481/6481/6481 6471/6471/6471
f 6482/6482/6482 6475/6475/6475 6470/6470/6470
f 6482/6482/6482 6470/6470/6470 6469/6469/6469
f 6479/6479/6479 6483/6483/6483 6484/6484/6484
f 6479/6479/6479 6484/6484/6484 6466/6466/6466
f 6480/6480/6480 6479/6479/6479 6466/6466/6466
f 6480/6480/6480 6466/6466/6466 6465/6465/6465
f 6467/6467/6467 6485/6485/6485 6486/6486/6486
f 6467/6467/6467 6486/6486/6486 6473/6473/6473
f 6479/6479/6479 6478/6478/6478 6483/6483/6483
f 6466/6466/6466 6484/6484/6484 6485/6485/6485
f 6466/6466/6466 6485/6485/6485 6467/6467/6467
f 6473/6473/6473 6475/6475/6475 6482/6482/6482
f 6473/6473/6473 6482/6482/6482 6474/6474/6474
f 6486/6486/6486 6476/6476/6476 6475/6475/6475
f 6486/6486/6486 6475/6475/6475 6473/6473/6473
f 6487/6487/6487 6488/6488/6488 6489/6489/6489
f 6487/6487/6487 6489/6489/6489 6490/6490/6490
f 6491/6491/6491 6492/6492/6492 6493/6493/6493
f 6491/6491/6491 6493/6493/6493 6494/6494/6494
f 6490/6490/6490 6489/6489/6489 6495/6495/6495
f 6490/6490/6490 6495/6495/6495 6496/6496/6496
f 6497/6497/6497 6498/6498/6498 6499/6499/6499
f 6497/6497/6497 6499/6499/6499 6492/6492/6492
f 6500/6500/6500 6501/6501/6501 6502/6502/6502
f 6492/6492/6492 6499/6499/6499 6503/6503/6503
f 6492/6492/6492 6503/6503/6503 6493/6493/6493
f 6504/6504/6504 6497/6497/6497 6492/6492/6492
f 6504/6504/6504 6492/6492/6492 6491/6491/6491
f 6501/6501/6501 6505/6505/6505 6506/6506/6506
f 6501/6501/6501 6506/6506/6506 6488/6488/6488
f 6502/6502/6502 6501/6501/6501 6488/6488/6488
f 6502/6502/6502 6488/6488/6488 6487/6487/6487
f 6489/6489/6489 6507/6507/6507 6508/6508/6508
f 6489/6489/6489 6508/6508/6508 6495/6495/6495
f 6501/6501/6501 6500/6500/6500 6505/6505/6505
f 6488/6488/6488 6506/6506/6506 6507/6507/6507
f 6488/6488/6488 6507/6507/6507 6489/6489/6489
f 6495/6495/6495 6497/6497/6497 6504/6504/6504
f 6495/6495/6495 6504/6504/6504 6496/6496/6496
f 6508/6508/6508 6498/6498/6498 6497/6497/6497
f 6508/6508/6508 6497/6497/6497 6495/6495/6495
f 6509/6509/6509 6510/6510/6510 6511/6511/6511
f 6509/6509/6509 6511/6511/6511 6512/6512/6512
f 6513/6513/6513 6514/6514/6514 6515/6515/6515
f 6513/6513/6513 6515/6515/6515 6516/6516/6516
f 6512/6512/6512 6511/6511/6511 6517/6517/6517
f 6512/6512/6512 6517/6517/6517 6518/6518/6518
f 6519/6519/6519 6520/6520/6520 6521/6521/6521
f 6519/6519/6519 6521/6521/6521 6514/6514/6514
f 6522/6522/6522 6523/6523/6523 6524/6524/6524
f 6514/6514/6514 6521/6521/6521 6525/6525/6525
f 6514/6514/6514 6525/6525/6525 6515/6515/6515
f 6526/6526/6526 6519/6519/6519 6514/6514/6514
f 6526/6526/6526 6514/6514/6514 6513/6513/6513
f 6523/6523/6523 6527/6527/6527 6528/6528/6528
f 6523/6523/6523 6528/6528/6528 6510/6510/6510
f 6524/6524/6524 6523/6523/6523 6510/6510/6510
f 6524/6524/6524 6510/6510/6510 6509/6509/6509
f 6511/6511/6511 6529/6529/6529 6530/6530/6530
f 6511/6511/6511 6530/6530/6530 6517/6517/6517
f 6523/6523/6523 6522/6522/6522 6527/6527/6527
f 6510/6510/6510 6528/6528/6528 6529/6529/6529
f 6510/6510/6510 6529/6529/6529 6511/6511/6511
f 6517/6517/6517 6519/6519/6519 6526/6526/6526
f 6517/6517/6517 6526/6526/6526 6518/6518/6518
f 6530/6530/6530 6520/6520/6520 6519/6519/6519
f 6530/6530/6530 6519/6519/6519 6517/6517/6517
f 6531/6531/6531 6532/6532/6532 6533/6533/6533
f 6531/6531/6531 6533/6533/6533 6534/6534/6534
f 6535/6535/6535 6536/6536/6536 6537/6537/6537
f 6535/6535/6535 6537/6537/6537 6538/6538/6538
f 6534/6534/6534 6533/6533/6533 6539/6539/6539
f 6534/6534/6534 6539/6539/6539 6540/6540/6540
f 6541/6541/6541 6542/6542/6542 6543/6543/6543
f 6541/6541/6541 6543/6543/6543 6536/6536/6536
f 6544/6544/6544 6545/6545/6545 6546/6546/6546
f 6536/6536/6536 6543/6543/6543 6547/6547/6547
f 6536/6536/6536 6547/6547/6547 6537/6537/6537
f 6548/6548/6548 6541/6541/6541 6536/6536/6536
f 6548/6548/6548 6536/6536/6536 6535/6535/6535
f 6545/6545/6545 6549/6549/6549 6550/6550/6550
f 6545/6545/6545 6550/6550/6550 6532/6532/6532
f 6546/6546/6546 6545/6545/6545 6532/6532/6532
f 6546/6546/6546 6532/6532/6532 6531/6531/6531
f 6533/6533/6533 6551/6551/6551 6552/6552/6552
f 6533/6533/6533 6552/6552/6552 6539/6539/6539
f 6545/6545/6545 6544/6544/6544 6549/6549/6549
f 6532/6532/6532 6550/6550/6550 6551/6551/6551
f 6532/6532/6532 6551/6551/6551 6533/6533/6533
f 6539/6539/6539 6541/6541/6541 6548/6548/6548
f 6539/6539/6539 6548/6548/6548 6540/6540/6540
f 6552/6552/6552 6542/6542/6542 6541/6541/6541
f 6552/6552/6552 6541/6541/6541 6539/6539/6539
f 6553/6553/6553 6554/6554/6554 6555/6555/6555
f 6553/6553/6553 6555/6555/6555 6556/6556/6556
f 6557/6557/6557 6558/6558/6558 6559/6559/6559
f 6557/6557/6557 6559/6559/6559 6560/6560/6560
f 6554/6554/6554 6561/6561/6561 6562/6562/6562
f 6554/6554/6554 6562/6562/6562 6555/6555/6555
f 6563/6563/6563 6560/6560/6560 6564/6564/6564
f 6563/6563/6563 6564/6564/6564 6565/6565/6565
f 6566/6566/6566 6567/6567/6567 6568/6568/6568
f 6560/6560/6560 6559/6559/6559 6569/6569/6569
f 6560/6560/6560 6569/6569/6569 6564/6564/6564
f 6570/6570/6570 6557/6557/6557 6560/6560/6560
f 6570/6570/6570 6560/6560/6560 6563/6563/6563
f 6568/6568/6568 6556/6556/6556 6571/6571/6571
f 6568/6568/6568 6571/6571/6571 6572/6572/6572
f 6567/6567/6567 6553/6553/6553 6556/6556/6556
f 6567/6567/6567 6556/6556/6556 6568/6568/6568
f 6555/6555/6555 6562/6562/6562 6573/6573/6573
f 6555/6555/6555 6573/6573/6573 6574/6574/6574
f 6568/6568/6568 6572/6572/6572 6566/6566/6566
f 6556/6556/6556 6555/6555/6555 6574/6574/6574
f 6556/6556/6556 6574/6574/6574 6571/6571/6571
f 6562/6562/6562 6561/6561/6561 6570/6570/6570
f 6562/6562/6562 6570/6570/6570 6563/6563/6563
f 6573/6573/6573 6562/6562/6562 6563/6563/6563
f 6573/6573/6573 6563/6563/6563 6565/6565/6565
f 6575/6575/6575 6576/6576/6576 6577/6577/6577
f 6575/6575/6575 6577/6577/6577 6578/6578/6578
f 6579/6579/6579 6580/6580/6580 6581/6581/6581
f 6579/6579/6579 6581/6581/6581 6582/6582/6582
f 6578/6578/6578 6577/6577/6577 6583/6583/6583
f 6578/6578/6578 6583/6583/6583 6584/6584/6584
f 6585/6585/6585 6586/6586/6586 6587/6587/6587
f 6585/6585/6585 6587/6587/6587 6580/6580/6580
f 6588/6588/6588 6589/6589/6589 6590/6590/6590
f 6580/6580/6580 6587/6587/6587 6591/6591/6591
f 6580/6580/6580 6591/6591/6591 6581/6581/6581
f 6592/6592/6592 6585/6585/6585 6580/6580/6580
f 6592/6592/6592 6580/6580/6580 6579/6579/6579
f 6589/6589/6589 6593/6593/6593 6594/6594/6594
f 6589/6589/6589 6594/6594/6594 6576/6576/6576
f 6590/6590/6590 6589/6589/6589 6576/6576/6576
f 6590/6590/6590 6576/6576/6576 6575/6575/6575
f 6577/6577/6577 6595/6595/6595 6596/6596/6596
f 6577/6577/6577 6596/6596/6596 6583/6583/6583
f 6589/6589/6589 6588/6588/6588 6593/6593/6593
f 6576/6576/6576 6594/6594/6594 6595/6595/6595
f 6576/6576/6576 6595/6595/6595 6577/6577/6577
f 6583/6583/6583 6585/6585/6585 6592/6592/6592
f 6583/6583/6583 6592/6592/6592 6584/6584/6584
f 6596/6596/6596 6586/6586/6586 6585/6585/6585
f 6596/6596/6596 6585/6585/6585 6583/6583/6583
f 6597/6597/6597 6598/6598/6598 6599/6599/6599
f 6597/6597/6597 6599/6599/6599 6600/6600/6600
f 6601/6601/6601 6602/6602/6602 6603/6603/6603
f 6601/6601/6601 6603/6603/6603 6604/6604/6604
f 6600/6600/6600 6599/6599/6599 6605/6605/6605
f 6600/6600/6600 6605/6605/6605 6606/6606/6606
f 6607/6607/6607 6608/6608/6608 6609/6609/6609
f 6607/6607/6607 6609/6609/6609 6602/6602/6602
f 6610/6610/6610 6611/6611/6611 6612/6612/6612
f 6602/6602/6602 6609/6609/6609 6613/6613/6613
f 6602/6602/6602 6613/6613/6613 6603/6603/6603
f 6614/6614/6614 6607/6607/6607 6602/6602/6602
f 6614/6614/6614 6602/6602/6602 6601/6601/6601
f 6611/6611/6611 6615/6615/6615 6616/6616/6616
f 6611/6611/6611 6616/6616/6616 6598/6598/6598
f 6612/6612/6612 6611/6611/6611 6598/6598/6598
f 6612/6612/6612 6598/6598/6598 6597/6597/6597
f 6599/6599/6599 6617/6617/6617 6618/6618/6618
f 6599/6599/6599 6618/6618/6618 6605/6605/6605
f 6611/6611/6611 6610/6610/6610 6615/6615/6615
f 6598/6598/6598 6616/6616/6616 6617/6617/6617
f 6598/6598/6598 6617/6617/6617 6599/6599/6599
f 6605/6605/6605 6607/6607/6607 6614/6614/6614
f 6605/6605/6605 6614/6614/6614 6606/6606/6606
f 6618/6618/6618 6608/6608/6608 6607/6607/6607
f 6618/6618/6618 6607/6607/6607 6605/6605/6605
f 6619/6619/6619 6620/6620/6620 6621/6621/6621
f 6619/6619/6619 6621/6621/6621 6622/6622/6622
f 6623/6623/6623 6624/6624/6624 6625/6625/6625
f 6623/6623/6623 6625/6625/6625 6626/6626/6626
f 6622/6622/6622 6621/6621/6621 6627/6627/6627
f 6622/6622/6622 6627/6627/6627 6628/6628/6628
f 6629/6629/6629 6630/6630/6630 6631/6631/6631
f 6629/6629/6629 6631/6631/6631 6624/6624/6624
f 6632/6632/6632 6633/6633/6633 6634/6634/6634
f 6624/6624/6624 6631/6631/6631 6635/6635/6635
f 6624/6624/6624 6635/6635/6635 6625/6625/6625
f 6636/6636/6636 6629/6629/6629 6624/6624/6624
f 6636/6636/6636 6624/6624/6624 6623/6623/6623
f 6633/6633/6633 6637/6637/6637 6638/6638/6638
f 6633/6633/6633 6638/6638/6638 6620/6620/6620
f 6634/6634/6634 6633/6633/6633 6620/6620/6620
f 6634/6634/6634 6620/6620/6620 6619/6619/6619
f 6621/6621/6621 6639/6639/6639 6640/6640/6640
f 6621/6621/6621 6640/6640/6640 6627/6627/6627
f 6633/6633/6633 6632/6632/6632 6637/6637/6637
f 6620/6620/6620 6638/6638/6638 6639/6639/6639
f 6620/6620/6620 6639/6639/6639 6621/6621/6621
f 6627/6627/6627 6629/6629/6629 6636/6636/6636
f 6627/6627/6627 6636/6636/6636 6628/6628/6628
f 6640/6640/6640 6630/6630/6630 6629/6629/6629
f 6640/6640/6640 6629/6629/6629 6627/6627/6627
f 6641/6641/6641 6642/6642/6642 6643/6643/6643
f 6641/6641/6641 6643/6643/6643 6644/6644/6644
f 6645/6645/6645 6646/6646/6646 6647/6647/6647
f 6645/6645/6645 6647/6647/6647 6648/6648/6648
f 6644/6644/6644 6643/6643/6643 6649/6649/6649
f 6644/6644/6644 6649/6649/6649 6650/6650/6650
f 6651/6651/6651 6652/6652/6652 6653/6653/6653
f 6651/6651/6651 6653/6653/6653 6646/6646/6646
f 6654/6654/6654 6655/6655/6655 6656/6656/6656
f 6646/6646/6646 6653/6653/6653 6657/6657/6657
f 6646/6646/6646 6657/6657/6657 6647/6647/6647
f 6658/6658/6658 6651/6651/6651 6646/6646/6646
f 6658/6658/6658 6646/6646/6646 6645/6645/6645
f 6655/6655/6655 6659/6659/6659 6660/6660/6660
f 6655/6655/6655 6660/6660/6660 6642/6642/6642
f 6656/6656/6656 6655/6655/6655 6642/6642/6642
f 6656/6656/6656 6642/6642/6642 6641/6641/6641
f 6643/6643/6643 6661/6661/6661 6662/6662/6662
f 6643/6643/6643 6662/6662/6662 6649/6649/6649
f 6655/6655/6655 6654/6654/6654 6659/6659/6659
f 6642/6642/6642 6660/6660/6660 6661/6661/6661
f 6642/6642/6642 6661/6661/6661 6643/6643/6643
f 6649/6649/6649 6651/6651/6651 6658/6658/6658
f 6649/6649/6649 6658/6658/6658 6650/6650/6650
f 6662/6662/6662 6652/6652/6652 6651/6651/6651
f 6662/6662/6662 6651/6651/6651 6649/6649/6649
f 6663/6663/6663 6664/6664/6664 6665/6665/6665
f 6663/6663/6663 6665/6665/6665 6666/6666/6666
f 6667/6667/6667 6668/6668/6668 6669/6669/6669
f 6667/6667/6667 6669/6669/6669 6670/6670/6670
f 6664/6664/6664 6671/6671/6671 6672/6672/6672
f 6664/6664/6664 6672/6672/6672 6665/6665/6665
f 6673/6673/6673 6670/6670/6670 6674/6674/6674
f 6673/6673/6673 6674/6674/6674 6675/6675/6675
f 6676/6676/6676 6677/6677/6677 6678/6678/6678
f 6670/6670/6670 6669/6669/6669 6679/6679/6679
f 6670/6670/6670 6679/6679/6679 6674/6674/6674
f 6680/6680/6680 6667/6667/6667 6670/6670/6670
f 6680/6680/6680 6670/6670/6670 6673/6673/6673
f 6678/6678/6678 6666/6666/6666 6681/6681/6681
f 6678/6678/6678 6681/6681/6681 6682/6682/6682
f 6677/6677/6677 6663/6663/6663 6666/6666/6666
f 6677/6677/6677 6666/6666/6666 6678/6678/6678
f 6665/6665/6665 6672/6672/6672 6683/6683/6683
f 6665/6665/6665 6683/6683/6683 6684/6684/6684
f 6678/6678/6678 6682/6682/6682 6676/6676/6676
f 6666/6666/6666 6665/6665/6665 6684/6684/6684
f 6666/6666/6666 6684/6684/6684 6681/6681/6681
f 6672/6672/6672 6671/6671/6671 6680/6680/6680
f 6672/6672/6672 6680/6680/6680 6673/6673/6673
f 6683/6683/6683 6672/6672/6672 6673/6673/6673
f 6683/6683/6683 6673/6673/6673 6675/6675/6675
f 6685/6685/6685 6686/6686/6686 6687/6687/6687
f 6685/6685/6685 6687/6687/6687 6688/6688/6688
f 6689/6689/6689 6690/6690/6690 6691/6691/6691
f 6689/6689/6689 6691/6691/6691 6692/6692/6692
f 6688/6688/6688 6687/6687/6687 6693/6693/6693
f 6688/6688/6688 6693/6693/6693 6694/6694/6694
f 6695/6695/6695 6696/6696/6696 6697/6697/6697
f 6695/6695/6695 6697/6697/6697 6690/6690/6690
f 6698/6698/6698 6699/6699/6699 6700/6700/6700
f 6690/6690/6690 6697/6697/6697 6701/6701/6701
f 6690/6690/6690 6701/6701/6701 6691/6691/6691
f 6702/6702/6702 6695/6695/6695 6690/6690/6690
f 6702/6702/6702 6690/6690/6690 6689/6689/6689
f 6699/6699/6699 6703/6703/6703 6704/6704/6704
f 6699/6699/6699 6704/6704/6704 6686/6686/6686
f 6700/6700/6700 6699/6699/6699 6686/6686/6686
f 6700/6700/6700 6686/6686/6686 6685/6685/6685
f 6687/6687/6687 6705/6705/6705 6706/6706/6706
f 6687/6687/6687 6706/6706/6706 6693/6693/6693
f 6699/6699/6699 6698/6698/6698 6703/6703/6703
f 6686/6686/6686 6704/6704/6704 6705/6705/6705
f 6686/6686/6686 6705/6705/6705 6687/6687/6687
f 6693/6693/6693 6695/6695/6695 6702/6702/6702
f 6693/6693/6693 6702/6702/6702 6694/6694/6694
f 6706/6706/6706 6696/6696/6696 6695/6695/6695
f 6706/6706/6706 6695/6695/6695 6693/6693/6693
f 6707/6707/6707 6708/6708/6708 6709/6709/6709
f 6707/6707/6707 6709/6709/6709 6710/6710/6710
f 6711/6711/6711 6712/6712/6712 6713/6713/6713
f 6711/6711/6711 6713/6713/6713 6714/6714/6714
f 6710/6710/6710 6709/6709/6709 6715/6715/6715
f 6710/6710/6710 6715/6715/6715 6716/6716/6716
f 6717/6717/6717 6718/6718/6718 6719/6719/6719
f 6717/6717/6717 6719/6719/6719 6712/6712/6712
f 6720/6720/6720 6721/6721/6721 6722/6722/6722
f 6712/6712/6712 6719/6719/6719 6723/6723/6723
f 6712/6712/6712 6723/6723/6723 6713/6713/6713
f 6724/6724/6724 6717/6717/6717 6712/6712/6712
f 6724/6724/6724 6712/6712/6712 6711/6711/6711
f 6721/6721/6721 6725/6725/6725 6726/6726/6726
f 6721/6721/6721 6726/6726/6726 6708/6708/6708
f 6722/6722/6722 6721/6721/6721 6708/6708/6708
f 6722/6722/6722 6708/6708/6708 6707/6707/6707
f 6709/6709/6709 6727/6727/6727 6728/6728/6728
f 6709/6709/6709 6728/6728/6728 6715/6715/6715
f 6721/6721/6721 6720/6720/6720 6725/6725/6725
f 6708/6708/6708 6726/6726/6726 6727/6727/6727
f 6708/6708/6708 6727/6727/6727 6709/6709/6709
f 6715/6715/6715 6717/6717/6717 6724/6724/6724
f 6715/6715/6715 6724/6724/6724 6716/6716/6716
f 6728/6728/6728 6718/6718/6718 6717/6717/6717
f 6728/6728/6728 6717/6717/6717 6715/6715/6715
f 6729/6729/6729 6730/6730/6730 6731/6731/6731
f 6729/6729/6729 6731/6731/6731 6732/6732/6732
f 6733/6733/6733 6734/6734/6734 6735/6735/6735
f 6733/6733/6733 6735/6735/6735 6736/6736/6736
f 6732/6732/6732 6731/6731/6731 6737/6737/6737
f 6732/6732/6732 6737/6737/6737 6738/6738/6738
f 6739/6739/6739 6740/6740/6740 6741/6741/6741
f 6739/6739/6739 6741/6741/6741 6734/6734/6734
f 6742/6742/6742 6743/6743/6743 6744/6744/6744
f 6734/6734/6734 6741/6741/6741 6745/6745/6745
f 6734/6734/6734 6745/6745/6745 6735/6735/6735
f 6746/6746/6746 6739/6739/6739 6734/6734/6734
f 6746/6746/6746 6734/6734/6734 6733/6733/6733
f 6743/6743/6743 6747/6747/6747 6748/6748/6748
f 6743/6743/6743 6748/6748/6748 6730/6730/6730
f 6744/6744/6744 6743/6743/6743 6730/6730/6730
f 6744/6744/6744 6730/6730/6730 6729/6729/6729
f 6731/6731/6731 6749/6749/6749 6750/6750/6750
f 6731/6731/6731 6750/6750/6750 6737/6737/6737
f 6743/6743/6743 6742/6742/6742 6747/6747/6747
f 6730/6730/6730 6748/6748/6748 6749/6749/6749
f 6730/6730/6730 6749/6749/6749 6731/6731/6731
f 6737/6737/6737 6739/6739/6739 6746/6746/6746
f 6737/6737/6737 6746/6746/6746 6738/6738/6738
f 6750/6750/6750 6740/6740/6740 6739/6739/6739
f 6750/6750/6750 6739/6739/6739 6737/6737/6737
f 6751/6751/6751 6752/6752/6752 6753/6753/6753
f 6751/6751/6751 6753/6753/6753 6754/6754/6754
f 6755/6755/6755 6756/6756/6756 6757/6757/6757
f 6755/6755/6755 6757/6757/6757 6758/6758/6758
f 6754/6754/6754 6753/6753/6753 6759/6759/6759
f 6754/6754/6754 6759/6759/6759 6760/6760/6760
f 6761/6761/6761 6762/6762/6762 6763/6763/6763
f 6761/6761/6761 6763/6763/6763 6756/6756/6756
f 6764/6764/6764 6765/6765/6765 6766/6766/6766
f 6756/6756/6756 6763/6763/6763 6767/6767/6767
f 6756/6756/6756 6767/6767/6767 6757/6757/6757
f 6768/6768/6768 6761/6761/6761 6756/6756/6756
f 6768/6768/6768 6756/6756/6756 6755/6755/6755
f 6765/6765/6765 6769/6769/6769 6770/6770/6770
f 6765/6765/6765 6770/6770/6770 6752/6752/6752
f 6766/6766/6766 6765/6765/6765 6752/6752/6752
f 6766/6766/6766 6752/6752/6752 6751/6751/6751
f 6753/6753/6753 6771/6771/6771 6772/6772/6772
f 6753/6753/6753 6772/6772/6772 6759/6759/6759
f 6765/6765/6765 6764/6764/6764 6769/6769/6769
f 6752/6752/6752 6770/6770/6770 6771/6771/6771
f 6752/6752/6752 6771/6771/6771 6753/6753/6753
f 6759/6759/6759 6761/6761/6761 6768/6768/6768
f 6759/6759/6759 6768/6768/6768 6760/6760/6760
f 6772/6772/6772 6762/6762/6762 6761/6761/6761
f 6772/6772/6772 6761/6761/6761 6759/6759/6759
f 6773/6773/6773 6774/6774/6774 6775/6775/6775
f 6773/6773/6773 6775/6775/6775 6776/6776/6776
f 6777/6777/6777 6778/6778/6778 6779/6779/6779
f 6777/6777/6777 6779/6779/6779 6780/6780/6780
f 6774/6774/6774 6781/6781/6781 6782/6782/6782
f 6774/6774/6774 6782/6782/6782 6775/6775/6775
f 6783/6783/6783 6780/6780/6780 6784/6784/6784
f 6783/6783/6783 6784/6784/6784 6785/6785/6785
f 6786/6786/6786 6787/6787/6787 6788/6788/6788
f 6780/6780/6780 6779/6779/6779 6789/6789/6789
f 6780/6780/6780 6789/6789/6789 6784/6784/6784
f 6790/6790/6790 6777/6777/6777 6780/6780/6780
f 6790/6790/6790 6780/6780/6780 6783/6783/6783
f 6788/6788/6788 6776/6776/6776 6791/6791/6791
f 6788/6788/6788 6791/6791/6791 6792/6792/6792
f 6787/6787/6787 6773/6773/6773 6776/6776/6776
f 6787/6787/6787 6776/6776/6776 6788/6788/6788
f 6775/6775/6775 6782/6782/6782 6793/6793/6793
f 6775/6775/6775 6793/6793/6793 6794/6794/6794
f 6788/6788/6788 6792/6792/6792 6786/6786/6786
f 6776/6776/6776 6775/6775/6775 6794/6794/6794
f 6776/6776/6776 6794/6794/6794 6791/6791/6791
f 6782/6782/6782 6781/6781/6781 6790/6790/6790
f 6782/6782/6782 6790/6790/6790 6783/6783/6783
f 6793/6793/6793 6782/6782/6782 6783/6783/6783
f 6793/6793/6793 6783/6783/6783 6785/6785/6785
f 6795/6795/6795 6796/6796/6796 6797/6797/6797
f 6795/6795/6795 6797/6797/6797 6798/6798/6798
f 6799/6799/6799 6800/6800/6800 6801/6801/6801
f 6799/6799/6799 6801/6801/6801 6802/6802/6802
f 6798/6798/6798 6797/6797/6797 6803/6803/6803
f 6798/6798/6798 6803/6803/6803 6804/6804/6804
f 6805/6805/6805 6806/6806/6806 6807/6807/6807
f 6805/6805/6805 6807/6807/6807 6800/6800/6800
f 6808/6808/6808 6809/6809/6809 6810/6810/6810
f 6800/6800/6800 6807/6807/6807 6811/6811/6811
f 6800/6800/6800 6811/6811/6811 6801/6801/6801
f 6812/6812/6812 6805/6805/6805 6800/6800/6800
f 6812/6812/6812 6800/6800/6800 6799/6799/6799
f 6809/6809/6809 6813/6813/6813 6814/6814/6814
f 6809/6809/6809 6814/6814/6814 6796/6796/6796
f 6810/6810/6810 6809/6809/6809 6796/6796/6796
f 6810/6810/6810 6796/6796/6796 6795/6795/6795
f 6797/6797/6797 6815/6815/6815 6816/6816/6816
f 6797/6797/6797 6816/6816/6816 6803/6803/6803
f 6809/6809/6809 6808/6808/6808 6813/6813/6813
f 6796/6796/6796 6814/6814/6814 6815/6815/6815
f 6796/6796/6796 6815/6815/6815 6797/6797/6797
f 6803/6803/6803 6805/6805/6805 6812/6812/6812
f 6803/6803/6803 6812/6812/6812 6804/6804/6804
f 6816/6816/6816 6806/6806/6806 6805/6805/6805
f 6816/6816/6816 6805/6805/6805 6803/6803/6803
f 6817/6817/6817 6818/6818/6818 6819/6819/6819
f 6817/6817/6817 6819/6819/6819 6820/6820/6820
f 6821/6821/6821 6822/6822/6822 6823/6823/6823
f 6821/6821/6821 6823/6823/6823 6824/6824/6824
f 6820/6820/6820 6819/6819/6819 6825/6825/6825
f 6820/6820/6820 6825/6825/6825 6826/6826/6826
f 6827/6827/6827 6828/6828/6828 6829/6829/6829
f 6827/6827/6827 6829/6829/6829 6822/6822/6822
f 6830/6830/6830 6831/6831/6831 6832/6832/6832
f 6822/6822/6822 6829/6829/6829 6833/6833/6833
f 6822/6822/6822 6833/6833/6833 6823/6823/6823
f 6834/6834/6834 6827/6827/6827 6822/6822/6822
f 6834/6834/6834 6822/6822/6822 6821/6821/6821
f 6831/6831/6831 6835/6835/6835 6836/6836/6836
f 6831/6831/6831 6836/6836/6836 6818/6818/6818
f 6832/6832/6832 6831/6831/6831 6818/6818/6818
f 6832/6832/6832 6818/6818/6818 6817/6817/6817
f 6819/6819/6819 6837/6837/6837 6838/6838/6838
f 6819/6819/6819 6838/6838/6838 6825/6825/6825
f 6831/6831/6831 6830/6830/6830 6835/6835/6835
f 6818/6818/6818 6836/6836/6836 6837/6837/6837
f 6818/6818/6818 6837/6837/6837 6819/6819/6819
f 6825/6825/6825 6827/6827/6827 6834/6834/6834
f 6825/6825/6825 6834/6834/6834 6826/6826/6826
f 6838/6838/6838 6828/6828/6828 6827/6827/6827
f 6838/6838/6838 6827/6827/6827 6825/6825/6825
f 6839/6839/6839 6840/6840/6840 6841/6841/6841
f 6839/6839/6839 6841/6841/6841 6842/6842/6842
f 6843/6843/6843 6844/6844/6844 6845/6845/6845
f 6843/6843/6843 6845/6845/6845 6846/6846/6846
f 6842/6842/6842 6841/6841/6841 6847/6847/6847
f 6842/6842/6842 6847/6847/6847 6848/6848/6848
f 6849/6849/6849 6850/6850/6850 6851/6851/6851
f 6849/6849/6849 6851/6851/6851 6844/6844/6844
f 6852/6852/6852 6853/6853/6853 6854/6854/6854
f 6844/6844/6844 6851/6851/6851 6855/6855/6855
f 6844/6844/6844 6855/6855/6855 6845/6845/6845
f 6856/6856/6856 6849/6849/6849 6844/6844/6844
f 6856/6856/6856 6844/6844/6844 6843/6843/6843
f 6853/6853/6853 6857/6857/6857 6858/6858/6858
f 6853/6853/6853 6858/6858/6858 6840/6840/6840
f 6854/6854/6854 6853/6853/6853 6840/6840/6840
f 6854/6854/6854 6840/6840/6840 6839/6839/6839
f 6841/6841/6841 6859/6859/6859 6860/6860/6860
f 6841/6841/6841 6860/6860/6860 6847/6847/6847
f 6853/6853/6853 6852/6852/6852 6857/6857/6857
f 6840/6840/6840 6858/6858/6858 6859/6859/6859
f 6840/6840/6840 6859/6859/6859 6841/6841/6841
f 6847/6847/6847 6849/6849/6849 6856/6856/6856
f 6847/6847/6847 6856/6856/6856 6848/6848/6848
f 6860/6860/6860 6850/6850/6850 6849/6849/6849
f 6860/6860/6860 6849/6849/6849 6847/6847/6847
f 6861/6861/6861 6862/6862/6862 6863/6863/6863
f 6861/6861/6861 6863/6863/6863 6864/6864/6864
f 6865/6865/6865 6866/6866/6866 6867/6867/6867
f 6865/6865/6865 6867/6867/6867 6868/6868/6868
f 6864/6864/6864 6863/6863/6863 6869/6869/6869
f 6864/6864/6864 6869/6869/6869 6870/6870/6870
f 6871/6871/6871 6872/6872/6872 6873/6873/6873
f 6871/6871/6871 6873/6873/6873 6866/6866/6866
f 6874/6874/6874 6875/6875/6875 6876/6876/6876
f 6866/6866/6866 6873/6873/6873 6877/6877/6877
f 6866/6866/6866 6877/6877/6877 6867/6867/6867
f 6878/6878/6878 6871/6871/6871 6866/6866/6866
f 6878/6878/6878 6866/6866/6866 6865/6865/6865
f 6875/6875/6875 6879/6879/6879 6880/6880/6880
f 6875/6875/6875 6880/6880/6880 6862/6862/6862
f 6876/6876/6876 6875/6875/6875 6862/6862/6862
f 6876/6876/6876 6862/6862/6862 6861/6861/6861
f 6863/6863/6863 6881/6881/6881 6882/6882/6882
f 6863/6863/6863 6882/6882/6882 6869/6869/6869
f 6875/6875/6875 6874/6874/6874 6879/6879/6879
f 6862/6862/6862 6880/6880/6880 6881/6881/6881
f 6862/6862/6862 6881/6881/6881 6863/6863/6863
f 6869/6869/6869 6871/6871/6871 6878/6878/6878
f 6869/6869/6869 6878/6878/6878 6870/6870/6870
f 6882/6882/6882 6872/6872/6872 6871/6871/6871
f 6882/6882/6882 6871/6871/6871 6869/6869/6869
f 6883/6883/6883 6884/6884/6884 6885/6885/6885
f 6883/6883/6883 6885/6885/6885 6886/6886/6886
f 6887/6887/6887 6888/6888/6888 6889/6889/6889
f 6887/6887/6887 6889/6889/6889 6890/6890/6890
f 6884/6884/6884 6891/6891/6891 6892/6892/6892
f 6884/6884/6884 6892/6892/6892 6885/6885/6885
f 6893/6893/6893 6890/6890/6890 6894/6894/6894
f 6893/6893/6893 6894/6894/6894 6895/6895/6895
f 6896/6896/6896 6897/6897/6897 6898/6898/6898
f 6890/6890/6890 6889/6889/6889 6899/6899/6899
f 6890/6890/6890 6899/6899/6899 6894/6894/6894
f 6900/6900/6900 6887/6887/6887 6890/6890/6890
f 6900/6900/6900 6890/6890/6890 6893/6893/6893
f 6898/6898/6898 6886/6886/6886 6901/6901/6901
f 6898/6898/6898 6901/6901/6901 6902/6902/6902
f 6897/6897/6897 6883/6883/6883 6886/6886/6886
f 6897/6897/6897 6886/6886/6886 6898/6898/6898
f 6885/6885/6885 6892/6892/6892 6903/6903/6903
f 6885/6885/6885 6903/6903/6903 6904/6904/6904
f 6898/6898/6898 6902/6902/6902 6896/6896/6896
f 6886/6886/6886 6885/6885/6885 6904/6904/6904
f 6886/6886/6886 6904/6904/6904 6901/6901/6901
f 6892/6892/6892 6891/6891/6891 6900/6900/6900
f 6892/6892/6892 6900/6900/6900 6893/6893/6893
f 6903/6903/6903 6892/6892/6892 6893/6893/6893
f 6903/6903/6903 6893/6893/6893 6895/6895/6895
f 6905/6905/6905 6906/6906/6906 6907/6907/6907
f 6905/6905/6905 6907/6907/6907 6908/6908/6908
f 6909/6909/6909 6910/6910/6910 6911/6911/6911
f 6909/6909/6909 6911/6911/6911 6912/6912/6912
f 6908/6908/6908 6907/6907/6907 6913/6913/6913
f 6908/6908/6908 6913/6913/6913 6914/6914/6914
f 6915/6915/6915 6916/6916/6916 6917/6917/6917
f 6915/6915/6915 6917/6917/6917 6910/6910/6910
f 6918/6918/6918 6919/6919/6919 6920/6920/6920
f 6910/6910/6910 6917/6917/6917 6921/6921/6921
f 6910/6910/6910 6921/6921/6921 6911/6911/6911
f 6922/6922/6922 6915/6915/6915 6910/6910/6910
f 6922/6922/6922 6910/6910/6910 6909/6909/6909
f 6919/6919/6919 6923/6923/6923 6924/6924/6924
f 6919/6919/6919 6924/6924/6924 6906/6906/6906
f 6920/6920/6920 6919/6919/6919 6906/6906/6906
f 6920/6920/6920 6906/6906/6906 6905/6905/6905
f 6907/6907/6907 6925/6925/6925 6926/6926/6926
f 6907/6907/6907 6926/6926/6926 6913/6913/6913
f 6919/6919/6919 6918/6918/6918 6923/6923/6923
f 6906/6906/6906 6924/6924/6924 6925/6925/6925
f 6906/6906/6906 6925/6925/6925 6907/6907/6907
f 6913/6913/6913 6915/6915/6915 6922/6922/6922
f 6913/6913/6913 6922/6922/6922 6914/6914/6914
f 6926/6926/6926 6916/6916/6916 6915/6915/6915
f 6926/6926/6926 6915/6915/6915 6913/6913/6913
f 6927/6927/6927 6928/6928/6928 6929/6929/6929
f 6927/6927/6927 6929/6929/6929 6930/6930/6930
f 6931/6931/6931 6932/6932/6932 6933/6933/6933
f 6931/6931/6931 6933/6933/6933 6934/6934/6934
f 6930/6930/6930 6929/6929/6929 6935/6935/6935
f 6930/6930/6930 6935/6935/6935 6936/6936/6936
f 6937/6937/6937 6938/6938/6938 6939/6939/6939
f 6937/6937/6937 6939/6939/6939 6932/6932/6932
f 6940/6940/6940 6941/6941/6941 6942/6942/6942
f 6932/6932/6932 6939/6939/6939 6943/6943/6943
f 6932/6932/6932 6943/6943/6943 6933/6933/6933
f 6944/6944/6944 6937/6937/6937 6932/6932/6932
f 6944/6944/6944 6932/6932/6932 6931/6931/6931
f 6941/6941/6941 6945/6945/6945 6946/6946/6946
f 6941/6941/6941 6946/6946/6946 6928/6928/6928
f 6942/6942/6942 6941/6941/6941 6928/6928/6928
f 6942/6942/6942 6928/6928/6928 6927/6927/6927
f 6929/6929/6929 6947/6947/6947 6948/6948/6948
f 6929/6929/6929 6948/6948/6948 6935/6935/6935
f 6941/6941/6941 6940/6940/6940 6945/6945/6945
f 6928/6928/6928 6946/6946/6946 6947/6947/6947
f 6928/6928/6928 6947/6947/6947 6929/6929/6929
f 6935/6935/6935 6937/6937/6937 6944/6944/6944
f 6935/6935/6935 6944/6944/6944 6936/6936/6936
f 6948/6948/6948 6938/6938/6938 6937/6937/6937
f 6948/6948/6948 6937/6937/6937 6935/6935/6935
f 6949/6949/6949 6950/6950/6950 6951/6951/6951
f 6949/6949/6949 6951/6951/6951 6952/6952/6952
f 6953/6953/6953 6954/6954/6954 6955/6955/6955
f 6953/6953/6953 6955/6955/6955 6956/6956/6956
f 6952/6952/6952 6951/6951/6951 6957/6957/6957
f 6952/6952/6952 6957/6957/6957 6958/6958/6958
f 6959/6959/6959 6960/6960/6960 6961/6961/6961
f 6959/6959/6959 6961/6961/6961 6954/6954/6954
f 6962/6962/6962 6963/6963/6963 6964/6964/6964
f 6954/6954/6954 6961/6961/6961 6965/6965/6965
f 6954/6954/6954 6965/6965/6965 6955/6955/6955
f 6966/6966/6966 6959/6959/6959 6954/6954/6954
f 6966/6966/6966 6954/6954/6954 6953/6953/6953
f 6963/6963/6963 6967/6967/6967 6968/6968/6968
f 6963/6963/6963 6968/6968/6968 6950/6950/6950
f 6964/6964/6964 6963/6963/6963 6950/6950/6950
f 6964/6964/6964 6950/6950/6950 6949/6949/6949
f 6951/6951/6951 6969/6969/6969 6970/6970/6970
f 6951/6951/6951 6970/6970/6970 6957/6957/6957
f 6963/6963/6963 6962/6962/6962 6967/6967/6967
f 6950/6950/6950 6968/6968/6968 6969/6969/6969
f 6950/6950/6950 6969/6969/6969 6951/6951/6951
f 6957/6957/6957 6959/6959/6959 6966/6966/6966
f 6957/6957/6957 6966/6966/6966 6958/6958/6958
f 6970/6970/6970 6960/6960/6960 6959/6959/6959
f 6970/6970/6970 6959/6959/6959 6957/6957/6957
f 6971/6971/6971 6972/6972/6972 6973/6973/6973
f 6971/6971/6971 6973/6973/6973 6974/6974/6974
f 6975/6975/6975 6976/6976/6976 6977/6977/6977
f 6975/6975/6975 6977/6977/6977 6978/6978/6978
f 6974/6974/6974 6973/6973/6973 6979/6979/6979
f 6974/6974/6974 6979/6979/6979 6980/6980/6980
f 6981/6981/6981 6982/6982/6982 6983/6983/6983
f 6981/6981/6981 6983/6983/6983 6976/6976/6976
f 6984/6984/6984 6985/6985/6985 6986/6986/6986
f 6976/6976/6976 6983/6983/6983 6987/6987/6987
f 6976/6976/6976 6987/6987/6987 6977/6977/6977
f 6988/6988/6988 6981/6981/6981 6976/6976/6976
f 6988/6988/6988 6976/6976/6976 6975/6975/6975
f 6985/6985/6985 6989/6989/6989 6990/6990/6990
f 6985/6985/6985 6990/6990/6990 6972/6972/6972
f 6986/6986/6986 6985/6985/6985 6972/6972/6972
f 6986/6986/6986 6972/6972/6972 6971/6971/6971
f 6973/6973/6973 6991/6991/6991 6992/6992/6992
f 6973/6973/6973 6992/6992/6992 6979/6979/6979
f 6985/6985/6985 6984/6984/6984 6989/6989/6989
f 6972/6972/6972 6990/6990/6990 6991/6991/6991
f 6972/6972/6972 6991/6991/6991 6973/6973/6973
f 6979/6979/6979 6981/6981/6981 6988/6988/6988
f 6979/6979/6979 6988/6988/6988 6980/6980/6980
f 6992/6992/6992 6982/6982/6982 6981/6981/6981
f 6992/6992/6992 6981/6981/6981 6979/6979/6979
f 6993/6993/6993 6994/6994/6994 6995/6995/6995
f 6993/6993/6993 6995/6995/6995 6996/6996/6996
f 6997/6997/6997 6998/6998/6998 6999/6999/6999
f 6997/6997/6997 6999/6999/6999 7000/7000/7000
f 6994/6994/6994 7001/7001/7001 7002/7002/7002
f 6994/6994/6994 7002/7002/7002 6995/6995/6995
f 7003/7003/7003 7000/7000/7000 7004/7004/7004
f 7003/7003/7003 7004/7004/7004 7005/7005/7005
f 7006/7006/7006 7007/7007/7007 7008/7008/7008
f 7000/7000/7000 6999/6999/6999 7009/7009/7009
f 7000/7000/7000 7009/7009/7009 7004/7004/7004
f 7010/7010/7010 6997/6997/6997 7000/7000/7000
f 7010/7010/7010 7000/7000/7000 7003/7003/7003
f 7008/7008/7008 6996/6996/6996 7011/7011/7011
f 7008/7008/7008 7011/7011/7011 7012/7012/7012
f 7007/7007/7007 6993/6993/6993 6996/6996/6996
f 7007/7007/7007 6996/6996/6996 7008/7008/7008
f 6995/6995/6995 7002/7002/7002 7013/7013/7013
f 6995/6995/6995 7013/7013/7013 7014/7014/7014
f 7008/7008/7008 7012/7012/7012 7006/7006/7006
f 6996/6996/6996 6995/6995/6995 7014/7014/7014
f 6996/6996/6996 7014/7014/7014 7011/7011/7011
f 7002/7002/7002 7001/7001/7001 7010/7010/7010
f 7002/7002/7002 7010/7010/7010 7003/7003/7003
f 7013/7013/7013 7002/7002/7002 7003/7003/7003
f 7013/7013/7013 7003/7003/7003 7005/7005/7005
f 7015/7015/7015 7016/7016/7016 7017/7017/7017
f 7015/7015/7015 7017/7017/7017 7018/7018/7018
f 7019/7019/7019 7020/7020/7020 7021/7021/7021
f 7019/7019/7019 7021/7021/7021 7022/7022/7022
f 7018/7018/7018 7017/7017/7017 7023/7023/7023
f 7018/7018/7018 7023/7023/7023 7024/7024/7024
f 7025/7025/7025 7026/7026/7026 7027/7027/7027
f 7025/7025/7025 7027/7027/7027 7020/7020/7020
f 7028/7028/7028 7029/7029/7029 7030/7030/7030
f 7020/7020/7020 7027/7027/7027 7031/7031/7031
f 7020/7020/7020 7031/7031/7031 7021/7021/7021
f 7032/7032/7032 7025/7025/7025 7020/7020/7020
f 7032/7032/7032 7020/7020/7020 7019/7019/7019
f 7029/7029/7029 7033/7033/7033 7034/7034/7034
f 7029/7029/7029 7034/7034/7034 7016/7016/7016
f 7030/7030/7030 7029/7029/7029 7016/7016/7016
f 7030/7030/7030 7016/7016/7016 7015/7015/7015
f 7017/7017/7017 7035/7035/7035 7036/7036/7036
f 7017/7017/7017 7036/7036/7036 7023/7023/7023
f 7029/7029/7029 7028/7028/7028 7033/7033/7033
f 7016/7016/7016 7034/7034/7034 7035/7035/7035
f 7016/7016/7016 7035/7035/7035 7017/7017/7017
f 7023/7023/7023 7025/7025/7025 7032/7032/7032
f 7023/7023/7023 7032/7032/7032 7024/7024/7024
f 7036/7036/7036 7026/7026/7026 7025/7025/7025
f 7036/7036/7036 7025/7025/7025 7023/7023/7023
f 7037/7037/7037 7038/7038/7038 7039/7039/7039
f 7037/7037/7037 7039/7039/7039 7040/7040/7040
f 7041/7041/7041 7042/7042/7042 7043/7043/7043
f 7041/7041/7041 7043/7043/7043 7044/7044/7044
f 7040/7040/7040 7039/7039/7039 7045/7045/7045
f 7040/7040/7040 7045/7045/7045 7046/7046/7046
f 7047/7047/7047 7048/7048/7048 7049/7049/7049
f 7047/7047/7047 7049/7049/7049 7042/7042/7042
f 7050/7050/7050 7051/7051/7051 7052/7052/7052
f 7042/7042/7042 7049/7049/7049 7053/7053/7053
f 7042/7042/7042 7053/7053/7053 7043/7043/7043
f 7054/7054/7054 7047/7047/7047 7042/7042/7042
f 7054/7054/7054 7042/7042/7042 7041/7041/7041
f 7051/7051/7051 7055/7055/7055 7056/7056/7056
f 7051/7051/7051 7056/7056/7056 7038/7038/7038
f 7052/7052/7052 7051/7051/7051 7038/7038/7038
f 7052/7052/7052 7038/7038/7038 7037/7037/7037
f 7039/7039/7039 7057/7057/7057 7058/7058/7058
f 7039/7039/7039 7058/7058/7058 7045/7045/7045
f 7051/7051/7051 7050/7050/7050 7055/7055/7055
f 7038/7038/7038 7056/7056/7056 7057/7057/7057
f 7038/7038/7038 7057/7057/7057 7039/7039/7039
f 7045/7045/7045 7047/7047/7047 7054/7054/7054
f 7045/7045/7045 7054/7054/7054 7046/7046/7046
f 7058/7058/7058 7048/7048/7048 7047/7047/7047
f 7058/7058/7058 7047/7047/7047 7045/7045/7045
f 7059/7059/7059 7060/7060/7060 7061/7061/7061
f 7059/7059/7059 7061/7061/7061 7062/7062/7062
f 7063/7063/7063 7064/7064/7064 7065/7065/7065
f 7063/7063/7063 7065/7065/7065 7066/7066/7066
f 7062/7062/7062 7061/7061/7061 7067/7067/7067
f 7062/7062/7062 7067/7067/7067 7068/7068/7068
f 7069/7069/7069 7070/7070/7070 7071/7071/7071
f 7069/7069/7069 7071/7071/7071 7064/7064/7064
f 7072/7072/7072 7073/7073/7073 7074/7074/7074
f 7064/7064/7064 7071/7071/7071 7075/7075/7075
f 7064/7064/7064 7075/7075/7075 7065/7065/7065
f 7076/7076/7076 7069/7069/7069 7064/7064/7064
f 7076/7076/7076 7064/7064/7064 7063/7063/7063
f 7073/7073/7073 7077/7077/7077 7078/7078/7078
f 7073/7073/7073 7078/7078/7078 7060/7060/7060
f 7074/7074/7074 7073/7073/7073 7060/7060/7060
f 7074/7074/7074 7060/7060/7060 7059/7059/7059
f 7061/7061/7061 7079/7079/7079 7080/7080/7080
f 7061/7061/7061 7080/7080/7080 7067/7067/7067
f 7073/7073/7073 7072/7072/7072 7077/7077/7077
f 7060/7060/7060 7078/7078/7078 7079/7079/7079
f 7060/7060/7060 7079/7079/7079 7061/7061/7061
f 7067/7067/7067 7069/7069/7069 7076/7076/7076
f 7067/7067/7067 7076/7076/7076 7068/7068/7068
f 7080/7080/7080 7070/7070/7070 7069/7069/7069
f 7080/7080/7080 7069/7069/7069 7067/7067/7067
f 7081/7081/7081 7082/7082/7082 7083/7083/7083
f 7081/7081/7081 7083/7083/7083 7084/7084/7084
f 7085/7085/7085 7086/7086/7086 7087/7087/7087
f 7085/7085/7085 7087/7087/7087 7088/7088/7088
f 7084/7084/7084 7083/7083/7083 7089/7089/7089
f 7084/7084/7084 7089/7089/7089 7090/7090/7090
f 7091/7091/7091 7092/7092/7092 7093/7093/7093
f 7091/7091/7091 7093/7093/7093 7086/7086/7086
f 7094/7094/7094 7095/7095/7095 7096/7096/7096
f 7086/7086/7086 7093/7093/7093 7097/7097/7097
f 7086/7086/7086 7097/7097/7097 7087/7087/7087
f 7098/7098/7098 7091/7091/7091 7086/7086/7086
f 7098/7098/7098 7086/7086/7086 7085/7085/7085
f 7095/7095/7095 7099/7099/7099 7100/7100/7100
f 7095/7095/7095 7100/7100/7100 7082/7082/7082
f 7096/7096/7096 7095/7095/7095 7082/7082/7082
f 7096/7096/7096 7082/7082/7082 7081/7081/7081
f 7083/7083/7083 7101/7101/7101 7102/7102/7102
f 7083/7083/7083 7102/7102/7102 7089/7089/7089
f 7095/7095/7095 7094/7094/7094 7099/7099/7099
f 7082/7082/7082 7100/7100/7100 7101/7101/7101
f 7082/7082/7082 7101/7101/7101 7083/7083/7083
f 7089/7089/7089 7091/7091/7091 7098/7098/7098
f 7089/7089/7089 7098/7098/7098 7090/7090/7090
f 7102/7102/7102 7092/7092/7092 7091/7091/7091
f 7102/7102/7102 7091/7091/7091 7089/7089/7089
f 7103/7103/7103 7104/7104/7104 7105/7105/7105
f 7103/7103/7103 7105/7105/7105 7106/7106/7106
f 7107/7107/7107 7108/7108/7108 7109/7109/7109
f 7107/7107/7107 7109/7109/7109 7110/7110/7110
f 7104/7104/7104 7111/7111/7111 7112/7112/7112
f 7104/7104/7104 7112/7112/7112 7105/7105/7105
f 7113/7113/7113 7110/7110/7110 7114/7114/7114
f 7113/7113/7113 7114/7114/7114 7115/7115/7115
f 7116/7116/7116 7117/7117/7117 7118/7118/7118
f 7110/7110/7110 7109/7109/7109 7119/7119/7119
f 7110/7110/7110 7119/7119/7119 7114/7114/7114
f 7120/7120/7120 7107/7107/7107 7110/7110/7110
f 7120/7120/7120 7110/7110/7110 7113/7113/7113
f 7118/7118/7118 7106/7106/7106 7121/7121/7121
f 7118/7118/7118 7121/7121/7121 7122/7122/7122
f 7117/7117/7117 7103/7103/7103 7106/7106/7106
f 7117/7117/7117 7106/7106/7106 7118/7118/7118
f 7105/7105/7105 7112/7112/7112 7123/7123/7123
f 7105/7105/7105 7123/7123/7123 7124/7124/7124
f 7118/7118/7118 7122/7122/7122 7116/7116/7116
f 7106/7106/7106 7105/7105/7105 7124/7124/7124
f 7106/7106/7106 7124/7124/7124 7121/7121/7121
f 7112/7112/7112 7111/7111/7111 7120/7120/7120
f 7112/7112/7112 7120/7120/7120 7113/7113/7113
f 7123/7123/7123 7112/7112/7112 7113/7113/7113
f 7123/7123/7123 7113/7113/7113 7115/7115/7115
